# This file is brought to you by Roblox Corporation
# Generated by Roblox Studio

mtllib R6 Troll.mtl

g Handle1

v -37.2095 5.67753 18.6979 
v -37.1872 5.69139 18.6868 
v -37.1853 5.63544 18.675 
v -37.209 5.6225 18.6864 
v -37.1602 5.70184 18.703 
v -37.1602 5.6907 18.7562 
v -37.1569 5.63364 18.7442 
v -37.1569 5.64477 18.6911 
v -37.1853 5.61864 18.7552 
v -37.1872 5.67459 18.7669 
v -37.2095 5.66639 18.7511 
v -37.209 5.61136 18.7395 
v -37.2095 5.66639 18.7511 
v -37.2095 5.67753 18.6979 
v -37.209 5.61136 18.7395 
v -37.209 5.6225 18.6864 
v -37.1853 5.63544 18.675 
v -37.1853 5.61864 18.7552 
v -37.209 5.61136 18.7395 
v -37.226 5.69651 18.7627 
v -37.226 5.70977 18.6994 
v -37.2025 5.71032 18.7792 
v -37.226 5.69651 18.7627 
v -37.1742 5.74626 18.7071 
v -37.1742 5.733 18.7703 
v -37.226 5.70977 18.6994 
v -37.2025 5.72907 18.6898 
v -37.3212 5.76878 18.7725 
v -37.3629 5.77002 18.7728 
v -37.3629 5.78116 18.7197 
v -37.3212 5.77992 18.7194 
v -37.3212 5.76878 18.7725 
v -37.316 5.78991 18.7911 
v -37.3647 5.78697 18.7905 
v -37.3629 5.77002 18.7728 
v -37.3096 5.83273 18.7305 
v -37.3668 5.82476 18.7288 
v -37.3668 5.81362 18.7819 
v -37.3096 5.82159 18.7836 
v -37.3212 5.77992 18.7194 
v -37.3629 5.78116 18.7197 
v -37.3647 5.80377 18.7103 
v -37.316 5.80671 18.7109 
v -37.5033 5.67786 18.7535 
v -37.5333 5.63067 18.7436 
v -37.5333 5.64181 18.6905 
v -37.5033 5.689 18.7003 
v -37.5033 5.67786 18.7535 
v -37.5166 5.68756 18.7696 
v -37.5496 5.63769 18.7592 
v -37.5333 5.63067 18.7436 
v -37.5325 5.71663 18.7061 
v -37.5692 5.66352 18.695 
v -37.5692 5.65238 18.7481 
v -37.5325 5.70549 18.7593 
v -37.5033 5.689 18.7003 
v -37.5333 5.64181 18.6905 
v -37.5496 5.65449 18.679 
v -37.5166 5.70437 18.6895 
v -37.545 5.5331 18.7231 
v -37.5145 5.4448 18.7062 
v -37.5145 5.45594 18.6531 
v -37.545 5.54424 18.67 
v -37.545 5.5331 18.7231 
v -37.5698 5.52326 18.7352 
v -37.5415 5.43404 18.718 
v -37.5145 5.4448 18.7062 
v -37.5997 5.51766 18.7199 
v -37.5997 5.5288 18.6668 
v -37.5741 5.43846 18.6494 
v -37.5741 5.42732 18.7025 
v -37.545 5.54424 18.67 
v -37.5145 5.45594 18.6531 
v -37.5415 5.45084 18.6379 
v -37.5698 5.54007 18.655 
v -37.5521 5.58927 18.6794 
v -37.5718 5.59897 18.6674 
v -37.5954 5.6044 18.6826 
v -37.5954 5.59326 18.7357 
v -37.5521 5.57813 18.7326 
v -37.5718 5.58216 18.7475 
v -37.5521 5.57813 18.7326 
v -37.5521 5.58927 18.6794 
v -37.4046 5.76454 18.7162 
v -37.4603 5.7302 18.709 
v -37.4686 5.74862 18.6988 
v -37.4078 5.7861 18.7066 
v -37.4117 5.80582 18.7248 
v -37.4786 5.76457 18.7162 
v -37.4786 5.75343 18.7693 
v -37.4117 5.79468 18.778 
v -37.4046 5.7534 18.7693 
v -37.4078 5.7693 18.7868 
v -37.4686 5.73182 18.7789 
v -37.4603 5.71906 18.7621 
v -37.4046 5.7534 18.7693 
v -37.4603 5.71906 18.7621 
v -37.4603 5.7302 18.709 
v -37.4046 5.76454 18.7162 
v -37.2318 5.75946 18.701 
v -37.2551 5.73413 18.7098 
v -37.2871 5.76386 18.716 
v -37.2741 5.79131 18.7077 
v -37.2038 5.78373 18.7202 
v -37.2584 5.81812 18.7274 
v -37.2584 5.80698 18.7806 
v -37.2038 5.77259 18.7733 
v -37.2318 5.74266 18.7812 
v -37.2741 5.7745 18.7878 
v -37.2871 5.75271 18.7692 
v -37.2551 5.72298 18.7629 
v -37.2551 5.72298 18.7629 
v -37.2871 5.75271 18.7692 
v -37.2871 5.76386 18.716 
v -37.2551 5.73413 18.7098 
v -37.5698 5.54007 18.655 
v -37.5415 5.45084 18.6379 
v -37.5741 5.43846 18.6494 
v -37.5997 5.5288 18.6668 
v -37.5954 5.6044 18.6826 
v -37.5718 5.59897 18.6674 
v -37.5496 5.65449 18.679 
v -37.5692 5.66352 18.695 
v -37.5166 5.70437 18.6895 
v -37.5325 5.71663 18.7061 
v -37.4686 5.74862 18.6988 
v -37.4786 5.76457 18.7162 
v -37.4078 5.7861 18.7066 
v -37.4117 5.80582 18.7248 
v -37.3647 5.80377 18.7103 
v -37.3668 5.82476 18.7288 
v -37.316 5.80671 18.7109 
v -37.3096 5.83273 18.7305 
v -37.2741 5.79131 18.7077 
v -37.2584 5.81812 18.7274 
v -37.2318 5.75946 18.701 
v -37.2038 5.78373 18.7202 
v -37.1742 5.74626 18.7071 
v -37.2025 5.72907 18.6898 
v -37.1602 5.70184 18.703 
v -37.1872 5.69139 18.6868 
v -37.1853 5.63544 18.675 
v -37.1853 5.63544 18.675 
v -37.1569 5.64477 18.6911 
v -37.1569 5.63364 18.7442 
v -37.1853 5.61864 18.7552 
v -37.1602 5.6907 18.7562 
v -37.1872 5.67459 18.7669 
v -37.1853 5.61864 18.7552 
v -37.2025 5.71032 18.7792 
v -37.1742 5.733 18.7703 
v -37.2318 5.74266 18.7812 
v -37.2038 5.77259 18.7733 
v -37.2584 5.80698 18.7806 
v -37.2741 5.7745 18.7878 
v -37.3096 5.82159 18.7836 
v -37.316 5.78991 18.7911 
v -37.3668 5.81362 18.7819 
v -37.3647 5.78697 18.7905 
v -37.4117 5.79468 18.778 
v -37.4078 5.7693 18.7868 
v -37.4786 5.75343 18.7693 
v -37.4686 5.73182 18.7789 
v -37.5325 5.70549 18.7593 
v -37.5166 5.68756 18.7696 
v -37.5692 5.65238 18.7481 
v -37.5496 5.63769 18.7592 
v -37.5954 5.59326 18.7357 
v -37.5718 5.58216 18.7475 
v -37.5698 5.52326 18.7352 
v -37.5997 5.51766 18.7199 
v -37.5741 5.42732 18.7025 
v -37.5415 5.43404 18.718 
v -37.6598 5.23943 18.9001 
v -37.6365 5.29266 18.917 
v -37.6983 5.36081 18.7879 
v -37.7216 5.30757 18.7709 
v -37.5601 5.16458 18.998 
v -37.5367 5.21781 19.0149 
v -37.4321 5.09034 19.055 
v -37.4088 5.14357 19.072 
v -37.2885 5.02398 19.0657 
v -37.2652 5.07722 19.0826 
v -37.1433 4.972 19.0289 
v -37.12 5.02524 19.0459 
v -37.0107 4.93949 18.9483 
v -36.9874 4.99272 18.9652 
v -36.9037 4.92962 18.8317 
v -36.8804 4.98286 18.8487 
v -36.8328 4.94337 18.6906 
v -36.8094 4.9966 18.7075 
v -36.8804 4.98286 18.8487 
v -36.9037 4.92962 18.8317 
v -36.8049 4.97938 18.5388 
v -36.7815 5.03262 18.5557 
v -36.8227 5.03414 18.391 
v -36.7993 5.08737 18.4079 
v -36.8845 5.10228 18.2619 
v -36.8611 5.15551 18.2788 
v -36.9842 5.17713 18.164 
v -36.9609 5.23036 18.1809 
v -37.1122 5.25137 18.1069 
v -37.0888 5.3046 18.1238 
v -37.2558 5.31772 18.0962 
v -37.2324 5.37096 18.1132 
v -37.401 5.3697 18.133 
v -37.3776 5.42294 18.1499 
v -37.5336 5.40222 18.2136 
v -37.5102 5.45545 18.2306 
v -37.6406 5.41208 18.3302 
v -37.6172 5.46532 18.3471 
v -37.7115 5.39834 18.4714 
v -37.6882 5.45157 18.4883 
v -37.7395 5.36233 18.6232 
v -37.7161 5.41556 18.6401 
v -37.6257 5.21769 18.8621 
v -37.6811 5.27871 18.7465 
v -37.2785 5.15628 18.5764 
v -37.5364 5.15066 18.9498 
v -37.4218 5.08418 19.0009 
v -37.2932 5.02476 19.0104 
v -37.1632 4.97821 18.9775 
v -37.0444 4.94909 18.9053 
v -36.9486 4.94025 18.8009 
v -36.8851 4.95256 18.6745 
v -36.8601 4.98481 18.5385 
v -36.876 5.03385 18.4062 
v -36.9314 5.09487 18.2906 
v -37.0207 5.1619 18.2029 
v -37.1353 5.22838 18.1518 
v -37.2639 5.28781 18.1423 
v -37.3939 5.33436 18.1752 
v -37.5127 5.36347 18.2474 
v -37.6085 5.37231 18.3518 
v -37.672 5.36 18.4782 
v -37.697 5.32775 18.6142 
v -36.8243 6.28412 18.9476 
v -36.8185 6.2806 18.9595 
v -36.7823 6.28816 18.9361 
v -36.8091 6.27782 18.9691 
v -36.7971 6.27605 18.9754 
v -36.7837 6.27547 18.978 
v -36.7701 6.27613 18.9764 
v -36.7577 6.27796 18.9708 
v -36.7477 6.2808 18.9619 
v -36.7411 6.28435 18.9505 
v -36.7385 6.28828 18.9376 
v -36.7402 6.2922 18.9246 
v -36.746 6.29572 18.9127 
v -36.7554 6.2985 18.9031 
v -36.7674 6.30027 18.8967 
v -36.7808 6.30085 18.8942 
v -36.7944 6.30019 18.8958 
v -36.8068 6.29836 18.9013 
v -36.8168 6.29552 18.9102 
v -36.8234 6.29196 18.9217 
v -36.826 6.28804 18.9345 
v -36.8953 5.17725 18.3168 
v -36.9454 5.36447 18.4704 
v -36.9097 5.32502 18.5452 
v -36.8399 5.11623 18.4324 
v -36.8994 5.29332 18.6307 
v -36.8239 5.06719 18.5647 
v -36.9155 5.27248 18.7186 
v -36.849 5.03494 18.7007 
v -36.9566 5.26452 18.8003 
v -36.9125 5.02263 18.8271 
v -36.9125 5.02263 18.8271 
v -36.9566 5.26452 18.8003 
v -37.0185 5.27023 18.8678 
v -37.0083 5.03147 18.9315 
v -37.0953 5.28905 18.9144 
v -37.1271 5.06058 19.0037 
v -37.1793 5.31914 18.9357 
v -37.2571 5.10713 19.0366 
v -37.2625 5.35756 18.9296 
v -37.3857 5.16656 19.0271 
v -37.3365 5.40053 18.8965 
v -37.5003 5.23304 18.976 
v -37.3943 5.44386 18.8398 
v -37.5896 5.30007 18.8883 
v -37.43 5.4833 18.7651 
v -37.6449 5.36109 18.7726 
v -37.4404 5.515 18.6796 
v -37.6609 5.41013 18.6404 
v -37.4242 5.53585 18.5917 
v -37.6359 5.44238 18.5044 
v -37.3831 5.5438 18.51 
v -37.5724 5.45469 18.378 
v -37.3212 5.53809 18.4425 
v -37.4765 5.44585 18.2736 
v -37.2444 5.51927 18.3958 
v -37.3578 5.41673 18.2014 
v -37.1604 5.48918 18.3745 
v -37.2278 5.37018 18.1684 
v -37.0773 5.45077 18.3807 
v -37.0992 5.31076 18.178 
v -37.0032 5.40779 18.4138 
v -36.9846 5.24428 18.2291 
v -37.1388 5.63195 18.7765 
v -37.0274 5.83735 18.8266 
v -37.0344 5.84509 18.8119 
v -37.1489 5.64316 18.7552 
v -37.1223 5.61962 18.7926 
v -37.016 5.82885 18.8377 
v -37.1013 5.6074 18.802 
v -37.0015 5.82042 18.8442 
v -37.0776 5.59648 18.8037 
v -36.9852 5.81288 18.8454 
v -37.0537 5.58792 18.7977 
v -36.9687 5.80698 18.8412 
v -37.0319 5.58257 18.7844 
v -36.9536 5.80328 18.832 
v -37.0143 5.58094 18.7652 
v -36.9415 5.80216 18.8188 
v -37.0026 5.58321 18.742 
v -36.9334 5.80372 18.8028 
v -36.9415 5.80216 18.8188 
v -37.0143 5.58094 18.7652 
v -36.998 5.58914 18.717 
v -36.9303 5.80781 18.7855 
v -37.0009 5.59815 18.6927 
v -36.9323 5.81403 18.7687 
v -37.0111 5.60937 18.6714 
v -36.9393 5.82177 18.7541 
v -37.0275 5.62169 18.6553 
v -36.9506 5.83027 18.743 
v -37.0486 5.63391 18.6459 
v -36.9652 5.8387 18.7365 
v -37.0722 5.64484 18.6441 
v -36.9815 5.84624 18.7353 
v -37.0961 5.6534 18.6502 
v -36.998 5.85214 18.7394 
v -37.118 5.65875 18.6635 
v -37.013 5.85584 18.7486 
v -37.1356 5.66037 18.6826 
v -37.0252 5.85696 18.7618 
v -37.1473 5.65811 18.7059 
v -37.0332 5.85539 18.7779 
v -37.1519 5.65218 18.7309 
v -37.0364 5.85131 18.7951 
v -37.0119 5.84677 18.8215 
v -36.8185 6.2806 18.9595 
v -36.8243 6.28412 18.9476 
v -37.0172 5.85266 18.8103 
v -37.0033 5.8403 18.8299 
v -36.8091 6.27782 18.9691 
v -36.9922 5.83388 18.8349 
v -36.7971 6.27605 18.9754 
v -36.9798 5.82815 18.8358 
v -36.7837 6.27547 18.978 
v -36.9673 5.82366 18.8326 
v -36.7701 6.27613 18.9764 
v -36.9558 5.82084 18.8257 
v -36.7577 6.27796 18.9708 
v -36.9465 5.81999 18.8156 
v -36.7477 6.2808 18.9619 
v -36.9404 5.82118 18.8034 
v -36.7411 6.28435 18.9505 
v -36.7477 6.2808 18.9619 
v -36.9465 5.81999 18.8156 
v -36.938 5.82429 18.7903 
v -36.7385 6.28828 18.9376 
v -36.9395 5.82902 18.7775 
v -36.7402 6.2922 18.9246 
v -36.9449 5.83491 18.7663 
v -36.746 6.29572 18.9127 
v -36.9535 5.84138 18.7579 
v -36.7554 6.2985 18.9031 
v -36.9646 5.8478 18.7529 
v -36.7674 6.30027 18.8967 
v -36.977 5.85353 18.752 
v -36.7808 6.30085 18.8942 
v -36.9895 5.85803 18.7552 
v -36.7944 6.30019 18.8958 
v -37.001 5.86084 18.7622 
v -36.8068 6.29836 18.9013 
v -37.0102 5.86169 18.7722 
v -36.8168 6.29552 18.9102 
v -37.0164 5.8605 18.7844 
v -36.8234 6.29196 18.9217 
v -37.0188 5.85739 18.7976 
v -36.826 6.28804 18.9345 
v -37.6257 5.21769 18.8621 
v -37.6598 5.23943 18.9001 
v -37.7216 5.30757 18.7709 
v -37.6811 5.27871 18.7465 
v -37.6449 5.36109 18.7726 
v -37.6983 5.36081 18.7879 
v -37.6365 5.29266 18.917 
v -37.5896 5.30007 18.8883 
v -37.5364 5.15066 18.9498 
v -37.5601 5.16458 18.998 
v -37.5367 5.21781 19.0149 
v -37.5003 5.23304 18.976 
v -37.4218 5.08418 19.0009 
v -37.4321 5.09034 19.055 
v -37.4088 5.14357 19.072 
v -37.3857 5.16656 19.0271 
v -37.2932 5.02476 19.0104 
v -37.2885 5.02398 19.0657 
v -37.2652 5.07722 19.0826 
v -37.2571 5.10713 19.0366 
v -37.1632 4.97821 18.9775 
v -37.1433 4.972 19.0289 
v -37.12 5.02524 19.0459 
v -37.1271 5.06058 19.0037 
v -37.0444 4.94909 18.9053 
v -37.0107 4.93949 18.9483 
v -36.9874 4.99272 18.9652 
v -37.0083 5.03147 18.9315 
v -36.9486 4.94025 18.8009 
v -36.9037 4.92962 18.8317 
v -36.8804 4.98286 18.8487 
v -36.9125 5.02263 18.8271 
v -36.8851 4.95256 18.6745 
v -36.8328 4.94337 18.6906 
v -36.9037 4.92962 18.8317 
v -36.9486 4.94025 18.8009 
v -36.9125 5.02263 18.8271 
v -36.8804 4.98286 18.8487 
v -36.8094 4.9966 18.7075 
v -36.849 5.03494 18.7007 
v -36.8601 4.98481 18.5385 
v -36.8049 4.97938 18.5388 
v -36.7815 5.03262 18.5557 
v -36.8239 5.06719 18.5647 
v -36.876 5.03385 18.4062 
v -36.8227 5.03414 18.391 
v -36.7993 5.08737 18.4079 
v -36.8399 5.11623 18.4324 
v -36.9314 5.09487 18.2906 
v -36.8845 5.10228 18.2619 
v -36.8611 5.15551 18.2788 
v -36.8953 5.17725 18.3168 
v -37.0207 5.1619 18.2029 
v -36.9842 5.17713 18.164 
v -36.9609 5.23036 18.1809 
v -36.9846 5.24428 18.2291 
v -37.1353 5.22838 18.1518 
v -37.1122 5.25137 18.1069 
v -37.0888 5.3046 18.1238 
v -37.0992 5.31076 18.178 
v -37.2639 5.28781 18.1423 
v -37.2558 5.31772 18.0962 
v -37.2324 5.37096 18.1132 
v -37.2278 5.37018 18.1684 
v -37.3939 5.33436 18.1752 
v -37.401 5.3697 18.133 
v -37.3776 5.42294 18.1499 
v -37.3578 5.41673 18.2014 
v -37.5127 5.36347 18.2474 
v -37.5336 5.40222 18.2136 
v -37.5102 5.45545 18.2306 
v -37.4765 5.44585 18.2736 
v -37.6085 5.37231 18.3518 
v -37.6406 5.41208 18.3302 
v -37.6172 5.46532 18.3471 
v -37.5724 5.45469 18.378 
v -37.672 5.36 18.4782 
v -37.7115 5.39834 18.4714 
v -37.6882 5.45157 18.4883 
v -37.6359 5.44238 18.5044 
v -37.697 5.32775 18.6142 
v -37.7395 5.36233 18.6232 
v -37.7161 5.41556 18.6401 
v -37.6609 5.41013 18.6404 
v -36.9815 5.84624 18.7353 
v -36.977 5.85353 18.752 
v -36.9646 5.8478 18.7529 
v -36.9652 5.8387 18.7365 
v -36.9535 5.84138 18.7579 
v -36.9506 5.83027 18.743 
v -36.9449 5.83491 18.7663 
v -36.9393 5.82177 18.7541 
v -36.9395 5.82902 18.7775 
v -36.9323 5.81403 18.7687 
v -36.938 5.82429 18.7903 
v -36.9303 5.80781 18.7855 
v -36.9404 5.82118 18.8034 
v -36.9334 5.80372 18.8028 
v -36.9465 5.81999 18.8156 
v -36.9415 5.80216 18.8188 
v -36.9415 5.80216 18.8188 
v -36.9465 5.81999 18.8156 
v -36.9558 5.82084 18.8257 
v -36.9536 5.80328 18.832 
v -36.9673 5.82366 18.8326 
v -36.9687 5.80698 18.8412 
v -36.9798 5.82815 18.8358 
v -36.9852 5.81288 18.8454 
v -36.9922 5.83388 18.8349 
v -37.0015 5.82042 18.8442 
v -37.0033 5.8403 18.8299 
v -37.016 5.82885 18.8377 
v -37.0119 5.84677 18.8215 
v -37.0274 5.83735 18.8266 
v -37.0172 5.85266 18.8103 
v -37.0344 5.84509 18.8119 
v -37.0188 5.85739 18.7976 
v -37.0364 5.85131 18.7951 
v -37.0164 5.8605 18.7844 
v -37.0332 5.85539 18.7779 
v -37.0102 5.86169 18.7722 
v -37.0252 5.85696 18.7618 
v -37.001 5.86084 18.7622 
v -37.013 5.85584 18.7486 
v -36.9895 5.85803 18.7552 
v -36.998 5.85214 18.7394 
v -37.1044 5.58805 18.5458 
v -37.059 5.56709 18.5491 
v -37.0187 5.54365 18.5672 
v -36.9872 5.52002 18.5981 
v -36.9676 5.4985 18.6388 
v -36.962 5.48121 18.6855 
v -36.9708 5.46984 18.7334 
v -36.9932 5.4655 18.778 
v -36.9932 5.4655 18.778 
v -37.027 5.46861 18.8148 
v -37.0689 5.47888 18.8403 
v -37.1147 5.4953 18.8519 
v -37.1601 5.51625 18.8485 
v -37.2005 5.53969 18.8305 
v -37.232 5.56332 18.7996 
v -37.2515 5.58484 18.7588 
v -37.2571 5.60213 18.7122 
v -37.2483 5.61351 18.6642 
v -37.2259 5.61784 18.6196 
v -37.1921 5.61473 18.5828 
v -37.1502 5.60446 18.5574 
v -37.0722 5.64484 18.6441 
v -37.0486 5.63391 18.6459 
v -37.0275 5.62169 18.6553 
v -37.0111 5.60937 18.6714 
v -37.0009 5.59815 18.6927 
v -36.998 5.58914 18.717 
v -37.0026 5.58321 18.742 
v -37.0143 5.58094 18.7652 
v -37.0143 5.58094 18.7652 
v -37.0319 5.58257 18.7844 
v -37.0537 5.58792 18.7977 
v -37.0776 5.59648 18.8037 
v -37.1013 5.6074 18.802 
v -37.1223 5.61962 18.7926 
v -37.1388 5.63195 18.7765 
v -37.1489 5.64316 18.7552 
v -37.1519 5.65218 18.7309 
v -37.1473 5.65811 18.7059 
v -37.1356 5.66037 18.6826 
v -37.118 5.65875 18.6635 
v -37.0961 5.6534 18.6502 
v -38.0872 4.71752 17.9936 
v -38.082 4.76381 18.0446 
v -38.0828 4.74146 18.0505 
v -38.0831 4.68176 18.0488 
v -38.0714 4.75617 17.9464 
v -38.0414 4.78994 17.9193 
v -38.0342 4.83242 18.0288 
v -38.0653 4.79232 18.0395 
v -37.9795 4.82442 17.8988 
v -37.972 4.86909 18.0139 
v -37.9276 4.84061 17.8944 
v -37.9204 4.8831 18.0039 
v -37.8817 4.84186 17.9042 
v -37.8757 4.878 17.9973 
v -37.8436 4.82607 17.9282 
v -37.8391 4.85233 17.9958 
v -38.0984 4.74685 18.0475 
v -38.097 4.77017 18.0411 
v -38.1022 4.72387 17.9901 
v -38.0987 4.68715 18.0458 
v -38.0858 4.76357 17.9423 
v -38.0797 4.79971 18.0354 
v -38.0455 4.84353 18.0229 
v -38.0526 4.80104 17.9134 
v -37.9794 4.88267 18.0067 
v -37.9869 4.838 17.8916 
v -37.9231 4.89778 17.9962 
v -37.9302 4.85529 17.8867 
v -37.8717 4.89196 17.9901 
v -37.8777 4.85582 17.897 
v -37.8314 4.86525 17.9892 
v -37.8358 4.83899 17.9216 
v -38.0987 4.68715 18.0458 
v -38.0831 4.68176 18.0488 
v -38.0828 4.74146 18.0505 
v -38.0984 4.74685 18.0475 
v -38.0984 4.74685 18.0475 
v -38.0828 4.74146 18.0505 
v -38.082 4.76381 18.0446 
v -38.097 4.77017 18.0411 
v -38.0872 4.71752 17.9936 
v -38.0831 4.68176 18.0488 
v -38.0987 4.68715 18.0458 
v -38.1022 4.72387 17.9901 
v -38.0797 4.79971 18.0354 
v -38.0653 4.79232 18.0395 
v -38.0342 4.83242 18.0288 
v -38.0455 4.84353 18.0229 
v -38.0414 4.78994 17.9193 
v -38.0714 4.75617 17.9464 
v -38.0858 4.76357 17.9423 
v -38.0526 4.80104 17.9134 
v -37.972 4.86909 18.0139 
v -37.9794 4.88267 18.0067 
v -37.9795 4.82442 17.8988 
v -37.9869 4.838 17.8916 
v -37.9204 4.8831 18.0039 
v -37.9231 4.89778 17.9962 
v -37.9276 4.84061 17.8944 
v -37.9302 4.85529 17.8867 
v -37.8757 4.878 17.9973 
v -37.8717 4.89196 17.9901 
v -37.8777 4.85582 17.897 
v -37.8817 4.84186 17.9042 
v -37.8391 4.85233 17.9958 
v -37.8314 4.86525 17.9892 
v -37.8314 4.86525 17.9892 
v -37.8391 4.85233 17.9958 
v -37.8436 4.82607 17.9282 
v -37.8358 4.83899 17.9216 
v -37.8358 4.83899 17.9216 
v -37.8436 4.82607 17.9282 
v -37.7813 4.67013 17.9678 
v -37.8053 4.599 17.9571 
v -37.8185 4.62218 17.8782 
v -37.7974 4.68263 17.8861 
v -37.7917 4.73744 17.8947 
v -37.7746 4.73332 17.9772 
v -37.7978 4.77604 17.9019 
v -37.7815 4.77784 17.9847 
v -37.8201 4.83724 17.9217 
v -37.8135 4.84674 18.0355 
v -37.8604 4.88376 17.9577 
v -37.8567 4.89879 18.0667 
v -37.8993 4.90132 17.9782 
v -37.8993 4.90879 18.0806 
v -37.8887 4.5341 17.9774 
v -37.8946 4.56378 17.908 
v -37.9458 4.89976 17.998 
v -37.9504 4.91218 18.093 
v -38.107 4.71781 18.1264 
v -38.0793 4.7844 18.1431 
v -38.0978 4.783 18.0396 
v -38.1072 4.72708 18.0252 
v -38.0007 4.53335 17.9989 
v -37.9937 4.56287 17.9309 
v -38.0204 4.87002 18.1291 
v -38.0106 4.87152 18.012 
v -38.0315 4.85884 18.0157 
v -38.0599 4.83559 18.0269 
v -38.0462 4.83335 18.1442 
v -38.1073 4.6531 18.1064 
v -38.088 4.6678 18.0055 
v -38.083 4.58914 18.0862 
v -38.058 4.61288 17.9795 
v -38.0484 4.56332 18.0465 
v -38.0314 4.58959 17.9603 
v -37.9864 4.8862 18.0029 
v -37.9932 4.89504 18.1115 
v -38.0007 4.53335 17.9989 
v -37.9937 4.56287 17.9309 
v -37.7974 4.68263 17.8861 
v -37.8185 4.62218 17.8782 
v -37.8335 4.63367 17.8916 
v -37.8152 4.68605 17.8984 
v -37.8102 4.73356 17.9058 
v -37.7917 4.73744 17.8947 
v -37.8155 4.76701 17.912 
v -37.7978 4.77604 17.9019 
v -37.8348 4.82007 17.9289 
v -37.8201 4.83724 17.9217 
v -37.8712 4.86214 17.9625 
v -37.8604 4.88376 17.9577 
v -37.9048 4.87697 17.98 
v -37.8993 4.90132 17.9782 
v -37.8946 4.56378 17.908 
v -37.9008 4.58291 17.9197 
v -37.9458 4.89976 17.998 
v -37.945 4.87511 17.9968 
v -38.1072 4.72708 18.0252 
v -38.0978 4.783 18.0396 
v -38.0825 4.77346 18.0266 
v -38.0902 4.72522 18.0143 
v -37.9937 4.56287 17.9309 
v -37.9805 4.58215 17.9404 
v -38.0106 4.87152 18.012 
v -38.001 4.85195 18.0032 
v -38.0216 4.84022 18.0054 
v -38.0315 4.85884 18.0157 
v -38.0477 4.82036 18.0146 
v -38.0599 4.83559 18.0269 
v -38.088 4.6678 18.0055 
v -38.0711 4.67337 17.998 
v -38.058 4.61288 17.9795 
v -38.0412 4.62577 17.9763 
v -38.0314 4.58959 17.9603 
v -38.0186 4.60548 17.9615 
v -37.9864 4.8862 18.0029 
v -37.9803 4.86365 17.9977 
v -37.8152 4.68605 17.8984 
v -37.8335 4.63367 17.8916 
v -37.8333 4.63541 17.9278 
v -37.8157 4.68576 17.9344 
v -37.8102 4.73356 17.9058 
v -37.811 4.73142 17.9416 
v -37.8155 4.76701 17.912 
v -37.8161 4.76357 17.9476 
v -37.8348 4.82007 17.9289 
v -37.8347 4.81454 17.9641 
v -37.8712 4.86214 17.9625 
v -37.8691 4.84146 17.9927 
v -37.9048 4.87697 17.98 
v -37.9015 4.8586 18.0099 
v -37.9008 4.58291 17.9197 
v -37.8975 4.58684 17.9513 
v -37.945 4.87511 17.9968 
v -37.9402 4.86061 18.0265 
v -38.0825 4.77346 18.0266 
v -38.0437 4.76661 18.0897 
v -38.0492 4.71861 18.0787 
v -38.0902 4.72522 18.0143 
v -37.9805 4.58215 17.9404 
v -37.9742 4.58607 17.9718 
v -38.001 4.85195 18.0032 
v -37.9779 4.83753 18.0744 
v -37.9964 4.82322 18.0781 
v -38.0216 4.84022 18.0054 
v -38.0477 4.82036 18.0146 
v -38.0216 4.84022 18.0054 
v -37.9964 4.82322 18.0781 
v -38.017 4.80217 18.0881 
v -38.0513 4.66773 18.0622 
v -38.0711 4.67337 17.998 
v -38.0272 4.62632 18.0378 
v -38.0412 4.62577 17.9763 
v -38.0412 4.62577 17.9763 
v -38.0272 4.62632 18.0378 
v -38.0151 4.60741 18.0107 
v -38.0186 4.60548 17.9615 
v -37.9803 4.86365 17.9977 
v -37.9537 4.85398 18.0541 
v -37.9742 4.58607 17.9718 
v -37.9805 4.58215 17.9404 
v -37.8157 4.68576 17.9344 
v -37.8333 4.63541 17.9278 
v -37.9834 4.72136 18.0108 
v -37.811 4.73142 17.9416 
v -37.8161 4.76357 17.9476 
v -37.8347 4.81454 17.9641 
v -37.8691 4.84146 17.9927 
v -37.9015 4.8586 18.0099 
v -37.8975 4.58684 17.9513 
v -37.9402 4.86061 18.0265 
v -38.0492 4.71861 18.0787 
v -38.0437 4.76661 18.0897 
v -37.9742 4.58607 17.9718 
v -37.9964 4.82322 18.0781 
v -37.9779 4.83753 18.0744 
v -38.017 4.80217 18.0881 
v -38.0513 4.66773 18.0622 
v -38.0272 4.62632 18.0378 
v -38.0151 4.60741 18.0107 
v -37.9537 4.85398 18.0541 
v -37.9963 4.5533 18.0398 
v -38.0071 4.57832 18.0066 
v -38.0359 4.58904 18.0587 
v -38.0296 4.57149 18.0693 
v -37.9572 4.54623 18.0154 
v -37.9785 4.57531 17.9701 
v -37.8961 4.55432 17.9897 
v -37.9185 4.58489 17.9421 
v -37.8521 4.5694 17.977 
v -37.8734 4.59848 17.9317 
v -37.8209 4.59135 17.9748 
v -37.8391 4.61608 17.9362 
v -37.804 4.62005 17.985 
v -37.8172 4.63802 17.957 
v -38.0421 4.58187 18.0337 
v -38.0234 4.56907 17.9938 
v -38.0052 4.54433 18.0324 
v -38.0403 4.5629 18.0636 
v -37.9834 4.56605 17.9595 
v -37.9622 4.53698 18.0048 
v -37.9195 4.57615 17.9294 
v -37.8971 4.54557 17.977 
v -37.8701 4.59117 17.9183 
v -37.8489 4.56209 17.9636 
v -37.829 4.61135 17.9336 
v -37.8126 4.58703 17.9623 
v -37.8061 4.63568 17.9457 
v -37.793 4.6177 17.9737 
v -38.0403 4.5629 18.0636 
v -38.0296 4.57149 18.0693 
v -38.0359 4.58904 18.0587 
v -38.0421 4.58187 18.0337 
v -38.0455 4.59544 18.0293 
v -38.0461 4.60303 18.0369 
v -38.0212 4.59758 17.9766 
v -38.0301 4.58861 17.9691 
v -37.9963 4.5533 18.0398 
v -38.0296 4.57149 18.0693 
v -38.0403 4.5629 18.0636 
v -38.0052 4.54433 18.0324 
v -37.9839 4.59807 17.9484 
v -37.9889 4.58883 17.9378 
v -37.9572 4.54623 18.0154 
v -37.9622 4.53698 18.0048 
v -37.9369 4.608 17.9163 
v -37.9379 4.59925 17.9036 
v -37.8961 4.55432 17.9897 
v -37.8971 4.54557 17.977 
v -37.8883 4.62071 17.9062 
v -37.885 4.6134 17.8928 
v -37.8521 4.5694 17.977 
v -37.8489 4.56209 17.9636 
v -37.8532 4.63534 17.9062 
v -37.8448 4.63102 17.8937 
v -37.8209 4.59135 17.9748 
v -37.8126 4.58703 17.9623 
v -37.8274 4.65201 17.9352 
v -37.8164 4.64967 17.9239 
v -37.8172 4.63802 17.957 
v -37.804 4.62005 17.985 
v -37.793 4.6177 17.9737 
v -37.8061 4.63568 17.9457 
v -37.793 4.6177 17.9737 
v -37.804 4.62005 17.985 
v -38.0301 4.58861 17.9691 
v -37.9889 4.58883 17.9378 
v -37.9379 4.59925 17.9036 
v -37.885 4.6134 17.8928 
v -37.8448 4.63102 17.8937 
v -37.8164 4.64967 17.9239 
v -37.8274 4.65201 17.9352 
v -37.8164 4.64967 17.9239 
v -37.8274 4.65201 17.9352 
v -37.8532 4.63534 17.9062 
v -37.8883 4.62071 17.9062 
v -37.9369 4.608 17.9163 
v -37.9839 4.59807 17.9484 
v -38.0212 4.59758 17.9766 
v -38.0461 4.60303 18.0369 
v -38.0461 4.60303 18.0369 
v -38.0455 4.59544 18.0293 
v -38.0455 4.59544 18.0293 
v -37.8025 4.81636 17.9537 
v -37.8833 4.87842 17.9821 
v -37.8637 4.88349 18.0371 
v -37.7787 4.81824 18.0073 
v -37.9845 4.87842 18.013 
v -37.9701 4.88349 18.0696 
v -38.0674 4.81636 18.0346 
v -38.0572 4.81824 18.0923 
v -38.1003 4.71594 18.0386 
v -38.0918 4.71265 18.0966 
v -38.0707 4.61552 18.0236 
v -38.0607 4.60706 18.0808 
v -37.9899 4.55346 17.9953 
v -37.9757 4.54181 18.051 
v -37.8887 4.55346 17.9644 
v -37.8694 4.54181 18.0186 
v -37.8059 4.61552 17.9428 
v -37.7822 4.60707 17.9958 
v -37.773 4.71594 17.9387 
v -37.7524 4.71265 17.993 
v -37.8356 4.80389 17.9164 
v -37.9043 4.85668 17.9405 
v -37.9903 4.85668 17.9668 
v -38.0608 4.80389 17.9852 
v -38.0888 4.71847 17.9886 
v -38.0636 4.63304 17.9759 
v -37.9949 4.58025 17.9518 
v -37.9089 4.58025 17.9255 
v -37.8384 4.63304 17.9071 
v -37.8104 4.71847 17.9036 
v -37.8741 4.78197 17.9003 
v -37.9241 4.82033 17.9178 
v -37.9866 4.82033 17.9369 
v -38.0378 4.78197 17.9502 
v -38.0582 4.7199 17.9528 
v -38.0399 4.65784 17.9435 
v -37.9899 4.61948 17.926 
v -37.9274 4.61948 17.9069 
v -37.8762 4.65784 17.8935 
v -37.8559 4.7199 17.891 
v -37.9172 4.75326 17.8984 
v -37.9434 4.77342 17.9076 
v -37.9763 4.77342 17.9176 
v -38.0032 4.75326 17.9246 
v -38.0139 4.72063 17.926 
v -38.0043 4.688 17.9211 
v -37.978 4.66783 17.9119 
v -37.9452 4.66783 17.9018 
v -37.9182 4.688 17.8948 
v -37.9075 4.72063 17.8935 
v -37.9624 4.72095 17.9044 
v -36.9471 4.79089 18.0311 
v -36.9487 4.81324 18.0254 
v -36.9497 4.76695 17.9742 
v -36.947 4.73119 18.0294 
v -36.9712 4.8056 17.9292 
v -36.9658 4.84175 18.0223 
v -36.998 4.88185 18.0155 
v -37.0043 4.83937 17.906 
v -37.0615 4.91852 18.0083 
v -37.0681 4.87385 17.8932 
v -37.114 4.93253 18.0047 
v -37.1203 4.89004 17.8952 
v -37.1592 4.92743 18.0036 
v -37.1646 4.89129 17.9105 
v -37.1956 4.90176 18.0066 
v -37.1995 4.8755 17.939 
v -36.9352 4.7733 17.9688 
v -36.9342 4.8196 18.0201 
v -36.932 4.79628 18.0262 
v -36.9319 4.73658 18.0245 
v -36.9573 4.813 17.9234 
v -36.9938 4.85047 17.8988 
v -36.9875 4.89296 18.0083 
v -36.952 4.84914 18.0166 
v -37.0617 4.88743 17.8851 
v -37.0551 4.9321 18.0003 
v -37.1185 4.90472 17.8872 
v -37.1122 4.94721 17.9967 
v -37.1694 4.90525 17.9038 
v -37.1641 4.94139 17.9969 
v -37.208 4.88842 17.9333 
v -37.2042 4.91468 18.001 
v -36.9319 4.73658 18.0245 
v -36.932 4.79628 18.0262 
v -36.9471 4.79089 18.0311 
v -36.947 4.73119 18.0294 
v -36.932 4.79628 18.0262 
v -36.9342 4.8196 18.0201 
v -36.9487 4.81324 18.0254 
v -36.9471 4.79089 18.0311 
v -36.9319 4.73658 18.0245 
v -36.947 4.73119 18.0294 
v -36.9497 4.76695 17.9742 
v -36.9352 4.7733 17.9688 
v -36.952 4.84914 18.0166 
v -36.9875 4.89296 18.0083 
v -36.998 4.88185 18.0155 
v -36.9658 4.84175 18.0223 
v -36.9573 4.813 17.9234 
v -36.9712 4.8056 17.9292 
v -37.0043 4.83937 17.906 
v -36.9938 4.85047 17.8988 
v -37.0551 4.9321 18.0003 
v -37.0615 4.91852 18.0083 
v -37.0681 4.87385 17.8932 
v -37.0617 4.88743 17.8851 
v -37.1122 4.94721 17.9967 
v -37.114 4.93253 18.0047 
v -37.1203 4.89004 17.8952 
v -37.1185 4.90472 17.8872 
v -37.1641 4.94139 17.9969 
v -37.1592 4.92743 18.0036 
v -37.1694 4.90525 17.9038 
v -37.1646 4.89129 17.9105 
v -37.2042 4.91468 18.001 
v -37.1956 4.90176 18.0066 
v -37.2042 4.91468 18.001 
v -37.208 4.88842 17.9333 
v -37.1995 4.8755 17.939 
v -37.1956 4.90176 18.0066 
v -37.208 4.88842 17.9333 
v -37.1995 4.8755 17.939 
v -37.2609 4.71956 17.9501 
v -37.2505 4.72962 17.9028 
v -37.2305 4.66917 17.8924 
v -37.2384 4.64843 17.9366 
v -37.2551 4.78443 17.912 
v -37.2663 4.78275 17.9603 
v -37.2481 4.82303 17.9184 
v -37.2586 4.82727 17.9669 
v -37.2236 4.88423 17.9353 
v -37.2206 4.89617 18.0134 
v -37.1792 4.93076 17.9662 
v -37.174 4.94822 18.0391 
v -37.138 4.94831 17.9818 
v -37.13 4.95822 18.0477 
v -37.1514 4.61078 17.9127 
v -37.1531 4.58353 17.9466 
v -37.0895 4.94675 17.9958 
v -37.0777 4.96161 18.0537 
v -36.9183 4.76724 18.0678 
v -36.926 4.77407 18.0031 
v -36.9336 4.82999 18.0185 
v -36.9436 4.83383 18.0877 
v -37.0502 4.60987 17.9233 
v -37.0393 4.58278 17.9542 
v -37.0039 4.91946 18.081 
v -37.0023 4.90583 18.0028 
v -37.0235 4.91851 18.0017 
v -36.9727 4.88259 18.0105 
v -36.9764 4.88278 18.0929 
v -36.9203 4.70253 18.0479 
v -36.9474 4.71479 17.9858 
v -36.9469 4.63858 18.0308 
v -36.9804 4.65988 17.9637 
v -36.9862 4.61276 17.9956 
v -37.0091 4.63658 17.9479 
v -37.0486 4.93319 17.9957 
v -37.033 4.94447 18.0669 
v -37.0393 4.58278 17.9542 
v -37.0502 4.60987 17.9233 
v -37.2505 4.72962 17.9028 
v -37.2313 4.73548 17.9128 
v -37.214 4.68309 17.9039 
v -37.2305 4.66917 17.8924 
v -37.2551 4.78443 17.912 
v -37.2353 4.78299 17.9208 
v -37.2481 4.82303 17.9184 
v -37.2293 4.81644 17.9263 
v -37.2081 4.86949 17.9407 
v -37.2236 4.88423 17.9353 
v -37.1679 4.91157 17.9696 
v -37.1792 4.93076 17.9662 
v -37.138 4.94831 17.9818 
v -37.1324 4.9264 17.9829 
v -37.1437 4.63234 17.9236 
v -37.1514 4.61078 17.9127 
v -37.0895 4.94675 17.9958 
v -37.0904 4.92454 17.9947 
v -36.926 4.77407 18.0031 
v -36.9442 4.77465 17.9943 
v -36.9503 4.82289 18.0075 
v -36.9336 4.82999 18.0185 
v -37.0621 4.63158 17.9344 
v -37.0502 4.60987 17.9233 
v -37.0134 4.88965 17.9939 
v -37.0341 4.90138 17.9941 
v -37.0235 4.91851 18.0017 
v -37.0023 4.90583 18.0028 
v -36.9863 4.86979 17.9998 
v -36.9727 4.88259 18.0105 
v -36.9474 4.71479 17.9858 
v -36.9651 4.7228 17.9804 
v -36.9804 4.65988 17.9637 
v -36.9974 4.6752 17.9626 
v -37.0091 4.63658 17.9479 
v -37.0217 4.65491 17.9506 
v -37.0486 4.93319 17.9957 
v -37.0553 4.91308 17.9913 
v -37.2313 4.73548 17.9128 
v -37.2264 4.73519 17.9485 
v -37.2097 4.68484 17.9399 
v -37.214 4.68309 17.9039 
v -37.2353 4.78299 17.9208 
v -37.2302 4.78085 17.9562 
v -37.2293 4.81644 17.9263 
v -37.2244 4.813 17.9616 
v -37.2081 4.86949 17.9407 
v -37.204 4.86397 17.9757 
v -37.1679 4.91157 17.9696 
v -37.1663 4.89089 17.9999 
v -37.1324 4.9264 17.9829 
v -37.132 4.90803 18.013 
v -37.1432 4.63627 17.9553 
v -37.1437 4.63234 17.9236 
v -37.0904 4.92454 17.9947 
v -37.0916 4.91004 18.0247 
v -36.977 4.76804 18.0633 
v -36.9811 4.81604 18.0748 
v -36.9503 4.82289 18.0075 
v -36.9442 4.77465 17.9943 
v -37.0646 4.6355 17.9663 
v -37.0621 4.63158 17.9344 
v -37.0295 4.87265 18.0691 
v -37.0483 4.88696 18.0677 
v -37.0341 4.90138 17.9941 
v -37.0134 4.88965 17.9939 
v -36.9863 4.86979 17.9998 
v -37.0078 4.8516 18.0765 
v -37.0295 4.87265 18.0691 
v -37.0134 4.88965 17.9939 
v -36.977 4.71716 18.0466 
v -36.9651 4.7228 17.9804 
v -37.0038 4.67575 18.0253 
v -36.9974 4.6752 17.9626 
v -37.0192 4.65684 17.9999 
v -37.0038 4.67575 18.0253 
v -36.9974 4.6752 17.9626 
v -37.0217 4.65491 17.9506 
v -37.0553 4.91308 17.9913 
v -37.0748 4.90341 18.0504 
v -37.0646 4.6355 17.9663 
v -37.0621 4.63158 17.9344 
v -37.2264 4.73519 17.9485 
v -37.0506 4.77079 18.0038 
v -37.2097 4.68484 17.9399 
v -37.2302 4.78085 17.9562 
v -37.2244 4.813 17.9616 
v -37.204 4.86397 17.9757 
v -37.1663 4.89089 17.9999 
v -37.132 4.90803 18.013 
v -37.1432 4.63627 17.9553 
v -37.0916 4.91004 18.0247 
v -36.977 4.76804 18.0633 
v -36.9811 4.81604 18.0748 
v -37.0646 4.6355 17.9663 
v -37.0295 4.87265 18.0691 
v -37.0483 4.88696 18.0677 
v -37.0078 4.8516 18.0765 
v -36.977 4.71716 18.0466 
v -37.0038 4.67575 18.0253 
v -37.0192 4.65684 17.9999 
v -37.0748 4.90341 18.0504 
v -36.9927 4.63847 18.045 
v -37.0277 4.62775 17.9968 
v -37.0343 4.60273 18.031 
v -36.9976 4.62092 18.0562 
v -37.0605 4.62474 17.9641 
v -37.0761 4.59566 18.0116 
v -37.1234 4.63432 17.9436 
v -37.1398 4.60376 17.9936 
v -37.1695 4.64791 17.9388 
v -37.1851 4.61883 17.9864 
v -37.203 4.66551 17.9475 
v -37.2163 4.64078 17.9879 
v -37.2222 4.68745 17.9708 
v -37.2318 4.66948 18.0002 
v -37.0263 4.59377 18.0226 
v -37.013 4.61849 17.9821 
v -36.9895 4.6313 18.0194 
v -36.9877 4.61233 18.0493 
v -37.0724 4.58641 18.0005 
v -37.0568 4.61549 17.9529 
v -37.1404 4.59501 17.9809 
v -37.124 4.62558 17.9309 
v -37.1899 4.61152 17.9735 
v -37.1743 4.6406 17.9259 
v -37.2261 4.63646 17.9766 
v -37.2133 4.66078 17.9461 
v -37.2442 4.66713 17.9903 
v -37.2345 4.68511 17.9609 
v -36.9877 4.61233 18.0493 
v -36.9895 4.6313 18.0194 
v -36.9927 4.63847 18.045 
v -36.9976 4.62092 18.0562 
v -36.9867 4.64487 18.0147 
v -37.0094 4.63805 17.9568 
v -37.0173 4.64701 17.9653 
v -36.9852 4.65246 18.0221 
v -36.9877 4.61233 18.0493 
v -36.9976 4.62092 18.0562 
v -37.0343 4.60273 18.031 
v -37.0263 4.59377 18.0226 
v -37.0541 4.63826 17.9307 
v -37.0578 4.64751 17.9419 
v -37.0761 4.59566 18.0116 
v -37.0724 4.58641 18.0005 
v -37.1089 4.64868 17.903 
v -37.1083 4.65743 17.9157 
v -37.1398 4.60376 17.9936 
v -37.1404 4.59501 17.9809 
v -37.1627 4.66283 17.8988 
v -37.1578 4.67014 17.9117 
v -37.1851 4.61883 17.9864 
v -37.1899 4.61152 17.9735 
v -37.2025 4.68045 17.9046 
v -37.1927 4.68477 17.916 
v -37.2163 4.64078 17.9879 
v -37.2261 4.63646 17.9766 
v -37.227 4.6991 17.938 
v -37.2147 4.70144 17.9479 
v -37.2442 4.66713 17.9903 
v -37.2318 4.66948 18.0002 
v -37.2222 4.68745 17.9708 
v -37.2345 4.68511 17.9609 
v -37.2442 4.66713 17.9903 
v -37.2318 4.66948 18.0002 
v -37.0541 4.63826 17.9307 
v -37.0094 4.63805 17.9568 
v -37.1089 4.64868 17.903 
v -37.1627 4.66283 17.8988 
v -37.2025 4.68045 17.9046 
v -37.227 4.6991 17.938 
v -37.2147 4.70144 17.9479 
v -37.227 4.6991 17.938 
v -37.1927 4.68477 17.916 
v -37.2147 4.70144 17.9479 
v -37.1578 4.67014 17.9117 
v -37.1083 4.65743 17.9157 
v -37.0578 4.64751 17.9419 
v -37.0173 4.64701 17.9653 
v -36.9852 4.65246 18.0221 
v -36.9867 4.64487 18.0147 
v -36.9852 4.65246 18.0221 
v -36.9867 4.64487 18.0147 
v -37.1662 4.93292 18.0446 
v -37.1534 4.92785 17.9876 
v -37.2371 4.86579 17.9693 
v -37.2542 4.86767 18.0254 
v -37.0567 4.93292 18.0638 
v -37.0493 4.92785 18.0059 
v -36.9674 4.86767 18.0758 
v -36.9644 4.86579 18.0172 
v -36.9326 4.76208 18.0758 
v -36.9312 4.76537 18.0172 
v -36.9654 4.65649 18.0639 
v -36.9624 4.66495 18.006 
v -37.0533 4.59123 18.0447 
v -37.0461 4.60289 17.9877 
v -37.1629 4.59123 18.0255 
v -37.1502 4.60289 17.9694 
v -37.2521 4.6565 18.0136 
v -37.2351 4.66495 17.9581 
v -37.2821 4.76208 18.0144 
v -37.2683 4.76537 17.958 
v -37.1377 4.90611 17.9438 
v -37.2089 4.85332 17.9282 
v -37.0491 4.90611 17.9593 
v -36.9769 4.85332 17.969 
v -36.9487 4.7679 17.969 
v -36.9752 4.68248 17.9594 
v -37.0464 4.62968 17.9439 
v -37.135 4.62968 17.9283 
v -37.2072 4.68248 17.9187 
v -37.2354 4.7679 17.9187 
v -37.1209 4.86976 17.9188 
v -37.1726 4.8314 17.9075 
v -37.0565 4.86976 17.9301 
v -37.004 4.8314 17.9371 
v -36.9835 4.76934 17.9371 
v -37.0028 4.70727 17.9302 
v -37.0545 4.66892 17.9189 
v -37.1189 4.66892 17.9076 
v -37.1713 4.70727 17.9006 
v -37.1918 4.76934 17.9006 
v -37.1029 4.82285 17.9063 
v -37.1301 4.80269 17.9004 
v -37.0691 4.82285 17.9122 
v -37.0415 4.80269 17.9159 
v -37.0307 4.77006 17.9159 
v -37.0409 4.73743 17.9123 
v -37.068 4.71726 17.9063 
v -37.1019 4.71726 17.9004 
v -37.1295 4.73743 17.8967 
v -37.1402 4.77006 17.8967 
v -37.0845 4.77038 17.9008 
v -38.2722 4.7621 18.4863 
v -38.2944 4.76226 18.5479 
v -38.0389 4.73661 18.5479 
v -38.0386 4.74546 18.4577 
v -38.2707 4.71478 18.5906 
v -38.0392 4.67904 18.6079 
v -38.246 4.63838 18.6002 
v -38.0214 4.58675 18.6232 
v -38.2438 4.54592 18.5871 
v -38.0214 4.49539 18.5895 
v -38.2133 4.49588 18.5398 
v -38.0396 4.5375 18.4904 
v -38.0396 4.5375 18.4904 
v -38.2133 4.49588 18.5398 
v -38.182 4.49365 18.4469 
v -38.0394 4.47768 18.3931 
v -38.2131 4.5508 18.3958 
v -38.0391 4.53524 18.3331 
v -38.2295 4.64864 18.3928 
v -38.0388 4.621 18.3249 
v -38.2505 4.71847 18.4259 
v -38.0386 4.7013 18.3725 
v -38.2505 4.71847 18.4259 
v -38.0386 4.7013 18.3725 
v -38.4664 4.79422 18.4831 
v -38.4573 4.77266 18.4855 
v -38.5874 4.78939 18.5074 
v -38.6001 4.81764 18.5095 
v -38.6255 4.7663 18.5563 
v -38.6608 4.7884 18.566 
v -38.6075 4.69277 18.5904 
v -38.6489 4.71192 18.6138 
v -38.5081 4.62444 18.5823 
v -38.5255 4.60517 18.6014 
v -38.3861 4.5507 18.5184 
v -38.3797 4.51378 18.5355 
v -38.3412 4.54753 18.4747 
v -38.2878 4.50778 18.4802 
v -38.3141 4.58572 18.4367 
v -38.2602 4.55459 18.4228 
v -38.3298 4.65743 18.4177 
v -38.2962 4.6581 18.3974 
v -38.3503 4.71704 18.4393 
v -38.3385 4.72907 18.4271 
v -38.5874 4.78939 18.5074 
v -38.4573 4.77266 18.4855 
v -38.2517 4.59704 18.5379 
v -38.6255 4.7663 18.5563 
v -38.6075 4.69277 18.5904 
v -38.5081 4.62444 18.5823 
v -38.3861 4.5507 18.5184 
v -38.3412 4.54753 18.4747 
v -38.3141 4.58572 18.4367 
v -38.3298 4.65743 18.4177 
v -38.3503 4.71704 18.4393 
v -38.6608 4.7884 18.566 
v -38.6489 4.71192 18.6138 
v -38.6001 4.81764 18.5095 
v -38.4664 4.79422 18.4831 
v -38.3385 4.72907 18.4271 
v -38.2962 4.6581 18.3974 
v -38.3385 4.72907 18.4271 
v -38.2602 4.55459 18.4228 
v -38.2878 4.50778 18.4802 
v -38.3797 4.51378 18.5355 
v -38.5255 4.60517 18.6014 
v -38.3797 4.51378 18.5355 
v -36.9411 4.73661 18.5479 
v -36.6856 4.76226 18.5479 
v -36.7078 4.7621 18.4863 
v -36.9414 4.74546 18.4577 
v -36.9408 4.67904 18.6079 
v -36.7093 4.71478 18.5906 
v -36.9586 4.58675 18.6232 
v -36.734 4.63838 18.6002 
v -36.9586 4.49539 18.5895 
v -36.7362 4.54592 18.5871 
v -36.9404 4.5375 18.4904 
v -36.7667 4.49588 18.5398 
v -36.9404 4.5375 18.4904 
v -36.9407 4.47768 18.3931 
v -36.798 4.49365 18.4469 
v -36.7667 4.49588 18.5398 
v -36.9409 4.53524 18.3331 
v -36.7669 4.5508 18.3958 
v -36.9412 4.621 18.3249 
v -36.7505 4.64864 18.3928 
v -36.9414 4.7013 18.3725 
v -36.7295 4.71847 18.4259 
v -36.7295 4.71847 18.4259 
v -36.9414 4.7013 18.3725 
v -36.5136 4.79422 18.4831 
v -36.38 4.81764 18.5095 
v -36.3926 4.78939 18.5074 
v -36.5227 4.77266 18.4855 
v -36.3192 4.7884 18.566 
v -36.3546 4.7663 18.5563 
v -36.3312 4.71192 18.6138 
v -36.3725 4.69277 18.5904 
v -36.4545 4.60517 18.6014 
v -36.4719 4.62444 18.5823 
v -36.6003 4.51378 18.5355 
v -36.5939 4.5507 18.5184 
v -36.6922 4.50778 18.4802 
v -36.6388 4.54753 18.4747 
v -36.7198 4.55459 18.4228 
v -36.6659 4.58572 18.4367 
v -36.6838 4.6581 18.3974 
v -36.6502 4.65743 18.4177 
v -36.6415 4.72907 18.4271 
v -36.6297 4.71704 18.4393 
v -36.3926 4.78939 18.5074 
v -36.7413 4.59704 18.5379 
v -36.5227 4.77266 18.4855 
v -36.3546 4.7663 18.5563 
v -36.3725 4.69277 18.5904 
v -36.4719 4.62444 18.5823 
v -36.5939 4.5507 18.5184 
v -36.6388 4.54753 18.4747 
v -36.6659 4.58572 18.4367 
v -36.6502 4.65743 18.4177 
v -36.6297 4.71704 18.4393 
v -36.3312 4.71192 18.6138 
v -36.3192 4.7884 18.566 
v -36.38 4.81764 18.5095 
v -36.5136 4.79422 18.4831 
v -36.6415 4.72907 18.4271 
v -36.6415 4.72907 18.4271 
v -36.6838 4.6581 18.3974 
v -36.7198 4.55459 18.4228 
v -36.6922 4.50778 18.4802 
v -36.6003 4.51378 18.5355 
v -36.6003 4.51378 18.5355 
v -36.4545 4.60517 18.6014 
v -37.4288 4.57081 17.6372 
v -37.4718 4.57265 17.6235 
v -37.471 4.63535 17.6297 
v -37.4151 4.6235 17.6424 
v -37.4055 4.69804 17.7067 
v -37.4702 4.72184 17.7091 
v -37.4696 4.66663 17.764 
v -37.4249 4.65018 17.7624 
v -37.4384 4.55368 17.7528 
v -37.4709 4.55404 17.7529 
v -37.4721 4.55893 17.6929 
v -37.425 4.55839 17.6929 
v -37.5539 4.55045 17.6921 
v -37.5275 4.54819 17.7523 
v -37.5535 4.58032 17.7555 
v -37.5916 4.59695 17.6967 
v -37.375 4.55783 17.6928 
v -37.3449 4.60395 17.6974 
v -37.383 4.58516 17.756 
v -37.4038 4.55329 17.7528 
v -37.5787 4.64733 17.7017 
v -37.5446 4.61514 17.7589 
v -37.5123 4.65369 17.7627 
v -37.5319 4.70312 17.7072 
v -37.5125 4.55474 17.6925 
v -37.4988 4.55115 17.7526 
v -37.5275 4.54819 17.7523 
v -37.5539 4.55045 17.6921 
v -37.5252 4.62017 17.6421 
v -37.5086 4.56748 17.6368 
v -37.5464 4.56081 17.6643 
v -37.5808 4.60322 17.6685 
v -37.411 4.69818 17.6498 
v -37.47 4.72125 17.6382 
v -37.3503 4.64569 17.7015 
v -37.3867 4.61401 17.7588 
v -37.5446 4.61514 17.7589 
v -37.5787 4.64733 17.7017 
v -37.569 4.64917 17.6731 
v -37.5264 4.70281 17.6502 
v -37.3832 4.56753 17.665 
v -37.3558 4.6096 17.6691 
v -37.4038 4.55329 17.7528 
v -37.375 4.55783 17.6928 
v -37.3503 4.64569 17.7015 
v -37.3867 4.61401 17.7588 
v -37.3607 4.64768 17.6729 
v -37.4696 4.66663 17.764 
v -37.569 4.64917 17.6731 
v -37.5264 4.70281 17.6502 
v -37.5808 4.60322 17.6685 
v -37.5464 4.56081 17.6643 
v -37.5464 4.56081 17.6643 
v -37.5086 4.56748 17.6368 
v -37.4718 4.57265 17.6235 
v -37.4288 4.57081 17.6372 
v -37.3832 4.56753 17.665 
v -37.3832 4.56753 17.665 
v -37.3558 4.6096 17.6691 
v -37.3607 4.64768 17.6729 
v -37.411 4.69818 17.6498 
v -37.47 4.72125 17.6382 
v -37.6376 4.17908 17.6841 
v -37.6498 4.1233 17.681 
v -37.7279 4.16996 17.7194 
v -37.6934 4.21243 17.7115 
v -37.6991 4.16924 17.7788 
v -37.6211 4.12259 17.7404 
v -37.6154 4.17853 17.7297 
v -37.6712 4.21188 17.7572 
v -37.6238 4.21028 17.7246 
v -37.6385 4.21064 17.6944 
v -37.6632 4.22542 17.7066 
v -37.6485 4.22506 17.7368 
v -37.6154 4.17853 17.7297 
v -37.6211 4.12259 17.7404 
v -37.6498 4.1233 17.681 
v -37.6376 4.17908 17.6841 
v -37.6934 4.21243 17.7115 
v -37.7279 4.16996 17.7194 
v -37.6991 4.16924 17.7788 
v -37.6712 4.21188 17.7572 
v -37.6238 4.21028 17.7246 
v -37.6485 4.22506 17.7368 
v -37.6385 4.21064 17.6944 
v -37.6238 4.21028 17.7246 
v -37.6632 4.22542 17.7066 
v -37.6385 4.21064 17.6944 
v -37.6485 4.22506 17.7368 
v -37.6632 4.22542 17.7066 
v -37.5393 4.15106 17.6534 
v -37.4688 4.15106 17.6534 
v -37.4569 4.09414 17.6514 
v -37.5556 4.09414 17.6514 
v -37.4569 4.10259 17.7168 
v -37.4688 4.15756 17.7038 
v -37.5393 4.15756 17.7038 
v -37.5556 4.10259 17.7168 
v -37.4884 4.18164 17.692 
v -37.4884 4.17733 17.6587 
v -37.5197 4.17733 17.6587 
v -37.5197 4.18164 17.692 
v -37.4688 4.15106 17.6534 
v -37.4688 4.15756 17.7038 
v -37.4569 4.10259 17.7168 
v -37.4569 4.09414 17.6514 
v -37.5393 4.15106 17.6534 
v -37.5556 4.09414 17.6514 
v -37.5556 4.10259 17.7168 
v -37.5393 4.15756 17.7038 
v -37.4884 4.18164 17.692 
v -37.5197 4.18164 17.692 
v -37.4884 4.17733 17.6587 
v -37.4884 4.18164 17.692 
v -37.5197 4.17733 17.6587 
v -37.4884 4.17733 17.6587 
v -37.5197 4.18164 17.692 
v -37.5197 4.17733 17.6587 
v -37.7119 4.34707 17.6832 
v -37.7663 4.32883 17.7076 
v -37.7877 4.36204 17.7115 
v -37.7116 4.38755 17.6774 
v -37.7632 4.3598 17.7644 
v -37.7474 4.32711 17.7483 
v -37.693 4.34535 17.7239 
v -37.6871 4.38532 17.7303 
v -37.7299 4.31104 17.7311 
v -37.7423 4.31218 17.7042 
v -37.7182 4.32027 17.6934 
v -37.7057 4.31913 17.7203 
v -37.7474 4.32711 17.7483 
v -37.7632 4.3598 17.7644 
v -37.7877 4.36204 17.7115 
v -37.7663 4.32883 17.7076 
v -37.7119 4.34707 17.6832 
v -37.7116 4.38755 17.6774 
v -37.6871 4.38532 17.7303 
v -37.693 4.34535 17.7239 
v -37.7299 4.31104 17.7311 
v -37.7057 4.31913 17.7203 
v -37.7423 4.31218 17.7042 
v -37.7299 4.31104 17.7311 
v -37.7182 4.32027 17.6934 
v -37.7423 4.31218 17.7042 
v -37.7057 4.31913 17.7203 
v -37.7182 4.32027 17.6934 
v -37.455 4.37045 17.6466 
v -37.5465 4.37045 17.6466 
v -37.5619 4.42578 17.6368 
v -37.4339 4.42578 17.6368 
v -37.5619 4.42578 17.7224 
v -37.5465 4.37045 17.7125 
v -37.455 4.37045 17.7125 
v -37.4339 4.42578 17.7224 
v -37.5211 4.33752 17.7014 
v -37.5211 4.33752 17.6578 
v -37.4805 4.33752 17.6578 
v -37.4805 4.33752 17.7014 
v -37.5465 4.37045 17.7125 
v -37.5619 4.42578 17.7224 
v -37.5619 4.42578 17.6368 
v -37.5465 4.37045 17.6466 
v -37.455 4.37045 17.6466 
v -37.4339 4.42578 17.6368 
v -37.4339 4.42578 17.7224 
v -37.455 4.37045 17.7125 
v -37.5211 4.33752 17.7014 
v -37.4805 4.33752 17.7014 
v -37.5211 4.33752 17.6578 
v -37.5211 4.33752 17.7014 
v -37.4805 4.33752 17.6578 
v -37.5211 4.33752 17.6578 
v -37.4805 4.33752 17.7014 
v -37.4805 4.33752 17.6578 
v -37.3293 4.35053 17.7284 
v -37.419 4.35942 17.7013 
v -37.4273 4.41817 17.6932 
v -37.3019 4.40575 17.7311 
v -37.4533 4.41096 17.7769 
v -37.439 4.35386 17.7658 
v -37.3493 4.34498 17.7929 
v -37.3279 4.39854 17.8148 
v -37.4129 4.31875 17.7588 
v -37.3997 4.32242 17.7162 
v -37.3599 4.31848 17.7282 
v -37.3732 4.31481 17.7708 
v -37.439 4.35386 17.7658 
v -37.4533 4.41096 17.7769 
v -37.4273 4.41817 17.6932 
v -37.419 4.35942 17.7013 
v -37.3293 4.35053 17.7284 
v -37.3019 4.40575 17.7311 
v -37.3279 4.39854 17.8148 
v -37.3493 4.34498 17.7929 
v -37.4129 4.31875 17.7588 
v -37.3732 4.31481 17.7708 
v -37.3997 4.32242 17.7162 
v -37.4129 4.31875 17.7588 
v -37.3599 4.31848 17.7282 
v -37.3997 4.32242 17.7162 
v -37.3732 4.31481 17.7708 
v -37.3599 4.31848 17.7282 
v -37.3296 4.18987 17.737 
v -37.2748 4.21715 17.7609 
v -37.2379 4.18962 17.7557 
v -37.3109 4.13728 17.7222 
v -37.2556 4.17956 17.8186 
v -37.2884 4.20941 17.8094 
v -37.3431 4.18213 17.7855 
v -37.3285 4.12722 17.7852 
v -37.3409 4.21084 17.7851 
v -37.3166 4.22293 17.7957 
v -37.3076 4.22805 17.7637 
v -37.3319 4.21596 17.7531 
v -37.2748 4.21715 17.7609 
v -37.2884 4.20941 17.8094 
v -37.2556 4.17956 17.8186 
v -37.2379 4.18962 17.7557 
v -37.3296 4.18987 17.737 
v -37.3109 4.13728 17.7222 
v -37.3285 4.12722 17.7852 
v -37.3431 4.18213 17.7855 
v -37.3166 4.22293 17.7957 
v -37.3409 4.21084 17.7851 
v -37.3076 4.22805 17.7637 
v -37.3166 4.22293 17.7957 
v -37.3319 4.21596 17.7531 
v -37.3076 4.22805 17.7637 
v -37.3409 4.21084 17.7851 
v -37.3319 4.21596 17.7531 
v -37.2207 4.3246 17.8361 
v -37.2637 4.33453 17.7799 
v -37.2598 4.37862 17.7694 
v -37.1995 4.36474 17.848 
v -37.3125 4.38141 17.8104 
v -37.3043 4.33667 17.8114 
v -37.2612 4.32675 17.8676 
v -37.2523 4.36752 17.8889 
v -37.2885 4.3081 17.8196 
v -37.2616 4.30669 17.7987 
v -37.2425 4.30229 17.8236 
v -37.2694 4.3037 17.8445 
v -37.3043 4.33667 17.8114 
v -37.3125 4.38141 17.8104 
v -37.2598 4.37862 17.7694 
v -37.2637 4.33453 17.7799 
v -37.2207 4.3246 17.8361 
v -37.1995 4.36474 17.848 
v -37.2523 4.36752 17.8889 
v -37.2612 4.32675 17.8676 
v -37.2885 4.3081 17.8196 
v -37.2694 4.3037 17.8445 
v -37.2616 4.30669 17.7987 
v -37.2885 4.3081 17.8196 
v -37.2425 4.30229 17.8236 
v -37.2616 4.30669 17.7987 
v -37.2694 4.3037 17.8445 
v -37.2425 4.30229 17.8236 
v -38.2609 4.59857 18.4283 
v -38.1824 4.71823 18.142 
v -38.2027 4.59857 18.1336 
v -38.1615 4.71783 18.1106 
v -38.133 4.56271 17.9836 
v -37.4908 4.68519 17.7542 
v -37.4908 4.66772 17.6582 
v -37.7002 4.59857 17.6985 
v -37.6874 4.62854 17.7853 
v -38.2332 4.74947 18.4283 
v -38.1967 4.89458 18.4283 
v -38.1667 4.80228 18.1493 
v -38.179 4.74947 18.1442 
v -38.1631 4.76026 18.114 
v -38.1738 4.74616 18.1369 
v -38.16 4.80275 18.1291 
v -38.1453 4.8076 18.1172 
v -37.6694 4.85947 17.8727 
v -37.4908 4.89458 17.8481 
v -37.4908 4.74947 17.8058 
v -37.6697 4.70998 17.8243 
v -38.1447 5.02831 18.4283 
v -38.0954 5.02831 18.1781 
v -38.1434 4.89458 18.1582 
v -38.1967 4.89458 18.4283 
v -38.0838 4.99342 18.1065 
v -38.1311 4.8931 18.1397 
v -37.7021 4.92299 17.8378 
v -37.4908 5.02831 17.8217 
v -38.0702 5.14552 18.4283 
v -38.0266 5.14552 18.2066 
v -37.9078 5.12584 18.0186 
v -37.9463 5.0273 17.9757 
v -37.9097 5.10192 17.9891 
v -37.8697 5.06583 17.9401 
v -37.713 5.08614 17.893 
v -37.7632 4.98622 17.8566 
v -37.9736 5.22794 18.4283 
v -37.9373 5.22794 18.2436 
v -37.8326 5.22794 18.0869 
v -37.6997 5.18983 17.9279 
v -37.7271 5.14367 17.8758 
v -37.4929 5.20892 17.9174 
v -37.4929 5.18476 17.8567 
v -37.8453 5.3132 18.4283 
v -37.8187 5.3132 18.2927 
v -37.7419 5.3132 18.1777 
v -37.6269 5.3132 18.1008 
v -37.676 5.22794 17.9823 
v -37.4908 5.3132 18.0738 
v -37.4908 5.22794 17.9455 
v -37.7034 5.35722 18.4283 
v -37.6877 5.35722 18.347 
v -37.6416 5.35722 18.278 
v -37.5726 5.35722 18.2319 
v -37.4908 5.35722 18.2157 
v -37.4905 5.37208 18.4283 
v -38.2188 4.31875 18.127 
v -38.2783 4.31875 18.4283 
v -38.0179 4.48358 17.8556 
v -37.7829 4.52045 17.7146 
v -37.9502 4.38779 17.7571 
v -38.0481 4.31875 17.8715 
v -37.4908 4.66772 17.6582 
v -37.4908 4.5118 17.6368 
v -37.5854 4.48768 17.6629 
v -37.7002 4.59857 17.6985 
v -38.2109 3.98293 18.1302 
v -38.2698 3.98293 18.4283 
v -38.0421 3.98293 17.8775 
v -37.7491 4.11517 17.6711 
v -37.8103 4.23395 17.6925 
v -37.6749 4.13878 17.6334 
v -38.044 4.71521 18.1176 
v -37.9227 4.67833 18.0889 
v -38.0527 4.68702 18.1098 
v -37.9761 4.794 18.0759 
v -38.0186 4.75477 18.1053 
v -37.9409 4.81073 18.0497 
v -37.909 4.81093 18.0237 
v -37.8703 4.80247 17.9927 
v -37.8432 4.77308 17.9629 
v -37.8289 4.74541 17.9438 
v -37.8295 4.67724 17.9247 
v -37.8392 4.64574 17.9236 
v -37.8462 4.62146 17.9224 
v -37.885 4.58258 17.9291 
v -37.8462 4.62146 17.9224 
v -37.9916 4.56547 17.9928 
v -38.0418 4.59784 18.0479 
v -38.0539 4.66951 18.1064 
v -37.8465 5.00449 17.9234 
v -38.1667 4.80228 18.1493 
v -36.7202 4.59857 18.4283 
v -36.7788 4.59857 18.1336 
v -36.7887 4.71823 18.1602 
v -36.8201 4.71783 18.1106 
v -36.8791 4.59857 17.9836 
v -37.3341 4.64519 17.7853 
v -37.2879 4.59857 17.6985 
v -36.7479 4.74947 18.4283 
v -36.7908 4.74947 18.1716 
v -36.8062 4.80228 18.1675 
v -36.7843 4.89458 18.4283 
v -36.8149 4.74947 18.122 
v -36.8271 4.79752 18.1187 
v -37.3974 4.74947 17.8243 
v -37.3747 4.89458 17.8727 
v -36.8381 4.89458 18.1582 
v -36.8861 5.02831 18.1781 
v -36.8363 5.02831 18.4283 
v -36.873 4.89458 18.1059 
v -36.9763 5.02831 18.043 
v -37.3179 5.02831 17.8593 
v -36.955 5.14552 18.2066 
v -36.9109 5.14552 18.4283 
v -37.0806 5.14552 18.0186 
v -37.0438 5.07562 17.9818 
v -37.1416 5.10542 17.9234 
v -37.2686 5.15631 17.8837 
v -37.2535 5.07838 17.8566 
v -37.0443 5.22794 18.2436 
v -37.0075 5.22794 18.4283 
v -37.1489 5.22794 18.0869 
v -37.3055 5.22794 17.9823 
v -37.1628 5.3132 18.2927 
v -37.1358 5.3132 18.4283 
v -37.2396 5.3132 18.1777 
v -37.3547 5.3132 18.1008 
v -37.2939 5.35722 18.347 
v -37.2777 5.35722 18.4283 
v -37.34 5.35722 18.278 
v -37.4089 5.35722 18.2319 
v -36.7028 4.31875 18.4283 
v -36.7627 4.31875 18.127 
v -36.9334 4.31875 17.8533 
v -36.9909 4.53244 17.8817 
v -37.2487 4.11138 17.6673 
v -37.1256 4.27118 17.7177 
v -37.0347 4.39329 17.7731 
v -37.2879 4.59857 17.6985 
v -37.3956 4.49091 17.664 
v -36.7113 3.98293 18.4283 
v -36.7706 3.98293 18.1302 
v -36.9395 3.98293 17.8745 
v -37.4156 4.10525 17.6012 
v -37.3898 4.06145 17.6393 
v -37.4923 4.05516 17.621 
v -37.4932 4.09489 17.5892 
v -36.922 4.77567 18.0714 
v -37.0466 4.77542 18.0557 
v -36.9608 4.78179 18.0682 
v -37.0214 4.861 18.0732 
v -37.0503 4.88505 18.0739 
v -37.156 4.88311 18.0119 
v -37.0958 4.89762 18.0478 
v -37.188 4.85585 17.9893 
v -37.2199 4.78172 17.953 
v -37.2461 4.71059 17.9158 
v -37.1803 4.61827 17.9118 
v -37.2236 4.65283 17.9072 
v -37.1398 4.59746 17.915 
v -37.1803 4.61827 17.9118 
v -37.0466 4.77542 18.0557 
v -37.0466 4.77542 18.0557 
v -37.0215 4.58257 17.9514 
v -37.1398 4.59746 17.915 
v -36.9606 4.61462 18.0049 
v -37.0215 4.58257 17.9514 
v -36.9149 4.73438 18.0545 
v -36.918 4.71525 18.0506 
v -38.1318 4.79665 18.1316 
v -38.0836 4.85388 18.1059 
v -38.0186 4.75477 18.1053 
v -38.044 4.71521 18.1176 
v -38.1631 4.76026 18.114 
v -38.0527 4.68702 18.1098 
v -37.9913 4.92647 18.043 
v -37.9761 4.794 18.0759 
v -37.9191 4.97108 17.9818 
v -37.9409 4.81073 18.0497 
v -37.8465 5.00449 17.9234 
v -37.909 4.81093 18.0237 
v -37.7632 4.98622 17.8566 
v -37.8703 4.80247 17.9927 
v -37.7021 4.92299 17.8378 
v -37.8432 4.77308 17.9629 
v -37.6694 4.85947 17.8727 
v -37.8289 4.74541 17.9438 
v -37.6697 4.70998 17.8243 
v -37.8295 4.67724 17.9247 
v -37.6874 4.62854 17.7853 
v -37.7002 4.59857 17.6985 
v -37.8462 4.62146 17.9224 
v -37.8392 4.64574 17.9236 
v -37.7829 4.52045 17.7146 
v -37.885 4.58258 17.9291 
v -38.0179 4.48358 17.8556 
v -37.9916 4.56547 17.9928 
v -38.133 4.56271 17.9836 
v -38.0418 4.59784 18.0479 
v -38.1615 4.71783 18.1106 
v -38.0539 4.66951 18.1064 
v -36.8149 4.74947 18.122 
v -36.9149 4.73438 18.0545 
v -36.922 4.77567 18.0714 
v -36.8271 4.79752 18.1187 
v -36.873 4.89458 18.1059 
v -36.9608 4.78179 18.0682 
v -37.0214 4.861 18.0732 
v -36.9763 5.02831 18.043 
v -37.0503 4.88505 18.0739 
v -37.0438 5.07562 17.9818 
v -37.1416 5.10542 17.9234 
v -37.0958 4.89762 18.0478 
v -37.156 4.88311 18.0119 
v -37.2535 5.07838 17.8566 
v -37.3179 5.02831 17.8593 
v -37.188 4.85585 17.9893 
v -37.3747 4.89458 17.8727 
v -37.2199 4.78172 17.953 
v -37.3974 4.74947 17.8243 
v -37.2461 4.71059 17.9158 
v -37.3341 4.64519 17.7853 
v -37.2236 4.65283 17.9072 
v -37.1803 4.61827 17.9118 
v -37.2879 4.59857 17.6985 
v -37.1947 4.54968 17.7146 
v -37.1398 4.59746 17.915 
v -36.9909 4.53244 17.8817 
v -37.0215 4.58257 17.9514 
v -36.8791 4.59857 17.9836 
v -36.9606 4.61462 18.0049 
v -36.8201 4.71783 18.1106 
v -36.918 4.71525 18.0506 
v -38.0618 4.97977 18.083 
v -38.017 4.96624 18.0361 
v -38.1067 4.89215 18.0883 
v -38.1235 4.8811 18.114 
v -37.6861 5.20823 17.9579 
v -38.1318 4.79665 18.1316 
v -38.1631 4.76026 18.114 
v -38.1453 4.8076 18.1172 
v -38.16 4.80275 18.1291 
v -38.1738 4.74616 18.1369 
v -37.9191 4.97108 17.9818 
v -37.9463 5.0273 17.9757 
v -37.8697 5.06583 17.9401 
v -37.8465 5.00449 17.9234 
v -37.9078 5.12584 18.0186 
v -37.6861 5.20823 17.9579 
v -37.6997 5.18983 17.9279 
v -37.9097 5.10192 17.9891 
v -37.4929 5.20892 17.9174 
v -37.4908 5.14552 17.8489 
v -37.713 5.08614 17.893 
v -37.7271 5.14367 17.8758 
v -37.4929 5.18476 17.8567 
v -37.2686 5.15631 17.8837 
v -38.0618 4.97977 18.083 
v -38.0838 4.99342 18.1065 
v -37.9913 4.92647 18.043 
v -38.017 4.96624 18.0361 
v -38.1235 4.8811 18.114 
v -38.1311 4.8931 18.1397 
v -38.0836 4.85388 18.1059 
v -38.1067 4.89215 18.0883 
v -37.5757 4.10497 17.6017 
v -37.6009 4.06128 17.6402 
v -37.3335 4.13251 17.6271 
v -37.2019 3.98327 17.7032 
v -37.1982 4.43209 17.7243 
v -37.1514 4.42447 17.7426 
v -37.1472 4.36813 17.6896 
v -37.3054 4.39414 17.6383 
v -37.2982 4.46287 17.701 
v -37.1947 4.54968 17.7146 
v -37.6602 4.45307 17.6954 
v -37.7367 4.42096 17.7016 
v -37.3054 4.39414 17.6383 
v -37.1472 4.36813 17.6896 
v -37.1653 4.36358 17.6931 
v -37.3145 4.38754 17.6437 
v -37.4908 4.41999 17.5847 
v -37.4892 4.41164 17.592 
v -37.5416 4.40318 17.5996 
v -37.547 4.41092 17.5929 
v -37.9282 4.38629 17.7607 
v -37.7914 4.23618 17.6972 
v -37.8103 4.23395 17.6925 
v -37.9502 4.38779 17.7571 
v -37.4156 4.10525 17.6012 
v -37.4932 4.09489 17.5892 
v -37.4914 4.10325 17.5966 
v -37.4191 4.11291 17.6078 
v -37.1472 4.36813 17.6896 
v -37.0347 4.39329 17.7731 
v -37.0567 4.38975 17.7756 
v -37.1653 4.36358 17.6931 
v -37.1256 4.27118 17.7177 
v -37.142 4.27261 17.7212 
v -37.3335 4.13251 17.6271 
v -37.3425 4.13832 17.6326 
v -37.2882 4.1662 17.655 
v -37.2752 4.16241 17.6505 
v -37.5757 4.10497 17.6017 
v -37.6749 4.13878 17.6334 
v -37.6609 4.14416 17.639 
v -37.5683 4.11264 17.6082 
v -37.8103 4.23395 17.6925 
v -37.7914 4.23618 17.6972 
v -37.2752 4.16241 17.6505 
v -37.2882 4.1662 17.655 
v -37.4316 4.41522 17.5943 
v -37.434 4.40719 17.601 
v -37.6582 4.39083 17.6308 
v -37.6479 4.38445 17.6367 
v -37.8093 4.36241 17.6749 
v -37.8258 4.36635 17.6701 
v -37.9282 4.38629 17.7607 
v -37.9502 4.38779 17.7571 
v -37.3564 3.98338 17.6725 
v -37.491 3.9834 17.6461 
v -37.6334 3.98338 17.674 
v -37.7823 3.98327 17.7038 
v -37.4316 4.41522 17.5943 
v -37.4908 4.41999 17.5847 
v -37.547 4.41092 17.5929 
v -37.6582 4.39083 17.6308 
v -37.8258 4.36635 17.6701 
v -37.2752 4.16241 17.6505 
v -37.3564 3.98338 17.6725 
v -37.3597 3.93915 17.731 
v -37.4907 3.93915 17.705 
v -37.491 3.9834 17.6461 
v -37.6334 3.98338 17.674 
v -37.6294 3.93915 17.7325 
v -37.7823 3.98327 17.7038 
v -37.768 3.93915 17.76 
v -38.0027 3.93915 17.9168 
v -38.0421 3.98293 17.8775 
v -38.1595 3.93915 18.1515 
v -38.2109 3.98293 18.1302 
v -38.2141 3.93915 18.4283 
v -38.2698 3.98293 18.4283 
v -36.7113 3.98293 18.4283 
v -36.7669 3.93915 18.4283 
v -36.822 3.93915 18.1515 
v -36.7706 3.98293 18.1302 
v -36.9788 3.93915 17.9168 
v -36.9395 3.98293 17.8745 
v -37.2135 3.93915 17.76 
v -37.2019 3.98327 17.7032 
v -37.4908 5.14552 17.8489 
v -38.0349 4.59857 18.9729 
v -38.0153 4.74947 18.9533 
v -38.1762 4.74947 18.7124 
v -38.2018 4.59857 18.7231 
v -37.785 4.59857 19.1398 
v -37.7744 4.74947 19.1142 
v -37.4903 4.59857 19.1985 
v -37.4903 4.74947 19.1707 
v -37.1956 4.59857 19.1398 
v -37.2062 4.74947 19.1142 
v -37.4903 4.59857 19.1985 
v -36.9458 4.59857 18.9729 
v -36.9654 4.74947 18.9533 
v -36.7788 4.59857 18.7231 
v -36.8044 4.74947 18.7124 
v -36.7202 4.59857 18.4283 
v -36.7479 4.74947 18.4283 
v -38.2332 4.74947 18.4283 
v -38.2609 4.59857 18.4283 
v -37.9895 4.89458 18.9275 
v -38.1425 4.89458 18.6985 
v -37.7605 4.89458 19.0806 
v -37.4903 4.89458 19.1343 
v -37.2201 4.89458 19.0806 
v -36.9911 4.89458 18.9275 
v -36.8381 4.89458 18.6985 
v -36.7843 4.89458 18.4283 
v -38.1967 4.89458 18.4283 
v -37.9527 5.02831 18.8908 
v -38.0945 5.02831 18.6786 
v -37.7406 5.02831 19.0325 
v -37.4903 5.02831 19.0823 
v -37.24 5.02831 19.0325 
v -37.0279 5.02831 18.8908 
v -36.8861 5.02831 18.6786 
v -36.8363 5.02831 18.4283 
v -38.1447 5.02831 18.4283 
v -37.9 5.14552 18.8381 
v -38.0257 5.14552 18.6501 
v -37.7121 5.14552 18.9637 
v -37.4903 5.14552 19.0078 
v -37.2686 5.14552 18.9637 
v -37.0806 5.14552 18.8381 
v -36.955 5.14552 18.6501 
v -36.9109 5.14552 18.4283 
v -38.0702 5.14552 18.4283 
v -37.8317 5.22794 18.7697 
v -37.9364 5.22794 18.6131 
v -37.6751 5.22794 18.8744 
v -37.4903 5.22794 18.9112 
v -37.3055 5.22794 18.8744 
v -37.1489 5.22794 18.7697 
v -37.0443 5.22794 18.6131 
v -37.0075 5.22794 18.4283 
v -37.9736 5.22794 18.4283 
v -37.741 5.3132 18.679 
v -37.8178 5.3132 18.564 
v -37.626 5.3132 18.7558 
v -37.4903 5.3132 18.7828 
v -37.3547 5.3132 18.7559 
v -37.2396 5.3132 18.679 
v -37.1628 5.3132 18.564 
v -37.1358 5.3132 18.4283 
v -37.8453 5.3132 18.4283 
v -37.6407 5.35722 18.5787 
v -37.6868 5.35722 18.5097 
v -37.5717 5.35722 18.6248 
v -37.4903 5.35722 18.641 
v -37.4089 5.35722 18.6248 
v -37.34 5.35722 18.5787 
v -37.2939 5.35722 18.5097 
v -37.2777 5.35722 18.4283 
v -37.7034 5.35722 18.4283 
v -37.4905 5.37208 18.4283 
v -38.2179 4.31875 18.7297 
v -38.0472 4.31875 18.9852 
v -37.7917 4.31875 19.1559 
v -37.4903 4.31875 19.2159 
v -37.4903 4.31875 19.2159 
v -37.1889 4.31875 19.1559 
v -36.9334 4.31875 18.9852 
v -36.7627 4.31875 18.7297 
v -36.7028 4.31875 18.4283 
v -38.2783 4.31875 18.4283 
v -38.2698 3.98293 18.4283 
v -38.21 3.98293 18.7265 
v -38.0412 3.98293 18.9792 
v -37.7884 3.98293 19.1481 
v -37.4903 3.98293 19.2074 
v -37.4903 3.98293 19.2074 
v -37.1922 3.98293 19.1481 
v -36.9395 3.98293 18.9792 
v -36.7706 3.98293 18.7265 
v -36.7113 3.98293 18.4283 
v -38.0018 3.93915 18.9399 
v -38.1586 3.93915 18.7052 
v -37.4905 3.93915 18.4284 
v -37.7672 3.93915 19.0967 
v -37.4903 3.93915 19.1517 
v -37.2135 3.93915 19.0967 
v -36.9788 3.93915 18.9399 
v -36.822 3.93915 18.7052 
v -36.7669 3.93915 18.4283 
v -38.2141 3.93915 18.4283 
v -38.2698 3.98293 18.4283 
v -38.2141 3.93915 18.4283 
v -38.1586 3.93915 18.7052 
v -38.21 3.98293 18.7265 
v -38.0018 3.93915 18.9399 
v -38.0412 3.98293 18.9792 
v -37.7672 3.93915 19.0967 
v -37.7884 3.98293 19.1481 
v -37.4903 3.93915 19.1517 
v -37.4903 3.98293 19.2074 
v -37.4903 3.98293 19.2074 
v -37.4903 3.93915 19.1517 
v -37.2135 3.93915 19.0967 
v -37.1922 3.98293 19.1481 
v -36.9788 3.93915 18.9399 
v -36.9395 3.98293 18.9792 
v -36.822 3.93915 18.7052 
v -36.7706 3.98293 18.7265 
v -36.7669 3.93915 18.4283 
v -36.7113 3.98293 18.4283 
v -38.2141 3.93915 18.4283 
v -38.1595 3.93915 18.1515 
v -37.4905 3.93915 18.4284 
v -38.0027 3.93915 17.9168 
v -37.768 3.93915 17.76 
v -37.6294 3.93915 17.7325 
v -36.822 3.93915 18.1515 
v -36.7669 3.93915 18.4283 
v -36.9788 3.93915 17.9168 
v -37.2135 3.93915 17.76 
v -37.3597 3.93915 17.731 
v -37.4907 3.93915 17.705 
v -37.4908 4.31875 17.8732 
v -37.3508 4.36046 17.9073 
v -37.2358 4.33414 17.9321 
v -37.5362 4.37499 17.8905 
v -37.4876 4.38283 17.8825 
v -37.4908 4.31875 17.8732 
v -37.7081 4.16948 17.9163 
v -37.7488 4.24992 17.9308 
v -37.4908 4.31875 17.8732 
v -37.4225 4.09993 17.8919 
v -37.4897 4.12367 17.8823 
v -37.2358 4.33414 17.9321 
v -37.185 4.32118 17.9436 
v -37.1583 4.25349 17.9315 
v -37.4908 4.31875 17.8732 
v -37.301 4.1494 17.9192 
v -37.3514 4.12352 17.9069 
v -37.5611 4.09968 17.8923 
v -37.647 4.12895 17.9044 
v -37.7081 4.16948 17.9163 
v -37.301 4.1494 17.9192 
v -37.4363 4.37871 17.8918 
v -37.6782 4.32624 17.9152 
v -37.5988 4.3576 17.9008 
v -37.7488 4.24992 17.9308 
v -37.185 4.32118 17.9436 
v -37.0567 4.38975 17.7756 
v -37.142 4.27261 17.7212 
v -37.1583 4.25349 17.9315 
v -37.0567 4.38975 17.7756 
v -37.2358 4.33414 17.9321 
v -37.1653 4.36358 17.6931 
v -37.1653 4.36358 17.6931 
v -37.2358 4.33414 17.9321 
v -37.3508 4.36046 17.9073 
v -37.3145 4.38754 17.6437 
v -37.4363 4.37871 17.8918 
v -37.434 4.40719 17.601 
v -37.4876 4.38283 17.8825 
v -37.4892 4.41164 17.592 
v -37.5416 4.40318 17.5996 
v -37.5362 4.37499 17.8905 
v -37.6479 4.38445 17.6367 
v -37.5988 4.3576 17.9008 
v -37.6782 4.32624 17.9152 
v -37.8093 4.36241 17.6749 
v -37.7488 4.24992 17.9308 
v -37.9282 4.38629 17.7607 
v -37.7488 4.24992 17.9308 
v -37.7081 4.16948 17.9163 
v -37.7914 4.23618 17.6972 
v -37.9282 4.38629 17.7607 
v -37.7914 4.23618 17.6972 
v -37.7081 4.16948 17.9163 
v -37.647 4.12895 17.9044 
v -37.6609 4.14416 17.639 
v -37.5611 4.09968 17.8923 
v -37.5683 4.11264 17.6082 
v -37.4897 4.12367 17.8823 
v -37.4914 4.10325 17.5966 
v -37.4191 4.11291 17.6078 
v -37.4225 4.09993 17.8919 
v -37.3425 4.13832 17.6326 
v -37.3514 4.12352 17.9069 
v -37.2882 4.1662 17.655 
v -37.301 4.1494 17.9192 
v -37.301 4.1494 17.9192 
v -37.2882 4.1662 17.655 

vn -0.456693 0.0708661 -0.889764 
vn -0.433071 0.0314961 -0.897638 
vn -0.228346 -0.385827 -0.889764 
vn -0.755906 -0.519685 -0.393701 
vn 0.984252 0.173228 0.0393701 
vn 0.984252 0.173228 0.0393701 
vn 0.866142 -0.433071 0.244094 
vn 0.866142 -0.299213 -0.401575 
vn -0.228346 -0.708661 0.661417 
vn -0.433071 -0.330709 0.834646 
vn -0.456693 -0.291339 0.84252 
vn -0.755906 -0.637795 0.15748 
vn -0.976378 -0.204724 -0.0472441 
vn -0.976378 -0.204724 -0.0472441 
vn -0.755906 -0.637795 0.15748 
vn -0.755906 -0.519685 -0.393701 
vn -0.228346 -0.385827 -0.889764 
vn -0.228346 -0.708661 0.661417 
vn -0.755906 -0.637795 0.15748 
vn -0.787402 -0.606299 -0.125984 
vn -0.787402 -0.606299 -0.125984 
vn -0.354331 -0.417323 0.834646 
vn -0.354331 -0.425197 0.834646 
vn 0.889764 0.448819 0.0944882 
vn 0.889764 0.448819 0.0944882 
vn -0.354331 -0.0472441 -0.937008 
vn -0.354331 -0.0472441 -0.937008 
vn -0.228346 -0.952756 -0.19685 
vn 0.188976 -0.96063 -0.204724 
vn 0.188976 -0.96063 -0.204724 
vn -0.228346 -0.952756 -0.19685 
vn -0.0866142 -0.645669 0.755906 
vn -0.0944882 -0.645669 0.755906 
vn 0.102362 -0.692913 0.708661 
vn 0.11811 -0.692913 0.708661 
vn 0.0629921 0.976378 0.204724 
vn -0.259843 0.944882 0.19685 
vn -0.259843 0.944882 0.19685 
vn 0.0629921 0.976378 0.204724 
vn -0.0866142 -0.291339 -0.952756 
vn 0.11811 -0.354331 -0.929134 
vn 0.102362 -0.354331 -0.929134 
vn -0.0944882 -0.283465 -0.952756 
vn 0.779528 -0.614173 -0.125984 
vn 0.905512 -0.425197 -0.0866142 
vn 0.905512 -0.425197 -0.0866142 
vn 0.779528 -0.614173 -0.125984 
vn 0.464567 -0.535433 0.700787 
vn 0.464567 -0.543307 0.700787 
vn 0.519685 -0.425197 0.740157 
vn 0.519685 -0.417323 0.748031 
vn -0.748031 0.645669 0.133858 
vn -0.874016 0.472441 0.0944882 
vn -0.874016 0.472441 0.0944882 
vn -0.748031 0.645669 0.133858 
vn 0.464567 -0.204724 -0.858268 
vn 0.519685 -0.0787402 -0.850394 
vn 0.519685 -0.0866142 -0.850394 
vn 0.464567 -0.212598 -0.858268 
vn 0.96063 0.259843 0.0551181 
vn 0.944882 0.314961 0.0629921 
vn 0.944882 0.314961 0.0629921 
vn 0.96063 0.259843 0.0551181 
vn 0.464567 -0.0629921 0.88189 
vn 0.456693 -0.0629921 0.889764 
vn 0.425197 -0.0314961 0.905512 
vn 0.425197 -0.0314961 0.905512 
vn -0.992126 -0.125984 -0.023622 
vn -0.992126 -0.11811 -0.023622 
vn -0.96063 -0.259843 -0.0551181 
vn -0.96063 -0.259843 -0.0551181 
vn 0.464567 0.275591 -0.84252 
vn 0.433071 0.307087 -0.84252 
vn 0.433071 0.307087 -0.84252 
vn 0.464567 0.283465 -0.84252 
vn 0.535433 0.110236 -0.834646 
vn 0.535433 0.0866142 -0.84252 
vn -0.976378 0.212598 0.0472441 
vn -0.976378 0.212598 0.0472441 
vn 0.535433 -0.23622 0.811024 
vn 0.535433 -0.259843 0.80315 
vn 0.992126 -0.110236 -0.023622 
vn 0.992126 -0.110236 -0.023622 
vn 0.291339 -0.346457 -0.889764 
vn 0.377953 -0.307087 -0.874016 
vn 0.370079 -0.314961 -0.874016 
vn 0.275591 -0.354331 -0.897638 
vn -0.480315 0.858268 0.181102 
vn -0.598425 0.779528 0.165354 
vn -0.598425 0.779528 0.165354 
vn -0.480315 0.858268 0.181102 
vn 0.291339 -0.677165 0.677165 
vn 0.275591 -0.685039 0.677165 
vn 0.370079 -0.637795 0.677165 
vn 0.377953 -0.629921 0.677165 
vn 0.472441 -0.866142 -0.181102 
vn 0.614173 -0.771654 -0.165354 
vn 0.614173 -0.771654 -0.165354 
vn 0.472441 -0.866142 -0.181102 
vn -0.314961 -0.0708661 -0.944882 
vn -0.307087 -0.0787402 -0.944882 
vn -0.23622 -0.173228 -0.96063 
vn -0.228346 -0.173228 -0.96063 
vn 0.669291 0.724409 0.149606 
vn 0.425197 0.88189 0.188976 
vn 0.425197 0.88189 0.188976 
vn 0.669291 0.724409 0.149606 
vn -0.314961 -0.448819 0.84252 
vn -0.228346 -0.543307 0.80315 
vn -0.23622 -0.543307 0.811024 
vn -0.307087 -0.448819 0.834646 
vn -0.677165 -0.716535 -0.149606 
vn -0.574803 -0.795276 -0.165354 
vn -0.574803 -0.795276 -0.165354 
vn -0.677165 -0.716535 -0.149606 
vn -0.409449 0.11811 -0.905512 
vn -0.370079 0.0629921 -0.929134 
vn -0.370079 0.0629921 -0.929134 
vn -0.401575 0.110236 -0.913386 
vn -0.464567 0.275591 -0.84252 
vn -0.464567 0.259843 -0.850394 
vn -0.448819 0.409449 -0.795276 
vn -0.448819 0.409449 -0.795276 
vn -0.401575 0.511811 -0.76378 
vn -0.401575 0.511811 -0.755906 
vn -0.330709 0.590551 -0.740157 
vn -0.322835 0.590551 -0.740157 
vn -0.259843 0.629921 -0.732283 
vn -0.244094 0.629921 -0.740157 
vn -0.125984 0.637795 -0.76378 
vn -0.110236 0.637795 -0.76378 
vn 0.0393701 0.598425 -0.80315 
vn 0.0472441 0.590551 -0.80315 
vn 0.173228 0.511811 -0.84252 
vn 0.173228 0.511811 -0.84252 
vn 0.204724 0.480315 -0.858268 
vn 0.204724 0.480315 -0.858268 
vn 0.291339 0.377953 -0.874016 
vn 0.307087 0.362205 -0.88189 
vn 0.425197 0.212598 -0.874016 
vn 0.433071 0.212598 -0.874016 
vn 0.551181 -0.488189 -0.677165 
vn 0.551181 -0.488189 -0.677165 
vn 0.866142 -0.299213 -0.401575 
vn 0.866142 -0.433071 0.244094 
vn 0.551181 -0.716535 0.425197 
vn 0.425197 -0.15748 0.889764 
vn 0.433071 -0.15748 0.889764 
vn 0.551181 -0.716535 0.425197 
vn 0.307087 -0.015748 0.952756 
vn 0.291339 0 0.952756 
vn 0.204724 0.0944882 0.976378 
vn 0.204724 0.0944882 0.976378 
vn 0.173228 0.125984 0.976378 
vn 0.173228 0.133858 0.976378 
vn 0.0472441 0.220472 0.976378 
vn 0.0393701 0.228346 0.976378 
vn -0.110236 0.275591 0.952756 
vn -0.125984 0.275591 0.952756 
vn -0.244094 0.283465 0.929134 
vn -0.259843 0.275591 0.92126 
vn -0.322835 0.251969 0.913386 
vn -0.330709 0.244094 0.913386 
vn -0.401575 0.165354 0.897638 
vn -0.401575 0.165354 0.897638 
vn -0.448819 0.0551181 0.889764 
vn -0.448819 0.0551181 0.889764 
vn -0.464567 -0.0866142 0.88189 
vn -0.464567 -0.102362 0.88189 
vn -0.409449 -0.23622 0.88189 
vn -0.409449 -0.244094 0.88189 
vn -0.377953 -0.283465 0.88189 
vn -0.377953 -0.283465 0.88189 
vn -0.76378 0.133858 0.629921 
vn -0.76378 0.133858 0.629921 
vn -0.889764 0.267717 0.377953 
vn -0.889764 0.267717 0.377953 
vn -0.566929 -0.015748 0.826772 
vn -0.566929 -0.015748 0.826772 
vn -0.314961 -0.15748 0.937008 
vn -0.314961 -0.15748 0.937008 
vn -0.0314961 -0.291339 0.952756 
vn -0.0314961 -0.291339 0.952756 
vn 0.251969 -0.393701 0.88189 
vn 0.251969 -0.393701 0.88189 
vn 0.511811 -0.456693 0.724409 
vn 0.511811 -0.456693 0.724409 
vn 0.724409 -0.472441 0.496063 
vn 0.724409 -0.472441 0.496063 
vn 0.866142 -0.448819 0.212598 
vn 0.866142 -0.448819 0.212598 
vn 0.724409 -0.472441 0.496063 
vn 0.724409 -0.472441 0.496063 
vn 0.92126 -0.377953 -0.0866142 
vn 0.92126 -0.377953 -0.0866142 
vn 0.889764 -0.267717 -0.377953 
vn 0.889764 -0.267717 -0.377953 
vn 0.76378 -0.133858 -0.629921 
vn 0.76378 -0.133858 -0.629921 
vn 0.566929 0.015748 -0.818898 
vn 0.566929 0.015748 -0.818898 
vn 0.314961 0.15748 -0.937008 
vn 0.314961 0.15748 -0.937008 
vn 0.0314961 0.291339 -0.952756 
vn 0.0314961 0.291339 -0.952756 
vn -0.251969 0.393701 -0.88189 
vn -0.251969 0.393701 -0.88189 
vn -0.519685 0.456693 -0.724409 
vn -0.519685 0.456693 -0.724409 
vn -0.724409 0.472441 -0.496063 
vn -0.724409 0.472441 -0.496063 
vn -0.866142 0.448819 -0.212598 
vn -0.866142 0.448819 -0.212598 
vn -0.92126 0.377953 0.0866142 
vn -0.92126 0.377953 0.0866142 
vn -0.385827 -0.88189 -0.283465 
vn -0.385827 -0.88189 -0.283465 
vn -0.385827 -0.88189 -0.283465 
vn -0.385827 -0.88189 -0.283465 
vn -0.385827 -0.88189 -0.283465 
vn -0.385827 -0.88189 -0.283465 
vn -0.385827 -0.88189 -0.283465 
vn -0.385827 -0.88189 -0.283465 
vn -0.385827 -0.88189 -0.283465 
vn -0.385827 -0.88189 -0.283465 
vn -0.385827 -0.88189 -0.283465 
vn -0.385827 -0.88189 -0.283465 
vn -0.385827 -0.88189 -0.283465 
vn -0.385827 -0.88189 -0.283465 
vn -0.385827 -0.88189 -0.283465 
vn -0.385827 -0.88189 -0.283465 
vn -0.385827 -0.88189 -0.283465 
vn -0.385827 -0.88189 -0.283465 
vn -0.385827 -0.88189 -0.283465 
vn -0.385827 -0.88189 -0.283465 
vn -0.385827 -0.88189 -0.283465 
vn -0.015748 0.96063 0.291339 
vn -0.015748 0.96063 0.291339 
vn -0.015748 0.96063 0.291339 
vn -0.015748 0.96063 0.291339 
vn -0.015748 0.96063 0.291339 
vn -0.015748 0.96063 0.291339 
vn -0.015748 0.96063 0.291339 
vn -0.015748 0.96063 0.291339 
vn -0.015748 0.96063 0.291339 
vn -0.015748 0.96063 0.291339 
vn -0.015748 0.96063 0.291339 
vn -0.015748 0.96063 0.291339 
vn -0.015748 0.96063 0.291339 
vn -0.015748 0.96063 0.291339 
vn -0.015748 0.96063 0.291339 
vn -0.015748 0.96063 0.291339 
vn -0.015748 0.96063 0.291339 
vn -0.015748 0.96063 0.291339 
vn -0.015748 0.96063 0.291339 
vn -0.015748 0.96063 0.291339 
vn -0.015748 0.96063 0.291339 
vn 0.834646 0.464567 -0.299213 
vn 0.834646 0.464567 -0.299213 
vn 0.92126 0.362205 -0.102362 
vn 0.92126 0.362205 -0.102362 
vn 0.952756 0.283465 0.11811 
vn 0.952756 0.283465 0.11811 
vn 0.913386 0.228346 0.346457 
vn 0.913386 0.228346 0.346457 
vn 0.80315 0.204724 0.559055 
vn 0.80315 0.204724 0.559055 
vn 0.80315 0.204724 0.559055 
vn 0.80315 0.204724 0.559055 
vn 0.645669 0.220472 0.732283 
vn 0.645669 0.220472 0.732283 
vn 0.440945 0.275591 0.850394 
vn 0.440945 0.275591 0.850394 
vn 0.228346 0.346457 0.905512 
vn 0.228346 0.346457 0.905512 
vn 0.00787402 0.448819 0.889764 
vn 0.00787402 0.448819 0.889764 
vn -0.181102 0.559055 0.811024 
vn -0.181102 0.559055 0.811024 
vn -0.330709 0.677165 0.661417 
vn -0.330709 0.677165 0.661417 
vn -0.425197 0.779528 0.464567 
vn -0.425197 0.779528 0.464567 
vn -0.448819 0.858268 0.244094 
vn -0.448819 0.858268 0.244094 
vn -0.409449 0.913386 0.015748 
vn -0.409449 0.913386 0.015748 
vn -0.307087 0.929134 -0.19685 
vn -0.307087 0.929134 -0.19685 
vn -0.141732 0.92126 -0.370079 
vn -0.141732 0.92126 -0.370079 
vn 0.0551181 0.866142 -0.488189 
vn 0.0551181 0.866142 -0.488189 
vn 0.275591 0.787402 -0.543307 
vn 0.275591 0.787402 -0.543307 
vn 0.488189 0.692913 -0.527559 
vn 0.488189 0.692913 -0.527559 
vn 0.685039 0.582677 -0.440945 
vn 0.685039 0.582677 -0.440945 
vn -0.716535 0.228346 0.653543 
vn -0.716535 0.228346 0.653543 
vn -0.84252 0.362205 0.401575 
vn -0.84252 0.362205 0.401575 
vn -0.519685 0.0787402 0.850394 
vn -0.519685 0.0787402 0.850394 
vn -0.275591 -0.0629921 0.96063 
vn -0.275591 -0.0629921 0.96063 
vn 0.00787402 -0.19685 0.984252 
vn 0.00787402 -0.19685 0.984252 
vn 0.291339 -0.291339 0.905512 
vn 0.291339 -0.291339 0.905512 
vn 0.551181 -0.362205 0.748031 
vn 0.551181 -0.362205 0.748031 
vn 0.76378 -0.377953 0.519685 
vn 0.76378 -0.377953 0.519685 
vn 0.905512 -0.354331 0.244094 
vn 0.905512 -0.354331 0.244094 
vn 0.76378 -0.377953 0.519685 
vn 0.76378 -0.377953 0.519685 
vn 0.96063 -0.283465 -0.0551181 
vn 0.96063 -0.283465 -0.0551181 
vn 0.92126 -0.173228 -0.338583 
vn 0.92126 -0.173228 -0.338583 
vn 0.80315 -0.0393701 -0.598425 
vn 0.80315 -0.0393701 -0.598425 
vn 0.606299 0.110236 -0.787402 
vn 0.606299 0.110236 -0.787402 
vn 0.354331 0.251969 -0.897638 
vn 0.354331 0.251969 -0.897638 
vn 0.0708661 0.385827 -0.92126 
vn 0.0708661 0.385827 -0.92126 
vn -0.212598 0.488189 -0.850394 
vn -0.212598 0.488189 -0.850394 
vn -0.472441 0.551181 -0.692913 
vn -0.472441 0.551181 -0.692913 
vn -0.685039 0.566929 -0.464567 
vn -0.685039 0.566929 -0.464567 
vn -0.818898 0.543307 -0.181102 
vn -0.818898 0.543307 -0.181102 
vn -0.874016 0.472441 0.110236 
vn -0.874016 0.472441 0.110236 
vn -0.771654 0.149606 0.614173 
vn -0.76378 0.141732 0.629921 
vn -0.88189 0.275591 0.377953 
vn -0.889764 0.283465 0.362205 
vn -0.582677 0 0.811024 
vn -0.559055 -0.015748 0.826772 
vn -0.322835 -0.149606 0.929134 
vn -0.291339 -0.173228 0.944882 
vn -0.0314961 -0.291339 0.952756 
vn 0.00787402 -0.307087 0.952756 
vn 0.267717 -0.393701 0.88189 
vn 0.299213 -0.401575 0.866142 
vn 0.535433 -0.456693 0.708661 
vn 0.559055 -0.464567 0.692913 
vn 0.740157 -0.472441 0.480315 
vn 0.755906 -0.472441 0.456693 
vn 0.874016 -0.440945 0.204724 
vn 0.874016 -0.440945 0.19685 
vn 0.755906 -0.472441 0.456693 
vn 0.740157 -0.472441 0.480315 
vn 0.92126 -0.370079 -0.0787402 
vn 0.92126 -0.370079 -0.0787402 
vn 0.889764 -0.267717 -0.362205 
vn 0.897638 -0.275591 -0.354331 
vn 0.779528 -0.141732 -0.614173 
vn 0.787402 -0.149606 -0.598425 
vn 0.582677 0.00787402 -0.811024 
vn 0.606299 -0.00787402 -0.795276 
vn 0.330709 0.15748 -0.929134 
vn 0.362205 0.133858 -0.92126 
vn 0.0314961 0.291339 -0.952756 
vn 0.0708661 0.275591 -0.96063 
vn -0.267717 0.393701 -0.88189 
vn -0.228346 0.385827 -0.897638 
vn -0.527559 0.464567 -0.708661 
vn -0.503937 0.456693 -0.732283 
vn -0.732283 0.480315 -0.480315 
vn -0.724409 0.480315 -0.496063 
vn -0.866142 0.456693 -0.204724 
vn -0.866142 0.456693 -0.212598 
vn -0.92126 0.385827 0.0866142 
vn -0.92126 0.385827 0.0866142 
vn -0.598425 -0.795276 -0.0787402 
vn -0.598425 -0.795276 -0.0787402 
vn -0.629921 -0.755906 -0.15748 
vn -0.629921 -0.755906 -0.15748 
vn 0.102362 0.92126 0.377953 
vn 0.102362 0.92126 0.377953 
vn 0.141732 0.88189 0.456693 
vn 0.141732 0.88189 0.456693 
vn -0.535433 -0.84252 -0.023622 
vn -0.535433 -0.84252 -0.023622 
vn 0.19685 0.834646 0.511811 
vn 0.19685 0.834646 0.511811 
vn -0.464567 -0.889764 0.015748 
vn -0.464567 -0.889764 0.015748 
vn 0.275591 0.795276 0.543307 
vn 0.275591 0.795276 0.543307 
vn -0.377953 -0.929134 0.015748 
vn -0.377953 -0.929134 0.015748 
vn 0.354331 0.755906 0.551181 
vn 0.354331 0.755906 0.551181 
vn -0.291339 -0.952756 0 
vn -0.291339 -0.952756 0 
vn 0.440945 0.724409 0.527559 
vn 0.440945 0.724409 0.527559 
vn -0.212598 -0.976378 -0.0472441 
vn -0.212598 -0.976378 -0.0472441 
vn 0.519685 0.700787 0.480315 
vn 0.519685 0.700787 0.480315 
vn -0.149606 -0.984252 -0.11811 
vn -0.149606 -0.984252 -0.11811 
vn 0.582677 0.700787 0.417323 
vn 0.582677 0.700787 0.417323 
vn -0.110236 -0.976378 -0.204724 
vn -0.110236 -0.976378 -0.204724 
vn -0.149606 -0.984252 -0.11811 
vn -0.149606 -0.984252 -0.11811 
vn 0.582677 0.700787 0.417323 
vn 0.582677 0.700787 0.417323 
vn 0.629921 0.708661 0.330709 
vn 0.629921 0.708661 0.330709 
vn -0.0944882 -0.952756 -0.291339 
vn -0.0944882 -0.952756 -0.291339 
vn 0.645669 0.724409 0.244094 
vn 0.645669 0.724409 0.244094 
vn -0.102362 -0.92126 -0.377953 
vn -0.102362 -0.92126 -0.377953 
vn 0.629921 0.755906 0.15748 
vn 0.629921 0.755906 0.15748 
vn -0.141732 -0.88189 -0.456693 
vn -0.141732 -0.88189 -0.456693 
vn 0.598425 0.795276 0.0787402 
vn 0.598425 0.795276 0.0787402 
vn -0.19685 -0.834646 -0.511811 
vn -0.19685 -0.834646 -0.511811 
vn 0.535433 0.84252 0.023622 
vn 0.535433 0.84252 0.023622 
vn -0.275591 -0.795276 -0.543307 
vn -0.275591 -0.795276 -0.543307 
vn 0.464567 0.889764 -0.015748 
vn 0.464567 0.889764 -0.015748 
vn -0.354331 -0.755906 -0.551181 
vn -0.354331 -0.755906 -0.551181 
vn 0.377953 0.929134 -0.015748 
vn 0.377953 0.929134 -0.015748 
vn -0.440945 -0.724409 -0.527559 
vn -0.440945 -0.724409 -0.527559 
vn 0.291339 0.952756 0 
vn 0.291339 0.952756 0 
vn -0.519685 -0.700787 -0.480315 
vn -0.519685 -0.700787 -0.480315 
vn 0.212598 0.976378 0.0472441 
vn 0.212598 0.976378 0.0472441 
vn -0.582677 -0.700787 -0.417323 
vn -0.582677 -0.700787 -0.417323 
vn 0.149606 0.984252 0.11811 
vn 0.149606 0.984252 0.11811 
vn -0.629921 -0.708661 -0.330709 
vn -0.629921 -0.708661 -0.330709 
vn 0.110236 0.976378 0.204724 
vn 0.110236 0.976378 0.204724 
vn -0.645669 -0.724409 -0.244094 
vn -0.645669 -0.724409 -0.244094 
vn 0.0944882 0.952756 0.291339 
vn 0.0944882 0.952756 0.291339 
vn 0.307087 0.84252 -0.448819 
vn 0.307087 0.84252 -0.448819 
vn 0.496063 0.748031 -0.433071 
vn 0.496063 0.748031 -0.433071 
vn 0.669291 0.653543 -0.354331 
vn 0.669291 0.653543 -0.354331 
vn 0.80315 0.551181 -0.228346 
vn 0.80315 0.551181 -0.228346 
vn 0.889764 0.456693 -0.0472441 
vn 0.889764 0.456693 -0.0472441 
vn 0.913386 0.385827 0.149606 
vn 0.913386 0.385827 0.149606 
vn 0.874016 0.338583 0.354331 
vn 0.874016 0.338583 0.354331 
vn 0.779528 0.314961 0.543307 
vn 0.779528 0.314961 0.543307 
vn 0.779528 0.314961 0.543307 
vn 0.779528 0.314961 0.543307 
vn 0.629921 0.330709 0.700787 
vn 0.629921 0.330709 0.700787 
vn 0.456693 0.377953 0.811024 
vn 0.456693 0.377953 0.811024 
vn 0.259843 0.448819 0.858268 
vn 0.259843 0.448819 0.858268 
vn 0.0708661 0.535433 0.84252 
vn 0.0708661 0.535433 0.84252 
vn -0.102362 0.637795 0.76378 
vn -0.102362 0.637795 0.76378 
vn -0.23622 0.732283 0.637795 
vn -0.23622 0.732283 0.637795 
vn -0.322835 0.826772 0.456693 
vn -0.322835 0.826772 0.456693 
vn -0.346457 0.897638 0.259843 
vn -0.346457 0.897638 0.259843 
vn -0.307087 0.952756 0.0551181 
vn -0.307087 0.952756 0.0551181 
vn -0.212598 0.968504 -0.133858 
vn -0.212598 0.968504 -0.133858 
vn -0.0708661 0.952756 -0.291339 
vn -0.0708661 0.952756 -0.291339 
vn 0.110236 0.913386 -0.401575 
vn 0.110236 0.913386 -0.401575 
vn 0.275591 0.787402 -0.543307 
vn 0.488189 0.692913 -0.527559 
vn 0.685039 0.582677 -0.440945 
vn 0.834646 0.464567 -0.299213 
vn 0.92126 0.362205 -0.102362 
vn 0.952756 0.283465 0.11811 
vn 0.913386 0.228346 0.346457 
vn 0.80315 0.204724 0.559055 
vn 0.80315 0.204724 0.559055 
vn 0.645669 0.220472 0.732283 
vn 0.440945 0.275591 0.850394 
vn 0.228346 0.346457 0.905512 
vn 0.00787402 0.448819 0.889764 
vn -0.181102 0.559055 0.811024 
vn -0.330709 0.677165 0.661417 
vn -0.425197 0.779528 0.464567 
vn -0.448819 0.858268 0.244094 
vn -0.409449 0.913386 0.015748 
vn -0.307087 0.929134 -0.19685 
vn -0.141732 0.92126 -0.370079 
vn 0.0551181 0.866142 -0.488189 
vn 0.275591 0.787402 -0.543307 
vn 0.488189 0.692913 -0.527559 
vn 0.685039 0.582677 -0.440945 
vn 0.834646 0.464567 -0.299213 
vn 0.92126 0.362205 -0.102362 
vn 0.952756 0.283465 0.11811 
vn 0.913386 0.228346 0.346457 
vn 0.80315 0.204724 0.559055 
vn 0.80315 0.204724 0.559055 
vn 0.645669 0.220472 0.732283 
vn 0.440945 0.275591 0.850394 
vn 0.228346 0.346457 0.905512 
vn 0.00787402 0.448819 0.889764 
vn -0.181102 0.559055 0.811024 
vn -0.330709 0.677165 0.661417 
vn -0.425197 0.779528 0.464567 
vn -0.448819 0.858268 0.244094 
vn -0.409449 0.913386 0.015748 
vn -0.307087 0.929134 -0.19685 
vn -0.141732 0.92126 -0.370079 
vn 0.0551181 0.866142 -0.488189 
vn 0.968504 -0.23622 0.0551181 
vn 0.96063 -0.275591 0.0866142 
vn 1 -0.015748 -0.0708661 
vn 1 -0.015748 -0.0708661 
vn 0.850394 -0.503937 0.15748 
vn 0.637795 -0.732283 0.244094 
vn 0.637795 -0.732283 0.244094 
vn 0.850394 -0.503937 0.15748 
vn 0.440945 -0.84252 0.299213 
vn 0.440945 -0.84252 0.299213 
vn 0.165354 -0.92126 0.346457 
vn 0.165354 -0.92126 0.346457 
vn -0.23622 -0.897638 0.362205 
vn -0.23622 -0.897638 0.362205 
vn -0.535433 -0.779528 0.338583 
vn -0.535433 -0.779528 0.338583 
vn -1 0.023622 0.0551181 
vn -0.952756 0.283465 -0.0866142 
vn -0.968504 0.23622 -0.0629921 
vn -1 0.023622 0.0551181 
vn -0.84252 0.511811 -0.15748 
vn -0.850394 0.503937 -0.15748 
vn -0.645669 0.724409 -0.23622 
vn -0.645669 0.724409 -0.23622 
vn -0.440945 0.84252 -0.299213 
vn -0.440945 0.84252 -0.299213 
vn -0.15748 0.92126 -0.346457 
vn -0.15748 0.92126 -0.346457 
vn 0.228346 0.905512 -0.362205 
vn 0.228346 0.905512 -0.362205 
vn 0.511811 0.787402 -0.338583 
vn 0.511811 0.787402 -0.338583 
vn -0.19685 -0.023622 0.976378 
vn -0.19685 -0.023622 0.976378 
vn -0.19685 -0.023622 0.976378 
vn -0.19685 -0.023622 0.976378 
vn -0.102362 0.259843 0.96063 
vn -0.102362 0.259843 0.96063 
vn -0.11811 0.259843 0.96063 
vn -0.11811 0.259843 0.96063 
vn -0.188976 -0.787402 -0.590551 
vn -0.204724 -0.826772 -0.527559 
vn -0.204724 -0.826772 -0.527559 
vn -0.188976 -0.771654 -0.606299 
vn -0.11811 0.307087 0.944882 
vn -0.11811 0.314961 0.944882 
vn -0.0708661 0.401575 0.913386 
vn -0.0708661 0.401575 0.913386 
vn -0.0472441 -0.519685 -0.850394 
vn -0.133858 -0.661417 -0.740157 
vn -0.133858 -0.661417 -0.740157 
vn -0.0472441 -0.519685 -0.850394 
vn -0.00787402 0.456693 0.889764 
vn -0.00787402 0.456693 0.889764 
vn 0.015748 -0.464567 -0.88189 
vn 0.015748 -0.464567 -0.88189 
vn 0.0944882 0.464567 0.88189 
vn 0.0944882 0.464567 0.88189 
vn 0.11811 -0.456693 -0.88189 
vn 0.11811 -0.456693 -0.88189 
vn 0.212598 0.401575 0.889764 
vn 0.212598 0.401575 0.889764 
vn 0.228346 -0.496063 -0.834646 
vn 0.228346 -0.496063 -0.834646 
vn 0.267717 0.346457 0.897638 
vn 0.267717 0.346457 0.897638 
vn 0.874016 -0.464567 0.125984 
vn 0.874016 -0.464567 0.125984 
vn 0.874016 -0.464567 0.125984 
vn 0.874016 -0.464567 0.125984 
vn 0.267717 -0.535433 -0.80315 
vn 0.267717 -0.535433 -0.80315 
vn 0.92126 -0.15748 -0.362205 
vn 0.614173 -0.590551 -0.527559 
vn 0.692913 -0.519685 -0.503937 
vn 0.92126 -0.15748 -0.362205 
vn 0.937008 0.0472441 -0.338583 
vn 0.937008 0.0629921 -0.338583 
vn 0.889764 0.370079 -0.267717 
vn 0.874016 0.409449 -0.251969 
vn 0.771654 0.590551 -0.220472 
vn 0.645669 0.732283 -0.204724 
vn 0.488189 0.84252 -0.212598 
vn 0.440945 0.866142 -0.23622 
vn 0.23622 0.929134 -0.291339 
vn 0.11811 0.944882 -0.307087 
vn 0.0866142 -0.771654 -0.622047 
vn 0.173228 -0.771654 -0.614173 
vn -0.204724 0.913386 -0.346457 
vn -0.307087 0.88189 -0.354331 
vn -0.937008 0.259843 -0.244094 
vn -0.88189 0.440945 -0.165354 
vn -0.88189 0.433071 -0.173228 
vn -0.944882 0.220472 -0.251969 
vn -0.125984 -0.76378 -0.637795 
vn -0.125984 -0.76378 -0.637795 
vn -0.755906 0.629921 -0.19685 
vn -0.692913 0.661417 -0.299213 
vn -0.76378 0.622047 -0.149606 
vn -0.834646 0.535433 -0.110236 
vn -0.834646 0.543307 -0.110236 
vn -0.944882 -0.0866142 -0.322835 
vn -0.929134 -0.141732 -0.330709 
vn -0.874016 -0.307087 -0.377953 
vn -0.84252 -0.354331 -0.401575 
vn -0.771654 -0.448819 -0.456693 
vn -0.755906 -0.448819 -0.472441 
vn -0.559055 0.755906 -0.338583 
vn -0.606299 0.724409 -0.330709 
vn -0.740157 -0.448819 -0.496063 
vn -0.740157 -0.448819 -0.496063 
vn -0.496063 0.23622 -0.834646 
vn -0.511811 0.267717 -0.818898 
vn -0.511811 0.267717 -0.818898 
vn -0.503937 0.228346 -0.834646 
vn -0.519685 0.141732 -0.84252 
vn -0.519685 0.141732 -0.84252 
vn -0.511811 0.0866142 -0.850394 
vn -0.511811 0.0866142 -0.850394 
vn -0.551181 0.125984 -0.826772 
vn -0.551181 0.125984 -0.826772 
vn -0.527559 0.102362 -0.84252 
vn -0.535433 0.110236 -0.834646 
vn -0.417323 0.0314961 -0.905512 
vn -0.417323 0.0314961 -0.905512 
vn -0.385827 0.354331 -0.850394 
vn -0.370079 0.370079 -0.850394 
vn -0.440945 0.0393701 -0.897638 
vn -0.448819 0.0393701 -0.889764 
vn -0.503937 0.377953 -0.779528 
vn -0.496063 0.362205 -0.787402 
vn -0.496063 0.370079 -0.787402 
vn -0.503937 0.377953 -0.779528 
vn -0.244094 0.440945 -0.858268 
vn -0.244094 0.448819 -0.858268 
vn -0.543307 0.125984 -0.834646 
vn -0.543307 0.11811 -0.834646 
vn -0.519685 0.212598 -0.826772 
vn -0.519685 0.212598 -0.826772 
vn -0.503937 0.299213 -0.811024 
vn -0.503937 0.291339 -0.811024 
vn -0.456693 0.259843 -0.850394 
vn -0.456693 0.259843 -0.850394 
vn -0.393701 0.212598 -0.889764 
vn -0.393701 0.212598 -0.889764 
vn -0.322835 0.370079 -0.874016 
vn -0.322835 0.362205 -0.874016 
vn -0.519685 0.0629921 -0.850394 
vn -0.519685 0.0629921 -0.850394 
vn -0.968504 0.23622 -0.015748 
vn -0.787402 0.622047 -0.023622 
vn -0.771654 0.637795 -0.023622 
vn -0.976378 0.220472 -0.015748 
vn -1 0.00787402 -0.023622 
vn -1 -0.00787402 -0.023622 
vn -0.968504 -0.251969 -0.0393701 
vn -0.96063 -0.267717 -0.0393701 
vn -0.874016 -0.472441 -0.0708661 
vn -0.818898 -0.566929 -0.0866142 
vn -0.622047 -0.771654 -0.11811 
vn -0.590551 -0.795276 -0.125984 
vn -0.362205 -0.913386 -0.173228 
vn -0.299213 -0.937008 -0.188976 
vn -0.385827 0.92126 -0.0708661 
vn -0.330709 0.937008 -0.0787402 
vn -0.00787402 -0.976378 -0.212598 
vn 0.0866142 -0.976378 -0.204724 
vn 0.913386 -0.259843 -0.314961 
vn 0.897638 -0.291339 -0.322835 
vn 0.952756 -0.015748 -0.314961 
vn 0.944882 0.0314961 -0.314961 
vn -0.0393701 0.992126 -0.11811 
vn -0.0393701 0.992126 -0.11811 
vn 0.417323 -0.858268 -0.291339 
vn 0.433071 -0.850394 -0.299213 
vn 0.488189 -0.811024 -0.330709 
vn 0.488189 -0.811024 -0.330709 
vn 0.740157 -0.566929 -0.354331 
vn 0.582677 -0.716535 -0.385827 
vn 0.582677 -0.716535 -0.385827 
vn 0.732283 -0.582677 -0.354331 
vn 0.905512 0.338583 -0.275591 
vn 0.88189 0.409449 -0.251969 
vn 0.795276 0.582677 -0.188976 
vn 0.795276 0.582677 -0.188976 
vn 0.669291 0.732283 -0.125984 
vn 0.669291 0.732283 -0.125984 
vn 0.598425 0.787402 -0.125984 
vn 0.503937 0.850394 -0.11811 
vn 0.307087 -0.92126 -0.23622 
vn 0.322835 -0.913386 -0.244094 
vn 0.417323 0.897638 -0.11811 
vn 0.417323 0.897638 -0.11811 
vn -0.370079 0.212598 -0.905512 
vn -0.393701 0.181102 -0.897638 
vn -0.503937 0.220472 -0.834646 
vn -0.377953 0.15748 -0.913386 
vn -0.377953 0.141732 -0.913386 
vn -0.409449 0.220472 -0.88189 
vn -0.425197 0.275591 -0.866142 
vn -0.370079 0.212598 -0.905512 
vn -0.370079 0.165354 -0.913386 
vn -0.598425 0.267717 -0.755906 
vn -0.700787 0.23622 -0.669291 
vn -0.637795 0.346457 -0.685039 
vn -0.362205 0.23622 -0.905512 
vn -0.574803 0.401575 -0.716535 
vn -0.677165 0.377953 -0.637795 
vn -0.629921 0.377953 -0.677165 
vn -0.669291 0.149606 -0.724409 
vn -0.740157 0.15748 -0.653543 
vn -0.685039 0.188976 -0.700787 
vn -0.826772 0.330709 -0.456693 
vn 0.559055 0.748031 0.354331 
vn 0.559055 0.755906 0.330709 
vn 0.669291 0.692913 0.259843 
vn 0.716535 0.622047 0.322835 
vn 0.220472 0.858268 0.464567 
vn 0.267717 0.826772 0.496063 
vn 0.00787402 0.84252 0.535433 
vn 0.0393701 0.811024 0.582677 
vn -0.23622 0.76378 0.598425 
vn -0.220472 0.740157 0.637795 
vn -0.566929 0.543307 0.614173 
vn -0.590551 0.511811 0.622047 
vn -0.795276 0.275591 0.543307 
vn -0.795276 0.275591 0.543307 
vn -0.771654 -0.598425 -0.220472 
vn -0.574803 -0.740157 -0.354331 
vn -0.496063 -0.80315 -0.322835 
vn -0.700787 -0.677165 -0.228346 
vn -0.251969 -0.826772 -0.503937 
vn -0.204724 -0.866142 -0.456693 
vn -0.0314961 -0.811024 -0.582677 
vn -0.00787402 -0.84252 -0.535433 
vn 0.251969 -0.724409 -0.637795 
vn 0.251969 -0.740157 -0.622047 
vn 0.582677 -0.511811 -0.629921 
vn 0.551181 -0.511811 -0.653543 
vn 0.748031 -0.346457 -0.566929 
vn 0.732283 -0.307087 -0.606299 
vn -0.897638 0.220472 0.377953 
vn -0.897638 0.220472 0.377953 
vn -0.937008 0.0787402 0.346457 
vn -0.944882 0.023622 0.338583 
vn -0.716535 0.629921 -0.307087 
vn -0.716535 0.629921 -0.307087 
vn -0.543307 0.724409 -0.417323 
vn -0.543307 0.724409 -0.417323 
vn 0.220472 -0.748031 0.629921 
vn 0.204724 -0.716535 0.661417 
vn 0.204724 -0.716535 0.661417 
vn 0.220472 -0.748031 0.629921 
vn -0.433071 0.76378 -0.480315 
vn -0.433071 0.76378 -0.480315 
vn 0.291339 -0.779528 0.551181 
vn 0.291339 -0.779528 0.551181 
vn -0.401575 0.771654 -0.488189 
vn -0.393701 0.779528 -0.488189 
vn 0.362205 -0.779528 0.519685 
vn 0.362205 -0.779528 0.519685 
vn -0.322835 0.795276 -0.511811 
vn -0.322835 0.795276 -0.511811 
vn 0.448819 -0.732283 0.519685 
vn 0.448819 -0.732283 0.519685 
vn -0.251969 0.858268 -0.448819 
vn -0.244094 0.858268 -0.448819 
vn 0.527559 -0.629921 0.574803 
vn 0.527559 -0.629921 0.574803 
vn -0.165354 0.905512 -0.385827 
vn -0.165354 0.905512 -0.385827 
vn 0.480315 0.818898 0.299213 
vn 0.480315 0.818898 0.299213 
vn 0.480315 0.818898 0.299213 
vn 0.480315 0.818898 0.299213 
vn 0.551181 -0.566929 0.614173 
vn 0.551181 -0.566929 0.614173 
vn -0.614173 -0.653543 -0.440945 
vn -0.299213 -0.748031 -0.598425 
vn -0.0944882 -0.748031 -0.653543 
vn 0.23622 -0.708661 -0.669291 
vn 0.559055 -0.574803 -0.598425 
vn 0.755906 -0.385827 -0.527559 
vn 0.480315 0.818898 0.299213 
vn 0.480315 0.818898 0.299213 
vn -0.795276 0.275591 0.543307 
vn -0.543307 0.527559 0.653543 
vn -0.181102 0.708661 0.685039 
vn 0.0944882 0.748031 0.653543 
vn 0.307087 0.76378 0.566929 
vn 0.551181 0.771654 0.322835 
vn 0.629921 0.755906 0.188976 
vn -0.937008 -0.212598 0.259843 
vn -0.937008 -0.212598 0.259843 
vn -0.866142 -0.448819 -0.212598 
vn 0.669291 0.574803 -0.472441 
vn 0.212598 0.92126 -0.322835 
vn 0.267717 0.944882 -0.181102 
vn 0.740157 0.582677 -0.330709 
vn -0.354331 0.92126 -0.149606 
vn -0.322835 0.944882 0 
vn -0.818898 0.574803 -0.0314961 
vn -0.80315 0.590551 0.11811 
vn -1 0.015748 -0.00787402 
vn -0.992126 0.00787402 0.141732 
vn -0.834646 -0.543307 -0.0866142 
vn -0.818898 -0.574803 0.0551181 
vn -0.385827 -0.889764 -0.244094 
vn -0.354331 -0.929134 -0.102362 
vn 0.181102 -0.889764 -0.417323 
vn 0.23622 -0.929134 -0.283465 
vn 0.653543 -0.543307 -0.527559 
vn 0.724409 -0.566929 -0.393701 
vn 0.84252 0.015748 -0.543307 
vn 0.92126 0.00787402 -0.393701 
vn 0.417323 0.488189 -0.76378 
vn 0.0551181 0.76378 -0.637795 
vn -0.401575 0.76378 -0.496063 
vn -0.771654 0.488189 -0.401575 
vn -0.92126 0.0393701 -0.385827 
vn -0.787402 -0.417323 -0.448819 
vn -0.425197 -0.692913 -0.582677 
vn 0.0314961 -0.692913 -0.716535 
vn 0.401575 -0.417323 -0.818898 
vn 0.551181 0.0393701 -0.834646 
vn 0.0866142 0.314961 -0.944882 
vn -0.11811 0.472441 -0.874016 
vn -0.385827 0.472441 -0.787402 
vn -0.598425 0.314961 -0.732283 
vn -0.685039 0.0472441 -0.724409 
vn -0.614173 -0.212598 -0.76378 
vn -0.401575 -0.370079 -0.834646 
vn -0.133858 -0.370079 -0.92126 
vn 0.0787402 -0.212598 -0.976378 
vn 0.165354 0.0472441 -0.984252 
vn -0.110236 0.181102 -0.976378 
vn -0.220472 0.259843 -0.937008 
vn -0.346457 0.259843 -0.897638 
vn -0.448819 0.181102 -0.874016 
vn -0.496063 0.0551181 -0.866142 
vn -0.456693 -0.0708661 -0.889764 
vn -0.354331 -0.149606 -0.92126 
vn -0.220472 -0.149606 -0.96063 
vn -0.11811 -0.0708661 -0.992126 
vn -0.0787402 0.0551181 -0.992126 
vn -0.291339 0.0551181 -0.952756 
vn -1 -0.015748 0.0551181 
vn -0.937008 -0.275591 0.19685 
vn -0.952756 -0.23622 0.173228 
vn -1 -0.015748 0.0551181 
vn -0.818898 -0.503937 0.259843 
vn -0.826772 -0.503937 0.259843 
vn -0.606299 -0.732283 0.314961 
vn -0.606299 -0.732283 0.314961 
vn -0.401575 -0.84252 0.354331 
vn -0.401575 -0.84252 0.354331 
vn -0.125984 -0.92126 0.362205 
vn -0.125984 -0.92126 0.362205 
vn 0.275591 -0.897638 0.330709 
vn 0.275591 -0.897638 0.330709 
vn 0.566929 -0.779528 0.267717 
vn 0.566929 -0.779528 0.267717 
vn 0.952756 0.23622 -0.181102 
vn 0.937008 0.283465 -0.204724 
vn 1 0.023622 -0.0629921 
vn 1 0.023622 -0.0629921 
vn 0.818898 0.511811 -0.259843 
vn 0.606299 0.724409 -0.314961 
vn 0.606299 0.724409 -0.314961 
vn 0.818898 0.503937 -0.259843 
vn 0.401575 0.84252 -0.354331 
vn 0.401575 0.84252 -0.354331 
vn 0.110236 0.92126 -0.362205 
vn 0.110236 0.92126 -0.362205 
vn -0.275591 0.905512 -0.330709 
vn -0.275591 0.905512 -0.330709 
vn -0.551181 0.787402 -0.275591 
vn -0.551181 0.787402 -0.275591 
vn 0.314961 -0.023622 0.944882 
vn 0.314961 -0.023622 0.944882 
vn 0.314961 -0.023622 0.944882 
vn 0.314961 -0.023622 0.944882 
vn 0.220472 0.259843 0.937008 
vn 0.23622 0.259843 0.937008 
vn 0.23622 0.259843 0.937008 
vn 0.220472 0.259843 0.937008 
vn 0.141732 -0.826772 -0.551181 
vn 0.141732 -0.826772 -0.551181 
vn 0.11811 -0.787402 -0.606299 
vn 0.110236 -0.771654 -0.622047 
vn 0.23622 0.307087 0.92126 
vn 0.181102 0.401575 0.897638 
vn 0.181102 0.401575 0.897638 
vn 0.228346 0.314961 0.92126 
vn 0.0393701 -0.661417 -0.748031 
vn 0.0393701 -0.661417 -0.748031 
vn -0.0551181 -0.519685 -0.850394 
vn -0.0551181 -0.519685 -0.850394 
vn 0.11811 0.456693 0.88189 
vn 0.11811 0.456693 0.88189 
vn -0.125984 -0.464567 -0.874016 
vn -0.125984 -0.464567 -0.874016 
vn 0.00787402 0.464567 0.88189 
vn 0.00787402 0.464567 0.88189 
vn -0.228346 -0.456693 -0.858268 
vn -0.228346 -0.456693 -0.858268 
vn -0.102362 0.401575 0.913386 
vn -0.102362 0.401575 0.913386 
vn -0.330709 -0.496063 -0.80315 
vn -0.330709 -0.496063 -0.80315 
vn -0.149606 0.346457 0.92126 
vn -0.149606 0.346457 0.92126 
vn -0.858268 -0.464567 0.228346 
vn -0.858268 -0.464567 0.228346 
vn -0.858268 -0.464567 0.228346 
vn -0.858268 -0.464567 0.228346 
vn -0.370079 -0.535433 -0.76378 
vn -0.370079 -0.535433 -0.76378 
vn -0.952756 -0.15748 -0.251969 
vn -0.952756 -0.15748 -0.251969 
vn -0.748031 -0.519685 -0.409449 
vn -0.677165 -0.590551 -0.448819 
vn -0.976378 0.0472441 -0.228346 
vn -0.968504 0.0629921 -0.228346 
vn -0.913386 0.370079 -0.15748 
vn -0.897638 0.409449 -0.141732 
vn -0.795276 0.598425 -0.11811 
vn -0.669291 0.732283 -0.125984 
vn -0.511811 0.84252 -0.149606 
vn -0.464567 0.866142 -0.181102 
vn -0.267717 0.929134 -0.259843 
vn -0.15748 0.944882 -0.291339 
vn -0.251969 -0.771654 -0.582677 
vn -0.165354 -0.771654 -0.606299 
vn 0.15748 0.913386 -0.370079 
vn 0.259843 0.88189 -0.385827 
vn 0.897638 0.259843 -0.354331 
vn 0.905512 0.220472 -0.362205 
vn 0.858268 0.433071 -0.283465 
vn 0.858268 0.440945 -0.267717 
vn 0.0472441 -0.76378 -0.645669 
vn 0.0472441 -0.76378 -0.645669 
vn 0.724409 0.629921 -0.283465 
vn 0.740157 0.622047 -0.23622 
vn 0.645669 0.661417 -0.377953 
vn 0.818898 0.535433 -0.212598 
vn 0.811024 0.543307 -0.212598 
vn 0.897638 -0.0866142 -0.433071 
vn 0.88189 -0.141732 -0.448819 
vn 0.818898 -0.307087 -0.480315 
vn 0.787402 -0.354331 -0.496063 
vn 0.708661 -0.448819 -0.543307 
vn 0.692913 -0.448819 -0.566929 
vn 0.511811 0.755906 -0.409449 
vn 0.559055 0.724409 -0.401575 
vn 0.677165 -0.448819 -0.582677 
vn 0.677165 -0.448819 -0.582677 
vn 0.393701 0.23622 -0.889764 
vn 0.393701 0.228346 -0.889764 
vn 0.401575 0.267717 -0.874016 
vn 0.409449 0.267717 -0.874016 
vn 0.409449 0.141732 -0.897638 
vn 0.409449 0.141732 -0.897638 
vn 0.409449 0.0866142 -0.913386 
vn 0.409449 0.0866142 -0.913386 
vn 0.448819 0.125984 -0.88189 
vn 0.448819 0.125984 -0.88189 
vn 0.425197 0.102362 -0.897638 
vn 0.425197 0.110236 -0.897638 
vn 0.307087 0.0314961 -0.952756 
vn 0.307087 0.0314961 -0.952756 
vn 0.259843 0.370079 -0.889764 
vn 0.283465 0.354331 -0.889764 
vn 0.330709 0.0393701 -0.944882 
vn 0.338583 0.0393701 -0.944882 
vn 0.401575 0.377953 -0.834646 
vn 0.409449 0.377953 -0.834646 
vn 0.401575 0.370079 -0.84252 
vn 0.401575 0.362205 -0.84252 
vn 0.133858 0.448819 -0.88189 
vn 0.141732 0.440945 -0.88189 
vn 0.417323 0.212598 -0.88189 
vn 0.433071 0.11811 -0.889764 
vn 0.433071 0.125984 -0.889764 
vn 0.417323 0.212598 -0.88189 
vn 0.401575 0.299213 -0.866142 
vn 0.401575 0.291339 -0.866142 
vn 0.354331 0.259843 -0.897638 
vn 0.354331 0.259843 -0.897638 
vn 0.283465 0.212598 -0.937008 
vn 0.283465 0.212598 -0.937008 
vn 0.212598 0.370079 -0.905512 
vn 0.220472 0.362205 -0.905512 
vn 0.417323 0.0629921 -0.905512 
vn 0.417323 0.0629921 -0.905512 
vn 0.96063 0.23622 -0.133858 
vn 0.968504 0.220472 -0.133858 
vn 0.76378 0.637795 -0.11811 
vn 0.779528 0.622047 -0.11811 
vn 0.992126 0.00787402 -0.141732 
vn 0.992126 -0.00787402 -0.141732 
vn 0.952756 -0.251969 -0.15748 
vn 0.952756 -0.267717 -0.15748 
vn 0.866142 -0.472441 -0.173228 
vn 0.80315 -0.566929 -0.181102 
vn 0.598425 -0.771654 -0.19685 
vn 0.566929 -0.795276 -0.19685 
vn 0.338583 -0.913386 -0.220472 
vn 0.275591 -0.937008 -0.220472 
vn 0.322835 0.937008 -0.11811 
vn 0.377953 0.92126 -0.11811 
vn -0.015748 -0.976378 -0.212598 
vn -0.110236 -0.976378 -0.19685 
vn -0.976378 -0.015748 -0.19685 
vn -0.937008 -0.291339 -0.204724 
vn -0.944882 -0.259843 -0.204724 
vn -0.976378 0.0314961 -0.19685 
vn 0.023622 0.992126 -0.11811 
vn 0.023622 0.992126 -0.11811 
vn -0.519685 -0.811024 -0.267717 
vn -0.464567 -0.850394 -0.244094 
vn -0.456693 -0.858268 -0.23622 
vn -0.519685 -0.811024 -0.267717 
vn -0.779528 -0.566929 -0.259843 
vn -0.771654 -0.582677 -0.267717 
vn -0.622047 -0.716535 -0.307087 
vn -0.622047 -0.716535 -0.307087 
vn -0.929134 0.338583 -0.15748 
vn -0.905512 0.409449 -0.141732 
vn -0.811024 0.582677 -0.0944882 
vn -0.811024 0.582677 -0.0944882 
vn -0.606299 0.795276 -0.0472441 
vn -0.685039 0.732283 -0.0393701 
vn -0.685039 0.732283 -0.0393701 
vn -0.519685 0.850394 -0.0551181 
vn -0.330709 -0.92126 -0.19685 
vn -0.346457 -0.913386 -0.19685 
vn -0.433071 0.897638 -0.0629921 
vn -0.433071 0.897638 -0.0629921 
vn 0.251969 0.212598 -0.944882 
vn 0.401575 0.220472 -0.889764 
vn 0.283465 0.181102 -0.944882 
vn 0.259843 0.15748 -0.952756 
vn 0.267717 0.141732 -0.952756 
vn 0.299213 0.220472 -0.929134 
vn 0.314961 0.275591 -0.905512 
vn 0.259843 0.212598 -0.944882 
vn 0.259843 0.165354 -0.952756 
vn 0.496063 0.267717 -0.826772 
vn 0.614173 0.23622 -0.748031 
vn 0.551181 0.346457 -0.755906 
vn 0.244094 0.23622 -0.937008 
vn 0.488189 0.401575 -0.779528 
vn 0.590551 0.377953 -0.708661 
vn 0.543307 0.377953 -0.748031 
vn 0.574803 0.149606 -0.80315 
vn 0.653543 0.15748 -0.740157 
vn 0.590551 0.188976 -0.779528 
vn 0.76378 0.330709 -0.559055 
vn -0.637795 0.692913 0.338583 
vn -0.519685 0.755906 0.393701 
vn -0.511811 0.748031 0.425197 
vn -0.669291 0.622047 0.409449 
vn -0.204724 0.826772 0.527559 
vn -0.165354 0.858268 0.488189 
vn 0.0393701 0.811024 0.582677 
vn 0.0551181 0.84252 0.535433 
vn 0.299213 0.740157 0.606299 
vn 0.307087 0.76378 0.566929 
vn 0.661417 0.511811 0.551181 
vn 0.637795 0.543307 0.543307 
vn 0.850394 0.275591 0.448819 
vn 0.850394 0.275591 0.448819 
vn 0.456693 -0.80315 -0.385827 
vn 0.527559 -0.740157 -0.417323 
vn 0.740157 -0.598425 -0.314961 
vn 0.661417 -0.677165 -0.314961 
vn 0.149606 -0.866142 -0.480315 
vn 0.188976 -0.826772 -0.527559 
vn -0.0551181 -0.84252 -0.535433 
vn -0.0393701 -0.811024 -0.582677 
vn -0.330709 -0.740157 -0.582677 
vn -0.330709 -0.724409 -0.606299 
vn -0.629921 -0.511811 -0.582677 
vn -0.661417 -0.511811 -0.551181 
vn -0.80315 -0.307087 -0.511811 
vn -0.811024 -0.346457 -0.472441 
vn 0.937008 0.220472 0.267717 
vn 0.976378 0.023622 0.220472 
vn 0.968504 0.0787402 0.228346 
vn 0.937008 0.220472 0.267717 
vn 0.669291 0.629921 -0.385827 
vn 0.488189 0.724409 -0.480315 
vn 0.488189 0.724409 -0.480315 
vn 0.669291 0.629921 -0.385827 
vn -0.11811 -0.716535 0.685039 
vn -0.11811 -0.716535 0.685039 
vn -0.141732 -0.748031 0.653543 
vn -0.141732 -0.748031 0.653543 
vn 0.370079 0.76378 -0.527559 
vn 0.370079 0.76378 -0.527559 
vn -0.220472 -0.779528 0.582677 
vn -0.220472 -0.779528 0.582677 
vn 0.330709 0.779528 -0.535433 
vn 0.338583 0.771654 -0.535433 
vn -0.291339 -0.779528 0.559055 
vn -0.291339 -0.779528 0.559055 
vn 0.259843 0.795276 -0.551181 
vn 0.259843 0.795276 -0.551181 
vn -0.385827 -0.732283 0.566929 
vn -0.385827 -0.724409 0.566929 
vn 0.188976 0.858268 -0.472441 
vn 0.19685 0.858268 -0.480315 
vn -0.456693 -0.629921 0.629921 
vn -0.456693 -0.629921 0.629921 
vn 0.11811 0.905512 -0.409449 
vn 0.11811 0.905512 -0.409449 
vn -0.440945 0.818898 0.354331 
vn -0.440945 0.818898 0.354331 
vn -0.440945 0.818898 0.354331 
vn -0.440945 0.818898 0.354331 
vn -0.472441 -0.566929 0.677165 
vn -0.472441 -0.566929 0.677165 
vn 0.220472 -0.748031 -0.629921 
vn 0.551181 -0.653543 -0.519685 
vn 0.00787402 -0.748031 -0.661417 
vn -0.314961 -0.708661 -0.629921 
vn -0.629921 -0.574803 -0.527559 
vn -0.818898 -0.385827 -0.433071 
vn -0.440945 0.818898 0.354331 
vn -0.440945 0.818898 0.354331 
vn 0.622047 0.527559 0.582677 
vn 0.850394 0.275591 0.448819 
vn 0.259843 0.708661 0.661417 
vn -0.015748 0.748031 0.661417 
vn -0.23622 0.76378 0.598425 
vn -0.503937 0.771654 0.393701 
vn -0.598425 0.755906 0.267717 
vn 0.968504 -0.212598 0.141732 
vn 0.968504 -0.212598 0.141732 
vn 0.834646 -0.448819 -0.314961 
vn -0.283465 0.944882 -0.149606 
vn -0.251969 0.92126 -0.291339 
vn -0.724409 0.574803 -0.385827 
vn -0.779528 0.582677 -0.23622 
vn 0.314961 0.944882 -0.0393701 
vn 0.330709 0.92126 -0.188976 
vn 0.811024 0.590551 0.023622 
vn 0.80315 0.574803 -0.125984 
vn 1 0.00787402 0.023622 
vn 0.992126 0.015748 -0.125984 
vn 0.818898 -0.574803 -0.0393701 
vn 0.818898 -0.543307 -0.188976 
vn 0.338583 -0.929134 -0.149606 
vn 0.354331 -0.889764 -0.291339 
vn -0.267717 -0.929134 -0.251969 
vn -0.228346 -0.889764 -0.393701 
vn -0.76378 -0.566929 -0.299213 
vn -0.708661 -0.543307 -0.448819 
vn -0.96063 0.00787402 -0.275591 
vn -0.897638 0.015748 -0.433071 
vn -0.133858 0.76378 -0.629921 
vn -0.511811 0.488189 -0.708661 
vn 0.338583 0.76378 -0.543307 
vn 0.716535 0.488189 -0.496063 
vn 0.866142 0.0393701 -0.496063 
vn 0.732283 -0.417323 -0.543307 
vn 0.354331 -0.692913 -0.629921 
vn -0.11811 -0.692913 -0.708661 
vn -0.496063 -0.417323 -0.755906 
vn -0.645669 0.0393701 -0.76378 
vn 0.015748 0.472441 -0.88189 
vn -0.204724 0.314961 -0.929134 
vn 0.283465 0.472441 -0.834646 
vn 0.511811 0.314961 -0.80315 
vn 0.598425 0.0472441 -0.80315 
vn 0.511811 -0.212598 -0.834646 
vn 0.291339 -0.370079 -0.88189 
vn 0.023622 -0.370079 -0.929134 
vn -0.19685 -0.212598 -0.96063 
vn -0.283465 0.0472441 -0.96063 
vn 0.102362 0.259843 -0.96063 
vn -0.00787402 0.181102 -0.984252 
vn 0.23622 0.259843 -0.937008 
vn 0.338583 0.181102 -0.92126 
vn 0.385827 0.0551181 -0.92126 
vn 0.346457 -0.0708661 -0.937008 
vn 0.23622 -0.149606 -0.96063 
vn 0.102362 -0.149606 -0.984252 
vn 0 -0.0708661 -1 
vn -0.0472441 0.0551181 -1 
vn 0.173228 0.0551181 -0.984252 
vn 0.212598 0.96063 -0.181102 
vn 0.133858 0.905512 0.409449 
vn 0.346457 0.88189 0.322835 
vn 0.283465 0.929134 -0.244094 
vn 0.015748 0.401575 0.913386 
vn 0.244094 0.401575 0.88189 
vn -0.0944882 -0.0314961 0.992126 
vn 0.11811 -0.0393701 0.992126 
vn -0.125984 -0.346457 0.929134 
vn -0.00787402 -0.653543 0.755906 
vn -0.133858 -0.952756 0.283465 
vn -0.181102 -0.976378 0.0944882 
vn -0.181102 -0.976378 0.0944882 
vn -0.133858 -0.952756 0.283465 
vn -0.267717 -0.92126 -0.291339 
vn -0.354331 -0.889764 -0.299213 
vn -0.425197 -0.614173 -0.661417 
vn -0.472441 -0.692913 -0.543307 
vn -0.259843 0.0866142 -0.96063 
vn -0.472441 -0.314961 -0.818898 
vn 0.141732 0.795276 -0.590551 
vn -0.0551181 0.582677 -0.811024 
vn 0.141732 0.795276 -0.590551 
vn -0.0551181 0.582677 -0.811024 
vn -0.204724 -0.23622 -0.952756 
vn -0.244094 -0.314961 -0.913386 
vn -0.149606 -0.456693 -0.874016 
vn -0.212598 -0.181102 -0.96063 
vn -0.0472441 -0.220472 -0.976378 
vn -0.19685 -0.133858 -0.968504 
vn 0.0551181 -0.0866142 -0.992126 
vn -0.11811 -0.149606 -0.984252 
vn -0.181102 -0.433071 -0.88189 
vn -0.181102 -0.433071 -0.88189 
vn -0.299213 -0.543307 -0.779528 
vn -0.346457 -0.590551 -0.732283 
vn -0.307087 -0.614173 -0.724409 
vn -0.307087 -0.614173 -0.724409 
vn -0.228346 -0.488189 -0.84252 
vn -0.220472 -0.519685 -0.826772 
vn -0.338583 -0.283465 -0.897638 
vn -0.307087 -0.322835 -0.889764 
vn -0.370079 -0.251969 -0.889764 
vn -0.377953 -0.244094 -0.889764 
vn -0.149606 -0.456693 -0.874016 
vn -0.212598 -0.740157 -0.645669 
vn -0.448819 -0.220472 -0.866142 
vn -0.0472441 -0.220472 -0.976378 
vn 0.0551181 -0.0866142 -0.992126 
vn 0.11811 -0.00787402 -0.992126 
vn 0.023622 0.440945 -0.897638 
vn -0.535433 0.84252 -0.0314961 
vn -0.874016 0.165354 0.456693 
vn -0.818898 -0.456693 0.354331 
vn -0.425197 -0.834646 -0.354331 
vn -0.204724 0.291339 0.937008 
vn -0.267717 -0.0472441 0.96063 
vn -0.0551181 0.779528 0.629921 
vn 0.0944882 0.984252 -0.125984 
vn 0.125984 0.80315 -0.574803 
vn 0.0708661 0.244094 -0.968504 
vn 0.125984 0.80315 -0.574803 
vn -0.023622 -0.622047 -0.779528 
vn 0.023622 -0.968504 -0.23622 
vn -0.23622 -0.732283 0.637795 
vn -0.314961 -0.23622 0.92126 
vn -0.23622 -0.732283 0.637795 
vn -0.346457 0.88189 0.322835 
vn -0.141732 0.905512 0.409449 
vn -0.212598 0.96063 -0.181102 
vn -0.283465 0.929134 -0.244094 
vn -0.244094 0.401575 0.88189 
vn -0.015748 0.401575 0.913386 
vn -0.11811 -0.0393701 0.992126 
vn 0.0944882 -0.0314961 0.992126 
vn 0.00787402 -0.653543 0.755906 
vn 0.125984 -0.346457 0.929134 
vn 0.181102 -0.976378 0.0944882 
vn 0.133858 -0.952756 0.283465 
vn 0.181102 -0.976378 0.0944882 
vn 0.354331 -0.889764 -0.299213 
vn 0.259843 -0.92126 -0.291339 
vn 0.133858 -0.952756 0.283465 
vn 0.472441 -0.692913 -0.543307 
vn 0.425197 -0.614173 -0.661417 
vn 0.472441 -0.314961 -0.818898 
vn 0.259843 0.0866142 -0.96063 
vn 0.0551181 0.582677 -0.811024 
vn -0.141732 0.795276 -0.590551 
vn -0.141732 0.795276 -0.590551 
vn 0.0551181 0.582677 -0.811024 
vn 0.212598 -0.23622 -0.952756 
vn 0.212598 -0.181102 -0.96063 
vn 0.149606 -0.456693 -0.874016 
vn 0.244094 -0.314961 -0.913386 
vn 0.19685 -0.133858 -0.968504 
vn 0.0472441 -0.220472 -0.976378 
vn 0.11811 -0.149606 -0.984252 
vn -0.0551181 -0.0866142 -0.992126 
vn 0.181102 -0.433071 -0.88189 
vn 0.181102 -0.433071 -0.88189 
vn 0.346457 -0.590551 -0.732283 
vn 0.299213 -0.543307 -0.779528 
vn 0.307087 -0.614173 -0.724409 
vn 0.307087 -0.614173 -0.724409 
vn 0.220472 -0.519685 -0.826772 
vn 0.228346 -0.480315 -0.84252 
vn 0.307087 -0.322835 -0.889764 
vn 0.338583 -0.283465 -0.897638 
vn 0.377953 -0.244094 -0.889764 
vn 0.370079 -0.251969 -0.889764 
vn 0.149606 -0.456693 -0.874016 
vn 0.448819 -0.220472 -0.866142 
vn 0.212598 -0.740157 -0.645669 
vn 0.0472441 -0.220472 -0.976378 
vn -0.0551181 -0.0866142 -0.992126 
vn -0.11811 -0.00787402 -0.992126 
vn -0.023622 0.440945 -0.897638 
vn 0.535433 0.84252 -0.0314961 
vn 0.874016 0.165354 0.456693 
vn 0.818898 -0.456693 0.354331 
vn 0.425197 -0.826772 -0.354331 
vn 0.267717 -0.0472441 0.96063 
vn 0.204724 0.291339 0.937008 
vn 0.0551181 0.779528 0.629921 
vn -0.0944882 0.984252 -0.125984 
vn -0.125984 0.80315 -0.574803 
vn -0.125984 0.80315 -0.574803 
vn -0.0708661 0.244094 -0.968504 
vn 0.023622 -0.622047 -0.779528 
vn -0.023622 -0.968504 -0.23622 
vn 0.23622 -0.732283 0.637795 
vn 0.23622 -0.732283 0.637795 
vn 0.314961 -0.23622 0.92126 
vn 0.346457 -0.00787402 -0.937008 
vn -0.00787402 0.0629921 -1 
vn -0.00787402 0.0866142 -1 
vn 0.346457 0.0393701 -0.937008 
vn 0.503937 0.779528 0.370079 
vn 0.0393701 0.929134 0.370079 
vn 0.0314961 0.708661 0.708661 
vn 0.433071 0.606299 0.669291 
vn -0.00787402 -1 -0.0787402 
vn 0.0393701 -0.992126 -0.0787402 
vn 0.0393701 -0.984252 -0.149606 
vn 0 -0.984252 -0.15748 
vn -0.771654 -0.629921 0.0787402 
vn -0.724409 -0.622047 0.299213 
vn -0.834646 -0.314961 0.448819 
vn -0.952756 -0.212598 0.212598 
vn 0.826772 -0.551181 0.110236 
vn 0.952756 -0.23622 0.19685 
vn 0.834646 -0.330709 0.440945 
vn 0.771654 -0.535433 0.330709 
vn -0.826772 0.440945 0.346457 
vn -0.716535 0.330709 0.614173 
vn -0.456693 0.574803 0.677165 
vn -0.519685 0.771654 0.362205 
vn 0.0866142 -0.984252 -0.15748 
vn 0.102362 -0.992126 -0.0787402 
vn 0.102362 -0.992126 -0.0787402 
vn 0.0787402 -0.984252 -0.165354 
vn -0.385827 0.0393701 -0.92126 
vn -0.370079 -0.0393701 -0.929134 
vn -0.464567 -0.165354 -0.874016 
vn -0.496063 -0.00787402 -0.866142 
vn 0.291339 0.0866142 -0.952756 
vn -0.00787402 0.0944882 -0.992126 
vn 0.795276 0.488189 0.362205 
vn 0.685039 0.362205 0.637795 
vn -0.716535 0.330709 0.614173 
vn -0.826772 0.440945 0.346457 
vn -0.519685 0.125984 -0.850394 
vn -0.307087 0.102362 -0.944882 
vn 0.448819 -0.102362 -0.889764 
vn 0.456693 0 -0.889764 
vn -0.00787402 -1 -0.0787402 
vn 0.00787402 -0.984252 -0.165354 
vn 0.795276 0.488189 0.362205 
vn 0.685039 0.362205 0.637795 
vn 0.456693 0.0866142 -0.88189 
vn 0.0314961 0.708661 0.708661 
vn -0.826772 0.527559 -0.173228 
vn -0.480315 0.874016 -0.0551181 
vn -0.905512 -0.181102 -0.385827 
vn -0.732283 -0.551181 -0.401575 
vn 0.0472441 -0.96063 -0.259843 
vn 0.0787402 -0.976378 -0.212598 
vn 0.0393701 -0.976378 -0.204724 
vn 0.015748 -0.976378 -0.220472 
vn 0.0393701 -0.968504 -0.259843 
vn 0.787402 -0.472441 -0.393701 
vn 0.897638 -0.212598 -0.385827 
vn 0.779528 0.598425 -0.165354 
vn 0.480315 0.874016 -0.0472441 
vn 0.0393701 1 -0.023622 
vn -0.338583 0.188976 -0.92126 
vn -0.354331 0.165354 -0.92126 
vn -0.354331 0.165354 -0.92126 
vn -0.338583 0.188976 -0.92126 
vn 0.503937 0.141732 0.850394 
vn 0.503937 0.141732 0.850394 
vn 0.511811 0.165354 0.84252 
vn 0.511811 0.165354 0.84252 
vn 0.433071 0.88189 -0.19685 
vn 0.433071 0.88189 -0.19685 
vn 0.433071 0.88189 -0.19685 
vn 0.433071 0.88189 -0.19685 
vn 0.897638 -0.110236 -0.433071 
vn 0.874016 -0.220472 -0.425197 
vn 0.874016 -0.220472 -0.425197 
vn 0.897638 -0.110236 -0.433071 
vn -0.527559 0.80315 0.267717 
vn -0.582677 0.755906 0.291339 
vn -0.582677 0.755906 0.291339 
vn -0.527559 0.80315 0.267717 
vn 0.551181 0.275591 0.787402 
vn 0.551181 0.275591 0.787402 
vn 0.889764 0.165354 -0.425197 
vn 0.889764 0.165354 -0.425197 
vn -0.275591 0.291339 -0.913386 
vn -0.275591 0.291339 -0.913386 
vn -0.362205 0.913386 0.188976 
vn -0.362205 0.913386 0.188976 
vn 0 0.0708661 -1 
vn 0 0.0708661 -1 
vn 0 0.0472441 -1 
vn 0 0.0472441 -1 
vn 0 0.299213 0.952756 
vn 0 0.322835 0.944882 
vn 0 0.322835 0.944882 
vn 0 0.299213 0.952756 
vn 0 0.992126 -0.125984 
vn 0 0.992126 -0.125984 
vn 0 0.992126 -0.125984 
vn 0 0.992126 -0.125984 
vn 0.929134 0.370079 -0.0472441 
vn 0.929134 0.370079 -0.0472441 
vn 0.96063 0.267717 -0.0314961 
vn 0.96063 0.267717 -0.0314961 
vn -0.905512 0.425197 -0.0551181 
vn -0.937008 0.354331 -0.0472441 
vn -0.937008 0.354331 -0.0472441 
vn -0.905512 0.425197 -0.0551181 
vn 0 0.440945 0.897638 
vn 0 0.440945 0.897638 
vn 0.787402 0.606299 -0.0787402 
vn 0.787402 0.606299 -0.0787402 
vn 0 0.19685 -0.984252 
vn 0 0.19685 -0.984252 
vn -0.787402 0.606299 -0.0787402 
vn -0.787402 0.606299 -0.0787402 
vn -0.362205 -0.149606 -0.92126 
vn -0.362205 -0.149606 -0.92126 
vn -0.370079 -0.125984 -0.92126 
vn -0.370079 -0.125984 -0.92126 
vn 0.456693 -0.204724 0.866142 
vn 0.464567 -0.228346 0.858268 
vn 0.464567 -0.228346 0.858268 
vn 0.456693 -0.204724 0.866142 
vn 0.251969 -0.952756 -0.15748 
vn 0.251969 -0.952756 -0.15748 
vn 0.251969 -0.952756 -0.15748 
vn 0.251969 -0.952756 -0.15748 
vn -0.716535 -0.622047 0.307087 
vn -0.771654 -0.535433 0.338583 
vn -0.771654 -0.535433 0.338583 
vn -0.716535 -0.622047 0.307087 
vn 0.897638 -0.149606 -0.417323 
vn 0.905512 -0.0708661 -0.425197 
vn 0.905512 -0.0708661 -0.425197 
vn 0.897638 -0.149606 -0.417323 
vn 0.480315 -0.338583 0.811024 
vn 0.480315 -0.338583 0.811024 
vn -0.535433 -0.818898 0.212598 
vn -0.535433 -0.818898 0.212598 
vn -0.314961 -0.267717 -0.905512 
vn -0.314961 -0.267717 -0.905512 
vn 0.84252 -0.354331 -0.409449 
vn 0.84252 -0.354331 -0.409449 
vn 0 -0.19685 -0.976378 
vn 0 -0.204724 -0.976378 
vn 0 -0.173228 -0.984252 
vn 0 -0.173228 -0.984252 
vn 0 -0.173228 0.984252 
vn 0 -0.204724 0.976378 
vn 0 -0.19685 0.976378 
vn 0 -0.173228 0.984252 
vn 0 -1 0 
vn 0 -1 0 
vn 0 -1 0 
vn 0 -1 0 
vn -0.937008 -0.346457 0 
vn -0.96063 -0.267717 0 
vn -0.96063 -0.267717 0 
vn -0.937008 -0.346457 0 
vn 0.905512 -0.417323 0 
vn 0.937008 -0.354331 0 
vn 0.937008 -0.354331 0 
vn 0.905512 -0.417323 0 
vn 0 -0.322835 0.944882 
vn 0 -0.322835 0.944882 
vn -0.787402 -0.614173 0 
vn -0.787402 -0.614173 0 
vn 0 -0.322835 -0.944882 
vn 0 -0.322835 -0.944882 
vn 0.787402 -0.614173 0 
vn 0.787402 -0.614173 0 
vn 0.275591 -0.11811 -0.952756 
vn 0.275591 -0.11811 -0.952756 
vn 0.275591 -0.0944882 -0.952756 
vn 0.275591 -0.0944882 -0.952756 
vn -0.299213 -0.251969 0.92126 
vn -0.307087 -0.275591 0.913386 
vn -0.299213 -0.275591 0.913386 
vn -0.299213 -0.251969 0.92126 
vn -0.0629921 -0.992126 -0.102362 
vn -0.0629921 -0.992126 -0.102362 
vn -0.0629921 -0.992126 -0.102362 
vn -0.0629921 -0.992126 -0.102362 
vn -0.913386 -0.283465 -0.307087 
vn -0.937008 -0.173228 -0.307087 
vn -0.937008 -0.173228 -0.307087 
vn -0.913386 -0.283465 -0.307087 
vn 0.834646 -0.511811 0.212598 
vn 0.866142 -0.440945 0.228346 
vn 0.866142 -0.440945 0.228346 
vn 0.834646 -0.511811 0.212598 
vn -0.299213 -0.393701 0.866142 
vn -0.299213 -0.393701 0.866142 
vn -0.795276 -0.535433 -0.291339 
vn -0.795276 -0.535433 -0.291339 
vn 0.259843 -0.23622 -0.937008 
vn 0.259843 -0.23622 -0.937008 
vn 0.716535 -0.685039 0.165354 
vn 0.716535 -0.685039 0.165354 
vn 0.165354 0.440945 -0.88189 
vn 0.165354 0.440945 -0.88189 
vn 0.181102 0.417323 -0.889764 
vn 0.181102 0.417323 -0.889764 
vn -0.354331 -0.102362 0.929134 
vn -0.370079 -0.0708661 0.929134 
vn -0.370079 -0.0787402 0.929134 
vn -0.354331 -0.102362 0.929134 
vn -0.448819 0.889764 0.015748 
vn -0.448819 0.889764 0.015748 
vn -0.448819 0.889764 0.015748 
vn -0.448819 0.889764 0.015748 
vn 0.519685 0.811024 0.275591 
vn 0.519685 0.811024 0.275591 
vn 0.598425 0.748031 0.283465 
vn 0.598425 0.748031 0.283465 
vn -0.944882 -0.15748 -0.291339 
vn -0.92126 -0.244094 -0.299213 
vn -0.92126 -0.244094 -0.299213 
vn -0.944882 -0.15748 -0.291339 
vn -0.417323 0.0472441 0.905512 
vn -0.417323 0.0472441 0.905512 
vn 0.322835 0.913386 0.23622 
vn 0.322835 0.913386 0.23622 
vn 0.102362 0.527559 -0.84252 
vn 0.102362 0.527559 -0.84252 
vn -0.96063 0.0708661 -0.259843 
vn -0.96063 0.0708661 -0.259843 
vn 0.748031 -0.23622 -0.614173 
vn 0.748031 -0.23622 -0.614173 
vn 0.755906 -0.212598 -0.614173 
vn 0.755906 -0.212598 -0.614173 
vn -0.795276 -0.133858 0.590551 
vn -0.795276 -0.15748 0.582677 
vn -0.795276 -0.15748 0.582677 
vn -0.795276 -0.133858 0.590551 
vn -0.11811 -0.992126 -0.0866142 
vn -0.11811 -0.992126 -0.0866142 
vn -0.11811 -0.992126 -0.0866142 
vn -0.11811 -0.992126 -0.0866142 
vn -0.606299 -0.23622 -0.76378 
vn -0.614173 -0.133858 -0.779528 
vn -0.614173 -0.133858 -0.779528 
vn -0.606299 -0.23622 -0.76378 
vn 0.496063 -0.551181 0.669291 
vn 0.519685 -0.480315 0.700787 
vn 0.519685 -0.480315 0.700787 
vn 0.496063 -0.551181 0.669291 
vn -0.787402 -0.275591 0.551181 
vn -0.787402 -0.275591 0.551181 
vn -0.551181 -0.496063 -0.677165 
vn -0.551181 -0.496063 -0.677165 
vn 0.708661 -0.354331 -0.606299 
vn 0.708661 -0.354331 -0.606299 
vn 0.401575 -0.716535 0.566929 
vn 0.401575 -0.716535 0.566929 
vn -0.976378 0.0708661 -0.188976 
vn -0.952756 0.181102 -0.259843 
vn -0.96063 0.0787402 -0.259843 
vn -0.858268 0.19685 -0.472441 
vn -0.834646 0.023622 -0.551181 
vn -0.023622 0.850394 -0.527559 
vn -0.015748 0.968504 -0.23622 
vn -0.322835 0.92126 -0.212598 
vn -0.314961 0.826772 -0.464567 
vn -0.96063 0.204724 -0.188976 
vn -0.952756 0.23622 -0.181102 
vn -0.952756 0.244094 -0.19685 
vn -0.96063 0.204724 -0.188976 
vn -0.858268 0.181102 -0.488189 
vn -0.866142 0.11811 -0.488189 
vn -0.818898 0.228346 -0.519685 
vn -0.80315 0.212598 -0.551181 
vn -0.102362 0.0314961 -0.992126 
vn 0.0393701 0.015748 -1 
vn -0.0393701 0.393701 -0.92126 
vn -0.204724 0.401575 -0.889764 
vn -0.88189 0.433071 -0.173228 
vn -0.834646 0.472441 -0.275591 
vn -0.92126 0.330709 -0.212598 
vn -0.92126 0.346457 -0.181102 
vn -0.724409 0.519685 -0.448819 
vn -0.866142 0.322835 -0.385827 
vn -0.0944882 0.0472441 -0.992126 
vn 0.015748 0.00787402 -1 
vn -0.76378 0.622047 -0.149606 
vn -0.708661 0.645669 -0.283465 
vn -0.566929 0.685039 -0.456693 
vn -0.692913 0.354331 -0.622047 
vn -0.606299 0.448819 -0.661417 
vn -0.551181 0.393701 -0.740157 
vn -0.204724 0.314961 -0.929134 
vn -0.220472 0.346457 -0.913386 
vn -0.606299 0.787402 -0.11811 
vn -0.566929 0.787402 -0.244094 
vn -0.448819 0.779528 -0.433071 
vn -0.228346 0.84252 -0.488189 
vn -0.307087 0.811024 -0.496063 
vn 0.023622 0.866142 -0.496063 
vn 0.00787402 0.866142 -0.496063 
vn -0.464567 0.88189 -0.0944882 
vn -0.433071 0.88189 -0.181102 
vn -0.330709 0.88189 -0.330709 
vn -0.181102 0.88189 -0.433071 
vn -0.259843 0.80315 -0.535433 
vn 0 0.88189 -0.472441 
vn -0.00787402 0.834646 -0.551181 
vn -0.228346 0.968504 -0.0472441 
vn -0.212598 0.976378 -0.0866142 
vn -0.165354 0.976378 -0.165354 
vn -0.0866142 0.976378 -0.212598 
vn 0 0.976378 -0.228346 
vn 0 1 -0.0472441 
vn -0.929134 0 -0.362205 
vn -0.984252 0.015748 -0.19685 
vn -0.669291 -0.015748 -0.740157 
vn -0.440945 -0.023622 -0.897638 
vn -0.543307 0.110236 -0.826772 
vn -0.716535 -0.015748 -0.692913 
vn 0 0.0787402 -1 
vn 0 0.15748 -0.984252 
vn -0.291339 0.133858 -0.944882 
vn -0.251969 0.0314961 -0.968504 
vn -0.92126 -0.023622 -0.385827 
vn -0.984252 -0.023622 -0.19685 
vn -0.716535 -0.0314961 -0.692913 
vn -0.503937 -0.0629921 -0.866142 
vn -0.519685 -0.0314961 -0.858268 
vn -0.377953 -0.220472 -0.897638 
vn -0.212598 0.0629921 -0.976378 
vn -0.551181 0.354331 -0.755906 
vn -0.133858 0.259843 -0.952756 
vn -0.417323 -0.291339 -0.858268 
vn -0.322835 -0.204724 -0.92126 
vn -0.582677 -0.299213 -0.755906 
vn -0.622047 -0.291339 -0.724409 
vn -0.708661 -0.212598 -0.669291 
vn -0.811024 -0.0866142 -0.574803 
vn -0.858268 0.0866142 -0.511811 
vn -0.850394 0.204724 -0.480315 
vn -0.834646 0.267717 -0.472441 
vn -0.834646 0.267717 -0.472441 
vn -0.535433 0.661417 -0.527559 
vn -0.653543 0.566929 -0.496063 
vn -0.377953 0.724409 -0.574803 
vn -0.212598 0.669291 -0.708661 
vn -0.149606 0.551181 -0.818898 
vn -0.472441 0.503937 -0.724409 
vn -0.944882 0.259843 -0.188976 
vn 0.976378 0.0629921 -0.188976 
vn 0.952756 0.0708661 -0.299213 
vn 0.944882 0.15748 -0.275591 
vn 0.826772 0.173228 -0.535433 
vn 0.795276 0.0944882 -0.598425 
vn 0.322835 0.866142 -0.393701 
vn 0.322835 0.913386 -0.23622 
vn 0.96063 0.204724 -0.165354 
vn 0.96063 0.204724 -0.181102 
vn 0.937008 0.267717 -0.220472 
vn 0.929134 0.314961 -0.173228 
vn 0.874016 0.181102 -0.440945 
vn 0.850394 0.267717 -0.456693 
vn 0.220472 0.401575 -0.889764 
vn 0.204724 -0.015748 -0.976378 
vn 0.889764 0.346457 -0.291339 
vn 0.84252 0.448819 -0.299213 
vn 0.88189 0.433071 -0.173228 
vn 0.787402 0.346457 -0.511811 
vn 0.724409 0.496063 -0.480315 
vn 0.15748 0.00787402 -0.984252 
vn 0.716535 0.637795 -0.283465 
vn 0.76378 0.622047 -0.149606 
vn 0.535433 0.708661 -0.456693 
vn 0.661417 0.590551 -0.464567 
vn 0.464567 0.629921 -0.622047 
vn 0.267717 0.677165 -0.685039 
vn 0.181102 0.19685 -0.968504 
vn 0.559055 0.795276 -0.23622 
vn 0.606299 0.787402 -0.11811 
vn 0.433071 0.80315 -0.417323 
vn 0.244094 0.826772 -0.503937 
vn 0.433071 0.88189 -0.181102 
vn 0.464567 0.88189 -0.0944882 
vn 0.330709 0.88189 -0.330709 
vn 0.181102 0.88189 -0.433071 
vn 0.212598 0.976378 -0.0866142 
vn 0.228346 0.968504 -0.0472441 
vn 0.165354 0.976378 -0.165354 
vn 0.0866142 0.976378 -0.212598 
vn 0.984252 0.015748 -0.19685 
vn 0.929134 0.015748 -0.370079 
vn 0.732283 0.015748 -0.677165 
vn 0.732283 0.110236 -0.669291 
vn 0.480315 -0.0866142 -0.874016 
vn 0.519685 -0.0944882 -0.850394 
vn 0.543307 0.0629921 -0.834646 
vn 0.251969 0.0314961 -0.968504 
vn 0.291339 0.15748 -0.944882 
vn 0.984252 -0.023622 -0.19685 
vn 0.929134 -0.0314961 -0.377953 
vn 0.724409 -0.0472441 -0.692913 
vn 0.251969 -0.338583 -0.905512 
vn 0.220472 -0.220472 -0.952756 
vn -0.00787402 -0.275591 -0.96063 
vn -0.00787402 -0.409449 -0.913386 
vn 0.110236 0.393701 -0.913386 
vn 0.370079 0.275591 -0.889764 
vn 0.125984 0.188976 -0.976378 
vn 0.125984 0.165354 -0.976378 
vn 0.464567 0.149606 -0.874016 
vn 0.496063 0.141732 -0.858268 
vn 0.496063 0.149606 -0.850394 
vn 0.503937 0.181102 -0.84252 
vn 0.503937 0.228346 -0.834646 
vn 0.456693 0.330709 -0.826772 
vn 0.448819 0.354331 -0.826772 
vn 0.448819 0.354331 -0.826772 
vn 0.314961 0.480315 -0.818898 
vn 0.314961 0.480315 -0.818898 
vn 0.314961 0.480315 -0.818898 
vn 0.314961 0.480315 -0.818898 
vn 0.314961 0.480315 -0.818898 
vn 0.314961 0.480315 -0.818898 
vn 0.330709 0.440945 -0.834646 
vn 0.425197 0.472441 -0.771654 
vn 0.0866142 0.307087 -0.944882 
vn 0.125984 0.346457 -0.929134 
vn -0.11811 0.015748 -0.992126 
vn -0.354331 -0.228346 -0.905512 
vn -0.338583 -0.212598 -0.913386 
vn -0.0787402 0.0629921 -0.992126 
vn 0.102362 0.23622 -0.968504 
vn 0.0787402 0.19685 -0.976378 
vn -0.464567 -0.267717 -0.84252 
vn -0.425197 -0.259843 -0.866142 
vn -0.551181 -0.251969 -0.795276 
vn -0.527559 -0.259843 -0.811024 
vn -0.622047 -0.19685 -0.755906 
vn -0.598425 -0.212598 -0.771654 
vn -0.614173 -0.173228 -0.76378 
vn -0.622047 -0.173228 -0.76378 
vn -0.519685 -0.212598 -0.826772 
vn -0.503937 -0.220472 -0.834646 
vn -0.456693 -0.00787402 -0.889764 
vn -0.496063 0.0866142 -0.866142 
vn -0.559055 0.299213 -0.771654 
vn -0.559055 0.314961 -0.771654 
vn -0.488189 0.661417 -0.566929 
vn -0.598425 0.653543 -0.472441 
vn -0.590551 0.653543 -0.472441 
vn -0.503937 0.629921 -0.590551 
vn -0.559055 0.685039 -0.464567 
vn -0.456693 0.771654 -0.440945 
vn -0.314961 0.84252 -0.440945 
vn -0.204724 0.858268 -0.472441 
vn 0.11811 0.787402 -0.606299 
vn 0.15748 0.748031 -0.645669 
vn 0.204724 0.511811 -0.834646 
vn 0.23622 0.590551 -0.771654 
vn 0.480315 0.212598 -0.850394 
vn 0.488189 0.204724 -0.850394 
vn 0.377953 0.165354 -0.913386 
vn 0.393701 0.173228 -0.905512 
vn 0.259843 -0.0393701 -0.968504 
vn 0.259843 -0.0314961 -0.968504 
vn 0.251969 -0.141732 -0.96063 
vn 0.275591 -0.228346 -0.937008 
vn 0.330709 -0.377953 -0.866142 
vn 0.354331 -0.401575 -0.84252 
vn 0.496063 -0.362205 -0.787402 
vn 0.448819 -0.385827 -0.80315 
vn 0.511811 -0.346457 -0.787402 
vn 0.503937 -0.346457 -0.795276 
vn 0.488189 -0.23622 -0.84252 
vn 0.488189 -0.212598 -0.84252 
vn 0.535433 0 -0.850394 
vn 0.535433 0.0314961 -0.84252 
vn 0.566929 0.299213 -0.76378 
vn 0.574803 0.330709 -0.748031 
vn 0.519685 0.692913 -0.503937 
vn 0.511811 0.708661 -0.488189 
vn 0.456693 0.826772 -0.330709 
vn 0.456693 0.826772 -0.330709 
vn 0.417323 0.84252 -0.330709 
vn 0.362205 0.866142 -0.338583 
vn 0.251969 0.88189 -0.393701 
vn 0.220472 0.88189 -0.425197 
vn 0.149606 0.661417 -0.740157 
vn 0.125984 0.708661 -0.700787 
vn 0.330709 0.425197 -0.84252 
vn 0.259843 0.496063 -0.826772 
vn -0.716535 0.338583 -0.614173 
vn -0.708661 0.346457 -0.614173 
vn -0.724409 0.314961 -0.614173 
vn -0.755906 0.267717 -0.598425 
vn -0.377953 0.724409 -0.574803 
vn 0.259843 -0.409449 -0.874016 
vn 0.637795 -0.188976 -0.748031 
vn 0.23622 -0.417323 -0.874016 
vn -0.88189 0.299213 -0.362205 
vn -0.874016 0.188976 -0.440945 
vn -0.464567 -0.244094 -0.850394 
vn -0.464567 -0.228346 -0.850394 
vn -0.354331 -0.102362 -0.929134 
vn -0.354331 -0.102362 -0.929134 
vn -0.551181 0.653543 -0.511811 
vn -0.259843 0.834646 -0.488189 
vn -0.330709 0.818898 -0.472441 
vn -0.566929 0.637795 -0.519685 
vn -0.0551181 0.84252 -0.527559 
vn -0.0472441 -0.0314961 -1 
vn -0.19685 -0.102362 -0.976378 
vn -0.181102 -0.102362 -0.976378 
vn -0.0472441 -0.0314961 -1 
vn 0.141732 0.19685 -0.968504 
vn -0.700787 0.401575 -0.582677 
vn -0.724409 0.362205 -0.590551 
vn -0.322835 -0.393701 -0.858268 
vn -0.346457 -0.385827 -0.858268 
vn -0.818898 0.275591 -0.496063 
vn -0.818898 0.267717 -0.511811 
vn -0.0629921 -0.433071 -0.897638 
vn -0.149606 -0.425197 -0.889764 
vn -0.259843 -0.338583 -0.905512 
vn -0.228346 -0.220472 -0.944882 
vn 0.338583 -0.23622 -0.913386 
vn 0.488189 -0.0708661 -0.866142 
vn 0.488189 0.125984 -0.866142 
vn 0.566929 0.133858 -0.811024 
vn 0.448819 0.346457 -0.818898 
vn 0.409449 0.401575 -0.818898 
vn 0.322835 0.165354 -0.929134 
vn 0.448819 -0.00787402 -0.889764 
vn -0.322835 0.125984 -0.937008 
vn -0.464567 0.0551181 -0.88189 
vn 0.110236 -0.732283 -0.669291 
vn 0.0866142 -0.748031 -0.661417 
vn 0.0866142 -0.748031 -0.661417 
vn 0.133858 -0.724409 -0.677165 
vn 0.0314961 -0.653543 -0.755906 
vn 0.0393701 -0.653543 -0.755906 
vn -0.0866142 -0.708661 -0.700787 
vn -0.0944882 -0.716535 -0.692913 
vn 0.141732 0.622047 -0.76378 
vn 0.141732 0.622047 -0.76378 
vn 0.141732 0.622047 -0.76378 
vn 0.141732 0.622047 -0.76378 
vn 0.023622 0.669291 -0.748031 
vn -0.00787402 0.661417 -0.748031 
vn 0 0.661417 -0.748031 
vn 0.023622 0.669291 -0.748031 
vn 0.0551181 -0.76378 -0.645669 
vn -0.11811 0.212598 -0.968504 
vn -0.110236 0.149606 -0.984252 
vn 0.0551181 -0.76378 -0.645669 
vn -0.141732 0.590551 -0.795276 
vn -0.11811 0.629921 -0.76378 
vn -0.015748 0.669291 -0.740157 
vn -0.00787402 0.669291 -0.740157 
vn -0.0393701 0.669291 -0.740157 
vn -0.0393701 0.669291 -0.740157 
vn -0.015748 0.677165 -0.732283 
vn 0.0551181 0.661417 -0.748031 
vn 0.0314961 0.677165 -0.740157 
vn -0.015748 0.677165 -0.732283 
vn 0.0866142 0.653543 -0.755906 
vn 0.0866142 0.653543 -0.755906 
vn -0.0787402 0.669291 -0.732283 
vn -0.0787402 0.669291 -0.732283 
vn 0.133858 -0.685039 -0.716535 
vn 0.133858 -0.685039 -0.716535 
vn -0.0551181 -0.740157 -0.677165 
vn -0.0787402 -0.740157 -0.669291 
vn 0.00787402 -0.732283 -0.685039 
vn 0.0314961 -0.724409 -0.692913 
vn 0.0472441 -0.716535 -0.692913 
vn 0.0472441 -0.716535 -0.692913 
vn 0.212598 -0.173228 -0.96063 
vn 0 -0.212598 -0.976378 
vn -0.212598 -0.181102 -0.96063 
vn -0.511811 -0.0551181 -0.858268 
vn 0.346457 0.433071 -0.826772 
vn -0.015748 0.464567 -0.88189 
vn -0.377953 0.417323 -0.826772 
vn -0.456693 0.354331 -0.811024 
vn -0.385827 0.299213 -0.874016 
vn 0.425197 -0.0472441 -0.905512 
vn 0.11811 -0.795276 -0.598425 
vn 0.11811 -0.795276 -0.598425 
vn 0 -0.80315 -0.598425 
vn 0 -0.80315 -0.598425 
vn -0.11811 -0.795276 -0.590551 
vn -0.11811 -0.795276 -0.590551 
vn -0.259843 -0.787402 -0.551181 
vn -0.275591 -0.787402 -0.551181 
vn -0.433071 -0.787402 -0.440945 
vn -0.433071 -0.787402 -0.440945 
vn -0.574803 -0.787402 -0.23622 
vn -0.574803 -0.787402 -0.23622 
vn -0.614173 -0.779528 -0.11811 
vn -0.614173 -0.779528 -0.11811 
vn 0.614173 -0.779528 -0.125984 
vn 0.614173 -0.779528 -0.125984 
vn 0.566929 -0.787402 -0.23622 
vn 0.566929 -0.787402 -0.23622 
vn 0.433071 -0.787402 -0.433071 
vn 0.433071 -0.787402 -0.433071 
vn 0.275591 -0.795276 -0.543307 
vn 0.251969 -0.795276 -0.551181 
vn -0.0393701 0.228346 -0.976378 
vn -0.700787 0.102362 0.700787 
vn -0.692913 0.212598 0.692913 
vn -0.905512 0.212598 0.377953 
vn -0.92126 0.102362 0.377953 
vn -0.377953 0.102362 0.92126 
vn -0.377953 0.212598 0.905512 
vn 0 0.102362 0.992126 
vn 0 0.212598 0.976378 
vn 0.377953 0.102362 0.92126 
vn 0.370079 0.212598 0.905512 
vn 0 0.102362 0.992126 
vn 0.700787 0.102362 0.700787 
vn 0.692913 0.212598 0.692913 
vn 0.92126 0.102362 0.377953 
vn 0.905512 0.212598 0.370079 
vn 0.976378 0.102362 0.19685 
vn 0.96063 0.204724 0.188976 
vn -0.96063 0.204724 0.188976 
vn -0.976378 0.102362 0.19685 
vn -0.677165 0.299213 0.677165 
vn -0.88189 0.299213 0.362205 
vn -0.362205 0.299213 0.88189 
vn 0 0.299213 0.952756 
vn 0.362205 0.299213 0.88189 
vn 0.677165 0.299213 0.677165 
vn 0.88189 0.299213 0.362205 
vn 0.937008 0.291339 0.188976 
vn -0.937008 0.291339 0.188976 
vn -0.637795 0.440945 0.637795 
vn -0.826772 0.440945 0.346457 
vn -0.346457 0.440945 0.826772 
vn 0 0.440945 0.897638 
vn 0.346457 0.440945 0.826772 
vn 0.637795 0.440945 0.637795 
vn 0.826772 0.440945 0.346457 
vn 0.88189 0.433071 0.173228 
vn -0.88189 0.433071 0.181102 
vn -0.543307 0.629921 0.551181 
vn -0.716535 0.629921 0.299213 
vn -0.299213 0.629921 0.716535 
vn 0 0.629921 0.771654 
vn 0.299213 0.629921 0.716535 
vn 0.551181 0.629921 0.551181 
vn 0.716535 0.629921 0.299213 
vn 0.76378 0.622047 0.149606 
vn -0.76378 0.622047 0.15748 
vn -0.433071 0.795276 0.433071 
vn -0.559055 0.795276 0.23622 
vn -0.23622 0.795276 0.559055 
vn 0 0.795276 0.606299 
vn 0.23622 0.795276 0.559055 
vn 0.433071 0.795276 0.433071 
vn 0.559055 0.795276 0.23622 
vn 0.606299 0.787402 0.11811 
vn -0.606299 0.787402 0.11811 
vn -0.330709 0.88189 0.330709 
vn -0.433071 0.88189 0.181102 
vn -0.181102 0.88189 0.433071 
vn 0 0.88189 0.472441 
vn 0.181102 0.88189 0.433071 
vn 0.330709 0.88189 0.330709 
vn 0.433071 0.88189 0.181102 
vn 0.464567 0.88189 0.0944882 
vn -0.464567 0.88189 0.0944882 
vn -0.165354 0.976378 0.165354 
vn -0.212598 0.976378 0.0866142 
vn -0.0866142 0.976378 0.212598 
vn 0 0.976378 0.228346 
vn 0.0866142 0.976378 0.212598 
vn 0.165354 0.976378 0.165354 
vn 0.212598 0.976378 0.0866142 
vn 0.228346 0.968504 0.0472441 
vn -0.228346 0.968504 0.0472441 
vn 0 1 0.0472441 
vn -0.92126 0.015748 0.385827 
vn -0.708661 0.015748 0.708661 
vn -0.385827 0.015748 0.92126 
vn 0 0.015748 1 
vn 0 0.015748 1 
vn 0.385827 0.015748 0.92126 
vn 0.708661 0.015748 0.708661 
vn 0.92126 0.015748 0.385827 
vn 0.984252 0.015748 0.19685 
vn -0.984252 0.015748 0.19685 
vn -0.976378 -0.023622 0.19685 
vn -0.92126 -0.023622 0.385827 
vn -0.708661 -0.023622 0.708661 
vn -0.385827 -0.023622 0.92126 
vn 0 -0.023622 1 
vn 0 -0.023622 1 
vn 0.385827 -0.023622 0.92126 
vn 0.708661 -0.023622 0.708661 
vn 0.92126 -0.023622 0.385827 
vn 0.984252 -0.023622 0.19685 
vn 0 -1 0 
vn 0 -1 0 
vn 0 -1 0 
vn 0 -1 0 
vn 0 -1 0 
vn 0 -1 0 
vn 0 -1 0 
vn 0 -1 0 
vn 0 -1 0 
vn 0 -1 0 
vn -0.614173 -0.779528 0.125984 
vn -0.614173 -0.779528 0.125984 
vn -0.574803 -0.787402 0.23622 
vn -0.574803 -0.787402 0.23622 
vn -0.440945 -0.787402 0.440945 
vn -0.440945 -0.787402 0.440945 
vn -0.23622 -0.787402 0.574803 
vn -0.23622 -0.787402 0.574803 
vn 0 -0.787402 0.622047 
vn 0 -0.787402 0.622047 
vn 0 -0.787402 0.622047 
vn 0 -0.787402 0.622047 
vn 0.23622 -0.787402 0.574803 
vn 0.23622 -0.787402 0.574803 
vn 0.440945 -0.787402 0.440945 
vn 0.440945 -0.787402 0.440945 
vn 0.574803 -0.787402 0.23622 
vn 0.574803 -0.787402 0.23622 
vn 0.614173 -0.779528 0.11811 
vn 0.614173 -0.779528 0.11811 
vn 0 -1 0 
vn 0 -1 0 
vn 0 -1 0 
vn 0 -1 0 
vn 0 -1 0 
vn 0 -1 0 
vn 0 -1 0 
vn 0 -1 0 
vn 0 -1 0 
vn 0 -1 0 
vn 0 -1 0 
vn 0 -1 0 
vn -0.0393701 0.0944882 -0.992126 
vn 0.220472 0.0629921 -0.976378 
vn 0.220472 0.0551181 -0.976378 
vn -0.19685 0.141732 -0.968504 
vn 0.015748 0.141732 -0.992126 
vn -0.228346 0.0551181 -0.968504 
vn -0.228346 0.0551181 -0.968504 
vn -0.228346 0.0551181 -0.968504 
vn -0.00787402 -0.023622 -1 
vn 0.188976 -0.023622 -0.984252 
vn 0 -0.0472441 -1 
vn 0.220472 0.212598 -0.952756 
vn 0.220472 0.212598 -0.952756 
vn 0.181102 0.0393701 -0.984252 
vn 0.173228 -0.023622 -0.984252 
vn 0.23622 0 -0.968504 
vn 0.228346 -0.00787402 -0.976378 
vn -0.141732 -0.0393701 -0.992126 
vn -0.173228 -0.015748 -0.984252 
vn -0.188976 0 -0.984252 
vn 0.15748 -0.0944882 -0.984252 
vn 0.19685 0.11811 -0.976378 
vn -0.220472 0.00787402 -0.976378 
vn -0.212598 0.102362 -0.968504 
vn -0.220472 0.00787402 -0.976378 
vn -0.582677 -0.724409 -0.377953 
vn -0.606299 -0.692913 -0.385827 
vn -0.692913 0.716535 -0.0472441 
vn -0.724409 0.685039 -0.0708661 
vn -0.606299 -0.692913 -0.385827 
vn 0.173228 -0.976378 -0.149606 
vn 0.173228 -0.976378 -0.149606 
vn -0.149606 -0.976378 -0.141732 
vn -0.149606 -0.976378 -0.141732 
vn -0.149606 -0.984252 -0.125984 
vn -0.149606 -0.984252 -0.125984 
vn -0.125984 -0.984252 -0.102362 
vn -0.110236 -0.984252 -0.102362 
vn 0.0393701 -0.992126 -0.102362 
vn 0.0393701 -0.992126 -0.102362 
vn 0.165354 -0.984252 -0.110236 
vn 0.165354 -0.976378 -0.110236 
vn 0.173228 -0.976378 -0.149606 
vn 0.173228 -0.968504 -0.15748 
vn 0.11811 -0.952756 -0.283465 
vn 0.102362 -0.952756 -0.299213 
vn 0.0314961 -0.913386 -0.409449 
vn 0.0314961 -0.913386 -0.409449 
vn 0.748031 0.637795 -0.173228 
vn 0.748031 0.637795 -0.173228 
vn 0.748031 0.637795 -0.173228 
vn 0.748031 0.637795 -0.173228 
vn 0.574803 0.818898 0.023622 
vn 0.574803 0.818898 0.023622 
vn 0.472441 0.88189 0.0314961 
vn 0.448819 0.897638 0.0314961 
vn 0.15748 0.984252 0.015748 
vn 0.110236 0.992126 0.00787402 
vn 0 1 -0.015748 
vn 0 1 -0.015748 
vn -0.0944882 0.992126 0.00787402 
vn -0.141732 0.992126 0.015748 
vn -0.370079 0.929134 0.0393701 
vn -0.393701 0.92126 0.0393701 
vn -0.464567 0.88189 0.0314961 
vn -0.464567 0.88189 0.0314961 
vn -0.590551 0.80315 0.023622 
vn -0.590551 0.80315 0.023622 

vt 0.925995 0.466244 
vt 0.92771 0.46594 
vt 0.92718 0.472337 
vt 0.925585 0.473 
vt 0.929388 0.465496 
vt 0.931919 0.465364 
vt 0.932376 0.471253 
vt 0.929156 0.471606 
vt 0.934315 0.471708 
vt 0.933556 0.465621 
vt 0.935149 0.465872 
vt 0.935987 0.472003 
vt 0.922678 0.466035 
vt 0.925995 0.466244 
vt 0.922413 0.472497 
vt 0.826051 0.266937 
vt 0.824969 0.262961 
vt 0.831389 0.262961 
vt 0.830307 0.266937 
vt 0.922413 0.461867 
vt 0.926164 0.461957 
vt 0.933421 0.461638 
vt 0.935123 0.461705 
vt 0.929389 0.461558 
vt 0.931829 0.461498 
vt 0.926164 0.461957 
vt 0.927815 0.461843 
vt 0.923164 0.447917 
vt 0.923327 0.443309 
vt 0.926476 0.443516 
vt 0.926333 0.448401 
vt 0.934514 0.447903 
vt 0.932959 0.448272 
vt 0.93289 0.443497 
vt 0.934201 0.443194 
vt 0.929379 0.448692 
vt 0.929165 0.443935 
vt 0.931576 0.443821 
vt 0.931523 0.448605 
vt 0.926333 0.448401 
vt 0.926476 0.443516 
vt 0.927827 0.44371 
vt 0.927911 0.448558 
vt 0.923481 0.424633 
vt 0.923459 0.418618 
vt 0.926393 0.418453 
vt 0.926429 0.424616 
vt 0.934067 0.424484 
vt 0.932846 0.424665 
vt 0.932834 0.418563 
vt 0.934064 0.41836 
vt 0.92895 0.424879 
vt 0.928955 0.418775 
vt 0.93153 0.418749 
vt 0.931548 0.424847 
vt 0.926429 0.424616 
vt 0.926393 0.418453 
vt 0.927631 0.418617 
vt 0.927651 0.424747 
vt 0.923144 0.407771 
vt 0.922603 0.39888 
vt 0.925392 0.398224 
vt 0.926032 0.407141 
vt 0.934453 0.407483 
vt 0.933002 0.406829 
vt 0.933738 0.398233 
vt 0.935351 0.398685 
vt 0.931458 0.406185 
vt 0.929062 0.406007 
vt 0.928856 0.397712 
vt 0.931837 0.397762 
vt 0.926032 0.407141 
vt 0.925392 0.398224 
vt 0.92698 0.397977 
vt 0.927495 0.40659 
vt 0.926348 0.41222 
vt 0.927666 0.412516 
vt 0.929024 0.412813 
vt 0.931428 0.412917 
vt 0.934018 0.41232 
vt 0.932752 0.412619 
vt 0.923361 0.41263 
vt 0.926348 0.41222 
vt 0.926448 0.438389 
vt 0.926443 0.431165 
vt 0.927643 0.431509 
vt 0.927695 0.43894 
vt 0.929029 0.439516 
vt 0.928942 0.431864 
vt 0.931638 0.431833 
vt 0.93166 0.439458 
vt 0.93421 0.438194 
vt 0.93297 0.438805 
vt 0.932928 0.431414 
vt 0.934128 0.431025 
vt 0.923388 0.438295 
vt 0.923449 0.43112 
vt 0.926443 0.431165 
vt 0.926448 0.438389 
vt 0.927682 0.457826 
vt 0.925906 0.457636 
vt 0.926132 0.452739 
vt 0.927796 0.452832 
vt 0.929545 0.457864 
vt 0.929424 0.45285 
vt 0.93157 0.452743 
vt 0.931625 0.457791 
vt 0.933489 0.457562 
vt 0.933208 0.45252 
vt 0.934885 0.452222 
vt 0.935336 0.457178 
vt 0.922789 0.45736 
vt 0.92297 0.452257 
vt 0.926132 0.452739 
vt 0.925906 0.457636 
vt 0.927495 0.40659 
vt 0.92698 0.397977 
vt 0.928856 0.397712 
vt 0.929062 0.406007 
vt 0.929024 0.412813 
vt 0.927666 0.412516 
vt 0.927631 0.418617 
vt 0.928955 0.418775 
vt 0.927651 0.424747 
vt 0.92895 0.424879 
vt 0.927643 0.431509 
vt 0.928942 0.431864 
vt 0.927695 0.43894 
vt 0.929029 0.439516 
vt 0.927827 0.44371 
vt 0.929165 0.443935 
vt 0.927911 0.448558 
vt 0.929379 0.448692 
vt 0.927796 0.452832 
vt 0.929424 0.45285 
vt 0.927682 0.457826 
vt 0.929545 0.457864 
vt 0.929389 0.461558 
vt 0.927815 0.461843 
vt 0.929388 0.465496 
vt 0.92771 0.46594 
vt 0.92718 0.472337 
vt 0.824969 0.262961 
vt 0.826051 0.258174 
vt 0.830307 0.258174 
vt 0.831389 0.262961 
vt 0.931919 0.465364 
vt 0.933556 0.465621 
vt 0.934315 0.471708 
vt 0.933421 0.461638 
vt 0.931829 0.461498 
vt 0.933489 0.457562 
vt 0.931625 0.457791 
vt 0.93157 0.452743 
vt 0.933208 0.45252 
vt 0.931523 0.448605 
vt 0.932959 0.448272 
vt 0.931576 0.443821 
vt 0.93289 0.443497 
vt 0.93166 0.439458 
vt 0.93297 0.438805 
vt 0.931638 0.431833 
vt 0.932928 0.431414 
vt 0.931548 0.424847 
vt 0.932846 0.424665 
vt 0.93153 0.418749 
vt 0.932834 0.418563 
vt 0.931428 0.412917 
vt 0.932752 0.412619 
vt 0.933002 0.406829 
vt 0.931458 0.406185 
vt 0.931837 0.397762 
vt 0.933738 0.398233 
vt 0.91345 0.316187 
vt 0.915658 0.316162 
vt 0.915627 0.32743 
vt 0.913379 0.327446 
vt 0.913507 0.305339 
vt 0.915662 0.305341 
vt 0.913512 0.294594 
vt 0.915636 0.294609 
vt 0.913592 0.283975 
vt 0.91568 0.283979 
vt 0.913692 0.27362 
vt 0.915741 0.273646 
vt 0.913795 0.263324 
vt 0.91583 0.263334 
vt 0.913736 0.252297 
vt 0.916021 0.252339 
vt 0.913429 0.465024 
vt 0.915665 0.464965 
vt 0.915916 0.476759 
vt 0.913403 0.476877 
vt 0.913369 0.453737 
vt 0.915634 0.453656 
vt 0.913348 0.44218 
vt 0.91565 0.442143 
vt 0.913363 0.430526 
vt 0.915691 0.430545 
vt 0.91335 0.418772 
vt 0.915675 0.418802 
vt 0.913314 0.407131 
vt 0.915627 0.407148 
vt 0.913248 0.395592 
vt 0.915554 0.395578 
vt 0.913166 0.383963 
vt 0.915453 0.383917 
vt 0.913155 0.372606 
vt 0.915413 0.372585 
vt 0.913142 0.361339 
vt 0.915386 0.36136 
vt 0.913226 0.350029 
vt 0.915468 0.350056 
vt 0.913316 0.33882 
vt 0.915554 0.338826 
vt 0.878082 0.43291 
vt 0.881065 0.428647 
vt 0.886415 0.449301 
vt 0.875915 0.438777 
vt 0.874776 0.445675 
vt 0.874776 0.452927 
vt 0.875915 0.459825 
vt 0.878082 0.465693 
vt 0.881065 0.469956 
vt 0.884571 0.472197 
vt 0.888258 0.472197 
vt 0.891764 0.469956 
vt 0.894747 0.465693 
vt 0.896914 0.459825 
vt 0.898053 0.452927 
vt 0.898053 0.445675 
vt 0.896914 0.438777 
vt 0.894747 0.43291 
vt 0.891764 0.428647 
vt 0.888258 0.426406 
vt 0.884571 0.426406 
vt 0.818987 0.269473 
vt 0.818356 0.267764 
vt 0.821415 0.264697 
vt 0.818024 0.265754 
vt 0.818024 0.263641 
vt 0.818356 0.261631 
vt 0.818987 0.259921 
vt 0.819856 0.258679 
vt 0.820878 0.258026 
vt 0.821952 0.258026 
vt 0.822974 0.258679 
vt 0.823843 0.259921 
vt 0.824474 0.261631 
vt 0.824806 0.263641 
vt 0.824807 0.265754 
vt 0.824474 0.267763 
vt 0.823843 0.269473 
vt 0.822974 0.270715 
vt 0.821952 0.271368 
vt 0.820878 0.271368 
vt 0.819856 0.270715 
vt 0.883693 0.208157 
vt 0.879266 0.225663 
vt 0.875706 0.222713 
vt 0.878764 0.204034 
vt 0.872028 0.2209 
vt 0.873452 0.201472 
vt 0.868239 0.220304 
vt 0.86788 0.200809 
vt 0.86454 0.220994 
vt 0.862334 0.202237 
vt 0.88972 0.344735 
vt 0.884972 0.327709 
vt 0.88802 0.323281 
vt 0.894379 0.338464 
vt 0.890662 0.317804 
vt 0.898347 0.330669 
vt 0.892881 0.311488 
vt 0.901519 0.321706 
vt 0.894548 0.304544 
vt 0.903882 0.312076 
vt 0.895689 0.297115 
vt 0.905484 0.301962 
vt 0.896296 0.289486 
vt 0.906349 0.29162 
vt 0.896461 0.281824 
vt 0.906466 0.281333 
vt 0.896169 0.274203 
vt 0.905958 0.271349 
vt 0.895418 0.266691 
vt 0.904899 0.261728 
vt 0.894176 0.259449 
vt 0.903371 0.252371 
vt 0.892606 0.252475 
vt 0.901272 0.243439 
vt 0.89067 0.245839 
vt 0.89872 0.235095 
vt 0.888282 0.239835 
vt 0.895744 0.22724 
vt 0.885567 0.234366 
vt 0.892236 0.219961 
vt 0.882541 0.229654 
vt 0.888204 0.213491 
vt 0.878361 0.287259 
vt 0.863198 0.291538 
vt 0.86293 0.289458 
vt 0.878238 0.283548 
vt 0.878334 0.290882 
vt 0.863417 0.293592 
vt 0.878171 0.294347 
vt 0.863622 0.295648 
vt 0.877931 0.297705 
vt 0.863768 0.297666 
vt 0.877521 0.300788 
vt 0.8639 0.299676 
vt 0.877057 0.30369 
vt 0.863961 0.301642 
vt 0.8765 0.306163 
vt 0.863947 0.303567 
vt 0.866646 0.248757 
vt 0.857361 0.266907 
vt 0.856705 0.265463 
vt 0.865372 0.247508 
vt 0.867932 0.250214 
vt 0.857961 0.268501 
vt 0.869247 0.252104 
vt 0.85854 0.270135 
vt 0.870574 0.254186 
vt 0.859083 0.271872 
vt 0.871828 0.256677 
vt 0.859621 0.273634 
vt 0.873018 0.259447 
vt 0.860141 0.275477 
vt 0.874171 0.262363 
vt 0.860614 0.277379 
vt 0.875151 0.265598 
vt 0.861082 0.279295 
vt 0.876086 0.268936 
vt 0.861521 0.281275 
vt 0.876805 0.272502 
vt 0.86194 0.283301 
vt 0.877462 0.27612 
vt 0.862302 0.285364 
vt 0.877965 0.279816 
vt 0.862629 0.287402 
vt 0.8619 0.29213 
vt 0.828309 0.315391 
vt 0.82816 0.313566 
vt 0.861659 0.290125 
vt 0.862169 0.294093 
vt 0.828358 0.317234 
vt 0.862352 0.296071 
vt 0.828332 0.319075 
vt 0.862563 0.297998 
vt 0.828266 0.32091 
vt 0.862695 0.299897 
vt 0.828198 0.322743 
vt 0.862845 0.301723 
vt 0.828168 0.32458 
vt 0.862954 0.303444 
vt 0.828211 0.326469 
vt 0.856475 0.268297 
vt 0.822195 0.295136 
vt 0.822012 0.293335 
vt 0.855985 0.266842 
vt 0.857002 0.269809 
vt 0.822484 0.296884 
vt 0.857494 0.271465 
vt 0.822877 0.298549 
vt 0.858027 0.273122 
vt 0.823366 0.300113 
vt 0.858504 0.27488 
vt 0.823933 0.301574 
vt 0.858968 0.276695 
vt 0.824555 0.302949 
vt 0.859463 0.278499 
vt 0.825205 0.304276 
vt 0.859883 0.280375 
vt 0.825855 0.305609 
vt 0.860283 0.282291 
vt 0.826476 0.306998 
vt 0.860654 0.284249 
vt 0.827039 0.308482 
vt 0.861038 0.286191 
vt 0.827519 0.310077 
vt 0.86139 0.288135 
vt 0.827896 0.311776 
vt 0.911362 0.316116 
vt 0.91345 0.316187 
vt 0.913379 0.327446 
vt 0.911185 0.327414 
vt 0.917828 0.32747 
vt 0.915627 0.32743 
vt 0.915658 0.316162 
vt 0.917743 0.316146 
vt 0.911522 0.305305 
vt 0.913507 0.305339 
vt 0.915662 0.305341 
vt 0.917638 0.305316 
vt 0.911438 0.294558 
vt 0.913512 0.294594 
vt 0.915636 0.294609 
vt 0.917702 0.294595 
vt 0.911605 0.283905 
vt 0.913592 0.283975 
vt 0.91568 0.283979 
vt 0.9176 0.283967 
vt 0.911747 0.273555 
vt 0.913692 0.27362 
vt 0.915741 0.273646 
vt 0.917679 0.273669 
vt 0.911864 0.26333 
vt 0.913795 0.263324 
vt 0.91583 0.263334 
vt 0.917785 0.263427 
vt 0.911717 0.25301 
vt 0.913736 0.252297 
vt 0.916021 0.252339 
vt 0.918069 0.253104 
vt 0.911325 0.464997 
vt 0.913429 0.465024 
vt 0.913403 0.476877 
vt 0.911219 0.476146 
vt 0.918069 0.475883 
vt 0.915916 0.476759 
vt 0.915665 0.464965 
vt 0.917765 0.464828 
vt 0.911218 0.453753 
vt 0.913369 0.453737 
vt 0.915634 0.453656 
vt 0.917777 0.453618 
vt 0.911096 0.442162 
vt 0.913348 0.44218 
vt 0.91565 0.442143 
vt 0.917829 0.442129 
vt 0.911213 0.430517 
vt 0.913363 0.430526 
vt 0.915691 0.430545 
vt 0.917897 0.430525 
vt 0.911086 0.418774 
vt 0.91335 0.418772 
vt 0.915675 0.418802 
vt 0.917946 0.418752 
vt 0.911187 0.407132 
vt 0.913314 0.407131 
vt 0.915627 0.407148 
vt 0.917763 0.407086 
vt 0.911067 0.395625 
vt 0.913248 0.395592 
vt 0.915554 0.395578 
vt 0.917805 0.395507 
vt 0.910935 0.38397 
vt 0.913166 0.383963 
vt 0.915453 0.383917 
vt 0.917619 0.383843 
vt 0.911069 0.372595 
vt 0.913155 0.372606 
vt 0.915413 0.372585 
vt 0.917476 0.372535 
vt 0.910948 0.361309 
vt 0.913142 0.361339 
vt 0.915386 0.36136 
vt 0.917507 0.361346 
vt 0.911098 0.349958 
vt 0.913226 0.350029 
vt 0.915468 0.350056 
vt 0.917591 0.350075 
vt 0.911245 0.338775 
vt 0.913316 0.33882 
vt 0.915554 0.338826 
vt 0.917691 0.338853 
vt 0.860614 0.277379 
vt 0.859463 0.278499 
vt 0.858968 0.276695 
vt 0.860141 0.275477 
vt 0.858504 0.27488 
vt 0.859621 0.273634 
vt 0.858027 0.273122 
vt 0.859083 0.271872 
vt 0.857494 0.271465 
vt 0.85854 0.270135 
vt 0.857002 0.269809 
vt 0.857961 0.268501 
vt 0.856475 0.268297 
vt 0.857361 0.266907 
vt 0.855985 0.266842 
vt 0.856705 0.265463 
vt 0.863947 0.303567 
vt 0.862954 0.303444 
vt 0.862845 0.301723 
vt 0.863961 0.301642 
vt 0.862695 0.299897 
vt 0.8639 0.299676 
vt 0.862563 0.297998 
vt 0.863768 0.297666 
vt 0.862352 0.296071 
vt 0.863622 0.295648 
vt 0.862169 0.294093 
vt 0.863417 0.293592 
vt 0.8619 0.29213 
vt 0.863198 0.291538 
vt 0.861659 0.290125 
vt 0.86293 0.289458 
vt 0.86139 0.288135 
vt 0.862629 0.287402 
vt 0.861038 0.286191 
vt 0.862302 0.285364 
vt 0.860654 0.284249 
vt 0.86194 0.283301 
vt 0.860283 0.282291 
vt 0.861521 0.281275 
vt 0.859883 0.280375 
vt 0.861082 0.279295 
vt 0.880477 0.252912 
vt 0.878692 0.249033 
vt 0.876773 0.245545 
vt 0.874707 0.242585 
vt 0.872508 0.240279 
vt 0.870275 0.23856 
vt 0.868011 0.237582 
vt 0.865824 0.237299 
vt 0.880294 0.313563 
vt 0.881922 0.310361 
vt 0.883276 0.306645 
vt 0.884422 0.302397 
vt 0.885259 0.297748 
vt 0.885853 0.292792 
vt 0.886163 0.287639 
vt 0.88619 0.282372 
vt 0.885854 0.277097 
vt 0.88533 0.271885 
vt 0.884455 0.266803 
vt 0.883383 0.261869 
vt 0.882018 0.257257 
vt 0.874171 0.262363 
vt 0.873018 0.259447 
vt 0.871828 0.256677 
vt 0.870574 0.254186 
vt 0.869247 0.252104 
vt 0.867932 0.250214 
vt 0.866646 0.248757 
vt 0.865372 0.247508 
vt 0.8765 0.306163 
vt 0.877057 0.30369 
vt 0.877521 0.300788 
vt 0.877931 0.297705 
vt 0.878171 0.294347 
vt 0.878334 0.290882 
vt 0.878361 0.287259 
vt 0.878238 0.283548 
vt 0.877965 0.279816 
vt 0.877462 0.27612 
vt 0.876805 0.272502 
vt 0.876086 0.268936 
vt 0.875151 0.265598 
vt 0.963318 0.340775 
vt 0.961936 0.334158 
vt 0.963171 0.334634 
vt 0.966143 0.337446 
vt 0.96031 0.343368 
vt 0.957492 0.344446 
vt 0.95727 0.332786 
vt 0.960122 0.333449 
vt 0.953408 0.345046 
vt 0.953175 0.332786 
vt 0.950387 0.344967 
vt 0.950166 0.333308 
vt 0.947891 0.344279 
vt 0.947703 0.33436 
vt 0.945519 0.343095 
vt 0.945382 0.335889 
vt 0.961612 0.316428 
vt 0.960337 0.317086 
vt 0.961472 0.310289 
vt 0.964471 0.313196 
vt 0.958306 0.308137 
vt 0.958482 0.318056 
vt 0.955374 0.319142 
vt 0.955166 0.307481 
vt 0.951026 0.319743 
vt 0.950808 0.307481 
vt 0.947736 0.319669 
vt 0.947528 0.308008 
vt 0.944876 0.318994 
vt 0.944699 0.309075 
vt 0.942297 0.317814 
vt 0.942168 0.310607 
vt 0.929018 0.369107 
vt 0.929274 0.369188 
vt 0.928843 0.37085 
vt 0.928587 0.370769 
vt 0.928587 0.370769 
vt 0.928843 0.37085 
vt 0.928685 0.371491 
vt 0.928428 0.371447 
vt 0.934889 0.37086 
vt 0.934492 0.369168 
vt 0.93475 0.369107 
vt 0.935146 0.370831 
vt 0.928442 0.372533 
vt 0.928698 0.372537 
vt 0.928815 0.374147 
vt 0.928572 0.374302 
vt 0.934876 0.374305 
vt 0.935014 0.372702 
vt 0.935271 0.372711 
vt 0.935117 0.374472 
vt 0.929367 0.376194 
vt 0.929156 0.376484 
vt 0.934296 0.376323 
vt 0.934503 0.376624 
vt 0.929948 0.377467 
vt 0.929792 0.377865 
vt 0.933699 0.377565 
vt 0.933849 0.37797 
vt 0.930587 0.378139 
vt 0.930526 0.37862 
vt 0.933105 0.378687 
vt 0.93305 0.378203 
vt 0.931292 0.378129 
vt 0.931288 0.378639 
vt 0.931288 0.378639 
vt 0.931292 0.378129 
vt 0.932346 0.378156 
vt 0.932343 0.378666 
vt 0.932343 0.378666 
vt 0.932346 0.378156 
vt 0.968259 0.31732 
vt 0.970063 0.324911 
vt 0.971546 0.321157 
vt 0.970685 0.316102 
vt 0.970379 0.311279 
vt 0.967866 0.31042 
vt 0.970651 0.307838 
vt 0.968359 0.3051 
vt 0.971752 0.302749 
vt 0.970783 0.296052 
vt 0.973738 0.2992 
vt 0.973417 0.291921 
vt 0.975627 0.296748 
vt 0.975986 0.289627 
vt 0.975056 0.331041 
vt 0.975191 0.326494 
vt 0.977911 0.295603 
vt 0.979227 0.289305 
vt 0.989697 0.309872 
vt 0.988611 0.301615 
vt 0.985832 0.305117 
vt 0.986479 0.311407 
vt 0.981145 0.330917 
vt 0.980034 0.327131 
vt 0.984449 0.292731 
vt 0.981797 0.296905 
vt 0.983115 0.298191 
vt 0.984641 0.300638 
vt 0.986697 0.295909 
vt 0.989409 0.317563 
vt 0.985892 0.31719 
vt 0.988 0.32501 
vt 0.98405 0.32248 
vt 0.985055 0.328081 
vt 0.98242 0.324793 
vt 0.980218 0.295993 
vt 0.982212 0.290798 
vt 0.981145 0.330917 
vt 0.980034 0.327131 
vt 0.970685 0.316102 
vt 0.971546 0.321157 
vt 0.972363 0.319881 
vt 0.971578 0.315385 
vt 0.971347 0.311226 
vt 0.970379 0.311279 
vt 0.971546 0.308267 
vt 0.970651 0.307838 
vt 0.972483 0.303769 
vt 0.971752 0.302749 
vt 0.974397 0.300735 
vt 0.973738 0.2992 
vt 0.976074 0.298669 
vt 0.975627 0.296748 
vt 0.975191 0.326494 
vt 0.975691 0.324339 
vt 0.977911 0.295603 
vt 0.978078 0.29765 
vt 0.986479 0.311407 
vt 0.985832 0.305117 
vt 0.98487 0.306211 
vt 0.985474 0.31152 
vt 0.980034 0.327131 
vt 0.979672 0.324684 
vt 0.981797 0.296905 
vt 0.981259 0.298844 
vt 0.982443 0.300202 
vt 0.983115 0.298191 
vt 0.983828 0.302357 
vt 0.984641 0.300638 
vt 0.985892 0.31719 
vt 0.985016 0.316508 
vt 0.98405 0.32248 
vt 0.98326 0.320947 
vt 0.98242 0.324793 
vt 0.98192 0.322847 
vt 0.980218 0.295993 
vt 0.980018 0.298092 
vt 0.971578 0.315385 
vt 0.972363 0.319881 
vt 0.973576 0.318285 
vt 0.972956 0.314442 
vt 0.971347 0.311226 
vt 0.972818 0.311005 
vt 0.971546 0.308267 
vt 0.973013 0.308558 
vt 0.972483 0.303769 
vt 0.973814 0.304617 
vt 0.974397 0.300735 
vt 0.97545 0.302325 
vt 0.976074 0.298669 
vt 0.976867 0.300853 
vt 0.975691 0.324339 
vt 0.976305 0.321777 
vt 0.978078 0.29765 
vt 0.978521 0.300264 
vt 0.98487 0.306211 
vt 0.982782 0.307289 
vt 0.98295 0.310384 
vt 0.985474 0.31152 
vt 0.979672 0.324684 
vt 0.979654 0.321603 
vt 0.981259 0.298844 
vt 0.980413 0.302814 
vt 0.981127 0.303685 
vt 0.982443 0.300202 
vt 0.983828 0.302357 
vt 0.982443 0.300202 
vt 0.981127 0.303685 
vt 0.981919 0.305228 
vt 0.982997 0.313728 
vt 0.985016 0.316508 
vt 0.982163 0.316585 
vt 0.98326 0.320947 
vt 0.98326 0.320947 
vt 0.982163 0.316585 
vt 0.981608 0.318763 
vt 0.98192 0.322847 
vt 0.980018 0.298092 
vt 0.979427 0.301584 
vt 0.979654 0.321603 
vt 0.979672 0.324684 
vt 0.967007 0.34471 
vt 0.966536 0.349584 
vt 0.97557 0.349065 
vt 0.967879 0.34078 
vt 0.96883 0.338364 
vt 0.970868 0.334994 
vt 0.97329 0.334258 
vt 0.975193 0.334258 
vt 0.968444 0.35635 
vt 0.977022 0.335763 
vt 0.97971 0.352375 
vt 0.980704 0.348229 
vt 0.971743 0.359775 
vt 0.9799 0.341491 
vt 0.979481 0.339463 
vt 0.980478 0.344138 
vt 0.978388 0.356591 
vt 0.976184 0.359028 
vt 0.974581 0.359869 
vt 0.978354 0.337017 
vt 0.948858 0.352916 
vt 0.949058 0.357742 
vt 0.945769 0.357118 
vt 0.946059 0.35442 
vt 0.951572 0.352075 
vt 0.951572 0.358293 
vt 0.955482 0.351918 
vt 0.955401 0.358465 
vt 0.958355 0.35237 
vt 0.958235 0.358607 
vt 0.960703 0.353405 
vt 0.960573 0.358747 
vt 0.962915 0.354924 
vt 0.962815 0.358811 
vt 0.965868 0.326909 
vt 0.963356 0.326951 
vt 0.963494 0.321617 
vt 0.966454 0.323189 
vt 0.960431 0.326826 
vt 0.96047 0.320602 
vt 0.956334 0.32691 
vt 0.956293 0.320354 
vt 0.953222 0.327009 
vt 0.953148 0.320749 
vt 0.950369 0.32645 
vt 0.950427 0.321727 
vt 0.948122 0.327164 
vt 0.948032 0.323299 
vt 0.940755 0.332005 
vt 0.941656 0.331944 
vt 0.94241 0.334255 
vt 0.941272 0.335696 
vt 0.941963 0.337162 
vt 0.942636 0.337237 
vt 0.940304 0.34209 
vt 0.939543 0.341176 
vt 0.941774 0.355322 
vt 0.939807 0.351181 
vt 0.940471 0.349979 
vt 0.942513 0.354341 
vt 0.939539 0.347096 
vt 0.938673 0.34671 
vt 0.942942 0.360172 
vt 0.943798 0.359705 
vt 0.939183 0.353567 
vt 0.93829 0.353694 
vt 0.943317 0.367805 
vt 0.944211 0.367851 
vt 0.939709 0.359454 
vt 0.938884 0.360095 
vt 0.942896 0.373395 
vt 0.943736 0.37396 
vt 0.94062 0.363587 
vt 0.940006 0.364817 
vt 0.94176 0.37753 
vt 0.942406 0.378695 
vt 0.942636 0.365879 
vt 0.942167 0.367395 
vt 0.962815 0.358811 
vt 0.962915 0.354924 
vt 0.96382 0.355014 
vt 0.96372 0.358902 
vt 0.940315 0.38149 
vt 0.939807 0.380024 
vt 0.963117 0.330549 
vt 0.960146 0.330562 
vt 0.956596 0.331358 
vt 0.953288 0.331227 
vt 0.950634 0.331358 
vt 0.948175 0.330182 
vt 0.962735 0.361837 
vt 0.963641 0.36193 
vt 0.962735 0.361837 
vt 0.960457 0.362904 
vt 0.958155 0.362815 
vt 0.955114 0.362904 
vt 0.951833 0.362034 
vt 0.949153 0.36194 
vt 0.945843 0.360155 
vt 0.942636 0.337237 
vt 0.941963 0.337162 
vt 0.96621 0.328818 
vt 0.982566 0.452627 
vt 0.971382 0.468689 
vt 0.973288 0.47867 
vt 0.987293 0.456902 
vt 0.95658 0.467145 
vt 0.954764 0.477659 
vt 0.945431 0.451369 
vt 0.940897 0.456166 
vt 0.941461 0.424875 
vt 0.936389 0.422817 
vt 0.945808 0.397617 
vt 0.941645 0.392465 
vt 0.956848 0.380814 
vt 0.955013 0.371264 
vt 0.971322 0.381913 
vt 0.973129 0.370249 
vt 0.983139 0.396777 
vt 0.98749 0.390942 
vt 0.987166 0.423802 
vt 0.992956 0.424212 
vt 0.978376 0.44698 
vt 0.969693 0.457723 
vt 0.958796 0.458226 
vt 0.949499 0.445637 
vt 0.946175 0.425837 
vt 0.94981 0.402773 
vt 0.95889 0.392267 
vt 0.969604 0.391263 
vt 0.978858 0.403845 
vt 0.981764 0.423628 
vt 0.974031 0.440086 
vt 0.968157 0.448607 
vt 0.960697 0.44854 
vt 0.953842 0.439651 
vt 0.951788 0.425513 
vt 0.954258 0.409836 
vt 0.960369 0.401559 
vt 0.967678 0.401374 
vt 0.974481 0.41047 
vt 0.976424 0.424514 
vt 0.96934 0.432427 
vt 0.966068 0.436961 
vt 0.962164 0.437388 
vt 0.958952 0.432532 
vt 0.957733 0.424927 
vt 0.959025 0.417359 
vt 0.962278 0.41278 
vt 0.966185 0.412773 
vt 0.969378 0.417503 
vt 0.970553 0.424979 
vt 0.964179 0.424814 
vt 0.963171 0.334634 
vt 0.961936 0.334158 
vt 0.963318 0.340775 
vt 0.966143 0.337446 
vt 0.96031 0.343368 
vt 0.960122 0.333449 
vt 0.95727 0.332786 
vt 0.957492 0.344446 
vt 0.953175 0.332786 
vt 0.953408 0.345046 
vt 0.950166 0.333308 
vt 0.950387 0.344967 
vt 0.947703 0.33436 
vt 0.947891 0.344279 
vt 0.945382 0.335889 
vt 0.945519 0.343095 
vt 0.961472 0.310289 
vt 0.960337 0.317086 
vt 0.961612 0.316428 
vt 0.964471 0.313196 
vt 0.958306 0.308137 
vt 0.955166 0.307481 
vt 0.955374 0.319142 
vt 0.958482 0.318056 
vt 0.950808 0.307481 
vt 0.951026 0.319743 
vt 0.947528 0.308008 
vt 0.947736 0.319669 
vt 0.944699 0.309075 
vt 0.944876 0.318994 
vt 0.942168 0.310607 
vt 0.942297 0.317814 
vt 0.929018 0.369107 
vt 0.928587 0.370769 
vt 0.928843 0.37085 
vt 0.929274 0.369188 
vt 0.928587 0.370769 
vt 0.928428 0.371447 
vt 0.928685 0.371491 
vt 0.928843 0.37085 
vt 0.93475 0.369107 
vt 0.934492 0.369168 
vt 0.934889 0.37086 
vt 0.935146 0.370831 
vt 0.928442 0.372533 
vt 0.928572 0.374302 
vt 0.928815 0.374147 
vt 0.928698 0.372537 
vt 0.935271 0.372711 
vt 0.935014 0.372702 
vt 0.934876 0.374305 
vt 0.935117 0.374472 
vt 0.929156 0.376484 
vt 0.929367 0.376194 
vt 0.934296 0.376323 
vt 0.934503 0.376624 
vt 0.929792 0.377865 
vt 0.929948 0.377467 
vt 0.933699 0.377565 
vt 0.933849 0.37797 
vt 0.930526 0.37862 
vt 0.930587 0.378139 
vt 0.933105 0.378687 
vt 0.93305 0.378203 
vt 0.931288 0.378639 
vt 0.931292 0.378129 
vt 0.931288 0.378639 
vt 0.932343 0.378666 
vt 0.932346 0.378156 
vt 0.931292 0.378129 
vt 0.932343 0.378666 
vt 0.932346 0.378156 
vt 0.968259 0.31732 
vt 0.970685 0.316102 
vt 0.971546 0.321157 
vt 0.970063 0.324911 
vt 0.970379 0.311279 
vt 0.967866 0.31042 
vt 0.970651 0.307838 
vt 0.968359 0.3051 
vt 0.971752 0.302749 
vt 0.970783 0.296052 
vt 0.973738 0.2992 
vt 0.973417 0.291921 
vt 0.975627 0.296748 
vt 0.975986 0.289627 
vt 0.975191 0.326494 
vt 0.975056 0.331041 
vt 0.977911 0.295603 
vt 0.979227 0.289305 
vt 0.989697 0.309872 
vt 0.986479 0.311407 
vt 0.985832 0.305117 
vt 0.988611 0.301615 
vt 0.980034 0.327131 
vt 0.981145 0.330917 
vt 0.984449 0.292731 
vt 0.983115 0.298191 
vt 0.981797 0.296905 
vt 0.984641 0.300638 
vt 0.986697 0.295909 
vt 0.989409 0.317563 
vt 0.985892 0.31719 
vt 0.988 0.32501 
vt 0.98405 0.32248 
vt 0.985055 0.328081 
vt 0.98242 0.324793 
vt 0.980218 0.295993 
vt 0.982212 0.290798 
vt 0.981145 0.330917 
vt 0.980034 0.327131 
vt 0.970685 0.316102 
vt 0.971578 0.315385 
vt 0.972363 0.319881 
vt 0.971546 0.321157 
vt 0.970379 0.311279 
vt 0.971347 0.311226 
vt 0.970651 0.307838 
vt 0.971546 0.308267 
vt 0.972483 0.303769 
vt 0.971752 0.302749 
vt 0.974397 0.300735 
vt 0.973738 0.2992 
vt 0.975627 0.296748 
vt 0.976074 0.298669 
vt 0.975691 0.324339 
vt 0.975191 0.326494 
vt 0.977911 0.295603 
vt 0.978078 0.29765 
vt 0.986479 0.311407 
vt 0.985474 0.31152 
vt 0.98487 0.306211 
vt 0.985832 0.305117 
vt 0.979672 0.324684 
vt 0.980034 0.327131 
vt 0.982443 0.300202 
vt 0.981259 0.298844 
vt 0.981797 0.296905 
vt 0.983115 0.298191 
vt 0.983828 0.302357 
vt 0.984641 0.300638 
vt 0.985892 0.31719 
vt 0.985016 0.316508 
vt 0.98405 0.32248 
vt 0.98326 0.320947 
vt 0.98242 0.324793 
vt 0.98192 0.322847 
vt 0.980218 0.295993 
vt 0.980018 0.298092 
vt 0.971578 0.315385 
vt 0.972956 0.314442 
vt 0.973576 0.318285 
vt 0.972363 0.319881 
vt 0.971347 0.311226 
vt 0.972818 0.311005 
vt 0.971546 0.308267 
vt 0.973013 0.308558 
vt 0.972483 0.303769 
vt 0.973814 0.304617 
vt 0.974397 0.300735 
vt 0.97545 0.302325 
vt 0.976074 0.298669 
vt 0.976867 0.300853 
vt 0.976305 0.321777 
vt 0.975691 0.324339 
vt 0.978078 0.29765 
vt 0.978521 0.300264 
vt 0.98295 0.310384 
vt 0.982782 0.307289 
vt 0.98487 0.306211 
vt 0.985474 0.31152 
vt 0.979654 0.321603 
vt 0.979672 0.324684 
vt 0.981127 0.303685 
vt 0.980413 0.302814 
vt 0.981259 0.298844 
vt 0.982443 0.300202 
vt 0.983828 0.302357 
vt 0.981919 0.305228 
vt 0.981127 0.303685 
vt 0.982443 0.300202 
vt 0.982997 0.313728 
vt 0.985016 0.316508 
vt 0.982163 0.316585 
vt 0.98326 0.320947 
vt 0.981608 0.318763 
vt 0.982163 0.316585 
vt 0.98326 0.320947 
vt 0.98192 0.322847 
vt 0.980018 0.298092 
vt 0.979427 0.301584 
vt 0.979654 0.321603 
vt 0.979672 0.324684 
vt 0.967007 0.34471 
vt 0.97557 0.349065 
vt 0.966536 0.349584 
vt 0.967879 0.34078 
vt 0.96883 0.338364 
vt 0.970868 0.334994 
vt 0.97329 0.334258 
vt 0.975193 0.334258 
vt 0.968444 0.35635 
vt 0.977022 0.335763 
vt 0.97971 0.352375 
vt 0.980704 0.348229 
vt 0.971743 0.359775 
vt 0.9799 0.341491 
vt 0.979481 0.339463 
vt 0.980478 0.344138 
vt 0.978388 0.356591 
vt 0.976184 0.359028 
vt 0.974581 0.359869 
vt 0.978354 0.337017 
vt 0.945769 0.357118 
vt 0.949058 0.357742 
vt 0.948858 0.352916 
vt 0.946059 0.35442 
vt 0.951572 0.358293 
vt 0.951572 0.352075 
vt 0.955401 0.358465 
vt 0.955482 0.351918 
vt 0.958235 0.358607 
vt 0.958355 0.35237 
vt 0.960573 0.358747 
vt 0.960703 0.353405 
vt 0.962815 0.358811 
vt 0.962915 0.354924 
vt 0.963494 0.321617 
vt 0.963356 0.326951 
vt 0.965868 0.326909 
vt 0.966454 0.323189 
vt 0.96047 0.320602 
vt 0.960431 0.326826 
vt 0.956293 0.320354 
vt 0.956334 0.32691 
vt 0.953148 0.320749 
vt 0.953222 0.327009 
vt 0.950427 0.321727 
vt 0.950369 0.32645 
vt 0.948032 0.323299 
vt 0.948122 0.327164 
vt 0.940755 0.332005 
vt 0.941272 0.335696 
vt 0.94241 0.334255 
vt 0.941656 0.331944 
vt 0.941963 0.337162 
vt 0.939543 0.341176 
vt 0.940304 0.34209 
vt 0.942636 0.337237 
vt 0.940471 0.349979 
vt 0.939807 0.351181 
vt 0.941774 0.355322 
vt 0.942513 0.354341 
vt 0.938673 0.34671 
vt 0.939539 0.347096 
vt 0.942942 0.360172 
vt 0.943798 0.359705 
vt 0.93829 0.353694 
vt 0.939183 0.353567 
vt 0.943317 0.367805 
vt 0.944211 0.367851 
vt 0.938884 0.360095 
vt 0.939709 0.359454 
vt 0.942896 0.373395 
vt 0.943736 0.37396 
vt 0.940006 0.364817 
vt 0.94062 0.363587 
vt 0.94176 0.37753 
vt 0.942406 0.378695 
vt 0.942167 0.367395 
vt 0.942636 0.365879 
vt 0.96382 0.355014 
vt 0.962915 0.354924 
vt 0.962815 0.358811 
vt 0.96372 0.358902 
vt 0.940315 0.38149 
vt 0.939807 0.380024 
vt 0.960146 0.330562 
vt 0.963117 0.330549 
vt 0.956596 0.331358 
vt 0.953288 0.331227 
vt 0.950634 0.331358 
vt 0.948175 0.330182 
vt 0.962735 0.361837 
vt 0.963641 0.36193 
vt 0.960457 0.362904 
vt 0.962735 0.361837 
vt 0.958155 0.362815 
vt 0.955114 0.362904 
vt 0.951833 0.362034 
vt 0.949153 0.36194 
vt 0.945843 0.360155 
vt 0.941963 0.337162 
vt 0.942636 0.337237 
vt 0.96621 0.328818 
vt 0.973288 0.47867 
vt 0.971382 0.468689 
vt 0.982566 0.452627 
vt 0.987293 0.456902 
vt 0.954764 0.477659 
vt 0.95658 0.467145 
vt 0.940897 0.456166 
vt 0.945431 0.451369 
vt 0.936389 0.422817 
vt 0.941461 0.424875 
vt 0.941645 0.392465 
vt 0.945808 0.397617 
vt 0.955013 0.371264 
vt 0.956848 0.380814 
vt 0.973129 0.370249 
vt 0.971322 0.381913 
vt 0.98749 0.390942 
vt 0.983139 0.396777 
vt 0.992956 0.424212 
vt 0.987166 0.423802 
vt 0.969693 0.457723 
vt 0.978376 0.44698 
vt 0.958796 0.458226 
vt 0.949499 0.445637 
vt 0.946175 0.425837 
vt 0.94981 0.402773 
vt 0.95889 0.392267 
vt 0.969604 0.391263 
vt 0.978858 0.403845 
vt 0.981764 0.423628 
vt 0.968157 0.448607 
vt 0.974031 0.440086 
vt 0.960697 0.44854 
vt 0.953842 0.439651 
vt 0.951788 0.425513 
vt 0.954258 0.409836 
vt 0.960369 0.401559 
vt 0.967678 0.401374 
vt 0.974481 0.41047 
vt 0.976424 0.424514 
vt 0.966068 0.436961 
vt 0.96934 0.432427 
vt 0.962164 0.437388 
vt 0.958952 0.432532 
vt 0.957733 0.424927 
vt 0.959025 0.417359 
vt 0.962278 0.41278 
vt 0.966185 0.412773 
vt 0.969378 0.417503 
vt 0.970553 0.424979 
vt 0.964179 0.424814 
vt 0.776182 0.368368 
vt 0.778703 0.359664 
vt 0.793133 0.379811 
vt 0.787731 0.391081 
vt 0.783419 0.353909 
vt 0.800077 0.372441 
vt 0.788484 0.345793 
vt 0.808228 0.367048 
vt 0.794641 0.335729 
vt 0.817678 0.35884 
vt 0.802947 0.334042 
vt 0.822576 0.341982 
vt 0.758903 0.42397 
vt 0.774336 0.40694 
vt 0.774103 0.421779 
vt 0.761354 0.437523 
vt 0.778313 0.435908 
vt 0.765533 0.447486 
vt 0.785615 0.448022 
vt 0.771389 0.453904 
vt 0.792053 0.456276 
vt 0.777519 0.459925 
vt 0.775747 0.381651 
vt 0.785273 0.405452 
vt 0.806746 0.444009 
vt 0.80492 0.44152 
vt 0.81338 0.433448 
vt 0.81586 0.436419 
vt 0.814223 0.428574 
vt 0.81759 0.428572 
vt 0.810031 0.42262 
vt 0.8132 0.421303 
vt 0.798129 0.415757 
vt 0.798666 0.412545 
vt 0.787129 0.413242 
vt 0.784753 0.40694 
vt 0.784224 0.420821 
vt 0.779438 0.417523 
vt 0.784304 0.431589 
vt 0.779379 0.432042 
vt 0.789313 0.44244 
vt 0.787213 0.446598 
vt 0.794972 0.447633 
vt 0.794825 0.451341 
vt 0.79444 0.454702 
vt 0.80845 0.445652 
vt 0.823167 0.467689 
vt 0.79278 0.462689 
vt 0.798488 0.474255 
vt 0.813699 0.48341 
vt 0.825488 0.479563 
vt 0.829192 0.472355 
vt 0.829279 0.461274 
vt 0.825413 0.449222 
vt 0.819296 0.445652 
vt 0.758903 0.331157 
vt 0.763533 0.323713 
vt 0.759303 0.340023 
vt 0.764875 0.357337 
vt 0.771999 0.379655 
vt 0.787213 0.446598 
vt 0.794825 0.451341 
vt 0.779379 0.432042 
vt 0.779438 0.417523 
vt 0.784753 0.40694 
vt 0.778994 0.319306 
vt 0.794267 0.319306 
vt 0.793133 0.379811 
vt 0.778703 0.359664 
vt 0.776182 0.368368 
vt 0.787731 0.391081 
vt 0.800077 0.372441 
vt 0.783419 0.353909 
vt 0.808228 0.367048 
vt 0.788484 0.345793 
vt 0.817678 0.35884 
vt 0.794641 0.335729 
vt 0.822576 0.341982 
vt 0.802947 0.334042 
vt 0.758903 0.42397 
vt 0.761354 0.437523 
vt 0.774103 0.421779 
vt 0.774336 0.40694 
vt 0.765533 0.447486 
vt 0.778313 0.435908 
vt 0.771389 0.453904 
vt 0.785615 0.448022 
vt 0.777519 0.459925 
vt 0.792053 0.456276 
vt 0.775747 0.381651 
vt 0.785273 0.405452 
vt 0.806746 0.444009 
vt 0.81586 0.436419 
vt 0.81338 0.433448 
vt 0.80492 0.44152 
vt 0.81759 0.428572 
vt 0.814223 0.428574 
vt 0.8132 0.421303 
vt 0.810031 0.42262 
vt 0.798666 0.412545 
vt 0.798129 0.415757 
vt 0.784753 0.40694 
vt 0.787129 0.413242 
vt 0.779438 0.417523 
vt 0.784224 0.420821 
vt 0.779379 0.432042 
vt 0.784304 0.431589 
vt 0.787213 0.446598 
vt 0.789313 0.44244 
vt 0.794825 0.451341 
vt 0.794972 0.447633 
vt 0.79444 0.454702 
vt 0.823167 0.467689 
vt 0.80845 0.445652 
vt 0.79278 0.462689 
vt 0.798488 0.474255 
vt 0.813699 0.48341 
vt 0.825488 0.479563 
vt 0.829192 0.472355 
vt 0.829279 0.461274 
vt 0.825413 0.449222 
vt 0.819296 0.445652 
vt 0.763533 0.323713 
vt 0.758903 0.331157 
vt 0.759303 0.340023 
vt 0.764875 0.357337 
vt 0.771999 0.379655 
vt 0.794825 0.451341 
vt 0.787213 0.446598 
vt 0.779379 0.432042 
vt 0.779438 0.417523 
vt 0.784753 0.40694 
vt 0.794267 0.319306 
vt 0.778994 0.319306 
vt 0.845575 0.424015 
vt 0.850525 0.425425 
vt 0.849991 0.437031 
vt 0.843165 0.434646 
vt 0.840865 0.460086 
vt 0.849372 0.469394 
vt 0.842696 0.478748 
vt 0.837676 0.47185 
vt 0.846741 0.402231 
vt 0.850825 0.401552 
vt 0.850875 0.412355 
vt 0.844617 0.413586 
vt 0.863109 0.420299 
vt 0.870209 0.417585 
vt 0.871468 0.428186 
vt 0.865702 0.434124 
vt 0.836911 0.420613 
vt 0.834374 0.433066 
vt 0.828864 0.425955 
vt 0.83028 0.416522 
vt 0.865235 0.452252 
vt 0.866658 0.468109 
vt 0.860955 0.473689 
vt 0.857552 0.462511 
vt 0.856136 0.413801 
vt 0.854267 0.402191 
vt 0.857912 0.403256 
vt 0.861173 0.415913 
vt 0.857031 0.435187 
vt 0.854742 0.424403 
vt 0.860076 0.422133 
vt 0.862947 0.434617 
vt 0.84303 0.450599 
vt 0.849426 0.454066 
vt 0.833317 0.443099 
vt 0.827547 0.432701 
vt 0.873022 0.436996 
vt 0.866377 0.446638 
vt 0.862965 0.447039 
vt 0.855629 0.45261 
vt 0.839734 0.422497 
vt 0.836811 0.43417 
vt 0.842567 0.403325 
vt 0.838887 0.416472 
vt 0.833959 0.448933 
vt 0.832204 0.46463 
vt 0.836235 0.443777 
vt 0.856028 0.480113 
vt 0.862965 0.447039 
vt 0.855629 0.45261 
vt 0.862947 0.434617 
vt 0.860076 0.422133 
vt 0.860076 0.422133 
vt 0.854742 0.424403 
vt 0.850525 0.425425 
vt 0.845575 0.424015 
vt 0.839734 0.422497 
vt 0.839734 0.422497 
vt 0.836811 0.43417 
vt 0.836235 0.443777 
vt 0.84303 0.450599 
vt 0.849426 0.454066 
vt 0.948186 0.24441 
vt 0.957295 0.242715 
vt 0.951912 0.281376 
vt 0.945142 0.269607 
vt 0.940608 0.296407 
vt 0.920094 0.291452 
vt 0.923936 0.274313 
vt 0.937393 0.279284 
vt 0.935364 0.245515 
vt 0.942028 0.24828 
vt 0.94072 0.260475 
vt 0.934056 0.25771 
vt 0.943786 0.226451 
vt 0.952094 0.216041 
vt 0.957295 0.242715 
vt 0.948186 0.24441 
vt 0.945142 0.269607 
vt 0.951912 0.281376 
vt 0.940608 0.296407 
vt 0.937393 0.279284 
vt 0.928976 0.265177 
vt 0.935099 0.267905 
vt 0.942028 0.24828 
vt 0.938492 0.236093 
vt 0.94072 0.260475 
vt 0.942028 0.24828 
vt 0.935099 0.267905 
vt 0.94072 0.260475 
vt 0.945142 0.269607 
vt 0.948186 0.24441 
vt 0.957295 0.242715 
vt 0.951912 0.281376 
vt 0.920094 0.291452 
vt 0.923936 0.274313 
vt 0.937393 0.279284 
vt 0.940608 0.296407 
vt 0.935364 0.245515 
vt 0.942028 0.24828 
vt 0.94072 0.260475 
vt 0.934056 0.25771 
vt 0.948186 0.24441 
vt 0.943786 0.226451 
vt 0.952094 0.216041 
vt 0.957295 0.242715 
vt 0.945142 0.269607 
vt 0.951912 0.281376 
vt 0.940608 0.296407 
vt 0.937393 0.279284 
vt 0.928976 0.265177 
vt 0.935099 0.267905 
vt 0.942028 0.24828 
vt 0.938492 0.236093 
vt 0.94072 0.260475 
vt 0.942028 0.24828 
vt 0.935099 0.267905 
vt 0.94072 0.260475 
vt 0.945142 0.269607 
vt 0.948186 0.24441 
vt 0.957295 0.242715 
vt 0.951912 0.281376 
vt 0.920094 0.291452 
vt 0.923936 0.274313 
vt 0.937393 0.279284 
vt 0.940608 0.296407 
vt 0.935364 0.245515 
vt 0.942028 0.24828 
vt 0.94072 0.260475 
vt 0.934056 0.25771 
vt 0.943786 0.226451 
vt 0.952094 0.216041 
vt 0.957295 0.242715 
vt 0.948186 0.24441 
vt 0.945142 0.269607 
vt 0.951912 0.281376 
vt 0.940608 0.296407 
vt 0.937393 0.279284 
vt 0.928976 0.265177 
vt 0.935099 0.267905 
vt 0.942028 0.24828 
vt 0.938492 0.236093 
vt 0.94072 0.260475 
vt 0.942028 0.24828 
vt 0.935099 0.267905 
vt 0.94072 0.260475 
vt 0.945142 0.269607 
vt 0.948186 0.24441 
vt 0.957295 0.242715 
vt 0.951912 0.281376 
vt 0.920094 0.291452 
vt 0.923936 0.274313 
vt 0.937393 0.279284 
vt 0.940608 0.296407 
vt 0.935364 0.245515 
vt 0.942028 0.24828 
vt 0.94072 0.260475 
vt 0.934056 0.25771 
vt 0.943786 0.226451 
vt 0.952094 0.216041 
vt 0.957295 0.242715 
vt 0.948186 0.24441 
vt 0.945142 0.269607 
vt 0.951912 0.281376 
vt 0.940608 0.296407 
vt 0.937393 0.279284 
vt 0.928976 0.265177 
vt 0.935099 0.267905 
vt 0.942028 0.24828 
vt 0.938492 0.236093 
vt 0.94072 0.260475 
vt 0.942028 0.24828 
vt 0.935099 0.267905 
vt 0.94072 0.260475 
vt 0.945142 0.269607 
vt 0.948186 0.24441 
vt 0.957295 0.242715 
vt 0.951912 0.281376 
vt 0.920094 0.291452 
vt 0.923936 0.274313 
vt 0.937393 0.279284 
vt 0.940608 0.296407 
vt 0.935364 0.245515 
vt 0.942028 0.24828 
vt 0.94072 0.260475 
vt 0.934056 0.25771 
vt 0.943786 0.226451 
vt 0.952094 0.216041 
vt 0.957295 0.242715 
vt 0.948186 0.24441 
vt 0.945142 0.269607 
vt 0.951912 0.281376 
vt 0.940608 0.296407 
vt 0.937393 0.279284 
vt 0.928976 0.265177 
vt 0.935099 0.267905 
vt 0.942028 0.24828 
vt 0.938492 0.236093 
vt 0.94072 0.260475 
vt 0.942028 0.24828 
vt 0.935099 0.267905 
vt 0.94072 0.260475 
vt 0.945142 0.269607 
vt 0.948186 0.24441 
vt 0.957295 0.242715 
vt 0.951912 0.281376 
vt 0.920094 0.291452 
vt 0.923936 0.274313 
vt 0.937393 0.279284 
vt 0.940608 0.296407 
vt 0.934056 0.25771 
vt 0.935364 0.245515 
vt 0.942028 0.24828 
vt 0.94072 0.260475 
vt 0.948186 0.24441 
vt 0.943786 0.226451 
vt 0.952094 0.216041 
vt 0.957295 0.242715 
vt 0.945142 0.269607 
vt 0.951912 0.281376 
vt 0.940608 0.296407 
vt 0.937393 0.279284 
vt 0.928976 0.265177 
vt 0.935099 0.267905 
vt 0.942028 0.24828 
vt 0.938492 0.236093 
vt 0.94072 0.260475 
vt 0.942028 0.24828 
vt 0.935099 0.267905 
vt 0.94072 0.260475 
vt 0.945142 0.269607 
vt 0.948186 0.24441 
vt 0.957295 0.242715 
vt 0.951912 0.281376 
vt 0.920094 0.291452 
vt 0.923936 0.274313 
vt 0.937393 0.279284 
vt 0.940608 0.296407 
vt 0.935364 0.245515 
vt 0.942028 0.24828 
vt 0.94072 0.260475 
vt 0.934056 0.25771 
vt 0.943786 0.226451 
vt 0.952094 0.216041 
vt 0.957295 0.242715 
vt 0.948186 0.24441 
vt 0.945142 0.269607 
vt 0.951912 0.281376 
vt 0.940608 0.296407 
vt 0.937393 0.279284 
vt 0.928976 0.265177 
vt 0.935099 0.267905 
vt 0.942028 0.24828 
vt 0.938492 0.236093 
vt 0.94072 0.260475 
vt 0.942028 0.24828 
vt 0.935099 0.267905 
vt 0.94072 0.260475 
vt 0.880731 0.13426 
vt 0.866092 0.134987 
vt 0.868194 0.121855 
vt 0.863955 0.133678 
vt 0.860316 0.109752 
vt 0.82202 0.115644 
vt 0.822874 0.105619 
vt 0.832757 0.102097 
vt 0.832993 0.111383 
vt 0.877472 0.152253 
vt 0.873557 0.169586 
vt 0.864378 0.144267 
vt 0.865553 0.138434 
vt 0.863669 0.13853 
vt 0.865183 0.137785 
vt 0.863326 0.143658 
vt 0.862197 0.143939 
vt 0.831352 0.13404 
vt 0.821664 0.136226 
vt 0.821831 0.1227 
vt 0.831756 0.119995 
vt 0.868531 0.185479 
vt 0.858501 0.1703 
vt 0.861964 0.154357 
vt 0.873557 0.169586 
vt 0.856481 0.163353 
vt 0.860952 0.15377 
vt 0.832326 0.142188 
vt 0.821859 0.150363 
vt 0.862241 0.199707 
vt 0.854512 0.185117 
vt 0.844537 0.172259 
vt 0.846533 0.160525 
vt 0.844247 0.168066 
vt 0.841994 0.16156 
vt 0.833543 0.159059 
vt 0.835375 0.149386 
vt 0.85537 0.210576 
vt 0.849691 0.197342 
vt 0.841192 0.186474 
vt 0.832539 0.173632 
vt 0.833521 0.165708 
vt 0.822043 0.174744 
vt 0.822169 0.167463 
vt 0.846142 0.22099 
vt 0.842771 0.20983 
vt 0.836829 0.201727 
vt 0.829709 0.196541 
vt 0.831727 0.180844 
vt 0.822124 0.194393 
vt 0.821941 0.178553 
vt 0.836795 0.227095 
vt 0.834939 0.220128 
vt 0.831658 0.214743 
vt 0.827132 0.210983 
vt 0.822143 0.209539 
vt 0.82281 0.230457 
vt 0.871887 0.0815392 
vt 0.887212 0.0901169 
vt 0.851868 0.0951381 
vt 0.838067 0.0946079 
vt 0.839103 0.0652412 
vt 0.854856 0.0716636 
vt 0.822874 0.105619 
vt 0.822425 0.0868487 
vt 0.828254 0.0841085 
vt 0.832757 0.102097 
vt 0.87278 0.0431613 
vt 0.888529 0.0487652 
vt 0.856793 0.0349234 
vt 0.837251 0.0476012 
vt 0.836687 0.0583357 
vt 0.832855 0.0524331 
vt 0.857678 0.132792 
vt 0.851617 0.126356 
vt 0.858083 0.130055 
vt 0.853221 0.138742 
vt 0.856168 0.13599 
vt 0.850596 0.139047 
vt 0.847886 0.137822 
vt 0.844543 0.135363 
vt 0.842225 0.131131 
vt 0.841393 0.127948 
vt 0.841904 0.120688 
vt 0.842851 0.117644 
vt 0.843556 0.115311 
vt 0.846092 0.111639 
vt 0.843556 0.115311 
vt 0.853336 0.111214 
vt 0.856817 0.117797 
vt 0.858096 0.128327 
vt 0.841202 0.154226 
vt 0.864378 0.144267 
vt 0.764757 0.131431 
vt 0.778571 0.120214 
vt 0.779255 0.133941 
vt 0.782057 0.131637 
vt 0.787114 0.113335 
vt 0.81328 0.112988 
vt 0.812011 0.101671 
vt 0.768202 0.149876 
vt 0.779306 0.137835 
vt 0.780527 0.143477 
vt 0.772217 0.167024 
vt 0.781806 0.135602 
vt 0.782879 0.140694 
vt 0.816713 0.123525 
vt 0.815345 0.137325 
vt 0.78299 0.153015 
vt 0.78623 0.16916 
vt 0.776983 0.183603 
vt 0.78593 0.150473 
vt 0.793428 0.162123 
vt 0.813131 0.152442 
vt 0.790379 0.183409 
vt 0.782858 0.197695 
vt 0.800151 0.173985 
vt 0.798785 0.164172 
vt 0.804453 0.164616 
vt 0.811462 0.166775 
vt 0.810227 0.158545 
vt 0.794555 0.196355 
vt 0.789374 0.209075 
vt 0.802927 0.186976 
vt 0.812333 0.180668 
vt 0.802194 0.20931 
vt 0.79879 0.220991 
vt 0.807459 0.201805 
vt 0.814445 0.19634 
vt 0.809779 0.220196 
vt 0.808436 0.227242 
vt 0.812942 0.214402 
vt 0.817071 0.210848 
vt 0.759832 0.0870311 
vt 0.774628 0.0797899 
vt 0.791804 0.0715412 
vt 0.794195 0.10184 
vt 0.810142 0.0466778 
vt 0.80862 0.0596031 
vt 0.804309 0.0687869 
vt 0.812011 0.101671 
vt 0.816986 0.0850281 
vt 0.75853 0.045865 
vt 0.774136 0.0409019 
vt 0.789966 0.0339948 
vt 0.819047 0.0470045 
vt 0.817774 0.0382155 
vt 0.823095 0.0372939 
vt 0.823099 0.0459339 
vt 0.787932 0.135436 
vt 0.79438 0.133528 
vt 0.789853 0.135553 
vt 0.793238 0.143005 
vt 0.794993 0.144478 
vt 0.801342 0.141055 
vt 0.79782 0.144181 
vt 0.803372 0.137481 
vt 0.805356 0.129699 
vt 0.806884 0.122725 
vt 0.803129 0.114608 
vt 0.805536 0.117472 
vt 0.800918 0.112448 
vt 0.803129 0.114608 
vt 0.79438 0.133528 
vt 0.79438 0.133528 
vt 0.794356 0.111295 
vt 0.800918 0.112448 
vt 0.7907 0.1168 
vt 0.794356 0.111295 
vt 0.787676 0.13046 
vt 0.787805 0.128236 
vt 0.861424 0.142097 
vt 0.858163 0.147659 
vt 0.856168 0.13599 
vt 0.857678 0.132792 
vt 0.863669 0.13853 
vt 0.858083 0.130055 
vt 0.851671 0.152541 
vt 0.853221 0.138742 
vt 0.84641 0.153874 
vt 0.850596 0.139047 
vt 0.841202 0.154226 
vt 0.847886 0.137822 
vt 0.835375 0.149386 
vt 0.844543 0.135363 
vt 0.832326 0.142188 
vt 0.842225 0.131131 
vt 0.831352 0.13404 
vt 0.841393 0.127948 
vt 0.831756 0.119995 
vt 0.841904 0.120688 
vt 0.832993 0.111383 
vt 0.832757 0.102097 
vt 0.843556 0.115311 
vt 0.842851 0.117644 
vt 0.838067 0.0946079 
vt 0.846092 0.111639 
vt 0.851868 0.0951381 
vt 0.853336 0.111214 
vt 0.860316 0.109752 
vt 0.856817 0.117797 
vt 0.863955 0.133678 
vt 0.858096 0.128327 
vt 0.781806 0.135602 
vt 0.787676 0.13046 
vt 0.787932 0.135436 
vt 0.782879 0.140694 
vt 0.78593 0.150473 
vt 0.789853 0.135553 
vt 0.793238 0.143005 
vt 0.793428 0.162123 
vt 0.794993 0.144478 
vt 0.798785 0.164172 
vt 0.804453 0.164616 
vt 0.79782 0.144181 
vt 0.801342 0.141055 
vt 0.810227 0.158545 
vt 0.813131 0.152442 
vt 0.803372 0.137481 
vt 0.815345 0.137325 
vt 0.805356 0.129699 
vt 0.816713 0.123525 
vt 0.806884 0.122725 
vt 0.81328 0.112988 
vt 0.805536 0.117472 
vt 0.803129 0.114608 
vt 0.812011 0.101671 
vt 0.806827 0.0966686 
vt 0.800918 0.112448 
vt 0.794195 0.10184 
vt 0.794356 0.111295 
vt 0.787114 0.113335 
vt 0.7907 0.1168 
vt 0.782057 0.131637 
vt 0.787805 0.128236 
vt 0.855236 0.161372 
vt 0.85208 0.157906 
vt 0.858406 0.152375 
vt 0.860021 0.151912 
vt 0.832074 0.177568 
vt 0.861424 0.142097 
vt 0.863669 0.13853 
vt 0.862197 0.143939 
vt 0.863326 0.143658 
vt 0.865183 0.137785 
vt 0.84641 0.153874 
vt 0.846533 0.160525 
vt 0.841994 0.16156 
vt 0.841202 0.154226 
vt 0.844537 0.172259 
vt 0.832074 0.177568 
vt 0.832539 0.173632 
vt 0.844247 0.168066 
vt 0.822043 0.174744 
vt 0.822112 0.163088 
vt 0.833543 0.159059 
vt 0.833521 0.165708 
vt 0.822169 0.167463 
vt 0.811462 0.166775 
vt 0.855236 0.161372 
vt 0.856481 0.163353 
vt 0.851671 0.152541 
vt 0.85208 0.157906 
vt 0.860021 0.151912 
vt 0.860952 0.15377 
vt 0.858163 0.147659 
vt 0.858406 0.152375 
vt 0.827566 0.0473927 
vt 0.829369 0.0382202 
vt 0.814716 0.0508455 
vt 0.807135 0.0278641 
vt 0.806422 0.0792232 
vt 0.803831 0.0792503 
vt 0.807349 0.0696747 
vt 0.814935 0.0706511 
vt 0.811744 0.0813278 
vt 0.806827 0.0966686 
vt 0.832443 0.0810494 
vt 0.836095 0.0779969 
vt 0.814935 0.0706511 
vt 0.807349 0.0696747 
vt 0.808209 0.0685136 
vt 0.815337 0.0695838 
vt 0.822887 0.0753311 
vt 0.822848 0.0743073 
vt 0.825333 0.0731894 
vt 0.825533 0.0742534 
vt 0.837913 0.0647275 
vt 0.83571 0.0587036 
vt 0.836687 0.0583357 
vt 0.839103 0.0652412 
vt 0.819047 0.0470045 
vt 0.823099 0.0459339 
vt 0.823041 0.0471278 
vt 0.819163 0.0481009 
vt 0.807349 0.0696747 
vt 0.804309 0.0687869 
vt 0.805484 0.0679234 
vt 0.808209 0.0685136 
vt 0.80862 0.0596031 
vt 0.809403 0.059777 
vt 0.814716 0.0508455 
vt 0.81507 0.0517 
vt 0.812086 0.0555433 
vt 0.811511 0.0550267 
vt 0.827566 0.0473927 
vt 0.832855 0.0524331 
vt 0.832216 0.0531812 
vt 0.827235 0.0485322 
vt 0.836687 0.0583357 
vt 0.83571 0.0587036 
vt 0.811511 0.0550267 
vt 0.812086 0.0555433 
vt 0.820189 0.0745394 
vt 0.820338 0.0735185 
vt 0.829801 0.070968 
vt 0.829263 0.069873 
vt 0.834094 0.0674176 
vt 0.834805 0.0683795 
vt 0.837913 0.0647275 
vt 0.839103 0.0652412 
vt 0.815977 0.0249897 
vt 0.823445 0.025262 
vt 0.831323 0.0246996 
vt 0.839502 0.0280858 
vt 0.820189 0.0745394 
vt 0.822887 0.0753311 
vt 0.825533 0.0742534 
vt 0.829801 0.070968 
vt 0.834805 0.0683795 
vt 0.811511 0.0550267 
vt 0.815977 0.0249897 
vt 0.81533 0.0181797 
vt 0.823384 0.0184942 
vt 0.823445 0.025262 
vt 0.831323 0.0246996 
vt 0.831878 0.0181797 
vt 0.839502 0.0280858 
vt 0.840224 0.0214783 
vt 0.856787 0.0276259 
vt 0.856793 0.0349234 
vt 0.87266 0.0349623 
vt 0.87278 0.0431613 
vt 0.887659 0.04027 
vt 0.888529 0.0487652 
vt 0.75853 0.045865 
vt 0.759307 0.0372072 
vt 0.774467 0.0329593 
vt 0.774136 0.0409019 
vt 0.790093 0.0266458 
vt 0.789966 0.0339948 
vt 0.806526 0.0211862 
vt 0.807135 0.0278641 
vt 0.822112 0.163088 
vt 0.952847 0.07558 
vt 0.946674 0.0727352 
vt 0.9479 0.0466872 
vt 0.954542 0.0481492 
vt 0.949641 0.102604 
vt 0.943672 0.0986458 
vt 0.945194 0.128157 
vt 0.938747 0.122518 
vt 0.932693 0.149214 
vt 0.928722 0.139346 
vt 0.943612 0.132671 
vt 0.920582 0.163783 
vt 0.917197 0.153254 
vt 0.908003 0.175593 
vt 0.905152 0.163622 
vt 0.895342 0.184804 
vt 0.892852 0.170778 
vt 0.947524 0.0208609 
vt 0.955094 0.0213888 
vt 0.940602 0.0699306 
vt 0.941322 0.0451469 
vt 0.937908 0.0936039 
vt 0.933168 0.114739 
vt 0.924473 0.130352 
vt 0.913927 0.142887 
vt 0.902662 0.151626 
vt 0.890883 0.156583 
vt 0.940125 0.0220768 
vt 0.934702 0.0674824 
vt 0.934842 0.0456465 
vt 0.932314 0.0887158 
vt 0.92785 0.107251 
vt 0.920351 0.121458 
vt 0.910993 0.132615 
vt 0.900583 0.139535 
vt 0.889907 0.142284 
vt 0.932945 0.024212 
vt 0.928811 0.0656041 
vt 0.928529 0.0464828 
vt 0.92685 0.0839692 
vt 0.922847 0.100177 
vt 0.916372 0.11292 
vt 0.908246 0.122069 
vt 0.89914 0.127633 
vt 0.889622 0.128317 
vt 0.926118 0.028315 
vt 0.923286 0.0642868 
vt 0.922925 0.0482758 
vt 0.921819 0.0800012 
vt 0.91837 0.0937258 
vt 0.912926 0.104534 
vt 0.905999 0.112219 
vt 0.898251 0.116317 
vt 0.890262 0.115462 
vt 0.920191 0.0333962 
vt 0.916642 0.063828 
vt 0.9159 0.052134 
vt 0.915617 0.0755355 
vt 0.912993 0.0859567 
vt 0.908925 0.0942278 
vt 0.90364 0.0998561 
vt 0.897844 0.1022 
vt 0.892206 0.100273 
vt 0.913238 0.0422608 
vt 0.910103 0.0646188 
vt 0.9095 0.0575618 
vt 0.909511 0.0718192 
vt 0.907861 0.078519 
vt 0.905229 0.0837995 
vt 0.901978 0.0873292 
vt 0.898464 0.0883441 
vt 0.894995 0.086342 
vt 0.907489 0.0516531 
vt 0.900539 0.0680326 
vt 0.970071 0.0531583 
vt 0.967443 0.0817328 
vt 0.964418 0.109857 
vt 0.961471 0.136939 
vt 0.953563 0.160405 
vt 0.940862 0.174686 
vt 0.928024 0.189239 
vt 0.915345 0.202923 
vt 0.902985 0.215689 
vt 0.972326 0.0259107 
vt 0.988495 0.0335799 
vt 0.984942 0.0601548 
vt 0.982091 0.0866566 
vt 0.979469 0.113567 
vt 0.977838 0.140973 
vt 0.960496 0.191129 
vt 0.947723 0.201975 
vt 0.93554 0.214815 
vt 0.923461 0.228156 
vt 0.911731 0.243413 
vt 0.969356 0.178071 
vt 0.979989 0.164095 
vt 0.992527 0.223643 
vt 0.962251 0.198988 
vt 0.959757 0.223661 
vt 0.962251 0.248335 
vt 0.969356 0.269251 
vt 0.979989 0.283228 
vt 0.992531 0.288135 
vt 0.992531 0.15915 
vt 0.988495 0.0335799 
vt 0.991533 0.0367154 
vt 0.988093 0.0618343 
vt 0.984942 0.0601548 
vt 0.985261 0.0879508 
vt 0.982091 0.0866566 
vt 0.982797 0.11394 
vt 0.979469 0.113567 
vt 0.981345 0.140362 
vt 0.977838 0.140973 
vt 0.960496 0.191129 
vt 0.961197 0.197744 
vt 0.948947 0.207842 
vt 0.947723 0.201975 
vt 0.937096 0.220339 
vt 0.93554 0.214815 
vt 0.925276 0.23368 
vt 0.923461 0.228156 
vt 0.91422 0.248176 
vt 0.911731 0.243413 
vt 0.992317 0.286926 
vt 0.979873 0.282096 
vt 0.992317 0.222939 
vt 0.969323 0.268233 
vt 0.962274 0.247482 
vt 0.961035 0.235224 
vt 0.979866 0.163826 
vt 0.99231 0.158954 
vt 0.969318 0.177694 
vt 0.96227 0.198449 
vt 0.960966 0.21138 
vt 0.959797 0.222966 
vt 0.783518 0.266701 
vt 0.784683 0.283313 
vt 0.782079 0.296285 
vt 0.786848 0.262097 
vt 0.78711 0.267828 
vt 0.783518 0.266701 
vt 0.780221 0.242041 
vt 0.783033 0.236172 
vt 0.783518 0.266701 
vt 0.775373 0.272251 
vt 0.775233 0.26505 
vt 0.782079 0.296285 
vt 0.780428 0.302265 
vt 0.778109 0.291803 
vt 0.783518 0.266701 
vt 0.776953 0.286008 
vt 0.776068 0.280023 
vt 0.776181 0.257689 
vt 0.777979 0.248992 
vt 0.780221 0.242041 
vt 0.776953 0.286008 
vt 0.78644 0.273698 
vt 0.784632 0.245127 
vt 0.786133 0.254775 
vt 0.783033 0.236172 
vt 0.780428 0.302265 
vt 0.765748 0.309248 
vt 0.763011 0.296099 
vt 0.778109 0.291803 
vt 0.794799 0.309248 
vt 0.782079 0.296285 
vt 0.796752 0.302705 
vt 0.796752 0.302705 
vt 0.782079 0.296285 
vt 0.784683 0.283313 
vt 0.800897 0.28741 
vt 0.78644 0.273698 
vt 0.804103 0.275973 
vt 0.78711 0.267828 
vt 0.804841 0.269343 
vt 0.804475 0.26285 
vt 0.786848 0.262097 
vt 0.802178 0.254094 
vt 0.786133 0.254775 
vt 0.784632 0.245127 
vt 0.79957 0.242699 
vt 0.783033 0.236172 
vt 0.797362 0.232596 
vt 0.783033 0.236172 
vt 0.780221 0.242041 
vt 0.76605 0.230586 
vt 0.769501 0.223411 
vt 0.76605 0.230586 
vt 0.780221 0.242041 
vt 0.777979 0.248992 
vt 0.762804 0.239737 
vt 0.776181 0.257689 
vt 0.75973 0.251863 
vt 0.775233 0.26505 
vt 0.758443 0.261414 
vt 0.758698 0.270692 
vt 0.775373 0.272251 
vt 0.759981 0.281183 
vt 0.776068 0.280023 
vt 0.76136 0.28886 
vt 0.776953 0.286008 
vt 0.776953 0.286008 
vt 0.76136 0.28886 

usemtl Handle1Mtl

f 1/1/1 2/2/2 3/3/3 
f 3/3/3 4/4/4 1/1/1 
f 5/5/5 6/6/6 7/7/7 
f 7/7/7 8/8/8 5/5/5 
f 9/9/9 10/10/10 11/11/11 
f 11/11/11 12/12/12 9/9/9 
f 13/13/13 14/14/14 4/4/4 
f 4/4/4 15/15/15 13/13/13 
f 16/16/16 17/17/17 18/18/18 
f 18/18/18 19/19/19 16/16/16 
f 13/13/13 20/20/20 21/21/21 
f 21/21/21 14/14/14 13/13/13 
f 10/10/10 22/22/22 23/23/23 
f 23/23/23 11/11/11 10/10/10 
f 5/5/5 24/24/24 25/25/25 
f 25/25/25 6/6/6 5/5/5 
f 2/2/2 1/1/1 26/26/26 
f 26/26/26 27/27/27 2/2/2 
f 28/28/28 29/29/29 30/30/30 
f 30/30/30 31/31/31 28/28/28 
f 32/32/32 33/33/33 34/34/34 
f 34/34/34 35/35/35 32/32/32 
f 36/36/36 37/37/37 38/38/38 
f 38/38/38 39/39/39 36/36/36 
f 40/40/40 41/41/41 42/42/42 
f 42/42/42 43/43/43 40/40/40 
f 44/44/44 45/45/45 46/46/46 
f 46/46/46 47/47/47 44/44/44 
f 48/48/48 49/49/49 50/50/50 
f 50/50/50 51/51/51 48/48/48 
f 52/52/52 53/53/53 54/54/54 
f 54/54/54 55/55/55 52/52/52 
f 56/56/56 57/57/57 58/58/58 
f 58/58/58 59/59/59 56/56/56 
f 60/60/60 61/61/61 62/62/62 
f 62/62/62 63/63/63 60/60/60 
f 64/64/64 65/65/65 66/66/66 
f 66/66/66 67/67/67 64/64/64 
f 68/68/68 69/69/69 70/70/70 
f 70/70/70 71/71/71 68/68/68 
f 72/72/72 73/73/73 74/74/74 
f 74/74/74 75/75/75 72/72/72 
f 76/76/76 72/72/72 75/75/75 
f 75/75/75 77/77/77 76/76/76 
f 78/78/78 69/69/69 68/68/68 
f 68/68/68 79/79/79 78/78/78 
f 80/80/80 81/81/81 65/65/65 
f 65/65/65 64/64/64 80/80/80 
f 82/82/82 60/60/60 63/63/63 
f 63/63/63 83/83/83 82/82/82 
f 57/57/57 76/76/76 77/77/77 
f 77/77/77 58/58/58 57/57/57 
f 53/53/53 78/78/78 79/79/79 
f 79/79/79 54/54/54 53/53/53 
f 51/51/51 50/50/50 81/81/81 
f 81/81/81 80/80/80 51/51/51 
f 45/45/45 82/82/82 83/83/83 
f 83/83/83 46/46/46 45/45/45 
f 84/84/84 85/85/85 86/86/86 
f 86/86/86 87/87/87 84/84/84 
f 88/88/88 89/89/89 90/90/90 
f 90/90/90 91/91/91 88/88/88 
f 92/92/92 93/93/93 94/94/94 
f 94/94/94 95/95/95 92/92/92 
f 96/96/96 97/97/97 98/98/98 
f 98/98/98 99/99/99 96/96/96 
f 85/85/85 56/56/56 59/59/59 
f 59/59/59 86/86/86 85/85/85 
f 89/89/89 52/52/52 55/55/55 
f 55/55/55 90/90/90 89/89/89 
f 95/95/95 94/94/94 49/49/49 
f 49/49/49 48/48/48 95/95/95 
f 97/97/97 44/44/44 47/47/47 
f 47/47/47 98/98/98 97/97/97 
f 41/41/41 84/84/84 87/87/87 
f 87/87/87 42/42/42 41/41/41 
f 37/37/37 88/88/88 91/91/91 
f 91/91/91 38/38/38 37/37/37 
f 35/35/35 34/34/34 93/93/93 
f 93/93/93 92/92/92 35/35/35 
f 29/29/29 96/96/96 99/99/99 
f 99/99/99 30/30/30 29/29/29 
f 100/100/100 101/101/101 102/102/102 
f 102/102/102 103/103/103 100/100/100 
f 104/104/104 105/105/105 106/106/106 
f 106/106/106 107/107/107 104/104/104 
f 108/108/108 109/109/109 110/110/110 
f 110/110/110 111/111/111 108/108/108 
f 112/112/112 113/113/113 114/114/114 
f 114/114/114 115/115/115 112/112/112 
f 103/103/103 102/102/102 40/40/40 
f 40/40/40 43/43/43 103/103/103 
f 105/105/105 36/36/36 39/39/39 
f 39/39/39 106/106/106 105/105/105 
f 109/109/109 33/33/33 32/32/32 
f 32/32/32 110/110/110 109/109/109 
f 113/113/113 28/28/28 31/31/31 
f 31/31/31 114/114/114 113/113/113 
f 26/26/26 101/101/101 100/100/100 
f 100/100/100 27/27/27 26/26/26 
f 24/24/24 104/104/104 107/107/107 
f 107/107/107 25/25/25 24/24/24 
f 23/23/23 22/22/22 108/108/108 
f 108/108/108 111/111/111 23/23/23 
f 20/20/20 112/112/112 115/115/115 
f 115/115/115 21/21/21 20/20/20 
f 116/116/116 117/117/117 118/118/118 
f 118/118/118 119/119/119 116/116/116 
f 120/120/120 121/121/121 116/116/116 
f 116/116/116 119/119/119 120/120/120 
f 122/122/122 121/121/121 120/120/120 
f 120/120/120 123/123/123 122/122/122 
f 124/124/124 122/122/122 123/123/123 
f 123/123/123 125/125/125 124/124/124 
f 126/126/126 124/124/124 125/125/125 
f 125/125/125 127/127/127 126/126/126 
f 128/128/128 126/126/126 127/127/127 
f 127/127/127 129/129/129 128/128/128 
f 130/130/130 128/128/128 129/129/129 
f 129/129/129 131/131/131 130/130/130 
f 132/132/132 130/130/130 131/131/131 
f 131/131/131 133/133/133 132/132/132 
f 134/134/134 132/132/132 133/133/133 
f 133/133/133 135/135/135 134/134/134 
f 136/136/136 134/134/134 135/135/135 
f 135/135/135 137/137/137 136/136/136 
f 138/138/138 139/139/139 136/136/136 
f 136/136/136 137/137/137 138/138/138 
f 140/140/140 141/141/141 139/139/139 
f 139/139/139 138/138/138 140/140/140 
f 141/141/141 140/140/140 8/8/8 
f 8/8/8 142/142/142 141/141/141 
f 143/143/143 144/144/144 145/145/145 
f 145/145/145 146/146/146 143/143/143 
f 7/7/7 147/147/147 148/148/148 
f 148/148/148 149/149/149 7/7/7 
f 150/150/150 148/148/148 147/147/147 
f 147/147/147 151/151/151 150/150/150 
f 152/152/152 150/150/150 151/151/151 
f 151/151/151 153/153/153 152/152/152 
f 152/152/152 153/153/153 154/154/154 
f 154/154/154 155/155/155 152/152/152 
f 155/155/155 154/154/154 156/156/156 
f 156/156/156 157/157/157 155/155/155 
f 157/157/157 156/156/156 158/158/158 
f 158/158/158 159/159/159 157/157/157 
f 159/159/159 158/158/158 160/160/160 
f 160/160/160 161/161/161 159/159/159 
f 161/161/161 160/160/160 162/162/162 
f 162/162/162 163/163/163 161/161/161 
f 163/163/163 162/162/162 164/164/164 
f 164/164/164 165/165/165 163/163/163 
f 165/165/165 164/164/164 166/166/166 
f 166/166/166 167/167/167 165/165/165 
f 167/167/167 166/166/166 168/168/168 
f 168/168/168 169/169/169 167/167/167 
f 170/170/170 169/169/169 168/168/168 
f 168/168/168 171/171/171 170/170/170 
f 170/170/170 171/171/171 172/172/172 
f 172/172/172 173/173/173 170/170/170 
f 174/174/174 175/175/175 176/176/176 
f 176/176/176 177/177/177 174/174/174 
f 178/178/178 179/179/179 175/175/175 
f 175/175/175 174/174/174 178/178/178 
f 180/180/180 181/181/181 179/179/179 
f 179/179/179 178/178/178 180/180/180 
f 182/182/182 183/183/183 181/181/181 
f 181/181/181 180/180/180 182/182/182 
f 184/184/184 185/185/185 183/183/183 
f 183/183/183 182/182/182 184/184/184 
f 186/186/186 187/187/187 185/185/185 
f 185/185/185 184/184/184 186/186/186 
f 188/188/188 189/189/189 187/187/187 
f 187/187/187 186/186/186 188/188/188 
f 190/190/190 191/191/191 192/192/192 
f 192/192/192 193/193/193 190/190/190 
f 194/194/194 195/195/195 191/191/191 
f 191/191/191 190/190/190 194/194/194 
f 196/196/196 197/197/197 195/195/195 
f 195/195/195 194/194/194 196/196/196 
f 198/198/198 199/199/199 197/197/197 
f 197/197/197 196/196/196 198/198/198 
f 200/200/200 201/201/201 199/199/199 
f 199/199/199 198/198/198 200/200/200 
f 202/202/202 203/203/203 201/201/201 
f 201/201/201 200/200/200 202/202/202 
f 204/204/204 205/205/205 203/203/203 
f 203/203/203 202/202/202 204/204/204 
f 206/206/206 207/207/207 205/205/205 
f 205/205/205 204/204/204 206/206/206 
f 208/208/208 209/209/209 207/207/207 
f 207/207/207 206/206/206 208/208/208 
f 210/210/210 211/211/211 209/209/209 
f 209/209/209 208/208/208 210/210/210 
f 212/212/212 213/213/213 211/211/211 
f 211/211/211 210/210/210 212/212/212 
f 214/214/214 215/215/215 213/213/213 
f 213/213/213 212/212/212 214/214/214 
f 177/177/177 176/176/176 215/215/215 
f 215/215/215 214/214/214 177/177/177 
f 216/216/216 217/217/217 218/218/218 
f 219/219/219 216/216/216 218/218/218 
f 220/220/220 219/219/219 218/218/218 
f 221/221/221 220/220/220 218/218/218 
f 222/222/222 221/221/221 218/218/218 
f 223/223/223 222/222/222 218/218/218 
f 224/224/224 223/223/223 218/218/218 
f 225/225/225 224/224/224 218/218/218 
f 226/226/226 225/225/225 218/218/218 
f 227/227/227 226/226/226 218/218/218 
f 228/228/228 227/227/227 218/218/218 
f 229/229/229 228/228/228 218/218/218 
f 230/230/230 229/229/229 218/218/218 
f 231/231/231 230/230/230 218/218/218 
f 232/232/232 231/231/231 218/218/218 
f 233/233/233 232/232/232 218/218/218 
f 234/234/234 233/233/233 218/218/218 
f 235/235/235 234/234/234 218/218/218 
f 236/236/236 235/235/235 218/218/218 
f 217/217/217 236/236/236 218/218/218 
f 237/237/237 238/238/238 239/239/239 
f 238/238/238 240/240/240 239/239/239 
f 240/240/240 241/241/241 239/239/239 
f 241/241/241 242/242/242 239/239/239 
f 242/242/242 243/243/243 239/239/239 
f 243/243/243 244/244/244 239/239/239 
f 244/244/244 245/245/245 239/239/239 
f 245/245/245 246/246/246 239/239/239 
f 246/246/246 247/247/247 239/239/239 
f 247/247/247 248/248/248 239/239/239 
f 248/248/248 249/249/249 239/239/239 
f 249/249/249 250/250/250 239/239/239 
f 250/250/250 251/251/251 239/239/239 
f 251/251/251 252/252/252 239/239/239 
f 252/252/252 253/253/253 239/239/239 
f 253/253/253 254/254/254 239/239/239 
f 254/254/254 255/255/255 239/239/239 
f 255/255/255 256/256/256 239/239/239 
f 256/256/256 257/257/257 239/239/239 
f 257/257/257 237/237/237 239/239/239 
f 258/258/258 259/259/259 260/260/260 
f 260/260/260 261/261/261 258/258/258 
f 261/261/261 260/260/260 262/262/262 
f 262/262/262 263/263/263 261/261/261 
f 263/263/263 262/262/262 264/264/264 
f 264/264/264 265/265/265 263/263/263 
f 265/265/265 264/264/264 266/266/266 
f 266/266/266 267/267/267 265/265/265 
f 268/268/268 269/269/269 270/270/270 
f 270/270/270 271/271/271 268/268/268 
f 271/271/271 270/270/270 272/272/272 
f 272/272/272 273/273/273 271/271/271 
f 273/273/273 272/272/272 274/274/274 
f 274/274/274 275/275/275 273/273/273 
f 275/275/275 274/274/274 276/276/276 
f 276/276/276 277/277/277 275/275/275 
f 277/277/277 276/276/276 278/278/278 
f 278/278/278 279/279/279 277/277/277 
f 279/279/279 278/278/278 280/280/280 
f 280/280/280 281/281/281 279/279/279 
f 281/281/281 280/280/280 282/282/282 
f 282/282/282 283/283/283 281/281/281 
f 283/283/283 282/282/282 284/284/284 
f 284/284/284 285/285/285 283/283/283 
f 285/285/285 284/284/284 286/286/286 
f 286/286/286 287/287/287 285/285/285 
f 287/287/287 286/286/286 288/288/288 
f 288/288/288 289/289/289 287/287/287 
f 289/289/289 288/288/288 290/290/290 
f 290/290/290 291/291/291 289/289/289 
f 291/291/291 290/290/290 292/292/292 
f 292/292/292 293/293/293 291/291/291 
f 293/293/293 292/292/292 294/294/294 
f 294/294/294 295/295/295 293/293/293 
f 295/295/295 294/294/294 296/296/296 
f 296/296/296 297/297/297 295/295/295 
f 297/297/297 296/296/296 298/298/298 
f 298/298/298 299/299/299 297/297/297 
f 299/299/299 298/298/298 259/259/259 
f 259/259/259 258/258/258 299/299/299 
f 300/300/300 301/301/301 302/302/302 
f 302/302/302 303/303/303 300/300/300 
f 304/304/304 305/305/305 301/301/301 
f 301/301/301 300/300/300 304/304/304 
f 306/306/306 307/307/307 305/305/305 
f 305/305/305 304/304/304 306/306/306 
f 308/308/308 309/309/309 307/307/307 
f 307/307/307 306/306/306 308/308/308 
f 310/310/310 311/311/311 309/309/309 
f 309/309/309 308/308/308 310/310/310 
f 312/312/312 313/313/313 311/311/311 
f 311/311/311 310/310/310 312/312/312 
f 314/314/314 315/315/315 313/313/313 
f 313/313/313 312/312/312 314/314/314 
f 316/316/316 317/317/317 318/318/318 
f 318/318/318 319/319/319 316/316/316 
f 320/320/320 321/321/321 317/317/317 
f 317/317/317 316/316/316 320/320/320 
f 322/322/322 323/323/323 321/321/321 
f 321/321/321 320/320/320 322/322/322 
f 324/324/324 325/325/325 323/323/323 
f 323/323/323 322/322/322 324/324/324 
f 326/326/326 327/327/327 325/325/325 
f 325/325/325 324/324/324 326/326/326 
f 328/328/328 329/329/329 327/327/327 
f 327/327/327 326/326/326 328/328/328 
f 330/330/330 331/331/331 329/329/329 
f 329/329/329 328/328/328 330/330/330 
f 332/332/332 333/333/333 331/331/331 
f 331/331/331 330/330/330 332/332/332 
f 334/334/334 335/335/335 333/333/333 
f 333/333/333 332/332/332 334/334/334 
f 336/336/336 337/337/337 335/335/335 
f 335/335/335 334/334/334 336/336/336 
f 338/338/338 339/339/339 337/337/337 
f 337/337/337 336/336/336 338/338/338 
f 340/340/340 341/341/341 339/339/339 
f 339/339/339 338/338/338 340/340/340 
f 303/303/303 302/302/302 341/341/341 
f 341/341/341 340/340/340 303/303/303 
f 342/342/342 343/343/343 344/344/344 
f 344/344/344 345/345/345 342/342/342 
f 346/346/346 347/347/347 343/343/343 
f 343/343/343 342/342/342 346/346/346 
f 348/348/348 349/349/349 347/347/347 
f 347/347/347 346/346/346 348/348/348 
f 350/350/350 351/351/351 349/349/349 
f 349/349/349 348/348/348 350/350/350 
f 352/352/352 353/353/353 351/351/351 
f 351/351/351 350/350/350 352/352/352 
f 354/354/354 355/355/355 353/353/353 
f 353/353/353 352/352/352 354/354/354 
f 356/356/356 357/357/357 355/355/355 
f 355/355/355 354/354/354 356/356/356 
f 358/358/358 359/359/359 360/360/360 
f 360/360/360 361/361/361 358/358/358 
f 362/362/362 363/363/363 359/359/359 
f 359/359/359 358/358/358 362/362/362 
f 364/364/364 365/365/365 363/363/363 
f 363/363/363 362/362/362 364/364/364 
f 366/366/366 367/367/367 365/365/365 
f 365/365/365 364/364/364 366/366/366 
f 366/366/366 368/368/368 369/369/369 
f 369/369/369 367/367/367 366/366/366 
f 368/368/368 370/370/370 371/371/371 
f 371/371/371 369/369/369 368/368/368 
f 370/370/370 372/372/372 373/373/373 
f 373/373/373 371/371/371 370/370/370 
f 372/372/372 374/374/374 375/375/375 
f 375/375/375 373/373/373 372/372/372 
f 374/374/374 376/376/376 377/377/377 
f 377/377/377 375/375/375 374/374/374 
f 376/376/376 378/378/378 379/379/379 
f 379/379/379 377/377/377 376/376/376 
f 378/378/378 380/380/380 381/381/381 
f 381/381/381 379/379/379 378/378/378 
f 382/382/382 383/383/383 381/381/381 
f 381/381/381 380/380/380 382/382/382 
f 345/345/345 344/344/344 383/383/383 
f 383/383/383 382/382/382 345/345/345 
f 384/384/384 385/385/385 386/386/386 
f 386/386/386 387/387/387 384/384/384 
f 388/388/388 389/389/389 390/390/390 
f 390/390/390 391/391/391 388/388/388 
f 392/392/392 393/393/393 385/385/385 
f 385/385/385 384/384/384 392/392/392 
f 391/391/391 390/390/390 394/394/394 
f 394/394/394 395/395/395 391/391/391 
f 396/396/396 397/397/397 393/393/393 
f 393/393/393 392/392/392 396/396/396 
f 395/395/395 394/394/394 398/398/398 
f 398/398/398 399/399/399 395/395/395 
f 400/400/400 401/401/401 397/397/397 
f 397/397/397 396/396/396 400/400/400 
f 399/399/399 398/398/398 402/402/402 
f 402/402/402 403/403/403 399/399/399 
f 404/404/404 405/405/405 401/401/401 
f 401/401/401 400/400/400 404/404/404 
f 403/403/403 402/402/402 406/406/406 
f 406/406/406 407/407/407 403/403/403 
f 408/408/408 409/409/409 405/405/405 
f 405/405/405 404/404/404 408/408/408 
f 407/407/407 406/406/406 410/410/410 
f 410/410/410 411/411/411 407/407/407 
f 412/412/412 413/413/413 409/409/409 
f 409/409/409 408/408/408 412/412/412 
f 411/411/411 410/410/410 414/414/414 
f 414/414/414 415/415/415 411/411/411 
f 416/416/416 417/417/417 418/418/418 
f 418/418/418 419/419/419 416/416/416 
f 420/420/420 421/421/421 422/422/422 
f 422/422/422 423/423/423 420/420/420 
f 424/424/424 425/425/425 417/417/417 
f 417/417/417 416/416/416 424/424/424 
f 423/423/423 422/422/422 426/426/426 
f 426/426/426 427/427/427 423/423/423 
f 428/428/428 429/429/429 425/425/425 
f 425/425/425 424/424/424 428/428/428 
f 427/427/427 426/426/426 430/430/430 
f 430/430/430 431/431/431 427/427/427 
f 432/432/432 433/433/433 429/429/429 
f 429/429/429 428/428/428 432/432/432 
f 431/431/431 430/430/430 434/434/434 
f 434/434/434 435/435/435 431/431/431 
f 436/436/436 437/437/437 433/433/433 
f 433/433/433 432/432/432 436/436/436 
f 435/435/435 434/434/434 438/438/438 
f 438/438/438 439/439/439 435/435/435 
f 440/440/440 441/441/441 437/437/437 
f 437/437/437 436/436/436 440/440/440 
f 439/439/439 438/438/438 442/442/442 
f 442/442/442 443/443/443 439/439/439 
f 444/444/444 445/445/445 441/441/441 
f 441/441/441 440/440/440 444/444/444 
f 443/443/443 442/442/442 446/446/446 
f 446/446/446 447/447/447 443/443/443 
f 448/448/448 449/449/449 445/445/445 
f 445/445/445 444/444/444 448/448/448 
f 447/447/447 446/446/446 450/450/450 
f 450/450/450 451/451/451 447/447/447 
f 452/452/452 453/453/453 449/449/449 
f 449/449/449 448/448/448 452/452/452 
f 451/451/451 450/450/450 454/454/454 
f 454/454/454 455/455/455 451/451/451 
f 456/456/456 457/457/457 453/453/453 
f 453/453/453 452/452/452 456/456/456 
f 455/455/455 454/454/454 458/458/458 
f 458/458/458 459/459/459 455/455/455 
f 460/460/460 461/461/461 457/457/457 
f 457/457/457 456/456/456 460/460/460 
f 459/459/459 458/458/458 462/462/462 
f 462/462/462 463/463/463 459/459/459 
f 464/464/464 465/465/465 461/461/461 
f 461/461/461 460/460/460 464/464/464 
f 463/463/463 462/462/462 466/466/466 
f 466/466/466 467/467/467 463/463/463 
f 387/387/387 386/386/386 465/465/465 
f 465/465/465 464/464/464 387/387/387 
f 467/467/467 466/466/466 389/389/389 
f 389/389/389 388/388/388 467/467/467 
f 468/468/468 469/469/469 470/470/470 
f 470/470/470 471/471/471 468/468/468 
f 471/471/471 470/470/470 472/472/472 
f 472/472/472 473/473/473 471/471/471 
f 473/473/473 472/472/472 474/474/474 
f 474/474/474 475/475/475 473/473/473 
f 475/475/475 474/474/474 476/476/476 
f 476/476/476 477/477/477 475/475/475 
f 477/477/477 476/476/476 478/478/478 
f 478/478/478 479/479/479 477/477/477 
f 479/479/479 478/478/478 480/480/480 
f 480/480/480 481/481/481 479/479/479 
f 481/481/481 480/480/480 482/482/482 
f 482/482/482 483/483/483 481/481/481 
f 484/484/484 485/485/485 486/486/486 
f 486/486/486 487/487/487 484/484/484 
f 487/487/487 486/486/486 488/488/488 
f 488/488/488 489/489/489 487/487/487 
f 489/489/489 488/488/488 490/490/490 
f 490/490/490 491/491/491 489/489/489 
f 491/491/491 490/490/490 492/492/492 
f 492/492/492 493/493/493 491/491/491 
f 493/493/493 492/492/492 494/494/494 
f 494/494/494 495/495/495 493/493/493 
f 495/495/495 494/494/494 496/496/496 
f 496/496/496 497/497/497 495/495/495 
f 497/497/497 496/496/496 498/498/498 
f 498/498/498 499/499/499 497/497/497 
f 499/499/499 498/498/498 500/500/500 
f 500/500/500 501/501/501 499/499/499 
f 501/501/501 500/500/500 502/502/502 
f 502/502/502 503/503/503 501/501/501 
f 503/503/503 502/502/502 504/504/504 
f 504/504/504 505/505/505 503/503/503 
f 505/505/505 504/504/504 506/506/506 
f 506/506/506 507/507/507 505/505/505 
f 507/507/507 506/506/506 508/508/508 
f 508/508/508 509/509/509 507/507/507 
f 509/509/509 508/508/508 469/469/469 
f 469/469/469 468/468/468 509/509/509 
f 294/294/294 510/510/510 511/511/511 
f 511/511/511 296/296/296 294/294/294 
f 296/296/296 511/511/511 512/512/512 
f 512/512/512 298/298/298 296/296/296 
f 298/298/298 512/512/512 513/513/513 
f 513/513/513 259/259/259 298/298/298 
f 259/259/259 513/513/513 514/514/514 
f 514/514/514 260/260/260 259/259/259 
f 260/260/260 514/514/514 515/515/515 
f 515/515/515 262/262/262 260/260/260 
f 262/262/262 515/515/515 516/516/516 
f 516/516/516 264/264/264 262/262/262 
f 264/264/264 516/516/516 517/517/517 
f 517/517/517 266/266/266 264/264/264 
f 269/269/269 518/518/518 519/519/519 
f 519/519/519 270/270/270 269/269/269 
f 270/270/270 519/519/519 520/520/520 
f 520/520/520 272/272/272 270/270/270 
f 272/272/272 520/520/520 521/521/521 
f 521/521/521 274/274/274 272/272/272 
f 274/274/274 521/521/521 522/522/522 
f 522/522/522 276/276/276 274/274/274 
f 276/276/276 522/522/522 523/523/523 
f 523/523/523 278/278/278 276/276/276 
f 278/278/278 523/523/523 524/524/524 
f 524/524/524 280/280/280 278/278/278 
f 280/280/280 524/524/524 525/525/525 
f 525/525/525 282/282/282 280/280/280 
f 282/282/282 525/525/525 526/526/526 
f 526/526/526 284/284/284 282/282/282 
f 284/284/284 526/526/526 527/527/527 
f 527/527/527 286/286/286 284/284/284 
f 286/286/286 527/527/527 528/528/528 
f 528/528/528 288/288/288 286/286/286 
f 288/288/288 528/528/528 529/529/529 
f 529/529/529 290/290/290 288/288/288 
f 290/290/290 529/529/529 530/530/530 
f 530/530/530 292/292/292 290/290/290 
f 292/292/292 530/530/530 510/510/510 
f 510/510/510 294/294/294 292/292/292 
f 510/510/510 531/531/531 532/532/532 
f 532/532/532 511/511/511 510/510/510 
f 511/511/511 532/532/532 533/533/533 
f 533/533/533 512/512/512 511/511/511 
f 512/512/512 533/533/533 534/534/534 
f 534/534/534 513/513/513 512/512/512 
f 513/513/513 534/534/534 535/535/535 
f 535/535/535 514/514/514 513/513/513 
f 514/514/514 535/535/535 536/536/536 
f 536/536/536 515/515/515 514/514/514 
f 515/515/515 536/536/536 537/537/537 
f 537/537/537 516/516/516 515/515/515 
f 516/516/516 537/537/537 538/538/538 
f 538/538/538 517/517/517 516/516/516 
f 518/518/518 539/539/539 540/540/540 
f 540/540/540 519/519/519 518/518/518 
f 519/519/519 540/540/540 541/541/541 
f 541/541/541 520/520/520 519/519/519 
f 520/520/520 541/541/541 542/542/542 
f 542/542/542 521/521/521 520/520/520 
f 521/521/521 542/542/542 543/543/543 
f 543/543/543 522/522/522 521/521/521 
f 522/522/522 543/543/543 544/544/544 
f 544/544/544 523/523/523 522/522/522 
f 523/523/523 544/544/544 545/545/545 
f 545/545/545 524/524/524 523/523/523 
f 524/524/524 545/545/545 546/546/546 
f 546/546/546 525/525/525 524/524/524 
f 525/525/525 546/546/546 547/547/547 
f 547/547/547 526/526/526 525/525/525 
f 526/526/526 547/547/547 548/548/548 
f 548/548/548 527/527/527 526/526/526 
f 527/527/527 548/548/548 549/549/549 
f 549/549/549 528/528/528 527/527/527 
f 528/528/528 549/549/549 550/550/550 
f 550/550/550 529/529/529 528/528/528 
f 529/529/529 550/550/550 551/551/551 
f 551/551/551 530/530/530 529/529/529 
f 530/530/530 551/551/551 531/531/531 
f 531/531/531 510/510/510 530/530/530 
f 552/552/552 553/553/553 554/554/554 
f 554/554/554 555/555/555 552/552/552 
f 556/556/556 557/557/557 558/558/558 
f 558/558/558 559/559/559 556/556/556 
f 560/560/560 561/561/561 558/558/558 
f 558/558/558 557/557/557 560/560/560 
f 562/562/562 563/563/563 561/561/561 
f 561/561/561 560/560/560 562/562/562 
f 564/564/564 565/565/565 563/563/563 
f 563/563/563 562/562/562 564/564/564 
f 566/566/566 567/567/567 565/565/565 
f 565/565/565 564/564/564 566/566/566 
f 568/568/568 569/569/569 570/570/570 
f 570/570/570 571/571/571 568/568/568 
f 572/572/572 573/573/573 574/574/574 
f 574/574/574 575/575/575 572/572/572 
f 574/574/574 576/576/576 577/577/577 
f 577/577/577 575/575/575 574/574/574 
f 576/576/576 578/578/578 579/579/579 
f 579/579/579 577/577/577 576/576/576 
f 578/578/578 580/580/580 581/581/581 
f 581/581/581 579/579/579 578/578/578 
f 580/580/580 582/582/582 583/583/583 
f 583/583/583 581/581/581 580/580/580 
f 584/584/584 585/585/585 586/586/586 
f 586/586/586 587/587/587 584/584/584 
f 588/588/588 589/589/589 590/590/590 
f 590/590/590 591/591/591 588/588/588 
f 592/592/592 593/593/593 594/594/594 
f 594/594/594 595/595/595 592/592/592 
f 596/596/596 597/597/597 598/598/598 
f 598/598/598 599/599/599 596/596/596 
f 600/600/600 601/601/601 602/602/602 
f 602/602/602 603/603/603 600/600/600 
f 598/598/598 604/604/604 605/605/605 
f 605/605/605 599/599/599 598/598/598 
f 606/606/606 600/600/600 603/603/603 
f 603/603/603 607/607/607 606/606/606 
f 605/605/605 604/604/604 608/608/608 
f 608/608/608 609/609/609 605/605/605 
f 610/610/610 606/606/606 607/607/607 
f 607/607/607 611/611/611 610/610/610 
f 608/608/608 612/612/612 613/613/613 
f 613/613/613 609/609/609 608/608/608 
f 614/614/614 615/615/615 610/610/610 
f 610/610/610 611/611/611 614/614/614 
f 612/612/612 616/616/616 617/617/617 
f 617/617/617 613/613/613 612/612/612 
f 618/618/618 619/619/619 620/620/620 
f 620/620/620 621/621/621 618/618/618 
f 622/622/622 623/623/623 615/615/615 
f 615/615/615 614/614/614 622/622/622 
f 601/601/601 592/592/592 595/595/595 
f 595/595/595 602/602/602 601/601/601 
f 552/552/552 556/556/556 559/559/559 
f 559/559/559 553/553/553 552/552/552 
f 590/590/590 597/597/597 596/596/596 
f 596/596/596 591/591/591 590/590/590 
f 570/570/570 569/569/569 573/573/573 
f 573/573/573 572/572/572 570/570/570 
f 624/624/624 625/625/625 626/626/626 
f 626/626/626 627/627/627 624/624/624 
f 624/624/624 627/627/627 628/628/628 
f 628/628/628 629/629/629 624/624/624 
f 629/629/629 628/628/628 630/630/630 
f 630/630/630 631/631/631 629/629/629 
f 631/631/631 630/630/630 632/632/632 
f 632/632/632 633/633/633 631/631/631 
f 633/633/633 632/632/632 634/634/634 
f 634/634/634 635/635/635 633/633/633 
f 635/635/635 634/634/634 636/636/636 
f 636/636/636 637/637/637 635/635/635 
f 625/625/625 638/638/638 639/639/639 
f 639/639/639 626/626/626 625/625/625 
f 637/637/637 636/636/636 640/640/640 
f 640/640/640 641/641/641 637/637/637 
f 642/642/642 643/643/643 644/644/644 
f 644/644/644 645/645/645 642/642/642 
f 638/638/638 646/646/646 647/647/647 
f 647/647/647 639/639/639 638/638/638 
f 648/648/648 649/649/649 650/650/650 
f 648/648/648 650/650/650 651/651/651 
f 651/651/651 652/652/652 648/648/648 
f 652/652/652 651/651/651 644/644/644 
f 644/644/644 643/643/643 652/652/652 
f 653/653/653 642/642/642 645/645/645 
f 645/645/645 654/654/654 653/653/653 
f 655/655/655 653/653/653 654/654/654 
f 654/654/654 656/656/656 655/655/655 
f 657/657/657 655/655/655 656/656/656 
f 656/656/656 658/658/658 657/657/657 
f 641/641/641 640/640/640 659/659/659 
f 659/659/659 660/660/660 641/641/641 
f 660/660/660 659/659/659 649/649/649 
f 649/649/649 648/648/648 660/660/660 
f 661/661/661 657/657/657 658/658/658 
f 658/658/658 662/662/662 661/661/661 
f 663/663/663 664/664/664 665/665/665 
f 665/665/665 666/666/666 663/663/663 
f 663/663/663 666/666/666 667/667/667 
f 667/667/667 668/668/668 663/663/663 
f 668/668/668 667/667/667 669/669/669 
f 669/669/669 670/670/670 668/668/668 
f 670/670/670 669/669/669 671/671/671 
f 671/671/671 672/672/672 670/670/670 
f 672/672/672 671/671/671 673/673/673 
f 673/673/673 674/674/674 672/672/672 
f 674/674/674 673/673/673 675/675/675 
f 675/675/675 676/676/676 674/674/674 
f 677/677/677 678/678/678 665/665/665 
f 665/665/665 664/664/664 677/677/677 
f 679/679/679 676/676/676 675/675/675 
f 675/675/675 680/680/680 679/679/679 
f 681/681/681 682/682/682 683/683/683 
f 683/683/683 684/684/684 681/681/681 
f 677/677/677 685/685/685 686/686/686 
f 686/686/686 678/678/678 677/677/677 
f 687/687/687 688/688/688 689/689/689 
f 689/689/689 690/690/690 687/687/687 
f 690/690/690 689/689/689 691/691/691 
f 691/691/691 692/692/692 690/690/690 
f 692/692/692 691/691/691 683/683/683 
f 683/683/683 682/682/682 692/692/692 
f 693/693/693 681/681/681 684/684/684 
f 684/684/684 694/694/694 693/693/693 
f 695/695/695 693/693/693 694/694/694 
f 694/694/694 696/696/696 695/695/695 
f 697/697/697 695/695/695 696/696/696 
f 696/696/696 698/698/698 697/697/697 
f 699/699/699 679/679/679 680/680/680 
f 680/680/680 700/700/700 699/699/699 
f 687/687/687 699/699/699 700/700/700 
f 700/700/700 688/688/688 687/687/687 
f 697/697/697 698/698/698 686/686/686 
f 686/686/686 685/685/685 697/697/697 
f 701/701/701 702/702/702 703/703/703 
f 703/703/703 704/704/704 701/701/701 
f 705/705/705 701/701/701 704/704/704 
f 704/704/704 706/706/706 705/705/705 
f 707/707/707 705/705/705 706/706/706 
f 706/706/706 708/708/708 707/707/707 
f 709/709/709 707/707/707 708/708/708 
f 708/708/708 710/710/710 709/709/709 
f 711/711/711 709/709/709 710/710/710 
f 710/710/710 712/712/712 711/711/711 
f 713/713/713 711/711/711 712/712/712 
f 712/712/712 714/714/714 713/713/713 
f 715/715/715 716/716/716 703/703/703 
f 703/703/703 702/702/702 715/715/715 
f 717/717/717 713/713/713 714/714/714 
f 714/714/714 718/718/718 717/717/717 
f 719/719/719 720/720/720 721/721/721 
f 721/721/721 722/722/722 719/719/719 
f 723/723/723 724/724/724 716/716/716 
f 716/716/716 715/715/715 723/723/723 
f 725/725/725 726/726/726 727/727/727 
f 727/727/727 728/728/728 725/725/725 
f 729/729/729 730/730/730 731/731/731 
f 731/731/731 732/732/732 729/729/729 
f 729/729/729 732/732/732 720/720/720 
f 720/720/720 719/719/719 729/729/729 
f 722/722/722 721/721/721 733/733/733 
f 733/733/733 734/734/734 722/722/722 
f 734/734/734 733/733/733 735/735/735 
f 735/735/735 736/736/736 734/734/734 
f 737/737/737 738/738/738 739/739/739 
f 739/739/739 740/740/740 737/737/737 
f 741/741/741 717/717/717 718/718/718 
f 718/718/718 742/742/742 741/741/741 
f 725/725/725 741/741/741 742/742/742 
f 742/742/742 726/726/726 725/725/725 
f 740/740/740 739/739/739 743/743/743 
f 743/743/743 744/744/744 740/740/740 
f 745/745/745 746/746/746 747/747/747 
f 748/748/748 745/745/745 747/747/747 
f 749/749/749 748/748/748 747/747/747 
f 750/750/750 749/749/749 747/747/747 
f 751/751/751 750/750/750 747/747/747 
f 752/752/752 751/751/751 747/747/747 
f 746/746/746 753/753/753 747/747/747 
f 754/754/754 752/752/752 747/747/747 
f 755/755/755 756/756/756 747/747/747 
f 753/753/753 757/757/757 747/747/747 
f 758/758/758 759/759/759 747/747/747 
f 760/760/760 758/758/758 747/747/747 
f 756/756/756 760/760/760 747/747/747 
f 761/761/761 755/755/755 747/747/747 
f 762/762/762 761/761/761 747/747/747 
f 763/763/763 762/762/762 747/747/747 
f 764/764/764 754/754/754 747/747/747 
f 759/759/759 764/764/764 747/747/747 
f 757/757/757 763/763/763 747/747/747 
f 765/765/765 766/766/766 767/767/767 
f 767/767/767 768/768/768 765/765/765 
f 769/769/769 770/770/770 766/766/766 
f 766/766/766 765/765/765 769/769/769 
f 771/771/771 772/772/772 770/770/770 
f 770/770/770 769/769/769 771/771/771 
f 773/773/773 774/774/774 772/772/772 
f 772/772/772 771/771/771 773/773/773 
f 773/773/773 775/775/775 776/776/776 
f 776/776/776 774/774/774 773/773/773 
f 775/775/775 777/777/777 778/778/778 
f 778/778/778 776/776/776 775/775/775 
f 779/779/779 780/780/780 781/781/781 
f 781/781/781 782/782/782 779/779/779 
f 780/780/780 783/783/783 784/784/784 
f 784/784/784 781/781/781 780/780/780 
f 783/783/783 785/785/785 786/786/786 
f 786/786/786 784/784/784 783/783/783 
f 786/786/786 785/785/785 787/787/787 
f 787/787/787 788/788/788 786/786/786 
f 788/788/788 787/787/787 789/789/789 
f 789/789/789 790/790/790 788/788/788 
f 790/790/790 789/789/789 791/791/791 
f 791/791/791 792/792/792 790/790/790 
f 793/793/793 794/794/794 795/795/795 
f 795/795/795 796/796/796 793/793/793 
f 797/797/797 798/798/798 799/799/799 
f 799/799/799 800/800/800 797/797/797 
f 801/801/801 802/802/802 803/803/803 
f 803/803/803 804/804/804 801/801/801 
f 799/799/799 805/805/805 806/806/806 
f 806/806/806 800/800/800 799/799/799 
f 807/807/807 801/801/801 804/804/804 
f 804/804/804 808/808/808 807/807/807 
f 806/806/806 805/805/805 809/809/809 
f 809/809/809 810/810/810 806/806/806 
f 811/811/811 807/807/807 808/808/808 
f 808/808/808 812/812/812 811/811/811 
f 810/810/810 809/809/809 813/813/813 
f 813/813/813 814/814/814 810/810/810 
f 815/815/815 811/811/811 812/812/812 
f 812/812/812 816/816/816 815/815/815 
f 814/814/814 813/813/813 817/817/817 
f 817/817/817 818/818/818 814/814/814 
f 819/819/819 815/815/815 816/816/816 
f 816/816/816 820/820/820 819/819/819 
f 817/817/817 821/821/821 822/822/822 
f 822/822/822 818/818/818 817/817/817 
f 823/823/823 824/824/824 825/825/825 
f 825/825/825 826/826/826 823/823/823 
f 827/827/827 828/828/828 819/819/819 
f 819/819/819 820/820/820 827/827/827 
f 829/829/829 830/830/830 783/783/783 
f 783/783/783 780/780/780 829/829/829 
f 785/785/785 783/783/783 830/830/830 
f 830/830/830 831/831/831 785/785/785 
f 785/785/785 831/831/831 832/832/832 
f 832/832/832 787/787/787 785/785/785 
f 787/787/787 832/832/832 833/833/833 
f 833/833/833 789/789/789 787/787/787 
f 789/789/789 833/833/833 834/834/834 
f 834/834/834 791/791/791 789/789/789 
f 835/835/835 823/823/823 826/826/826 
f 826/826/826 836/836/836 835/835/835 
f 776/776/776 778/778/778 837/837/837 
f 837/837/837 838/838/838 776/776/776 
f 774/774/774 776/776/776 838/838/838 
f 838/838/838 839/839/839 774/774/774 
f 772/772/772 774/774/774 839/839/839 
f 839/839/839 840/840/840 772/772/772 
f 772/772/772 840/840/840 841/841/841 
f 841/841/841 770/770/770 772/772/772 
f 770/770/770 841/841/841 842/842/842 
f 842/842/842 766/766/766 770/770/770 
f 766/766/766 842/842/842 843/843/843 
f 843/843/843 767/767/767 766/766/766 
f 796/796/796 795/795/795 844/844/844 
f 844/844/844 845/845/845 796/796/796 
f 780/780/780 779/779/779 846/846/846 
f 846/846/846 829/829/829 780/780/780 
f 847/847/847 848/848/848 849/849/849 
f 849/849/849 850/850/850 847/847/847 
f 848/848/848 851/851/851 852/852/852 
f 852/852/852 849/849/849 848/848/848 
f 851/851/851 853/853/853 854/854/854 
f 854/854/854 852/852/852 851/851/851 
f 853/853/853 855/855/855 856/856/856 
f 856/856/856 854/854/854 853/853/853 
f 855/855/855 857/857/857 858/858/858 
f 858/858/858 856/856/856 855/855/855 
f 857/857/857 859/859/859 860/860/860 
f 860/860/860 858/858/858 857/857/857 
f 859/859/859 861/861/861 862/862/862 
f 862/862/862 860/860/860 859/859/859 
f 861/861/861 863/863/863 864/864/864 
f 864/864/864 862/862/862 861/861/861 
f 863/863/863 865/865/865 866/866/866 
f 866/866/866 864/864/864 863/863/863 
f 866/866/866 865/865/865 847/847/847 
f 847/847/847 850/850/850 866/866/866 
f 867/867/867 868/868/868 848/848/848 
f 848/848/848 847/847/847 867/867/867 
f 868/868/868 869/869/869 851/851/851 
f 851/851/851 848/848/848 868/868/868 
f 869/869/869 870/870/870 853/853/853 
f 853/853/853 851/851/851 869/869/869 
f 870/870/870 871/871/871 855/855/855 
f 855/855/855 853/853/853 870/870/870 
f 871/871/871 872/872/872 857/857/857 
f 857/857/857 855/855/855 871/871/871 
f 872/872/872 873/873/873 859/859/859 
f 859/859/859 857/857/857 872/872/872 
f 873/873/873 874/874/874 861/861/861 
f 861/861/861 859/859/859 873/873/873 
f 874/874/874 875/875/875 863/863/863 
f 863/863/863 861/861/861 874/874/874 
f 875/875/875 876/876/876 865/865/865 
f 865/865/865 863/863/863 875/875/875 
f 876/876/876 867/867/867 847/847/847 
f 847/847/847 865/865/865 876/876/876 
f 877/877/877 878/878/878 868/868/868 
f 868/868/868 867/867/867 877/877/877 
f 878/878/878 879/879/879 869/869/869 
f 869/869/869 868/868/868 878/878/878 
f 879/879/879 880/880/880 870/870/870 
f 870/870/870 869/869/869 879/879/879 
f 880/880/880 881/881/881 871/871/871 
f 871/871/871 870/870/870 880/880/880 
f 881/881/881 882/882/882 872/872/872 
f 872/872/872 871/871/871 881/881/881 
f 882/882/882 883/883/883 873/873/873 
f 873/873/873 872/872/872 882/882/882 
f 883/883/883 884/884/884 874/874/874 
f 874/874/874 873/873/873 883/883/883 
f 884/884/884 885/885/885 875/875/875 
f 875/875/875 874/874/874 884/884/884 
f 885/885/885 886/886/886 876/876/876 
f 876/876/876 875/875/875 885/885/885 
f 886/886/886 877/877/877 867/867/867 
f 867/867/867 876/876/876 886/886/886 
f 887/887/887 888/888/888 878/878/878 
f 878/878/878 877/877/877 887/887/887 
f 888/888/888 889/889/889 879/879/879 
f 879/879/879 878/878/878 888/888/888 
f 889/889/889 890/890/890 880/880/880 
f 880/880/880 879/879/879 889/889/889 
f 890/890/890 891/891/891 881/881/881 
f 881/881/881 880/880/880 890/890/890 
f 891/891/891 892/892/892 882/882/882 
f 882/882/882 881/881/881 891/891/891 
f 892/892/892 893/893/893 883/883/883 
f 883/883/883 882/882/882 892/892/892 
f 893/893/893 894/894/894 884/884/884 
f 884/884/884 883/883/883 893/893/893 
f 894/894/894 895/895/895 885/885/885 
f 885/885/885 884/884/884 894/894/894 
f 895/895/895 896/896/896 886/886/886 
f 886/886/886 885/885/885 895/895/895 
f 896/896/896 887/887/887 877/877/877 
f 877/877/877 886/886/886 896/896/896 
f 887/887/887 897/897/897 888/888/888 
f 888/888/888 897/897/897 889/889/889 
f 889/889/889 897/897/897 890/890/890 
f 890/890/890 897/897/897 891/891/891 
f 891/891/891 897/897/897 892/892/892 
f 892/892/892 897/897/897 893/893/893 
f 893/893/893 897/897/897 894/894/894 
f 894/894/894 897/897/897 895/895/895 
f 895/895/895 897/897/897 896/896/896 
f 896/896/896 897/897/897 887/887/887 
f 898/898/898 899/899/899 900/900/900 
f 900/900/900 901/901/901 898/898/898 
f 902/902/902 903/903/903 904/904/904 
f 904/904/904 905/905/905 902/902/902 
f 904/904/904 906/906/906 907/907/907 
f 907/907/907 905/905/905 904/904/904 
f 906/906/906 908/908/908 909/909/909 
f 909/909/909 907/907/907 906/906/906 
f 908/908/908 910/910/910 911/911/911 
f 911/911/911 909/909/909 908/908/908 
f 910/910/910 912/912/912 913/913/913 
f 913/913/913 911/911/911 910/910/910 
f 914/914/914 915/915/915 916/916/916 
f 916/916/916 917/917/917 914/914/914 
f 918/918/918 919/919/919 920/920/920 
f 920/920/920 921/921/921 918/918/918 
f 922/922/922 923/923/923 920/920/920 
f 920/920/920 919/919/919 922/922/922 
f 924/924/924 925/925/925 923/923/923 
f 923/923/923 922/922/922 924/924/924 
f 926/926/926 927/927/927 925/925/925 
f 925/925/925 924/924/924 926/926/926 
f 928/928/928 929/929/929 927/927/927 
f 927/927/927 926/926/926 928/928/928 
f 930/930/930 931/931/931 932/932/932 
f 932/932/932 933/933/933 930/930/930 
f 934/934/934 935/935/935 936/936/936 
f 936/936/936 937/937/937 934/934/934 
f 938/938/938 939/939/939 940/940/940 
f 940/940/940 941/941/941 938/938/938 
f 942/942/942 943/943/943 944/944/944 
f 944/944/944 945/945/945 942/942/942 
f 946/946/946 947/947/947 948/948/948 
f 948/948/948 949/949/949 946/946/946 
f 950/950/950 951/951/951 944/944/944 
f 944/944/944 943/943/943 950/950/950 
f 949/949/949 948/948/948 952/952/952 
f 952/952/952 953/953/953 949/949/949 
f 950/950/950 954/954/954 955/955/955 
f 955/955/955 951/951/951 950/950/950 
f 953/953/953 952/952/952 956/956/956 
f 956/956/956 957/957/957 953/953/953 
f 958/958/958 959/959/959 955/955/955 
f 955/955/955 954/954/954 958/958/958 
f 960/960/960 957/957/957 956/956/956 
f 956/956/956 961/961/961 960/960/960 
f 962/962/962 963/963/963 959/959/959 
f 959/959/959 958/958/958 962/962/962 
f 964/964/964 965/965/965 966/966/966 
f 966/966/966 967/967/967 964/964/964 
f 968/968/968 960/960/960 961/961/961 
f 961/961/961 969/969/969 968/968/968 
f 941/941/941 940/940/940 947/947/947 
f 947/947/947 946/946/946 941/941/941 
f 903/903/903 902/902/902 900/900/900 
f 900/900/900 899/899/899 903/903/903 
f 942/942/942 945/945/945 936/936/936 
f 936/936/936 935/935/935 942/942/942 
f 914/914/914 918/918/918 921/921/921 
f 921/921/921 915/915/915 914/914/914 
f 970/970/970 971/971/971 972/972/972 
f 972/972/972 973/973/973 970/970/970 
f 974/974/974 971/971/971 970/970/970 
f 970/970/970 975/975/975 974/974/974 
f 976/976/976 974/974/974 975/975/975 
f 975/975/975 977/977/977 976/976/976 
f 978/978/978 976/976/976 977/977/977 
f 977/977/977 979/979/979 978/978/978 
f 980/980/980 978/978/978 979/979/979 
f 979/979/979 981/981/981 980/980/980 
f 982/982/982 980/980/980 981/981/981 
f 981/981/981 983/983/983 982/982/982 
f 973/973/973 972/972/972 984/984/984 
f 984/984/984 985/985/985 973/973/973 
f 986/986/986 982/982/982 983/983/983 
f 983/983/983 987/987/987 986/986/986 
f 988/988/988 989/989/989 990/990/990 
f 990/990/990 991/991/991 988/988/988 
f 985/985/985 984/984/984 992/992/992 
f 992/992/992 993/993/993 985/985/985 
f 994/994/994 995/995/995 996/996/996 
f 997/997/997 995/995/995 994/994/994 
f 994/994/994 998/998/998 997/997/997 
f 991/991/991 990/990/990 997/997/997 
f 997/997/997 998/998/998 991/991/991 
f 999/999/999 1000/1000/1000 989/989/989 
f 989/989/989 988/988/988 999/999/999 
f 1001/1001/1001 1002/1002/1002 1000/1000/1000 
f 1000/1000/1000 999/999/999 1001/1001/1001 
f 1003/1003/1003 1004/1004/1004 1002/1002/1002 
f 1002/1002/1002 1001/1001/1001 1003/1003/1003 
f 1005/1005/1005 986/986/986 987/987/987 
f 987/987/987 1006/1006/1006 1005/1005/1005 
f 996/996/996 1005/1005/1005 1006/1006/1006 
f 1006/1006/1006 994/994/994 996/996/996 
f 1007/1007/1007 1008/1008/1008 1004/1004/1004 
f 1004/1004/1004 1003/1003/1003 1007/1007/1007 
f 1009/1009/1009 1010/1010/1010 1011/1011/1011 
f 1011/1011/1011 1012/1012/1012 1009/1009/1009 
f 1013/1013/1013 1014/1014/1014 1010/1010/1010 
f 1010/1010/1010 1009/1009/1009 1013/1013/1013 
f 1015/1015/1015 1016/1016/1016 1014/1014/1014 
f 1014/1014/1014 1013/1013/1013 1015/1015/1015 
f 1017/1017/1017 1016/1016/1016 1015/1015/1015 
f 1015/1015/1015 1018/1018/1018 1017/1017/1017 
f 1019/1019/1019 1017/1017/1017 1018/1018/1018 
f 1018/1018/1018 1020/1020/1020 1019/1019/1019 
f 1021/1021/1021 1022/1022/1022 1019/1019/1019 
f 1019/1019/1019 1020/1020/1020 1021/1021/1021 
f 1011/1011/1011 1023/1023/1023 1024/1024/1024 
f 1024/1024/1024 1012/1012/1012 1011/1011/1011 
f 1025/1025/1025 1026/1026/1026 1022/1022/1022 
f 1022/1022/1022 1021/1021/1021 1025/1025/1025 
f 1027/1027/1027 1028/1028/1028 1029/1029/1029 
f 1029/1029/1029 1030/1030/1030 1027/1027/1027 
f 1024/1024/1024 1023/1023/1023 1031/1031/1031 
f 1031/1031/1031 1032/1032/1032 1024/1024/1024 
f 1033/1033/1033 1034/1034/1034 1035/1035/1035 
f 1035/1035/1035 1036/1036/1036 1033/1033/1033 
f 1037/1037/1037 1033/1033/1033 1036/1036/1036 
f 1036/1036/1036 1038/1038/1038 1037/1037/1037 
f 1029/1029/1029 1037/1037/1037 1038/1038/1038 
f 1038/1038/1038 1030/1030/1030 1029/1029/1029 
f 1039/1039/1039 1040/1040/1040 1028/1028/1028 
f 1028/1028/1028 1027/1027/1027 1039/1039/1039 
f 1041/1041/1041 1042/1042/1042 1040/1040/1040 
f 1040/1040/1040 1039/1039/1039 1041/1041/1041 
f 1043/1043/1043 1044/1044/1044 1042/1042/1042 
f 1042/1042/1042 1041/1041/1041 1043/1043/1043 
f 1045/1045/1045 1046/1046/1046 1026/1026/1026 
f 1026/1026/1026 1025/1025/1025 1045/1045/1045 
f 1035/1035/1035 1034/1034/1034 1046/1046/1046 
f 1046/1046/1046 1045/1045/1045 1035/1035/1035 
f 1031/1031/1031 1044/1044/1044 1043/1043/1043 
f 1043/1043/1043 1032/1032/1032 1031/1031/1031 
f 1047/1047/1047 1048/1048/1048 1049/1049/1049 
f 1049/1049/1049 1050/1050/1050 1047/1047/1047 
f 1051/1051/1051 1052/1052/1052 1048/1048/1048 
f 1048/1048/1048 1047/1047/1047 1051/1051/1051 
f 1053/1053/1053 1054/1054/1054 1052/1052/1052 
f 1052/1052/1052 1051/1051/1051 1053/1053/1053 
f 1055/1055/1055 1056/1056/1056 1054/1054/1054 
f 1054/1054/1054 1053/1053/1053 1055/1055/1055 
f 1057/1057/1057 1058/1058/1058 1056/1056/1056 
f 1056/1056/1056 1055/1055/1055 1057/1057/1057 
f 1059/1059/1059 1060/1060/1060 1058/1058/1058 
f 1058/1058/1058 1057/1057/1057 1059/1059/1059 
f 1049/1049/1049 1061/1061/1061 1062/1062/1062 
f 1062/1062/1062 1050/1050/1050 1049/1049/1049 
f 1063/1063/1063 1064/1064/1064 1060/1060/1060 
f 1060/1060/1060 1059/1059/1059 1063/1063/1063 
f 1065/1065/1065 1066/1066/1066 1067/1067/1067 
f 1067/1067/1067 1068/1068/1068 1065/1065/1065 
f 1061/1061/1061 1069/1069/1069 1070/1070/1070 
f 1070/1070/1070 1062/1062/1062 1061/1061/1061 
f 1071/1071/1071 1072/1072/1072 1073/1073/1073 
f 1073/1073/1073 1074/1074/1074 1071/1071/1071 
f 1075/1075/1075 1076/1076/1076 1077/1077/1077 
f 1077/1077/1077 1078/1078/1078 1075/1075/1075 
f 1066/1066/1066 1076/1076/1076 1075/1075/1075 
f 1075/1075/1075 1067/1067/1067 1066/1066/1066 
f 1079/1079/1079 1065/1065/1065 1068/1068/1068 
f 1068/1068/1068 1080/1080/1080 1079/1079/1079 
f 1081/1081/1081 1079/1079/1079 1080/1080/1080 
f 1080/1080/1080 1082/1082/1082 1081/1081/1081 
f 1083/1083/1083 1084/1084/1084 1085/1085/1085 
f 1085/1085/1085 1086/1086/1086 1083/1083/1083 
f 1087/1087/1087 1088/1088/1088 1064/1064/1064 
f 1064/1064/1064 1063/1063/1063 1087/1087/1087 
f 1073/1073/1073 1072/1072/1072 1088/1088/1088 
f 1088/1088/1088 1087/1087/1087 1073/1073/1073 
f 1089/1089/1089 1083/1083/1083 1086/1086/1086 
f 1086/1086/1086 1090/1090/1090 1089/1089/1089 
f 1091/1091/1091 1092/1092/1092 1093/1093/1093 
f 1094/1094/1094 1092/1092/1092 1091/1091/1091 
f 1095/1095/1095 1092/1092/1092 1094/1094/1094 
f 1096/1096/1096 1092/1092/1092 1095/1095/1095 
f 1097/1097/1097 1092/1092/1092 1096/1096/1096 
f 1098/1098/1098 1092/1092/1092 1097/1097/1097 
f 1093/1093/1093 1092/1092/1092 1099/1099/1099 
f 1100/1100/1100 1092/1092/1092 1098/1098/1098 
f 1101/1101/1101 1092/1092/1092 1102/1102/1102 
f 1099/1099/1099 1092/1092/1092 1103/1103/1103 
f 1104/1104/1104 1092/1092/1092 1105/1105/1105 
f 1106/1106/1106 1092/1092/1092 1104/1104/1104 
f 1102/1102/1102 1092/1092/1092 1106/1106/1106 
f 1107/1107/1107 1092/1092/1092 1101/1101/1101 
f 1108/1108/1108 1092/1092/1092 1107/1107/1107 
f 1109/1109/1109 1092/1092/1092 1108/1108/1108 
f 1110/1110/1110 1092/1092/1092 1100/1100/1100 
f 1105/1105/1105 1092/1092/1092 1110/1110/1110 
f 1103/1103/1103 1092/1092/1092 1109/1109/1109 
f 1111/1111/1111 1112/1112/1112 1113/1113/1113 
f 1113/1113/1113 1114/1114/1114 1111/1111/1111 
f 1112/1112/1112 1115/1115/1115 1116/1116/1116 
f 1116/1116/1116 1113/1113/1113 1112/1112/1112 
f 1115/1115/1115 1117/1117/1117 1118/1118/1118 
f 1118/1118/1118 1116/1116/1116 1115/1115/1115 
f 1117/1117/1117 1119/1119/1119 1120/1120/1120 
f 1120/1120/1120 1118/1118/1118 1117/1117/1117 
f 1120/1120/1120 1119/1119/1119 1121/1121/1121 
f 1121/1121/1121 1122/1122/1122 1120/1120/1120 
f 1122/1122/1122 1121/1121/1121 1123/1123/1123 
f 1123/1123/1123 1124/1124/1124 1122/1122/1122 
f 1125/1125/1125 1126/1126/1126 1127/1127/1127 
f 1127/1127/1127 1128/1128/1128 1125/1125/1125 
f 1129/1129/1129 1130/1130/1130 1126/1126/1126 
f 1126/1126/1126 1125/1125/1125 1129/1129/1129 
f 1131/1131/1131 1132/1132/1132 1130/1130/1130 
f 1130/1130/1130 1129/1129/1129 1131/1131/1131 
f 1131/1131/1131 1133/1133/1133 1134/1134/1134 
f 1134/1134/1134 1132/1132/1132 1131/1131/1131 
f 1133/1133/1133 1135/1135/1135 1136/1136/1136 
f 1136/1136/1136 1134/1134/1134 1133/1133/1133 
f 1135/1135/1135 1137/1137/1137 1138/1138/1138 
f 1138/1138/1138 1136/1136/1136 1135/1135/1135 
f 1139/1139/1139 1140/1140/1140 1141/1141/1141 
f 1141/1141/1141 1142/1142/1142 1139/1139/1139 
f 1143/1143/1143 1144/1144/1144 1145/1145/1145 
f 1145/1145/1145 1146/1146/1146 1143/1143/1143 
f 1147/1147/1147 1148/1148/1148 1149/1149/1149 
f 1149/1149/1149 1150/1150/1150 1147/1147/1147 
f 1151/1151/1151 1152/1152/1152 1145/1145/1145 
f 1145/1145/1145 1144/1144/1144 1151/1151/1151 
f 1150/1150/1150 1149/1149/1149 1153/1153/1153 
f 1153/1153/1153 1154/1154/1154 1150/1150/1150 
f 1151/1151/1151 1155/1155/1155 1156/1156/1156 
f 1156/1156/1156 1152/1152/1152 1151/1151/1151 
f 1154/1154/1154 1153/1153/1153 1157/1157/1157 
f 1157/1157/1157 1158/1158/1158 1154/1154/1154 
f 1155/1155/1155 1159/1159/1159 1160/1160/1160 
f 1160/1160/1160 1156/1156/1156 1155/1155/1155 
f 1158/1158/1158 1157/1157/1157 1161/1161/1161 
f 1161/1161/1161 1162/1162/1162 1158/1158/1158 
f 1159/1159/1159 1163/1163/1163 1164/1164/1164 
f 1164/1164/1164 1160/1160/1160 1159/1159/1159 
f 1162/1162/1162 1161/1161/1161 1165/1165/1165 
f 1165/1165/1165 1166/1166/1166 1162/1162/1162 
f 1167/1167/1167 1168/1168/1168 1164/1164/1164 
f 1164/1164/1164 1163/1163/1163 1167/1167/1167 
f 1169/1169/1169 1170/1170/1170 1171/1171/1171 
f 1171/1171/1171 1172/1172/1172 1169/1169/1169 
f 1173/1173/1173 1166/1166/1166 1165/1165/1165 
f 1165/1165/1165 1174/1174/1174 1173/1173/1173 
f 1130/1130/1130 1175/1175/1175 1176/1176/1176 
f 1176/1176/1176 1126/1126/1126 1130/1130/1130 
f 1132/1132/1132 1177/1177/1177 1175/1175/1175 
f 1175/1175/1175 1130/1130/1130 1132/1132/1132 
f 1178/1178/1178 1177/1177/1177 1132/1132/1132 
f 1132/1132/1132 1134/1134/1134 1178/1178/1178 
f 1179/1179/1179 1178/1178/1178 1134/1134/1134 
f 1134/1134/1134 1136/1136/1136 1179/1179/1179 
f 1180/1180/1180 1179/1179/1179 1136/1136/1136 
f 1136/1136/1136 1138/1138/1138 1180/1180/1180 
f 1172/1172/1172 1171/1171/1171 1181/1181/1181 
f 1181/1181/1181 1182/1182/1182 1172/1172/1172 
f 1121/1121/1121 1183/1183/1183 1184/1184/1184 
f 1184/1184/1184 1123/1123/1123 1121/1121/1121 
f 1119/1119/1119 1185/1185/1185 1183/1183/1183 
f 1183/1183/1183 1121/1121/1121 1119/1119/1119 
f 1117/1117/1117 1186/1186/1186 1185/1185/1185 
f 1185/1185/1185 1119/1119/1119 1117/1117/1117 
f 1187/1187/1187 1186/1186/1186 1117/1117/1117 
f 1117/1117/1117 1115/1115/1115 1187/1187/1187 
f 1188/1188/1188 1187/1187/1187 1115/1115/1115 
f 1115/1115/1115 1112/1112/1112 1188/1188/1188 
f 1189/1189/1189 1188/1188/1188 1112/1112/1112 
f 1112/1112/1112 1111/1111/1111 1189/1189/1189 
f 1140/1140/1140 1190/1190/1190 1191/1191/1191 
f 1191/1191/1191 1141/1141/1141 1140/1140/1140 
f 1126/1126/1126 1176/1176/1176 1192/1192/1192 
f 1192/1192/1192 1127/1127/1127 1126/1126/1126 
f 1193/1193/1193 1194/1194/1194 1195/1195/1195 
f 1195/1195/1195 1196/1196/1196 1193/1193/1193 
f 1197/1197/1197 1198/1198/1198 1194/1194/1194 
f 1194/1194/1194 1193/1193/1193 1197/1197/1197 
f 1199/1199/1199 1200/1200/1200 1198/1198/1198 
f 1198/1198/1198 1197/1197/1197 1199/1199/1199 
f 1201/1201/1201 1202/1202/1202 1200/1200/1200 
f 1200/1200/1200 1199/1199/1199 1201/1201/1201 
f 1203/1203/1203 1204/1204/1204 1202/1202/1202 
f 1202/1202/1202 1201/1201/1201 1203/1203/1203 
f 1205/1205/1205 1206/1206/1206 1204/1204/1204 
f 1204/1204/1204 1203/1203/1203 1205/1205/1205 
f 1207/1207/1207 1208/1208/1208 1206/1206/1206 
f 1206/1206/1206 1205/1205/1205 1207/1207/1207 
f 1209/1209/1209 1210/1210/1210 1208/1208/1208 
f 1208/1208/1208 1207/1207/1207 1209/1209/1209 
f 1211/1211/1211 1212/1212/1212 1210/1210/1210 
f 1210/1210/1210 1209/1209/1209 1211/1211/1211 
f 1211/1211/1211 1196/1196/1196 1195/1195/1195 
f 1195/1195/1195 1212/1212/1212 1211/1211/1211 
f 1194/1194/1194 1213/1213/1213 1214/1214/1214 
f 1214/1214/1214 1195/1195/1195 1194/1194/1194 
f 1198/1198/1198 1215/1215/1215 1213/1213/1213 
f 1213/1213/1213 1194/1194/1194 1198/1198/1198 
f 1200/1200/1200 1216/1216/1216 1215/1215/1215 
f 1215/1215/1215 1198/1198/1198 1200/1200/1200 
f 1202/1202/1202 1217/1217/1217 1216/1216/1216 
f 1216/1216/1216 1200/1200/1200 1202/1202/1202 
f 1204/1204/1204 1218/1218/1218 1217/1217/1217 
f 1217/1217/1217 1202/1202/1202 1204/1204/1204 
f 1206/1206/1206 1219/1219/1219 1218/1218/1218 
f 1218/1218/1218 1204/1204/1204 1206/1206/1206 
f 1208/1208/1208 1220/1220/1220 1219/1219/1219 
f 1219/1219/1219 1206/1206/1206 1208/1208/1208 
f 1210/1210/1210 1221/1221/1221 1220/1220/1220 
f 1220/1220/1220 1208/1208/1208 1210/1210/1210 
f 1212/1212/1212 1222/1222/1222 1221/1221/1221 
f 1221/1221/1221 1210/1210/1210 1212/1212/1212 
f 1195/1195/1195 1214/1214/1214 1222/1222/1222 
f 1222/1222/1222 1212/1212/1212 1195/1195/1195 
f 1213/1213/1213 1223/1223/1223 1224/1224/1224 
f 1224/1224/1224 1214/1214/1214 1213/1213/1213 
f 1215/1215/1215 1225/1225/1225 1223/1223/1223 
f 1223/1223/1223 1213/1213/1213 1215/1215/1215 
f 1216/1216/1216 1226/1226/1226 1225/1225/1225 
f 1225/1225/1225 1215/1215/1215 1216/1216/1216 
f 1217/1217/1217 1227/1227/1227 1226/1226/1226 
f 1226/1226/1226 1216/1216/1216 1217/1217/1217 
f 1218/1218/1218 1228/1228/1228 1227/1227/1227 
f 1227/1227/1227 1217/1217/1217 1218/1218/1218 
f 1219/1219/1219 1229/1229/1229 1228/1228/1228 
f 1228/1228/1228 1218/1218/1218 1219/1219/1219 
f 1220/1220/1220 1230/1230/1230 1229/1229/1229 
f 1229/1229/1229 1219/1219/1219 1220/1220/1220 
f 1221/1221/1221 1231/1231/1231 1230/1230/1230 
f 1230/1230/1230 1220/1220/1220 1221/1221/1221 
f 1222/1222/1222 1232/1232/1232 1231/1231/1231 
f 1231/1231/1231 1221/1221/1221 1222/1222/1222 
f 1214/1214/1214 1224/1224/1224 1232/1232/1232 
f 1232/1232/1232 1222/1222/1222 1214/1214/1214 
f 1223/1223/1223 1233/1233/1233 1234/1234/1234 
f 1234/1234/1234 1224/1224/1224 1223/1223/1223 
f 1225/1225/1225 1235/1235/1235 1233/1233/1233 
f 1233/1233/1233 1223/1223/1223 1225/1225/1225 
f 1226/1226/1226 1236/1236/1236 1235/1235/1235 
f 1235/1235/1235 1225/1225/1225 1226/1226/1226 
f 1227/1227/1227 1237/1237/1237 1236/1236/1236 
f 1236/1236/1236 1226/1226/1226 1227/1227/1227 
f 1228/1228/1228 1238/1238/1238 1237/1237/1237 
f 1237/1237/1237 1227/1227/1227 1228/1228/1228 
f 1229/1229/1229 1239/1239/1239 1238/1238/1238 
f 1238/1238/1238 1228/1228/1228 1229/1229/1229 
f 1230/1230/1230 1240/1240/1240 1239/1239/1239 
f 1239/1239/1239 1229/1229/1229 1230/1230/1230 
f 1231/1231/1231 1241/1241/1241 1240/1240/1240 
f 1240/1240/1240 1230/1230/1230 1231/1231/1231 
f 1232/1232/1232 1242/1242/1242 1241/1241/1241 
f 1241/1241/1241 1231/1231/1231 1232/1232/1232 
f 1224/1224/1224 1234/1234/1234 1242/1242/1242 
f 1242/1242/1242 1232/1232/1232 1224/1224/1224 
f 1234/1234/1234 1233/1233/1233 1243/1243/1243 
f 1233/1233/1233 1235/1235/1235 1243/1243/1243 
f 1235/1235/1235 1236/1236/1236 1243/1243/1243 
f 1236/1236/1236 1237/1237/1237 1243/1243/1243 
f 1237/1237/1237 1238/1238/1238 1243/1243/1243 
f 1238/1238/1238 1239/1239/1239 1243/1243/1243 
f 1239/1239/1239 1240/1240/1240 1243/1243/1243 
f 1240/1240/1240 1241/1241/1241 1243/1243/1243 
f 1241/1241/1241 1242/1242/1242 1243/1243/1243 
f 1242/1242/1242 1234/1234/1234 1243/1243/1243 
f 1244/1244/1244 1245/1245/1245 1246/1246/1246 
f 1246/1246/1246 1247/1247/1247 1244/1244/1244 
f 1246/1246/1246 1245/1245/1245 1248/1248/1248 
f 1248/1248/1248 1249/1249/1249 1246/1246/1246 
f 1249/1249/1249 1248/1248/1248 1250/1250/1250 
f 1250/1250/1250 1251/1251/1251 1249/1249/1249 
f 1251/1251/1251 1250/1250/1250 1252/1252/1252 
f 1252/1252/1252 1253/1253/1253 1251/1251/1251 
f 1253/1253/1253 1252/1252/1252 1254/1254/1254 
f 1254/1254/1254 1255/1255/1255 1253/1253/1253 
f 1256/1256/1256 1257/1257/1257 1258/1258/1258 
f 1258/1258/1258 1259/1259/1259 1256/1256/1256 
f 1258/1258/1258 1260/1260/1260 1261/1261/1261 
f 1261/1261/1261 1259/1259/1259 1258/1258/1258 
f 1260/1260/1260 1262/1262/1262 1263/1263/1263 
f 1263/1263/1263 1261/1261/1261 1260/1260/1260 
f 1262/1262/1262 1264/1264/1264 1265/1265/1265 
f 1265/1265/1265 1263/1263/1263 1262/1262/1262 
f 1266/1266/1266 1244/1244/1244 1247/1247/1247 
f 1247/1247/1247 1267/1267/1267 1266/1266/1266 
f 1268/1268/1268 1269/1269/1269 1270/1270/1270 
f 1270/1270/1270 1271/1271/1271 1268/1268/1268 
f 1271/1271/1271 1270/1270/1270 1272/1272/1272 
f 1272/1272/1272 1273/1273/1273 1271/1271/1271 
f 1272/1272/1272 1274/1274/1274 1275/1275/1275 
f 1275/1275/1275 1273/1273/1273 1272/1272/1272 
f 1274/1274/1274 1276/1276/1276 1277/1277/1277 
f 1277/1277/1277 1275/1275/1275 1274/1274/1274 
f 1277/1277/1277 1276/1276/1276 1278/1278/1278 
f 1278/1278/1278 1279/1279/1279 1277/1277/1277 
f 1279/1279/1279 1278/1278/1278 1280/1280/1280 
f 1280/1280/1280 1281/1281/1281 1279/1279/1279 
f 1281/1281/1281 1280/1280/1280 1282/1282/1282 
f 1282/1282/1282 1283/1283/1283 1281/1281/1281 
f 1282/1282/1282 1284/1284/1284 1285/1285/1285 
f 1285/1285/1285 1283/1283/1283 1282/1282/1282 
f 1284/1284/1284 1286/1286/1286 1287/1287/1287 
f 1287/1287/1287 1285/1285/1285 1284/1284/1284 
f 1287/1287/1287 1286/1286/1286 1269/1269/1269 
f 1269/1269/1269 1268/1268/1268 1287/1287/1287 
f 1288/1288/1288 1289/1289/1289 1290/1290/1290 
f 1291/1291/1291 1288/1288/1288 1290/1290/1290 
f 1292/1292/1292 1291/1291/1291 1290/1290/1290 
f 1293/1293/1293 1292/1292/1292 1290/1290/1290 
f 1294/1294/1294 1293/1293/1293 1290/1290/1290 
f 1295/1295/1295 1294/1294/1294 1290/1290/1290 
f 1296/1296/1296 1295/1295/1295 1290/1290/1290 
f 1297/1297/1297 1296/1296/1296 1290/1290/1290 
f 1298/1298/1298 1297/1297/1297 1290/1290/1290 
f 1290/1290/1290 1289/1289/1289 1298/1298/1298 
f 1248/1248/1248 1299/1299/1299 1300/1300/1300 
f 1300/1300/1300 1250/1250/1250 1248/1248/1248 
f 1301/1301/1301 1299/1299/1299 1248/1248/1248 
f 1248/1248/1248 1245/1245/1245 1301/1301/1301 
f 1302/1302/1302 1301/1301/1301 1245/1245/1245 
f 1245/1245/1245 1244/1244/1244 1302/1302/1302 
f 1303/1303/1303 1302/1302/1302 1244/1244/1244 
f 1244/1244/1244 1266/1266/1266 1303/1303/1303 
f 1304/1304/1304 1305/1305/1305 1264/1264/1264 
f 1264/1264/1264 1262/1262/1262 1304/1304/1304 
f 1306/1306/1306 1304/1304/1304 1262/1262/1262 
f 1262/1262/1262 1260/1260/1260 1306/1306/1306 
f 1258/1258/1258 1307/1307/1307 1306/1306/1306 
f 1306/1306/1306 1260/1260/1260 1258/1258/1258 
f 1257/1257/1257 1308/1308/1308 1307/1307/1307 
f 1307/1307/1307 1258/1258/1258 1257/1257/1257 
f 1252/1252/1252 1309/1309/1309 1310/1310/1310 
f 1310/1310/1310 1254/1254/1254 1252/1252/1252 
f 1250/1250/1250 1300/1300/1300 1309/1309/1309 
f 1309/1309/1309 1252/1252/1252 1250/1250/1250 
f 1311/1311/1311 1312/1312/1312 1313/1313/1313 
f 1313/1313/1313 1314/1314/1314 1311/1311/1311 
f 1311/1311/1311 1315/1315/1315 1316/1316/1316 
f 1316/1316/1316 1312/1312/1312 1311/1311/1311 
f 1315/1315/1315 1317/1317/1317 1318/1318/1318 
f 1318/1318/1318 1316/1316/1316 1315/1315/1315 
f 1317/1317/1317 1319/1319/1319 1320/1320/1320 
f 1320/1320/1320 1318/1318/1318 1317/1317/1317 
f 1319/1319/1319 1321/1321/1321 1322/1322/1322 
f 1322/1322/1322 1320/1320/1320 1319/1319/1319 
f 1323/1323/1323 1324/1324/1324 1325/1325/1325 
f 1325/1325/1325 1326/1326/1326 1323/1323/1323 
f 1327/1327/1327 1328/1328/1328 1325/1325/1325 
f 1325/1325/1325 1324/1324/1324 1327/1327/1327 
f 1329/1329/1329 1330/1330/1330 1328/1328/1328 
f 1328/1328/1328 1327/1327/1327 1329/1329/1329 
f 1331/1331/1331 1332/1332/1332 1330/1330/1330 
f 1330/1330/1330 1329/1329/1329 1331/1331/1331 
f 1314/1314/1314 1313/1313/1313 1333/1333/1333 
f 1333/1333/1333 1334/1334/1334 1314/1314/1314 
f 1335/1335/1335 1336/1336/1336 1337/1337/1337 
f 1337/1337/1337 1338/1338/1338 1335/1335/1335 
f 1336/1336/1336 1339/1339/1339 1340/1340/1340 
f 1340/1340/1340 1337/1337/1337 1336/1336/1336 
f 1341/1341/1341 1342/1342/1342 1340/1340/1340 
f 1340/1340/1340 1339/1339/1339 1341/1341/1341 
f 1343/1343/1343 1344/1344/1344 1342/1342/1342 
f 1342/1342/1342 1341/1341/1341 1343/1343/1343 
f 1343/1343/1343 1345/1345/1345 1346/1346/1346 
f 1346/1346/1346 1344/1344/1344 1343/1343/1343 
f 1345/1345/1345 1347/1347/1347 1348/1348/1348 
f 1348/1348/1348 1346/1346/1346 1345/1345/1345 
f 1347/1347/1347 1349/1349/1349 1350/1350/1350 
f 1350/1350/1350 1348/1348/1348 1347/1347/1347 
f 1351/1351/1351 1352/1352/1352 1350/1350/1350 
f 1350/1350/1350 1349/1349/1349 1351/1351/1351 
f 1353/1353/1353 1354/1354/1354 1352/1352/1352 
f 1352/1352/1352 1351/1351/1351 1353/1353/1353 
f 1353/1353/1353 1335/1335/1335 1338/1338/1338 
f 1338/1338/1338 1354/1354/1354 1353/1353/1353 
f 1355/1355/1355 1356/1356/1356 1357/1357/1357 
f 1358/1358/1358 1356/1356/1356 1355/1355/1355 
f 1359/1359/1359 1356/1356/1356 1358/1358/1358 
f 1360/1360/1360 1356/1356/1356 1359/1359/1359 
f 1361/1361/1361 1356/1356/1356 1360/1360/1360 
f 1362/1362/1362 1356/1356/1356 1361/1361/1361 
f 1363/1363/1363 1356/1356/1356 1362/1362/1362 
f 1364/1364/1364 1356/1356/1356 1363/1363/1363 
f 1365/1365/1365 1356/1356/1356 1364/1364/1364 
f 1356/1356/1356 1365/1365/1365 1357/1357/1357 
f 1316/1316/1316 1318/1318/1318 1366/1366/1366 
f 1366/1366/1366 1367/1367/1367 1316/1316/1316 
f 1316/1316/1316 1367/1367/1367 1368/1368/1368 
f 1368/1368/1368 1312/1312/1312 1316/1316/1316 
f 1312/1312/1312 1368/1368/1368 1369/1369/1369 
f 1369/1369/1369 1313/1313/1313 1312/1312/1312 
f 1313/1313/1313 1369/1369/1369 1370/1370/1370 
f 1370/1370/1370 1333/1333/1333 1313/1313/1313 
f 1332/1332/1332 1371/1371/1371 1372/1372/1372 
f 1372/1372/1372 1330/1330/1330 1332/1332/1332 
f 1330/1330/1330 1372/1372/1372 1373/1373/1373 
f 1373/1373/1373 1328/1328/1328 1330/1330/1330 
f 1325/1325/1325 1328/1328/1328 1373/1373/1373 
f 1373/1373/1373 1374/1374/1374 1325/1325/1325 
f 1326/1326/1326 1325/1325/1325 1374/1374/1374 
f 1374/1374/1374 1375/1375/1375 1326/1326/1326 
f 1320/1320/1320 1322/1322/1322 1376/1376/1376 
f 1376/1376/1376 1377/1377/1377 1320/1320/1320 
f 1318/1318/1318 1320/1320/1320 1377/1377/1377 
f 1377/1377/1377 1366/1366/1366 1318/1318/1318 
f 1378/1378/1378 1379/1379/1379 1380/1380/1380 
f 1380/1380/1380 1381/1381/1381 1378/1378/1378 
f 1382/1382/1382 1383/1383/1383 1384/1384/1384 
f 1384/1384/1384 1385/1385/1385 1382/1382/1382 
f 1386/1386/1386 1387/1387/1387 1388/1388/1388 
f 1388/1388/1388 1389/1389/1389 1386/1386/1386 
f 1390/1390/1390 1391/1391/1391 1392/1392/1392 
f 1392/1392/1392 1393/1393/1393 1390/1390/1390 
f 1394/1394/1394 1395/1395/1395 1396/1396/1396 
f 1396/1396/1396 1397/1397/1397 1394/1394/1394 
f 1398/1398/1398 1399/1399/1399 1400/1400/1400 
f 1400/1400/1400 1401/1401/1401 1398/1398/1398 
f 1402/1402/1402 1403/1403/1403 1404/1404/1404 
f 1404/1404/1404 1405/1405/1405 1402/1402/1402 
f 1406/1406/1406 1407/1407/1407 1408/1408/1408 
f 1408/1408/1408 1409/1409/1409 1406/1406/1406 
f 1410/1410/1410 1381/1381/1381 1380/1380/1380 
f 1380/1380/1380 1411/1411/1411 1410/1410/1410 
f 1395/1395/1395 1412/1412/1412 1413/1413/1413 
f 1413/1413/1413 1396/1396/1396 1395/1395/1395 
f 1393/1393/1393 1392/1392/1392 1414/1414/1414 
f 1414/1414/1414 1415/1415/1415 1393/1393/1393 
f 1406/1406/1406 1409/1409/1409 1416/1416/1416 
f 1416/1416/1416 1417/1417/1417 1406/1406/1406 
f 1418/1418/1418 1378/1378/1378 1381/1381/1381 
f 1381/1381/1381 1419/1419/1419 1418/1418/1418 
f 1420/1420/1420 1386/1386/1386 1389/1389/1389 
f 1389/1389/1389 1421/1421/1421 1420/1420/1420 
f 1422/1422/1422 1382/1382/1382 1385/1385/1385 
f 1385/1385/1385 1423/1423/1423 1422/1422/1422 
f 1381/1381/1381 1410/1410/1410 1424/1424/1424 
f 1424/1424/1424 1419/1419/1419 1381/1381/1381 
f 1406/1406/1406 1380/1380/1380 1379/1379/1379 
f 1379/1379/1379 1407/1407/1407 1406/1406/1406 
f 1388/1388/1388 1387/1387/1387 1403/1403/1403 
f 1403/1403/1403 1402/1402/1402 1388/1388/1388 
f 1401/1401/1401 1400/1400/1400 1425/1425/1425 
f 1425/1425/1425 1383/1383/1383 1401/1401/1401 
f 1380/1380/1380 1406/1406/1406 1417/1417/1417 
f 1417/1417/1417 1411/1411/1411 1380/1380/1380 
f 1426/1426/1426 1398/1398/1398 1401/1401/1401 
f 1401/1401/1401 1427/1427/1427 1426/1426/1426 
f 1428/1428/1428 1393/1393/1393 1415/1415/1415 
f 1415/1415/1415 1426/1426/1426 1428/1428/1428 
f 1390/1390/1390 1393/1393/1393 1428/1428/1428 
f 1428/1428/1428 1429/1429/1429 1390/1390/1390 
f 1402/1402/1402 1405/1405/1405 1430/1430/1430 
f 1430/1430/1430 1431/1431/1431 1402/1402/1402 
f 1388/1388/1388 1402/1402/1402 1431/1431/1431 
f 1431/1431/1431 1432/1432/1432 1388/1388/1388 
f 1388/1388/1388 1432/1432/1432 1433/1433/1433 
f 1433/1433/1433 1389/1389/1389 1388/1388/1388 
f 1389/1389/1389 1433/1433/1433 1434/1434/1434 
f 1434/1434/1434 1421/1421/1421 1389/1389/1389 
f 1394/1394/1394 1435/1435/1435 1436/1436/1436 
f 1436/1436/1436 1395/1395/1395 1394/1394/1394 
f 1412/1412/1412 1395/1395/1395 1436/1436/1436 
f 1436/1436/1436 1437/1437/1437 1412/1412/1412 
f 1437/1437/1437 1438/1438/1438 1382/1382/1382 
f 1382/1382/1382 1422/1422/1422 1437/1437/1437 
f 1438/1438/1438 1439/1439/1439 1383/1383/1383 
f 1383/1383/1383 1382/1382/1382 1438/1438/1438 
f 1427/1427/1427 1401/1401/1401 1383/1383/1383 
f 1383/1383/1383 1439/1439/1439 1427/1427/1427 
f 1440/1440/1440 1441/1441/1441 1442/1442/1442 
f 1442/1442/1442 1443/1443/1443 1440/1440/1440 
f 1444/1444/1444 1445/1445/1445 1446/1446/1446 
f 1446/1446/1446 1447/1447/1447 1444/1444/1444 
f 1448/1448/1448 1449/1449/1449 1450/1450/1450 
f 1450/1450/1450 1451/1451/1451 1448/1448/1448 
f 1452/1452/1452 1453/1453/1453 1454/1454/1454 
f 1454/1454/1454 1455/1455/1455 1452/1452/1452 
f 1456/1456/1456 1457/1457/1457 1458/1458/1458 
f 1458/1458/1458 1459/1459/1459 1456/1456/1456 
f 1446/1446/1446 1460/1460/1460 1461/1461/1461 
f 1461/1461/1461 1447/1447/1447 1446/1446/1446 
f 1455/1455/1455 1462/1462/1462 1463/1463/1463 
f 1463/1463/1463 1452/1452/1452 1455/1455/1455 
f 1443/1443/1443 1464/1464/1464 1465/1465/1465 
f 1465/1465/1465 1440/1440/1440 1443/1443/1443 
f 1459/1459/1459 1466/1466/1466 1467/1467/1467 
f 1467/1467/1467 1456/1456/1456 1459/1459/1459 
f 1468/1468/1468 1469/1469/1469 1470/1470/1470 
f 1470/1470/1470 1471/1471/1471 1468/1468/1468 
f 1472/1472/1472 1473/1473/1473 1474/1474/1474 
f 1474/1474/1474 1475/1475/1475 1472/1472/1472 
f 1476/1476/1476 1477/1477/1477 1478/1478/1478 
f 1478/1478/1478 1479/1479/1479 1476/1476/1476 
f 1480/1480/1480 1481/1481/1481 1482/1482/1482 
f 1482/1482/1482 1483/1483/1483 1480/1480/1480 
f 1484/1484/1484 1485/1485/1485 1486/1486/1486 
f 1486/1486/1486 1487/1487/1487 1484/1484/1484 
f 1473/1473/1473 1488/1488/1488 1489/1489/1489 
f 1489/1489/1489 1474/1474/1474 1473/1473/1473 
f 1480/1480/1480 1490/1490/1490 1491/1491/1491 
f 1491/1491/1491 1481/1481/1481 1480/1480/1480 
f 1468/1468/1468 1492/1492/1492 1493/1493/1493 
f 1493/1493/1493 1469/1469/1469 1468/1468/1468 
f 1487/1487/1487 1494/1494/1494 1495/1495/1495 
f 1495/1495/1495 1484/1484/1484 1487/1487/1487 
f 1496/1496/1496 1497/1497/1497 1498/1498/1498 
f 1498/1498/1498 1499/1499/1499 1496/1496/1496 
f 1500/1500/1500 1501/1501/1501 1502/1502/1502 
f 1502/1502/1502 1503/1503/1503 1500/1500/1500 
f 1504/1504/1504 1505/1505/1505 1506/1506/1506 
f 1506/1506/1506 1507/1507/1507 1504/1504/1504 
f 1508/1508/1508 1509/1509/1509 1510/1510/1510 
f 1510/1510/1510 1511/1511/1511 1508/1508/1508 
f 1512/1512/1512 1513/1513/1513 1514/1514/1514 
f 1514/1514/1514 1515/1515/1515 1512/1512/1512 
f 1501/1501/1501 1516/1516/1516 1517/1517/1517 
f 1517/1517/1517 1502/1502/1502 1501/1501/1501 
f 1511/1511/1511 1518/1518/1518 1519/1519/1519 
f 1519/1519/1519 1508/1508/1508 1511/1511/1511 
f 1496/1496/1496 1520/1520/1520 1521/1521/1521 
f 1521/1521/1521 1497/1497/1497 1496/1496/1496 
f 1515/1515/1515 1522/1522/1522 1523/1523/1523 
f 1523/1523/1523 1512/1512/1512 1515/1515/1515 
f 1524/1524/1524 1525/1525/1525 1526/1526/1526 
f 1526/1526/1526 1527/1527/1527 1524/1524/1524 
f 1528/1528/1528 1529/1529/1529 1530/1530/1530 
f 1530/1530/1530 1531/1531/1531 1528/1528/1528 
f 1532/1532/1532 1533/1533/1533 1534/1534/1534 
f 1534/1534/1534 1535/1535/1535 1532/1532/1532 
f 1536/1536/1536 1537/1537/1537 1538/1538/1538 
f 1538/1538/1538 1539/1539/1539 1536/1536/1536 
f 1540/1540/1540 1541/1541/1541 1542/1542/1542 
f 1542/1542/1542 1543/1543/1543 1540/1540/1540 
f 1529/1529/1529 1544/1544/1544 1545/1545/1545 
f 1545/1545/1545 1530/1530/1530 1529/1529/1529 
f 1539/1539/1539 1546/1546/1546 1547/1547/1547 
f 1547/1547/1547 1536/1536/1536 1539/1539/1539 
f 1524/1524/1524 1548/1548/1548 1549/1549/1549 
f 1549/1549/1549 1525/1525/1525 1524/1524/1524 
f 1543/1543/1543 1550/1550/1550 1551/1551/1551 
f 1551/1551/1551 1540/1540/1540 1543/1543/1543 
f 1552/1552/1552 1553/1553/1553 1554/1554/1554 
f 1554/1554/1554 1555/1555/1555 1552/1552/1552 
f 1556/1556/1556 1557/1557/1557 1558/1558/1558 
f 1558/1558/1558 1559/1559/1559 1556/1556/1556 
f 1560/1560/1560 1561/1561/1561 1562/1562/1562 
f 1562/1562/1562 1563/1563/1563 1560/1560/1560 
f 1564/1564/1564 1565/1565/1565 1566/1566/1566 
f 1566/1566/1566 1567/1567/1567 1564/1564/1564 
f 1568/1568/1568 1569/1569/1569 1570/1570/1570 
f 1570/1570/1570 1571/1571/1571 1568/1568/1568 
f 1557/1557/1557 1572/1572/1572 1573/1573/1573 
f 1573/1573/1573 1558/1558/1558 1557/1557/1557 
f 1567/1567/1567 1574/1574/1574 1575/1575/1575 
f 1575/1575/1575 1564/1564/1564 1567/1567/1567 
f 1552/1552/1552 1576/1576/1576 1577/1577/1577 
f 1577/1577/1577 1553/1553/1553 1552/1552/1552 
f 1571/1571/1571 1578/1578/1578 1579/1579/1579 
f 1579/1579/1579 1568/1568/1568 1571/1571/1571 
f 1580/1580/1580 1581/1581/1581 1582/1582/1582 
f 1582/1582/1582 1583/1583/1583 1580/1580/1580 
f 1584/1584/1584 1585/1585/1585 1586/1586/1586 
f 1586/1586/1586 1587/1587/1587 1584/1584/1584 
f 1588/1588/1588 1589/1589/1589 1590/1590/1590 
f 1590/1590/1590 1591/1591/1591 1588/1588/1588 
f 1592/1592/1592 1593/1593/1593 1594/1594/1594 
f 1594/1594/1594 1595/1595/1595 1592/1592/1592 
f 1596/1596/1596 1597/1597/1597 1598/1598/1598 
f 1598/1598/1598 1599/1599/1599 1596/1596/1596 
f 1586/1586/1586 1585/1585/1585 1600/1600/1600 
f 1600/1600/1600 1601/1601/1601 1586/1586/1586 
f 1593/1593/1593 1592/1592/1592 1602/1602/1602 
f 1602/1602/1602 1603/1603/1603 1593/1593/1593 
f 1580/1580/1580 1604/1604/1604 1605/1605/1605 
f 1605/1605/1605 1581/1581/1581 1580/1580/1580 
f 1599/1599/1599 1606/1606/1606 1607/1607/1607 
f 1607/1607/1607 1596/1596/1596 1599/1599/1599 
f 1608/1608/1608 1609/1609/1609 1610/1610/1610 
f 1610/1610/1610 1611/1611/1611 1608/1608/1608 
f 1612/1612/1612 1613/1613/1613 1614/1614/1614 
f 1614/1614/1614 1615/1615/1615 1612/1612/1612 
f 1616/1616/1616 1617/1617/1617 1618/1618/1618 
f 1618/1618/1618 1619/1619/1619 1616/1616/1616 
f 1620/1620/1620 1621/1621/1621 1622/1622/1622 
f 1622/1622/1622 1623/1623/1623 1620/1620/1620 
f 1624/1624/1624 1625/1625/1625 1626/1626/1626 
f 1626/1626/1626 1627/1627/1627 1624/1624/1624 
f 1613/1613/1613 1628/1628/1628 1629/1629/1629 
f 1629/1629/1629 1614/1614/1614 1613/1613/1613 
f 1623/1623/1623 1630/1630/1630 1631/1631/1631 
f 1631/1631/1631 1620/1620/1620 1623/1623/1623 
f 1608/1608/1608 1632/1632/1632 1633/1633/1633 
f 1633/1633/1633 1609/1609/1609 1608/1608/1608 
f 1627/1627/1627 1634/1634/1634 1635/1635/1635 
f 1635/1635/1635 1624/1624/1624 1627/1627/1627 
f 1636/1636/1636 1637/1637/1637 1638/1638/1638 
f 1639/1639/1639 1640/1640/1640 1638/1638/1638 
f 1638/1638/1638 1637/1637/1637 1639/1639/1639 
f 1641/1641/1641 1642/1642/1642 1643/1643/1643 
f 1643/1643/1643 1644/1644/1644 1641/1641/1641 
f 1645/1645/1645 1646/1646/1646 1647/1647/1647 
f 1647/1647/1647 1648/1648/1648 1645/1645/1645 
f 1649/1649/1649 1650/1650/1650 1651/1651/1651 
f 1651/1651/1651 1652/1652/1652 1649/1649/1649 
f 1653/1653/1653 1654/1654/1654 1655/1655/1655 
f 1655/1655/1655 1656/1656/1656 1653/1653/1653 
f 1657/1657/1657 1658/1658/1658 1659/1659/1659 
f 1659/1659/1659 1660/1660/1660 1657/1657/1657 
f 1659/1659/1659 1658/1658/1658 1661/1661/1661 
f 1661/1661/1661 1662/1662/1662 1659/1659/1659 
f 1663/1663/1663 1664/1664/1664 1654/1654/1654 
f 1654/1654/1654 1653/1653/1653 1663/1663/1663 
f 1665/1665/1665 1666/1666/1666 1658/1658/1658 
f 1658/1658/1658 1657/1657/1657 1665/1665/1665 
f 1666/1666/1666 1667/1667/1667 1661/1661/1661 
f 1661/1661/1661 1658/1658/1658 1666/1666/1666 
f 1668/1668/1668 1669/1669/1669 1670/1670/1670 
f 1671/1671/1671 1664/1664/1664 1663/1663/1663 
f 1663/1663/1663 1672/1672/1672 1671/1671/1671 
f 1673/1673/1673 1674/1674/1674 1666/1666/1666 
f 1666/1666/1666 1665/1665/1665 1673/1673/1673 
f 1666/1666/1666 1674/1674/1674 1675/1675/1675 
f 1675/1675/1675 1667/1667/1667 1666/1666/1666 
f 1669/1669/1669 1676/1676/1676 1677/1677/1677 
f 1676/1676/1676 1678/1678/1678 1679/1679/1679 
f 1679/1679/1679 1677/1677/1677 1676/1676/1676 
f 1680/1680/1680 1681/1681/1681 1674/1674/1674 
f 1674/1674/1674 1673/1673/1673 1680/1680/1680 
f 1681/1681/1681 1682/1682/1682 1675/1675/1675 
f 1675/1675/1675 1674/1674/1674 1681/1681/1681 
f 1682/1682/1682 1683/1683/1683 1684/1684/1684 
f 1684/1684/1684 1675/1675/1675 1682/1682/1682 
f 1683/1683/1683 1685/1685/1685 1686/1686/1686 
f 1686/1686/1686 1684/1684/1684 1683/1683/1683 
f 1687/1687/1687 1688/1688/1688 1681/1681/1681 
f 1681/1681/1681 1680/1680/1680 1687/1687/1687 
f 1688/1688/1688 1689/1689/1689 1682/1682/1682 
f 1682/1682/1682 1681/1681/1681 1688/1688/1688 
f 1689/1689/1689 1690/1690/1690 1683/1683/1683 
f 1683/1683/1683 1682/1682/1682 1689/1689/1689 
f 1690/1690/1690 1691/1691/1691 1685/1685/1685 
f 1685/1685/1685 1683/1683/1683 1690/1690/1690 
f 1687/1687/1687 1692/1692/1692 1688/1688/1688 
f 1688/1688/1688 1692/1692/1692 1689/1689/1689 
f 1689/1689/1689 1692/1692/1692 1690/1690/1690 
f 1690/1690/1690 1692/1692/1692 1691/1691/1691 
f 1693/1693/1693 1694/1694/1694 1636/1636/1636 
f 1636/1636/1636 1638/1638/1638 1693/1693/1693 
f 1640/1640/1640 1693/1693/1693 1638/1638/1638 
f 1695/1695/1695 1696/1696/1696 1697/1697/1697 
f 1697/1697/1697 1698/1698/1698 1695/1695/1695 
f 1699/1699/1699 1700/1700/1700 1701/1701/1701 
f 1701/1701/1701 1702/1702/1702 1699/1699/1699 
f 1703/1703/1703 1704/1704/1704 1694/1694/1694 
f 1694/1694/1694 1693/1693/1693 1703/1703/1703 
f 1705/1705/1705 1703/1703/1703 1693/1693/1693 
f 1693/1693/1693 1698/1698/1698 1705/1705/1705 
f 1706/1706/1706 1698/1698/1698 1697/1697/1697 
f 1706/1706/1706 1697/1697/1697 1707/1707/1707 
f 1707/1707/1707 1708/1708/1708 1706/1706/1706 
f 1709/1709/1709 1710/1710/1710 1711/1711/1711 
f 1712/1712/1712 1710/1710/1710 1713/1713/1713 
f 1714/1714/1714 1710/1710/1710 1712/1712/1712 
f 1714/1714/1714 1715/1715/1715 1716/1716/1716 
f 1716/1716/1716 1710/1710/1710 1714/1714/1714 
f 1710/1710/1710 1716/1716/1716 1717/1717/1717 
f 1710/1710/1710 1717/1717/1717 1718/1718/1718 
f 1710/1710/1710 1718/1718/1718 1719/1719/1719 
f 1720/1720/1720 1721/1721/1721 1710/1710/1710 
f 1710/1710/1710 1719/1719/1719 1720/1720/1720 
f 1722/1722/1722 1710/1710/1710 1723/1723/1723 
f 1710/1710/1710 1722/1722/1722 1724/1724/1724 
f 1710/1710/1710 1724/1724/1724 1725/1725/1725 
f 1726/1726/1726 1710/1710/1710 1725/1725/1725 
f 1669/1669/1669 1677/1677/1677 1670/1670/1670 
f 1671/1671/1671 1672/1672/1672 1727/1727/1727 
f 1662/1662/1662 1728/1728/1728 1659/1659/1659 
f 1660/1660/1660 1659/1659/1659 1728/1728/1728 
f 1650/1650/1650 1649/1649/1649 1639/1639/1639 
f 1639/1639/1639 1637/1637/1637 1650/1650/1650 
f 1645/1645/1645 1648/1648/1648 1637/1637/1637 
f 1637/1637/1637 1636/1636/1636 1645/1645/1645 
f 1729/1729/1729 1730/1730/1730 1731/1731/1731 
f 1732/1732/1732 1731/1731/1731 1730/1730/1730 
f 1730/1730/1730 1733/1733/1733 1732/1732/1732 
f 1734/1734/1734 1735/1735/1735 1642/1642/1642 
f 1642/1642/1642 1641/1641/1641 1734/1734/1734 
f 1736/1736/1736 1737/1737/1737 1738/1738/1738 
f 1738/1738/1738 1739/1739/1739 1736/1736/1736 
f 1738/1738/1738 1737/1737/1737 1740/1740/1740 
f 1740/1740/1740 1741/1741/1741 1738/1738/1738 
f 1742/1742/1742 1655/1655/1655 1654/1654/1654 
f 1654/1654/1654 1743/1743/1743 1742/1742/1742 
f 1744/1744/1744 1745/1745/1745 1746/1746/1746 
f 1746/1746/1746 1739/1739/1739 1744/1744/1744 
f 1747/1747/1747 1748/1748/1748 1745/1745/1745 
f 1745/1745/1745 1744/1744/1744 1747/1747/1747 
f 1743/1743/1743 1654/1654/1654 1664/1664/1664 
f 1664/1664/1664 1749/1749/1749 1743/1743/1743 
f 1745/1745/1745 1750/1750/1750 1751/1751/1751 
f 1751/1751/1751 1746/1746/1746 1745/1745/1745 
f 1748/1748/1748 1752/1752/1752 1750/1750/1750 
f 1750/1750/1750 1745/1745/1745 1748/1748/1748 
f 1753/1753/1753 1754/1754/1754 1752/1752/1752 
f 1749/1749/1749 1664/1664/1664 1755/1755/1755 
f 1755/1755/1755 1756/1756/1756 1749/1749/1749 
f 1750/1750/1750 1757/1757/1757 1758/1758/1758 
f 1758/1758/1758 1751/1751/1751 1750/1750/1750 
f 1752/1752/1752 1759/1759/1759 1757/1757/1757 
f 1757/1757/1757 1750/1750/1750 1752/1752/1752 
f 1752/1752/1752 1755/1755/1755 1760/1760/1760 
f 1760/1760/1760 1759/1759/1759 1752/1752/1752 
f 1679/1679/1679 1678/1678/1678 1760/1760/1760 
f 1760/1760/1760 1755/1755/1755 1679/1679/1679 
f 1757/1757/1757 1761/1761/1761 1762/1762/1762 
f 1762/1762/1762 1758/1758/1758 1757/1757/1757 
f 1759/1759/1759 1763/1763/1763 1761/1761/1761 
f 1761/1761/1761 1757/1757/1757 1759/1759/1759 
f 1760/1760/1760 1764/1764/1764 1763/1763/1763 
f 1763/1763/1763 1759/1759/1759 1760/1760/1760 
f 1686/1686/1686 1685/1685/1685 1764/1764/1764 
f 1764/1764/1764 1760/1760/1760 1686/1686/1686 
f 1761/1761/1761 1765/1765/1765 1766/1766/1766 
f 1766/1766/1766 1762/1762/1762 1761/1761/1761 
f 1763/1763/1763 1767/1767/1767 1765/1765/1765 
f 1765/1765/1765 1761/1761/1761 1763/1763/1763 
f 1764/1764/1764 1768/1768/1768 1767/1767/1767 
f 1767/1767/1767 1763/1763/1763 1764/1764/1764 
f 1685/1685/1685 1691/1691/1691 1768/1768/1768 
f 1768/1768/1768 1764/1764/1764 1685/1685/1685 
f 1766/1766/1766 1765/1765/1765 1692/1692/1692 
f 1765/1765/1765 1767/1767/1767 1692/1692/1692 
f 1767/1767/1767 1768/1768/1768 1692/1692/1692 
f 1768/1768/1768 1691/1691/1691 1692/1692/1692 
f 1729/1729/1729 1769/1769/1769 1770/1770/1770 
f 1770/1770/1770 1730/1730/1730 1729/1729/1729 
f 1733/1733/1733 1770/1770/1770 1771/1771/1771 
f 1771/1771/1771 1772/1772/1772 1733/1733/1733 
f 1771/1771/1771 1773/1773/1773 1774/1774/1774 
f 1774/1774/1774 1775/1775/1775 1771/1771/1771 
f 1699/1699/1699 1776/1776/1776 1777/1777/1777 
f 1777/1777/1777 1700/1700/1700 1699/1699/1699 
f 1769/1769/1769 1778/1778/1778 1779/1779/1779 
f 1779/1779/1779 1770/1770/1770 1769/1769/1769 
f 1770/1770/1770 1779/1779/1779 1780/1780/1780 
f 1780/1780/1780 1771/1771/1771 1770/1770/1770 
f 1781/1781/1781 1782/1782/1782 1783/1783/1783 
f 1783/1783/1783 1784/1784/1784 1781/1781/1781 
f 1785/1785/1785 1786/1786/1786 1787/1787/1787 
f 1788/1788/1788 1787/1787/1787 1786/1786/1786 
f 1789/1789/1789 1788/1788/1788 1786/1786/1786 
f 1790/1790/1790 1791/1791/1791 1789/1789/1789 
f 1789/1789/1789 1786/1786/1786 1790/1790/1790 
f 1786/1786/1786 1792/1792/1792 1790/1790/1790 
f 1786/1786/1786 1793/1793/1793 1792/1792/1792 
f 1786/1786/1786 1794/1794/1794 1793/1793/1793 
f 1795/1795/1795 1796/1796/1796 1794/1794/1794 
f 1794/1794/1794 1786/1786/1786 1795/1795/1795 
f 1797/1797/1797 1798/1798/1798 1799/1799/1799 
f 1800/1800/1800 1801/1801/1801 1802/1802/1802 
f 1786/1786/1786 1803/1803/1803 1804/1804/1804 
f 1805/1805/1805 1806/1806/1806 1786/1786/1786 
f 1752/1752/1752 1754/1754/1754 1755/1755/1755 
f 1755/1755/1755 1754/1754/1754 1756/1756/1756 
f 1741/1741/1741 1747/1747/1747 1744/1744/1744 
f 1744/1744/1744 1738/1738/1738 1741/1741/1741 
f 1739/1739/1739 1738/1738/1738 1744/1744/1744 
f 1731/1731/1731 1732/1732/1732 1740/1740/1740 
f 1740/1740/1740 1737/1737/1737 1731/1731/1731 
f 1731/1731/1731 1737/1737/1737 1736/1736/1736 
f 1736/1736/1736 1729/1729/1729 1731/1731/1731 
f 1807/1807/1807 1808/1808/1808 1809/1809/1809 
f 1809/1809/1809 1810/1810/1810 1807/1807/1807 
f 1811/1811/1811 1807/1807/1807 1810/1810/1810 
f 1810/1810/1810 1812/1812/1812 1811/1811/1811 
f 1808/1808/1808 1813/1813/1813 1814/1814/1814 
f 1814/1814/1814 1809/1809/1809 1808/1808/1808 
f 1813/1813/1813 1815/1815/1815 1816/1816/1816 
f 1816/1816/1816 1814/1814/1814 1813/1813/1813 
f 1815/1815/1815 1817/1817/1817 1818/1818/1818 
f 1818/1818/1818 1816/1816/1816 1815/1815/1815 
f 1817/1817/1817 1819/1819/1819 1820/1820/1820 
f 1820/1820/1820 1818/1818/1818 1817/1817/1817 
f 1819/1819/1819 1821/1821/1821 1822/1822/1822 
f 1822/1822/1822 1820/1820/1820 1819/1819/1819 
f 1823/1823/1823 1824/1824/1824 1822/1822/1822 
f 1822/1822/1822 1821/1821/1821 1823/1823/1823 
f 1825/1825/1825 1826/1826/1826 1824/1824/1824 
f 1824/1824/1824 1823/1823/1823 1825/1825/1825 
f 1827/1827/1827 1828/1828/1828 1829/1829/1829 
f 1829/1829/1829 1830/1830/1830 1827/1827/1827 
f 1831/1831/1831 1832/1832/1832 1829/1829/1829 
f 1829/1829/1829 1828/1828/1828 1831/1831/1831 
f 1833/1833/1833 1834/1834/1834 1832/1832/1832 
f 1832/1832/1832 1831/1831/1831 1833/1833/1833 
f 1835/1835/1835 1836/1836/1836 1834/1834/1834 
f 1834/1834/1834 1833/1833/1833 1835/1835/1835 
f 1837/1837/1837 1838/1838/1838 1836/1836/1836 
f 1836/1836/1836 1835/1835/1835 1837/1837/1837 
f 1837/1837/1837 1811/1811/1811 1812/1812/1812 
f 1812/1812/1812 1838/1838/1838 1837/1837/1837 
f 1839/1839/1839 1840/1840/1840 1841/1841/1841 
f 1841/1841/1841 1842/1842/1842 1839/1839/1839 
f 1843/1843/1843 1842/1842/1842 1841/1841/1841 
f 1841/1841/1841 1844/1844/1844 1843/1843/1843 
f 1843/1843/1843 1844/1844/1844 1845/1845/1845 
f 1845/1845/1845 1846/1846/1846 1843/1843/1843 
f 1846/1846/1846 1845/1845/1845 1847/1847/1847 
f 1847/1847/1847 1848/1848/1848 1846/1846/1846 
f 1849/1849/1849 1850/1850/1850 1851/1851/1851 
f 1851/1851/1851 1852/1852/1852 1849/1849/1849 
f 1848/1848/1848 1847/1847/1847 1850/1850/1850 
f 1850/1850/1850 1849/1849/1849 1848/1848/1848 
f 1853/1853/1853 1852/1852/1852 1851/1851/1851 
f 1851/1851/1851 1854/1854/1854 1853/1853/1853 
f 1855/1855/1855 1853/1853/1853 1854/1854/1854 
f 1854/1854/1854 1856/1856/1856 1855/1855/1855 
f 1857/1857/1857 1855/1855/1855 1856/1856/1856 
f 1856/1856/1856 1858/1858/1858 1857/1857/1857 
f 1859/1859/1859 1860/1860/1860 1861/1861/1861 
f 1861/1861/1861 1862/1862/1862 1859/1859/1859 
f 1863/1863/1863 1862/1862/1862 1861/1861/1861 
f 1861/1861/1861 1864/1864/1864 1863/1863/1863 
f 1865/1865/1865 1863/1863/1863 1864/1864/1864 
f 1864/1864/1864 1866/1866/1866 1865/1865/1865 
f 1867/1867/1867 1865/1865/1865 1866/1866/1866 
f 1866/1866/1866 1868/1868/1868 1867/1867/1867 
f 1869/1869/1869 1870/1870/1870 1840/1840/1840 
f 1840/1840/1840 1839/1839/1839 1869/1869/1869 
f 1867/1867/1867 1868/1868/1868 1870/1870/1870 
f 1870/1870/1870 1869/1869/1869 1867/1867/1867 
f 1785/1785/1785 1805/1805/1805 1786/1786/1786 
f 1786/1786/1786 1806/1806/1806 1803/1803/1803 
f 1711/1711/1711 1710/1710/1710 1726/1726/1726 
f 1709/1709/1709 1713/1713/1713 1710/1710/1710 
f 1871/1871/1871 1669/1669/1669 1668/1668/1668 
f 1668/1668/1668 1872/1872/1872 1871/1871/1871 
f 1871/1871/1871 1872/1872/1872 1873/1873/1873 
f 1873/1873/1873 1874/1874/1874 1871/1871/1871 
f 1652/1652/1652 1651/1651/1651 1874/1874/1874 
f 1874/1874/1874 1873/1873/1873 1652/1652/1652 
f 1675/1675/1675 1684/1684/1684 1875/1875/1875 
f 1875/1875/1875 1667/1667/1667 1675/1675/1675 
f 1686/1686/1686 1875/1875/1875 1684/1684/1684 
f 1876/1876/1876 1877/1877/1877 1878/1878/1878 
f 1647/1647/1647 1879/1879/1879 1880/1880/1880 
f 1880/1880/1880 1648/1648/1648 1647/1647/1647 
f 1881/1881/1881 1882/1882/1882 1883/1883/1883 
f 1883/1883/1883 1884/1884/1884 1881/1881/1881 
f 1885/1885/1885 1886/1886/1886 1887/1887/1887 
f 1887/1887/1887 1888/1888/1888 1885/1885/1885 
f 1886/1886/1886 1686/1686/1686 1889/1889/1889 
f 1889/1889/1889 1887/1887/1887 1886/1886/1886 
f 1890/1890/1890 1891/1891/1891 1892/1892/1892 
f 1892/1892/1892 1893/1893/1893 1890/1890/1890 
f 1891/1891/1891 1884/1884/1884 1883/1883/1883 
f 1883/1883/1883 1892/1892/1892 1891/1891/1891 
f 1637/1637/1637 1648/1648/1648 1880/1880/1880 
f 1894/1894/1894 1890/1890/1890 1893/1893/1893 
f 1686/1686/1686 1760/1760/1760 1889/1889/1889 
f 1885/1885/1885 1888/1888/1888 1895/1895/1895 
f 1895/1895/1895 1896/1896/1896 1885/1885/1885 
f 1881/1881/1881 1897/1897/1897 1898/1898/1898 
f 1898/1898/1898 1882/1882/1882 1881/1881/1881 
f 1896/1896/1896 1895/1895/1895 1899/1899/1899 
f 1899/1899/1899 1900/1900/1900 1896/1896/1896 
f 1897/1897/1897 1901/1901/1901 1902/1902/1902 
f 1902/1902/1902 1898/1898/1898 1897/1897/1897 
f 1900/1900/1900 1899/1899/1899 1879/1879/1879 
f 1879/1879/1879 1647/1647/1647 1900/1900/1900 
f 1901/1901/1901 1876/1876/1876 1878/1878/1878 
f 1878/1878/1878 1902/1902/1902 1901/1901/1901 
f 1827/1827/1827 1830/1830/1830 1826/1826/1826 
f 1826/1826/1826 1825/1825/1825 1827/1827/1827 
f 1656/1656/1656 1655/1655/1655 1641/1641/1641 
f 1641/1641/1641 1644/1644/1644 1656/1656/1656 
f 1742/1742/1742 1734/1734/1734 1641/1641/1641 
f 1641/1641/1641 1655/1655/1655 1742/1742/1742 
f 1859/1859/1859 1857/1857/1857 1858/1858/1858 
f 1858/1858/1858 1860/1860/1860 1859/1859/1859 
f 1708/1708/1708 1903/1903/1903 1904/1904/1904 
f 1904/1904/1904 1706/1706/1706 1708/1708/1708 
f 1903/1903/1903 1784/1784/1784 1783/1783/1783 
f 1783/1783/1783 1904/1904/1904 1903/1903/1903 
f 1782/1782/1782 1781/1781/1781 1905/1905/1905 
f 1905/1905/1905 1773/1773/1773 1782/1782/1782 
f 1773/1773/1773 1771/1771/1771 1780/1780/1780 
f 1780/1780/1780 1906/1906/1906 1773/1773/1773 
f 1907/1907/1907 1908/1908/1908 1909/1909/1909 
f 1910/1910/1910 1911/1911/1911 1907/1907/1907 
f 1907/1907/1907 1909/1909/1909 1910/1910/1910 
f 1776/1776/1776 1912/1912/1912 1911/1911/1911 
f 1911/1911/1911 1777/1777/1777 1776/1776/1776 
f 1702/1702/1702 1701/1701/1701 1913/1913/1913 
f 1913/1913/1913 1696/1696/1696 1702/1702/1702 
f 1913/1913/1913 1914/1914/1914 1696/1696/1696 
f 1915/1915/1915 1916/1916/1916 1917/1917/1917 
f 1917/1917/1917 1918/1918/1918 1915/1915/1915 
f 1919/1919/1919 1920/1920/1920 1921/1921/1921 
f 1921/1921/1921 1922/1922/1922 1919/1919/1919 
f 1923/1923/1923 1924/1924/1924 1925/1925/1925 
f 1925/1925/1925 1926/1926/1926 1923/1923/1923 
f 1927/1927/1927 1928/1928/1928 1929/1929/1929 
f 1929/1929/1929 1930/1930/1930 1927/1927/1927 
f 1931/1931/1931 1932/1932/1932 1933/1933/1933 
f 1933/1933/1933 1934/1934/1934 1931/1931/1931 
f 1933/1933/1933 1932/1932/1932 1935/1935/1935 
f 1935/1935/1935 1936/1936/1936 1933/1933/1933 
f 1937/1937/1937 1938/1938/1938 1939/1939/1939 
f 1939/1939/1939 1940/1940/1940 1937/1937/1937 
f 1941/1941/1941 1942/1942/1942 1943/1943/1943 
f 1943/1943/1943 1944/1944/1944 1941/1941/1941 
f 1942/1942/1942 1945/1945/1945 1946/1946/1946 
f 1946/1946/1946 1943/1943/1943 1942/1942/1942 
f 1928/1928/1928 1941/1941/1941 1944/1944/1944 
f 1944/1944/1944 1929/1929/1929 1928/1928/1928 
f 1927/1927/1927 1930/1930/1930 1938/1938/1938 
f 1938/1938/1938 1937/1937/1937 1927/1927/1927 
f 1947/1947/1947 1948/1948/1948 1936/1936/1936 
f 1936/1936/1936 1935/1935/1935 1947/1947/1947 
f 1949/1949/1949 1915/1915/1915 1918/1918/1918 
f 1918/1918/1918 1950/1950/1950 1949/1949/1949 
f 1949/1949/1949 1950/1950/1950 1920/1920/1920 
f 1920/1920/1920 1919/1919/1919 1949/1949/1949 
f 1951/1951/1951 1952/1952/1952 1953/1953/1953 
f 1953/1953/1953 1954/1954/1954 1951/1951/1951 
f 1922/1922/1922 1921/1921/1921 1952/1952/1952 
f 1952/1952/1952 1951/1951/1951 1922/1922/1922 
f 1955/1955/1955 1956/1956/1956 1954/1954/1954 
f 1954/1954/1954 1953/1953/1953 1955/1955/1955 
f 1957/1957/1957 1782/1782/1782 1773/1773/1773 
f 1773/1773/1773 1906/1906/1906 1957/1957/1957 
f 1782/1782/1782 1957/1957/1957 1958/1958/1958 
f 1958/1958/1958 1783/1783/1783 1782/1782/1782 
f 1904/1904/1904 1783/1783/1783 1958/1958/1958 
f 1958/1958/1958 1959/1959/1959 1904/1904/1904 
f 1706/1706/1706 1904/1904/1904 1959/1959/1959 
f 1959/1959/1959 1960/1960/1960 1706/1706/1706 
f 1777/1777/1777 1911/1911/1911 1910/1910/1910 
f 1910/1910/1910 1961/1961/1961 1777/1777/1777 
f 1700/1700/1700 1777/1777/1777 1961/1961/1961 
f 1961/1961/1961 1962/1962/1962 1700/1700/1700 
f 1700/1700/1700 1962/1962/1962 1963/1963/1963 
f 1963/1963/1963 1701/1701/1701 1700/1700/1700 
f 1701/1701/1701 1963/1963/1963 1964/1964/1964 
f 1964/1964/1964 1913/1913/1913 1701/1701/1701 
f 1914/1914/1914 1913/1913/1913 1964/1964/1964 
f 1964/1964/1964 1965/1965/1965 1914/1914/1914 
f 1907/1907/1907 1911/1911/1911 1912/1912/1912 
f 1966/1966/1966 1774/1774/1774 1773/1773/1773 
f 1773/1773/1773 1905/1905/1905 1966/1966/1966 
f 1965/1965/1965 1697/1697/1697 1914/1914/1914 
f 1912/1912/1912 1772/1772/1772 1908/1908/1908 
f 1908/1908/1908 1907/1907/1907 1912/1912/1912 
f 1705/1705/1705 1698/1698/1698 1706/1706/1706 
f 1706/1706/1706 1960/1960/1960 1705/1705/1705 
f 1908/1908/1908 1775/1775/1775 1909/1909/1909 
f 1967/1967/1967 1968/1968/1968 1969/1969/1969 
f 1969/1969/1969 1970/1970/1970 1967/1967/1967 
f 1971/1971/1971 1970/1970/1970 1969/1969/1969 
f 1969/1969/1969 1972/1972/1972 1971/1971/1971 
f 1973/1973/1973 1971/1971/1971 1972/1972/1972 
f 1972/1972/1972 1974/1974/1974 1973/1973/1973 
f 1974/1974/1974 1975/1975/1975 1976/1976/1976 
f 1976/1976/1976 1973/1973/1973 1974/1974/1974 
f 1976/1976/1976 1975/1975/1975 1977/1977/1977 
f 1977/1977/1977 1978/1978/1978 1976/1976/1976 
f 1978/1978/1978 1977/1977/1977 1979/1979/1979 
f 1979/1979/1979 1980/1980/1980 1978/1978/1978 
f 1981/1981/1981 1982/1982/1982 1983/1983/1983 
f 1983/1983/1983 1984/1984/1984 1981/1981/1981 
f 1984/1984/1984 1983/1983/1983 1985/1985/1985 
f 1985/1985/1985 1986/1986/1986 1984/1984/1984 
f 1987/1987/1987 1988/1988/1988 1986/1986/1986 
f 1986/1986/1986 1985/1985/1985 1987/1987/1987 
f 1968/1968/1968 1967/1967/1967 1988/1988/1988 
f 1988/1988/1988 1987/1987/1987 1968/1968/1968 
f 1664/1664/1664 1671/1671/1671 1989/1989/1989 
f 1755/1755/1755 1664/1664/1664 1989/1989/1989 
f 1698/1698/1698 1693/1693/1693 1640/1640/1640 
f 1640/1640/1640 1695/1695/1695 1698/1698/1698 
f 1770/1770/1770 1733/1733/1733 1730/1730/1730 
f 1752/1752/1752 1748/1748/1748 1753/1753/1753 
f 1990/1990/1990 1991/1991/1991 1992/1992/1992 
f 1992/1992/1992 1993/1993/1993 1990/1990/1990 
f 1994/1994/1994 1995/1995/1995 1991/1991/1991 
f 1991/1991/1991 1990/1990/1990 1994/1994/1994 
f 1996/1996/1996 1997/1997/1997 1995/1995/1995 
f 1995/1995/1995 1994/1994/1994 1996/1996/1996 
f 1998/1998/1998 1999/1999/1999 1997/1997/1997 
f 1997/1997/1997 2000/2000/2000 1998/1998/1998 
f 2001/2001/2001 2002/2002/2002 1999/1999/1999 
f 1999/1999/1999 1998/1998/1998 2001/2001/2001 
f 2003/2003/2003 2004/2004/2004 2002/2002/2002 
f 2002/2002/2002 2001/2001/2001 2003/2003/2003 
f 2005/2005/2005 2006/2006/2006 2004/2004/2004 
f 2004/2004/2004 2003/2003/2003 2005/2005/2005 
f 1993/1993/1993 1992/1992/1992 2007/2007/2007 
f 2007/2007/2007 2008/2008/2008 1993/1993/1993 
f 1991/1991/1991 2009/2009/2009 2010/2010/2010 
f 2010/2010/2010 1992/1992/1992 1991/1991/1991 
f 1995/1995/1995 2011/2011/2011 2009/2009/2009 
f 2009/2009/2009 1991/1991/1991 1995/1995/1995 
f 1997/1997/1997 2012/2012/2012 2011/2011/2011 
f 2011/2011/2011 1995/1995/1995 1997/1997/1997 
f 1999/1999/1999 2013/2013/2013 2012/2012/2012 
f 2012/2012/2012 1997/1997/1997 1999/1999/1999 
f 2002/2002/2002 2014/2014/2014 2013/2013/2013 
f 2013/2013/2013 1999/1999/1999 2002/2002/2002 
f 2004/2004/2004 2015/2015/2015 2014/2014/2014 
f 2014/2014/2014 2002/2002/2002 2004/2004/2004 
f 2006/2006/2006 2016/2016/2016 2015/2015/2015 
f 2015/2015/2015 2004/2004/2004 2006/2006/2006 
f 1992/1992/1992 2010/2010/2010 2017/2017/2017 
f 2017/2017/2017 2007/2007/2007 1992/1992/1992 
f 2009/2009/2009 2018/2018/2018 2019/2019/2019 
f 2019/2019/2019 2010/2010/2010 2009/2009/2009 
f 2011/2011/2011 2020/2020/2020 2018/2018/2018 
f 2018/2018/2018 2009/2009/2009 2011/2011/2011 
f 2012/2012/2012 2021/2021/2021 2020/2020/2020 
f 2020/2020/2020 2011/2011/2011 2012/2012/2012 
f 2013/2013/2013 2022/2022/2022 2021/2021/2021 
f 2021/2021/2021 2012/2012/2012 2013/2013/2013 
f 2014/2014/2014 2023/2023/2023 2022/2022/2022 
f 2022/2022/2022 2013/2013/2013 2014/2014/2014 
f 2015/2015/2015 2024/2024/2024 2023/2023/2023 
f 2023/2023/2023 2014/2014/2014 2015/2015/2015 
f 2016/2016/2016 2025/2025/2025 2024/2024/2024 
f 2024/2024/2024 2015/2015/2015 2016/2016/2016 
f 2010/2010/2010 2019/2019/2019 2026/2026/2026 
f 2026/2026/2026 2017/2017/2017 2010/2010/2010 
f 2018/2018/2018 2027/2027/2027 2028/2028/2028 
f 2028/2028/2028 2019/2019/2019 2018/2018/2018 
f 2020/2020/2020 2029/2029/2029 2027/2027/2027 
f 2027/2027/2027 2018/2018/2018 2020/2020/2020 
f 2021/2021/2021 2030/2030/2030 2029/2029/2029 
f 2029/2029/2029 2020/2020/2020 2021/2021/2021 
f 2022/2022/2022 2031/2031/2031 2030/2030/2030 
f 2030/2030/2030 2021/2021/2021 2022/2022/2022 
f 2023/2023/2023 2032/2032/2032 2031/2031/2031 
f 2031/2031/2031 2022/2022/2022 2023/2023/2023 
f 2024/2024/2024 2033/2033/2033 2032/2032/2032 
f 2032/2032/2032 2023/2023/2023 2024/2024/2024 
f 2025/2025/2025 2034/2034/2034 2033/2033/2033 
f 2033/2033/2033 2024/2024/2024 2025/2025/2025 
f 2019/2019/2019 2028/2028/2028 2035/2035/2035 
f 2035/2035/2035 2026/2026/2026 2019/2019/2019 
f 2027/2027/2027 2036/2036/2036 2037/2037/2037 
f 2037/2037/2037 2028/2028/2028 2027/2027/2027 
f 2029/2029/2029 2038/2038/2038 2036/2036/2036 
f 2036/2036/2036 2027/2027/2027 2029/2029/2029 
f 2030/2030/2030 2039/2039/2039 2038/2038/2038 
f 2038/2038/2038 2029/2029/2029 2030/2030/2030 
f 2031/2031/2031 2040/2040/2040 2039/2039/2039 
f 2039/2039/2039 2030/2030/2030 2031/2031/2031 
f 2032/2032/2032 2041/2041/2041 2040/2040/2040 
f 2040/2040/2040 2031/2031/2031 2032/2032/2032 
f 2033/2033/2033 2042/2042/2042 2041/2041/2041 
f 2041/2041/2041 2032/2032/2032 2033/2033/2033 
f 2034/2034/2034 2043/2043/2043 2042/2042/2042 
f 2042/2042/2042 2033/2033/2033 2034/2034/2034 
f 2028/2028/2028 2037/2037/2037 2044/2044/2044 
f 2044/2044/2044 2035/2035/2035 2028/2028/2028 
f 2036/2036/2036 2045/2045/2045 2046/2046/2046 
f 2046/2046/2046 2037/2037/2037 2036/2036/2036 
f 2038/2038/2038 2047/2047/2047 2045/2045/2045 
f 2045/2045/2045 2036/2036/2036 2038/2038/2038 
f 2039/2039/2039 2048/2048/2048 2047/2047/2047 
f 2047/2047/2047 2038/2038/2038 2039/2039/2039 
f 2040/2040/2040 2049/2049/2049 2048/2048/2048 
f 2048/2048/2048 2039/2039/2039 2040/2040/2040 
f 2041/2041/2041 2050/2050/2050 2049/2049/2049 
f 2049/2049/2049 2040/2040/2040 2041/2041/2041 
f 2042/2042/2042 2051/2051/2051 2050/2050/2050 
f 2050/2050/2050 2041/2041/2041 2042/2042/2042 
f 2043/2043/2043 2052/2052/2052 2051/2051/2051 
f 2051/2051/2051 2042/2042/2042 2043/2043/2043 
f 2037/2037/2037 2046/2046/2046 2053/2053/2053 
f 2053/2053/2053 2044/2044/2044 2037/2037/2037 
f 2045/2045/2045 2054/2054/2054 2055/2055/2055 
f 2055/2055/2055 2046/2046/2046 2045/2045/2045 
f 2047/2047/2047 2056/2056/2056 2054/2054/2054 
f 2054/2054/2054 2045/2045/2045 2047/2047/2047 
f 2048/2048/2048 2057/2057/2057 2056/2056/2056 
f 2056/2056/2056 2047/2047/2047 2048/2048/2048 
f 2049/2049/2049 2058/2058/2058 2057/2057/2057 
f 2057/2057/2057 2048/2048/2048 2049/2049/2049 
f 2050/2050/2050 2059/2059/2059 2058/2058/2058 
f 2058/2058/2058 2049/2049/2049 2050/2050/2050 
f 2051/2051/2051 2060/2060/2060 2059/2059/2059 
f 2059/2059/2059 2050/2050/2050 2051/2051/2051 
f 2052/2052/2052 2061/2061/2061 2060/2060/2060 
f 2060/2060/2060 2051/2051/2051 2052/2052/2052 
f 2046/2046/2046 2055/2055/2055 2062/2062/2062 
f 2062/2062/2062 2053/2053/2053 2046/2046/2046 
f 2055/2055/2055 2054/2054/2054 2063/2063/2063 
f 2054/2054/2054 2056/2056/2056 2063/2063/2063 
f 2056/2056/2056 2057/2057/2057 2063/2063/2063 
f 2057/2057/2057 2058/2058/2058 2063/2063/2063 
f 2058/2058/2058 2059/2059/2059 2063/2063/2063 
f 2059/2059/2059 2060/2060/2060 2063/2063/2063 
f 2060/2060/2060 2061/2061/2061 2063/2063/2063 
f 2062/2062/2062 2055/2055/2055 2063/2063/2063 
f 1993/1993/1993 2064/2064/2064 2065/2065/2065 
f 2065/2065/2065 1990/1990/1990 1993/1993/1993 
f 1990/1990/1990 2065/2065/2065 2066/2066/2066 
f 2066/2066/2066 1994/1994/1994 1990/1990/1990 
f 1994/1994/1994 2066/2066/2066 2067/2067/2067 
f 2067/2067/2067 1996/1996/1996 1994/1994/1994 
f 2000/2000/2000 2068/2068/2068 2069/2069/2069 
f 2069/2069/2069 1998/1998/1998 2000/2000/2000 
f 1998/1998/1998 2069/2069/2069 2070/2070/2070 
f 2070/2070/2070 2001/2001/2001 1998/1998/1998 
f 2001/2001/2001 2070/2070/2070 2071/2071/2071 
f 2071/2071/2071 2003/2003/2003 2001/2001/2001 
f 2003/2003/2003 2071/2071/2071 2072/2072/2072 
f 2072/2072/2072 2005/2005/2005 2003/2003/2003 
f 2008/2008/2008 2073/2073/2073 2064/2064/2064 
f 2064/2064/2064 1993/1993/1993 2008/2008/2008 
f 2073/2073/2073 2074/2074/2074 2075/2075/2075 
f 2075/2075/2075 2064/2064/2064 2073/2073/2073 
f 2064/2064/2064 2075/2075/2075 2076/2076/2076 
f 2076/2076/2076 2065/2065/2065 2064/2064/2064 
f 2065/2065/2065 2076/2076/2076 2077/2077/2077 
f 2077/2077/2077 2066/2066/2066 2065/2065/2065 
f 2066/2066/2066 2077/2077/2077 2078/2078/2078 
f 2078/2078/2078 2067/2067/2067 2066/2066/2066 
f 2068/2068/2068 2079/2079/2079 2080/2080/2080 
f 2080/2080/2080 2069/2069/2069 2068/2068/2068 
f 2069/2069/2069 2080/2080/2080 2081/2081/2081 
f 2081/2081/2081 2070/2070/2070 2069/2069/2069 
f 2070/2070/2070 2081/2081/2081 2082/2082/2082 
f 2082/2082/2082 2071/2071/2071 2070/2070/2070 
f 2071/2071/2071 2082/2082/2082 2083/2083/2083 
f 2083/2083/2083 2072/2072/2072 2071/2071/2071 
f 2084/2084/2084 2085/2085/2085 2086/2086/2086 
f 2087/2087/2087 2084/2084/2084 2086/2086/2086 
f 2088/2088/2088 2087/2087/2087 2086/2086/2086 
f 2089/2089/2089 2088/2088/2088 2086/2086/2086 
f 2090/2090/2090 2089/2089/2089 2086/2086/2086 
f 2091/2091/2091 2090/2090/2090 2086/2086/2086 
f 2092/2092/2092 2091/2091/2091 2086/2086/2086 
f 2085/2085/2085 2093/2093/2093 2086/2086/2086 
f 2094/2094/2094 2095/2095/2095 2096/2096/2096 
f 2096/2096/2096 2097/2097/2097 2094/2094/2094 
f 2097/2097/2097 2096/2096/2096 2098/2098/2098 
f 2098/2098/2098 2099/2099/2099 2097/2097/2097 
f 2099/2099/2099 2098/2098/2098 2100/2100/2100 
f 2100/2100/2100 2101/2101/2101 2099/2099/2099 
f 2101/2101/2101 2100/2100/2100 2102/2102/2102 
f 2102/2102/2102 2103/2103/2103 2101/2101/2101 
f 2104/2104/2104 2105/2105/2105 2106/2106/2106 
f 2106/2106/2106 2107/2107/2107 2104/2104/2104 
f 2107/2107/2107 2106/2106/2106 2108/2108/2108 
f 2108/2108/2108 2109/2109/2109 2107/2107/2107 
f 2109/2109/2109 2108/2108/2108 2110/2110/2110 
f 2110/2110/2110 2111/2111/2111 2109/2109/2109 
f 2111/2111/2111 2110/2110/2110 2112/2112/2112 
f 2112/2112/2112 2113/2113/2113 2111/2111/2111 
f 2114/2114/2114 2115/2115/2115 2116/2116/2116 
f 2115/2115/2115 2117/2117/2117 2116/2116/2116 
f 2117/2117/2117 2118/2118/2118 2116/2116/2116 
f 2118/2118/2118 2119/2119/2119 2116/2116/2116 
f 2120/2120/2120 2121/2121/2121 2116/2116/2116 
f 2122/2122/2122 2120/2120/2120 2116/2116/2116 
f 2123/2123/2123 2122/2122/2122 2116/2116/2116 
f 2124/2124/2124 2123/2123/2123 2116/2116/2116 
f 2119/2119/2119 2125/2125/2125 2116/2116/2116 
f 2125/2125/2125 2124/2124/2124 2116/2116/2116 
f 2126/2126/2126 2127/2127/2127 2128/2128/2128 
f 2126/2126/2126 2129/2129/2129 2130/2130/2130 
f 2131/2131/2131 2132/2132/2132 2133/2133/2133 
f 2134/2134/2134 2135/2135/2135 2136/2136/2136 
f 2137/2137/2137 2138/2138/2138 2139/2139/2139 
f 2139/2139/2139 2140/2140/2140 2137/2137/2137 
f 2134/2134/2134 2141/2141/2141 2142/2142/2142 
f 2134/2134/2134 2143/2143/2143 2144/2144/2144 
f 2134/2134/2134 2144/2144/2144 2145/2145/2145 
f 2134/2134/2134 2136/2136/2136 2143/2143/2143 
f 2134/2134/2134 2142/2142/2142 2135/2135/2135 
f 2140/2140/2140 2139/2139/2139 2146/2146/2146 
f 2126/2126/2126 2147/2147/2147 2127/2127/2127 
f 2130/2130/2130 2147/2147/2147 2126/2126/2126 
f 2126/2126/2126 2148/2148/2148 2149/2149/2149 
f 2126/2126/2126 2149/2149/2149 2129/2129/2129 
f 2150/2150/2150 2148/2148/2148 2126/2126/2126 
f 2151/2151/2151 2152/2152/2152 2153/2153/2153 
f 2153/2153/2153 2154/2154/2154 2151/2151/2151 
f 2155/2155/2155 2151/2151/2151 2156/2156/2156 
f 2156/2156/2156 2157/2157/2157 2155/2155/2155 
f 2158/2158/2158 2159/2159/2159 2160/2160/2160 
f 2160/2160/2160 2161/2161/2161 2158/2158/2158 
f 2161/2161/2161 2160/2160/2160 2162/2162/2162 
f 2162/2162/2162 2163/2163/2163 2161/2161/2161 
f 2163/2163/2163 2162/2162/2162 2164/2164/2164 
f 2164/2164/2164 2165/2165/2165 2163/2163/2163 
f 2166/2166/2166 2165/2165/2165 2164/2164/2164 
f 2164/2164/2164 2167/2167/2167 2166/2166/2166 
f 2168/2168/2168 2166/2166/2166 2167/2167/2167 
f 2167/2167/2167 2169/2169/2169 2168/2168/2168 
f 2168/2168/2168 2169/2169/2169 2170/2170/2170 
f 2170/2170/2170 2171/2171/2171 2168/2168/2168 
f 2172/2172/2172 2173/2173/2173 2171/2171/2171 
f 2171/2171/2171 2170/2170/2170 2172/2172/2172 
f 2174/2174/2174 2175/2175/2175 2176/2176/2176 
f 2176/2176/2176 2177/2177/2177 2174/2174/2174 
f 2178/2178/2178 2179/2179/2179 2180/2180/2180 
f 2180/2180/2180 2181/2181/2181 2178/2178/2178 
f 2181/2181/2181 2180/2180/2180 2182/2182/2182 
f 2182/2182/2182 2183/2183/2183 2181/2181/2181 
f 2183/2183/2183 2182/2182/2182 2184/2184/2184 
f 2184/2184/2184 2185/2185/2185 2183/2183/2183 
f 2186/2186/2186 2185/2185/2185 2184/2184/2184 
f 2184/2184/2184 2187/2187/2187 2186/2186/2186 
f 2188/2188/2188 2186/2186/2186 2187/2187/2187 
f 2187/2187/2187 2189/2189/2189 2188/2188/2188 
f 2190/2190/2190 2188/2188/2188 2189/2189/2189 
f 2189/2189/2189 2191/2191/2191 2190/2190/2190 
f 2192/2192/2192 2154/2154/2154 2153/2153/2153 
f 2153/2153/2153 2193/2193/2193 2192/2192/2192 
f 1772/1772/1772 1771/1771/1771 1775/1775/1775 
f 1775/1775/1775 1908/1908/1908 1772/1772/1772 
f 1697/1697/1697 1696/1696/1696 1914/1914/1914 

g Handle2

v -37.9455 4.84329 18.0083 
v -37.9132 4.82241 18.0373 
v -37.8771 4.86965 18.0407 
v -37.9035 4.89809 18.0123 
v -37.972 4.77968 18.0032 
v -37.9362 4.76759 18.0329 
v -37.8486 4.93997 18.015 
v -37.8297 4.90575 18.043 
v -37.7747 4.92868 18.044 
v -37.7848 4.96658 18.0161 
v -37.7162 4.97552 18.0156 
v -37.7157 4.93639 18.0435 
v -37.6566 4.92887 18.0418 
v -37.6477 4.9668 18.0136 
v -37.5839 4.9404 18.0101 
v -37.6016 4.90612 18.0388 
v -37.5542 4.87017 18.0347 
v -37.529 4.89869 18.0054 
v -37.5 4.82305 18.0299 
v -37.5 4.84739 18.0001 
v -37.5 4.5803 17.9768 
v -37.5 4.59573 18.0101 
v -37.5542 4.5485 18.0066 
v -37.529 4.5255 17.9728 
v -37.5839 4.48362 17.9701 
v -37.6016 4.51239 18.0043 
v -37.6566 4.48946 18.0033 
v -37.6477 4.45702 17.969 
v -37.7162 4.44807 17.9695 
v -37.7157 4.48175 18.0038 
v -37.7747 4.48927 18.0055 
v -37.7848 4.4568 17.9715 
v -37.8486 4.48319 17.975 
v -37.8297 4.51203 18.0085 
v -37.8771 4.54798 18.0126 
v -37.9035 4.5249 17.9797 
v -37.9454 4.57957 17.9852 
v -37.9132 4.59509 18.0174 
v -37.9362 4.64985 18.0226 
v -37.972 4.64309 17.9913 
v -37.9809 4.71137 17.9974 
v -37.9438 4.7087 18.0279 
v -37.9516 4.85285 17.9331 
v -37.9455 4.84329 18.0083 
v -37.9035 4.89809 18.0123 
v -37.9087 4.90887 17.9372 
v -37.9788 4.78783 17.9279 
v -37.972 4.77968 18.0032 
v -37.8526 4.95169 17.9399 
v -37.8486 4.93997 18.015 
v -37.7848 4.96658 18.0161 
v -37.7874 4.97888 17.941 
v -37.7173 4.98802 17.9405 
v -37.7162 4.97552 18.0156 
v -37.6477 4.9668 18.0136 
v -37.6473 4.97909 17.9384 
v -37.5821 4.95211 17.9349 
v -37.5839 4.9404 18.0101 
v -37.529 4.89869 18.0054 
v -37.5259 4.90946 17.9301 
v -37.5 4.84739 18.0001 
v -37.5 4.86745 17.9256 
v -37.5 4.58397 17.9008 
v -37.5 4.5803 17.9768 
v -37.529 4.5255 17.9728 
v -37.5259 4.52795 17.8967 
v -37.582 4.48514 17.894 
v -37.5839 4.48362 17.9701 
v -37.6477 4.45702 17.969 
v -37.6472 4.45794 17.8928 
v -37.7173 4.44881 17.8933 
v -37.7162 4.44807 17.9695 
v -37.7848 4.4568 17.9715 
v -37.7874 4.45773 17.8954 
v -37.8526 4.48472 17.899 
v -37.8486 4.48319 17.975 
v -37.9035 4.5249 17.9797 
v -37.9087 4.52736 17.9038 
v -37.9516 4.58325 17.9095 
v -37.9454 4.57957 17.9852 
v -37.972 4.64309 17.9913 
v -37.9788 4.64819 17.9157 
v -37.9443 4.85828 17.8392 
v -37.9028 4.91243 17.8432 
v -37.9706 4.79543 17.8342 
v -37.8486 4.95382 17.8458 
v -37.7855 4.98011 17.8469 
v -37.7178 4.98895 17.8465 
v -37.6501 4.98033 17.8444 
v -37.587 4.95424 17.841 
v -37.5328 4.91303 17.8364 
v -37.5 4.85901 17.8309 
v -37.5327 4.54426 17.8041 
v -37.5 4.59841 17.8081 
v -37.6501 4.47658 17.8004 
v -37.587 4.50287 17.8015 
v -37.7855 4.47636 17.8029 
v -37.7178 4.46774 17.8009 
v -37.8486 4.50245 17.8063 
v -37.9028 4.54366 17.8109 
v -37.9443 4.59768 17.8164 
v -37.9706 4.66045 17.8224 
v -37.8819 4.90007 17.8207 
v -37.919 4.85165 17.8172 
v -37.8606 4.88658 17.811 
v -37.8933 4.84389 17.8078 
v -37.9141 4.79433 17.8039 
v -37.9425 4.79544 17.8127 
v -37.777 4.9606 17.8241 
v -37.8333 4.93709 17.8231 
v -37.7681 4.93994 17.8139 
v -37.8179 4.91922 17.813 
v -37.6558 4.9608 17.8218 
v -37.7164 4.9685 17.8237 
v -37.6613 4.94012 17.8119 
v -37.7147 4.94691 17.8135 
v -37.5509 4.90061 17.8146 
v -37.5994 4.93747 17.8188 
v -37.5688 4.88705 17.8056 
v -37.6116 4.91955 17.8092 
v -37.5205 4.79498 17.7965 
v -37.5391 4.84447 17.8012 
v -37.5 4.85253 17.8071 
v -37.5 4.79643 17.8014 
v -37.5509 4.57082 17.7858 
v -37.5 4.61951 17.7864 
v -37.5688 4.5963 17.7801 
v -37.5424 4.63899 17.7833 
v -37.5226 4.68855 17.7872 
v -37.5 4.67571 17.7909 
v -37.6558 4.51029 17.7824 
v -37.5994 4.5338 17.7834 
v -37.6613 4.54294 17.7772 
v -37.6116 4.56366 17.7781 
v -37.777 4.5101 17.7847 
v -37.7164 4.50239 17.7829 
v -37.7681 4.54277 17.7792 
v -37.7147 4.53597 17.7776 
v -37.8819 4.57029 17.7919 
v -37.8333 4.53343 17.7878 
v -37.8606 4.59583 17.7855 
v -37.8179 4.56333 17.7819 
v -37.9425 4.67473 17.8022 
v -37.919 4.61859 17.7968 
v -37.9141 4.68791 17.7946 
v -37.8933 4.63842 17.7899 
v -37.9503 4.73507 17.8076 
v -37.9793 4.72792 17.8285 
v -37.921 4.74111 17.7994 
v -37.8207 4.73899 18.0033 
v -37.7161 4.71124 17.9989 
v -37.7927 4.7874 18.007 
v -37.8238 4.77298 18.0063 
v -37.7441 4.8154 18.0086 
v -37.7783 4.81838 18.0095 
v -37.6881 4.81549 18.0075 
v -37.7161 4.83507 18.0098 
v -37.6396 4.78764 18.0042 
v -37.654 4.81858 18.0072 
v -37.6115 4.73933 17.9994 
v -37.6085 4.77333 18.0024 
v -37.6115 4.68348 17.9946 
v -37.5918 4.71144 17.9966 
v -37.6396 4.63508 17.9908 
v -37.6085 4.6495 17.9915 
v -37.6881 4.60708 17.9893 
v -37.654 4.6041 17.9884 
v -37.7441 4.60699 17.9903 
v -37.7161 4.5874 17.9881 
v -37.7927 4.63483 17.9937 
v -37.7783 4.60389 17.9907 
v -37.8207 4.68315 17.9984 
v -37.8238 4.64915 17.9955 
v -37.8404 4.71104 18.0012 
v -37.7839 4.80408 17.8118 
v -37.7984 4.78502 17.8129 
v -37.8809 4.83695 17.8318 
v -37.8503 4.87691 17.8347 
v -37.7183 4.73142 17.7908 
v -37.8087 4.76113 17.8085 
v -37.7408 4.82892 17.8131 
v -37.7634 4.81999 17.8153 
v -37.8102 4.90746 17.8367 
v -37.7637 4.92687 17.8375 
v -37.7155 4.83285 17.8155 
v -37.7137 4.93339 17.8371 
v -37.6637 4.92703 17.8356 
v -37.6911 4.829 17.8122 
v -37.6677 4.82015 17.8135 
v -37.6172 4.90778 17.8331 
v -37.5771 4.87736 17.8297 
v -37.648 4.8043 17.8093 
v -37.6326 4.78529 17.8098 
v -37.5465 4.83749 17.8256 
v -37.5271 4.79116 17.8212 
v -37.6232 4.76143 17.805 
v -37.6198 4.73762 17.8054 
v -37.5206 4.74136 17.8167 
v -37.5271 4.69154 17.8125 
v -37.6232 4.71189 17.8007 
v -37.6326 4.68991 17.8015 
v -37.5465 4.64515 17.8088 
v -37.5771 4.60518 17.8059 
v -37.648 4.66895 17.7974 
v -37.6677 4.65495 17.7991 
v -37.6172 4.57463 17.8039 
v -37.6637 4.55523 17.8031 
v -37.6911 4.64411 17.796 
v -37.7155 4.64209 17.7988 
v -37.7137 4.54871 17.8035 
v -37.7637 4.55507 17.805 
v -37.7408 4.64403 17.797 
v -37.7839 4.66873 17.7999 
v -37.7634 4.65479 17.8008 
v -37.8102 4.57432 17.8075 
v -37.8503 4.60474 17.8109 
v -37.8087 4.71159 17.8041 
v -37.7984 4.68964 17.8045 
v -37.8809 4.64461 17.815 
v -37.9003 4.69094 17.8194 
v -37.8112 4.73731 17.809 
v -37.9067 4.74074 17.8239 
v -37.9003 4.79056 17.8281 
v -37.5 4.7683 18.0247 
v -37.5 4.70944 18.0194 
v -37.5 4.65056 18.0144 
v -37.8809 4.83695 17.8318 
v -37.8503 4.87691 17.8347 
v -37.9003 4.79056 17.8281 
v -37.8102 4.90746 17.8367 
v -37.7637 4.92687 17.8375 
v -37.7137 4.93339 17.8371 
v -37.6637 4.92703 17.8356 
v -37.5771 4.87736 17.8297 
v -37.6172 4.90778 17.8331 
v -37.5465 4.83749 17.8256 
v -37.5271 4.79116 17.8212 
v -37.5271 4.69154 17.8125 
v -37.5206 4.74136 17.8167 
v -37.5179 4.74177 17.7917 
v -37.5771 4.60518 17.8059 
v -37.5465 4.64515 17.8088 
v -37.6637 4.55523 17.8031 
v -37.6172 4.57463 17.8039 
v -37.7637 4.55507 17.805 
v -37.7137 4.54871 17.8035 
v -37.8102 4.57432 17.8075 
v -37.8503 4.60474 17.8109 
v -37.8809 4.64461 17.815 
v -37.9003 4.69094 17.8194 
v -37.9067 4.74074 17.8239 
v -37.9878 4.71799 17.9219 
v -37.9809 4.71137 17.9974 
v -37.5 4.7393 17.796 
v -37.1229 4.86965 18.0407 
v -37.0868 4.82241 18.0373 
v -37.0545 4.84329 18.0083 
v -37.0965 4.89809 18.0123 
v -37.028 4.77968 18.0032 
v -37.0638 4.76759 18.0329 
v -37.2253 4.92868 18.044 
v -37.1703 4.90575 18.043 
v -37.1514 4.93997 18.015 
v -37.2152 4.96658 18.0161 
v -37.3434 4.92887 18.0418 
v -37.2843 4.93639 18.0435 
v -37.2838 4.97552 18.0156 
v -37.3523 4.9668 18.0136 
v -37.4458 4.87017 18.0347 
v -37.3984 4.90612 18.0388 
v -37.4161 4.9404 18.0101 
v -37.471 4.89869 18.0054 
v -37.5 4.84739 18.0001 
v -37.5 4.82305 18.0299 
v -37.4458 4.5485 18.0066 
v -37.5 4.59573 18.0101 
v -37.5 4.5803 17.9768 
v -37.471 4.5255 17.9728 
v -37.3434 4.48946 18.0033 
v -37.3984 4.51239 18.0043 
v -37.4161 4.48362 17.9701 
v -37.3523 4.45702 17.969 
v -37.2253 4.48927 18.0055 
v -37.2843 4.48175 18.0038 
v -37.2838 4.44807 17.9695 
v -37.2152 4.4568 17.9715 
v -37.1229 4.54798 18.0126 
v -37.1703 4.51202 18.0085 
v -37.1514 4.48319 17.975 
v -37.0965 4.5249 17.9797 
v -37.0638 4.64985 18.0226 
v -37.0868 4.59509 18.0174 
v -37.0546 4.57957 17.9852 
v -37.028 4.64309 17.9913 
v -37.0562 4.7087 18.0279 
v -37.0191 4.71137 17.9974 
v -37.0965 4.89809 18.0123 
v -37.0545 4.84329 18.0083 
v -37.0484 4.85285 17.9331 
v -37.0913 4.90887 17.9372 
v -37.0212 4.78783 17.9279 
v -37.028 4.77968 18.0032 
v -37.2152 4.96658 18.0161 
v -37.1514 4.93997 18.015 
v -37.1474 4.95169 17.9399 
v -37.2126 4.97888 17.941 
v -37.3523 4.9668 18.0136 
v -37.2838 4.97552 18.0156 
v -37.2827 4.98802 17.9405 
v -37.3527 4.97909 17.9384 
v -37.471 4.89869 18.0054 
v -37.4161 4.9404 18.0101 
v -37.4179 4.95211 17.9349 
v -37.4741 4.90946 17.9301 
v -37.5 4.86745 17.9256 
v -37.5 4.84739 18.0001 
v -37.471 4.5255 17.9728 
v -37.5 4.5803 17.9768 
v -37.5 4.58397 17.9008 
v -37.4741 4.52795 17.8967 
v -37.3523 4.45702 17.969 
v -37.4161 4.48362 17.9701 
v -37.418 4.48514 17.894 
v -37.3528 4.45794 17.8928 
v -37.2152 4.4568 17.9715 
v -37.2838 4.44807 17.9695 
v -37.2827 4.44881 17.8933 
v -37.2126 4.45773 17.8954 
v -37.0965 4.5249 17.9797 
v -37.1514 4.48319 17.975 
v -37.1474 4.48472 17.899 
v -37.0913 4.52736 17.9038 
v -37.028 4.64309 17.9913 
v -37.0546 4.57957 17.9852 
v -37.0484 4.58325 17.9095 
v -37.0212 4.64819 17.9157 
v -37.0557 4.85828 17.8392 
v -37.0972 4.91243 17.8432 
v -37.0294 4.79543 17.8342 
v -37.1514 4.95382 17.8458 
v -37.2145 4.98011 17.8469 
v -37.2822 4.98895 17.8465 
v -37.3499 4.98033 17.8444 
v -37.413 4.95424 17.841 
v -37.4672 4.91303 17.8364 
v -37.5 4.85901 17.8309 
v -37.4673 4.54426 17.8041 
v -37.5 4.59841 17.8081 
v -37.3499 4.47658 17.8004 
v -37.413 4.50287 17.8015 
v -37.2145 4.47636 17.8029 
v -37.2822 4.46774 17.8009 
v -37.1514 4.50245 17.8063 
v -37.0972 4.54366 17.8109 
v -37.0557 4.59768 17.8164 
v -37.0294 4.66045 17.8224 
v -37.081 4.85165 17.8172 
v -37.1181 4.90007 17.8207 
v -37.1067 4.84389 17.8078 
v -37.1394 4.88658 17.811 
v -37.0575 4.79544 17.8127 
v -37.0859 4.79433 17.8039 
v -37.1667 4.93709 17.8231 
v -37.223 4.9606 17.8241 
v -37.1821 4.91922 17.813 
v -37.2319 4.93994 17.8139 
v -37.2836 4.9685 17.8237 
v -37.3442 4.9608 17.8218 
v -37.2853 4.94691 17.8135 
v -37.3387 4.94012 17.8119 
v -37.4006 4.93747 17.8188 
v -37.4491 4.90061 17.8146 
v -37.3884 4.91955 17.8092 
v -37.4312 4.88705 17.8056 
v -37.5 4.85253 17.8071 
v -37.4609 4.84447 17.8012 
v -37.4795 4.79498 17.7965 
v -37.5 4.79643 17.8014 
v -37.5 4.61951 17.7864 
v -37.4491 4.57082 17.7858 
v -37.4576 4.63899 17.7833 
v -37.4312 4.5963 17.7801 
v -37.5 4.67571 17.7909 
v -37.4774 4.68855 17.7872 
v -37.4006 4.5338 17.7834 
v -37.3442 4.51029 17.7824 
v -37.3884 4.56366 17.7781 
v -37.3387 4.54294 17.7772 
v -37.2836 4.50239 17.7829 
v -37.223 4.5101 17.7847 
v -37.2853 4.53597 17.7776 
v -37.2319 4.54277 17.7792 
v -37.1667 4.53343 17.7878 
v -37.1181 4.57028 17.7919 
v -37.1821 4.56333 17.7819 
v -37.1394 4.59583 17.7855 
v -37.081 4.61859 17.7968 
v -37.0575 4.67473 17.8022 
v -37.1067 4.63842 17.7899 
v -37.0859 4.68791 17.7946 
v -37.0497 4.73507 17.8076 
v -37.0207 4.72792 17.8285 
v -37.079 4.74111 17.7994 
v -37.1793 4.73899 18.0033 
v -37.1762 4.77298 18.0063 
v -37.2073 4.7874 18.007 
v -37.2839 4.71124 17.9989 
v -37.2217 4.81838 18.0095 
v -37.2559 4.8154 18.0086 
v -37.2839 4.83507 18.0098 
v -37.3119 4.81549 18.0075 
v -37.346 4.81858 18.0072 
v -37.3604 4.78764 18.0042 
v -37.3915 4.77333 18.0024 
v -37.3885 4.73933 17.9994 
v -37.4082 4.71144 17.9966 
v -37.3885 4.68348 17.9946 
v -37.3915 4.6495 17.9915 
v -37.3604 4.63508 17.9908 
v -37.346 4.6041 17.9884 
v -37.3119 4.60708 17.9893 
v -37.2839 4.5874 17.9881 
v -37.2559 4.60699 17.9903 
v -37.2217 4.60389 17.9907 
v -37.2073 4.63483 17.9937 
v -37.1762 4.64915 17.9955 
v -37.1793 4.68315 17.9984 
v -37.1596 4.71104 18.0012 
v -37.2161 4.80408 17.8118 
v -37.1497 4.87691 17.8347 
v -37.1191 4.83695 17.8318 
v -37.2016 4.78502 17.8129 
v -37.1913 4.76113 17.8085 
v -37.2817 4.73142 17.7908 
v -37.2592 4.82892 17.8131 
v -37.2363 4.92687 17.8375 
v -37.1898 4.90746 17.8367 
v -37.2366 4.81999 17.8153 
v -37.3363 4.92703 17.8356 
v -37.2863 4.93339 17.8371 
v -37.2845 4.83285 17.8155 
v -37.3089 4.829 17.8122 
v -37.4229 4.87736 17.8297 
v -37.3828 4.90778 17.8331 
v -37.3323 4.82015 17.8135 
v -37.352 4.8043 17.8093 
v -37.4729 4.79116 17.8212 
v -37.4535 4.83749 17.8256 
v -37.3674 4.78529 17.8098 
v -37.3768 4.76143 17.805 
v -37.4729 4.69154 17.8125 
v -37.4794 4.74136 17.8167 
v -37.3802 4.73762 17.8054 
v -37.3768 4.71189 17.8007 
v -37.4229 4.60518 17.8059 
v -37.4535 4.64515 17.8088 
v -37.3674 4.68991 17.8015 
v -37.352 4.66895 17.7974 
v -37.3363 4.55523 17.8031 
v -37.3828 4.57463 17.8039 
v -37.3323 4.65494 17.7991 
v -37.3089 4.64411 17.796 
v -37.2363 4.55507 17.805 
v -37.2863 4.54871 17.8035 
v -37.2845 4.64209 17.7988 
v -37.2592 4.64403 17.797 
v -37.2161 4.66873 17.7999 
v -37.1497 4.60474 17.8109 
v -37.1898 4.57432 17.8075 
v -37.2366 4.65479 17.8008 
v -37.1913 4.71159 17.8041 
v -37.0997 4.69094 17.8194 
v -37.1191 4.64461 17.815 
v -37.2016 4.68964 17.8045 
v -37.0933 4.74074 17.8239 
v -37.1888 4.73731 17.809 
v -37.0997 4.79056 17.8281 
v -37.5 4.7683 18.0247 
v -37.5 4.70944 18.0194 
v -37.5 4.65056 18.0144 
v -37.1191 4.83695 17.8318 
v -37.1497 4.87691 17.8347 
v -37.0997 4.79056 17.8281 
v -37.1898 4.90746 17.8367 
v -37.2363 4.92687 17.8375 
v -37.2863 4.93339 17.8371 
v -37.3363 4.92703 17.8356 
v -37.4229 4.87736 17.8297 
v -37.3828 4.90778 17.8331 
v -37.4535 4.83749 17.8256 
v -37.4729 4.79116 17.8212 
v -37.4729 4.69154 17.8125 
v -37.4821 4.74177 17.7917 
v -37.4794 4.74136 17.8167 
v -37.4229 4.60518 17.8059 
v -37.4535 4.64515 17.8088 
v -37.3363 4.55523 17.8031 
v -37.3828 4.57463 17.8039 
v -37.2363 4.55507 17.805 
v -37.2863 4.54871 17.8035 
v -37.1898 4.57432 17.8075 
v -37.1497 4.60474 17.8109 
v -37.1191 4.64461 17.815 
v -37.0997 4.69094 17.8194 
v -37.0933 4.74074 17.8239 
v -37.0191 4.71137 17.9974 
v -37.0122 4.71799 17.9219 
v -37.5 4.7393 17.796 
v -37.9528 4.78835 17.8497 
v -37.9402 4.78322 17.8841 
v -37.9387 4.69319 17.8702 
v -37.9514 4.69832 17.8358 
v -37.9851 4.77981 17.9231 
v -38.018 4.78338 17.9065 
v -38.0786 4.76338 18.0805 
v -38.045 4.75981 18.097 
v -38.0818 4.67329 18.0672 
v -38.0211 4.69329 17.8932 
v -37.9882 4.68972 17.9098 
v -38.0481 4.66972 18.0837 
v -38.018 4.78338 17.9065 
v -38.0211 4.69329 17.8932 
v -37.9851 4.77981 17.9231 
v -37.9882 4.68972 17.9098 
v -38.045 4.75981 18.097 
v -38.1145 4.74393 18.3299 
v -38.0789 4.74107 18.3394 
v -38.0789 4.74107 18.3394 
v -38.1145 4.74393 18.3299 
v -38.1269 4.72307 18.5685 
v -38.0899 4.72092 18.5696 
v -38.0899 4.72092 18.5696 
v -38.1269 4.72307 18.5685 
v -38.0796 4.70537 18.7709 
v -38.0437 4.70409 18.7619 
v -38.0437 4.70409 18.7619 
v -38.0796 4.70537 18.7709 
v -37.9918 4.69077 18.9377 
v -37.9603 4.69042 18.9182 
v -37.9603 4.69042 18.9182 
v -37.9918 4.69077 18.9377 
v -37.8476 4.68075 19.0522 
v -37.8247 4.68123 19.0231 
v -37.8247 4.68123 19.0231 
v -37.8476 4.68075 19.0522 
v -37.6763 4.67514 19.1164 
v -37.6634 4.67611 19.0817 
v -37.6763 4.67514 19.1164 
v -37.5 4.67217 19.1504 
v -37.5 4.67329 19.114 
v -37.6634 4.67611 19.0817 
v -38.0786 4.76338 18.0805 
v -38.0818 4.67329 18.0672 
v -38.1196 4.65333 18.3216 
v -38.1145 4.74393 18.3299 
v -38.1145 4.74393 18.3299 
v -38.1196 4.65333 18.3216 
v -38.1319 4.63246 18.5604 
v -38.1269 4.72307 18.5685 
v -38.1269 4.72307 18.5685 
v -38.1319 4.63246 18.5604 
v -38.0845 4.61463 18.7642 
v -38.0796 4.70537 18.7709 
v -38.0796 4.70537 18.7709 
v -38.0845 4.61463 18.7642 
v -37.9961 4.59991 18.9324 
v -37.9918 4.69077 18.9377 
v -37.9918 4.69077 18.9377 
v -37.9961 4.59991 18.9324 
v -37.8507 4.58977 19.0483 
v -37.8476 4.68075 19.0522 
v -37.8476 4.68075 19.0522 
v -37.8507 4.58977 19.0483 
v -37.678 4.58409 19.1132 
v -37.6763 4.67514 19.1164 
v -37.5 4.67217 19.1504 
v -37.6763 4.67514 19.1164 
v -37.678 4.58409 19.1132 
v -37.5 4.5811 19.1474 
v -38.0481 4.66972 18.0837 
v -38.0839 4.65047 18.3311 
v -38.1196 4.65333 18.3216 
v -38.0839 4.65047 18.3311 
v -38.095 4.6303 18.5615 
v -38.1319 4.63246 18.5604 
v -38.1196 4.65333 18.3216 
v -38.095 4.6303 18.5615 
v -38.0486 4.61335 18.7551 
v -38.0845 4.61463 18.7642 
v -38.1319 4.63246 18.5604 
v -38.0486 4.61335 18.7551 
v -37.9646 4.59955 18.9129 
v -37.9961 4.59991 18.9324 
v -38.0845 4.61463 18.7642 
v -37.9646 4.59955 18.9129 
v -37.8278 4.59026 19.0192 
v -37.8507 4.58977 19.0483 
v -37.9961 4.59991 18.9324 
v -37.8278 4.59026 19.0192 
v -37.6652 4.58507 19.0785 
v -37.678 4.58409 19.1132 
v -37.8507 4.58977 19.0483 
v -37.678 4.58409 19.1132 
v -37.6652 4.58507 19.0785 
v -37.5 4.58222 19.111 
v -37.5 4.5811 19.1474 
v -38.0839 4.65047 18.3311 
v -38.0481 4.66972 18.0837 
v -38.045 4.75981 18.097 
v -38.0789 4.74107 18.3394 
v -38.095 4.6303 18.5615 
v -38.0839 4.65047 18.3311 
v -38.0789 4.74107 18.3394 
v -38.0899 4.72092 18.5696 
v -38.0486 4.61335 18.7551 
v -38.095 4.6303 18.5615 
v -38.0899 4.72092 18.5696 
v -38.0437 4.70409 18.7619 
v -37.9646 4.59955 18.9129 
v -38.0486 4.61335 18.7551 
v -38.0437 4.70409 18.7619 
v -37.9603 4.69042 18.9182 
v -37.8278 4.59026 19.0192 
v -37.9646 4.59955 18.9129 
v -37.9603 4.69042 18.9182 
v -37.8247 4.68123 19.0231 
v -37.6652 4.58507 19.0785 
v -37.8278 4.59026 19.0192 
v -37.8247 4.68123 19.0231 
v -37.6634 4.67611 19.0817 
v -37.5 4.58222 19.111 
v -37.6652 4.58507 19.0785 
v -37.6634 4.67611 19.0817 
v -37.5 4.67329 19.114 
v -37.9514 4.69832 17.8358 
v -37.9387 4.69319 17.8702 
v -38.0211 4.69329 17.8932 
v -38.018 4.78338 17.9065 
v -37.9514 4.69832 17.8358 
v -37.9402 4.78322 17.8841 
v -37.9528 4.78835 17.8497 
v -37.9851 4.77981 17.9231 
v -37.9882 4.68972 17.9098 
v -37.9387 4.69319 17.8702 
v -37.0613 4.69319 17.8702 
v -37.0598 4.78322 17.8841 
v -37.0472 4.78835 17.8497 
v -37.0486 4.69832 17.8358 
v -37.0149 4.77981 17.9231 
v -36.955 4.75981 18.097 
v -36.9214 4.76338 18.0805 
v -36.982 4.78338 17.9065 
v -37.0118 4.68972 17.9098 
v -36.9789 4.69329 17.8932 
v -36.9182 4.67329 18.0672 
v -36.9519 4.66972 18.0837 
v -36.982 4.78338 17.9065 
v -36.9789 4.69329 17.8932 
v -37.0149 4.77981 17.9231 
v -37.0118 4.68972 17.9098 
v -36.955 4.75981 18.097 
v -36.9211 4.74107 18.3394 
v -36.8855 4.74393 18.3299 
v -36.9211 4.74107 18.3394 
v -36.9101 4.72092 18.5696 
v -36.8731 4.72307 18.5685 
v -36.8855 4.74393 18.3299 
v -36.9101 4.72092 18.5696 
v -36.9563 4.70409 18.7619 
v -36.9204 4.70537 18.7709 
v -36.8731 4.72307 18.5685 
v -36.9563 4.70409 18.7619 
v -37.0397 4.69042 18.9182 
v -37.0082 4.69077 18.9377 
v -36.9204 4.70537 18.7709 
v -37.0397 4.69042 18.9182 
v -37.1753 4.68123 19.0231 
v -37.1524 4.68075 19.0522 
v -37.0082 4.69077 18.9377 
v -37.1753 4.68123 19.0231 
v -37.3366 4.67611 19.0817 
v -37.3237 4.67514 19.1164 
v -37.1524 4.68075 19.0522 
v -37.3237 4.67514 19.1164 
v -37.3366 4.67611 19.0817 
v -36.8804 4.65333 18.3216 
v -36.9182 4.67329 18.0672 
v -36.9214 4.76338 18.0805 
v -36.8855 4.74393 18.3299 
v -36.8681 4.63246 18.5604 
v -36.8804 4.65333 18.3216 
v -36.8855 4.74393 18.3299 
v -36.8731 4.72307 18.5685 
v -36.9155 4.61463 18.7642 
v -36.8681 4.63246 18.5604 
v -36.8731 4.72307 18.5685 
v -36.9204 4.70537 18.7709 
v -37.0039 4.59991 18.9324 
v -36.9155 4.61463 18.7642 
v -36.9204 4.70537 18.7709 
v -37.0082 4.69077 18.9377 
v -37.1493 4.58977 19.0483 
v -37.0039 4.59991 18.9324 
v -37.0082 4.69077 18.9377 
v -37.1524 4.68075 19.0522 
v -37.322 4.58409 19.1132 
v -37.1493 4.58977 19.0483 
v -37.1524 4.68075 19.0522 
v -37.3237 4.67514 19.1164 
v -37.322 4.58409 19.1132 
v -37.3237 4.67514 19.1164 
v -36.8804 4.65333 18.3216 
v -36.9161 4.65047 18.3311 
v -36.9519 4.66972 18.0837 
v -36.8681 4.63246 18.5604 
v -36.905 4.6303 18.5615 
v -36.9161 4.65047 18.3311 
v -36.8804 4.65333 18.3216 
v -36.9155 4.61463 18.7642 
v -36.9514 4.61335 18.7551 
v -36.905 4.6303 18.5615 
v -36.8681 4.63246 18.5604 
v -37.0039 4.59991 18.9324 
v -37.0354 4.59955 18.9129 
v -36.9514 4.61335 18.7551 
v -36.9155 4.61463 18.7642 
v -37.1493 4.58977 19.0483 
v -37.1722 4.59026 19.0192 
v -37.0354 4.59955 18.9129 
v -37.0039 4.59991 18.9324 
v -37.322 4.58409 19.1132 
v -37.3348 4.58507 19.0785 
v -37.1722 4.59026 19.0192 
v -37.1493 4.58977 19.0483 
v -37.322 4.58409 19.1132 
v -37.3348 4.58507 19.0785 
v -36.955 4.75981 18.097 
v -36.9519 4.66972 18.0837 
v -36.9161 4.65047 18.3311 
v -36.9211 4.74107 18.3394 
v -36.9211 4.74107 18.3394 
v -36.9161 4.65047 18.3311 
v -36.905 4.6303 18.5615 
v -36.9101 4.72092 18.5696 
v -36.9101 4.72092 18.5696 
v -36.905 4.6303 18.5615 
v -36.9514 4.61335 18.7551 
v -36.9563 4.70409 18.7619 
v -36.9563 4.70409 18.7619 
v -36.9514 4.61335 18.7551 
v -37.0354 4.59955 18.9129 
v -37.0397 4.69042 18.9182 
v -37.0397 4.69042 18.9182 
v -37.0354 4.59955 18.9129 
v -37.1722 4.59026 19.0192 
v -37.1753 4.68123 19.0231 
v -37.1753 4.68123 19.0231 
v -37.1722 4.59026 19.0192 
v -37.3348 4.58507 19.0785 
v -37.3366 4.67611 19.0817 
v -37.3366 4.67611 19.0817 
v -37.3348 4.58507 19.0785 
v -37.0613 4.69319 17.8702 
v -37.0486 4.69832 17.8358 
v -36.982 4.78338 17.9065 
v -36.9789 4.69329 17.8932 
v -37.0486 4.69832 17.8358 
v -37.0472 4.78835 17.8497 
v -37.0598 4.78322 17.8841 
v -37.0118 4.68972 17.9098 
v -37.0149 4.77981 17.9231 
v -37.0613 4.69319 17.8702 

vn -0.76378 0.401575 0.503937 
vn -0.19685 0.0393701 0.976378 
vn -0.149606 0.0866142 0.984252 
vn -0.622047 0.590551 0.519685 
vn -0.850394 0.188976 0.488189 
vn -0.212598 -0.023622 0.976378 
vn -0.440945 0.732283 0.527559 
vn -0.102362 0.125984 0.984252 
vn -0.0472441 0.141732 0.992126 
vn -0.220472 0.818898 0.535433 
vn 0.00787402 0.850394 0.527559 
vn 0.015748 0.15748 0.984252 
vn 0.0787402 0.149606 0.984252 
vn 0.23622 0.818898 0.527559 
vn 0.456693 0.732283 0.511811 
vn 0.141732 0.125984 0.984252 
vn 0.220472 0.11811 0.968504 
vn 0.669291 0.582677 0.456693 
vn 0.110236 0.0393701 0.992126 
vn 0.771654 0.496063 0.409449 
vn 0.80315 -0.527559 0.291339 
vn 0.11811 -0.212598 0.968504 
vn 0.228346 -0.283465 0.929134 
vn 0.685039 -0.645669 0.338583 
vn 0.456693 -0.80315 0.377953 
vn 0.141732 -0.291339 0.944882 
vn 0.0787402 -0.314961 0.944882 
vn 0.23622 -0.897638 0.377953 
vn 0.00787402 -0.929134 0.377953 
vn 0.015748 -0.330709 0.944882 
vn -0.0472441 -0.314961 0.944882 
vn -0.220472 -0.897638 0.377953 
vn -0.440945 -0.811024 0.393701 
vn -0.102362 -0.299213 0.952756 
vn -0.149606 -0.251969 0.952756 
vn -0.622047 -0.669291 0.409449 
vn -0.76378 -0.488189 0.425197 
vn -0.19685 -0.204724 0.96063 
vn -0.212598 -0.149606 0.968504 
vn -0.850394 -0.267717 0.448819 
vn -0.88189 -0.0393701 0.464567 
vn -0.228346 -0.0866142 0.968504 
vn -0.866142 0.496063 0.0472441 
vn -0.76378 0.401575 0.503937 
vn -0.622047 0.590551 0.519685 
vn -0.708661 0.700787 0.0629921 
vn -0.968504 0.259843 0.023622 
vn -0.850394 0.188976 0.488189 
vn -0.496063 0.866142 0.0787402 
vn -0.440945 0.732283 0.527559 
vn -0.220472 0.818898 0.535433 
vn -0.259843 0.96063 0.0866142 
vn 0 1 0.0866142 
vn 0.00787402 0.850394 0.527559 
vn 0.23622 0.818898 0.527559 
vn 0.259843 0.96063 0.0787402 
vn 0.496063 0.866142 0.0708661 
vn 0.456693 0.732283 0.511811 
vn 0.669291 0.582677 0.456693 
vn 0.748031 0.661417 0.0472441 
vn 0.771654 0.496063 0.409449 
vn 0.858268 0.511811 0.0393701 
vn 0.889764 -0.456693 -0.0551181 
vn 0.80315 -0.527559 0.291339 
vn 0.685039 -0.645669 0.338583 
vn 0.76378 -0.637795 -0.0787402 
vn 0.496063 -0.858268 -0.0944882 
vn 0.456693 -0.80315 0.377953 
vn 0.23622 -0.897638 0.377953 
vn 0.259843 -0.96063 -0.102362 
vn 0 -0.992126 -0.102362 
vn 0.00787402 -0.929134 0.377953 
vn -0.220472 -0.897638 0.377953 
vn -0.259843 -0.96063 -0.102362 
vn -0.503937 -0.858268 -0.0866142 
vn -0.440945 -0.811024 0.393701 
vn -0.622047 -0.669291 0.409449 
vn -0.708661 -0.700787 -0.0708661 
vn -0.866142 -0.496063 -0.0472441 
vn -0.76378 -0.488189 0.425197 
vn -0.850394 -0.267717 0.448819 
vn -0.968504 -0.259843 -0.023622 
vn -0.76378 0.480315 -0.425197 
vn -0.629921 0.661417 -0.401575 
vn -0.850394 0.267717 -0.456693 
vn -0.456693 0.811024 -0.377953 
vn -0.23622 0.897638 -0.362205 
vn -0.00787402 0.937008 -0.354331 
vn 0.228346 0.905512 -0.354331 
vn 0.440945 0.818898 -0.370079 
vn 0.661417 0.669291 -0.330709 
vn 0.771654 0.574803 -0.283465 
vn 0.645669 -0.559055 -0.519685 
vn 0.76378 -0.464567 -0.448819 
vn 0.212598 -0.771654 -0.598425 
vn 0.417323 -0.692913 -0.590551 
vn -0.228346 -0.76378 -0.598425 
vn -0.00787402 -0.795276 -0.606299 
vn -0.433071 -0.685039 -0.590551 
vn -0.606299 -0.551181 -0.574803 
vn -0.748031 -0.377953 -0.551181 
vn -0.834646 -0.173228 -0.519685 
vn -0.354331 0.417323 -0.834646 
vn -0.417323 0.307087 -0.858268 
vn 0.251969 -0.188976 -0.944882 
vn 0.314961 -0.110236 -0.944882 
vn 0.354331 -0.015748 -0.937008 
vn -0.448819 0.19685 -0.874016 
vn -0.149606 0.566929 -0.811024 
vn -0.267717 0.503937 -0.818898 
vn 0.0787402 -0.283465 -0.952756 
vn 0.173228 -0.251969 -0.952756 
vn 0.11811 0.582677 -0.80315 
vn -0.015748 0.598425 -0.80315 
vn -0.11811 -0.283465 -0.952756 
vn -0.015748 -0.299213 -0.952756 
vn 0.362205 0.472441 -0.80315 
vn 0.244094 0.527559 -0.811024 
vn -0.322835 -0.19685 -0.929134 
vn -0.204724 -0.251969 -0.944882 
vn -0.511811 -0.0629921 -0.858268 
vn -0.440945 -0.149606 -0.88189 
vn 0.338583 0.346457 -0.874016 
vn 0.19685 0.110236 -0.976378 
vn 0.291339 -0.244094 -0.92126 
vn 0.275591 -0.141732 -0.952756 
vn -0.338583 0.354331 -0.874016 
vn -0.464567 0.307087 -0.834646 
vn -0.535433 0.220472 -0.818898 
vn 0.173228 0.0629921 -0.984252 
vn 0.0866142 -0.307087 -0.952756 
vn 0.188976 -0.275591 -0.944882 
vn -0.11811 0.448819 -0.889764 
vn -0.204724 0.409449 -0.889764 
vn -0.11811 -0.299213 -0.944882 
vn -0.015748 -0.314961 -0.952756 
vn 0.0787402 0.448819 -0.889764 
vn -0.015748 0.456693 -0.889764 
vn -0.299213 -0.19685 -0.937008 
vn -0.212598 -0.259843 -0.944882 
vn 0.251969 0.346457 -0.905512 
vn 0.173228 0.409449 -0.897638 
vn -0.417323 -0.023622 -0.905512 
vn -0.370079 -0.11811 -0.92126 
vn 0.354331 0.181102 -0.92126 
vn 0.314961 0.267717 -0.913386 
vn -0.448819 0.0787402 -0.889764 
vn -0.874016 0.0393701 -0.488189 
vn 0.362205 0.0787402 -0.929134 
vn 0.125984 -0.11811 0.984252 
vn 0.015748 -0.0866142 0.992126 
vn 0.0944882 -0.165354 0.984252 
vn 0.141732 -0.15748 0.976378 
vn 0.0472441 -0.19685 0.976378 
vn 0.0866142 -0.204724 0.976378 
vn -0.00787402 -0.19685 0.984252 
vn 0.015748 -0.228346 0.976378 
vn -0.0551181 -0.165354 0.984252 
vn -0.0551181 -0.212598 0.976378 
vn -0.0944882 -0.102362 0.992126 
vn -0.102362 -0.141732 0.984252 
vn -0.0944882 -0.0708661 0.992126 
vn -0.133858 -0.0866142 0.984252 
vn -0.0551181 -0.00787402 1 
vn -0.102362 -0.0314961 0.992126 
vn -0.00787402 0.023622 1 
vn -0.0551181 0.0314961 1 
vn 0.0472441 0.023622 1 
vn 0.015748 0.0551181 1 
vn 0.0944882 -0.00787402 0.992126 
vn 0.0866142 0.0393701 0.992126 
vn 0.125984 -0.0551181 0.992126 
vn 0.141732 -0.015748 0.992126 
vn 0.15748 -0.0866142 0.984252 
vn -0.11811 0.188976 -0.976378 
vn -0.149606 0.15748 -0.976378 
vn -0.141732 0.15748 -0.976378 
vn -0.11811 0.181102 -0.976378 
vn -0.023622 0.0787402 -1 
vn -0.165354 0.125984 -0.976378 
vn -0.0551181 0.220472 -0.976378 
vn -0.0944882 0.212598 -0.976378 
vn -0.0866142 0.204724 -0.976378 
vn -0.0551181 0.212598 -0.976378 
vn -0.015748 0.228346 -0.976378 
vn -0.015748 0.228346 -0.976378 
vn 0.015748 0.212598 -0.976378 
vn 0.015748 0.220472 -0.976378 
vn 0.0551181 0.212598 -0.976378 
vn 0.0551181 0.204724 -0.976378 
vn 0.0787402 0.181102 -0.984252 
vn 0.0787402 0.181102 -0.976378 
vn 0.110236 0.15748 -0.984252 
vn 0.102362 0.15748 -0.984252 
vn 0.110236 0.11811 -0.984252 
vn 0.11811 0.125984 -0.984252 
vn 0.133858 0.0866142 -0.984252 
vn 0.125984 0.0866142 -0.992126 
vn 0.11811 0.0472441 -0.992126 
vn 0.125984 0.0472441 -0.992126 
vn 0.11811 0.00787402 -0.992126 
vn 0.110236 0.015748 -0.992126 
vn 0.0787402 -0.015748 -1 
vn 0.0866142 -0.023622 -0.992126 
vn 0.0629921 -0.0551181 -1 
vn 0.0551181 -0.0472441 -1 
vn 0.015748 -0.0551181 -1 
vn 0.023622 -0.0629921 -1 
vn -0.015748 -0.0787402 -1 
vn -0.015748 -0.0708661 -1 
vn -0.0551181 -0.0551181 -1 
vn -0.0629921 -0.0708661 -0.992126 
vn -0.125984 -0.023622 -0.992126 
vn -0.102362 -0.0551181 -0.992126 
vn -0.0944882 -0.0472441 -0.992126 
vn -0.11811 -0.015748 -0.992126 
vn -0.165354 0.0472441 -0.984252 
vn -0.15748 0.00787402 -0.984252 
vn -0.149606 0.00787402 -0.992126 
vn -0.15748 0.0472441 -0.984252 
vn -0.173228 0.0866142 -0.984252 
vn -0.165354 0.0866142 -0.984252 
vn -0.149606 0.11811 -0.984252 
vn -0.204724 -0.110236 0.968504 
vn -0.212598 -0.0866142 0.976378 
vn -0.204724 -0.0629921 0.976378 
vn 0.755906 -0.401575 -0.511811 
vn 0.622047 -0.590551 -0.511811 
vn 0.84252 -0.181102 -0.503937 
vn 0.440945 -0.740157 -0.511811 
vn 0.228346 -0.834646 -0.503937 
vn -0.00787402 -0.866142 -0.496063 
vn -0.244094 -0.84252 -0.488189 
vn -0.661417 -0.598425 -0.448819 
vn -0.464567 -0.748031 -0.472441 
vn -0.826772 -0.417323 -0.370079 
vn -0.944882 -0.19685 -0.259843 
vn -0.952756 0.251969 -0.188976 
vn -0.984252 0.023622 -0.173228 
vn -0.551181 0.0787402 -0.826772 
vn -0.653543 0.645669 -0.385827 
vn -0.834646 0.472441 -0.283465 
vn -0.228346 0.874016 -0.433071 
vn -0.440945 0.787402 -0.425197 
vn 0.212598 0.866142 -0.448819 
vn -0.00787402 0.897638 -0.440945 
vn 0.417323 0.779528 -0.464567 
vn 0.598425 0.645669 -0.472441 
vn 0.740157 0.472441 -0.480315 
vn 0.826772 0.267717 -0.496063 
vn 0.866142 0.0393701 -0.503937 
vn -1 0 0 
vn -0.88189 -0.0393701 0.464567 
vn 0.228346 0.0866142 -0.968504 
vn 0.149606 0.0866142 0.984252 
vn 0.19685 0.0393701 0.976378 
vn 0.76378 0.401575 0.503937 
vn 0.622047 0.590551 0.519685 
vn 0.850394 0.188976 0.488189 
vn 0.212598 -0.023622 0.976378 
vn 0.0472441 0.141732 0.992126 
vn 0.102362 0.125984 0.984252 
vn 0.440945 0.732283 0.527559 
vn 0.220472 0.818898 0.535433 
vn -0.0787402 0.149606 0.984252 
vn -0.015748 0.15748 0.984252 
vn -0.00787402 0.850394 0.527559 
vn -0.23622 0.818898 0.527559 
vn -0.220472 0.11811 0.968504 
vn -0.141732 0.125984 0.984252 
vn -0.456693 0.732283 0.511811 
vn -0.669291 0.582677 0.456693 
vn -0.771654 0.496063 0.409449 
vn -0.110236 0.0393701 0.992126 
vn -0.228346 -0.283465 0.929134 
vn -0.11811 -0.212598 0.968504 
vn -0.80315 -0.527559 0.291339 
vn -0.685039 -0.645669 0.338583 
vn -0.0787402 -0.314961 0.944882 
vn -0.141732 -0.291339 0.944882 
vn -0.456693 -0.80315 0.377953 
vn -0.23622 -0.897638 0.377953 
vn 0.0472441 -0.314961 0.944882 
vn -0.015748 -0.330709 0.944882 
vn -0.00787402 -0.929134 0.377953 
vn 0.220472 -0.897638 0.377953 
vn 0.149606 -0.251969 0.952756 
vn 0.102362 -0.299213 0.952756 
vn 0.440945 -0.811024 0.393701 
vn 0.622047 -0.669291 0.409449 
vn 0.212598 -0.149606 0.968504 
vn 0.19685 -0.204724 0.96063 
vn 0.76378 -0.488189 0.425197 
vn 0.850394 -0.267717 0.448819 
vn 0.228346 -0.0866142 0.968504 
vn 0.88189 -0.0393701 0.464567 
vn 0.622047 0.590551 0.519685 
vn 0.76378 0.401575 0.503937 
vn 0.866142 0.496063 0.0472441 
vn 0.708661 0.700787 0.0629921 
vn 0.968504 0.259843 0.023622 
vn 0.850394 0.188976 0.488189 
vn 0.220472 0.818898 0.535433 
vn 0.440945 0.732283 0.527559 
vn 0.496063 0.866142 0.0787402 
vn 0.259843 0.96063 0.0866142 
vn -0.23622 0.818898 0.527559 
vn -0.00787402 0.850394 0.527559 
vn 0 1 0.0866142 
vn -0.259843 0.96063 0.0787402 
vn -0.669291 0.582677 0.456693 
vn -0.456693 0.732283 0.511811 
vn -0.496063 0.866142 0.0708661 
vn -0.748031 0.661417 0.0472441 
vn -0.858268 0.511811 0.0393701 
vn -0.771654 0.496063 0.409449 
vn -0.685039 -0.645669 0.338583 
vn -0.80315 -0.527559 0.291339 
vn -0.889764 -0.456693 -0.0551181 
vn -0.76378 -0.637795 -0.0787402 
vn -0.23622 -0.897638 0.377953 
vn -0.456693 -0.80315 0.377953 
vn -0.496063 -0.858268 -0.0944882 
vn -0.259843 -0.96063 -0.102362 
vn 0.220472 -0.897638 0.377953 
vn -0.00787402 -0.929134 0.377953 
vn 0 -0.992126 -0.102362 
vn 0.259843 -0.96063 -0.102362 
vn 0.622047 -0.669291 0.409449 
vn 0.440945 -0.811024 0.393701 
vn 0.503937 -0.858268 -0.0866142 
vn 0.708661 -0.700787 -0.0708661 
vn 0.850394 -0.267717 0.448819 
vn 0.76378 -0.488189 0.425197 
vn 0.866142 -0.496063 -0.0472441 
vn 0.968504 -0.259843 -0.023622 
vn 0.76378 0.480315 -0.425197 
vn 0.629921 0.661417 -0.401575 
vn 0.850394 0.267717 -0.456693 
vn 0.456693 0.811024 -0.377953 
vn 0.23622 0.897638 -0.362205 
vn 0.00787402 0.937008 -0.354331 
vn -0.228346 0.905512 -0.354331 
vn -0.440945 0.818898 -0.370079 
vn -0.661417 0.669291 -0.330709 
vn -0.771654 0.574803 -0.283465 
vn -0.645669 -0.559055 -0.519685 
vn -0.76378 -0.464567 -0.448819 
vn -0.212598 -0.771654 -0.598425 
vn -0.417323 -0.692913 -0.590551 
vn 0.228346 -0.76378 -0.598425 
vn 0.00787402 -0.795276 -0.606299 
vn 0.433071 -0.685039 -0.590551 
vn 0.606299 -0.551181 -0.574803 
vn 0.748031 -0.377953 -0.551181 
vn 0.834646 -0.173228 -0.519685 
vn 0.417323 0.307087 -0.858268 
vn 0.354331 0.417323 -0.834646 
vn -0.314961 -0.110236 -0.944882 
vn -0.251969 -0.188976 -0.944882 
vn 0.448819 0.19685 -0.874016 
vn -0.354331 -0.015748 -0.937008 
vn 0.267717 0.503937 -0.818898 
vn 0.149606 0.566929 -0.811024 
vn -0.173228 -0.251969 -0.952756 
vn -0.0787402 -0.283465 -0.952756 
vn 0.015748 0.598425 -0.80315 
vn -0.11811 0.582677 -0.80315 
vn 0.015748 -0.299213 -0.952756 
vn 0.11811 -0.283465 -0.952756 
vn -0.244094 0.527559 -0.811024 
vn -0.362205 0.472441 -0.80315 
vn 0.204724 -0.251969 -0.944882 
vn 0.322835 -0.19685 -0.929134 
vn -0.338583 0.346457 -0.874016 
vn 0.440945 -0.149606 -0.88189 
vn 0.511811 -0.0629921 -0.858268 
vn -0.19685 0.110236 -0.976378 
vn -0.275591 -0.141732 -0.952756 
vn -0.291339 -0.244094 -0.92126 
vn 0.464567 0.307087 -0.834646 
vn 0.338583 0.354331 -0.874016 
vn -0.173228 0.0629921 -0.984252 
vn 0.535433 0.220472 -0.818898 
vn -0.188976 -0.275591 -0.944882 
vn -0.0866142 -0.307087 -0.952756 
vn 0.204724 0.409449 -0.889764 
vn 0.11811 0.448819 -0.889764 
vn 0.015748 -0.314961 -0.952756 
vn 0.11811 -0.299213 -0.944882 
vn 0.015748 0.456693 -0.889764 
vn -0.0787402 0.448819 -0.889764 
vn 0.212598 -0.259843 -0.944882 
vn 0.299213 -0.19685 -0.937008 
vn -0.173228 0.409449 -0.897638 
vn -0.251969 0.346457 -0.905512 
vn 0.370079 -0.11811 -0.92126 
vn 0.417323 -0.023622 -0.905512 
vn -0.314961 0.267717 -0.913386 
vn -0.354331 0.181102 -0.92126 
vn 0.448819 0.0787402 -0.889764 
vn 0.874016 0.0393701 -0.488189 
vn -0.362205 0.0787402 -0.929134 
vn -0.125984 -0.11811 0.984252 
vn -0.141732 -0.15748 0.976378 
vn -0.0944882 -0.165354 0.984252 
vn -0.015748 -0.0866142 0.992126 
vn -0.0866142 -0.204724 0.976378 
vn -0.0472441 -0.19685 0.976378 
vn -0.015748 -0.228346 0.976378 
vn 0.00787402 -0.19685 0.984252 
vn 0.0551181 -0.212598 0.976378 
vn 0.0551181 -0.165354 0.984252 
vn 0.102362 -0.141732 0.984252 
vn 0.0944882 -0.102362 0.992126 
vn 0.133858 -0.0866142 0.984252 
vn 0.0944882 -0.0708661 0.992126 
vn 0.102362 -0.0314961 0.992126 
vn 0.0551181 -0.00787402 1 
vn 0.0551181 0.0314961 1 
vn 0.00787402 0.023622 1 
vn -0.015748 0.0551181 1 
vn -0.0472441 0.023622 1 
vn -0.0866142 0.0393701 0.992126 
vn -0.0944882 -0.00787402 0.992126 
vn -0.141732 -0.015748 0.992126 
vn -0.125984 -0.0551181 0.992126 
vn -0.15748 -0.0866142 0.984252 
vn 0.11811 0.188976 -0.976378 
vn 0.11811 0.181102 -0.976378 
vn 0.141732 0.15748 -0.976378 
vn 0.149606 0.15748 -0.976378 
vn 0.165354 0.125984 -0.976378 
vn 0.023622 0.0787402 -1 
vn 0.0551181 0.220472 -0.976378 
vn 0.0551181 0.212598 -0.976378 
vn 0.0866142 0.204724 -0.976378 
vn 0.0944882 0.212598 -0.976378 
vn -0.015748 0.212598 -0.976378 
vn 0.015748 0.228346 -0.976378 
vn 0.015748 0.228346 -0.976378 
vn -0.015748 0.220472 -0.976378 
vn -0.0787402 0.181102 -0.984252 
vn -0.0551181 0.204724 -0.976378 
vn -0.0551181 0.212598 -0.976378 
vn -0.0787402 0.181102 -0.976378 
vn -0.110236 0.11811 -0.984252 
vn -0.102362 0.15748 -0.984252 
vn -0.110236 0.15748 -0.984252 
vn -0.11811 0.125984 -0.984252 
vn -0.11811 0.0472441 -0.992126 
vn -0.125984 0.0866142 -0.992126 
vn -0.133858 0.0866142 -0.984252 
vn -0.125984 0.0472441 -0.992126 
vn -0.0787402 -0.015748 -1 
vn -0.110236 0.015748 -0.992126 
vn -0.11811 0.00787402 -0.992126 
vn -0.0866142 -0.023622 -0.992126 
vn -0.015748 -0.0551181 -1 
vn -0.0551181 -0.0472441 -1 
vn -0.0629921 -0.0551181 -1 
vn -0.023622 -0.0629921 -1 
vn 0.0551181 -0.0551181 -1 
vn 0.015748 -0.0708661 -1 
vn 0.015748 -0.0787402 -1 
vn 0.0629921 -0.0708661 -0.992126 
vn 0.125984 -0.023622 -0.992126 
vn 0.11811 -0.015748 -0.992126 
vn 0.0944882 -0.0472441 -0.992126 
vn 0.102362 -0.0551181 -0.992126 
vn 0.165354 0.0472441 -0.984252 
vn 0.15748 0.0472441 -0.984252 
vn 0.149606 0.00787402 -0.992126 
vn 0.15748 0.00787402 -0.984252 
vn 0.165354 0.0866142 -0.984252 
vn 0.173228 0.0866142 -0.984252 
vn 0.149606 0.11811 -0.984252 
vn 0.204724 -0.110236 0.968504 
vn 0.212598 -0.0866142 0.976378 
vn 0.204724 -0.0629921 0.976378 
vn -0.755906 -0.401575 -0.511811 
vn -0.622047 -0.590551 -0.511811 
vn -0.84252 -0.181102 -0.503937 
vn -0.440945 -0.740157 -0.511811 
vn -0.228346 -0.834646 -0.503937 
vn 0.00787402 -0.866142 -0.496063 
vn 0.244094 -0.84252 -0.488189 
vn 0.661417 -0.598425 -0.448819 
vn 0.464567 -0.748031 -0.472441 
vn 0.826772 -0.417323 -0.370079 
vn 0.944882 -0.19685 -0.259843 
vn 0.952756 0.251969 -0.188976 
vn 0.551181 0.0787402 -0.826772 
vn 0.984252 0.023622 -0.173228 
vn 0.653543 0.645669 -0.385827 
vn 0.834646 0.472441 -0.283465 
vn 0.228346 0.874016 -0.433071 
vn 0.440945 0.787402 -0.425197 
vn -0.212598 0.866142 -0.448819 
vn 0.00787402 0.897638 -0.440945 
vn -0.417323 0.779528 -0.464567 
vn -0.598425 0.645669 -0.472441 
vn -0.740157 0.472441 -0.480315 
vn -0.826772 0.267717 -0.496063 
vn -0.866142 0.0393701 -0.503937 
vn 0.88189 -0.0393701 0.464567 
vn 1 0 0 
vn -0.228346 0.0866142 -0.968504 
vn 0.212598 0.755906 -0.614173 
vn 0.826772 0.480315 0.283465 
vn 0.818898 -0.551181 0.149606 
vn 0.173228 -0.543307 -0.826772 
vn 0.598425 0.637795 0.480315 
vn -0.543307 0.787402 -0.291339 
vn -0.653543 0.755906 -0.0866142 
vn 0.716535 0.653543 0.23622 
vn -0.716535 -0.653543 -0.23622 
vn -0.598425 -0.637795 -0.480315 
vn 0.543307 -0.787402 0.291339 
vn 0.653543 -0.755906 0.0866142 
vn -0.543307 0.787402 -0.291339 
vn -0.598425 -0.637795 -0.480315 
vn 0.598425 0.637795 0.480315 
vn 0.543307 -0.787402 0.291339 
vn 0.716535 0.653543 0.23622 
vn -0.661417 0.748031 0 
vn 0.740157 0.661417 0.125984 
vn 0.740157 0.661417 0.125984 
vn -0.661417 0.748031 0 
vn -0.661417 0.740157 0.125984 
vn 0.740157 0.677165 -0.00787402 
vn 0.740157 0.677165 -0.00787402 
vn -0.661417 0.740157 0.125984 
vn -0.622047 0.724409 0.291339 
vn 0.692913 0.692913 -0.204724 
vn 0.692913 0.692913 -0.204724 
vn -0.622047 0.724409 0.291339 
vn -0.511811 0.716535 0.480315 
vn 0.566929 0.716535 -0.417323 
vn 0.566929 0.716535 -0.417323 
vn -0.511811 0.716535 0.480315 
vn -0.330709 0.692913 0.637795 
vn 0.362205 0.724409 -0.590551 
vn 0.362205 0.724409 -0.590551 
vn -0.330709 0.692913 0.637795 
vn -0.181102 0.685039 0.700787 
vn 0.19685 0.724409 -0.653543 
vn -0.181102 0.685039 0.700787 
vn 0 0.692913 0.724409 
vn 0 0.732283 -0.677165 
vn 0.19685 0.724409 -0.653543 
vn -0.653543 0.755906 -0.0866142 
vn -0.716535 -0.653543 -0.23622 
vn -0.740157 -0.661417 -0.125984 
vn -0.661417 0.748031 0 
vn -0.661417 0.748031 0 
vn -0.740157 -0.661417 -0.125984 
vn -0.740157 -0.677165 0.00787402 
vn -0.661417 0.740157 0.125984 
vn -0.661417 0.740157 0.125984 
vn -0.740157 -0.677165 0.00787402 
vn -0.692913 -0.692913 0.19685 
vn -0.622047 0.724409 0.291339 
vn -0.622047 0.724409 0.291339 
vn -0.692913 -0.692913 0.19685 
vn -0.566929 -0.716535 0.409449 
vn -0.511811 0.716535 0.480315 
vn -0.511811 0.716535 0.480315 
vn -0.566929 -0.716535 0.409449 
vn -0.362205 -0.724409 0.582677 
vn -0.330709 0.692913 0.637795 
vn -0.330709 0.692913 0.637795 
vn -0.362205 -0.724409 0.582677 
vn -0.204724 -0.724409 0.653543 
vn -0.181102 0.685039 0.700787 
vn 0 0.692913 0.724409 
vn -0.181102 0.685039 0.700787 
vn -0.204724 -0.724409 0.653543 
vn 0 -0.732283 0.677165 
vn 0.653543 -0.755906 0.0866142 
vn 0.661417 -0.748031 0 
vn -0.740157 -0.661417 -0.125984 
vn 0.661417 -0.748031 0 
vn 0.661417 -0.740157 -0.125984 
vn -0.740157 -0.677165 0.00787402 
vn -0.740157 -0.661417 -0.125984 
vn 0.661417 -0.740157 -0.125984 
vn 0.622047 -0.724409 -0.299213 
vn -0.692913 -0.692913 0.19685 
vn -0.740157 -0.677165 0.00787402 
vn 0.622047 -0.724409 -0.299213 
vn 0.503937 -0.716535 -0.488189 
vn -0.566929 -0.716535 0.409449 
vn -0.692913 -0.692913 0.19685 
vn 0.503937 -0.716535 -0.488189 
vn 0.322835 -0.692913 -0.645669 
vn -0.362205 -0.724409 0.582677 
vn -0.566929 -0.716535 0.409449 
vn 0.322835 -0.692913 -0.645669 
vn 0.181102 -0.685039 -0.700787 
vn -0.204724 -0.724409 0.653543 
vn -0.362205 -0.724409 0.582677 
vn -0.204724 -0.724409 0.653543 
vn 0.181102 -0.685039 -0.700787 
vn 0 -0.692913 -0.724409 
vn 0 -0.732283 0.677165 
vn 0.661417 -0.748031 0 
vn 0.653543 -0.755906 0.0866142 
vn 0.716535 0.653543 0.23622 
vn 0.740157 0.661417 0.125984 
vn 0.661417 -0.740157 -0.125984 
vn 0.661417 -0.748031 0 
vn 0.740157 0.661417 0.125984 
vn 0.740157 0.677165 -0.00787402 
vn 0.622047 -0.724409 -0.299213 
vn 0.661417 -0.740157 -0.125984 
vn 0.740157 0.677165 -0.00787402 
vn 0.692913 0.692913 -0.204724 
vn 0.503937 -0.716535 -0.488189 
vn 0.622047 -0.724409 -0.299213 
vn 0.692913 0.692913 -0.204724 
vn 0.566929 0.716535 -0.417323 
vn 0.322835 -0.692913 -0.645669 
vn 0.503937 -0.716535 -0.488189 
vn 0.566929 0.716535 -0.417323 
vn 0.362205 0.724409 -0.590551 
vn 0.181102 -0.685039 -0.700787 
vn 0.322835 -0.692913 -0.645669 
vn 0.362205 0.724409 -0.590551 
vn 0.19685 0.724409 -0.653543 
vn 0 -0.692913 -0.724409 
vn 0.181102 -0.685039 -0.700787 
vn 0.19685 0.724409 -0.653543 
vn 0 0.732283 -0.677165 
vn 0.173228 -0.543307 -0.826772 
vn 0.818898 -0.551181 0.149606 
vn -0.598425 -0.637795 -0.480315 
vn -0.543307 0.787402 -0.291339 
vn 0.173228 -0.543307 -0.826772 
vn 0.826772 0.480315 0.283465 
vn 0.212598 0.755906 -0.614173 
vn 0.598425 0.637795 0.480315 
vn 0.543307 -0.787402 0.291339 
vn 0.818898 -0.551181 0.149606 
vn -0.818898 -0.551181 0.149606 
vn -0.826772 0.480315 0.283465 
vn -0.212598 0.755906 -0.614173 
vn -0.173228 -0.543307 -0.826772 
vn -0.598425 0.637795 0.480315 
vn -0.716535 0.653543 0.23622 
vn 0.653543 0.755906 -0.0866142 
vn 0.543307 0.787402 -0.291339 
vn -0.543307 -0.787402 0.291339 
vn 0.598425 -0.637795 -0.480315 
vn 0.716535 -0.653543 -0.23622 
vn -0.653543 -0.755906 0.0866142 
vn 0.543307 0.787402 -0.291339 
vn 0.598425 -0.637795 -0.480315 
vn -0.598425 0.637795 0.480315 
vn -0.543307 -0.787402 0.291339 
vn -0.716535 0.653543 0.23622 
vn -0.740157 0.661417 0.125984 
vn 0.661417 0.748031 0 
vn -0.740157 0.661417 0.125984 
vn -0.740157 0.677165 -0.00787402 
vn 0.661417 0.740157 0.125984 
vn 0.661417 0.748031 0 
vn -0.740157 0.677165 -0.00787402 
vn -0.692913 0.692913 -0.204724 
vn 0.622047 0.724409 0.291339 
vn 0.661417 0.740157 0.125984 
vn -0.692913 0.692913 -0.204724 
vn -0.566929 0.716535 -0.417323 
vn 0.511811 0.716535 0.480315 
vn 0.622047 0.724409 0.291339 
vn -0.566929 0.716535 -0.417323 
vn -0.362205 0.724409 -0.590551 
vn 0.330709 0.692913 0.637795 
vn 0.511811 0.716535 0.480315 
vn -0.362205 0.724409 -0.590551 
vn -0.19685 0.724409 -0.653543 
vn 0.181102 0.685039 0.700787 
vn 0.330709 0.692913 0.637795 
vn 0.181102 0.685039 0.700787 
vn -0.19685 0.724409 -0.653543 
vn 0.740157 -0.661417 -0.125984 
vn 0.716535 -0.653543 -0.23622 
vn 0.653543 0.755906 -0.0866142 
vn 0.661417 0.748031 0 
vn 0.740157 -0.677165 0.00787402 
vn 0.740157 -0.661417 -0.125984 
vn 0.661417 0.748031 0 
vn 0.661417 0.740157 0.125984 
vn 0.692913 -0.692913 0.19685 
vn 0.740157 -0.677165 0.00787402 
vn 0.661417 0.740157 0.125984 
vn 0.622047 0.724409 0.291339 
vn 0.566929 -0.716535 0.409449 
vn 0.692913 -0.692913 0.19685 
vn 0.622047 0.724409 0.291339 
vn 0.511811 0.716535 0.480315 
vn 0.362205 -0.724409 0.582677 
vn 0.566929 -0.716535 0.409449 
vn 0.511811 0.716535 0.480315 
vn 0.330709 0.692913 0.637795 
vn 0.204724 -0.724409 0.653543 
vn 0.362205 -0.724409 0.582677 
vn 0.330709 0.692913 0.637795 
vn 0.181102 0.685039 0.700787 
vn 0.204724 -0.724409 0.653543 
vn 0.181102 0.685039 0.700787 
vn 0.740157 -0.661417 -0.125984 
vn -0.661417 -0.748031 0 
vn -0.653543 -0.755906 0.0866142 
vn 0.740157 -0.677165 0.00787402 
vn -0.661417 -0.740157 -0.125984 
vn -0.661417 -0.748031 0 
vn 0.740157 -0.661417 -0.125984 
vn 0.692913 -0.692913 0.19685 
vn -0.622047 -0.724409 -0.299213 
vn -0.661417 -0.740157 -0.125984 
vn 0.740157 -0.677165 0.00787402 
vn 0.566929 -0.716535 0.409449 
vn -0.503937 -0.716535 -0.488189 
vn -0.622047 -0.724409 -0.299213 
vn 0.692913 -0.692913 0.19685 
vn 0.362205 -0.724409 0.582677 
vn -0.322835 -0.692913 -0.645669 
vn -0.503937 -0.716535 -0.488189 
vn 0.566929 -0.716535 0.409449 
vn 0.204724 -0.724409 0.653543 
vn -0.181102 -0.685039 -0.700787 
vn -0.322835 -0.692913 -0.645669 
vn 0.362205 -0.724409 0.582677 
vn 0.204724 -0.724409 0.653543 
vn -0.181102 -0.685039 -0.700787 
vn -0.716535 0.653543 0.23622 
vn -0.653543 -0.755906 0.0866142 
vn -0.661417 -0.748031 0 
vn -0.740157 0.661417 0.125984 
vn -0.740157 0.661417 0.125984 
vn -0.661417 -0.748031 0 
vn -0.661417 -0.740157 -0.125984 
vn -0.740157 0.677165 -0.00787402 
vn -0.740157 0.677165 -0.00787402 
vn -0.661417 -0.740157 -0.125984 
vn -0.622047 -0.724409 -0.299213 
vn -0.692913 0.692913 -0.204724 
vn -0.692913 0.692913 -0.204724 
vn -0.622047 -0.724409 -0.299213 
vn -0.503937 -0.716535 -0.488189 
vn -0.566929 0.716535 -0.417323 
vn -0.566929 0.716535 -0.417323 
vn -0.503937 -0.716535 -0.488189 
vn -0.322835 -0.692913 -0.645669 
vn -0.362205 0.724409 -0.590551 
vn -0.362205 0.724409 -0.590551 
vn -0.322835 -0.692913 -0.645669 
vn -0.181102 -0.685039 -0.700787 
vn -0.19685 0.724409 -0.653543 
vn -0.19685 0.724409 -0.653543 
vn -0.181102 -0.685039 -0.700787 
vn -0.818898 -0.551181 0.149606 
vn -0.173228 -0.543307 -0.826772 
vn 0.543307 0.787402 -0.291339 
vn 0.598425 -0.637795 -0.480315 
vn -0.173228 -0.543307 -0.826772 
vn -0.212598 0.755906 -0.614173 
vn -0.826772 0.480315 0.283465 
vn -0.543307 -0.787402 0.291339 
vn -0.598425 0.637795 0.480315 
vn -0.818898 -0.551181 0.149606 

vt 0.759192 0.715987 
vt 0.7596 0.717444 
vt 0.758761 0.718631 
vt 0.758165 0.717417 
vt 0.760359 0.715115 
vt 0.760562 0.716709 
vt 0.757375 0.719317 
vt 0.758104 0.720181 
vt 0.757682 0.72202 
vt 0.756854 0.721539 
vt 0.756656 0.723942 
vt 0.75751 0.723997 
vt 0.757615 0.726 
vt 0.75677 0.726368 
vt 0.757205 0.728649 
vt 0.75797 0.727895 
vt 0.75857 0.72958 
vt 0.757907 0.730671 
vt 0.759379 0.731539 
vt 0.758725 0.73202 
vt 0.764112 0.732282 
vt 0.763513 0.7317 
vt 0.764368 0.729793 
vt 0.765009 0.730937 
vt 0.765749 0.728968 
vt 0.764998 0.728161 
vt 0.765391 0.726284 
vt 0.766228 0.726715 
vt 0.76639 0.724301 
vt 0.765534 0.724295 
vt 0.7654 0.722299 
vt 0.766238 0.72188 
vt 0.765761 0.719626 
vt 0.765016 0.720436 
vt 0.764389 0.718832 
vt 0.765009 0.717667 
vt 0.764015 0.716166 
vt 0.763578 0.717584 
vt 0.76262 0.716796 
vt 0.762857 0.715187 
vt 0.761606 0.714841 
vt 0.761595 0.716497 
vt 0.797084 0.694175 
vt 0.792137 0.713962 
vt 0.782678 0.701755 
vt 0.78944 0.68505 
vt 0.805695 0.699725 
vt 0.803311 0.722168 
vt 0.783032 0.672814 
vt 0.774285 0.686855 
vt 0.768341 0.668193 
vt 0.778075 0.658311 
vt 0.77478 0.641879 
vt 0.763865 0.648107 
vt 0.762064 0.626678 
vt 0.773113 0.624377 
vt 0.7731 0.605945 
vt 0.761566 0.605042 
vt 0.762899 0.583719 
vt 0.774439 0.58692 
vt 0.764346 0.565462 
vt 0.776146 0.57265 
vt 0.848471 0.565831 
vt 0.860367 0.559311 
vt 0.862731 0.578349 
vt 0.851393 0.583309 
vt 0.853374 0.601922 
vt 0.864872 0.599523 
vt 0.865078 0.621266 
vt 0.853968 0.620263 
vt 0.852819 0.637893 
vt 0.863928 0.642926 
vt 0.860027 0.663523 
vt 0.850017 0.65465 
vt 0.845443 0.669649 
vt 0.854583 0.682845 
vt 0.846557 0.698588 
vt 0.839388 0.68247 
vt 0.831976 0.692223 
vt 0.837331 0.711704 
vt 0.826543 0.719185 
vt 0.823671 0.698678 
vt 0.801449 0.675532 
vt 0.795752 0.668893 
vt 0.807696 0.679507 
vt 0.791141 0.659598 
vt 0.787461 0.648739 
vt 0.785254 0.636179 
vt 0.784182 0.622653 
vt 0.784805 0.608244 
vt 0.786731 0.592877 
vt 0.790894 0.577559 
vt 0.839316 0.590187 
vt 0.834493 0.575516 
vt 0.842822 0.619612 
vt 0.841724 0.605267 
vt 0.840276 0.646178 
vt 0.842111 0.633312 
vt 0.836828 0.657433 
vt 0.832454 0.667201 
vt 0.826912 0.674266 
vt 0.820816 0.679222 
vt 0.797404 0.663421 
vt 0.802372 0.66939 
vt 0.798621 0.659018 
vt 0.803028 0.66429 
vt 0.807933 0.667576 
vt 0.807881 0.672974 
vt 0.790162 0.645573 
vt 0.793306 0.655323 
vt 0.792208 0.643077 
vt 0.794978 0.651784 
vt 0.787472 0.62242 
vt 0.788214 0.634489 
vt 0.789951 0.622377 
vt 0.790522 0.633127 
vt 0.79039 0.596048 
vt 0.788135 0.609673 
vt 0.79296 0.599299 
vt 0.790714 0.610995 
vt 0.803812 0.581216 
vt 0.797293 0.588699 
vt 0.794556 0.578549 
vt 0.803068 0.575382 
vt 0.834711 0.592794 
vt 0.829814 0.575508 
vt 0.83087 0.595904 
vt 0.825909 0.586593 
vt 0.819041 0.580173 
vt 0.821047 0.573729 
vt 0.838612 0.61926 
vt 0.83748 0.6064 
vt 0.834993 0.619125 
vt 0.833755 0.607521 
vt 0.83659 0.643123 
vt 0.838243 0.631649 
vt 0.833413 0.640603 
vt 0.834816 0.630219 
vt 0.829727 0.661919 
vt 0.833669 0.653336 
vt 0.827366 0.657522 
vt 0.830866 0.649787 
vt 0.819448 0.672591 
vt 0.824888 0.668388 
vt 0.818233 0.667105 
vt 0.823073 0.663344 
vt 0.813669 0.674085 
vt 0.814216 0.680789 
vt 0.813107 0.668447 
vt 0.761063 0.720681 
vt 0.76152 0.724213 
vt 0.760213 0.72159 
vt 0.760474 0.720564 
vt 0.759708 0.723198 
vt 0.75967 0.722054 
vt 0.759684 0.725084 
vt 0.759356 0.724124 
vt 0.760151 0.726752 
vt 0.759616 0.726231 
vt 0.760995 0.727747 
vt 0.760393 0.727819 
vt 0.761986 0.727775 
vt 0.761487 0.728428 
vt 0.762846 0.726837 
vt 0.762588 0.727884 
vt 0.763342 0.725196 
vt 0.763392 0.726344 
vt 0.763349 0.723309 
vt 0.763686 0.724253 
vt 0.762871 0.72167 
vt 0.763405 0.722165 
vt 0.762035 0.72071 
vt 0.762625 0.720627 
vt 0.761553 0.720042 
vt 0.80738 0.640769 
vt 0.809695 0.642883 
vt 0.809371 0.662697 
vt 0.804979 0.660334 
vt 0.813544 0.623251 
vt 0.812469 0.643542 
vt 0.803481 0.633576 
vt 0.805032 0.63773 
vt 0.801045 0.65574 
vt 0.797587 0.649688 
vt 0.802102 0.628737 
vt 0.795031 0.641907 
vt 0.793224 0.633037 
vt 0.801752 0.623331 
vt 0.801754 0.617657 
vt 0.792689 0.623047 
vt 0.793265 0.612342 
vt 0.802898 0.612177 
vt 0.804521 0.607194 
vt 0.79582 0.601856 
vt 0.800029 0.592816 
vt 0.807163 0.603384 
vt 0.810001 0.601042 
vt 0.805759 0.587443 
vt 0.811949 0.584935 
vt 0.813385 0.600586 
vt 0.81636 0.601792 
vt 0.818226 0.587049 
vt 0.823737 0.592192 
vt 0.819269 0.604867 
vt 0.82135 0.60889 
vt 0.827736 0.600283 
vt 0.830497 0.609206 
vt 0.822879 0.614033 
vt 0.823612 0.619346 
vt 0.83182 0.61873 
vt 0.832097 0.628214 
vt 0.823622 0.624855 
vt 0.821655 0.634657 
vt 0.822955 0.630055 
vt 0.831086 0.637242 
vt 0.829174 0.645554 
vt 0.817599 0.641329 
vt 0.819801 0.638582 
vt 0.82623 0.65247 
vt 0.82264 0.658058 
vt 0.814978 0.643194 
vt 0.818456 0.66154 
vt 0.813945 0.663086 
vt 0.760378 0.731617 
vt 0.761445 0.731669 
vt 0.762523 0.731694 
vt 0.809371 0.662697 
vt 0.804979 0.660334 
vt 0.813945 0.663086 
vt 0.801045 0.65574 
vt 0.797587 0.649688 
vt 0.795031 0.641907 
vt 0.793224 0.633037 
vt 0.793265 0.612342 
vt 0.792689 0.623047 
vt 0.79582 0.601856 
vt 0.800029 0.592816 
vt 0.811949 0.584935 
vt 0.805759 0.587443 
vt 0.811369 0.57861 
vt 0.823737 0.592192 
vt 0.818226 0.587049 
vt 0.830497 0.609206 
vt 0.827736 0.600283 
vt 0.832097 0.628214 
vt 0.83182 0.61873 
vt 0.831086 0.637242 
vt 0.829174 0.645554 
vt 0.82623 0.65247 
vt 0.82264 0.658058 
vt 0.818456 0.66154 
vt 0.814765 0.701245 
vt 0.815291 0.723244 
vt 0.811533 0.573437 
vt 0.758761 0.718631 
vt 0.7596 0.717444 
vt 0.759192 0.715987 
vt 0.758165 0.717417 
vt 0.760359 0.715115 
vt 0.760562 0.716709 
vt 0.757682 0.72202 
vt 0.758104 0.720181 
vt 0.757375 0.719317 
vt 0.756854 0.721539 
vt 0.757615 0.726 
vt 0.75751 0.723997 
vt 0.756656 0.723942 
vt 0.75677 0.726368 
vt 0.75857 0.72958 
vt 0.75797 0.727895 
vt 0.757205 0.728649 
vt 0.757907 0.730671 
vt 0.758725 0.73202 
vt 0.759379 0.731539 
vt 0.764368 0.729793 
vt 0.763513 0.7317 
vt 0.764112 0.732282 
vt 0.765009 0.730937 
vt 0.765391 0.726284 
vt 0.764998 0.728161 
vt 0.765749 0.728968 
vt 0.766228 0.726715 
vt 0.7654 0.722299 
vt 0.765534 0.724295 
vt 0.76639 0.724301 
vt 0.766238 0.72188 
vt 0.764389 0.718832 
vt 0.765016 0.720436 
vt 0.765761 0.719626 
vt 0.765009 0.717667 
vt 0.76262 0.716796 
vt 0.763578 0.717584 
vt 0.764015 0.716166 
vt 0.762857 0.715187 
vt 0.761595 0.716497 
vt 0.761606 0.714841 
vt 0.782678 0.701755 
vt 0.792137 0.713962 
vt 0.797084 0.694175 
vt 0.78944 0.68505 
vt 0.805695 0.699725 
vt 0.803311 0.722168 
vt 0.768341 0.668193 
vt 0.774285 0.686855 
vt 0.783032 0.672814 
vt 0.778075 0.658311 
vt 0.762064 0.626678 
vt 0.763865 0.648107 
vt 0.77478 0.641879 
vt 0.773113 0.624377 
vt 0.762899 0.583719 
vt 0.761566 0.605042 
vt 0.7731 0.605945 
vt 0.774439 0.58692 
vt 0.776146 0.57265 
vt 0.764346 0.565462 
vt 0.862731 0.578349 
vt 0.860367 0.559311 
vt 0.848471 0.565831 
vt 0.851393 0.583309 
vt 0.865078 0.621266 
vt 0.864872 0.599523 
vt 0.853374 0.601922 
vt 0.853968 0.620263 
vt 0.860027 0.663523 
vt 0.863928 0.642926 
vt 0.852819 0.637893 
vt 0.850017 0.65465 
vt 0.846557 0.698588 
vt 0.854583 0.682845 
vt 0.845443 0.669649 
vt 0.839388 0.68247 
vt 0.826543 0.719185 
vt 0.837331 0.711704 
vt 0.831976 0.692223 
vt 0.823671 0.698678 
vt 0.801449 0.675532 
vt 0.795752 0.668893 
vt 0.807696 0.679507 
vt 0.791141 0.659598 
vt 0.787461 0.648739 
vt 0.785254 0.636179 
vt 0.784182 0.622653 
vt 0.784805 0.608244 
vt 0.786731 0.592877 
vt 0.790894 0.577559 
vt 0.839316 0.590187 
vt 0.834493 0.575516 
vt 0.842822 0.619612 
vt 0.841724 0.605267 
vt 0.840276 0.646178 
vt 0.842111 0.633312 
vt 0.836828 0.657433 
vt 0.832454 0.667201 
vt 0.826912 0.674266 
vt 0.820816 0.679222 
vt 0.802372 0.66939 
vt 0.797404 0.663421 
vt 0.803028 0.66429 
vt 0.798621 0.659018 
vt 0.807881 0.672974 
vt 0.807933 0.667576 
vt 0.793306 0.655323 
vt 0.790162 0.645573 
vt 0.794978 0.651784 
vt 0.792208 0.643077 
vt 0.788214 0.634489 
vt 0.787472 0.62242 
vt 0.790522 0.633127 
vt 0.789951 0.622377 
vt 0.788135 0.609673 
vt 0.79039 0.596048 
vt 0.790714 0.610995 
vt 0.79296 0.599299 
vt 0.794556 0.578549 
vt 0.797293 0.588699 
vt 0.803812 0.581216 
vt 0.803068 0.575382 
vt 0.829814 0.575508 
vt 0.834711 0.592794 
vt 0.825909 0.586593 
vt 0.83087 0.595904 
vt 0.821047 0.573729 
vt 0.819041 0.580173 
vt 0.83748 0.6064 
vt 0.838612 0.61926 
vt 0.833755 0.607521 
vt 0.834993 0.619125 
vt 0.838243 0.631649 
vt 0.83659 0.643123 
vt 0.834816 0.630219 
vt 0.833413 0.640603 
vt 0.833669 0.653336 
vt 0.829727 0.661919 
vt 0.830866 0.649787 
vt 0.827366 0.657522 
vt 0.824888 0.668388 
vt 0.819448 0.672591 
vt 0.823073 0.663344 
vt 0.818233 0.667105 
vt 0.813669 0.674085 
vt 0.814216 0.680789 
vt 0.813107 0.668447 
vt 0.761063 0.720681 
vt 0.760474 0.720564 
vt 0.760213 0.72159 
vt 0.76152 0.724213 
vt 0.75967 0.722054 
vt 0.759708 0.723198 
vt 0.759356 0.724124 
vt 0.759684 0.725084 
vt 0.759616 0.726231 
vt 0.760151 0.726752 
vt 0.760393 0.727819 
vt 0.760995 0.727747 
vt 0.761487 0.728428 
vt 0.761986 0.727775 
vt 0.762588 0.727884 
vt 0.762846 0.726837 
vt 0.763392 0.726344 
vt 0.763342 0.725196 
vt 0.763686 0.724253 
vt 0.763349 0.723309 
vt 0.763405 0.722165 
vt 0.762871 0.72167 
vt 0.762625 0.720627 
vt 0.762035 0.72071 
vt 0.761553 0.720042 
vt 0.80738 0.640769 
vt 0.804979 0.660334 
vt 0.809371 0.662697 
vt 0.809695 0.642883 
vt 0.812469 0.643542 
vt 0.813544 0.623251 
vt 0.803481 0.633576 
vt 0.797587 0.649688 
vt 0.801045 0.65574 
vt 0.805032 0.63773 
vt 0.793224 0.633037 
vt 0.795031 0.641907 
vt 0.802102 0.628737 
vt 0.801752 0.623331 
vt 0.793265 0.612342 
vt 0.792689 0.623047 
vt 0.801754 0.617657 
vt 0.802898 0.612177 
vt 0.800029 0.592816 
vt 0.79582 0.601856 
vt 0.804521 0.607194 
vt 0.807163 0.603384 
vt 0.811949 0.584935 
vt 0.805759 0.587443 
vt 0.810001 0.601042 
vt 0.813385 0.600586 
vt 0.823737 0.592192 
vt 0.818226 0.587049 
vt 0.81636 0.601792 
vt 0.819269 0.604867 
vt 0.830497 0.609206 
vt 0.827736 0.600283 
vt 0.82135 0.60889 
vt 0.822879 0.614033 
vt 0.832097 0.628214 
vt 0.83182 0.61873 
vt 0.823612 0.619346 
vt 0.823622 0.624855 
vt 0.821655 0.634657 
vt 0.829174 0.645554 
vt 0.831086 0.637242 
vt 0.822955 0.630055 
vt 0.817599 0.641329 
vt 0.82264 0.658058 
vt 0.82623 0.65247 
vt 0.819801 0.638582 
vt 0.818456 0.66154 
vt 0.814978 0.643194 
vt 0.813945 0.663086 
vt 0.760378 0.731617 
vt 0.761445 0.731669 
vt 0.762523 0.731694 
vt 0.809371 0.662697 
vt 0.804979 0.660334 
vt 0.813945 0.663086 
vt 0.801045 0.65574 
vt 0.797587 0.649688 
vt 0.795031 0.641907 
vt 0.793224 0.633037 
vt 0.793265 0.612342 
vt 0.792689 0.623047 
vt 0.79582 0.601856 
vt 0.800029 0.592816 
vt 0.811949 0.584935 
vt 0.811369 0.57861 
vt 0.805759 0.587443 
vt 0.823737 0.592192 
vt 0.818226 0.587049 
vt 0.830497 0.609206 
vt 0.827736 0.600283 
vt 0.832097 0.628214 
vt 0.83182 0.61873 
vt 0.831086 0.637242 
vt 0.829174 0.645554 
vt 0.82623 0.65247 
vt 0.82264 0.658058 
vt 0.818456 0.66154 
vt 0.815291 0.723244 
vt 0.814765 0.701245 
vt 0.811533 0.573437 
vt 0.814058 0.518487 
vt 0.814058 0.556767 
vt 0.794235 0.556767 
vt 0.794235 0.518487 
vt 0.814058 0.556767 
vt 0.794235 0.556767 
vt 0.794235 0.518487 
vt 0.814058 0.518487 
vt 0.794235 0.556767 
vt 0.794235 0.518487 
vt 0.814058 0.518487 
vt 0.814058 0.556767 
vt 0.814058 0.518487 
vt 0.814058 0.556767 
vt 0.794235 0.518487 
vt 0.794235 0.556767 
vt 0.794235 0.556767 
vt 0.814058 0.518487 
vt 0.814058 0.556767 
vt 0.794235 0.556767 
vt 0.794235 0.518487 
vt 0.814058 0.518487 
vt 0.814058 0.556767 
vt 0.794235 0.556767 
vt 0.794235 0.518487 
vt 0.814058 0.518487 
vt 0.814058 0.556767 
vt 0.794235 0.556767 
vt 0.794235 0.518487 
vt 0.814058 0.518487 
vt 0.814058 0.556767 
vt 0.794235 0.556767 
vt 0.794235 0.518487 
vt 0.814058 0.518487 
vt 0.814058 0.556767 
vt 0.794235 0.556767 
vt 0.794235 0.518487 
vt 0.814058 0.518487 
vt 0.814058 0.556767 
vt 0.794235 0.518487 
vt 0.814058 0.518487 
vt 0.814058 0.556767 
vt 0.794235 0.556767 
vt 0.794235 0.556767 
vt 0.794235 0.518487 
vt 0.814058 0.518487 
vt 0.814058 0.556767 
vt 0.794235 0.556767 
vt 0.794235 0.518487 
vt 0.814058 0.518487 
vt 0.814058 0.556767 
vt 0.794235 0.556767 
vt 0.794235 0.518487 
vt 0.814058 0.518487 
vt 0.814058 0.556767 
vt 0.794235 0.556767 
vt 0.794235 0.518487 
vt 0.814058 0.518487 
vt 0.814058 0.556767 
vt 0.794235 0.556767 
vt 0.794235 0.518487 
vt 0.814058 0.518487 
vt 0.814058 0.556767 
vt 0.794235 0.556767 
vt 0.794235 0.518487 
vt 0.814058 0.518487 
vt 0.814058 0.556767 
vt 0.814058 0.556767 
vt 0.794235 0.556767 
vt 0.794235 0.518487 
vt 0.814058 0.518487 
vt 0.794235 0.518487 
vt 0.814058 0.518487 
vt 0.814058 0.556767 
vt 0.794235 0.518487 
vt 0.814058 0.518487 
vt 0.814058 0.556767 
vt 0.794235 0.556767 
vt 0.794235 0.518487 
vt 0.814058 0.518487 
vt 0.814058 0.556767 
vt 0.794235 0.556767 
vt 0.794235 0.518487 
vt 0.814058 0.518487 
vt 0.814058 0.556767 
vt 0.794235 0.556767 
vt 0.794235 0.518487 
vt 0.814058 0.518487 
vt 0.814058 0.556767 
vt 0.794235 0.556767 
vt 0.794235 0.518487 
vt 0.814058 0.518487 
vt 0.814058 0.556767 
vt 0.794235 0.556767 
vt 0.794235 0.556767 
vt 0.794235 0.518487 
vt 0.814058 0.518487 
vt 0.814058 0.556767 
vt 0.814058 0.556767 
vt 0.794235 0.556767 
vt 0.794235 0.518487 
vt 0.814058 0.518487 
vt 0.814058 0.556767 
vt 0.794235 0.556767 
vt 0.794235 0.518487 
vt 0.814058 0.518487 
vt 0.814058 0.556767 
vt 0.794235 0.556767 
vt 0.794235 0.518487 
vt 0.814058 0.518487 
vt 0.814058 0.556767 
vt 0.794235 0.556767 
vt 0.794235 0.518487 
vt 0.814058 0.518487 
vt 0.814058 0.556767 
vt 0.794235 0.556767 
vt 0.794235 0.518487 
vt 0.814058 0.518487 
vt 0.814058 0.556767 
vt 0.794235 0.556767 
vt 0.794235 0.518487 
vt 0.814058 0.518487 
vt 0.814058 0.556767 
vt 0.794235 0.556767 
vt 0.794235 0.518487 
vt 0.814058 0.518487 
vt 0.814058 0.518487 
vt 0.814058 0.556767 
vt 0.794235 0.556767 
vt 0.794235 0.518487 
vt 0.814058 0.556767 
vt 0.814058 0.518487 
vt 0.814058 0.556767 
vt 0.794235 0.556767 
vt 0.794235 0.518487 
vt 0.814058 0.518487 
vt 0.794235 0.556767 
vt 0.814058 0.556767 
vt 0.814058 0.518487 
vt 0.794235 0.518487 
vt 0.814058 0.556767 
vt 0.814058 0.518487 
vt 0.794235 0.518487 
vt 0.794235 0.556767 
vt 0.814058 0.518487 
vt 0.794235 0.518487 
vt 0.794235 0.556767 
vt 0.814058 0.556767 
vt 0.814058 0.518487 
vt 0.814058 0.556767 
vt 0.794235 0.518487 
vt 0.794235 0.556767 
vt 0.794235 0.556767 
vt 0.814058 0.556767 
vt 0.814058 0.518487 
vt 0.794235 0.556767 
vt 0.814058 0.556767 
vt 0.814058 0.518487 
vt 0.794235 0.518487 
vt 0.794235 0.556767 
vt 0.814058 0.556767 
vt 0.814058 0.518487 
vt 0.794235 0.518487 
vt 0.794235 0.556767 
vt 0.814058 0.556767 
vt 0.814058 0.518487 
vt 0.794235 0.518487 
vt 0.794235 0.556767 
vt 0.814058 0.556767 
vt 0.814058 0.518487 
vt 0.794235 0.518487 
vt 0.794235 0.556767 
vt 0.814058 0.556767 
vt 0.814058 0.518487 
vt 0.794235 0.518487 
vt 0.794235 0.518487 
vt 0.794235 0.556767 
vt 0.814058 0.518487 
vt 0.794235 0.518487 
vt 0.794235 0.556767 
vt 0.814058 0.556767 
vt 0.814058 0.518487 
vt 0.794235 0.518487 
vt 0.794235 0.556767 
vt 0.814058 0.556767 
vt 0.814058 0.518487 
vt 0.794235 0.518487 
vt 0.794235 0.556767 
vt 0.814058 0.556767 
vt 0.814058 0.518487 
vt 0.794235 0.518487 
vt 0.794235 0.556767 
vt 0.814058 0.556767 
vt 0.814058 0.518487 
vt 0.794235 0.518487 
vt 0.794235 0.556767 
vt 0.814058 0.556767 
vt 0.814058 0.518487 
vt 0.794235 0.518487 
vt 0.794235 0.556767 
vt 0.814058 0.556767 
vt 0.794235 0.518487 
vt 0.794235 0.556767 
vt 0.814058 0.556767 
vt 0.814058 0.518487 
vt 0.794235 0.518487 
vt 0.814058 0.556767 
vt 0.814058 0.518487 
vt 0.794235 0.518487 
vt 0.794235 0.556767 
vt 0.814058 0.556767 
vt 0.814058 0.518487 
vt 0.794235 0.518487 
vt 0.794235 0.556767 
vt 0.814058 0.556767 
vt 0.814058 0.518487 
vt 0.794235 0.518487 
vt 0.794235 0.556767 
vt 0.814058 0.556767 
vt 0.814058 0.518487 
vt 0.794235 0.518487 
vt 0.794235 0.556767 
vt 0.814058 0.556767 
vt 0.814058 0.518487 
vt 0.794235 0.518487 
vt 0.794235 0.556767 
vt 0.794235 0.556767 
vt 0.794235 0.518487 
vt 0.794235 0.518487 
vt 0.794235 0.556767 
vt 0.814058 0.556767 
vt 0.814058 0.518487 
vt 0.794235 0.518487 
vt 0.794235 0.556767 
vt 0.814058 0.556767 
vt 0.814058 0.518487 
vt 0.794235 0.518487 
vt 0.794235 0.556767 
vt 0.814058 0.556767 
vt 0.814058 0.518487 
vt 0.794235 0.518487 
vt 0.794235 0.556767 
vt 0.814058 0.556767 
vt 0.814058 0.518487 
vt 0.794235 0.518487 
vt 0.794235 0.556767 
vt 0.814058 0.556767 
vt 0.814058 0.518487 
vt 0.794235 0.518487 
vt 0.794235 0.556767 
vt 0.814058 0.556767 
vt 0.814058 0.518487 
vt 0.794235 0.518487 
vt 0.794235 0.556767 
vt 0.814058 0.556767 
vt 0.814058 0.518487 
vt 0.794235 0.518487 
vt 0.794235 0.556767 
vt 0.814058 0.556767 
vt 0.814058 0.556767 
vt 0.814058 0.518487 
vt 0.794235 0.518487 
vt 0.794235 0.556767 
vt 0.814058 0.518487 

usemtl Handle1Mtl

f 2194/2194/2194 2195/2195/2195 2196/2196/2196 
f 2196/2196/2196 2197/2197/2197 2194/2194/2194 
f 2195/2195/2195 2194/2194/2194 2198/2198/2198 
f 2198/2198/2198 2199/2199/2199 2195/2195/2195 
f 2200/2200/2200 2201/2201/2201 2202/2202/2202 
f 2202/2202/2202 2203/2203/2203 2200/2200/2200 
f 2196/2196/2196 2201/2201/2201 2200/2200/2200 
f 2200/2200/2200 2197/2197/2197 2196/2196/2196 
f 2204/2204/2204 2205/2205/2205 2206/2206/2206 
f 2206/2206/2206 2207/2207/2207 2204/2204/2204 
f 2202/2202/2202 2205/2205/2205 2204/2204/2204 
f 2204/2204/2204 2203/2203/2203 2202/2202/2202 
f 2208/2208/2208 2209/2209/2209 2210/2210/2210 
f 2210/2210/2210 2211/2211/2211 2208/2208/2208 
f 2206/2206/2206 2209/2209/2209 2208/2208/2208 
f 2208/2208/2208 2207/2207/2207 2206/2206/2206 
f 2210/2210/2210 2212/2212/2212 2213/2213/2213 
f 2213/2213/2213 2211/2211/2211 2210/2210/2210 
f 2214/2214/2214 2215/2215/2215 2216/2216/2216 
f 2216/2216/2216 2217/2217/2217 2214/2214/2214 
f 2218/2218/2218 2219/2219/2219 2220/2220/2220 
f 2220/2220/2220 2221/2221/2221 2218/2218/2218 
f 2216/2216/2216 2219/2219/2219 2218/2218/2218 
f 2218/2218/2218 2217/2217/2217 2216/2216/2216 
f 2222/2222/2222 2223/2223/2223 2224/2224/2224 
f 2224/2224/2224 2225/2225/2225 2222/2222/2222 
f 2220/2220/2220 2223/2223/2223 2222/2222/2222 
f 2222/2222/2222 2221/2221/2221 2220/2220/2220 
f 2226/2226/2226 2227/2227/2227 2228/2228/2228 
f 2228/2228/2228 2229/2229/2229 2226/2226/2226 
f 2224/2224/2224 2227/2227/2227 2226/2226/2226 
f 2226/2226/2226 2225/2225/2225 2224/2224/2224 
f 2230/2230/2230 2231/2231/2231 2232/2232/2232 
f 2232/2232/2232 2233/2233/2233 2230/2230/2230 
f 2228/2228/2228 2231/2231/2231 2230/2230/2230 
f 2230/2230/2230 2229/2229/2229 2228/2228/2228 
f 2198/2198/2198 2234/2234/2234 2235/2235/2235 
f 2235/2235/2235 2199/2199/2199 2198/2198/2198 
f 2232/2232/2232 2235/2235/2235 2234/2234/2234 
f 2234/2234/2234 2233/2233/2233 2232/2232/2232 
f 2236/2236/2236 2237/2237/2237 2238/2238/2238 
f 2238/2238/2238 2239/2239/2239 2236/2236/2236 
f 2237/2237/2237 2236/2236/2236 2240/2240/2240 
f 2240/2240/2240 2241/2241/2241 2237/2237/2237 
f 2242/2242/2242 2243/2243/2243 2244/2244/2244 
f 2244/2244/2244 2245/2245/2245 2242/2242/2242 
f 2238/2238/2238 2243/2243/2243 2242/2242/2242 
f 2242/2242/2242 2239/2239/2239 2238/2238/2238 
f 2246/2246/2246 2247/2247/2247 2248/2248/2248 
f 2248/2248/2248 2249/2249/2249 2246/2246/2246 
f 2244/2244/2244 2247/2247/2247 2246/2246/2246 
f 2246/2246/2246 2245/2245/2245 2244/2244/2244 
f 2250/2250/2250 2251/2251/2251 2252/2252/2252 
f 2252/2252/2252 2253/2253/2253 2250/2250/2250 
f 2248/2248/2248 2251/2251/2251 2250/2250/2250 
f 2250/2250/2250 2249/2249/2249 2248/2248/2248 
f 2252/2252/2252 2254/2254/2254 2255/2255/2255 
f 2255/2255/2255 2253/2253/2253 2252/2252/2252 
f 2256/2256/2256 2257/2257/2257 2258/2258/2258 
f 2258/2258/2258 2259/2259/2259 2256/2256/2256 
f 2260/2260/2260 2261/2261/2261 2262/2262/2262 
f 2262/2262/2262 2263/2263/2263 2260/2260/2260 
f 2258/2258/2258 2261/2261/2261 2260/2260/2260 
f 2260/2260/2260 2259/2259/2259 2258/2258/2258 
f 2264/2264/2264 2265/2265/2265 2266/2266/2266 
f 2266/2266/2266 2267/2267/2267 2264/2264/2264 
f 2262/2262/2262 2265/2265/2265 2264/2264/2264 
f 2264/2264/2264 2263/2263/2263 2262/2262/2262 
f 2268/2268/2268 2269/2269/2269 2270/2270/2270 
f 2270/2270/2270 2271/2271/2271 2268/2268/2268 
f 2266/2266/2266 2269/2269/2269 2268/2268/2268 
f 2268/2268/2268 2267/2267/2267 2266/2266/2266 
f 2272/2272/2272 2273/2273/2273 2274/2274/2274 
f 2274/2274/2274 2275/2275/2275 2272/2272/2272 
f 2270/2270/2270 2273/2273/2273 2272/2272/2272 
f 2272/2272/2272 2271/2271/2271 2270/2270/2270 
f 2276/2276/2276 2236/2236/2236 2239/2239/2239 
f 2239/2239/2239 2277/2277/2277 2276/2276/2276 
f 2236/2236/2236 2276/2276/2276 2278/2278/2278 
f 2278/2278/2278 2240/2240/2240 2236/2236/2236 
f 2279/2279/2279 2242/2242/2242 2245/2245/2245 
f 2245/2245/2245 2280/2280/2280 2279/2279/2279 
f 2277/2277/2277 2239/2239/2239 2242/2242/2242 
f 2242/2242/2242 2279/2279/2279 2277/2277/2277 
f 2281/2281/2281 2246/2246/2246 2249/2249/2249 
f 2249/2249/2249 2282/2282/2282 2281/2281/2281 
f 2280/2280/2280 2245/2245/2245 2246/2246/2246 
f 2246/2246/2246 2281/2281/2281 2280/2280/2280 
f 2283/2283/2283 2250/2250/2250 2253/2253/2253 
f 2253/2253/2253 2284/2284/2284 2283/2283/2283 
f 2282/2282/2282 2249/2249/2249 2250/2250/2250 
f 2250/2250/2250 2283/2283/2283 2282/2282/2282 
f 2284/2284/2284 2253/2253/2253 2255/2255/2255 
f 2255/2255/2255 2285/2285/2285 2284/2284/2284 
f 2286/2286/2286 2287/2287/2287 2256/2256/2256 
f 2256/2256/2256 2259/2259/2259 2286/2286/2286 
f 2288/2288/2288 2289/2289/2289 2260/2260/2260 
f 2260/2260/2260 2263/2263/2263 2288/2288/2288 
f 2259/2259/2259 2260/2260/2260 2289/2289/2289 
f 2289/2289/2289 2286/2286/2286 2259/2259/2259 
f 2290/2290/2290 2291/2291/2291 2264/2264/2264 
f 2264/2264/2264 2267/2267/2267 2290/2290/2290 
f 2263/2263/2263 2264/2264/2264 2291/2291/2291 
f 2291/2291/2291 2288/2288/2288 2263/2263/2263 
f 2292/2292/2292 2268/2268/2268 2271/2271/2271 
f 2271/2271/2271 2293/2293/2293 2292/2292/2292 
f 2267/2267/2267 2268/2268/2268 2292/2292/2292 
f 2292/2292/2292 2290/2290/2290 2267/2267/2267 
f 2294/2294/2294 2272/2272/2272 2275/2275/2275 
f 2275/2275/2275 2295/2295/2295 2294/2294/2294 
f 2293/2293/2293 2271/2271/2271 2272/2272/2272 
f 2272/2272/2272 2294/2294/2294 2293/2293/2293 
f 2277/2277/2277 2296/2296/2296 2297/2297/2297 
f 2297/2297/2297 2276/2276/2276 2277/2277/2277 
f 2296/2296/2296 2298/2298/2298 2299/2299/2299 
f 2299/2299/2299 2297/2297/2297 2296/2296/2296 
f 2300/2300/2300 2301/2301/2301 2297/2297/2297 
f 2297/2297/2297 2299/2299/2299 2300/2300/2300 
f 2301/2301/2301 2278/2278/2278 2276/2276/2276 
f 2276/2276/2276 2297/2297/2297 2301/2301/2301 
f 2280/2280/2280 2302/2302/2302 2303/2303/2303 
f 2303/2303/2303 2279/2279/2279 2280/2280/2280 
f 2302/2302/2302 2304/2304/2304 2305/2305/2305 
f 2305/2305/2305 2303/2303/2303 2302/2302/2302 
f 2298/2298/2298 2296/2296/2296 2303/2303/2303 
f 2303/2303/2303 2305/2305/2305 2298/2298/2298 
f 2296/2296/2296 2277/2277/2277 2279/2279/2279 
f 2279/2279/2279 2303/2303/2303 2296/2296/2296 
f 2282/2282/2282 2306/2306/2306 2307/2307/2307 
f 2307/2307/2307 2281/2281/2281 2282/2282/2282 
f 2306/2306/2306 2308/2308/2308 2309/2309/2309 
f 2309/2309/2309 2307/2307/2307 2306/2306/2306 
f 2304/2304/2304 2302/2302/2302 2307/2307/2307 
f 2307/2307/2307 2309/2309/2309 2304/2304/2304 
f 2302/2302/2302 2280/2280/2280 2281/2281/2281 
f 2281/2281/2281 2307/2307/2307 2302/2302/2302 
f 2283/2283/2283 2284/2284/2284 2310/2310/2310 
f 2310/2310/2310 2311/2311/2311 2283/2283/2283 
f 2312/2312/2312 2313/2313/2313 2311/2311/2311 
f 2311/2311/2311 2310/2310/2310 2312/2312/2312 
f 2313/2313/2313 2308/2308/2308 2306/2306/2306 
f 2306/2306/2306 2311/2311/2311 2313/2313/2313 
f 2282/2282/2282 2283/2283/2283 2311/2311/2311 
f 2311/2311/2311 2306/2306/2306 2282/2282/2282 
f 2314/2314/2314 2315/2315/2315 2316/2316/2316 
f 2316/2316/2316 2317/2317/2317 2314/2314/2314 
f 2315/2315/2315 2312/2312/2312 2310/2310/2310 
f 2310/2310/2310 2316/2316/2316 2315/2315/2315 
f 2310/2310/2310 2284/2284/2284 2285/2285/2285 
f 2285/2285/2285 2316/2316/2316 2310/2310/2310 
f 2287/2287/2287 2286/2286/2286 2318/2318/2318 
f 2318/2318/2318 2319/2319/2319 2287/2287/2287 
f 2318/2318/2318 2320/2320/2320 2321/2321/2321 
f 2321/2321/2321 2319/2319/2319 2318/2318/2318 
f 2321/2321/2321 2322/2322/2322 2323/2323/2323 
f 2323/2323/2323 2319/2319/2319 2321/2321/2321 
f 2289/2289/2289 2288/2288/2288 2324/2324/2324 
f 2324/2324/2324 2325/2325/2325 2289/2289/2289 
f 2326/2326/2326 2327/2327/2327 2325/2325/2325 
f 2325/2325/2325 2324/2324/2324 2326/2326/2326 
f 2327/2327/2327 2320/2320/2320 2318/2318/2318 
f 2318/2318/2318 2325/2325/2325 2327/2327/2327 
f 2286/2286/2286 2289/2289/2289 2325/2325/2325 
f 2325/2325/2325 2318/2318/2318 2286/2286/2286 
f 2291/2291/2291 2290/2290/2290 2328/2328/2328 
f 2328/2328/2328 2329/2329/2329 2291/2291/2291 
f 2330/2330/2330 2331/2331/2331 2329/2329/2329 
f 2329/2329/2329 2328/2328/2328 2330/2330/2330 
f 2331/2331/2331 2326/2326/2326 2324/2324/2324 
f 2324/2324/2324 2329/2329/2329 2331/2331/2331 
f 2288/2288/2288 2291/2291/2291 2329/2329/2329 
f 2329/2329/2329 2324/2324/2324 2288/2288/2288 
f 2293/2293/2293 2332/2332/2332 2333/2333/2333 
f 2333/2333/2333 2292/2292/2292 2293/2293/2293 
f 2332/2332/2332 2334/2334/2334 2335/2335/2335 
f 2335/2335/2335 2333/2333/2333 2332/2332/2332 
f 2330/2330/2330 2328/2328/2328 2333/2333/2333 
f 2333/2333/2333 2335/2335/2335 2330/2330/2330 
f 2328/2328/2328 2290/2290/2290 2292/2292/2292 
f 2292/2292/2292 2333/2333/2333 2328/2328/2328 
f 2295/2295/2295 2336/2336/2336 2337/2337/2337 
f 2337/2337/2337 2294/2294/2294 2295/2295/2295 
f 2336/2336/2336 2338/2338/2338 2339/2339/2339 
f 2339/2339/2339 2337/2337/2337 2336/2336/2336 
f 2334/2334/2334 2332/2332/2332 2337/2337/2337 
f 2337/2337/2337 2339/2339/2339 2334/2334/2334 
f 2332/2332/2332 2293/2293/2293 2294/2294/2294 
f 2294/2294/2294 2337/2337/2337 2332/2332/2332 
f 2278/2278/2278 2301/2301/2301 2340/2340/2340 
f 2340/2340/2340 2341/2341/2341 2278/2278/2278 
f 2301/2301/2301 2300/2300/2300 2342/2342/2342 
f 2342/2342/2342 2340/2340/2340 2301/2301/2301 
f 2338/2338/2338 2336/2336/2336 2340/2340/2340 
f 2340/2340/2340 2342/2342/2342 2338/2338/2338 
f 2336/2336/2336 2295/2295/2295 2341/2341/2341 
f 2341/2341/2341 2340/2340/2340 2336/2336/2336 
f 2343/2343/2343 2344/2344/2344 2345/2345/2345 
f 2345/2345/2345 2346/2346/2346 2343/2343/2343 
f 2345/2345/2345 2344/2344/2344 2347/2347/2347 
f 2347/2347/2347 2348/2348/2348 2345/2345/2345 
f 2347/2347/2347 2344/2344/2344 2349/2349/2349 
f 2349/2349/2349 2350/2350/2350 2347/2347/2347 
f 2349/2349/2349 2344/2344/2344 2351/2351/2351 
f 2351/2351/2351 2352/2352/2352 2349/2349/2349 
f 2351/2351/2351 2344/2344/2344 2353/2353/2353 
f 2353/2353/2353 2354/2354/2354 2351/2351/2351 
f 2353/2353/2353 2344/2344/2344 2355/2355/2355 
f 2355/2355/2355 2356/2356/2356 2353/2353/2353 
f 2355/2355/2355 2344/2344/2344 2357/2357/2357 
f 2357/2357/2357 2358/2358/2358 2355/2355/2355 
f 2357/2357/2357 2344/2344/2344 2359/2359/2359 
f 2359/2359/2359 2360/2360/2360 2357/2357/2357 
f 2359/2359/2359 2344/2344/2344 2361/2361/2361 
f 2361/2361/2361 2362/2362/2362 2359/2359/2359 
f 2361/2361/2361 2344/2344/2344 2363/2363/2363 
f 2363/2363/2363 2364/2364/2364 2361/2361/2361 
f 2363/2363/2363 2344/2344/2344 2365/2365/2365 
f 2365/2365/2365 2366/2366/2366 2363/2363/2363 
f 2365/2365/2365 2344/2344/2344 2343/2343/2343 
f 2343/2343/2343 2367/2367/2367 2365/2365/2365 
f 2368/2368/2368 2369/2369/2369 2370/2370/2370 
f 2370/2370/2370 2371/2371/2371 2368/2368/2368 
f 2368/2368/2368 2372/2372/2372 2373/2373/2373 
f 2373/2373/2373 2369/2369/2369 2368/2368/2368 
f 2374/2374/2374 2375/2375/2375 2376/2376/2376 
f 2376/2376/2376 2377/2377/2377 2374/2374/2374 
f 2374/2374/2374 2372/2372/2372 2368/2368/2368 
f 2368/2368/2368 2375/2375/2375 2374/2374/2374 
f 2378/2378/2378 2379/2379/2379 2380/2380/2380 
f 2380/2380/2380 2381/2381/2381 2378/2378/2378 
f 2381/2381/2381 2372/2372/2372 2374/2374/2374 
f 2374/2374/2374 2378/2378/2378 2381/2381/2381 
f 2382/2382/2382 2383/2383/2383 2384/2384/2384 
f 2384/2384/2384 2385/2385/2385 2382/2382/2382 
f 2385/2385/2385 2372/2372/2372 2381/2381/2381 
f 2381/2381/2381 2382/2382/2382 2385/2385/2385 
f 2386/2386/2386 2387/2387/2387 2388/2388/2388 
f 2388/2388/2388 2389/2389/2389 2386/2386/2386 
f 2389/2389/2389 2372/2372/2372 2385/2385/2385 
f 2385/2385/2385 2386/2386/2386 2389/2389/2389 
f 2390/2390/2390 2391/2391/2391 2392/2392/2392 
f 2392/2392/2392 2393/2393/2393 2390/2390/2390 
f 2393/2393/2393 2372/2372/2372 2389/2389/2389 
f 2389/2389/2389 2390/2390/2390 2393/2393/2393 
f 2394/2394/2394 2395/2395/2395 2396/2396/2396 
f 2396/2396/2396 2397/2397/2397 2394/2394/2394 
f 2397/2397/2397 2372/2372/2372 2393/2393/2393 
f 2393/2393/2393 2394/2394/2394 2397/2397/2397 
f 2398/2398/2398 2399/2399/2399 2400/2400/2400 
f 2400/2400/2400 2401/2401/2401 2398/2398/2398 
f 2401/2401/2401 2372/2372/2372 2397/2397/2397 
f 2397/2397/2397 2398/2398/2398 2401/2401/2401 
f 2402/2402/2402 2403/2403/2403 2404/2404/2404 
f 2404/2404/2404 2405/2405/2405 2402/2402/2402 
f 2405/2405/2405 2372/2372/2372 2401/2401/2401 
f 2401/2401/2401 2402/2402/2402 2405/2405/2405 
f 2406/2406/2406 2407/2407/2407 2408/2408/2408 
f 2408/2408/2408 2409/2409/2409 2406/2406/2406 
f 2406/2406/2406 2372/2372/2372 2405/2405/2405 
f 2405/2405/2405 2407/2407/2407 2406/2406/2406 
f 2410/2410/2410 2411/2411/2411 2412/2412/2412 
f 2412/2412/2412 2413/2413/2413 2410/2410/2410 
f 2410/2410/2410 2372/2372/2372 2406/2406/2406 
f 2406/2406/2406 2411/2411/2411 2410/2410/2410 
f 2373/2373/2373 2414/2414/2414 2415/2415/2415 
f 2415/2415/2415 2416/2416/2416 2373/2373/2373 
f 2373/2373/2373 2372/2372/2372 2410/2410/2410 
f 2410/2410/2410 2414/2414/2414 2373/2373/2373 
f 2199/2199/2199 2343/2343/2343 2346/2346/2346 
f 2346/2346/2346 2195/2195/2195 2199/2199/2199 
f 2196/2196/2196 2195/2195/2195 2346/2346/2346 
f 2346/2346/2346 2345/2345/2345 2196/2196/2196 
f 2196/2196/2196 2345/2345/2345 2348/2348/2348 
f 2348/2348/2348 2201/2201/2201 2196/2196/2196 
f 2202/2202/2202 2201/2201/2201 2348/2348/2348 
f 2348/2348/2348 2347/2347/2347 2202/2202/2202 
f 2202/2202/2202 2347/2347/2347 2350/2350/2350 
f 2350/2350/2350 2205/2205/2205 2202/2202/2202 
f 2206/2206/2206 2205/2205/2205 2350/2350/2350 
f 2350/2350/2350 2349/2349/2349 2206/2206/2206 
f 2206/2206/2206 2349/2349/2349 2352/2352/2352 
f 2352/2352/2352 2209/2209/2209 2206/2206/2206 
f 2210/2210/2210 2209/2209/2209 2352/2352/2352 
f 2352/2352/2352 2351/2351/2351 2210/2210/2210 
f 2210/2210/2210 2351/2351/2351 2354/2354/2354 
f 2354/2354/2354 2212/2212/2212 2210/2210/2210 
f 2417/2417/2417 2212/2212/2212 2354/2354/2354 
f 2354/2354/2354 2353/2353/2353 2417/2417/2417 
f 2417/2417/2417 2353/2353/2353 2356/2356/2356 
f 2356/2356/2356 2418/2418/2418 2417/2417/2417 
f 2419/2419/2419 2418/2418/2418 2356/2356/2356 
f 2356/2356/2356 2355/2355/2355 2419/2419/2419 
f 2419/2419/2419 2355/2355/2355 2358/2358/2358 
f 2358/2358/2358 2215/2215/2215 2419/2419/2419 
f 2216/2216/2216 2215/2215/2215 2358/2358/2358 
f 2358/2358/2358 2357/2357/2357 2216/2216/2216 
f 2216/2216/2216 2357/2357/2357 2360/2360/2360 
f 2360/2360/2360 2219/2219/2219 2216/2216/2216 
f 2220/2220/2220 2219/2219/2219 2360/2360/2360 
f 2360/2360/2360 2359/2359/2359 2220/2220/2220 
f 2220/2220/2220 2359/2359/2359 2362/2362/2362 
f 2362/2362/2362 2223/2223/2223 2220/2220/2220 
f 2224/2224/2224 2223/2223/2223 2362/2362/2362 
f 2362/2362/2362 2361/2361/2361 2224/2224/2224 
f 2224/2224/2224 2361/2361/2361 2364/2364/2364 
f 2364/2364/2364 2227/2227/2227 2224/2224/2224 
f 2228/2228/2228 2227/2227/2227 2364/2364/2364 
f 2364/2364/2364 2363/2363/2363 2228/2228/2228 
f 2228/2228/2228 2363/2363/2363 2366/2366/2366 
f 2366/2366/2366 2231/2231/2231 2228/2228/2228 
f 2232/2232/2232 2231/2231/2231 2366/2366/2366 
f 2366/2366/2366 2365/2365/2365 2232/2232/2232 
f 2232/2232/2232 2365/2365/2365 2367/2367/2367 
f 2367/2367/2367 2235/2235/2235 2232/2232/2232 
f 2199/2199/2199 2235/2235/2235 2367/2367/2367 
f 2367/2367/2367 2343/2343/2343 2199/2199/2199 
f 2420/2420/2420 2299/2299/2299 2298/2298/2298 
f 2298/2298/2298 2421/2421/2421 2420/2420/2420 
f 2299/2299/2299 2420/2420/2420 2422/2422/2422 
f 2422/2422/2422 2300/2300/2300 2299/2299/2299 
f 2423/2423/2423 2305/2305/2305 2304/2304/2304 
f 2304/2304/2304 2424/2424/2424 2423/2423/2423 
f 2421/2421/2421 2298/2298/2298 2305/2305/2305 
f 2305/2305/2305 2423/2423/2423 2421/2421/2421 
f 2425/2425/2425 2309/2309/2309 2308/2308/2308 
f 2308/2308/2308 2426/2426/2426 2425/2425/2425 
f 2424/2424/2424 2304/2304/2304 2309/2309/2309 
f 2309/2309/2309 2425/2425/2425 2424/2424/2424 
f 2427/2427/2427 2428/2428/2428 2313/2313/2313 
f 2313/2313/2313 2312/2312/2312 2427/2427/2427 
f 2308/2308/2308 2313/2313/2313 2428/2428/2428 
f 2428/2428/2428 2426/2426/2426 2308/2308/2308 
f 2429/2429/2429 2315/2315/2315 2314/2314/2314 
f 2314/2314/2314 2430/2430/2430 2429/2429/2429 
f 2312/2312/2312 2315/2315/2315 2429/2429/2429 
f 2429/2429/2429 2427/2427/2427 2312/2312/2312 
f 2431/2431/2431 2432/2432/2432 2433/2433/2433 
f 2433/2433/2433 2322/2322/2322 2431/2431/2431 
f 2314/2314/2314 2433/2433/2433 2432/2432/2432 
f 2432/2432/2432 2430/2430/2430 2314/2314/2314 
f 2434/2434/2434 2435/2435/2435 2321/2321/2321 
f 2321/2321/2321 2320/2320/2320 2434/2434/2434 
f 2322/2322/2322 2321/2321/2321 2435/2435/2435 
f 2435/2435/2435 2431/2431/2431 2322/2322/2322 
f 2436/2436/2436 2437/2437/2437 2327/2327/2327 
f 2327/2327/2327 2326/2326/2326 2436/2436/2436 
f 2320/2320/2320 2327/2327/2327 2437/2437/2437 
f 2437/2437/2437 2434/2434/2434 2320/2320/2320 
f 2438/2438/2438 2439/2439/2439 2331/2331/2331 
f 2331/2331/2331 2330/2330/2330 2438/2438/2438 
f 2326/2326/2326 2331/2331/2331 2439/2439/2439 
f 2439/2439/2439 2436/2436/2436 2326/2326/2326 
f 2440/2440/2440 2335/2335/2335 2334/2334/2334 
f 2334/2334/2334 2441/2441/2441 2440/2440/2440 
f 2330/2330/2330 2335/2335/2335 2440/2440/2440 
f 2440/2440/2440 2438/2438/2438 2330/2330/2330 
f 2442/2442/2442 2339/2339/2339 2338/2338/2338 
f 2338/2338/2338 2443/2443/2443 2442/2442/2442 
f 2441/2441/2441 2334/2334/2334 2339/2339/2339 
f 2339/2339/2339 2442/2442/2442 2441/2441/2441 
f 2300/2300/2300 2422/2422/2422 2444/2444/2444 
f 2444/2444/2444 2342/2342/2342 2300/2300/2300 
f 2443/2443/2443 2338/2338/2338 2342/2342/2342 
f 2342/2342/2342 2444/2444/2444 2443/2443/2443 
f 2416/2416/2416 2370/2370/2370 2369/2369/2369 
f 2369/2369/2369 2373/2373/2373 2416/2416/2416 
f 2371/2371/2371 2376/2376/2376 2375/2375/2375 
f 2375/2375/2375 2368/2368/2368 2371/2371/2371 
f 2377/2377/2377 2379/2379/2379 2378/2378/2378 
f 2378/2378/2378 2374/2374/2374 2377/2377/2377 
f 2380/2380/2380 2383/2383/2383 2382/2382/2382 
f 2382/2382/2382 2381/2381/2381 2380/2380/2380 
f 2385/2385/2385 2384/2384/2384 2387/2387/2387 
f 2387/2387/2387 2386/2386/2386 2385/2385/2385 
f 2389/2389/2389 2388/2388/2388 2391/2391/2391 
f 2391/2391/2391 2390/2390/2390 2389/2389/2389 
f 2393/2393/2393 2392/2392/2392 2395/2395/2395 
f 2395/2395/2395 2394/2394/2394 2393/2393/2393 
f 2397/2397/2397 2396/2396/2396 2399/2399/2399 
f 2399/2399/2399 2398/2398/2398 2397/2397/2397 
f 2401/2401/2401 2400/2400/2400 2403/2403/2403 
f 2403/2403/2403 2402/2402/2402 2401/2401/2401 
f 2405/2405/2405 2404/2404/2404 2408/2408/2408 
f 2408/2408/2408 2407/2407/2407 2405/2405/2405 
f 2409/2409/2409 2412/2412/2412 2411/2411/2411 
f 2411/2411/2411 2406/2406/2406 2409/2409/2409 
f 2413/2413/2413 2415/2415/2415 2414/2414/2414 
f 2414/2414/2414 2410/2410/2410 2413/2413/2413 
f 2240/2240/2240 2445/2445/2445 2446/2446/2446 
f 2446/2446/2446 2241/2241/2241 2240/2240/2240 
f 2274/2274/2274 2446/2446/2446 2445/2445/2445 
f 2445/2445/2445 2275/2275/2275 2274/2274/2274 
f 2295/2295/2295 2275/2275/2275 2445/2445/2445 
f 2445/2445/2445 2341/2341/2341 2295/2295/2295 
f 2240/2240/2240 2278/2278/2278 2341/2341/2341 
f 2341/2341/2341 2445/2445/2445 2240/2240/2240 
f 2317/2317/2317 2447/2447/2447 2433/2433/2433 
f 2433/2433/2433 2314/2314/2314 2317/2317/2317 
f 2447/2447/2447 2323/2323/2323 2322/2322/2322 
f 2322/2322/2322 2433/2433/2433 2447/2447/2447 
f 2448/2448/2448 2449/2449/2449 2450/2450/2450 
f 2450/2450/2450 2451/2451/2451 2448/2448/2448 
f 2452/2452/2452 2450/2450/2450 2449/2449/2449 
f 2449/2449/2449 2453/2453/2453 2452/2452/2452 
f 2454/2454/2454 2455/2455/2455 2456/2456/2456 
f 2456/2456/2456 2457/2457/2457 2454/2454/2454 
f 2456/2456/2456 2455/2455/2455 2448/2448/2448 
f 2448/2448/2448 2451/2451/2451 2456/2456/2456 
f 2458/2458/2458 2459/2459/2459 2460/2460/2460 
f 2460/2460/2460 2461/2461/2461 2458/2458/2458 
f 2460/2460/2460 2459/2459/2459 2454/2454/2454 
f 2454/2454/2454 2457/2457/2457 2460/2460/2460 
f 2462/2462/2462 2463/2463/2463 2464/2464/2464 
f 2464/2464/2464 2465/2465/2465 2462/2462/2462 
f 2464/2464/2464 2463/2463/2463 2458/2458/2458 
f 2458/2458/2458 2461/2461/2461 2464/2464/2464 
f 2466/2466/2466 2467/2467/2467 2462/2462/2462 
f 2462/2462/2462 2465/2465/2465 2466/2466/2466 
f 2468/2468/2468 2469/2469/2469 2470/2470/2470 
f 2470/2470/2470 2471/2471/2471 2468/2468/2468 
f 2472/2472/2472 2473/2473/2473 2474/2474/2474 
f 2474/2474/2474 2475/2475/2475 2472/2472/2472 
f 2474/2474/2474 2473/2473/2473 2468/2468/2468 
f 2468/2468/2468 2471/2471/2471 2474/2474/2474 
f 2476/2476/2476 2477/2477/2477 2478/2478/2478 
f 2478/2478/2478 2479/2479/2479 2476/2476/2476 
f 2478/2478/2478 2477/2477/2477 2472/2472/2472 
f 2472/2472/2472 2475/2475/2475 2478/2478/2478 
f 2480/2480/2480 2481/2481/2481 2482/2482/2482 
f 2482/2482/2482 2483/2483/2483 2480/2480/2480 
f 2482/2482/2482 2481/2481/2481 2476/2476/2476 
f 2476/2476/2476 2479/2479/2479 2482/2482/2482 
f 2484/2484/2484 2485/2485/2485 2486/2486/2486 
f 2486/2486/2486 2487/2487/2487 2484/2484/2484 
f 2486/2486/2486 2485/2485/2485 2480/2480/2480 
f 2480/2480/2480 2483/2483/2483 2486/2486/2486 
f 2488/2488/2488 2489/2489/2489 2452/2452/2452 
f 2452/2452/2452 2453/2453/2453 2488/2488/2488 
f 2489/2489/2489 2488/2488/2488 2484/2484/2484 
f 2484/2484/2484 2487/2487/2487 2489/2489/2489 
f 2490/2490/2490 2491/2491/2491 2492/2492/2492 
f 2492/2492/2492 2493/2493/2493 2490/2490/2490 
f 2494/2494/2494 2492/2492/2492 2491/2491/2491 
f 2491/2491/2491 2495/2495/2495 2494/2494/2494 
f 2496/2496/2496 2497/2497/2497 2498/2498/2498 
f 2498/2498/2498 2499/2499/2499 2496/2496/2496 
f 2498/2498/2498 2497/2497/2497 2490/2490/2490 
f 2490/2490/2490 2493/2493/2493 2498/2498/2498 
f 2500/2500/2500 2501/2501/2501 2502/2502/2502 
f 2502/2502/2502 2503/2503/2503 2500/2500/2500 
f 2502/2502/2502 2501/2501/2501 2496/2496/2496 
f 2496/2496/2496 2499/2499/2499 2502/2502/2502 
f 2504/2504/2504 2505/2505/2505 2506/2506/2506 
f 2506/2506/2506 2507/2507/2507 2504/2504/2504 
f 2506/2506/2506 2505/2505/2505 2500/2500/2500 
f 2500/2500/2500 2503/2503/2503 2506/2506/2506 
f 2508/2508/2508 2509/2509/2509 2504/2504/2504 
f 2504/2504/2504 2507/2507/2507 2508/2508/2508 
f 2510/2510/2510 2511/2511/2511 2512/2512/2512 
f 2512/2512/2512 2513/2513/2513 2510/2510/2510 
f 2514/2514/2514 2515/2515/2515 2516/2516/2516 
f 2516/2516/2516 2517/2517/2517 2514/2514/2514 
f 2516/2516/2516 2515/2515/2515 2510/2510/2510 
f 2510/2510/2510 2513/2513/2513 2516/2516/2516 
f 2518/2518/2518 2519/2519/2519 2520/2520/2520 
f 2520/2520/2520 2521/2521/2521 2518/2518/2518 
f 2520/2520/2520 2519/2519/2519 2514/2514/2514 
f 2514/2514/2514 2517/2517/2517 2520/2520/2520 
f 2522/2522/2522 2523/2523/2523 2524/2524/2524 
f 2524/2524/2524 2525/2525/2525 2522/2522/2522 
f 2524/2524/2524 2523/2523/2523 2518/2518/2518 
f 2518/2518/2518 2521/2521/2521 2524/2524/2524 
f 2526/2526/2526 2527/2527/2527 2528/2528/2528 
f 2528/2528/2528 2529/2529/2529 2526/2526/2526 
f 2528/2528/2528 2527/2527/2527 2522/2522/2522 
f 2522/2522/2522 2525/2525/2525 2528/2528/2528 
f 2493/2493/2493 2492/2492/2492 2530/2530/2530 
f 2530/2530/2530 2531/2531/2531 2493/2493/2493 
f 2532/2532/2532 2530/2530/2530 2492/2492/2492 
f 2492/2492/2492 2494/2494/2494 2532/2532/2532 
f 2499/2499/2499 2498/2498/2498 2533/2533/2533 
f 2533/2533/2533 2534/2534/2534 2499/2499/2499 
f 2531/2531/2531 2533/2533/2533 2498/2498/2498 
f 2498/2498/2498 2493/2493/2493 2531/2531/2531 
f 2503/2503/2503 2502/2502/2502 2535/2535/2535 
f 2535/2535/2535 2536/2536/2536 2503/2503/2503 
f 2534/2534/2534 2535/2535/2535 2502/2502/2502 
f 2502/2502/2502 2499/2499/2499 2534/2534/2534 
f 2507/2507/2507 2506/2506/2506 2537/2537/2537 
f 2537/2537/2537 2538/2538/2538 2507/2507/2507 
f 2536/2536/2536 2537/2537/2537 2506/2506/2506 
f 2506/2506/2506 2503/2503/2503 2536/2536/2536 
f 2538/2538/2538 2539/2539/2539 2508/2508/2508 
f 2508/2508/2508 2507/2507/2507 2538/2538/2538 
f 2540/2540/2540 2513/2513/2513 2512/2512/2512 
f 2512/2512/2512 2541/2541/2541 2540/2540/2540 
f 2542/2542/2542 2517/2517/2517 2516/2516/2516 
f 2516/2516/2516 2543/2543/2543 2542/2542/2542 
f 2543/2543/2543 2516/2516/2516 2513/2513/2513 
f 2513/2513/2513 2540/2540/2540 2543/2543/2543 
f 2544/2544/2544 2521/2521/2521 2520/2520/2520 
f 2520/2520/2520 2545/2545/2545 2544/2544/2544 
f 2545/2545/2545 2520/2520/2520 2517/2517/2517 
f 2517/2517/2517 2542/2542/2542 2545/2545/2545 
f 2525/2525/2525 2524/2524/2524 2546/2546/2546 
f 2546/2546/2546 2547/2547/2547 2525/2525/2525 
f 2546/2546/2546 2524/2524/2524 2521/2521/2521 
f 2521/2521/2521 2544/2544/2544 2546/2546/2546 
f 2529/2529/2529 2528/2528/2528 2548/2548/2548 
f 2548/2548/2548 2549/2549/2549 2529/2529/2529 
f 2547/2547/2547 2548/2548/2548 2528/2528/2528 
f 2528/2528/2528 2525/2525/2525 2547/2547/2547 
f 2550/2550/2550 2551/2551/2551 2531/2531/2531 
f 2531/2531/2531 2530/2530/2530 2550/2550/2550 
f 2551/2551/2551 2550/2550/2550 2552/2552/2552 
f 2552/2552/2552 2553/2553/2553 2551/2551/2551 
f 2550/2550/2550 2554/2554/2554 2555/2555/2555 
f 2555/2555/2555 2552/2552/2552 2550/2550/2550 
f 2554/2554/2554 2550/2550/2550 2530/2530/2530 
f 2530/2530/2530 2532/2532/2532 2554/2554/2554 
f 2556/2556/2556 2557/2557/2557 2534/2534/2534 
f 2534/2534/2534 2533/2533/2533 2556/2556/2556 
f 2557/2557/2557 2556/2556/2556 2558/2558/2558 
f 2558/2558/2558 2559/2559/2559 2557/2557/2557 
f 2556/2556/2556 2551/2551/2551 2553/2553/2553 
f 2553/2553/2553 2558/2558/2558 2556/2556/2556 
f 2551/2551/2551 2556/2556/2556 2533/2533/2533 
f 2533/2533/2533 2531/2531/2531 2551/2551/2551 
f 2560/2560/2560 2561/2561/2561 2536/2536/2536 
f 2536/2536/2536 2535/2535/2535 2560/2560/2560 
f 2561/2561/2561 2560/2560/2560 2562/2562/2562 
f 2562/2562/2562 2563/2563/2563 2561/2561/2561 
f 2560/2560/2560 2557/2557/2557 2559/2559/2559 
f 2559/2559/2559 2562/2562/2562 2560/2560/2560 
f 2557/2557/2557 2560/2560/2560 2535/2535/2535 
f 2535/2535/2535 2534/2534/2534 2557/2557/2557 
f 2537/2537/2537 2564/2564/2564 2565/2565/2565 
f 2565/2565/2565 2538/2538/2538 2537/2537/2537 
f 2564/2564/2564 2566/2566/2566 2567/2567/2567 
f 2567/2567/2567 2565/2565/2565 2564/2564/2564 
f 2566/2566/2566 2564/2564/2564 2561/2561/2561 
f 2561/2561/2561 2563/2563/2563 2566/2566/2566 
f 2564/2564/2564 2537/2537/2537 2536/2536/2536 
f 2536/2536/2536 2561/2561/2561 2564/2564/2564 
f 2568/2568/2568 2569/2569/2569 2570/2570/2570 
f 2570/2570/2570 2571/2571/2571 2568/2568/2568 
f 2569/2569/2569 2568/2568/2568 2565/2565/2565 
f 2565/2565/2565 2567/2567/2567 2569/2569/2569 
f 2565/2565/2565 2568/2568/2568 2539/2539/2539 
f 2539/2539/2539 2538/2538/2538 2565/2565/2565 
f 2541/2541/2541 2572/2572/2572 2573/2573/2573 
f 2573/2573/2573 2540/2540/2540 2541/2541/2541 
f 2573/2573/2573 2572/2572/2572 2574/2574/2574 
f 2574/2574/2574 2575/2575/2575 2573/2573/2573 
f 2574/2574/2574 2572/2572/2572 2576/2576/2576 
f 2576/2576/2576 2577/2577/2577 2574/2574/2574 
f 2543/2543/2543 2578/2578/2578 2579/2579/2579 
f 2579/2579/2579 2542/2542/2542 2543/2543/2543 
f 2578/2578/2578 2580/2580/2580 2581/2581/2581 
f 2581/2581/2581 2579/2579/2579 2578/2578/2578 
f 2580/2580/2580 2578/2578/2578 2573/2573/2573 
f 2573/2573/2573 2575/2575/2575 2580/2580/2580 
f 2578/2578/2578 2543/2543/2543 2540/2540/2540 
f 2540/2540/2540 2573/2573/2573 2578/2578/2578 
f 2545/2545/2545 2582/2582/2582 2583/2583/2583 
f 2583/2583/2583 2544/2544/2544 2545/2545/2545 
f 2582/2582/2582 2584/2584/2584 2585/2585/2585 
f 2585/2585/2585 2583/2583/2583 2582/2582/2582 
f 2584/2584/2584 2582/2582/2582 2579/2579/2579 
f 2579/2579/2579 2581/2581/2581 2584/2584/2584 
f 2582/2582/2582 2545/2545/2545 2542/2542/2542 
f 2542/2542/2542 2579/2579/2579 2582/2582/2582 
f 2586/2586/2586 2587/2587/2587 2547/2547/2547 
f 2547/2547/2547 2546/2546/2546 2586/2586/2586 
f 2587/2587/2587 2586/2586/2586 2588/2588/2588 
f 2588/2588/2588 2589/2589/2589 2587/2587/2587 
f 2586/2586/2586 2583/2583/2583 2585/2585/2585 
f 2585/2585/2585 2588/2588/2588 2586/2586/2586 
f 2583/2583/2583 2586/2586/2586 2546/2546/2546 
f 2546/2546/2546 2544/2544/2544 2583/2583/2583 
f 2590/2590/2590 2591/2591/2591 2549/2549/2549 
f 2549/2549/2549 2548/2548/2548 2590/2590/2590 
f 2591/2591/2591 2590/2590/2590 2592/2592/2592 
f 2592/2592/2592 2593/2593/2593 2591/2591/2591 
f 2590/2590/2590 2587/2587/2587 2589/2589/2589 
f 2589/2589/2589 2592/2592/2592 2590/2590/2590 
f 2587/2587/2587 2590/2590/2590 2548/2548/2548 
f 2548/2548/2548 2547/2547/2547 2587/2587/2587 
f 2594/2594/2594 2554/2554/2554 2532/2532/2532 
f 2532/2532/2532 2595/2595/2595 2594/2594/2594 
f 2554/2554/2554 2594/2594/2594 2596/2596/2596 
f 2596/2596/2596 2555/2555/2555 2554/2554/2554 
f 2594/2594/2594 2591/2591/2591 2593/2593/2593 
f 2593/2593/2593 2596/2596/2596 2594/2594/2594 
f 2591/2591/2591 2594/2594/2594 2595/2595/2595 
f 2595/2595/2595 2549/2549/2549 2591/2591/2591 
f 2597/2597/2597 2598/2598/2598 2599/2599/2599 
f 2599/2599/2599 2600/2600/2600 2597/2597/2597 
f 2599/2599/2599 2601/2601/2601 2602/2602/2602 
f 2602/2602/2602 2600/2600/2600 2599/2599/2599 
f 2602/2602/2602 2603/2603/2603 2604/2604/2604 
f 2604/2604/2604 2600/2600/2600 2602/2602/2602 
f 2604/2604/2604 2605/2605/2605 2606/2606/2606 
f 2606/2606/2606 2600/2600/2600 2604/2604/2604 
f 2606/2606/2606 2607/2607/2607 2608/2608/2608 
f 2608/2608/2608 2600/2600/2600 2606/2606/2606 
f 2608/2608/2608 2609/2609/2609 2610/2610/2610 
f 2610/2610/2610 2600/2600/2600 2608/2608/2608 
f 2610/2610/2610 2611/2611/2611 2612/2612/2612 
f 2612/2612/2612 2600/2600/2600 2610/2610/2610 
f 2612/2612/2612 2613/2613/2613 2614/2614/2614 
f 2614/2614/2614 2600/2600/2600 2612/2612/2612 
f 2614/2614/2614 2615/2615/2615 2616/2616/2616 
f 2616/2616/2616 2600/2600/2600 2614/2614/2614 
f 2616/2616/2616 2617/2617/2617 2618/2618/2618 
f 2618/2618/2618 2600/2600/2600 2616/2616/2616 
f 2618/2618/2618 2619/2619/2619 2620/2620/2620 
f 2620/2620/2620 2600/2600/2600 2618/2618/2618 
f 2620/2620/2620 2621/2621/2621 2597/2597/2597 
f 2597/2597/2597 2600/2600/2600 2620/2620/2620 
f 2622/2622/2622 2623/2623/2623 2624/2624/2624 
f 2624/2624/2624 2625/2625/2625 2622/2622/2622 
f 2622/2622/2622 2625/2625/2625 2626/2626/2626 
f 2626/2626/2626 2627/2627/2627 2622/2622/2622 
f 2628/2628/2628 2629/2629/2629 2630/2630/2630 
f 2630/2630/2630 2631/2631/2631 2628/2628/2628 
f 2628/2628/2628 2631/2631/2631 2622/2622/2622 
f 2622/2622/2622 2627/2627/2627 2628/2628/2628 
f 2632/2632/2632 2633/2633/2633 2634/2634/2634 
f 2634/2634/2634 2635/2635/2635 2632/2632/2632 
f 2635/2635/2635 2634/2634/2634 2628/2628/2628 
f 2628/2628/2628 2627/2627/2627 2635/2635/2635 
f 2636/2636/2636 2637/2637/2637 2638/2638/2638 
f 2638/2638/2638 2639/2639/2639 2636/2636/2636 
f 2639/2639/2639 2638/2638/2638 2635/2635/2635 
f 2635/2635/2635 2627/2627/2627 2639/2639/2639 
f 2640/2640/2640 2641/2641/2641 2642/2642/2642 
f 2642/2642/2642 2643/2643/2643 2640/2640/2640 
f 2643/2643/2643 2642/2642/2642 2639/2639/2639 
f 2639/2639/2639 2627/2627/2627 2643/2643/2643 
f 2644/2644/2644 2645/2645/2645 2646/2646/2646 
f 2646/2646/2646 2647/2647/2647 2644/2644/2644 
f 2647/2647/2647 2646/2646/2646 2643/2643/2643 
f 2643/2643/2643 2627/2627/2627 2647/2647/2647 
f 2648/2648/2648 2649/2649/2649 2650/2650/2650 
f 2650/2650/2650 2651/2651/2651 2648/2648/2648 
f 2651/2651/2651 2650/2650/2650 2647/2647/2647 
f 2647/2647/2647 2627/2627/2627 2651/2651/2651 
f 2652/2652/2652 2653/2653/2653 2654/2654/2654 
f 2654/2654/2654 2655/2655/2655 2652/2652/2652 
f 2655/2655/2655 2654/2654/2654 2651/2651/2651 
f 2651/2651/2651 2627/2627/2627 2655/2655/2655 
f 2656/2656/2656 2657/2657/2657 2658/2658/2658 
f 2658/2658/2658 2659/2659/2659 2656/2656/2656 
f 2659/2659/2659 2658/2658/2658 2655/2655/2655 
f 2655/2655/2655 2627/2627/2627 2659/2659/2659 
f 2660/2660/2660 2661/2661/2661 2662/2662/2662 
f 2662/2662/2662 2663/2663/2663 2660/2660/2660 
f 2660/2660/2660 2663/2663/2663 2659/2659/2659 
f 2659/2659/2659 2627/2627/2627 2660/2660/2660 
f 2664/2664/2664 2665/2665/2665 2666/2666/2666 
f 2666/2666/2666 2667/2667/2667 2664/2664/2664 
f 2664/2664/2664 2667/2667/2667 2660/2660/2660 
f 2660/2660/2660 2627/2627/2627 2664/2664/2664 
f 2668/2668/2668 2669/2669/2669 2626/2626/2626 
f 2626/2626/2626 2670/2670/2670 2668/2668/2668 
f 2626/2626/2626 2669/2669/2669 2664/2664/2664 
f 2664/2664/2664 2627/2627/2627 2626/2626/2626 
f 2598/2598/2598 2597/2597/2597 2453/2453/2453 
f 2453/2453/2453 2449/2449/2449 2598/2598/2598 
f 2448/2448/2448 2599/2599/2599 2598/2598/2598 
f 2598/2598/2598 2449/2449/2449 2448/2448/2448 
f 2601/2601/2601 2599/2599/2599 2448/2448/2448 
f 2448/2448/2448 2455/2455/2455 2601/2601/2601 
f 2454/2454/2454 2602/2602/2602 2601/2601/2601 
f 2601/2601/2601 2455/2455/2455 2454/2454/2454 
f 2603/2603/2603 2602/2602/2602 2454/2454/2454 
f 2454/2454/2454 2459/2459/2459 2603/2603/2603 
f 2458/2458/2458 2604/2604/2604 2603/2603/2603 
f 2603/2603/2603 2459/2459/2459 2458/2458/2458 
f 2605/2605/2605 2604/2604/2604 2458/2458/2458 
f 2458/2458/2458 2463/2463/2463 2605/2605/2605 
f 2462/2462/2462 2606/2606/2606 2605/2605/2605 
f 2605/2605/2605 2463/2463/2463 2462/2462/2462 
f 2607/2607/2607 2606/2606/2606 2462/2462/2462 
f 2462/2462/2462 2467/2467/2467 2607/2607/2607 
f 2671/2671/2671 2608/2608/2608 2607/2607/2607 
f 2607/2607/2607 2467/2467/2467 2671/2671/2671 
f 2609/2609/2609 2608/2608/2608 2671/2671/2671 
f 2671/2671/2671 2672/2672/2672 2609/2609/2609 
f 2673/2673/2673 2610/2610/2610 2609/2609/2609 
f 2609/2609/2609 2672/2672/2672 2673/2673/2673 
f 2611/2611/2611 2610/2610/2610 2673/2673/2673 
f 2673/2673/2673 2469/2469/2469 2611/2611/2611 
f 2468/2468/2468 2612/2612/2612 2611/2611/2611 
f 2611/2611/2611 2469/2469/2469 2468/2468/2468 
f 2613/2613/2613 2612/2612/2612 2468/2468/2468 
f 2468/2468/2468 2473/2473/2473 2613/2613/2613 
f 2472/2472/2472 2614/2614/2614 2613/2613/2613 
f 2613/2613/2613 2473/2473/2473 2472/2472/2472 
f 2615/2615/2615 2614/2614/2614 2472/2472/2472 
f 2472/2472/2472 2477/2477/2477 2615/2615/2615 
f 2476/2476/2476 2616/2616/2616 2615/2615/2615 
f 2615/2615/2615 2477/2477/2477 2476/2476/2476 
f 2617/2617/2617 2616/2616/2616 2476/2476/2476 
f 2476/2476/2476 2481/2481/2481 2617/2617/2617 
f 2480/2480/2480 2618/2618/2618 2617/2617/2617 
f 2617/2617/2617 2481/2481/2481 2480/2480/2480 
f 2619/2619/2619 2618/2618/2618 2480/2480/2480 
f 2480/2480/2480 2485/2485/2485 2619/2619/2619 
f 2484/2484/2484 2620/2620/2620 2619/2619/2619 
f 2619/2619/2619 2485/2485/2485 2484/2484/2484 
f 2621/2621/2621 2620/2620/2620 2484/2484/2484 
f 2484/2484/2484 2488/2488/2488 2621/2621/2621 
f 2453/2453/2453 2597/2597/2597 2621/2621/2621 
f 2621/2621/2621 2488/2488/2488 2453/2453/2453 
f 2553/2553/2553 2552/2552/2552 2674/2674/2674 
f 2674/2674/2674 2675/2675/2675 2553/2553/2553 
f 2676/2676/2676 2674/2674/2674 2552/2552/2552 
f 2552/2552/2552 2555/2555/2555 2676/2676/2676 
f 2559/2559/2559 2558/2558/2558 2677/2677/2677 
f 2677/2677/2677 2678/2678/2678 2559/2559/2559 
f 2675/2675/2675 2677/2677/2677 2558/2558/2558 
f 2558/2558/2558 2553/2553/2553 2675/2675/2675 
f 2563/2563/2563 2562/2562/2562 2679/2679/2679 
f 2679/2679/2679 2680/2680/2680 2563/2563/2563 
f 2678/2678/2678 2679/2679/2679 2562/2562/2562 
f 2562/2562/2562 2559/2559/2559 2678/2678/2678 
f 2681/2681/2681 2567/2567/2567 2566/2566/2566 
f 2566/2566/2566 2682/2682/2682 2681/2681/2681 
f 2682/2682/2682 2566/2566/2566 2563/2563/2563 
f 2563/2563/2563 2680/2680/2680 2682/2682/2682 
f 2570/2570/2570 2569/2569/2569 2683/2683/2683 
f 2683/2683/2683 2684/2684/2684 2570/2570/2570 
f 2683/2683/2683 2569/2569/2569 2567/2567/2567 
f 2567/2567/2567 2681/2681/2681 2683/2683/2683 
f 2685/2685/2685 2577/2577/2577 2686/2686/2686 
f 2686/2686/2686 2687/2687/2687 2685/2685/2685 
f 2687/2687/2687 2686/2686/2686 2570/2570/2570 
f 2570/2570/2570 2684/2684/2684 2687/2687/2687 
f 2688/2688/2688 2575/2575/2575 2574/2574/2574 
f 2574/2574/2574 2689/2689/2689 2688/2688/2688 
f 2689/2689/2689 2574/2574/2574 2577/2577/2577 
f 2577/2577/2577 2685/2685/2685 2689/2689/2689 
f 2690/2690/2690 2581/2581/2581 2580/2580/2580 
f 2580/2580/2580 2691/2691/2691 2690/2690/2690 
f 2691/2691/2691 2580/2580/2580 2575/2575/2575 
f 2575/2575/2575 2688/2688/2688 2691/2691/2691 
f 2692/2692/2692 2585/2585/2585 2584/2584/2584 
f 2584/2584/2584 2693/2693/2693 2692/2692/2692 
f 2693/2693/2693 2584/2584/2584 2581/2581/2581 
f 2581/2581/2581 2690/2690/2690 2693/2693/2693 
f 2589/2589/2589 2588/2588/2588 2694/2694/2694 
f 2694/2694/2694 2695/2695/2695 2589/2589/2589 
f 2694/2694/2694 2588/2588/2588 2585/2585/2585 
f 2585/2585/2585 2692/2692/2692 2694/2694/2694 
f 2593/2593/2593 2592/2592/2592 2696/2696/2696 
f 2696/2696/2696 2697/2697/2697 2593/2593/2593 
f 2695/2695/2695 2696/2696/2696 2592/2592/2592 
f 2592/2592/2592 2589/2589/2589 2695/2695/2695 
f 2555/2555/2555 2596/2596/2596 2698/2698/2698 
f 2698/2698/2698 2676/2676/2676 2555/2555/2555 
f 2697/2697/2697 2698/2698/2698 2596/2596/2596 
f 2596/2596/2596 2593/2593/2593 2697/2697/2697 
f 2670/2670/2670 2626/2626/2626 2625/2625/2625 
f 2625/2625/2625 2624/2624/2624 2670/2670/2670 
f 2631/2631/2631 2630/2630/2630 2623/2623/2623 
f 2623/2623/2623 2622/2622/2622 2631/2631/2631 
f 2634/2634/2634 2633/2633/2633 2629/2629/2629 
f 2629/2629/2629 2628/2628/2628 2634/2634/2634 
f 2638/2638/2638 2637/2637/2637 2632/2632/2632 
f 2632/2632/2632 2635/2635/2635 2638/2638/2638 
f 2639/2639/2639 2642/2642/2642 2641/2641/2641 
f 2641/2641/2641 2636/2636/2636 2639/2639/2639 
f 2643/2643/2643 2646/2646/2646 2645/2645/2645 
f 2645/2645/2645 2640/2640/2640 2643/2643/2643 
f 2647/2647/2647 2650/2650/2650 2649/2649/2649 
f 2649/2649/2649 2644/2644/2644 2647/2647/2647 
f 2651/2651/2651 2654/2654/2654 2653/2653/2653 
f 2653/2653/2653 2648/2648/2648 2651/2651/2651 
f 2655/2655/2655 2658/2658/2658 2657/2657/2657 
f 2657/2657/2657 2652/2652/2652 2655/2655/2655 
f 2659/2659/2659 2663/2663/2663 2662/2662/2662 
f 2662/2662/2662 2656/2656/2656 2659/2659/2659 
f 2667/2667/2667 2666/2666/2666 2661/2661/2661 
f 2661/2661/2661 2660/2660/2660 2667/2667/2667 
f 2669/2669/2669 2668/2668/2668 2665/2665/2665 
f 2665/2665/2665 2664/2664/2664 2669/2669/2669 
f 2699/2699/2699 2700/2700/2700 2494/2494/2494 
f 2494/2494/2494 2495/2495/2495 2699/2699/2699 
f 2700/2700/2700 2699/2699/2699 2526/2526/2526 
f 2526/2526/2526 2529/2529/2529 2700/2700/2700 
f 2549/2549/2549 2595/2595/2595 2700/2700/2700 
f 2700/2700/2700 2529/2529/2529 2549/2549/2549 
f 2494/2494/2494 2700/2700/2700 2595/2595/2595 
f 2595/2595/2595 2532/2532/2532 2494/2494/2494 
f 2686/2686/2686 2701/2701/2701 2571/2571/2571 
f 2571/2571/2571 2570/2570/2570 2686/2686/2686 
f 2577/2577/2577 2576/2576/2576 2701/2701/2701 
f 2701/2701/2701 2686/2686/2686 2577/2577/2577 
f 2702/2702/2702 2703/2703/2703 2704/2704/2704 
f 2704/2704/2704 2705/2705/2705 2702/2702/2702 
f 2706/2706/2706 2707/2707/2707 2708/2708/2708 
f 2708/2708/2708 2709/2709/2709 2706/2706/2706 
f 2710/2710/2710 2711/2711/2711 2712/2712/2712 
f 2712/2712/2712 2713/2713/2713 2710/2710/2710 
f 2710/2710/2710 2708/2708/2708 2714/2714/2714 
f 2714/2714/2714 2715/2715/2715 2710/2710/2710 
f 2716/2716/2716 2709/2709/2709 2713/2713/2713 
f 2713/2713/2713 2717/2717/2717 2716/2716/2716 
f 2718/2718/2718 2708/2708/2708 2719/2719/2719 
f 2719/2719/2719 2720/2720/2720 2718/2718/2718 
f 2721/2721/2721 2722/2722/2722 2723/2723/2723 
f 2723/2723/2723 2724/2724/2724 2721/2721/2721 
f 2725/2725/2725 2726/2726/2726 2727/2727/2727 
f 2727/2727/2727 2728/2728/2728 2725/2725/2725 
f 2729/2729/2729 2730/2730/2730 2731/2731/2731 
f 2731/2731/2731 2732/2732/2732 2729/2729/2729 
f 2733/2733/2733 2734/2734/2734 2735/2735/2735 
f 2735/2735/2735 2736/2736/2736 2733/2733/2733 
f 2737/2737/2737 2738/2738/2738 2739/2739/2739 
f 2739/2739/2739 2740/2740/2740 2737/2737/2737 
f 2741/2741/2741 2742/2742/2742 2743/2743/2743 
f 2743/2743/2743 2744/2744/2744 2741/2741/2741 
f 2745/2745/2745 2746/2746/2746 2747/2747/2747 
f 2747/2747/2747 2748/2748/2748 2745/2745/2745 
f 2749/2749/2749 2750/2750/2750 2751/2751/2751 
f 2751/2751/2751 2752/2752/2752 2749/2749/2749 
f 2753/2753/2753 2754/2754/2754 2755/2755/2755 
f 2755/2755/2755 2756/2756/2756 2753/2753/2753 
f 2757/2757/2757 2758/2758/2758 2759/2759/2759 
f 2759/2759/2759 2760/2760/2760 2757/2757/2757 
f 2761/2761/2761 2762/2762/2762 2763/2763/2763 
f 2763/2763/2763 2764/2764/2764 2761/2761/2761 
f 2765/2765/2765 2766/2766/2766 2767/2767/2767 
f 2767/2767/2767 2768/2768/2768 2765/2765/2765 
f 2769/2769/2769 2770/2770/2770 2771/2771/2771 
f 2771/2771/2771 2772/2772/2772 2769/2769/2769 
f 2773/2773/2773 2774/2774/2774 2775/2775/2775 
f 2775/2775/2775 2710/2710/2710 2773/2773/2773 
f 2776/2776/2776 2777/2777/2777 2778/2778/2778 
f 2778/2778/2778 2779/2779/2779 2776/2776/2776 
f 2780/2780/2780 2781/2781/2781 2782/2782/2782 
f 2782/2782/2782 2783/2783/2783 2780/2780/2780 
f 2784/2784/2784 2785/2785/2785 2786/2786/2786 
f 2786/2786/2786 2787/2787/2787 2784/2784/2784 
f 2788/2788/2788 2789/2789/2789 2790/2790/2790 
f 2790/2790/2790 2791/2791/2791 2788/2788/2788 
f 2792/2792/2792 2793/2793/2793 2794/2794/2794 
f 2794/2794/2794 2795/2795/2795 2792/2792/2792 
f 2796/2796/2796 2797/2797/2797 2798/2798/2798 
f 2798/2798/2798 2799/2799/2799 2796/2796/2796 
f 2800/2800/2800 2801/2801/2801 2802/2802/2802 
f 2802/2802/2802 2803/2803/2803 2800/2800/2800 
f 2804/2804/2804 2805/2805/2805 2806/2806/2806 
f 2806/2806/2806 2807/2807/2807 2804/2804/2804 
f 2808/2808/2808 2809/2809/2809 2810/2810/2810 
f 2810/2810/2810 2811/2811/2811 2808/2808/2808 
f 2812/2812/2812 2813/2813/2813 2814/2814/2814 
f 2814/2814/2814 2815/2815/2815 2812/2812/2812 
f 2816/2816/2816 2817/2817/2817 2818/2818/2818 
f 2818/2818/2818 2819/2819/2819 2816/2816/2816 
f 2820/2820/2820 2821/2821/2821 2822/2822/2822 
f 2822/2822/2822 2823/2823/2823 2820/2820/2820 
f 2824/2824/2824 2825/2825/2825 2826/2826/2826 
f 2826/2826/2826 2827/2827/2827 2824/2824/2824 
f 2717/2717/2717 2711/2711/2711 2828/2828/2828 
f 2828/2828/2828 2829/2829/2829 2717/2717/2717 
f 2830/2830/2830 2831/2831/2831 2702/2702/2702 
f 2702/2702/2702 2832/2832/2832 2830/2830/2830 
f 2716/2716/2716 2833/2833/2833 2834/2834/2834 
f 2834/2834/2834 2707/2707/2707 2716/2716/2716 
f 2703/2703/2703 2835/2835/2835 2836/2836/2836 
f 2836/2836/2836 2837/2837/2837 2703/2703/2703 
f 2838/2838/2838 2839/2839/2839 2840/2840/2840 
f 2840/2840/2840 2841/2841/2841 2838/2838/2838 
f 2842/2842/2842 2843/2843/2843 2844/2844/2844 
f 2844/2844/2844 2845/2845/2845 2842/2842/2842 
f 2846/2846/2846 2847/2847/2847 2848/2848/2848 
f 2848/2848/2848 2849/2849/2849 2846/2846/2846 
f 2850/2850/2850 2844/2844/2844 2848/2848/2848 
f 2848/2848/2848 2851/2851/2851 2850/2850/2850 
f 2852/2852/2852 2853/2853/2853 2849/2849/2849 
f 2849/2849/2849 2843/2843/2843 2852/2852/2852 
f 2854/2854/2854 2855/2855/2855 2856/2856/2856 
f 2856/2856/2856 2844/2844/2844 2854/2854/2854 
f 2857/2857/2857 2858/2858/2858 2859/2859/2859 
f 2859/2859/2859 2860/2860/2860 2857/2857/2857 
f 2861/2861/2861 2862/2862/2862 2863/2863/2863 
f 2863/2863/2863 2864/2864/2864 2861/2861/2861 
f 2865/2865/2865 2866/2866/2866 2867/2867/2867 
f 2867/2867/2867 2868/2868/2868 2865/2865/2865 
f 2869/2869/2869 2870/2870/2870 2871/2871/2871 
f 2871/2871/2871 2872/2872/2872 2869/2869/2869 
f 2873/2873/2873 2874/2874/2874 2875/2875/2875 
f 2875/2875/2875 2876/2876/2876 2873/2873/2873 
f 2743/2743/2743 2742/2742/2742 2877/2877/2877 
f 2877/2877/2877 2878/2878/2878 2743/2743/2743 
f 2879/2879/2879 2880/2880/2880 2881/2881/2881 
f 2881/2881/2881 2882/2882/2882 2879/2879/2879 
f 2883/2883/2883 2884/2884/2884 2885/2885/2885 
f 2885/2885/2885 2886/2886/2886 2883/2883/2883 
f 2887/2887/2887 2888/2888/2888 2889/2889/2889 
f 2889/2889/2889 2890/2890/2890 2887/2887/2887 
f 2891/2891/2891 2892/2892/2892 2893/2893/2893 
f 2893/2893/2893 2894/2894/2894 2891/2891/2891 
f 2895/2895/2895 2896/2896/2896 2897/2897/2897 
f 2897/2897/2897 2898/2898/2898 2895/2895/2895 
f 2899/2899/2899 2900/2900/2900 2901/2901/2901 
f 2901/2901/2901 2902/2902/2902 2899/2899/2899 
f 2903/2903/2903 2904/2904/2904 2769/2769/2769 
f 2769/2769/2769 2772/2772/2772 2903/2903/2903 
f 2905/2905/2905 2906/2906/2906 2907/2907/2907 
f 2907/2907/2907 2848/2848/2848 2905/2905/2905 
f 2908/2908/2908 2909/2909/2909 2910/2910/2910 
f 2910/2910/2910 2911/2911/2911 2908/2908/2908 
f 2912/2912/2912 2913/2913/2913 2914/2914/2914 
f 2914/2914/2914 2915/2915/2915 2912/2912/2912 
f 2916/2916/2916 2917/2917/2917 2918/2918/2918 
f 2918/2918/2918 2919/2919/2919 2916/2916/2916 
f 2920/2920/2920 2921/2921/2921 2922/2922/2922 
f 2922/2922/2922 2923/2923/2923 2920/2920/2920 
f 2924/2924/2924 2925/2925/2925 2926/2926/2926 
f 2926/2926/2926 2927/2927/2927 2924/2924/2924 
f 2928/2928/2928 2799/2799/2799 2798/2798/2798 
f 2798/2798/2798 2929/2929/2929 2928/2928/2928 
f 2930/2930/2930 2931/2931/2931 2932/2932/2932 
f 2932/2932/2932 2933/2933/2933 2930/2930/2930 
f 2934/2934/2934 2935/2935/2935 2936/2936/2936 
f 2936/2936/2936 2937/2937/2937 2934/2934/2934 
f 2938/2938/2938 2939/2939/2939 2940/2940/2940 
f 2940/2940/2940 2941/2941/2941 2938/2938/2938 
f 2942/2942/2942 2943/2943/2943 2944/2944/2944 
f 2944/2944/2944 2945/2945/2945 2942/2942/2942 
f 2946/2946/2946 2947/2947/2947 2948/2948/2948 
f 2948/2948/2948 2949/2949/2949 2946/2946/2946 
f 2950/2950/2950 2951/2951/2951 2952/2952/2952 
f 2952/2952/2952 2953/2953/2953 2950/2950/2950 
f 2954/2954/2954 2955/2955/2955 2824/2824/2824 
f 2824/2824/2824 2827/2827/2827 2954/2954/2954 
f 2853/2853/2853 2956/2956/2956 2957/2957/2957 
f 2957/2957/2957 2847/2847/2847 2853/2853/2853 
f 2840/2840/2840 2958/2958/2958 2959/2959/2959 
f 2959/2959/2959 2960/2960/2960 2840/2840/2840 
f 2961/2961/2961 2962/2962/2962 2852/2852/2852 
f 2852/2852/2852 2845/2845/2845 2961/2961/2961 
f 2963/2963/2963 2964/2964/2964 2839/2839/2839 
f 2839/2839/2839 2965/2965/2965 2963/2963/2963 

g R6Troll1

v -36.7202 0.176842 17.9753 
v -36.7052 -0.00493407 17.9753 
v -36.8308 -0.00493407 17.8414 
v -36.8406 0.265458 17.8414 
v -36.7301 2 18.273 
v -36.8726 2.19717 18.2836 
v -36.8726 2.19717 18.6891 
v -36.7301 2 18.7126 
v -36.6917 0.231522 18.7302 
v -36.8506 0.318842 18.9018 
v -36.8308 -0.00493407 18.9324 
v -36.6681 -0.00493407 18.7608 
v -36.6681 -0.00493407 18.7608 
v -36.8308 -0.00493407 18.9324 
v -36.8308 -0.00493407 18.2365 
v -36.6681 -0.00493407 18.2365 
v -36.6917 0.231522 18.7302 
v -36.6681 -0.00493407 18.7608 
v -36.6681 -0.00493407 18.2365 
v -36.6917 0.231522 18.2449 
v -37.4604 -0.00493407 18.2365 
v -37.4604 -0.00493407 18.7608 
v -37.4368 0.231522 18.7302 
v -37.4368 0.231522 18.2449 
v -36.7468 0.926338 18.2952 
v -36.6917 0.231522 18.2449 
v -36.8506 0.398195 18.0884 
v -36.8822 0.926338 18.1387 
v -37.3818 0.926338 18.6097 
v -37.3818 0.926338 18.2952 
v -36.7468 0.926338 18.6097 
v -36.8822 0.926338 18.7812 
v -36.7468 0.926338 18.6097 
v -36.7468 0.926338 18.2952 
v -36.8726 2.19717 18.2836 
v -36.7301 2 18.273 
v -36.8732 1.99502 18.1232 
v -37.386 1.7066 18.2821 
v -37.368 1.28137 18.2952 
v -37.368 1.28137 18.6097 
v -37.386 1.7066 18.6334 
v -36.8726 2.19717 18.6891 
v -36.8732 2.00314 18.8418 
v -36.7301 2 18.7126 
v -36.7605 1.28137 18.6097 
v -36.7605 1.28137 18.2952 
v -36.7425 1.7066 18.2821 
v -36.7425 1.7066 18.6334 
v -36.7367 1.12188 18.2809 
v -36.8524 1.12188 18.0968 
v -36.89 1.28137 18.1387 
v -36.7605 1.28137 18.2952 
v -37.3918 1.12188 18.2809 
v -37.3918 1.12188 18.6097 
v -36.7605 1.28137 18.6097 
v -36.89 1.28137 18.7812 
v -36.8764 1.12188 18.758 
v -36.7367 1.12188 18.6097 
v -36.7367 1.12188 18.6097 
v -36.7367 1.12188 18.2809 
v -36.7052 -0.00493407 17.9753 
v -36.8308 -0.00493407 17.8414 
v -36.7202 0.176842 17.9753 
v -36.7052 -0.00493407 17.9753 
v -36.8506 0.398195 18.0884 
v -36.6917 0.231522 18.2449 
v -36.7202 0.176842 17.9753 
v -36.8406 0.265458 17.8414 
v -37.4083 0.176842 17.9753 
v -37.4234 -0.00493407 17.9753 
v -37.2439 1.28137 18.1387 
v -37.282 1.12188 18.0968 
v -37.3918 1.12188 18.2809 
v -37.368 1.28137 18.2952 
v -37.2846 0.398195 18.0884 
v -37.4368 0.231522 18.2449 
v -37.3818 0.926338 18.2952 
v -37.252 0.926338 18.1387 
v -37.2846 0.398195 18.0884 
v -37.2948 0.265458 17.8414 
v -37.3049 -0.00493407 17.8414 
v -37.4234 -0.00493407 17.9753 
v -37.4083 0.176842 17.9753 
v -37.2948 0.265458 17.8414 
v -37.3049 -0.00493407 18.2365 
v -37.4604 -0.00493407 18.2365 
v -37.4234 -0.00493407 17.9753 
v -37.3049 -0.00493407 17.8414 
v -37.3049 -0.00493407 18.9324 
v -37.4604 -0.00493407 18.7608 
v -37.3049 -0.00493407 18.9324 
v -37.2846 0.318842 18.9018 
v -37.4368 0.231522 18.7302 
v -37.4604 -0.00493407 18.7608 
v -37.252 0.926338 18.7812 
v -37.3818 0.926338 18.6097 
v -37.258 1.12188 18.758 
v -37.2439 1.28137 18.7812 
v -37.368 1.28137 18.6097 
v -37.3918 1.12188 18.6097 
v -37.3984 2 18.7126 
v -37.2612 1.98988 18.8406 
v -37.2619 2.19717 18.6891 
v -37.2619 2.19717 18.6891 
v -37.2619 2.19717 18.2836 
v -37.3984 2 18.273 
v -37.3984 2 18.7126 
v -37.3984 2 18.273 
v -37.2619 2.19717 18.2836 
v -37.2612 1.99795 18.1231 
v -36.89 1.28137 18.1387 
v -36.8524 1.12188 18.0968 
v -36.9902 1.12188 18.0586 
v -37.0036 1.28137 18.115 
v -36.9898 0.433856 18.0528 
v -37.0008 0.926338 18.115 
v -36.8822 0.926338 18.1387 
v -36.8506 0.398195 18.0884 
v -36.9898 0.433856 18.0528 
v -36.8506 0.398195 18.0884 
v -36.8406 0.265458 17.8414 
v -36.9863 0.301118 17.8029 
v -36.8406 0.265458 17.8414 
v -36.8308 -0.00493407 17.8414 
v -36.9829 -0.00493407 17.8029 
v -36.9863 0.301118 17.8029 
v -36.9829 -0.00493407 18.2365 
v -36.9829 -0.00493407 17.8029 
v -36.9829 -0.00493407 18.999 
v -36.9898 0.318842 18.9685 
v -36.9829 -0.00493407 18.999 
v -37.0008 0.926338 18.8167 
v -37.0036 1.28137 18.7963 
v -36.9988 1.12188 18.758 
v -36.9975 2.19717 18.6891 
v -36.9977 1.99888 18.8837 
v -36.8726 2.19717 18.2836 
v -36.9975 2.19717 18.2444 
v -36.9975 2.19717 18.6891 
v -36.8726 2.19717 18.6891 
v -36.9977 1.99596 18.084 
v -36.9975 2.19717 18.2444 
v -36.9902 1.12188 18.0586 
v -36.8524 1.12188 18.0968 
v -37.386 1.7066 18.2821 
v -37.2542 1.70538 18.1295 
v -37.0001 1.70421 18.0967 
v -36.8801 1.70365 18.1295 
v -36.8801 1.70365 18.1295 
v -36.7425 1.7066 18.2821 
v -36.7425 1.7066 18.6334 
v -36.8801 1.70846 18.7799 
v -37.0001 1.70594 18.8109 
v -37.2541 1.70061 18.7792 
v -37.386 1.7066 18.6334 
v -37.1323 0.433856 18.0528 
v -37.1355 0.301118 17.8029 
v -37.2948 0.265458 17.8414 
v -37.2846 0.398195 18.0884 
v -37.1386 -0.00493407 17.8029 
v -37.3049 -0.00493407 17.8414 
v -37.2948 0.265458 17.8414 
v -37.1355 0.301118 17.8029 
v -37.1386 -0.00493407 18.2365 
v -37.1386 -0.00493407 17.8029 
v -37.1386 -0.00493407 18.999 
v -37.1323 0.318842 18.9685 
v -37.2846 0.318842 18.9018 
v -37.3049 -0.00493407 18.9324 
v -37.1386 -0.00493407 18.999 
v -37.1223 0.926338 18.8167 
v -37.252 0.926338 18.7812 
v -37.1241 1.12188 18.758 
v -37.258 1.12188 18.758 
v -37.1198 1.28137 18.7963 
v -37.2439 1.28137 18.7812 
v -37.1229 1.70336 18.8107 
v -37.2541 1.70061 18.7792 
v -37.1253 2.19717 18.6891 
v -37.1251 1.99453 18.8833 
v -37.1253 2.19717 18.6891 
v -37.1253 2.19717 18.2444 
v -37.2619 2.19717 18.2836 
v -37.2619 2.19717 18.6891 
v -37.1253 2.19717 18.2444 
v -37.1251 1.99692 18.084 
v -37.1229 1.70478 18.0967 
v -37.1198 1.28137 18.115 
v -37.2439 1.28137 18.1387 
v -37.2542 1.70538 18.1295 
v -37.1313 1.12188 18.0586 
v -37.282 1.12188 18.0968 
v -37.1313 1.12188 18.0586 
v -37.1223 0.926338 18.115 
v -37.252 0.926338 18.1387 
v -37.282 1.12188 18.0968 
v -37.1323 0.433856 18.0528 
v -37.2846 0.398195 18.0884 
v -36.8732 1.99502 18.1232 
v -36.7301 2 18.273 
v -36.9977 1.99596 18.084 
v -36.8732 1.99502 18.1232 
v -37.1251 1.99692 18.084 
v -37.2612 1.99795 18.1231 
v -37.2612 1.99795 18.1231 
v -37.3984 2 18.273 
v -37.3984 2 18.273 
v -37.3984 2 18.7126 
v -37.2612 1.98988 18.8406 
v -37.3984 2 18.7126 
v -37.1251 1.99453 18.8833 
v -37.2612 1.98988 18.8406 
v -36.9977 1.99888 18.8837 
v -36.8732 2.00314 18.8418 
v -36.7301 2 18.7126 
v -36.7301 2 18.273 
v -36.7301 2 18.7126 

vn 0.740157 0.0393701 -0.669291 
vn 0.724409 0.0629921 -0.685039 
vn 0.740157 0.0472441 -0.669291 
vn 0.755906 0.023622 -0.661417 
vn 0.811024 0.582677 0 
vn 0.811024 0.582677 0 
vn 0.811024 0.582677 0 
vn 0.811024 0.582677 0 
vn 0.748031 0.141732 0.645669 
vn 0.598425 0.15748 0.787402 
vn 0.582677 0.125984 0.80315 
vn 0.716535 0.15748 0.677165 
vn 0 -1 0 
vn 0 -1 0 
vn 0 -1 0 
vn 0 -1 0 
vn 0.992126 0.0866142 0 
vn 0.992126 0.102362 0 
vn 0.992126 0.0944882 -0.0629921 
vn 0.992126 0.0944882 -0.0393701 
vn -0.992126 0.0944882 -0.0629921 
vn -0.992126 0.102362 0 
vn -0.992126 0.0866142 0 
vn -0.976378 0.188976 -0.0708661 
vn 0.755906 0.00787402 -0.653543 
vn 0.755906 0.110236 -0.653543 
vn 0.755906 0.110236 -0.653543 
vn 0.779528 -0.0314961 -0.622047 
vn -1 0.015748 0 
vn -1 0.015748 0 
vn 0.76378 0.0787402 0.637795 
vn 0.535433 0.173228 0.826772 
vn 1 0.015748 0 
vn 1 0.015748 0 
vn 0.393701 0.566929 -0.724409 
vn 0.622047 0.480315 -0.614173 
vn 0.393701 0.566929 -0.716535 
vn -1 -0.0393701 0 
vn -1 0.0551181 0 
vn -1 0.0551181 0 
vn -1 -0.0393701 0 
vn 0.212598 0.606299 0.771654 
vn 0.338583 0.622047 0.708661 
vn 0.590551 0.496063 0.637795 
vn 1 0.0551181 0 
vn 1 0.0551181 0 
vn 1 -0.0393701 0 
vn 1 -0.0393701 0 
vn 0.80315 0.0393701 -0.598425 
vn 0.84252 0.0472441 -0.535433 
vn 0.787402 0.11811 -0.606299 
vn 0.76378 0.0708661 -0.637795 
vn -1 0.0472441 0 
vn -1 0.0472441 0 
vn 0.779528 -0.00787402 0.629921 
vn 0.472441 -0.0866142 0.874016 
vn 0.448819 0.00787402 0.889764 
vn 0.724409 0.0314961 0.685039 
vn 1 0.0472441 0 
vn 1 0.0472441 0 
vn 0 -1 0 
vn 0 -1 0 
vn 0.984252 0.0944882 -0.133858 
vn 0.984252 0.0787402 -0.141732 
vn 0.779528 0.582677 -0.23622 
vn 0.795276 0.574803 -0.19685 
vn 0.771654 0.582677 -0.244094 
vn 0.755906 0.590551 -0.283465 
vn -0.905512 0.370079 -0.19685 
vn -0.984252 0.0787402 -0.141732 
vn -0.795276 0.110236 -0.590551 
vn -0.858268 0.0472441 -0.511811 
vn -0.818898 0.0393701 -0.574803 
vn -0.779528 0.0629921 -0.622047 
vn -0.76378 0.110236 -0.629921 
vn -0.76378 0.110236 -0.629921 
vn -0.771654 0.00787402 -0.637795 
vn -0.795276 -0.0314961 -0.606299 
vn -0.795276 0.559055 -0.228346 
vn -0.771654 0.574803 -0.275591 
vn -0.755906 0.0472441 -0.645669 
vn -0.748031 0.0629921 -0.661417 
vn -0.76378 0.0393701 -0.645669 
vn -0.771654 0.0314961 -0.637795 
vn 0 -1 0 
vn 0 -1 0 
vn 0 -1 0 
vn 0 -1 0 
vn 0 -1 0 
vn 0 -1 0 
vn -0.582677 0.11811 0.80315 
vn -0.598425 0.15748 0.787402 
vn -0.76378 0.141732 0.629921 
vn -0.732283 0.15748 0.661417 
vn -0.527559 0.173228 0.826772 
vn -0.779528 0.0787402 0.622047 
vn -0.456693 0.00787402 0.889764 
vn -0.480315 -0.0708661 0.874016 
vn -0.779528 0.015748 0.622047 
vn -0.740157 0.0314961 0.669291 
vn -0.582677 0.480315 0.661417 
vn -0.338583 0.598425 0.724409 
vn -0.19685 0.574803 0.787402 
vn -0.818898 0.566929 0 
vn -0.818898 0.566929 0 
vn -0.818898 0.566929 0 
vn -0.818898 0.566929 0 
vn -0.645669 0.480315 -0.598425 
vn -0.385827 0.574803 -0.716535 
vn -0.385827 0.574803 -0.716535 
vn 0.220472 0.149606 -0.96063 
vn 0.251969 0.299213 -0.92126 
vn 0.11811 0.330709 -0.937008 
vn 0.102362 0.149606 -0.984252 
vn 0.141732 0.11811 -0.984252 
vn 0.0944882 -0.0787402 -0.992126 
vn 0.212598 -0.0787402 -0.976378 
vn 0.275591 0.110236 -0.952756 
vn 0.165354 0.874016 -0.456693 
vn 0.322835 0.834646 -0.440945 
vn 0.322835 0.834646 -0.440945 
vn 0.15748 0.874016 -0.464567 
vn 0.251969 0.00787402 -0.968504 
vn 0.244094 0.00787402 -0.968504 
vn 0.125984 0 -0.992126 
vn 0.11811 0 -0.992126 
vn 0 -1 0 
vn 0 -1 0 
vn 0 -1 0 
vn 0.212598 0.165354 0.96063 
vn 0.212598 0.102362 0.976378 
vn 0.141732 0.251969 0.952756 
vn 0.0629921 -0.133858 0.992126 
vn 0.0393701 0.015748 1 
vn 0.0314961 0.669291 0.740157 
vn 0.0866142 0.692913 0.716535 
vn 0 1 0 
vn 0 1 0 
vn 0 1 0 
vn 0 1 0 
vn 0.11811 0.622047 -0.779528 
vn 0.125984 0.622047 -0.771654 
vn 0.11811 -0.267717 -0.952756 
vn 0.259843 -0.23622 -0.937008 
vn -0.755906 -0.0393701 -0.653543 
vn -0.755906 -0.0314961 -0.653543 
vn 0.133858 -0.0393701 -0.992126 
vn 0.267717 -0.0314961 -0.96063 
vn 0.748031 -0.0393701 -0.661417 
vn 0.740157 -0.0472441 -0.669291 
vn 0.732283 -0.11811 0.669291 
vn 0.511811 -0.110236 0.850394 
vn 0.125984 -0.125984 0.984252 
vn -0.519685 -0.11811 0.850394 
vn -0.740157 -0.133858 0.661417 
vn -0.15748 0.874016 -0.456693 
vn -0.149606 0.874016 -0.464567 
vn -0.299213 0.84252 -0.440945 
vn -0.299213 0.84252 -0.440945 
vn -0.11811 0 -0.992126 
vn -0.228346 0.00787402 -0.976378 
vn -0.228346 0.00787402 -0.976378 
vn -0.110236 0 -0.992126 
vn 0 -1 0 
vn 0 -1 0 
vn 0 -1 0 
vn -0.19685 0.173228 0.968504 
vn -0.598425 0.15748 0.787402 
vn -0.582677 0.11811 0.80315 
vn -0.188976 0.0944882 0.976378 
vn -0.133858 0.251969 0.96063 
vn -0.527559 0.173228 0.826772 
vn -0.0393701 0.015748 1 
vn -0.456693 0.00787402 0.889764 
vn -0.0551181 -0.133858 0.992126 
vn -0.480315 -0.0708661 0.874016 
vn -0.11811 -0.125984 0.984252 
vn -0.519685 -0.11811 0.850394 
vn -0.0393701 0.661417 0.748031 
vn -0.125984 0.685039 0.716535 
vn 0 1 0 
vn 0 1 0 
vn 0 1 0 
vn 0 1 0 
vn -0.11811 0.622047 -0.771654 
vn -0.102362 0.622047 -0.779528 
vn -0.11811 -0.0393701 -0.992126 
vn -0.0944882 0.149606 -0.984252 
vn -0.204724 0.149606 -0.968504 
vn -0.244094 -0.0314961 -0.968504 
vn -0.110236 0.322835 -0.937008 
vn -0.23622 0.299213 -0.929134 
vn -0.110236 -0.267717 -0.96063 
vn -0.0866142 -0.0787402 -0.992126 
vn -0.19685 -0.0787402 -0.976378 
vn -0.23622 -0.23622 -0.944882 
vn -0.125984 0.11811 -0.984252 
vn -0.251969 0.110236 -0.96063 
vn 0.732283 -0.0472441 -0.685039 
vn 0.724409 -0.0551181 -0.685039 
vn 0.149606 -0.0393701 -0.992126 
vn 0.299213 -0.0314961 -0.952756 
vn -0.133858 -0.0393701 -0.992126 
vn -0.275591 -0.0314961 -0.96063 
vn -0.748031 -0.0472441 -0.669291 
vn -0.740157 -0.0551181 -0.677165 
vn -1 -0.0393701 0 
vn -1 -0.0393701 0 
vn -0.480315 -0.204724 0.858268 
vn -0.700787 -0.181102 0.692913 
vn -0.133858 -0.244094 0.96063 
vn -0.480315 -0.204724 0.858268 
vn 0.165354 -0.23622 0.96063 
vn 0.480315 -0.204724 0.850394 
vn 0.677165 -0.188976 0.708661 
vn 1 -0.0393701 0 
vn 1 -0.0393701 0 

vt 0.468806 0.624954 
vt 0.463017 0.624954 
vt 0.463017 0.594877 
vt 0.468806 0.591077 
vt 0.345868 0.2644 
vt 0.355305 0.2644 
vt 0.355305 0.336603 
vt 0.345868 0.336603 
vt 0.479383 0.702454 
vt 0.479383 0.749575 
vt 0.463017 0.749575 
vt 0.463017 0.705171 
vt 0.451007 0.234413 
vt 0.460703 0.234413 
vt 0.460563 0.313381 
vt 0.451007 0.313323 
vt 0.479383 0.702454 
vt 0.463017 0.705171 
vt 0.463017 0.637936 
vt 0.479383 0.62517 
vt 0.463017 0.481601 
vt 0.463017 0.414274 
vt 0.479383 0.416655 
vt 0.479383 0.499795 
vt 0.504713 0.62517 
vt 0.479383 0.62517 
vt 0.479383 0.601373 
vt 0.504713 0.59053 
vt 0.504713 0.427591 
vt 0.504713 0.499795 
vt 0.504713 0.690646 
vt 0.504713 0.749575 
vt 0.504713 0.690646 
vt 0.504713 0.62517 
vt 0.355305 0.2644 
vt 0.345868 0.2644 
vt 0.355305 0.23507 
vt 0.54305 0.499795 
vt 0.521768 0.499795 
vt 0.521768 0.426146 
vt 0.54305 0.423034 
vt 0.355305 0.336603 
vt 0.355305 0.359042 
vt 0.345868 0.336603 
vt 0.521768 0.691507 
vt 0.521768 0.62517 
vt 0.54305 0.62517 
vt 0.54305 0.694555 
vt 0.513946 0.62517 
vt 0.513946 0.593041 
vt 0.521768 0.590384 
vt 0.521768 0.62517 
vt 0.513946 0.499795 
vt 0.513946 0.427701 
vt 0.521768 0.691507 
vt 0.521768 0.749575 
vt 0.513946 0.749575 
vt 0.513946 0.690218 
vt 0.513946 0.690218 
vt 0.513946 0.62517 
vt 0.451007 0.358593 
vt 0.460483 0.358593 
vt 0.468806 0.624954 
vt 0.463017 0.624954 
vt 0.479383 0.601373 
vt 0.479383 0.62517 
vt 0.468806 0.624954 
vt 0.468806 0.591077 
vt 0.468806 0.499795 
vt 0.463017 0.499795 
vt 0.521768 0.530782 
vt 0.513946 0.52862 
vt 0.513946 0.499795 
vt 0.521768 0.499795 
vt 0.479383 0.518081 
vt 0.479383 0.499795 
vt 0.504713 0.499795 
vt 0.504713 0.531045 
vt 0.479383 0.518081 
vt 0.468806 0.527305 
vt 0.463017 0.520523 
vt 0.463017 0.499795 
vt 0.468806 0.499795 
vt 0.468806 0.527305 
vt 0.488406 0.313551 
vt 0.497644 0.313607 
vt 0.497644 0.358593 
vt 0.488326 0.358593 
vt 0.488547 0.234413 
vt 0.497644 0.234413 
vt 0.463017 0.37575 
vt 0.479383 0.37575 
vt 0.479383 0.416655 
vt 0.463017 0.414274 
vt 0.504713 0.37575 
vt 0.504713 0.427591 
vt 0.513946 0.37575 
vt 0.521768 0.37575 
vt 0.521768 0.426146 
vt 0.513946 0.427701 
vt 0.392161 0.336603 
vt 0.383285 0.359042 
vt 0.383285 0.336603 
vt 0.383285 0.336603 
vt 0.383285 0.2644 
vt 0.392161 0.2644 
vt 0.392161 0.336603 
vt 0.392161 0.2644 
vt 0.383285 0.2644 
vt 0.383285 0.23507 
vt 0.521768 0.590384 
vt 0.513946 0.593041 
vt 0.513946 0.572533 
vt 0.521768 0.570604 
vt 0.479383 0.573131 
vt 0.504713 0.572633 
vt 0.504713 0.59053 
vt 0.479383 0.601373 
vt 0.479383 0.573131 
vt 0.479383 0.601373 
vt 0.468806 0.591077 
vt 0.468806 0.571444 
vt 0.468806 0.591077 
vt 0.463017 0.594877 
vt 0.463017 0.571026 
vt 0.468806 0.571444 
vt 0.469496 0.313435 
vt 0.469407 0.358593 
vt 0.469649 0.234413 
vt 0.479383 0.795594 
vt 0.463017 0.79589 
vt 0.504713 0.793938 
vt 0.521768 0.791939 
vt 0.513946 0.791561 
vt 0.363331 0.336603 
vt 0.363331 0.359042 
vt 0.355305 0.2644 
vt 0.363331 0.2644 
vt 0.363331 0.336603 
vt 0.355305 0.336603 
vt 0.363331 0.23507 
vt 0.363331 0.2644 
vt 0.513946 0.572533 
vt 0.513946 0.593041 
vt 0.54305 0.499795 
vt 0.54305 0.532252 
vt 0.54305 0.572119 
vt 0.54305 0.59118 
vt 0.54305 0.59118 
vt 0.54305 0.62517 
vt 0.54305 0.694555 
vt 0.54305 0.749575 
vt 0.54305 0.78679 
vt 0.54305 0.37575 
vt 0.54305 0.423034 
vt 0.479383 0.545462 
vt 0.468806 0.550097 
vt 0.468806 0.527305 
vt 0.479383 0.518081 
vt 0.463017 0.547654 
vt 0.463017 0.520523 
vt 0.468806 0.527305 
vt 0.468806 0.550097 
vt 0.478637 0.313491 
vt 0.478549 0.358593 
vt 0.478792 0.234413 
vt 0.479383 0.840533 
vt 0.479383 0.874644 
vt 0.463017 0.874644 
vt 0.463017 0.8457 
vt 0.504713 0.832457 
vt 0.504713 0.874644 
vt 0.513946 0.831527 
vt 0.513946 0.874644 
vt 0.521768 0.828574 
vt 0.521768 0.874644 
vt 0.54305 0.825959 
vt 0.54305 0.874644 
vt 0.373667 0.336603 
vt 0.373667 0.359042 
vt 0.373667 0.336603 
vt 0.373667 0.2644 
vt 0.383285 0.2644 
vt 0.383285 0.336603 
vt 0.373667 0.2644 
vt 0.373667 0.23507 
vt 0.54305 0.553041 
vt 0.521768 0.550942 
vt 0.521768 0.530782 
vt 0.54305 0.532252 
vt 0.513946 0.550976 
vt 0.513946 0.52862 
vt 0.513946 0.550976 
vt 0.504713 0.55408 
vt 0.504713 0.531045 
vt 0.513946 0.52862 
vt 0.479383 0.545462 
vt 0.479383 0.518081 
vt 0.556399 0.593198 
vt 0.556399 0.62517 
vt 0.556399 0.572459 
vt 0.556399 0.593198 
vt 0.556399 0.55254 
vt 0.556399 0.530174 
vt 0.556399 0.530174 
vt 0.556399 0.499795 
vt 0.556399 0.499795 
vt 0.556399 0.41358 
vt 0.556399 0.37575 
vt 0.556399 0.41358 
vt 0.556399 0.823973 
vt 0.556399 0.874644 
vt 0.556399 0.783907 
vt 0.556399 0.749575 
vt 0.556399 0.703541 
vt 0.556399 0.62517 
vt 0.556399 0.703541 

usemtl R6Troll1Mtl

f 2966/2966/2966 2967/2967/2967 2968/2968/2968 
f 2968/2968/2968 2969/2969/2969 2966/2966/2966 
f 2970/2970/2970 2971/2971/2971 2972/2972/2972 
f 2972/2972/2972 2973/2973/2973 2970/2970/2970 
f 2974/2974/2974 2975/2975/2975 2976/2976/2976 
f 2976/2976/2976 2977/2977/2977 2974/2974/2974 
f 2978/2978/2978 2979/2979/2979 2980/2980/2980 
f 2980/2980/2980 2981/2981/2981 2978/2978/2978 
f 2982/2982/2982 2983/2983/2983 2984/2984/2984 
f 2984/2984/2984 2985/2985/2985 2982/2982/2982 
f 2986/2986/2986 2987/2987/2987 2988/2988/2988 
f 2988/2988/2988 2989/2989/2989 2986/2986/2986 
f 2990/2990/2990 2991/2991/2991 2992/2992/2992 
f 2992/2992/2992 2993/2993/2993 2990/2990/2990 
f 2989/2989/2989 2988/2988/2988 2994/2994/2994 
f 2994/2994/2994 2995/2995/2995 2989/2989/2989 
f 2996/2996/2996 2997/2997/2997 2975/2975/2975 
f 2975/2975/2975 2974/2974/2974 2996/2996/2996 
f 2998/2998/2998 2982/2982/2982 2985/2985/2985 
f 2985/2985/2985 2999/2999/2999 2998/2998/2998 
f 3000/3000/3000 3001/3001/3001 3002/3002/3002 
f 3003/3003/3003 3004/3004/3004 3005/3005/3005 
f 3005/3005/3005 3006/3006/3006 3003/3003/3003 
f 3007/3007/3007 3008/3008/3008 3009/3009/3009 
f 3010/3010/3010 3011/3011/3011 3012/3012/3012 
f 3012/3012/3012 3013/3013/3013 3010/3010/3010 
f 3014/3014/3014 3015/3015/3015 3016/3016/3016 
f 3016/3016/3016 3017/3017/3017 3014/3014/3014 
f 3004/3004/3004 3018/3018/3018 3019/3019/3019 
f 3019/3019/3019 3005/3005/3005 3004/3004/3004 
f 3020/3020/3020 3021/3021/3021 3022/3022/3022 
f 3022/3022/3022 3023/3023/3023 3020/3020/3020 
f 3024/3024/3024 3025/3025/3025 3011/3011/3011 
f 3011/3011/3011 3010/3010/3010 3024/3024/3024 
f 3026/3026/3026 2981/2981/2981 2980/2980/2980 
f 2980/2980/2980 3027/3027/3027 3026/3026/3026 
f 3028/3028/3028 2985/2985/2985 2984/2984/2984 
f 2984/2984/2984 3029/3029/3029 3028/3028/3028 
f 3030/3030/3030 3031/3031/3031 3032/3032/3032 
f 3032/3032/3032 3033/3033/3033 3030/3030/3030 
f 2986/2986/2986 2989/2989/2989 3034/3034/3034 
f 3034/3034/3034 3035/3035/3035 2986/2986/2986 
f 3036/3036/3036 3037/3037/3037 3038/3038/3038 
f 3038/3038/3038 3039/3039/3039 3036/3036/3036 
f 3040/3040/3040 3041/3041/3041 3042/3042/3042 
f 3042/3042/3042 3043/3043/3043 3040/3040/3040 
f 3044/3044/3044 3045/3045/3045 3034/3034/3034 
f 3034/3034/3034 2989/2989/2989 3044/3044/3044 
f 3046/3046/3046 3047/3047/3047 3048/3048/3048 
f 3048/3048/3048 3049/3049/3049 3046/3046/3046 
f 3050/3050/3050 3051/3051/3051 3052/3052/3052 
f 3052/3052/3052 3053/3053/3053 3050/3050/3050 
f 3050/3050/3050 3054/3054/3054 3055/3055/3055 
f 3055/3055/3055 3051/3051/3051 3050/3050/3050 
f 3056/3056/3056 3057/3057/3057 3058/3058/3058 
f 3058/3058/3058 3059/3059/3059 3056/3056/3056 
f 3057/3057/3057 3060/3060/3060 3061/3061/3061 
f 3061/3061/3061 3058/3058/3058 3057/3057/3057 
f 3062/3062/3062 3063/3063/3063 3064/3064/3064 
f 3064/3064/3064 3065/3065/3065 3062/3062/3062 
f 3066/3066/3066 3067/3067/3067 3068/3068/3068 
f 3069/3069/3069 3070/3070/3070 3071/3071/3071 
f 3071/3071/3071 3072/3072/3072 3069/3069/3069 
f 3073/3073/3073 3074/3074/3074 3075/3075/3075 
f 3076/3076/3076 3077/3077/3077 3078/3078/3078 
f 3078/3078/3078 3079/3079/3079 3076/3076/3076 
f 3080/3080/3080 3081/3081/3081 3082/3082/3082 
f 3082/3082/3082 3083/3083/3083 3080/3080/3080 
f 3084/3084/3084 3085/3085/3085 3086/3086/3086 
f 3086/3086/3086 3087/3087/3087 3084/3084/3084 
f 3088/3088/3088 3089/3089/3089 3090/3090/3090 
f 3090/3090/3090 3091/3091/3091 3088/3088/3088 
f 3027/3027/3027 2980/2980/2980 3092/3092/3092 
f 3092/3092/3092 3093/3093/3093 3027/3027/3027 
f 2979/2979/2979 3094/3094/3094 3092/3092/3092 
f 3092/3092/3092 2980/2980/2980 2979/2979/2979 
f 2975/2975/2975 3095/3095/3095 3096/3096/3096 
f 3096/3096/3096 2976/2976/2976 2975/2975/2975 
f 2975/2975/2975 2997/2997/2997 3097/3097/3097 
f 3097/3097/3097 3095/3095/3095 2975/2975/2975 
f 3021/3021/3021 3098/3098/3098 3099/3099/3099 
f 3099/3099/3099 3022/3022/3022 3021/3021/3021 
f 3008/3008/3008 3007/3007/3007 3100/3100/3100 
f 3100/3100/3100 3101/3101/3101 3008/3008/3008 
f 3102/3102/3102 3103/3103/3103 3104/3104/3104 
f 3104/3104/3104 3105/3105/3105 3102/3102/3102 
f 3002/3002/3002 3106/3106/3106 3107/3107/3107 
f 3107/3107/3107 3000/3000/3000 3002/3002/3002 
f 3014/3014/3014 2990/2990/2990 2993/2993/2993 
f 2993/2993/2993 3015/3015/3015 3014/3014/3014 
f 3024/3024/3024 2998/2998/2998 2999/2999/2999 
f 2999/2999/2999 3025/3025/3025 3024/3024/3024 
f 2996/2996/2996 3023/3023/3023 3022/3022/3022 
f 3022/3022/3022 2997/2997/2997 2996/2996/2996 
f 2997/2997/2997 3022/3022/3022 3099/3099/3099 
f 3099/3099/3099 3097/3097/3097 2997/2997/2997 
f 3062/3062/3062 3065/3065/3065 3061/3061/3061 
f 3061/3061/3061 3060/3060/3060 3062/3062/3062 
f 2995/2995/2995 2994/2994/2994 3019/3019/3019 
f 3019/3019/3019 3018/3018/3018 2995/2995/2995 
f 3043/3043/3043 3042/3042/3042 3038/3038/3038 
f 3038/3038/3038 3037/3037/3037 3043/3043/3043 
f 3082/3082/3082 3081/3081/3081 3108/3108/3108 
f 3108/3108/3108 3109/3109/3109 3082/3082/3082 
f 3036/3036/3036 3039/3039/3039 3110/3110/3110 
f 3110/3110/3110 3111/3111/3111 3036/3036/3036 
f 3112/3112/3112 3113/3113/3113 3076/3076/3076 
f 3076/3076/3076 3079/3079/3079 3112/3112/3112 
f 3114/3114/3114 3115/3115/3115 3017/3017/3017 
f 3017/3017/3017 3016/3016/3016 3114/3114/3114 
f 3116/3116/3116 3117/3117/3117 3021/3021/3021 
f 3021/3021/3021 3020/3020/3020 3116/3116/3116 
f 3021/3021/3021 3117/3117/3117 3118/3118/3118 
f 3118/3118/3118 3098/3098/3098 3021/3021/3021 
f 3119/3119/3119 3120/3120/3120 3064/3064/3064 
f 3064/3064/3064 3063/3063/3063 3119/3119/3119 
f 3121/3121/3121 3122/3122/3122 3123/3123/3123 
f 3123/3123/3123 3124/3124/3124 3121/3121/3121 
f 3125/3125/3125 3126/3126/3126 3127/3127/3127 
f 3127/3127/3127 3128/3128/3128 3125/3125/3125 
f 3129/3129/3129 3050/3050/3050 3053/3053/3053 
f 3053/3053/3053 3130/3130/3130 3129/3129/3129 
f 3129/3129/3129 3131/3131/3131 3054/3054/3054 
f 3054/3054/3054 3050/3050/3050 3129/3129/3129 
f 3132/3132/3132 3133/3133/3133 3134/3134/3134 
f 3134/3134/3134 3135/3135/3135 3132/3132/3132 
f 3136/3136/3136 3137/3137/3137 3133/3133/3133 
f 3133/3133/3133 3132/3132/3132 3136/3136/3136 
f 3138/3138/3138 3139/3139/3139 3137/3137/3137 
f 3137/3137/3137 3136/3136/3136 3138/3138/3138 
f 3138/3138/3138 3140/3140/3140 3141/3141/3141 
f 3141/3141/3141 3139/3139/3139 3138/3138/3138 
f 3142/3142/3142 3143/3143/3143 3141/3141/3141 
f 3141/3141/3141 3140/3140/3140 3142/3142/3142 
f 3144/3144/3144 3068/3068/3068 3067/3067/3067 
f 3067/3067/3067 3145/3145/3145 3144/3144/3144 
f 3146/3146/3146 3147/3147/3147 3148/3148/3148 
f 3148/3148/3148 3149/3149/3149 3146/3146/3146 
f 3075/3075/3075 3074/3074/3074 3150/3150/3150 
f 3150/3150/3150 3151/3151/3151 3075/3075/3075 
f 3152/3152/3152 3153/3153/3153 3154/3154/3154 
f 3154/3154/3154 3155/3155/3155 3152/3152/3152 
f 3156/3156/3156 3157/3157/3157 3154/3154/3154 
f 3154/3154/3154 3153/3153/3153 3156/3156/3156 
f 3158/3158/3158 3159/3159/3159 3160/3160/3160 
f 3160/3160/3160 3161/3161/3161 3158/3158/3158 
f 3162/3162/3162 3163/3163/3163 3160/3160/3160 
f 3160/3160/3160 3159/3159/3159 3162/3162/3162 
f 3084/3084/3084 3087/3087/3087 3122/3122/3122 
f 3122/3122/3122 3121/3121/3121 3084/3084/3084 
f 3090/3090/3090 3125/3125/3125 3128/3128/3128 
f 3128/3128/3128 3091/3091/3091 3090/3090/3090 
f 3092/3092/3092 3129/3129/3129 3130/3130/3130 
f 3130/3130/3130 3093/3093/3093 3092/3092/3092 
f 3094/3094/3094 3131/3131/3131 3129/3129/3129 
f 3129/3129/3129 3092/3092/3092 3094/3094/3094 
f 3095/3095/3095 3132/3132/3132 3135/3135/3135 
f 3135/3135/3135 3096/3096/3096 3095/3095/3095 
f 3097/3097/3097 3136/3136/3136 3132/3132/3132 
f 3132/3132/3132 3095/3095/3095 3097/3097/3097 
f 3099/3099/3099 3138/3138/3138 3136/3136/3136 
f 3136/3136/3136 3097/3097/3097 3099/3099/3099 
f 3098/3098/3098 3140/3140/3140 3138/3138/3138 
f 3138/3138/3138 3099/3099/3099 3098/3098/3098 
f 3098/3098/3098 3118/3118/3118 3142/3142/3142 
f 3142/3142/3142 3140/3140/3140 3098/3098/3098 
f 3101/3101/3101 3100/3100/3100 3144/3144/3144 
f 3144/3144/3144 3145/3145/3145 3101/3101/3101 
f 3103/3103/3103 3147/3147/3147 3146/3146/3146 
f 3146/3146/3146 3104/3104/3104 3103/3103/3103 
f 3151/3151/3151 3150/3150/3150 3107/3107/3107 
f 3107/3107/3107 3106/3106/3106 3151/3151/3151 
f 3112/3112/3112 3079/3079/3079 3153/3153/3153 
f 3153/3153/3153 3152/3152/3152 3112/3112/3112 
f 3079/3079/3079 3078/3078/3078 3156/3156/3156 
f 3156/3156/3156 3153/3153/3153 3079/3079/3079 
f 3081/3081/3081 3159/3159/3159 3158/3158/3158 
f 3158/3158/3158 3108/3108/3108 3081/3081/3081 
f 3162/3162/3162 3159/3159/3159 3081/3081/3081 
f 3081/3081/3081 3080/3080/3080 3162/3162/3162 
f 3164/3164/3164 3165/3165/3165 3115/3115/3115 
f 3115/3115/3115 3114/3114/3114 3164/3164/3164 
f 3166/3166/3166 3167/3167/3167 3113/3113/3113 
f 3113/3113/3113 3112/3112/3112 3166/3166/3166 
f 3112/3112/3112 3152/3152/3152 3168/3168/3168 
f 3168/3168/3168 3166/3166/3166 3112/3112/3112 
f 3168/3168/3168 3152/3152/3152 3155/3155/3155 
f 3155/3155/3155 3169/3169/3169 3168/3168/3168 
f 3170/3170/3170 3111/3111/3111 3110/3110/3110 
f 3110/3110/3110 3171/3171/3171 3170/3170/3170 
f 3172/3172/3172 3003/3003/3003 3006/3006/3006 
f 3006/3006/3006 3173/3173/3173 3172/3172/3172 
f 3119/3119/3119 3174/3174/3174 3175/3175/3175 
f 3175/3175/3175 3120/3120/3120 3119/3119/3119 
f 3142/3142/3142 3176/3176/3176 3177/3177/3177 
f 3177/3177/3177 3143/3143/3143 3142/3142/3142 
f 3118/3118/3118 3178/3178/3178 3176/3176/3176 
f 3176/3176/3176 3142/3142/3142 3118/3118/3118 
f 3179/3179/3179 3178/3178/3178 3118/3118/3118 
f 3118/3118/3118 3117/3117/3117 3179/3179/3179 
f 3180/3180/3180 3179/3179/3179 3117/3117/3117 
f 3117/3117/3117 3116/3116/3116 3180/3180/3180 
f 3013/3013/3013 3012/3012/3012 3181/3181/3181 
f 3181/3181/3181 3182/3182/3182 3013/3013/3013 

g R6Troll2

v -38.2798 0.176842 17.9753 
v -38.1594 0.265458 17.8414 
v -38.1692 -0.00493407 17.8414 
v -38.2948 -0.00493407 17.9753 
v -38.1274 2.19717 18.6891 
v -38.1274 2.19717 18.2836 
v -38.2699 2 18.273 
v -38.2699 2 18.7126 
v -38.1692 -0.00493407 18.9324 
v -38.1494 0.318842 18.9018 
v -38.3083 0.231522 18.7302 
v -38.3319 -0.00493407 18.7608 
v -38.1692 -0.00493407 18.2365 
v -38.1692 -0.00493407 18.9324 
v -38.3319 -0.00493407 18.7608 
v -38.3319 -0.00493407 18.2365 
v -38.3083 0.231522 18.7302 
v -38.3083 0.231522 18.2449 
v -38.3319 -0.00493407 18.2365 
v -38.3319 -0.00493407 18.7608 
v -37.5632 0.231522 18.7302 
v -37.5396 -0.00493407 18.7608 
v -37.5396 -0.00493407 18.2365 
v -37.5632 0.231522 18.2449 
v -38.2532 0.926338 18.2952 
v -38.1178 0.926338 18.1387 
v -38.1494 0.398195 18.0884 
v -38.3083 0.231522 18.2449 
v -37.6182 0.926338 18.6097 
v -37.6182 0.926338 18.2952 
v -38.1178 0.926338 18.7812 
v -38.2532 0.926338 18.6097 
v -38.2532 0.926338 18.6097 
v -38.2532 0.926338 18.2952 
v -38.1274 2.19717 18.2836 
v -38.1268 1.99502 18.1232 
v -38.2699 2 18.273 
v -37.614 1.7066 18.2821 
v -37.614 1.7066 18.6334 
v -37.632 1.28137 18.6097 
v -37.632 1.28137 18.2952 
v -38.1274 2.19717 18.6891 
v -38.2699 2 18.7126 
v -38.1268 2.00314 18.8418 
v -38.2575 1.7066 18.2821 
v -38.2395 1.28137 18.2952 
v -38.2395 1.28137 18.6097 
v -38.2575 1.7066 18.6334 
v -38.11 1.28137 18.1387 
v -38.1476 1.12188 18.0968 
v -38.2633 1.12188 18.2809 
v -38.2395 1.28137 18.2952 
v -37.6082 1.12188 18.6097 
v -37.6082 1.12188 18.2809 
v -38.1236 1.12188 18.758 
v -38.11 1.28137 18.7812 
v -38.2395 1.28137 18.6097 
v -38.2633 1.12188 18.6097 
v -38.2633 1.12188 18.2809 
v -38.2633 1.12188 18.6097 
v -38.2948 -0.00493407 17.9753 
v -38.1692 -0.00493407 17.8414 
v -38.2798 0.176842 17.9753 
v -38.2948 -0.00493407 17.9753 
v -38.2798 0.176842 17.9753 
v -38.3083 0.231522 18.2449 
v -38.1494 0.398195 18.0884 
v -38.1594 0.265458 17.8414 
v -37.5917 0.176842 17.9753 
v -37.5766 -0.00493407 17.9753 
v -37.7561 1.28137 18.1387 
v -37.632 1.28137 18.2952 
v -37.6082 1.12188 18.2809 
v -37.718 1.12188 18.0968 
v -37.6182 0.926338 18.2952 
v -37.5632 0.231522 18.2449 
v -37.7154 0.398195 18.0884 
v -37.748 0.926338 18.1387 
v -37.7052 0.265458 17.8414 
v -37.7154 0.398195 18.0884 
v -37.5917 0.176842 17.9753 
v -37.5766 -0.00493407 17.9753 
v -37.6951 -0.00493407 17.8414 
v -37.7052 0.265458 17.8414 
v -37.5766 -0.00493407 17.9753 
v -37.5396 -0.00493407 18.2365 
v -37.6951 -0.00493407 18.2365 
v -37.6951 -0.00493407 17.8414 
v -37.5396 -0.00493407 18.7608 
v -37.6951 -0.00493407 18.9324 
v -37.6951 -0.00493407 18.9324 
v -37.5396 -0.00493407 18.7608 
v -37.5632 0.231522 18.7302 
v -37.7154 0.318842 18.9018 
v -37.6182 0.926338 18.6097 
v -37.748 0.926338 18.7812 
v -37.742 1.12188 18.758 
v -37.6082 1.12188 18.6097 
v -37.632 1.28137 18.6097 
v -37.7561 1.28137 18.7812 
v -37.6016 2 18.7126 
v -37.7381 2.19717 18.6891 
v -37.7388 1.98988 18.8406 
v -37.7381 2.19717 18.6891 
v -37.6016 2 18.7126 
v -37.6016 2 18.273 
v -37.7381 2.19717 18.2836 
v -37.6016 2 18.273 
v -37.7388 1.99795 18.1231 
v -37.7381 2.19717 18.2836 
v -38.11 1.28137 18.1387 
v -37.9964 1.28137 18.115 
v -38.0098 1.12188 18.0586 
v -38.1476 1.12188 18.0968 
v -38.1178 0.926338 18.1387 
v -37.9992 0.926338 18.115 
v -38.0102 0.433856 18.0528 
v -38.1494 0.398195 18.0884 
v -38.0102 0.433856 18.0528 
v -38.0137 0.301118 17.8029 
v -38.1594 0.265458 17.8414 
v -38.1494 0.398195 18.0884 
v -38.1594 0.265458 17.8414 
v -38.0137 0.301118 17.8029 
v -38.0171 -0.00493407 17.8029 
v -38.1692 -0.00493407 17.8414 
v -38.0171 -0.00493407 17.8029 
v -38.0171 -0.00493407 18.2365 
v -38.0171 -0.00493407 18.999 
v -38.0171 -0.00493407 18.999 
v -38.0102 0.318842 18.9685 
v -37.9992 0.926338 18.8167 
v -38.0012 1.12188 18.758 
v -37.9964 1.28137 18.7963 
v -38.0023 1.99888 18.8837 
v -38.0025 2.19717 18.6891 
v -38.0025 2.19717 18.6891 
v -38.0025 2.19717 18.2444 
v -38.1274 2.19717 18.2836 
v -38.1274 2.19717 18.6891 
v -38.0025 2.19717 18.2444 
v -38.0023 1.99596 18.084 
v -38.0098 1.12188 18.0586 
v -38.1476 1.12188 18.0968 
v -37.614 1.7066 18.2821 
v -37.7458 1.70538 18.1295 
v -38.1199 1.70365 18.1295 
v -37.9999 1.70421 18.0967 
v -38.2575 1.7066 18.2821 
v -38.1199 1.70365 18.1295 
v -38.1199 1.70846 18.7799 
v -38.2575 1.7066 18.6334 
v -37.9999 1.70594 18.8109 
v -37.614 1.7066 18.6334 
v -37.7459 1.70061 18.7792 
v -37.7052 0.265458 17.8414 
v -37.8645 0.301118 17.8029 
v -37.8677 0.433856 18.0528 
v -37.7154 0.398195 18.0884 
v -37.7052 0.265458 17.8414 
v -37.6951 -0.00493407 17.8414 
v -37.8614 -0.00493407 17.8029 
v -37.8645 0.301118 17.8029 
v -37.8614 -0.00493407 18.2365 
v -37.8614 -0.00493407 17.8029 
v -37.8614 -0.00493407 18.999 
v -37.6951 -0.00493407 18.9324 
v -37.7154 0.318842 18.9018 
v -37.8677 0.318842 18.9685 
v -37.8614 -0.00493407 18.999 
v -37.748 0.926338 18.7812 
v -37.8777 0.926338 18.8167 
v -37.742 1.12188 18.758 
v -37.8759 1.12188 18.758 
v -37.7561 1.28137 18.7812 
v -37.8802 1.28137 18.7963 
v -37.7459 1.70061 18.7792 
v -37.8771 1.70336 18.8107 
v -37.8747 2.19717 18.6891 
v -37.8749 1.99453 18.8833 
v -37.8747 2.19717 18.6891 
v -37.7381 2.19717 18.6891 
v -37.7381 2.19717 18.2836 
v -37.8747 2.19717 18.2444 
v -37.8747 2.19717 18.2444 
v -37.8749 1.99692 18.084 
v -37.7561 1.28137 18.1387 
v -37.8802 1.28137 18.115 
v -37.8771 1.70478 18.0967 
v -37.7458 1.70538 18.1295 
v -37.718 1.12188 18.0968 
v -37.8687 1.12188 18.0586 
v -37.8687 1.12188 18.0586 
v -37.718 1.12188 18.0968 
v -37.748 0.926338 18.1387 
v -37.8777 0.926338 18.115 
v -37.7154 0.398195 18.0884 
v -37.8677 0.433856 18.0528 
v -38.2699 2 18.273 
v -38.1268 1.99502 18.1232 
v -38.1268 1.99502 18.1232 
v -38.0023 1.99596 18.084 
v -37.8749 1.99692 18.084 
v -37.7388 1.99795 18.1231 
v -37.7388 1.99795 18.1231 
v -37.6016 2 18.273 
v -37.6016 2 18.273 
v -37.6016 2 18.7126 
v -37.6016 2 18.7126 
v -37.7388 1.98988 18.8406 
v -37.7388 1.98988 18.8406 
v -37.8749 1.99453 18.8833 
v -38.0023 1.99888 18.8837 
v -38.1268 2.00314 18.8418 
v -38.2699 2 18.7126 
v -38.2699 2 18.273 
v -38.2699 2 18.7126 

vn -0.740157 0.0393701 -0.669291 
vn -0.755906 0.023622 -0.661417 
vn -0.740157 0.0472441 -0.669291 
vn -0.724409 0.0629921 -0.685039 
vn -0.811024 0.582677 0 
vn -0.811024 0.582677 0 
vn -0.811024 0.582677 0 
vn -0.811024 0.582677 0 
vn -0.582677 0.125984 0.80315 
vn -0.598425 0.15748 0.787402 
vn -0.748031 0.141732 0.645669 
vn -0.716535 0.15748 0.677165 
vn 0 -1 0 
vn 0 -1 0 
vn 0 -1 0 
vn 0 -1 0 
vn -0.992126 0.0866142 0 
vn -0.992126 0.0944882 -0.0393701 
vn -0.992126 0.0944882 -0.0629921 
vn -0.992126 0.102362 0 
vn 0.992126 0.0866142 0 
vn 0.992126 0.102362 0 
vn 0.992126 0.0944882 -0.0629921 
vn 0.976378 0.188976 -0.0708661 
vn -0.755906 0.00787402 -0.653543 
vn -0.779528 -0.0314961 -0.622047 
vn -0.755906 0.110236 -0.653543 
vn -0.755906 0.110236 -0.653543 
vn 1 0.015748 0 
vn 1 0.015748 0 
vn -0.535433 0.173228 0.826772 
vn -0.76378 0.0787402 0.637795 
vn -1 0.015748 0 
vn -1 0.015748 0 
vn -0.393701 0.566929 -0.724409 
vn -0.393701 0.574803 -0.716535 
vn -0.622047 0.480315 -0.614173 
vn 1 -0.0393701 0 
vn 1 -0.0393701 0 
vn 1 0.0551181 0 
vn 1 0.0551181 0 
vn -0.204724 0.606299 0.771654 
vn -0.582677 0.496063 0.637795 
vn -0.330709 0.622047 0.708661 
vn -1 -0.0393701 0 
vn -1 0.0551181 0 
vn -1 0.0551181 0 
vn -1 -0.0393701 0 
vn -0.787402 0.11811 -0.606299 
vn -0.84252 0.0472441 -0.535433 
vn -0.80315 0.0393701 -0.590551 
vn -0.76378 0.0708661 -0.637795 
vn 1 0.0472441 0 
vn 1 0.0472441 0 
vn -0.448819 0.00787402 0.889764 
vn -0.472441 -0.0866142 0.874016 
vn -0.779528 -0.00787402 0.629921 
vn -0.724409 0.0314961 0.685039 
vn -1 0.0472441 0 
vn -1 0.0472441 0 
vn 0 -1 0 
vn 0 -1 0 
vn -0.984252 0.0944882 -0.133858 
vn -0.984252 0.0787402 -0.141732 
vn -0.771654 0.582677 -0.244094 
vn -0.795276 0.574803 -0.19685 
vn -0.779528 0.582677 -0.23622 
vn -0.755906 0.590551 -0.283465 
vn 0.905512 0.370079 -0.19685 
vn 0.984252 0.0787402 -0.141732 
vn 0.795276 0.110236 -0.590551 
vn 0.779528 0.0629921 -0.622047 
vn 0.818898 0.0393701 -0.574803 
vn 0.858268 0.0472441 -0.511811 
vn 0.771654 0.00787402 -0.637795 
vn 0.76378 0.110236 -0.629921 
vn 0.76378 0.110236 -0.629921 
vn 0.795276 -0.0314961 -0.606299 
vn 0.771654 0.574803 -0.275591 
vn 0.795276 0.559055 -0.228346 
vn 0.76378 0.0393701 -0.645669 
vn 0.748031 0.0629921 -0.661417 
vn 0.755906 0.0472441 -0.645669 
vn 0.771654 0.0314961 -0.637795 
vn 0 -1 0 
vn 0 -1 0 
vn 0 -1 0 
vn 0 -1 0 
vn 0 -1 0 
vn 0 -1 0 
vn 0.582677 0.11811 0.80315 
vn 0.732283 0.15748 0.661417 
vn 0.76378 0.141732 0.629921 
vn 0.598425 0.15748 0.787402 
vn 0.779528 0.0787402 0.622047 
vn 0.527559 0.173228 0.826772 
vn 0.456693 0.00787402 0.889764 
vn 0.740157 0.0314961 0.669291 
vn 0.779528 0.015748 0.622047 
vn 0.480315 -0.0708661 0.874016 
vn 0.582677 0.480315 0.661417 
vn 0.19685 0.574803 0.787402 
vn 0.338583 0.598425 0.724409 
vn 0.818898 0.566929 0 
vn 0.818898 0.566929 0 
vn 0.818898 0.566929 0 
vn 0.818898 0.566929 0 
vn 0.645669 0.480315 -0.598425 
vn 0.385827 0.574803 -0.716535 
vn 0.385827 0.574803 -0.716535 
vn -0.220472 0.149606 -0.96063 
vn -0.102362 0.149606 -0.984252 
vn -0.11811 0.330709 -0.937008 
vn -0.251969 0.299213 -0.92126 
vn -0.212598 -0.0787402 -0.976378 
vn -0.0944882 -0.0787402 -0.992126 
vn -0.141732 0.11811 -0.984252 
vn -0.275591 0.110236 -0.952756 
vn -0.165354 0.874016 -0.456693 
vn -0.15748 0.874016 -0.464567 
vn -0.322835 0.834646 -0.440945 
vn -0.322835 0.834646 -0.440945 
vn -0.251969 0.00787402 -0.968504 
vn -0.11811 0 -0.992126 
vn -0.125984 0 -0.992126 
vn -0.244094 0.00787402 -0.968504 
vn 0 -1 0 
vn 0 -1 0 
vn 0 -1 0 
vn -0.204724 0.102362 0.976378 
vn -0.212598 0.165354 0.96063 
vn -0.141732 0.251969 0.952756 
vn -0.0393701 0.015748 1 
vn -0.0629921 -0.133858 0.992126 
vn -0.0866142 0.692913 0.716535 
vn -0.0314961 0.669291 0.740157 
vn 0 1 0 
vn 0 1 0 
vn 0 1 0 
vn 0 1 0 
vn -0.125984 0.622047 -0.771654 
vn -0.11811 0.622047 -0.779528 
vn -0.11811 -0.267717 -0.952756 
vn -0.259843 -0.23622 -0.937008 
vn 0.755906 -0.0393701 -0.653543 
vn 0.755906 -0.0314961 -0.653543 
vn -0.267717 -0.0314961 -0.96063 
vn -0.133858 -0.0393701 -0.992126 
vn -0.740157 -0.0472441 -0.669291 
vn -0.748031 -0.0393701 -0.661417 
vn -0.511811 -0.110236 0.850394 
vn -0.732283 -0.11811 0.669291 
vn -0.125984 -0.125984 0.984252 
vn 0.740157 -0.133858 0.661417 
vn 0.519685 -0.11811 0.850394 
vn 0.299213 0.84252 -0.440945 
vn 0.149606 0.874016 -0.464567 
vn 0.15748 0.874016 -0.456693 
vn 0.299213 0.84252 -0.440945 
vn 0.228346 0.00787402 -0.976378 
vn 0.228346 0.00787402 -0.976378 
vn 0.11811 0 -0.992126 
vn 0.110236 0 -0.992126 
vn 0 -1 0 
vn 0 -1 0 
vn 0 -1 0 
vn 0.582677 0.11811 0.80315 
vn 0.598425 0.15748 0.787402 
vn 0.19685 0.173228 0.968504 
vn 0.188976 0.0944882 0.976378 
vn 0.527559 0.173228 0.826772 
vn 0.133858 0.251969 0.96063 
vn 0.456693 0.00787402 0.889764 
vn 0.0393701 0.015748 1 
vn 0.480315 -0.0708661 0.874016 
vn 0.0629921 -0.133858 0.992126 
vn 0.519685 -0.11811 0.850394 
vn 0.11811 -0.125984 0.984252 
vn 0.0393701 0.661417 0.748031 
vn 0.125984 0.685039 0.716535 
vn 0 1 0 
vn 0 1 0 
vn 0 1 0 
vn 0 1 0 
vn 0.11811 0.622047 -0.771654 
vn 0.102362 0.622047 -0.779528 
vn 0.204724 0.149606 -0.968504 
vn 0.0944882 0.149606 -0.984252 
vn 0.11811 -0.0393701 -0.992126 
vn 0.244094 -0.0314961 -0.968504 
vn 0.23622 0.299213 -0.92126 
vn 0.110236 0.322835 -0.937008 
vn 0.110236 -0.267717 -0.96063 
vn 0.23622 -0.23622 -0.944882 
vn 0.19685 -0.0787402 -0.976378 
vn 0.0866142 -0.0787402 -0.992126 
vn 0.251969 0.110236 -0.96063 
vn 0.125984 0.11811 -0.984252 
vn -0.724409 -0.0551181 -0.685039 
vn -0.732283 -0.0472441 -0.677165 
vn -0.299213 -0.0314961 -0.952756 
vn -0.149606 -0.0393701 -0.992126 
vn 0.133858 -0.0393701 -0.992126 
vn 0.275591 -0.0314961 -0.96063 
vn 0.748031 -0.0472441 -0.669291 
vn 0.740157 -0.0551181 -0.677165 
vn 1 -0.0393701 0 
vn 1 -0.0393701 0 
vn 0.700787 -0.181102 0.692913 
vn 0.480315 -0.204724 0.858268 
vn 0.480315 -0.204724 0.858268 
vn 0.133858 -0.244094 0.96063 
vn -0.165354 -0.23622 0.96063 
vn -0.480315 -0.204724 0.850394 
vn -0.677165 -0.188976 0.708661 
vn -1 -0.0393701 0 
vn -1 -0.0393701 0 

vt 0.615535 0.749928 
vt 0.615535 0.783806 
vt 0.609762 0.780006 
vt 0.609762 0.749928 
vt 0.435326 0.336603 
vt 0.435326 0.2644 
vt 0.444762 0.2644 
vt 0.444762 0.336603 
vt 0.609762 0.625307 
vt 0.626081 0.625307 
vt 0.626081 0.672428 
vt 0.609762 0.669712 
vt 0.540922 0.313381 
vt 0.540781 0.234413 
vt 0.550478 0.234413 
vt 0.550478 0.313323 
vt 0.626081 0.672428 
vt 0.626081 0.749712 
vt 0.609762 0.736946 
vt 0.609762 0.669712 
vt 0.626081 0.958227 
vt 0.609762 0.960609 
vt 0.609762 0.893282 
vt 0.626081 0.875088 
vt 0.651339 0.749712 
vt 0.651339 0.784353 
vt 0.626081 0.77351 
vt 0.626081 0.749712 
vt 0.651339 0.947291 
vt 0.651339 0.875088 
vt 0.651339 0.625307 
vt 0.651339 0.684236 
vt 0.651339 0.684236 
vt 0.651339 0.749712 
vt 0.435326 0.2644 
vt 0.435326 0.23507 
vt 0.444762 0.2644 
vt 0.689565 0.875088 
vt 0.689565 0.951849 
vt 0.668344 0.948736 
vt 0.668344 0.875088 
vt 0.435326 0.336603 
vt 0.444762 0.336603 
vt 0.435326 0.359042 
vt 0.689565 0.749712 
vt 0.668344 0.749712 
vt 0.668344 0.683376 
vt 0.689565 0.680328 
vt 0.668344 0.784499 
vt 0.660545 0.781841 
vt 0.660545 0.749712 
vt 0.668344 0.749712 
vt 0.660545 0.947181 
vt 0.660545 0.875088 
vt 0.660545 0.625307 
vt 0.668344 0.625307 
vt 0.668344 0.683376 
vt 0.660545 0.684665 
vt 0.660545 0.749712 
vt 0.660545 0.684665 
vt 0.550478 0.358593 
vt 0.541003 0.358593 
vt 0.615535 0.749928 
vt 0.609762 0.749928 
vt 0.615535 0.749928 
vt 0.626081 0.749712 
vt 0.626081 0.77351 
vt 0.615535 0.783806 
vt 0.615535 0.875088 
vt 0.609762 0.875088 
vt 0.668344 0.844101 
vt 0.668344 0.875088 
vt 0.660545 0.875088 
vt 0.660545 0.846263 
vt 0.651339 0.875088 
vt 0.626081 0.875088 
vt 0.626081 0.856802 
vt 0.651339 0.843838 
vt 0.615535 0.847577 
vt 0.626081 0.856802 
vt 0.615535 0.875088 
vt 0.609762 0.875088 
vt 0.609762 0.85436 
vt 0.615535 0.847577 
vt 0.503841 0.358593 
vt 0.503841 0.313607 
vt 0.513079 0.313551 
vt 0.513159 0.358593 
vt 0.503841 0.234413 
vt 0.512938 0.234413 
vt 0.609762 0.999133 
vt 0.609762 0.960609 
vt 0.626081 0.958227 
vt 0.626081 0.999133 
vt 0.651339 0.947291 
vt 0.651339 0.999133 
vt 0.660545 0.999133 
vt 0.660545 0.947181 
vt 0.668344 0.948736 
vt 0.668344 0.999133 
vt 0.39847 0.336603 
vt 0.407346 0.336603 
vt 0.407346 0.359042 
vt 0.407346 0.336603 
vt 0.39847 0.336603 
vt 0.39847 0.2644 
vt 0.407346 0.2644 
vt 0.39847 0.2644 
vt 0.407346 0.23507 
vt 0.407346 0.2644 
vt 0.668344 0.784499 
vt 0.668344 0.804278 
vt 0.660545 0.80235 
vt 0.660545 0.781841 
vt 0.651339 0.784353 
vt 0.651339 0.802249 
vt 0.626081 0.801752 
vt 0.626081 0.77351 
vt 0.626081 0.801752 
vt 0.615535 0.803439 
vt 0.615535 0.783806 
vt 0.626081 0.77351 
vt 0.615535 0.783806 
vt 0.615535 0.803439 
vt 0.609762 0.803856 
vt 0.609762 0.780006 
vt 0.532078 0.358593 
vt 0.53199 0.313435 
vt 0.531835 0.234413 
vt 0.609762 0.578993 
vt 0.626081 0.579289 
vt 0.651339 0.580945 
vt 0.660545 0.583322 
vt 0.668344 0.582943 
vt 0.427298 0.359042 
vt 0.427298 0.336603 
vt 0.427298 0.336603 
vt 0.427298 0.2644 
vt 0.435326 0.2644 
vt 0.435326 0.336603 
vt 0.427298 0.2644 
vt 0.427298 0.23507 
vt 0.660545 0.80235 
vt 0.660545 0.781841 
vt 0.689565 0.875088 
vt 0.689565 0.84263 
vt 0.689565 0.783702 
vt 0.689565 0.802764 
vt 0.689565 0.749712 
vt 0.689565 0.783702 
vt 0.689565 0.625307 
vt 0.689565 0.680328 
vt 0.689565 0.588093 
vt 0.689565 0.951849 
vt 0.689565 0.999133 
vt 0.615535 0.847577 
vt 0.615535 0.824785 
vt 0.626081 0.829421 
vt 0.626081 0.856802 
vt 0.615535 0.847577 
vt 0.609762 0.85436 
vt 0.609762 0.827228 
vt 0.615535 0.824785 
vt 0.522848 0.313491 
vt 0.522936 0.358593 
vt 0.522693 0.234413 
vt 0.609762 0.500238 
vt 0.626081 0.500238 
vt 0.626081 0.53435 
vt 0.609762 0.529183 
vt 0.651339 0.500238 
vt 0.651339 0.542426 
vt 0.660545 0.500238 
vt 0.660545 0.543356 
vt 0.668344 0.500238 
vt 0.668344 0.546309 
vt 0.689565 0.500238 
vt 0.689565 0.548924 
vt 0.416963 0.336603 
vt 0.416963 0.359042 
vt 0.416963 0.336603 
vt 0.407346 0.336603 
vt 0.407346 0.2644 
vt 0.416963 0.2644 
vt 0.416963 0.2644 
vt 0.416963 0.23507 
vt 0.668344 0.844101 
vt 0.668344 0.823941 
vt 0.689565 0.821841 
vt 0.689565 0.84263 
vt 0.660545 0.846263 
vt 0.660545 0.823907 
vt 0.660545 0.823907 
vt 0.660545 0.846263 
vt 0.651339 0.843838 
vt 0.651339 0.820803 
vt 0.626081 0.856802 
vt 0.626081 0.829421 
vt 0.702877 0.749712 
vt 0.702877 0.781684 
vt 0.702877 0.781684 
vt 0.702877 0.802424 
vt 0.702877 0.822343 
vt 0.702877 0.844708 
vt 0.702877 0.844708 
vt 0.702877 0.875088 
vt 0.702877 0.875088 
vt 0.702877 0.961303 
vt 0.702877 0.961303 
vt 0.702877 0.999133 
vt 0.702877 0.500238 
vt 0.702877 0.550909 
vt 0.702877 0.590975 
vt 0.702877 0.625307 
vt 0.702877 0.671342 
vt 0.702877 0.749712 
vt 0.702877 0.671342 

usemtl R6Troll1Mtl

f 3183/3183/3183 3184/3184/3184 3185/3185/3185 
f 3185/3185/3185 3186/3186/3186 3183/3183/3183 
f 3187/3187/3187 3188/3188/3188 3189/3189/3189 
f 3189/3189/3189 3190/3190/3190 3187/3187/3187 
f 3191/3191/3191 3192/3192/3192 3193/3193/3193 
f 3193/3193/3193 3194/3194/3194 3191/3191/3191 
f 3195/3195/3195 3196/3196/3196 3197/3197/3197 
f 3197/3197/3197 3198/3198/3198 3195/3195/3195 
f 3199/3199/3199 3200/3200/3200 3201/3201/3201 
f 3201/3201/3201 3202/3202/3202 3199/3199/3199 
f 3203/3203/3203 3204/3204/3204 3205/3205/3205 
f 3205/3205/3205 3206/3206/3206 3203/3203/3203 
f 3207/3207/3207 3208/3208/3208 3209/3209/3209 
f 3209/3209/3209 3210/3210/3210 3207/3207/3207 
f 3211/3211/3211 3203/3203/3203 3206/3206/3206 
f 3206/3206/3206 3212/3212/3212 3211/3211/3211 
f 3192/3192/3192 3213/3213/3213 3214/3214/3214 
f 3214/3214/3214 3193/3193/3193 3192/3192/3192 
f 3215/3215/3215 3216/3216/3216 3200/3200/3200 
f 3200/3200/3200 3199/3199/3199 3215/3215/3215 
f 3217/3217/3217 3218/3218/3218 3219/3219/3219 
f 3220/3220/3220 3221/3221/3221 3222/3222/3222 
f 3222/3222/3222 3223/3223/3223 3220/3220/3220 
f 3224/3224/3224 3225/3225/3225 3226/3226/3226 
f 3227/3227/3227 3228/3228/3228 3229/3229/3229 
f 3229/3229/3229 3230/3230/3230 3227/3227/3227 
f 3231/3231/3231 3232/3232/3232 3233/3233/3233 
f 3233/3233/3233 3234/3234/3234 3231/3231/3231 
f 3223/3223/3223 3222/3222/3222 3235/3235/3235 
f 3235/3235/3235 3236/3236/3236 3223/3223/3223 
f 3237/3237/3237 3238/3238/3238 3239/3239/3239 
f 3239/3239/3239 3240/3240/3240 3237/3237/3237 
f 3228/3228/3228 3241/3241/3241 3242/3242/3242 
f 3242/3242/3242 3229/3229/3229 3228/3228/3228 
f 3243/3243/3243 3244/3244/3244 3195/3195/3195 
f 3195/3195/3195 3198/3198/3198 3243/3243/3243 
f 3245/3245/3245 3246/3246/3246 3201/3201/3201 
f 3201/3201/3201 3200/3200/3200 3245/3245/3245 
f 3247/3247/3247 3248/3248/3248 3249/3249/3249 
f 3249/3249/3249 3250/3250/3250 3247/3247/3247 
f 3251/3251/3251 3206/3206/3206 3205/3205/3205 
f 3205/3205/3205 3252/3252/3252 3251/3251/3251 
f 3253/3253/3253 3254/3254/3254 3255/3255/3255 
f 3255/3255/3255 3256/3256/3256 3253/3253/3253 
f 3257/3257/3257 3258/3258/3258 3259/3259/3259 
f 3259/3259/3259 3260/3260/3260 3257/3257/3257 
f 3251/3251/3251 3261/3261/3261 3262/3262/3262 
f 3262/3262/3262 3206/3206/3206 3251/3251/3251 
f 3263/3263/3263 3264/3264/3264 3265/3265/3265 
f 3265/3265/3265 3266/3266/3266 3263/3263/3263 
f 3267/3267/3267 3268/3268/3268 3269/3269/3269 
f 3269/3269/3269 3270/3270/3270 3267/3267/3267 
f 3269/3269/3269 3268/3268/3268 3271/3271/3271 
f 3271/3271/3271 3272/3272/3272 3269/3269/3269 
f 3273/3273/3273 3274/3274/3274 3275/3275/3275 
f 3275/3275/3275 3276/3276/3276 3273/3273/3273 
f 3276/3276/3276 3275/3275/3275 3277/3277/3277 
f 3277/3277/3277 3278/3278/3278 3276/3276/3276 
f 3279/3279/3279 3280/3280/3280 3281/3281/3281 
f 3281/3281/3281 3282/3282/3282 3279/3279/3279 
f 3283/3283/3283 3284/3284/3284 3285/3285/3285 
f 3286/3286/3286 3287/3287/3287 3288/3288/3288 
f 3288/3288/3288 3289/3289/3289 3286/3286/3286 
f 3290/3290/3290 3291/3291/3291 3292/3292/3292 
f 3293/3293/3293 3294/3294/3294 3295/3295/3295 
f 3295/3295/3295 3296/3296/3296 3293/3293/3293 
f 3297/3297/3297 3298/3298/3298 3299/3299/3299 
f 3299/3299/3299 3300/3300/3300 3297/3297/3297 
f 3301/3301/3301 3302/3302/3302 3303/3303/3303 
f 3303/3303/3303 3304/3304/3304 3301/3301/3301 
f 3305/3305/3305 3306/3306/3306 3307/3307/3307 
f 3307/3307/3307 3308/3308/3308 3305/3305/3305 
f 3244/3244/3244 3309/3309/3309 3310/3310/3310 
f 3310/3310/3310 3195/3195/3195 3244/3244/3244 
f 3310/3310/3310 3311/3311/3311 3196/3196/3196 
f 3196/3196/3196 3195/3195/3195 3310/3310/3310 
f 3312/3312/3312 3313/3313/3313 3192/3192/3192 
f 3192/3192/3192 3191/3191/3191 3312/3312/3312 
f 3192/3192/3192 3313/3313/3313 3314/3314/3314 
f 3314/3314/3314 3213/3213/3213 3192/3192/3192 
f 3315/3315/3315 3316/3316/3316 3238/3238/3238 
f 3238/3238/3238 3237/3237/3237 3315/3315/3315 
f 3226/3226/3226 3317/3317/3317 3318/3318/3318 
f 3318/3318/3318 3224/3224/3224 3226/3226/3226 
f 3319/3319/3319 3320/3320/3320 3321/3321/3321 
f 3321/3321/3321 3322/3322/3322 3319/3319/3319 
f 3218/3218/3218 3217/3217/3217 3323/3323/3323 
f 3323/3323/3323 3324/3324/3324 3218/3218/3218 
f 3233/3233/3233 3232/3232/3232 3208/3208/3208 
f 3208/3208/3208 3207/3207/3207 3233/3233/3233 
f 3242/3242/3242 3241/3241/3241 3216/3216/3216 
f 3216/3216/3216 3215/3215/3215 3242/3242/3242 
f 3214/3214/3214 3213/3213/3213 3237/3237/3237 
f 3237/3237/3237 3240/3240/3240 3214/3214/3214 
f 3213/3213/3213 3314/3314/3314 3315/3315/3315 
f 3315/3315/3315 3237/3237/3237 3213/3213/3213 
f 3277/3277/3277 3280/3280/3280 3279/3279/3279 
f 3279/3279/3279 3278/3278/3278 3277/3277/3277 
f 3235/3235/3235 3211/3211/3211 3212/3212/3212 
f 3212/3212/3212 3236/3236/3236 3235/3235/3235 
f 3255/3255/3255 3257/3257/3257 3260/3260/3260 
f 3260/3260/3260 3256/3256/3256 3255/3255/3255 
f 3325/3325/3325 3298/3298/3298 3297/3297/3297 
f 3297/3297/3297 3326/3326/3326 3325/3325/3325 
f 3327/3327/3327 3254/3254/3254 3253/3253/3253 
f 3253/3253/3253 3328/3328/3328 3327/3327/3327 
f 3293/3293/3293 3329/3329/3329 3330/3330/3330 
f 3330/3330/3330 3294/3294/3294 3293/3293/3293 
f 3234/3234/3234 3331/3331/3331 3332/3332/3332 
f 3332/3332/3332 3231/3231/3231 3234/3234/3234 
f 3238/3238/3238 3333/3333/3333 3334/3334/3334 
f 3334/3334/3334 3239/3239/3239 3238/3238/3238 
f 3238/3238/3238 3316/3316/3316 3335/3335/3335 
f 3335/3335/3335 3333/3333/3333 3238/3238/3238 
f 3281/3281/3281 3336/3336/3336 3337/3337/3337 
f 3337/3337/3337 3282/3282/3282 3281/3281/3281 
f 3338/3338/3338 3339/3339/3339 3340/3340/3340 
f 3340/3340/3340 3341/3341/3341 3338/3338/3338 
f 3342/3342/3342 3343/3343/3343 3344/3344/3344 
f 3344/3344/3344 3345/3345/3345 3342/3342/3342 
f 3270/3270/3270 3269/3269/3269 3346/3346/3346 
f 3346/3346/3346 3347/3347/3347 3270/3270/3270 
f 3346/3346/3346 3269/3269/3269 3272/3272/3272 
f 3272/3272/3272 3348/3348/3348 3346/3346/3346 
f 3349/3349/3349 3350/3350/3350 3351/3351/3351 
f 3351/3351/3351 3352/3352/3352 3349/3349/3349 
f 3350/3350/3350 3353/3353/3353 3354/3354/3354 
f 3354/3354/3354 3351/3351/3351 3350/3350/3350 
f 3353/3353/3353 3355/3355/3355 3356/3356/3356 
f 3356/3356/3356 3354/3354/3354 3353/3353/3353 
f 3356/3356/3356 3355/3355/3355 3357/3357/3357 
f 3357/3357/3357 3358/3358/3358 3356/3356/3356 
f 3357/3357/3357 3359/3359/3359 3360/3360/3360 
f 3360/3360/3360 3358/3358/3358 3357/3357/3357 
f 3285/3285/3285 3284/3284/3284 3361/3361/3361 
f 3361/3361/3361 3362/3362/3362 3285/3285/3285 
f 3363/3363/3363 3364/3364/3364 3365/3365/3365 
f 3365/3365/3365 3366/3366/3366 3363/3363/3363 
f 3367/3367/3367 3292/3292/3292 3291/3291/3291 
f 3291/3291/3291 3368/3368/3368 3367/3367/3367 
f 3369/3369/3369 3370/3370/3370 3371/3371/3371 
f 3371/3371/3371 3372/3372/3372 3369/3369/3369 
f 3369/3369/3369 3373/3373/3373 3374/3374/3374 
f 3374/3374/3374 3370/3370/3370 3369/3369/3369 
f 3375/3375/3375 3376/3376/3376 3377/3377/3377 
f 3377/3377/3377 3378/3378/3378 3375/3375/3375 
f 3377/3377/3377 3379/3379/3379 3380/3380/3380 
f 3380/3380/3380 3378/3378/3378 3377/3377/3377 
f 3339/3339/3339 3302/3302/3302 3301/3301/3301 
f 3301/3301/3301 3340/3340/3340 3339/3339/3339 
f 3345/3345/3345 3344/3344/3344 3307/3307/3307 
f 3307/3307/3307 3306/3306/3306 3345/3345/3345 
f 3347/3347/3347 3346/3346/3346 3310/3310/3310 
f 3310/3310/3310 3309/3309/3309 3347/3347/3347 
f 3346/3346/3346 3348/3348/3348 3311/3311/3311 
f 3311/3311/3311 3310/3310/3310 3346/3346/3346 
f 3352/3352/3352 3351/3351/3351 3313/3313/3313 
f 3313/3313/3313 3312/3312/3312 3352/3352/3352 
f 3351/3351/3351 3354/3354/3354 3314/3314/3314 
f 3314/3314/3314 3313/3313/3313 3351/3351/3351 
f 3354/3354/3354 3356/3356/3356 3315/3315/3315 
f 3315/3315/3315 3314/3314/3314 3354/3354/3354 
f 3356/3356/3356 3358/3358/3358 3316/3316/3316 
f 3316/3316/3316 3315/3315/3315 3356/3356/3356 
f 3316/3316/3316 3358/3358/3358 3360/3360/3360 
f 3360/3360/3360 3335/3335/3335 3316/3316/3316 
f 3317/3317/3317 3362/3362/3362 3361/3361/3361 
f 3361/3361/3361 3318/3318/3318 3317/3317/3317 
f 3363/3363/3363 3366/3366/3366 3320/3320/3320 
f 3320/3320/3320 3319/3319/3319 3363/3363/3363 
f 3323/3323/3323 3367/3367/3367 3368/3368/3368 
f 3368/3368/3368 3324/3324/3324 3323/3323/3323 
f 3370/3370/3370 3294/3294/3294 3330/3330/3330 
f 3330/3330/3330 3371/3371/3371 3370/3370/3370 
f 3294/3294/3294 3370/3370/3370 3374/3374/3374 
f 3374/3374/3374 3295/3295/3295 3294/3294/3294 
f 3375/3375/3375 3378/3378/3378 3298/3298/3298 
f 3298/3298/3298 3325/3325/3325 3375/3375/3375 
f 3298/3298/3298 3378/3378/3378 3380/3380/3380 
f 3380/3380/3380 3299/3299/3299 3298/3298/3298 
f 3331/3331/3331 3381/3381/3381 3382/3382/3382 
f 3382/3382/3382 3332/3332/3332 3331/3331/3331 
f 3329/3329/3329 3383/3383/3383 3384/3384/3384 
f 3384/3384/3384 3330/3330/3330 3329/3329/3329 
f 3385/3385/3385 3371/3371/3371 3330/3330/3330 
f 3330/3330/3330 3384/3384/3384 3385/3385/3385 
f 3385/3385/3385 3386/3386/3386 3372/3372/3372 
f 3372/3372/3372 3371/3371/3371 3385/3385/3385 
f 3387/3387/3387 3388/3388/3388 3327/3327/3327 
f 3327/3327/3327 3328/3328/3328 3387/3387/3387 
f 3389/3389/3389 3390/3390/3390 3221/3221/3221 
f 3221/3221/3221 3220/3220/3220 3389/3389/3389 
f 3337/3337/3337 3336/3336/3336 3391/3391/3391 
f 3391/3391/3391 3392/3392/3392 3337/3337/3337 
f 3360/3360/3360 3359/3359/3359 3393/3393/3393 
f 3393/3393/3393 3394/3394/3394 3360/3360/3360 
f 3335/3335/3335 3360/3360/3360 3394/3394/3394 
f 3394/3394/3394 3395/3395/3395 3335/3335/3335 
f 3335/3335/3335 3395/3395/3395 3396/3396/3396 
f 3396/3396/3396 3333/3333/3333 3335/3335/3335 
f 3333/3333/3333 3396/3396/3396 3397/3397/3397 
f 3397/3397/3397 3334/3334/3334 3333/3333/3333 
f 3398/3398/3398 3227/3227/3227 3230/3230/3230 
f 3230/3230/3230 3399/3399/3399 3398/3398/3398 

g R6Troll3

v -36.2356 2.77998 18.2444 
v -36.1528 2.20521 18.0693 
v -36.3126 2.18293 18.1461 
v -36.3627 2.76214 18.3003 
v -36.3202 3.88721 18.3331 
v -36.355 3.79869 18.1371 
v -36.5 3.8361 18.1862 
v -36.5 3.92955 18.3331 
v -36.3717 2.87295 18.8489 
v -36.2615 2.88601 18.9405 
v -36.3533 3.29925 18.8629 
v -36.5 3.35005 18.8138 
v -36.1875 2.20036 18.2904 
v -36.4203 2.16789 18.2904 
v -36.3126 2.18293 18.1461 
v -36.1528 2.20521 18.0693 
v -35.6552 2.27462 18.2904 
v -35.7874 2.25618 18.1461 
v -35.9536 2.81956 18.3048 
v -35.842 2.83522 18.4261 
v -36.4203 2.16789 18.2904 
v -36.444 2.75072 18.426 
v -36.5 3.35005 18.1862 
v -36.5 3.28152 18.3331 
v -36.5 3.64368 18.3239 
v -36.5 3.65666 18.1577 
v -36.3617 3.59214 18.8828 
v -36.5 3.65666 18.831 
v -35.9132 3.42906 18.3239 
v -35.9224 3.18306 18.3331 
v -36.0504 3.18306 18.2108 
v -36.0325 3.43139 18.1828 
v -36.3617 3.59214 18.1172 
v -36.3533 3.29925 18.1371 
v -36.5 3.35005 18.1862 
v -36.5 3.65666 18.1577 
v -36.5 3.92955 18.6688 
v -36.3202 3.88721 18.6688 
v -36.5 3.28405 18.6688 
v -36.5 3.64503 18.6781 
v -36.444 2.75072 18.426 
v -36.4203 2.16789 18.2904 
v -36.4203 2.16789 18.7117 
v -36.444 2.75072 18.7026 
v -36.1875 2.20036 18.7117 
v -36.4203 2.16789 18.7117 
v -35.8827 2.93308 18.4178 
v -35.9224 3.18306 18.6688 
v -35.8827 2.93308 18.7108 
v -35.9132 3.42906 18.6781 
v -36.5 3.8361 18.8138 
v -36.355 3.79869 18.8629 
v -36.5 3.35005 18.8138 
v -36.5 3.65666 18.831 
v -36.3126 2.18293 18.8539 
v -36.3627 2.76214 18.8529 
v -36.1528 2.20521 18.9307 
v -36.3126 2.18293 18.8539 
v -36.0504 3.18306 18.8138 
v -35.9895 2.91994 18.8431 
v -36.0325 3.43139 18.831 
v -36.5407 3.2027 18.6688 
v -36.5407 3.2027 18.3331 
v -36.1735 3.71281 18.1371 
v -36.0854 3.78594 18.3331 
v -36.0854 3.78594 18.6688 
v -36.1735 3.71281 18.8629 
v -36.1802 3.51494 18.8828 
v -36.1718 3.22962 18.8629 
v -36.0835 2.80017 18.9059 
v -36.217 2.78374 18.9088 
v -36.1528 2.20521 18.9307 
v -35.9338 2.23576 18.9307 
v -35.9338 2.23576 18.9307 
v -35.8685 2.24486 18.7117 
v -35.8685 2.24486 18.2904 
v -35.9338 2.23576 18.0693 
v -36.1718 3.22962 18.1371 
v -36.0929 2.90724 18.2433 
v -36.2523 2.88762 18.2396 
v -36.1802 3.51494 18.1172 
v -36.0647 3.63014 18.1862 
v -35.9554 3.62512 18.3331 
v -35.9554 3.62512 18.6688 
v -36.0647 3.63014 18.8138 
v -36.0325 3.43139 18.831 
v -36.0504 3.18306 18.8138 
v -35.9536 2.81956 18.8484 
v -35.7874 2.25618 18.8539 
v -35.7874 2.25618 18.8539 
v -35.6552 2.27462 18.7117 
v -35.6552 2.27462 18.2904 
v -35.7874 2.25618 18.1461 
v -36.0504 3.18306 18.2108 
v -35.9895 2.91994 18.302 
v -36.0325 3.43139 18.1828 
v -36.3717 2.87295 18.2962 
v -36.4469 2.8637 18.4176 
v -36.5407 3.2027 18.3331 
v -36.5 3.35005 18.1862 
v -36.4469 2.8637 18.4176 
v -36.4469 2.8637 18.711 
v -36.5407 3.2027 18.6688 
v -36.5407 3.2027 18.3331 
v -35.842 2.83522 18.7024 
v -36.3717 2.87295 18.8489 
v -36.5 3.35005 18.8138 
v -36.0854 2.90857 18.9368 
v -36.0649 2.80393 18.2472 
v -36.3627 2.76214 18.8529 
v -36.3126 2.18293 18.8539 
v -35.6552 2.27462 18.7117 
v -35.9338 2.23576 18.0693 
v -36.1735 3.71281 18.1371 
v -36.0647 3.63014 18.1862 
v -36.355 3.79869 18.1371 
v -36.5 3.8361 18.1862 
v -36.5 3.8361 18.1862 
v -36.5 3.92955 18.3331 
v -36.5 3.92955 18.6688 
v -36.5 3.8361 18.8138 
v -36.355 3.79869 18.8629 
v -36.5 3.8361 18.8138 
v -36.1735 3.71281 18.8629 
v -36.0647 3.63014 18.8138 
v -35.9554 3.62512 18.6688 
v -35.9554 3.62512 18.3331 
v -35.877 2.25925 18.8795 
v -35.6924 2.24125 18.7906 
v -35.9221 2.58614 18.7037 
v -36.0024 2.55409 18.7965 
v -36.2573 2.47601 18.7416 
v -36.3054 2.39348 18.7531 
v -36.2263 2.35057 18.8321 
v -36.1779 2.50033 18.8009 
v -36.3054 2.39348 18.7531 
v -36.2573 2.47601 18.7416 
v -36.3339 2.45251 18.5291 
v -36.3335 2.46878 18.4048 
v -36.3877 2.3781 18.3815 
v -36.3954 2.36438 18.5044 
v -36.1542 2.50512 18.2863 
v -36.2012 2.32088 18.1712 
v -36.3877 2.3781 18.3815 
v -36.3335 2.46878 18.4048 
v -35.9795 2.56111 18.2395 
v -35.8293 2.22366 18.132 
v -36.1127 2.25164 18.1418 
v -36.0721 2.53274 18.2285 
v -35.671 2.22875 18.5072 
v -35.6823 2.24221 18.2231 
v -35.9258 2.58579 18.3545 
v -35.8724 2.59108 18.5291 
v -35.6924 2.24125 18.7906 
v -35.9221 2.58614 18.7037 
v -36.2697 2.22179 18.6063 
v -36.1725 2.15439 18.7257 
v -36.2488 2.26044 18.8249 
v -36.3293 2.31815 18.7313 
v -36.3279 2.17877 18.3781 
v -36.1915 2.1389 18.3354 
v -36.188 2.1354 18.4404 
v -36.2997 2.22014 18.4785 
v -35.9187 1.65424 18.4377 
v -35.9106 1.66841 18.2121 
v -35.8577 1.66352 18.222 
v -35.8785 1.65464 18.4364 
v -35.8964 1.65969 18.7289 
v -35.9416 1.66797 18.7173 
v -35.8234 2.03255 18.8541 
v -35.6469 1.95415 18.779 
v -35.9459 2.01893 18.7633 
v -36.0856 2.09867 18.7572 
v -36.0705 2.09245 18.4447 
v -35.919 2.02943 18.453 
v -35.7885 2.05079 18.1378 
v -36.093 2.11583 18.1455 
v -35.6317 2.00136 18.2109 
v -35.6329 1.96564 18.4975 
v -35.6469 1.95415 18.779 
v -36.0713 2.07991 18.2287 
v -35.9239 2.02758 18.1967 
v -36.1166 2.19918 18.8805 
v -36.0856 2.09867 18.7572 
v -35.9459 2.01893 18.7633 
v -35.8234 2.03255 18.8541 
v -35.8964 1.65969 18.7289 
v -35.7175 1.75422 18.7536 
v -35.8531 1.77845 18.7868 
v -35.9416 1.66797 18.7173 
v -36.3954 2.36438 18.5044 
v -36.3877 2.3781 18.3815 
v -36.2916 2.09861 18.3036 
v -36.338 2.14277 18.338 
v -36.382 2.17132 18.2412 
v -36.3271 2.12148 18.1828 
v -35.6988 1.76922 18.4665 
v -35.7175 1.75422 18.7536 
v -35.8964 1.65969 18.7289 
v -35.8785 1.65464 18.4364 
v -35.8577 1.66352 18.222 
v -35.6984 1.79052 18.2245 
v -35.9459 2.01893 18.7633 
v -35.9474 1.81052 18.7265 
v -35.8531 1.77845 18.7868 
v -35.8234 2.03255 18.8541 
v -36.382 2.17132 18.2412 
v -36.338 2.14277 18.338 
v -36.2916 2.09861 18.3036 
v -36.1915 2.1389 18.3354 
v -36.3279 2.17877 18.3781 
v -36.338 2.14277 18.338 
v -36.2334 2.09407 18.1539 
v -36.382 2.17132 18.2412 
v -36.3271 2.12148 18.1828 
v -36.1779 2.50033 18.8009 
v -36.2263 2.35057 18.8321 
v -36.1037 2.31231 18.8795 
v -36.0721 2.53274 18.8297 
v -36.1725 2.15439 18.7257 
v -36.2488 2.26044 18.8249 
v -36.2009 2.07958 18.2649 
v -36.0713 2.07991 18.2287 
v -36.2009 2.07958 18.2649 
v -36.2334 2.09407 18.1539 
v -35.6317 2.00136 18.2109 
v -35.6984 1.79052 18.2245 
v -35.8334 1.79698 18.1694 
v -35.7885 2.05079 18.1378 
v -35.6984 1.79052 18.2245 
v -35.6988 1.76922 18.4665 
v -35.7175 1.75422 18.7536 
v -35.9474 1.81052 18.7265 
v -35.9459 2.01893 18.7633 
v -35.919 2.02943 18.453 
v -35.9131 1.81335 18.4473 
v -35.9239 2.02758 18.1967 
v -35.9288 1.82505 18.2193 
v -35.9754 1.70868 18.7004 
v -35.9477 1.69174 18.4396 
v -35.9587 1.70509 18.248 
v -35.8577 1.66352 18.222 
v -35.9106 1.66841 18.2121 
v -35.9239 2.02758 18.1967 
v -35.7885 2.05079 18.1378 
v -35.8334 1.79698 18.1694 
v -35.9288 1.82505 18.2193 
v -35.9106 1.66841 18.2121 
v -35.9587 1.70509 18.248 
v -35.9587 1.70509 18.248 
v -35.9106 1.66841 18.2121 
v -35.9187 1.65424 18.4377 
v -35.9477 1.69174 18.4396 
v -35.9416 1.66797 18.7173 
v -35.9754 1.70868 18.7004 
v -35.9416 1.66797 18.7173 
v -35.9754 1.70868 18.7004 
v -35.6823 2.24221 18.2231 
v -35.8293 2.22366 18.132 
v -35.9795 2.56111 18.2395 
v -35.9258 2.58579 18.3545 
v -36.1166 2.19918 18.8805 
v -36.2488 2.26044 18.8249 
v -36.3293 2.31815 18.7313 
v -36.2488 2.26044 18.8249 
v -36.3293 2.31815 18.7313 
v -36.093 2.11583 18.1455 
v -36.0713 2.07991 18.2287 
v -36.093 2.11583 18.1455 
v -35.7885 2.05079 18.1378 
v -35.9239 2.02758 18.1967 
v -36.0713 2.07991 18.2287 

vn -0.220472 0.0944882 -0.968504 
vn -0.23622 0.251969 -0.937008 
vn -0.629921 0.149606 -0.76378 
vn -0.661417 0.0393701 -0.748031 
vn 0.299213 0.92126 -0.23622 
vn 0.0629921 0.566929 -0.818898 
vn -0.0314961 0.669291 -0.748031 
vn 0.220472 0.937008 -0.259843 
vn -0.519685 -0.0944882 0.850394 
vn -0.307087 -0.133858 0.944882 
vn -0.19685 -0.00787402 0.984252 
vn -0.338583 -0.0472441 0.937008 
vn 0.141732 -0.992126 0 
vn 0.141732 -0.992126 0 
vn 0.141732 -0.992126 0 
vn 0.141732 -0.992126 0 
vn 0.84252 0.370079 -0.377953 
vn 0.527559 0.370079 -0.76378 
vn 0.566929 0.283465 -0.771654 
vn 0.874016 0.354331 -0.322835 
vn -0.811024 0.0866142 -0.582677 
vn -0.84252 0.015748 -0.543307 
vn -1 0.0708661 0.0314961 
vn -0.96063 0.267717 0.0629921 
vn -1 0 0 
vn -1 0 0 
vn -0.165354 0.015748 0.984252 
vn -0.330709 0.0393701 0.944882 
vn 0.937008 0.0708661 -0.354331 
vn 0.905512 -0.023622 -0.425197 
vn 0.582677 -0.125984 -0.80315 
vn 0.622047 0 -0.787402 
vn -0.141732 0.00787402 -0.992126 
vn -0.228346 -0.181102 -0.96063 
vn -0.448819 -0.204724 -0.866142 
vn -0.275591 0.0472441 -0.96063 
vn 0.220472 0.937008 0.267717 
vn 0.299213 0.92126 0.23622 
vn -0.96063 0.259843 -0.0629921 
vn -1 0 0 
vn -1 -0.0314961 0 
vn -1 -0.0393701 0 
vn -0.944882 -0.0314961 0.314961 
vn -0.968504 -0.0472441 0.244094 
vn 0.141732 -0.992126 0 
vn 0.141732 -0.992126 0 
vn 0.913386 0.188976 -0.346457 
vn 0.937008 0.0787402 0.338583 
vn 0.889764 0.275591 0.362205 
vn 0.944882 0.0708661 0.330709 
vn -0.0393701 0.645669 0.76378 
vn 0.0472441 0.559055 0.826772 
vn -1 0.0787402 -0.0314961 
vn -1 0 0 
vn -0.811024 -0.0314961 0.582677 
vn -0.874016 -0.0629921 0.480315 
vn 0.141732 -0.992126 0 
vn 0.141732 -0.992126 0 
vn 0.614173 0.11811 0.779528 
vn 0.669291 0.19685 0.716535 
vn 0.598425 0.023622 0.80315 
vn -0.889764 0.448819 -0.0629921 
vn -0.889764 0.456693 0.0708661 
vn 0.370079 0.448819 -0.811024 
vn 0.590551 0.771654 -0.244094 
vn 0.590551 0.771654 0.244094 
vn 0.370079 0.448819 0.811024 
vn 0.188976 0.023622 0.984252 
vn 0.19685 0.0866142 0.976378 
vn 0.259843 -0.0393701 0.968504 
vn -0.181102 -0.133858 0.976378 
vn -0.220472 0.00787402 0.976378 
vn 0.23622 0.0944882 0.968504 
vn 0.141732 -0.992126 0 
vn 0.141732 -0.992126 0 
vn 0.141732 -0.992126 0 
vn 0.141732 -0.992126 0 
vn 0.188976 -0.173228 -0.968504 
vn 0.275591 -0.110236 -0.952756 
vn -0.188976 -0.19685 -0.96063 
vn 0.212598 0.015748 -0.976378 
vn 0.653543 0.291339 -0.700787 
vn 0.874016 0.401575 -0.283465 
vn 0.874016 0.401575 0.283465 
vn 0.637795 0.314961 0.700787 
vn 0.598425 0.023622 0.80315 
vn 0.614173 0.11811 0.779528 
vn 0.582677 0.212598 0.779528 
vn 0.598425 0.19685 0.779528 
vn 0.141732 -0.992126 0 
vn 0.141732 -0.992126 0 
vn 0.141732 -0.992126 0 
vn 0.141732 -0.992126 0 
vn 0.582677 -0.125984 -0.80315 
vn 0.614173 0.015748 -0.787402 
vn 0.622047 0 -0.787402 
vn -0.629921 -0.220472 -0.748031 
vn -0.818898 -0.19685 -0.535433 
vn -0.771654 -0.338583 -0.543307 
vn -0.448819 -0.204724 -0.866142 
vn -0.984252 -0.15748 0 
vn -0.952756 -0.133858 0.267717 
vn -0.937008 -0.23622 0.259843 
vn -0.96063 -0.267717 0 
vn 0.897638 0.314961 0.314961 
vn -0.874016 -0.11811 0.480315 
vn -0.874016 -0.204724 0.448819 
vn 0.377953 0.00787402 0.929134 
vn 0.228346 0.19685 -0.952756 
vn -0.362205 0 0.929134 
vn -0.425197 -0.0314961 0.905512 
vn 0.889764 0.299213 0.354331 
vn 0.181102 0.330709 -0.929134 
vn 0.370079 0.448819 -0.811024 
vn 0.653543 0.291339 -0.700787 
vn 0.0629921 0.566929 -0.818898 
vn -0.0314961 0.669291 -0.748031 
vn -1 0 0 
vn -1 0 0 
vn -1 0 0 
vn -1 0 0 
vn 0.0472441 0.559055 0.826772 
vn -0.0393701 0.645669 0.76378 
vn 0.370079 0.448819 0.811024 
vn 0.637795 0.314961 0.700787 
vn 0.874016 0.401575 0.283465 
vn 0.874016 0.401575 -0.283465 
vn 0.259843 0.173228 0.952756 
vn 0.433071 0.188976 0.88189 
vn 0.543307 0.456693 0.708661 
vn 0.440945 0.346457 0.826772 
vn -0.582677 0.370079 0.716535 
vn -0.629921 0.220472 0.748031 
vn -0.496063 0.188976 0.850394 
vn -0.433071 0.299213 0.850394 
vn -0.905512 0.377953 0.212598 
vn -0.826772 0.511811 0.244094 
vn -0.84252 0.496063 0.204724 
vn -0.84252 0.535433 0.0314961 
vn -0.858268 0.511811 0 
vn -0.84252 0.511811 0.173228 
vn -0.574803 0.527559 -0.622047 
vn -0.377953 0.354331 -0.858268 
vn -0.574803 0.488189 -0.661417 
vn -0.543307 0.496063 -0.677165 
vn 0.00787402 0.299213 -0.952756 
vn -0.023622 0.0866142 -1 
vn -0.0866142 0.141732 -0.984252 
vn -0.188976 0.385827 -0.905512 
vn 0.937008 0.338583 0.00787402 
vn 0.92126 0.385827 -0.015748 
vn 0.834646 0.519685 -0.173228 
vn 0.850394 0.527559 -0.0472441 
vn 0.937008 0.338583 0.0866142 
vn 0.779528 0.582677 0.23622 
vn -0.708661 -0.692913 0.141732 
vn -0.598425 -0.779528 0.204724 
vn -0.637795 -0.716535 0.275591 
vn -0.740157 -0.653543 0.15748 
vn -0.787402 -0.496063 0.362205 
vn -0.346457 -0.937008 0.00787402 
vn -0.401575 -0.913386 0.0866142 
vn -0.724409 -0.637795 0.251969 
vn 0 -1 0.00787402 
vn -0.0787402 -0.992126 -0.0629921 
vn -0.0708661 -0.992126 -0.0629921 
vn 0 -1 0 
vn -0.181102 -0.984252 0.00787402 
vn -0.165354 -0.984252 0.00787402 
vn 0.307087 -0.0944882 0.944882 
vn 0.307087 -0.149606 0.937008 
vn -0.433071 -0.834646 0.346457 
vn -0.527559 -0.811024 0.251969 
vn -0.393701 -0.92126 0.023622 
vn -0.370079 -0.929134 -0.015748 
vn -0.0314961 -0.0393701 -1 
vn -0.0472441 -0.0314961 -1 
vn 1 -0.0472441 -0.015748 
vn 0.992126 -0.0944882 0.023622 
vn 0.992126 -0.0944882 0.0472441 
vn -0.370079 -0.929134 0.0393701 
vn -0.330709 -0.944882 0.015748 
vn -0.496063 -0.732283 0.456693 
vn -0.527559 -0.811024 0.251969 
vn -0.433071 -0.834646 0.346457 
vn -0.354331 -0.724409 0.590551 
vn -0.165354 -0.377953 0.905512 
vn 0.181102 -0.283465 0.944882 
vn 0.149606 -0.354331 0.92126 
vn -0.291339 -0.330709 0.897638 
vn -0.818898 -0.566929 0.015748 
vn -0.897638 -0.409449 0.149606 
vn -0.480315 -0.874016 -0.015748 
vn -0.653543 -0.748031 0.0787402 
vn -0.645669 -0.755906 0.0551181 
vn -0.448819 -0.889764 -0.023622 
vn 0.543307 -0.84252 0 
vn 0.472441 -0.88189 -0.015748 
vn 0.496063 -0.866142 0.00787402 
vn 0.535433 -0.84252 0.0314961 
vn 0.582677 -0.811024 -0.0314961 
vn 0.622047 -0.779528 -0.0708661 
vn -0.574803 -0.141732 0.80315 
vn -0.559055 -0.110236 0.818898 
vn -0.566929 -0.11811 0.818898 
vn -0.582677 -0.141732 0.80315 
vn -0.897638 -0.244094 0.370079 
vn -0.913386 -0.15748 0.370079 
vn 0.0314961 -0.716535 0.700787 
vn 0.110236 -0.740157 0.661417 
vn -0.0393701 -0.692913 0.724409 
vn -0.173228 -0.708661 0.677165 
vn -0.19685 0.0708661 -0.976378 
vn -0.582677 0.370079 -0.724409 
vn -0.425197 0.220472 -0.88189 
vn -0.433071 0.299213 0.850394 
vn -0.496063 0.188976 0.850394 
vn -0.133858 0.149606 0.976378 
vn 0.133858 0.204724 0.968504 
vn -0.598425 -0.779528 0.204724 
vn -0.637795 -0.716535 0.275591 
vn 0.149606 -0.76378 0.622047 
vn 0.173228 -0.76378 0.622047 
vn -0.110236 -0.976378 -0.165354 
vn -0.0944882 -0.992126 -0.102362 
vn 0.409449 -0.0472441 -0.913386 
vn 0.354331 -0.244094 -0.905512 
vn 0.330709 -0.299213 -0.897638 
vn 0.440945 0 -0.897638 
vn 0.952756 -0.307087 -0.0314961 
vn 0.944882 -0.322835 0.00787402 
vn 0.944882 -0.330709 0.0393701 
vn -0.984252 0.133858 -0.110236 
vn -1 0.023622 -0.0866142 
vn -1 -0.00787402 -0.0314961 
vn -0.992126 0.125984 -0.023622 
vn -1 0.023622 0.015748 
vn -0.992126 0.110236 0.0551181 
vn -0.952756 0.283465 -0.11811 
vn -0.96063 0.275591 -0.015748 
vn -0.96063 0.259843 0.0787402 
vn 0.204724 -0.393701 -0.897638 
vn 0.133858 -0.385827 -0.913386 
vn -0.417323 -0.0551181 -0.905512 
vn -0.393701 -0.0472441 -0.92126 
vn -0.456693 -0.0472441 -0.889764 
vn -0.496063 -0.0551181 -0.866142 
vn -0.551181 -0.023622 -0.834646 
vn -0.614173 -0.0314961 -0.787402 
vn -0.653543 -0.748031 -0.0629921 
vn -0.637795 -0.76378 -0.0708661 
vn -0.771654 -0.629921 -0.023622 
vn -0.787402 -0.614173 -0.023622 
vn -0.76378 -0.645669 -0.0314961 
vn -0.76378 -0.645669 -0.0314961 
vn -0.535433 -0.0787402 0.84252 
vn -0.519685 -0.0787402 0.850394 
vn 0.456693 0.322835 -0.826772 
vn 0.496063 0.346457 -0.795276 
vn 0.748031 0.480315 -0.456693 
vn 0.661417 0.511811 -0.543307 
vn -0.141732 0 0.992126 
vn -0.527559 0.0708661 0.84252 
vn -0.708661 0.0629921 0.700787 
vn -0.527559 0.0708661 0.84252 
vn -0.92126 0.307087 0.228346 
vn -0.133858 -0.929134 -0.346457 
vn -0.244094 -0.913386 -0.330709 
vn -0.133858 -0.929134 -0.346457 
vn -0.173228 -0.716535 -0.677165 
vn -0.212598 -0.76378 -0.614173 
vn -0.244094 -0.913386 -0.330709 

vt 0.201374 0.541156 
vt 0.169636 0.535869 
vt 0.169636 0.500095 
vt 0.201885 0.500095 
vt 0.696427 0.269613 
vt 0.695737 0.234283 
vt 0.708381 0.234283 
vt 0.708381 0.269118 
vt 0.207358 0.874453 
vt 0.207202 0.838396 
vt 0.229149 0.841311 
vt 0.233083 0.874453 
vt 0.588959 0.3269 
vt 0.603171 0.32686 
vt 0.603171 0.358854 
vt 0.586852 0.358854 
vt 0.169636 0.658251 
vt 0.169636 0.625076 
vt 0.200393 0.625076 
vt 0.199563 0.677442 
vt 0.169636 0.47426 
vt 0.201349 0.454321 
vt 0.233199 0.500095 
vt 0.23003 0.471038 
vt 0.249049 0.473795 
vt 0.249156 0.500095 
vt 0.243869 0.832222 
vt 0.248485 0.874453 
vt 0.231454 0.658071 
vt 0.218869 0.659147 
vt 0.21953 0.625076 
vt 0.232415 0.625076 
vt 0.244373 0.546829 
vt 0.22929 0.53519 
vt 0.23328 0.500095 
vt 0.248892 0.500095 
vt 0.708381 0.325275 
vt 0.696337 0.324431 
vt 0.230143 0.405844 
vt 0.248915 0.403596 
vt 0.201349 0.454321 
vt 0.169636 0.47426 
vt 0.169636 0.399914 
vt 0.201617 0.399902 
vt 0.588929 0.26611 
vt 0.603171 0.266069 
vt 0.205112 0.674892 
vt 0.21864 0.726592 
vt 0.205355 0.732417 
vt 0.231459 0.724194 
vt 0.708381 0.358787 
vt 0.69538 0.358787 
vt 0.233251 0.37534 
vt 0.248886 0.37534 
vt 0.169636 0.37534 
vt 0.201573 0.37534 
vt 0.586791 0.234516 
vt 0.603171 0.234516 
vt 0.220006 0.750671 
vt 0.206212 0.750671 
vt 0.232856 0.750671 
vt 0.225516 0.406033 
vt 0.22565 0.470818 
vt 0.677732 0.234283 
vt 0.674326 0.269488 
vt 0.674626 0.322273 
vt 0.677252 0.358787 
vt 0.238309 0.799914 
vt 0.224158 0.807095 
vt 0.201374 0.806502 
vt 0.201378 0.835019 
vt 0.169636 0.838864 
vt 0.169636 0.800511 
vt 0.573421 0.234516 
vt 0.56945 0.266166 
vt 0.569481 0.326957 
vt 0.573483 0.358854 
vt 0.224155 0.57976 
vt 0.206235 0.585921 
vt 0.207025 0.542257 
vt 0.239009 0.591595 
vt 0.662215 0.234283 
vt 0.662215 0.268108 
vt 0.662215 0.323486 
vt 0.662215 0.358787 
vt 0.23293 0.750671 
vt 0.220385 0.750671 
vt 0.200813 0.750671 
vt 0.169636 0.750671 
vt 0.556425 0.234516 
vt 0.556425 0.266204 
vt 0.556425 0.326994 
vt 0.556425 0.358854 
vt 0.220524 0.625076 
vt 0.205662 0.625076 
vt 0.233111 0.625076 
vt 0.207308 0.500095 
vt 0.206984 0.456565 
vt 0.22565 0.470818 
vt 0.233199 0.500095 
vt 0.206984 0.456565 
vt 0.207544 0.398028 
vt 0.225516 0.406033 
vt 0.22565 0.470818 
vt 0.200164 0.730355 
vt 0.207358 0.37534 
vt 0.233251 0.37534 
vt 0.206965 0.805238 
vt 0.200732 0.587972 
vt 0.201573 0.874453 
vt 0.169636 0.874453 
vt 0.169636 0.732217 
vt 0.169636 0.590635 
vt 0.248933 0.603582 
vt 0.242488 0.625076 
vt 0.254791 0.558031 
vt 0.258205 0.500095 
vt 0.258205 0.500095 
vt 0.26338 0.471669 
vt 0.26338 0.404971 
vt 0.257596 0.37534 
vt 0.25423 0.824199 
vt 0.257596 0.874453 
vt 0.248066 0.791751 
vt 0.242488 0.750671 
vt 0.241988 0.722169 
vt 0.241593 0.657805 
vt 0.63874 0.251854 
vt 0.635561 0.259672 
vt 0.64924 0.259667 
vt 0.64922 0.253147 
vt 0.646982 0.292242 
vt 0.644845 0.290144 
vt 0.642559 0.294355 
vt 0.646973 0.297418 
vt 0.644845 0.290144 
vt 0.646982 0.292242 
vt 0.64825 0.280967 
vt 0.649859 0.274936 
vt 0.647092 0.273952 
vt 0.64592 0.278954 
vt 0.649121 0.343419 
vt 0.643196 0.347454 
vt 0.649992 0.356272 
vt 0.652163 0.353882 
vt 0.647599 0.333303 
vt 0.635432 0.334242 
vt 0.639844 0.345043 
vt 0.647961 0.338293 
vt 0.626566 0.312375 
vt 0.626355 0.299879 
vt 0.612566 0.303836 
vt 0.613125 0.313116 
vt 0.625843 0.324819 
vt 0.612368 0.322303 
vt 0.63941 0.282419 
vt 0.635617 0.287795 
vt 0.639841 0.292265 
vt 0.642803 0.288083 
vt 0.64031 0.271165 
vt 0.635239 0.270381 
vt 0.635456 0.274941 
vt 0.640363 0.276495 
vt 0.61259 0.280554 
vt 0.613046 0.290757 
vt 0.611203 0.290518 
vt 0.611237 0.280746 
vt 0.611203 0.267511 
vt 0.612784 0.26789 
vt 0.631746 0.248925 
vt 0.626708 0.255438 
vt 0.627882 0.289948 
vt 0.632279 0.289407 
vt 0.631311 0.275684 
vt 0.626849 0.276474 
vt 0.630242 0.336154 
vt 0.635486 0.346657 
vt 0.634041 0.299653 
vt 0.634889 0.312263 
vt 0.635026 0.324628 
vt 0.630451 0.266227 
vt 0.626032 0.265387 
vt 0.640156 0.241639 
vt 0.635741 0.238423 
vt 0.632111 0.241987 
vt 0.631746 0.248925 
vt 0.620441 0.240425 
vt 0.621647 0.249409 
vt 0.624155 0.244097 
vt 0.621045 0.238441 
vt 0.64592 0.278954 
vt 0.647092 0.273952 
vt 0.637844 0.267181 
vt 0.639909 0.268624 
vt 0.641344 0.264083 
vt 0.638506 0.261813 
vt 0.641312 0.311212 
vt 0.641681 0.323831 
vt 0.648428 0.323059 
vt 0.648335 0.310101 
vt 0.647709 0.300605 
vt 0.640948 0.300561 
vt 0.632111 0.241987 
vt 0.625819 0.239401 
vt 0.624155 0.244097 
vt 0.631746 0.248925 
vt 0.642408 0.265024 
vt 0.639909 0.268624 
vt 0.637844 0.267181 
vt 0.635239 0.270381 
vt 0.64031 0.271165 
vt 0.639909 0.268624 
vt 0.636727 0.35275 
vt 0.641747 0.358064 
vt 0.638938 0.35617 
vt 0.65011 0.243274 
vt 0.646069 0.239266 
vt 0.643327 0.243927 
vt 0.64963 0.249107 
vt 0.63832 0.234965 
vt 0.64357 0.236868 
vt 0.634826 0.266344 
vt 0.630451 0.266227 
vt 0.634826 0.266344 
vt 0.635155 0.261326 
vt 0.626695 0.329742 
vt 0.621152 0.335246 
vt 0.623053 0.341034 
vt 0.630242 0.336154 
vt 0.640948 0.300561 
vt 0.641312 0.311212 
vt 0.641681 0.323831 
vt 0.621302 0.289461 
vt 0.627882 0.289948 
vt 0.626849 0.276474 
vt 0.620334 0.277218 
vt 0.626032 0.265387 
vt 0.619846 0.267211 
vt 0.617713 0.288985 
vt 0.6162 0.277549 
vt 0.615857 0.269042 
vt 0.618741 0.343554 
vt 0.619451 0.345747 
vt 0.630605 0.342787 
vt 0.630242 0.336154 
vt 0.623053 0.341034 
vt 0.624637 0.34536 
vt 0.619451 0.345747 
vt 0.62099 0.348053 
vt 0.615046 0.28899 
vt 0.613046 0.290757 
vt 0.61259 0.280554 
vt 0.614186 0.28035 
vt 0.612784 0.26789 
vt 0.614617 0.26849 
vt 0.621045 0.238441 
vt 0.622597 0.237045 
vt 0.63408 0.326848 
vt 0.635432 0.334242 
vt 0.647599 0.333303 
vt 0.64817 0.326747 
vt 0.640156 0.241639 
vt 0.64357 0.236868 
vt 0.642803 0.288083 
vt 0.639841 0.292265 
vt 0.642803 0.288083 
vt 0.630443 0.26209 
vt 0.630451 0.266227 
vt 0.635486 0.346657 
vt 0.630242 0.336154 
vt 0.630605 0.342787 
vt 0.632572 0.348035 

usemtl R6Troll1Mtl

f 3400/3400/3400 3401/3401/3401 3402/3402/3402 
f 3402/3402/3402 3403/3403/3403 3400/3400/3400 
f 3404/3404/3404 3405/3405/3405 3406/3406/3406 
f 3406/3406/3406 3407/3407/3407 3404/3404/3404 
f 3408/3408/3408 3409/3409/3409 3410/3410/3410 
f 3410/3410/3410 3411/3411/3411 3408/3408/3408 
f 3412/3412/3412 3413/3413/3413 3414/3414/3414 
f 3414/3414/3414 3415/3415/3415 3412/3412/3412 
f 3416/3416/3416 3417/3417/3417 3418/3418/3418 
f 3418/3418/3418 3419/3419/3419 3416/3416/3416 
f 3403/3403/3403 3402/3402/3402 3420/3420/3420 
f 3420/3420/3420 3421/3421/3421 3403/3403/3403 
f 3422/3422/3422 3423/3423/3423 3424/3424/3424 
f 3424/3424/3424 3425/3425/3425 3422/3422/3422 
f 3426/3426/3426 3427/3427/3427 3411/3411/3411 
f 3411/3411/3411 3410/3410/3410 3426/3426/3426 
f 3428/3428/3428 3429/3429/3429 3430/3430/3430 
f 3430/3430/3430 3431/3431/3431 3428/3428/3428 
f 3432/3432/3432 3433/3433/3433 3434/3434/3434 
f 3434/3434/3434 3435/3435/3435 3432/3432/3432 
f 3404/3404/3404 3407/3407/3407 3436/3436/3436 
f 3436/3436/3436 3437/3437/3437 3404/3404/3404 
f 3424/3424/3424 3423/3423/3423 3438/3438/3438 
f 3438/3438/3438 3439/3439/3439 3424/3424/3424 
f 3440/3440/3440 3441/3441/3441 3442/3442/3442 
f 3442/3442/3442 3443/3443/3443 3440/3440/3440 
f 3444/3444/3444 3445/3445/3445 3413/3413/3413 
f 3413/3413/3413 3412/3412/3412 3444/3444/3444 
f 3446/3446/3446 3429/3429/3429 3447/3447/3447 
f 3447/3447/3447 3448/3448/3448 3446/3446/3446 
f 3429/3429/3429 3428/3428/3428 3449/3449/3449 
f 3449/3449/3449 3447/3447/3447 3429/3429/3429 
f 3437/3437/3437 3436/3436/3436 3450/3450/3450 
f 3450/3450/3450 3451/3451/3451 3437/3437/3437 
f 3439/3439/3439 3438/3438/3438 3452/3452/3452 
f 3452/3452/3452 3453/3453/3453 3439/3439/3439 
f 3443/3443/3443 3442/3442/3442 3454/3454/3454 
f 3454/3454/3454 3455/3455/3455 3443/3443/3443 
f 3444/3444/3444 3456/3456/3456 3457/3457/3457 
f 3457/3457/3457 3445/3445/3445 3444/3444/3444 
f 3458/3458/3458 3459/3459/3459 3448/3448/3448 
f 3448/3448/3448 3447/3447/3447 3458/3458/3458 
f 3458/3458/3458 3447/3447/3447 3449/3449/3449 
f 3449/3449/3449 3460/3460/3460 3458/3458/3458 
f 3452/3452/3452 3438/3438/3438 3461/3461/3461 
f 3462/3462/3462 3461/3461/3461 3438/3438/3438 
f 3438/3438/3438 3423/3423/3423 3462/3462/3462 
f 3462/3462/3462 3423/3423/3423 3422/3422/3422 
f 3463/3463/3463 3405/3405/3405 3404/3404/3404 
f 3404/3404/3404 3464/3464/3464 3463/3463/3463 
f 3404/3404/3404 3437/3437/3437 3465/3465/3465 
f 3465/3465/3465 3464/3464/3464 3404/3404/3404 
f 3437/3437/3437 3451/3451/3451 3466/3466/3466 
f 3466/3466/3466 3465/3465/3465 3437/3437/3437 
f 3467/3467/3467 3426/3426/3426 3410/3410/3410 
f 3410/3410/3410 3468/3468/3468 3467/3467/3467 
f 3469/3469/3469 3470/3470/3470 3471/3471/3471 
f 3471/3471/3471 3472/3472/3472 3469/3469/3469 
f 3473/3473/3473 3456/3456/3456 3444/3444/3444 
f 3444/3444/3444 3474/3474/3474 3473/3473/3473 
f 3444/3444/3444 3412/3412/3412 3475/3475/3475 
f 3475/3475/3475 3474/3474/3474 3444/3444/3444 
f 3412/3412/3412 3415/3415/3415 3476/3476/3476 
f 3476/3476/3476 3475/3475/3475 3412/3412/3412 
f 3477/3477/3477 3478/3478/3478 3479/3479/3479 
f 3479/3479/3479 3433/3433/3433 3477/3477/3477 
f 3433/3433/3433 3432/3432/3432 3480/3480/3480 
f 3480/3480/3480 3477/3477/3477 3433/3433/3433 
f 3481/3481/3481 3463/3463/3463 3464/3464/3464 
f 3464/3464/3464 3482/3482/3482 3481/3481/3481 
f 3464/3464/3464 3465/3465/3465 3483/3483/3483 
f 3483/3483/3483 3482/3482/3482 3464/3464/3464 
f 3465/3465/3465 3466/3466/3466 3484/3484/3484 
f 3484/3484/3484 3483/3483/3483 3465/3465/3465 
f 3485/3485/3485 3467/3467/3467 3468/3468/3468 
f 3468/3468/3468 3486/3486/3486 3485/3485/3485 
f 3487/3487/3487 3469/3469/3469 3472/3472/3472 
f 3472/3472/3472 3488/3488/3488 3487/3487/3487 
f 3489/3489/3489 3473/3473/3473 3474/3474/3474 
f 3474/3474/3474 3490/3490/3490 3489/3489/3489 
f 3474/3474/3474 3475/3475/3475 3491/3491/3491 
f 3491/3491/3491 3490/3490/3490 3474/3474/3474 
f 3475/3475/3475 3476/3476/3476 3492/3492/3492 
f 3492/3492/3492 3491/3491/3491 3475/3475/3475 
f 3493/3493/3493 3494/3494/3494 3478/3478/3478 
f 3478/3478/3478 3477/3477/3477 3493/3493/3493 
f 3477/3477/3477 3480/3480/3480 3495/3495/3495 
f 3495/3495/3495 3493/3493/3493 3477/3477/3477 
f 3433/3433/3433 3479/3479/3479 3496/3496/3496 
f 3496/3496/3496 3434/3434/3434 3433/3433/3433 
f 3408/3408/3408 3470/3470/3470 3409/3409/3409 
f 3429/3429/3429 3446/3446/3446 3494/3494/3494 
f 3494/3494/3494 3430/3430/3430 3429/3429/3429 
f 3496/3496/3496 3497/3497/3497 3498/3498/3498 
f 3498/3498/3498 3499/3499/3499 3496/3496/3496 
f 3500/3500/3500 3501/3501/3501 3502/3502/3502 
f 3502/3502/3502 3503/3503/3503 3500/3500/3500 
f 3446/3446/3446 3448/3448/3448 3504/3504/3504 
f 3504/3504/3504 3419/3419/3419 3446/3446/3446 
f 3502/3502/3502 3501/3501/3501 3505/3505/3505 
f 3505/3505/3505 3506/3506/3506 3502/3502/3502 
f 3448/3448/3448 3459/3459/3459 3487/3487/3487 
f 3487/3487/3487 3504/3504/3504 3448/3448/3448 
f 3409/3409/3409 3507/3507/3507 3468/3468/3468 
f 3468/3468/3468 3410/3410/3410 3409/3409/3409 
f 3400/3400/3400 3479/3479/3479 3478/3478/3478 
f 3478/3478/3478 3508/3508/3508 3400/3400/3400 
f 3507/3507/3507 3459/3459/3459 3486/3486/3486 
f 3486/3486/3486 3468/3468/3468 3507/3507/3507 
f 3508/3508/3508 3478/3478/3478 3494/3494/3494 
f 3494/3494/3494 3418/3418/3418 3508/3508/3508 
f 3400/3400/3400 3403/3403/3403 3496/3496/3496 
f 3496/3496/3496 3479/3479/3479 3400/3400/3400 
f 3446/3446/3446 3419/3419/3419 3418/3418/3418 
f 3418/3418/3418 3494/3494/3494 3446/3446/3446 
f 3403/3403/3403 3421/3421/3421 3497/3497/3497 
f 3497/3497/3497 3496/3496/3496 3403/3403/3403 
f 3440/3440/3440 3443/3443/3443 3501/3501/3501 
f 3501/3501/3501 3500/3500/3500 3440/3440/3440 
f 3501/3501/3501 3443/3443/3443 3455/3455/3455 
f 3455/3455/3455 3505/3505/3505 3501/3501/3501 
f 3470/3470/3470 3469/3469/3469 3507/3507/3507 
f 3507/3507/3507 3409/3409/3409 3470/3470/3470 
f 3459/3459/3459 3507/3507/3507 3469/3469/3469 
f 3471/3471/3471 3470/3470/3470 3509/3509/3509 
f 3509/3509/3509 3510/3510/3510 3471/3471/3471 
f 3419/3419/3419 3504/3504/3504 3511/3511/3511 
f 3511/3511/3511 3416/3416/3416 3419/3419/3419 
f 3504/3504/3504 3487/3487/3487 3488/3488/3488 
f 3488/3488/3488 3511/3511/3511 3504/3504/3504 
f 3401/3401/3401 3400/3400/3400 3508/3508/3508 
f 3508/3508/3508 3512/3512/3512 3401/3401/3401 
f 3508/3508/3508 3418/3418/3418 3417/3417/3417 
f 3417/3417/3417 3512/3512/3512 3508/3508/3508 
f 3487/3487/3487 3459/3459/3459 3469/3469/3469 
f 3408/3408/3408 3509/3509/3509 3470/3470/3470 
f 3480/3480/3480 3513/3513/3513 3514/3514/3514 
f 3514/3514/3514 3495/3495/3495 3480/3480/3480 
f 3432/3432/3432 3515/3515/3515 3513/3513/3513 
f 3513/3513/3513 3480/3480/3480 3432/3432/3432 
f 3515/3515/3515 3432/3432/3432 3435/3435/3435 
f 3435/3435/3435 3516/3516/3516 3515/3515/3515 
f 3517/3517/3517 3425/3425/3425 3424/3424/3424 
f 3424/3424/3424 3518/3518/3518 3517/3517/3517 
f 3424/3424/3424 3439/3439/3439 3519/3519/3519 
f 3519/3519/3519 3518/3518/3518 3424/3424/3424 
f 3439/3439/3439 3453/3453/3453 3520/3520/3520 
f 3520/3520/3520 3519/3519/3519 3439/3439/3439 
f 3521/3521/3521 3522/3522/3522 3427/3427/3427 
f 3427/3427/3427 3426/3426/3426 3521/3521/3521 
f 3426/3426/3426 3467/3467/3467 3523/3523/3523 
f 3523/3523/3523 3521/3521/3521 3426/3426/3426 
f 3467/3467/3467 3485/3485/3485 3524/3524/3524 
f 3524/3524/3524 3523/3523/3523 3467/3467/3467 
f 3460/3460/3460 3449/3449/3449 3525/3525/3525 
f 3525/3525/3525 3524/3524/3524 3460/3460/3460 
f 3428/3428/3428 3526/3526/3526 3525/3525/3525 
f 3525/3525/3525 3449/3449/3449 3428/3428/3428 
f 3526/3526/3526 3428/3428/3428 3431/3431/3431 
f 3431/3431/3431 3514/3514/3514 3526/3526/3526 
f 3527/3527/3527 3528/3528/3528 3529/3529/3529 
f 3529/3529/3529 3530/3530/3530 3527/3527/3527 
f 3531/3531/3531 3532/3532/3532 3533/3533/3533 
f 3533/3533/3533 3534/3534/3534 3531/3531/3531 
f 3535/3535/3535 3536/3536/3536 3537/3537/3537 
f 3538/3538/3538 3539/3539/3539 3540/3540/3540 
f 3540/3540/3540 3537/3537/3537 3538/3538/3538 
f 3541/3541/3541 3542/3542/3542 3543/3543/3543 
f 3543/3543/3543 3544/3544/3544 3541/3541/3541 
f 3545/3545/3545 3546/3546/3546 3547/3547/3547 
f 3547/3547/3547 3548/3548/3548 3545/3545/3545 
f 3549/3549/3549 3550/3550/3550 3551/3551/3551 
f 3551/3551/3551 3552/3552/3552 3549/3549/3549 
f 3553/3553/3553 3549/3549/3549 3552/3552/3552 
f 3552/3552/3552 3554/3554/3554 3553/3553/3553 
f 3555/3555/3555 3556/3556/3556 3557/3557/3557 
f 3557/3557/3557 3558/3558/3558 3555/3555/3555 
f 3559/3559/3559 3560/3560/3560 3561/3561/3561 
f 3561/3561/3561 3562/3562/3562 3559/3559/3559 
f 3563/3563/3563 3564/3564/3564 3565/3565/3565 
f 3565/3565/3565 3566/3566/3566 3563/3563/3563 
f 3566/3566/3566 3567/3567/3567 3568/3568/3568 
f 3568/3568/3568 3563/3563/3563 3566/3566/3566 
f 3528/3528/3528 3527/3527/3527 3569/3569/3569 
f 3569/3569/3569 3570/3570/3570 3528/3528/3528 
f 3571/3571/3571 3572/3572/3572 3573/3573/3573 
f 3573/3573/3573 3574/3574/3574 3571/3571/3571 
f 3546/3546/3546 3575/3575/3575 3576/3576/3576 
f 3576/3576/3576 3547/3547/3547 3546/3546/3546 
f 3577/3577/3577 3550/3550/3550 3549/3549/3549 
f 3549/3549/3549 3578/3578/3578 3577/3577/3577 
f 3549/3549/3549 3553/3553/3553 3579/3579/3579 
f 3579/3579/3579 3578/3578/3578 3549/3549/3549 
f 3574/3574/3574 3573/3573/3573 3580/3580/3580 
f 3580/3580/3580 3581/3581/3581 3574/3574/3574 
f 3582/3582/3582 3583/3583/3583 3584/3584/3584 
f 3584/3584/3584 3585/3585/3585 3582/3582/3582 
f 3586/3586/3586 3587/3587/3587 3588/3588/3588 
f 3588/3588/3588 3589/3589/3589 3586/3586/3586 
f 3561/3561/3561 3556/3556/3556 3555/3555/3555 
f 3555/3555/3555 3562/3562/3562 3561/3561/3561 
f 3562/3562/3562 3590/3590/3590 3591/3591/3591 
f 3591/3591/3591 3559/3559/3559 3562/3562/3562 
f 3555/3555/3555 3558/3558/3558 3590/3590/3590 
f 3590/3590/3590 3562/3562/3562 3555/3555/3555 
f 3592/3592/3592 3593/3593/3593 3594/3594/3594 
f 3594/3594/3594 3595/3595/3595 3592/3592/3592 
f 3596/3596/3596 3597/3597/3597 3598/3598/3598 
f 3598/3598/3598 3599/3599/3599 3596/3596/3596 
f 3600/3600/3600 3601/3601/3601 3596/3596/3596 
f 3596/3596/3596 3599/3599/3599 3600/3600/3600 
f 3602/3602/3602 3603/3603/3603 3604/3604/3604 
f 3604/3604/3604 3605/3605/3605 3602/3602/3602 
f 3559/3559/3559 3591/3591/3591 3606/3606/3606 
f 3606/3606/3606 3607/3607/3607 3559/3559/3559 
f 3608/3608/3608 3609/3609/3609 3610/3610/3610 
f 3610/3610/3610 3611/3611/3611 3608/3608/3608 
f 3612/3612/3612 3547/3547/3547 3576/3576/3576 
f 3613/3613/3613 3543/3543/3543 3542/3542/3542 
f 3542/3542/3542 3614/3614/3614 3613/3613/3613 
f 3615/3615/3615 3616/3616/3616 3617/3617/3617 
f 3617/3617/3617 3618/3618/3618 3615/3615/3615 
f 3619/3619/3619 3583/3583/3583 3582/3582/3582 
f 3582/3582/3582 3620/3620/3620 3619/3619/3619 
f 3573/3573/3573 3572/3572/3572 3556/3556/3556 
f 3556/3556/3556 3561/3561/3561 3573/3573/3573 
f 3560/3560/3560 3580/3580/3580 3573/3573/3573 
f 3573/3573/3573 3561/3561/3561 3560/3560/3560 
f 3609/3609/3609 3608/3608/3608 3621/3621/3621 
f 3621/3621/3621 3622/3622/3622 3609/3609/3609 
f 3623/3623/3623 3592/3592/3592 3595/3595/3595 
f 3595/3595/3595 3624/3624/3624 3623/3623/3623 
f 3542/3542/3542 3547/3547/3547 3612/3612/3612 
f 3612/3612/3612 3614/3614/3614 3542/3542/3542 
f 3542/3542/3542 3541/3541/3541 3548/3548/3548 
f 3548/3548/3548 3547/3547/3547 3542/3542/3542 
f 3625/3625/3625 3626/3626/3626 3627/3627/3627 
f 3627/3627/3627 3628/3628/3628 3625/3625/3625 
f 3629/3629/3629 3577/3577/3577 3578/3578/3578 
f 3578/3578/3578 3630/3630/3630 3629/3629/3629 
f 3578/3578/3578 3579/3579/3579 3631/3631/3631 
f 3631/3631/3631 3630/3630/3630 3578/3578/3578 
f 3570/3570/3570 3569/3569/3569 3588/3588/3588 
f 3588/3588/3588 3587/3587/3587 3570/3570/3570 
f 3632/3632/3632 3633/3633/3633 3634/3634/3634 
f 3634/3634/3634 3635/3635/3635 3632/3632/3632 
f 3634/3634/3634 3636/3636/3636 3637/3637/3637 
f 3637/3637/3637 3635/3635/3635 3634/3634/3634 
f 3638/3638/3638 3632/3632/3632 3635/3635/3635 
f 3635/3635/3635 3639/3639/3639 3638/3638/3638 
f 3635/3635/3635 3637/3637/3637 3640/3640/3640 
f 3640/3640/3640 3639/3639/3639 3635/3635/3635 
f 3627/3627/3627 3626/3626/3626 3641/3641/3641 
f 3641/3641/3641 3642/3642/3642 3627/3627/3627 
f 3643/3643/3643 3644/3644/3644 3645/3645/3645 
f 3645/3645/3645 3646/3646/3646 3643/3643/3643 
f 3646/3646/3646 3645/3645/3645 3647/3647/3647 
f 3647/3647/3647 3648/3648/3648 3646/3646/3646 
f 3649/3649/3649 3650/3650/3650 3651/3651/3651 
f 3651/3651/3651 3652/3652/3652 3649/3649/3649 
f 3651/3651/3651 3653/3653/3653 3654/3654/3654 
f 3654/3654/3654 3652/3652/3652 3651/3651/3651 
f 3655/3655/3655 3604/3604/3604 3603/3603/3603 
f 3603/3603/3603 3656/3656/3656 3655/3655/3655 
f 3657/3657/3657 3625/3625/3625 3628/3628/3628 
f 3628/3628/3628 3658/3658/3658 3657/3657/3657 
f 3658/3658/3658 3659/3659/3659 3660/3660/3660 
f 3660/3660/3660 3657/3657/3657 3658/3658/3658 
f 3530/3530/3530 3618/3618/3618 3617/3617/3617 
f 3617/3617/3617 3527/3527/3527 3530/3530/3530 
f 3527/3527/3527 3617/3617/3617 3661/3661/3661 
f 3661/3661/3661 3569/3569/3569 3527/3527/3527 
f 3662/3662/3662 3661/3661/3661 3617/3617/3617 
f 3617/3617/3617 3616/3616/3616 3662/3662/3662 
f 3663/3663/3663 3664/3664/3664 3533/3533/3533 
f 3533/3533/3533 3532/3532/3532 3663/3663/3663 
f 3537/3537/3537 3540/3540/3540 3665/3665/3665 
f 3665/3665/3665 3535/3535/3535 3537/3537/3537 
f 3623/3623/3623 3624/3624/3624 3666/3666/3666 
f 3666/3666/3666 3667/3667/3667 3623/3623/3623 
f 3668/3668/3668 3669/3669/3669 3670/3670/3670 
f 3670/3670/3670 3671/3671/3671 3668/3668/3668 

g R6Troll4

v -38.7644 2.77998 18.2444 
v -38.6373 2.76214 18.3003 
v -38.6851 2.18293 18.1454 
v -38.8462 2.20521 18.0684 
v -38.6798 3.88721 18.3331 
v -38.5 3.92955 18.3331 
v -38.5 3.8361 18.1862 
v -38.645 3.79869 18.1371 
v -38.6467 3.29925 18.8629 
v -38.7385 2.88601 18.9405 
v -38.6283 2.87295 18.8489 
v -38.5 3.35005 18.8138 
v -38.6851 2.18293 18.1454 
v -38.5765 2.16789 18.29 
v -38.8112 2.20036 18.29 
v -38.8462 2.20521 18.0684 
v -39.0464 2.81956 18.3048 
v -39.2147 2.25618 18.1454 
v -39.348 2.27463 18.29 
v -39.158 2.83523 18.4261 
v -38.556 2.75072 18.426 
v -38.5765 2.16789 18.29 
v -38.5 3.64368 18.3239 
v -38.5 3.28152 18.3331 
v -38.5 3.35005 18.1862 
v -38.5 3.65666 18.1577 
v -38.5 3.65666 18.831 
v -38.6383 3.59214 18.8828 
v -39.0868 3.42906 18.3239 
v -38.9675 3.43139 18.1828 
v -38.9496 3.18306 18.2108 
v -39.0776 3.18306 18.3331 
v -38.6383 3.59214 18.1172 
v -38.5 3.65666 18.1577 
v -38.5 3.35005 18.1862 
v -38.6467 3.29925 18.1371 
v -38.5 3.92955 18.6688 
v -38.6798 3.88721 18.6688 
v -38.5 3.64503 18.6781 
v -38.5 3.28405 18.6688 
v -38.556 2.75072 18.426 
v -38.556 2.75072 18.7026 
v -38.5765 2.16789 18.7122 
v -38.5765 2.16789 18.29 
v -38.5765 2.16789 18.7122 
v -38.8112 2.20036 18.7122 
v -39.0776 3.18306 18.6688 
v -39.1173 2.93309 18.4178 
v -39.1173 2.93309 18.7108 
v -39.0868 3.42906 18.6781 
v -38.5 3.8361 18.8138 
v -38.645 3.79869 18.8629 
v -38.5 3.65666 18.831 
v -38.5 3.35005 18.8138 
v -38.6373 2.76214 18.8529 
v -38.6851 2.18293 18.8546 
v -38.6851 2.18293 18.8546 
v -38.8462 2.20521 18.9316 
v -38.9496 3.18306 18.8138 
v -39.0105 2.91994 18.8431 
v -38.9675 3.43139 18.831 
v -38.4593 3.2027 18.6688 
v -38.4593 3.2027 18.3331 
v -38.8265 3.71282 18.1371 
v -38.9146 3.78594 18.3331 
v -38.9146 3.78594 18.6688 
v -38.8265 3.71282 18.8629 
v -38.8198 3.51494 18.8828 
v -38.8282 3.22963 18.8629 
v -38.9165 2.80017 18.9059 
v -39.067 2.23576 18.9316 
v -38.8462 2.20521 18.9316 
v -38.783 2.78374 18.9088 
v -39.067 2.23576 18.9316 
v -39.1329 2.24486 18.7122 
v -39.1329 2.24486 18.29 
v -39.067 2.23576 18.0684 
v -38.8282 3.22963 18.1371 
v -38.7477 2.88762 18.2396 
v -38.9071 2.90724 18.2433 
v -38.8198 3.51494 18.1172 
v -38.9353 3.63014 18.1862 
v -39.0446 3.62512 18.3331 
v -39.0446 3.62512 18.6688 
v -38.9353 3.63014 18.8138 
v -38.9675 3.43139 18.831 
v -38.9496 3.18306 18.8138 
v -39.0464 2.81956 18.8484 
v -39.2147 2.25618 18.8546 
v -39.2147 2.25618 18.8546 
v -39.348 2.27463 18.7122 
v -39.348 2.27463 18.29 
v -39.2147 2.25618 18.1454 
v -38.9496 3.18306 18.2108 
v -39.0105 2.91994 18.302 
v -38.9675 3.43139 18.1828 
v -38.6283 2.87295 18.2962 
v -38.4593 3.2027 18.3331 
v -38.5531 2.8637 18.4176 
v -38.5 3.35005 18.1862 
v -38.4593 3.2027 18.6688 
v -38.5531 2.8637 18.711 
v -38.5531 2.8637 18.4176 
v -38.4593 3.2027 18.3331 
v -39.158 2.83523 18.7024 
v -38.5 3.35005 18.8138 
v -38.6283 2.87295 18.8489 
v -38.9146 2.90857 18.9368 
v -38.9351 2.80393 18.2472 
v -38.6851 2.18293 18.8546 
v -38.6373 2.76214 18.8529 
v -39.348 2.27463 18.7122 
v -39.067 2.23576 18.0684 
v -38.9353 3.63014 18.1862 
v -38.8265 3.71282 18.1371 
v -38.645 3.79869 18.1371 
v -38.5 3.8361 18.1862 
v -38.5 3.8361 18.1862 
v -38.5 3.92955 18.3331 
v -38.5 3.92955 18.6688 
v -38.5 3.8361 18.8138 
v -38.5 3.8361 18.8138 
v -38.645 3.79869 18.8629 
v -38.8265 3.71282 18.8629 
v -38.9353 3.63014 18.8138 
v -39.0446 3.62512 18.6688 
v -39.0446 3.62512 18.3331 
v -39.0779 2.58614 18.7037 
v -39.3076 2.24125 18.7906 
v -39.123 2.25925 18.8795 
v -38.9976 2.55409 18.7965 
v -38.7427 2.47601 18.7416 
v -38.8221 2.50033 18.8009 
v -38.7737 2.35057 18.8321 
v -38.6946 2.39348 18.7531 
v -38.6946 2.39348 18.7531 
v -38.6661 2.45251 18.5291 
v -38.7427 2.47601 18.7416 
v -38.6665 2.46878 18.4048 
v -38.6046 2.36438 18.5044 
v -38.6123 2.3781 18.3815 
v -38.8458 2.50512 18.2863 
v -38.6665 2.46878 18.4048 
v -38.6123 2.3781 18.3815 
v -38.7988 2.32088 18.1712 
v -39.0205 2.56111 18.2395 
v -38.9279 2.53274 18.2285 
v -38.8873 2.25164 18.1418 
v -39.1707 2.22366 18.132 
v -39.0742 2.58579 18.3545 
v -39.3177 2.24221 18.2231 
v -39.329 2.22875 18.5072 
v -39.1276 2.59108 18.5291 
v -39.3076 2.24125 18.7906 
v -39.0779 2.58614 18.7037 
v -38.7512 2.26044 18.8249 
v -38.8275 2.15439 18.7257 
v -38.7303 2.22179 18.6063 
v -38.6707 2.31815 18.7313 
v -38.812 2.1354 18.4404 
v -38.8085 2.1389 18.3354 
v -38.6721 2.17877 18.3781 
v -38.7003 2.22014 18.4785 
v -39.0813 1.65424 18.4377 
v -39.1215 1.65464 18.4364 
v -39.1423 1.66352 18.222 
v -39.0894 1.66841 18.2121 
v -39.0584 1.66797 18.7173 
v -39.1036 1.65969 18.7289 
v -39.1766 2.03255 18.8541 
v -39.3531 1.95415 18.779 
v -39.0541 2.01893 18.7633 
v -39.081 2.02944 18.453 
v -38.9295 2.09245 18.4447 
v -38.9144 2.09867 18.7572 
v -38.907 2.11583 18.1455 
v -39.2115 2.05079 18.1378 
v -39.3683 2.00136 18.2109 
v -39.3671 1.96564 18.4975 
v -39.3531 1.95415 18.779 
v -38.9287 2.07991 18.2287 
v -39.0761 2.02758 18.1967 
v -38.8834 2.19918 18.8805 
v -39.1766 2.03255 18.8541 
v -39.0541 2.01893 18.7633 
v -38.9144 2.09867 18.7572 
v -39.1036 1.65969 18.7289 
v -39.0584 1.66797 18.7173 
v -39.1469 1.77845 18.7868 
v -39.2826 1.75422 18.7536 
v -38.6123 2.3781 18.3815 
v -38.6046 2.36438 18.5044 
v -38.7084 2.09861 18.3036 
v -38.6729 2.12148 18.1828 
v -38.618 2.17132 18.2412 
v -38.662 2.14277 18.338 
v -39.1036 1.65969 18.7289 
v -39.2826 1.75422 18.7536 
v -39.3012 1.76922 18.4665 
v -39.1215 1.65464 18.4364 
v -39.3016 1.79052 18.2245 
v -39.1423 1.66352 18.222 
v -39.0541 2.01893 18.7633 
v -39.1766 2.03255 18.8541 
v -39.1469 1.77845 18.7868 
v -39.0526 1.81052 18.7265 
v -38.618 2.17132 18.2412 
v -38.662 2.14277 18.338 
v -38.7084 2.09861 18.3036 
v -38.662 2.14277 18.338 
v -38.6721 2.17877 18.3781 
v -38.8085 2.1389 18.3354 
v -38.7666 2.09408 18.1539 
v -38.618 2.17132 18.2412 
v -38.6729 2.12148 18.1828 
v -38.8221 2.50033 18.8009 
v -38.9279 2.53274 18.8297 
v -38.8963 2.31231 18.8795 
v -38.7737 2.35057 18.8321 
v -38.8275 2.15439 18.7257 
v -38.7512 2.26044 18.8249 
v -38.7991 2.07958 18.2649 
v -38.9287 2.07991 18.2287 
v -38.7991 2.07958 18.2649 
v -38.7666 2.09408 18.1539 
v -39.1666 1.79698 18.1694 
v -39.3016 1.79052 18.2245 
v -39.3683 2.00136 18.2109 
v -39.2115 2.05079 18.1378 
v -39.3016 1.79052 18.2245 
v -39.3012 1.76922 18.4665 
v -39.2826 1.75422 18.7536 
v -39.0526 1.81052 18.7265 
v -39.0869 1.81335 18.4473 
v -39.081 2.02944 18.453 
v -39.0541 2.01893 18.7633 
v -39.0712 1.82505 18.2193 
v -39.0761 2.02758 18.1967 
v -39.0246 1.70868 18.7004 
v -39.0523 1.69174 18.4396 
v -39.0413 1.70509 18.248 
v -39.0894 1.66841 18.2121 
v -39.1423 1.66352 18.222 
v -39.0761 2.02758 18.1967 
v -39.0712 1.82505 18.2193 
v -39.1666 1.79698 18.1694 
v -39.2115 2.05079 18.1378 
v -39.0413 1.70509 18.248 
v -39.0894 1.66841 18.2121 
v -39.0413 1.70509 18.248 
v -39.0523 1.69174 18.4396 
v -39.0813 1.65424 18.4377 
v -39.0894 1.66841 18.2121 
v -39.0246 1.70868 18.7004 
v -39.0584 1.66797 18.7173 
v -39.0584 1.66797 18.7173 
v -39.0246 1.70868 18.7004 
v -39.3177 2.24221 18.2231 
v -39.1707 2.22366 18.132 
v -39.0742 2.58579 18.3545 
v -39.0205 2.56111 18.2395 
v -38.8834 2.19918 18.8805 
v -38.7512 2.26044 18.8249 
v -38.7512 2.26044 18.8249 
v -38.6707 2.31815 18.7313 
v -38.6707 2.31815 18.7313 
v -38.907 2.11583 18.1455 
v -38.9287 2.07991 18.2287 
v -39.0761 2.02758 18.1967 
v -39.2115 2.05079 18.1378 
v -38.907 2.11583 18.1455 
v -38.9287 2.07991 18.2287 

vn 0.220472 0.0944882 -0.968504 
vn 0.661417 0.0393701 -0.748031 
vn 0.622047 0.15748 -0.76378 
vn 0.23622 0.251969 -0.937008 
vn -0.299213 0.92126 -0.23622 
vn -0.220472 0.937008 -0.259843 
vn 0.0314961 0.669291 -0.748031 
vn -0.0629921 0.566929 -0.818898 
vn 0.19685 -0.00787402 0.984252 
vn 0.307087 -0.133858 0.944882 
vn 0.519685 -0.0944882 0.850394 
vn 0.338583 -0.0472441 0.937008 
vn -0.133858 -0.992126 0 
vn -0.133858 -0.992126 0 
vn -0.133858 -0.992126 0 
vn -0.133858 -0.992126 0 
vn -0.566929 0.283465 -0.771654 
vn -0.527559 0.370079 -0.76378 
vn -0.84252 0.377953 -0.377953 
vn -0.874016 0.354331 -0.322835 
vn 0.84252 0.015748 -0.543307 
vn 0.80315 0.0944882 -0.582677 
vn 1 0 0 
vn 0.96063 0.267717 0.0629921 
vn 1 0.0708661 0.0314961 
vn 1 0 0 
vn 0.330709 0.0393701 0.944882 
vn 0.165354 0.015748 0.984252 
vn -0.937008 0.0708661 -0.354331 
vn -0.622047 0 -0.787402 
vn -0.582677 -0.125984 -0.80315 
vn -0.905512 -0.023622 -0.425197 
vn 0.141732 0.00787402 -0.992126 
vn 0.275591 0.0472441 -0.96063 
vn 0.448819 -0.204724 -0.866142 
vn 0.228346 -0.181102 -0.96063 
vn -0.220472 0.937008 0.267717 
vn -0.299213 0.92126 0.23622 
vn 1 0 0 
vn 0.96063 0.259843 -0.0629921 
vn 1 -0.0314961 0 
vn 0.968504 -0.0472441 0.244094 
vn 0.944882 -0.0314961 0.314961 
vn 1 -0.0314961 0 
vn -0.133858 -0.992126 0 
vn -0.133858 -0.992126 0 
vn -0.937008 0.0787402 0.338583 
vn -0.913386 0.188976 -0.346457 
vn -0.889764 0.275591 0.362205 
vn -0.944882 0.0708661 0.330709 
vn 0.0393701 0.645669 0.76378 
vn -0.0472441 0.559055 0.826772 
vn 1 0 0 
vn 1 0.0787402 -0.0314961 
vn 0.874016 -0.0629921 0.480315 
vn 0.811024 -0.023622 0.582677 
vn -0.133858 -0.992126 0 
vn -0.133858 -0.992126 0 
vn -0.614173 0.11811 0.779528 
vn -0.669291 0.19685 0.716535 
vn -0.598425 0.023622 0.80315 
vn 0.889764 0.448819 -0.0629921 
vn 0.889764 0.456693 0.0708661 
vn -0.370079 0.448819 -0.811024 
vn -0.590551 0.771654 -0.244094 
vn -0.590551 0.771654 0.244094 
vn -0.370079 0.448819 0.811024 
vn -0.188976 0.023622 0.984252 
vn -0.19685 0.0866142 0.976378 
vn -0.259843 -0.0314961 0.968504 
vn -0.23622 0.102362 0.968504 
vn 0.220472 0.00787402 0.976378 
vn 0.181102 -0.133858 0.976378 
vn -0.133858 -0.992126 0 
vn -0.133858 -0.992126 0 
vn -0.133858 -0.992126 0 
vn -0.133858 -0.992126 0 
vn -0.188976 -0.173228 -0.968504 
vn 0.188976 -0.19685 -0.96063 
vn -0.275591 -0.110236 -0.952756 
vn -0.212598 0.015748 -0.976378 
vn -0.653543 0.291339 -0.700787 
vn -0.874016 0.401575 -0.283465 
vn -0.874016 0.401575 0.283465 
vn -0.637795 0.314961 0.700787 
vn -0.598425 0.023622 0.80315 
vn -0.614173 0.11811 0.779528 
vn -0.582677 0.220472 0.779528 
vn -0.590551 0.19685 0.779528 
vn -0.133858 -0.992126 0 
vn -0.133858 -0.992126 0 
vn -0.133858 -0.992126 0 
vn -0.133858 -0.992126 0 
vn -0.582677 -0.125984 -0.80315 
vn -0.614173 0.015748 -0.787402 
vn -0.622047 0 -0.787402 
vn 0.629921 -0.220472 -0.748031 
vn 0.771654 -0.338583 -0.543307 
vn 0.818898 -0.19685 -0.535433 
vn 0.448819 -0.204724 -0.866142 
vn 0.937008 -0.23622 0.259843 
vn 0.952756 -0.133858 0.267717 
vn 0.984252 -0.15748 0 
vn 0.96063 -0.267717 0 
vn -0.897638 0.322835 0.314961 
vn 0.874016 -0.204724 0.448819 
vn 0.874016 -0.11811 0.480315 
vn -0.377953 0.00787402 0.929134 
vn -0.228346 0.19685 -0.952756 
vn 0.425197 -0.0314961 0.905512 
vn 0.362205 0 0.929134 
vn -0.88189 0.307087 0.354331 
vn -0.181102 0.330709 -0.92126 
vn -0.653543 0.291339 -0.700787 
vn -0.370079 0.448819 -0.811024 
vn -0.0629921 0.566929 -0.818898 
vn 0.0314961 0.669291 -0.748031 
vn 1 0 0 
vn 1 0 0 
vn 1 0 0 
vn 1 0 0 
vn 0.0393701 0.645669 0.76378 
vn -0.0472441 0.559055 0.826772 
vn -0.370079 0.448819 0.811024 
vn -0.637795 0.314961 0.700787 
vn -0.874016 0.401575 0.283465 
vn -0.874016 0.401575 -0.283465 
vn -0.543307 0.456693 0.708661 
vn -0.433071 0.188976 0.88189 
vn -0.259843 0.173228 0.952756 
vn -0.440945 0.346457 0.826772 
vn 0.582677 0.370079 0.716535 
vn 0.433071 0.299213 0.850394 
vn 0.496063 0.188976 0.850394 
vn 0.629921 0.220472 0.748031 
vn 0.905512 0.377953 0.212598 
vn 0.84252 0.496063 0.204724 
vn 0.826772 0.511811 0.244094 
vn 0.84252 0.535433 0.0314961 
vn 0.84252 0.511811 0.173228 
vn 0.858268 0.511811 0 
vn 0.574803 0.527559 -0.622047 
vn 0.543307 0.496063 -0.677165 
vn 0.574803 0.488189 -0.661417 
vn 0.377953 0.354331 -0.858268 
vn -0.00787402 0.299213 -0.952756 
vn 0.188976 0.385827 -0.905512 
vn 0.0866142 0.141732 -0.984252 
vn 0.023622 0.0866142 -1 
vn -0.834646 0.519685 -0.173228 
vn -0.92126 0.385827 -0.015748 
vn -0.937008 0.338583 0.00787402 
vn -0.850394 0.527559 -0.0472441 
vn -0.937008 0.338583 0.0866142 
vn -0.779528 0.582677 0.23622 
vn 0.637795 -0.716535 0.275591 
vn 0.598425 -0.779528 0.204724 
vn 0.708661 -0.692913 0.141732 
vn 0.740157 -0.653543 0.15748 
vn 0.401575 -0.913386 0.0866142 
vn 0.346457 -0.937008 0.00787402 
vn 0.787402 -0.496063 0.362205 
vn 0.724409 -0.637795 0.251969 
vn 0 -1 0.00787402 
vn 0 -1 0 
vn 0.0708661 -0.992126 -0.0629921 
vn 0.0787402 -0.992126 -0.0629921 
vn 0.165354 -0.984252 0.00787402 
vn 0.181102 -0.984252 0.00787402 
vn -0.307087 -0.0944882 0.944882 
vn -0.307087 -0.149606 0.937008 
vn 0.433071 -0.834646 0.346457 
vn 0.370079 -0.929134 -0.015748 
vn 0.393701 -0.92126 0.023622 
vn 0.527559 -0.811024 0.251969 
vn 0.0472441 -0.0314961 -1 
vn 0.0314961 -0.0393701 -1 
vn -1 -0.0472441 -0.015748 
vn -0.992126 -0.0944882 0.023622 
vn -0.992126 -0.0944882 0.0472441 
vn 0.370079 -0.929134 0.0393701 
vn 0.330709 -0.944882 0.015748 
vn 0.496063 -0.732283 0.456693 
vn 0.354331 -0.724409 0.590551 
vn 0.433071 -0.834646 0.346457 
vn 0.527559 -0.811024 0.251969 
vn 0.165354 -0.377953 0.905512 
vn 0.291339 -0.330709 0.897638 
vn -0.149606 -0.354331 0.92126 
vn -0.181102 -0.283465 0.944882 
vn 0.897638 -0.409449 0.149606 
vn 0.818898 -0.566929 0.015748 
vn 0.480315 -0.874016 -0.015748 
vn 0.448819 -0.889764 -0.023622 
vn 0.645669 -0.755906 0.0551181 
vn 0.653543 -0.748031 0.0787402 
vn -0.496063 -0.866142 0.00787402 
vn -0.472441 -0.88189 -0.015748 
vn -0.543307 -0.84252 0 
vn -0.535433 -0.84252 0.0314961 
vn -0.622047 -0.779528 -0.0708661 
vn -0.582677 -0.811024 -0.0314961 
vn 0.574803 -0.141732 0.80315 
vn 0.582677 -0.141732 0.80315 
vn 0.566929 -0.11811 0.818898 
vn 0.559055 -0.110236 0.818898 
vn 0.897638 -0.244094 0.370079 
vn 0.913386 -0.15748 0.370079 
vn -0.0314961 -0.716535 0.700787 
vn 0.173228 -0.708661 0.677165 
vn 0.0393701 -0.692913 0.724409 
vn -0.110236 -0.740157 0.661417 
vn 0.19685 0.0708661 -0.976378 
vn 0.582677 0.370079 -0.724409 
vn 0.425197 0.220472 -0.88189 
vn 0.433071 0.299213 0.850394 
vn -0.133858 0.204724 0.968504 
vn 0.133858 0.149606 0.976378 
vn 0.496063 0.188976 0.850394 
vn 0.598425 -0.779528 0.204724 
vn 0.637795 -0.716535 0.275591 
vn -0.149606 -0.76378 0.622047 
vn -0.173228 -0.76378 0.622047 
vn 0.110236 -0.976378 -0.165354 
vn 0.0944882 -0.992126 -0.102362 
vn -0.330709 -0.299213 -0.897638 
vn -0.354331 -0.244094 -0.905512 
vn -0.409449 -0.0472441 -0.913386 
vn -0.440945 0 -0.897638 
vn -0.952756 -0.307087 -0.0314961 
vn -0.944882 -0.322835 0.00787402 
vn -0.944882 -0.330709 0.0393701 
vn 0.984252 0.133858 -0.110236 
vn 0.992126 0.125984 -0.023622 
vn 1 -0.00787402 -0.0314961 
vn 1 0.023622 -0.0866142 
vn 0.992126 0.110236 0.0551181 
vn 1 0.023622 0.015748 
vn 0.952756 0.283465 -0.11811 
vn 0.96063 0.275591 -0.015748 
vn 0.96063 0.259843 0.0787402 
vn -0.133858 -0.385827 -0.913386 
vn -0.204724 -0.393701 -0.897638 
vn 0.417323 -0.0551181 -0.905512 
vn 0.496063 -0.0551181 -0.866142 
vn 0.456693 -0.0472441 -0.889764 
vn 0.393701 -0.0472441 -0.92126 
vn 0.614173 -0.0314961 -0.787402 
vn 0.551181 -0.023622 -0.834646 
vn 0.653543 -0.748031 -0.0629921 
vn 0.787402 -0.614173 -0.023622 
vn 0.771654 -0.629921 -0.023622 
vn 0.637795 -0.76378 -0.0708661 
vn 0.76378 -0.645669 -0.0314961 
vn 0.76378 -0.645669 -0.0314961 
vn 0.535433 -0.0787402 0.84252 
vn 0.519685 -0.0787402 0.850394 
vn -0.456693 0.322835 -0.826772 
vn -0.496063 0.346457 -0.795276 
vn -0.661417 0.511811 -0.543307 
vn -0.748031 0.480315 -0.456693 
vn 0.141732 0 0.992126 
vn 0.527559 0.0708661 0.84252 
vn 0.527559 0.0708661 0.84252 
vn 0.708661 0.0629921 0.700787 
vn 0.92126 0.307087 0.228346 
vn 0.133858 -0.929134 -0.346457 
vn 0.244094 -0.913386 -0.330709 
vn 0.212598 -0.76378 -0.614173 
vn 0.173228 -0.716535 -0.677165 
vn 0.133858 -0.929134 -0.346457 
vn 0.244094 -0.913386 -0.330709 

vt 0.348455 0.833981 
vt 0.348967 0.875042 
vt 0.316714 0.875042 
vt 0.316714 0.839268 
vt 0.158961 0.12496 
vt 0.147005 0.124466 
vt 0.147005 0.08963 
vt 0.15965 0.08963 
vt 0.376233 0.533826 
vt 0.354285 0.536741 
vt 0.35444 0.500684 
vt 0.380167 0.500684 
vt 0.609776 0.358854 
vt 0.609776 0.32686 
vt 0.62399 0.3269 
vt 0.626097 0.358854 
vt 0.347474 0.750062 
vt 0.316714 0.750062 
vt 0.316714 0.716886 
vt 0.346645 0.697695 
vt 0.348431 0.920816 
vt 0.316714 0.900877 
vt 0.396136 0.901342 
vt 0.377115 0.904099 
vt 0.380284 0.875042 
vt 0.396243 0.875042 
vt 0.395572 0.500684 
vt 0.390955 0.542915 
vt 0.378539 0.717067 
vt 0.379499 0.750062 
vt 0.366613 0.750062 
vt 0.365952 0.71599 
vt 0.391459 0.828308 
vt 0.395978 0.875042 
vt 0.380365 0.875042 
vt 0.376374 0.839947 
vt 0.147005 0.180622 
vt 0.159049 0.179779 
vt 0.396002 0.971541 
vt 0.377227 0.969293 
vt 0.348431 0.920816 
vt 0.348698 0.975235 
vt 0.316714 0.975223 
vt 0.316714 0.900877 
vt 0.609776 0.266069 
vt 0.62402 0.26611 
vt 0.365724 0.648546 
vt 0.352194 0.700245 
vt 0.352438 0.642721 
vt 0.378545 0.650943 
vt 0.147005 0.214134 
vt 0.160008 0.214134 
vt 0.395972 0.999797 
vt 0.380336 0.999797 
vt 0.348655 0.999797 
vt 0.316714 0.999797 
vt 0.609776 0.234516 
vt 0.626159 0.234516 
vt 0.36709 0.624466 
vt 0.353294 0.624466 
vt 0.379941 0.624466 
vt 0.3726 0.969105 
vt 0.372734 0.904319 
vt 0.177658 0.08963 
vt 0.181064 0.124835 
vt 0.180763 0.177621 
vt 0.178137 0.214134 
vt 0.385394 0.575224 
vt 0.371242 0.568042 
vt 0.348455 0.568635 
vt 0.316714 0.574626 
vt 0.316714 0.536273 
vt 0.348459 0.540118 
vt 0.63953 0.234516 
vt 0.643501 0.266166 
vt 0.643471 0.326957 
vt 0.639468 0.358854 
vt 0.371239 0.795377 
vt 0.354108 0.83288 
vt 0.353317 0.789216 
vt 0.386095 0.783542 
vt 0.193176 0.08963 
vt 0.193176 0.123455 
vt 0.193176 0.178833 
vt 0.193176 0.214134 
vt 0.380015 0.624466 
vt 0.367469 0.624466 
vt 0.347895 0.624466 
vt 0.316714 0.624466 
vt 0.656528 0.234516 
vt 0.656528 0.266204 
vt 0.656528 0.326994 
vt 0.656528 0.358854 
vt 0.367608 0.750062 
vt 0.352745 0.750062 
vt 0.380196 0.750062 
vt 0.35439 0.875042 
vt 0.372734 0.904319 
vt 0.354066 0.918573 
vt 0.380284 0.875042 
vt 0.3726 0.969105 
vt 0.354625 0.977109 
vt 0.354066 0.918573 
vt 0.372734 0.904319 
vt 0.347245 0.644783 
vt 0.380336 0.999797 
vt 0.35444 0.999797 
vt 0.354047 0.5699 
vt 0.347814 0.787165 
vt 0.316714 0.500684 
vt 0.348655 0.500684 
vt 0.316714 0.64292 
vt 0.316714 0.784502 
vt 0.389573 0.750062 
vt 0.396019 0.771555 
vt 0.401879 0.817106 
vt 0.405293 0.875042 
vt 0.405293 0.875042 
vt 0.410468 0.903469 
vt 0.410468 0.970166 
vt 0.404684 0.999797 
vt 0.404684 0.500684 
vt 0.401318 0.550938 
vt 0.395152 0.583386 
vt 0.389573 0.624466 
vt 0.389075 0.652968 
vt 0.388679 0.717332 
vt 0.64924 0.259667 
vt 0.635561 0.259672 
vt 0.63874 0.251854 
vt 0.64922 0.253147 
vt 0.646982 0.292242 
vt 0.646973 0.297418 
vt 0.642559 0.294355 
vt 0.644845 0.290144 
vt 0.644845 0.290144 
vt 0.64825 0.280967 
vt 0.646982 0.292242 
vt 0.649859 0.274936 
vt 0.64592 0.278954 
vt 0.647092 0.273952 
vt 0.649121 0.343419 
vt 0.652163 0.353882 
vt 0.649992 0.356272 
vt 0.643196 0.347454 
vt 0.647599 0.333303 
vt 0.647961 0.338293 
vt 0.639844 0.345043 
vt 0.635432 0.334242 
vt 0.612566 0.303836 
vt 0.626355 0.299879 
vt 0.626566 0.312375 
vt 0.613125 0.313116 
vt 0.625843 0.324819 
vt 0.612368 0.322303 
vt 0.639841 0.292265 
vt 0.635617 0.287795 
vt 0.63941 0.282419 
vt 0.642803 0.288083 
vt 0.635456 0.274941 
vt 0.635239 0.270381 
vt 0.64031 0.271165 
vt 0.640363 0.276495 
vt 0.61259 0.280554 
vt 0.611237 0.280746 
vt 0.611203 0.290518 
vt 0.613046 0.290757 
vt 0.612784 0.26789 
vt 0.611203 0.267511 
vt 0.631746 0.248925 
vt 0.626708 0.255438 
vt 0.627882 0.289948 
vt 0.626849 0.276474 
vt 0.631311 0.275684 
vt 0.632279 0.289407 
vt 0.635486 0.346657 
vt 0.630242 0.336154 
vt 0.634041 0.299653 
vt 0.634889 0.312263 
vt 0.635026 0.324628 
vt 0.630451 0.266227 
vt 0.626032 0.265387 
vt 0.640156 0.241639 
vt 0.631746 0.248925 
vt 0.632111 0.241987 
vt 0.635741 0.238423 
vt 0.620441 0.240425 
vt 0.621045 0.238441 
vt 0.624155 0.244097 
vt 0.621647 0.249409 
vt 0.647092 0.273952 
vt 0.64592 0.278954 
vt 0.637844 0.267181 
vt 0.638506 0.261813 
vt 0.641344 0.264083 
vt 0.639909 0.268624 
vt 0.648428 0.323059 
vt 0.641681 0.323831 
vt 0.641312 0.311212 
vt 0.648335 0.310101 
vt 0.640948 0.300561 
vt 0.647709 0.300605 
vt 0.632111 0.241987 
vt 0.631746 0.248925 
vt 0.624155 0.244097 
vt 0.625819 0.239401 
vt 0.642408 0.265024 
vt 0.639909 0.268624 
vt 0.637844 0.267181 
vt 0.639909 0.268624 
vt 0.64031 0.271165 
vt 0.635239 0.270381 
vt 0.636727 0.35275 
vt 0.641747 0.358064 
vt 0.638938 0.35617 
vt 0.65011 0.243274 
vt 0.64963 0.249107 
vt 0.643327 0.243927 
vt 0.646069 0.239266 
vt 0.63832 0.234965 
vt 0.64357 0.236868 
vt 0.634826 0.266344 
vt 0.630451 0.266227 
vt 0.634826 0.266344 
vt 0.635155 0.261326 
vt 0.623053 0.341034 
vt 0.621152 0.335246 
vt 0.626695 0.329742 
vt 0.630242 0.336154 
vt 0.640948 0.300561 
vt 0.641312 0.311212 
vt 0.641681 0.323831 
vt 0.621302 0.289461 
vt 0.620334 0.277218 
vt 0.626849 0.276474 
vt 0.627882 0.289948 
vt 0.619846 0.267211 
vt 0.626032 0.265387 
vt 0.617713 0.288985 
vt 0.6162 0.277549 
vt 0.615857 0.269042 
vt 0.619451 0.345747 
vt 0.618741 0.343554 
vt 0.630605 0.342787 
vt 0.624637 0.34536 
vt 0.623053 0.341034 
vt 0.630242 0.336154 
vt 0.62099 0.348053 
vt 0.619451 0.345747 
vt 0.615046 0.28899 
vt 0.614186 0.28035 
vt 0.61259 0.280554 
vt 0.613046 0.290757 
vt 0.614617 0.26849 
vt 0.612784 0.26789 
vt 0.621045 0.238441 
vt 0.622597 0.237045 
vt 0.63408 0.326848 
vt 0.635432 0.334242 
vt 0.64817 0.326747 
vt 0.647599 0.333303 
vt 0.640156 0.241639 
vt 0.64357 0.236868 
vt 0.639841 0.292265 
vt 0.642803 0.288083 
vt 0.642803 0.288083 
vt 0.630443 0.26209 
vt 0.630451 0.266227 
vt 0.630605 0.342787 
vt 0.630242 0.336154 
vt 0.635486 0.346657 
vt 0.632572 0.348035 

usemtl R6Troll1Mtl

f 3672/3672/3672 3673/3673/3673 3674/3674/3674 
f 3674/3674/3674 3675/3675/3675 3672/3672/3672 
f 3676/3676/3676 3677/3677/3677 3678/3678/3678 
f 3678/3678/3678 3679/3679/3679 3676/3676/3676 
f 3680/3680/3680 3681/3681/3681 3682/3682/3682 
f 3682/3682/3682 3683/3683/3683 3680/3680/3680 
f 3684/3684/3684 3685/3685/3685 3686/3686/3686 
f 3686/3686/3686 3687/3687/3687 3684/3684/3684 
f 3688/3688/3688 3689/3689/3689 3690/3690/3690 
f 3690/3690/3690 3691/3691/3691 3688/3688/3688 
f 3673/3673/3673 3692/3692/3692 3693/3693/3693 
f 3693/3693/3693 3674/3674/3674 3673/3673/3673 
f 3694/3694/3694 3695/3695/3695 3696/3696/3696 
f 3696/3696/3696 3697/3697/3697 3694/3694/3694 
f 3683/3683/3683 3698/3698/3698 3699/3699/3699 
f 3699/3699/3699 3680/3680/3680 3683/3683/3683 
f 3700/3700/3700 3701/3701/3701 3702/3702/3702 
f 3702/3702/3702 3703/3703/3703 3700/3700/3700 
f 3704/3704/3704 3705/3705/3705 3706/3706/3706 
f 3706/3706/3706 3707/3707/3707 3704/3704/3704 
f 3708/3708/3708 3677/3677/3677 3676/3676/3676 
f 3676/3676/3676 3709/3709/3709 3708/3708/3708 
f 3694/3694/3694 3710/3710/3710 3711/3711/3711 
f 3711/3711/3711 3695/3695/3695 3694/3694/3694 
f 3712/3712/3712 3713/3713/3713 3714/3714/3714 
f 3714/3714/3714 3715/3715/3715 3712/3712/3712 
f 3685/3685/3685 3716/3716/3716 3717/3717/3717 
f 3717/3717/3717 3686/3686/3686 3685/3685/3685 
f 3718/3718/3718 3703/3703/3703 3719/3719/3719 
f 3719/3719/3719 3720/3720/3720 3718/3718/3718 
f 3721/3721/3721 3700/3700/3700 3703/3703/3703 
f 3703/3703/3703 3718/3718/3718 3721/3721/3721 
f 3722/3722/3722 3708/3708/3708 3709/3709/3709 
f 3709/3709/3709 3723/3723/3723 3722/3722/3722 
f 3710/3710/3710 3724/3724/3724 3725/3725/3725 
f 3725/3725/3725 3711/3711/3711 3710/3710/3710 
f 3713/3713/3713 3726/3726/3726 3727/3727/3727 
f 3727/3727/3727 3714/3714/3714 3713/3713/3713 
f 3717/3717/3717 3716/3716/3716 3728/3728/3728 
f 3728/3728/3728 3729/3729/3729 3717/3717/3717 
f 3730/3730/3730 3718/3718/3718 3720/3720/3720 
f 3720/3720/3720 3731/3731/3731 3730/3730/3730 
f 3730/3730/3730 3732/3732/3732 3721/3721/3721 
f 3721/3721/3721 3718/3718/3718 3730/3730/3730 
f 3725/3725/3725 3733/3733/3733 3711/3711/3711 
f 3711/3711/3711 3733/3733/3733 3734/3734/3734 
f 3734/3734/3734 3695/3695/3695 3711/3711/3711 
f 3734/3734/3734 3696/3696/3696 3695/3695/3695 
f 3676/3676/3676 3679/3679/3679 3735/3735/3735 
f 3735/3735/3735 3736/3736/3736 3676/3676/3676 
f 3737/3737/3737 3709/3709/3709 3676/3676/3676 
f 3676/3676/3676 3736/3736/3736 3737/3737/3737 
f 3738/3738/3738 3723/3723/3723 3709/3709/3709 
f 3709/3709/3709 3737/3737/3737 3738/3738/3738 
f 3739/3739/3739 3740/3740/3740 3680/3680/3680 
f 3680/3680/3680 3699/3699/3699 3739/3739/3739 
f 3741/3741/3741 3742/3742/3742 3743/3743/3743 
f 3743/3743/3743 3744/3744/3744 3741/3741/3741 
f 3745/3745/3745 3746/3746/3746 3717/3717/3717 
f 3717/3717/3717 3729/3729/3729 3745/3745/3745 
f 3747/3747/3747 3686/3686/3686 3717/3717/3717 
f 3717/3717/3717 3746/3746/3746 3747/3747/3747 
f 3748/3748/3748 3687/3687/3687 3686/3686/3686 
f 3686/3686/3686 3747/3747/3747 3748/3748/3748 
f 3749/3749/3749 3707/3707/3707 3750/3750/3750 
f 3750/3750/3750 3751/3751/3751 3749/3749/3749 
f 3752/3752/3752 3704/3704/3704 3707/3707/3707 
f 3707/3707/3707 3749/3749/3749 3752/3752/3752 
f 3736/3736/3736 3735/3735/3735 3753/3753/3753 
f 3753/3753/3753 3754/3754/3754 3736/3736/3736 
f 3755/3755/3755 3737/3737/3737 3736/3736/3736 
f 3736/3736/3736 3754/3754/3754 3755/3755/3755 
f 3756/3756/3756 3738/3738/3738 3737/3737/3737 
f 3737/3737/3737 3755/3755/3755 3756/3756/3756 
f 3757/3757/3757 3758/3758/3758 3740/3740/3740 
f 3740/3740/3740 3739/3739/3739 3757/3757/3757 
f 3759/3759/3759 3760/3760/3760 3742/3742/3742 
f 3742/3742/3742 3741/3741/3741 3759/3759/3759 
f 3761/3761/3761 3762/3762/3762 3746/3746/3746 
f 3746/3746/3746 3745/3745/3745 3761/3761/3761 
f 3763/3763/3763 3747/3747/3747 3746/3746/3746 
f 3746/3746/3746 3762/3762/3762 3763/3763/3763 
f 3764/3764/3764 3748/3748/3748 3747/3747/3747 
f 3747/3747/3747 3763/3763/3763 3764/3764/3764 
f 3765/3765/3765 3749/3749/3749 3751/3751/3751 
f 3751/3751/3751 3766/3766/3766 3765/3765/3765 
f 3767/3767/3767 3752/3752/3752 3749/3749/3749 
f 3749/3749/3749 3765/3765/3765 3767/3767/3767 
f 3707/3707/3707 3706/3706/3706 3768/3768/3768 
f 3768/3768/3768 3750/3750/3750 3707/3707/3707 
f 3682/3682/3682 3681/3681/3681 3744/3744/3744 
f 3703/3703/3703 3702/3702/3702 3766/3766/3766 
f 3766/3766/3766 3719/3719/3719 3703/3703/3703 
f 3769/3769/3769 3770/3770/3770 3768/3768/3768 
f 3768/3768/3768 3771/3771/3771 3769/3769/3769 
f 3772/3772/3772 3773/3773/3773 3774/3774/3774 
f 3774/3774/3774 3775/3775/3775 3772/3772/3772 
f 3776/3776/3776 3720/3720/3720 3719/3719/3719 
f 3719/3719/3719 3691/3691/3691 3776/3776/3776 
f 3772/3772/3772 3777/3777/3777 3778/3778/3778 
f 3778/3778/3778 3773/3773/3773 3772/3772/3772 
f 3759/3759/3759 3731/3731/3731 3720/3720/3720 
f 3720/3720/3720 3776/3776/3776 3759/3759/3759 
f 3740/3740/3740 3779/3779/3779 3681/3681/3681 
f 3681/3681/3681 3680/3680/3680 3740/3740/3740 
f 3672/3672/3672 3780/3780/3780 3751/3751/3751 
f 3751/3751/3751 3750/3750/3750 3672/3672/3672 
f 3758/3758/3758 3731/3731/3731 3779/3779/3779 
f 3779/3779/3779 3740/3740/3740 3758/3758/3758 
f 3780/3780/3780 3688/3688/3688 3766/3766/3766 
f 3766/3766/3766 3751/3751/3751 3780/3780/3780 
f 3768/3768/3768 3673/3673/3673 3672/3672/3672 
f 3672/3672/3672 3750/3750/3750 3768/3768/3768 
f 3719/3719/3719 3766/3766/3766 3688/3688/3688 
f 3688/3688/3688 3691/3691/3691 3719/3719/3719 
f 3770/3770/3770 3692/3692/3692 3673/3673/3673 
f 3673/3673/3673 3768/3768/3768 3770/3770/3770 
f 3773/3773/3773 3713/3713/3713 3712/3712/3712 
f 3712/3712/3712 3774/3774/3774 3773/3773/3773 
f 3773/3773/3773 3778/3778/3778 3726/3726/3726 
f 3726/3726/3726 3713/3713/3713 3773/3773/3773 
f 3779/3779/3779 3741/3741/3741 3744/3744/3744 
f 3744/3744/3744 3681/3681/3681 3779/3779/3779 
f 3731/3731/3731 3741/3741/3741 3779/3779/3779 
f 3743/3743/3743 3781/3781/3781 3782/3782/3782 
f 3782/3782/3782 3744/3744/3744 3743/3743/3743 
f 3783/3783/3783 3776/3776/3776 3691/3691/3691 
f 3691/3691/3691 3690/3690/3690 3783/3783/3783 
f 3760/3760/3760 3759/3759/3759 3776/3776/3776 
f 3776/3776/3776 3783/3783/3783 3760/3760/3760 
f 3675/3675/3675 3784/3784/3784 3780/3780/3780 
f 3780/3780/3780 3672/3672/3672 3675/3675/3675 
f 3689/3689/3689 3688/3688/3688 3780/3780/3780 
f 3780/3780/3780 3784/3784/3784 3689/3689/3689 
f 3759/3759/3759 3741/3741/3741 3731/3731/3731 
f 3682/3682/3682 3744/3744/3744 3782/3782/3782 
f 3785/3785/3785 3786/3786/3786 3752/3752/3752 
f 3752/3752/3752 3767/3767/3767 3785/3785/3785 
f 3786/3786/3786 3787/3787/3787 3704/3704/3704 
f 3704/3704/3704 3752/3752/3752 3786/3786/3786 
f 3787/3787/3787 3788/3788/3788 3705/3705/3705 
f 3705/3705/3705 3704/3704/3704 3787/3787/3787 
f 3789/3789/3789 3790/3790/3790 3694/3694/3694 
f 3694/3694/3694 3697/3697/3697 3789/3789/3789 
f 3791/3791/3791 3710/3710/3710 3694/3694/3694 
f 3694/3694/3694 3790/3790/3790 3791/3791/3791 
f 3792/3792/3792 3724/3724/3724 3710/3710/3710 
f 3710/3710/3710 3791/3791/3791 3792/3792/3792 
f 3698/3698/3698 3793/3793/3793 3794/3794/3794 
f 3794/3794/3794 3699/3699/3699 3698/3698/3698 
f 3795/3795/3795 3739/3739/3739 3699/3699/3699 
f 3699/3699/3699 3794/3794/3794 3795/3795/3795 
f 3796/3796/3796 3757/3757/3757 3739/3739/3739 
f 3739/3739/3739 3795/3795/3795 3796/3796/3796 
f 3732/3732/3732 3796/3796/3796 3797/3797/3797 
f 3797/3797/3797 3721/3721/3721 3732/3732/3732 
f 3797/3797/3797 3798/3798/3798 3700/3700/3700 
f 3700/3700/3700 3721/3721/3721 3797/3797/3797 
f 3798/3798/3798 3785/3785/3785 3701/3701/3701 
f 3701/3701/3701 3700/3700/3700 3798/3798/3798 
f 3799/3799/3799 3800/3800/3800 3801/3801/3801 
f 3801/3801/3801 3802/3802/3802 3799/3799/3799 
f 3803/3803/3803 3804/3804/3804 3805/3805/3805 
f 3805/3805/3805 3806/3806/3806 3803/3803/3803 
f 3807/3807/3807 3808/3808/3808 3809/3809/3809 
f 3810/3810/3810 3808/3808/3808 3811/3811/3811 
f 3811/3811/3811 3812/3812/3812 3810/3810/3810 
f 3813/3813/3813 3814/3814/3814 3815/3815/3815 
f 3815/3815/3815 3816/3816/3816 3813/3813/3813 
f 3817/3817/3817 3818/3818/3818 3819/3819/3819 
f 3819/3819/3819 3820/3820/3820 3817/3817/3817 
f 3821/3821/3821 3822/3822/3822 3823/3823/3823 
f 3823/3823/3823 3824/3824/3824 3821/3821/3821 
f 3824/3824/3824 3823/3823/3823 3825/3825/3825 
f 3825/3825/3825 3826/3826/3826 3824/3824/3824 
f 3827/3827/3827 3828/3828/3828 3829/3829/3829 
f 3829/3829/3829 3830/3830/3830 3827/3827/3827 
f 3831/3831/3831 3832/3832/3832 3833/3833/3833 
f 3833/3833/3833 3834/3834/3834 3831/3831/3831 
f 3835/3835/3835 3836/3836/3836 3837/3837/3837 
f 3837/3837/3837 3838/3838/3838 3835/3835/3835 
f 3839/3839/3839 3840/3840/3840 3836/3836/3836 
f 3836/3836/3836 3835/3835/3835 3839/3839/3839 
f 3841/3841/3841 3801/3801/3801 3800/3800/3800 
f 3800/3800/3800 3842/3842/3842 3841/3841/3841 
f 3843/3843/3843 3844/3844/3844 3845/3845/3845 
f 3845/3845/3845 3846/3846/3846 3843/3843/3843 
f 3847/3847/3847 3848/3848/3848 3820/3820/3820 
f 3820/3820/3820 3819/3819/3819 3847/3847/3847 
f 3849/3849/3849 3850/3850/3850 3823/3823/3823 
f 3823/3823/3823 3822/3822/3822 3849/3849/3849 
f 3851/3851/3851 3825/3825/3825 3823/3823/3823 
f 3823/3823/3823 3850/3850/3850 3851/3851/3851 
f 3852/3852/3852 3845/3845/3845 3844/3844/3844 
f 3844/3844/3844 3853/3853/3853 3852/3852/3852 
f 3854/3854/3854 3855/3855/3855 3856/3856/3856 
f 3856/3856/3856 3857/3857/3857 3854/3854/3854 
f 3858/3858/3858 3859/3859/3859 3860/3860/3860 
f 3860/3860/3860 3861/3861/3861 3858/3858/3858 
f 3829/3829/3829 3828/3828/3828 3831/3831/3831 
f 3831/3831/3831 3834/3834/3834 3829/3829/3829 
f 3862/3862/3862 3863/3863/3863 3834/3834/3834 
f 3834/3834/3834 3833/3833/3833 3862/3862/3862 
f 3829/3829/3829 3834/3834/3834 3863/3863/3863 
f 3863/3863/3863 3830/3830/3830 3829/3829/3829 
f 3864/3864/3864 3865/3865/3865 3866/3866/3866 
f 3866/3866/3866 3867/3867/3867 3864/3864/3864 
f 3868/3868/3868 3869/3869/3869 3870/3870/3870 
f 3870/3870/3870 3871/3871/3871 3868/3868/3868 
f 3870/3870/3870 3872/3872/3872 3873/3873/3873 
f 3873/3873/3873 3871/3871/3871 3870/3870/3870 
f 3874/3874/3874 3875/3875/3875 3876/3876/3876 
f 3876/3876/3876 3877/3877/3877 3874/3874/3874 
f 3878/3878/3878 3862/3862/3862 3833/3833/3833 
f 3833/3833/3833 3879/3879/3879 3878/3878/3878 
f 3880/3880/3880 3881/3881/3881 3882/3882/3882 
f 3882/3882/3882 3883/3883/3883 3880/3880/3880 
f 3884/3884/3884 3847/3847/3847 3819/3819/3819 
f 3885/3885/3885 3886/3886/3886 3816/3816/3816 
f 3816/3816/3816 3815/3815/3815 3885/3885/3885 
f 3887/3887/3887 3888/3888/3888 3889/3889/3889 
f 3889/3889/3889 3890/3890/3890 3887/3887/3887 
f 3854/3854/3854 3857/3857/3857 3891/3891/3891 
f 3891/3891/3891 3892/3892/3892 3854/3854/3854 
f 3828/3828/3828 3846/3846/3846 3845/3845/3845 
f 3845/3845/3845 3831/3831/3831 3828/3828/3828 
f 3845/3845/3845 3852/3852/3852 3832/3832/3832 
f 3832/3832/3832 3831/3831/3831 3845/3845/3845 
f 3893/3893/3893 3880/3880/3880 3883/3883/3883 
f 3883/3883/3883 3894/3894/3894 3893/3893/3893 
f 3895/3895/3895 3896/3896/3896 3865/3865/3865 
f 3865/3865/3865 3864/3864/3864 3895/3895/3895 
f 3884/3884/3884 3819/3819/3819 3816/3816/3816 
f 3816/3816/3816 3886/3886/3886 3884/3884/3884 
f 3818/3818/3818 3813/3813/3813 3816/3816/3816 
f 3816/3816/3816 3819/3819/3819 3818/3818/3818 
f 3897/3897/3897 3898/3898/3898 3899/3899/3899 
f 3899/3899/3899 3900/3900/3900 3897/3897/3897 
f 3901/3901/3901 3902/3902/3902 3850/3850/3850 
f 3850/3850/3850 3849/3849/3849 3901/3901/3901 
f 3903/3903/3903 3851/3851/3851 3850/3850/3850 
f 3850/3850/3850 3902/3902/3902 3903/3903/3903 
f 3860/3860/3860 3841/3841/3841 3842/3842/3842 
f 3842/3842/3842 3861/3861/3861 3860/3860/3860 
f 3904/3904/3904 3905/3905/3905 3906/3906/3906 
f 3906/3906/3906 3907/3907/3907 3904/3904/3904 
f 3908/3908/3908 3909/3909/3909 3906/3906/3906 
f 3906/3906/3906 3905/3905/3905 3908/3908/3908 
f 3910/3910/3910 3911/3911/3911 3905/3905/3905 
f 3905/3905/3905 3904/3904/3904 3910/3910/3910 
f 3912/3912/3912 3908/3908/3908 3905/3905/3905 
f 3905/3905/3905 3911/3911/3911 3912/3912/3912 
f 3897/3897/3897 3913/3913/3913 3914/3914/3914 
f 3914/3914/3914 3898/3898/3898 3897/3897/3897 
f 3915/3915/3915 3916/3916/3916 3917/3917/3917 
f 3917/3917/3917 3918/3918/3918 3915/3915/3915 
f 3916/3916/3916 3919/3919/3919 3920/3920/3920 
f 3920/3920/3920 3917/3917/3917 3916/3916/3916 
f 3921/3921/3921 3922/3922/3922 3923/3923/3923 
f 3923/3923/3923 3924/3924/3924 3921/3921/3921 
f 3925/3925/3925 3926/3926/3926 3923/3923/3923 
f 3923/3923/3923 3922/3922/3922 3925/3925/3925 
f 3877/3877/3877 3876/3876/3876 3927/3927/3927 
f 3927/3927/3927 3928/3928/3928 3877/3877/3877 
f 3929/3929/3929 3930/3930/3930 3900/3900/3900 
f 3900/3900/3900 3899/3899/3899 3929/3929/3929 
f 3931/3931/3931 3932/3932/3932 3930/3930/3930 
f 3930/3930/3930 3929/3929/3929 3931/3931/3931 
f 3802/3802/3802 3801/3801/3801 3889/3889/3889 
f 3889/3889/3889 3888/3888/3888 3802/3802/3802 
f 3801/3801/3801 3841/3841/3841 3933/3933/3933 
f 3933/3933/3933 3889/3889/3889 3801/3801/3801 
f 3889/3889/3889 3933/3933/3933 3934/3934/3934 
f 3934/3934/3934 3890/3890/3890 3889/3889/3889 
f 3805/3805/3805 3935/3935/3935 3936/3936/3936 
f 3936/3936/3936 3806/3806/3806 3805/3805/3805 
f 3808/3808/3808 3807/3807/3807 3937/3937/3937 
f 3937/3937/3937 3811/3811/3811 3808/3808/3808 
f 3938/3938/3938 3896/3896/3896 3895/3895/3895 
f 3895/3895/3895 3939/3939/3939 3938/3938/3938 
f 3940/3940/3940 3941/3941/3941 3942/3942/3942 
f 3942/3942/3942 3943/3943/3943 3940/3940/3940 

g R6Troll5

v -37.899 2.98741 19.2415 
v -37.899 2.65795 19.2415 
v -37.515 2.65795 19.2415 
v -37.515 2.98741 19.2415 
v -37.1311 2.98741 19.2415 
v -37.1311 2.65795 19.2415 
v -36.762 2.65795 19.2415 
v -36.762 2.98741 19.2415 
v -37.899 3.59714 19.2533 
v -37.899 3.31687 19.2415 
v -37.515 3.31687 19.2415 
v -37.515 3.59714 19.2533 
v -37.1311 3.59714 19.2533 
v -37.1311 3.31687 19.2415 
v -36.762 3.31687 19.2415 
v -36.7467 3.61249 19.2534 
v -37.899 3.92036 18.9081 
v -37.899 3.92036 19.265 
v -37.515 3.92036 19.265 
v -37.515 3.92036 18.9081 
v -37.1311 3.92036 18.9081 
v -37.1311 3.92036 19.265 
v -36.7472 3.9444 19.265 
v -36.747 3.93463 18.9083 
v -38.2831 3.93463 18.9083 
v -38.2829 3.92483 18.4588 
v -38.6669 3.92931 18.4588 
v -38.6669 3.94887 18.9081 
v -37.515 3.92036 18.4588 
v -37.899 3.92036 18.4588 
v -37.515 3.92036 18.022 
v -37.899 3.92036 18.022 
v -37.899 2.98741 17.6813 
v -37.899 3.31687 17.6813 
v -37.515 3.31687 17.6813 
v -37.515 2.98741 17.6813 
v -37.4778 2.62653 17.7134 
v -37.8953 2.62653 17.7134 
v -37.899 2.65795 17.6813 
v -37.4778 2.65795 17.6813 
v -38.6669 1.99892 18.022 
v -38.6669 1.98066 17.6526 
v -38.2829 1.99915 17.6526 
v -38.2831 2.00827 18.0219 
v -38.2829 2.01742 18.4588 
v -38.6669 2.01718 18.4588 
v -36.7634 2.04514 18.0219 
v -36.7635 2.05428 18.4588 
v -37.1215 2.03812 18.4588 
v -37.1029 2.03812 18.022 
v -38.2831 2.00828 18.9083 
v -38.6669 1.99892 18.9081 
v -37.515 2.01764 18.4588 
v -37.515 2.01764 18.9081 
v -37.899 2.01764 18.9081 
v -37.899 2.01764 18.4588 
v -36.7634 2.04514 18.9083 
v -37.1215 2.03812 18.9081 
v -36.3928 2.98741 19.2415 
v -36.3928 2.65795 19.2415 
v -36.3928 2.65795 18.8964 
v -36.3928 2.98741 18.8964 
v -36.378 3.62118 19.2533 
v -36.3928 3.31687 19.2415 
v -36.3928 3.31687 18.8964 
v -36.3778 3.61497 18.9068 
v -37.8953 2.62653 19.2258 
v -37.515 2.62653 19.2258 
v -36.3928 2.65795 19.2415 
v -36.3928 2.98741 19.2415 
v -36.3928 3.31687 19.2415 
v -37.1311 3.92036 19.265 
v -37.515 3.92036 19.265 
v -37.899 3.92036 19.265 
v -36.378 3.62118 19.2533 
v -36.3632 3.96844 19.265 
v -36.7472 3.9444 19.265 
v -36.3632 3.96844 19.265 
v -36.3632 3.94887 18.9081 
v -37.1311 3.92036 18.4588 
v -37.1311 3.92036 18.022 
v -37.1311 3.31687 17.6813 
v -37.1311 2.98741 17.6813 
v -37.0939 2.65795 17.6813 
v -37.0976 2.62653 17.7134 
v -36.3928 2.65795 18.0364 
v -36.3928 2.65795 18.4588 
v -36.402 2.62651 18.4672 
v -36.4019 2.62503 18.0572 
v -36.4019 2.62511 18.8917 
v -36.402 2.62449 19.2258 
v -36.3928 2.98741 18.0364 
v -36.3928 2.98741 18.4588 
v -36.3928 3.31687 18.4588 
v -36.378 3.6016 18.4588 
v -36.3632 3.94887 18.9081 
v -36.3632 3.96844 19.265 
v -38.6502 2.24289 18.4588 
v -38.6587 2.11797 18.4588 
v -38.6588 2.10246 18.9073 
v -38.6504 2.23022 18.9065 
v -38.6336 2.65795 18.8964 
v -38.6336 2.65795 18.4588 
v -38.6246 2.62651 18.4672 
v -38.6247 2.62511 18.8917 
v -38.6336 2.98741 18.4588 
v -38.6336 2.98741 18.8964 
v -37.515 3.59714 17.667 
v -37.1311 3.59714 17.667 
v -37.899 3.59714 17.667 
v -37.899 3.71327 17.6349 
v -37.515 3.69865 17.6359 
v -37.1311 3.70524 17.6407 
v -36.3928 3.31687 18.0364 
v -36.7472 3.92483 18.4588 
v -36.747 3.93463 18.0218 
v -36.3632 3.92931 18.4588 
v -36.3632 3.92931 18.4588 
v -38.2831 3.93463 18.0218 
v -36.3632 3.94887 18.022 
v -37.899 3.92036 17.6526 
v -38.2829 3.9444 17.6526 
v -37.1311 3.92036 17.6526 
v -37.515 3.92036 17.6526 
v -36.3632 3.96844 17.6526 
v -36.7472 3.9444 17.6526 
v -37.899 3.71327 17.6349 
v -37.899 3.75682 17.6807 
v -37.515 3.74101 17.6833 
v -37.515 3.69865 17.6359 
v -37.1311 3.74425 17.6786 
v -37.1311 3.70524 17.6407 
v -36.7468 3.74566 17.6751 
v -36.7467 3.69922 17.6319 
v -37.899 3.86233 17.6331 
v -37.515 3.85526 17.6273 
v -37.515 3.74101 17.6833 
v -37.899 3.75682 17.6807 
v -37.1311 3.86313 17.6261 
v -37.1311 3.74425 17.6786 
v -36.7471 3.88382 17.6298 
v -36.7468 3.74566 17.6751 
v -38.6669 3.94887 18.022 
v -37.899 3.86233 17.6331 
v -38.2829 3.89761 17.6394 
v -38.2829 3.9444 17.6526 
v -37.899 3.92036 17.6526 
v -37.515 3.85526 17.6273 
v -37.515 3.92036 17.6526 
v -37.1311 3.86313 17.6261 
v -37.1311 3.92036 17.6526 
v -36.7471 3.88382 17.6298 
v -36.7472 3.9444 17.6526 
v -36.3584 3.90379 17.6313 
v -36.3632 3.96844 17.6526 
v -36.3424 3.89368 18.0225 
v -36.3584 3.90379 17.6313 
v -36.3632 3.96844 17.6526 
v -36.3632 3.94887 18.022 
v -36.3632 3.92931 18.4588 
v -38.2663 2.98741 17.6813 
v -38.2663 3.31687 17.6813 
v -38.6505 2.22948 18.0249 
v -38.6588 2.1021 18.0234 
v -38.2825 3.61285 17.6668 
v -38.2827 3.79424 17.63 
v -38.2827 3.79424 17.63 
v -38.2828 3.84035 17.6926 
v -38.5977 3.96411 17.6526 
v -38.2829 3.89761 17.6394 
v -38.2828 3.84035 17.6926 
v -38.5977 3.96411 17.6526 
v -38.5977 3.96411 17.6526 
v -38.5276 2.98741 17.6519 
v -38.5172 3.31687 17.6547 
v -38.4121 3.31687 17.6813 
v -38.4181 2.98741 17.6813 
v -38.2663 2.65795 17.6813 
v -38.5873 3.61975 17.6402 
v -38.5212 3.61826 17.6669 
v -38.6669 3.96844 17.6526 
v -38.6669 3.96844 17.6526 
v -38.5212 3.61826 17.6669 
v -38.6669 3.96844 17.6526 
v -38.4121 3.31687 17.6813 
v -38.4181 2.98741 17.6813 
v -38.5172 3.31687 17.6547 
v -38.5276 2.98741 17.6519 
v -38.6185 2.98741 17.7191 
v -38.6225 3.32793 17.7193 
v -38.5873 3.61975 17.6402 
v -38.642 3.62118 17.7103 
v -36.762 2.65795 17.6813 
v -36.7677 2.62516 17.7134 
v -36.762 2.98741 17.6813 
v -36.3778 3.61571 18.0246 
v -36.3424 3.89368 18.0225 
v -36.3584 3.90379 17.6313 
v -36.3921 3.72381 17.6849 
v -36.3921 3.72381 17.6849 
v -36.3584 3.90379 17.6313 
v -36.762 3.31687 17.6813 
v -36.5797 2.98741 17.6813 
v -36.5897 2.65795 17.6813 
v -36.5931 2.62478 17.7134 
v -36.4184 2.62449 17.7809 
v -36.4109 2.65795 17.7523 
v -36.4169 2.98741 17.756 
v -36.7467 3.61249 17.6668 
v -36.7467 3.69922 17.6319 
v -36.378 3.62117 17.6557 
v -36.4687 3.31687 17.6813 
v -36.3949 3.31687 17.7392 
v -36.3921 3.72381 17.6849 
v -36.378 3.62117 17.6557 
v -36.378 3.62117 17.6557 
v -36.3921 3.72381 17.6849 
v -36.4361 3.31687 17.6516 
v -36.3949 3.31687 17.7392 
v -36.4683 2.98741 17.6456 
v -36.4169 2.98741 17.756 
v -36.4806 2.65795 17.6497 
v -36.4109 2.65795 17.7523 
v -36.4862 2.6246 17.6824 
v -36.4184 2.62449 17.7809 
v -36.4806 2.65795 17.6497 
v -36.4862 2.6246 17.6824 
v -36.5931 2.62478 17.7134 
v -36.5897 2.65795 17.6813 
v -36.4683 2.98741 17.6456 
v -36.5797 2.98741 17.6813 
v -36.4361 3.31687 17.6516 
v -36.4687 3.31687 17.6813 
v -36.378 3.62117 17.6557 
v -38.6373 2.59362 18.8986 
v -38.6372 2.59639 18.4588 
v -36.3896 2.59639 18.4588 
v -36.3895 2.59362 18.8986 
v -36.3778 2.23021 18.9065 
v -36.378 2.24289 18.4588 
v -36.3895 2.59346 18.0339 
v -36.3778 2.22948 18.0249 
v -38.6336 2.65795 18.0364 
v -38.6247 2.62503 18.0572 
v -38.6336 2.98741 18.0364 
v -38.4882 2.62449 17.7134 
v -38.5529 2.62522 17.6882 
v -38.5524 2.65795 17.652 
v -38.4786 2.65795 17.6813 
v -38.6502 2.22463 17.667 
v -38.6587 2.09044 17.6597 
v -38.6185 2.98741 17.7191 
v -38.6336 2.65795 17.7015 
v -38.2606 2.62512 17.7134 
v -38.2807 2.23035 17.6668 
v -37.899 2.20821 17.667 
v -37.899 2.10667 17.6597 
v -38.2819 2.10264 17.6596 
v -38.6587 2.09044 17.6597 
v -38.6502 2.22463 17.667 
v -38.6246 2.62449 17.7308 
v -38.4786 2.65795 17.6813 
v -38.4882 2.62449 17.7134 
v -38.5529 2.62522 17.6882 
v -38.6246 2.62449 17.7308 
v -38.6336 2.65795 17.7015 
v -38.5524 2.65795 17.652 
v -38.6336 2.65795 17.7015 
v -38.6373 2.59346 18.0339 
v -38.6372 2.5924 17.694 
v -38.2695 2.59365 17.6781 
v -37.899 2.59644 17.6782 
v -38.6502 2.22463 17.667 
v -38.5161 2.5924 17.6782 
v -38.5733 2.59385 17.6552 
v -38.5161 2.5924 17.6782 
v -38.6502 2.22463 17.667 
v -38.6372 2.5924 17.694 
v -38.5733 2.59385 17.6552 
v -38.2606 2.62512 17.7134 
v -37.8953 2.62653 17.7134 
v -38.5529 2.62522 17.6882 
v -38.4882 2.62449 17.7134 
v -38.6246 2.62449 17.7308 
v -38.6247 2.62503 18.0572 
v -38.6246 2.62449 17.7308 
v -38.6246 2.62651 18.4672 
v -38.6247 2.62511 18.8917 
v -36.402 2.62449 19.2258 
v -36.3896 2.5924 19.2441 
v -36.402 2.62651 18.4672 
v -36.4019 2.62503 18.0572 
v -36.4048 2.5924 17.7467 
v -36.4184 2.62449 17.7809 
v -36.472 2.59263 17.6458 
v -36.4184 2.62449 17.7809 
v -36.4048 2.5924 17.7467 
v -38.2829 1.99915 17.6526 
v -38.6669 1.98066 17.6526 
v -38.6669 1.98066 17.6526 
v -38.6669 1.99892 18.022 
v -38.6669 2.01718 18.4588 
v -38.6669 1.99892 18.9081 
v -36.3632 2.01804 18.022 
v -36.3632 2.0363 18.4588 
v -36.3705 2.11797 18.4588 
v -36.3704 2.1021 18.0234 
v -36.3729 2.06928 17.6892 
v -36.3829 2.16552 17.7268 
v -36.3829 2.16552 17.7268 
v -36.4412 2.14357 17.6322 
v -36.3632 2.0363 18.4588 
v -36.3632 2.01804 18.022 
v -37.899 2.01764 18.022 
v -37.4964 2.01764 18.022 
v -37.899 2.01764 17.6526 
v -36.5789 2.59298 17.6782 
v -36.4862 2.6246 17.6824 
v -36.472 2.59263 17.6458 
v -37.899 2.01764 17.6526 
v -36.3729 2.06928 17.6892 
v -36.4027 2.06737 17.6423 
v -36.5402 2.14452 17.6669 
v -36.4412 2.14357 17.6322 
v -36.759 2.59373 17.6781 
v -36.7677 2.62516 17.7134 
v -36.5931 2.62478 17.7134 
v -36.5789 2.59298 17.6782 
v -36.7048 2.09853 17.6668 
v -36.5402 2.14452 17.6669 
v -36.4027 2.06737 17.6423 
v -36.4436 2.09186 17.6596 
v -36.3632 2.00426 17.6643 
v -36.3632 2.00426 17.6643 
v -36.3632 2.00426 17.6643 
v -36.4436 2.09186 17.6596 
v -36.7259 2.01775 17.6895 
v -36.3632 2.00426 17.6643 
v -36.4574 2.08349 17.6752 
v -36.3632 2.00426 17.6643 
v -36.7259 2.01775 17.6895 
v -36.72 2.06616 17.6863 
v -36.6979 2.08901 17.6818 
v -36.7743 2.09054 17.6668 
v -36.848 2.07423 17.6675 
v -36.7735 2.08206 17.6819 
v -37.0832 2.1102 17.6621 
v -36.9916 2.07763 17.6597 
v -36.7259 2.01775 17.6895 
v -36.9877 2.0757 17.6753 
v -37.4778 2.15376 17.667 
v -37.4778 2.08092 17.6597 
v -37.4778 2.59644 17.6782 
v -37.4778 2.62653 17.7134 
v -37.0939 2.59644 17.6782 
v -37.0976 2.62653 17.7134 
v -37.1413 2.14019 17.6663 
v -37.0939 2.15376 17.667 
v -36.4436 2.09186 17.6596 
v -36.4574 2.08349 17.6752 
v -36.7048 2.09853 17.6668 
v -36.6979 2.08901 17.6818 
v -36.848 2.07423 17.6675 
v -36.7743 2.09054 17.6668 
v -36.7735 2.08206 17.6819 
v -36.9916 2.07763 17.6597 
v -36.9877 2.0757 17.6753 
v -38.2606 2.62512 19.2258 
v -38.2663 2.65795 19.2415 
v -37.899 2.20821 19.2533 
v -37.899 2.59644 19.2441 
v -38.2695 2.59365 19.2441 
v -38.2807 2.23035 19.2534 
v -37.8953 2.62653 19.2258 
v -38.2606 2.62512 19.2258 
v -38.6669 3.96844 19.265 
v -38.2829 3.9444 19.265 
v -38.3657 2.65795 19.2415 
v -38.3616 2.62495 19.2258 
v -38.6045 2.62449 19.1643 
v -38.6135 2.65795 19.18 
v -38.6101 2.98741 19.1881 
v -38.6405 2.22463 19.2149 
v -38.6171 2.5924 19.1826 
v -38.3707 2.59331 19.2441 
v -38.462 2.22754 19.2533 
v -38.6045 2.62449 19.1643 
v -38.3616 2.62495 19.2258 
v -38.4975 2.65795 19.2875 
v -38.4851 2.98741 19.3033 
v -38.6101 2.98741 19.1881 
v -38.6135 2.65795 19.18 
v -38.4937 2.62472 19.2718 
v -38.6045 2.62449 19.1643 
v -38.5011 2.59287 19.2901 
v -38.4937 2.62472 19.2718 
v -38.6045 2.62449 19.1643 
v -38.6171 2.5924 19.1826 
v -38.5558 2.22608 19.2748 
v -38.6405 2.22463 19.2149 
v -38.5011 2.59287 19.2901 
v -38.5558 2.22608 19.2748 
v -38.462 2.22754 19.2533 
v -38.3707 2.59331 19.2441 
v -38.4937 2.62472 19.2718 
v -38.3616 2.62495 19.2258 
v -38.4975 2.65795 19.2875 
v -38.3616 2.62495 19.2258 
v -38.3657 2.65795 19.2415 
v -36.378 2.22463 19.2533 
v -36.3705 2.09044 19.2592 
v -36.3704 2.10246 18.9073 
v -37.899 2.01764 19.265 
v -38.2829 1.99915 19.265 
v -38.6669 1.98066 19.265 
v -36.3632 2.01804 18.9081 
v -36.3632 1.99978 19.265 
v -36.7635 2.03602 19.265 
v -36.3632 2.01804 18.9081 
v -36.3632 1.99978 19.265 
v -38.2819 2.10264 19.2593 
v -37.899 2.10667 19.2592 
v -37.899 2.05176 19.2349 
v -38.2829 1.99915 19.265 
v -37.899 2.01764 19.265 
v -38.6587 2.09044 19.2592 
v -38.6587 2.09044 19.2592 
v -38.6669 1.98066 19.265 
v -38.2829 1.99915 19.265 
v -38.6669 1.98066 19.265 
v -38.6587 2.09044 19.2592 
v -38.2829 1.99915 19.265 
v -37.899 2.04557 19.2634 
v -37.515 2.59644 19.2441 
v -37.515 2.62653 19.2258 
v -37.1348 2.62653 19.2258 
v -36.402 2.62449 19.2258 
v -36.7677 2.62516 19.2258 
v -36.7048 2.13122 19.2534 
v -36.378 2.22463 19.2533 
v -36.3896 2.5924 19.2441 
v -36.759 2.59373 19.2441 
v -36.402 2.62449 19.2258 
v -36.7677 2.62516 19.2258 
v -37.1311 2.59644 19.2441 
v -37.1348 2.62653 19.2258 
v -37.515 2.10667 19.2592 
v -37.515 2.20821 19.2533 
v -37.2613 2.10667 19.2592 
v -37.1215 2.03812 19.265 
v -37.515 2.01764 19.265 
v -37.515 2.01764 19.265 
v -37.515 2.06124 19.2344 
v -37.515 2.05506 19.2629 
v -37.1215 2.03812 19.265 
v -37.2613 2.11286 19.2307 
v -37.1311 2.20821 19.2533 
v -37.1311 2.10667 19.2592 
v -36.7478 2.09406 19.2593 
v -36.3705 2.09044 19.2592 
v -36.3632 1.99978 19.265 
v -36.7478 2.10027 19.2308 
v -36.7635 2.03602 19.265 
v -36.3632 1.99978 19.265 
v -36.844 2.20069 19.2533 
v -36.844 2.2069 19.2248 
v -36.9317 2.20917 19.2248 
v -37.0449 2.11003 19.2307 
v -36.7478 2.10027 19.2308 
v -36.9317 2.20296 19.2533 
v -37.0448 2.10383 19.2592 
v -37.1215 2.03812 19.265 
v -36.7635 2.03602 19.265 
v -37.1311 2.11286 19.2307 
v -37.899 2.04557 19.2634 
v -38.2829 1.99915 19.265 
v -37.899 2.05176 19.2349 
v -37.515 2.05506 19.2629 
v -37.515 2.06124 19.2344 
v -37.2613 2.10667 19.2592 
v -37.2613 2.11286 19.2307 
v -36.3632 1.99978 19.265 
v -36.7478 2.09406 19.2593 
v -36.7478 2.10027 19.2308 
v -36.844 2.20069 19.2533 
v -36.9317 2.20296 19.2533 
v -36.9317 2.20917 19.2248 
v -36.844 2.2069 19.2248 
v -37.0448 2.10383 19.2592 
v -37.1311 2.10667 19.2592 
v -38.6336 3.31687 18.0364 
v -38.6225 3.32793 17.7193 
v -38.6505 3.61571 18.0246 
v -38.642 3.62118 17.7103 
v -38.6669 3.94887 18.022 
v -38.6669 3.96844 17.6526 
v -38.2663 2.98741 19.2415 
v -38.3411 2.98741 19.2415 
v -38.6336 3.31687 18.8964 
v -38.616 3.31687 19.1988 
v -38.4995 3.31687 19.2908 
v -38.616 3.31687 19.1988 
v -38.4851 2.98741 19.3033 
v -38.3411 2.98741 19.2415 
v -38.6336 3.31687 18.4588 
v -38.6205 3.3623 18.8737 
v -38.6336 3.31687 18.8964 
v -38.6504 3.61497 18.9068 
v -38.6669 3.94887 18.9081 
v -38.6669 3.92931 18.4588 
v -38.6502 3.6016 18.4588 
v -38.2663 3.31687 19.2415 
v -38.2663 3.31687 19.2415 
v -38.3875 3.34785 19.228 
v -38.3821 3.31687 19.2415 
v -38.3821 3.31687 19.2415 
v -38.2826 3.61286 19.2534 
v -38.2829 3.9444 19.265 
v -38.6669 3.96844 19.265 
v -38.4347 3.6163 19.2533 
v -38.616 3.31687 19.1988 
v -38.5839 3.35974 19.1869 
v -38.6282 3.62118 19.2151 
v -38.6669 3.96844 19.265 
v -38.5371 3.61861 19.2933 
v -38.6669 3.96844 19.265 
v -38.6282 3.62118 19.2151 
v -38.481 3.35842 19.2647 
v -38.5839 3.35974 19.1869 
v -38.616 3.31687 19.1988 
v -38.616 3.31687 19.1988 
v -38.4995 3.31687 19.2908 
v -38.481 3.35842 19.2647 
v -38.3821 3.31687 19.2415 
v -38.4995 3.31687 19.2908 
v -38.3875 3.34785 19.228 
v -38.481 3.35842 19.2647 
v -38.4995 3.31687 19.2908 
v -38.4995 3.31687 19.2908 
v -38.3821 3.31687 19.2415 
v -38.3875 3.34785 19.228 
v -38.5371 3.61861 19.2933 
v -38.4347 3.6163 19.2533 
v -38.3937 3.38301 19.2441 
v -38.5088 3.39102 19.2914 
v -38.3937 3.38301 19.2441 
v -38.6194 3.40122 19.2034 
v -38.5088 3.39102 19.2914 
v -38.6384 3.40093 18.8993 
v -38.6194 3.40122 19.2034 
v -38.6205 3.3623 18.8737 
v -38.5839 3.35974 19.1869 
v -38.5839 3.35974 19.1869 
v -38.481 3.35842 19.2647 
v -38.481 3.35842 19.2647 
v -38.3875 3.34785 19.228 
v -38.3875 3.34785 19.228 
v -37.4778 2.01707 17.6526 
v -37.0843 2.03176 17.6969 
v -37.0928 2.09373 17.6792 
v -37.0931 2.06841 17.674 
v -37.0843 2.03176 17.6969 
v -37.4778 2.01707 17.6526 
v -37.1908 2.07984 17.6675 
v -37.4778 2.01707 17.6526 
v -37.1822 2.07535 17.6742 
v -37.4778 2.01707 17.6526 
v -37.1908 2.07984 17.6675 
v -37.1304 2.08758 17.6741 
v -37.0928 2.09373 17.6792 
v -37.0832 2.1102 17.6621 
v -37.1822 2.07535 17.6742 
v -37.1304 2.08758 17.6741 
v -38.6311 2.62503 19.9314 
v -38.0947 2.5929 19.8879 
v -38.0849 3.03939 19.7053 
v -38.6524 3.04005 19.7049 
v -37.4959 2.5535 19.932 
v -37.5044 3.03969 19.7386 
v -36.9467 2.66625 19.8971 
v -36.9587 3.03232 19.6704 
v -36.3755 2.59311 19.901 
v -36.3823 3.04719 19.6709 
v -38.0747 3.49354 19.5409 
v -38.6454 3.48525 19.531 
v -37.5022 3.4892 19.5534 
v -36.9433 3.49226 19.5064 
v -36.3861 3.49146 19.47 
v -38.0847 3.94887 19.3058 
v -38.654 3.94833 19.3061 
v -37.5143 3.94864 19.3059 
v -36.9441 3.94584 19.3072 
v -36.375 3.94381 19.3081 
v -38.6337 2.60025 19.8793 
v -38.6534 3.01748 19.6518 
v -38.0842 3.01748 19.6518 
v -38.0946 2.56971 19.8351 
v -37.5051 3.01748 19.6853 
v -37.4957 2.52991 19.8794 
v -36.9613 3.00833 19.6179 
v -36.9485 2.63941 19.8459 
v -36.3836 3.02232 19.6188 
v -36.3767 2.565 19.8505 
v -38.6449 3.46214 19.4781 
v -38.0738 3.46997 19.4882 
v -37.5035 3.46575 19.5006 
v -36.9459 3.46997 19.4531 
v -36.3876 3.46997 19.4163 
v -38.6534 3.92246 19.2544 
v -38.0842 3.92246 19.2544 
v -37.515 3.92246 19.2544 
v -36.9459 3.92246 19.2544 
v -36.3767 3.92246 19.2544 
v -38.6337 2.60025 19.8793 
v -38.0946 2.56971 19.8351 
v -38.0947 2.5929 19.8879 
v -38.6311 2.62503 19.9314 
v -38.6534 3.01748 19.6518 
v -38.6337 2.60025 19.8793 
v -38.6311 2.62503 19.9314 
v -38.6524 3.04005 19.7049 
v -37.4957 2.52991 19.8794 
v -37.4959 2.5535 19.932 
v -36.9485 2.63941 19.8459 
v -36.9467 2.66625 19.8971 
v -36.3767 2.565 19.8505 
v -36.3755 2.59311 19.901 
v -36.3767 2.565 19.8505 
v -36.3836 3.02232 19.6188 
v -36.3823 3.04719 19.6709 
v -36.3755 2.59311 19.901 
v -38.6449 3.46214 19.4781 
v -38.6454 3.48525 19.531 
v -36.3876 3.46997 19.4163 
v -36.3861 3.49146 19.47 
v -38.0842 4.01712 19.2115 
v -38.6534 4.01722 19.2115 
v -38.654 4.00834 19.2756 
v -38.0847 4.00889 19.2752 
v -38.6534 3.92246 19.2544 
v -38.654 3.94833 19.3061 
v -37.5149 4.01744 19.2123 
v -37.5142 4.0091 19.2761 
v -36.9457 4.01861 19.2145 
v -36.9439 4.00725 19.2797 
v -36.3767 3.92246 19.2544 
v -36.375 3.94381 19.3081 
v -36.3766 4.01934 19.2159 
v -36.3749 4.00575 19.282 
v -38.0842 3.90679 19.1501 
v -38.6534 3.90658 19.15 
v -38.6534 3.97252 19.1639 
v -38.0842 3.97268 19.1638 
v -38.654 4.00834 19.2756 
v -38.6534 4.01722 19.2115 
v -38.0847 4.00889 19.2752 
v -38.654 4.00834 19.2756 
v -37.5149 3.90791 19.1503 
v -37.5148 3.97355 19.1649 
v -37.5142 4.0091 19.2761 
v -36.9457 3.90991 19.1508 
v -36.9456 3.97506 19.1678 
v -36.9439 4.00725 19.2797 
v -36.3766 3.91101 19.1511 
v -36.3765 3.97587 19.1696 
v -36.3749 4.00575 19.282 
v -36.3766 4.01934 19.2159 
v -36.3749 4.00575 19.282 
v -38.0842 3.92246 19.2544 
v -38.6534 3.92246 19.2544 
v -38.6534 3.90658 19.15 
v -38.0842 3.90679 19.1501 
v -38.6534 3.97252 19.1639 
v -38.6534 3.90658 19.15 
v -38.0842 3.97268 19.1638 
v -38.6534 3.97252 19.1639 
v -37.515 3.92246 19.2544 
v -37.5149 3.90791 19.1503 
v -37.5148 3.97355 19.1649 
v -36.9459 3.92246 19.2544 
v -36.9457 3.90991 19.1508 
v -36.9456 3.97506 19.1678 
v -36.3767 3.92246 19.2544 
v -36.3766 3.91101 19.1511 
v -36.3765 3.97587 19.1696 
v -36.3766 3.91101 19.1511 
v -36.3765 3.97587 19.1696 
v -36.3494 3.28739 18.46 
v -36.3538 3.60264 18.6088 
v -36.3662 3.47404 18.8405 
v -36.3662 3.47404 18.8405 
v -36.3701 3.17058 18.6796 
v -36.3494 3.28739 18.46 
v -36.3662 3.47404 18.8405 
v -36.3729 3.32749 19.094 
v -36.3763 3.0431 18.9314 
v -36.3763 3.0431 18.9314 
v -36.3701 3.17058 18.6796 
v -36.3662 3.47404 18.8405 
v -36.4026 3.28821 18.4563 
v -36.4171 3.65205 18.6282 
v -36.3538 3.60264 18.6088 
v -36.3538 3.60264 18.6088 
v -36.3494 3.28739 18.46 
v -36.4026 3.28821 18.4563 
v -36.4171 3.65205 18.6282 
v -36.4204 3.47743 18.9134 
v -36.3662 3.47404 18.8405 
v -36.3538 3.60264 18.6088 
v -36.3993 3.16215 18.6696 
v -36.4026 3.28821 18.4563 
v -36.3494 3.28739 18.46 
v -36.3701 3.17058 18.6796 
v -36.4053 3.3418 19.2067 
v -36.3729 3.32749 19.094 
v -36.4053 3.3418 19.2067 
v -36.4024 2.99887 19.0219 
v -36.3763 3.0431 18.9314 
v -36.3763 3.0431 18.9314 
v -36.3729 3.32749 19.094 
v -36.4053 3.3418 19.2067 
v -36.4024 2.99887 19.0219 
v -36.3763 3.0431 18.9314 
v -36.3584 3.09025 18.6458 
v -36.353 3.13721 18.6094 
v -36.35 3.20031 18.708 
v -36.3556 3.15296 18.7485 
v -36.35 3.20031 18.708 
v -36.3469 3.26666 18.8122 
v -36.3528 3.21563 18.8517 
v -36.3528 3.21563 18.8517 
v -36.3556 3.15296 18.7485 
v -36.35 3.20031 18.708 
v -36.4207 3.09602 18.644 
v -36.4153 3.14298 18.6076 
v -36.353 3.13721 18.6094 
v -36.353 3.13721 18.6094 
v -36.3584 3.09025 18.6458 
v -36.4207 3.09602 18.644 
v -36.4153 3.14298 18.6076 
v -36.4123 3.20608 18.7062 
v -36.35 3.20031 18.708 
v -36.353 3.13721 18.6094 
v -36.4179 3.15873 18.7467 
v -36.4207 3.09602 18.644 
v -36.3584 3.09025 18.6458 
v -36.3556 3.15296 18.7485 
v -36.4092 3.27242 18.8104 
v -36.3469 3.26666 18.8122 
v -36.4092 3.27242 18.8104 
v -36.4151 3.2214 18.8499 
v -36.3528 3.21563 18.8517 
v -36.3528 3.21563 18.8517 
v -36.3469 3.26666 18.8122 
v -36.4092 3.27242 18.8104 
v -36.4151 3.2214 18.8499 
v -36.3528 3.21563 18.8517 
v -38.6546 2.8236 17.9621 
v -38.6623 2.77008 18.0065 
v -38.6676 2.86698 18.1037 
v -38.6597 2.92531 18.0599 
v -38.6731 2.96944 18.2061 
v -38.6648 3.02758 18.1578 
v -38.5818 2.81968 17.9699 
v -38.5894 2.76617 18.0143 
v -38.6623 2.77008 18.0065 
v -38.6623 2.77008 18.0065 
v -38.6546 2.8236 17.9621 
v -38.5818 2.81968 17.9699 
v -38.5894 2.76617 18.0143 
v -38.5947 2.86307 18.1116 
v -38.6676 2.86698 18.1037 
v -38.6623 2.77008 18.0065 
v -38.5869 2.9214 18.0678 
v -38.5818 2.81968 17.9699 
v -38.6546 2.8236 17.9621 
v -38.6597 2.92531 18.0599 
v -38.6003 2.96552 18.2139 
v -38.6731 2.96944 18.2061 
v -38.6003 2.96552 18.2139 
v -38.592 3.02367 18.1657 
v -38.6648 3.02758 18.1578 
v -38.6648 3.02758 18.1578 
v -38.6731 2.96944 18.2061 
v -38.6003 2.96552 18.2139 
v -38.592 3.02367 18.1657 
v -38.6648 3.02758 18.1578 
v -36.3324 3.59058 18.4709 
v -36.3344 3.62951 18.5051 
v -36.3318 3.55602 18.5756 
v -36.3296 3.5135 18.5417 
v -36.329 3.47831 18.6497 
v -36.3269 3.43601 18.6126 
v -36.3867 3.5882 18.4704 
v -36.3887 3.62714 18.5046 
v -36.3344 3.62951 18.5051 
v -36.3344 3.62951 18.5051 
v -36.3324 3.59058 18.4709 
v -36.3867 3.5882 18.4704 
v -36.3887 3.62714 18.5046 
v -36.3861 3.55364 18.5751 
v -36.3318 3.55602 18.5756 
v -36.3344 3.62951 18.5051 
v -36.384 3.51113 18.5412 
v -36.3867 3.5882 18.4704 
v -36.3324 3.59058 18.4709 
v -36.3296 3.5135 18.5417 
v -36.3834 3.47593 18.6493 
v -36.329 3.47831 18.6497 
v -36.3834 3.47593 18.6493 
v -36.3812 3.43363 18.6121 
v -36.3269 3.43601 18.6126 
v -36.3269 3.43601 18.6126 
v -36.329 3.47831 18.6497 
v -36.3834 3.47593 18.6493 
v -36.3812 3.43363 18.6121 
v -36.3269 3.43601 18.6126 

vn 0 0 1 
vn 0 -0.228346 0.976378 
vn 0 -0.228346 0.976378 
vn 0 0 1 
vn 0 0 1 
vn 0 -0.228346 0.976378 
vn 0 -0.220472 0.976378 
vn 0 0 1 
vn 0 -0.0393701 1 
vn 0 -0.023622 1 
vn 0 -0.023622 1 
vn 0 -0.0393701 1 
vn 0 -0.0393701 1 
vn 0 -0.023622 1 
vn 0 -0.023622 1 
vn 0 -0.0393701 1 
vn 0.015748 1 0 
vn 0.023622 1 -0.00787402 
vn 0 1 0 
vn 0 1 0 
vn -0.015748 1 -0.00787402 
vn -0.0314961 1 0 
vn -0.0472441 1 -0.0314961 
vn -0.0314961 1 -0.0314961 
vn 0.0393701 1 -0.023622 
vn 0.015748 1 0 
vn 0.023622 1 0 
vn -0.716535 0.700787 -0.015748 
vn 0 1 0 
vn 0.00787402 1 0 
vn 0 1 0 
vn 0.015748 1 0 
vn 0 0 -1 
vn 0 -0.023622 -1 
vn 0 -0.023622 -1 
vn 0 0 -1 
vn 0 -0.716535 -0.700787 
vn 0 -0.716535 -0.700787 
vn 0 -0.385827 -0.92126 
vn 0 -0.385827 -0.92126 
vn 0.0314961 -1 0.0393701 
vn 0.0472441 -1 0.0472441 
vn 0.0393701 -1 0.0314961 
vn 0.023622 -1 0.023622 
vn 0 -1 0 
vn 0.00787402 -1 -0.00787402 
vn -0.023622 -1 0.0393701 
vn -0.00787402 -1 0 
vn 0.0472441 -1 0 
vn 0.0314961 -1 0.00787402 
vn 0.023622 -1 -0.015748 
vn 0.023622 -1 -0.0314961 
vn 0.023622 -1 0 
vn 0.023622 -1 0 
vn 0.015748 -1 0 
vn 0.00787402 -1 0 
vn -0.023622 -1 -0.023622 
vn 0.0393701 -1 0 
vn 1 0 0 
vn 0.992126 -0.110236 0 
vn 0.992126 -0.133858 0 
vn 1 0 0 
vn 1 -0.0472441 0 
vn 1 -0.023622 0 
vn 1 -0.023622 0 
vn 1 -0.0472441 0 
vn 0 -0.448819 0.897638 
vn 0 -0.448819 0.897638 
vn 0 -0.19685 0.976378 
vn 0 0 1 
vn 0 -0.023622 1 
vn 0 -0.0393701 1 
vn 0 -0.0393701 1 
vn 0 -0.0393701 1 
vn 0 -0.0393701 1 
vn 0 -0.0314961 1 
vn 0 -0.0314961 1 
vn -0.0629921 1 -0.0551181 
vn -0.0472441 1 -0.0393701 
vn -0.00787402 1 0 
vn -0.015748 1 0 
vn 0 -0.023622 -1 
vn 0 0 -1 
vn 0 -0.385827 -0.92126 
vn 0 -0.716535 -0.700787 
vn 0.992126 -0.141732 -0.0393701 
vn 0.992126 -0.141732 0 
vn 0.992126 -0.0866142 0 
vn 0.96063 -0.275591 -0.015748 
vn 1 0.0551181 0 
vn 0.748031 0.165354 0.637795 
vn 1 0 -0.0393701 
vn 1 0 0 
vn 1 -0.023622 0 
vn 1 -0.0551181 0.00787402 
vn 1 -0.0472441 0 
vn 1 -0.0393701 0 
vn -1 0.0551181 0 
vn -1 0.0708661 0 
vn -1 0.0787402 0.00787402 
vn -1 0.0551181 0.023622 
vn -0.992126 -0.133858 0.0393701 
vn -0.992126 -0.141732 0 
vn -0.96063 -0.275591 0 
vn -0.96063 -0.267717 0.0314961 
vn -1 0 0 
vn -1 0 0.0393701 
vn 0 -0.173228 -0.984252 
vn 0.00787402 -0.141732 -0.992126 
vn -0.00787402 -0.15748 -0.984252 
vn -0.015748 -0.259843 -0.968504 
vn 0 -0.283465 -0.96063 
vn 0.00787402 -0.244094 -0.968504 
vn 1 -0.0314961 -0.015748 
vn -0.015748 1 0 
vn -0.0393701 1 0.023622 
vn 0.440945 0.897638 0.023622 
vn 1 -0.0472441 0 
vn 0.0393701 1 0.023622 
vn -0.0472441 1 0.0393701 
vn 0.023622 1 0.00787402 
vn 0.0629921 1 0.023622 
vn -0.023622 1 0.00787402 
vn 0 1 0 
vn -0.0629921 1 0.0551181 
vn -0.0551181 1 0.0314961 
vn 0.0944882 0.724409 -0.685039 
vn 0.102362 0.724409 -0.677165 
vn 0.015748 0.740157 -0.669291 
vn 0.015748 0.748031 -0.669291 
vn -0.015748 0.692913 -0.716535 
vn -0.00787402 0.700787 -0.716535 
vn 0.0314961 0.685039 -0.732283 
vn 0.0393701 0.653543 -0.755906 
vn -0.0629921 -0.433071 -0.897638 
vn -0.015748 -0.433071 -0.897638 
vn -0.015748 -0.440945 -0.897638 
vn -0.0629921 -0.409449 -0.913386 
vn 0 -0.393701 -0.92126 
vn 0 -0.409449 -0.913386 
vn 0.015748 -0.307087 -0.952756 
vn 0.015748 -0.322835 -0.944882 
vn 0.0393701 1 0.0472441 
vn 0.00787402 0.314961 -0.944882 
vn 0.015748 0.275591 -0.96063 
vn 0.015748 0.275591 -0.96063 
vn 0.00787402 0.322835 -0.944882 
vn -0.00787402 0.362205 -0.929134 
vn -0.00787402 0.362205 -0.929134 
vn -0.00787402 0.417323 -0.905512 
vn -0.00787402 0.417323 -0.905512 
vn -0.015748 0.354331 -0.937008 
vn -0.015748 0.346457 -0.937008 
vn 0.614173 0.11811 -0.779528 
vn -0.015748 0.314961 -0.952756 
vn 0.937008 0.338583 0.015748 
vn 0.992126 0.0866142 -0.0393701 
vn 0.992126 0.110236 -0.0314961 
vn 0.937008 0.354331 0.015748 
vn 0.440945 0.897638 0.023622 
vn 0 0 -1 
vn 0 -0.023622 -1 
vn -1 0.0472441 0 
vn -1 0.0708661 0 
vn -0.00787402 -0.125984 -0.992126 
vn -0.0472441 -0.165354 -0.984252 
vn 0.244094 0.76378 -0.590551 
vn 0.267717 0.771654 -0.566929 
vn 0.0472441 1 -0.00787402 
vn -0.125984 -0.677165 -0.724409 
vn -0.11811 -0.653543 -0.748031 
vn 0.0472441 1 -0.00787402 
vn 0.0393701 0.204724 -0.976378 
vn 0.267717 -0.023622 -0.96063 
vn 0.251969 0.023622 -0.968504 
vn 0.244094 0.015748 -0.968504 
vn 0.259843 -0.023622 -0.968504 
vn 0 -0.377953 -0.929134 
vn 0.377953 0.0866142 -0.92126 
vn 0.362205 0.0708661 -0.929134 
vn -0.92126 -0.015748 -0.385827 
vn -0.102362 0.866142 -0.488189 
vn -0.0393701 -0.0944882 -0.992126 
vn -0.102362 0.866142 -0.488189 
vn 0 -0.023622 -1 
vn 0 0 -1 
vn -0.535433 -0.0708661 -0.84252 
vn -0.590551 0.0314961 -0.80315 
vn -0.582677 0.0314961 -0.811024 
vn -0.551181 -0.0787402 -0.826772 
vn -0.755906 -0.125984 -0.645669 
vn -0.787402 -0.110236 -0.606299 
vn 0 -0.377953 -0.929134 
vn 0 -0.700787 -0.716535 
vn 0 0 -1 
vn 1 -0.0787402 -0.015748 
vn 0.992126 -0.11811 -0.023622 
vn 0.015748 -0.291339 -0.96063 
vn 0.685039 -0.125984 -0.716535 
vn 0.795276 0.0708661 -0.606299 
vn 0.614173 0.11811 -0.779528 
vn 0 -0.023622 -1 
vn 0 0 -1 
vn 0 -0.362205 -0.929134 
vn -0.110236 -0.204724 -0.976378 
vn 0.96063 -0.267717 -0.0551181 
vn 0.992126 -0.0866142 -0.0629921 
vn 1 -0.00787402 -0.0629921 
vn -0.015748 -0.212598 -0.976378 
vn -0.023622 -0.370079 -0.929134 
vn 0.866142 -0.0314961 -0.503937 
vn -0.00787402 -0.0393701 -1 
vn 1 -0.0629921 -0.00787402 
vn 0.795276 0.0708661 -0.606299 
vn 0.299213 0.220472 -0.929134 
vn 0.866142 -0.0314961 -0.503937 
vn 0.685039 -0.125984 -0.716535 
vn 0.897638 -0.11811 -0.425197 
vn 0.897638 -0.11811 -0.425197 
vn 0.905512 -0.0629921 -0.425197 
vn 0.897638 -0.0551181 -0.440945 
vn 0.818898 -0.23622 -0.527559 
vn 0.779528 -0.322835 -0.535433 
vn 0.685039 -0.566929 -0.464567 
vn 0.968504 0.125984 -0.220472 
vn -0.267717 -0.314961 -0.913386 
vn 0.338583 0.0787402 -0.937008 
vn -0.204724 -0.669291 -0.716535 
vn -0.259843 -0.385827 -0.88189 
vn -0.299213 0.0314961 -0.952756 
vn -0.322835 0.0314961 -0.944882 
vn -0.629921 0.165354 -0.755906 
vn -0.661417 0.188976 -0.724409 
vn -0.669291 0.133858 -0.732283 
vn -0.976378 0.212598 0.0393701 
vn -0.976378 0.212598 0 
vn 0.976378 0.212598 0 
vn 0.976378 0.204724 0 
vn 1 0.0472441 0 
vn 1 0.0472441 0 
vn 0.976378 0.212598 -0.0314961 
vn 1 0.0472441 -0.015748 
vn -0.992126 -0.125984 -0.00787402 
vn -1 0 0 
vn -1 0 -0.023622 
vn 0.149606 0.19685 -0.968504 
vn -0.0314961 -0.0629921 -1 
vn 0.338583 -0.377953 -0.866142 
vn 0.330709 -0.385827 -0.858268 
vn -0.92126 0.0629921 -0.393701 
vn -1 0.0708661 0 
vn -1 0.00787402 -0.0314961 
vn -0.92126 -0.015748 -0.385827 
vn 0 -0.700787 -0.716535 
vn 0 0.0472441 -1 
vn 0 0.0472441 -1 
vn 0 0.0708661 -1 
vn 0 0.0629921 -1 
vn 0 0.0629921 -1 
vn 0 0.0551181 -1 
vn -0.944882 0.181102 -0.267717 
vn 0 -0.417323 -0.905512 
vn 0 -0.692913 -0.724409 
vn -0.377953 -0.677165 -0.629921 
vn -0.952756 -0.015748 -0.314961 
vn -0.377953 -0.669291 -0.637795 
vn -0.511811 -0.267717 -0.818898 
vn -0.92126 -0.015748 -0.385827 
vn -0.976378 0.204724 0 
vn -0.992126 0.141732 0 
vn 0 0.425197 -0.905512 
vn 0 0.433071 -0.905512 
vn -0.92126 0.0629921 -0.393701 
vn 0 0.299213 -0.952756 
vn 0.370079 0.141732 -0.92126 
vn 0.346457 0.354331 -0.866142 
vn 0.370079 -0.102362 -0.92126 
vn -0.464567 0.472441 -0.748031 
vn -0.456693 0.488189 -0.740157 
vn -0.00787402 0.748031 -0.661417 
vn 0 0.76378 -0.645669 
vn 0.314961 0.582677 -0.755906 
vn 0.307087 0.574803 -0.76378 
vn -0.944882 0.181102 -0.267717 
vn -0.929134 0.370079 0 
vn -0.952756 -0.015748 -0.314961 
vn -0.92126 0.385827 0 
vn -0.929134 0.377953 0.0314961 
vn 0.76378 -0.00787402 0.645669 
vn 0.984252 0.165354 0 
vn 0.92126 0.377953 0 
vn 0.929134 0.377953 -0.015748 
vn 0.984252 0.173228 -0.0472441 
vn 0.968504 0.125984 -0.220472 
vn 0.779528 0.354331 -0.519685 
vn 0.598425 0.692913 -0.401575 
vn 0.748031 0.440945 -0.496063 
vn 0 0.0629921 -1 
vn 0 0.0629921 -1 
vn -1 0.0787402 0 
vn -1 0.0787402 0 
vn -1 0.0787402 0 
vn -1 0.0787402 0 
vn -0.0629921 -1 0.0472441 
vn -0.0472441 -1 -0.00787402 
vn 1 0.0708661 0 
vn 1 0.0708661 -0.015748 
vn 0.992126 0.133858 -0.00787402 
vn 1 0.0787402 -0.023622 
vn 0.818898 0.15748 -0.543307 
vn 0.818898 0.19685 -0.543307 
vn 1 0.0866142 0 
vn 0.992126 0.0866142 -0.00787402 
vn 0.015748 -1 0 
vn 0.023622 -1 0 
vn 0.015748 -1 0.00787402 
vn -0.259843 0.433071 -0.866142 
vn -0.204724 0.692913 -0.692913 
vn -0.275591 0.291339 -0.913386 
vn 0 0.0787402 -1 
vn 0.787402 0.314961 -0.527559 
vn 0.795276 0.322835 -0.519685 
vn -0.322835 -0.102362 -0.937008 
vn -0.370079 -0.244094 -0.897638 
vn 0 0.417323 -0.905512 
vn 0.00787402 0.748031 -0.661417 
vn 0 0.740157 -0.669291 
vn 0 0.362205 -0.929134 
vn -0.00787402 0.0314961 -1 
vn -0.015748 0.0629921 -1 
vn -0.582677 -0.527559 -0.622047 
vn -0.472441 -0.425197 -0.771654 
vn 0.850394 0.165354 -0.503937 
vn 0.685039 0.204724 -0.700787 
vn -0.133858 -0.984252 -0.0708661 
vn -0.023622 0.0944882 -0.992126 
vn 0 -0.929134 -0.377953 
vn -0.133858 -0.984252 -0.0708661 
vn -0.0629921 0.0393701 -1 
vn 0.850394 0.165354 -0.503937 
vn -0.0472441 -0.0393701 -1 
vn 0.0314961 -0.11811 -0.992126 
vn -0.015748 -0.173228 -0.984252 
vn 0 0.015748 -1 
vn -0.00787402 -0.23622 -0.968504 
vn 0.141732 0.204724 -0.968504 
vn 0.015748 0.11811 -0.992126 
vn 0.0629921 0.23622 -0.968504 
vn 0 -0.929134 -0.377953 
vn -0.023622 -0.362205 -0.929134 
vn 0.00787402 0.0629921 -1 
vn 0.015748 0.102362 -0.992126 
vn 0 0.433071 -0.905512 
vn 0 0.76378 -0.645669 
vn 0 0.433071 -0.905512 
vn 0 0.76378 -0.645669 
vn -0.00787402 -0.023622 -1 
vn 0 0.0629921 -1 
vn -0.354331 -0.653543 -0.669291 
vn -0.212598 -0.771654 -0.606299 
vn 0.0472441 -0.834646 -0.551181 
vn 0.015748 -0.84252 -0.535433 
vn 0.11811 -0.92126 -0.377953 
vn 0.133858 -0.858268 -0.496063 
vn 0.125984 -0.858268 -0.488189 
vn -0.11811 -0.984252 -0.149606 
vn -0.0866142 -0.992126 -0.102362 
vn 0 -0.433071 0.897638 
vn 0 -0.220472 0.976378 
vn 0 0.0393701 1 
vn 0 0.283465 0.96063 
vn 0 0.275591 0.96063 
vn 0 0.0393701 1 
vn 0 0.519685 0.850394 
vn 0 0.503937 0.866142 
vn -0.015748 0.968504 0.23622 
vn 0.0393701 0.708661 0.708661 
vn 0 -0.220472 0.976378 
vn 0 -0.433071 0.905512 
vn -0.952756 -0.283465 0.0708661 
vn -0.992126 -0.11811 0.0708661 
vn -1 0 0.0708661 
vn -0.992126 0.0944882 0.023622 
vn -0.976378 0.188976 0.0629921 
vn 0 0.23622 0.976378 
vn 0 0.0393701 1 
vn -0.929134 0.0472441 0.354331 
vn 0 0.503937 0.866142 
vn -0.669291 -0.188976 0.724409 
vn -0.677165 -0.00787402 0.732283 
vn -0.669291 -0.00787402 0.740157 
vn -0.661417 -0.251969 0.700787 
vn -0.622047 -0.401575 0.669291 
vn -0.929134 0.0472441 0.354331 
vn -0.653543 0.291339 0.692913 
vn -0.188976 0.0708661 0.976378 
vn -0.566929 0.559055 0.606299 
vn -0.629921 0.338583 0.700787 
vn -0.590551 0.181102 0.787402 
vn -0.566929 0.220472 0.795276 
vn 0.322835 0.141732 0.937008 
vn 0.220472 -0.19685 0.952756 
vn 0.23622 -0.125984 0.96063 
vn 0.322835 0.228346 0.92126 
vn 0.299213 0.417323 0.858268 
vn 0.299213 0.409449 0.858268 
vn 0.322835 -0.212598 0.92126 
vn 0.307087 -0.377953 0.874016 
vn 0.330709 -0.228346 0.913386 
vn 1 0.0472441 0 
vn 1 0.0708661 0 
vn 1 0.0708661 0 
vn 0.015748 -1 -0.00787402 
vn 0.0393701 -0.913386 0.401575 
vn 0.0472441 -1 -0.0551181 
vn 0.716535 -0.700787 -0.023622 
vn -0.0708661 -0.779528 0.622047 
vn -0.0472441 -0.84252 0.535433 
vn 0.716535 -0.700787 -0.023622 
vn 0.984252 0.133858 0.11811 
vn 0 0.0472441 1 
vn 0 0.0629921 1 
vn -0.015748 0.661417 0.755906 
vn -0.0314961 0.661417 0.748031 
vn -0.015748 0.661417 0.748031 
vn -0.748031 0.141732 0.645669 
vn -0.748031 0.141732 0.645669 
vn -1 0.0708661 0 
vn 0 0.0551181 1 
vn 0 0.0551181 1 
vn 0.220472 -0.275591 0.937008 
vn 0.0393701 -0.913386 0.401575 
vn 0.00787402 -0.409449 0.913386 
vn 0 0.283465 0.96063 
vn 0 0.519685 0.850394 
vn 0 -0.448819 0.897638 
vn 0.76378 -0.00787402 0.645669 
vn 0 -0.433071 0.897638 
vn -0.015748 0.125984 0.992126 
vn -0.00787402 0.0393701 1 
vn 0 0.23622 0.968504 
vn 0 0.267717 0.96063 
vn 0.748031 0.165354 0.637795 
vn 0 0.503937 0.866142 
vn 0 0.283465 0.96063 
vn 0 0.519685 0.850394 
vn 0 0.0629921 1 
vn 0 0.0393701 1 
vn 0 0.0629921 1 
vn 0.023622 -0.708661 0.708661 
vn 0.023622 -1 0 
vn -0.023622 0.574803 0.818898 
vn -0.023622 0.559055 0.826772 
vn 0 0.0708661 1 
vn 0.023622 -0.708661 0.708661 
vn -0.0472441 0.346457 0.937008 
vn 0 0.0393701 1 
vn 0 0.0551181 1 
vn 0.023622 0.110236 0.992126 
vn 0 0.0551181 1 
vn 0.984252 0.133858 0.11811 
vn -0.464567 0.0629921 0.88189 
vn 0.0393701 0.464567 0.889764 
vn -0.0708661 -0.779528 0.622047 
vn 0.00787402 0.0314961 1 
vn 0 0.0551181 1 
vn 0 0.0551181 1 
vn 0.322835 -0.425197 0.850394 
vn 0 0.0551181 1 
vn 0.283465 -0.299213 0.913386 
vn 0 0.0551181 1 
vn 0.00787402 0.433071 0.905512 
vn -0.0472441 -0.84252 0.535433 
vn -0.00787402 -0.629921 0.771654 
vn 0.11811 -0.968504 -0.212598 
vn 0.11811 -0.968504 -0.212598 
vn 0.0708661 -0.976378 -0.212598 
vn 0.110236 -0.968504 -0.212598 
vn 0.110236 -0.968504 -0.212598 
vn 0.0944882 -0.968504 -0.212598 
vn 0.0944882 -0.976378 -0.212598 
vn -0.228346 -0.952756 -0.204724 
vn -0.480315 -0.858268 -0.188976 
vn -0.228346 -0.952756 -0.204724 
vn -0.433071 -0.88189 -0.188976 
vn -0.023622 -0.976378 -0.212598 
vn 0.314961 -0.929134 -0.204724 
vn -0.385827 -0.905512 -0.19685 
vn 0.307087 -0.929134 -0.204724 
vn -0.015748 -0.976378 -0.212598 
vn -1 -0.0314961 -0.015748 
vn -1 -0.0393701 -0.0314961 
vn -1 -0.0551181 -0.015748 
vn -1 -0.0629921 -0.023622 
vn -1 -0.0551181 -0.00787402 
vn -0.92126 -0.015748 -0.385827 
vn 0 0 1 
vn 0 0 1 
vn -1 -0.00787402 0.0314961 
vn -1 -0.023622 0.0551181 
vn -0.637795 -0.023622 0.771654 
vn -0.80315 0.291339 0.519685 
vn 0.385827 0.00787402 0.92126 
vn 0.393701 0.00787402 0.92126 
vn -1 -0.0314961 0 
vn -0.952756 0.307087 0.023622 
vn -0.952756 0.291339 0.0393701 
vn -1 -0.0551181 0.0393701 
vn -0.716535 0.700787 -0.015748 
vn -1 -0.0472441 0 
vn -1 -0.0551181 0 
vn -0.00787402 -0.0393701 1 
vn 0 0.401575 0.913386 
vn 0 0.401575 0.913386 
vn 0 0.401575 0.913386 
vn 0 0 1 
vn 0 -0.0393701 1 
vn 0.0393701 0.708661 0.708661 
vn -0.818898 -0.110236 0.559055 
vn 0 -0.0393701 1 
vn -0.80315 0.291339 0.519685 
vn -0.787402 0.614173 0.0944882 
vn -1 -0.0708661 0.0551181 
vn -0.818898 -0.110236 0.559055 
vn -0.645669 -0.11811 0.755906 
vn -0.015748 0.968504 0.23622 
vn -0.645669 -0.125984 0.748031 
vn -0.496063 0.559055 0.669291 
vn -0.496063 0.559055 0.669291 
vn -0.496063 0.559055 0.669291 
vn -0.488189 0.606299 0.622047 
vn -0.488189 0.606299 0.622047 
vn -0.488189 0.606299 0.622047 
vn 0.385827 0.0551181 0.92126 
vn 0.385827 0.0551181 0.92126 
vn 0.377953 0.370079 0.850394 
vn 0.377953 0.370079 0.850394 
vn 0.377953 0.370079 0.850394 
vn 0.354331 0.425197 0.834646 
vn 0.354331 0.425197 0.834646 
vn 0.354331 0.425197 0.834646 
vn 0.362205 0.133858 0.92126 
vn 0.370079 0.0944882 0.92126 
vn -0.0629921 -0.165354 0.984252 
vn 0.370079 -0.102362 0.92126 
vn 0.346457 -0.204724 0.913386 
vn -0.606299 -0.338583 0.716535 
vn -0.551181 -0.472441 0.685039 
vn -0.968504 -0.244094 0.0472441 
vn -0.937008 -0.330709 0.0708661 
vn -0.88189 -0.464567 0.0708661 
vn -0.740157 -0.669291 0.0787402 
vn -0.488189 -0.677165 0.551181 
vn -0.401575 -0.76378 0.511811 
vn 0.314961 -0.409449 0.858268 
vn 0.307087 -0.354331 0.88189 
vn -0.212598 -0.440945 0.874016 
vn 0.0393701 -0.889764 -0.448819 
vn 0.015748 -1 0.0393701 
vn 0.110236 -0.244094 -0.96063 
vn 0.0472441 -0.15748 -0.984252 
vn 0.0629921 -0.496063 -0.866142 
vn 0 0.110236 -0.992126 
vn 0.0629921 -0.15748 -0.984252 
vn 0.0393701 -0.889764 -0.448819 
vn 0.110236 -0.275591 -0.952756 
vn 0.188976 -0.692913 -0.700787 
vn 0.188976 -0.692913 -0.700787 
vn 0.0314961 -0.267717 -0.96063 
vn -0.244094 -0.685039 -0.685039 
vn -0.133858 -0.559055 -0.818898 
vn 0.0551181 0.00787402 -1 
vn 0.204724 -0.866142 -0.456693 
vn 0.0472441 0.433071 0.897638 
vn 0.023622 0.377953 0.929134 
vn -0.00787402 0.377953 0.929134 
vn -0.00787402 0.417323 0.905512 
vn 0 0.401575 0.913386 
vn 0.0314961 0.370079 0.929134 
vn -0.015748 0.511811 0.858268 
vn 0.0393701 0.417323 0.905512 
vn 0.0551181 0.448819 0.889764 
vn 0.00787402 0.448819 0.897638 
vn -0.015748 0.401575 0.913386 
vn -0.015748 0.409449 0.913386 
vn 0.015748 0.417323 0.913386 
vn 0.0629921 0.362205 0.929134 
vn 0.0393701 0.354331 0.937008 
vn 0 0.456693 0.889764 
vn 0 0.448819 0.897638 
vn 0 0.456693 0.889764 
vn 0.00787402 0.417323 0.913386 
vn 0.015748 0.377953 0.929134 
vn -0.0472441 -0.433071 -0.897638 
vn 0.00787402 -0.417323 -0.905512 
vn 0.00787402 -0.377953 -0.929134 
vn -0.023622 -0.377953 -0.929134 
vn -0.0314961 -0.370079 -0.929134 
vn 0 -0.401575 -0.913386 
vn -0.0393701 -0.417323 -0.905512 
vn 0.015748 -0.511811 -0.858268 
vn -0.00787402 -0.448819 -0.897638 
vn -0.0551181 -0.448819 -0.889764 
vn 0.015748 -0.409449 -0.913386 
vn 0.015748 -0.401575 -0.913386 
vn -0.015748 -0.417323 -0.913386 
vn -0.0629921 -0.362205 -0.929134 
vn -0.0393701 -0.354331 -0.937008 
vn 0 -0.440945 -0.897638 
vn 0.00787402 -0.456693 -0.889764 
vn 0.00787402 -0.472441 -0.88189 
vn -0.023622 -0.417323 -0.905512 
vn -0.0314961 -0.362205 -0.929134 
vn -0.015748 -0.905512 0.425197 
vn -0.0551181 -0.913386 0.401575 
vn -0.0551181 -0.913386 0.401575 
vn -0.015748 -0.905512 0.433071 
vn -1 -0.00787402 0.023622 
vn -1 -0.015748 0.0551181 
vn -1 -0.015748 0.0551181 
vn -1 -0.00787402 0.023622 
vn 0.0551181 -0.913386 0.409449 
vn 0.0629921 -0.913386 0.409449 
vn 0.0472441 -0.88189 0.464567 
vn 0.0393701 -0.889764 0.464567 
vn -0.11811 -0.866142 0.488189 
vn -0.11811 -0.866142 0.480315 
vn 1 0 -0.023622 
vn 1 0 -0.023622 
vn 1 0 -0.023622 
vn 1 0 -0.023622 
vn -1 -0.00787402 -0.00787402 
vn -1 -0.00787402 -0.00787402 
vn 1 -0.015748 -0.023622 
vn 1 -0.015748 -0.023622 
vn 0 0.952756 -0.307087 
vn 0 0.952756 -0.299213 
vn 0 0.992126 0.133858 
vn 0 0.992126 0.125984 
vn -0.937008 -0.338583 0.0472441 
vn -1 -0.015748 -0.00787402 
vn 0 0.952756 -0.307087 
vn 0 0.992126 0.133858 
vn 0 0.96063 -0.283465 
vn 0 0.984252 0.173228 
vn 0.937008 -0.338583 0.023622 
vn 1 -0.023622 -0.023622 
vn 0 0.96063 -0.267717 
vn 0 0.976378 0.204724 
vn 0 0.204724 -0.976378 
vn 0 0.204724 -0.976378 
vn 0 0.204724 -0.976378 
vn 0 0.204724 -0.976378 
vn -1 -0.00787402 -0.00787402 
vn -1 0 -0.00787402 
vn 0 0.456693 0.889764 
vn 0 0.456693 0.889764 
vn 0 0.212598 -0.976378 
vn 0 0.220472 -0.976378 
vn 0 0.440945 0.897638 
vn 0 0.251969 -0.968504 
vn 0 0.251969 -0.968504 
vn 0 0.409449 0.913386 
vn 0 0.275591 -0.96063 
vn 0 0.275591 -0.96063 
vn 0 0.385827 0.92126 
vn 1 -0.00787402 -0.00787402 
vn 1 -0.015748 -0.0314961 
vn 0 -0.992126 0.149606 
vn -0.937008 -0.338583 0.0472441 
vn 0 -0.992126 0.149606 
vn 0 -0.992126 0.149606 
vn -1 0 0 
vn -1 0 0 
vn 0 0.732283 -0.685039 
vn 0 0.732283 -0.685039 
vn 0 -0.992126 0.141732 
vn 0 -0.992126 0.133858 
vn 0 0.732283 -0.677165 
vn 0 -0.992126 0.11811 
vn 0 -0.992126 0.11811 
vn 0 0.732283 -0.685039 
vn 0.937008 -0.338583 0.023622 
vn 0 -0.992126 0.110236 
vn 0 0.732283 -0.685039 
vn 1 0 0 
vn 1 0 0.00787402 
vn 1 -0.00787402 0.0472441 
vn 1 -0.00787402 0.0472441 
vn 1 -0.00787402 0.0472441 
vn 1 -0.0472441 0.0708661 
vn 1 -0.0472441 0.0708661 
vn 1 -0.0472441 0.0708661 
vn 1 -0.023622 0.015748 
vn 1 -0.023622 0.015748 
vn 1 -0.023622 0.015748 
vn 1 -0.023622 0.015748 
vn 1 -0.023622 0.015748 
vn 1 -0.023622 0.015748 
vn 0.0551181 0.425197 -0.905512 
vn 0.0551181 0.425197 -0.905512 
vn 0.0551181 0.425197 -0.905512 
vn 0.0708661 0.425197 -0.905512 
vn 0.0708661 0.425197 -0.905512 
vn 0.0708661 0.425197 -0.905512 
vn 0.629921 0.661417 0.401575 
vn 0.629921 0.669291 0.393701 
vn 0.606299 0.677165 0.417323 
vn 0.637795 0.661417 0.401575 
vn 0.354331 -0.84252 -0.409449 
vn 0.023622 -0.858268 -0.511811 
vn 0.0551181 -0.866142 -0.503937 
vn 0.370079 -0.84252 -0.401575 
vn 0.850394 0.488189 0.181102 
vn 0.826772 0.519685 0.212598 
vn 0.968504 -0.110236 0.220472 
vn 0.968504 -0.110236 0.220472 
vn 0.968504 -0.110236 0.220472 
vn 0.937008 -0.181102 0.291339 
vn 0.937008 -0.181102 0.291339 
vn 0.937008 -0.181102 0.291339 
vn 0.0866142 -0.897638 -0.440945 
vn -0.0629921 -0.889764 -0.448819 
vn 0.992126 -0.0944882 0.0314961 
vn 0.992126 -0.0944882 0.0314961 
vn 0.992126 -0.0944882 0.0314961 
vn 0.992126 -0.0944882 0.0314961 
vn 0.992126 -0.0944882 0.0314961 
vn 0.992126 -0.0944882 0.0314961 
vn 0.992126 -0.0944882 0.0314961 
vn 0.992126 -0.0944882 0.0314961 
vn 0.992126 -0.0944882 0.0314961 
vn 0.992126 -0.0944882 0.0314961 
vn -0.0314961 -0.606299 -0.795276 
vn -0.0314961 -0.606299 -0.795276 
vn -0.0314961 -0.606299 -0.795276 
vn -0.0314961 -0.606299 -0.795276 
vn -0.0314961 -0.606299 -0.795276 
vn -0.0314961 -0.606299 -0.795276 
vn 0.0944882 0.834646 -0.535433 
vn 0.0944882 0.834646 -0.535433 
vn 0.0944882 0.834646 -0.535433 
vn 0.0944882 0.834646 -0.535433 
vn -0.0944882 -0.850394 0.519685 
vn -0.0944882 -0.850394 0.519685 
vn -0.0944882 -0.850394 0.519685 
vn -0.0944882 -0.850394 0.519685 
vn 0.0944882 0.834646 -0.535433 
vn 0.0944882 0.834646 -0.535433 
vn 0.0314961 0.606299 0.795276 
vn 0.0314961 0.606299 0.795276 
vn 0.0314961 0.606299 0.795276 
vn 0.0314961 0.606299 0.795276 
vn 0.0314961 0.606299 0.795276 
vn 0.0314961 0.606299 0.795276 
vn -0.0944882 -0.850394 0.519685 
vn -0.0944882 -0.850394 0.519685 
vn -0.992126 0.0551181 -0.110236 
vn -0.992126 0.0551181 -0.110236 
vn -0.992126 0.0551181 -0.110236 
vn -0.992126 0.0551181 -0.110236 
vn -0.992126 0.0551181 -0.110236 
vn -0.992126 0.0551181 -0.110236 
vn 0.0472441 -0.637795 -0.76378 
vn 0.0472441 -0.637795 -0.76378 
vn 0.0472441 -0.637795 -0.76378 
vn 0.0472441 -0.637795 -0.76378 
vn 0.0472441 -0.637795 -0.76378 
vn 0.0472441 -0.637795 -0.76378 
vn -0.110236 -0.708661 0.700787 
vn -0.110236 -0.708661 0.700787 
vn -0.110236 -0.708661 0.700787 
vn -0.110236 -0.708661 0.700787 
vn 0.110236 0.692913 -0.716535 
vn 0.110236 0.692913 -0.716535 
vn 0.110236 0.692913 -0.716535 
vn 0.110236 0.692913 -0.716535 
vn -0.110236 -0.708661 0.700787 
vn -0.110236 -0.708661 0.700787 
vn -0.0472441 0.637795 0.76378 
vn -0.0472441 0.637795 0.76378 
vn -0.0472441 0.637795 0.76378 
vn -0.0472441 0.637795 0.76378 
vn -0.0472441 0.637795 0.76378 
vn -0.0472441 0.637795 0.76378 
vn 0.110236 0.692913 -0.716535 
vn 0.110236 0.692913 -0.716535 
vn 1 0.0472441 0.00787402 
vn 1 0.0472441 0.00787402 
vn 1 0.0472441 0.00787402 
vn 1 0.0472441 0.00787402 
vn 1 0.0472441 0.00787402 
vn 1 0.0472441 0.00787402 
vn -0.023622 0.661417 -0.748031 
vn -0.023622 0.661417 -0.748031 
vn -0.023622 0.661417 -0.748031 
vn -0.023622 0.661417 -0.748031 
vn -0.023622 0.661417 -0.748031 
vn -0.023622 0.661417 -0.748031 
vn -0.0393701 0.692913 0.724409 
vn -0.0393701 0.692913 0.724409 
vn -0.0393701 0.692913 0.724409 
vn -0.0393701 0.692913 0.724409 
vn 0.0393701 -0.677165 -0.740157 
vn 0.0393701 -0.677165 -0.740157 
vn 0.0393701 -0.677165 -0.740157 
vn 0.0393701 -0.677165 -0.740157 
vn -0.0393701 0.692913 0.724409 
vn -0.0393701 0.692913 0.724409 
vn 0.023622 -0.661417 0.748031 
vn 0.023622 -0.661417 0.748031 
vn 0.023622 -0.661417 0.748031 
vn 0.023622 -0.661417 0.748031 
vn 0.023622 -0.661417 0.748031 
vn 0.023622 -0.661417 0.748031 
vn 0.0393701 -0.677165 -0.740157 
vn 0.0393701 -0.677165 -0.740157 

vt 0.506636 0.524617 
vt 0.506947 0.47585 
vt 0.554491 0.475634 
vt 0.555019 0.524537 
vt 0.604123 0.524127 
vt 0.603273 0.47467 
vt 0.651737 0.473813 
vt 0.651944 0.523789 
vt 0.506093 0.615723 
vt 0.50624 0.573707 
vt 0.555223 0.573835 
vt 0.555217 0.615845 
vt 0.604489 0.615891 
vt 0.604401 0.573696 
vt 0.652077 0.573568 
vt 0.654029 0.618261 
vt 0.353362 0.270841 
vt 0.391309 0.270854 
vt 0.391304 0.325279 
vt 0.353359 0.325281 
vt 0.353363 0.379725 
vt 0.391313 0.379706 
vt 0.391334 0.43424 
vt 0.353396 0.434233 
vt 0.353397 0.216331 
vt 0.305575 0.216386 
vt 0.305575 0.161948 
vt 0.353393 0.161883 
vt 0.305576 0.325283 
vt 0.305575 0.270839 
vt 0.259126 0.325284 
vt 0.259121 0.270843 
vt 0.259335 0.777912 
vt 0.25807 0.847624 
vt 0.197587 0.845224 
vt 0.198934 0.775869 
vt 0.200638 0.696084 
vt 0.259839 0.698168 
vt 0.260276 0.708537 
vt 0.200361 0.706563 
vt 0.0130515 0.376379 
vt 0.0130104 0.334603 
vt 0.0455733 0.334649 
vt 0.0455753 0.376376 
vt 0.0456 0.425748 
vt 0.0130726 0.425753 
vt 0.175746 0.376352 
vt 0.175731 0.425727 
vt 0.143197 0.425729 
vt 0.143189 0.376382 
vt 0.0455892 0.476533 
vt 0.0130695 0.47654 
vt 0.110665 0.425734 
vt 0.110671 0.476492 
vt 0.0781425 0.476502 
vt 0.0781327 0.425741 
vt 0.175754 0.476514 
vt 0.143199 0.47649 
vt 0.408058 0.184613 
vt 0.408166 0.136118 
vt 0.44501 0.137248 
vt 0.443701 0.185486 
vt 0.406007 0.277196 
vt 0.407667 0.232838 
vt 0.442918 0.233603 
vt 0.441281 0.277148 
vt 0.507693 0.468947 
vt 0.554393 0.468427 
vt 0.699843 0.473274 
vt 0.699952 0.52356 
vt 0.699862 0.573613 
vt 0.604401 0.664551 
vt 0.555166 0.664361 
vt 0.506061 0.664266 
vt 0.701672 0.619661 
vt 0.703449 0.672163 
vt 0.653885 0.668361 
vt 0.391395 0.488775 
vt 0.353395 0.488677 
vt 0.305577 0.379726 
vt 0.259124 0.379724 
vt 0.13723 0.84314 
vt 0.138364 0.773776 
vt 0.139629 0.704177 
vt 0.140478 0.693686 
vt 0.529376 0.137227 
vt 0.487791 0.138297 
vt 0.486557 0.130392 
vt 0.526484 0.130068 
vt 0.445864 0.130183 
vt 0.410319 0.12967 
vt 0.530528 0.186928 
vt 0.487697 0.186473 
vt 0.487296 0.234689 
vt 0.486832 0.276376 
vt 0.440512 0.325873 
vt 0.4042 0.327819 
vt 0.657578 0.0866512 
vt 0.657166 0.0629944 
vt 0.701792 0.0587623 
vt 0.702044 0.0833924 
vt 0.700289 0.135964 
vt 0.658353 0.139123 
vt 0.659634 0.131251 
vt 0.699625 0.129482 
vt 0.658531 0.187199 
vt 0.702308 0.185715 
vt 0.196368 0.904037 
vt 0.136204 0.902114 
vt 0.256688 0.907134 
vt 0.256009 0.932549 
vt 0.195861 0.926143 
vt 0.135758 0.92544 
vt 0.530425 0.235631 
vt 0.305577 0.434176 
vt 0.259088 0.434233 
vt 0.305578 0.488615 
vt 0.486171 0.324305 
vt 0.259084 0.216331 
vt 0.259093 0.48868 
vt 0.219842 0.270858 
vt 0.219809 0.216325 
vt 0.219845 0.379713 
vt 0.219847 0.325286 
vt 0.21976 0.488783 
vt 0.219814 0.434245 
vt 0.256009 0.932549 
vt 0.255273 0.945658 
vt 0.195442 0.939262 
vt 0.195861 0.926143 
vt 0.135569 0.936792 
vt 0.135758 0.92544 
vt 0.075345 0.935212 
vt 0.0757852 0.922068 
vt 0.254286 0.970116 
vt 0.194582 0.965544 
vt 0.195442 0.939262 
vt 0.255273 0.945658 
vt 0.134879 0.963853 
vt 0.135569 0.936792 
vt 0.0747062 0.965536 
vt 0.075345 0.935212 
vt 0.259089 0.161883 
vt 0.254286 0.970116 
vt 0.311795 0.981962 
vt 0.311733 0.991911 
vt 0.253832 0.982666 
vt 0.194582 0.965544 
vt 0.194189 0.980014 
vt 0.134879 0.963853 
vt 0.134533 0.976968 
vt 0.0747062 0.965536 
vt 0.0743844 0.979043 
vt 0.0136863 0.966789 
vt 0.0140688 0.981046 
vt 0.53062 0.320573 
vt 0.57046 0.323836 
vt 0.568096 0.333252 
vt 0.530489 0.329172 
vt 0.486171 0.324305 
vt 0.317506 0.779375 
vt 0.31631 0.849711 
vt 0.61443 0.0860006 
vt 0.613937 0.0618575 
vt 0.316878 0.912974 
vt 0.315074 0.951692 
vt 0.315074 0.951692 
vt 0.312667 0.966823 
vt 0.358928 0.9921 
vt 0.311795 0.981962 
vt 0.312667 0.966823 
vt 0.219772 0.171622 
vt 0.358928 0.9921 
vt 0.3596 0.780148 
vt 0.357406 0.851433 
vt 0.339826 0.8507 
vt 0.341745 0.779867 
vt 0.318205 0.709475 
vt 0.366797 0.917662 
vt 0.355252 0.916892 
vt 0.377356 0.994705 
vt 0.21976 0.161791 
vt 0.355252 0.916892 
vt 0.377356 0.994705 
vt 0.339826 0.8507 
vt 0.341745 0.779867 
vt 0.357406 0.851433 
vt 0.3596 0.780148 
vt 0.378436 0.780386 
vt 0.377714 0.853921 
vt 0.366797 0.917662 
vt 0.381244 0.917271 
vt 0.0804667 0.702555 
vt 0.081441 0.692635 
vt 0.0798675 0.772218 
vt 0.531117 0.279653 
vt 0.53062 0.320573 
vt 0.0136863 0.966789 
vt 0.0199074 0.927771 
vt 0.565716 0.296689 
vt 0.57046 0.323836 
vt 0.0793628 0.841268 
vt 0.0511925 0.771689 
vt 0.0529942 0.702176 
vt 0.054205 0.692028 
vt 0.558171 0.130576 
vt 0.561694 0.137203 
vt 0.560339 0.187272 
vt 0.0760837 0.902758 
vt 0.0757852 0.922068 
vt 0.0182352 0.905002 
vt 0.033951 0.840502 
vt 0.561151 0.236511 
vt 0.0199074 0.927771 
vt 0.0182352 0.905002 
vt 0.568939 0.281584 
vt 0.565716 0.296689 
vt 0.0266951 0.839832 
vt 0.0113319 0.83848 
vt 0.0332035 0.770995 
vt 0.0133118 0.769378 
vt 0.0349128 0.703058 
vt 0.0157032 0.701594 
vt 0.0341509 0.692022 
vt 0.0129672 0.695359 
vt 0.0349128 0.703058 
vt 0.0341509 0.692022 
vt 0.054205 0.692028 
vt 0.0529942 0.702176 
vt 0.0332035 0.770995 
vt 0.0511925 0.771689 
vt 0.0266951 0.839832 
vt 0.033951 0.840502 
vt 0.0182352 0.905002 
vt 0.700531 0.122986 
vt 0.658257 0.123816 
vt 0.48803 0.122906 
vt 0.444913 0.122753 
vt 0.443474 0.0836899 
vt 0.48813 0.0857388 
vt 0.52954 0.123953 
vt 0.531674 0.0842816 
vt 0.61663 0.138705 
vt 0.619677 0.131115 
vt 0.615893 0.187209 
vt 0.352928 0.700502 
vt 0.365018 0.701182 
vt 0.364534 0.712355 
vt 0.351947 0.710608 
vt 0.577897 0.0857321 
vt 0.577159 0.0604738 
vt 0.583286 0.187084 
vt 0.580913 0.13865 
vt 0.317481 0.699634 
vt 0.321507 0.634387 
vt 0.262081 0.634977 
vt 0.262982 0.601063 
vt 0.322064 0.599885 
vt 0.3796 0.598506 
vt 0.377912 0.633857 
vt 0.584871 0.131385 
vt 0.351947 0.710608 
vt 0.352928 0.700502 
vt 0.365018 0.701182 
vt 0.380087 0.702282 
vt 0.379068 0.710731 
vt 0.364534 0.712355 
vt 0.379068 0.710731 
vt 0.616433 0.124719 
vt 0.580441 0.125598 
vt 0.319183 0.689301 
vt 0.260662 0.688029 
vt 0.377912 0.633857 
vt 0.358213 0.691666 
vt 0.368005 0.690289 
vt 0.358213 0.691666 
vt 0.377912 0.633857 
vt 0.379471 0.690859 
vt 0.368005 0.690289 
vt 0.317481 0.699634 
vt 0.259839 0.698168 
vt 0.365018 0.701182 
vt 0.352928 0.700502 
vt 0.380087 0.702282 
vt 0.619677 0.131115 
vt 0.584871 0.131385 
vt 0.659634 0.131251 
vt 0.699625 0.129482 
vt 0.410319 0.12967 
vt 0.40792 0.122584 
vt 0.486557 0.130392 
vt 0.526484 0.130068 
vt 0.561911 0.124996 
vt 0.558171 0.130576 
vt 0.0342358 0.680538 
vt 0.0129672 0.695359 
vt 0.0153664 0.684167 
vt 0.322715 0.567206 
vt 0.381268 0.564739 
vt 0.576404 0.0365241 
vt 0.613588 0.0389515 
vt 0.656751 0.0405601 
vt 0.701213 0.0355028 
vt 0.208271 0.376342 
vt 0.208259 0.42572 
vt 0.488205 0.0619654 
vt 0.531914 0.0596597 
vt 0.566548 0.057123 
vt 0.563101 0.0831851 
vt 0.0106075 0.629308 
vt 0.0287501 0.626407 
vt 0.488243 0.0394013 
vt 0.53191 0.0363535 
vt 0.0781313 0.376394 
vt 0.11066 0.376392 
vt 0.0781327 0.33467 
vt 0.0515477 0.683303 
vt 0.0341509 0.692022 
vt 0.0342358 0.680538 
vt 0.263804 0.568931 
vt 0.0116053 0.59065 
vt 0.0212368 0.590237 
vt 0.0456976 0.62514 
vt 0.0287501 0.626407 
vt 0.0799358 0.682268 
vt 0.081441 0.692635 
vt 0.054205 0.692028 
vt 0.0515477 0.683303 
vt 0.0766433 0.622646 
vt 0.0456976 0.62514 
vt 0.0212368 0.590237 
vt 0.0300656 0.588601 
vt 0.569924 0.0324143 
vt 0.0113041 0.549664 
vt 0.0113041 0.549664 
vt 0.0300656 0.588601 
vt 0.175739 0.334622 
vt 0.208304 0.334565 
vt 0.035938 0.586114 
vt 0.0113041 0.549664 
vt 0.079077 0.549058 
vt 0.0788497 0.585283 
vt 0.07587 0.616283 
vt 0.085083 0.623152 
vt 0.0965438 0.58799 
vt 0.0837652 0.617223 
vt 0.139922 0.614556 
vt 0.121365 0.593337 
vt 0.079077 0.549058 
vt 0.122045 0.588814 
vt 0.202506 0.631645 
vt 0.203882 0.597864 
vt 0.200867 0.685652 
vt 0.200638 0.696084 
vt 0.140007 0.683263 
vt 0.140478 0.693686 
vt 0.148504 0.62698 
vt 0.140726 0.627335 
vt 0.0300656 0.588601 
vt 0.035938 0.586114 
vt 0.0766433 0.622646 
vt 0.07587 0.616283 
vt 0.0965438 0.58799 
vt 0.085083 0.623152 
vt 0.0837652 0.617223 
vt 0.121365 0.593337 
vt 0.122045 0.588814 
vt 0.463108 0.46824 
vt 0.462077 0.474411 
vt 0.507141 0.425011 
vt 0.506949 0.462068 
vt 0.461749 0.462062 
vt 0.460234 0.422385 
vt 0.507693 0.468947 
vt 0.463108 0.46824 
vt 0.391396 0.161779 
vt 0.391339 0.216319 
vt 0.44875 0.473499 
vt 0.449765 0.467834 
vt 0.731375 0.128865 
vt 0.733172 0.134608 
vt 0.734206 0.184997 
vt 0.734718 0.080785 
vt 0.733323 0.12308 
vt 0.448336 0.462677 
vt 0.437312 0.421364 
vt 0.731375 0.128865 
vt 0.449765 0.467834 
vt 0.43022 0.473215 
vt 0.431325 0.522631 
vt 0.408932 0.522017 
vt 0.409804 0.472385 
vt 0.430439 0.467239 
vt 0.409345 0.467393 
vt 0.430198 0.461427 
vt 0.430439 0.467239 
vt 0.409345 0.467393 
vt 0.409811 0.461041 
vt 0.424481 0.420651 
vt 0.411123 0.420034 
vt 0.430198 0.461427 
vt 0.424481 0.420651 
vt 0.437312 0.421364 
vt 0.448336 0.462677 
vt 0.430439 0.467239 
vt 0.449765 0.467834 
vt 0.43022 0.473215 
vt 0.449765 0.467834 
vt 0.44875 0.473499 
vt 0.407758 0.082188 
vt 0.407559 0.0566531 
vt 0.443435 0.0593249 
vt 0.0781523 0.516809 
vt 0.0455944 0.516842 
vt 0.0130345 0.516899 
vt 0.208273 0.476509 
vt 0.208316 0.516868 
vt 0.175756 0.516823 
vt 0.443544 0.0361996 
vt 0.407339 0.0324143 
vt 0.460731 0.397856 
vt 0.507283 0.401836 
vt 0.508567 0.377965 
vt 0.461508 0.374547 
vt 0.508277 0.370381 
vt 0.41282 0.393131 
vt 0.73822 0.054389 
vt 0.737833 0.0297912 
vt 0.461508 0.374547 
vt 0.413036 0.368423 
vt 0.41282 0.393131 
vt 0.461508 0.374547 
vt 0.507688 0.384992 
vt 0.554278 0.461233 
vt 0.554393 0.468427 
vt 0.602484 0.467377 
vt 0.698112 0.466118 
vt 0.650628 0.466688 
vt 0.654185 0.418793 
vt 0.700886 0.417817 
vt 0.700053 0.459024 
vt 0.65216 0.459572 
vt 0.698112 0.466118 
vt 0.650628 0.466688 
vt 0.603215 0.460042 
vt 0.602484 0.467377 
vt 0.551944 0.400987 
vt 0.553117 0.424033 
vt 0.584632 0.397291 
vt 0.143196 0.516798 
vt 0.110675 0.516801 
vt 0.552124 0.372009 
vt 0.552041 0.381495 
vt 0.550951 0.387065 
vt 0.601223 0.369617 
vt 0.585525 0.392857 
vt 0.601588 0.421697 
vt 0.600925 0.398251 
vt 0.658067 0.396636 
vt 0.699757 0.390327 
vt 0.696989 0.365498 
vt 0.654316 0.393338 
vt 0.654145 0.369356 
vt 0.696989 0.365498 
vt 0.640472 0.417025 
vt 0.638597 0.412614 
vt 0.630415 0.414285 
vt 0.611613 0.395261 
vt 0.654316 0.393338 
vt 0.628933 0.417413 
vt 0.610199 0.39889 
vt 0.601223 0.369617 
vt 0.654145 0.369356 
vt 0.60114 0.393662 
vt 0.507688 0.384992 
vt 0.461508 0.374547 
vt 0.508567 0.377965 
vt 0.550951 0.387065 
vt 0.552041 0.381495 
vt 0.584632 0.397291 
vt 0.585525 0.392857 
vt 0.696989 0.365498 
vt 0.658067 0.396636 
vt 0.654316 0.393338 
vt 0.640472 0.417025 
vt 0.628933 0.417413 
vt 0.630415 0.414285 
vt 0.638597 0.412614 
vt 0.610199 0.39889 
vt 0.600925 0.398251 
vt 0.615598 0.235128 
vt 0.583373 0.236405 
vt 0.613963 0.27862 
vt 0.582218 0.278789 
vt 0.613096 0.326788 
vt 0.575926 0.328858 
vt 0.460329 0.523645 
vt 0.450787 0.523302 
vt 0.702476 0.234816 
vt 0.735722 0.235349 
vt 0.427396 0.570508 
vt 0.409689 0.570946 
vt 0.431325 0.522631 
vt 0.450787 0.523302 
vt 0.659015 0.236014 
vt 0.699961 0.242388 
vt 0.702476 0.234816 
vt 0.703025 0.282226 
vt 0.701626 0.331176 
vt 0.656895 0.325313 
vt 0.658031 0.277842 
vt 0.458969 0.573024 
vt 0.458969 0.573024 
vt 0.443416 0.577179 
vt 0.444029 0.572027 
vt 0.444029 0.572027 
vt 0.456854 0.617913 
vt 0.456885 0.668033 
vt 0.407012 0.672163 
vt 0.437342 0.618468 
vt 0.735722 0.235349 
vt 0.73467 0.243778 
vt 0.735436 0.285459 
vt 0.73822 0.337486 
vt 0.422633 0.618665 
vt 0.407012 0.672163 
vt 0.407366 0.618474 
vt 0.429383 0.578692 
vt 0.41163 0.577449 
vt 0.409689 0.570946 
vt 0.409689 0.570946 
vt 0.427396 0.570508 
vt 0.429383 0.578692 
vt 0.444029 0.572027 
vt 0.427396 0.570508 
vt 0.443416 0.577179 
vt 0.429383 0.578692 
vt 0.427396 0.570508 
vt 0.427396 0.570508 
vt 0.444029 0.572027 
vt 0.443416 0.577179 
vt 0.422633 0.618665 
vt 0.437342 0.618468 
vt 0.442604 0.582476 
vt 0.426061 0.585598 
vt 0.442604 0.582476 
vt 0.408705 0.585708 
vt 0.426061 0.585598 
vt 0.702753 0.250119 
vt 0.735854 0.252593 
vt 0.699961 0.242388 
vt 0.73467 0.243778 
vt 0.41163 0.577449 
vt 0.429383 0.578692 
vt 0.429383 0.578692 
vt 0.443416 0.577179 
vt 0.443416 0.577179 
vt 0.110655 0.334666 
vt 0.143178 0.334657 
vt 0.14111 0.61112 
vt 0.143371 0.59239 
vt 0.145814 0.559184 
vt 0.205279 0.565807 
vt 0.159198 0.594459 
vt 0.205279 0.565807 
vt 0.156293 0.594079 
vt 0.205279 0.565807 
vt 0.159198 0.594459 
vt 0.147832 0.620324 
vt 0.14111 0.61112 
vt 0.139922 0.614556 
vt 0.156293 0.594079 
vt 0.147832 0.620324 
vt 0.396985 0.70371 
vt 0.456453 0.70371 
vt 0.456453 0.778206 
vt 0.396985 0.778206 
vt 0.528548 0.70371 
vt 0.528548 0.778206 
vt 0.602352 0.70371 
vt 0.602352 0.778206 
vt 0.659966 0.70371 
vt 0.659966 0.778206 
vt 0.456453 0.864424 
vt 0.396985 0.864424 
vt 0.528548 0.864424 
vt 0.602352 0.864424 
vt 0.659966 0.864424 
vt 0.456453 0.937316 
vt 0.396985 0.937714 
vt 0.528548 0.938696 
vt 0.602352 0.937924 
vt 0.659966 0.939638 
vt 0.74392 0.990744 
vt 0.724477 0.991931 
vt 0.724514 0.956204 
vt 0.74392 0.956773 
vt 0.72503 0.919822 
vt 0.74392 0.919135 
vt 0.724211 0.885542 
vt 0.74392 0.88474 
vt 0.723641 0.849346 
vt 0.74392 0.848832 
vt 0.702742 0.991366 
vt 0.702605 0.955531 
vt 0.703001 0.919782 
vt 0.701926 0.88474 
vt 0.701261 0.849634 
vt 0.679448 0.991921 
vt 0.679429 0.956213 
vt 0.679412 0.920514 
vt 0.679414 0.884787 
vt 0.679379 0.849058 
vt 0.391938 0.694594 
vt 0.456453 0.694594 
vt 0.456453 0.70371 
vt 0.396985 0.70371 
vt 0.391938 0.778206 
vt 0.391938 0.694594 
vt 0.396985 0.70371 
vt 0.396985 0.778206 
vt 0.528548 0.694594 
vt 0.528548 0.70371 
vt 0.602352 0.694594 
vt 0.602352 0.70371 
vt 0.668768 0.694594 
vt 0.659966 0.70371 
vt 0.668768 0.694594 
vt 0.668768 0.778206 
vt 0.659966 0.778206 
vt 0.659966 0.70371 
vt 0.391938 0.864424 
vt 0.396985 0.864424 
vt 0.668768 0.864424 
vt 0.659966 0.864424 
vt 0.456453 0.962423 
vt 0.396985 0.956143 
vt 0.396985 0.947738 
vt 0.456453 0.949422 
vt 0.391938 0.946123 
vt 0.396985 0.937714 
vt 0.528548 0.964532 
vt 0.528548 0.951625 
vt 0.602352 0.963496 
vt 0.602352 0.950751 
vt 0.668768 0.947488 
vt 0.659966 0.939638 
vt 0.659966 0.956957 
vt 0.659966 0.948477 
vt 0.456453 0.988362 
vt 0.391938 0.974724 
vt 0.396985 0.964702 
vt 0.456453 0.97542 
vt 0.396985 0.947738 
vt 0.396985 0.956143 
vt 0.456453 0.949422 
vt 0.396985 0.947738 
vt 0.528548 0.990568 
vt 0.528548 0.977499 
vt 0.528548 0.951625 
vt 0.602352 0.988323 
vt 0.602352 0.975947 
vt 0.602352 0.950751 
vt 0.668768 0.976308 
vt 0.659966 0.96633 
vt 0.659966 0.948477 
vt 0.659966 0.956957 
vt 0.659966 0.948477 
vt 0.679429 0.956213 
vt 0.679448 0.991921 
vt 0.674641 0.991925 
vt 0.674626 0.956216 
vt 0.396985 0.964702 
vt 0.391938 0.974724 
vt 0.456453 0.97542 
vt 0.396985 0.964702 
vt 0.679412 0.920514 
vt 0.674627 0.920509 
vt 0.528548 0.977499 
vt 0.679414 0.884787 
vt 0.67466 0.884784 
vt 0.602352 0.975947 
vt 0.679379 0.849058 
vt 0.674644 0.84906 
vt 0.659966 0.96633 
vt 0.668768 0.976308 
vt 0.659966 0.96633 
vt 0.0329906 0.0360411 
vt 0.18348 0.0360411 
vt 0.18348 0.162228 
vt 0.18348 0.162228 
vt 0.0329906 0.162228 
vt 0.0329906 0.0360411 
vt 0.18348 0.162228 
vt 0.18348 0.276631 
vt 0.0329906 0.276631 
vt 0.0329906 0.276631 
vt 0.0329906 0.162228 
vt 0.18348 0.162228 
vt 0.01432 0.0162072 
vt 0.200458 0.0162072 
vt 0.18348 0.0360411 
vt 0.18348 0.0360411 
vt 0.0329906 0.0360411 
vt 0.01432 0.0162072 
vt 0.200458 0.0162072 
vt 0.200458 0.162228 
vt 0.18348 0.162228 
vt 0.18348 0.0360411 
vt 0.01432 0.162228 
vt 0.01432 0.0162072 
vt 0.0329906 0.0360411 
vt 0.0329906 0.162228 
vt 0.200458 0.301344 
vt 0.18348 0.276631 
vt 0.200458 0.301344 
vt 0.01432 0.301344 
vt 0.0329906 0.276631 
vt 0.0329906 0.276631 
vt 0.18348 0.276631 
vt 0.200458 0.301344 
vt 0.01432 0.301344 
vt 0.0329906 0.276631 
vt 0.237781 0.11569 
vt 0.237781 0.0487312 
vt 0.310469 0.0487312 
vt 0.310469 0.11569 
vt 0.310469 0.0487312 
vt 0.374375 0.0487312 
vt 0.374375 0.11569 
vt 0.374375 0.11569 
vt 0.310469 0.11569 
vt 0.310469 0.0487312 
vt 0.216956 0.129377 
vt 0.216956 0.0348788 
vt 0.237781 0.0487312 
vt 0.237781 0.0487312 
vt 0.237781 0.11569 
vt 0.216956 0.129377 
vt 0.216956 0.0348788 
vt 0.30897 0.0348788 
vt 0.310469 0.0487312 
vt 0.237781 0.0487312 
vt 0.30897 0.129377 
vt 0.216956 0.129377 
vt 0.237781 0.11569 
vt 0.310469 0.11569 
vt 0.392679 0.0348787 
vt 0.374375 0.0487312 
vt 0.392679 0.0348787 
vt 0.392679 0.129377 
vt 0.374375 0.11569 
vt 0.374375 0.11569 
vt 0.374375 0.0487312 
vt 0.392679 0.0348787 
vt 0.392679 0.129377 
vt 0.374375 0.11569 
vt 0.237781 0.11569 
vt 0.237781 0.0487312 
vt 0.310469 0.0487312 
vt 0.310469 0.11569 
vt 0.374375 0.0487312 
vt 0.374375 0.11569 
vt 0.216956 0.129377 
vt 0.216956 0.0348788 
vt 0.237781 0.0487312 
vt 0.237781 0.0487312 
vt 0.237781 0.11569 
vt 0.216956 0.129377 
vt 0.216956 0.0348788 
vt 0.30897 0.0348788 
vt 0.310469 0.0487312 
vt 0.237781 0.0487312 
vt 0.30897 0.129377 
vt 0.216956 0.129377 
vt 0.237781 0.11569 
vt 0.310469 0.11569 
vt 0.392679 0.0348787 
vt 0.374375 0.0487312 
vt 0.392679 0.0348787 
vt 0.392679 0.129377 
vt 0.374375 0.11569 
vt 0.374375 0.11569 
vt 0.374375 0.0487312 
vt 0.392679 0.0348787 
vt 0.392679 0.129377 
vt 0.374375 0.11569 
vt 0.237781 0.11569 
vt 0.237781 0.0487312 
vt 0.310469 0.0487312 
vt 0.310469 0.11569 
vt 0.374375 0.0487312 
vt 0.374375 0.11569 
vt 0.216956 0.129377 
vt 0.216956 0.0348788 
vt 0.237781 0.0487312 
vt 0.237781 0.0487312 
vt 0.237781 0.11569 
vt 0.216956 0.129377 
vt 0.216956 0.0348788 
vt 0.30897 0.0348788 
vt 0.310469 0.0487312 
vt 0.237781 0.0487312 
vt 0.30897 0.129377 
vt 0.216956 0.129377 
vt 0.237781 0.11569 
vt 0.310469 0.11569 
vt 0.392679 0.0348787 
vt 0.374375 0.0487312 
vt 0.392679 0.0348787 
vt 0.392679 0.129377 
vt 0.374375 0.11569 
vt 0.374375 0.11569 
vt 0.374375 0.0487312 
vt 0.392679 0.0348787 
vt 0.392679 0.129377 
vt 0.374375 0.11569 

usemtl R6Troll5Mtl

f 3944/3944/3944 3945/3945/3945 3946/3946/3946 
f 3946/3946/3946 3947/3947/3947 3944/3944/3944 
f 3948/3948/3948 3949/3949/3949 3950/3950/3950 
f 3950/3950/3950 3951/3951/3951 3948/3948/3948 
f 3952/3952/3952 3953/3953/3953 3954/3954/3954 
f 3954/3954/3954 3955/3955/3955 3952/3952/3952 
f 3956/3956/3956 3957/3957/3957 3958/3958/3958 
f 3958/3958/3958 3959/3959/3959 3956/3956/3956 
f 3960/3960/3960 3961/3961/3961 3962/3962/3962 
f 3962/3962/3962 3963/3963/3963 3960/3960/3960 
f 3964/3964/3964 3965/3965/3965 3966/3966/3966 
f 3966/3966/3966 3967/3967/3967 3964/3964/3964 
f 3968/3968/3968 3969/3969/3969 3970/3970/3970 
f 3970/3970/3970 3971/3971/3971 3968/3968/3968 
f 3963/3963/3963 3972/3972/3972 3973/3973/3973 
f 3973/3973/3973 3960/3960/3960 3963/3963/3963 
f 3972/3972/3972 3974/3974/3974 3975/3975/3975 
f 3975/3975/3975 3973/3973/3973 3972/3972/3972 
f 3976/3976/3976 3977/3977/3977 3978/3978/3978 
f 3978/3978/3978 3979/3979/3979 3976/3976/3976 
f 3980/3980/3980 3981/3981/3981 3982/3982/3982 
f 3982/3982/3982 3983/3983/3983 3980/3980/3980 
f 3984/3984/3984 3985/3985/3985 3986/3986/3986 
f 3986/3986/3986 3987/3987/3987 3984/3984/3984 
f 3987/3987/3987 3988/3988/3988 3989/3989/3989 
f 3989/3989/3989 3984/3984/3984 3987/3987/3987 
f 3990/3990/3990 3991/3991/3991 3992/3992/3992 
f 3992/3992/3992 3993/3993/3993 3990/3990/3990 
f 3988/3988/3988 3994/3994/3994 3995/3995/3995 
f 3995/3995/3995 3989/3989/3989 3988/3988/3988 
f 3996/3996/3996 3997/3997/3997 3998/3998/3998 
f 3998/3998/3998 3999/3999/3999 3996/3996/3996 
f 3991/3991/3991 4000/4000/4000 4001/4001/4001 
f 4001/4001/4001 3992/3992/3992 3991/3991/3991 
f 4002/4002/4002 4003/4003/4003 4004/4004/4004 
f 4004/4004/4004 4005/4005/4005 4002/4002/4002 
f 4006/4006/4006 4007/4007/4007 4008/4008/4008 
f 4008/4008/4008 4009/4009/4009 4006/4006/4006 
f 3946/3946/3946 3945/3945/3945 4010/4010/4010 
f 4010/4010/4010 4011/4011/4011 3946/3946/3946 
f 3946/3946/3946 3949/3949/3949 3948/3948/3948 
f 3948/3948/3948 3947/3947/3947 3946/3946/3946 
f 3948/3948/3948 3957/3957/3957 3954/3954/3954 
f 3954/3954/3954 3947/3947/3947 3948/3948/3948 
f 3954/3954/3954 3953/3953/3953 3944/3944/3944 
f 3944/3944/3944 3947/3947/3947 3954/3954/3954 
f 3950/3950/3950 4012/4012/4012 4013/4013/4013 
f 4013/4013/4013 3951/3951/3951 3950/3950/3950 
f 4013/4013/4013 4014/4014/4014 3958/3958/3958 
f 3958/3958/3958 3951/3951/3951 4013/4013/4013 
f 3958/3958/3958 3957/3957/3957 3948/3948/3948 
f 3948/3948/3948 3951/3951/3951 3958/3958/3958 
f 3954/3954/3954 3957/3957/3957 3956/3956/3956 
f 3956/3956/3956 3955/3955/3955 3954/3954/3954 
f 3956/3956/3956 4015/4015/4015 4016/4016/4016 
f 4016/4016/4016 3955/3955/3955 3956/3956/3956 
f 4016/4016/4016 4017/4017/4017 3952/3952/3952 
f 3952/3952/3952 3955/3955/3955 4016/4016/4016 
f 3958/3958/3958 4014/4014/4014 4018/4018/4018 
f 4018/4018/4018 3959/3959/3959 3958/3958/3958 
f 4018/4018/4018 4019/4019/4019 4020/4020/4020 
f 4020/4020/4020 3959/3959/3959 4018/4018/4018 
f 4020/4020/4020 4015/4015/4015 3956/3956/3956 
f 3956/3956/3956 3959/3959/3959 4020/4020/4020 
f 3962/3962/3962 3965/3965/3965 3964/3964/3964 
f 3964/3964/3964 3963/3963/3963 3962/3962/3962 
f 3966/3966/3966 4021/4021/4021 4022/4022/4022 
f 4022/4022/4022 3967/3967/3967 3966/3966/3966 
f 3960/3960/3960 3973/3973/3973 3969/3969/3969 
f 3969/3969/3969 3968/3968/3968 3960/3960/3960 
f 3964/3964/3964 4023/4023/4023 3972/3972/3972 
f 3972/3972/3972 3963/3963/3963 3964/3964/3964 
f 4023/4023/4023 4024/4024/4024 3974/3974/3974 
f 3974/3974/3974 3972/3972/3972 4023/4023/4023 
f 3978/3978/3978 4025/4025/4025 4026/4026/4026 
f 4026/4026/4026 3979/3979/3979 3978/3978/3978 
f 4026/4026/4026 4027/4027/4027 3983/3983/3983 
f 3983/3983/3983 3979/3979/3979 4026/4026/4026 
f 3983/3983/3983 3982/3982/3982 3976/3976/3976 
f 3976/3976/3976 3979/3979/3979 3983/3983/3983 
f 3983/3983/3983 4027/4027/4027 4028/4028/4028 
f 4028/4028/4028 3980/3980/3980 3983/3983/3983 
f 3999/3999/3999 3998/3998/3998 3994/3994/3994 
f 3994/3994/3994 3988/3988/3988 3999/3999/3999 
f 3992/3992/3992 4001/4001/4001 3997/3997/3997 
f 3997/3997/3997 3996/3996/3996 3992/3992/3992 
f 4029/4029/4029 4030/4030/4030 4031/4031/4031 
f 4031/4031/4031 4032/4032/4032 4029/4029/4029 
f 4030/4030/4030 4004/4004/4004 4033/4033/4033 
f 4033/4033/4033 4031/4031/4031 4030/4030/4030 
f 4004/4004/4004 4003/4003/4003 4034/4034/4034 
f 4034/4034/4034 4033/4033/4033 4004/4004/4004 
f 4035/4035/4035 4036/4036/4036 4030/4030/4030 
f 4030/4030/4030 4029/4029/4029 4035/4035/4035 
f 4036/4036/4036 4005/4005/4005 4004/4004/4004 
f 4004/4004/4004 4030/4030/4030 4036/4036/4036 
f 4037/4037/4037 4008/4008/4008 4005/4005/4005 
f 4005/4005/4005 4036/4036/4036 4037/4037/4037 
f 4008/4008/4008 4007/4007/4007 4002/4002/4002 
f 4002/4002/4002 4005/4005/4005 4008/4008/4008 
f 4038/4038/4038 4009/4009/4009 4008/4008/4008 
f 4008/4008/4008 4037/4037/4037 4038/4038/4038 
f 4039/4039/4039 4040/4040/4040 4006/4006/4006 
f 4006/4006/4006 4009/4009/4009 4039/4039/4039 
f 4041/4041/4041 4042/4042/4042 4043/4043/4043 
f 4043/4043/4043 4044/4044/4044 4041/4041/4041 
f 4045/4045/4045 4046/4046/4046 4047/4047/4047 
f 4047/4047/4047 4048/4048/4048 4045/4045/4045 
f 4049/4049/4049 4046/4046/4046 4045/4045/4045 
f 4045/4045/4045 4050/4050/4050 4049/4049/4049 
f 4051/4051/4051 4052/4052/4052 4025/4025/4025 
f 4025/4025/4025 3978/3978/3978 4051/4051/4051 
f 4051/4051/4051 3978/3978/3978 3977/3977/3977 
f 3977/3977/3977 4053/4053/4053 4051/4051/4051 
f 4053/4053/4053 4054/4054/4054 4055/4055/4055 
f 4055/4055/4055 4051/4051/4051 4053/4053/4053 
f 4055/4055/4055 4056/4056/4056 4052/4052/4052 
f 4052/4052/4052 4051/4051/4051 4055/4055/4055 
f 4036/4036/4036 4035/4035/4035 4057/4057/4057 
f 4057/4057/4057 4037/4037/4037 4036/4036/4036 
f 3964/3964/3964 3967/3967/3967 4058/4058/4058 
f 4058/4058/4058 4023/4023/4023 3964/3964/3964 
f 4058/4058/4058 4059/4059/4059 4024/4024/4024 
f 4024/4024/4024 4023/4023/4023 4058/4058/4058 
f 4060/4060/4060 4058/4058/4058 3967/3967/3967 
f 3967/3967/3967 4022/4022/4022 4060/4060/4060 
f 4061/4061/4061 4039/4039/4039 4009/4009/4009 
f 4009/4009/4009 4038/4038/4038 4061/4061/4061 
f 3969/3969/3969 3973/3973/3973 3975/3975/3975 
f 3975/3975/3975 4062/4062/4062 3969/3969/3969 
f 4060/4060/4060 4063/4063/4063 4059/4059/4059 
f 4059/4059/4059 4058/4058/4058 4060/4060/4060 
f 4062/4062/4062 3975/3975/3975 4064/4064/4064 
f 4064/4064/4064 4065/4065/4065 4062/4062/4062 
f 4066/4066/4066 4067/4067/4067 3974/3974/3974 
f 3974/3974/3974 4024/4024/4024 4066/4066/4066 
f 4064/4064/4064 3975/3975/3975 3974/3974/3974 
f 3974/3974/3974 4067/4067/4067 4064/4064/4064 
f 4063/4063/4063 4068/4068/4068 4069/4069/4069 
f 4069/4069/4069 4059/4059/4059 4063/4063/4063 
f 4059/4059/4059 4069/4069/4069 4066/4066/4066 
f 4066/4066/4066 4024/4024/4024 4059/4059/4059 
f 4070/4070/4070 4071/4071/4071 4072/4072/4072 
f 4072/4072/4072 4073/4073/4073 4070/4070/4070 
f 4072/4072/4072 4074/4074/4074 4075/4075/4075 
f 4075/4075/4075 4073/4073/4073 4072/4072/4072 
f 4075/4075/4075 4074/4074/4074 4076/4076/4076 
f 4076/4076/4076 4077/4077/4077 4075/4075/4075 
f 4078/4078/4078 4079/4079/4079 4080/4080/4080 
f 4080/4080/4080 4081/4081/4081 4078/4078/4078 
f 4079/4079/4079 4082/4082/4082 4083/4083/4083 
f 4083/4083/4083 4080/4080/4080 4079/4079/4079 
f 4082/4082/4082 4084/4084/4084 4085/4085/4085 
f 4085/4085/4085 4083/4083/4083 4082/4082/4082 
f 3970/3970/3970 3969/3969/3969 4062/4062/4062 
f 4062/4062/4062 4086/4086/4086 3970/3970/3970 
f 4087/4087/4087 4088/4088/4088 4089/4089/4089 
f 4089/4089/4089 4090/4090/4090 4087/4087/4087 
f 4091/4091/4091 4087/4087/4087 4090/4090/4090 
f 4090/4090/4090 4092/4092/4092 4091/4091/4091 
f 4093/4093/4093 4091/4091/4091 4092/4092/4092 
f 4092/4092/4092 4094/4094/4094 4093/4093/4093 
f 4095/4095/4095 4093/4093/4093 4094/4094/4094 
f 4094/4094/4094 4096/4096/4096 4095/4095/4095 
f 4097/4097/4097 4095/4095/4095 4096/4096/4096 
f 4096/4096/4096 4098/4098/4098 4097/4097/4097 
f 4099/4099/4099 4100/4100/4100 4101/4101/4101 
f 4101/4101/4101 4102/4102/4102 4099/4099/4099 
f 4103/4103/4103 4099/4099/4099 4102/4102/4102 
f 4104/4104/4104 4105/4105/4105 3977/3977/3977 
f 3977/3977/3977 3976/3976/3976 4104/4104/4104 
f 4106/4106/4106 4107/4107/4107 4042/4042/4042 
f 4042/4042/4042 4041/4041/4041 4106/4106/4106 
f 4053/4053/4053 3977/3977/3977 4105/4105/4105 
f 4105/4105/4105 4108/4108/4108 4053/4053/4053 
f 4108/4108/4108 4109/4109/4109 4054/4054/4054 
f 4054/4054/4054 4053/4053/4053 4108/4108/4108 
f 4110/4110/4110 4111/4111/4111 4071/4071/4071 
f 4071/4071/4071 4070/4070/4070 4110/4110/4110 
f 4112/4112/4112 4113/4113/4113 4114/4114/4114 
f 4114/4114/4114 4113/4113/4113 4078/4078/4078 
f 4078/4078/4078 4081/4081/4081 4114/4114/4114 
f 4115/4115/4115 4086/4086/4086 4062/4062/4062 
f 4062/4062/4062 4065/4065/4065 4115/4115/4115 
f 4088/4088/4088 4116/4116/4116 4089/4089/4089 
f 4117/4117/4117 4118/4118/4118 4119/4119/4119 
f 4119/4119/4119 4120/4120/4120 4117/4117/4117 
f 4121/4121/4121 4104/4104/4104 3976/3976/3976 
f 3976/3976/3976 3982/3982/3982 4121/4121/4121 
f 4118/4118/4118 4122/4122/4122 4123/4123/4123 
f 4123/4123/4123 4119/4119/4119 4118/4118/4118 
f 4122/4122/4122 4124/4124/4124 4123/4123/4123 
f 4086/4086/4086 4115/4115/4115 4125/4125/4125 
f 4116/4116/4116 4111/4111/4111 4110/4110/4110 
f 4110/4110/4110 4124/4124/4124 4116/4116/4116 
f 4126/4126/4126 4127/4127/4127 4109/4109/4109 
f 4109/4109/4109 4108/4108/4108 4126/4126/4126 
f 4128/4128/4128 4126/4126/4126 4108/4108/4108 
f 4108/4108/4108 4105/4105/4105 4128/4128/4128 
f 4104/4104/4104 4129/4129/4129 4128/4128/4128 
f 4128/4128/4128 4105/4105/4105 4104/4104/4104 
f 4130/4130/4130 4131/4131/4131 4132/4132/4132 
f 4132/4132/4132 4133/4133/4133 4130/4130/4130 
f 4134/4134/4134 4130/4130/4130 4133/4133/4133 
f 4133/4133/4133 4135/4135/4135 4134/4134/4134 
f 4127/4127/4127 4134/4134/4134 4135/4135/4135 
f 4028/4028/4028 4027/4027/4027 4136/4136/4136 
f 4136/4136/4136 4137/4137/4137 4028/4028/4028 
f 4138/4138/4138 4136/4136/4136 4027/4027/4027 
f 4027/4027/4027 4026/4026/4026 4138/4138/4138 
f 4057/4057/4057 4139/4139/4139 4038/4038/4038 
f 4038/4038/4038 4037/4037/4037 4057/4057/4057 
f 4140/4140/4140 4103/4103/4103 4038/4038/4038 
f 4038/4038/4038 4139/4139/4139 4140/4140/4140 
f 4084/4084/4084 4141/4141/4141 4142/4142/4142 
f 4142/4142/4142 4085/4085/4085 4084/4084/4084 
f 4143/4143/4143 4144/4144/4144 4140/4140/4140 
f 4140/4140/4140 4139/4139/4139 4143/4143/4143 
f 4145/4145/4145 4138/4138/4138 4026/4026/4026 
f 4026/4026/4026 4025/4025/4025 4145/4145/4145 
f 4138/4138/4138 4146/4146/4146 4147/4147/4147 
f 4147/4147/4147 4136/4136/4136 4138/4138/4138 
f 4147/4147/4147 4148/4148/4148 4137/4137/4137 
f 4137/4137/4137 4136/4136/4136 4147/4147/4147 
f 4032/4032/4032 4149/4149/4149 4150/4150/4150 
f 4150/4150/4150 4029/4029/4029 4032/4032/4032 
f 4151/4151/4151 4035/4035/4035 4029/4029/4029 
f 4029/4029/4029 4150/4150/4150 4151/4151/4151 
f 4145/4145/4145 4025/4025/4025 4052/4052/4052 
f 4052/4052/4052 4152/4152/4152 4145/4145/4145 
f 4056/4056/4056 4153/4153/4153 4152/4152/4152 
f 4152/4152/4152 4052/4052/4052 4056/4056/4056 
f 4152/4152/4152 4154/4154/4154 4155/4155/4155 
f 4155/4155/4155 4145/4145/4145 4152/4152/4152 
f 4145/4145/4145 4155/4155/4155 4146/4146/4146 
f 4146/4146/4146 4138/4138/4138 4145/4145/4145 
f 4151/4151/4151 4156/4156/4156 4057/4057/4057 
f 4057/4057/4057 4035/4035/4035 4151/4151/4151 
f 4153/4153/4153 4154/4154/4154 4152/4152/4152 
f 4077/4077/4077 4076/4076/4076 4157/4157/4157 
f 4157/4157/4157 4158/4158/4158 4077/4077/4077 
f 4139/4139/4139 4057/4057/4057 4156/4156/4156 
f 4156/4156/4156 4159/4159/4159 4139/4139/4139 
f 4160/4160/4160 4139/4139/4139 4159/4159/4159 
f 4161/4161/4161 4158/4158/4158 4162/4162/4162 
f 4163/4163/4163 4161/4161/4161 4162/4162/4162 
f 4162/4162/4162 4164/4164/4164 4163/4163/4163 
f 4165/4165/4165 4163/4163/4163 4164/4164/4164 
f 4164/4164/4164 4166/4166/4166 4165/4165/4165 
f 4167/4167/4167 4165/4165/4165 4166/4166/4166 
f 4166/4166/4166 4168/4168/4168 4167/4167/4167 
f 4169/4169/4169 4170/4170/4170 4171/4171/4171 
f 4171/4171/4171 4172/4172/4172 4169/4169/4169 
f 4173/4173/4173 4169/4169/4169 4172/4172/4172 
f 4172/4172/4172 4174/4174/4174 4173/4173/4173 
f 4175/4175/4175 4173/4173/4173 4174/4174/4174 
f 4174/4174/4174 4176/4176/4176 4175/4175/4175 
f 4177/4177/4177 4175/4175/4175 4176/4176/4176 
f 4178/4178/4178 4179/4179/4179 4041/4041/4041 
f 4041/4041/4041 4044/4044/4044 4178/4178/4178 
f 4180/4180/4180 4181/4181/4181 4182/4182/4182 
f 4182/4182/4182 4183/4183/4183 4180/4180/4180 
f 4184/4184/4184 4180/4180/4180 4183/4183/4183 
f 4183/4183/4183 4185/4185/4185 4184/4184/4184 
f 4047/4047/4047 4046/4046/4046 4186/4186/4186 
f 4186/4186/4186 4187/4187/4187 4047/4047/4047 
f 4046/4046/4046 4049/4049/4049 4188/4188/4188 
f 4188/4188/4188 4186/4186/4186 4046/4046/4046 
f 4189/4189/4189 4190/4190/4190 4191/4191/4191 
f 4191/4191/4191 4192/4192/4192 4189/4189/4189 
f 4193/4193/4193 4194/4194/4194 4107/4107/4107 
f 4107/4107/4107 4106/4106/4106 4193/4193/4193 
f 4186/4186/4186 4188/4188/4188 4195/4195/4195 
f 4195/4195/4195 4196/4196/4196 4186/4186/4186 
f 4192/4192/4192 4191/4191/4191 4117/4117/4117 
f 4117/4117/4117 4120/4120/4120 4192/4192/4192 
f 4121/4121/4121 3982/3982/3982 3981/3981/3981 
f 3981/3981/3981 4197/4197/4197 4121/4121/4121 
f 4198/4198/4198 4199/4199/4199 4200/4200/4200 
f 4200/4200/4200 4201/4201/4201 4198/4198/4198 
f 4201/4201/4201 4202/4202/4202 4203/4203/4203 
f 4203/4203/4203 4198/4198/4198 4201/4201/4201 
f 4187/4187/4187 4186/4186/4186 4196/4196/4196 
f 4196/4196/4196 4204/4204/4204 4187/4187/4187 
f 4121/4121/4121 4205/4205/4205 4129/4129/4129 
f 4129/4129/4129 4104/4104/4104 4121/4121/4121 
f 4197/4197/4197 4206/4206/4206 4205/4205/4205 
f 4205/4205/4205 4121/4121/4121 4197/4197/4197 
f 4207/4207/4207 4208/4208/4208 4209/4209/4209 
f 4209/4209/4209 4210/4210/4210 4207/4207/4207 
f 4132/4132/4132 4131/4131/4131 4210/4210/4210 
f 4210/4210/4210 4211/4211/4211 4132/4132/4132 
f 4106/4106/4106 4212/4212/4212 4213/4213/4213 
f 4213/4213/4213 4193/4193/4193 4106/4106/4106 
f 4041/4041/4041 4179/4179/4179 4212/4212/4212 
f 4212/4212/4212 4106/4106/4106 4041/4041/4041 
f 4214/4214/4214 4215/4215/4215 4199/4199/4199 
f 4199/4199/4199 4198/4198/4198 4214/4214/4214 
f 4198/4198/4198 4216/4216/4216 4217/4217/4217 
f 4217/4217/4217 4214/4214/4214 4198/4198/4198 
f 4218/4218/4218 4219/4219/4219 4220/4220/4220 
f 4221/4221/4221 4222/4222/4222 4216/4216/4216 
f 4223/4223/4223 4224/4224/4224 4215/4215/4215 
f 4215/4215/4215 4214/4214/4214 4223/4223/4223 
f 4214/4214/4214 4217/4217/4217 4189/4189/4189 
f 4189/4189/4189 4223/4223/4223 4214/4214/4214 
f 4219/4219/4219 4218/4218/4218 4225/4225/4225 
f 4225/4225/4225 4226/4226/4226 4219/4219/4219 
f 4222/4222/4222 4221/4221/4221 4227/4227/4227 
f 4227/4227/4227 4190/4190/4190 4222/4222/4222 
f 4212/4212/4212 4228/4228/4228 4229/4229/4229 
f 4229/4229/4229 4213/4213/4213 4212/4212/4212 
f 4179/4179/4179 4230/4230/4230 4187/4187/4187 
f 4187/4187/4187 4212/4212/4212 4179/4179/4179 
f 4231/4231/4231 4230/4230/4230 4179/4179/4179 
f 4179/4179/4179 4178/4178/4178 4231/4231/4231 
f 4033/4033/4033 4232/4232/4232 4233/4233/4233 
f 4233/4233/4233 4181/4181/4181 4033/4033/4033 
f 4234/4234/4234 4033/4033/4033 4181/4181/4181 
f 4181/4181/4181 4180/4180/4180 4234/4234/4234 
f 4235/4235/4235 4031/4031/4031 4180/4180/4180 
f 4180/4180/4180 4184/4184/4184 4235/4235/4235 
f 4184/4184/4184 4236/4236/4236 4237/4237/4237 
f 4237/4237/4237 4235/4235/4235 4184/4184/4184 
f 4238/4238/4238 4170/4170/4170 4239/4239/4239 
f 4239/4239/4239 4240/4240/4240 4238/4238/4238 
f 4241/4241/4241 4242/4242/4242 4202/4202/4202 
f 4202/4202/4202 4201/4201/4201 4241/4241/4241 
f 4107/4107/4107 4194/4194/4194 4243/4243/4243 
f 4243/4243/4243 4244/4244/4244 4107/4107/4107 
f 4042/4042/4042 4107/4107/4107 4244/4244/4244 
f 4244/4244/4244 4245/4245/4245 4042/4042/4042 
f 4043/4043/4043 4042/4042/4042 4245/4245/4245 
f 4245/4245/4245 4246/4246/4246 4043/4043/4043 
f 3990/3990/3990 4247/4247/4247 4248/4248/4248 
f 4248/4248/4248 3991/3991/3991 3990/3990/3990 
f 4185/4185/4185 4183/4183/4183 4249/4249/4249 
f 4249/4249/4249 4250/4250/4250 4185/4185/4185 
f 4250/4250/4250 4251/4251/4251 4252/4252/4252 
f 4252/4252/4252 4185/4185/4185 4250/4250/4250 
f 4185/4185/4185 4252/4252/4252 4236/4236/4236 
f 4236/4236/4236 4184/4184/4184 4185/4185/4185 
f 4253/4253/4253 4254/4254/4254 4238/4238/4238 
f 4238/4238/4238 4240/4240/4240 4253/4253/4253 
f 4250/4250/4250 4249/4249/4249 4255/4255/4255 
f 4255/4255/4255 4256/4256/4256 4250/4250/4250 
f 4257/4257/4257 4258/4258/4258 3996/3996/3996 
f 3996/3996/3996 3999/3999/3999 4257/4257/4257 
f 3987/3987/3987 3986/3986/3986 4259/4259/4259 
f 4259/4259/4259 4257/4257/4257 3987/3987/3987 
f 3987/3987/3987 4257/4257/4257 3999/3999/3999 
f 3999/3999/3999 3988/3988/3988 3987/3987/3987 
f 4258/4258/4258 3993/3993/3993 3992/3992/3992 
f 3992/3992/3992 3996/3996/3996 4258/4258/4258 
f 4260/4260/4260 4148/4148/4148 4261/4261/4261 
f 4261/4261/4261 4262/4262/4262 4260/4260/4260 
f 4201/4201/4201 4200/4200/4200 4263/4263/4263 
f 4263/4263/4263 4241/4241/4241 4201/4201/4201 
f 4264/4264/4264 4265/4265/4265 4254/4254/4254 
f 4254/4254/4254 4253/4253/4253 4264/4264/4264 
f 4266/4266/4266 4260/4260/4260 4262/4262/4262 
f 4262/4262/4262 4267/4267/4267 4266/4266/4266 
f 4268/4268/4268 4269/4269/4269 4270/4270/4270 
f 4270/4270/4270 4271/4271/4271 4268/4268/4268 
f 4272/4272/4272 4268/4268/4268 4271/4271/4271 
f 4271/4271/4271 4273/4273/4273 4272/4272/4272 
f 4267/4267/4267 4274/4274/4274 4275/4275/4275 
f 4275/4275/4275 4266/4266/4266 4267/4267/4267 
f 4256/4256/4256 4276/4276/4276 4251/4251/4251 
f 4251/4251/4251 4250/4250/4250 4256/4256/4256 
f 4265/4265/4265 4264/4264/4264 4277/4277/4277 
f 4275/4275/4275 4274/4274/4274 4278/4278/4278 
f 4279/4279/4279 4272/4272/4272 4273/4273/4273 
f 4280/4280/4280 4281/4281/4281 4247/4247/4247 
f 4247/4247/4247 3990/3990/3990 4280/4280/4280 
f 4282/4282/4282 4283/4283/4283 4284/4284/4284 
f 4284/4284/4284 4285/4285/4285 4282/4282/4282 
f 4286/4286/4286 4282/4282/4282 4285/4285/4285 
f 4287/4287/4287 4268/4268/4268 4272/4272/4272 
f 4285/4285/4285 4288/4288/4288 4289/4289/4289 
f 4289/4289/4289 4286/4286/4286 4285/4285/4285 
f 4290/4290/4290 4287/4287/4287 4288/4288/4288 
f 4288/4288/4288 4291/4291/4291 4290/4290/4290 
f 4292/4292/4292 4288/4288/4288 4285/4285/4285 
f 4292/4292/4292 4293/4293/4293 4288/4288/4288 
f 4199/4199/4199 4294/4294/4294 4295/4295/4295 
f 4295/4295/4295 4200/4200/4200 4199/4199/4199 
f 4296/4296/4296 4294/4294/4294 4199/4199/4199 
f 4199/4199/4199 4215/4215/4215 4296/4296/4296 
f 4296/4296/4296 4215/4215/4215 4224/4224/4224 
f 4224/4224/4224 4297/4297/4297 4296/4296/4296 
f 4298/4298/4298 4299/4299/4299 4269/4269/4269 
f 4269/4269/4269 4268/4268/4268 4298/4298/4298 
f 4296/4296/4296 4297/4297/4297 4299/4299/4299 
f 4299/4299/4299 4298/4298/4298 4296/4296/4296 
f 4290/4290/4290 4300/4300/4300 4301/4301/4301 
f 4298/4298/4298 4268/4268/4268 4287/4287/4287 
f 4287/4287/4287 4301/4301/4301 4298/4298/4298 
f 4300/4300/4300 4298/4298/4298 4301/4301/4301 
f 4287/4287/4287 4290/4290/4290 4301/4301/4301 
f 4298/4298/4298 4300/4300/4300 4294/4294/4294 
f 4294/4294/4294 4296/4296/4296 4298/4298/4298 
f 4302/4302/4302 4277/4277/4277 4303/4303/4303 
f 4304/4304/4304 4302/4302/4302 4303/4303/4303 
f 4303/4303/4303 4305/4305/4305 4304/4304/4304 
f 4306/4306/4306 4307/4307/4307 4308/4308/4308 
f 4307/4307/4307 4304/4304/4304 4305/4305/4305 
f 4305/4305/4305 4308/4308/4308 4307/4307/4307 
f 4309/4309/4309 4306/4306/4306 4310/4310/4310 
f 4311/4311/4311 4010/4010/4010 3945/3945/3945 
f 3945/3945/3945 4312/4312/4312 4311/4311/4311 
f 4313/4313/4313 4314/4314/4314 4315/4315/4315 
f 4315/4315/4315 4316/4316/4316 4313/4313/4313 
f 4314/4314/4314 4317/4317/4317 4318/4318/4318 
f 4318/4318/4318 4315/4315/4315 4314/4314/4314 
f 3971/3971/3971 4319/4319/4319 4320/4320/4320 
f 4320/4320/4320 3968/3968/3968 3971/3971/3971 
f 4312/4312/4312 4321/4321/4321 4322/4322/4322 
f 4322/4322/4322 4311/4311/4311 4312/4312/4312 
f 3968/3968/3968 4320/4320/4320 3961/3961/3961 
f 3961/3961/3961 3960/3960/3960 3968/3968/3968 
f 4323/4323/4323 4324/4324/4324 4045/4045/4045 
f 4045/4045/4045 4048/4048/4048 4323/4323/4323 
f 4325/4325/4325 4050/4050/4050 4045/4045/4045 
f 4045/4045/4045 4324/4324/4324 4325/4325/4325 
f 4044/4044/4044 4326/4326/4326 4327/4327/4327 
f 4327/4327/4327 4178/4178/4178 4044/4044/4044 
f 4328/4328/4328 4329/4329/4329 4316/4316/4316 
f 4316/4316/4316 4315/4315/4315 4328/4328/4328 
f 4178/4178/4178 4327/4327/4327 4330/4330/4330 
f 4330/4330/4330 4231/4231/4231 4178/4178/4178 
f 4331/4331/4331 4328/4328/4328 4315/4315/4315 
f 4315/4315/4315 4318/4318/4318 4331/4331/4331 
f 4332/4332/4332 4333/4333/4333 4334/4334/4334 
f 4334/4334/4334 4335/4335/4335 4332/4332/4332 
f 4336/4336/4336 4332/4332/4332 4335/4335/4335 
f 4335/4335/4335 4337/4337/4337 4336/4336/4336 
f 4338/4338/4338 4339/4339/4339 4340/4340/4340 
f 4340/4340/4340 4341/4341/4341 4338/4338/4338 
f 4342/4342/4342 4338/4338/4338 4341/4341/4341 
f 4341/4341/4341 4343/4343/4343 4342/4342/4342 
f 4344/4344/4344 4345/4345/4345 4346/4346/4346 
f 4346/4346/4346 4347/4347/4347 4344/4344/4344 
f 4348/4348/4348 4344/4344/4344 4347/4347/4347 
f 4347/4347/4347 4349/4349/4349 4348/4348/4348 
f 4350/4350/4350 4339/4339/4339 4351/4351/4351 
f 4351/4351/4351 4352/4352/4352 4350/4350/4350 
f 4353/4353/4353 4354/4354/4354 4355/4355/4355 
f 4355/4355/4355 4182/4182/4182 4353/4353/4353 
f 3994/3994/3994 3998/3998/3998 4356/4356/4356 
f 4356/4356/4356 4357/4357/4357 3994/3994/3994 
f 4357/4357/4357 4358/4358/4358 3995/3995/3995 
f 3995/3995/3995 3994/3994/3994 4357/4357/4357 
f 3991/3991/3991 4248/4248/4248 4359/4359/4359 
f 4359/4359/4359 4000/4000/4000 3991/3991/3991 
f 4359/4359/4359 4360/4360/4360 4361/4361/4361 
f 4361/4361/4361 4000/4000/4000 4359/4359/4359 
f 4249/4249/4249 4183/4183/4183 4182/4182/4182 
f 4182/4182/4182 4355/4355/4355 4249/4249/4249 
f 4182/4182/4182 4181/4181/4181 4233/4233/4233 
f 4233/4233/4233 4353/4353/4353 4182/4182/4182 
f 4362/4362/4362 4355/4355/4355 4354/4354/4354 
f 4354/4354/4354 4363/4363/4363 4362/4362/4362 
f 4255/4255/4255 4249/4249/4249 4355/4355/4355 
f 4355/4355/4355 4362/4362/4362 4255/4255/4255 
f 4316/4316/4316 4364/4364/4364 4365/4365/4365 
f 4365/4365/4365 4313/4313/4313 4316/4316/4316 
f 4366/4366/4366 4367/4367/4367 4368/4368/4368 
f 4329/4329/4329 4369/4369/4369 4364/4364/4364 
f 4364/4364/4364 4316/4316/4316 4329/4329/4329 
f 4043/4043/4043 4370/4370/4370 4326/4326/4326 
f 4326/4326/4326 4044/4044/4044 4043/4043/4043 
f 4246/4246/4246 4371/4371/4371 4370/4370/4370 
f 4370/4370/4370 4043/4043/4043 4246/4246/4246 
f 4372/4372/4372 4364/4364/4364 4369/4369/4369 
f 4369/4369/4369 4373/4373/4373 4372/4372/4372 
f 4369/4369/4369 4342/4342/4342 4343/4343/4343 
f 4345/4345/4345 4374/4374/4374 4346/4346/4346 
f 4375/4375/4375 4376/4376/4376 4365/4365/4365 
f 4365/4365/4365 4364/4364/4364 4375/4375/4375 
f 4377/4377/4377 4378/4378/4378 4317/4317/4317 
f 4317/4317/4317 4314/4314/4314 4377/4377/4377 
f 4379/4379/4379 3949/3949/3949 3946/3946/3946 
f 3946/3946/3946 4011/4011/4011 4379/4379/4379 
f 4380/4380/4380 4012/4012/4012 3950/3950/3950 
f 3950/3950/3950 4381/4381/4381 4380/4380/4380 
f 4381/4381/4381 3950/3950/3950 3949/3949/3949 
f 3949/3949/3949 4379/4379/4379 4381/4381/4381 
f 4382/4382/4382 4383/4383/4383 4384/4384/4384 
f 4384/4384/4384 4385/4385/4385 4382/4382/4382 
f 4385/4385/4385 4384/4384/4384 4386/4386/4386 
f 4386/4386/4386 4387/4387/4387 4385/4385/4385 
f 4377/4377/4377 4388/4388/4388 4389/4389/4389 
f 4389/4389/4389 4378/4378/4378 4377/4377/4377 
f 4387/4387/4387 4389/4389/4389 4388/4388/4388 
f 4388/4388/4388 4385/4385/4385 4387/4387/4387 
f 4365/4365/4365 4390/4390/4390 4391/4391/4391 
f 4391/4391/4391 4313/4313/4313 4365/4365/4365 
f 4392/4392/4392 4391/4391/4391 4390/4390/4390 
f 4393/4393/4393 4394/4394/4394 3997/3997/3997 
f 3997/3997/3997 4001/4001/4001 4393/4393/4393 
f 4356/4356/4356 3998/3998/3998 3997/3997/3997 
f 3997/3997/3997 4394/4394/4394 4356/4356/4356 
f 4000/4000/4000 4361/4361/4361 4393/4393/4393 
f 4393/4393/4393 4001/4001/4001 4000/4000/4000 
f 4314/4314/4314 4313/4313/4313 4391/4391/4391 
f 4391/4391/4391 4377/4377/4377 4314/4314/4314 
f 4395/4395/4395 4396/4396/4396 4366/4366/4366 
f 4366/4366/4366 4368/4368/4368 4395/4395/4395 
f 4397/4397/4397 4392/4392/4392 4390/4390/4390 
f 4365/4365/4365 4376/4376/4376 4397/4397/4397 
f 4397/4397/4397 4390/4390/4390 4365/4365/4365 
f 4396/4396/4396 4395/4395/4395 4398/4398/4398 
f 4398/4398/4398 4399/4399/4399 4396/4396/4396 
f 4400/4400/4400 4391/4391/4391 4392/4392/4392 
f 4392/4392/4392 4401/4401/4401 4400/4400/4400 
f 4402/4402/4402 4403/4403/4403 4383/4383/4383 
f 4383/4383/4383 4382/4382/4382 4402/4402/4402 
f 4404/4404/4404 4405/4405/4405 4406/4406/4406 
f 4402/4402/4402 4407/4407/4407 4403/4403/4403 
f 4408/4408/4408 4402/4402/4402 4382/4382/4382 
f 4409/4409/4409 4410/4410/4410 4411/4411/4411 
f 4411/4411/4411 4412/4412/4412 4409/4409/4409 
f 4391/4391/4391 4400/4400/4400 4388/4388/4388 
f 4388/4388/4388 4377/4377/4377 4391/4391/4391 
f 4413/4413/4413 4408/4408/4408 4385/4385/4385 
f 4385/4385/4385 4388/4388/4388 4413/4413/4413 
f 4414/4414/4414 4413/4413/4413 4400/4400/4400 
f 4400/4400/4400 4401/4401/4401 4414/4414/4414 
f 4413/4413/4413 4388/4388/4388 4400/4400/4400 
f 4415/4415/4415 4416/4416/4416 4405/4405/4405 
f 4405/4405/4405 4411/4411/4411 4415/4415/4415 
f 4385/4385/4385 4408/4408/4408 4382/4382/4382 
f 4399/4399/4399 4398/4398/4398 4417/4417/4417 
f 4398/4398/4398 4411/4411/4411 4417/4417/4417 
f 4418/4418/4418 4419/4419/4419 4420/4420/4420 
f 4421/4421/4421 4376/4376/4376 4420/4420/4420 
f 4420/4420/4420 4422/4422/4422 4421/4421/4421 
f 4423/4423/4423 4421/4421/4421 4422/4422/4422 
f 4422/4422/4422 4424/4424/4424 4423/4423/4423 
f 4425/4425/4425 4426/4426/4426 4427/4427/4427 
f 4428/4428/4428 4429/4429/4429 4430/4430/4430 
f 4430/4430/4430 4431/4431/4431 4428/4428/4428 
f 4413/4413/4413 4432/4432/4432 4411/4411/4411 
f 4411/4411/4411 4430/4430/4430 4413/4413/4413 
f 4426/4426/4426 4428/4428/4428 4431/4431/4431 
f 4431/4431/4431 4405/4405/4405 4426/4426/4426 
f 4433/4433/4433 4423/4423/4423 4424/4424/4424 
f 4424/4424/4424 4417/4417/4417 4433/4433/4433 
f 4432/4432/4432 4433/4433/4433 4417/4417/4417 
f 4417/4417/4417 4411/4411/4411 4432/4432/4432 
f 4195/4195/4195 4188/4188/4188 4434/4434/4434 
f 4434/4434/4434 4435/4435/4435 4195/4195/4195 
f 4436/4436/4436 4437/4437/4437 4435/4435/4435 
f 4435/4435/4435 4434/4434/4434 4436/4436/4436 
f 4438/4438/4438 4439/4439/4439 4437/4437/4437 
f 4437/4437/4437 4436/4436/4436 4438/4438/4438 
f 3944/3944/3944 4440/4440/4440 4312/4312/4312 
f 4312/4312/4312 3945/3945/3945 3944/3944/3944 
f 4441/4441/4441 4321/4321/4321 4312/4312/4312 
f 4312/4312/4312 4440/4440/4440 4441/4441/4441 
f 4442/4442/4442 4050/4050/4050 4325/4325/4325 
f 4325/4325/4325 4443/4443/4443 4442/4442/4442 
f 4334/4334/4334 4333/4333/4333 4444/4444/4444 
f 4444/4444/4444 4445/4445/4445 4334/4334/4334 
f 4446/4446/4446 4350/4350/4350 4352/4352/4352 
f 4352/4352/4352 4447/4447/4447 4446/4446/4446 
f 4188/4188/4188 4049/4049/4049 4448/4448/4448 
f 4448/4448/4448 4434/4434/4434 4188/4188/4188 
f 4049/4049/4049 4050/4050/4050 4442/4442/4442 
f 4442/4442/4442 4448/4448/4448 4049/4049/4049 
f 4449/4449/4449 4448/4448/4448 4450/4450/4450 
f 4451/4451/4451 4452/4452/4452 4453/4453/4453 
f 4453/4453/4453 4454/4454/4454 4451/4451/4451 
f 4454/4454/4454 4436/4436/4436 4434/4434/4434 
f 4434/4434/4434 4448/4448/4448 4454/4454/4454 
f 4453/4453/4453 4438/4438/4438 4436/4436/4436 
f 4436/4436/4436 4454/4454/4454 4453/4453/4453 
f 3953/3953/3953 4455/4455/4455 4440/4440/4440 
f 4440/4440/4440 3944/3944/3944 3953/3953/3953 
f 4456/4456/4456 4457/4457/4457 4458/4458/4458 
f 4455/4455/4455 4459/4459/4459 4441/4441/4441 
f 4441/4441/4441 4440/4440/4440 4455/4455/4455 
f 4455/4455/4455 3953/3953/3953 3952/3952/3952 
f 3952/3952/3952 4460/4460/4460 4455/4455/4455 
f 4460/4460/4460 3952/3952/3952 4017/4017/4017 
f 4017/4017/4017 4461/4461/4461 4460/4460/4460 
f 4461/4461/4461 4462/4462/4462 4463/4463/4463 
f 4463/4463/4463 4460/4460/4460 4461/4461/4461 
f 4464/4464/4464 4465/4465/4465 4449/4449/4449 
f 4449/4449/4449 4450/4450/4450 4464/4464/4464 
f 4466/4466/4466 4467/4467/4467 4452/4452/4452 
f 4452/4452/4452 4451/4451/4451 4466/4466/4466 
f 4468/4468/4468 4469/4469/4469 4470/4470/4470 
f 4471/4471/4471 4472/4472/4472 4473/4473/4473 
f 4474/4474/4474 4475/4475/4475 4476/4476/4476 
f 4477/4477/4477 4478/4478/4478 4446/4446/4446 
f 4446/4446/4446 4447/4447/4447 4477/4477/4477 
f 4479/4479/4479 4480/4480/4480 4481/4481/4481 
f 4482/4482/4482 4483/4483/4483 4484/4484/4484 
f 4469/4469/4469 4485/4485/4485 4486/4486/4486 
f 4487/4487/4487 4455/4455/4455 4460/4460/4460 
f 4460/4460/4460 4463/4463/4463 4487/4487/4487 
f 4488/4488/4488 4489/4489/4489 4486/4486/4486 
f 4486/4486/4486 4485/4485/4485 4488/4488/4488 
f 4490/4490/4490 4491/4491/4491 4468/4468/4468 
f 4468/4468/4468 4470/4470/4470 4490/4490/4490 
f 4492/4492/4492 4493/4493/4493 4466/4466/4466 
f 4466/4466/4466 4451/4451/4451 4492/4492/4492 
f 4448/4448/4448 4492/4492/4492 4451/4451/4451 
f 4451/4451/4451 4454/4454/4454 4448/4448/4448 
f 4492/4492/4492 4448/4448/4448 4494/4494/4494 
f 4493/4493/4493 4492/4492/4492 4494/4494/4494 
f 4494/4494/4494 4495/4495/4495 4493/4493/4493 
f 4491/4491/4491 4490/4490/4490 4496/4496/4496 
f 4496/4496/4496 4497/4497/4497 4491/4491/4491 
f 4489/4489/4489 4488/4488/4488 4498/4498/4498 
f 4498/4498/4498 4499/4499/4499 4489/4489/4489 
f 4455/4455/4455 4487/4487/4487 4500/4500/4500 
f 4501/4501/4501 4258/4258/4258 4257/4257/4257 
f 4257/4257/4257 4259/4259/4259 4501/4501/4501 
f 3990/3990/3990 3993/3993/3993 4502/4502/4502 
f 4502/4502/4502 4280/4280/4280 3990/3990/3990 
f 4501/4501/4501 4502/4502/4502 3993/3993/3993 
f 3993/3993/3993 4258/4258/4258 4501/4501/4501 
f 4503/4503/4503 4293/4293/4293 4504/4504/4504 
f 4293/4293/4293 4292/4292/4292 4505/4505/4505 
f 4505/4505/4505 4504/4504/4504 4293/4293/4293 
f 4263/4263/4263 4200/4200/4200 4295/4295/4295 
f 4295/4295/4295 4506/4506/4506 4263/4263/4263 
f 4507/4507/4507 4508/4508/4508 4295/4295/4295 
f 4294/4294/4294 4300/4300/4300 4507/4507/4507 
f 4507/4507/4507 4295/4295/4295 4294/4294/4294 
f 4509/4509/4509 4510/4510/4510 4511/4511/4511 
f 4512/4512/4512 4509/4509/4509 4507/4507/4507 
f 4507/4507/4507 4300/4300/4300 4512/4512/4512 
f 4513/4513/4513 4514/4514/4514 4309/4309/4309 
f 4309/4309/4309 4310/4310/4310 4513/4513/4513 
f 4512/4512/4512 4300/4300/4300 4514/4514/4514 
f 4514/4514/4514 4503/4503/4503 4512/4512/4512 
f 4515/4515/4515 4516/4516/4516 4503/4503/4503 
f 4503/4503/4503 4504/4504/4504 4515/4515/4515 
f 4508/4508/4508 4509/4509/4509 4504/4504/4504 
f 4504/4504/4504 4505/4505/4505 4508/4508/4508 
f 4517/4517/4517 4518/4518/4518 4519/4519/4519 
f 4519/4519/4519 4520/4520/4520 4517/4517/4517 
f 4518/4518/4518 4521/4521/4521 4522/4522/4522 
f 4522/4522/4522 4519/4519/4519 4518/4518/4518 
f 4521/4521/4521 4523/4523/4523 4524/4524/4524 
f 4524/4524/4524 4522/4522/4522 4521/4521/4521 
f 4523/4523/4523 4525/4525/4525 4526/4526/4526 
f 4526/4526/4526 4524/4524/4524 4523/4523/4523 
f 4520/4520/4520 4519/4519/4519 4527/4527/4527 
f 4527/4527/4527 4528/4528/4528 4520/4520/4520 
f 4519/4519/4519 4522/4522/4522 4529/4529/4529 
f 4529/4529/4529 4527/4527/4527 4519/4519/4519 
f 4522/4522/4522 4524/4524/4524 4530/4530/4530 
f 4530/4530/4530 4529/4529/4529 4522/4522/4522 
f 4524/4524/4524 4526/4526/4526 4531/4531/4531 
f 4531/4531/4531 4530/4530/4530 4524/4524/4524 
f 4528/4528/4528 4527/4527/4527 4532/4532/4532 
f 4532/4532/4532 4533/4533/4533 4528/4528/4528 
f 4527/4527/4527 4529/4529/4529 4534/4534/4534 
f 4534/4534/4534 4532/4532/4532 4527/4527/4527 
f 4529/4529/4529 4530/4530/4530 4535/4535/4535 
f 4535/4535/4535 4534/4534/4534 4529/4529/4529 
f 4530/4530/4530 4531/4531/4531 4536/4536/4536 
f 4536/4536/4536 4535/4535/4535 4530/4530/4530 
f 4537/4537/4537 4538/4538/4538 4539/4539/4539 
f 4539/4539/4539 4540/4540/4540 4537/4537/4537 
f 4540/4540/4540 4539/4539/4539 4541/4541/4541 
f 4541/4541/4541 4542/4542/4542 4540/4540/4540 
f 4542/4542/4542 4541/4541/4541 4543/4543/4543 
f 4543/4543/4543 4544/4544/4544 4542/4542/4542 
f 4544/4544/4544 4543/4543/4543 4545/4545/4545 
f 4545/4545/4545 4546/4546/4546 4544/4544/4544 
f 4538/4538/4538 4547/4547/4547 4548/4548/4548 
f 4548/4548/4548 4539/4539/4539 4538/4538/4538 
f 4539/4539/4539 4548/4548/4548 4549/4549/4549 
f 4549/4549/4549 4541/4541/4541 4539/4539/4539 
f 4541/4541/4541 4549/4549/4549 4550/4550/4550 
f 4550/4550/4550 4543/4543/4543 4541/4541/4541 
f 4543/4543/4543 4550/4550/4550 4551/4551/4551 
f 4551/4551/4551 4545/4545/4545 4543/4543/4543 
f 4547/4547/4547 4552/4552/4552 4553/4553/4553 
f 4553/4553/4553 4548/4548/4548 4547/4547/4547 
f 4548/4548/4548 4553/4553/4553 4554/4554/4554 
f 4554/4554/4554 4549/4549/4549 4548/4548/4548 
f 4549/4549/4549 4554/4554/4554 4555/4555/4555 
f 4555/4555/4555 4550/4550/4550 4549/4549/4549 
f 4550/4550/4550 4555/4555/4555 4556/4556/4556 
f 4556/4556/4556 4551/4551/4551 4550/4550/4550 
f 4557/4557/4557 4558/4558/4558 4559/4559/4559 
f 4559/4559/4559 4560/4560/4560 4557/4557/4557 
f 4561/4561/4561 4562/4562/4562 4563/4563/4563 
f 4563/4563/4563 4564/4564/4564 4561/4561/4561 
f 4558/4558/4558 4565/4565/4565 4566/4566/4566 
f 4566/4566/4566 4559/4559/4559 4558/4558/4558 
f 4565/4565/4565 4567/4567/4567 4568/4568/4568 
f 4568/4568/4568 4566/4566/4566 4565/4565/4565 
f 4567/4567/4567 4569/4569/4569 4570/4570/4570 
f 4570/4570/4570 4568/4568/4568 4567/4567/4567 
f 4571/4571/4571 4572/4572/4572 4573/4573/4573 
f 4573/4573/4573 4574/4574/4574 4571/4571/4571 
f 4575/4575/4575 4561/4561/4561 4564/4564/4564 
f 4564/4564/4564 4576/4576/4576 4575/4575/4575 
f 4572/4572/4572 4577/4577/4577 4578/4578/4578 
f 4578/4578/4578 4573/4573/4573 4572/4572/4572 
f 4579/4579/4579 4580/4580/4580 4581/4581/4581 
f 4581/4581/4581 4582/4582/4582 4579/4579/4579 
f 4583/4583/4583 4575/4575/4575 4576/4576/4576 
f 4576/4576/4576 4584/4584/4584 4583/4583/4583 
f 4585/4585/4585 4579/4579/4579 4582/4582/4582 
f 4582/4582/4582 4586/4586/4586 4585/4585/4585 
f 4587/4587/4587 4585/4585/4585 4586/4586/4586 
f 4586/4586/4586 4588/4588/4588 4587/4587/4587 
f 4577/4577/4577 4589/4589/4589 4590/4590/4590 
f 4590/4590/4590 4578/4578/4578 4577/4577/4577 
f 4591/4591/4591 4587/4587/4587 4588/4588/4588 
f 4588/4588/4588 4592/4592/4592 4591/4591/4591 
f 4593/4593/4593 4594/4594/4594 4595/4595/4595 
f 4595/4595/4595 4596/4596/4596 4593/4593/4593 
f 4583/4583/4583 4584/4584/4584 4597/4597/4597 
f 4597/4597/4597 4598/4598/4598 4583/4583/4583 
f 4533/4533/4533 4532/4532/4532 4599/4599/4599 
f 4599/4599/4599 4600/4600/4600 4533/4533/4533 
f 4601/4601/4601 4593/4593/4593 4596/4596/4596 
f 4596/4596/4596 4602/4602/4602 4601/4601/4601 
f 4532/4532/4532 4534/4534/4534 4603/4603/4603 
f 4603/4603/4603 4599/4599/4599 4532/4532/4532 
f 4604/4604/4604 4601/4601/4601 4602/4602/4602 
f 4602/4602/4602 4605/4605/4605 4604/4604/4604 
f 4534/4534/4534 4535/4535/4535 4606/4606/4606 
f 4606/4606/4606 4603/4603/4603 4534/4534/4534 
f 4607/4607/4607 4604/4604/4604 4605/4605/4605 
f 4605/4605/4605 4608/4608/4608 4607/4607/4607 
f 4535/4535/4535 4536/4536/4536 4609/4609/4609 
f 4609/4609/4609 4606/4606/4606 4535/4535/4535 
f 4590/4590/4590 4589/4589/4589 4610/4610/4610 
f 4610/4610/4610 4611/4611/4611 4590/4590/4590 
f 4612/4612/4612 4613/4613/4613 4614/4614/4614 
f 4614/4614/4614 4615/4615/4615 4612/4612/4612 
f 4583/4583/4583 4598/4598/4598 4616/4616/4616 
f 4616/4616/4616 4617/4617/4617 4583/4583/4583 
f 4580/4580/4580 4579/4579/4579 4618/4618/4618 
f 4618/4618/4618 4619/4619/4619 4580/4580/4580 
f 4620/4620/4620 4612/4612/4612 4615/4615/4615 
f 4615/4615/4615 4621/4621/4621 4620/4620/4620 
f 4579/4579/4579 4585/4585/4585 4622/4622/4622 
f 4622/4622/4622 4618/4618/4618 4579/4579/4579 
f 4623/4623/4623 4620/4620/4620 4621/4621/4621 
f 4621/4621/4621 4624/4624/4624 4623/4623/4623 
f 4585/4585/4585 4587/4587/4587 4625/4625/4625 
f 4625/4625/4625 4622/4622/4622 4585/4585/4585 
f 4626/4626/4626 4623/4623/4623 4624/4624/4624 
f 4624/4624/4624 4627/4627/4627 4626/4626/4626 
f 4587/4587/4587 4591/4591/4591 4628/4628/4628 
f 4628/4628/4628 4625/4625/4625 4587/4587/4587 
f 4610/4610/4610 4589/4589/4589 4629/4629/4629 
f 4629/4629/4629 4630/4630/4630 4610/4610/4610 
f 4631/4631/4631 4632/4632/4632 4633/4633/4633 
f 4634/4634/4634 4635/4635/4635 4636/4636/4636 
f 4637/4637/4637 4638/4638/4638 4639/4639/4639 
f 4640/4640/4640 4641/4641/4641 4642/4642/4642 
f 4643/4643/4643 4644/4644/4644 4645/4645/4645 
f 4646/4646/4646 4647/4647/4647 4648/4648/4648 
f 4649/4649/4649 4650/4650/4650 4651/4651/4651 
f 4651/4651/4651 4652/4652/4652 4649/4649/4649 
f 4653/4653/4653 4654/4654/4654 4655/4655/4655 
f 4655/4655/4655 4656/4656/4656 4653/4653/4653 
f 4650/4650/4650 4657/4657/4657 4658/4658/4658 
f 4658/4658/4658 4651/4651/4651 4650/4650/4650 
f 4659/4659/4659 4660/4660/4660 4661/4661/4661 
f 4662/4662/4662 4663/4663/4663 4664/4664/4664 
f 4665/4665/4665 4653/4653/4653 4656/4656/4656 
f 4656/4656/4656 4666/4666/4666 4665/4665/4665 
f 4667/4667/4667 4668/4668/4668 4669/4669/4669 
f 4669/4669/4669 4670/4670/4670 4667/4667/4667 
f 4671/4671/4671 4672/4672/4672 4673/4673/4673 
f 4674/4674/4674 4675/4675/4675 4676/4676/4676 
f 4677/4677/4677 4678/4678/4678 4679/4679/4679 
f 4680/4680/4680 4681/4681/4681 4682/4682/4682 
f 4683/4683/4683 4684/4684/4684 4685/4685/4685 
f 4685/4685/4685 4686/4686/4686 4683/4683/4683 
f 4687/4687/4687 4688/4688/4688 4689/4689/4689 
f 4689/4689/4689 4690/4690/4690 4687/4687/4687 
f 4684/4684/4684 4691/4691/4691 4692/4692/4692 
f 4692/4692/4692 4685/4685/4685 4684/4684/4684 
f 4693/4693/4693 4694/4694/4694 4695/4695/4695 
f 4696/4696/4696 4697/4697/4697 4698/4698/4698 
f 4699/4699/4699 4687/4687/4687 4690/4690/4690 
f 4690/4690/4690 4700/4700/4700 4699/4699/4699 
f 4701/4701/4701 4702/4702/4702 4703/4703/4703 
f 4703/4703/4703 4704/4704/4704 4701/4701/4701 
f 4703/4703/4703 4705/4705/4705 4706/4706/4706 
f 4706/4706/4706 4704/4704/4704 4703/4703/4703 
f 4707/4707/4707 4708/4708/4708 4709/4709/4709 
f 4710/4710/4710 4711/4711/4711 4712/4712/4712 
f 4713/4713/4713 4714/4714/4714 4715/4715/4715 
f 4715/4715/4715 4716/4716/4716 4713/4713/4713 
f 4717/4717/4717 4718/4718/4718 4719/4719/4719 
f 4719/4719/4719 4720/4720/4720 4717/4717/4717 
f 4714/4714/4714 4721/4721/4721 4722/4722/4722 
f 4722/4722/4722 4715/4715/4715 4714/4714/4714 
f 4723/4723/4723 4724/4724/4724 4725/4725/4725 
f 4726/4726/4726 4727/4727/4727 4728/4728/4728 
f 4729/4729/4729 4717/4717/4717 4720/4720/4720 
f 4720/4720/4720 4730/4730/4730 4729/4729/4729 
f 4731/4731/4731 4732/4732/4732 4733/4733/4733 
f 4733/4733/4733 4734/4734/4734 4731/4731/4731 
f 4733/4733/4733 4735/4735/4735 4736/4736/4736 
f 4736/4736/4736 4734/4734/4734 4733/4733/4733 
f 4737/4737/4737 4738/4738/4738 4739/4739/4739 
f 4740/4740/4740 4741/4741/4741 4742/4742/4742 
f 4743/4743/4743 4744/4744/4744 4745/4745/4745 
f 4745/4745/4745 4746/4746/4746 4743/4743/4743 
f 4747/4747/4747 4748/4748/4748 4749/4749/4749 
f 4749/4749/4749 4750/4750/4750 4747/4747/4747 
f 4744/4744/4744 4751/4751/4751 4752/4752/4752 
f 4752/4752/4752 4745/4745/4745 4744/4744/4744 
f 4753/4753/4753 4754/4754/4754 4755/4755/4755 
f 4756/4756/4756 4757/4757/4757 4758/4758/4758 
f 4759/4759/4759 4747/4747/4747 4750/4750/4750 
f 4750/4750/4750 4760/4760/4760 4759/4759/4759 

g R6Troll6

v -38.0575 4.19677 18.722 
v -37.9514 4.09068 18.863 
v -37.9682 4.19677 18.8765 
v -38.0576 4.46041 18.722 
v -38.0989 4.46041 18.5479 
v -37.9683 4.46041 18.8766 
v -38.0562 4.80699 18.722 
v -37.8382 4.46041 18.9993 
v -37.9666 4.80699 18.8767 
v -37.8381 4.19677 18.9991 
v -37.8363 4.80699 18.9989 
v -37.9499 4.90538 18.8664 
v -37.6767 4.46041 19.076 
v -37.8236 4.90538 18.9839 
v -37.676 4.80699 19.0749 
v -37.5 4.46041 19.1018 
v -37.5 4.80699 19.1006 
v -37.6766 4.19677 19.0758 
v -37.5 4.19677 19.1017 
v -37.6688 4.90538 19.057 
v -37.5 4.90538 19.0814 
v -37.8258 4.09068 18.9814 
v -37.6707 4.09068 19.0551 
v -37.5 4.09068 19.0802 
v -37.6573 4.97026 19.0207 
v -37.5 4.96974 19.0436 
v -37.8027 4.97107 18.9514 
v -37.646 5.02308 18.9824 
v -37.5 5.02308 19.0042 
v -37.5 5.07747 18.9193 
v -37.78 5.02308 18.9178 
v -37.9199 4.97157 18.8417 
v -37.6227 5.07775 18.901 
v -37.5886 5.10111 18.7903 
v -37.5 5.10087 18.8036 
v -37.6693 5.10106 18.7514 
v -37.7347 5.07802 18.8473 
v -37.8884 5.02308 18.8162 
v -37.8255 5.07759 18.7627 
v -37.7349 5.10118 18.6905 
v -37.8875 5.0776 18.6552 
v -37.7797 5.10102 18.6129 
v -37.7996 5.10103 18.5256 
v -37.9628 5.02308 18.6869 
v -37.9155 5.07812 18.5343 
v -38.0009 4.97242 18.7022 
v -37.9964 5.02308 18.541 
v -37.906 5.07784 18.4105 
v -37.7929 5.10089 18.4363 
v -38.0383 4.97329 18.5443 
v -37.5 4.80699 19.1006 
v -37.3312 4.90538 19.057 
v -37.5 4.90538 19.0814 
v -37.0801 4.97157 18.8417 
v -37.1973 4.97108 18.9514 
v -37.1764 4.90538 18.9839 
v -37.324 4.80699 19.0749 
v -37.5 4.46041 19.1018 
v -37.0501 4.90538 18.8664 
v -37.1637 4.80699 18.9989 
v -37.3233 4.46041 19.076 
v -37.0334 4.80699 18.8767 
v -37.1618 4.46041 18.9993 
v -37.3234 4.19677 19.0758 
v -37.5 4.19677 19.1017 
v -37.1619 4.19677 18.9991 
v -37.0317 4.46041 18.8766 
v -36.9438 4.80699 18.722 
v -36.9624 4.90538 18.7165 
v -36.9991 4.97242 18.7022 
v -37.0318 4.19677 18.8765 
v -36.9424 4.46041 18.722 
v -36.9218 4.90538 18.5464 
v -36.9024 4.80699 18.5475 
v -36.9617 4.97329 18.5443 
v -36.9011 4.46041 18.5479 
v -36.9425 4.19677 18.722 
v -37.5 5.1012 18.5031 
v -37.7797 5.10102 18.6129 
v -37.7349 5.10118 18.6905 
v -37.7996 5.10103 18.5256 
v -37.6693 5.10106 18.7514 
v -37.7929 5.10089 18.4363 
v -37.5886 5.10111 18.7903 
v -37.77 5.10116 18.3731 
v -37.5 5.10087 18.8036 
v -37.7442 5.10117 18.331 
v -37.4114 5.10111 18.7903 
v -37.7115 5.10113 18.2915 
v -37.3307 5.10106 18.7514 
v -37.6788 5.10106 18.2631 
v -37.2651 5.10102 18.6905 
v -37.6304 5.101 18.2324 
v -37.2203 5.10102 18.6129 
v -37.5886 5.10109 18.216 
v -37.2003 5.10116 18.5256 
v -37.5448 5.10102 18.206 
v -37.2071 5.10107 18.4363 
v -37.5 5.10086 18.2027 
v -37.23 5.1012 18.3731 
v -37.4552 5.10102 18.206 
v -37.4114 5.10109 18.216 
v -37.2558 5.10106 18.331 
v -37.3696 5.10099 18.2324 
v -37.2885 5.10111 18.2915 
v -37.3212 5.10106 18.2631 
v -37.985 5.02308 18.391 
v -37.8747 5.07872 18.3227 
v -37.77 5.10116 18.3731 
v -38.0254 4.9729 18.3815 
v -37.8391 5.07798 18.2654 
v -37.7442 5.10117 18.331 
v -37.9487 5.02308 18.2849 
v -37.9184 5.02437 18.2203 
v -37.8737 5.02437 18.1666 
v -37.7992 5.07792 18.2171 
v -37.7115 5.10113 18.2915 
v -37.8282 5.02437 18.1185 
v -37.9857 4.97273 18.2668 
v -37.949 4.97391 18.2009 
v -37.7586 5.0781 18.1804 
v -37.6788 5.10106 18.2631 
v -37.7484 5.02437 18.0648 
v -37.6937 5.07819 18.136 
v -37.6304 5.101 18.2324 
v -37.669 5.02437 18.0325 
v -37.6354 5.07797 18.1107 
v -37.5886 5.10109 18.216 
v -37.5855 5.02437 18.0125 
v -37.57 5.07777 18.0935 
v -37.5448 5.10102 18.206 
v -37.5 5.02437 18.0058 
v -37.5 5.07769 18.0868 
v -37.5 5.10086 18.2027 
v -37.4552 5.10102 18.206 
v -37.43 5.07777 18.0935 
v -37.4145 5.02437 18.0125 
v -37.4114 5.10109 18.216 
v -37.3646 5.07797 18.1107 
v -37.331 5.02437 18.0325 
v -37.3696 5.10099 18.2324 
v -37.3063 5.07819 18.136 
v -37.2516 5.02437 18.0648 
v -37.3212 5.10106 18.2631 
v -37.2414 5.0781 18.1804 
v -37.1718 5.02437 18.1185 
v -37.2885 5.10111 18.2915 
v -37.2008 5.07792 18.2171 
v -37.1263 5.02437 18.1666 
v -37.2558 5.10106 18.331 
v -37.1609 5.07798 18.2654 
v -37.23 5.1012 18.3731 
v -37.0816 5.02437 18.2203 
v -37.1253 5.07872 18.3227 
v -37.2071 5.10107 18.4363 
v -37.094 5.07784 18.4105 
v -37.2003 5.10116 18.5256 
v -37.0845 5.07812 18.5343 
v -37.1125 5.0776 18.6552 
v -37.2203 5.10102 18.6129 
v -37.0036 5.02308 18.541 
v -37.015 5.02308 18.391 
v -37.1745 5.07758 18.7627 
v -37.2651 5.10102 18.6905 
v -37.3307 5.10106 18.7514 
v -37.0372 5.02308 18.6869 
v -37.2653 5.07802 18.8473 
v -37.1116 5.02308 18.8162 
v -37.3773 5.07774 18.901 
v -37.22 5.02308 18.9178 
v -37.4114 5.10111 18.7903 
v -37.5 5.07747 18.9193 
v -37.5 5.10087 18.8036 
v -37.354 5.02308 18.9824 
v -37.5 5.02308 19.0042 
v -37.5 4.96974 19.0436 
v -37.3427 4.97026 19.0207 
v -37.7364 3.89934 18.6916 
v -37.7814 3.89935 18.6136 
v -37.5 3.8988 18.5031 
v -37.8015 3.8992 18.5257 
v -37.6703 3.8992 18.7529 
v -37.7947 3.8993 18.4359 
v -37.5891 3.89929 18.792 
v -37.7717 3.89904 18.3723 
v -37.5 3.89936 18.8054 
v -37.7364 3.89936 18.3147 
v -37.4109 3.89929 18.792 
v -37.7056 3.89925 18.2815 
v -37.3297 3.8992 18.7529 
v -37.6703 3.89934 18.2534 
v -37.2636 3.89934 18.6916 
v -37.6312 3.89938 18.2308 
v -37.2186 3.89935 18.6136 
v -37.5891 3.89928 18.2143 
v -37.1985 3.8992 18.5257 
v -37.545 3.89935 18.2042 
v -37.2053 3.8993 18.4359 
v -37.5 3.8995 18.2009 
v -37.2283 3.89904 18.3723 
v -37.455 3.89934 18.2042 
v -37.2636 3.89936 18.3147 
v -37.4109 3.89927 18.2143 
v -37.2944 3.89925 18.2815 
v -37.3688 3.89936 18.2308 
v -37.3297 3.89932 18.2534 
v -36.9156 4.19677 18.3701 
v -36.9786 4.09068 18.2517 
v -36.9601 4.19677 18.2426 
v -37.0201 4.09209 18.1791 
v -37.003 4.19605 18.169 
v -36.9589 4.29474 18.2423 
v -37.0016 4.29487 18.1683 
v -36.9153 4.46041 18.3697 
v -36.9589 4.40073 18.2423 
v -37.0016 4.40158 18.1683 
v -37.0016 4.49904 18.1683 
v -36.9589 4.50208 18.2423 
v -37.0016 4.60104 18.1683 
v -36.9589 4.60149 18.2422 
v -37.0016 4.70148 18.1683 
v -36.9166 4.80699 18.3699 
v -36.9591 4.70747 18.242 
v -37.0016 4.80604 18.1683 
v -36.9607 4.80699 18.2418 
v -37.0191 4.90497 18.1785 
v -36.9358 4.90538 18.3731 
v -36.9746 4.9729 18.3815 
v -36.9792 4.90538 18.2487 
v -37.051 4.97391 18.2009 
v -37.0143 4.97273 18.2668 
v -37.0513 5.02308 18.2849 
v -37.0486 4.09068 18.863 
v -37.1742 4.09068 18.9814 
v -37.0792 4.02724 18.8378 
v -37.3293 4.09068 19.0551 
v -37.5 4.09068 19.0802 
v -37.1958 4.02706 18.9479 
v -37.3412 4.02713 19.0172 
v -37.5 4.02722 19.0405 
v -37.2198 3.97604 18.9116 
v -37.3535 3.97608 18.9754 
v -37.5 3.97633 18.9974 
v -37.5 3.92307 18.9178 
v -37.3781 3.92226 18.8981 
v -37.5 3.89936 18.8054 
v -37.4109 3.89929 18.792 
v -37.3297 3.8992 18.7529 
v -37.2672 3.92215 18.8447 
v -37.2636 3.89934 18.6916 
v -37.1758 3.92295 18.7618 
v -37.2186 3.89935 18.6136 
v -37.1121 3.97664 18.8106 
v -37.1139 3.92293 18.6546 
v -37.0878 3.92211 18.534 
v -37.1985 3.8992 18.5257 
v -37.0388 3.97678 18.6832 
v -36.9993 4.02724 18.6992 
v -37.0055 3.97639 18.5402 
v -36.9624 4.09068 18.7138 
v -36.9625 4.02705 18.5436 
v -36.9227 4.09068 18.5459 
v -36.9013 4.19677 18.5479 
v -37.0171 3.97644 18.3936 
v -36.9753 4.027 18.3837 
v -36.9364 4.09068 18.3752 
v -37.097 3.92222 18.4112 
v -37.2053 3.8993 18.4359 
v -37.0544 3.97507 18.2897 
v -37.1286 3.92186 18.3242 
v -37.2283 3.89904 18.3723 
v -37.0145 4.02623 18.2699 
v -37.0844 3.97694 18.2219 
v -37.1656 3.92262 18.2616 
v -37.2636 3.89936 18.3147 
v -37.0503 4.0281 18.2008 
v -37.1288 3.97694 18.1687 
v -37.2056 3.9223 18.2155 
v -37.1792 3.97694 18.1164 
v -37.2944 3.89925 18.2815 
v -37.2513 3.92213 18.1755 
v -37.2532 3.97694 18.0676 
v -37.3297 3.89932 18.2534 
v -37.3041 3.92208 18.1414 
v -37.3322 3.97694 18.0356 
v -37.3688 3.89936 18.2308 
v -37.365 3.92217 18.114 
v -37.4151 3.97694 18.0157 
v -37.4109 3.89927 18.2143 
v -37.4308 3.92272 18.095 
v -37.5 3.97694 18.0091 
v -37.455 3.89934 18.2042 
v -37.5 3.92284 18.0883 
v -37.5 3.8995 18.2009 
v -37.545 3.89935 18.2042 
v -37.5692 3.92272 18.095 
v -37.5849 3.97694 18.0157 
v -37.5891 3.89928 18.2143 
v -37.635 3.92217 18.114 
v -37.6678 3.97694 18.0356 
v -37.6312 3.89938 18.2308 
v -37.6959 3.92209 18.1414 
v -37.7468 3.97694 18.0676 
v -37.6703 3.89934 18.2534 
v -37.7487 3.92213 18.1755 
v -37.8208 3.97694 18.1164 
v -37.7056 3.89925 18.2815 
v -37.7944 3.9223 18.2155 
v -37.8712 3.97694 18.1687 
v -37.7364 3.89936 18.3147 
v -37.8344 3.92262 18.2616 
v -37.7717 3.89904 18.3723 
v -37.9156 3.97694 18.2219 
v -37.8714 3.92186 18.3242 
v -37.7947 3.8993 18.4359 
v -37.903 3.92222 18.4112 
v -37.8015 3.8992 18.5257 
v -37.9456 3.97507 18.2897 
v -37.9122 3.92211 18.534 
v -37.9855 4.02623 18.2699 
v -37.9497 4.0281 18.2008 
v -37.9829 3.97644 18.3936 
v -37.7814 3.89935 18.6136 
v -38.0247 4.027 18.3837 
v -37.9945 3.97639 18.5402 
v -38.0375 4.02705 18.5436 
v -37.9613 3.97678 18.6832 
v -37.8861 3.92293 18.6546 
v -37.8242 3.92295 18.7618 
v -37.7364 3.89934 18.6916 
v -37.8879 3.97664 18.8106 
v -38.0007 4.02724 18.6992 
v -38.0773 4.09068 18.5459 
v -37.9208 4.02724 18.8378 
v -37.7802 3.97604 18.9116 
v -37.7328 3.92215 18.8447 
v -37.6703 3.8992 18.7529 
v -38.0376 4.09068 18.7138 
v -37.6219 3.92226 18.8981 
v -37.5891 3.89929 18.792 
v -37.5 3.89936 18.8054 
v -37.5 3.92307 18.9178 
v -37.6465 3.97608 18.9754 
v -37.5 3.97633 18.9974 
v -37.5 4.02722 19.0405 
v -37.6588 4.02713 19.0172 
v -37.8042 4.02706 18.9479 
v -38.0987 4.19677 18.5479 
v -38.0636 4.09068 18.3752 
v -38.0844 4.19677 18.3701 
v -38.0214 4.09068 18.2517 
v -37.9799 4.09209 18.1791 
v -38.0399 4.19677 18.2426 
v -37.997 4.19605 18.169 
v -38.0411 4.29474 18.2423 
v -37.9984 4.29487 18.1683 
v -38.0847 4.46041 18.3697 
v -38.0411 4.40073 18.2423 
v -37.9984 4.40158 18.1683 
v -37.9984 4.49904 18.1683 
v -38.0411 4.50208 18.2423 
v -37.9984 4.60104 18.1683 
v -38.0976 4.80699 18.5475 
v -38.0411 4.60149 18.2422 
v -37.9984 4.70148 18.1683 
v -38.0834 4.80699 18.3699 
v -38.0409 4.70747 18.242 
v -37.9984 4.80604 18.1683 
v -38.0393 4.80699 18.2418 
v -37.9809 4.90497 18.1785 
v -38.0208 4.90538 18.2487 
v -38.0642 4.90538 18.3731 
v -38.0782 4.90538 18.5464 
v -38.0376 4.90538 18.7165 
v -37.0997 4.0402 18.1295 
v -37.0503 4.0281 18.2008 
v -37.1149 4.01257 18.1388 
v -37.1288 3.97694 18.1687 
v -37.0844 3.97694 18.2219 
v -37.1792 3.97694 18.1164 
v -37.0201 4.09209 18.1791 
v -37.1983 4.00355 18.0772 
v -37.2532 3.97694 18.0676 
v -37.0795 4.08728 18.1156 
v -37.003 4.19605 18.169 
v -37.2753 3.99965 18.0355 
v -37.3322 3.97694 18.0356 
v -37.2265 4.07834 18.0039 
v -37.1941 4.15499 17.998 
v -37.3565 3.99583 18.0096 
v -37.4151 3.97694 18.0157 
v -37.2959 4.07226 17.9805 
v -37.2383 4.12807 17.9825 
v -37.3656 4.06568 17.9612 
v -37.4292 3.99572 17.9957 
v -37.4834 3.99742 17.991 
v -37.5 3.97694 18.0091 
v -37.2999 4.11342 17.9646 
v -37.4329 4.05966 17.9505 
v -37.365 4.09027 17.9522 
v -37.5427 3.99883 17.9925 
v -37.5849 3.97694 18.0157 
v -37.4811 4.0562 17.9482 
v -37.4298 4.0762 17.9434 
v -37.6212 3.99804 18.0046 
v -37.6678 3.97694 18.0356 
v -37.5319 4.05699 17.949 
v -37.6036 4.06094 17.9568 
v -37.7123 3.99824 18.0317 
v -37.7468 3.97694 18.0676 
v -37.6824 4.06657 17.9745 
v -37.4758 4.07137 17.9422 
v -37.5278 4.07275 17.9427 
v -37.6025 4.08005 17.9484 
v -37.6621 4.09744 17.9564 
v -37.5838 4.09302 17.9408 
v -37.5258 4.09141 17.9359 
v -37.6463 4.12495 17.9405 
v -37.7295 4.11077 17.9713 
v -37.6988 4.14514 17.9514 
v -37.7632 4.07329 18.0009 
v -37.7361 4.17171 17.9619 
v -37.7998 4.00014 18.076 
v -37.8208 3.97694 18.1164 
v -37.7786 4.1334 17.9902 
v -37.8993 4.03526 18.1317 
v -37.8837 4.00939 18.1403 
v -37.8712 3.97694 18.1687 
v -37.9497 4.0281 18.2008 
v -37.5575 4.32759 17.906 
v -37.5493 4.34852 17.9063 
v -37.5348 4.32473 17.9037 
v -37.5894 4.3632 17.9109 
v -37.5819 4.33235 17.9091 
v -37.537 4.41172 17.9025 
v -37.585 4.40919 17.9092 
v -37.4996 4.45996 17.9031 
v -37.5425 4.45902 17.9055 
v -37.4996 4.51594 17.9031 
v -37.4567 4.45981 17.9048 
v -37.6367 4.3799 17.9205 
v -37.6061 4.33831 17.9131 
v -37.6355 4.41238 17.9167 
v -37.5901 4.4584 17.9115 
v -37.5472 4.51594 17.905 
v -37.675 4.37896 17.931 
v -37.6349 4.35271 17.9189 
v -37.7079 4.3745 17.9419 
v -37.696 4.41153 17.9341 
v -37.7497 4.39543 17.9572 
v -37.7781 4.37816 17.9743 
v -37.6723 4.46299 17.9284 
v -37.764 4.46386 17.9626 
v -37.8292 4.46235 18.0031 
v -37.8427 4.39283 18.0121 
v -37.9439 4.44893 18.0999 
v -37.5993 4.51594 17.9115 
v -37.669 4.51563 17.9282 
v -37.7514 4.51733 17.9602 
v -37.9418 4.52597 18.0984 
v -37.9984 4.60104 18.1683 
v -37.814 4.51791 17.9951 
v -37.7499 4.61277 17.9584 
v -37.668 4.61268 17.9275 
v -37.8176 4.61276 17.9954 
v -37.9426 4.64124 18.0969 
v -37.9984 4.70148 18.1683 
v -37.8179 4.71856 17.9957 
v -37.9418 4.77022 18.0976 
v -37.9984 4.80604 18.1683 
v -37.7433 4.71875 17.9556 
v -37.8183 4.78542 17.998 
v -37.9349 4.85046 18.1026 
v -37.9809 4.90497 18.1785 
v -37.7442 4.78552 17.958 
v -37.8321 4.95866 18.0649 
v -37.9022 4.95861 18.1258 
v -37.6564 4.75689 17.9153 
v -37.6671 4.72207 17.9178 
v -37.6701 4.75675 17.9192 
v -37.666 4.7219 17.9267 
v -37.6687 4.7563 17.928 
v -37.6548 4.68995 17.9233 
v -37.6651 4.7906 17.9287 
v -37.6666 4.79146 17.9199 
v -37.6561 4.82002 17.9291 
v -37.6568 4.68999 17.9148 
v -37.6412 4.67101 17.9199 
v -37.6544 4.72223 17.9142 
v -37.6566 4.82121 17.9201 
v -37.639 4.84071 17.9278 
v -37.6539 4.79156 17.9164 
v -37.6186 4.75698 17.9065 
v -37.6468 4.68996 17.9122 
v -37.6467 4.82129 17.9175 
v -37.6444 4.67105 17.9116 
v -37.6338 4.66492 17.909 
v -37.6294 4.66382 17.917 
v -37.6367 4.671 17.9097 
v -37.6187 4.72232 17.906 
v -37.6187 4.68995 17.9059 
v -37.6188 4.67099 17.9058 
v -37.6188 4.66369 17.9058 
v -37.615 4.6625 17.9141 
v -37.6037 4.6649 17.903 
v -37.6006 4.66376 17.9113 
v -37.6009 4.67099 17.9025 
v -37.5931 4.67098 17.9013 
v -37.5888 4.6709 17.9095 
v -37.5748 4.68987 17.9075 
v -37.5904 4.68995 17.9009 
v -37.5802 4.68994 17.8994 
v -37.5632 4.72187 17.9064 
v -37.5824 4.72222 17.8998 
v -37.5695 4.72205 17.8982 
v -37.5603 4.7563 17.9065 
v -37.5802 4.75689 17.9 
v -37.5664 4.75676 17.8983 
v -37.5631 4.7906 17.9086 
v -37.5694 4.79148 17.9004 
v -37.5822 4.79155 17.902 
v -37.58 4.82132 17.9046 
v -37.5731 4.82003 17.9126 
v -37.6184 4.79161 17.9082 
v -37.5952 4.84239 17.91 
v -37.5887 4.84071 17.9178 
v -37.5901 4.82132 17.9061 
v -37.6007 4.84778 17.9209 
v -37.618 4.82133 17.911 
v -37.6015 4.84239 17.911 
v -37.604 4.84702 17.9123 
v -37.6138 4.84925 17.9238 
v -37.6177 4.84236 17.9141 
v -37.6175 4.84799 17.9151 
v -37.6269 4.84773 17.9261 
v -37.631 4.84693 17.9177 
v -37.6338 4.84232 17.9175 
v -37.64 4.84228 17.919 
v -37.33 4.75675 17.9192 
v -37.3329 4.72204 17.9178 
v -37.3438 4.75689 17.9153 
v -37.3339 4.72187 17.9267 
v -37.3315 4.75638 17.9279 
v -37.3451 4.68987 17.9233 
v -37.3351 4.79073 17.9287 
v -37.3335 4.79149 17.9199 
v -37.3441 4.82017 17.929 
v -37.3433 4.68993 17.9148 
v -37.3588 4.67091 17.9199 
v -37.3458 4.72222 17.9142 
v -37.3435 4.82128 17.9201 
v -37.3612 4.84086 17.9278 
v -37.3463 4.79158 17.9163 
v -37.3816 4.75698 17.9064 
v -37.3535 4.68994 17.9121 
v -37.3602 4.84238 17.919 
v -37.3535 4.82132 17.9175 
v -37.3818 4.79162 17.9081 
v -37.3664 4.84234 17.9175 
v -37.3692 4.84699 17.9177 
v -37.3732 4.84778 17.9261 
v -37.3822 4.82133 17.911 
v -37.3825 4.84237 17.914 
v -37.3827 4.84799 17.915 
v -37.3863 4.84918 17.9237 
v -37.3962 4.84698 17.9123 
v -37.3995 4.84765 17.9209 
v -37.3987 4.84236 17.911 
v -37.405 4.8423 17.9099 
v -37.4113 4.8407 17.9178 
v -37.4268 4.82002 17.9125 
v -37.4101 4.8213 17.9061 
v -37.4202 4.82125 17.9046 
v -37.4369 4.79059 17.9086 
v -37.418 4.79154 17.902 
v -37.4308 4.79144 17.9004 
v -37.4338 4.75675 17.8983 
v -37.4397 4.75629 17.9065 
v -37.4201 4.75689 17.9 
v -37.4306 4.72207 17.8982 
v -37.4369 4.7219 17.9064 
v -37.4178 4.72223 17.8998 
v -37.42 4.68998 17.8994 
v -37.4253 4.68994 17.9075 
v -37.3815 4.72234 17.9059 
v -37.4098 4.68995 17.9009 
v -37.4071 4.67106 17.9012 
v -37.4113 4.67102 17.9095 
v -37.3996 4.66381 17.9113 
v -37.3815 4.68995 17.9058 
v -37.3993 4.67101 17.9024 
v -37.3964 4.66492 17.9029 
v -37.3852 4.66249 17.914 
v -37.3815 4.67099 17.9058 
v -37.3815 4.66369 17.9058 
v -37.3707 4.66375 17.917 
v -37.3665 4.66489 17.909 
v -37.3636 4.67098 17.9097 
v -37.3558 4.67098 17.9115 
v -37.344 4.38687 17.9431 
v -37.342 4.38797 17.9444 
v -37.2609 4.28944 18.002 
v -37.763 4.2651 18.0132 
v -37.6466 4.34922 17.9416 
v -37.6439 4.3483 17.9399 
v -37.949 4.97391 18.2009 
v -37.9184 5.02437 18.2203 
v -37.8737 5.02437 18.1666 
v -37.8282 5.02437 18.1185 
v -37.7645 4.95864 18.0216 
v -37.7484 5.02437 18.0648 
v -37.691 4.95863 17.988 
v -37.669 5.02437 18.0325 
v -37.7052 4.81183 17.9443 
v -37.6185 4.95861 17.9667 
v -37.7151 4.78553 17.9458 
v -37.6652 4.81364 17.9313 
v -37.5855 5.02437 18.0125 
v -37.6656 4.78554 17.9289 
v -37.6633 4.71877 17.9263 
v -37.5568 4.95861 17.957 
v -37.5 5.02437 18.0058 
v -37.6046 4.81472 17.9171 
v -37.6042 4.78554 17.9144 
v -37.6 4.61267 17.9116 
v -37.6031 4.71877 17.9123 
v -37.5497 4.78554 17.9072 
v -37.5496 4.81571 17.9099 
v -37.5494 4.71877 17.9053 
v -37.5487 4.61267 17.9051 
v -37.5 4.95861 17.9539 
v -37.5003 4.81663 17.9079 
v -37.4997 4.61267 17.9031 
v -37.5 4.71877 17.9032 
v -37.4528 4.51594 17.905 
v -37.406 4.45932 17.9109 
v -37.4007 4.51594 17.9115 
v -37.4513 4.61267 17.9051 
v -37.5002 4.78554 17.9051 
v -37.4506 4.71877 17.9053 
v -37.4502 4.81571 17.9099 
v -37.4502 4.78554 17.9072 
v -37.3999 4.61267 17.9116 
v -37.397 4.71877 17.9123 
v -37.4434 4.95861 17.9569 
v -37.4145 5.02437 18.0125 
v -37.3952 4.81472 17.9171 
v -37.3807 4.95861 17.9668 
v -37.331 5.02437 18.0325 
v -37.3957 4.78554 17.9144 
v -37.335 4.81364 17.9312 
v -37.3093 4.95861 17.9878 
v -37.2516 5.02437 18.0648 
v -37.3367 4.71877 17.9263 
v -37.3346 4.78554 17.9288 
v -37.2354 4.95861 18.0215 
v -37.2952 4.81137 17.9442 
v -37.1718 5.02437 18.1185 
v -37.2852 4.78508 17.9457 
v -37.2561 4.78502 17.958 
v -37.168 4.95809 18.0644 
v -37.1263 5.02437 18.1666 
v -37.1817 4.78542 17.998 
v -37.2569 4.71839 17.9556 
v -37.1821 4.71812 17.9957 
v -37.3319 4.61268 17.9275 
v -37.2501 4.61277 17.9584 
v -37.3309 4.51594 17.9278 
v -37.3313 4.46263 17.9283 
v -37.2468 4.46409 17.9603 
v -37.2479 4.51598 17.9593 
v -37.1797 4.46251 17.9961 
v -37.1847 4.51601 17.9939 
v -37.0552 4.44822 18.0989 
v -37.1824 4.61276 17.9954 
v -37.0565 4.52375 18.098 
v -37.0016 4.60104 18.1683 
v -37.0569 4.64124 18.0974 
v -37.0016 4.70148 18.1683 
v -37.0577 4.76981 18.0978 
v -37.0016 4.80604 18.1683 
v -37.0648 4.85005 18.1027 
v -37.0191 4.90497 18.1785 
v -37.0973 4.95819 18.1256 
v -37.051 4.97391 18.2009 
v -37.0816 5.02437 18.2203 
v -37.523 4.21947 17.9244 
v -37.548 4.21944 17.9258 
v -37.5237 4.23211 17.9237 
v -37.5486 4.23186 17.9252 
v -37.5 4.23204 17.9232 
v -37.5479 4.20471 17.927 
v -37.5724 4.21937 17.9285 
v -37.5721 4.20534 17.9294 
v -37.5727 4.23131 17.9278 
v -37.5283 4.28932 17.9228 
v -37.5946 4.21934 17.9317 
v -37.561 4.28929 17.9253 
v -37.5 4.28942 17.9222 
v -37.5339 4.35619 17.9229 
v -37.5 4.35643 17.922 
v -37.5 4.41598 17.922 
v -37.5385 4.41598 17.9232 
v -37.5783 4.35596 17.9273 
v -37.5866 4.41598 17.9285 
v -37.5961 4.28916 17.9302 
v -37.6267 4.35531 17.9361 
v -37.6471 4.41598 17.9411 
v -37.5973 4.23032 17.9315 
v -37.6307 4.2875 17.9371 
v -37.6804 4.35335 17.9509 
v -37.7299 4.41597 17.9699 
v -37.7353 4.34341 17.9723 
v -37.8119 4.41597 18.014 
v -37.8117 4.33301 18.0138 
v -37.6718 4.28198 17.9484 
v -37.7619 4.30703 17.9851 
v -37.8116 4.27976 18.0139 
v -37.707 4.26709 17.9608 
v -37.622 4.22966 17.9364 
v -37.6516 4.22861 17.9437 
v -37.7756 4.2658 17.9927 
v -37.8111 4.22977 18.0148 
v -37.7293 4.24693 17.9703 
v -37.6798 4.22716 17.9523 
v -37.7777 4.22408 17.9952 
v -37.8088 4.17851 18.0186 
v -37.7412 4.22165 17.9768 
v -37.6988 4.21899 17.9594 
v -37.6536 4.21926 17.9447 
v -37.7724 4.18717 17.9957 
v -37.7543 4.15214 17.9922 
v -37.8036 4.12758 18.0266 
v -37.7309 4.19835 17.9741 
v -37.7941 4.08358 18.0386 
v -37.6797 4.2098 17.9534 
v -37.7068 4.17854 17.9665 
v -37.7215 4.13116 17.9821 
v -37.7128 4.08363 17.9959 
v -37.6499 4.21925 17.9437 
v -37.6516 4.20772 17.9451 
v -37.6713 4.16699 17.9561 
v -37.6715 4.12425 17.9655 
v -37.6488 4.08357 17.9736 
v -37.6327 4.21953 17.9394 
v -37.6195 4.20642 17.9374 
v -37.6174 4.21932 17.9361 
v -37.5964 4.20643 17.933 
v -37.6304 4.16441 17.9452 
v -37.5954 4.16293 17.9383 
v -37.6255 4.12095 17.9539 
v -37.5919 4.08359 17.9608 
v -37.5792 4.11823 17.946 
v -37.5454 4.08361 17.9549 
v -37.5604 4.16198 17.9336 
v -37.5389 4.11752 17.9418 
v -37.5 4.08361 17.953 
v -37.5288 4.16115 17.9313 
v -37.5228 4.20445 17.9254 
v -37.5 4.1176 17.9404 
v -37.5 4.16078 17.9306 
v -37.5 4.21943 17.9238 
v -37.5 4.20452 17.925 
v -37.4772 4.20445 17.9254 
v -37.4712 4.16114 17.9313 
v -37.4611 4.11751 17.9418 
v -37.4547 4.08361 17.9549 
v -37.477 4.21942 17.9244 
v -37.4521 4.20471 17.927 
v -37.4395 4.16197 17.9336 
v -37.4206 4.11821 17.946 
v -37.408 4.08359 17.9608 
v -37.4763 4.23211 17.9237 
v -37.452 4.21944 17.9258 
v -37.4279 4.20534 17.9294 
v -37.4514 4.23186 17.9252 
v -37.4717 4.28932 17.9228 
v -37.4276 4.21937 17.9285 
v -37.466 4.35619 17.9229 
v -37.4615 4.41598 17.9232 
v -37.439 4.28927 17.9253 
v -37.4216 4.35595 17.9273 
v -37.4134 4.41598 17.9285 
v -37.4273 4.23131 17.9278 
v -37.4039 4.28916 17.9302 
v -37.3733 4.3553 17.9361 
v -37.3529 4.41598 17.9411 
v -37.4054 4.21934 17.9317 
v -37.4027 4.23032 17.9315 
v -37.3694 4.28752 17.9371 
v -37.3197 4.35336 17.9509 
v -37.2701 4.41597 17.9699 
v -37.2648 4.34346 17.9723 
v -37.1881 4.41597 18.014 
v -37.1883 4.33304 18.0138 
v -37.3283 4.28206 17.9484 
v -37.2382 4.30707 17.9851 
v -37.1884 4.27977 18.0139 
v -37.293 4.26712 17.9608 
v -37.378 4.22966 17.9364 
v -37.3484 4.22861 17.9437 
v -37.2244 4.26581 17.9927 
v -37.1889 4.22983 18.0148 
v -37.2707 4.24693 17.9703 
v -37.2223 4.22418 17.9951 
v -37.1912 4.17847 18.0186 
v -37.2588 4.22169 17.9768 
v -37.3202 4.22716 17.9523 
v -37.3012 4.21899 17.9594 
v -37.2276 4.18708 17.9957 
v -37.2691 4.19826 17.9741 
v -37.2457 4.15225 17.9922 
v -37.1964 4.12764 18.0266 
v -37.2059 4.08358 18.0386 
v -37.3464 4.21926 17.9447 
v -37.2784 4.13113 17.9821 
v -37.2872 4.08363 17.9959 
v -37.2932 4.17857 17.9665 
v -37.3203 4.2098 17.9534 
v -37.3501 4.21925 17.9437 
v -37.3484 4.20772 17.9451 
v -37.3287 4.16694 17.9561 
v -37.3673 4.21952 17.9394 
v -37.3805 4.20642 17.9374 
v -37.3285 4.12423 17.9655 
v -37.3511 4.08357 17.9736 
v -37.3827 4.21932 17.936 
v -37.4036 4.20643 17.933 
v -37.3744 4.12098 17.9539 
v -37.3697 4.16438 17.9452 
v -37.4045 4.16295 17.9383 
v -37.5348 4.32473 17.9037 
v -37.512 4.32346 17.9024 
v -37.5337 4.31106 17.9044 
v -37.5107 4.31047 17.9032 
v -37.5564 4.31383 17.9067 
v -37.4909 4.32539 17.9023 
v -37.5575 4.32759 17.906 
v -37.4891 4.31224 17.9032 
v -37.581 4.31749 17.9091 
v -37.4681 4.31794 17.9038 
v -37.5819 4.33235 17.9091 
v -37.4705 4.33186 17.9032 
v -37.606 4.32472 17.9124 
v -37.4443 4.32369 17.906 
v -37.6061 4.33831 17.9131 
v -37.447 4.33829 17.9056 
v -37.6236 4.33662 17.9151 
v -37.422 4.33178 17.9085 
v -37.6349 4.35271 17.9189 
v -37.4254 4.34669 17.9079 
v -37.6489 4.34864 17.921 
v -37.4001 4.34387 17.9113 
v -37.6739 4.36195 17.9295 
v -37.4027 4.35883 17.9114 
v -37.6615 4.33676 17.9258 
v -37.3756 4.36141 17.9153 
v -37.6849 4.34976 17.9325 
v -37.3775 4.37447 17.9161 
v -37.6775 4.31028 17.9306 
v -37.3585 4.3756 17.9187 
v -37.6588 4.3085 17.9263 
v -37.3511 4.39092 17.922 
v -37.652 4.25857 17.9271 
v -37.338 4.38645 17.9239 
v -37.6433 4.26792 17.9238 
v -37.3189 4.40173 17.9314 
v -37.6273 4.21732 17.9237 
v -37.326 4.37036 17.9286 
v -37.6291 4.24002 17.9219 
v -37.3052 4.38218 17.9362 
v -37.6045 4.2065 17.92 
v -37.3026 4.36379 17.9363 
v -37.605 4.19336 17.9214 
v -37.3193 4.34445 17.9318 
v -37.5823 4.18809 17.9187 
v -37.3153 4.31494 17.9334 
v -37.583 4.17725 17.92 
v -37.3279 4.30987 17.9301 
v -37.5546 4.17894 17.9173 
v -37.3344 4.2627 17.9303 
v -37.555 4.16818 17.9188 
v -37.3377 4.27737 17.9281 
v -37.5232 4.17776 17.9161 
v -37.3608 4.23464 17.9242 
v -37.5223 4.16423 17.9183 
v -37.36 4.22341 17.9261 
v -37.4901 4.17878 17.9157 
v -37.3911 4.21007 17.92 
v -37.4886 4.16534 17.9181 
v -37.389 4.19659 17.9223 
v -37.4562 4.17109 17.9182 
v -37.4237 4.19429 17.9169 
v -37.4577 4.18456 17.9155 
v -37.4221 4.18098 17.9194 
v -37.3158 4.40356 17.9775 
v -37.3637 4.37527 17.938 
v -37.2689 4.43923 18.0008 
v -37.3801 4.3618 17.935 
v -37.9156 3.97694 18.2219 
v -37.9799 4.09209 18.1791 
v -37.9186 4.08158 18.1171 
v -37.997 4.19605 18.169 
v -37.8334 4.16897 18.0149 
v -37.9405 4.17931 18.1015 
v -37.9445 4.25988 18.0992 
v -37.9984 4.29487 18.1683 
v -37.8536 4.23473 18.0221 
v -37.7746 4.20618 17.9724 
v -37.9444 4.32557 18.0996 
v -37.9984 4.40158 18.1683 
v -37.8571 4.29195 18.0223 
v -37.7941 4.25448 17.9832 
v -37.8044 4.30227 17.9883 
v -37.8534 4.34415 18.0188 
v -37.9449 4.39154 18.1002 
v -37.9984 4.49904 18.1683 
v -37.7957 4.34287 17.9834 
v -37.7368 4.34082 17.9512 
v -37.7294 4.30597 17.9474 
v -37.73 4.35972 17.95 
v -37.6849 4.34976 17.9325 
v -37.6775 4.31028 17.9306 
v -37.6739 4.36195 17.9295 
v -37.7103 4.27864 17.9408 
v -37.652 4.25857 17.9271 
v -37.695 4.25617 17.9368 
v -37.6273 4.21732 17.9237 
v -37.6565 4.20901 17.9316 
v -37.605 4.19336 17.9214 
v -37.6135 4.1646 17.9275 
v -37.583 4.17725 17.92 
v -37.5702 4.13675 17.9261 
v -37.555 4.16818 17.9188 
v -37.5243 4.12725 17.9252 
v -37.5223 4.16423 17.9183 
v -37.4781 4.09219 17.9352 
v -37.4854 4.12693 17.9259 
v -37.4886 4.16534 17.9181 
v -37.4562 4.17109 17.9182 
v -37.4477 4.12837 17.9273 
v -37.4221 4.18098 17.9194 
v -37.4361 4.09708 17.9362 
v -37.4032 4.14329 17.9287 
v -37.389 4.19659 17.9223 
v -37.3791 4.11336 17.9406 
v -37.3537 4.18678 17.9326 
v -37.36 4.22341 17.9261 
v -37.3174 4.13607 17.9508 
v -37.3 4.2581 17.9405 
v -37.3344 4.2627 17.9303 
v -37.258 4.17822 17.9668 
v -37.2728 4.31183 17.9467 
v -37.3153 4.31494 17.9334 
v -37.2243 4.2083 17.9762 
v -37.2621 4.33926 17.951 
v -37.3026 4.36379 17.9363 
v -37.1988 4.24659 17.986 
v -37.2501 4.3578 17.958 
v -37.3052 4.38218 17.9362 
v -37.1588 4.19275 18.0136 
v -37.0582 4.18206 18.1054 
v -37.1437 4.27228 18.0224 
v -37.0534 4.26271 18.1024 
v -37.0016 4.29487 18.1683 
v -37.1871 4.32086 17.9932 
v -37.1438 4.32808 18.0226 
v -37.0532 4.32773 18.1022 
v -37.0016 4.40158 18.1683 
v -37.1863 4.36391 17.9941 
v -37.153 4.37808 18.0163 
v -37.0535 4.39282 18.1007 
v -37.0016 4.49904 18.1683 
v -37.1669 4.41839 18.0069 
v -37.2035 4.4015 17.984 
v -37.2469 4.38095 17.9614 
v -37.2692 4.40976 17.9515 
v -37.3189 4.40173 17.9314 
v -37.2224 4.42266 17.9759 
v -37.2873 4.42018 17.9438 
v -37.3511 4.39092 17.922 
v -37.2528 4.43645 17.9601 
v -37.32 4.42393 17.9318 
v -37.3775 4.37447 17.9161 
v -37.3571 4.41439 17.921 
v -37.4027 4.35883 17.9114 
v -37.3097 4.43979 17.9357 
v -37.3965 4.39795 17.9127 
v -37.4254 4.34669 17.9079 
v -37.3683 4.43342 17.9176 
v -37.4429 4.36786 17.9059 
v -37.447 4.33829 17.9056 
v -37.4193 4.42123 17.9083 
v -37.4747 4.35556 17.9028 
v -37.4705 4.33186 17.9032 
v -37.4633 4.41467 17.9035 
v -37.496 4.35369 17.9014 
v -37.4909 4.32539 17.9023 
v -37.512 4.32346 17.9024 
v -37.4998 4.41307 17.9018 
v -37.5184 4.35188 17.9012 
v -37.5107 4.31047 17.9032 
v -37.4893 4.31186 17.9234 
v -37.5106 4.31208 17.9236 
v -37.4891 4.31224 17.9032 
v -37.5337 4.31106 17.9044 
v -37.4687 4.31962 17.9244 
v -37.5314 4.31307 17.9248 
v -37.4681 4.31794 17.9038 
v -37.5564 4.31383 17.9067 
v -37.4443 4.32369 17.906 
v -37.554 4.31496 17.9268 
v -37.4464 4.32509 17.9262 
v -37.5771 4.31827 17.9289 
v -37.422 4.33178 17.9085 
v -37.581 4.31749 17.9091 
v -37.4256 4.33306 17.9285 
v -37.6021 4.32842 17.932 
v -37.4043 4.34422 17.9308 
v -37.606 4.32472 17.9124 
v -37.4001 4.34387 17.9113 
v -37.6197 4.33803 17.9348 
v -37.3801 4.3618 17.935 
v -37.6236 4.33662 17.9151 
v -37.3756 4.36141 17.9153 
v -37.6489 4.34864 17.921 
v -37.3585 4.3756 17.9187 
v -37.6439 4.3483 17.9399 
v -37.6615 4.33676 17.9258 
v -37.6466 4.34922 17.9416 
v -37.3637 4.37527 17.938 
v -37.338 4.38645 17.9239 
v -37.344 4.38687 17.9431 
v -37.326 4.37036 17.9286 
v -37.342 4.38797 17.9444 
v -37.6756 4.2169 18.08 
v -37.6754 4.15862 18.0933 
v -37.6966 4.21199 18.084 
v -37.6477 4.15356 18.0849 
v -37.6917 4.32042 18.0831 
v -37.6467 4.20993 18.0767 
v -37.6167 4.157 18.0754 
v -37.7121 4.31285 18.0886 
v -37.6606 4.32722 18.0776 
v -37.688 4.40851 18.1106 
v -37.6701 4.42065 18.0971 
v -37.7058 4.34552 18.1195 
v -37.7098 4.26608 18.1188 
v -37.6966 4.21199 18.084 
v -37.6932 4.21288 18.113 
v -37.6754 4.15862 18.0933 
v -37.6486 4.42857 18.0881 
v -37.6227 4.33776 18.0721 
v -37.6189 4.43422 18.0786 
v -37.5836 4.30008 18.0706 
v -37.5844 4.43459 18.0657 
v -37.6051 4.19263 18.0749 
v -37.5494 4.28039 18.0702 
v -37.5471 4.416 18.0692 
v -37.5646 4.19642 18.0675 
v -37.5306 4.18249 18.068 
v -37.4995 4.28332 18.0674 
v -37.5008 4.40745 18.0641 
v -37.4875 4.18736 18.0683 
v -37.447 4.29556 18.0665 
v -37.4597 4.43199 18.0644 
v -37.4069 4.33141 18.0703 
v -37.4314 4.43705 18.0659 
v -37.3727 4.34204 18.0753 
v -37.4001 4.44149 18.0778 
v -37.4014 4.19768 18.0752 
v -37.3691 4.44333 18.0873 
v -37.4458 4.19028 18.0688 
v -37.4849 4.15619 18.0591 
v -37.449 4.15817 18.0601 
v -37.3406 4.36782 18.0817 
v -37.3437 4.43912 18.0965 
v -37.3631 4.22118 18.0825 
v -37.4194 4.16179 18.0616 
v -37.4803 4.13174 17.9381 
v -37.4357 4.13444 17.9394 
v -37.404 4.13274 17.9459 
v -37.3603 4.11016 17.9728 
v -37.3926 4.16428 18.0711 
v -37.3159 4.13218 17.9819 
v -37.3926 4.16428 18.0711 
v -37.3564 4.1689 18.0806 
v -37.2817 4.13806 17.9955 
v -37.3212 4.17508 18.0939 
v -37.2491 4.15484 18.0075 
v -37.2996 4.17366 18.1004 
v -37.3315 4.25691 18.0828 
v -37.3564 4.1689 18.0806 
v -37.3073 4.24933 18.086 
v -37.3212 4.17508 18.0939 
v -37.3099 4.36208 18.0868 
v -37.3249 4.4312 18.1024 
v -37.2843 4.2419 18.0866 
v -37.2996 4.17366 18.1004 
v -37.2871 4.36206 18.0902 
v -37.3045 4.38795 18.1103 
v -37.2855 4.32862 18.1121 
v -37.2843 4.2419 18.0866 
v -37.2932 4.23878 18.108 
v -37.2996 4.17366 18.1004 
v -37.7133 4.41174 17.9833 
v -37.6701 4.42065 18.0971 
v -37.7331 4.4028 17.9997 
v -37.688 4.40851 18.1106 
v -37.6486 4.42857 18.0881 
v -37.6847 4.42233 17.9668 
v -37.6189 4.43422 18.0786 
v -37.6467 4.42735 17.9548 
v -37.5844 4.43459 18.0657 
v -37.5749 4.39301 17.9388 
v -37.5371 4.39526 17.9362 
v -37.5471 4.416 18.0692 
v -37.5008 4.40745 18.0641 
v -37.5002 4.39743 17.935 
v -37.4631 4.39951 17.9363 
v -37.4597 4.43199 18.0644 
v -37.4314 4.43705 18.0659 
v -37.4244 4.4012 17.9391 
v -37.3912 4.40292 17.9505 
v -37.4001 4.44149 18.0778 
v -37.3523 4.40368 17.9621 
v -37.3691 4.44333 18.0873 
v -37.3158 4.40356 17.9775 
v -37.3437 4.43912 18.0965 
v -37.3249 4.4312 18.1024 
v -37.2689 4.43923 18.0008 
v -37.6615 4.33676 17.9258 
v -37.6466 4.34922 17.9416 
v -37.6529 4.30773 17.9455 
v -37.6588 4.3085 17.9263 
v -37.6374 4.26886 17.943 
v -37.6433 4.26792 17.9238 
v -37.6291 4.24002 17.9219 
v -37.6236 4.24154 17.9411 
v -37.6045 4.2065 17.92 
v -37.6006 4.20737 17.9396 
v -37.5823 4.18809 17.9187 
v -37.5796 4.18954 17.9384 
v -37.5526 4.18074 17.9373 
v -37.5546 4.17894 17.9173 
v -37.5219 4.18084 17.936 
v -37.5232 4.17776 17.9161 
v -37.4901 4.17878 17.9157 
v -37.49 4.18163 17.9355 
v -37.4588 4.18748 17.9355 
v -37.4577 4.18456 17.9155 
v -37.4237 4.19429 17.9169 
v -37.4259 4.19654 17.9365 
v -37.3911 4.21007 17.92 
v -37.3946 4.21272 17.9395 
v -37.3669 4.23366 17.9432 
v -37.3608 4.23464 17.9242 
v -37.3433 4.27838 17.947 
v -37.3377 4.27737 17.9281 
v -37.3279 4.30987 17.9301 
v -37.3339 4.30954 17.9489 
v -37.3193 4.34445 17.9318 
v -37.3259 4.34332 17.9507 
v -37.326 4.37036 17.9286 
v -37.342 4.38797 17.9444 
v -37.2609 4.28944 18.002 
v -37.3045 4.38795 18.1103 
v -37.2426 4.39332 18.0126 
v -37.3249 4.4312 18.1024 
v -37.2689 4.43923 18.0008 
v -37.2855 4.32862 18.1121 
v -37.2932 4.23878 18.108 
v -37.2397 4.22032 18.0154 
v -37.2996 4.17366 18.1004 
v -37.2491 4.15484 18.0075 
v -37.7347 4.18797 18.008 
v -37.6754 4.15862 18.0933 
v -37.7248 4.12615 18 
v -37.6932 4.21288 18.113 
v -37.763 4.2651 18.0132 
v -37.7098 4.26608 18.1188 
v -37.7058 4.34552 18.1195 
v -37.7586 4.34566 18.0113 
v -37.688 4.40851 18.1106 
v -37.7331 4.4028 17.9997 
v -37.5742 4.1526 18.0661 
v -37.5474 4.15293 18.0588 
v -37.5905 4.09642 17.9667 
v -37.6245 4.09626 17.9769 
v -37.5579 4.12625 17.9413 
v -37.6167 4.157 18.0754 
v -37.6878 4.11244 17.9886 
v -37.6477 4.15356 18.0849 
v -37.7248 4.12615 18 
v -37.6754 4.15862 18.0933 
v -37.5249 4.12844 17.9385 
v -37.5233 4.14971 18.0598 
v -37.4464 4.32509 17.9262 
v -37.4631 4.39951 17.9363 
v -37.4687 4.31962 17.9244 
v -37.4244 4.4012 17.9391 
v -37.5002 4.39743 17.935 
v -37.4256 4.33306 17.9285 
v -37.4893 4.31186 17.9234 
v -37.3912 4.40292 17.9505 
v -37.5106 4.31208 17.9236 
v -37.4043 4.34422 17.9308 
v -37.5371 4.39526 17.9362 
v -37.3523 4.40368 17.9621 
v -37.3801 4.3618 17.935 
v -37.3158 4.40356 17.9775 
v -37.5314 4.31307 17.9248 
v -37.5749 4.39301 17.9388 
v -37.554 4.31496 17.9268 
v -37.6467 4.42735 17.9548 
v -37.5771 4.31827 17.9289 
v -37.6847 4.42233 17.9668 
v -37.6021 4.32842 17.932 
v -37.7133 4.41174 17.9833 
v -37.6197 4.33803 17.9348 
v -37.7331 4.4028 17.9997 
v -37.6439 4.3483 17.9399 
v -37.7586 4.34566 18.0113 
v -37.763 4.2651 18.0132 
v -37.7347 4.18797 18.008 
v -37.6466 4.34922 17.9416 
v -37.6529 4.30773 17.9455 
v -37.7248 4.12615 18 
v -37.6374 4.26886 17.943 
v -37.6374 4.26886 17.943 
v -37.7248 4.12615 18 
v -37.6878 4.11244 17.9886 
v -37.6236 4.24154 17.9411 
v -37.6245 4.09626 17.9769 
v -37.6006 4.20737 17.9396 
v -37.5905 4.09642 17.9667 
v -37.5796 4.18954 17.9384 
v -37.5579 4.12625 17.9413 
v -37.5526 4.18074 17.9373 
v -37.5249 4.12844 17.9385 
v -37.5219 4.18084 17.936 
v -37.4803 4.13174 17.9381 
v -37.49 4.18163 17.9355 
v -37.4588 4.18748 17.9355 
v -37.4357 4.13444 17.9394 
v -37.4259 4.19654 17.9365 
v -37.404 4.13274 17.9459 
v -37.3946 4.21272 17.9395 
v -37.3603 4.11016 17.9728 
v -37.3669 4.23366 17.9432 
v -37.3159 4.13218 17.9819 
v -37.3433 4.27838 17.947 
v -37.2817 4.13806 17.9955 
v -37.3339 4.30954 17.9489 
v -37.2491 4.15484 18.0075 
v -37.3339 4.30954 17.9489 
v -37.2397 4.22032 18.0154 
v -37.3259 4.34332 17.9507 
v -37.2491 4.15484 18.0075 
v -37.342 4.38797 17.9444 
v -37.2609 4.28944 18.002 
v -37.2426 4.39332 18.0126 
v -37.344 4.38687 17.9431 
v -37.2689 4.43923 18.0008 
v -37.3637 4.37527 17.938 

vn -0.929134 -0.0551181 0.370079 
vn -0.740157 -0.330709 0.582677 
vn -0.779528 -0.0551181 0.622047 
vn -0.929134 0 0.370079 
vn -1 0 0.0787402 
vn -0.787402 0 0.622047 
vn -0.929134 0.0472441 0.370079 
vn -0.566929 0 0.826772 
vn -0.779528 0.0472441 0.622047 
vn -0.566929 -0.0551181 0.826772 
vn -0.566929 0.0472441 0.826772 
vn -0.740157 0.322835 0.590551 
vn -0.291339 0 0.96063 
vn -0.527559 0.322835 0.779528 
vn -0.291339 0.0472441 0.952756 
vn 0 0 1 
vn 0 0.0472441 1 
vn -0.291339 -0.0551181 0.952756 
vn 0 -0.0551181 1 
vn -0.275591 0.322835 0.905512 
vn 0 0.322835 0.944882 
vn -0.535433 -0.330709 0.779528 
vn -0.275591 -0.330709 0.905512 
vn 0 -0.330709 0.944882 
vn -0.244094 0.551181 0.80315 
vn 0 0.543307 0.834646 
vn -0.472441 0.551181 0.692913 
vn -0.19685 0.740157 0.637795 
vn 0 0.740157 0.669291 
vn 0 0.913386 0.401575 
vn -0.377953 0.740157 0.551181 
vn -0.653543 0.551181 0.519685 
vn -0.11811 0.913386 0.377953 
vn -0.0314961 0.992126 0.102362 
vn 0 0.992126 0.102362 
vn -0.0629921 0.992126 0.0866142 
vn -0.228346 0.913386 0.330709 
vn -0.519685 0.740157 0.417323 
vn -0.314961 0.913386 0.251969 
vn -0.0866142 0.992126 0.0629921 
vn -0.377953 0.913386 0.149606 
vn -0.0944882 0.992126 0.0393701 
vn -0.102362 0.992126 0.00787402 
vn -0.622047 0.748031 0.244094 
vn -0.401575 0.913386 0.0314961 
vn -0.771654 0.559055 0.307087 
vn -0.661417 0.748031 0.0472441 
vn -0.401575 0.913386 -0.0708661 
vn -0.102362 0.992126 -0.015748 
vn -0.826772 0.566929 0.0629921 
vn 0 0.0472441 1 
vn 0.275591 0.322835 0.905512 
vn 0 0.322835 0.944882 
vn 0.653543 0.551181 0.519685 
vn 0.472441 0.551181 0.692913 
vn 0.527559 0.322835 0.779528 
vn 0.291339 0.0472441 0.952756 
vn 0 0 1 
vn 0.740157 0.322835 0.590551 
vn 0.566929 0.0472441 0.826772 
vn 0.291339 0 0.96063 
vn 0.779528 0.0472441 0.622047 
vn 0.566929 0 0.826772 
vn 0.291339 -0.0551181 0.952756 
vn 0 -0.0551181 1 
vn 0.566929 -0.0551181 0.826772 
vn 0.787402 0 0.622047 
vn 0.929134 0.0472441 0.370079 
vn 0.874016 0.322835 0.354331 
vn 0.771654 0.559055 0.307087 
vn 0.779528 -0.0551181 0.622047 
vn 0.929134 0 0.370079 
vn 0.944882 0.330709 0.0708661 
vn 0.992126 0.0472441 0.0787402 
vn 0.826772 0.566929 0.0629921 
vn 1 0 0.0787402 
vn 0.929134 -0.0551181 0.370079 
vn 0 1 0 
vn -0.0944882 0.992126 0.0393701 
vn -0.0866142 0.992126 0.0629921 
vn -0.102362 0.992126 0.00787402 
vn -0.0629921 0.992126 0.0866142 
vn -0.102362 0.992126 -0.015748 
vn -0.0314961 0.992126 0.102362 
vn -0.0944882 0.992126 -0.0393701 
vn 0 0.992126 0.102362 
vn -0.0787402 0.992126 -0.0551181 
vn 0.0314961 0.992126 0.102362 
vn -0.0708661 0.992126 -0.0708661 
vn 0.0629921 0.992126 0.0866142 
vn -0.0629921 0.992126 -0.0787402 
vn 0.0866142 0.992126 0.0629921 
vn -0.0472441 0.992126 -0.0866142 
vn 0.0944882 0.992126 0.0393701 
vn -0.0314961 0.992126 -0.0944882 
vn 0.102362 0.992126 0.00787402 
vn -0.015748 0.992126 -0.102362 
vn 0.102362 0.992126 -0.015748 
vn 0 0.992126 -0.102362 
vn 0.0866142 0.992126 -0.0393701 
vn 0.015748 0.992126 -0.102362 
vn 0.0314961 0.992126 -0.0944882 
vn 0.0787402 0.992126 -0.0629921 
vn 0.0472441 0.992126 -0.0866142 
vn 0.0708661 0.992126 -0.0708661 
vn 0.0629921 0.992126 -0.0787402 
vn -0.653543 0.748031 -0.125984 
vn -0.362205 0.92126 -0.149606 
vn -0.0944882 0.992126 -0.0393701 
vn -0.811024 0.559055 -0.15748 
vn -0.307087 0.929134 -0.212598 
vn -0.0787402 0.992126 -0.0551181 
vn -0.606299 0.755906 -0.251969 
vn -0.551181 0.740157 -0.377953 
vn -0.480315 0.740157 -0.472441 
vn -0.275591 0.929134 -0.251969 
vn -0.0708661 0.992126 -0.0708661 
vn -0.409449 0.740157 -0.535433 
vn -0.771654 0.551181 -0.322835 
vn -0.700787 0.543307 -0.464567 
vn -0.228346 0.929134 -0.299213 
vn -0.0629921 0.992126 -0.0787402 
vn -0.314961 0.740157 -0.590551 
vn -0.181102 0.92126 -0.338583 
vn -0.0472441 0.992126 -0.0866142 
vn -0.204724 0.740157 -0.637795 
vn -0.11811 0.92126 -0.377953 
vn -0.0314961 0.992126 -0.0944882 
vn -0.102362 0.748031 -0.653543 
vn -0.0629921 0.92126 -0.393701 
vn -0.015748 0.992126 -0.102362 
vn 0 0.748031 -0.661417 
vn 0 0.913386 -0.401575 
vn 0 0.992126 -0.102362 
vn 0.015748 0.992126 -0.102362 
vn 0.0629921 0.92126 -0.393701 
vn 0.102362 0.748031 -0.653543 
vn 0.0314961 0.992126 -0.0944882 
vn 0.11811 0.92126 -0.377953 
vn 0.204724 0.740157 -0.637795 
vn 0.0472441 0.992126 -0.0866142 
vn 0.181102 0.92126 -0.338583 
vn 0.314961 0.740157 -0.590551 
vn 0.0629921 0.992126 -0.0787402 
vn 0.228346 0.929134 -0.299213 
vn 0.409449 0.740157 -0.535433 
vn 0.0708661 0.992126 -0.0708661 
vn 0.275591 0.929134 -0.251969 
vn 0.480315 0.740157 -0.472441 
vn 0.0787402 0.992126 -0.0629921 
vn 0.307087 0.929134 -0.212598 
vn 0.0866142 0.992126 -0.0393701 
vn 0.551181 0.740157 -0.377953 
vn 0.362205 0.92126 -0.149606 
vn 0.102362 0.992126 -0.015748 
vn 0.401575 0.913386 -0.0708661 
vn 0.102362 0.992126 0.00787402 
vn 0.401575 0.913386 0.0314961 
vn 0.377953 0.913386 0.149606 
vn 0.0944882 0.992126 0.0393701 
vn 0.661417 0.748031 0.0472441 
vn 0.653543 0.748031 -0.125984 
vn 0.314961 0.913386 0.251969 
vn 0.0866142 0.992126 0.0629921 
vn 0.0629921 0.992126 0.0866142 
vn 0.622047 0.748031 0.244094 
vn 0.228346 0.913386 0.330709 
vn 0.519685 0.740157 0.417323 
vn 0.11811 0.913386 0.377953 
vn 0.377953 0.740157 0.551181 
vn 0.0314961 0.992126 0.102362 
vn 0 0.913386 0.401575 
vn 0 0.992126 0.102362 
vn 0.19685 0.740157 0.637795 
vn 0 0.740157 0.669291 
vn 0 0.543307 0.834646 
vn 0.244094 0.551181 0.80315 
vn -0.0866142 -0.992126 0.0629921 
vn -0.102362 -0.992126 0.0393701 
vn 0 -1 0 
vn -0.102362 -0.992126 0.00787402 
vn -0.0629921 -0.992126 0.0866142 
vn -0.102362 -0.992126 -0.015748 
vn -0.0314961 -0.992126 0.102362 
vn -0.0866142 -0.992126 -0.0472441 
vn 0 -0.992126 0.110236 
vn -0.0787402 -0.992126 -0.0629921 
vn 0.0314961 -0.992126 0.102362 
vn -0.0708661 -0.992126 -0.0708661 
vn 0.0629921 -0.992126 0.0866142 
vn -0.0551181 -0.992126 -0.0866142 
vn 0.0866142 -0.992126 0.0629921 
vn -0.0472441 -0.992126 -0.0944882 
vn 0.102362 -0.992126 0.0393701 
vn -0.0314961 -0.992126 -0.102362 
vn 0.102362 -0.992126 0.00787402 
vn -0.015748 -0.992126 -0.102362 
vn 0.102362 -0.992126 -0.015748 
vn 0 -0.992126 -0.110236 
vn 0.0866142 -0.992126 -0.0472441 
vn 0.015748 -0.992126 -0.102362 
vn 0.0787402 -0.992126 -0.0629921 
vn 0.0314961 -0.992126 -0.102362 
vn 0.0708661 -0.992126 -0.0708661 
vn 0.0472441 -0.992126 -0.0944882 
vn 0.0551181 -0.992126 -0.0866142 
vn 0.984252 -0.0708661 -0.15748 
vn 0.866142 -0.322835 -0.370079 
vn 0.905512 -0.11811 -0.409449 
vn 0.787402 -0.330709 -0.519685 
vn 0.826772 -0.0944882 -0.551181 
vn 0.92126 0 -0.377953 
vn 0.826772 -0.00787402 -0.559055 
vn 0.992126 0 -0.141732 
vn 0.92126 0 -0.377953 
vn 0.834646 0 -0.551181 
vn 0.834646 0 -0.551181 
vn 0.905512 0 -0.425197 
vn 0.826772 0 -0.559055 
vn 0.929134 0 -0.370079 
vn 0.826772 0 -0.566929 
vn 0.984252 0.0551181 -0.149606 
vn 0.929134 0 -0.370079 
vn 0.818898 0.110236 -0.566929 
vn 0.905512 0.11811 -0.401575 
vn 0.76378 0.330709 -0.551181 
vn 0.929134 0.330709 -0.181102 
vn 0.811024 0.559055 -0.15748 
vn 0.866142 0.330709 -0.370079 
vn 0.700787 0.543307 -0.464567 
vn 0.771654 0.551181 -0.322835 
vn 0.606299 0.755906 -0.251969 
vn 0.740157 -0.330709 0.582677 
vn 0.535433 -0.330709 0.779528 
vn 0.637795 -0.582677 0.503937 
vn 0.275591 -0.330709 0.905512 
vn 0 -0.330709 0.944882 
vn 0.456693 -0.582677 0.669291 
vn 0.23622 -0.582677 0.779528 
vn 0 -0.582677 0.811024 
vn 0.370079 -0.755906 0.543307 
vn 0.19685 -0.755906 0.629921 
vn 0 -0.748031 0.661417 
vn 0 -0.913386 0.409449 
vn 0.11811 -0.913386 0.385827 
vn 0 -0.992126 0.110236 
vn 0.0314961 -0.992126 0.102362 
vn 0.0629921 -0.992126 0.0866142 
vn 0.228346 -0.913386 0.338583 
vn 0.0866142 -0.992126 0.0629921 
vn 0.322835 -0.913386 0.251969 
vn 0.102362 -0.992126 0.0393701 
vn 0.519685 -0.748031 0.409449 
vn 0.377953 -0.913386 0.149606 
vn 0.401575 -0.913386 0.0314961 
vn 0.102362 -0.992126 0.00787402 
vn 0.614173 -0.748031 0.244094 
vn 0.755906 -0.582677 0.299213 
vn 0.653543 -0.755906 0.0472441 
vn 0.874016 -0.330709 0.346457 
vn 0.811024 -0.582677 0.0629921 
vn 0.944882 -0.330709 0.0708661 
vn 0.992126 -0.0551181 0.0787402 
vn 0.645669 -0.755906 -0.11811 
vn 0.795276 -0.582677 -0.149606 
vn 0.929134 -0.330709 -0.173228 
vn 0.401575 -0.913386 -0.0787402 
vn 0.102362 -0.992126 -0.015748 
vn 0.590551 -0.76378 -0.244094 
vn 0.354331 -0.92126 -0.15748 
vn 0.0866142 -0.992126 -0.0472441 
vn 0.755906 -0.582677 -0.314961 
vn 0.535433 -0.76378 -0.354331 
vn 0.314961 -0.92126 -0.220472 
vn 0.0787402 -0.992126 -0.0629921 
vn 0.685039 -0.566929 -0.448819 
vn 0.472441 -0.76378 -0.433071 
vn 0.283465 -0.92126 -0.267717 
vn 0.409449 -0.76378 -0.496063 
vn 0.0708661 -0.992126 -0.0708661 
vn 0.23622 -0.92126 -0.314961 
vn 0.307087 -0.771654 -0.559055 
vn 0.0551181 -0.992126 -0.0866142 
vn 0.188976 -0.913386 -0.354331 
vn 0.204724 -0.771654 -0.598425 
vn 0.0472441 -0.992126 -0.0944882 
vn 0.125984 -0.913386 -0.385827 
vn 0.102362 -0.771654 -0.622047 
vn 0.0314961 -0.992126 -0.102362 
vn 0.0629921 -0.913386 -0.401575 
vn 0 -0.771654 -0.629921 
vn 0.015748 -0.992126 -0.102362 
vn 0 -0.913386 -0.409449 
vn 0 -0.992126 -0.110236 
vn -0.015748 -0.992126 -0.102362 
vn -0.0629921 -0.913386 -0.401575 
vn -0.102362 -0.771654 -0.629921 
vn -0.0314961 -0.992126 -0.102362 
vn -0.125984 -0.913386 -0.385827 
vn -0.204724 -0.771654 -0.606299 
vn -0.0472441 -0.992126 -0.0944882 
vn -0.188976 -0.913386 -0.354331 
vn -0.307087 -0.76378 -0.566929 
vn -0.0551181 -0.992126 -0.0866142 
vn -0.23622 -0.92126 -0.314961 
vn -0.409449 -0.76378 -0.503937 
vn -0.0708661 -0.992126 -0.0708661 
vn -0.283465 -0.92126 -0.267717 
vn -0.472441 -0.76378 -0.440945 
vn -0.0787402 -0.992126 -0.0629921 
vn -0.314961 -0.92126 -0.220472 
vn -0.0866142 -0.992126 -0.0472441 
vn -0.535433 -0.76378 -0.354331 
vn -0.354331 -0.92126 -0.15748 
vn -0.102362 -0.992126 -0.015748 
vn -0.401575 -0.913386 -0.0787402 
vn -0.102362 -0.992126 0.00787402 
vn -0.590551 -0.76378 -0.244094 
vn -0.401575 -0.913386 0.0314961 
vn -0.755906 -0.582677 -0.314961 
vn -0.685039 -0.566929 -0.448819 
vn -0.645669 -0.755906 -0.11811 
vn -0.102362 -0.992126 0.0393701 
vn -0.795276 -0.582677 -0.149606 
vn -0.653543 -0.755906 0.0472441 
vn -0.811024 -0.582677 0.0629921 
vn -0.614173 -0.748031 0.244094 
vn -0.377953 -0.913386 0.149606 
vn -0.322835 -0.913386 0.251969 
vn -0.0866142 -0.992126 0.0629921 
vn -0.519685 -0.748031 0.409449 
vn -0.755906 -0.582677 0.299213 
vn -0.944882 -0.330709 0.0708661 
vn -0.637795 -0.582677 0.503937 
vn -0.370079 -0.755906 0.543307 
vn -0.228346 -0.913386 0.338583 
vn -0.0629921 -0.992126 0.0866142 
vn -0.874016 -0.330709 0.346457 
vn -0.11811 -0.913386 0.385827 
vn -0.0314961 -0.992126 0.102362 
vn 0 -0.992126 0.110236 
vn 0 -0.913386 0.409449 
vn -0.188976 -0.755906 0.629921 
vn 0 -0.748031 0.661417 
vn 0 -0.582677 0.811024 
vn -0.23622 -0.582677 0.779528 
vn -0.456693 -0.582677 0.669291 
vn -0.992126 -0.0551181 0.0787402 
vn -0.929134 -0.330709 -0.173228 
vn -0.984252 -0.0708661 -0.15748 
vn -0.866142 -0.322835 -0.370079 
vn -0.787402 -0.330709 -0.519685 
vn -0.905512 -0.11811 -0.409449 
vn -0.826772 -0.0944882 -0.559055 
vn -0.92126 0 -0.377953 
vn -0.826772 -0.00787402 -0.559055 
vn -0.992126 0 -0.141732 
vn -0.92126 0 -0.377953 
vn -0.834646 0 -0.559055 
vn -0.834646 0 -0.551181 
vn -0.905512 0 -0.425197 
vn -0.826772 0 -0.559055 
vn -0.992126 0.0472441 0.0787402 
vn -0.929134 0 -0.370079 
vn -0.826772 0 -0.566929 
vn -0.984252 0.0551181 -0.149606 
vn -0.929134 0 -0.370079 
vn -0.818898 0.110236 -0.566929 
vn -0.905512 0.11811 -0.401575 
vn -0.76378 0.330709 -0.551181 
vn -0.866142 0.330709 -0.370079 
vn -0.929134 0.330709 -0.181102 
vn -0.944882 0.330709 0.0708661 
vn -0.874016 0.322835 0.354331 
vn 0.590551 -0.425197 -0.685039 
vn 0.685039 -0.566929 -0.448819 
vn 0.582677 -0.519685 -0.622047 
vn 0.472441 -0.76378 -0.433071 
vn 0.535433 -0.76378 -0.354331 
vn 0.409449 -0.76378 -0.496063 
vn 0.787402 -0.330709 -0.519685 
vn 0.496063 -0.496063 -0.716535 
vn 0.307087 -0.771654 -0.559055 
vn 0.622047 -0.275591 -0.740157 
vn 0.826772 -0.0944882 -0.551181 
vn 0.354331 -0.511811 -0.779528 
vn 0.204724 -0.771654 -0.598425 
vn 0.511811 -0.346457 -0.787402 
vn 0.551181 -0.228346 -0.80315 
vn 0.23622 -0.535433 -0.811024 
vn 0.102362 -0.771654 -0.622047 
vn 0.346457 -0.401575 -0.84252 
vn 0.480315 -0.188976 -0.858268 
vn 0.228346 -0.425197 -0.874016 
vn 0.125984 -0.551181 -0.826772 
vn 0.023622 -0.559055 -0.826772 
vn 0 -0.771654 -0.629921 
vn 0.330709 -0.19685 -0.92126 
vn 0.125984 -0.433071 -0.889764 
vn 0.228346 -0.212598 -0.952756 
vn -0.0787402 -0.551181 -0.826772 
vn -0.102362 -0.771654 -0.629921 
vn 0.0314961 -0.440945 -0.897638 
vn 0.133858 -0.220472 -0.968504 
vn -0.19685 -0.543307 -0.818898 
vn -0.204724 -0.771654 -0.606299 
vn -0.0708661 -0.440945 -0.897638 
vn -0.188976 -0.440945 -0.874016 
vn -0.338583 -0.527559 -0.779528 
vn -0.307087 -0.76378 -0.566929 
vn -0.314961 -0.433071 -0.84252 
vn 0.0393701 -0.228346 -0.976378 
vn -0.0551181 -0.23622 -0.968504 
vn -0.149606 -0.244094 -0.96063 
vn -0.259843 -0.23622 -0.937008 
vn -0.11811 -0.15748 -0.984252 
vn -0.0472441 -0.15748 -0.984252 
vn -0.204724 -0.141732 -0.968504 
vn -0.401575 -0.204724 -0.889764 
vn -0.275591 -0.133858 -0.952756 
vn -0.496063 -0.354331 -0.795276 
vn -0.346457 -0.102362 -0.929134 
vn -0.488189 -0.496063 -0.716535 
vn -0.409449 -0.76378 -0.503937 
vn -0.527559 -0.228346 -0.818898 
vn -0.582677 -0.433071 -0.685039 
vn -0.590551 -0.519685 -0.622047 
vn -0.472441 -0.76378 -0.440945 
vn -0.685039 -0.566929 -0.448819 
vn -0.0787402 0 -1 
vn -0.0866142 0 -1 
vn -0.0472441 0 -1 
vn -0.141732 -0.00787402 -0.992126 
vn -0.102362 0 -0.992126 
vn -0.0629921 0 -1 
vn -0.133858 0 -0.992126 
vn 0 0 -1 
vn -0.0787402 0 -1 
vn 0 0 -1 
vn 0.0787402 0 -1 
vn -0.19685 -0.015748 -0.976378 
vn -0.133858 0 -0.992126 
vn -0.212598 0 -0.976378 
vn -0.173228 0 -0.984252 
vn -0.0866142 0 -1 
vn -0.251969 -0.015748 -0.968504 
vn -0.173228 -0.00787402 -0.984252 
vn -0.291339 0 -0.952756 
vn -0.307087 -0.00787402 -0.952756 
vn -0.385827 -0.00787402 -0.92126 
vn -0.425197 0.00787402 -0.905512 
vn -0.283465 0 -0.96063 
vn -0.401575 -0.00787402 -0.913386 
vn -0.574803 0 -0.818898 
vn -0.574803 0.00787402 -0.818898 
vn -0.692913 0 -0.716535 
vn -0.181102 0 -0.984252 
vn -0.299213 0 -0.952756 
vn -0.409449 0 -0.913386 
vn -0.677165 0 -0.740157 
vn -0.826772 0 -0.559055 
vn -0.590551 0 -0.811024 
vn -0.409449 0 -0.913386 
vn -0.299213 0 -0.952756 
vn -0.590551 0 -0.811024 
vn -0.692913 0 -0.724409 
vn -0.826772 0 -0.566929 
vn -0.582677 0.023622 -0.811024 
vn -0.685039 0.0314961 -0.724409 
vn -0.818898 0.110236 -0.566929 
vn -0.409449 0.00787402 -0.913386 
vn -0.559055 0.181102 -0.811024 
vn -0.645669 0.228346 -0.732283 
vn -0.76378 0.330709 -0.551181 
vn -0.480315 0.19685 -0.858268 
vn -0.551181 0.354331 -0.755906 
vn -0.622047 0.401575 -0.677165 
vn -0.23622 0.0314961 -0.968504 
vn -0.755906 -0.110236 -0.645669 
vn -0.740157 0.0314961 -0.669291 
vn -0.968504 -0.204724 0.149606 
vn -0.992126 0.00787402 0.149606 
vn -0.88189 -0.433071 0.19685 
vn -0.968504 0.19685 0.15748 
vn -0.748031 0.165354 -0.645669 
vn -0.88189 0.448819 0.15748 
vn -0.755906 -0.283465 -0.590551 
vn -0.677165 -0.708661 0.212598 
vn -0.23622 0.00787402 -0.968504 
vn -0.748031 0.377953 -0.543307 
vn -0.685039 0.708661 0.173228 
vn -0.23622 0.0629921 -0.968504 
vn -0.19685 0.0314961 -0.976378 
vn -0.228346 0.00787402 -0.976378 
vn -0.228346 0.110236 -0.968504 
vn -0.708661 -0.551181 -0.440945 
vn -0.385827 -0.779528 -0.496063 
vn -0.251969 -0.968504 0.00787402 
vn -0.220472 0.00787402 -0.976378 
vn -0.19685 0.00787402 -0.984252 
vn -0.19685 0.00787402 -0.984252 
vn -0.19685 0.00787402 -0.984252 
vn -0.141732 -0.732283 -0.669291 
vn -0.015748 -0.992126 -0.133858 
vn 0.0866142 -0.748031 -0.653543 
vn 0.267717 -0.937008 -0.220472 
vn -0.173228 0.00787402 -0.984252 
vn 0.354331 -0.488189 -0.795276 
vn 0.653543 -0.645669 -0.393701 
vn 0.76378 -0.377953 -0.527559 
vn -0.165354 0.00787402 -0.984252 
vn 0.362205 -0.244094 -0.897638 
vn 0.787402 -0.165354 -0.590551 
vn -0.15748 0.00787402 -0.984252 
vn 0.354331 -0.0944882 -0.929134 
vn 0.795276 0.015748 -0.598425 
vn -0.15748 0.0314961 -0.984252 
vn 0.338583 0.0314961 -0.937008 
vn 0.779528 0.204724 -0.590551 
vn 0.354331 0.165354 -0.92126 
vn -0.15748 0.0629921 -0.984252 
vn 0.362205 0.354331 -0.858268 
vn 0.724409 0.440945 -0.527559 
vn -0.19685 0.0629921 -0.976378 
vn 0.322835 0.582677 -0.748031 
vn 0.622047 0.669291 -0.401575 
vn -0.165354 0.110236 -0.984252 
vn 0.259843 0.952756 -0.181102 
vn -0.19685 0.110236 -0.976378 
vn -0.173228 0.141732 -0.976378 
vn 0.11811 0.850394 -0.511811 
vn -0.00787402 0.992126 -0.110236 
vn -0.19685 0.141732 -0.968504 
vn -0.11811 0.850394 -0.519685 
vn -0.244094 0.968504 0.023622 
vn -0.346457 0.874016 -0.346457 
vn -0.220472 0.141732 -0.968504 
vn -0.645669 0.629921 -0.425197 
vn 0.740157 0.0314961 -0.669291 
vn 0.755906 -0.110236 -0.645669 
vn 0.23622 0.0314961 -0.968504 
vn 0.968504 -0.204724 0.141732 
vn 0.984252 0.00787402 0.15748 
vn 0.88189 -0.433071 0.181102 
vn 0.968504 0.188976 0.173228 
vn 0.748031 0.15748 -0.645669 
vn 0.88189 0.448819 0.165354 
vn 0.755906 -0.275591 -0.598425 
vn 0.677165 -0.708661 0.19685 
vn 0.23622 0.00787402 -0.968504 
vn 0.748031 0.377953 -0.551181 
vn 0.685039 0.708661 0.173228 
vn 0.23622 0.0629921 -0.968504 
vn 0.19685 0.0314961 -0.976378 
vn 0.228346 0.00787402 -0.976378 
vn 0.645669 0.629921 -0.433071 
vn 0.228346 0.110236 -0.968504 
vn 0.19685 0.0629921 -0.976378 
vn 0.220472 0.141732 -0.968504 
vn 0.346457 0.874016 -0.346457 
vn 0.23622 0.968504 0.023622 
vn 0.19685 0.110236 -0.976378 
vn 0.19685 0.141732 -0.968504 
vn 0.110236 0.850394 -0.519685 
vn 0.00787402 0.992126 -0.102362 
vn -0.11811 0.850394 -0.511811 
vn -0.259843 0.952756 -0.173228 
vn 0.173228 0.141732 -0.976378 
vn -0.330709 0.582677 -0.748031 
vn -0.629921 0.669291 -0.393701 
vn -0.732283 0.440945 -0.519685 
vn 0.165354 0.110236 -0.984252 
vn -0.370079 0.354331 -0.858268 
vn -0.787402 0.204724 -0.574803 
vn 0.15748 0.0708661 -0.984252 
vn -0.354331 0.165354 -0.92126 
vn -0.346457 0.0314961 -0.937008 
vn -0.811024 0.015748 -0.590551 
vn 0.15748 0.0314961 -0.984252 
vn -0.362205 -0.0944882 -0.929134 
vn -0.795276 -0.173228 -0.582677 
vn 0.15748 0.00787402 -0.984252 
vn -0.370079 -0.244094 -0.897638 
vn -0.76378 -0.377953 -0.519685 
vn 0.19685 0.00787402 -0.984252 
vn 0.165354 0.00787402 -0.984252 
vn -0.362205 -0.488189 -0.795276 
vn -0.661417 -0.645669 -0.385827 
vn -0.267717 -0.937008 -0.212598 
vn 0.19685 0.00787402 -0.984252 
vn 0.173228 0.00787402 -0.984252 
vn -0.0944882 -0.748031 -0.653543 
vn 0.015748 -0.992126 -0.133858 
vn 0.19685 0.00787402 -0.984252 
vn 0.141732 -0.732283 -0.669291 
vn 0.251969 -0.968504 0 
vn 0.377953 -0.779528 -0.496063 
vn 0.220472 0.00787402 -0.976378 
vn 0.700787 -0.551181 -0.448819 
vn -0.417323 -0.0629921 0.905512 
vn -0.440945 0.00787402 0.897638 
vn -0.440945 0.015748 0.897638 
vn 0.409449 0.0551181 0.913386 
vn 0.409449 0.0551181 0.905512 
vn 0.393701 -0.0787402 0.913386 
vn -0.700787 0.543307 -0.464567 
vn -0.551181 0.740157 -0.377953 
vn -0.480315 0.740157 -0.472441 
vn -0.409449 0.740157 -0.535433 
vn -0.448819 0.377953 -0.80315 
vn -0.314961 0.740157 -0.590551 
vn -0.314961 0.425197 -0.850394 
vn -0.204724 0.740157 -0.637795 
vn -0.393701 0.259843 -0.88189 
vn -0.204724 0.433071 -0.88189 
vn -0.393701 0.11811 -0.913386 
vn -0.291339 0.275591 -0.913386 
vn -0.102362 0.748031 -0.653543 
vn -0.283465 0.0393701 -0.96063 
vn -0.291339 0.00787402 -0.96063 
vn -0.0944882 0.440945 -0.889764 
vn 0 0.748031 -0.661417 
vn -0.188976 0.275591 -0.944882 
vn -0.181102 0.0472441 -0.984252 
vn -0.181102 0 -0.984252 
vn -0.181102 0.00787402 -0.984252 
vn -0.0866142 0.0472441 -0.992126 
vn -0.0944882 0.275591 -0.96063 
vn -0.0866142 0.015748 -1 
vn -0.0866142 0 -1 
vn 0 0.448819 -0.889764 
vn 0 0.275591 -0.96063 
vn 0 0 -1 
vn 0 0.015748 -1 
vn 0.0866142 0 -1 
vn 0.173228 0 -0.984252 
vn 0.181102 0 -0.984252 
vn 0.0866142 0 -1 
vn 0 0.0472441 -1 
vn 0.0866142 0.015748 -1 
vn 0.0944882 0.275591 -0.96063 
vn 0.0866142 0.0472441 -0.992126 
vn 0.181102 0 -0.984252 
vn 0.181102 0.00787402 -0.984252 
vn 0.0944882 0.440945 -0.889764 
vn 0.102362 0.748031 -0.653543 
vn 0.188976 0.275591 -0.944882 
vn 0.204724 0.433071 -0.88189 
vn 0.204724 0.740157 -0.637795 
vn 0.181102 0.0472441 -0.984252 
vn 0.291339 0.275591 -0.913386 
vn 0.314961 0.425197 -0.850394 
vn 0.314961 0.740157 -0.590551 
vn 0.291339 0.00787402 -0.96063 
vn 0.283465 0.0393701 -0.96063 
vn 0.456693 0.377953 -0.80315 
vn 0.393701 0.259843 -0.88189 
vn 0.409449 0.740157 -0.535433 
vn 0.393701 0.11811 -0.913386 
vn 0.480315 0.19685 -0.858268 
vn 0.551181 0.354331 -0.755906 
vn 0.480315 0.740157 -0.472441 
vn 0.559055 0.181102 -0.811024 
vn 0.409449 0.00787402 -0.913386 
vn 0.582677 0.023622 -0.811024 
vn 0.299213 0 -0.952756 
vn 0.409449 0 -0.913386 
vn 0.299213 0 -0.952756 
vn 0.283465 0 -0.96063 
vn 0.401575 -0.00787402 -0.913386 
vn 0.409449 0 -0.913386 
vn 0.574803 0 -0.818898 
vn 0.590551 0 -0.811024 
vn 0.692913 0 -0.716535 
vn 0.590551 0 -0.811024 
vn 0.677165 0 -0.740157 
vn 0.826772 0 -0.559055 
vn 0.692913 0 -0.724409 
vn 0.826772 0 -0.566929 
vn 0.685039 0.0314961 -0.724409 
vn 0.818898 0.110236 -0.566929 
vn 0.645669 0.228346 -0.732283 
vn 0.76378 0.330709 -0.551181 
vn 0.622047 0.401575 -0.677165 
vn 0.700787 0.543307 -0.464567 
vn 0.551181 0.740157 -0.377953 
vn -0.0393701 -0.0629921 -1 
vn -0.0787402 -0.0629921 -0.992126 
vn -0.0472441 -0.023622 -1 
vn -0.0944882 -0.023622 -0.992126 
vn 0 -0.023622 -1 
vn -0.0866142 -0.11811 -0.992126 
vn -0.125984 -0.0629921 -0.992126 
vn -0.141732 -0.11811 -0.984252 
vn -0.141732 -0.023622 -0.992126 
vn -0.0551181 -0.00787402 -1 
vn -0.165354 -0.0629921 -0.984252 
vn -0.110236 -0.00787402 -0.992126 
vn 0 -0.00787402 -1 
vn -0.0629921 0 -1 
vn 0 0 -1 
vn 0 0 -1 
vn -0.0708661 0 -1 
vn -0.141732 0 -0.992126 
vn -0.15748 0 -0.984252 
vn -0.181102 -0.00787402 -0.984252 
vn -0.228346 0.00787402 -0.976378 
vn -0.267717 0.00787402 -0.96063 
vn -0.19685 -0.023622 -0.984252 
vn -0.251969 -0.00787402 -0.968504 
vn -0.330709 0 -0.944882 
vn -0.401575 0.00787402 -0.913386 
vn -0.425197 0.00787402 -0.905512 
vn -0.456693 0.00787402 -0.889764 
vn -0.480315 0.00787402 -0.874016 
vn -0.314961 -0.00787402 -0.944882 
vn -0.448819 0.00787402 -0.889764 
vn -0.503937 -0.00787402 -0.866142 
vn -0.362205 -0.00787402 -0.929134 
vn -0.244094 -0.023622 -0.968504 
vn -0.291339 -0.023622 -0.96063 
vn -0.472441 -0.00787402 -0.88189 
vn -0.511811 -0.0551181 -0.858268 
vn -0.401575 -0.015748 -0.913386 
vn -0.330709 -0.0314961 -0.944882 
vn -0.488189 -0.0551181 -0.874016 
vn -0.503937 -0.149606 -0.850394 
vn -0.425197 -0.0551181 -0.905512 
vn -0.362205 -0.0629921 -0.929134 
vn -0.307087 -0.0629921 -0.952756 
vn -0.480315 -0.133858 -0.866142 
vn -0.440945 -0.23622 -0.866142 
vn -0.464567 -0.267717 -0.84252 
vn -0.401575 -0.110236 -0.905512 
vn -0.433071 -0.314961 -0.84252 
vn -0.330709 -0.0944882 -0.937008 
vn -0.354331 -0.149606 -0.92126 
vn -0.393701 -0.283465 -0.874016 
vn -0.385827 -0.322835 -0.866142 
vn -0.275591 -0.0629921 -0.96063 
vn -0.283465 -0.110236 -0.952756 
vn -0.299213 -0.173228 -0.937008 
vn -0.314961 -0.283465 -0.905512 
vn -0.259843 -0.338583 -0.905512 
vn -0.23622 -0.0629921 -0.968504 
vn -0.23622 -0.110236 -0.96063 
vn -0.204724 -0.0629921 -0.976378 
vn -0.188976 -0.110236 -0.976378 
vn -0.23622 -0.173228 -0.952756 
vn -0.173228 -0.181102 -0.968504 
vn -0.220472 -0.283465 -0.929134 
vn -0.165354 -0.346457 -0.92126 
vn -0.141732 -0.283465 -0.944882 
vn -0.0787402 -0.354331 -0.929134 
vn -0.110236 -0.181102 -0.976378 
vn -0.0708661 -0.291339 -0.952756 
vn 0 -0.354331 -0.937008 
vn -0.0551181 -0.181102 -0.984252 
vn -0.0472441 -0.11811 -0.992126 
vn 0 -0.291339 -0.96063 
vn 0 -0.181102 -0.984252 
vn 0 -0.0629921 -1 
vn 0 -0.11811 -0.992126 
vn 0.0472441 -0.11811 -0.992126 
vn 0.0551181 -0.181102 -0.984252 
vn 0.0708661 -0.291339 -0.952756 
vn 0.0787402 -0.354331 -0.929134 
vn 0.0393701 -0.0629921 -1 
vn 0.0866142 -0.11811 -0.992126 
vn 0.110236 -0.181102 -0.976378 
vn 0.141732 -0.283465 -0.944882 
vn 0.165354 -0.346457 -0.92126 
vn 0.0472441 -0.023622 -1 
vn 0.0787402 -0.0629921 -0.992126 
vn 0.141732 -0.11811 -0.984252 
vn 0.0944882 -0.023622 -0.992126 
vn 0.0551181 -0.00787402 -1 
vn 0.125984 -0.0629921 -0.992126 
vn 0.0629921 0 -1 
vn 0.0708661 0 -1 
vn 0.110236 -0.00787402 -0.992126 
vn 0.141732 0 -0.992126 
vn 0.15748 0 -0.984252 
vn 0.141732 -0.023622 -0.992126 
vn 0.181102 -0.00787402 -0.984252 
vn 0.228346 0.00787402 -0.976378 
vn 0.267717 0.00787402 -0.96063 
vn 0.165354 -0.0629921 -0.984252 
vn 0.19685 -0.023622 -0.984252 
vn 0.251969 -0.00787402 -0.968504 
vn 0.330709 0 -0.944882 
vn 0.401575 0.00787402 -0.913386 
vn 0.425197 0.00787402 -0.905512 
vn 0.456693 0.00787402 -0.889764 
vn 0.480315 0.00787402 -0.874016 
vn 0.314961 -0.00787402 -0.944882 
vn 0.448819 0.00787402 -0.889764 
vn 0.503937 -0.00787402 -0.866142 
vn 0.362205 -0.00787402 -0.929134 
vn 0.244094 -0.023622 -0.968504 
vn 0.291339 -0.023622 -0.96063 
vn 0.472441 -0.00787402 -0.88189 
vn 0.511811 -0.0551181 -0.858268 
vn 0.401575 -0.015748 -0.913386 
vn 0.488189 -0.0551181 -0.874016 
vn 0.503937 -0.149606 -0.850394 
vn 0.425197 -0.0551181 -0.905512 
vn 0.330709 -0.0314961 -0.944882 
vn 0.362205 -0.0629921 -0.929134 
vn 0.480315 -0.133858 -0.866142 
vn 0.401575 -0.110236 -0.905512 
vn 0.440945 -0.23622 -0.866142 
vn 0.464567 -0.267717 -0.84252 
vn 0.433071 -0.314961 -0.84252 
vn 0.307087 -0.0629921 -0.952756 
vn 0.393701 -0.283465 -0.874016 
vn 0.385827 -0.322835 -0.866142 
vn 0.354331 -0.149606 -0.92126 
vn 0.330709 -0.0944882 -0.937008 
vn 0.275591 -0.0629921 -0.96063 
vn 0.283465 -0.110236 -0.952756 
vn 0.299213 -0.173228 -0.937008 
vn 0.23622 -0.0629921 -0.968504 
vn 0.23622 -0.110236 -0.96063 
vn 0.314961 -0.283465 -0.905512 
vn 0.259843 -0.338583 -0.905512 
vn 0.204724 -0.0629921 -0.976378 
vn 0.188976 -0.110236 -0.976378 
vn 0.220472 -0.283465 -0.929134 
vn 0.23622 -0.173228 -0.952756 
vn 0.173228 -0.181102 -0.968504 
vn -0.0472441 0 -1 
vn -0.015748 0 -1 
vn -0.0393701 -0.00787402 -1 
vn -0.00787402 0 -1 
vn -0.0629921 0 -1 
vn 0.00787402 0 -1 
vn -0.0787402 0 -1 
vn 0.00787402 0 -1 
vn -0.0708661 0.015748 -1 
vn 0.0393701 0 -1 
vn -0.102362 0 -0.992126 
vn 0.0393701 0 -1 
vn -0.0944882 0.0393701 -0.992126 
vn 0.0629921 0 -1 
vn -0.133858 0 -0.992126 
vn 0.0629921 0 -1 
vn -0.125984 0.0551181 -0.992126 
vn 0.0787402 0 -1 
vn -0.173228 -0.00787402 -0.984252 
vn 0.0944882 0 -0.992126 
vn -0.149606 0.0393701 -0.984252 
vn 0.0944882 0.023622 -0.992126 
vn -0.212598 -0.00787402 -0.976378 
vn 0.11811 0 -0.992126 
vn -0.188976 -0.00787402 -0.984252 
vn 0.110236 0.0393701 -0.992126 
vn -0.220472 -0.00787402 -0.976378 
vn 0.149606 0.00787402 -0.992126 
vn -0.212598 -0.015748 -0.976378 
vn 0.141732 0.0472441 -0.992126 
vn -0.165354 -0.0314961 -0.984252 
vn 0.188976 0 -0.984252 
vn -0.173228 -0.0314961 -0.984252 
vn 0.173228 0.0393701 -0.984252 
vn -0.141732 -0.0393701 -0.992126 
vn 0.228346 -0.015748 -0.976378 
vn -0.149606 -0.023622 -0.992126 
vn 0.212598 0 -0.976378 
vn -0.11811 -0.0393701 -0.992126 
vn 0.244094 0 -0.968504 
vn -0.0866142 -0.0314961 -0.992126 
vn 0.23622 -0.00787402 -0.968504 
vn -0.11811 -0.0314961 -0.992126 
vn 0.188976 -0.023622 -0.984252 
vn -0.0629921 -0.015748 -1 
vn 0.204724 -0.023622 -0.976378 
vn -0.0866142 -0.0314961 -0.992126 
vn 0.173228 -0.0314961 -0.984252 
vn -0.0393701 -0.015748 -1 
vn 0.188976 -0.00787402 -0.984252 
vn -0.0472441 -0.0314961 -1 
vn 0.15748 -0.0314961 -0.984252 
vn -0.00787402 -0.015748 -1 
vn 0.11811 -0.023622 -0.992126 
vn -0.015748 -0.0314961 -1 
vn 0.15748 -0.015748 -0.984252 
vn 0.015748 -0.023622 -1 
vn 0.0944882 -0.015748 -0.992126 
vn 0.023622 -0.0314961 -1 
vn 0.125984 -0.023622 -0.992126 
vn 0.0551181 -0.0314961 -1 
vn 0.0708661 -0.015748 -1 
vn 0.0472441 -0.015748 -1 
vn 0.0866142 -0.023622 -0.992126 
vn -0.362205 -0.0787402 0.929134 
vn -0.393701 -0.0629921 0.913386 
vn -0.409449 -0.0629921 0.905512 
vn -0.314961 -0.102362 0.944882 
vn -0.535433 -0.76378 -0.354331 
vn -0.787402 -0.330709 -0.519685 
vn -0.606299 -0.299213 -0.740157 
vn -0.826772 -0.0944882 -0.559055 
vn -0.551181 -0.251969 -0.795276 
vn -0.685039 -0.125984 -0.716535 
vn -0.716535 -0.0314961 -0.700787 
vn -0.826772 -0.00787402 -0.559055 
vn -0.598425 -0.0944882 -0.795276 
vn -0.409449 -0.0787402 -0.905512 
vn -0.716535 0 -0.700787 
vn -0.834646 0 -0.559055 
vn -0.606299 -0.015748 -0.795276 
vn -0.440945 -0.0472441 -0.897638 
vn -0.456693 -0.015748 -0.889764 
vn -0.598425 0.00787402 -0.80315 
vn -0.708661 0.00787402 -0.708661 
vn -0.834646 0 -0.551181 
vn -0.440945 0 -0.897638 
vn -0.338583 -0.015748 -0.937008 
vn -0.322835 -0.0314961 -0.944882 
vn -0.322835 -0.00787402 -0.944882 
vn -0.220472 -0.00787402 -0.976378 
vn -0.212598 -0.015748 -0.976378 
vn -0.212598 -0.00787402 -0.976378 
vn -0.299213 -0.0393701 -0.952756 
vn -0.173228 -0.0314961 -0.984252 
vn -0.251969 -0.0629921 -0.968504 
vn -0.149606 -0.023622 -0.992126 
vn -0.19685 -0.0708661 -0.976378 
vn -0.11811 -0.0314961 -0.992126 
vn -0.141732 -0.0787402 -0.984252 
vn -0.0866142 -0.0314961 -0.992126 
vn -0.0787402 -0.0866142 -0.992126 
vn -0.0472441 -0.0314961 -1 
vn -0.023622 -0.0944882 -0.992126 
vn -0.015748 -0.0314961 -1 
vn 0.0393701 -0.149606 -0.984252 
vn 0.0314961 -0.0866142 -0.992126 
vn 0.023622 -0.0314961 -1 
vn 0.0551181 -0.0314961 -1 
vn 0.0866142 -0.0787402 -0.992126 
vn 0.0866142 -0.023622 -0.992126 
vn 0.11811 -0.141732 -0.984252 
vn 0.133858 -0.0708661 -0.984252 
vn 0.125984 -0.023622 -0.992126 
vn 0.188976 -0.133858 -0.976378 
vn 0.19685 -0.0551181 -0.976378 
vn 0.15748 -0.015748 -0.984252 
vn 0.259843 -0.110236 -0.96063 
vn 0.244094 -0.0393701 -0.968504 
vn 0.188976 -0.00787402 -0.984252 
vn 0.330709 -0.0866142 -0.937008 
vn 0.299213 -0.023622 -0.952756 
vn 0.204724 -0.023622 -0.976378 
vn 0.393701 -0.0629921 -0.913386 
vn 0.330709 -0.00787402 -0.944882 
vn 0.23622 -0.00787402 -0.968504 
vn 0.440945 -0.0472441 -0.897638 
vn 0.354331 -0.00787402 -0.937008 
vn 0.244094 0 -0.968504 
vn 0.566929 -0.212598 -0.795276 
vn 0.685039 -0.11811 -0.716535 
vn 0.614173 -0.0787402 -0.787402 
vn 0.716535 -0.023622 -0.700787 
vn 0.826772 -0.00787402 -0.559055 
vn 0.456693 -0.023622 -0.889764 
vn 0.614173 -0.015748 -0.787402 
vn 0.716535 0 -0.700787 
vn 0.834646 0 -0.551181 
vn 0.456693 -0.00787402 -0.889764 
vn 0.606299 0.00787402 -0.795276 
vn 0.708661 0.00787402 -0.708661 
vn 0.834646 0 -0.551181 
vn 0.582677 0.00787402 -0.811024 
vn 0.440945 0 -0.897638 
vn 0.362205 -0.00787402 -0.929134 
vn 0.338583 -0.00787402 -0.937008 
vn 0.228346 -0.015748 -0.976378 
vn 0.425197 0.00787402 -0.905512 
vn 0.307087 -0.00787402 -0.952756 
vn 0.188976 0 -0.984252 
vn 0.385827 -0.00787402 -0.92126 
vn 0.259843 -0.023622 -0.96063 
vn 0.149606 0.00787402 -0.992126 
vn 0.204724 -0.015748 -0.976378 
vn 0.11811 0 -0.992126 
vn 0.307087 -0.00787402 -0.952756 
vn 0.149606 -0.00787402 -0.992126 
vn 0.0944882 0 -0.992126 
vn 0.212598 0 -0.976378 
vn 0.0866142 0 -0.992126 
vn 0.0629921 0 -1 
vn 0.133858 0 -0.992126 
vn 0.0472441 0 -1 
vn 0.0393701 0 -1 
vn 0.0629921 0 -1 
vn 0 0 -1 
vn 0.00787402 0 -1 
vn -0.015748 0 -1 
vn 0 0 -1 
vn -0.0393701 0 -1 
vn 0.0314961 -1 0.015748 
vn 0.102362 -0.992126 0.015748 
vn 0.0314961 -1 0.015748 
vn 0.102362 -0.992126 0.015748 
vn -0.0314961 -1 0.015748 
vn 0.181102 -0.984252 0.015748 
vn -0.0314961 -1 0.015748 
vn 0.181102 -0.984252 0.015748 
vn -0.0787402 -1 0.023622 
vn 0.23622 -0.968504 0.0314961 
vn -0.0787402 -1 0.023622 
vn 0.23622 -0.968504 0.0314961 
vn -0.125984 -0.992126 0.0314961 
vn 0.283465 -0.96063 0.0393701 
vn -0.133858 -0.992126 0.0314961 
vn 0.283465 -0.96063 0.0393701 
vn -0.188976 -0.984252 0.0393701 
vn 0.322835 -0.944882 0.0551181 
vn -0.188976 -0.984252 0.0393701 
vn 0.322835 -0.944882 0.0551181 
vn -0.220472 -0.976378 0.0393701 
vn 0.370079 -0.929134 0.0708661 
vn -0.220472 -0.976378 0.0393701 
vn 0.370079 -0.929134 0.0708661 
vn -0.228346 -0.976378 0.0393701 
vn 0.401575 -0.913386 0.0708661 
vn -0.228346 -0.976378 0.0393701 
vn -0.244094 -0.968504 0.0393701 
vn -0.244094 -0.968504 0.0393701 
vn 0.401575 -0.913386 0.0708661 
vn 0.393701 -0.92126 0.0708661 
vn 0.385827 -0.92126 0.0708661 
vn 0.377953 -0.92126 0.0629921 
vn 0.377953 -0.92126 0.0629921 
vn -0.149606 -0.0944882 -0.984252 
vn -0.188976 -0.275591 -0.944882 
vn -0.173228 -0.110236 -0.976378 
vn -0.188976 -0.212598 -0.96063 
vn -0.19685 0.125984 -0.968504 
vn -0.0787402 -0.0393701 -0.992126 
vn -0.141732 -0.0866142 -0.984252 
vn -0.755906 0.0551181 -0.653543 
vn -0.11811 0.0944882 -0.992126 
vn -0.370079 0.251969 -0.897638 
vn -0.251969 0.228346 -0.937008 
vn -0.984252 0.0314961 -0.15748 
vn -0.984252 -0.0708661 -0.141732 
vn -0.992126 -0.0787402 -0.11811 
vn -0.992126 -0.0787402 -0.11811 
vn -0.992126 -0.133858 0.0393701 
vn -0.165354 0.165354 -0.968504 
vn -0.0787402 0.0551181 -0.992126 
vn -0.133858 0.0944882 -0.984252 
vn -0.0472441 0.023622 -1 
vn -0.0787402 0.0314961 -1 
vn -0.0393701 0.0314961 -1 
vn 0.00787402 0.015748 -1 
vn 0.00787402 0 -1 
vn -0.0314961 0.0787402 -1 
vn 0 0.0944882 -0.992126 
vn 0.00787402 0.00787402 -1 
vn 0.00787402 0 -1 
vn 0.00787402 0.0944882 -0.992126 
vn 0 0.00787402 -1 
vn 0 0 -1 
vn 0.0551181 0.015748 -1 
vn 0.0787402 0.0314961 -1 
vn 0.102362 0.0472441 -0.992126 
vn 0.149606 0.102362 -0.984252 
vn 0.0551181 0.0551181 -1 
vn 0.165354 0.173228 -0.968504 
vn 0.015748 0.0866142 -1 
vn -0.0551181 0.88189 -0.464567 
vn -0.0393701 0.88189 -0.472441 
vn 0.125984 0.0866142 -0.984252 
vn 0.19685 0.228346 -0.952756 
vn 0.0944882 0.015748 -0.992126 
vn 0.023622 0.889764 -0.456693 
vn -0.0708661 0.976378 -0.188976 
vn -0.0551181 0.976378 -0.188976 
vn -0.015748 0.984252 -0.188976 
vn 0.015748 0.984252 -0.181102 
vn 0.015748 0.984252 -0.181102 
vn 0.0314961 0.984252 -0.173228 
vn 0.165354 0.0472441 -0.984252 
vn 0.0314961 0.984252 -0.173228 
vn 0.0629921 0.984252 -0.165354 
vn 0.0629921 0.984252 -0.165354 
vn 0.102362 0.984252 -0.149606 
vn 0.102362 0.984252 -0.149606 
vn 0.11811 -0.0393701 -0.992126 
vn 0.181102 -0.0708661 -0.984252 
vn 0.133858 -0.0787402 -0.984252 
vn 0.173228 -0.188976 -0.968504 
vn 0.15748 0.125984 -0.976378 
vn 0.259843 0.259843 -0.929134 
vn 0.11811 -0.102362 -0.984252 
vn 0.149606 -0.251969 -0.952756 
vn 0.661417 0.11811 -0.740157 
vn 0.96063 0.141732 -0.251969 
vn 0.968504 0.0629921 -0.23622 
vn 0.984252 0.0393701 -0.188976 
vn 0.984252 0.0393701 -0.188976 
vn 1 -0.0472441 0.0472441 
vn 0.0393701 -1 -0.015748 
vn 0.0393701 -1 -0.015748 
vn 0.0393701 -1 -0.015748 
vn 0.0393701 -1 -0.015748 
vn 0.0472441 -1 -0.015748 
vn 0.0472441 -1 -0.015748 
vn 0.0551181 -1 -0.015748 
vn 0.0551181 -1 -0.00787402 
vn 0.0629921 -1 -0.00787402 
vn 0.0629921 -1 -0.00787402 
vn 0.0708661 -1 -0.00787402 
vn 0.0708661 -1 -0.00787402 
vn 0.0708661 -1 0 
vn 0.0708661 -1 0 
vn 0.0629921 -1 0 
vn 0.0629921 -1 0 
vn 0.0551181 -1 0.00787402 
vn 0.0551181 -1 0.00787402 
vn 0.0393701 -1 0.00787402 
vn 0.0393701 -1 0.00787402 
vn 0.015748 -1 0 
vn 0.015748 -1 0 
vn -0.00787402 -1 -0.00787402 
vn -0.00787402 -1 -0.00787402 
vn -0.0314961 -1 -0.015748 
vn -0.0314961 -1 -0.015748 
vn 0.23622 0.968504 -0.0393701 
vn 0.23622 0.968504 -0.0393701 
vn 0.220472 0.976378 -0.0393701 
vn 0.220472 0.976378 -0.0393701 
vn 0.220472 0.976378 -0.0393701 
vn 0.220472 0.976378 -0.0393701 
vn 0.19685 0.976378 -0.0393701 
vn 0.19685 0.976378 -0.0393701 
vn 0.133858 0.992126 -0.0314961 
vn 0.133858 0.992126 -0.0314961 
vn 0.0787402 1 -0.023622 
vn 0.0787402 1 -0.023622 
vn 0.0314961 1 -0.015748 
vn 0.0314961 1 -0.015748 
vn -0.0314961 1 -0.015748 
vn -0.0314961 1 -0.015748 
vn -0.110236 0.992126 -0.015748 
vn -0.110236 0.992126 -0.015748 
vn -0.181102 0.984252 -0.015748 
vn -0.181102 0.984252 -0.015748 
vn -0.23622 0.968504 -0.0314961 
vn -0.23622 0.968504 -0.0314961 
vn -0.283465 0.96063 -0.0393701 
vn -0.283465 0.96063 -0.0393701 
vn -0.322835 0.944882 -0.0551181 
vn -0.330709 0.944882 -0.0551181 
vn -0.377953 0.92126 -0.0629921 
vn -0.377953 0.92126 -0.0629921 
vn -0.393701 0.913386 -0.0708661 
vn -0.393701 0.913386 -0.0708661 
vn -0.385827 0.92126 -0.0629921 
vn -0.385827 0.92126 -0.0629921 
vn -0.401575 0.913386 -0.0708661 
vn -0.401575 0.913386 -0.0708661 
vn -0.905512 -0.0472441 -0.417323 
vn -0.889764 -0.23622 -0.393701 
vn -0.889764 -0.23622 -0.393701 
vn -0.889764 -0.23622 -0.393701 
vn -0.889764 -0.23622 -0.393701 
vn -0.905512 -0.0472441 -0.417323 
vn -0.897638 0.141732 -0.417323 
vn -0.897638 0.133858 -0.417323 
vn -0.905512 0.11811 -0.417323 
vn -0.905512 0.11811 -0.417323 
vn 0.889764 0.259843 -0.377953 
vn 0.889764 0.244094 -0.377953 
vn 0.889764 0.244094 -0.377953 
vn 0.889764 0.259843 -0.377953 
vn 0.913386 0.0787402 -0.393701 
vn 0.913386 0.0787402 -0.393701 
vn 0.913386 -0.125984 -0.377953 
vn 0.913386 -0.125984 -0.377953 
vn 0.92126 -0.125984 -0.377953 
vn 0.92126 -0.125984 -0.377953 
vn -0.11811 0.866142 -0.488189 
vn -0.0866142 0.889764 -0.448819 
vn -0.0944882 0.976378 -0.204724 
vn -0.102362 0.976378 -0.204724 
vn -0.0708661 0.976378 -0.19685 
vn -0.102362 0.976378 -0.204724 
vn -0.102362 0.976378 -0.204724 
vn -0.102362 0.976378 -0.204724 
vn -0.110236 0.976378 -0.204724 
vn -0.110236 0.976378 -0.204724 
vn -0.0629921 0.976378 -0.188976 
vn -0.0629921 0.889764 -0.456693 
vn -0.110236 -0.0787402 0.992126 
vn -0.0393701 -0.0866142 0.992126 
vn -0.0393701 -0.0866142 0.992126 
vn -0.165354 -0.0708661 0.984252 
vn 0 -0.0866142 1 
vn -0.23622 -0.0708661 0.968504 
vn 0 -0.0866142 1 
vn -0.228346 -0.0944882 0.968504 
vn 0.0472441 -0.0866142 0.992126 
vn -0.23622 -0.11811 0.968504 
vn 0.0472441 -0.0866142 0.992126 
vn -0.275591 -0.110236 0.952756 
vn -0.314961 -0.102362 0.944882 
vn -0.362205 -0.0787402 0.929134 
vn 0.11811 -0.0708661 0.992126 
vn 0.173228 -0.0551181 0.984252 
vn 0.23622 -0.0551181 0.968504 
vn 0.228346 -0.0787402 0.968504 
vn 0.23622 -0.0944882 0.968504 
vn 0.283465 -0.0866142 0.952756 
vn 0.314961 -0.0708661 0.944882 
vn 0.370079 -0.0393701 0.929134 
vn 0.393701 -0.0472441 0.913386 
vn 0.393701 -0.0708661 0.913386 
vn 0.393701 -0.0787402 0.913386 
vn 0.401575 -0.0472441 0.913386 
vn 0.409449 0.0551181 0.913386 
vn 0.425197 0.0472441 0.905512 
vn 0.409449 0.0551181 0.905512 
vn 0.433071 0.0314961 0.905512 
vn 0.417323 0.023622 0.913386 
vn 0.401575 0.0314961 0.913386 
vn 0.401575 0.0314961 0.913386 
vn 0.417323 0.023622 0.913386 
vn 0.338583 0.0629921 0.937008 
vn 0.314961 0.0708661 0.944882 
vn 0.259843 0.0787402 0.96063 
vn 0.228346 0.0866142 0.968504 
vn 0.204724 0.0787402 0.976378 
vn 0.212598 0.0708661 0.976378 
vn 0.165354 0.0551181 0.984252 
vn 0.133858 0.0629921 0.992126 
vn 0.0314961 0.0787402 1 
vn 0.023622 0.0787402 1 
vn -0.023622 0.0787402 1 
vn -0.023622 0.0787402 1 
vn -0.0708661 0.0708661 0.992126 
vn -0.0787402 0.0708661 0.992126 
vn -0.181102 0.0393701 0.984252 
vn -0.212598 0.0314961 0.976378 
vn -0.267717 0.0314961 0.96063 
vn -0.259843 0.0472441 0.96063 
vn -0.291339 0.0551181 0.952756 
vn -0.307087 0.0472441 0.952756 
vn -0.346457 0.0314961 0.937008 
vn -0.370079 0.023622 0.929134 
vn -0.425197 -0.00787402 0.905512 
vn -0.433071 -0.015748 0.897638 
vn -0.425197 -0.00787402 0.905512 
vn -0.448819 -0.00787402 0.897638 
vn -0.448819 -0.00787402 0.897638 
vn -0.433071 -0.015748 0.897638 
vn -0.440945 0.00787402 0.897638 
vn -0.440945 0.015748 0.897638 
vn -0.425197 -0.0393701 0.905512 
vn -0.417323 -0.0629921 0.905512 
vn -0.409449 -0.0629921 0.905512 
vn -0.393701 -0.0629921 0.913386 

vt 0.982437 0.806994 
vt 0.984994 0.803665 
vt 0.984994 0.806994 
vt 0.982437 0.820312 
vt 0.979881 0.820312 
vt 0.984994 0.820312 
vt 0.982437 0.830856 
vt 0.98755 0.820312 
vt 0.984994 0.830856 
vt 0.98755 0.806994 
vt 0.98755 0.830856 
vt 0.984994 0.833981 
vt 0.990107 0.820312 
vt 0.98755 0.833981 
vt 0.990107 0.830856 
vt 0.992663 0.820312 
vt 0.992663 0.830856 
vt 0.990107 0.806994 
vt 0.992663 0.806994 
vt 0.990107 0.833981 
vt 0.992663 0.833981 
vt 0.98755 0.803665 
vt 0.990107 0.803665 
vt 0.992663 0.803665 
vt 0.990107 0.83696 
vt 0.992663 0.83696 
vt 0.98755 0.83696 
vt 0.990107 0.84029 
vt 0.992663 0.84029 
vt 0.992663 0.843619 
vt 0.98755 0.84029 
vt 0.984994 0.83696 
vt 0.990107 0.843619 
vt 0.990107 0.846949 
vt 0.992663 0.846949 
vt 0.98755 0.846949 
vt 0.98755 0.843619 
vt 0.984994 0.84029 
vt 0.984994 0.843619 
vt 0.984994 0.846949 
vt 0.982437 0.843619 
vt 0.982437 0.846949 
vt 0.979881 0.846949 
vt 0.982437 0.84029 
vt 0.979881 0.843619 
vt 0.982437 0.83696 
vt 0.979881 0.84029 
vt 0.977324 0.843619 
vt 0.977324 0.846949 
vt 0.979881 0.83696 
vt 0.938977 0.830856 
vt 0.941534 0.833981 
vt 0.938977 0.833981 
vt 0.946647 0.83696 
vt 0.94409 0.83696 
vt 0.94409 0.833981 
vt 0.941534 0.830856 
vt 0.938977 0.820312 
vt 0.946647 0.833981 
vt 0.94409 0.830856 
vt 0.941534 0.820312 
vt 0.946647 0.830856 
vt 0.94409 0.820312 
vt 0.941534 0.806994 
vt 0.938977 0.806994 
vt 0.94409 0.806994 
vt 0.946647 0.820312 
vt 0.949203 0.830856 
vt 0.949203 0.833981 
vt 0.949203 0.83696 
vt 0.946647 0.806994 
vt 0.949203 0.820312 
vt 0.95176 0.833981 
vt 0.95176 0.830856 
vt 0.95176 0.83696 
vt 0.95176 0.820312 
vt 0.949203 0.806994 
vt 0.963218 0.829405 
vt 0.967717 0.832449 
vt 0.967108 0.83489 
vt 0.967926 0.829769 
vt 0.966153 0.836877 
vt 0.967717 0.827089 
vt 0.964938 0.838232 
vt 0.967284 0.825236 
vt 0.96357 0.838835 
vt 0.966669 0.823585 
vt 0.96217 0.838633 
vt 0.966153 0.822661 
vt 0.960864 0.837642 
vt 0.965572 0.821896 
vt 0.959767 0.835953 
vt 0.964938 0.821306 
vt 0.958976 0.833714 
vt 0.964266 0.820906 
vt 0.958562 0.831124 
vt 0.96357 0.820703 
vt 0.958562 0.828414 
vt 0.962866 0.820703 
vt 0.958848 0.826457 
vt 0.96217 0.820906 
vt 0.961498 0.821306 
vt 0.959328 0.824648 
vt 0.960864 0.821896 
vt 0.959767 0.823585 
vt 0.960283 0.822661 
vt 0.977324 0.84029 
vt 0.975407 0.843619 
vt 0.975407 0.846949 
vt 0.977324 0.83696 
vt 0.97349 0.843619 
vt 0.97349 0.846949 
vt 0.975407 0.84029 
vt 0.97349 0.84029 
vt 0.972211 0.84029 
vt 0.972211 0.843619 
vt 0.972211 0.846949 
vt 0.970933 0.84029 
vt 0.975407 0.83696 
vt 0.97349 0.83696 
vt 0.970933 0.843619 
vt 0.970933 0.846949 
vt 0.969655 0.84029 
vt 0.969655 0.843619 
vt 0.969655 0.846949 
vt 0.968377 0.84029 
vt 0.968377 0.843619 
vt 0.968377 0.846949 
vt 0.967099 0.84029 
vt 0.967099 0.843619 
vt 0.967099 0.846949 
vt 0.96582 0.84029 
vt 0.96582 0.843619 
vt 0.96582 0.846949 
vt 0.964542 0.846949 
vt 0.964542 0.843619 
vt 0.964542 0.84029 
vt 0.963264 0.846949 
vt 0.963264 0.843619 
vt 0.963264 0.84029 
vt 0.961986 0.846949 
vt 0.961986 0.843619 
vt 0.961986 0.84029 
vt 0.960707 0.846949 
vt 0.960707 0.843619 
vt 0.960707 0.84029 
vt 0.959429 0.846949 
vt 0.959429 0.843619 
vt 0.959429 0.84029 
vt 0.958151 0.846949 
vt 0.958151 0.843619 
vt 0.956234 0.846949 
vt 0.958151 0.84029 
vt 0.956234 0.843619 
vt 0.954316 0.846949 
vt 0.954316 0.843619 
vt 0.95176 0.846949 
vt 0.95176 0.843619 
vt 0.949203 0.843619 
vt 0.949203 0.846949 
vt 0.95176 0.84029 
vt 0.954316 0.84029 
vt 0.946647 0.843619 
vt 0.946647 0.846949 
vt 0.94409 0.846949 
vt 0.949203 0.84029 
vt 0.94409 0.843619 
vt 0.946647 0.84029 
vt 0.941534 0.843619 
vt 0.94409 0.84029 
vt 0.941534 0.846949 
vt 0.938977 0.843619 
vt 0.938977 0.846949 
vt 0.941534 0.84029 
vt 0.938977 0.84029 
vt 0.938977 0.83696 
vt 0.941534 0.83696 
vt 0.972091 0.804746 
vt 0.9727 0.807188 
vt 0.968201 0.809504 
vt 0.972909 0.809867 
vt 0.971136 0.802759 
vt 0.9727 0.812547 
vt 0.969921 0.801404 
vt 0.972267 0.8144 
vt 0.968553 0.800801 
vt 0.971652 0.816051 
vt 0.967153 0.801004 
vt 0.971136 0.816975 
vt 0.965847 0.801994 
vt 0.970555 0.817741 
vt 0.96475 0.803684 
vt 0.969921 0.81833 
vt 0.963959 0.805923 
vt 0.969249 0.818731 
vt 0.963546 0.808512 
vt 0.968553 0.818933 
vt 0.963546 0.811222 
vt 0.967849 0.818933 
vt 0.963831 0.813179 
vt 0.967153 0.818731 
vt 0.964311 0.814989 
vt 0.966481 0.81833 
vt 0.96475 0.816051 
vt 0.965847 0.817741 
vt 0.965266 0.816975 
vt 0.954316 0.806994 
vt 0.956234 0.803665 
vt 0.956234 0.806994 
vt 0.958151 0.803665 
vt 0.958151 0.806994 
vt 0.956234 0.811434 
vt 0.958151 0.811434 
vt 0.954316 0.820312 
vt 0.956234 0.815873 
vt 0.958151 0.815873 
vt 0.958151 0.820312 
vt 0.956234 0.820312 
vt 0.958151 0.824752 
vt 0.956234 0.824752 
vt 0.958151 0.828023 
vt 0.954316 0.830856 
vt 0.956234 0.828023 
vt 0.958151 0.830856 
vt 0.956234 0.830856 
vt 0.958151 0.833981 
vt 0.954316 0.833981 
vt 0.954316 0.83696 
vt 0.956234 0.833981 
vt 0.958151 0.83696 
vt 0.956234 0.83696 
vt 0.956234 0.84029 
vt 0.946647 0.803665 
vt 0.94409 0.803665 
vt 0.946647 0.800335 
vt 0.941534 0.803665 
vt 0.938977 0.803665 
vt 0.94409 0.800335 
vt 0.941534 0.800335 
vt 0.938977 0.800335 
vt 0.94409 0.797006 
vt 0.941534 0.797006 
vt 0.938977 0.797006 
vt 0.938977 0.794088 
vt 0.941534 0.794088 
vt 0.938977 0.790992 
vt 0.941534 0.790992 
vt 0.94409 0.790992 
vt 0.94409 0.794088 
vt 0.946647 0.790992 
vt 0.946647 0.794088 
vt 0.949203 0.790992 
vt 0.946647 0.797006 
vt 0.949203 0.794088 
vt 0.95176 0.794088 
vt 0.95176 0.790992 
vt 0.949203 0.797006 
vt 0.949203 0.800335 
vt 0.95176 0.797006 
vt 0.949203 0.803665 
vt 0.95176 0.800335 
vt 0.95176 0.803665 
vt 0.95176 0.806994 
vt 0.954316 0.797006 
vt 0.954316 0.800335 
vt 0.954316 0.803665 
vt 0.954316 0.794088 
vt 0.954316 0.790992 
vt 0.956234 0.797006 
vt 0.956234 0.794088 
vt 0.956234 0.790992 
vt 0.956234 0.800335 
vt 0.958151 0.797006 
vt 0.958151 0.794088 
vt 0.958151 0.790992 
vt 0.958151 0.800335 
vt 0.959429 0.797006 
vt 0.959429 0.794088 
vt 0.960707 0.797006 
vt 0.959429 0.790992 
vt 0.960707 0.794088 
vt 0.961986 0.797006 
vt 0.960707 0.790992 
vt 0.961986 0.794088 
vt 0.963264 0.797006 
vt 0.961986 0.790992 
vt 0.963264 0.794088 
vt 0.964542 0.797006 
vt 0.963264 0.790992 
vt 0.964542 0.794088 
vt 0.96582 0.797006 
vt 0.964542 0.790992 
vt 0.96582 0.794088 
vt 0.96582 0.790992 
vt 0.967099 0.790992 
vt 0.967099 0.794088 
vt 0.967099 0.797006 
vt 0.968377 0.790992 
vt 0.968377 0.794088 
vt 0.968377 0.797006 
vt 0.969655 0.790992 
vt 0.969655 0.794088 
vt 0.969655 0.797006 
vt 0.970933 0.790992 
vt 0.970933 0.794088 
vt 0.970933 0.797006 
vt 0.972211 0.790992 
vt 0.972211 0.794088 
vt 0.972211 0.797006 
vt 0.97349 0.790992 
vt 0.97349 0.794088 
vt 0.975407 0.790992 
vt 0.97349 0.797006 
vt 0.975407 0.794088 
vt 0.977324 0.790992 
vt 0.977324 0.794088 
vt 0.979881 0.790992 
vt 0.975407 0.797006 
vt 0.979881 0.794088 
vt 0.975407 0.800335 
vt 0.97349 0.800335 
vt 0.977324 0.797006 
vt 0.982437 0.790992 
vt 0.977324 0.800335 
vt 0.979881 0.797006 
vt 0.979881 0.800335 
vt 0.982437 0.797006 
vt 0.982437 0.794088 
vt 0.984994 0.794088 
vt 0.984994 0.790992 
vt 0.984994 0.797006 
vt 0.982437 0.800335 
vt 0.979881 0.803665 
vt 0.984994 0.800335 
vt 0.98755 0.797006 
vt 0.98755 0.794088 
vt 0.98755 0.790992 
vt 0.982437 0.803665 
vt 0.990107 0.794088 
vt 0.990107 0.790992 
vt 0.992663 0.790992 
vt 0.992663 0.794088 
vt 0.990107 0.797006 
vt 0.992663 0.797006 
vt 0.992663 0.800335 
vt 0.990107 0.800335 
vt 0.98755 0.800335 
vt 0.979881 0.806994 
vt 0.977324 0.803665 
vt 0.977324 0.806994 
vt 0.975407 0.803665 
vt 0.97349 0.803665 
vt 0.975407 0.806994 
vt 0.97349 0.806994 
vt 0.975407 0.811434 
vt 0.97349 0.811434 
vt 0.977324 0.820312 
vt 0.975407 0.815873 
vt 0.97349 0.815873 
vt 0.97349 0.820312 
vt 0.975407 0.820312 
vt 0.97349 0.824752 
vt 0.979881 0.830856 
vt 0.975407 0.824752 
vt 0.97349 0.828023 
vt 0.977324 0.830856 
vt 0.975407 0.828023 
vt 0.97349 0.830856 
vt 0.975407 0.830856 
vt 0.97349 0.833981 
vt 0.975407 0.833981 
vt 0.977324 0.833981 
vt 0.979881 0.833981 
vt 0.982437 0.833981 
vt 0.888081 0.777784 
vt 0.881426 0.772792 
vt 0.886858 0.77257 
vt 0.885599 0.766719 
vt 0.881426 0.766719 
vt 0.890812 0.766719 
vt 0.881426 0.776881 
vt 0.891982 0.77295 
vt 0.89594 0.766719 
vt 0.886661 0.782845 
vt 0.881426 0.789161 
vt 0.897041 0.773167 
vt 0.901198 0.766719 
vt 0.89353 0.77848 
vt 0.89389 0.784759 
vt 0.901879 0.773335 
vt 0.905943 0.766719 
vt 0.897914 0.77847 
vt 0.895953 0.783654 
vt 0.902045 0.778271 
vt 0.905857 0.773404 
vt 0.908837 0.773342 
vt 0.90916 0.766719 
vt 0.898998 0.78253 
vt 0.905874 0.778096 
vt 0.902364 0.781598 
vt 0.911915 0.773358 
vt 0.912378 0.766719 
vt 0.908586 0.77797 
vt 0.905762 0.780969 
vt 0.916046 0.773212 
vt 0.917123 0.766719 
vt 0.911376 0.777828 
vt 0.9154 0.77774 
vt 0.921027 0.773021 
vt 0.92238 0.766719 
vt 0.919906 0.777787 
vt 0.908259 0.780645 
vt 0.910839 0.780474 
vt 0.914317 0.780469 
vt 0.917563 0.780687 
vt 0.913228 0.78456 
vt 0.910531 0.784395 
vt 0.915677 0.784923 
vt 0.921074 0.781499 
vt 0.918167 0.78543 
vt 0.924632 0.777783 
vt 0.920146 0.786586 
vt 0.926485 0.772937 
vt 0.927509 0.766719 
vt 0.923467 0.782722 
vt 0.930368 0.777597 
vt 0.931552 0.77258 
vt 0.932721 0.766719 
vt 0.936934 0.772792 
vt 0.911324 0.798049 
vt 0.9112 0.80152 
vt 0.910544 0.797944 
vt 0.912344 0.801429 
vt 0.912114 0.798185 
vt 0.911036 0.809481 
vt 0.912896 0.809147 
vt 0.909229 0.816085 
vt 0.911408 0.816076 
vt 0.909212 0.822202 
vt 0.907083 0.816061 
vt 0.9136 0.801337 
vt 0.912906 0.798436 
vt 0.914912 0.808769 
vt 0.913862 0.816052 
vt 0.91159 0.822211 
vt 0.914922 0.800856 
vt 0.91366 0.798714 
vt 0.91626 0.80042 
vt 0.91746 0.808288 
vt 0.920019 0.806501 
vt 0.921416 0.804334 
vt 0.917479 0.815997 
vt 0.92199 0.815868 
vt 0.925798 0.815616 
vt 0.926296 0.807766 
vt 0.930232 0.815374 
vt 0.91422 0.822226 
vt 0.917772 0.822252 
vt 0.922156 0.822288 
vt 0.930229 0.822562 
vt 0.936934 0.82318 
vt 0.925759 0.822348 
vt 0.922055 0.832729 
vt 0.917717 0.832613 
vt 0.925941 0.832931 
vt 0.93026 0.833328 
vt 0.936934 0.833463 
vt 0.926006 0.84425 
vt 0.930259 0.844769 
vt 0.936934 0.845213 
vt 0.921753 0.843957 
vt 0.926136 0.851242 
vt 0.930376 0.851816 
vt 0.936934 0.863741 
vt 0.921908 0.851001 
vt 0.926102 0.862696 
vt 0.930323 0.86327 
vt 0.92905 0.947006 
vt 0.930605 0.936242 
vt 0.931105 0.946958 
vt 0.93259 0.935521 
vt 0.933096 0.946916 
vt 0.930644 0.924826 
vt 0.932548 0.958332 
vt 0.930581 0.957665 
vt 0.930759 0.968249 
vt 0.928855 0.926442 
vt 0.928223 0.918296 
vt 0.928702 0.936423 
vt 0.928888 0.96678 
vt 0.928027 0.975408 
vt 0.928683 0.957596 
vt 0.92339 0.947051 
vt 0.927369 0.926715 
vt 0.927393 0.966602 
vt 0.926911 0.92114 
vt 0.925461 0.91945 
vt 0.925932 0.915943 
vt 0.925856 0.92124 
vt 0.923391 0.936641 
vt 0.923388 0.926927 
vt 0.92339 0.921192 
vt 0.923391 0.918935 
vt 0.923392 0.915378 
vt 0.921321 0.919446 
vt 0.920853 0.915938 
vt 0.920924 0.921236 
vt 0.919869 0.921133 
vt 0.918561 0.918284 
vt 0.916132 0.924793 
vt 0.919405 0.926708 
vt 0.917917 0.926435 
vt 0.914101 0.935501 
vt 0.917983 0.936418 
vt 0.916083 0.93624 
vt 0.913584 0.946898 
vt 0.917629 0.946998 
vt 0.915574 0.946945 
vt 0.914115 0.958311 
vt 0.916096 0.957647 
vt 0.917991 0.957587 
vt 0.91787 0.966775 
vt 0.916002 0.968267 
vt 0.923386 0.957478 
vt 0.920205 0.972933 
vt 0.918739 0.97541 
vt 0.919367 0.9666 
vt 0.921008 0.97794 
vt 0.923381 0.966425 
vt 0.921091 0.972821 
vt 0.921479 0.974201 
vt 0.923383 0.97842 
vt 0.923382 0.972869 
vt 0.923382 0.974701 
vt 0.925757 0.97794 
vt 0.925284 0.974202 
vt 0.925672 0.972822 
vt 0.926559 0.972933 
vt 0.887254 0.947067 
vt 0.887755 0.936351 
vt 0.889309 0.947115 
vt 0.88577 0.93563 
vt 0.885263 0.947025 
vt 0.887716 0.924935 
vt 0.885811 0.95844 
vt 0.887779 0.957774 
vt 0.8876 0.968358 
vt 0.889504 0.926551 
vt 0.890137 0.918405 
vt 0.889658 0.936532 
vt 0.889471 0.966888 
vt 0.890332 0.975517 
vt 0.889676 0.957705 
vt 0.894969 0.94716 
vt 0.89099 0.926823 
vt 0.891801 0.973042 
vt 0.890967 0.966711 
vt 0.894974 0.957587 
vt 0.892687 0.972931 
vt 0.893075 0.97431 
vt 0.892602 0.978048 
vt 0.894978 0.966534 
vt 0.894978 0.972978 
vt 0.894977 0.974809 
vt 0.894977 0.978529 
vt 0.89688 0.97431 
vt 0.897351 0.978049 
vt 0.897268 0.97293 
vt 0.898155 0.973042 
vt 0.899621 0.975519 
vt 0.902358 0.968376 
vt 0.898992 0.966709 
vt 0.900489 0.966884 
vt 0.904244 0.95842 
vt 0.900368 0.957696 
vt 0.902264 0.957756 
vt 0.902785 0.947054 
vt 0.904776 0.947007 
vt 0.90073 0.947106 
vt 0.902276 0.936349 
vt 0.904258 0.935609 
vt 0.900376 0.936526 
vt 0.900442 0.926544 
vt 0.902227 0.924901 
vt 0.894969 0.93675 
vt 0.898954 0.926817 
vt 0.89849 0.921242 
vt 0.899798 0.918393 
vt 0.897507 0.916046 
vt 0.894971 0.927035 
vt 0.897435 0.921344 
vt 0.897039 0.919555 
vt 0.894967 0.915487 
vt 0.894969 0.921301 
vt 0.894968 0.919043 
vt 0.892427 0.916052 
vt 0.892899 0.919559 
vt 0.892504 0.921348 
vt 0.891449 0.921249 
vt 0.94387 0.892924 
vt 0.943857 0.892911 
vt 0.943236 0.892072 
vt 0.945415 0.892086 
vt 0.944792 0.892918 
vt 0.944779 0.892928 
vt 0.936934 0.873906 
vt 0.930374 0.873906 
vt 0.926303 0.873906 
vt 0.922576 0.873906 
vt 0.92226 0.862461 
vt 0.918761 0.873906 
vt 0.918481 0.862436 
vt 0.91521 0.873906 
vt 0.920001 0.853718 
vt 0.91487 0.862477 
vt 0.92035 0.850909 
vt 0.917832 0.853861 
vt 0.911314 0.873906 
vt 0.917702 0.85083 
vt 0.917512 0.843816 
vt 0.91185 0.862465 
vt 0.90916 0.873906 
vt 0.914634 0.853978 
vt 0.914522 0.850806 
vt 0.914254 0.832566 
vt 0.914427 0.843759 
vt 0.911713 0.850769 
vt 0.911747 0.854046 
vt 0.911691 0.843727 
vt 0.911651 0.832538 
vt 0.909173 0.862466 
vt 0.909196 0.854109 
vt 0.909193 0.832526 
vt 0.909194 0.843714 
vt 0.906869 0.822198 
vt 0.904626 0.81602 
vt 0.904235 0.822198 
vt 0.906768 0.832529 
vt 0.909196 0.850744 
vt 0.906696 0.84372 
vt 0.906602 0.85403 
vt 0.906648 0.850759 
vt 0.904163 0.832547 
vt 0.903963 0.843746 
vt 0.90651 0.862472 
vt 0.907007 0.873906 
vt 0.903716 0.853967 
vt 0.903438 0.862476 
vt 0.903111 0.873906 
vt 0.903842 0.850795 
vt 0.90054 0.853851 
vt 0.899884 0.862433 
vt 0.899559 0.873906 
vt 0.900868 0.843798 
vt 0.900674 0.850818 
vt 0.896084 0.862456 
vt 0.898367 0.853706 
vt 0.895745 0.873906 
vt 0.898017 0.850894 
vt 0.896457 0.850986 
vt 0.89224 0.862692 
vt 0.892017 0.873906 
vt 0.892225 0.851227 
vt 0.896628 0.843934 
vt 0.892368 0.844227 
vt 0.900693 0.832583 
vt 0.896349 0.832689 
vt 0.900678 0.822205 
vt 0.900998 0.815942 
vt 0.896463 0.815801 
vt 0.896276 0.822233 
vt 0.892663 0.815689 
vt 0.892659 0.822301 
vt 0.888181 0.815332 
vt 0.892453 0.832895 
vt 0.888169 0.822523 
vt 0.881426 0.82318 
vt 0.888123 0.8333 
vt 0.881426 0.833463 
vt 0.888109 0.844751 
vt 0.881426 0.845213 
vt 0.887983 0.851804 
vt 0.881426 0.863741 
vt 0.888005 0.86327 
vt 0.881426 0.873906 
vt 0.887947 0.873906 
vt 0.968654 0.954288 
vt 0.970159 0.954274 
vt 0.968701 0.955876 
vt 0.970198 0.955844 
vt 0.967271 0.955883 
vt 0.970149 0.952406 
vt 0.971628 0.954259 
vt 0.971611 0.952485 
vt 0.971651 0.955758 
vt 0.968996 0.962987 
vt 0.972966 0.954246 
vt 0.970961 0.962976 
vt 0.967271 0.963006 
vt 0.969361 0.970973 
vt 0.967271 0.971005 
vt 0.967271 0.9784 
vt 0.969609 0.9784 
vt 0.972029 0.97094 
vt 0.972692 0.9784 
vt 0.97308 0.962953 
vt 0.974943 0.970855 
vt 0.976198 0.9784 
vt 0.973136 0.955631 
vt 0.975164 0.962741 
vt 0.978188 0.970613 
vt 0.981183 0.9784 
vt 0.981497 0.969414 
vt 0.985895 0.9784 
vt 0.985895 0.968123 
vt 0.977645 0.962052 
vt 0.983183 0.965055 
vt 0.985895 0.961689 
vt 0.979766 0.960206 
vt 0.974625 0.955534 
vt 0.97641 0.955395 
vt 0.983919 0.960014 
vt 0.985895 0.955448 
vt 0.981107 0.95768 
vt 0.97811 0.955202 
vt 0.984156 0.954775 
vt 0.985895 0.949012 
vt 0.981839 0.954489 
vt 0.979266 0.954168 
vt 0.976528 0.954217 
vt 0.983793 0.950141 
vt 0.982854 0.945736 
vt 0.985895 0.942455 
vt 0.981225 0.951554 
vt 0.985895 0.936872 
vt 0.978103 0.95302 
vt 0.979767 0.949085 
vt 0.980784 0.942982 
vt 0.980569 0.936872 
vt 0.976306 0.954216 
vt 0.976408 0.952755 
vt 0.977608 0.947655 
vt 0.97768 0.942043 
vt 0.976457 0.936872 
vt 0.975265 0.954258 
vt 0.974469 0.952609 
vt 0.974348 0.954238 
vt 0.973077 0.952607 
vt 0.975121 0.947341 
vt 0.973012 0.947161 
vt 0.974862 0.941596 
vt 0.972905 0.936872 
vt 0.972048 0.941226 
vt 0.970019 0.936872 
vt 0.970897 0.947051 
vt 0.969597 0.941132 
vt 0.967271 0.936872 
vt 0.968983 0.946954 
vt 0.968638 0.952388 
vt 0.967271 0.94115 
vt 0.967271 0.946908 
vt 0.967271 0.954289 
vt 0.967271 0.952396 
vt 0.965891 0.952402 
vt 0.965513 0.946967 
vt 0.964864 0.941143 
vt 0.964405 0.936872 
vt 0.965887 0.954296 
vt 0.964381 0.952435 
vt 0.963593 0.947078 
vt 0.962398 0.941249 
vt 0.961511 0.936872 
vt 0.965851 0.955891 
vt 0.964382 0.954304 
vt 0.962919 0.952529 
vt 0.964353 0.955875 
vt 0.965599 0.963 
vt 0.962913 0.954306 
vt 0.965285 0.970981 
vt 0.965086 0.9784 
vt 0.963631 0.963002 
vt 0.962616 0.970957 
vt 0.962003 0.9784 
vt 0.9629 0.955804 
vt 0.961516 0.962995 
vt 0.959703 0.970888 
vt 0.958496 0.9784 
vt 0.961571 0.954307 
vt 0.961414 0.955693 
vt 0.959437 0.962805 
vt 0.956461 0.970666 
vt 0.953511 0.9784 
vt 0.953145 0.96951 
vt 0.948589 0.9784 
vt 0.948589 0.96834 
vt 0.956952 0.96215 
vt 0.951429 0.965213 
vt 0.948589 0.961976 
vt 0.954816 0.96033 
vt 0.959925 0.955612 
vt 0.958139 0.955493 
vt 0.950659 0.96021 
vt 0.948589 0.955753 
vt 0.953457 0.957827 
vt 0.950392 0.954994 
vt 0.948589 0.949274 
vt 0.952706 0.954659 
vt 0.956437 0.95532 
vt 0.955275 0.9543 
vt 0.950725 0.950322 
vt 0.953301 0.951697 
vt 0.951629 0.945899 
vt 0.948589 0.94264 
vt 0.948589 0.936872 
vt 0.958013 0.954319 
vt 0.953683 0.943079 
vt 0.953857 0.936872 
vt 0.954741 0.949214 
vt 0.956431 0.953138 
vt 0.958236 0.954315 
vt 0.958124 0.952852 
vt 0.956889 0.947741 
vt 0.959276 0.954344 
vt 0.960062 0.952684 
vt 0.956784 0.942106 
vt 0.957962 0.936872 
vt 0.960199 0.954314 
vt 0.961454 0.952668 
vt 0.95959 0.941645 
vt 0.95938 0.947405 
vt 0.96148 0.947211 
vt 0.977542 0.895439 
vt 0.975066 0.895439 
vt 0.977263 0.890528 
vt 0.974929 0.890528 
vt 0.979535 0.890528 
vt 0.972876 0.895439 
vt 0.979957 0.895439 
vt 0.972876 0.890528 
vt 0.981947 0.890528 
vt 0.970563 0.890528 
vt 0.982357 0.895439 
vt 0.970472 0.895439 
vt 0.984028 0.890528 
vt 0.968198 0.890528 
vt 0.984988 0.895439 
vt 0.968008 0.895439 
vt 0.985477 0.890528 
vt 0.9659 0.890528 
vt 0.987335 0.895439 
vt 0.965608 0.895439 
vt 0.986901 0.890528 
vt 0.963651 0.890528 
vt 0.989946 0.892323 
vt 0.963229 0.895439 
vt 0.987093 0.888049 
vt 0.961612 0.890528 
vt 0.991112 0.888013 
vt 0.960597 0.895439 
vt 0.989817 0.883451 
vt 0.960179 0.890528 
vt 0.986789 0.885691 
vt 0.958052 0.895439 
vt 0.987416 0.880209 
vt 0.958867 0.890528 
vt 0.985237 0.885691 
vt 0.955791 0.892289 
vt 0.984693 0.880209 
vt 0.958614 0.888051 
vt 0.983691 0.885691 
vt 0.954641 0.888005 
vt 0.981704 0.885691 
vt 0.955909 0.883458 
vt 0.982204 0.880209 
vt 0.958905 0.885691 
vt 0.979461 0.885691 
vt 0.958231 0.880209 
vt 0.979903 0.880209 
vt 0.960379 0.885691 
vt 0.977182 0.885691 
vt 0.960872 0.880209 
vt 0.977482 0.880209 
vt 0.961881 0.885691 
vt 0.974833 0.885691 
vt 0.963805 0.885691 
vt 0.974986 0.880209 
vt 0.963309 0.880209 
vt 0.972876 0.885691 
vt 0.965897 0.885691 
vt 0.972876 0.880209 
vt 0.96557 0.880209 
vt 0.970399 0.880209 
vt 0.968156 0.885691 
vt 0.970487 0.885691 
vt 0.967945 0.880209 
vt 0.943699 0.891719 
vt 0.943909 0.892945 
vt 0.943597 0.891643 
vt 0.943948 0.892965 
vt 0.936934 0.766719 
vt 0.936934 0.776881 
vt 0.93179 0.782837 
vt 0.936934 0.789161 
vt 0.926402 0.785476 
vt 0.931616 0.790152 
vt 0.931504 0.797425 
vt 0.936934 0.798047 
vt 0.927304 0.790777 
vt 0.921728 0.788376 
vt 0.931227 0.803575 
vt 0.936934 0.804831 
vt 0.92739 0.79702 
vt 0.922795 0.791939 
vt 0.923086 0.79679 
vt 0.927005 0.802577 
vt 0.930714 0.809842 
vt 0.936934 0.811242 
vt 0.922422 0.800921 
vt 0.91773 0.797283 
vt 0.917281 0.794802 
vt 0.917305 0.799199 
vt 0.914787 0.797712 
vt 0.914588 0.796149 
vt 0.914462 0.798835 
vt 0.916436 0.793065 
vt 0.913795 0.795704 
vt 0.915777 0.792038 
vt 0.912892 0.795414 
vt 0.914394 0.791282 
vt 0.912093 0.795237 
vt 0.912917 0.790865 
vt 0.911306 0.795115 
vt 0.911487 0.790531 
vt 0.910483 0.795 
vt 0.909855 0.79042 
vt 0.909628 0.794946 
vt 0.908286 0.784566 
vt 0.908629 0.790555 
vt 0.908805 0.795052 
vt 0.90801 0.795294 
vt 0.90742 0.790906 
vt 0.907186 0.795705 
vt 0.906177 0.785074 
vt 0.905858 0.791658 
vt 0.9064 0.796154 
vt 0.903631 0.786036 
vt 0.904495 0.792539 
vt 0.90567 0.796575 
vt 0.901275 0.787086 
vt 0.903095 0.79347 
vt 0.904919 0.79705 
vt 0.89893 0.788112 
vt 0.901808 0.794662 
vt 0.904072 0.797658 
vt 0.897145 0.789517 
vt 0.901248 0.795863 
vt 0.903344 0.798355 
vt 0.895744 0.791316 
vt 0.900555 0.797764 
vt 0.903285 0.799918 
vt 0.891975 0.787174 
vt 0.886813 0.790128 
vt 0.891172 0.792389 
vt 0.886916 0.797387 
vt 0.881426 0.798047 
vt 0.894856 0.794827 
vt 0.891145 0.798614 
vt 0.887176 0.803547 
vt 0.881426 0.804831 
vt 0.894745 0.799569 
vt 0.891615 0.804082 
vt 0.887698 0.80981 
vt 0.881426 0.811242 
vt 0.892381 0.808922 
vt 0.895584 0.803603 
vt 0.900295 0.800245 
vt 0.900853 0.80198 
vt 0.903715 0.800934 
vt 0.896739 0.806498 
vt 0.901978 0.802904 
vt 0.904427 0.800532 
vt 0.898255 0.8086 
vt 0.903355 0.803248 
vt 0.905178 0.799985 
vt 0.904693 0.802993 
vt 0.905931 0.799449 
vt 0.900941 0.809906 
vt 0.90594 0.802655 
vt 0.906669 0.799019 
vt 0.903572 0.809978 
vt 0.907078 0.802325 
vt 0.90743 0.7986 
vt 0.905634 0.809945 
vt 0.90826 0.80203 
vt 0.908226 0.798276 
vt 0.907501 0.809874 
vt 0.909134 0.80187 
vt 0.90896 0.798047 
vt 0.909738 0.797955 
vt 0.909256 0.809743 
vt 0.910024 0.801677 
vt 0.974929 0.890528 
vt 0.972876 0.888617 
vt 0.975028 0.888617 
vt 0.972876 0.890528 
vt 0.977263 0.890528 
vt 0.970515 0.888617 
vt 0.977379 0.888617 
vt 0.970563 0.890528 
vt 0.979535 0.890528 
vt 0.968198 0.890528 
vt 0.979671 0.888617 
vt 0.96808 0.888617 
vt 0.982046 0.888617 
vt 0.9659 0.890528 
vt 0.981947 0.890528 
vt 0.965759 0.888617 
vt 0.983936 0.888617 
vt 0.963545 0.888617 
vt 0.984028 0.890528 
vt 0.963651 0.890528 
vt 0.985042 0.888617 
vt 0.961714 0.888617 
vt 0.985477 0.890528 
vt 0.961612 0.890528 
vt 0.986901 0.890528 
vt 0.960179 0.890528 
vt 0.985489 0.888299 
vt 0.987093 0.888049 
vt 0.985658 0.888159 
vt 0.960669 0.888617 
vt 0.958867 0.890528 
vt 0.960004 0.888402 
vt 0.958614 0.888051 
vt 0.959907 0.888138 
vt 0.945099 0.888289 
vt 0.945298 0.887838 
vt 0.945221 0.88832 
vt 0.945165 0.887777 
vt 0.9451 0.888994 
vt 0.944945 0.888256 
vt 0.944996 0.887715 
vt 0.945225 0.888993 
vt 0.944943 0.888993 
vt 0.945324 0.889684 
vt 0.94518 0.889709 
vt 0.94537 0.889248 
vt 0.945413 0.888792 
vt 0.945221 0.88832 
vt 0.94537 0.888297 
vt 0.945298 0.887838 
vt 0.945 0.88973 
vt 0.944784 0.888992 
vt 0.944818 0.889747 
vt 0.944643 0.888992 
vt 0.94466 0.889779 
vt 0.944792 0.888228 
vt 0.944509 0.888991 
vt 0.944517 0.889776 
vt 0.944651 0.888209 
vt 0.944515 0.8882 
vt 0.94433 0.888991 
vt 0.944329 0.889774 
vt 0.944331 0.888197 
vt 0.944151 0.888989 
vt 0.944141 0.889774 
vt 0.944017 0.888988 
vt 0.943998 0.889774 
vt 0.943875 0.888987 
vt 0.943841 0.889741 
vt 0.944012 0.888205 
vt 0.943659 0.889722 
vt 0.944148 0.888198 
vt 0.944332 0.887624 
vt 0.944131 0.887621 
vt 0.943718 0.888986 
vt 0.943479 0.889698 
vt 0.943871 0.888222 
vt 0.943983 0.887623 
vt 0.944336 0.885379 
vt 0.944167 0.885384 
vt 0.944042 0.885396 
vt 0.943908 0.885449 
vt 0.943828 0.887667 
vt 0.943765 0.885502 
vt 0.943828 0.887667 
vt 0.943667 0.887707 
vt 0.943607 0.885573 
vt 0.943498 0.887767 
vt 0.943476 0.885636 
vt 0.943365 0.887826 
vt 0.943717 0.888249 
vt 0.943667 0.887707 
vt 0.943563 0.88828 
vt 0.943498 0.887767 
vt 0.94356 0.888984 
vt 0.943334 0.889672 
vt 0.943439 0.888307 
vt 0.943365 0.887826 
vt 0.943437 0.888978 
vt 0.943291 0.889233 
vt 0.943249 0.888781 
vt 0.943439 0.888307 
vt 0.943291 0.888287 
vt 0.943365 0.887826 
vt 0.944952 0.891727 
vt 0.94518 0.889709 
vt 0.945055 0.891653 
vt 0.945324 0.889684 
vt 0.945 0.88973 
vt 0.944824 0.891816 
vt 0.944818 0.889747 
vt 0.944691 0.891894 
vt 0.94466 0.889779 
vt 0.944575 0.891963 
vt 0.944449 0.891988 
vt 0.944517 0.889776 
vt 0.944329 0.889774 
vt 0.944325 0.892001 
vt 0.944201 0.891987 
vt 0.944141 0.889774 
vt 0.943998 0.889774 
vt 0.944075 0.89196 
vt 0.943959 0.891889 
vt 0.943841 0.889741 
vt 0.943827 0.89181 
vt 0.943659 0.889722 
vt 0.943699 0.891719 
vt 0.943479 0.889698 
vt 0.943334 0.889672 
vt 0.943597 0.891643 
vt 0.987093 0.888049 
vt 0.985658 0.888159 
vt 0.985644 0.887778 
vt 0.986789 0.885691 
vt 0.984809 0.887479 
vt 0.985237 0.885691 
vt 0.983691 0.885691 
vt 0.983665 0.887479 
vt 0.981704 0.885691 
vt 0.981852 0.887479 
vt 0.979461 0.885691 
vt 0.979629 0.887479 
vt 0.977317 0.887479 
vt 0.977182 0.885691 
vt 0.974908 0.887479 
vt 0.974833 0.885691 
vt 0.972876 0.885691 
vt 0.972876 0.887479 
vt 0.970411 0.887479 
vt 0.970487 0.885691 
vt 0.968156 0.885691 
vt 0.968019 0.887479 
vt 0.965897 0.885691 
vt 0.965726 0.887479 
vt 0.963657 0.887479 
vt 0.963805 0.885691 
vt 0.961901 0.887479 
vt 0.961881 0.885691 
vt 0.960379 0.885691 
vt 0.96078 0.887479 
vt 0.958905 0.885691 
vt 0.960052 0.887779 
vt 0.958614 0.888051 
vt 0.959907 0.888138 
vt 0.943236 0.892072 
vt 0.943059 0.88983 
vt 0.943423 0.891852 
vt 0.943334 0.889672 
vt 0.943597 0.891643 
vt 0.942798 0.890023 
vt 0.942536 0.890309 
vt 0.943066 0.892422 
vt 0.94229 0.890598 
vt 0.942871 0.892789 
vt 0.945583 0.892438 
vt 0.946366 0.890624 
vt 0.945777 0.892808 
vt 0.946121 0.890331 
vt 0.945415 0.892086 
vt 0.94586 0.890042 
vt 0.945598 0.889844 
vt 0.945227 0.891862 
vt 0.945324 0.889684 
vt 0.945055 0.891653 
vt 0.944836 0.887674 
vt 0.944681 0.887628 
vt 0.944764 0.885455 
vt 0.944906 0.88551 
vt 0.94463 0.8854 
vt 0.944996 0.887715 
vt 0.945064 0.885583 
vt 0.945165 0.887777 
vt 0.945195 0.885647 
vt 0.945298 0.887838 
vt 0.944505 0.885387 
vt 0.944533 0.887623 
vt 0.944164 0.893041 
vt 0.944201 0.891987 
vt 0.944246 0.893052 
vt 0.944075 0.89196 
vt 0.944325 0.892001 
vt 0.944086 0.893021 
vt 0.94432 0.893052 
vt 0.943959 0.891889 
vt 0.944397 0.893053 
vt 0.944012 0.892993 
vt 0.944449 0.891988 
vt 0.943827 0.89181 
vt 0.943948 0.892965 
vt 0.943699 0.891719 
vt 0.944476 0.893043 
vt 0.944575 0.891963 
vt 0.944552 0.893024 
vt 0.944691 0.891894 
vt 0.944632 0.892997 
vt 0.944824 0.891816 
vt 0.944697 0.892969 
vt 0.944952 0.891727 
vt 0.944738 0.89295 
vt 0.945055 0.891653 
vt 0.944779 0.892928 
vt 0.945227 0.891862 
vt 0.945415 0.892086 
vt 0.945583 0.892438 
vt 0.944792 0.892918 
vt 0.944776 0.892939 
vt 0.945777 0.892808 
vt 0.944741 0.893002 
vt 0.944684 0.884338 
vt 0.945195 0.885647 
vt 0.945064 0.885583 
vt 0.944646 0.884328 
vt 0.944906 0.88551 
vt 0.944591 0.884317 
vt 0.944764 0.885455 
vt 0.944528 0.884305 
vt 0.94463 0.8854 
vt 0.944463 0.884297 
vt 0.944505 0.885387 
vt 0.944396 0.884292 
vt 0.944336 0.885379 
vt 0.944334 0.884291 
vt 0.944272 0.884291 
vt 0.944167 0.885384 
vt 0.944205 0.884295 
vt 0.944042 0.885396 
vt 0.94414 0.884303 
vt 0.943908 0.885449 
vt 0.944081 0.884313 
vt 0.943765 0.885502 
vt 0.944029 0.884323 
vt 0.943607 0.885573 
vt 0.943991 0.884332 
vt 0.943476 0.885636 
vt 0.943906 0.892993 
vt 0.943066 0.892422 
vt 0.943873 0.892932 
vt 0.942871 0.892789 
vt 0.943857 0.892911 
vt 0.943236 0.892072 
vt 0.943423 0.891852 
vt 0.94387 0.892924 
vt 0.943597 0.891643 
vt 0.943909 0.892945 

usemtl R6Troll5Mtl

f 4761/4761/4761 4762/4762/4762 4763/4763/4763 
f 4763/4763/4763 4764/4764/4764 4761/4761/4761 
f 4765/4765/4765 4761/4761/4761 4764/4764/4764 
f 4764/4764/4764 4763/4763/4763 4766/4766/4766 
f 4766/4766/4766 4767/4767/4767 4764/4764/4764 
f 4767/4767/4767 4765/4765/4765 4764/4764/4764 
f 4763/4763/4763 4768/4768/4768 4766/4766/4766 
f 4767/4767/4767 4766/4766/4766 4769/4769/4769 
f 4768/4768/4768 4769/4769/4769 4766/4766/4766 
f 4770/4770/4770 4768/4768/4768 4763/4763/4763 
f 4762/4762/4762 4770/4770/4770 4763/4763/4763 
f 4769/4769/4769 4768/4768/4768 4771/4771/4771 
f 4772/4772/4772 4767/4767/4767 4769/4769/4769 
f 4771/4771/4771 4772/4772/4772 4769/4769/4769 
f 4773/4773/4773 4771/4771/4771 4768/4768/4768 
f 4770/4770/4770 4773/4773/4773 4768/4768/4768 
f 4772/4772/4772 4771/4771/4771 4774/4774/4774 
f 4771/4771/4771 4773/4773/4773 4775/4775/4775 
f 4775/4775/4775 4774/4774/4774 4771/4771/4771 
f 4776/4776/4776 4775/4775/4775 4773/4773/4773 
f 4775/4775/4775 4776/4776/4776 4777/4777/4777 
f 4778/4778/4778 4776/4776/4776 4773/4773/4773 
f 4778/4778/4778 4773/4773/4773 4770/4770/4770 
f 4779/4779/4779 4776/4776/4776 4778/4778/4778 
f 4777/4777/4777 4780/4780/4780 4775/4775/4775 
f 4774/4774/4774 4775/4775/4775 4780/4780/4780 
f 4780/4780/4780 4777/4777/4777 4781/4781/4781 
f 4782/4782/4782 4778/4778/4778 4770/4770/4770 
f 4762/4762/4762 4782/4782/4782 4770/4770/4770 
f 4783/4783/4783 4779/4779/4779 4778/4778/4778 
f 4782/4782/4782 4783/4783/4783 4778/4778/4778 
f 4783/4783/4783 4784/4784/4784 4779/4779/4779 
f 4781/4781/4781 4785/4785/4785 4780/4780/4780 
f 4785/4785/4785 4781/4781/4781 4786/4786/4786 
f 4787/4787/4787 4780/4780/4780 4785/4785/4785 
f 4780/4780/4780 4787/4787/4787 4774/4774/4774 
f 4786/4786/4786 4788/4788/4788 4785/4785/4785 
f 4788/4788/4788 4786/4786/4786 4789/4789/4789 
f 4790/4790/4790 4788/4788/4788 4789/4789/4789 
f 4791/4791/4791 4785/4785/4785 4788/4788/4788 
f 4785/4785/4785 4791/4791/4791 4787/4787/4787 
f 4792/4792/4792 4774/4774/4774 4787/4787/4787 
f 4792/4792/4792 4787/4787/4787 4791/4791/4791 
f 4774/4774/4774 4792/4792/4792 4772/4772/4772 
f 4790/4790/4790 4793/4793/4793 4788/4788/4788 
f 4788/4788/4788 4793/4793/4793 4791/4791/4791 
f 4790/4790/4790 4794/4794/4794 4793/4793/4793 
f 4794/4794/4794 4790/4790/4790 4795/4795/4795 
f 4796/4796/4796 4793/4793/4793 4794/4794/4794 
f 4793/4793/4793 4797/4797/4797 4791/4791/4791 
f 4793/4793/4793 4796/4796/4796 4797/4797/4797 
f 4798/4798/4798 4791/4791/4791 4797/4797/4797 
f 4792/4792/4792 4791/4791/4791 4798/4798/4798 
f 4797/4797/4797 4796/4796/4796 4799/4799/4799 
f 4797/4797/4797 4799/4799/4799 4798/4798/4798 
f 4796/4796/4796 4800/4800/4800 4799/4799/4799 
f 4801/4801/4801 4799/4799/4799 4800/4800/4800 
f 4801/4801/4801 4800/4800/4800 4802/4802/4802 
f 4803/4803/4803 4801/4801/4801 4802/4802/4802 
f 4804/4804/4804 4799/4799/4799 4801/4801/4801 
f 4804/4804/4804 4798/4798/4798 4799/4799/4799 
f 4801/4801/4801 4803/4803/4803 4805/4805/4805 
f 4806/4806/4806 4798/4798/4798 4804/4804/4804 
f 4806/4806/4806 4792/4792/4792 4798/4798/4798 
f 4801/4801/4801 4807/4807/4807 4804/4804/4804 
f 4807/4807/4807 4801/4801/4801 4805/4805/4805 
f 4803/4803/4803 4808/4808/4808 4805/4805/4805 
f 4808/4808/4808 4807/4807/4807 4805/4805/4805 
f 4808/4808/4808 4803/4803/4803 4809/4809/4809 
f 4810/4810/4810 4804/4804/4804 4807/4807/4807 
f 4804/4804/4804 4810/4810/4810 4806/4806/4806 
f 4811/4811/4811 4812/4812/4812 4813/4813/4813 
f 4814/4814/4814 4815/4815/4815 4816/4816/4816 
f 4812/4812/4812 4816/4816/4816 4815/4815/4815 
f 4812/4812/4812 4811/4811/4811 4817/4817/4817 
f 4817/4817/4817 4816/4816/4816 4812/4812/4812 
f 4818/4818/4818 4817/4817/4817 4811/4811/4811 
f 4816/4816/4816 4819/4819/4819 4814/4814/4814 
f 4816/4816/4816 4817/4817/4817 4820/4820/4820 
f 4820/4820/4820 4819/4819/4819 4816/4816/4816 
f 4821/4821/4821 4820/4820/4820 4817/4817/4817 
f 4821/4821/4821 4817/4817/4817 4818/4818/4818 
f 4819/4819/4819 4820/4820/4820 4822/4822/4822 
f 4823/4823/4823 4820/4820/4820 4821/4821/4821 
f 4823/4823/4823 4822/4822/4822 4820/4820/4820 
f 4818/4818/4818 4824/4824/4824 4821/4821/4821 
f 4824/4824/4824 4818/4818/4818 4825/4825/4825 
f 4821/4821/4821 4826/4826/4826 4823/4823/4823 
f 4826/4826/4826 4821/4821/4821 4824/4824/4824 
f 4827/4827/4827 4822/4822/4822 4823/4823/4823 
f 4828/4828/4828 4819/4819/4819 4822/4822/4822 
f 4827/4827/4827 4828/4828/4828 4822/4822/4822 
f 4829/4829/4829 4814/4814/4814 4819/4819/4819 
f 4828/4828/4828 4829/4829/4829 4819/4819/4819 
f 4814/4814/4814 4829/4829/4829 4830/4830/4830 
f 4831/4831/4831 4823/4823/4823 4826/4826/4826 
f 4823/4823/4823 4831/4831/4831 4827/4827/4827 
f 4828/4828/4828 4827/4827/4827 4832/4832/4832 
f 4831/4831/4831 4832/4832/4832 4827/4827/4827 
f 4833/4833/4833 4830/4830/4830 4829/4829/4829 
f 4834/4834/4834 4829/4829/4829 4828/4828/4828 
f 4834/4834/4834 4833/4833/4833 4829/4829/4829 
f 4830/4830/4830 4833/4833/4833 4835/4835/4835 
f 4836/4836/4836 4828/4828/4828 4832/4832/4832 
f 4828/4828/4828 4836/4836/4836 4834/4834/4834 
f 4832/4832/4832 4831/4831/4831 4837/4837/4837 
f 4837/4837/4837 4836/4836/4836 4832/4832/4832 
f 4838/4838/4838 4839/4839/4839 4840/4840/4840 
f 4838/4838/4838 4841/4841/4841 4839/4839/4839 
f 4838/4838/4838 4840/4840/4840 4842/4842/4842 
f 4838/4838/4838 4843/4843/4843 4841/4841/4841 
f 4838/4838/4838 4842/4842/4842 4844/4844/4844 
f 4845/4845/4845 4843/4843/4843 4838/4838/4838 
f 4838/4838/4838 4844/4844/4844 4846/4846/4846 
f 4847/4847/4847 4845/4845/4845 4838/4838/4838 
f 4838/4838/4838 4846/4846/4846 4848/4848/4848 
f 4849/4849/4849 4847/4847/4847 4838/4838/4838 
f 4838/4838/4838 4848/4848/4848 4850/4850/4850 
f 4851/4851/4851 4849/4849/4849 4838/4838/4838 
f 4838/4838/4838 4850/4850/4850 4852/4852/4852 
f 4853/4853/4853 4851/4851/4851 4838/4838/4838 
f 4838/4838/4838 4852/4852/4852 4854/4854/4854 
f 4855/4855/4855 4853/4853/4853 4838/4838/4838 
f 4838/4838/4838 4854/4854/4854 4856/4856/4856 
f 4857/4857/4857 4855/4855/4855 4838/4838/4838 
f 4838/4838/4838 4856/4856/4856 4858/4858/4858 
f 4859/4859/4859 4857/4857/4857 4838/4838/4838 
f 4858/4858/4858 4860/4860/4860 4838/4838/4838 
f 4861/4861/4861 4859/4859/4859 4838/4838/4838 
f 4862/4862/4862 4861/4861/4861 4838/4838/4838 
f 4860/4860/4860 4863/4863/4863 4838/4838/4838 
f 4864/4864/4864 4862/4862/4862 4838/4838/4838 
f 4863/4863/4863 4865/4865/4865 4838/4838/4838 
f 4866/4866/4866 4864/4864/4864 4838/4838/4838 
f 4865/4865/4865 4866/4866/4866 4838/4838/4838 
f 4807/4807/4807 4808/4808/4808 4867/4867/4867 
f 4867/4867/4867 4810/4810/4810 4807/4807/4807 
f 4868/4868/4868 4808/4808/4808 4809/4809/4809 
f 4868/4868/4868 4867/4867/4867 4808/4808/4808 
f 4869/4869/4869 4868/4868/4868 4809/4809/4809 
f 4810/4810/4810 4867/4867/4867 4870/4870/4870 
f 4869/4869/4869 4871/4871/4871 4868/4868/4868 
f 4872/4872/4872 4871/4871/4871 4869/4869/4869 
f 4867/4867/4867 4868/4868/4868 4873/4873/4873 
f 4873/4873/4873 4870/4870/4870 4867/4867/4867 
f 4868/4868/4868 4871/4871/4871 4874/4874/4874 
f 4868/4868/4868 4874/4874/4874 4873/4873/4873 
f 4871/4871/4871 4875/4875/4875 4874/4874/4874 
f 4872/4872/4872 4876/4876/4876 4871/4871/4871 
f 4871/4871/4871 4876/4876/4876 4875/4875/4875 
f 4876/4876/4876 4872/4872/4872 4877/4877/4877 
f 4876/4876/4876 4878/4878/4878 4875/4875/4875 
f 4874/4874/4874 4879/4879/4879 4873/4873/4873 
f 4870/4870/4870 4873/4873/4873 4879/4879/4879 
f 4879/4879/4879 4874/4874/4874 4880/4880/4880 
f 4877/4877/4877 4881/4881/4881 4876/4876/4876 
f 4878/4878/4878 4876/4876/4876 4881/4881/4881 
f 4881/4881/4881 4877/4877/4877 4882/4882/4882 
f 4881/4881/4881 4883/4883/4883 4878/4878/4878 
f 4882/4882/4882 4884/4884/4884 4881/4881/4881 
f 4883/4883/4883 4881/4881/4881 4884/4884/4884 
f 4884/4884/4884 4882/4882/4882 4885/4885/4885 
f 4884/4884/4884 4886/4886/4886 4883/4883/4883 
f 4885/4885/4885 4887/4887/4887 4884/4884/4884 
f 4886/4886/4886 4884/4884/4884 4887/4887/4887 
f 4887/4887/4887 4885/4885/4885 4888/4888/4888 
f 4887/4887/4887 4889/4889/4889 4886/4886/4886 
f 4888/4888/4888 4890/4890/4890 4887/4887/4887 
f 4889/4889/4889 4887/4887/4887 4890/4890/4890 
f 4890/4890/4890 4888/4888/4888 4891/4891/4891 
f 4890/4890/4890 4892/4892/4892 4889/4889/4889 
f 4891/4891/4891 4893/4893/4893 4890/4890/4890 
f 4892/4892/4892 4890/4890/4890 4893/4893/4893 
f 4893/4893/4893 4891/4891/4891 4894/4894/4894 
f 4895/4895/4895 4893/4893/4893 4894/4894/4894 
f 4896/4896/4896 4892/4892/4892 4893/4893/4893 
f 4893/4893/4893 4895/4895/4895 4896/4896/4896 
f 4892/4892/4892 4896/4896/4896 4897/4897/4897 
f 4898/4898/4898 4896/4896/4896 4895/4895/4895 
f 4899/4899/4899 4897/4897/4897 4896/4896/4896 
f 4896/4896/4896 4898/4898/4898 4899/4899/4899 
f 4897/4897/4897 4899/4899/4899 4900/4900/4900 
f 4901/4901/4901 4899/4899/4899 4898/4898/4898 
f 4902/4902/4902 4900/4900/4900 4899/4899/4899 
f 4899/4899/4899 4901/4901/4901 4902/4902/4902 
f 4900/4900/4900 4902/4902/4902 4903/4903/4903 
f 4904/4904/4904 4902/4902/4902 4901/4901/4901 
f 4905/4905/4905 4903/4903/4903 4902/4902/4902 
f 4902/4902/4902 4904/4904/4904 4905/4905/4905 
f 4903/4903/4903 4905/4905/4905 4906/4906/4906 
f 4907/4907/4907 4905/4905/4905 4904/4904/4904 
f 4908/4908/4908 4906/4906/4906 4905/4905/4905 
f 4905/4905/4905 4907/4907/4907 4908/4908/4908 
f 4906/4906/4906 4908/4908/4908 4909/4909/4909 
f 4910/4910/4910 4908/4908/4908 4907/4907/4907 
f 4911/4911/4911 4909/4909/4909 4908/4908/4908 
f 4908/4908/4908 4910/4910/4910 4911/4911/4911 
f 4912/4912/4912 4911/4911/4911 4910/4910/4910 
f 4909/4909/4909 4911/4911/4911 4913/4913/4913 
f 4911/4911/4911 4912/4912/4912 4914/4914/4914 
f 4914/4914/4914 4913/4913/4913 4911/4911/4911 
f 4915/4915/4915 4914/4914/4914 4912/4912/4912 
f 4914/4914/4914 4915/4915/4915 4916/4916/4916 
f 4917/4917/4917 4916/4916/4916 4915/4915/4915 
f 4916/4916/4916 4917/4917/4917 4918/4918/4918 
f 4918/4918/4918 4917/4917/4917 4919/4919/4919 
f 4917/4917/4917 4920/4920/4920 4919/4919/4919 
f 4916/4916/4916 4918/4918/4918 4921/4921/4921 
f 4919/4919/4919 4921/4921/4921 4918/4918/4918 
f 4922/4922/4922 4914/4914/4914 4916/4916/4916 
f 4922/4922/4922 4916/4916/4916 4921/4921/4921 
f 4923/4923/4923 4919/4919/4919 4920/4920/4920 
f 4923/4923/4923 4920/4920/4920 4924/4924/4924 
f 4925/4925/4925 4923/4923/4923 4924/4924/4924 
f 4923/4923/4923 4926/4926/4926 4919/4919/4919 
f 4921/4921/4921 4919/4919/4919 4926/4926/4926 
f 4923/4923/4923 4925/4925/4925 4927/4927/4927 
f 4922/4922/4922 4921/4921/4921 4835/4835/4835 
f 4926/4926/4926 4835/4835/4835 4921/4921/4921 
f 4926/4926/4926 4923/4923/4923 4928/4928/4928 
f 4927/4927/4927 4928/4928/4928 4923/4923/4923 
f 4835/4835/4835 4926/4926/4926 4830/4830/4830 
f 4928/4928/4928 4830/4830/4830 4926/4926/4926 
f 4925/4925/4925 4929/4929/4929 4927/4927/4927 
f 4928/4928/4928 4927/4927/4927 4930/4930/4930 
f 4929/4929/4929 4930/4930/4930 4927/4927/4927 
f 4929/4929/4929 4925/4925/4925 4931/4931/4931 
f 4931/4931/4931 4932/4932/4932 4929/4929/4929 
f 4932/4932/4932 4931/4931/4931 4933/4933/4933 
f 4932/4932/4932 4934/4934/4934 4929/4929/4929 
f 4930/4930/4930 4929/4929/4929 4934/4934/4934 
f 4934/4934/4934 4932/4932/4932 4935/4935/4935 
f 4936/4936/4936 4934/4934/4934 4935/4935/4935 
f 4936/4936/4936 4937/4937/4937 4934/4934/4934 
f 4937/4937/4937 4930/4930/4930 4934/4934/4934 
f 4813/4813/4813 4937/4937/4937 4936/4936/4936 
f 4930/4930/4930 4814/4814/4814 4928/4928/4928 
f 4830/4830/4830 4928/4928/4928 4814/4814/4814 
f 4937/4937/4937 4815/4815/4815 4930/4930/4930 
f 4814/4814/4814 4930/4930/4930 4815/4815/4815 
f 4813/4813/4813 4812/4812/4812 4937/4937/4937 
f 4812/4812/4812 4815/4815/4815 4937/4937/4937 
f 4938/4938/4938 4939/4939/4939 4940/4940/4940 
f 4939/4939/4939 4941/4941/4941 4940/4940/4940 
f 4942/4942/4942 4938/4938/4938 4940/4940/4940 
f 4941/4941/4941 4943/4943/4943 4940/4940/4940 
f 4944/4944/4944 4942/4942/4942 4940/4940/4940 
f 4943/4943/4943 4945/4945/4945 4940/4940/4940 
f 4946/4946/4946 4944/4944/4944 4940/4940/4940 
f 4945/4945/4945 4947/4947/4947 4940/4940/4940 
f 4948/4948/4948 4946/4946/4946 4940/4940/4940 
f 4947/4947/4947 4949/4949/4949 4940/4940/4940 
f 4950/4950/4950 4948/4948/4948 4940/4940/4940 
f 4949/4949/4949 4951/4951/4951 4940/4940/4940 
f 4952/4952/4952 4950/4950/4950 4940/4940/4940 
f 4951/4951/4951 4953/4953/4953 4940/4940/4940 
f 4954/4954/4954 4952/4952/4952 4940/4940/4940 
f 4953/4953/4953 4955/4955/4955 4940/4940/4940 
f 4956/4956/4956 4954/4954/4954 4940/4940/4940 
f 4955/4955/4955 4957/4957/4957 4940/4940/4940 
f 4958/4958/4958 4956/4956/4956 4940/4940/4940 
f 4957/4957/4957 4959/4959/4959 4940/4940/4940 
f 4960/4960/4960 4958/4958/4958 4940/4940/4940 
f 4959/4959/4959 4961/4961/4961 4940/4940/4940 
f 4962/4962/4962 4960/4960/4960 4940/4940/4940 
f 4961/4961/4961 4963/4963/4963 4940/4940/4940 
f 4964/4964/4964 4962/4962/4962 4940/4940/4940 
f 4963/4963/4963 4965/4965/4965 4940/4940/4940 
f 4966/4966/4966 4964/4964/4964 4940/4940/4940 
f 4965/4965/4965 4966/4966/4966 4940/4940/4940 
f 4967/4967/4967 4968/4968/4968 4969/4969/4969 
f 4970/4970/4970 4969/4969/4969 4968/4968/4968 
f 4969/4969/4969 4970/4970/4970 4971/4971/4971 
f 4971/4971/4971 4972/4972/4972 4969/4969/4969 
f 4972/4972/4972 4967/4967/4967 4969/4969/4969 
f 4972/4972/4972 4971/4971/4971 4973/4973/4973 
f 4972/4972/4972 4974/4974/4974 4967/4967/4967 
f 4836/4836/4836 4967/4967/4967 4974/4974/4974 
f 4973/4973/4973 4975/4975/4975 4972/4972/4972 
f 4974/4974/4974 4972/4972/4972 4975/4975/4975 
f 4975/4975/4975 4973/4973/4973 4976/4976/4976 
f 4976/4976/4976 4977/4977/4977 4975/4975/4975 
f 4974/4974/4974 4834/4834/4834 4836/4836/4836 
f 4977/4977/4977 4978/4978/4978 4975/4975/4975 
f 4978/4978/4978 4974/4974/4974 4975/4975/4975 
f 4977/4977/4977 4979/4979/4979 4978/4978/4978 
f 4979/4979/4979 4980/4980/4980 4978/4978/4978 
f 4980/4980/4980 4974/4974/4974 4978/4978/4978 
f 4979/4979/4979 4981/4981/4981 4980/4980/4980 
f 4834/4834/4834 4974/4974/4974 4982/4982/4982 
f 4980/4980/4980 4982/4982/4982 4974/4974/4974 
f 4981/4981/4981 4983/4983/4983 4980/4980/4980 
f 4982/4982/4982 4980/4980/4980 4983/4983/4983 
f 4981/4981/4981 4984/4984/4984 4983/4983/4983 
f 4984/4984/4984 4985/4985/4985 4983/4983/4983 
f 4985/4985/4985 4982/4982/4982 4983/4983/4983 
f 4986/4986/4986 4985/4985/4985 4984/4984/4984 
f 4987/4987/4987 4834/4834/4834 4982/4982/4982 
f 4834/4834/4834 4987/4987/4987 4833/4833/4833 
f 4833/4833/4833 4987/4987/4987 4988/4988/4988 
f 4989/4989/4989 4982/4982/4982 4985/4985/4985 
f 4985/4985/4985 4986/4986/4986 4989/4989/4989 
f 4982/4982/4982 4989/4989/4989 4987/4987/4987 
f 4990/4990/4990 4989/4989/4989 4986/4986/4986 
f 4991/4991/4991 4987/4987/4987 4989/4989/4989 
f 4989/4989/4989 4990/4990/4990 4991/4991/4991 
f 4987/4987/4987 4991/4991/4991 4988/4988/4988 
f 4913/4913/4913 4991/4991/4991 4990/4990/4990 
f 4992/4992/4992 4988/4988/4988 4991/4991/4991 
f 4991/4991/4991 4913/4913/4913 4992/4992/4992 
f 4988/4988/4988 4992/4992/4992 4922/4922/4922 
f 4913/4913/4913 4914/4914/4914 4992/4992/4992 
f 4914/4914/4914 4922/4922/4922 4992/4992/4992 
f 4988/4988/4988 4835/4835/4835 4833/4833/4833 
f 4837/4837/4837 4831/4831/4831 4993/4993/4993 
f 4826/4826/4826 4993/4993/4993 4831/4831/4831 
f 4835/4835/4835 4988/4988/4988 4922/4922/4922 
f 4993/4993/4993 4826/4826/4826 4994/4994/4994 
f 4824/4824/4824 4994/4994/4994 4826/4826/4826 
f 4994/4994/4994 4995/4995/4995 4993/4993/4993 
f 4994/4994/4994 4824/4824/4824 4996/4996/4996 
f 4825/4825/4825 4996/4996/4996 4824/4824/4824 
f 4996/4996/4996 4825/4825/4825 4997/4997/4997 
f 4996/4996/4996 4998/4998/4998 4994/4994/4994 
f 4995/4995/4995 4994/4994/4994 4998/4998/4998 
f 4997/4997/4997 4999/4999/4999 4996/4996/4996 
f 4998/4998/4998 4996/4996/4996 4999/4999/4999 
f 4999/4999/4999 4997/4997/4997 5000/5000/5000 
f 4999/4999/4999 5001/5001/5001 4998/4998/4998 
f 5001/5001/5001 4995/4995/4995 4998/4998/4998 
f 5000/5000/5000 5002/5002/5002 4999/4999/4999 
f 5001/5001/5001 4999/4999/4999 5002/5002/5002 
f 5002/5002/5002 5000/5000/5000 5003/5003/5003 
f 5004/5004/5004 5002/5002/5002 5003/5003/5003 
f 5002/5002/5002 5004/5004/5004 5005/5005/5005 
f 5006/5006/5006 5005/5005/5005 5004/5004/5004 
f 5005/5005/5005 5006/5006/5006 5007/5007/5007 
f 5008/5008/5008 5005/5005/5005 5007/5007/5007 
f 5009/5009/5009 5002/5002/5002 5005/5005/5005 
f 5005/5005/5005 5008/5008/5008 5009/5009/5009 
f 5002/5002/5002 5009/5009/5009 5001/5001/5001 
f 5009/5009/5009 5008/5008/5008 5010/5010/5010 
f 5009/5009/5009 5010/5010/5010 5011/5011/5011 
f 5011/5011/5011 5001/5001/5001 5009/5009/5009 
f 5011/5011/5011 5010/5010/5010 5012/5012/5012 
f 5001/5001/5001 5011/5011/5011 5013/5013/5013 
f 4995/4995/4995 5001/5001/5001 5013/5013/5013 
f 5014/5014/5014 5011/5011/5011 5012/5012/5012 
f 5014/5014/5014 5013/5013/5013 5011/5011/5011 
f 5012/5012/5012 5015/5015/5015 5014/5014/5014 
f 5015/5015/5015 5012/5012/5012 5016/5016/5016 
f 5013/5013/5013 5014/5014/5014 5017/5017/5017 
f 5015/5015/5015 5017/5017/5017 5014/5014/5014 
f 5018/5018/5018 4995/4995/4995 5013/5013/5013 
f 5013/5013/5013 5017/5017/5017 5018/5018/5018 
f 5017/5017/5017 5015/5015/5015 5019/5019/5019 
f 4995/4995/4995 5018/5018/5018 5020/5020/5020 
f 5020/5020/5020 4993/4993/4993 4995/4995/4995 
f 5020/5020/5020 4837/4837/4837 4993/4993/4993 
f 5021/5021/5021 5018/5018/5018 5017/5017/5017 
f 5017/5017/5017 5019/5019/5019 5021/5021/5021 
f 5022/5022/5022 5020/5020/5020 5018/5018/5018 
f 5018/5018/5018 5021/5021/5021 5022/5022/5022 
f 5023/5023/5023 4837/4837/4837 5020/5020/5020 
f 5022/5022/5022 5023/5023/5023 5020/5020/5020 
f 4836/4836/4836 4837/4837/4837 5023/5023/5023 
f 5024/5024/5024 5021/5021/5021 5019/5019/5019 
f 5024/5024/5024 5019/5019/5019 5015/5015/5015 
f 5025/5025/5025 5022/5022/5022 5021/5021/5021 
f 5021/5021/5021 5024/5024/5024 5025/5025/5025 
f 5026/5026/5026 5023/5023/5023 5022/5022/5022 
f 5022/5022/5022 5025/5025/5025 5026/5026/5026 
f 4967/4967/4967 4836/4836/4836 5023/5023/5023 
f 5023/5023/5023 5026/5026/5026 4967/4967/4967 
f 5015/5015/5015 5027/5027/5027 5024/5024/5024 
f 5016/5016/5016 5027/5027/5027 5015/5015/5015 
f 5027/5027/5027 5016/5016/5016 5028/5028/5028 
f 5027/5027/5027 5029/5029/5029 5024/5024/5024 
f 5029/5029/5029 5025/5025/5025 5024/5024/5024 
f 5028/5028/5028 5030/5030/5030 5027/5027/5027 
f 5029/5029/5029 5027/5027/5027 5030/5030/5030 
f 5030/5030/5030 5028/5028/5028 5031/5031/5031 
f 5025/5025/5025 5029/5029/5029 5032/5032/5032 
f 5032/5032/5032 5026/5026/5026 5025/5025/5025 
f 5030/5030/5030 5033/5033/5033 5029/5029/5029 
f 5033/5033/5033 5032/5032/5032 5029/5029/5029 
f 5031/5031/5031 5034/5034/5034 5030/5030/5030 
f 5034/5034/5034 5033/5033/5033 5030/5030/5030 
f 5035/5035/5035 5034/5034/5034 5031/5031/5031 
f 5032/5032/5032 5033/5033/5033 5036/5036/5036 
f 5034/5034/5034 5037/5037/5037 5033/5033/5033 
f 5026/5026/5026 5032/5032/5032 4968/4968/4968 
f 5036/5036/5036 4968/4968/4968 5032/5032/5032 
f 4968/4968/4968 5036/5036/5036 4970/4970/4970 
f 4968/4968/4968 4967/4967/4967 5026/5026/5026 
f 5038/5038/5038 5037/5037/5037 5034/5034/5034 
f 5035/5035/5035 5038/5038/5038 5034/5034/5034 
f 5038/5038/5038 5039/5039/5039 5037/5037/5037 
f 5040/5040/5040 5038/5038/5038 5035/5035/5035 
f 5041/5041/5041 5039/5039/5039 5038/5038/5038 
f 5040/5040/5040 5041/5041/5041 5038/5038/5038 
f 5039/5039/5039 5041/5041/5041 5042/5042/5042 
f 5043/5043/5043 5041/5041/5041 5040/5040/5040 
f 5041/5041/5041 5044/5044/5044 5042/5042/5042 
f 5041/5041/5041 5043/5043/5043 5044/5044/5044 
f 5042/5042/5042 5044/5044/5044 5045/5045/5045 
f 5046/5046/5046 5044/5044/5044 5043/5043/5043 
f 5044/5044/5044 5047/5047/5047 5045/5045/5045 
f 5044/5044/5044 5046/5046/5046 5047/5047/5047 
f 5045/5045/5045 5047/5047/5047 5048/5048/5048 
f 5049/5049/5049 5047/5047/5047 5046/5046/5046 
f 5047/5047/5047 5050/5050/5050 5048/5048/5048 
f 5047/5047/5047 5049/5049/5049 5050/5050/5050 
f 5051/5051/5051 5048/5048/5048 5050/5050/5050 
f 5049/5049/5049 5052/5052/5052 5050/5050/5050 
f 5050/5050/5050 5052/5052/5052 5053/5053/5053 
f 5051/5051/5051 5050/5050/5050 5053/5053/5053 
f 5053/5053/5053 5052/5052/5052 5054/5054/5054 
f 5055/5055/5055 5053/5053/5053 5054/5054/5054 
f 5056/5056/5056 5051/5051/5051 5053/5053/5053 
f 5053/5053/5053 5055/5055/5055 5056/5056/5056 
f 5051/5051/5051 5056/5056/5056 5057/5057/5057 
f 5058/5058/5058 5056/5056/5056 5055/5055/5055 
f 5059/5059/5059 5057/5057/5057 5056/5056/5056 
f 5056/5056/5056 5058/5058/5058 5059/5059/5059 
f 5057/5057/5057 5059/5059/5059 5060/5060/5060 
f 5061/5061/5061 5059/5059/5059 5058/5058/5058 
f 5062/5062/5062 5060/5060/5060 5059/5059/5059 
f 5059/5059/5059 5061/5061/5061 5062/5062/5062 
f 5060/5060/5060 5062/5062/5062 5063/5063/5063 
f 5064/5064/5064 5062/5062/5062 5061/5061/5061 
f 5065/5065/5065 5063/5063/5063 5062/5062/5062 
f 5062/5062/5062 5064/5064/5064 5065/5065/5065 
f 5063/5063/5063 5065/5065/5065 5066/5066/5066 
f 5067/5067/5067 5065/5065/5065 5064/5064/5064 
f 5068/5068/5068 5066/5066/5066 5065/5065/5065 
f 5065/5065/5065 5067/5067/5067 5068/5068/5068 
f 5066/5066/5066 5068/5068/5068 5069/5069/5069 
f 5070/5070/5070 5068/5068/5068 5067/5067/5067 
f 5071/5071/5071 5069/5069/5069 5068/5068/5068 
f 5068/5068/5068 5070/5070/5070 5071/5071/5071 
f 5072/5072/5072 5071/5071/5071 5070/5070/5070 
f 5069/5069/5069 5071/5071/5071 5073/5073/5073 
f 5071/5071/5071 5072/5072/5072 5074/5074/5074 
f 5074/5074/5074 5073/5073/5073 5071/5071/5071 
f 5075/5075/5075 5074/5074/5074 5072/5072/5072 
f 5074/5074/5074 5075/5075/5075 5076/5076/5076 
f 5077/5077/5077 5076/5076/5076 5075/5075/5075 
f 5073/5073/5073 5074/5074/5074 5078/5078/5078 
f 5076/5076/5076 5078/5078/5078 5074/5074/5074 
f 5076/5076/5076 5077/5077/5077 5079/5079/5079 
f 5073/5073/5073 5078/5078/5078 5080/5080/5080 
f 5081/5081/5081 5073/5073/5073 5080/5080/5080 
f 5078/5078/5078 5076/5076/5076 5082/5082/5082 
f 5079/5079/5079 5082/5082/5082 5076/5076/5076 
f 5083/5083/5083 5079/5079/5079 5077/5077/5077 
f 5078/5078/5078 5082/5082/5082 5084/5084/5084 
f 5084/5084/5084 5080/5080/5080 5078/5078/5078 
f 5082/5082/5082 5079/5079/5079 5085/5085/5085 
f 5082/5082/5082 5086/5086/5086 5084/5084/5084 
f 5086/5086/5086 5082/5082/5082 5085/5085/5085 
f 5079/5079/5079 5087/5087/5087 5085/5085/5085 
f 5087/5087/5087 5086/5086/5086 5085/5085/5085 
f 5079/5079/5079 5083/5083/5083 5088/5088/5088 
f 5087/5087/5087 5079/5079/5079 5088/5088/5088 
f 5083/5083/5083 5089/5089/5089 5088/5088/5088 
f 5089/5089/5089 5083/5083/5083 5090/5090/5090 
f 5087/5087/5087 5088/5088/5088 5091/5091/5091 
f 5091/5091/5091 5088/5088/5088 5089/5089/5089 
f 5086/5086/5086 5087/5087/5087 5092/5092/5092 
f 5091/5091/5091 5092/5092/5092 5087/5087/5087 
f 5086/5086/5086 5092/5092/5092 5093/5093/5093 
f 5093/5093/5093 5084/5084/5084 5086/5086/5086 
f 5092/5092/5092 5091/5091/5091 5094/5094/5094 
f 5095/5095/5095 5091/5091/5091 5089/5089/5089 
f 5095/5095/5095 5094/5094/5094 5091/5091/5091 
f 5090/5090/5090 5096/5096/5096 5089/5089/5089 
f 5095/5095/5095 5089/5089/5089 5096/5096/5096 
f 5096/5096/5096 5090/5090/5090 5097/5097/5097 
f 5093/5093/5093 5092/5092/5092 5098/5098/5098 
f 5094/5094/5094 5098/5098/5098 5092/5092/5092 
f 5097/5097/5097 5099/5099/5099 5096/5096/5096 
f 5099/5099/5099 5097/5097/5097 5100/5100/5100 
f 5101/5101/5101 5099/5099/5099 5100/5100/5100 
f 5099/5099/5099 5101/5101/5101 5102/5102/5102 
f 5096/5096/5096 5099/5099/5099 5103/5103/5103 
f 5102/5102/5102 5103/5103/5103 5099/5099/5099 
f 5103/5103/5103 5095/5095/5095 5096/5096/5096 
f 5103/5103/5103 5102/5102/5102 5104/5104/5104 
f 5103/5103/5103 5104/5104/5104 5105/5105/5105 
f 5105/5105/5105 5106/5106/5106 5103/5103/5103 
f 5095/5095/5095 5103/5103/5103 5106/5106/5106 
f 5106/5106/5106 5105/5105/5105 4784/4784/4784 
f 5106/5106/5106 4784/4784/4784 4783/4783/4783 
f 5106/5106/5106 5107/5107/5107 5095/5095/5095 
f 5107/5107/5107 5106/5106/5106 4783/4783/4783 
f 5094/5094/5094 5095/5095/5095 5107/5107/5107 
f 4783/4783/4783 4782/4782/4782 5107/5107/5107 
f 5094/5094/5094 5107/5107/5107 4782/4782/4782 
f 4782/4782/4782 4762/4762/4762 5094/5094/5094 
f 5098/5098/5098 5094/5094/5094 4762/4762/4762 
f 4762/4762/4762 4761/4761/4761 5098/5098/5098 
f 5108/5108/5108 5098/5098/5098 4761/4761/4761 
f 5093/5093/5093 5098/5098/5098 5108/5108/5108 
f 5108/5108/5108 4761/4761/4761 4765/4765/4765 
f 5108/5108/5108 5109/5109/5109 5093/5093/5093 
f 5084/5084/5084 5093/5093/5093 5109/5109/5109 
f 5080/5080/5080 5084/5084/5084 5109/5109/5109 
f 5109/5109/5109 5108/5108/5108 5110/5110/5110 
f 5110/5110/5110 5108/5108/5108 4765/4765/4765 
f 5111/5111/5111 5080/5080/5080 5109/5109/5109 
f 5110/5110/5110 5111/5111/5111 5109/5109/5109 
f 5081/5081/5081 5080/5080/5080 5111/5111/5111 
f 5112/5112/5112 5081/5081/5081 5111/5111/5111 
f 5113/5113/5113 5112/5112/5112 5111/5111/5111 
f 5111/5111/5111 5110/5110/5110 5113/5113/5113 
f 5112/5112/5112 5113/5113/5113 5114/5114/5114 
f 5115/5115/5115 5114/5114/5114 5113/5113/5113 
f 5110/5110/5110 5115/5115/5115 5113/5113/5113 
f 5114/5114/5114 5115/5115/5115 5116/5116/5116 
f 5117/5117/5117 5115/5115/5115 5110/5110/5110 
f 5117/5117/5117 5110/5110/5110 4765/4765/4765 
f 5118/5118/5118 5116/5116/5116 5115/5115/5115 
f 5115/5115/5115 5117/5117/5117 5118/5118/5118 
f 5116/5116/5116 5118/5118/5118 5119/5119/5119 
f 5118/5118/5118 5120/5120/5120 5119/5119/5119 
f 5120/5120/5120 5118/5118/5118 5121/5121/5121 
f 5117/5117/5117 5121/5121/5121 5118/5118/5118 
f 5121/5121/5121 5122/5122/5122 5120/5120/5120 
f 4765/4765/4765 5123/5123/5123 5117/5117/5117 
f 5122/5122/5122 5121/5121/5121 5124/5124/5124 
f 5117/5117/5117 5124/5124/5124 5121/5121/5121 
f 5124/5124/5124 5125/5125/5125 5122/5122/5122 
f 5126/5126/5126 5124/5124/5124 5117/5117/5117 
f 5126/5126/5126 5117/5117/5117 5123/5123/5123 
f 5125/5125/5125 5124/5124/5124 5127/5127/5127 
f 5124/5124/5124 5126/5126/5126 5127/5127/5127 
f 5127/5127/5127 5128/5128/5128 5125/5125/5125 
f 4765/4765/4765 4767/4767/4767 5123/5123/5123 
f 5128/5128/5128 5127/5127/5127 5129/5129/5129 
f 5126/5126/5126 5129/5129/5129 5127/5127/5127 
f 5129/5129/5129 5130/5130/5130 5128/5128/5128 
f 5130/5130/5130 5129/5129/5129 5131/5131/5131 
f 5126/5126/5126 5131/5131/5131 5129/5129/5129 
f 5131/5131/5131 4880/4880/4880 5130/5130/5130 
f 4880/4880/4880 5131/5131/5131 4879/4879/4879 
f 5131/5131/5131 5126/5126/5126 5132/5132/5132 
f 5132/5132/5132 4879/4879/4879 5131/5131/5131 
f 5126/5126/5126 5123/5123/5123 5132/5132/5132 
f 4879/4879/4879 5132/5132/5132 4870/4870/4870 
f 5133/5133/5133 4870/4870/4870 5132/5132/5132 
f 5132/5132/5132 5123/5123/5123 5133/5133/5133 
f 4870/4870/4870 5133/5133/5133 4810/4810/4810 
f 5133/5133/5133 4806/4806/4806 4810/4810/4810 
f 5123/5123/5123 5134/5134/5134 5133/5133/5133 
f 4806/4806/4806 5133/5133/5133 5134/5134/5134 
f 5134/5134/5134 5123/5123/5123 4767/4767/4767 
f 5134/5134/5134 4792/4792/4792 4806/4806/4806 
f 4767/4767/4767 4772/4772/4772 5134/5134/5134 
f 5134/5134/5134 4772/4772/4772 4792/4792/4792 
f 5135/5135/5135 5136/5136/5136 5137/5137/5137 
f 5136/5136/5136 5138/5138/5138 5137/5137/5137 
f 5138/5138/5138 5136/5136/5136 5139/5139/5139 
f 5138/5138/5138 5140/5140/5140 5137/5137/5137 
f 5136/5136/5136 5135/5135/5135 5141/5141/5141 
f 5140/5140/5140 5142/5142/5142 5137/5137/5137 
f 5142/5142/5142 5135/5135/5135 5137/5137/5137 
f 5143/5143/5143 5142/5142/5142 5140/5140/5140 
f 5144/5144/5144 5141/5141/5141 5135/5135/5135 
f 5145/5145/5145 5141/5141/5141 5144/5144/5144 
f 5142/5142/5142 5143/5143/5143 5146/5146/5146 
f 5147/5147/5147 5146/5146/5146 5143/5143/5143 
f 5135/5135/5135 5142/5142/5142 5148/5148/5148 
f 5146/5146/5146 5148/5148/5148 5142/5142/5142 
f 5149/5149/5149 5144/5144/5144 5135/5135/5135 
f 5148/5148/5148 5149/5149/5149 5135/5135/5135 
f 5146/5146/5146 5147/5147/5147 5150/5150/5150 
f 5151/5151/5151 5150/5150/5150 5147/5147/5147 
f 5148/5148/5148 5146/5146/5146 5152/5152/5152 
f 5150/5150/5150 5152/5152/5152 5146/5146/5146 
f 5152/5152/5152 5153/5153/5153 5148/5148/5148 
f 5149/5149/5149 5148/5148/5148 5153/5153/5153 
f 5152/5152/5152 5150/5150/5150 5154/5154/5154 
f 5150/5150/5150 5151/5151/5151 5155/5155/5155 
f 5155/5155/5155 5154/5154/5154 5150/5150/5150 
f 5151/5151/5151 5156/5156/5156 5155/5155/5155 
f 5151/5151/5151 5157/5157/5157 5156/5156/5156 
f 5153/5153/5153 5152/5152/5152 5158/5158/5158 
f 5154/5154/5154 5158/5158/5158 5152/5152/5152 
f 5154/5154/5154 5155/5155/5155 5159/5159/5159 
f 5156/5156/5156 5159/5159/5159 5155/5155/5155 
f 5158/5158/5158 5154/5154/5154 5160/5160/5160 
f 5161/5161/5161 5156/5156/5156 5157/5157/5157 
f 5157/5157/5157 5162/5162/5162 5161/5161/5161 
f 5159/5159/5159 5156/5156/5156 5163/5163/5163 
f 5164/5164/5164 5160/5160/5160 5154/5154/5154 
f 5164/5164/5164 5154/5154/5154 5159/5159/5159 
f 5161/5161/5161 5162/5162/5162 5165/5165/5165 
f 5165/5165/5165 5162/5162/5162 5166/5166/5166 
f 5156/5156/5156 5161/5161/5161 5167/5167/5167 
f 5163/5163/5163 5156/5156/5156 5167/5167/5167 
f 5161/5161/5161 5165/5165/5165 5168/5168/5168 
f 5168/5168/5168 5167/5167/5167 5161/5161/5161 
f 5165/5165/5165 5166/5166/5166 5169/5169/5169 
f 5169/5169/5169 5166/5166/5166 5170/5170/5170 
f 5171/5171/5171 5168/5168/5168 5165/5165/5165 
f 5165/5165/5165 5169/5169/5169 5171/5171/5171 
f 5172/5172/5172 5159/5159/5159 5163/5163/5163 
f 5159/5159/5159 5172/5172/5172 5164/5164/5164 
f 5173/5173/5173 5163/5163/5163 5167/5167/5167 
f 5173/5173/5173 5172/5172/5172 5163/5163/5163 
f 5174/5174/5174 5167/5167/5167 5168/5168/5168 
f 5167/5167/5167 5174/5174/5174 5173/5173/5173 
f 5175/5175/5175 5174/5174/5174 5168/5168/5168 
f 5168/5168/5168 5171/5171/5171 5175/5175/5175 
f 5176/5176/5176 5173/5173/5173 5174/5174/5174 
f 5177/5177/5177 5172/5172/5172 5173/5173/5173 
f 5177/5177/5177 5173/5173/5173 5176/5176/5176 
f 5178/5178/5178 5174/5174/5174 5175/5175/5175 
f 5176/5176/5176 5174/5174/5174 5178/5178/5178 
f 5171/5171/5171 5179/5179/5179 5175/5175/5175 
f 5178/5178/5178 5175/5175/5175 5180/5180/5180 
f 5180/5180/5180 5175/5175/5175 5179/5179/5179 
f 5179/5179/5179 5171/5171/5171 5181/5181/5181 
f 5169/5169/5169 5181/5181/5181 5171/5171/5171 
f 5179/5179/5179 5182/5182/5182 5180/5180/5180 
f 5181/5181/5181 5169/5169/5169 5183/5183/5183 
f 5169/5169/5169 5170/5170/5170 5183/5183/5183 
f 5183/5183/5183 5170/5170/5170 5184/5184/5184 
f 5179/5179/5179 5181/5181/5181 5185/5185/5185 
f 5179/5179/5179 5185/5185/5185 5182/5182/5182 
f 5186/5186/5186 5181/5181/5181 5183/5183/5183 
f 5186/5186/5186 5185/5185/5185 5181/5181/5181 
f 5187/5187/5187 5183/5183/5183 5184/5184/5184 
f 5186/5186/5186 5183/5183/5183 5187/5187/5187 
f 5187/5187/5187 5184/5184/5184 5188/5188/5188 
f 5188/5188/5188 5189/5189/5189 5187/5187/5187 
f 5189/5189/5189 5186/5186/5186 5187/5187/5187 
f 5190/5190/5190 5191/5191/5191 5192/5192/5192 
f 5193/5193/5193 5191/5191/5191 5190/5190/5190 
f 5194/5194/5194 5193/5193/5193 5190/5190/5190 
f 5195/5195/5195 5191/5191/5191 5196/5196/5196 
f 5193/5193/5193 5196/5196/5196 5191/5191/5191 
f 5197/5197/5197 5195/5195/5195 5198/5198/5198 
f 5196/5196/5196 5198/5198/5198 5195/5195/5195 
f 5198/5198/5198 5199/5199/5199 5197/5197/5197 
f 5199/5199/5199 5200/5200/5200 5197/5197/5197 
f 5194/5194/5194 5201/5201/5201 5193/5193/5193 
f 5201/5201/5201 5194/5194/5194 5202/5202/5202 
f 5193/5193/5193 5203/5203/5203 5196/5196/5196 
f 5201/5201/5201 5203/5203/5203 5193/5193/5193 
f 5198/5198/5198 5196/5196/5196 5204/5204/5204 
f 5203/5203/5203 5204/5204/5204 5196/5196/5196 
f 5199/5199/5199 5198/5198/5198 5205/5205/5205 
f 5204/5204/5204 5205/5205/5205 5198/5198/5198 
f 5202/5202/5202 5206/5206/5206 5201/5201/5201 
f 5207/5207/5207 5206/5206/5206 5202/5202/5202 
f 5206/5206/5206 5207/5207/5207 5208/5208/5208 
f 5206/5206/5206 5209/5209/5209 5201/5201/5201 
f 5201/5201/5201 5209/5209/5209 5203/5203/5203 
f 5208/5208/5208 5210/5210/5210 5206/5206/5206 
f 5209/5209/5209 5206/5206/5206 5210/5210/5210 
f 5210/5210/5210 5208/5208/5208 5211/5211/5211 
f 5209/5209/5209 5212/5212/5212 5203/5203/5203 
f 5204/5204/5204 5203/5203/5203 5212/5212/5212 
f 5210/5210/5210 5213/5213/5213 5209/5209/5209 
f 5212/5212/5212 5209/5209/5209 5213/5213/5213 
f 5211/5211/5211 5214/5214/5214 5210/5210/5210 
f 5213/5213/5213 5210/5210/5210 5214/5214/5214 
f 5214/5214/5214 5211/5211/5211 5215/5215/5215 
f 5215/5215/5215 5216/5216/5216 5214/5214/5214 
f 5212/5212/5212 5217/5217/5217 5204/5204/5204 
f 5205/5205/5205 5204/5204/5204 5217/5217/5217 
f 5213/5213/5213 5218/5218/5218 5212/5212/5212 
f 5217/5217/5217 5212/5212/5212 5218/5218/5218 
f 5214/5214/5214 5219/5219/5219 5213/5213/5213 
f 5218/5218/5218 5213/5213/5213 5219/5219/5219 
f 5220/5220/5220 5214/5214/5214 5216/5216/5216 
f 5216/5216/5216 5221/5221/5221 5220/5220/5220 
f 5219/5219/5219 5214/5214/5214 5222/5222/5222 
f 5214/5214/5214 5220/5220/5220 5222/5222/5222 
f 5223/5223/5223 5218/5218/5218 5219/5219/5219 
f 5222/5222/5222 5223/5223/5223 5219/5219/5219 
f 5224/5224/5224 5217/5217/5217 5218/5218/5218 
f 5218/5218/5218 5223/5223/5223 5224/5224/5224 
f 5223/5223/5223 5222/5222/5222 5225/5225/5225 
f 5225/5225/5225 5222/5222/5222 5220/5220/5220 
f 5221/5221/5221 5226/5226/5226 5220/5220/5220 
f 5226/5226/5226 5225/5225/5225 5220/5220/5220 
f 5226/5226/5226 5221/5221/5221 5227/5227/5227 
f 5228/5228/5228 5223/5223/5223 5225/5225/5225 
f 5226/5226/5226 5228/5228/5228 5225/5225/5225 
f 5226/5226/5226 5227/5227/5227 5229/5229/5229 
f 5228/5228/5228 5226/5226/5226 5229/5229/5229 
f 5229/5229/5229 5227/5227/5227 5230/5230/5230 
f 5223/5223/5223 5228/5228/5228 5231/5231/5231 
f 5231/5231/5231 5224/5224/5224 5223/5223/5223 
f 5228/5228/5228 5229/5229/5229 5232/5232/5232 
f 5229/5229/5229 5230/5230/5230 5233/5233/5233 
f 5233/5233/5233 5232/5232/5232 5229/5229/5229 
f 5233/5233/5233 5230/5230/5230 5234/5234/5234 
f 5235/5235/5235 5228/5228/5228 5232/5232/5232 
f 5228/5228/5228 5235/5235/5235 5231/5231/5231 
f 5233/5233/5233 5236/5236/5236 5232/5232/5232 
f 5237/5237/5237 5233/5233/5233 5234/5234/5234 
f 5236/5236/5236 5233/5233/5233 5237/5237/5237 
f 5238/5238/5238 5239/5239/5239 5240/5240/5240 
f 5240/5240/5240 5239/5239/5239 5241/5241/5241 
f 5240/5240/5240 5241/5241/5241 5242/5242/5242 
f 5239/5239/5239 5243/5243/5243 5241/5241/5241 
f 5244/5244/5244 5240/5240/5240 5242/5242/5242 
f 5240/5240/5240 5244/5244/5244 5245/5245/5245 
f 5245/5245/5245 5238/5238/5238 5240/5240/5240 
f 5246/5246/5246 5245/5245/5245 5244/5244/5244 
f 5239/5239/5239 5247/5247/5247 5243/5243/5243 
f 5247/5247/5247 5248/5248/5248 5243/5243/5243 
f 5239/5239/5239 5238/5238/5238 5249/5249/5249 
f 5249/5249/5249 5247/5247/5247 5239/5239/5239 
f 5245/5245/5245 5246/5246/5246 5250/5250/5250 
f 5246/5246/5246 5251/5251/5251 5250/5250/5250 
f 5238/5238/5238 5245/5245/5245 5252/5252/5252 
f 5252/5252/5252 5245/5245/5245 5250/5250/5250 
f 5253/5253/5253 5249/5249/5249 5238/5238/5238 
f 5252/5252/5252 5253/5253/5253 5238/5238/5238 
f 5247/5247/5247 5249/5249/5249 5254/5254/5254 
f 5255/5255/5255 5252/5252/5252 5250/5250/5250 
f 5248/5248/5248 5247/5247/5247 5256/5256/5256 
f 5256/5256/5256 5247/5247/5247 5254/5254/5254 
f 5257/5257/5257 5248/5248/5248 5256/5256/5256 
f 5248/5248/5248 5257/5257/5257 5258/5258/5258 
f 5254/5254/5254 5259/5259/5259 5256/5256/5256 
f 5256/5256/5256 5259/5259/5259 5257/5257/5257 
f 5260/5260/5260 5254/5254/5254 5249/5249/5249 
f 5249/5249/5249 5253/5253/5253 5260/5260/5260 
f 5254/5254/5254 5261/5261/5261 5259/5259/5259 
f 5254/5254/5254 5260/5260/5260 5261/5261/5261 
f 5259/5259/5259 5262/5262/5262 5257/5257/5257 
f 5261/5261/5261 5262/5262/5262 5259/5259/5259 
f 5263/5263/5263 5258/5258/5258 5257/5257/5257 
f 5257/5257/5257 5262/5262/5262 5263/5263/5263 
f 5258/5258/5258 5263/5263/5263 5264/5264/5264 
f 5265/5265/5265 5264/5264/5264 5263/5263/5263 
f 5262/5262/5262 5265/5265/5265 5263/5263/5263 
f 5264/5264/5264 5265/5265/5265 5266/5266/5266 
f 5261/5261/5261 5267/5267/5267 5262/5262/5262 
f 5265/5265/5265 5262/5262/5262 5267/5267/5267 
f 5268/5268/5268 5266/5266/5266 5265/5265/5265 
f 5265/5265/5265 5267/5267/5267 5268/5268/5268 
f 5266/5266/5266 5268/5268/5268 5269/5269/5269 
f 5268/5268/5268 5270/5270/5270 5269/5269/5269 
f 5267/5267/5267 5261/5261/5261 5271/5271/5271 
f 5271/5271/5271 5268/5268/5268 5267/5267/5267 
f 5260/5260/5260 5271/5271/5271 5261/5261/5261 
f 5270/5270/5270 5268/5268/5268 5272/5272/5272 
f 5268/5268/5268 5271/5271/5271 5272/5272/5272 
f 5272/5272/5272 5273/5273/5273 5270/5270/5270 
f 5271/5271/5271 5260/5260/5260 5274/5274/5274 
f 5274/5274/5274 5272/5272/5272 5271/5271/5271 
f 5253/5253/5253 5274/5274/5274 5260/5260/5260 
f 5272/5272/5272 5275/5275/5275 5273/5273/5273 
f 5272/5272/5272 5274/5274/5274 5275/5275/5275 
f 5275/5275/5275 5276/5276/5276 5273/5273/5273 
f 5274/5274/5274 5253/5253/5253 5277/5277/5277 
f 5277/5277/5277 5275/5275/5275 5274/5274/5274 
f 5276/5276/5276 5275/5275/5275 5278/5278/5278 
f 5275/5275/5275 5277/5277/5277 5278/5278/5278 
f 5278/5278/5278 5279/5279/5279 5276/5276/5276 
f 5280/5280/5280 5278/5278/5278 5277/5277/5277 
f 5279/5279/5279 5278/5278/5278 5280/5280/5280 
f 5281/5281/5281 5277/5277/5277 5253/5253/5253 
f 5277/5277/5277 5281/5281/5281 5280/5280/5280 
f 5282/5282/5282 5279/5279/5279 5280/5280/5280 
f 5281/5281/5281 5282/5282/5282 5280/5280/5280 
f 5279/5279/5279 5282/5282/5282 5283/5283/5283 
f 5284/5284/5284 5281/5281/5281 5253/5253/5253 
f 5253/5253/5253 5252/5252/5252 5284/5284/5284 
f 5284/5284/5284 5252/5252/5252 5255/5255/5255 
f 5282/5282/5282 5285/5285/5285 5283/5283/5283 
f 5286/5286/5286 5283/5283/5283 5285/5285/5285 
f 5282/5282/5282 5281/5281/5281 5287/5287/5287 
f 5284/5284/5284 5287/5287/5287 5281/5281/5281 
f 5287/5287/5287 5285/5285/5285 5282/5282/5282 
f 5285/5285/5285 5288/5288/5288 5286/5286/5286 
f 5287/5287/5287 5284/5284/5284 5289/5289/5289 
f 5255/5255/5255 5289/5289/5289 5284/5284/5284 
f 5285/5285/5285 5287/5287/5287 5290/5290/5290 
f 5289/5289/5289 5290/5290/5290 5287/5287/5287 
f 5288/5288/5288 5285/5285/5285 5291/5291/5291 
f 5285/5285/5285 5290/5290/5290 5291/5291/5291 
f 5291/5291/5291 5292/5292/5292 5288/5288/5288 
f 5290/5290/5290 5289/5289/5289 5293/5293/5293 
f 5293/5293/5293 5291/5291/5291 5290/5290/5290 
f 5292/5292/5292 5291/5291/5291 5294/5294/5294 
f 5291/5291/5291 5293/5293/5293 5294/5294/5294 
f 5294/5294/5294 5295/5295/5295 5292/5292/5292 
f 5295/5295/5295 5294/5294/5294 5296/5296/5296 
f 5296/5296/5296 5294/5294/5294 5293/5293/5293 
f 5296/5296/5296 5251/5251/5251 5295/5295/5295 
f 5297/5297/5297 5293/5293/5293 5289/5289/5289 
f 5293/5293/5293 5297/5297/5297 5296/5296/5296 
f 5289/5289/5289 5255/5255/5255 5297/5297/5297 
f 5251/5251/5251 5296/5296/5296 5298/5298/5298 
f 5297/5297/5297 5298/5298/5298 5296/5296/5296 
f 5297/5297/5297 5255/5255/5255 5298/5298/5298 
f 5298/5298/5298 5250/5250/5250 5251/5251/5251 
f 5250/5250/5250 5298/5298/5298 5255/5255/5255 
f 5299/5299/5299 5300/5300/5300 5301/5301/5301 
f 5299/5299/5299 5302/5302/5302 5300/5300/5300 
f 5302/5302/5302 5299/5299/5299 5303/5303/5303 
f 5302/5302/5302 5304/5304/5304 5300/5300/5300 
f 5299/5299/5299 5305/5305/5305 5303/5303/5303 
f 5305/5305/5305 5299/5299/5299 5306/5306/5306 
f 5301/5301/5301 5306/5306/5306 5299/5299/5299 
f 5306/5306/5306 5307/5307/5307 5305/5305/5305 
f 5308/5308/5308 5300/5300/5300 5304/5304/5304 
f 5309/5309/5309 5308/5308/5308 5304/5304/5304 
f 5301/5301/5301 5300/5300/5300 5310/5310/5310 
f 5308/5308/5308 5310/5310/5310 5300/5300/5300 
f 5307/5307/5307 5306/5306/5306 5311/5311/5311 
f 5311/5311/5311 5312/5312/5312 5307/5307/5307 
f 5306/5306/5306 5301/5301/5301 5313/5313/5313 
f 5313/5313/5313 5311/5311/5311 5306/5306/5306 
f 5314/5314/5314 5301/5301/5301 5310/5310/5310 
f 5314/5314/5314 5313/5313/5313 5301/5301/5301 
f 5310/5310/5310 5308/5308/5308 5315/5315/5315 
f 5311/5311/5311 5316/5316/5316 5312/5312/5312 
f 5311/5311/5311 5313/5313/5313 5317/5317/5317 
f 5317/5317/5317 5316/5316/5316 5311/5311/5311 
f 5318/5318/5318 5317/5317/5317 5313/5313/5313 
f 5313/5313/5313 5314/5314/5314 5318/5318/5318 
f 5317/5317/5317 5319/5319/5319 5316/5316/5316 
f 5320/5320/5320 5312/5312/5312 5316/5316/5316 
f 5319/5319/5319 5320/5320/5320 5316/5316/5316 
f 5312/5312/5312 5320/5320/5320 5321/5321/5321 
f 5322/5322/5322 5319/5319/5319 5317/5317/5317 
f 5317/5317/5317 5318/5318/5318 5322/5322/5322 
f 5323/5323/5323 5320/5320/5320 5319/5319/5319 
f 5319/5319/5319 5322/5322/5322 5323/5323/5323 
f 5324/5324/5324 5321/5321/5321 5320/5320/5320 
f 5320/5320/5320 5323/5323/5323 5324/5324/5324 
f 5321/5321/5321 5324/5324/5324 5325/5325/5325 
f 5326/5326/5326 5325/5325/5325 5324/5324/5324 
f 5323/5323/5323 5326/5326/5326 5324/5324/5324 
f 5325/5325/5325 5326/5326/5326 5327/5327/5327 
f 5322/5322/5322 5328/5328/5328 5323/5323/5323 
f 5326/5326/5326 5323/5323/5323 5328/5328/5328 
f 5329/5329/5329 5327/5327/5327 5326/5326/5326 
f 5329/5329/5329 5326/5326/5326 5328/5328/5328 
f 5327/5327/5327 5329/5329/5329 5330/5330/5330 
f 5329/5329/5329 5331/5331/5331 5330/5330/5330 
f 5328/5328/5328 5322/5322/5322 5332/5332/5332 
f 5332/5332/5332 5329/5329/5329 5328/5328/5328 
f 5318/5318/5318 5332/5332/5332 5322/5322/5322 
f 5329/5329/5329 5333/5333/5333 5331/5331/5331 
f 5329/5329/5329 5332/5332/5332 5333/5333/5333 
f 5333/5333/5333 5334/5334/5334 5331/5331/5331 
f 5332/5332/5332 5318/5318/5318 5335/5335/5335 
f 5335/5335/5335 5333/5333/5333 5332/5332/5332 
f 5318/5318/5318 5314/5314/5314 5335/5335/5335 
f 5334/5334/5334 5333/5333/5333 5336/5336/5336 
f 5333/5333/5333 5335/5335/5335 5336/5336/5336 
f 5336/5336/5336 5337/5337/5337 5334/5334/5334 
f 5338/5338/5338 5334/5334/5334 5337/5337/5337 
f 5335/5335/5335 5339/5339/5339 5336/5336/5336 
f 5335/5335/5335 5314/5314/5314 5339/5339/5339 
f 5336/5336/5336 5339/5339/5339 5337/5337/5337 
f 5337/5337/5337 5340/5340/5340 5338/5338/5338 
f 5339/5339/5339 5340/5340/5340 5337/5337/5337 
f 5341/5341/5341 5338/5338/5338 5340/5340/5340 
f 5314/5314/5314 5342/5342/5342 5339/5339/5339 
f 5340/5340/5340 5339/5339/5339 5342/5342/5342 
f 5340/5340/5340 5343/5343/5343 5341/5341/5341 
f 5342/5342/5342 5343/5343/5343 5340/5340/5340 
f 5344/5344/5344 5341/5341/5341 5343/5343/5343 
f 5342/5342/5342 5314/5314/5314 5345/5345/5345 
f 5314/5314/5314 5310/5310/5310 5345/5345/5345 
f 5345/5345/5345 5310/5310/5310 5315/5315/5315 
f 5345/5345/5345 5346/5346/5346 5342/5342/5342 
f 5343/5343/5343 5342/5342/5342 5346/5346/5346 
f 5347/5347/5347 5344/5344/5344 5343/5343/5343 
f 5346/5346/5346 5347/5347/5347 5343/5343/5343 
f 5344/5344/5344 5347/5347/5347 5348/5348/5348 
f 5349/5349/5349 5348/5348/5348 5347/5347/5347 
f 5346/5346/5346 5345/5345/5345 5350/5350/5350 
f 5345/5345/5345 5315/5315/5315 5350/5350/5350 
f 5347/5347/5347 5346/5346/5346 5351/5351/5351 
f 5350/5350/5350 5351/5351/5351 5346/5346/5346 
f 5347/5347/5347 5352/5352/5352 5349/5349/5349 
f 5352/5352/5352 5347/5347/5347 5351/5351/5351 
f 5352/5352/5352 5353/5353/5353 5349/5349/5349 
f 5351/5351/5351 5350/5350/5350 5354/5354/5354 
f 5354/5354/5354 5352/5352/5352 5351/5351/5351 
f 5353/5353/5353 5352/5352/5352 5355/5355/5355 
f 5352/5352/5352 5354/5354/5354 5355/5355/5355 
f 5355/5355/5355 5356/5356/5356 5353/5353/5353 
f 5356/5356/5356 5355/5355/5355 5357/5357/5357 
f 5354/5354/5354 5357/5357/5357 5355/5355/5355 
f 5309/5309/5309 5356/5356/5356 5357/5357/5357 
f 5350/5350/5350 5358/5358/5358 5354/5354/5354 
f 5354/5354/5354 5358/5358/5358 5357/5357/5357 
f 5358/5358/5358 5350/5350/5350 5315/5315/5315 
f 5357/5357/5357 5359/5359/5359 5309/5309/5309 
f 5359/5359/5359 5357/5357/5357 5358/5358/5358 
f 5315/5315/5315 5359/5359/5359 5358/5358/5358 
f 5308/5308/5308 5309/5309/5309 5359/5359/5359 
f 5308/5308/5308 5359/5359/5359 5315/5315/5315 
f 5360/5360/5360 5361/5361/5361 5362/5362/5362 
f 5363/5363/5363 5364/5364/5364 5365/5365/5365 
f 5366/5366/5366 5237/5237/5237 5234/5234/5234 
f 5367/5367/5367 5237/5237/5237 5366/5366/5366 
f 5368/5368/5368 5237/5237/5237 5367/5367/5367 
f 5237/5237/5237 5368/5368/5368 5236/5236/5236 
f 5369/5369/5369 5236/5236/5236 5368/5368/5368 
f 5232/5232/5232 5236/5236/5236 5370/5370/5370 
f 5236/5236/5236 5369/5369/5369 5370/5370/5370 
f 5370/5370/5370 5235/5235/5235 5232/5232/5232 
f 5371/5371/5371 5370/5370/5370 5369/5369/5369 
f 5370/5370/5370 5371/5371/5371 5372/5372/5372 
f 5373/5373/5373 5372/5372/5372 5371/5371/5371 
f 5235/5235/5235 5370/5370/5370 5374/5374/5374 
f 5374/5374/5374 5370/5370/5370 5372/5372/5372 
f 5372/5372/5372 5373/5373/5373 5375/5375/5375 
f 5235/5235/5235 5374/5374/5374 5376/5376/5376 
f 5376/5376/5376 5231/5231/5231 5235/5235/5235 
f 5372/5372/5372 5377/5377/5377 5374/5374/5374 
f 5375/5375/5375 5377/5377/5377 5372/5372/5372 
f 5378/5378/5378 5375/5375/5375 5373/5373/5373 
f 5379/5379/5379 5374/5374/5374 5377/5377/5377 
f 5374/5374/5374 5379/5379/5379 5376/5376/5376 
f 5376/5376/5376 5380/5380/5380 5231/5231/5231 
f 5380/5380/5380 5376/5376/5376 5379/5379/5379 
f 5224/5224/5224 5231/5231/5231 5380/5380/5380 
f 5375/5375/5375 5378/5378/5378 5381/5381/5381 
f 5382/5382/5382 5381/5381/5381 5378/5378/5378 
f 5377/5377/5377 5375/5375/5375 5383/5383/5383 
f 5383/5383/5383 5375/5375/5375 5381/5381/5381 
f 5377/5377/5377 5384/5384/5384 5379/5379/5379 
f 5377/5377/5377 5383/5383/5383 5384/5384/5384 
f 5384/5384/5384 5380/5380/5380 5379/5379/5379 
f 5380/5380/5380 5385/5385/5385 5224/5224/5224 
f 5385/5385/5385 5217/5217/5217 5224/5224/5224 
f 5380/5380/5380 5384/5384/5384 5386/5386/5386 
f 5380/5380/5380 5386/5386/5386 5385/5385/5385 
f 5383/5383/5383 5387/5387/5387 5384/5384/5384 
f 5387/5387/5387 5386/5386/5386 5384/5384/5384 
f 5383/5383/5383 5388/5388/5388 5387/5387/5387 
f 5381/5381/5381 5388/5388/5388 5383/5383/5383 
f 5386/5386/5386 5387/5387/5387 5389/5389/5389 
f 5389/5389/5389 5385/5385/5385 5386/5386/5386 
f 5390/5390/5390 5217/5217/5217 5385/5385/5385 
f 5385/5385/5385 5389/5389/5389 5390/5390/5390 
f 5217/5217/5217 5390/5390/5390 5205/5205/5205 
f 5391/5391/5391 5388/5388/5388 5381/5381/5381 
f 5381/5381/5381 5382/5382/5382 5391/5391/5391 
f 5388/5388/5388 5391/5391/5391 5392/5392/5392 
f 5393/5393/5393 5205/5205/5205 5390/5390/5390 
f 5205/5205/5205 5393/5393/5393 5199/5199/5199 
f 5390/5390/5390 5394/5394/5394 5393/5393/5393 
f 5394/5394/5394 5390/5390/5390 5389/5389/5389 
f 5393/5393/5393 5395/5395/5395 5199/5199/5199 
f 5199/5199/5199 5395/5395/5395 5200/5200/5200 
f 5395/5395/5395 5396/5396/5396 5200/5200/5200 
f 5396/5396/5396 5395/5395/5395 5397/5397/5397 
f 5395/5395/5395 5393/5393/5393 5398/5398/5398 
f 5394/5394/5394 5398/5398/5398 5393/5393/5393 
f 5398/5398/5398 5397/5397/5397 5395/5395/5395 
f 5389/5389/5389 5399/5399/5399 5394/5394/5394 
f 5399/5399/5399 5389/5389/5389 5387/5387/5387 
f 5388/5388/5388 5399/5399/5399 5387/5387/5387 
f 5388/5388/5388 5392/5392/5392 5399/5399/5399 
f 5399/5399/5399 5400/5400/5400 5394/5394/5394 
f 5398/5398/5398 5394/5394/5394 5400/5400/5400 
f 5401/5401/5401 5399/5399/5399 5392/5392/5392 
f 5391/5391/5391 5401/5401/5401 5392/5392/5392 
f 5399/5399/5399 5402/5402/5402 5400/5400/5400 
f 5399/5399/5399 5401/5401/5401 5402/5402/5402 
f 5400/5400/5400 5403/5403/5403 5398/5398/5398 
f 5403/5403/5403 5397/5397/5397 5398/5398/5398 
f 5402/5402/5402 5404/5404/5404 5400/5400/5400 
f 5404/5404/5404 5403/5403/5403 5400/5400/5400 
f 5405/5405/5405 5401/5401/5401 5391/5391/5391 
f 5382/5382/5382 5405/5405/5405 5391/5391/5391 
f 5406/5406/5406 5405/5405/5405 5382/5382/5382 
f 5405/5405/5405 5407/5407/5407 5401/5401/5401 
f 5407/5407/5407 5402/5402/5402 5401/5401/5401 
f 5406/5406/5406 5408/5408/5408 5405/5405/5405 
f 5407/5407/5407 5405/5405/5405 5408/5408/5408 
f 5409/5409/5409 5408/5408/5408 5406/5406/5406 
f 5402/5402/5402 5407/5407/5407 5410/5410/5410 
f 5402/5402/5402 5410/5410/5410 5404/5404/5404 
f 5408/5408/5408 5411/5411/5411 5407/5407/5407 
f 5411/5411/5411 5410/5410/5410 5407/5407/5407 
f 5409/5409/5409 5412/5412/5412 5408/5408/5408 
f 5411/5411/5411 5408/5408/5408 5412/5412/5412 
f 5413/5413/5413 5412/5412/5412 5409/5409/5409 
f 5410/5410/5410 5414/5414/5414 5404/5404/5404 
f 5414/5414/5414 5403/5403/5403 5404/5404/5404 
f 5410/5410/5410 5411/5411/5411 5415/5415/5415 
f 5410/5410/5410 5415/5415/5415 5414/5414/5414 
f 5413/5413/5413 5416/5416/5416 5412/5412/5412 
f 5412/5412/5412 5417/5417/5417 5411/5411/5411 
f 5417/5417/5417 5415/5415/5415 5411/5411/5411 
f 5417/5417/5417 5412/5412/5412 5416/5416/5416 
f 5418/5418/5418 5416/5416/5416 5413/5413/5413 
f 5415/5415/5415 5417/5417/5417 5419/5419/5419 
f 5419/5419/5419 5414/5414/5414 5415/5415/5415 
f 5420/5420/5420 5417/5417/5417 5416/5416/5416 
f 5417/5417/5417 5420/5420/5420 5419/5419/5419 
f 5418/5418/5418 5421/5421/5421 5416/5416/5416 
f 5422/5422/5422 5421/5421/5421 5418/5418/5418 
f 5423/5423/5423 5420/5420/5420 5416/5416/5416 
f 5421/5421/5421 5423/5423/5423 5416/5416/5416 
f 5424/5424/5424 5419/5419/5419 5420/5420/5420 
f 5414/5414/5414 5419/5419/5419 5424/5424/5424 
f 5425/5425/5425 5420/5420/5420 5423/5423/5423 
f 5420/5420/5420 5425/5425/5425 5424/5424/5424 
f 5424/5424/5424 5426/5426/5426 5414/5414/5414 
f 5403/5403/5403 5414/5414/5414 5426/5426/5426 
f 5426/5426/5426 5397/5397/5397 5403/5403/5403 
f 5426/5426/5426 5424/5424/5424 5427/5427/5427 
f 5424/5424/5424 5425/5425/5425 5427/5427/5427 
f 5397/5397/5397 5426/5426/5426 5428/5428/5428 
f 5427/5427/5427 5428/5428/5428 5426/5426/5426 
f 5429/5429/5429 5397/5397/5397 5428/5428/5428 
f 5428/5428/5428 5430/5430/5430 5429/5429/5429 
f 5430/5430/5430 5428/5428/5428 5431/5431/5431 
f 5428/5428/5428 5427/5427/5427 5431/5431/5431 
f 5431/5431/5431 5432/5432/5432 5430/5430/5430 
f 5431/5431/5431 5433/5433/5433 5432/5432/5432 
f 5427/5427/5427 5433/5433/5433 5431/5431/5431 
f 5433/5433/5433 5434/5434/5434 5432/5432/5432 
f 5433/5433/5433 5427/5427/5427 5435/5435/5435 
f 5425/5425/5425 5435/5435/5435 5427/5427/5427 
f 5433/5433/5433 5436/5436/5436 5434/5434/5434 
f 5435/5435/5435 5436/5436/5436 5433/5433/5433 
f 5437/5437/5437 5434/5434/5434 5436/5436/5436 
f 5436/5436/5436 5435/5435/5435 5438/5438/5438 
f 5436/5436/5436 5438/5438/5438 5437/5437/5437 
f 5425/5425/5425 5438/5438/5438 5435/5435/5435 
f 5437/5437/5437 5438/5438/5438 5439/5439/5439 
f 5438/5438/5438 5425/5425/5425 5440/5440/5440 
f 5440/5440/5440 5439/5439/5439 5438/5438/5438 
f 5423/5423/5423 5440/5440/5440 5425/5425/5425 
f 5439/5439/5439 5440/5440/5440 5441/5441/5441 
f 5423/5423/5423 5442/5442/5442 5440/5440/5440 
f 5441/5441/5441 5440/5440/5440 5442/5442/5442 
f 5421/5421/5421 5442/5442/5442 5423/5423/5423 
f 5442/5442/5442 5443/5443/5443 5441/5441/5441 
f 5442/5442/5442 5421/5421/5421 5444/5444/5444 
f 5443/5443/5443 5442/5442/5442 5444/5444/5444 
f 5444/5444/5444 5421/5421/5421 5422/5422/5422 
f 5445/5445/5445 5443/5443/5443 5444/5444/5444 
f 5422/5422/5422 5446/5446/5446 5444/5444/5444 
f 5444/5444/5444 5446/5446/5446 5445/5445/5445 
f 5447/5447/5447 5448/5448/5448 5449/5449/5449 
f 5450/5450/5450 5449/5449/5449 5448/5448/5448 
f 5451/5451/5451 5447/5447/5447 5449/5449/5449 
f 5447/5447/5447 5452/5452/5452 5448/5448/5448 
f 5453/5453/5453 5450/5450/5450 5448/5448/5448 
f 5448/5448/5448 5454/5454/5454 5453/5453/5453 
f 5454/5454/5454 5448/5448/5448 5452/5452/5452 
f 5450/5450/5450 5453/5453/5453 5455/5455/5455 
f 5456/5456/5456 5449/5449/5449 5450/5450/5450 
f 5454/5454/5454 5457/5457/5457 5453/5453/5453 
f 5453/5453/5453 5457/5457/5457 5455/5455/5455 
f 5455/5455/5455 5458/5458/5458 5450/5450/5450 
f 5450/5450/5450 5458/5458/5458 5456/5456/5456 
f 5459/5459/5459 5449/5449/5449 5456/5456/5456 
f 5449/5449/5449 5459/5459/5459 5451/5451/5451 
f 5458/5458/5458 5460/5460/5460 5456/5456/5456 
f 5456/5456/5456 5461/5461/5461 5459/5459/5459 
f 5461/5461/5461 5456/5456/5456 5460/5460/5460 
f 5460/5460/5460 5462/5462/5462 5461/5461/5461 
f 5462/5462/5462 5460/5460/5460 5463/5463/5463 
f 5464/5464/5464 5463/5463/5463 5460/5460/5460 
f 5460/5460/5460 5458/5458/5458 5464/5464/5464 
f 5463/5463/5463 5464/5464/5464 5465/5465/5465 
f 5466/5466/5466 5464/5464/5464 5458/5458/5458 
f 5458/5458/5458 5455/5455/5455 5466/5466/5466 
f 5467/5467/5467 5465/5465/5465 5464/5464/5464 
f 5464/5464/5464 5466/5466/5466 5467/5467/5467 
f 5465/5465/5465 5467/5467/5467 5468/5468/5468 
f 5469/5469/5469 5466/5466/5466 5455/5455/5455 
f 5469/5469/5469 5455/5455/5455 5457/5457/5457 
f 5470/5470/5470 5467/5467/5467 5466/5466/5466 
f 5470/5470/5470 5466/5466/5466 5469/5469/5469 
f 5471/5471/5471 5468/5468/5468 5467/5467/5467 
f 5471/5471/5471 5467/5467/5467 5470/5470/5470 
f 5468/5468/5468 5471/5471/5471 5472/5472/5472 
f 5473/5473/5473 5472/5472/5472 5471/5471/5471 
f 5472/5472/5472 5473/5473/5473 5474/5474/5474 
f 5474/5474/5474 5473/5473/5473 5475/5475/5475 
f 5471/5471/5471 5476/5476/5476 5473/5473/5473 
f 5476/5476/5476 5471/5471/5471 5470/5470/5470 
f 5475/5475/5475 5473/5473/5473 5477/5477/5477 
f 5475/5475/5475 5477/5477/5477 5478/5478/5478 
f 5479/5479/5479 5473/5473/5473 5476/5476/5476 
f 5473/5473/5473 5479/5479/5479 5477/5477/5477 
f 5480/5480/5480 5476/5476/5476 5470/5470/5470 
f 5470/5470/5470 5469/5469/5469 5480/5480/5480 
f 5476/5476/5476 5481/5481/5481 5479/5479/5479 
f 5481/5481/5481 5476/5476/5476 5480/5480/5480 
f 5477/5477/5477 5482/5482/5482 5478/5478/5478 
f 5482/5482/5482 5483/5483/5483 5478/5478/5478 
f 5484/5484/5484 5477/5477/5477 5479/5479/5479 
f 5484/5484/5484 5482/5482/5482 5477/5477/5477 
f 5479/5479/5479 5481/5481/5481 5485/5485/5485 
f 5485/5485/5485 5484/5484/5484 5479/5479/5479 
f 5483/5483/5483 5482/5482/5482 5486/5486/5486 
f 5483/5483/5483 5486/5486/5486 5487/5487/5487 
f 5482/5482/5482 5484/5484/5484 5488/5488/5488 
f 5482/5482/5482 5488/5488/5488 5486/5486/5486 
f 5489/5489/5489 5484/5484/5484 5485/5485/5485 
f 5484/5484/5484 5489/5489/5489 5488/5488/5488 
f 5490/5490/5490 5489/5489/5489 5485/5485/5485 
f 5486/5486/5486 5491/5491/5491 5487/5487/5487 
f 5488/5488/5488 5491/5491/5491 5486/5486/5486 
f 5487/5487/5487 5491/5491/5491 5492/5492/5492 
f 5493/5493/5493 5487/5487/5487 5492/5492/5492 
f 5491/5491/5491 5488/5488/5488 5494/5494/5494 
f 5489/5489/5489 5494/5494/5494 5488/5488/5488 
f 5491/5491/5491 5494/5494/5494 5492/5492/5492 
f 5495/5495/5495 5493/5493/5493 5492/5492/5492 
f 5494/5494/5494 5489/5489/5489 5496/5496/5496 
f 5489/5489/5489 5490/5490/5490 5496/5496/5496 
f 5492/5492/5492 5494/5494/5494 5497/5497/5497 
f 5496/5496/5496 5497/5497/5497 5494/5494/5494 
f 5495/5495/5495 5492/5492/5492 5498/5498/5498 
f 5497/5497/5497 5498/5498/5498 5492/5492/5492 
f 5498/5498/5498 5499/5499/5499 5495/5495/5495 
f 5485/5485/5485 5500/5500/5500 5490/5490/5490 
f 5500/5500/5500 5496/5496/5496 5490/5490/5490 
f 5500/5500/5500 5485/5485/5485 5481/5481/5481 
f 5501/5501/5501 5497/5497/5497 5496/5496/5496 
f 5496/5496/5496 5500/5500/5500 5501/5501/5501 
f 5498/5498/5498 5497/5497/5497 5502/5502/5502 
f 5501/5501/5501 5502/5502/5502 5497/5497/5497 
f 5503/5503/5503 5499/5499/5499 5498/5498/5498 
f 5502/5502/5502 5503/5503/5503 5498/5498/5498 
f 5503/5503/5503 5504/5504/5504 5499/5499/5499 
f 5481/5481/5481 5505/5505/5505 5500/5500/5500 
f 5505/5505/5505 5501/5501/5501 5500/5500/5500 
f 5481/5481/5481 5480/5480/5480 5505/5505/5505 
f 5502/5502/5502 5501/5501/5501 5506/5506/5506 
f 5505/5505/5505 5506/5506/5506 5501/5501/5501 
f 5480/5480/5480 5507/5507/5507 5505/5505/5505 
f 5506/5506/5506 5505/5505/5505 5507/5507/5507 
f 5480/5480/5480 5469/5469/5469 5507/5507/5507 
f 5457/5457/5457 5507/5507/5507 5469/5469/5469 
f 5508/5508/5508 5507/5507/5507 5457/5457/5457 
f 5507/5507/5507 5508/5508/5508 5506/5506/5506 
f 5457/5457/5457 5454/5454/5454 5508/5508/5508 
f 5506/5506/5506 5509/5509/5509 5502/5502/5502 
f 5509/5509/5509 5506/5506/5506 5508/5508/5508 
f 5503/5503/5503 5502/5502/5502 5509/5509/5509 
f 5510/5510/5510 5508/5508/5508 5454/5454/5454 
f 5508/5508/5508 5510/5510/5510 5509/5509/5509 
f 5509/5509/5509 5511/5511/5511 5503/5503/5503 
f 5511/5511/5511 5509/5509/5509 5510/5510/5510 
f 5511/5511/5511 5504/5504/5504 5503/5503/5503 
f 5511/5511/5511 5512/5512/5512 5504/5504/5504 
f 5513/5513/5513 5512/5512/5512 5511/5511/5511 
f 5510/5510/5510 5513/5513/5513 5511/5511/5511 
f 5513/5513/5513 5514/5514/5514 5512/5512/5512 
f 5454/5454/5454 5515/5515/5515 5510/5510/5510 
f 5513/5513/5513 5510/5510/5510 5515/5515/5515 
f 5515/5515/5515 5454/5454/5454 5452/5452/5452 
f 5516/5516/5516 5514/5514/5514 5513/5513/5513 
f 5515/5515/5515 5516/5516/5516 5513/5513/5513 
f 5516/5516/5516 5517/5517/5517 5514/5514/5514 
f 5452/5452/5452 5518/5518/5518 5515/5515/5515 
f 5516/5516/5516 5515/5515/5515 5518/5518/5518 
f 5518/5518/5518 5452/5452/5452 5519/5519/5519 
f 5452/5452/5452 5447/5447/5447 5519/5519/5519 
f 5518/5518/5518 5520/5520/5520 5516/5516/5516 
f 5520/5520/5520 5517/5517/5517 5516/5516/5516 
f 5519/5519/5519 5521/5521/5521 5518/5518/5518 
f 5520/5520/5520 5518/5518/5518 5521/5521/5521 
f 5522/5522/5522 5519/5519/5519 5447/5447/5447 
f 5521/5521/5521 5519/5519/5519 5523/5523/5523 
f 5519/5519/5519 5522/5522/5522 5523/5523/5523 
f 5447/5447/5447 5451/5451/5451 5522/5522/5522 
f 5524/5524/5524 5521/5521/5521 5523/5523/5523 
f 5522/5522/5522 5524/5524/5524 5523/5523/5523 
f 5525/5525/5525 5520/5520/5520 5521/5521/5521 
f 5521/5521/5521 5524/5524/5524 5525/5525/5525 
f 5526/5526/5526 5517/5517/5517 5520/5520/5520 
f 5520/5520/5520 5525/5525/5525 5526/5526/5526 
f 5517/5517/5517 5526/5526/5526 5527/5527/5527 
f 5522/5522/5522 5528/5528/5528 5524/5524/5524 
f 5451/5451/5451 5528/5528/5528 5522/5522/5522 
f 5529/5529/5529 5525/5525/5525 5524/5524/5524 
f 5528/5528/5528 5529/5529/5529 5524/5524/5524 
f 5530/5530/5530 5526/5526/5526 5525/5525/5525 
f 5525/5525/5525 5529/5529/5529 5530/5530/5530 
f 5531/5531/5531 5527/5527/5527 5526/5526/5526 
f 5526/5526/5526 5530/5530/5530 5531/5531/5531 
f 5527/5527/5527 5531/5531/5531 5532/5532/5532 
f 5451/5451/5451 5533/5533/5533 5528/5528/5528 
f 5459/5459/5459 5533/5533/5533 5451/5451/5451 
f 5528/5528/5528 5534/5534/5534 5529/5529/5529 
f 5533/5533/5533 5534/5534/5534 5528/5528/5528 
f 5534/5534/5534 5535/5535/5535 5529/5529/5529 
f 5535/5535/5535 5530/5530/5530 5529/5529/5529 
f 5534/5534/5534 5533/5533/5533 5536/5536/5536 
f 5537/5537/5537 5533/5533/5533 5459/5459/5459 
f 5537/5537/5537 5536/5536/5536 5533/5533/5533 
f 5461/5461/5461 5537/5537/5537 5459/5459/5459 
f 5536/5536/5536 5538/5538/5538 5534/5534/5534 
f 5534/5534/5534 5538/5538/5538 5535/5535/5535 
f 5539/5539/5539 5537/5537/5537 5461/5461/5461 
f 5462/5462/5462 5539/5539/5539 5461/5461/5461 
f 5539/5539/5539 5462/5462/5462 5540/5540/5540 
f 5539/5539/5539 5541/5541/5541 5537/5537/5537 
f 5541/5541/5541 5536/5536/5536 5537/5537/5537 
f 5540/5540/5540 5542/5542/5542 5539/5539/5539 
f 5541/5541/5541 5539/5539/5539 5542/5542/5542 
f 5542/5542/5542 5540/5540/5540 5543/5543/5543 
f 5541/5541/5541 5544/5544/5544 5536/5536/5536 
f 5538/5538/5538 5536/5536/5536 5544/5544/5544 
f 5542/5542/5542 5545/5545/5545 5541/5541/5541 
f 5544/5544/5544 5541/5541/5541 5545/5545/5545 
f 5543/5543/5543 5546/5546/5546 5542/5542/5542 
f 5545/5545/5545 5542/5542/5542 5546/5546/5546 
f 5547/5547/5547 5546/5546/5546 5543/5543/5543 
f 5544/5544/5544 5548/5548/5548 5538/5538/5538 
f 5548/5548/5548 5535/5535/5535 5538/5538/5538 
f 5549/5549/5549 5544/5544/5544 5545/5545/5545 
f 5548/5548/5548 5544/5544/5544 5549/5549/5549 
f 5550/5550/5550 5545/5545/5545 5546/5546/5546 
f 5550/5550/5550 5549/5549/5549 5545/5545/5545 
f 5547/5547/5547 5551/5551/5551 5546/5546/5546 
f 5551/5551/5551 5550/5550/5550 5546/5546/5546 
f 5552/5552/5552 5551/5551/5551 5547/5547/5547 
f 5553/5553/5553 5551/5551/5551 5552/5552/5552 
f 5554/5554/5554 5553/5553/5553 5552/5552/5552 
f 5555/5555/5555 5553/5553/5553 5554/5554/5554 
f 5556/5556/5556 5551/5551/5551 5553/5553/5553 
f 5551/5551/5551 5556/5556/5556 5550/5550/5550 
f 5553/5553/5553 5555/5555/5555 5557/5557/5557 
f 5557/5557/5557 5555/5555/5555 5558/5558/5558 
f 5553/5553/5553 5559/5559/5559 5556/5556/5556 
f 5559/5559/5559 5553/5553/5553 5557/5557/5557 
f 5560/5560/5560 5550/5550/5550 5556/5556/5556 
f 5550/5550/5550 5560/5560/5560 5549/5549/5549 
f 5561/5561/5561 5556/5556/5556 5559/5559/5559 
f 5556/5556/5556 5561/5561/5561 5560/5560/5560 
f 5557/5557/5557 5558/5558/5558 5562/5562/5562 
f 5563/5563/5563 5562/5562/5562 5558/5558/5558 
f 5557/5557/5557 5564/5564/5564 5559/5559/5559 
f 5564/5564/5564 5557/5557/5557 5562/5562/5562 
f 5562/5562/5562 5563/5563/5563 5565/5565/5565 
f 5565/5565/5565 5563/5563/5563 5566/5566/5566 
f 5562/5562/5562 5567/5567/5567 5564/5564/5564 
f 5567/5567/5567 5562/5562/5562 5565/5565/5565 
f 5568/5568/5568 5559/5559/5559 5564/5564/5564 
f 5559/5559/5559 5568/5568/5568 5561/5561/5561 
f 5569/5569/5569 5564/5564/5564 5567/5567/5567 
f 5564/5564/5564 5569/5569/5569 5568/5568/5568 
f 5567/5567/5567 5565/5565/5565 5570/5570/5570 
f 5566/5566/5566 5570/5570/5570 5565/5565/5565 
f 5571/5571/5571 5569/5569/5569 5567/5567/5567 
f 5570/5570/5570 5571/5571/5571 5567/5567/5567 
f 5566/5566/5566 5572/5572/5572 5570/5570/5570 
f 5570/5570/5570 5572/5572/5572 5571/5571/5571 
f 5566/5566/5566 5573/5573/5573 5572/5572/5572 
f 5574/5574/5574 5572/5572/5572 5573/5573/5573 
f 5568/5568/5568 5569/5569/5569 5575/5575/5575 
f 5572/5572/5572 5574/5574/5574 5576/5576/5576 
f 5577/5577/5577 5576/5576/5576 5574/5574/5574 
f 5572/5572/5572 5578/5578/5578 5571/5571/5571 
f 5576/5576/5576 5578/5578/5578 5572/5572/5572 
f 5569/5569/5569 5571/5571/5571 5579/5579/5579 
f 5575/5575/5575 5569/5569/5569 5579/5579/5579 
f 5578/5578/5578 5579/5579/5579 5571/5571/5571 
f 5580/5580/5580 5568/5568/5568 5575/5575/5575 
f 5579/5579/5579 5580/5580/5580 5575/5575/5575 
f 5568/5568/5568 5580/5580/5580 5561/5561/5561 
f 5578/5578/5578 5581/5581/5581 5579/5579/5579 
f 5580/5580/5580 5579/5579/5579 5581/5581/5581 
f 5578/5578/5578 5576/5576/5576 5582/5582/5582 
f 5582/5582/5582 5581/5581/5581 5578/5578/5578 
f 5580/5580/5580 5583/5583/5583 5561/5561/5561 
f 5581/5581/5581 5583/5583/5583 5580/5580/5580 
f 5561/5561/5561 5583/5583/5583 5560/5560/5560 
f 5581/5581/5581 5582/5582/5582 5584/5584/5584 
f 5584/5584/5584 5583/5583/5583 5581/5581/5581 
f 5585/5585/5585 5582/5582/5582 5576/5576/5576 
f 5576/5576/5576 5577/5577/5577 5585/5585/5585 
f 5586/5586/5586 5585/5585/5585 5577/5577/5577 
f 5560/5560/5560 5583/5583/5583 5587/5587/5587 
f 5583/5583/5583 5584/5584/5584 5587/5587/5587 
f 5587/5587/5587 5549/5549/5549 5560/5560/5560 
f 5549/5549/5549 5587/5587/5587 5548/5548/5548 
f 5587/5587/5587 5588/5588/5588 5548/5548/5548 
f 5588/5588/5588 5587/5587/5587 5584/5584/5584 
f 5535/5535/5535 5548/5548/5548 5588/5588/5588 
f 5589/5589/5589 5585/5585/5585 5586/5586/5586 
f 5532/5532/5532 5589/5589/5589 5586/5586/5586 
f 5589/5589/5589 5532/5532/5532 5531/5531/5531 
f 5589/5589/5589 5590/5590/5590 5585/5585/5585 
f 5584/5584/5584 5590/5590/5590 5588/5588/5588 
f 5582/5582/5582 5585/5585/5585 5590/5590/5590 
f 5590/5590/5590 5584/5584/5584 5582/5582/5582 
f 5588/5588/5588 5591/5591/5591 5535/5535/5535 
f 5591/5591/5591 5588/5588/5588 5590/5590/5590 
f 5590/5590/5590 5589/5589/5589 5591/5591/5591 
f 5531/5531/5531 5591/5591/5591 5589/5589/5589 
f 5530/5530/5530 5535/5535/5535 5591/5591/5591 
f 5591/5591/5591 5531/5531/5531 5530/5530/5530 
f 5592/5592/5592 5593/5593/5593 5594/5594/5594 
f 5593/5593/5593 5595/5595/5595 5594/5594/5594 
f 5596/5596/5596 5592/5592/5592 5594/5594/5594 
f 5597/5597/5597 5595/5595/5595 5593/5593/5593 
f 5592/5592/5592 5596/5596/5596 5598/5598/5598 
f 5595/5595/5595 5597/5597/5597 5599/5599/5599 
f 5598/5598/5598 5596/5596/5596 5600/5600/5600 
f 5597/5597/5597 5601/5601/5601 5599/5599/5599 
f 5602/5602/5602 5598/5598/5598 5600/5600/5600 
f 5597/5597/5597 5603/5603/5603 5601/5601/5601 
f 5602/5602/5602 5600/5600/5600 5604/5604/5604 
f 5603/5603/5603 5605/5605/5605 5601/5601/5601 
f 5606/5606/5606 5602/5602/5602 5604/5604/5604 
f 5603/5603/5603 5607/5607/5607 5605/5605/5605 
f 5606/5606/5606 5604/5604/5604 5608/5608/5608 
f 5607/5607/5607 5609/5609/5609 5605/5605/5605 
f 5610/5610/5610 5606/5606/5606 5608/5608/5608 
f 5609/5609/5609 5607/5607/5607 5611/5611/5611 
f 5610/5610/5610 5608/5608/5608 5612/5612/5612 
f 5611/5611/5611 5613/5613/5613 5609/5609/5609 
f 5612/5612/5612 5614/5614/5614 5610/5610/5610 
f 5613/5613/5613 5611/5611/5611 5615/5615/5615 
f 5614/5614/5614 5612/5612/5612 5616/5616/5616 
f 5615/5615/5615 5617/5617/5617 5613/5613/5613 
f 5614/5614/5614 5616/5616/5616 5618/5618/5618 
f 5615/5615/5615 5619/5619/5619 5617/5617/5617 
f 5620/5620/5620 5618/5618/5618 5616/5616/5616 
f 5617/5617/5617 5619/5619/5619 5621/5621/5621 
f 5620/5620/5620 5616/5616/5616 5622/5622/5622 
f 5623/5623/5623 5621/5621/5621 5619/5619/5619 
f 5622/5622/5622 5624/5624/5624 5620/5620/5620 
f 5623/5623/5623 5625/5625/5625 5621/5621/5621 
f 5624/5624/5624 5622/5622/5622 5626/5626/5626 
f 5627/5627/5627 5625/5625/5625 5623/5623/5623 
f 5626/5626/5626 5628/5628/5628 5624/5624/5624 
f 5625/5625/5625 5627/5627/5627 5629/5629/5629 
f 5628/5628/5628 5626/5626/5626 5630/5630/5630 
f 5627/5627/5627 5631/5631/5631 5629/5629/5629 
f 5632/5632/5632 5628/5628/5628 5630/5630/5630 
f 5633/5633/5633 5629/5629/5629 5631/5631/5631 
f 5628/5628/5628 5632/5632/5632 5634/5634/5634 
f 5629/5629/5629 5633/5633/5633 5635/5635/5635 
f 5636/5636/5636 5634/5634/5634 5632/5632/5632 
f 5637/5637/5637 5635/5635/5635 5633/5633/5633 
f 5634/5634/5634 5636/5636/5636 5638/5638/5638 
f 5637/5637/5637 5639/5639/5639 5635/5635/5635 
f 5640/5640/5640 5638/5638/5638 5636/5636/5636 
f 5641/5641/5641 5639/5639/5639 5637/5637/5637 
f 5638/5638/5638 5640/5640/5640 5642/5642/5642 
f 5639/5639/5639 5641/5641/5641 5643/5643/5643 
f 5644/5644/5644 5642/5642/5642 5640/5640/5640 
f 5641/5641/5641 5645/5645/5645 5643/5643/5643 
f 5642/5642/5642 5644/5644/5644 5646/5646/5646 
f 5645/5645/5645 5641/5641/5641 5647/5647/5647 
f 5648/5648/5648 5646/5646/5646 5644/5644/5644 
f 5647/5647/5647 5649/5649/5649 5645/5645/5645 
f 5646/5646/5646 5648/5648/5648 5650/5650/5650 
f 5649/5649/5649 5647/5647/5647 5651/5651/5651 
f 5648/5648/5648 5652/5652/5652 5650/5650/5650 
f 5651/5651/5651 5653/5653/5653 5649/5649/5649 
f 5648/5648/5648 5654/5654/5654 5652/5652/5652 
f 5653/5653/5653 5651/5651/5651 5655/5655/5655 
f 5654/5654/5654 5655/5655/5655 5652/5652/5652 
f 5655/5655/5655 5654/5654/5654 5653/5653/5653 
f 5656/5656/5656 5657/5657/5657 5658/5658/5658 
f 5656/5656/5656 5659/5659/5659 5657/5657/5657 
f 5189/5189/5189 5188/5188/5188 5660/5660/5660 
f 5186/5186/5186 5189/5189/5189 5661/5661/5661 
f 5662/5662/5662 5186/5186/5186 5661/5661/5661 
f 5662/5662/5662 5661/5661/5661 5663/5663/5663 
f 5185/5185/5185 5186/5186/5186 5664/5664/5664 
f 5664/5664/5664 5186/5186/5186 5662/5662/5662 
f 5662/5662/5662 5663/5663/5663 5665/5665/5665 
f 5664/5664/5664 5662/5662/5662 5665/5665/5665 
f 5665/5665/5665 5663/5663/5663 5666/5666/5666 
f 5666/5666/5666 5663/5663/5663 5667/5667/5667 
f 5665/5665/5665 5668/5668/5668 5664/5664/5664 
f 5666/5666/5666 5668/5668/5668 5665/5665/5665 
f 5185/5185/5185 5664/5664/5664 5669/5669/5669 
f 5667/5667/5667 5670/5670/5670 5666/5666/5666 
f 5185/5185/5185 5669/5669/5669 5182/5182/5182 
f 5670/5670/5670 5667/5667/5667 5671/5671/5671 
f 5668/5668/5668 5666/5666/5666 5672/5672/5672 
f 5670/5670/5670 5672/5672/5672 5666/5666/5666 
f 5673/5673/5673 5664/5664/5664 5668/5668/5668 
f 5664/5664/5664 5673/5673/5673 5669/5669/5669 
f 5672/5672/5672 5674/5674/5674 5668/5668/5668 
f 5674/5674/5674 5673/5673/5673 5668/5668/5668 
f 5670/5670/5670 5675/5675/5675 5672/5672/5672 
f 5675/5675/5675 5674/5674/5674 5672/5672/5672 
f 5670/5670/5670 5671/5671/5671 5676/5676/5676 
f 5676/5676/5676 5675/5675/5675 5670/5670/5670 
f 5676/5676/5676 5671/5671/5671 5677/5677/5677 
f 5676/5676/5676 5677/5677/5677 5216/5216/5216 
f 5221/5221/5221 5216/5216/5216 5677/5677/5677 
f 5675/5675/5675 5676/5676/5676 5215/5215/5215 
f 5216/5216/5216 5215/5215/5215 5676/5676/5676 
f 5674/5674/5674 5675/5675/5675 5678/5678/5678 
f 5215/5215/5215 5678/5678/5678 5675/5675/5675 
f 5679/5679/5679 5674/5674/5674 5678/5678/5678 
f 5679/5679/5679 5673/5673/5673 5674/5674/5674 
f 5678/5678/5678 5215/5215/5215 5211/5211/5211 
f 5673/5673/5673 5679/5679/5679 5680/5680/5680 
f 5673/5673/5673 5680/5680/5680 5669/5669/5669 
f 5678/5678/5678 5681/5681/5681 5679/5679/5679 
f 5681/5681/5681 5678/5678/5678 5211/5211/5211 
f 5682/5682/5682 5680/5680/5680 5679/5679/5679 
f 5681/5681/5681 5682/5682/5682 5679/5679/5679 
f 5680/5680/5680 5682/5682/5682 5683/5683/5683 
f 5682/5682/5682 5681/5681/5681 5684/5684/5684 
f 5669/5669/5669 5680/5680/5680 5685/5685/5685 
f 5683/5683/5683 5685/5685/5685 5680/5680/5680 
f 5685/5685/5685 5182/5182/5182 5669/5669/5669 
f 5685/5685/5685 5683/5683/5683 5686/5686/5686 
f 5684/5684/5684 5681/5681/5681 5208/5208/5208 
f 5211/5211/5211 5208/5208/5208 5681/5681/5681 
f 5208/5208/5208 5207/5207/5207 5684/5684/5684 
f 5686/5686/5686 5687/5687/5687 5685/5685/5685 
f 5182/5182/5182 5685/5685/5685 5687/5687/5687 
f 5687/5687/5687 5686/5686/5686 5688/5688/5688 
f 5687/5687/5687 5180/5180/5180 5182/5182/5182 
f 5688/5688/5688 5689/5689/5689 5687/5687/5687 
f 5180/5180/5180 5687/5687/5687 5689/5689/5689 
f 5689/5689/5689 5688/5688/5688 5690/5690/5690 
f 5689/5689/5689 5178/5178/5178 5180/5180/5180 
f 5690/5690/5690 5691/5691/5691 5689/5689/5689 
f 5178/5178/5178 5689/5689/5689 5691/5691/5691 
f 5691/5691/5691 5690/5690/5690 5692/5692/5692 
f 5691/5691/5691 5176/5176/5176 5178/5178/5178 
f 5692/5692/5692 5693/5693/5693 5691/5691/5691 
f 5176/5176/5176 5691/5691/5691 5693/5693/5693 
f 5693/5693/5693 5692/5692/5692 5694/5694/5694 
f 5693/5693/5693 5177/5177/5177 5176/5176/5176 
f 5694/5694/5694 5695/5695/5695 5693/5693/5693 
f 5177/5177/5177 5693/5693/5693 5695/5695/5695 
f 5695/5695/5695 5694/5694/5694 5696/5696/5696 
f 5695/5695/5695 5697/5697/5697 5177/5177/5177 
f 5697/5697/5697 5172/5172/5172 5177/5177/5177 
f 5696/5696/5696 5698/5698/5698 5695/5695/5695 
f 5697/5697/5697 5695/5695/5695 5698/5698/5698 
f 5698/5698/5698 5696/5696/5696 5699/5699/5699 
f 5700/5700/5700 5698/5698/5698 5699/5699/5699 
f 5698/5698/5698 5700/5700/5700 5701/5701/5701 
f 5701/5701/5701 5697/5697/5697 5698/5698/5698 
f 5702/5702/5702 5701/5701/5701 5700/5700/5700 
f 5703/5703/5703 5172/5172/5172 5697/5697/5697 
f 5697/5697/5697 5701/5701/5701 5703/5703/5703 
f 5172/5172/5172 5703/5703/5703 5164/5164/5164 
f 5701/5701/5701 5702/5702/5702 5704/5704/5704 
f 5704/5704/5704 5703/5703/5703 5701/5701/5701 
f 5705/5705/5705 5704/5704/5704 5702/5702/5702 
f 5706/5706/5706 5164/5164/5164 5703/5703/5703 
f 5703/5703/5703 5704/5704/5704 5706/5706/5706 
f 5164/5164/5164 5706/5706/5706 5160/5160/5160 
f 5704/5704/5704 5705/5705/5705 5707/5707/5707 
f 5707/5707/5707 5706/5706/5706 5704/5704/5704 
f 5708/5708/5708 5707/5707/5707 5705/5705/5705 
f 5709/5709/5709 5160/5160/5160 5706/5706/5706 
f 5706/5706/5706 5707/5707/5707 5709/5709/5709 
f 5160/5160/5160 5709/5709/5709 5158/5158/5158 
f 5707/5707/5707 5708/5708/5708 5710/5710/5710 
f 5710/5710/5710 5709/5709/5709 5707/5707/5707 
f 5711/5711/5711 5710/5710/5710 5708/5708/5708 
f 5709/5709/5709 5712/5712/5712 5158/5158/5158 
f 5709/5709/5709 5710/5710/5710 5712/5712/5712 
f 5158/5158/5158 5712/5712/5712 5153/5153/5153 
f 5710/5710/5710 5711/5711/5711 5713/5713/5713 
f 5713/5713/5713 5712/5712/5712 5710/5710/5710 
f 5714/5714/5714 5713/5713/5713 5711/5711/5711 
f 5715/5715/5715 5153/5153/5153 5712/5712/5712 
f 5712/5712/5712 5713/5713/5713 5715/5715/5715 
f 5153/5153/5153 5715/5715/5715 5149/5149/5149 
f 5713/5713/5713 5714/5714/5714 5716/5716/5716 
f 5716/5716/5716 5715/5715/5715 5713/5713/5713 
f 5716/5716/5716 5714/5714/5714 5717/5717/5717 
f 5718/5718/5718 5149/5149/5149 5715/5715/5715 
f 5715/5715/5715 5716/5716/5716 5718/5718/5718 
f 5716/5716/5716 5717/5717/5717 5719/5719/5719 
f 5718/5718/5718 5716/5716/5716 5719/5719/5719 
f 5720/5720/5720 5719/5719/5719 5717/5717/5717 
f 5149/5149/5149 5718/5718/5718 5721/5721/5721 
f 5144/5144/5144 5149/5149/5149 5721/5721/5721 
f 5144/5144/5144 5721/5721/5721 5722/5722/5722 
f 5145/5145/5145 5144/5144/5144 5722/5722/5722 
f 5723/5723/5723 5721/5721/5721 5718/5718/5718 
f 5722/5722/5722 5721/5721/5721 5723/5723/5723 
f 5722/5722/5722 5724/5724/5724 5145/5145/5145 
f 5723/5723/5723 5724/5724/5724 5722/5722/5722 
f 5724/5724/5724 5725/5725/5725 5145/5145/5145 
f 5723/5723/5723 5718/5718/5718 5726/5726/5726 
f 5719/5719/5719 5726/5726/5726 5718/5718/5718 
f 5724/5724/5724 5723/5723/5723 5727/5727/5727 
f 5726/5726/5726 5727/5727/5727 5723/5723/5723 
f 5725/5725/5725 5724/5724/5724 5728/5728/5728 
f 5727/5727/5727 5728/5728/5728 5724/5724/5724 
f 5728/5728/5728 5729/5729/5729 5725/5725/5725 
f 5727/5727/5727 5726/5726/5726 5730/5730/5730 
f 5719/5719/5719 5730/5730/5730 5726/5726/5726 
f 5728/5728/5728 5727/5727/5727 5731/5731/5731 
f 5730/5730/5730 5731/5731/5731 5727/5727/5727 
f 5729/5729/5729 5728/5728/5728 5732/5732/5732 
f 5731/5731/5731 5732/5732/5732 5728/5728/5728 
f 5732/5732/5732 5733/5733/5733 5729/5729/5729 
f 5434/5434/5434 5733/5733/5733 5732/5732/5732 
f 5733/5733/5733 5434/5434/5434 5437/5437/5437 
f 5732/5732/5732 5731/5731/5731 5734/5734/5734 
f 5734/5734/5734 5434/5434/5434 5732/5732/5732 
f 5731/5731/5731 5730/5730/5730 5735/5735/5735 
f 5735/5735/5735 5734/5734/5734 5731/5731/5731 
f 5730/5730/5730 5719/5719/5719 5736/5736/5736 
f 5736/5736/5736 5735/5735/5735 5730/5730/5730 
f 5719/5719/5719 5720/5720/5720 5736/5736/5736 
f 5720/5720/5720 5737/5737/5737 5736/5736/5736 
f 5737/5737/5737 5735/5735/5735 5736/5736/5736 
f 5737/5737/5737 5720/5720/5720 5738/5738/5738 
f 5734/5734/5734 5735/5735/5735 5739/5739/5739 
f 5737/5737/5737 5739/5739/5739 5735/5735/5735 
f 5739/5739/5739 5432/5432/5432 5734/5734/5734 
f 5434/5434/5434 5734/5734/5734 5432/5432/5432 
f 5737/5737/5737 5738/5738/5738 5740/5740/5740 
f 5739/5739/5739 5737/5737/5737 5740/5740/5740 
f 5741/5741/5741 5740/5740/5740 5738/5738/5738 
f 5740/5740/5740 5742/5742/5742 5739/5739/5739 
f 5742/5742/5742 5432/5432/5432 5739/5739/5739 
f 5740/5740/5740 5741/5741/5741 5743/5743/5743 
f 5742/5742/5742 5740/5740/5740 5743/5743/5743 
f 5744/5744/5744 5743/5743/5743 5741/5741/5741 
f 5743/5743/5743 5744/5744/5744 5745/5745/5745 
f 5745/5745/5745 5744/5744/5744 5746/5746/5746 
f 5742/5742/5742 5743/5743/5743 5747/5747/5747 
f 5745/5745/5745 5747/5747/5747 5743/5743/5743 
f 5432/5432/5432 5742/5742/5742 5430/5430/5430 
f 5747/5747/5747 5430/5430/5430 5742/5742/5742 
f 5745/5745/5745 5746/5746/5746 5748/5748/5748 
f 5746/5746/5746 5749/5749/5749 5748/5748/5748 
f 5747/5747/5747 5745/5745/5745 5750/5750/5750 
f 5748/5748/5748 5750/5750/5750 5745/5745/5745 
f 5430/5430/5430 5747/5747/5747 5429/5429/5429 
f 5429/5429/5429 5747/5747/5747 5750/5750/5750 
f 5749/5749/5749 5751/5751/5751 5748/5748/5748 
f 5751/5751/5751 5749/5749/5749 5752/5752/5752 
f 5748/5748/5748 5753/5753/5753 5750/5750/5750 
f 5753/5753/5753 5748/5748/5748 5751/5751/5751 
f 5429/5429/5429 5750/5750/5750 5396/5396/5396 
f 5396/5396/5396 5750/5750/5750 5753/5753/5753 
f 5751/5751/5751 5752/5752/5752 5754/5754/5754 
f 5754/5754/5754 5752/5752/5752 5755/5755/5755 
f 5751/5751/5751 5756/5756/5756 5753/5753/5753 
f 5756/5756/5756 5751/5751/5751 5754/5754/5754 
f 5753/5753/5753 5200/5200/5200 5396/5396/5396 
f 5200/5200/5200 5753/5753/5753 5756/5756/5756 
f 5397/5397/5397 5429/5429/5429 5396/5396/5396 
f 5754/5754/5754 5755/5755/5755 5757/5757/5757 
f 5757/5757/5757 5755/5755/5755 5758/5758/5758 
f 5759/5759/5759 5757/5757/5757 5758/5758/5758 
f 5760/5760/5760 5754/5754/5754 5757/5757/5757 
f 5756/5756/5756 5754/5754/5754 5760/5760/5760 
f 5757/5757/5757 5759/5759/5759 5761/5761/5761 
f 5761/5761/5761 5760/5760/5760 5757/5757/5757 
f 5761/5761/5761 5759/5759/5759 5192/5192/5192 
f 5197/5197/5197 5756/5756/5756 5760/5760/5760 
f 5756/5756/5756 5197/5197/5197 5200/5200/5200 
f 5760/5760/5760 5761/5761/5761 5195/5195/5195 
f 5195/5195/5195 5197/5197/5197 5760/5760/5760 
f 5192/5192/5192 5191/5191/5191 5761/5761/5761 
f 5191/5191/5191 5195/5195/5195 5761/5761/5761 
f 5762/5762/5762 5763/5763/5763 5764/5764/5764 
f 5763/5763/5763 5762/5762/5762 5765/5765/5765 
f 5764/5764/5764 5766/5766/5766 5762/5762/5762 
f 5765/5765/5765 5767/5767/5767 5763/5763/5763 
f 5766/5766/5766 5764/5764/5764 5768/5768/5768 
f 5765/5765/5765 5769/5769/5769 5767/5767/5767 
f 5768/5768/5768 5770/5770/5770 5766/5766/5766 
f 5771/5771/5771 5767/5767/5767 5769/5769/5769 
f 5770/5770/5770 5768/5768/5768 5772/5772/5772 
f 5767/5767/5767 5771/5771/5771 5773/5773/5773 
f 5774/5774/5774 5770/5770/5770 5772/5772/5772 
f 5775/5775/5775 5773/5773/5773 5771/5771/5771 
f 5770/5770/5770 5774/5774/5774 5776/5776/5776 
f 5773/5773/5773 5775/5775/5775 5777/5777/5777 
f 5778/5778/5778 5776/5776/5776 5774/5774/5774 
f 5775/5775/5775 5779/5779/5779 5777/5777/5777 
f 5776/5776/5776 5778/5778/5778 5780/5780/5780 
f 5781/5781/5781 5779/5779/5779 5775/5775/5775 
f 5782/5782/5782 5780/5780/5780 5778/5778/5778 
f 5781/5781/5781 5783/5783/5783 5779/5779/5779 
f 5780/5780/5780 5782/5782/5782 5784/5784/5784 
f 5785/5785/5785 5783/5783/5783 5781/5781/5781 
f 5782/5782/5782 5786/5786/5786 5784/5784/5784 
f 5787/5787/5787 5783/5783/5783 5785/5785/5785 
f 5786/5786/5786 5782/5782/5782 5788/5788/5788 
f 5788/5788/5788 5789/5789/5789 5786/5786/5786 
f 5789/5789/5789 5788/5788/5788 5790/5790/5790 
f 5783/5783/5783 5787/5787/5787 5791/5791/5791 
f 5792/5792/5792 5791/5791/5791 5787/5787/5787 
f 5792/5792/5792 5793/5793/5793 5791/5791/5791 
f 5794/5794/5794 5793/5793/5793 5792/5792/5792 
f 5793/5793/5793 5794/5794/5794 5795/5795/5795 
f 5796/5796/5796 5797/5797/5797 5798/5798/5798 
f 5797/5797/5797 5796/5796/5796 5799/5799/5799 
f 5798/5798/5798 5800/5800/5800 5796/5796/5796 
f 5801/5801/5801 5799/5799/5799 5796/5796/5796 
f 5799/5799/5799 5801/5801/5801 5802/5802/5802 
f 5800/5800/5800 5798/5798/5798 5803/5803/5803 
f 5804/5804/5804 5796/5796/5796 5800/5800/5800 
f 5796/5796/5796 5804/5804/5804 5801/5801/5801 
f 5805/5805/5805 5800/5800/5800 5803/5803/5803 
f 5806/5806/5806 5800/5800/5800 5805/5805/5805 
f 5806/5806/5806 5804/5804/5804 5800/5800/5800 
f 5805/5805/5805 5803/5803/5803 5807/5807/5807 
f 5803/5803/5803 5808/5808/5808 5807/5807/5807 
f 5809/5809/5809 5808/5808/5808 5803/5803/5803 
f 5808/5808/5808 5809/5809/5809 5810/5810/5810 
f 5810/5810/5810 5809/5809/5809 5811/5811/5811 
f 5812/5812/5812 5804/5804/5804 5806/5806/5806 
f 5812/5812/5812 5813/5813/5813 5804/5804/5804 
f 5813/5813/5813 5801/5801/5801 5804/5804/5804 
f 5814/5814/5814 5813/5813/5813 5812/5812/5812 
f 5814/5814/5814 5815/5815/5815 5813/5813/5813 
f 5816/5816/5816 5815/5815/5815 5814/5814/5814 
f 5801/5801/5801 5813/5813/5813 5817/5817/5817 
f 5816/5816/5816 5818/5818/5818 5815/5815/5815 
f 5819/5819/5819 5818/5818/5818 5816/5816/5816 
f 5815/5815/5815 5820/5820/5820 5813/5813/5813 
f 5813/5813/5813 5820/5820/5820 5817/5817/5817 
f 5818/5818/5818 5821/5821/5821 5815/5815/5815 
f 5815/5815/5815 5821/5821/5821 5820/5820/5820 
f 5819/5819/5819 5822/5822/5822 5818/5818/5818 
f 5823/5823/5823 5822/5822/5822 5819/5819/5819 
f 5818/5818/5818 5824/5824/5824 5821/5821/5821 
f 5822/5822/5822 5824/5824/5824 5818/5818/5818 
f 5823/5823/5823 5825/5825/5825 5822/5822/5822 
f 5825/5825/5825 5824/5824/5824 5822/5822/5822 
f 5826/5826/5826 5825/5825/5825 5823/5823/5823 
f 5826/5826/5826 5827/5827/5827 5825/5825/5825 
f 5828/5828/5828 5827/5827/5827 5826/5826/5826 
f 5828/5828/5828 5829/5829/5829 5827/5827/5827 
f 5830/5830/5830 5829/5829/5829 5828/5828/5828 
f 5827/5827/5827 5831/5831/5831 5825/5825/5825 
f 5829/5829/5829 5831/5831/5831 5827/5827/5827 
f 5832/5832/5832 5829/5829/5829 5830/5830/5830 
f 5824/5824/5824 5825/5825/5825 5833/5833/5833 
f 5825/5825/5825 5831/5831/5831 5833/5833/5833 
f 5833/5833/5833 5834/5834/5834 5824/5824/5824 
f 5824/5824/5824 5834/5834/5834 5821/5821/5821 
f 5831/5831/5831 5835/5835/5835 5833/5833/5833 
f 5834/5834/5834 5833/5833/5833 5835/5835/5835 
f 5829/5829/5829 5832/5832/5832 5836/5836/5836 
f 5837/5837/5837 5836/5836/5836 5832/5832/5832 
f 5831/5831/5831 5829/5829/5829 5838/5838/5838 
f 5836/5836/5836 5838/5838/5838 5829/5829/5829 
f 5835/5835/5835 5831/5831/5831 5839/5839/5839 
f 5838/5838/5838 5839/5839/5839 5831/5831/5831 
f 5835/5835/5835 5840/5840/5840 5834/5834/5834 
f 5840/5840/5840 5835/5835/5835 5841/5841/5841 
f 5839/5839/5839 5841/5841/5841 5835/5835/5835 
f 5841/5841/5841 5839/5839/5839 5842/5842/5842 
f 5842/5842/5842 5839/5839/5839 5843/5843/5843 
f 5844/5844/5844 5843/5843/5843 5839/5839/5839 
f 5843/5843/5843 5844/5844/5844 5845/5845/5845 
f 5839/5839/5839 5838/5838/5838 5846/5846/5846 
f 5845/5845/5845 5844/5844/5844 5847/5847/5847 
f 5845/5845/5845 5847/5847/5847 5848/5848/5848 
f 5849/5849/5849 5848/5848/5848 5847/5847/5847 
f 5848/5848/5848 5849/5849/5849 5850/5850/5850 
f 5850/5850/5850 5849/5849/5849 5851/5851/5851 
f 5852/5852/5852 5846/5846/5846 5838/5838/5838 
f 5846/5846/5846 5852/5852/5852 5853/5853/5853 
f 5838/5838/5838 5836/5836/5836 5852/5852/5852 
f 5854/5854/5854 5853/5853/5853 5852/5852/5852 
f 5853/5853/5853 5854/5854/5854 5855/5855/5855 
f 5856/5856/5856 5852/5852/5852 5836/5836/5836 
f 5852/5852/5852 5856/5856/5856 5854/5854/5854 
f 5836/5836/5836 5837/5837/5837 5856/5856/5856 
f 5857/5857/5857 5856/5856/5856 5837/5837/5837 
f 5858/5858/5858 5855/5855/5855 5854/5854/5854 
f 5855/5855/5855 5858/5858/5858 5859/5859/5859 
f 5854/5854/5854 5860/5860/5860 5858/5858/5858 
f 5860/5860/5860 5854/5854/5854 5856/5856/5856 
f 5856/5856/5856 5857/5857/5857 5860/5860/5860 
f 5861/5861/5861 5860/5860/5860 5857/5857/5857 
f 5862/5862/5862 5860/5860/5860 5861/5861/5861 
f 5862/5862/5862 5863/5863/5863 5860/5860/5860 
f 5863/5863/5863 5862/5862/5862 5864/5864/5864 
f 5865/5865/5865 5863/5863/5863 5864/5864/5864 
f 5866/5866/5866 5867/5867/5867 5868/5868/5868 
f 5869/5869/5869 5868/5868/5868 5867/5867/5867 
f 5867/5867/5867 5866/5866/5866 5870/5870/5870 
f 5871/5871/5871 5870/5870/5870 5866/5866/5866 
f 5871/5871/5871 5872/5872/5872 5870/5870/5870 
f 5873/5873/5873 5872/5872/5872 5871/5871/5871 
f 5872/5872/5872 5873/5873/5873 5874/5874/5874 
f 5875/5875/5875 5874/5874/5874 5873/5873/5873 
f 5876/5876/5876 5874/5874/5874 5875/5875/5875 
f 5874/5874/5874 5876/5876/5876 5877/5877/5877 
f 5876/5876/5876 5878/5878/5878 5877/5877/5877 
f 5879/5879/5879 5878/5878/5878 5876/5876/5876 
f 5880/5880/5880 5878/5878/5878 5879/5879/5879 
f 5878/5878/5878 5880/5880/5880 5881/5881/5881 
f 5880/5880/5880 5882/5882/5882 5881/5881/5881 
f 5882/5882/5882 5880/5880/5880 5883/5883/5883 
f 5884/5884/5884 5882/5882/5882 5883/5883/5883 
f 5882/5882/5882 5884/5884/5884 5885/5885/5885 
f 5886/5886/5886 5885/5885/5885 5884/5884/5884 
f 5885/5885/5885 5886/5886/5886 5887/5887/5887 
f 5888/5888/5888 5887/5887/5887 5886/5886/5886 
f 5887/5887/5887 5888/5888/5888 5889/5889/5889 
f 5888/5888/5888 5890/5890/5890 5889/5889/5889 
f 5890/5890/5890 5888/5888/5888 5891/5891/5891 
f 5892/5892/5892 5893/5893/5893 5894/5894/5894 
f 5892/5892/5892 5894/5894/5894 5895/5895/5895 
f 5896/5896/5896 5895/5895/5895 5894/5894/5894 
f 5895/5895/5895 5896/5896/5896 5897/5897/5897 
f 5896/5896/5896 5898/5898/5898 5897/5897/5897 
f 5898/5898/5898 5896/5896/5896 5899/5899/5899 
f 5899/5899/5899 5900/5900/5900 5898/5898/5898 
f 5900/5900/5900 5899/5899/5899 5901/5901/5901 
f 5901/5901/5901 5902/5902/5902 5900/5900/5900 
f 5902/5902/5902 5901/5901/5901 5903/5903/5903 
f 5902/5902/5902 5903/5903/5903 5904/5904/5904 
f 5905/5905/5905 5902/5902/5902 5904/5904/5904 
f 5906/5906/5906 5905/5905/5905 5904/5904/5904 
f 5905/5905/5905 5906/5906/5906 5907/5907/5907 
f 5906/5906/5906 5908/5908/5908 5907/5907/5907 
f 5908/5908/5908 5906/5906/5906 5909/5909/5909 
f 5910/5910/5910 5908/5908/5908 5909/5909/5909 
f 5908/5908/5908 5910/5910/5910 5911/5911/5911 
f 5912/5912/5912 5911/5911/5911 5910/5910/5910 
f 5912/5912/5912 5910/5910/5910 5913/5913/5913 
f 5912/5912/5912 5913/5913/5913 5914/5914/5914 
f 5914/5914/5914 5913/5913/5913 5915/5915/5915 
f 5916/5916/5916 5914/5914/5914 5915/5915/5915 
f 5914/5914/5914 5916/5916/5916 5917/5917/5917 
f 5918/5918/5918 5917/5917/5917 5916/5916/5916 
f 5917/5917/5917 5918/5918/5918 5919/5919/5919 
f 5918/5918/5918 5920/5920/5920 5919/5919/5919 
f 5920/5920/5920 5918/5918/5918 5921/5921/5921 
f 5921/5921/5921 5922/5922/5922 5920/5920/5920 
f 5922/5922/5922 5921/5921/5921 5923/5923/5923 
f 5923/5923/5923 5924/5924/5924 5922/5922/5922 
f 5924/5924/5924 5923/5923/5923 5925/5925/5925 
f 5926/5926/5926 5927/5927/5927 5928/5928/5928 
f 5929/5929/5929 5928/5928/5928 5927/5927/5927 
f 5928/5928/5928 5929/5929/5929 5930/5930/5930 
f 5927/5927/5927 5926/5926/5926 5931/5931/5931 
f 5926/5926/5926 5932/5932/5932 5931/5931/5931 
f 5933/5933/5933 5932/5932/5932 5926/5926/5926 
f 5933/5933/5933 5934/5934/5934 5932/5932/5932 
f 5934/5934/5934 5933/5933/5933 5935/5935/5935 
f 5936/5936/5936 5937/5937/5937 5938/5938/5938 
f 5937/5937/5937 5936/5936/5936 5939/5939/5939 
f 5940/5940/5940 5939/5939/5939 5936/5936/5936 
f 5939/5939/5939 5940/5940/5940 5941/5941/5941 
f 5940/5940/5940 5942/5942/5942 5941/5941/5941 
f 5943/5943/5943 5942/5942/5942 5940/5940/5940 
f 5943/5943/5943 5944/5944/5944 5942/5942/5942 
f 5944/5944/5944 5943/5943/5943 5945/5945/5945 
f 5817/5817/5817 5946/5946/5946 5801/5801/5801 
f 5801/5801/5801 5946/5946/5946 5802/5802/5802 
f 5817/5817/5817 5947/5947/5947 5946/5946/5946 
f 5820/5820/5820 5947/5947/5947 5817/5817/5817 
f 5947/5947/5947 5948/5948/5948 5946/5946/5946 
f 5949/5949/5949 5946/5946/5946 5948/5948/5948 
f 5948/5948/5948 5947/5947/5947 5950/5950/5950 
f 5946/5946/5946 5949/5949/5949 5951/5951/5951 
f 5952/5952/5952 5951/5951/5951 5949/5949/5949 
f 5951/5951/5951 5952/5952/5952 5953/5953/5953 
f 5954/5954/5954 5953/5953/5953 5952/5952/5952 
f 5953/5953/5953 5954/5954/5954 5955/5955/5955 
f 5947/5947/5947 5956/5956/5956 5950/5950/5950 
f 5956/5956/5956 5947/5947/5947 5957/5957/5957 
f 5820/5820/5820 5957/5957/5957 5947/5947/5947 
f 5957/5957/5957 5840/5840/5840 5956/5956/5956 
f 5821/5821/5821 5957/5957/5957 5820/5820/5820 
f 5840/5840/5840 5957/5957/5957 5834/5834/5834 
f 5821/5821/5821 5834/5834/5834 5957/5957/5957 
f 5958/5958/5958 5959/5959/5959 5960/5960/5960 
f 5959/5959/5959 5958/5958/5958 5961/5961/5961 
f 5962/5962/5962 5960/5960/5960 5959/5959/5959 
f 5963/5963/5963 5961/5961/5961 5958/5958/5958 
f 5960/5960/5960 5962/5962/5962 5964/5964/5964 
f 5961/5961/5961 5963/5963/5963 5965/5965/5965 
f 5962/5962/5962 5966/5966/5966 5964/5964/5964 
f 5967/5967/5967 5965/5965/5965 5963/5963/5963 
f 5966/5966/5966 5962/5962/5962 5968/5968/5968 
f 5965/5965/5965 5967/5967/5967 5969/5969/5969 
f 5970/5970/5970 5969/5969/5969 5967/5967/5967 
f 5969/5969/5969 5970/5970/5970 5971/5971/5971 
f 5968/5968/5968 5972/5972/5972 5966/5966/5966 
f 5972/5972/5972 5968/5968/5968 5973/5973/5973 
f 5973/5973/5973 5974/5974/5974 5972/5972/5972 
f 5974/5974/5974 5973/5973/5973 5975/5975/5975 
f 5975/5975/5975 5976/5976/5976 5974/5974/5974 
f 5976/5976/5976 5975/5975/5975 5977/5977/5977 
f 5977/5977/5977 5978/5978/5978 5976/5976/5976 
f 5978/5978/5978 5977/5977/5977 5979/5979/5979 
f 5978/5978/5978 5979/5979/5979 5980/5980/5980 
f 5981/5981/5981 5980/5980/5980 5979/5979/5979 
f 5980/5980/5980 5981/5981/5981 5982/5982/5982 
f 5982/5982/5982 5981/5981/5981 5983/5983/5983 
f 5982/5982/5982 5983/5983/5983 5984/5984/5984 
f 5985/5985/5985 5986/5986/5986 5984/5984/5984 
f 5985/5985/5985 5987/5987/5987 5986/5986/5986 
f 5988/5988/5988 5987/5987/5987 5985/5985/5985 
f 5988/5988/5988 5989/5989/5989 5987/5987/5987 
f 5990/5990/5990 5991/5991/5991 5992/5992/5992 
f 5992/5992/5992 5993/5993/5993 5990/5990/5990 
f 5993/5993/5993 5992/5992/5992 5994/5994/5994 
f 5994/5994/5994 5995/5995/5995 5993/5993/5993 
f 5996/5996/5996 5995/5995/5995 5994/5994/5994 
f 5995/5995/5995 5996/5996/5996 5997/5997/5997 
f 5998/5998/5998 5997/5997/5997 5996/5996/5996 
f 5997/5997/5997 5998/5998/5998 5999/5999/5999 
f 5999/5999/5999 5998/5998/5998 6000/6000/6000 
f 6000/6000/6000 6001/6001/6001 5999/5999/5999 
f 6001/6001/6001 6000/6000/6000 6002/6002/6002 
f 6002/6002/6002 6003/6003/6003 6001/6001/6001 
f 6002/6002/6002 6004/6004/6004 6003/6003/6003 
f 6004/6004/6004 6002/6002/6002 6005/6005/6005 
f 6005/6005/6005 6006/6006/6006 6004/6004/6004 
f 6007/6007/6007 6006/6006/6006 6005/6005/6005 
f 6006/6006/6006 6007/6007/6007 6008/6008/6008 
f 6009/6009/6009 6008/6008/6008 6007/6007/6007 
f 6008/6008/6008 6009/6009/6009 6010/6010/6010 
f 6011/6011/6011 6010/6010/6010 6009/6009/6009 
f 6010/6010/6010 6011/6011/6011 6012/6012/6012 
f 6013/6013/6013 6012/6012/6012 6011/6011/6011 
f 6012/6012/6012 6013/6013/6013 6014/6014/6014 
f 6015/6015/6015 6014/6014/6014 6013/6013/6013 
f 6016/6016/6016 6017/6017/6017 6018/6018/6018 
f 6017/6017/6017 6016/6016/6016 6019/6019/6019 
f 6018/6018/6018 6017/6017/6017 6020/6020/6020 
f 6020/6020/6020 6017/6017/6017 6021/6021/6021 
f 6021/6021/6021 6022/6022/6022 6023/6023/6023 
f 6024/6024/6024 6023/6023/6023 6022/6022/6022 
f 6024/6024/6024 6025/6025/6025 6023/6023/6023 

