# This file is brought to you by Roblox Corporation
# Generated by Roblox Studio

mtllib R6 Headless.mtl

g Handle1

v -44.2013 4.23803 18.5 
v -44.2371 4.25912 18.5659 
v -44.2371 4.25263 18.5 
v -44.2371 4.25912 18.4341 
v -44.2013 4.23803 18.5 
v -44.2506 4.28783 18.5 
v -44.2371 4.25912 18.4341 
v -44.2371 4.25912 18.5659 
v -42.7987 4.26485 18.3652 
v -42.7629 4.30954 18.3124 
v -42.7629 4.27834 18.3708 
v -42.7987 4.2448 18.4313 
v -42.7987 4.26485 18.3652 
v -42.7494 4.33881 18.332 
v -42.7494 4.31085 18.3842 
v -42.7629 4.27834 18.3708 
v -42.7494 4.29364 18.441 
v -42.7494 4.29364 18.559 
v -42.7629 4.25912 18.5659 
v -42.7629 4.25263 18.5 
v -42.7494 4.31085 18.6158 
v -42.7494 4.29364 18.559 
v -44.2506 4.28783 18.5 
v -44.2371 4.25912 18.5659 
v -44.2506 4.29364 18.559 
v -44.2371 4.27834 18.6292 
v -44.2506 4.29364 18.559 
v -42.7629 4.25912 18.4341 
v -42.7629 4.27834 18.3708 
v -42.7494 4.29364 18.441 
v -44.2506 4.29364 18.441 
v -44.2371 4.27834 18.3708 
v -44.2371 4.25912 18.4341 
v -44.2371 4.27834 18.3708 
v -44.2506 4.29364 18.441 
v -44.2506 4.31085 18.3842 
v -42.7494 4.33881 18.668 
v -42.7629 4.27834 18.6292 
v -42.7494 4.31085 18.6158 
v -42.7629 4.25912 18.5659 
v -42.7494 4.31085 18.6158 
v -44.2506 4.29364 18.559 
v -44.2371 4.27834 18.6292 
v -44.2506 4.31085 18.6158 
v -44.2506 4.33881 18.668 
v -44.2506 4.31085 18.6158 
v -44.2506 4.33881 18.332 
v -44.2371 4.27834 18.3708 
v -44.2506 4.31085 18.3842 
v -42.7629 4.27834 18.6292 
v -42.7494 4.33881 18.668 
v -42.7629 4.30954 18.6876 
v -42.7494 4.33881 18.668 
v -42.7629 4.35153 18.7388 
v -42.7494 4.33881 18.332 
v -42.7629 4.27834 18.3708 
v -42.7629 4.30954 18.3124 
v -42.7629 4.35153 18.2612 
v -44.2371 4.35153 18.7388 
v -44.2506 4.33881 18.668 
v -44.2371 4.30954 18.6876 
v -44.2371 4.27834 18.6292 
v -44.2371 4.27834 18.3708 
v -44.2506 4.33881 18.332 
v -44.2371 4.30954 18.3124 
v -44.2371 4.35153 18.2612 
v -42.7629 4.25912 18.4341 
v -42.7987 4.23803 18.5 
v -42.7987 4.2448 18.4313 
v -42.7629 4.27834 18.3708 
v -42.7494 4.28783 18.5 
v -42.7494 4.29364 18.441 
v -44.2013 4.23803 18.5 
v -44.2371 4.25912 18.4341 
v -44.2013 4.2448 18.4313 
v -44.2371 4.27834 18.3708 
v -44.2013 4.2448 18.4313 
v -44.2506 4.28783 18.5 
v -44.2506 4.29364 18.441 
v -42.7494 4.37642 18.2861 
v -42.7494 4.33881 18.332 
v -42.7629 4.35153 18.2612 
v -42.7494 4.42226 18.2485 
v -42.7629 4.35153 18.7388 
v -42.7494 4.33881 18.668 
v -42.7494 4.37642 18.7139 
v -42.7494 4.42226 18.7515 
v -44.2371 4.35153 18.2612 
v -44.2506 4.33881 18.332 
v -44.2506 4.37642 18.2861 
v -44.2506 4.42226 18.2485 
v -44.2506 4.33881 18.668 
v -44.2371 4.35153 18.7388 
v -44.2506 4.37642 18.7139 
v -44.2506 4.42226 18.7515 
v -42.7494 4.42226 18.7515 
v -42.7629 4.46108 18.812 
v -42.7629 4.4027 18.7808 
v -42.7629 4.35153 18.7388 
v -42.7494 4.42226 18.7515 
v -42.7629 4.46108 18.188 
v -42.7494 4.42226 18.2485 
v -42.7629 4.4027 18.2192 
v -42.7494 4.42226 18.2485 
v -42.7629 4.35153 18.2612 
v -44.2371 4.35153 18.7388 
v -44.2371 4.4027 18.7808 
v -44.2506 4.42226 18.7515 
v -44.2371 4.46108 18.812 
v -44.2371 4.46108 18.188 
v -44.2371 4.4027 18.2192 
v -44.2506 4.42226 18.2485 
v -44.2371 4.35153 18.2612 
v -44.2506 4.42226 18.7515 
v -44.2371 4.46108 18.812 
v -44.2506 4.47455 18.7795 
v -42.7629 4.46108 18.812 
v -42.7494 4.42226 18.7515 
v -42.7494 4.47455 18.7795 
v -42.7629 4.52443 18.8312 
v -42.7629 4.52443 18.1688 
v -42.7494 4.47455 18.2205 
v -42.7629 4.46108 18.188 
v -42.7494 4.42226 18.2485 
v -42.7494 4.47455 18.2205 
v -44.2506 4.42226 18.2485 
v -44.2506 4.47455 18.2205 
v -44.2371 4.46108 18.188 
v -44.2371 4.52443 18.1688 
v -42.7494 4.47455 18.2205 
v -42.7629 4.52443 18.1688 
v -42.7494 4.5313 18.2033 
v -44.2506 4.47455 18.7795 
v -44.2371 4.52443 18.8312 
v -44.2506 4.5313 18.7967 
v -44.2371 4.52443 18.8312 
v -44.2506 4.47455 18.7795 
v -44.2371 4.46108 18.812 
v -42.7629 4.52443 18.8312 
v -42.7494 4.47455 18.7795 
v -42.7494 4.5313 18.7967 
v -42.7629 4.59031 18.8377 
v -44.2506 4.47455 18.2205 
v -44.2506 4.5313 18.2033 
v -44.2371 4.52443 18.1688 
v -44.2371 4.59031 18.1623 
v -44.2506 4.5313 18.2033 
v -42.7629 4.59031 18.1623 
v -42.7494 4.5313 18.2033 
v -42.7629 4.52443 18.1688 
v -44.2371 4.59031 18.8377 
v -44.2506 4.5313 18.7967 
v -44.2371 4.52443 18.8312 
v -44.2506 4.5313 18.7967 
v -44.2371 4.59031 18.8377 
v -44.2506 4.59031 18.8025 
v -42.7629 4.59031 18.8377 
v -42.7494 4.5313 18.7967 
v -42.7494 4.59031 18.8025 
v -44.2506 4.5313 18.2033 
v -44.2506 4.59031 18.1975 
v -44.2371 4.59031 18.1623 
v -44.2506 4.64932 18.2033 
v -44.2506 4.59031 18.1975 
v -42.7629 4.65619 18.8312 
v -42.7629 4.59031 18.8377 
v -42.7494 4.64932 18.7967 
v -42.7629 4.59031 18.8377 
v -42.7494 4.59031 18.8025 
v -42.7494 4.64932 18.7967 
v -44.2506 4.64932 18.7967 
v -44.2371 4.59031 18.8377 
v -44.2371 4.65619 18.8312 
v -44.2371 4.59031 18.8377 
v -44.2506 4.64932 18.7967 
v -44.2506 4.59031 18.8025 
v -42.7629 4.71953 18.188 
v -42.7494 4.64932 18.2033 
v -42.7629 4.65619 18.1688 
v -42.7629 4.59031 18.1623 
v -44.2371 4.59031 18.1623 
v -44.2506 4.64932 18.2033 
v -44.2371 4.65619 18.1688 
v -44.2506 4.64932 18.2033 
v -44.2371 4.71953 18.188 
v -42.7629 4.71953 18.812 
v -42.7494 4.64932 18.7967 
v -42.7494 4.70606 18.7795 
v -42.7494 4.64932 18.7967 
v -42.7629 4.71953 18.812 
v -42.7629 4.65619 18.8312 
v -42.7494 4.64932 18.2033 
v -42.7629 4.71953 18.188 
v -42.7494 4.70606 18.2205 
v -44.2371 4.71953 18.812 
v -44.2506 4.64932 18.7967 
v -44.2371 4.65619 18.8312 
v -44.2506 4.64932 18.7967 
v -44.2371 4.71953 18.812 
v -44.2506 4.70606 18.7795 
v -44.2371 4.71953 18.188 
v -44.2506 4.64932 18.2033 
v -44.2506 4.70606 18.2205 
v -42.7629 4.27834 18.6292 
v -42.7987 4.2448 18.5687 
v -42.7629 4.25912 18.5659 
v -42.7987 4.2448 18.5687 
v -42.7987 4.23803 18.5 
v -44.2371 4.25912 18.5659 
v -44.2013 4.23803 18.5 
v -44.2013 4.2448 18.5687 
v -44.2013 4.2448 18.5687 
v -44.2371 4.27834 18.6292 
v -42.7629 4.27834 18.6292 
v -42.7987 4.26485 18.6348 
v -42.7987 4.2448 18.5687 
v -42.7629 4.30954 18.6876 
v -42.7987 4.26485 18.6348 
v -44.2371 4.27834 18.6292 
v -44.2013 4.2448 18.5687 
v -44.2013 4.26485 18.6348 
v -44.2013 4.26485 18.6348 
v -44.2371 4.30954 18.6876 
v -44.2013 4.2448 18.4313 
v -44.2371 4.27834 18.3708 
v -44.2013 4.26485 18.3652 
v -44.2371 4.30954 18.3124 
v -44.2013 4.26485 18.3652 
v -42.7494 4.70606 18.7795 
v -42.7629 4.77791 18.7808 
v -42.7629 4.71953 18.812 
v -42.7629 4.77791 18.7808 
v -42.7494 4.70606 18.7795 
v -42.7494 4.75835 18.7515 
v -42.7494 4.70606 18.2205 
v -42.7629 4.71953 18.188 
v -42.7629 4.77791 18.2192 
v -42.7494 4.70606 18.2205 
v -42.7629 4.77791 18.2192 
v -42.7494 4.75835 18.2485 
v -44.2371 4.77791 18.7808 
v -44.2506 4.70606 18.7795 
v -44.2371 4.71953 18.812 
v -44.2506 4.70606 18.2205 
v -44.2371 4.77791 18.2192 
v -44.2371 4.71953 18.188 
v -42.7629 4.30954 18.3124 
v -42.7987 4.26485 18.3652 
v -42.7987 4.2974 18.3043 
v -44.2371 4.30954 18.6876 
v -44.2013 4.26485 18.6348 
v -44.2013 4.2974 18.6957 
v -44.2506 4.70606 18.7795 
v -44.2371 4.77791 18.7808 
v -44.2506 4.75835 18.7515 
v -44.2371 4.82908 18.7388 
v -44.2371 4.77791 18.7808 
v -44.2371 4.77791 18.2192 
v -44.2506 4.70606 18.2205 
v -44.2506 4.75835 18.2485 
v -44.2371 4.82908 18.2612 
v -44.2371 4.77791 18.2192 
v -42.7494 4.75835 18.7515 
v -42.7629 4.82908 18.7388 
v -42.7629 4.77791 18.7808 
v -42.7629 4.77791 18.2192 
v -42.7629 4.82908 18.2612 
v -42.7494 4.75835 18.2485 
v -44.2013 4.26485 18.3652 
v -44.2371 4.30954 18.3124 
v -44.2013 4.2974 18.3043 
v -44.2371 4.35153 18.2612 
v -44.2371 4.30954 18.3124 
v -42.7629 4.35153 18.7388 
v -42.7987 4.2974 18.6957 
v -42.7629 4.30954 18.6876 
v -42.7629 4.30954 18.6876 
v -42.7987 4.26485 18.6348 
v -42.7629 4.82908 18.2612 
v -42.7494 4.84181 18.332 
v -42.7494 4.80419 18.2861 
v -42.7494 4.80419 18.2861 
v -42.7494 4.75835 18.2485 
v -42.7629 4.82908 18.7388 
v -42.7494 4.75835 18.7515 
v -42.7494 4.80419 18.7139 
v -42.7494 4.84181 18.668 
v -42.7494 4.80419 18.7139 
v -44.2371 4.87108 18.6876 
v -44.2506 4.80419 18.7139 
v -44.2371 4.82908 18.7388 
v -44.2506 4.75835 18.7515 
v -44.2506 4.80419 18.7139 
v -42.7494 4.80419 18.2861 
v -42.7494 4.88697 18.441 
v -42.7494 4.75835 18.2485 
v -42.7494 4.86976 18.3842 
v -42.7494 4.84181 18.332 
v -42.7494 4.89279 18.5 
v -42.7494 4.75835 18.2485 
v -42.7494 4.88697 18.559 
v -42.7494 4.59031 18.1975 
v -42.7494 4.70606 18.2205 
v -42.7494 4.47455 18.2205 
v -42.7494 4.5313 18.2033 
v -42.7494 4.70606 18.2205 
v -42.7494 4.64932 18.2033 
v -42.7494 4.47455 18.2205 
v -42.7494 4.75835 18.7515 
v -42.7494 4.80419 18.7139 
v -42.7494 4.86976 18.6158 
v -42.7494 4.84181 18.668 
v -42.7494 4.47455 18.7795 
v -42.7494 4.75835 18.7515 
v -42.7494 4.59031 18.8025 
v -42.7494 4.70606 18.7795 
v -42.7494 4.5313 18.7967 
v -42.7494 4.70606 18.7795 
v -42.7494 4.64932 18.7967 
v -42.7494 4.37642 18.7139 
v -42.7494 4.42226 18.7515 
v -42.7494 4.37642 18.2861 
v -42.7494 4.42226 18.2485 
v -42.7494 4.31085 18.3842 
v -42.7494 4.33881 18.332 
v -42.7494 4.31085 18.6158 
v -42.7494 4.33881 18.668 
v -42.7494 4.28783 18.5 
v -42.7494 4.29364 18.441 
v -42.7494 4.31085 18.6158 
v -42.7494 4.29364 18.559 
v -44.2506 4.47455 18.7795 
v -44.2506 4.59031 18.8025 
v -44.2506 4.75835 18.7515 
v -44.2506 4.5313 18.7967 
v -44.2506 4.70606 18.7795 
v -44.2506 4.64932 18.7967 
v -44.2506 4.75835 18.7515 
v -44.2506 4.89279 18.5 
v -44.2506 4.89279 18.5 
v -44.2506 4.88697 18.559 
v -44.2506 4.80419 18.7139 
v -44.2506 4.75835 18.2485 
v -44.2506 4.88697 18.441 
v -44.2506 4.86976 18.6158 
v -44.2506 4.84181 18.668 
v -44.2506 4.88697 18.559 
v -44.2506 4.47455 18.2205 
v -44.2506 4.75835 18.2485 
v -44.2506 4.80419 18.2861 
v -44.2506 4.86976 18.3842 
v -44.2506 4.88697 18.441 
v -44.2506 4.84181 18.332 
v -44.2506 4.37642 18.7139 
v -44.2506 4.42226 18.7515 
v -44.2506 4.37642 18.2861 
v -44.2506 4.42226 18.2485 
v -44.2506 4.31085 18.3842 
v -44.2506 4.33881 18.332 
v -44.2506 4.31085 18.6158 
v -44.2506 4.33881 18.668 
v -44.2506 4.28783 18.5 
v -44.2506 4.29364 18.441 
v -44.2506 4.31085 18.3842 
v -44.2506 4.31085 18.6158 
v -44.2506 4.29364 18.559 
v -44.2506 4.59031 18.1975 
v -44.2506 4.75835 18.2485 
v -44.2506 4.47455 18.2205 
v -44.2506 4.5313 18.2033 
v -44.2506 4.70606 18.2205 
v -44.2506 4.64932 18.2033 
v -44.2506 4.70606 18.2205 
v -44.2506 4.75835 18.2485 
v -44.2506 4.80419 18.2861 
v -44.2371 4.87108 18.3124 
v -44.2371 4.82908 18.2612 
v -42.7629 4.87108 18.3124 
v -42.7629 4.90228 18.3708 
v -42.7494 4.84181 18.332 
v -42.7629 4.82908 18.2612 
v -42.7629 4.82908 18.7388 
v -42.7494 4.84181 18.668 
v -42.7629 4.87108 18.6876 
v -42.7629 4.90228 18.6292 
v -42.7987 4.2974 18.3043 
v -42.7629 4.35153 18.2612 
v -42.7629 4.30954 18.3124 
v -44.2506 4.80419 18.7139 
v -44.2371 4.87108 18.6876 
v -44.2506 4.84181 18.668 
v -44.2371 4.90228 18.6292 
v -44.2013 4.2974 18.6957 
v -44.2371 4.35153 18.7388 
v -44.2371 4.30954 18.6876 
v -44.2371 4.90228 18.3708 
v -44.2371 4.87108 18.3124 
v -44.2506 4.84181 18.332 
v -42.7494 4.86976 18.6158 
v -42.7629 4.9215 18.5659 
v -42.7629 4.90228 18.6292 
v -42.7629 4.90228 18.6292 
v -42.7494 4.84181 18.668 
v -42.7494 4.86976 18.3842 
v -42.7494 4.84181 18.332 
v -42.7629 4.90228 18.3708 
v -42.7629 4.9215 18.4341 
v -42.7494 4.86976 18.3842 
v -44.2506 4.88697 18.441 
v -44.2371 4.90228 18.3708 
v -44.2506 4.86976 18.3842 
v -44.2506 4.84181 18.332 
v -44.2506 4.84181 18.668 
v -44.2371 4.90228 18.6292 
v -44.2506 4.86976 18.6158 
v -44.2506 4.88697 18.559 
v -44.2506 4.86976 18.6158 
v -44.2371 4.90228 18.3708 
v -44.2506 4.88697 18.441 
v -44.2371 4.9215 18.4341 
v -44.2371 4.90228 18.6292 
v -44.2371 4.9215 18.5659 
v -44.2506 4.88697 18.559 
v -42.7494 4.88697 18.441 
v -42.7494 4.86976 18.3842 
v -42.7629 4.9215 18.4341 
v -42.7494 4.89279 18.5 
v -42.7494 4.88697 18.441 
v -42.7629 4.35153 18.2612 
v -42.7987 4.2974 18.3043 
v -42.7987 4.34121 18.2509 
v -42.7987 4.34121 18.2509 
v -42.7987 4.39459 18.2071 
v -42.7629 4.35153 18.7388 
v -42.7987 4.34121 18.7491 
v -42.7987 4.2974 18.6957 
v -42.7987 4.39459 18.7929 
v -42.7987 4.34121 18.7491 
v -44.2013 4.2974 18.3043 
v -44.2371 4.35153 18.2612 
v -44.2013 4.34121 18.2509 
v -44.2013 4.39459 18.2071 
v -44.2013 4.34121 18.2509 
v -44.2013 4.39459 18.7929 
v -44.2371 4.35153 18.7388 
v -44.2013 4.34121 18.7491 
v -44.2013 4.2974 18.6957 
v -42.7494 4.29364 18.559 
v -42.7629 4.25263 18.5 
v -42.7494 4.28783 18.5 
v -42.7629 4.25912 18.4341 
v -42.7629 4.25912 18.5659 
v -42.7987 4.23803 18.5 
v -42.7987 4.23803 18.5 
v -42.7629 4.25912 18.4341 
v -42.7987 4.2448 18.5687 
v -42.845 4.23662 18.5 
v -42.7987 4.2448 18.4313 
v -42.8913 4.2448 18.4313 
v -42.8913 4.23803 18.5 
v -42.8913 4.2448 18.5687 
v -42.845 4.24341 18.569 
v -42.7629 4.4027 18.2192 
v -42.7987 4.39459 18.2071 
v -42.7987 4.4555 18.1745 
v -42.7629 4.35153 18.2612 
v -44.2013 4.39459 18.2071 
v -44.2371 4.35153 18.2612 
v -44.2371 4.4027 18.2192 
v -44.2013 4.4555 18.1745 
v -44.2013 4.39459 18.2071 
v -44.2013 4.4555 18.8255 
v -44.2371 4.4027 18.7808 
v -44.2013 4.39459 18.7929 
v -44.2371 4.35153 18.7388 
v -44.2013 4.39459 18.7929 
v -42.7987 4.39459 18.7929 
v -42.7629 4.35153 18.7388 
v -42.7629 4.4027 18.7808 
v -42.7987 4.4555 18.8255 
v -42.7629 4.4027 18.2192 
v -42.7987 4.4555 18.1745 
v -42.7629 4.46108 18.188 
v -44.2013 4.4555 18.1745 
v -44.2371 4.4027 18.2192 
v -44.2371 4.46108 18.188 
v -44.2013 4.52158 18.1545 
v -44.2013 4.4555 18.1745 
v -44.2371 4.4027 18.7808 
v -44.2013 4.4555 18.8255 
v -44.2371 4.46108 18.812 
v -44.2013 4.52158 18.8455 
v -44.2013 4.4555 18.8255 
v -42.7629 4.46108 18.812 
v -42.7987 4.52158 18.8455 
v -42.7987 4.4555 18.8255 
v -42.7987 4.4555 18.8255 
v -42.7629 4.4027 18.7808 
v -42.7629 4.46108 18.188 
v -42.7987 4.4555 18.1745 
v -42.7987 4.52158 18.1545 
v -44.2013 4.52158 18.1545 
v -44.2371 4.46108 18.188 
v -44.2371 4.52443 18.1688 
v -44.2371 4.46108 18.812 
v -44.2013 4.52158 18.8455 
v -44.2371 4.52443 18.8312 
v -42.7987 4.52158 18.8455 
v -42.7629 4.46108 18.812 
v -42.7629 4.52443 18.8312 
v -44.0744 5.06163 18.5886 
v -44.0744 5.06163 18.6761 
v -44.0413 5.09411 18.6761 
v -44.1002 5.02318 18.6761 
v -44.1002 5.02318 18.5886 
v -44.1178 4.98225 18.5886 
v -44.1178 4.98225 18.6761 
v -44.1322 4.89332 18.5886 
v -44.1322 4.89332 18.6761 
v -44.1322 4.85921 18.6761 
v -44.1322 4.8592 18.5886 
v -44.1178 4.98225 18.5011 
v -44.1322 4.89332 18.5011 
v -44.1322 4.8592 18.5011 
v -44.1322 4.89332 18.4136 
v -44.1322 4.8592 18.4136 
v -44.1322 4.89332 18.3261 
v -44.1322 4.8592 18.3261 
v -44.1178 4.98225 18.3261 
v -44.1178 4.98225 18.4136 
v -44.1002 5.02318 18.5011 
v -42.7987 4.52158 18.1545 
v -42.7987 4.59031 18.1477 
v -42.7629 4.52443 18.1688 
v -42.7629 4.46108 18.188 
v -42.7629 4.52443 18.1688 
v -44.2371 4.82908 18.2612 
v -44.2506 4.75835 18.2485 
v -44.2506 4.80419 18.2861 
v -44.2013 4.88322 18.3043 
v -44.2013 4.83941 18.2509 
v -42.9002 5.02318 18.5011 
v -42.8827 4.98225 18.5886 
v -42.8827 4.98225 18.5011 
v -42.9002 5.02318 18.6761 
v -42.8827 4.98225 18.6761 
v -42.9002 5.02318 18.5886 
v -42.9261 5.06163 18.5011 
v -42.9261 5.06163 18.4136 
v -42.9592 5.09411 18.5011 
v -42.9592 5.09411 18.5886 
v -42.9261 5.06163 18.5886 
v -42.9592 5.09411 18.6761 
v -42.9261 5.06163 18.6761 
v -44.2371 4.52443 18.1688 
v -44.2013 4.59031 18.1477 
v -44.2013 4.52158 18.1545 
v -44.2013 4.59031 18.8523 
v -44.2371 4.52443 18.8312 
v -44.2013 4.52158 18.8455 
v -44.2371 4.52443 18.8312 
v -44.2013 4.59031 18.8523 
v -44.2371 4.59031 18.8377 
v -42.7987 4.59031 18.8523 
v -42.7629 4.52443 18.8312 
v -42.7629 4.59031 18.8377 
v -42.7629 4.52443 18.8312 
v -42.7987 4.59031 18.8523 
v -42.7987 4.52158 18.8455 
v -42.7629 4.92798 18.5 
v -42.7629 4.9215 18.4341 
v -42.7987 4.94258 18.5 
v -42.7629 4.9215 18.5659 
v -42.7629 4.9215 18.5659 
v -42.7494 4.89279 18.5 
v -42.7629 4.9215 18.4341 
v -44.2371 4.9215 18.4341 
v -44.2371 4.92798 18.5 
v -44.2013 4.94258 18.5 
v -44.2371 4.9215 18.5659 
v -44.2371 4.9215 18.5659 
v -44.2506 4.89279 18.5 
v -44.2371 4.9215 18.4341 
v -42.7987 4.93582 18.5687 
v -42.7629 4.90228 18.6292 
v -42.7629 4.9215 18.5659 
v -42.7987 4.94258 18.5 
v -42.7494 4.89279 18.5 
v -42.7494 4.88697 18.559 
v -42.7494 4.86976 18.6158 
v -42.7494 4.88697 18.559 
v -44.2013 4.59031 18.1477 
v -44.2371 4.52443 18.1688 
v -44.2371 4.59031 18.1623 
v -44.2371 4.65619 18.1688 
v -42.7987 4.65903 18.8455 
v -42.7987 4.59031 18.8523 
v -42.7629 4.65619 18.8312 
v -42.7629 4.65619 18.8312 
v -42.7987 4.59031 18.8523 
v -42.7629 4.59031 18.8377 
v -44.2371 4.65619 18.8312 
v -44.2013 4.59031 18.8523 
v -44.2013 4.65903 18.8455 
v -44.2013 4.59031 18.8523 
v -44.2371 4.65619 18.8312 
v -44.2371 4.59031 18.8377 
v -42.845 4.26354 18.3646 
v -42.845 4.29622 18.3035 
v -42.7987 4.2974 18.3043 
v -42.7987 4.34121 18.2509 
v -42.7629 4.65619 18.1688 
v -42.7987 4.59031 18.1477 
v -42.7987 4.65903 18.1545 
v -42.7629 4.71953 18.188 
v -44.2013 4.59031 18.1477 
v -44.2371 4.65619 18.1688 
v -44.2013 4.65903 18.1545 
v -44.2371 4.71953 18.188 
v -44.2013 4.65903 18.1545 
v -44.2371 4.87108 18.3124 
v -44.2013 4.88322 18.3043 
v -44.2371 4.82908 18.2612 
v -44.2013 4.91577 18.3652 
v -44.2371 4.87108 18.3124 
v -44.2506 4.80419 18.2861 
v -44.2506 4.84181 18.332 
v -42.845 4.26354 18.6354 
v -42.7987 4.2974 18.6957 
v -42.845 4.29622 18.6965 
v -42.7987 4.34121 18.7491 
v -43.14 5.18572 18.5011 
v -43.14 5.18572 18.4136 
v -43.2083 5.20056 18.5011 
v -43.2082 5.20056 18.4135 
v -43.2082 5.20056 18.5886 
v -43.14 5.18572 18.5886 
v -43.14 5.18572 18.6761 
v -43.179 5.20179 18.6773 
v -43.0918 5.17026 18.4136 
v -43.14 5.18572 18.326 
v -43.0918 5.17026 18.326 
v -43.0454 5.15009 18.326 
v -43.0918 5.17026 18.5011 
v -43.0918 5.17026 18.5886 
v -43.14 5.18572 18.6761 
v -43.0918 5.17026 18.6761 
v -43.0454 5.15009 18.5886 
v -43.0454 5.15009 18.6761 
v -43.0454 5.15009 18.5011 
v -43.0017 5.12349 18.5889 
v -43.0023 5.12236 18.6764 
v -42.9592 5.09411 18.6761 
v -43.0011 5.12462 18.5014 
v -42.9592 5.09411 18.5886 
v -43.0454 5.15009 18.5886 
v -42.9592 5.09411 18.6761 
v -42.9592 5.09411 18.5886 
v -43.0005 5.12575 18.4139 
v -42.9592 5.09411 18.5011 
v -43.0454 5.15009 18.4136 
v -42.9999 5.12687 18.3264 
v -42.9592 5.09411 18.4136 
v -42.9592 5.09411 18.5011 
v -42.9592 5.09411 18.4136 
v -42.9592 5.09411 18.326 
v -42.9261 5.06163 18.326 
v -42.9592 5.09411 18.4136 
v -42.9592 5.09411 18.5011 
v -42.9002 5.02318 18.4136 
v -42.9002 5.02318 18.326 
v -42.8827 4.98225 18.4136 
v -42.8827 4.98225 18.326 
v -42.8682 4.89332 18.4136 
v -42.8682 4.89332 18.326 
v -42.8682 4.8592 18.326 
v -42.8682 4.8592 18.4136 
v -42.8682 4.89332 18.5011 
v -42.8682 4.8592 18.5011 
v -42.8682 4.8592 18.5886 
v -42.8682 4.89332 18.5886 
v -42.8682 4.89332 18.6761 
v -42.8682 4.85921 18.6761 
v -42.8913 4.26485 18.6348 
v -42.8913 4.2448 18.5687 
v -42.845 4.24341 18.431 
v -42.7987 4.2448 18.4313 
v -42.7987 4.26485 18.3652 
v -42.7987 4.2448 18.5687 
v -42.845 4.24341 18.569 
v -42.7987 4.26485 18.6348 
v -42.845 4.26354 18.6354 
v -42.7987 4.2974 18.6957 
v -42.8913 4.26485 18.6348 
v -42.845 4.26354 18.6354 
v -42.8913 4.2974 18.6957 
v -42.845 4.26354 18.6354 
v -42.845 4.29622 18.6965 
v -42.8913 4.34121 18.7491 
v -42.8913 4.2974 18.6957 
v -42.8913 4.2448 18.4313 
v -42.845 4.24341 18.431 
v -42.8913 4.26485 18.3652 
v -42.845 4.26354 18.3646 
v -42.8913 4.2974 18.3043 
v -42.845 4.26354 18.3646 
v -42.7987 4.26485 18.3652 
v -42.7987 4.2974 18.3043 
v -44.155 4.23662 18.5 
v -44.2013 4.2448 18.4313 
v -44.155 4.24341 18.431 
v -44.2013 4.26485 18.3652 
v -44.1087 4.2448 18.5687 
v -44.155 4.24341 18.569 
v -44.1087 4.26485 18.6348 
v -44.1087 4.26485 18.6348 
v -44.155 4.26354 18.6354 
v -44.1087 4.2974 18.6957 
v -44.2013 4.26485 18.3652 
v -44.155 4.26354 18.3646 
v -44.2013 4.2974 18.3043 
v -44.2013 4.2974 18.3043 
v -44.155 4.29622 18.3035 
v -44.2013 4.34121 18.2509 
v -44.2013 4.2448 18.5687 
v -44.155 4.23662 18.5 
v -44.155 4.24341 18.569 
v -44.2013 4.26485 18.6348 
v -44.2013 4.26485 18.6348 
v -44.155 4.26354 18.6354 
v -44.2013 4.2974 18.6957 
v -44.155 4.29622 18.6965 
v -44.2013 4.34121 18.7491 
v -44.2013 4.34121 18.7491 
v -44.155 4.34021 18.7501 
v -44.2013 4.2448 18.5687 
v -44.2013 4.23803 18.5 
v -44.2013 4.2448 18.4313 
v -44.1087 4.2448 18.5687 
v -44.1087 4.23803 18.5 
v -44.1087 4.2448 18.4313 
v -44.155 4.24341 18.431 
v -44.1087 4.2448 18.4313 
v -44.1087 4.26485 18.3652 
v -44.155 4.26354 18.3646 
v -44.1087 4.26485 18.3652 
v -44.1087 4.2974 18.3043 
v -44.155 4.29622 18.3035 
v -44.1087 4.34121 18.2509 
v -42.845 4.29622 18.6965 
v -42.7987 4.34121 18.7491 
v -42.845 4.34021 18.7501 
v -44.2013 4.65903 18.8455 
v -44.2371 4.71953 18.812 
v -44.2371 4.65619 18.8312 
v -42.7629 4.71953 18.812 
v -42.7987 4.65903 18.8455 
v -42.7629 4.65619 18.8312 
v -44.2371 4.9215 18.4341 
v -44.2013 4.93582 18.4313 
v -44.2371 4.90228 18.3708 
v -44.2013 4.94258 18.5 
v -44.2506 4.89279 18.5 
v -44.2506 4.88697 18.441 
v -44.1002 5.02318 18.4136 
v -44.1002 5.02318 18.326 
v -44.0744 5.06163 18.326 
v -44.0744 5.06163 18.5011 
v -44.0744 5.06163 18.4136 
v -44.0413 5.09411 18.5886 
v -44.0413 5.09411 18.6761 
v -44.0413 5.09411 18.5011 
v -44.0413 5.09411 18.4136 
v -44.0413 5.09411 18.5011 
v -44.0413 5.09411 18.326 
v -44.0005 5.12687 18.3264 
v -43.9999 5.12575 18.4139 
v -43.9551 5.15009 18.4136 
v -43.9551 5.15009 18.326 
v -43.9087 5.17026 18.4136 
v -43.9087 5.17026 18.326 
v -43.8604 5.18572 18.4136 
v -43.8604 5.18572 18.326 
v -43.9087 5.17026 18.5011 
v -43.8209 5.20179 18.3257 
v -43.8604 5.18572 18.326 
v -43.9551 5.15009 18.5011 
v -43.9993 5.12462 18.5014 
v -44.0413 5.09411 18.5011 
v -43.9551 5.15009 18.5886 
v -43.8604 5.18572 18.5011 
v -43.7921 5.20056 18.5011 
v -43.7922 5.20056 18.4135 
v -43.8604 5.18572 18.5886 
v -43.7922 5.20056 18.5886 
v -43.9087 5.17026 18.5886 
v -43.8604 5.18572 18.6761 
v -43.9087 5.17026 18.6761 
v -43.9551 5.15009 18.6761 
v -43.9988 5.12349 18.5889 
v -43.9982 5.12236 18.6764 
v -44.0413 5.09411 18.5886 
v -44.0413 5.09411 18.6761 
v -44.2013 4.94258 18.5 
v -44.2371 4.9215 18.5659 
v -44.2013 4.93582 18.5687 
v -44.2371 4.90228 18.6292 
v -44.2506 4.89279 18.5 
v -44.2506 4.88697 18.559 
v -42.845 4.29622 18.3035 
v -42.845 4.34021 18.2499 
v -42.7987 4.34121 18.2509 
v -42.8913 4.34121 18.2509 
v -42.845 4.34021 18.2499 
v -44.155 4.29622 18.3035 
v -44.155 4.34021 18.2499 
v -44.1087 4.34121 18.2509 
v -44.2013 4.34121 18.2509 
v -44.155 4.34021 18.2499 
v -42.7629 4.71953 18.188 
v -42.7987 4.65903 18.1545 
v -42.7987 4.72512 18.1745 
v -42.7629 4.77791 18.2192 
v -44.2371 4.77791 18.2192 
v -44.2013 4.72512 18.1745 
v -44.2371 4.71953 18.188 
v -44.2013 4.65903 18.1545 
v -44.2013 4.72512 18.8255 
v -44.2371 4.77791 18.7808 
v -44.2371 4.71953 18.812 
v -44.2013 4.65903 18.8455 
v -42.7629 4.77791 18.7808 
v -42.7987 4.72512 18.8255 
v -42.7629 4.71953 18.812 
v -42.7987 4.65903 18.8455 
v -44.155 4.26354 18.6354 
v -44.1087 4.2974 18.6957 
v -44.155 4.29622 18.6965 
v -44.1087 4.34121 18.7491 
v -42.845 4.26354 18.3646 
v -42.8913 4.2974 18.3043 
v -42.845 4.29622 18.3035 
v -42.8913 4.34121 18.2509 
v -42.845 4.39381 18.2059 
v -42.7987 4.34121 18.2509 
v -42.845 4.34021 18.2499 
v -42.845 4.39381 18.7941 
v -42.845 4.34021 18.7501 
v -42.7987 4.34121 18.7491 
v -42.8913 4.34121 18.7491 
v -42.845 4.29622 18.6965 
v -42.845 4.34021 18.7501 
v -44.155 4.29622 18.6965 
v -44.1087 4.34121 18.7491 
v -44.155 4.34021 18.7501 
v -44.2013 4.34121 18.2509 
v -44.155 4.39381 18.2059 
v -44.155 4.34021 18.2499 
v -44.2013 4.39459 18.2071 
v -44.155 4.45496 18.1732 
v -44.2013 4.34121 18.2509 
v -44.2013 4.72512 18.1745 
v -44.2371 4.77791 18.2192 
v -44.2013 4.78602 18.2071 
v -44.2371 4.77791 18.7808 
v -44.2013 4.72512 18.8255 
v -44.2013 4.78602 18.7929 
v -42.7629 4.77791 18.7808 
v -42.7987 4.78602 18.7929 
v -42.7987 4.72512 18.8255 
v -42.7987 4.34121 18.2509 
v -42.845 4.39381 18.2059 
v -42.7987 4.39459 18.2071 
v -42.845 4.45496 18.1732 
v -44.2013 4.4555 18.8255 
v -44.2013 4.39459 18.7929 
v -44.155 4.45496 18.8268 
v -44.155 4.39381 18.7941 
v -44.2013 4.34121 18.7491 
v -44.2013 4.34121 18.7491 
v -44.155 4.34021 18.7501 
v -43.179 5.20179 18.3257 
v -43.14 5.18572 18.4136 
v -43.14 5.18572 18.326 
v -43.8604 5.18572 18.6761 
v -43.8209 5.20179 18.6773 
v -43.8604 5.18572 18.5886 
v -42.7629 4.77791 18.2192 
v -42.7987 4.72512 18.1745 
v -42.7987 4.78602 18.2071 
v -42.7629 4.82908 18.2612 
v -44.155 4.39381 18.2059 
v -44.1087 4.34121 18.2509 
v -44.155 4.34021 18.2499 
v -42.7629 4.82908 18.7388 
v -42.7987 4.78602 18.7929 
v -42.7629 4.77791 18.7808 
v -44.2371 4.82908 18.2612 
v -44.2013 4.78602 18.2071 
v -44.2371 4.77791 18.2192 
v -44.2013 4.78602 18.2071 
v -44.2371 4.82908 18.2612 
v -44.2013 4.83941 18.2509 
v -44.2013 4.78602 18.7929 
v -44.2371 4.82908 18.7388 
v -44.2371 4.77791 18.7808 
v -44.155 4.45496 18.1732 
v -44.2013 4.39459 18.2071 
v -44.2013 4.4555 18.1745 
v -44.155 4.52131 18.1531 
v -44.155 4.45496 18.1732 
v -42.7987 4.39459 18.2071 
v -42.845 4.45496 18.1732 
v -42.7987 4.4555 18.1745 
v -42.845 4.52131 18.1531 
v -42.845 4.45496 18.1732 
v -44.1087 4.34121 18.2509 
v -44.155 4.39381 18.2059 
v -44.1087 4.39459 18.2071 
v -44.155 4.45496 18.1732 
v -42.7987 4.52158 18.1545 
v -42.845 4.59031 18.1463 
v -42.7987 4.59031 18.1477 
v -42.7987 4.65903 18.1545 
v -42.8913 4.65903 18.1545 
v -42.8913 4.59031 18.1477 
v -42.8913 4.52158 18.1545 
v -42.9271 4.65619 18.1688 
v -42.9271 4.59031 18.1623 
v -42.9271 4.52443 18.1688 
v -42.7629 4.65619 18.1688 
v -42.7629 4.59031 18.1623 
v -42.7629 4.52443 18.1688 
v -42.7494 4.64932 18.2033 
v -42.7494 4.59031 18.1975 
v -42.7494 4.5313 18.2033 
v -42.7987 4.39459 18.7929 
v -42.845 4.39381 18.7941 
v -42.7987 4.34121 18.7491 
v -42.845 4.45496 18.8268 
v -42.7987 4.4555 18.8255 
v -42.7987 4.39459 18.7929 
v -42.845 4.52131 18.8469 
v -42.845 4.45496 18.8268 
v -42.7987 4.52158 18.8455 
v -42.845 4.59031 18.8537 
v -42.7987 4.88322 18.3043 
v -42.7629 4.82908 18.2612 
v -42.7987 4.83941 18.2509 
v -42.7987 4.78602 18.2071 
v -42.7987 4.83941 18.2509 
v -42.7629 4.82908 18.7388 
v -42.7987 4.88322 18.6957 
v -42.7987 4.83941 18.7491 
v -42.7987 4.78602 18.7929 
v -44.2013 4.88322 18.6957 
v -44.2371 4.82908 18.7388 
v -44.2013 4.83941 18.7491 
v -44.2013 4.78602 18.7929 
v -44.2013 4.83941 18.7491 
v -42.8913 4.34121 18.2509 
v -42.845 4.39381 18.2059 
v -42.845 4.34021 18.2499 
v -42.8913 4.39459 18.2071 
v -42.845 4.45496 18.1732 
v -42.8913 4.4555 18.1745 
v -42.845 4.52131 18.1531 
v -42.845 4.45496 18.1732 
v -42.7987 4.88322 18.6957 
v -42.7629 4.82908 18.7388 
v -42.7629 4.87108 18.6876 
v -44.155 4.52131 18.8469 
v -44.2013 4.4555 18.8255 
v -44.155 4.45496 18.8268 
v -43.179 5.20179 18.6773 
v -43.14 5.18572 18.5886 
v -43.2082 5.20056 18.5886 
v -43.3426 5.21577 18.5886 
v -43.8209 5.20179 18.3257 
v -43.8604 5.18572 18.4136 
v -43.7922 5.20056 18.4135 
v -43.6732 5.21851 18.3257 
v -43.8209 5.20179 18.3257 
v -43.3267 5.21851 18.3257 
v -43.2082 5.20056 18.4135 
v -43.179 5.20179 18.3257 
v -43.14 5.18572 18.4136 
v -43.179 5.20179 18.3257 
v -43.8209 5.20179 18.6773 
v -43.7922 5.20056 18.5886 
v -43.8604 5.18572 18.5886 
v -43.6732 5.21851 18.6773 
v -43.6578 5.21577 18.5886 
v -43.7922 5.20056 18.4135 
v -43.7922 5.20056 18.5886 
v -43.6579 5.21577 18.4135 
v -43.3426 5.21577 18.5886 
v -43.2082 5.20056 18.5886 
v -43.2082 5.20056 18.4135 
v -43.3426 5.21577 18.4135 
v -42.7629 4.87108 18.3124 
v -42.7629 4.82908 18.2612 
v -42.7987 4.88322 18.3043 
v -42.7987 4.91577 18.3652 
v -44.2371 4.82908 18.7388 
v -44.2013 4.88322 18.6957 
v -44.2371 4.87108 18.6876 
v -44.2013 4.91577 18.6348 
v -42.845 4.39381 18.7941 
v -42.8913 4.34121 18.7491 
v -42.845 4.34021 18.7501 
v -42.8913 4.39459 18.7929 
v -42.845 4.39381 18.7941 
v -42.845 4.45496 18.8268 
v -42.8913 4.4555 18.8255 
v -42.845 4.45496 18.8268 
v -42.845 4.52131 18.8469 
v -42.845 4.45496 18.8268 
v -42.845 4.59031 18.8537 
v -42.8913 4.52158 18.8455 
v -43.6732 5.21851 18.3257 
v -43.7922 5.20056 18.4135 
v -43.6579 5.21577 18.4135 
v -44.155 4.45496 18.8268 
v -44.155 4.39381 18.7941 
v -44.1087 4.39459 18.7929 
v -44.1087 4.34121 18.7491 
v -44.155 4.34021 18.7501 
v -44.1087 4.4555 18.8255 
v -44.1087 4.39459 18.7929 
v -44.155 4.52131 18.8469 
v -44.155 4.45496 18.8268 
v -44.1087 4.52158 18.8455 
v -44.155 4.52131 18.8469 
v -44.155 4.59031 18.8537 
v -43.5002 5.22073 18.5886 
v -43.5002 5.22073 18.4135 
v -43.6578 5.21577 18.5886 
v -43.6579 5.21577 18.4135 
v -43.5002 5.22073 18.5886 
v -43.3426 5.21577 18.5886 
v -43.5002 5.22073 18.4135 
v -43.3426 5.21577 18.4135 
v -44.1087 4.39459 18.2071 
v -44.155 4.45496 18.1732 
v -44.1087 4.4555 18.1745 
v -44.155 4.52131 18.1531 
v -44.155 4.45496 18.1732 
v -43.5002 5.22073 18.5886 
v -43.3267 5.21851 18.6773 
v -43.3426 5.21577 18.5886 
v -43.179 5.20179 18.6773 
v -44.2013 4.52158 18.8455 
v -44.2013 4.4555 18.8255 
v -44.155 4.52131 18.8469 
v -44.155 4.59031 18.8537 
v -43.5 5.22396 18.3257 
v -43.3426 5.21577 18.4135 
v -43.3267 5.21851 18.3257 
v -43.2082 5.20056 18.4135 
v -43.6578 5.21577 18.5886 
v -43.7922 5.20056 18.5886 
v -43.6732 5.21851 18.6773 
v -43.5 5.22396 18.6773 
v -42.7629 4.87108 18.6876 
v -42.7987 4.91577 18.6348 
v -42.7987 4.88322 18.6957 
v -43.6579 5.21577 18.4135 
v -43.5 5.22396 18.3257 
v -43.6732 5.21851 18.3257 
v -43.7841 5.19304 18.5209 
v -43.7924 5.18752 18.5211 
v -43.7842 5.18752 18.5278 
v -43.7842 5.18752 18.5278 
v -43.7803 5.19304 18.5239 
v -43.7841 5.19304 18.5209 
v -43.2168 5.19304 18.5209 
v -43.2205 5.19304 18.5239 
v -43.2166 5.18752 18.5278 
v -43.2166 5.18752 18.5278 
v -43.2084 5.18752 18.5211 
v -43.2168 5.19304 18.5209 
v -43.5 5.22396 18.3257 
v -43.6579 5.21577 18.4135 
v -43.5002 5.22073 18.4135 
v -43.3426 5.21577 18.4135 
v -43.5002 5.22073 18.5886 
v -43.6578 5.21577 18.5886 
v -43.5 5.22396 18.6773 
v -43.3267 5.21851 18.6773 
v -42.7987 4.93582 18.4313 
v -42.7629 4.90228 18.3708 
v -42.7987 4.91577 18.3652 
v -42.7629 4.87108 18.3124 
v -42.7987 4.91577 18.3652 
v -42.7629 4.90228 18.6292 
v -42.7987 4.93582 18.5687 
v -42.7987 4.91577 18.6348 
v -42.7987 4.91577 18.6348 
v -42.7629 4.87108 18.6876 
v -44.2013 4.93582 18.5687 
v -44.2371 4.90228 18.6292 
v -44.2013 4.91577 18.6348 
v -44.2371 4.87108 18.6876 
v -44.2013 4.91577 18.6348 
v -44.2013 4.93582 18.4313 
v -44.2013 4.91577 18.3652 
v -44.2371 4.90228 18.3708 
v -44.2013 4.91577 18.3652 
v -44.2371 4.87108 18.3124 
v -44.1178 4.98225 18.6761 
v -44.1322 4.89332 18.6761 
v -44.0976 4.97044 18.6848 
v -42.8682 4.89332 18.6761 
v -42.8827 4.98225 18.6761 
v -42.9029 4.97044 18.6848 
v -42.8913 4.52158 18.8455 
v -42.8913 4.4555 18.8255 
v -42.845 4.52131 18.8469 
v -42.7629 4.9215 18.4341 
v -42.7629 4.90228 18.3708 
v -42.7987 4.93582 18.4313 
v -42.7987 4.94258 18.5 
v -44.2013 4.52158 18.8455 
v -44.155 4.59031 18.8537 
v -44.2013 4.59031 18.8523 
v -42.7987 4.59031 18.8523 
v -42.845 4.59031 18.8537 
v -42.7987 4.52158 18.8455 
v -43.7006 5.18752 18.5889 
v -43.6932 5.19304 18.5864 
v -43.6978 5.19304 18.5841 
v -43.6932 5.18752 18.5927 
v -43.3002 5.18752 18.5889 
v -43.3076 5.19304 18.5864 
v -43.3076 5.18752 18.5927 
v -43.3031 5.19304 18.5841 
v -42.9204 5.01137 18.6848 
v -42.9029 4.97044 18.6848 
v -42.8827 4.98225 18.6761 
v -42.9204 5.01137 18.6848 
v -42.8827 4.98225 18.6761 
v -42.9002 5.02318 18.6761 
v -44.1002 5.02318 18.6761 
v -44.1178 4.98225 18.6761 
v -44.08 5.01137 18.6848 
v -44.0976 4.97044 18.6848 
v -44.08 5.01137 18.6848 
v -44.1178 4.98225 18.6761 
v -44.0976 4.97044 18.6848 
v -44.1322 4.89332 18.6761 
v -44.1089 4.89096 18.6848 
v -42.9029 4.97044 18.6848 
v -42.8915 4.89096 18.6848 
v -42.8682 4.89332 18.6761 
v -44.1322 4.89332 18.6761 
v -44.1322 4.85921 18.6761 
v -44.1089 4.89096 18.6848 
v -44.1089 4.89096 18.6848 
v -44.1322 4.85921 18.6761 
v -44.1089 4.85684 18.6848 
v -42.8915 4.89096 18.6848 
v -42.8682 4.85921 18.6761 
v -42.8682 4.89332 18.6761 
v -42.8682 4.85921 18.6761 
v -42.8915 4.89096 18.6848 
v -42.8915 4.85684 18.6848 
v -44.0582 5.04473 18.6848 
v -44.0744 5.06163 18.6761 
v -44.1002 5.02318 18.6761 
v -42.9423 5.04473 18.6848 
v -42.9002 5.02318 18.6761 
v -42.9261 5.06163 18.6761 
v -44.08 5.01137 18.6848 
v -44.0582 5.04473 18.6848 
v -44.1002 5.02318 18.6761 
v -42.9002 5.02318 18.6761 
v -42.9423 5.04473 18.6848 
v -42.9204 5.01137 18.6848 
v -44.0582 5.04473 18.6848 
v -44.0251 5.07721 18.6848 
v -44.0744 5.06163 18.6761 
v -42.9261 5.06163 18.6761 
v -42.9754 5.07721 18.6848 
v -42.9423 5.04473 18.6848 
v -42.9754 5.07721 18.6848 
v -42.9261 5.06163 18.6761 
v -42.9592 5.09411 18.6761 
v -43.4393 5.21792 18.4097 
v -43.4323 5.21792 18.4099 
v -43.4385 5.21179 18.4031 
v -43.4252 5.21179 18.4036 
v -43.5626 5.21792 18.4097 
v -43.5633 5.21179 18.4031 
v -43.5696 5.21792 18.4099 
v -43.5767 5.21179 18.4036 
v -44.0251 5.07721 18.6848 
v -44.0413 5.09411 18.6761 
v -44.0744 5.06163 18.6761 
v -43.9982 5.12236 18.6764 
v -43.9869 5.10186 18.6848 
v -43.5092 5.21191 18.5974 
v -43.5009 5.21803 18.5946 
v -43.506 5.21797 18.5919 
v -43.5009 5.21206 18.6019 
v -43.4927 5.21192 18.5974 
v -43.5009 5.21803 18.5946 
v -43.5009 5.21206 18.6019 
v -43.4959 5.21797 18.5919 
v -43.0023 5.12236 18.6764 
v -42.9754 5.07721 18.6848 
v -42.9592 5.09411 18.6761 
v -44.1087 4.59031 18.8523 
v -44.155 4.59031 18.8537 
v -44.1087 4.52158 18.8455 
v -42.8913 4.52158 18.8455 
v -42.845 4.59031 18.8537 
v -42.8913 4.59031 18.8523 
v -44.155 4.59031 18.1463 
v -44.2013 4.52158 18.1545 
v -44.2013 4.59031 18.1477 
v -44.2013 4.65903 18.1545 
v -44.1087 4.52158 18.1545 
v -44.1087 4.59031 18.1477 
v -44.1087 4.65903 18.1545 
v -44.1322 4.89332 18.3261 
v -44.0976 4.97044 18.3174 
v -44.1089 4.89096 18.3174 
v -44.1089 4.89096 18.3174 
v -44.1322 4.8592 18.3261 
v -44.1089 4.85684 18.3174 
v -44.1178 4.98225 18.3261 
v -44.08 5.01136 18.3174 
v -44.1322 4.89332 18.3261 
v -44.08 5.01136 18.3174 
v -44.1002 5.02318 18.326 
v -44.0582 5.04473 18.3174 
v -44.0744 5.06163 18.326 
v -44.0251 5.07721 18.3174 
v -44.0251 5.07721 18.3174 
v -44.0413 5.09411 18.326 
v -43.9892 5.10637 18.3174 
v -44.0005 5.12687 18.3264 
v -43.9455 5.12873 18.3174 
v -43.9551 5.15009 18.326 
v -43.9087 5.17026 18.326 
v -43.8991 5.1489 18.3174 
v -43.8604 5.18572 18.326 
v -43.8509 5.16435 18.3173 
v -42.8682 4.8592 18.326 
v -42.8915 4.85684 18.3174 
v -42.8915 4.89096 18.3174 
v -42.8682 4.89332 18.326 
v -42.9029 4.97044 18.3174 
v -42.8827 4.98225 18.326 
v -42.9204 5.01136 18.3174 
v -42.9002 5.02318 18.326 
v -42.9423 5.04473 18.3174 
v -42.9423 5.04473 18.3174 
v -42.9261 5.06163 18.326 
v -42.9754 5.07721 18.3174 
v -42.9592 5.09411 18.326 
v -43.0112 5.10637 18.3174 
v -43.055 5.12873 18.3174 
v -42.9999 5.12687 18.3264 
v -42.9592 5.09411 18.326 
v -43.055 5.12873 18.3174 
v -43.0454 5.15009 18.326 
v -43.0918 5.17026 18.326 
v -43.1014 5.1489 18.3174 
v -43.14 5.18572 18.326 
v -43.1495 5.16435 18.3173 
v -44.155 4.59031 18.8537 
v -44.2013 4.65903 18.8455 
v -44.2013 4.59031 18.8523 
v -42.7987 4.65903 18.8455 
v -42.845 4.59031 18.8537 
v -42.7987 4.59031 18.8523 
v -44.0251 5.07721 18.6848 
v -43.9982 5.12236 18.6764 
v -44.0413 5.09411 18.6761 
v -43.9869 5.10186 18.6848 
v -43.9455 5.12873 18.6848 
v -43.9982 5.12236 18.6764 
v -43.9455 5.12873 18.6848 
v -43.9551 5.15009 18.6761 
v -43.055 5.12873 18.6848 
v -43.0023 5.12236 18.6764 
v -43.0454 5.15009 18.6761 
v -42.9754 5.07721 18.6848 
v -43.0023 5.12236 18.6764 
v -43.0136 5.10186 18.6848 
v -43.0023 5.12236 18.6764 
v -43.055 5.12873 18.6848 
v -43.0136 5.10186 18.6848 
v -44.155 4.52131 18.1531 
v -44.2013 4.4555 18.1745 
v -44.2013 4.52158 18.1545 
v -44.155 4.59031 18.1463 
v -44.155 4.65931 18.1531 
v -44.1087 4.65903 18.1545 
v -44.1087 4.72512 18.1745 
v -44.1087 4.4555 18.1745 
v -44.155 4.52131 18.1531 
v -44.1087 4.52158 18.1545 
v -44.155 4.59031 18.1463 
v -44.2013 4.65903 18.1545 
v -44.155 4.65931 18.1531 
v -44.2013 4.72512 18.1745 
v -42.845 4.59031 18.1463 
v -42.7987 4.52158 18.1545 
v -42.845 4.52131 18.1531 
v -42.7987 4.4555 18.1745 
v -42.8913 4.65903 18.1545 
v -42.845 4.65931 18.1531 
v -42.8913 4.72512 18.1745 
v -42.8913 4.52158 18.1545 
v -42.845 4.59031 18.1463 
v -42.845 4.52131 18.1531 
v -42.8913 4.4555 18.1745 
v -42.845 4.65931 18.1531 
v -42.7987 4.65903 18.1545 
v -42.7987 4.72512 18.1745 
v -43.7487 5.19304 18.4201 
v -43.7494 5.18752 18.4142 
v -43.755 5.19304 18.4203 
v -43.7614 5.18752 18.4146 
v -43.2521 5.19304 18.4201 
v -43.2458 5.19304 18.4203 
v -43.2514 5.18752 18.4142 
v -43.2394 5.18752 18.4146 
v -43.179 5.20179 18.6773 
v -43.1495 5.16435 18.6848 
v -43.14 5.18572 18.6761 
v -43.8509 5.16435 18.6848 
v -43.8209 5.20179 18.6773 
v -43.8604 5.18572 18.6761 
v -43.9087 5.17026 18.6761 
v -43.9455 5.12873 18.6848 
v -43.8991 5.1489 18.6848 
v -43.9455 5.12873 18.6848 
v -43.9087 5.17026 18.6761 
v -43.9551 5.15009 18.6761 
v -43.0918 5.17026 18.6761 
v -43.055 5.12873 18.6848 
v -43.0454 5.15009 18.6761 
v -43.055 5.12873 18.6848 
v -43.0918 5.17026 18.6761 
v -43.1014 5.1489 18.6848 
v -43.179 5.20179 18.3257 
v -43.14 5.18572 18.326 
v -43.1495 5.16435 18.3173 
v -43.8209 5.20179 18.3257 
v -43.8509 5.16435 18.3173 
v -43.8604 5.18572 18.326 
v -43.6377 5.19304 18.4201 
v -43.6314 5.19304 18.4203 
v -43.637 5.18752 18.4142 
v -43.625 5.18752 18.4146 
v -43.3631 5.19304 18.4201 
v -43.3638 5.18752 18.4142 
v -43.3694 5.19304 18.4203 
v -43.3758 5.18752 18.4146 
v -43.8604 5.18572 18.6761 
v -43.8991 5.1489 18.6848 
v -43.8509 5.16435 18.6848 
v -43.1014 5.1489 18.6848 
v -43.14 5.18572 18.6761 
v -43.1495 5.16435 18.6848 
v -43.8991 5.1489 18.6848 
v -43.8604 5.18572 18.6761 
v -43.9087 5.17026 18.6761 
v -43.14 5.18572 18.6761 
v -43.1014 5.1489 18.6848 
v -43.0918 5.17026 18.6761 
v -43.1495 5.16435 18.6848 
v -43.179 5.20179 18.6773 
v -43.1831 5.17638 18.6857 
v -43.8209 5.20179 18.6773 
v -43.8509 5.16435 18.6848 
v -43.8168 5.17638 18.6857 
v -43.1495 5.16435 18.3173 
v -43.1831 5.17638 18.3172 
v -43.179 5.20179 18.3257 
v -43.8509 5.16435 18.3173 
v -43.8209 5.20179 18.3257 
v -43.8168 5.17638 18.3173 
v -44.1087 4.65903 18.8455 
v -44.155 4.59031 18.8537 
v -44.1087 4.59031 18.8523 
v -42.845 4.59031 18.8537 
v -42.8913 4.65903 18.8455 
v -42.8913 4.59031 18.8523 
v -44.2013 4.72512 18.8255 
v -44.155 4.65931 18.8469 
v -44.155 4.72566 18.8268 
v -42.7987 4.72512 18.8255 
v -42.845 4.65931 18.8469 
v -42.7987 4.65903 18.8455 
v -44.2013 4.65903 18.8455 
v -44.155 4.59031 18.8537 
v -44.155 4.65931 18.8469 
v -44.2013 4.72512 18.8255 
v -44.155 4.72566 18.8268 
v -44.2013 4.78602 18.7929 
v -43.179 5.20179 18.6773 
v -43.3267 5.21851 18.6773 
v -43.3267 5.19277 18.6857 
v -43.179 5.20179 18.6773 
v -43.3267 5.19277 18.6857 
v -43.1831 5.17638 18.6857 
v -43.8209 5.20179 18.6773 
v -43.6732 5.19277 18.6857 
v -43.6732 5.21851 18.6773 
v -43.6732 5.19277 18.6857 
v -43.8209 5.20179 18.6773 
v -43.8168 5.17638 18.6857 
v -43.6732 5.21851 18.6773 
v -43.5 5.19822 18.6857 
v -43.5 5.22396 18.6773 
v -43.5 5.19822 18.6857 
v -43.6732 5.21851 18.6773 
v -43.6732 5.19277 18.6857 
v -43.3267 5.21851 18.6773 
v -43.5 5.19822 18.6857 
v -43.3267 5.19277 18.6857 
v -43.5 5.19822 18.6857 
v -43.3267 5.21851 18.6773 
v -43.5 5.22396 18.6773 
v -43.5 5.22396 18.3257 
v -43.3267 5.21851 18.3257 
v -43.5 5.19822 18.3173 
v -43.6732 5.21851 18.3257 
v -43.3267 5.19277 18.3173 
v -43.179 5.20179 18.3257 
v -43.1831 5.17638 18.3172 
v -43.6732 5.19277 18.3173 
v -43.8209 5.20179 18.3257 
v -43.8168 5.17638 18.3173 
v -42.8913 4.23803 18.5 
v -42.9271 4.25912 18.4341 
v -42.8913 4.2448 18.4313 
v -42.9271 4.27834 18.3708 
v -44.155 4.59031 18.8537 
v -44.1087 4.65903 18.8455 
v -44.155 4.65931 18.8469 
v -44.1087 4.72512 18.8255 
v -44.155 4.65931 18.1531 
v -44.2013 4.72512 18.1745 
v -44.155 4.72566 18.1732 
v -44.2013 4.78602 18.2071 
v -44.155 4.72566 18.1732 
v -44.0729 4.27834 18.3708 
v -44.1087 4.2448 18.4313 
v -44.1087 4.26485 18.3652 
v -44.1087 4.26485 18.3652 
v -44.0729 4.30954 18.3124 
v -42.8913 4.2448 18.4313 
v -42.9271 4.27834 18.3708 
v -42.8913 4.26485 18.3652 
v -42.9271 4.30954 18.3124 
v -42.8913 4.26485 18.3652 
v -44.0729 4.30954 18.6876 
v -44.1087 4.26485 18.6348 
v -44.0729 4.27834 18.6292 
v -44.1087 4.26485 18.6348 
v -44.1087 4.2448 18.5687 
v -42.9271 4.27834 18.6292 
v -42.8913 4.2448 18.5687 
v -42.8913 4.26485 18.6348 
v -42.8913 4.26485 18.6348 
v -42.9271 4.30954 18.6876 
v -44.0729 4.30954 18.6876 
v -44.1087 4.2974 18.6957 
v -44.1087 4.26485 18.6348 
v -44.0729 4.30954 18.3124 
v -44.1087 4.26485 18.3652 
v -44.1087 4.2974 18.3043 
v -42.8913 4.26485 18.3652 
v -42.9271 4.30954 18.3124 
v -42.8913 4.2974 18.3043 
v -42.9271 4.30954 18.6876 
v -42.8913 4.26485 18.6348 
v -42.8913 4.2974 18.6957 
v -42.845 4.78681 18.7941 
v -42.7987 4.83941 18.7491 
v -42.845 4.8404 18.7501 
v -42.845 4.78681 18.7941 
v -42.7987 4.78602 18.7929 
v -42.845 4.72566 18.8268 
v -42.7987 4.72512 18.8255 
v -42.845 4.65931 18.8469 
v -42.845 4.72566 18.8268 
v -42.845 4.59031 18.8537 
v -42.7987 4.65903 18.8455 
v -42.845 4.65931 18.1531 
v -42.8913 4.72512 18.1745 
v -42.845 4.72566 18.1732 
v -44.155 4.65931 18.1531 
v -44.155 4.72566 18.1732 
v -44.1087 4.72512 18.1745 
v -44.155 4.65931 18.8469 
v -44.1087 4.72512 18.8255 
v -44.155 4.72566 18.8268 
v -43.6858 5.18752 18.5889 
v -43.6932 5.19304 18.5864 
v -43.6932 5.18752 18.5927 
v -43.6887 5.19304 18.5841 
v -43.315 5.18752 18.5889 
v -43.3076 5.19304 18.5864 
v -43.3121 5.19304 18.5841 
v -43.3076 5.18752 18.5927 
v -42.845 4.65931 18.1531 
v -42.845 4.72566 18.1732 
v -42.7987 4.72512 18.1745 
v -42.845 4.72566 18.1732 
v -42.7987 4.78602 18.2071 
v -42.845 4.78681 18.2059 
v -42.7987 4.78602 18.2071 
v -42.7987 4.83941 18.2509 
v -42.845 4.8404 18.2499 
v -42.7987 4.83941 18.2509 
v -44.1087 4.2974 18.3043 
v -44.0729 4.35153 18.2612 
v -44.0729 4.30954 18.3124 
v -42.9271 4.35153 18.2612 
v -42.8913 4.2974 18.3043 
v -42.9271 4.30954 18.3124 
v -44.0729 4.35153 18.7388 
v -44.1087 4.2974 18.6957 
v -44.0729 4.30954 18.6876 
v -42.8913 4.2974 18.6957 
v -42.9271 4.35153 18.7388 
v -42.9271 4.30954 18.6876 
v -44.155 4.72566 18.1732 
v -44.2013 4.78602 18.2071 
v -44.155 4.78681 18.2059 
v -44.2013 4.83941 18.2509 
v -44.155 4.78681 18.2059 
v -44.155 4.8404 18.2499 
v -44.2013 4.78602 18.7929 
v -44.155 4.72566 18.8268 
v -44.155 4.78681 18.7941 
v -44.2013 4.83941 18.7491 
v -44.2013 4.83941 18.7491 
v -44.155 4.8404 18.7501 
v -42.8913 4.65903 18.8455 
v -42.845 4.59031 18.8537 
v -42.845 4.65931 18.8469 
v -42.8913 4.72512 18.8255 
v -42.845 4.72566 18.8268 
v -42.845 4.72566 18.8268 
v -42.8913 4.78602 18.7929 
v -42.8913 4.78602 18.7929 
v -42.845 4.78681 18.7941 
v -42.8913 4.83941 18.7491 
v -42.9271 4.35153 18.2612 
v -42.8913 4.39459 18.2071 
v -42.8913 4.34121 18.2509 
v -42.8913 4.2974 18.3043 
v -42.8913 4.34121 18.2509 
v -42.8913 4.39459 18.7929 
v -42.9271 4.35153 18.7388 
v -42.8913 4.34121 18.7491 
v -42.8913 4.2974 18.6957 
v -42.8913 4.34121 18.7491 
v -44.0729 4.35153 18.7388 
v -44.1087 4.39459 18.7929 
v -44.1087 4.34121 18.7491 
v -44.1087 4.34121 18.7491 
v -44.1087 4.2974 18.6957 
v -44.1087 4.72512 18.1745 
v -44.155 4.72566 18.1732 
v -44.1087 4.78602 18.2071 
v -42.8913 4.72512 18.1745 
v -42.8913 4.78602 18.2071 
v -42.845 4.72566 18.1732 
v -44.0729 4.35153 18.2612 
v -44.1087 4.39459 18.2071 
v -44.0729 4.4027 18.2192 
v -44.0729 4.35153 18.2612 
v -44.1087 4.34121 18.2509 
v -44.1087 4.39459 18.2071 
v -42.9271 4.35153 18.7388 
v -42.8913 4.39459 18.7929 
v -42.9271 4.4027 18.7808 
v -42.845 4.72566 18.1732 
v -42.8913 4.78602 18.2071 
v -42.845 4.78681 18.2059 
v -42.8913 4.83941 18.2509 
v -44.155 4.78681 18.7941 
v -44.1087 4.83941 18.7491 
v -44.155 4.8404 18.7501 
v -44.155 4.72566 18.8268 
v -44.1087 4.78602 18.7929 
v -44.1087 4.83941 18.7491 
v -44.155 4.72566 18.8268 
v -44.1087 4.72512 18.8255 
v -44.155 4.72566 18.1732 
v -44.155 4.78681 18.2059 
v -44.1087 4.78602 18.2071 
v -44.1087 4.83941 18.2509 
v -44.155 4.8404 18.2499 
v -44.1087 4.83941 18.2509 
v -44.1087 4.39459 18.7929 
v -44.0729 4.35153 18.7388 
v -44.0729 4.4027 18.7808 
v -44.1087 4.4555 18.8255 
v -44.1087 4.39459 18.7929 
v -42.8913 4.39459 18.2071 
v -42.9271 4.35153 18.2612 
v -42.9271 4.4027 18.2192 
v -42.8913 4.4555 18.1745 
v -42.8913 4.39459 18.2071 
v -44.2013 4.83941 18.7491 
v -44.155 4.8404 18.7501 
v -44.155 4.88439 18.6965 
v -42.7987 4.83941 18.7491 
v -42.845 4.88439 18.6965 
v -42.845 4.8404 18.7501 
v -43.7842 5.18752 18.5278 
v -43.7924 5.18752 18.5211 
v -43.7932 5.18367 18.5204 
v -43.7932 5.18367 18.5204 
v -43.7823 5.18367 18.5293 
v -43.7842 5.18752 18.5278 
v -43.2166 5.18752 18.5278 
v -43.2186 5.18367 18.5293 
v -43.2076 5.18367 18.5204 
v -43.2076 5.18367 18.5204 
v -43.2084 5.18752 18.5211 
v -43.2166 5.18752 18.5278 
v -42.845 4.78681 18.2059 
v -42.8913 4.83941 18.2509 
v -42.845 4.8404 18.2499 
v -42.8913 4.83941 18.7491 
v -42.845 4.78681 18.7941 
v -42.845 4.8404 18.7501 
v -42.7987 4.83941 18.2509 
v -42.845 4.88439 18.3035 
v -42.7987 4.88322 18.3043 
v -42.845 4.91707 18.3647 
v -42.7987 4.88322 18.6957 
v -42.845 4.91707 18.6354 
v -42.845 4.88439 18.6965 
v -42.7987 4.83941 18.7491 
v -44.0729 4.4027 18.2192 
v -44.1087 4.39459 18.2071 
v -44.1087 4.4555 18.1745 
v -42.8913 4.4555 18.8255 
v -42.9271 4.4027 18.7808 
v -42.8913 4.39459 18.7929 
v -44.2013 4.83941 18.2509 
v -44.155 4.88439 18.3035 
v -44.155 4.8404 18.2499 
v -44.1087 4.83941 18.2509 
v -44.155 4.8404 18.2499 
v -42.8913 4.83941 18.2509 
v -42.845 4.88439 18.3035 
v -42.845 4.8404 18.2499 
v -42.7987 4.83941 18.2509 
v -42.845 4.8404 18.2499 
v -44.2013 4.91577 18.3652 
v -44.155 4.9372 18.431 
v -44.155 4.91707 18.3647 
v -44.2013 4.88322 18.3043 
v -44.155 4.88439 18.3035 
v -44.2013 4.83941 18.2509 
v -44.0729 4.46108 18.188 
v -44.1087 4.4555 18.1745 
v -44.1087 4.52158 18.1545 
v -44.0729 4.4027 18.2192 
v -44.1087 4.4555 18.1745 
v -42.8913 4.4555 18.1745 
v -42.9271 4.4027 18.2192 
v -42.9271 4.46108 18.188 
v -42.8913 4.52158 18.1545 
v -42.8913 4.4555 18.1745 
v -44.1087 4.4555 18.8255 
v -44.0729 4.4027 18.7808 
v -44.0729 4.46108 18.812 
v -44.1087 4.52158 18.8455 
v -44.1087 4.4555 18.8255 
v -42.9271 4.4027 18.7808 
v -42.8913 4.4555 18.8255 
v -42.9271 4.46108 18.812 
v -42.8913 4.52158 18.8455 
v -42.8913 4.4555 18.8255 
v -42.8913 4.83941 18.7491 
v -42.845 4.8404 18.7501 
v -42.845 4.88439 18.6965 
v -43.7006 5.18752 18.5889 
v -43.7022 5.18367 18.5879 
v -43.6932 5.18367 18.5925 
v -43.6932 5.18367 18.5925 
v -43.6932 5.18752 18.5927 
v -43.7006 5.18752 18.5889 
v -43.3002 5.18752 18.5889 
v -43.3076 5.18752 18.5927 
v -43.3076 5.18367 18.5925 
v -43.3076 5.18367 18.5925 
v -43.2986 5.18367 18.5879 
v -43.3002 5.18752 18.5889 
v -42.8913 4.52158 18.1545 
v -42.9271 4.46108 18.188 
v -42.9271 4.52443 18.1688 
v -44.1087 4.52158 18.8455 
v -44.0729 4.46108 18.812 
v -44.0729 4.52443 18.8312 
v -42.9271 4.46108 18.812 
v -42.8913 4.52158 18.8455 
v -42.9271 4.52443 18.8312 
v -42.845 4.88439 18.3035 
v -42.8913 4.83941 18.2509 
v -42.8913 4.88322 18.3043 
v -42.845 4.91707 18.3647 
v -42.8913 4.88322 18.6957 
v -42.845 4.88439 18.6965 
v -42.845 4.91707 18.6354 
v -42.8913 4.83941 18.7491 
v -44.1087 4.91577 18.6348 
v -44.155 4.9372 18.569 
v -44.155 4.91707 18.6354 
v -44.1087 4.88322 18.6957 
v -44.155 4.88439 18.6965 
v -44.1087 4.83941 18.7491 
v -44.1087 4.83941 18.7491 
v -44.155 4.8404 18.7501 
v -44.0729 4.46108 18.188 
v -44.1087 4.52158 18.1545 
v -44.0729 4.52443 18.1688 
v -44.1087 4.52158 18.1545 
v -44.1087 4.59031 18.1477 
v -44.1087 4.59031 18.8523 
v -44.0729 4.52443 18.8312 
v -44.0729 4.59031 18.8377 
v -44.0729 4.52443 18.8312 
v -44.1087 4.59031 18.8523 
v -44.1087 4.52158 18.8455 
v -44.2013 4.91577 18.3652 
v -44.2013 4.93582 18.4313 
v -44.2013 4.93582 18.4313 
v -44.155 4.944 18.5 
v -44.2013 4.93582 18.4313 
v -44.2013 4.94258 18.5 
v -44.2013 4.93582 18.5687 
v -44.1087 4.93582 18.5687 
v -44.1087 4.94258 18.5 
v -44.1087 4.93582 18.4313 
v -44.1087 4.93582 18.5687 
v -44.1087 4.91577 18.6348 
v -44.1087 4.91577 18.3652 
v -44.155 4.9372 18.431 
v -44.155 4.944 18.5 
v -44.155 4.9372 18.569 
v -44.2013 4.91577 18.6348 
v -44.155 4.91707 18.6354 
v -44.2013 4.88322 18.6957 
v -44.155 4.91707 18.6354 
v -44.2013 4.88322 18.6957 
v -44.155 4.88439 18.6965 
v -44.2013 4.83941 18.7491 
v -44.1087 4.91577 18.3652 
v -44.155 4.91707 18.3647 
v -44.1087 4.88322 18.3043 
v -44.1087 4.88322 18.3043 
v -44.155 4.88439 18.3035 
v -44.1087 4.83941 18.2509 
v -42.9271 4.52443 18.1688 
v -42.8913 4.59031 18.1477 
v -42.8913 4.52158 18.1545 
v -42.8913 4.59031 18.8523 
v -42.9271 4.52443 18.8312 
v -42.8913 4.52158 18.8455 
v -42.9271 4.52443 18.8312 
v -42.8913 4.59031 18.8523 
v -42.9271 4.59031 18.8377 
v -44.0688 4.91039 18.5667 
v -44.0683 4.91039 18.4534 
v -44.08 4.91039 18.4534 
v -44.0729 4.25912 18.4341 
v -44.1087 4.23803 18.5 
v -44.1087 4.2448 18.4313 
v -44.0729 4.27834 18.3708 
v -44.0594 4.28783 18.5 
v -44.0594 4.29364 18.441 
v -44.1087 4.2448 18.5687 
v -44.1087 4.23803 18.5 
v -44.0729 4.25912 18.5659 
v -44.0729 4.27834 18.6292 
v -44.1087 4.2448 18.5687 
v -44.0594 4.28783 18.5 
v -44.0594 4.29364 18.559 
v -44.1087 4.59031 18.1477 
v -44.0729 4.65619 18.1688 
v -44.0729 4.59031 18.1623 
v -44.0729 4.52443 18.1688 
v -42.8913 4.59031 18.1477 
v -42.9271 4.65619 18.1688 
v -42.8913 4.65903 18.1545 
v -44.1087 4.65903 18.8455 
v -44.1087 4.59031 18.8523 
v -44.0729 4.65619 18.8312 
v -44.0729 4.65619 18.8312 
v -44.1087 4.59031 18.8523 
v -44.0729 4.59031 18.8377 
v -42.8913 4.59031 18.8523 
v -42.9271 4.65619 18.8312 
v -42.9271 4.59031 18.8377 
v -43.5092 5.21191 18.5974 
v -43.511 5.20758 18.5962 
v -43.5009 5.20771 18.6017 
v -43.5009 5.20771 18.6017 
v -43.4909 5.20758 18.5962 
v -43.4927 5.21192 18.5974 
v -43.5009 5.20771 18.6017 
v -43.5009 5.21206 18.6019 
v -43.5092 5.21191 18.5974 
v -43.4927 5.21192 18.5974 
v -43.5009 5.21206 18.6019 
v -43.5009 5.20771 18.6017 
v -43.5 5.16905 18.6773 
v -43.3267 5.19277 18.6857 
v -43.5 5.19822 18.6857 
v -43.6732 5.19277 18.6857 
v -43.5 5.16905 18.6773 
v -43.5 5.19822 18.6857 
v -43.5 5.16905 18.6773 
v -43.6732 5.19277 18.6857 
v -43.6732 5.1636 18.6773 
v -43.6732 5.1636 18.3257 
v -43.8168 5.17638 18.3173 
v -43.6732 5.19277 18.3173 
v -43.6732 5.1636 18.3257 
v -43.8121 5.14759 18.3257 
v -43.5 5.16905 18.3257 
v -43.5 5.19822 18.3173 
v -43.3267 5.19277 18.3173 
v -43.3267 5.1636 18.3257 
v -43.1831 5.17638 18.3172 
v -43.3267 5.19277 18.6857 
v -43.5 5.16905 18.6773 
v -43.3267 5.1636 18.6773 
v -43.1831 5.17638 18.6857 
v -43.6732 5.1636 18.6773 
v -43.8168 5.17638 18.6857 
v -43.8121 5.14759 18.6773 
v -43.1831 5.17638 18.6857 
v -43.3267 5.1636 18.6773 
v -43.1878 5.14759 18.6773 
v -43.8168 5.17638 18.6857 
v -43.6732 5.1636 18.6773 
v -43.6732 5.19277 18.6857 
v -43.3267 5.1636 18.3257 
v -43.1831 5.17638 18.3172 
v -43.1878 5.14759 18.3257 
v -43.159 5.13994 18.6766 
v -43.1831 5.17638 18.6857 
v -43.1878 5.14759 18.6773 
v -43.8168 5.17638 18.6857 
v -43.8415 5.13994 18.6766 
v -43.8121 5.14759 18.6773 
v -42.7987 4.93582 18.5687 
v -42.845 4.944 18.5 
v -42.845 4.9372 18.569 
v -42.7987 4.91577 18.6348 
v -42.7987 4.93582 18.5687 
v -42.7987 4.93582 18.5687 
v -42.7987 4.94258 18.5 
v -42.7987 4.93582 18.4313 
v -42.845 4.9372 18.431 
v -42.7987 4.91577 18.3652 
v -42.845 4.91707 18.3647 
v -42.7987 4.88322 18.3043 
v -42.8913 4.91577 18.3652 
v -42.845 4.91707 18.3647 
v -42.8913 4.88322 18.3043 
v -42.8913 4.93582 18.4313 
v -42.8913 4.94258 18.5 
v -42.8913 4.93582 18.5687 
v -42.845 4.9372 18.569 
v -42.8913 4.91577 18.6348 
v -42.845 4.91707 18.6354 
v -42.8913 4.88322 18.6957 
v -42.7987 4.91577 18.6348 
v -42.845 4.91707 18.6354 
v -42.7987 4.88322 18.6957 
v -42.8913 4.93582 18.4313 
v -42.845 4.9372 18.431 
v -42.8913 4.91577 18.3652 
v -42.9271 4.9215 18.5659 
v -42.9271 4.92798 18.5 
v -42.9271 4.9215 18.4341 
v -42.8913 4.94258 18.5 
v -42.9271 4.9215 18.5659 
v -42.9406 4.89279 18.5 
v -42.9271 4.9215 18.4341 
v -44.0729 4.65619 18.1688 
v -44.1087 4.59031 18.1477 
v -44.1087 4.65903 18.1545 
v -44.1087 4.65903 18.1545 
v -44.0729 4.71953 18.188 
v -42.9271 4.65619 18.8312 
v -42.8913 4.59031 18.8523 
v -42.8913 4.65903 18.8455 
v -42.9271 4.71953 18.812 
v -42.9271 4.65619 18.8312 
v -43.8882 5.1247 18.326 
v -43.8509 5.16435 18.3173 
v -43.8415 5.13994 18.325 
v -43.1122 5.1247 18.326 
v -43.159 5.13994 18.325 
v -43.1495 5.16435 18.3173 
v -43.159 5.13994 18.325 
v -43.1878 5.14759 18.3257 
v -43.1831 5.17638 18.3172 
v -43.8415 5.13994 18.325 
v -43.8168 5.17638 18.3173 
v -43.8121 5.14759 18.3257 
v -43.8168 5.17638 18.3173 
v -43.8415 5.13994 18.325 
v -43.8509 5.16435 18.3173 
v -43.4385 5.21179 18.4031 
v -43.4252 5.21179 18.4036 
v -43.424 5.20752 18.4042 
v -43.424 5.20752 18.4042 
v -43.4412 5.20752 18.4036 
v -43.4385 5.21179 18.4031 
v -43.5633 5.21179 18.4031 
v -43.5607 5.20752 18.4036 
v -43.5778 5.20752 18.4042 
v -43.5778 5.20752 18.4042 
v -43.5767 5.21179 18.4036 
v -43.5633 5.21179 18.4031 
v -43.1831 5.17638 18.3172 
v -43.1495 5.16435 18.3173 
v -43.159 5.13994 18.325 
v -43.7494 5.18752 18.4142 
v -43.747 5.18367 18.4146 
v -43.7624 5.18367 18.4152 
v -43.7624 5.18367 18.4152 
v -43.7614 5.18752 18.4146 
v -43.7494 5.18752 18.4142 
v -43.2514 5.18752 18.4142 
v -43.2394 5.18752 18.4146 
v -43.2384 5.18367 18.4152 
v -43.2384 5.18367 18.4152 
v -43.2538 5.18367 18.4146 
v -43.2514 5.18752 18.4142 
v -43.8415 5.13994 18.6766 
v -43.8168 5.17638 18.6857 
v -43.8509 5.16435 18.6848 
v -43.1831 5.17638 18.6857 
v -43.159 5.13994 18.6766 
v -43.1495 5.16435 18.6848 
v -43.1122 5.1247 18.6761 
v -43.1495 5.16435 18.6848 
v -43.159 5.13994 18.6766 
v -43.8509 5.16435 18.6848 
v -43.8882 5.1247 18.6761 
v -43.8415 5.13994 18.6766 
v -42.9271 4.71953 18.188 
v -42.8913 4.65903 18.1545 
v -42.9271 4.65619 18.1688 
v -44.0729 4.71953 18.812 
v -44.1087 4.65903 18.8455 
v -44.0729 4.65619 18.8312 
v -43.1495 5.16435 18.6848 
v -43.1122 5.1247 18.6761 
v -43.1014 5.1489 18.6848 
v -43.8882 5.1247 18.6761 
v -43.8509 5.16435 18.6848 
v -43.8991 5.1489 18.6848 
v -43.8509 5.16435 18.3173 
v -43.8882 5.1247 18.326 
v -43.8991 5.1489 18.3174 
v -43.637 5.18752 18.4142 
v -43.625 5.18752 18.4146 
v -43.624 5.18367 18.4152 
v -43.624 5.18367 18.4152 
v -43.6394 5.18367 18.4146 
v -43.637 5.18752 18.4142 
v -43.3638 5.18752 18.4142 
v -43.3614 5.18367 18.4146 
v -43.3768 5.18367 18.4152 
v -43.3768 5.18367 18.4152 
v -43.3758 5.18752 18.4146 
v -43.3638 5.18752 18.4142 
v -43.1014 5.1489 18.6848 
v -43.0658 5.10453 18.6761 
v -43.055 5.12873 18.6848 
v -43.0658 5.10453 18.6761 
v -43.1014 5.1489 18.6848 
v -43.1122 5.1247 18.6761 
v -43.9346 5.10453 18.6761 
v -43.8991 5.1489 18.6848 
v -43.9455 5.12873 18.6848 
v -43.8991 5.1489 18.6848 
v -43.9346 5.10453 18.6761 
v -43.8882 5.1247 18.6761 
v -43.1495 5.16435 18.3173 
v -43.1014 5.1489 18.3174 
v -43.1122 5.1247 18.326 
v -43.0658 5.10453 18.326 
v -43.0112 5.10637 18.3174 
v -43.055 5.12873 18.3174 
v -43.1014 5.1489 18.3174 
v -43.0112 5.10637 18.3174 
v -43.0241 5.08314 18.3257 
v -42.9754 5.07721 18.3174 
v -43.0112 5.10637 18.3174 
v -44.0729 4.71953 18.188 
v -44.1087 4.65903 18.1545 
v -44.1087 4.72512 18.1745 
v -44.0729 4.77791 18.2192 
v -44.0729 4.71953 18.812 
v -44.1087 4.72512 18.8255 
v -44.1087 4.65903 18.8455 
v -44.0729 4.77791 18.7808 
v -42.8913 4.65903 18.1545 
v -42.9271 4.71953 18.188 
v -42.8913 4.72512 18.1745 
v -42.9271 4.77791 18.2192 
v -42.9271 4.71953 18.188 
v -42.8913 4.72512 18.8255 
v -42.9271 4.77791 18.7808 
v -42.9271 4.71953 18.812 
v -42.8913 4.65903 18.8455 
v -43.6579 5.21577 18.4135 
v -43.7799 5.17591 18.4197 
v -43.6533 5.19079 18.4197 
v -43.2205 5.17591 18.4197 
v -43.3426 5.21577 18.4135 
v -43.3471 5.19079 18.4197 
v -43.5002 5.22073 18.4135 
v -43.6579 5.21577 18.4135 
v -43.6533 5.19079 18.4197 
v -43.5002 5.22073 18.4135 
v -43.6533 5.19079 18.4197 
v -43.5002 5.19575 18.4197 
v -43.3471 5.19079 18.4197 
v -43.5002 5.22073 18.4135 
v -43.3471 5.19079 18.4197 
v -43.3426 5.21577 18.4135 
v -43.7799 5.17591 18.5824 
v -43.6578 5.21577 18.5886 
v -43.6533 5.19079 18.5824 
v -43.2205 5.17591 18.5824 
v -43.3471 5.19079 18.5824 
v -43.3426 5.21577 18.5886 
v -43.6579 5.21577 18.4135 
v -43.7922 5.20056 18.4135 
v -43.7799 5.17591 18.4197 
v -43.3426 5.21577 18.4135 
v -43.2205 5.17591 18.4197 
v -43.2082 5.20056 18.4135 
v -43.0658 5.10453 18.6761 
v -43.0136 5.10186 18.6848 
v -43.055 5.12873 18.6848 
v -43.9869 5.10186 18.6848 
v -43.9346 5.10453 18.6761 
v -43.9455 5.12873 18.6848 
v -43.6533 5.19079 18.5824 
v -43.5002 5.22073 18.5886 
v -43.5002 5.19575 18.5824 
v -43.3471 5.19079 18.5824 
v -43.5002 5.22073 18.5886 
v -43.6533 5.19079 18.5824 
v -43.6578 5.21577 18.5886 
v -43.3471 5.19079 18.5824 
v -43.5002 5.22073 18.5886 
v -43.3426 5.21577 18.5886 
v -43.0136 5.10186 18.6848 
v -42.9937 5.05807 18.6761 
v -42.9754 5.07721 18.6848 
v -44.0067 5.05807 18.6761 
v -43.9869 5.10186 18.6848 
v -44.0251 5.07721 18.6848 
v -43.6578 5.21577 18.5886 
v -43.7799 5.17591 18.5824 
v -43.7922 5.20056 18.5886 
v -43.3426 5.21577 18.5886 
v -43.2082 5.20056 18.5886 
v -43.2205 5.17591 18.5824 
v -44.0825 4.85417 18.3261 
v -44.0825 4.85417 18.4136 
v -44.1089 4.85684 18.4092 
v -44.1089 4.85684 18.4092 
v -44.1089 4.85684 18.3174 
v -44.0825 4.85417 18.3261 
v -42.9179 4.85417 18.4136 
v -42.9179 4.85417 18.326 
v -42.8915 4.85684 18.4092 
v -42.8915 4.85684 18.3174 
v -42.8915 4.85684 18.4092 
v -42.9179 4.85417 18.326 
v -42.8915 4.85684 18.4092 
v -42.8682 4.8592 18.326 
v -42.8682 4.8592 18.4136 
v -42.8682 4.8592 18.326 
v -42.8915 4.85684 18.4092 
v -42.8915 4.85684 18.3174 
v -44.1089 4.85684 18.4092 
v -44.1322 4.8592 18.3261 
v -44.1089 4.85684 18.3174 
v -44.1322 4.8592 18.3261 
v -44.1089 4.85684 18.4092 
v -44.1322 4.8592 18.4136 
v -44.1089 4.85684 18.5011 
v -44.1089 4.85684 18.5929 
v -44.1322 4.8592 18.5886 
v -44.1322 4.8592 18.5886 
v -44.1322 4.8592 18.5011 
v -44.1089 4.85684 18.5011 
v -42.8915 4.85684 18.5929 
v -42.8915 4.85684 18.5011 
v -42.8682 4.8592 18.5886 
v -42.8682 4.8592 18.5886 
v -42.8915 4.85684 18.5011 
v -42.8682 4.8592 18.5011 
v -42.9179 4.85417 18.5886 
v -42.8915 4.85684 18.5011 
v -42.8915 4.85684 18.5929 
v -42.8915 4.85684 18.5011 
v -42.9179 4.85417 18.5886 
v -42.9179 4.85417 18.5011 
v -44.0825 4.85417 18.5886 
v -44.1089 4.85684 18.5011 
v -44.0825 4.85417 18.5011 
v -44.1089 4.85684 18.5011 
v -44.0825 4.85417 18.5886 
v -44.1089 4.85684 18.5929 
v -44.1089 4.85684 18.5929 
v -44.0825 4.85417 18.6761 
v -44.1089 4.85684 18.6848 
v -44.0825 4.85417 18.6761 
v -44.1089 4.85684 18.5929 
v -44.0825 4.85417 18.5886 
v -42.9179 4.85417 18.6761 
v -42.8915 4.85684 18.5929 
v -42.8915 4.85684 18.6848 
v -42.8915 4.85684 18.5929 
v -42.9179 4.85417 18.6761 
v -42.9179 4.85417 18.5886 
v -42.8915 4.85684 18.6848 
v -42.8915 4.85684 18.5929 
v -42.8682 4.85921 18.6761 
v -42.8682 4.85921 18.6761 
v -42.8915 4.85684 18.5929 
v -42.8682 4.8592 18.5886 
v -44.1089 4.85684 18.5929 
v -44.1089 4.85684 18.6848 
v -44.1322 4.85921 18.6761 
v -44.1322 4.85921 18.6761 
v -44.1322 4.8592 18.5886 
v -44.1089 4.85684 18.5929 
v -44.1089 4.85684 18.5011 
v -44.1322 4.8592 18.4136 
v -44.1089 4.85684 18.4092 
v -44.1322 4.8592 18.4136 
v -44.1089 4.85684 18.5011 
v -44.1322 4.8592 18.5011 
v -42.8915 4.85684 18.5011 
v -42.8682 4.8592 18.4136 
v -42.8682 4.8592 18.5011 
v -42.8682 4.8592 18.4136 
v -42.8915 4.85684 18.5011 
v -42.8915 4.85684 18.4092 
v -42.9179 4.85417 18.5011 
v -42.9179 4.85417 18.4136 
v -42.8915 4.85684 18.5011 
v -42.8915 4.85684 18.5011 
v -42.9179 4.85417 18.4136 
v -42.8915 4.85684 18.4092 
v -44.0825 4.85417 18.4136 
v -44.0825 4.85417 18.5011 
v -44.1089 4.85684 18.5011 
v -44.1089 4.85684 18.5011 
v -44.1089 4.85684 18.4092 
v -44.0825 4.85417 18.4136 
v -43.9346 5.10453 18.326 
v -43.8991 5.1489 18.3174 
v -43.8882 5.1247 18.326 
v -43.9455 5.12873 18.3174 
v -43.9892 5.10637 18.3174 
v -43.9764 5.08314 18.3257 
v -44.0251 5.07721 18.3174 
v -44.0067 5.05807 18.326 
v -44.0582 5.04473 18.3174 
v -44.0582 5.04473 18.3174 
v -44.0398 5.02559 18.326 
v -44.08 5.01136 18.3174 
v -44.0571 4.99799 18.326 
v -44.0976 4.97044 18.3174 
v -44.0747 4.95706 18.3261 
v -44.0747 4.95706 18.3261 
v -44.1089 4.89096 18.3174 
v -44.0825 4.88828 18.3261 
v -44.1089 4.85684 18.3174 
v -44.0825 4.85417 18.3261 
v -43.0136 5.10186 18.6848 
v -43.0658 5.10453 18.6761 
v -43.0264 5.07863 18.6757 
v -43.9741 5.07863 18.6757 
v -43.9346 5.10453 18.6761 
v -43.9869 5.10186 18.6848 
v -42.9937 5.05807 18.6761 
v -43.0136 5.10186 18.6848 
v -43.0264 5.07863 18.6757 
v -43.9869 5.10186 18.6848 
v -44.0067 5.05807 18.6761 
v -43.9741 5.07863 18.6757 
v -44.0729 4.77791 18.2192 
v -44.1087 4.72512 18.1745 
v -44.1087 4.78602 18.2071 
v -42.9423 5.04473 18.6848 
v -42.9937 5.05807 18.6761 
v -42.9606 5.02559 18.6761 
v -42.9937 5.05807 18.6761 
v -42.9423 5.04473 18.6848 
v -42.9754 5.07721 18.6848 
v -44.0398 5.02559 18.6761 
v -44.0067 5.05807 18.6761 
v -44.0582 5.04473 18.6848 
v -44.0067 5.05807 18.6761 
v -44.0251 5.07721 18.6848 
v -44.0582 5.04473 18.6848 
v -43.0241 5.08314 18.3257 
v -42.9754 5.07721 18.3174 
v -42.9937 5.05807 18.326 
v -42.9423 5.04473 18.3174 
v -42.9606 5.02559 18.326 
v -42.9204 5.01136 18.3174 
v -42.9606 5.02559 18.326 
v -42.9433 4.99799 18.326 
v -42.9029 4.97044 18.3174 
v -42.9258 4.95706 18.326 
v -42.8915 4.89096 18.3174 
v -42.9029 4.97044 18.3174 
v -42.9258 4.95706 18.326 
v -42.9179 4.88828 18.326 
v -42.8915 4.85684 18.3174 
v -42.9179 4.85417 18.326 
v -42.9179 4.88828 18.326 
v -42.9204 5.01137 18.6848 
v -42.9606 5.02559 18.6761 
v -42.9433 4.99799 18.6761 
v -44.0571 4.99799 18.6761 
v -44.0398 5.02559 18.6761 
v -44.08 5.01137 18.6848 
v -42.9179 4.88828 18.6761 
v -42.8915 4.85684 18.6848 
v -42.8915 4.89096 18.6848 
v -42.8915 4.85684 18.6848 
v -42.9179 4.88828 18.6761 
v -42.9179 4.85417 18.6761 
v -44.1089 4.89096 18.6848 
v -44.1089 4.85684 18.6848 
v -44.0825 4.88828 18.6761 
v -44.0825 4.85417 18.6761 
v -42.9606 5.02559 18.6761 
v -42.9204 5.01137 18.6848 
v -42.9423 5.04473 18.6848 
v -44.0398 5.02559 18.6761 
v -44.0582 5.04473 18.6848 
v -44.08 5.01137 18.6848 
v -42.9258 4.95706 18.6761 
v -42.9179 4.88828 18.6761 
v -42.8915 4.89096 18.6848 
v -44.0747 4.95706 18.6761 
v -44.1089 4.89096 18.6848 
v -44.0825 4.88828 18.6761 
v -44.08 5.01137 18.6848 
v -44.0976 4.97044 18.6848 
v -44.0571 4.99799 18.6761 
v -44.0747 4.95706 18.6761 
v -44.0571 4.99799 18.6761 
v -44.0976 4.97044 18.6848 
v -44.0729 4.82908 18.7388 
v -44.1087 4.78602 18.7929 
v -44.0729 4.77791 18.7808 
v -44.1087 4.78602 18.7929 
v -44.1087 4.72512 18.8255 
v -42.9271 4.82908 18.2612 
v -42.8913 4.78602 18.2071 
v -42.9271 4.77791 18.2192 
v -42.8913 4.72512 18.1745 
v -42.8913 4.78602 18.2071 
v -42.9433 4.99799 18.6761 
v -42.9258 4.95706 18.6761 
v -42.9029 4.97044 18.6848 
v -42.9433 4.99799 18.6761 
v -42.9029 4.97044 18.6848 
v -42.9204 5.01137 18.6848 
v -42.9271 4.25912 18.5659 
v -42.8913 4.23803 18.5 
v -42.8913 4.2448 18.5687 
v -42.9271 4.27834 18.6292 
v -42.9406 4.28783 18.5 
v -42.9406 4.29364 18.559 
v -42.9271 4.27834 18.6292 
v -42.9271 4.25912 18.5659 
v -42.8913 4.78602 18.7929 
v -42.9271 4.82908 18.7388 
v -42.9271 4.77791 18.7808 
v -42.8913 4.72512 18.8255 
v -42.8913 4.78602 18.7929 
v -43.315 5.18752 18.5889 
v -43.3166 5.18367 18.5879 
v -43.3076 5.18367 18.5925 
v -43.3076 5.18367 18.5925 
v -43.3076 5.18752 18.5927 
v -43.315 5.18752 18.5889 
v -43.6858 5.18752 18.5889 
v -43.6932 5.18752 18.5927 
v -43.6932 5.18367 18.5925 
v -43.6932 5.18367 18.5925 
v -43.6842 5.18367 18.5879 
v -43.6858 5.18752 18.5889 
v -44.1087 4.23803 18.5 
v -44.0729 4.25912 18.4341 
v -44.0729 4.25263 18.5 
v -44.0729 4.25912 18.5659 
v -44.0594 4.28783 18.5 
v -44.0729 4.25912 18.5659 
v -44.0729 4.25912 18.4341 
v -42.8913 4.23803 18.5 
v -42.9271 4.25912 18.5659 
v -42.9271 4.25263 18.5 
v -42.9271 4.25912 18.4341 
v -42.8913 4.23803 18.5 
v -42.9406 4.28783 18.5 
v -42.9271 4.25912 18.4341 
v -42.9271 4.25912 18.5659 
v -42.8915 4.89096 18.6848 
v -42.9029 4.97044 18.6848 
v -42.9258 4.95706 18.6761 
v -44.0976 4.97044 18.6848 
v -44.1089 4.89096 18.6848 
v -44.0747 4.95706 18.6761 
v -44.1087 4.78602 18.2071 
v -44.0729 4.82908 18.2612 
v -44.0729 4.77791 18.2192 
v -42.8913 4.88322 18.3043 
v -42.8913 4.83941 18.2509 
v -42.9271 4.82908 18.2612 
v -42.8913 4.78602 18.2071 
v -44.1087 4.88322 18.3043 
v -44.0729 4.82908 18.2612 
v -44.1087 4.83941 18.2509 
v -44.1087 4.78602 18.2071 
v -44.1087 4.83941 18.2509 
v -44.0729 4.82908 18.7388 
v -44.1087 4.83941 18.7491 
v -44.1087 4.78602 18.7929 
v -44.1087 4.88322 18.6957 
v -44.1087 4.83941 18.7491 
v -42.9271 4.82908 18.7388 
v -42.8913 4.78602 18.7929 
v -42.8913 4.83941 18.7491 
v -42.8913 4.88322 18.6957 
v -42.8913 4.83941 18.7491 
v -44.1087 4.88322 18.6957 
v -44.0729 4.82908 18.7388 
v -44.0729 4.87108 18.6876 
v -44.1087 4.91577 18.3652 
v -44.0729 4.87108 18.3124 
v -44.1087 4.88322 18.3043 
v -44.0729 4.82908 18.2612 
v -42.8913 4.91577 18.6348 
v -42.9271 4.87108 18.6876 
v -42.8913 4.88322 18.6957 
v -42.9271 4.82908 18.7388 
v -42.9271 4.87108 18.3124 
v -42.8913 4.88322 18.3043 
v -42.9271 4.82908 18.2612 
v -42.8913 4.91577 18.3652 
v -42.9271 4.87108 18.3124 
v -44.0729 4.87108 18.6876 
v -44.1087 4.91577 18.6348 
v -44.1087 4.88322 18.6957 
v -43.7921 5.20056 18.5011 
v -43.7799 5.17591 18.4197 
v -43.7922 5.20056 18.4135 
v -43.7799 5.17591 18.5824 
v -43.7921 5.20056 18.5011 
v -43.7922 5.20056 18.5886 
v -43.2205 5.17591 18.4197 
v -43.2083 5.20056 18.5011 
v -43.2082 5.20056 18.4135 
v -43.2083 5.20056 18.5011 
v -43.2205 5.17591 18.5824 
v -43.2082 5.20056 18.5886 
v -43.2083 5.20056 18.5011 
v -43.2205 5.17591 18.4197 
v -43.2205 5.17591 18.5011 
v -43.2205 5.17591 18.5824 
v -43.2083 5.20056 18.5011 
v -43.2205 5.17591 18.5011 
v -43.7799 5.17591 18.5011 
v -43.7799 5.17591 18.4197 
v -43.7921 5.20056 18.5011 
v -43.7921 5.20056 18.5011 
v -43.7799 5.17591 18.5824 
v -43.7799 5.17591 18.5011 
v -44.0729 4.90228 18.3708 
v -44.0729 4.87108 18.3124 
v -44.1087 4.91577 18.3652 
v -44.1087 4.93582 18.4313 
v -44.1087 4.91577 18.3652 
v -44.0729 4.90228 18.6292 
v -44.1087 4.93582 18.5687 
v -44.1087 4.91577 18.6348 
v -44.1087 4.91577 18.6348 
v -44.0729 4.87108 18.6876 
v -42.8913 4.93582 18.5687 
v -42.9271 4.90228 18.6292 
v -42.8913 4.91577 18.6348 
v -42.9271 4.87108 18.6876 
v -42.8913 4.91577 18.6348 
v -44.0729 4.9215 18.5659 
v -44.1087 4.94258 18.5 
v -44.1087 4.93582 18.5687 
v -44.0729 4.90228 18.6292 
v -42.8913 4.94258 18.5 
v -42.9271 4.9215 18.5659 
v -42.8913 4.93582 18.5687 
v -42.9271 4.90228 18.6292 
v -42.8913 4.93582 18.5687 
v -44.0729 4.35153 18.2612 
v -44.1087 4.2974 18.3043 
v -44.1087 4.34121 18.2509 
v -44.0594 4.42226 18.2485 
v -44.0594 4.37642 18.2861 
v -44.0594 4.33881 18.332 
v -43.3471 5.19079 18.4197 
v -43.5002 5.19575 18.4197 
v -43.5002 5.17077 18.4135 
v -43.6533 5.19079 18.4197 
v -43.3471 5.19079 18.5824 
v -43.5002 5.17077 18.5886 
v -43.5002 5.19575 18.5824 
v -43.6533 5.19079 18.5824 
v -43.3471 5.19079 18.4197 
v -43.5002 5.17077 18.4135 
v -43.3426 5.16581 18.4135 
v -43.5002 5.17077 18.4135 
v -43.6533 5.19079 18.4197 
v -43.6579 5.16581 18.4135 
v -43.5002 5.17077 18.5886 
v -43.3471 5.19079 18.5824 
v -43.3426 5.16581 18.5886 
v -43.6533 5.19079 18.5824 
v -43.5002 5.17077 18.5886 
v -43.6578 5.16581 18.5886 
v -43.2205 5.17591 18.4197 
v -43.3471 5.19079 18.4197 
v -43.3426 5.16581 18.4135 
v -43.7799 5.17591 18.4197 
v -43.6579 5.16581 18.4135 
v -43.6533 5.19079 18.4197 
v -43.2205 5.17591 18.5824 
v -43.3426 5.16581 18.5886 
v -43.3471 5.19079 18.5824 
v -43.6578 5.16581 18.5886 
v -43.7799 5.17591 18.5824 
v -43.6533 5.19079 18.5824 
v -43.2205 5.17591 18.4197 
v -43.3426 5.16581 18.4135 
v -43.2162 5.15125 18.4135 
v -43.6579 5.16581 18.4135 
v -43.7799 5.17591 18.4197 
v -43.7842 5.15125 18.4135 
v -43.3426 5.16581 18.5886 
v -43.2205 5.17591 18.5824 
v -43.2162 5.15125 18.5886 
v -43.6578 5.16581 18.5886 
v -43.7842 5.15125 18.5886 
v -43.7799 5.17591 18.5824 
v -42.9271 4.90228 18.3708 
v -42.8913 4.91577 18.3652 
v -42.9271 4.87108 18.3124 
v -42.8913 4.93582 18.4313 
v -42.8913 4.91577 18.3652 
v -42.9406 4.84181 18.332 
v -42.9406 4.86976 18.3842 
v -42.8913 4.94258 18.5 
v -42.8913 4.93582 18.4313 
v -42.9271 4.9215 18.4341 
v -42.9271 4.90228 18.3708 
v -42.9406 4.86976 18.3842 
v -42.9406 4.88697 18.441 
v -42.9406 4.89279 18.5 
v -44.0729 4.9215 18.4341 
v -44.0729 4.90228 18.3708 
v -44.1087 4.93582 18.4313 
v -44.1087 4.94258 18.5 
v -44.0594 4.89279 18.5 
v -44.0594 4.88697 18.441 
v -44.0594 4.88697 18.441 
v -44.0729 4.90228 18.3708 
v -44.0594 4.89279 18.5 
v -44.0729 4.9215 18.4341 
v -44.0729 4.92798 18.5 
v -44.0729 4.9215 18.5659 
v -44.0729 4.9215 18.4341 
v -44.1087 4.94258 18.5 
v -44.1087 4.94258 18.5 
v -44.0729 4.9215 18.5659 
v -43.2205 5.17591 18.5824 
v -43.2205 5.17591 18.5011 
v -43.2163 5.15126 18.5011 
v -43.2205 5.17591 18.4197 
v -43.2163 5.15126 18.5011 
v -43.2205 5.17591 18.5011 
v -43.7799 5.17591 18.5824 
v -43.7841 5.15126 18.5011 
v -43.7799 5.17591 18.5011 
v -43.7841 5.15126 18.5011 
v -43.7799 5.17591 18.4197 
v -43.7799 5.17591 18.5011 
v -43.7842 5.15125 18.5886 
v -43.7841 5.15126 18.5011 
v -43.7799 5.17591 18.5824 
v -43.7799 5.17591 18.4197 
v -43.7841 5.15126 18.5011 
v -43.7842 5.15125 18.4135 
v -44.0594 4.29364 18.559 
v -44.0729 4.27834 18.6292 
v -44.0729 4.25912 18.5659 
v -44.0729 4.27834 18.6292 
v -44.0594 4.29364 18.559 
v -44.0594 4.31085 18.6158 
v -42.9271 4.25912 18.4341 
v -42.9406 4.28783 18.5 
v -42.9406 4.29364 18.441 
v -42.9271 4.27834 18.3708 
v -44.0729 4.25912 18.4341 
v -44.0729 4.27834 18.3708 
v -44.0594 4.29364 18.441 
v -43.2163 5.15126 18.5011 
v -43.2162 5.15125 18.5886 
v -43.2205 5.17591 18.5824 
v -43.2163 5.15126 18.5011 
v -43.2205 5.17591 18.4197 
v -43.2162 5.15125 18.4135 
v -42.9271 4.27834 18.3708 
v -42.9406 4.29364 18.441 
v -42.9406 4.31085 18.3842 
v -44.0729 4.27834 18.3708 
v -44.0594 4.31085 18.3842 
v -44.0594 4.29364 18.441 
v -44.0594 4.33881 18.332 
v -44.0594 4.31085 18.3842 
v -42.9406 4.29364 18.559 
v -42.9271 4.27834 18.6292 
v -42.9406 4.31085 18.6158 
v -42.9406 4.33881 18.668 
v -42.9406 4.31085 18.6158 
v -44.0594 4.33881 18.668 
v -44.0729 4.27834 18.6292 
v -44.0594 4.31085 18.6158 
v -42.9406 4.33881 18.332 
v -42.9271 4.27834 18.3708 
v -42.9406 4.31085 18.3842 
v -44.0594 4.33881 18.332 
v -44.0729 4.27834 18.3708 
v -44.0729 4.30954 18.3124 
v -44.0729 4.35153 18.2612 
v -44.0594 4.33881 18.668 
v -44.0729 4.35153 18.7388 
v -44.0729 4.30954 18.6876 
v -44.0729 4.27834 18.6292 
v -42.9271 4.35153 18.2612 
v -42.9271 4.30954 18.3124 
v -42.9406 4.33881 18.332 
v -42.9271 4.27834 18.3708 
v -42.9406 4.33881 18.668 
v -42.9271 4.27834 18.6292 
v -42.9271 4.30954 18.6876 
v -42.9271 4.35153 18.7388 
v -42.9406 4.33881 18.668 
v -44.0594 4.42226 18.7515 
v -44.0729 4.35153 18.7388 
v -44.0594 4.37642 18.7139 
v -44.0594 4.33881 18.668 
v -42.9406 4.33881 18.668 
v -42.9271 4.35153 18.7388 
v -42.9406 4.37642 18.7139 
v -42.9406 4.42226 18.7515 
v -42.9406 4.42226 18.2485 
v -42.9271 4.35153 18.2612 
v -42.9406 4.37642 18.2861 
v -42.9406 4.33881 18.332 
v -43.5002 5.17077 18.5886 
v -43.6578 5.16581 18.5886 
v -43.5002 5.17077 18.4135 
v -43.6578 5.16581 18.5886 
v -43.6579 5.16581 18.4135 
v -43.5002 5.17077 18.4135 
v -43.3426 5.16581 18.5886 
v -43.5002 5.17077 18.4135 
v -43.3426 5.16581 18.4135 
v -43.5002 5.17077 18.4135 
v -43.3426 5.16581 18.5886 
v -43.5002 5.17077 18.5886 
v -43.3426 5.16581 18.4135 
v -43.5002 5.17077 18.4135 
v -43.5 5.16905 18.3257 
v -43.3426 5.16581 18.4135 
v -43.5 5.16905 18.3257 
v -43.3267 5.1636 18.3257 
v -43.3267 5.1636 18.6773 
v -43.5 5.16905 18.6773 
v -43.5002 5.17077 18.5886 
v -43.3267 5.1636 18.6773 
v -43.5002 5.17077 18.5886 
v -43.3426 5.16581 18.5886 
v -43.6732 5.1636 18.3257 
v -43.5 5.16905 18.3257 
v -43.6579 5.16581 18.4135 
v -43.5002 5.17077 18.4135 
v -43.6579 5.16581 18.4135 
v -43.5 5.16905 18.3257 
v -43.6578 5.16581 18.5886 
v -43.5002 5.17077 18.5886 
v -43.6732 5.1636 18.6773 
v -43.5 5.16905 18.6773 
v -43.6732 5.1636 18.6773 
v -43.5002 5.17077 18.5886 
v -44.0729 4.46108 18.188 
v -44.0594 4.42226 18.2485 
v -44.0729 4.4027 18.2192 
v -44.0729 4.35153 18.2612 
v -44.0729 4.35153 18.7388 
v -44.0594 4.42226 18.7515 
v -44.0729 4.4027 18.7808 
v -44.0729 4.46108 18.812 
v -42.9271 4.35153 18.2612 
v -42.9406 4.42226 18.2485 
v -42.9271 4.4027 18.2192 
v -42.9271 4.46108 18.188 
v -42.9271 4.46108 18.812 
v -42.9406 4.42226 18.7515 
v -42.9271 4.4027 18.7808 
v -42.9271 4.35153 18.7388 
v -42.9271 4.4027 18.7808 
v -43.6732 5.1636 18.6773 
v -43.7842 5.15125 18.5886 
v -43.6578 5.16581 18.5886 
v -43.7842 5.15125 18.5886 
v -43.6732 5.1636 18.6773 
v -43.8121 5.14759 18.6773 
v -43.1878 5.14759 18.6773 
v -43.3267 5.1636 18.6773 
v -43.3426 5.16581 18.5886 
v -43.1878 5.14759 18.6773 
v -43.3426 5.16581 18.5886 
v -43.2162 5.15125 18.5886 
v -43.2162 5.15125 18.4135 
v -43.3426 5.16581 18.4135 
v -43.3267 5.1636 18.3257 
v -43.2162 5.15125 18.4135 
v -43.3267 5.1636 18.3257 
v -43.1878 5.14759 18.3257 
v -43.6732 5.1636 18.3257 
v -43.7842 5.15125 18.4135 
v -43.8121 5.14759 18.3257 
v -43.7842 5.15125 18.4135 
v -43.6732 5.1636 18.3257 
v -43.6579 5.16581 18.4135 
v -43.6578 5.16581 18.5886 
v -43.7842 5.15125 18.5886 
v -43.7842 5.15125 18.4135 
v -43.6579 5.16581 18.4135 
v -43.2162 5.15125 18.5886 
v -43.3426 5.16581 18.5886 
v -43.2162 5.15125 18.4135 
v -43.3426 5.16581 18.5886 
v -43.3426 5.16581 18.4135 
v -43.2162 5.15125 18.4135 
v -44.0594 4.42226 18.2485 
v -44.0729 4.46108 18.188 
v -44.0594 4.47455 18.2205 
v -44.0729 4.46108 18.812 
v -44.0594 4.42226 18.7515 
v -44.0594 4.47455 18.7795 
v -42.9406 4.42226 18.7515 
v -42.9271 4.46108 18.812 
v -42.9406 4.47455 18.7795 
v -42.9271 4.52443 18.1688 
v -42.9271 4.46108 18.188 
v -42.9406 4.47455 18.2205 
v -42.9406 4.42226 18.2485 
v -42.9271 4.46108 18.188 
v -44.0729 4.52443 18.1688 
v -44.0594 4.47455 18.2205 
v -44.0729 4.46108 18.188 
v -43.84 5.14015 18.4136 
v -43.8121 5.14759 18.3257 
v -43.7842 5.15125 18.4135 
v -43.8121 5.14759 18.6773 
v -43.84 5.14015 18.5886 
v -43.7842 5.15125 18.5886 
v -43.1605 5.14015 18.5886 
v -43.1878 5.14759 18.6773 
v -43.2162 5.15125 18.5886 
v -43.1605 5.14015 18.4136 
v -43.2162 5.15125 18.4135 
v -43.1878 5.14759 18.3257 
v -44.0594 4.47455 18.7795 
v -44.0729 4.52443 18.8312 
v -44.0729 4.46108 18.812 
v -42.9271 4.52443 18.8312 
v -42.9406 4.47455 18.7795 
v -42.9271 4.46108 18.812 
v -43.2163 5.15126 18.5011 
v -43.1605 5.14015 18.4136 
v -43.1605 5.14015 18.5011 
v -43.7841 5.15126 18.5011 
v -43.84 5.14015 18.4136 
v -43.7842 5.15125 18.4135 
v -43.84 5.14015 18.4136 
v -43.7841 5.15126 18.5011 
v -43.84 5.14015 18.5011 
v -43.1605 5.14015 18.5011 
v -43.2162 5.15125 18.5886 
v -43.2163 5.15126 18.5011 
v -43.7842 5.15125 18.5886 
v -43.84 5.14015 18.5011 
v -43.7841 5.15126 18.5011 
v -43.84 5.14015 18.5011 
v -43.7842 5.15125 18.5886 
v -43.84 5.14015 18.5886 
v -43.1605 5.14015 18.4136 
v -43.2163 5.15126 18.5011 
v -43.2162 5.15125 18.4135 
v -43.2162 5.15125 18.5886 
v -43.1605 5.14015 18.5011 
v -43.1605 5.14015 18.5886 
v -44.0594 4.47455 18.2205 
v -44.0729 4.52443 18.1688 
v -44.0594 4.5313 18.2033 
v -44.0729 4.59031 18.1623 
v -44.0594 4.5313 18.2033 
v -44.0729 4.52443 18.8312 
v -44.0594 4.47455 18.7795 
v -44.0594 4.5313 18.7967 
v -44.0594 4.5313 18.7967 
v -44.0729 4.59031 18.8377 
v -42.9406 4.47455 18.2205 
v -42.9406 4.5313 18.2033 
v -42.9271 4.52443 18.1688 
v -42.9271 4.59031 18.1623 
v -42.9406 4.47455 18.7795 
v -42.9271 4.52443 18.8312 
v -42.9406 4.5313 18.7967 
v -42.9271 4.59031 18.8377 
v -44.0729 4.59031 18.8377 
v -44.0594 4.5313 18.7967 
v -44.0594 4.59031 18.8025 
v -42.9406 4.5313 18.7967 
v -42.9271 4.59031 18.8377 
v -42.9406 4.59031 18.8025 
v -43.8121 5.14759 18.3257 
v -43.84 5.14015 18.4136 
v -43.8415 5.13994 18.325 
v -43.84 5.14015 18.5886 
v -43.8121 5.14759 18.6773 
v -43.8415 5.13994 18.6766 
v -43.1878 5.14759 18.6773 
v -43.1605 5.14015 18.5886 
v -43.159 5.13994 18.6766 
v -43.1605 5.14015 18.4136 
v -43.1878 5.14759 18.3257 
v -43.159 5.13994 18.325 
v -44.0729 4.59031 18.1623 
v -44.0594 4.64932 18.2033 
v -44.0594 4.59031 18.1975 
v -44.0594 4.5313 18.2033 
v -44.0594 4.59031 18.1975 
v -42.9406 4.5313 18.2033 
v -42.9406 4.59031 18.1975 
v -42.9271 4.59031 18.1623 
v -42.9406 4.64932 18.2033 
v -43.84 5.14015 18.5886 
v -43.8882 5.1247 18.6761 
v -43.8882 5.1247 18.5886 
v -43.1122 5.1247 18.6761 
v -43.1605 5.14015 18.5886 
v -43.1122 5.1247 18.5886 
v -43.1605 5.14015 18.5011 
v -43.1605 5.14015 18.4136 
v -43.1122 5.1247 18.5011 
v -43.1122 5.1247 18.5011 
v -43.1605 5.14015 18.4136 
v -43.1122 5.1247 18.4136 
v -43.8882 5.1247 18.5011 
v -43.84 5.14015 18.4136 
v -43.84 5.14015 18.5011 
v -43.84 5.14015 18.4136 
v -43.8882 5.1247 18.5011 
v -43.8882 5.1247 18.4136 
v -43.1605 5.14015 18.5886 
v -43.1122 5.1247 18.5011 
v -43.1122 5.1247 18.5886 
v -43.1122 5.1247 18.5011 
v -43.1605 5.14015 18.5886 
v -43.1605 5.14015 18.5011 
v -43.84 5.14015 18.5886 
v -43.8882 5.1247 18.5011 
v -43.84 5.14015 18.5011 
v -43.8882 5.1247 18.5011 
v -43.84 5.14015 18.5886 
v -43.8882 5.1247 18.5886 
v -43.8882 5.1247 18.326 
v -43.84 5.14015 18.4136 
v -43.8882 5.1247 18.4136 
v -43.1605 5.14015 18.4136 
v -43.1122 5.1247 18.326 
v -43.1122 5.1247 18.4136 
v -44.0729 4.65619 18.8312 
v -44.0729 4.59031 18.8377 
v -44.0594 4.64932 18.7967 
v -44.0729 4.59031 18.8377 
v -44.0594 4.59031 18.8025 
v -44.0594 4.64932 18.7967 
v -42.9406 4.64932 18.7967 
v -42.9271 4.59031 18.8377 
v -42.9271 4.65619 18.8312 
v -42.9271 4.59031 18.8377 
v -42.9406 4.64932 18.7967 
v -42.9406 4.59031 18.8025 
v -43.8882 5.1247 18.6761 
v -43.84 5.14015 18.5886 
v -43.8415 5.13994 18.6766 
v -43.159 5.13994 18.6766 
v -43.1605 5.14015 18.5886 
v -43.1122 5.1247 18.6761 
v -43.84 5.14015 18.4136 
v -43.8882 5.1247 18.326 
v -43.8415 5.13994 18.325 
v -43.1122 5.1247 18.326 
v -43.1605 5.14015 18.4136 
v -43.159 5.13994 18.325 
v -44.0594 4.64932 18.2033 
v -44.0729 4.59031 18.1623 
v -44.0729 4.65619 18.1688 
v -44.0729 4.71953 18.188 
v -44.0594 4.64932 18.2033 
v -42.9271 4.59031 18.1623 
v -42.9406 4.64932 18.2033 
v -42.9271 4.65619 18.1688 
v -42.9406 4.64932 18.2033 
v -42.9271 4.71953 18.188 
v -44.0729 4.71953 18.812 
v -44.0594 4.64932 18.7967 
v -44.0594 4.70606 18.7795 
v -44.0594 4.64932 18.7967 
v -44.0729 4.71953 18.812 
v -44.0729 4.65619 18.8312 
v -42.9271 4.71953 18.812 
v -42.9406 4.64932 18.7967 
v -42.9271 4.65619 18.8312 
v -42.9406 4.64932 18.7967 
v -42.9271 4.71953 18.812 
v -42.9406 4.70606 18.7795 
v -44.0594 4.64932 18.2033 
v -44.0729 4.71953 18.188 
v -44.0594 4.70606 18.2205 
v -44.0729 4.77791 18.2192 
v -42.9406 4.70606 18.2205 
v -42.9271 4.77791 18.2192 
v -42.9271 4.71953 18.188 
v -42.9406 4.64932 18.2033 
v -42.9406 4.70606 18.2205 
v -43.9346 5.10453 18.5886 
v -43.8882 5.1247 18.6761 
v -43.9346 5.10453 18.6761 
v -43.1122 5.1247 18.6761 
v -43.0658 5.10453 18.5886 
v -43.0658 5.10453 18.6761 
v -43.1122 5.1247 18.5886 
v -43.1122 5.1247 18.5011 
v -43.0658 5.10453 18.4136 
v -43.0658 5.10453 18.5011 
v -43.0658 5.10453 18.4136 
v -43.1122 5.1247 18.5011 
v -43.1122 5.1247 18.4136 
v -43.8882 5.1247 18.5011 
v -43.9346 5.10453 18.4136 
v -43.8882 5.1247 18.4136 
v -43.9346 5.10453 18.4136 
v -43.8882 5.1247 18.5011 
v -43.9346 5.10453 18.5011 
v -43.1122 5.1247 18.5886 
v -43.0658 5.10453 18.5011 
v -43.0658 5.10453 18.5886 
v -43.0658 5.10453 18.5011 
v -43.1122 5.1247 18.5886 
v -43.1122 5.1247 18.5011 
v -43.9346 5.10453 18.5886 
v -43.8882 5.1247 18.5011 
v -43.8882 5.1247 18.5886 
v -43.8882 5.1247 18.5011 
v -43.9346 5.10453 18.5886 
v -43.9346 5.10453 18.5011 
v -43.8882 5.1247 18.4136 
v -43.9346 5.10453 18.326 
v -43.8882 5.1247 18.326 
v -43.9346 5.10453 18.326 
v -43.8882 5.1247 18.4136 
v -43.9346 5.10453 18.4136 
v -43.1122 5.1247 18.4136 
v -43.0658 5.10453 18.326 
v -43.0658 5.10453 18.4136 
v -43.0658 5.10453 18.326 
v -43.1122 5.1247 18.4136 
v -43.1122 5.1247 18.326 
v -44.0594 4.70606 18.7795 
v -44.0729 4.77791 18.7808 
v -44.0729 4.71953 18.812 
v -44.0729 4.77791 18.7808 
v -44.0594 4.70606 18.7795 
v -44.0594 4.75835 18.7515 
v -42.9271 4.77791 18.7808 
v -42.9406 4.70606 18.7795 
v -42.9271 4.71953 18.812 
v -42.9406 4.70606 18.7795 
v -42.9271 4.77791 18.7808 
v -42.9406 4.75835 18.7515 
v -42.9271 4.77791 18.2192 
v -42.9406 4.70606 18.2205 
v -42.9406 4.75835 18.2485 
v -44.0594 4.70606 18.2205 
v -44.0729 4.77791 18.2192 
v -44.0594 4.75835 18.2485 
v -44.0729 4.82908 18.2612 
v -44.0594 4.75835 18.2485 
v -43.9346 5.10453 18.326 
v -43.9758 5.08202 18.4132 
v -43.9764 5.08314 18.3257 
v -43.0246 5.08202 18.4132 
v -43.0658 5.10453 18.326 
v -43.0241 5.08314 18.3257 
v -44.0729 4.82908 18.7388 
v -44.0594 4.75835 18.7515 
v -44.0594 4.80419 18.7139 
v -44.0594 4.75835 18.7515 
v -44.0729 4.82908 18.7388 
v -44.0729 4.77791 18.7808 
v -43.8882 5.1247 18.6761 
v -43.9346 5.10453 18.5886 
v -43.8882 5.1247 18.5886 
v -43.9741 5.07863 18.6757 
v -43.9746 5.07976 18.5882 
v -42.9271 4.82908 18.7388 
v -42.9406 4.75835 18.7515 
v -42.9271 4.77791 18.7808 
v -42.9406 4.75835 18.2485 
v -42.9271 4.82908 18.2612 
v -42.9271 4.77791 18.2192 
v -43.0252 5.08089 18.5007 
v -43.0658 5.10453 18.4136 
v -43.0246 5.08202 18.4132 
v -43.9346 5.10453 18.4136 
v -43.9752 5.08089 18.5007 
v -43.9758 5.08202 18.4132 
v -43.9758 5.08202 18.4132 
v -43.9346 5.10453 18.326 
v -43.9346 5.10453 18.4136 
v -42.9406 4.75835 18.7515 
v -42.9271 4.82908 18.7388 
v -42.9406 4.80419 18.7139 
v -42.9406 4.84181 18.668 
v -42.9406 4.84181 18.332 
v -42.9271 4.82908 18.2612 
v -42.9406 4.80419 18.2861 
v -42.9406 4.75835 18.2485 
v -44.0729 4.82908 18.2612 
v -44.0594 4.80419 18.2861 
v -44.0594 4.75835 18.2485 
v -44.0729 4.87108 18.3124 
v -43.0658 5.10453 18.4136 
v -43.0658 5.10453 18.326 
v -43.0246 5.08202 18.4132 
v -44.0594 4.80419 18.7139 
v -44.0729 4.87108 18.6876 
v -44.0729 4.82908 18.7388 
v -43.9752 5.08089 18.5007 
v -43.9346 5.10453 18.4136 
v -43.9346 5.10453 18.5011 
v -43.9346 5.10453 18.5011 
v -43.9746 5.07976 18.5882 
v -43.9752 5.08089 18.5007 
v -43.0658 5.10453 18.5011 
v -43.0658 5.10453 18.4136 
v -43.0252 5.08089 18.5007 
v -43.0258 5.07976 18.5882 
v -43.0658 5.10453 18.5011 
v -43.0252 5.08089 18.5007 
v -44.0729 4.87108 18.3124 
v -44.0729 4.90228 18.3708 
v -44.0594 4.84181 18.332 
v -44.0594 4.80419 18.2861 
v -44.0594 4.84181 18.668 
v -44.0729 4.90228 18.6292 
v -44.0729 4.87108 18.6876 
v -44.0729 4.87108 18.6876 
v -44.0594 4.80419 18.7139 
v -42.9406 4.84181 18.668 
v -42.9271 4.82908 18.7388 
v -42.9271 4.87108 18.6876 
v -42.9271 4.90228 18.6292 
v -42.9406 4.84181 18.668 
v -42.9271 4.82908 18.2612 
v -42.9406 4.84181 18.332 
v -42.9271 4.87108 18.3124 
v -42.9271 4.90228 18.3708 
v -43.0658 5.10453 18.5886 
v -43.0658 5.10453 18.5011 
v -43.0258 5.07976 18.5882 
v -43.9746 5.07976 18.5882 
v -43.9346 5.10453 18.5011 
v -43.9346 5.10453 18.5886 
v -43.0264 5.07863 18.6757 
v -42.9937 5.05807 18.5886 
v -42.9937 5.05807 18.6761 
v -44.0067 5.05807 18.5886 
v -43.9741 5.07863 18.6757 
v -44.0067 5.05807 18.6761 
v -43.0264 5.07863 18.6757 
v -43.0658 5.10453 18.5886 
v -43.0258 5.07976 18.5882 
v -44.0594 4.88697 18.559 
v -44.0729 4.90228 18.6292 
v -44.0594 4.86976 18.6158 
v -44.0594 4.84181 18.668 
v -44.0594 4.86976 18.3842 
v -44.0594 4.84181 18.332 
v -44.0729 4.90228 18.3708 
v -44.0729 4.90228 18.3708 
v -44.0594 4.88697 18.441 
v -42.9271 4.9215 18.5659 
v -42.9406 4.86976 18.6158 
v -42.9271 4.90228 18.6292 
v -42.9406 4.84181 18.668 
v -42.9406 4.86976 18.6158 
v -43.9741 5.07863 18.6757 
v -43.9346 5.10453 18.5886 
v -43.9346 5.10453 18.6761 
v -43.0658 5.10453 18.6761 
v -43.0658 5.10453 18.5886 
v -43.0264 5.07863 18.6757 
v -42.9271 4.9215 18.4341 
v -42.9271 4.90228 18.3708 
v -42.9406 4.86976 18.3842 
v -44.0594 4.89279 18.5 
v -44.0729 4.9215 18.5659 
v -44.0594 4.88697 18.559 
v -44.0729 4.90228 18.6292 
v -44.0594 4.88697 18.559 
v -42.9406 4.89279 18.5 
v -42.9406 4.88697 18.559 
v -42.9271 4.9215 18.5659 
v -42.9406 4.86976 18.6158 
v -43.0258 5.07976 18.5882 
v -42.9937 5.05807 18.5011 
v -42.9937 5.05807 18.5886 
v -44.0067 5.05807 18.5011 
v -43.9746 5.07976 18.5882 
v -44.0067 5.05807 18.5886 
v -42.9937 5.05807 18.5886 
v -43.0264 5.07863 18.6757 
v -43.0258 5.07976 18.5882 
v -43.9741 5.07863 18.6757 
v -44.0067 5.05807 18.5886 
v -43.9746 5.07976 18.5882 
v -43.9746 5.07976 18.5882 
v -44.0067 5.05807 18.5011 
v -43.9752 5.08089 18.5007 
v -43.0252 5.08089 18.5007 
v -42.9937 5.05807 18.4136 
v -42.9937 5.05807 18.5011 
v -42.9937 5.05807 18.5011 
v -43.0258 5.07976 18.5882 
v -43.0252 5.08089 18.5007 
v -43.9752 5.08089 18.5007 
v -44.0067 5.05807 18.4136 
v -43.9758 5.08202 18.4132 
v -42.9937 5.05807 18.4136 
v -43.0252 5.08089 18.5007 
v -43.0246 5.08202 18.4132 
v -43.0246 5.08202 18.4132 
v -42.9937 5.05807 18.326 
v -42.9937 5.05807 18.4136 
v -44.0067 5.05807 18.326 
v -43.9758 5.08202 18.4132 
v -44.0067 5.05807 18.4136 
v -43.9758 5.08202 18.4132 
v -44.0067 5.05807 18.326 
v -43.9764 5.08314 18.3257 
v -42.9937 5.05807 18.326 
v -43.0246 5.08202 18.4132 
v -43.0241 5.08314 18.3257 
v -44.0067 5.05807 18.4136 
v -43.9752 5.08089 18.5007 
v -44.0067 5.05807 18.5011 
v -44.0398 5.02559 18.4136 
v -44.0067 5.05807 18.4136 
v -44.0067 5.05807 18.6761 
v -44.0398 5.02559 18.5886 
v -44.0067 5.05807 18.5886 
v -44.0398 5.02559 18.5886 
v -44.0067 5.05807 18.6761 
v -44.0398 5.02559 18.6761 
v -42.9937 5.05807 18.6761 
v -42.9937 5.05807 18.5886 
v -42.9606 5.02559 18.6761 
v -42.9606 5.02559 18.6761 
v -42.9937 5.05807 18.5886 
v -42.9606 5.02559 18.5886 
v -42.9937 5.05807 18.5011 
v -42.9937 5.05807 18.4136 
v -42.9606 5.02559 18.5011 
v -42.9606 5.02559 18.5011 
v -42.9937 5.05807 18.4136 
v -42.9606 5.02559 18.4136 
v -42.9937 5.05807 18.5886 
v -42.9606 5.02559 18.5011 
v -42.9606 5.02559 18.5886 
v -42.9606 5.02559 18.5011 
v -42.9937 5.05807 18.5886 
v -42.9937 5.05807 18.5011 
v -44.0398 5.02559 18.5886 
v -44.0067 5.05807 18.5011 
v -44.0067 5.05807 18.5886 
v -44.0067 5.05807 18.5011 
v -44.0398 5.02559 18.5886 
v -44.0398 5.02559 18.5011 
v -44.0067 5.05807 18.4136 
v -44.0398 5.02559 18.326 
v -44.0067 5.05807 18.326 
v -44.0398 5.02559 18.326 
v -44.0067 5.05807 18.4136 
v -44.0398 5.02559 18.4136 
v -42.9937 5.05807 18.4136 
v -42.9937 5.05807 18.326 
v -42.9606 5.02559 18.4136 
v -42.9606 5.02559 18.4136 
v -42.9937 5.05807 18.326 
v -42.9606 5.02559 18.326 
v -44.0398 5.02559 18.4136 
v -44.0067 5.05807 18.5011 
v -44.0398 5.02559 18.5011 
v -44.0594 4.80419 18.2861 
v -44.0594 4.88697 18.441 
v -44.0594 4.75835 18.2485 
v -44.0594 4.86976 18.3842 
v -44.0594 4.84181 18.332 
v -44.0594 4.89279 18.5 
v -44.0594 4.75835 18.2485 
v -44.0594 4.89279 18.5 
v -44.0594 4.47455 18.2205 
v -44.0594 4.75835 18.7515 
v -44.0594 4.88697 18.559 
v -44.0594 4.47455 18.7795 
v -44.0594 4.75835 18.7515 
v -44.0594 4.80419 18.7139 
v -44.0594 4.86976 18.6158 
v -44.0594 4.84181 18.668 
v -44.0594 4.37642 18.2861 
v -44.0594 4.42226 18.2485 
v -44.0594 4.31085 18.3842 
v -44.0594 4.33881 18.332 
v -44.0594 4.37642 18.7139 
v -44.0594 4.42226 18.7515 
v -44.0594 4.31085 18.6158 
v -44.0594 4.33881 18.668 
v -44.0594 4.28783 18.5 
v -44.0594 4.31085 18.3842 
v -44.0594 4.29364 18.441 
v -44.0594 4.31085 18.6158 
v -44.0594 4.29364 18.559 
v -44.0594 4.75835 18.7515 
v -44.0594 4.59031 18.8025 
v -44.0594 4.70606 18.7795 
v -44.0594 4.47455 18.7795 
v -44.0594 4.5313 18.7967 
v -44.0594 4.70606 18.7795 
v -44.0594 4.64932 18.7967 
v -44.0594 4.59031 18.1975 
v -44.0594 4.75835 18.2485 
v -44.0594 4.70606 18.2205 
v -44.0594 4.64932 18.2033 
v -44.0594 4.47455 18.2205 
v -44.0594 4.5313 18.2033 
v -42.9406 4.47455 18.7795 
v -42.9406 4.59031 18.8025 
v -42.9406 4.75835 18.7515 
v -42.9406 4.70606 18.7795 
v -42.9406 4.5313 18.7967 
v -42.9406 4.70606 18.7795 
v -42.9406 4.64932 18.7967 
v -42.9406 4.89279 18.5 
v -42.9406 4.88697 18.559 
v -42.9406 4.80419 18.7139 
v -42.9406 4.75835 18.7515 
v -42.9406 4.86976 18.6158 
v -42.9406 4.84181 18.668 
v -42.9406 4.75835 18.2485 
v -42.9406 4.88697 18.441 
v -42.9406 4.47455 18.2205 
v -42.9406 4.37642 18.7139 
v -42.9406 4.47455 18.7795 
v -42.9406 4.42226 18.7515 
v -42.9406 4.37642 18.2861 
v -42.9406 4.42226 18.2485 
v -42.9406 4.31085 18.3842 
v -42.9406 4.31085 18.3842 
v -42.9406 4.33881 18.332 
v -42.9406 4.31085 18.6158 
v -42.9406 4.33881 18.668 
v -42.9406 4.28783 18.5 
v -42.9406 4.29364 18.441 
v -42.9406 4.31085 18.6158 
v -42.9406 4.29364 18.559 
v -42.9406 4.59031 18.1975 
v -42.9406 4.75835 18.2485 
v -42.9406 4.70606 18.2205 
v -42.9406 4.47455 18.2205 
v -42.9406 4.5313 18.2033 
v -42.9406 4.70606 18.2205 
v -42.9406 4.64932 18.2033 
v -42.9406 4.75835 18.2485 
v -42.9406 4.88697 18.441 
v -42.9406 4.80419 18.2861 
v -42.9406 4.86976 18.3842 
v -42.9406 4.86976 18.3842 
v -42.9406 4.84181 18.332 
v -44.0398 5.02559 18.5011 
v -44.0571 4.99799 18.4136 
v -44.0398 5.02559 18.4136 
v -44.0571 4.99799 18.4136 
v -44.0398 5.02559 18.5011 
v -44.0571 4.99799 18.5011 
v -44.0571 4.99799 18.6761 
v -44.0398 5.02559 18.5886 
v -44.0398 5.02559 18.6761 
v -44.0398 5.02559 18.5886 
v -44.0571 4.99799 18.6761 
v -44.0571 4.99799 18.5886 
v -44.0398 5.02559 18.5886 
v -44.0571 4.99799 18.5011 
v -44.0398 5.02559 18.5011 
v -44.0571 4.99799 18.5011 
v -44.0398 5.02559 18.5886 
v -44.0571 4.99799 18.5886 
v -44.0571 4.99799 18.4136 
v -44.0398 5.02559 18.326 
v -44.0398 5.02559 18.4136 
v -44.0398 5.02559 18.326 
v -44.0571 4.99799 18.4136 
v -44.0571 4.99799 18.326 
v -42.9606 5.02559 18.6761 
v -42.9606 5.02559 18.5886 
v -42.9433 4.99799 18.6761 
v -42.9433 4.99799 18.6761 
v -42.9606 5.02559 18.5886 
v -42.9433 4.99799 18.5886 
v -42.9606 5.02559 18.5011 
v -42.9433 4.99799 18.4136 
v -42.9433 4.99799 18.5011 
v -42.9433 4.99799 18.4136 
v -42.9606 5.02559 18.5011 
v -42.9606 5.02559 18.4136 
v -42.9606 5.02559 18.4136 
v -42.9433 4.99799 18.326 
v -42.9433 4.99799 18.4136 
v -42.9433 4.99799 18.326 
v -42.9606 5.02559 18.4136 
v -42.9606 5.02559 18.326 
v -42.9606 5.02559 18.5886 
v -42.9606 5.02559 18.5011 
v -42.9433 4.99799 18.5886 
v -42.9433 4.99799 18.5886 
v -42.9433 4.99799 18.5011 
v -42.9258 4.95706 18.5886 
v -42.9258 4.95706 18.5011 
v -42.9179 4.85417 18.326 
v -42.9179 4.85417 18.4136 
v -42.9179 4.88828 18.4136 
v -42.9179 4.88828 18.4136 
v -42.9179 4.88828 18.326 
v -42.9179 4.85417 18.326 
v -42.9179 4.85417 18.5011 
v -42.9179 4.85417 18.5886 
v -42.9179 4.88828 18.5886 
v -42.9179 4.88828 18.5011 
v -42.9179 4.85417 18.5011 
v -42.9179 4.88828 18.4136 
v -42.9179 4.85417 18.4136 
v -42.9179 4.88828 18.4136 
v -42.9179 4.85417 18.5011 
v -42.9179 4.88828 18.5011 
v -42.9179 4.85417 18.5886 
v -42.9179 4.85417 18.6761 
v -42.9179 4.88828 18.6761 
v -44.0825 4.85417 18.6761 
v -44.0825 4.88828 18.5886 
v -44.0825 4.88828 18.6761 
v -44.0825 4.88828 18.5886 
v -44.0825 4.85417 18.6761 
v -44.0825 4.85417 18.5886 
v -44.0825 4.85417 18.5011 
v -44.0825 4.88828 18.4136 
v -44.0825 4.88828 18.5011 
v -44.0825 4.85417 18.4136 
v -44.0825 4.85417 18.5886 
v -44.0825 4.88828 18.5011 
v -44.0825 4.88828 18.5886 
v -44.0825 4.88828 18.5011 
v -44.0825 4.85417 18.5886 
v -44.0825 4.85417 18.5011 
v -44.0825 4.85417 18.4136 
v -44.0825 4.88828 18.3261 
v -44.0825 4.88828 18.4136 
v -44.0825 4.88828 18.3261 
v -44.0825 4.85417 18.4136 
v -44.0825 4.85417 18.3261 
v -42.9179 4.88828 18.6761 
v -42.9258 4.95706 18.5886 
v -42.9179 4.88828 18.5886 
v -42.9179 4.85417 18.5886 
v -44.0747 4.95706 18.3261 
v -44.0571 4.99799 18.4136 
v -44.0747 4.95706 18.4136 
v -44.0571 4.99799 18.4136 
v -44.0747 4.95706 18.3261 
v -44.0571 4.99799 18.326 
v -44.0571 4.99799 18.6761 
v -44.0747 4.95706 18.5886 
v -44.0571 4.99799 18.5886 
v -44.0747 4.95706 18.5886 
v -44.0571 4.99799 18.6761 
v -44.0747 4.95706 18.6761 
v -42.9433 4.99799 18.6761 
v -42.9258 4.95706 18.5886 
v -42.9258 4.95706 18.6761 
v -42.9258 4.95706 18.5886 
v -42.9433 4.99799 18.6761 
v -42.9433 4.99799 18.5886 
v -42.9433 4.99799 18.5011 
v -42.9433 4.99799 18.4136 
v -42.9258 4.95706 18.5011 
v -42.9258 4.95706 18.5011 
v -42.9433 4.99799 18.4136 
v -42.9258 4.95706 18.4136 
v -44.0747 4.95706 18.5011 
v -44.0571 4.99799 18.4136 
v -44.0571 4.99799 18.5011 
v -44.0571 4.99799 18.4136 
v -44.0747 4.95706 18.5011 
v -44.0747 4.95706 18.4136 
v -42.9433 4.99799 18.5886 
v -42.9433 4.99799 18.5011 
v -42.9258 4.95706 18.5886 
v -44.0571 4.99799 18.5886 
v -44.0747 4.95706 18.5011 
v -44.0571 4.99799 18.5011 
v -44.0747 4.95706 18.5011 
v -44.0571 4.99799 18.5886 
v -44.0747 4.95706 18.5886 
v -42.9433 4.99799 18.4136 
v -42.9433 4.99799 18.326 
v -42.9258 4.95706 18.4136 
v -42.9258 4.95706 18.4136 
v -42.9433 4.99799 18.326 
v -42.9258 4.95706 18.326 
v -44.0825 4.88828 18.6761 
v -44.0747 4.95706 18.5886 
v -44.0747 4.95706 18.6761 
v -44.0747 4.95706 18.5886 
v -44.0825 4.88828 18.6761 
v -44.0825 4.88828 18.5886 
v -44.0747 4.95706 18.5011 
v -44.0825 4.88828 18.4136 
v -44.0747 4.95706 18.4136 
v -44.0825 4.88828 18.4136 
v -44.0747 4.95706 18.5011 
v -44.0825 4.88828 18.5011 
v -44.0747 4.95706 18.5886 
v -44.0825 4.88828 18.5011 
v -44.0747 4.95706 18.5011 
v -44.0825 4.88828 18.5011 
v -44.0747 4.95706 18.5886 
v -44.0825 4.88828 18.5886 
v -44.0747 4.95706 18.4136 
v -44.0825 4.88828 18.3261 
v -44.0747 4.95706 18.3261 
v -44.0825 4.88828 18.3261 
v -44.0747 4.95706 18.4136 
v -44.0825 4.88828 18.4136 
v -42.9179 4.88828 18.6761 
v -42.9258 4.95706 18.6761 
v -42.9258 4.95706 18.5886 
v -42.9258 4.95706 18.5011 
v -42.9179 4.88828 18.4136 
v -42.9179 4.88828 18.5011 
v -42.9179 4.88828 18.4136 
v -42.9258 4.95706 18.5011 
v -42.9258 4.95706 18.4136 
v -42.9258 4.95706 18.5886 
v -42.9179 4.88828 18.5011 
v -42.9179 4.88828 18.5886 
v -42.9179 4.88828 18.5011 
v -42.9258 4.95706 18.5886 
v -42.9258 4.95706 18.5011 
v -42.9179 4.88828 18.4136 
v -42.9258 4.95706 18.4136 
v -42.9258 4.95706 18.326 
v -42.9179 4.88828 18.4136 
v -42.9258 4.95706 18.326 
v -42.9179 4.88828 18.326 

vn -0.204724 -0.976378 0 
vn -0.700787 -0.700787 0.141732 
vn -0.700787 -0.708661 0 
vn -0.700787 -0.700787 -0.141732 
vn -0.204724 -0.976378 0 
vn -0.984252 -0.188976 0 
vn -0.700787 -0.700787 -0.141732 
vn -0.700787 -0.700787 0.141732 
vn 0.204724 -0.905512 -0.377953 
vn 0.700787 -0.590551 -0.393701 
vn 0.700787 -0.661417 -0.275591 
vn 0.204724 -0.96063 -0.188976 
vn 0.204724 -0.905512 -0.377953 
vn 0.984252 -0.15748 -0.110236 
vn 0.984252 -0.181102 -0.0708661 
vn 0.700787 -0.661417 -0.275591 
vn 0.984252 -0.188976 -0.0393701 
vn 0.984252 -0.188976 0.0393701 
vn 0.700787 -0.700787 0.141732 
vn 0.700787 -0.708661 0 
vn 0.984252 -0.181102 0.0708661 
vn 0.984252 -0.188976 0.0393701 
vn -0.984252 -0.188976 0 
vn -0.700787 -0.700787 0.141732 
vn -0.984252 -0.188976 0.0393701 
vn -0.700787 -0.661417 0.275591 
vn -0.984252 -0.188976 0.0393701 
vn 0.700787 -0.700787 -0.141732 
vn 0.700787 -0.661417 -0.275591 
vn 0.984252 -0.188976 -0.0393701 
vn -0.984252 -0.188976 -0.0393701 
vn -0.700787 -0.661417 -0.275591 
vn -0.700787 -0.700787 -0.141732 
vn -0.700787 -0.661417 -0.275591 
vn -0.984252 -0.188976 -0.0393701 
vn -0.984252 -0.181102 -0.0708661 
vn 0.984252 -0.15748 0.110236 
vn 0.700787 -0.661417 0.275591 
vn 0.984252 -0.181102 0.0708661 
vn 0.700787 -0.700787 0.141732 
vn 0.984252 -0.181102 0.0708661 
vn -0.984252 -0.188976 0.0393701 
vn -0.700787 -0.661417 0.275591 
vn -0.984252 -0.181102 0.0708661 
vn -0.984252 -0.15748 0.110236 
vn -0.984252 -0.181102 0.0708661 
vn -0.984252 -0.15748 -0.110236 
vn -0.700787 -0.661417 -0.275591 
vn -0.984252 -0.181102 -0.0708661 
vn 0.700787 -0.661417 0.275591 
vn 0.984252 -0.15748 0.110236 
vn 0.700787 -0.590551 0.393701 
vn 0.984252 -0.15748 0.110236 
vn 0.700787 -0.503937 0.503937 
vn 0.984252 -0.15748 -0.110236 
vn 0.700787 -0.661417 -0.275591 
vn 0.700787 -0.590551 -0.393701 
vn 0.700787 -0.503937 -0.503937 
vn -0.700787 -0.503937 0.503937 
vn -0.984252 -0.15748 0.110236 
vn -0.700787 -0.590551 0.393701 
vn -0.700787 -0.661417 0.275591 
vn -0.700787 -0.661417 -0.275591 
vn -0.984252 -0.15748 -0.110236 
vn -0.700787 -0.590551 -0.393701 
vn -0.700787 -0.503937 -0.503937 
vn 0.700787 -0.700787 -0.141732 
vn 0.204724 -0.976378 0 
vn 0.204724 -0.96063 -0.188976 
vn 0.700787 -0.661417 -0.275591 
vn 0.984252 -0.19685 0 
vn 0.984252 -0.188976 -0.0393701 
vn -0.204724 -0.976378 0 
vn -0.700787 -0.700787 -0.141732 
vn -0.204724 -0.96063 -0.188976 
vn -0.700787 -0.661417 -0.275591 
vn -0.204724 -0.96063 -0.188976 
vn -0.984252 -0.188976 0 
vn -0.984252 -0.188976 -0.0393701 
vn 0.984252 -0.133858 -0.133858 
vn 0.984252 -0.15748 -0.110236 
vn 0.700787 -0.503937 -0.503937 
vn 0.984252 -0.110236 -0.15748 
vn 0.700787 -0.503937 0.503937 
vn 0.984252 -0.15748 0.110236 
vn 0.984252 -0.133858 0.133858 
vn 0.984252 -0.110236 0.15748 
vn -0.700787 -0.503937 -0.503937 
vn -0.984252 -0.15748 -0.110236 
vn -0.984252 -0.133858 -0.133858 
vn -0.984252 -0.110236 -0.15748 
vn -0.984252 -0.15748 0.110236 
vn -0.700787 -0.503937 0.503937 
vn -0.984252 -0.133858 0.133858 
vn -0.984252 -0.110236 0.15748 
vn 0.984252 -0.110236 0.15748 
vn 0.700787 -0.275591 0.661417 
vn 0.700787 -0.393701 0.590551 
vn 0.700787 -0.503937 0.503937 
vn 0.984252 -0.110236 0.15748 
vn 0.700787 -0.275591 -0.661417 
vn 0.984252 -0.110236 -0.15748 
vn 0.700787 -0.393701 -0.590551 
vn 0.984252 -0.110236 -0.15748 
vn 0.700787 -0.503937 -0.503937 
vn -0.700787 -0.503937 0.503937 
vn -0.700787 -0.393701 0.590551 
vn -0.984252 -0.110236 0.15748 
vn -0.700787 -0.275591 0.661417 
vn -0.700787 -0.275591 -0.661417 
vn -0.700787 -0.393701 -0.590551 
vn -0.984252 -0.110236 -0.15748 
vn -0.700787 -0.503937 -0.503937 
vn -0.984252 -0.110236 0.15748 
vn -0.700787 -0.275591 0.661417 
vn -0.984252 -0.0708661 0.181102 
vn 0.700787 -0.275591 0.661417 
vn 0.984252 -0.110236 0.15748 
vn 0.984252 -0.0708661 0.181102 
vn 0.700787 -0.141732 0.700787 
vn 0.700787 -0.141732 -0.700787 
vn 0.984252 -0.0708661 -0.181102 
vn 0.700787 -0.275591 -0.661417 
vn 0.984252 -0.110236 -0.15748 
vn 0.984252 -0.0708661 -0.181102 
vn -0.984252 -0.110236 -0.15748 
vn -0.984252 -0.0708661 -0.181102 
vn -0.700787 -0.275591 -0.661417 
vn -0.700787 -0.141732 -0.700787 
vn 0.984252 -0.0708661 -0.181102 
vn 0.700787 -0.141732 -0.700787 
vn 0.984252 -0.0393701 -0.188976 
vn -0.984252 -0.0708661 0.181102 
vn -0.700787 -0.141732 0.700787 
vn -0.984252 -0.0393701 0.188976 
vn -0.700787 -0.141732 0.700787 
vn -0.984252 -0.0708661 0.181102 
vn -0.700787 -0.275591 0.661417 
vn 0.700787 -0.141732 0.700787 
vn 0.984252 -0.0708661 0.181102 
vn 0.984252 -0.0393701 0.188976 
vn 0.700787 0 0.716535 
vn -0.984252 -0.0708661 -0.181102 
vn -0.984252 -0.0393701 -0.188976 
vn -0.700787 -0.141732 -0.700787 
vn -0.700787 0 -0.716535 
vn -0.984252 -0.0393701 -0.188976 
vn 0.700787 0 -0.716535 
vn 0.984252 -0.0393701 -0.188976 
vn 0.700787 -0.141732 -0.700787 
vn -0.700787 0 0.716535 
vn -0.984252 -0.0393701 0.188976 
vn -0.700787 -0.141732 0.700787 
vn -0.984252 -0.0393701 0.188976 
vn -0.700787 0 0.716535 
vn -0.984252 0 0.19685 
vn 0.700787 0 0.716535 
vn 0.984252 -0.0393701 0.188976 
vn 0.984252 0 0.19685 
vn -0.984252 -0.0393701 -0.188976 
vn -0.984252 0 -0.19685 
vn -0.700787 0 -0.716535 
vn -0.984252 0.0393701 -0.188976 
vn -0.984252 0 -0.19685 
vn 0.700787 0.141732 0.700787 
vn 0.700787 0 0.716535 
vn 0.984252 0.0393701 0.188976 
vn 0.700787 0 0.716535 
vn 0.984252 0 0.19685 
vn 0.984252 0.0393701 0.188976 
vn -0.984252 0.0393701 0.188976 
vn -0.700787 0 0.716535 
vn -0.700787 0.141732 0.700787 
vn -0.700787 0 0.716535 
vn -0.984252 0.0393701 0.188976 
vn -0.984252 0 0.19685 
vn 0.700787 0.275591 -0.661417 
vn 0.984252 0.0393701 -0.188976 
vn 0.700787 0.141732 -0.700787 
vn 0.700787 0 -0.716535 
vn -0.700787 0 -0.716535 
vn -0.984252 0.0393701 -0.188976 
vn -0.700787 0.141732 -0.700787 
vn -0.984252 0.0393701 -0.188976 
vn -0.700787 0.275591 -0.661417 
vn 0.700787 0.275591 0.661417 
vn 0.984252 0.0393701 0.188976 
vn 0.984252 0.0708661 0.181102 
vn 0.984252 0.0393701 0.188976 
vn 0.700787 0.275591 0.661417 
vn 0.700787 0.141732 0.700787 
vn 0.984252 0.0393701 -0.188976 
vn 0.700787 0.275591 -0.661417 
vn 0.984252 0.0708661 -0.181102 
vn -0.700787 0.275591 0.661417 
vn -0.984252 0.0393701 0.188976 
vn -0.700787 0.141732 0.700787 
vn -0.984252 0.0393701 0.188976 
vn -0.700787 0.275591 0.661417 
vn -0.984252 0.0708661 0.181102 
vn -0.700787 0.275591 -0.661417 
vn -0.984252 0.0393701 -0.188976 
vn -0.984252 0.0708661 -0.181102 
vn 0.700787 -0.661417 0.275591 
vn 0.204724 -0.96063 0.188976 
vn 0.700787 -0.700787 0.141732 
vn 0.204724 -0.96063 0.188976 
vn 0.204724 -0.976378 0 
vn -0.700787 -0.700787 0.141732 
vn -0.204724 -0.976378 0 
vn -0.204724 -0.96063 0.188976 
vn -0.204724 -0.96063 0.188976 
vn -0.700787 -0.661417 0.275591 
vn 0.700787 -0.661417 0.275591 
vn 0.204724 -0.905512 0.377953 
vn 0.204724 -0.96063 0.188976 
vn 0.700787 -0.590551 0.393701 
vn 0.204724 -0.905512 0.377953 
vn -0.700787 -0.661417 0.275591 
vn -0.204724 -0.96063 0.188976 
vn -0.204724 -0.905512 0.377953 
vn -0.204724 -0.905512 0.377953 
vn -0.700787 -0.590551 0.393701 
vn -0.204724 -0.96063 -0.188976 
vn -0.700787 -0.661417 -0.275591 
vn -0.204724 -0.905512 -0.377953 
vn -0.700787 -0.590551 -0.393701 
vn -0.204724 -0.905512 -0.377953 
vn 0.984252 0.0708661 0.181102 
vn 0.700787 0.393701 0.590551 
vn 0.700787 0.275591 0.661417 
vn 0.700787 0.393701 0.590551 
vn 0.984252 0.0708661 0.181102 
vn 0.984252 0.110236 0.15748 
vn 0.984252 0.0708661 -0.181102 
vn 0.700787 0.275591 -0.661417 
vn 0.700787 0.393701 -0.590551 
vn 0.984252 0.0708661 -0.181102 
vn 0.700787 0.393701 -0.590551 
vn 0.984252 0.110236 -0.15748 
vn -0.700787 0.393701 0.590551 
vn -0.984252 0.0708661 0.181102 
vn -0.700787 0.275591 0.661417 
vn -0.984252 0.0708661 -0.181102 
vn -0.700787 0.393701 -0.590551 
vn -0.700787 0.275591 -0.661417 
vn 0.700787 -0.590551 -0.393701 
vn 0.204724 -0.905512 -0.377953 
vn 0.204724 -0.811024 -0.543307 
vn -0.700787 -0.590551 0.393701 
vn -0.204724 -0.905512 0.377953 
vn -0.204724 -0.811024 0.543307 
vn -0.984252 0.0708661 0.181102 
vn -0.700787 0.393701 0.590551 
vn -0.984252 0.110236 0.15748 
vn -0.700787 0.503937 0.503937 
vn -0.700787 0.393701 0.590551 
vn -0.700787 0.393701 -0.590551 
vn -0.984252 0.0708661 -0.181102 
vn -0.984252 0.110236 -0.15748 
vn -0.700787 0.503937 -0.503937 
vn -0.700787 0.393701 -0.590551 
vn 0.984252 0.110236 0.15748 
vn 0.700787 0.503937 0.503937 
vn 0.700787 0.393701 0.590551 
vn 0.700787 0.393701 -0.590551 
vn 0.700787 0.503937 -0.503937 
vn 0.984252 0.110236 -0.15748 
vn -0.204724 -0.905512 -0.377953 
vn -0.700787 -0.590551 -0.393701 
vn -0.204724 -0.811024 -0.543307 
vn -0.700787 -0.503937 -0.503937 
vn -0.700787 -0.590551 -0.393701 
vn 0.700787 -0.503937 0.503937 
vn 0.204724 -0.811024 0.543307 
vn 0.700787 -0.590551 0.393701 
vn 0.700787 -0.590551 0.393701 
vn 0.204724 -0.905512 0.377953 
vn 0.700787 0.503937 -0.503937 
vn 0.984252 0.15748 -0.110236 
vn 0.984252 0.133858 -0.133858 
vn 0.984252 0.133858 -0.133858 
vn 0.984252 0.110236 -0.15748 
vn 0.700787 0.503937 0.503937 
vn 0.984252 0.110236 0.15748 
vn 0.984252 0.133858 0.133858 
vn 0.984252 0.15748 0.110236 
vn 0.984252 0.133858 0.133858 
vn -0.700787 0.590551 0.393701 
vn -0.984252 0.133858 0.133858 
vn -0.700787 0.503937 0.503937 
vn -0.984252 0.110236 0.15748 
vn -0.984252 0.133858 0.133858 
vn 0.984252 0.133858 -0.133858 
vn 0.984252 0.188976 -0.0393701 
vn 0.984252 0.110236 -0.15748 
vn 0.984252 0.181102 -0.0708661 
vn 0.984252 0.15748 -0.110236 
vn 0.984252 0.188976 0 
vn 0.984252 0.110236 -0.15748 
vn 0.984252 0.188976 0.0393701 
vn 0.984252 0 -0.19685 
vn 0.984252 0.0708661 -0.181102 
vn 0.984252 -0.0708661 -0.181102 
vn 0.984252 -0.0393701 -0.188976 
vn 0.984252 0.0708661 -0.181102 
vn 0.984252 0.0393701 -0.188976 
vn 0.984252 -0.0708661 -0.181102 
vn 0.984252 0.110236 0.15748 
vn 0.984252 0.133858 0.133858 
vn 0.984252 0.181102 0.0708661 
vn 0.984252 0.15748 0.110236 
vn 0.984252 -0.0708661 0.181102 
vn 0.984252 0.110236 0.15748 
vn 0.984252 0 0.19685 
vn 0.984252 0.0708661 0.181102 
vn 0.984252 -0.0393701 0.188976 
vn 0.984252 0.0708661 0.181102 
vn 0.984252 0.0393701 0.188976 
vn 0.984252 -0.133858 0.133858 
vn 0.984252 -0.110236 0.15748 
vn 0.984252 -0.133858 -0.133858 
vn 0.984252 -0.110236 -0.15748 
vn 0.984252 -0.181102 -0.0708661 
vn 0.984252 -0.15748 -0.110236 
vn 0.984252 -0.181102 0.0708661 
vn 0.984252 -0.15748 0.110236 
vn 0.984252 -0.188976 0 
vn 0.984252 -0.188976 -0.0393701 
vn 0.984252 -0.181102 0.0708661 
vn 0.984252 -0.188976 0.0393701 
vn -0.984252 -0.0708661 0.181102 
vn -0.984252 0 0.19685 
vn -0.984252 0.110236 0.15748 
vn -0.984252 -0.0393701 0.188976 
vn -0.984252 0.0708661 0.181102 
vn -0.984252 0.0393701 0.188976 
vn -0.984252 0.110236 0.15748 
vn -0.984252 0.188976 0 
vn -0.984252 0.188976 0 
vn -0.984252 0.188976 0.0393701 
vn -0.984252 0.133858 0.133858 
vn -0.984252 0.110236 -0.15748 
vn -0.984252 0.188976 -0.0393701 
vn -0.984252 0.181102 0.0708661 
vn -0.984252 0.15748 0.110236 
vn -0.984252 0.188976 0.0393701 
vn -0.984252 -0.0708661 -0.181102 
vn -0.984252 0.110236 -0.15748 
vn -0.984252 0.133858 -0.133858 
vn -0.984252 0.181102 -0.0708661 
vn -0.984252 0.188976 -0.0393701 
vn -0.984252 0.15748 -0.110236 
vn -0.984252 -0.133858 0.133858 
vn -0.984252 -0.110236 0.15748 
vn -0.984252 -0.133858 -0.133858 
vn -0.984252 -0.110236 -0.15748 
vn -0.984252 -0.181102 -0.0708661 
vn -0.984252 -0.15748 -0.110236 
vn -0.984252 -0.181102 0.0708661 
vn -0.984252 -0.15748 0.110236 
vn -0.984252 -0.188976 0 
vn -0.984252 -0.188976 -0.0393701 
vn -0.984252 -0.181102 -0.0708661 
vn -0.984252 -0.181102 0.0708661 
vn -0.984252 -0.188976 0.0393701 
vn -0.984252 0 -0.19685 
vn -0.984252 0.110236 -0.15748 
vn -0.984252 -0.0708661 -0.181102 
vn -0.984252 -0.0393701 -0.188976 
vn -0.984252 0.0708661 -0.181102 
vn -0.984252 0.0393701 -0.188976 
vn -0.984252 0.0708661 -0.181102 
vn -0.984252 0.110236 -0.15748 
vn -0.984252 0.133858 -0.133858 
vn -0.700787 0.590551 -0.393701 
vn -0.700787 0.503937 -0.503937 
vn 0.700787 0.590551 -0.393701 
vn 0.700787 0.661417 -0.275591 
vn 0.984252 0.15748 -0.110236 
vn 0.700787 0.503937 -0.503937 
vn 0.700787 0.503937 0.503937 
vn 0.984252 0.15748 0.110236 
vn 0.700787 0.590551 0.393701 
vn 0.700787 0.661417 0.275591 
vn 0.204724 -0.811024 -0.543307 
vn 0.700787 -0.503937 -0.503937 
vn 0.700787 -0.590551 -0.393701 
vn -0.984252 0.133858 0.133858 
vn -0.700787 0.590551 0.393701 
vn -0.984252 0.15748 0.110236 
vn -0.700787 0.661417 0.275591 
vn -0.204724 -0.811024 0.543307 
vn -0.700787 -0.503937 0.503937 
vn -0.700787 -0.590551 0.393701 
vn -0.700787 0.661417 -0.275591 
vn -0.700787 0.590551 -0.393701 
vn -0.984252 0.15748 -0.110236 
vn 0.984252 0.181102 0.0708661 
vn 0.700787 0.700787 0.141732 
vn 0.700787 0.661417 0.275591 
vn 0.700787 0.661417 0.275591 
vn 0.984252 0.15748 0.110236 
vn 0.984252 0.181102 -0.0708661 
vn 0.984252 0.15748 -0.110236 
vn 0.700787 0.661417 -0.275591 
vn 0.700787 0.700787 -0.141732 
vn 0.984252 0.181102 -0.0708661 
vn -0.984252 0.188976 -0.0393701 
vn -0.700787 0.661417 -0.275591 
vn -0.984252 0.181102 -0.0708661 
vn -0.984252 0.15748 -0.110236 
vn -0.984252 0.15748 0.110236 
vn -0.700787 0.661417 0.275591 
vn -0.984252 0.181102 0.0708661 
vn -0.984252 0.188976 0.0393701 
vn -0.984252 0.181102 0.0708661 
vn -0.700787 0.661417 -0.275591 
vn -0.984252 0.188976 -0.0393701 
vn -0.700787 0.700787 -0.141732 
vn -0.700787 0.661417 0.275591 
vn -0.700787 0.700787 0.141732 
vn -0.984252 0.188976 0.0393701 
vn 0.984252 0.188976 -0.0393701 
vn 0.984252 0.181102 -0.0708661 
vn 0.700787 0.700787 -0.141732 
vn 0.984252 0.19685 0 
vn 0.984252 0.188976 -0.0393701 
vn 0.700787 -0.503937 -0.503937 
vn 0.204724 -0.811024 -0.543307 
vn 0.204724 -0.692913 -0.692913 
vn 0.204724 -0.692913 -0.692913 
vn 0.204724 -0.543307 -0.811024 
vn 0.700787 -0.503937 0.503937 
vn 0.204724 -0.692913 0.692913 
vn 0.204724 -0.811024 0.543307 
vn 0.204724 -0.543307 0.811024 
vn 0.204724 -0.692913 0.692913 
vn -0.204724 -0.811024 -0.543307 
vn -0.700787 -0.503937 -0.503937 
vn -0.204724 -0.692913 -0.692913 
vn -0.204724 -0.543307 -0.811024 
vn -0.204724 -0.692913 -0.692913 
vn -0.204724 -0.543307 0.811024 
vn -0.700787 -0.503937 0.503937 
vn -0.204724 -0.692913 0.692913 
vn -0.204724 -0.811024 0.543307 
vn 0.984252 -0.188976 0.0393701 
vn 0.700787 -0.708661 0 
vn 0.984252 -0.188976 0 
vn 0.700787 -0.700787 -0.141732 
vn 0.700787 -0.700787 0.141732 
vn 0.204724 -0.976378 0 
vn 0.204724 -0.976378 0 
vn 0.700787 -0.700787 -0.141732 
vn 0.204724 -0.96063 0.188976 
vn 0 -1 0 
vn 0.204724 -0.96063 -0.188976 
vn -0.204724 -0.96063 -0.188976 
vn -0.204724 -0.976378 0 
vn -0.204724 -0.96063 0.188976 
vn 0 -0.984252 0.19685 
vn 0.700787 -0.393701 -0.590551 
vn 0.204724 -0.543307 -0.811024 
vn 0.204724 -0.377953 -0.905512 
vn 0.700787 -0.503937 -0.503937 
vn -0.204724 -0.543307 -0.811024 
vn -0.700787 -0.503937 -0.503937 
vn -0.700787 -0.393701 -0.590551 
vn -0.204724 -0.377953 -0.905512 
vn -0.204724 -0.543307 -0.811024 
vn -0.204724 -0.377953 0.905512 
vn -0.700787 -0.393701 0.590551 
vn -0.204724 -0.543307 0.811024 
vn -0.700787 -0.503937 0.503937 
vn -0.204724 -0.543307 0.811024 
vn 0.204724 -0.543307 0.811024 
vn 0.700787 -0.503937 0.503937 
vn 0.700787 -0.393701 0.590551 
vn 0.204724 -0.377953 0.905512 
vn 0.700787 -0.393701 -0.590551 
vn 0.204724 -0.377953 -0.905512 
vn 0.700787 -0.275591 -0.661417 
vn -0.204724 -0.377953 -0.905512 
vn -0.700787 -0.393701 -0.590551 
vn -0.700787 -0.275591 -0.661417 
vn -0.204724 -0.188976 -0.96063 
vn -0.204724 -0.377953 -0.905512 
vn -0.700787 -0.393701 0.590551 
vn -0.204724 -0.377953 0.905512 
vn -0.700787 -0.275591 0.661417 
vn -0.204724 -0.188976 0.96063 
vn -0.204724 -0.377953 0.905512 
vn 0.700787 -0.275591 0.661417 
vn 0.204724 -0.188976 0.96063 
vn 0.204724 -0.377953 0.905512 
vn 0.204724 -0.377953 0.905512 
vn 0.700787 -0.393701 0.590551 
vn 0.700787 -0.275591 -0.661417 
vn 0.204724 -0.377953 -0.905512 
vn 0.204724 -0.188976 -0.96063 
vn -0.204724 -0.188976 -0.96063 
vn -0.700787 -0.275591 -0.661417 
vn -0.700787 -0.141732 -0.700787 
vn -0.700787 -0.275591 0.661417 
vn -0.204724 -0.188976 0.96063 
vn -0.700787 -0.141732 0.700787 
vn 0.204724 -0.188976 0.96063 
vn 0.700787 -0.275591 0.661417 
vn 0.700787 -0.141732 0.700787 
vn -0.771654 0.637795 0 
vn -0.771654 0.637795 0 
vn -0.629921 0.771654 0 
vn -0.88189 0.480315 0 
vn -0.88189 0.480315 0 
vn -0.96063 0.275591 0 
vn -0.96063 0.275591 0 
vn -1 0.0787402 0 
vn -1 0.0787402 0 
vn -1 0 0 
vn -1 0 0 
vn -0.96063 0.275591 0 
vn -1 0.0787402 0 
vn -1 0 0 
vn -1 0.0787402 0 
vn -1 0 0 
vn -1 0.0787402 0 
vn -1 0 0 
vn -0.96063 0.275591 0 
vn -0.96063 0.275591 0 
vn -0.88189 0.480315 0 
vn 0.204724 -0.188976 -0.96063 
vn 0.204724 0 -0.976378 
vn 0.700787 -0.141732 -0.700787 
vn 0.700787 -0.275591 -0.661417 
vn 0.700787 -0.141732 -0.700787 
vn -0.700787 0.503937 -0.503937 
vn -0.984252 0.110236 -0.15748 
vn -0.984252 0.133858 -0.133858 
vn -0.204724 0.811024 -0.543307 
vn -0.204724 0.692913 -0.692913 
vn 0.88189 0.480315 0 
vn 0.96063 0.275591 0 
vn 0.96063 0.275591 0 
vn 0.88189 0.480315 0 
vn 0.96063 0.275591 0 
vn 0.88189 0.480315 0 
vn 0.771654 0.637795 0 
vn 0.771654 0.637795 0 
vn 0.645669 0.76378 0 
vn 0.637795 0.771654 0 
vn 0.771654 0.637795 0 
vn 0.629921 0.771654 0 
vn 0.771654 0.637795 0 
vn -0.700787 -0.141732 -0.700787 
vn -0.204724 0 -0.976378 
vn -0.204724 -0.188976 -0.96063 
vn -0.204724 0 0.976378 
vn -0.700787 -0.141732 0.700787 
vn -0.204724 -0.188976 0.96063 
vn -0.700787 -0.141732 0.700787 
vn -0.204724 0 0.976378 
vn -0.700787 0 0.716535 
vn 0.204724 0 0.976378 
vn 0.700787 -0.141732 0.700787 
vn 0.700787 0 0.716535 
vn 0.700787 -0.141732 0.700787 
vn 0.204724 0 0.976378 
vn 0.204724 -0.188976 0.96063 
vn 0.700787 0.708661 0 
vn 0.700787 0.700787 -0.141732 
vn 0.204724 0.976378 0 
vn 0.700787 0.700787 0.141732 
vn 0.700787 0.700787 0.141732 
vn 0.984252 0.19685 0 
vn 0.700787 0.700787 -0.141732 
vn -0.700787 0.700787 -0.141732 
vn -0.700787 0.708661 0 
vn -0.204724 0.976378 0 
vn -0.700787 0.700787 0.141732 
vn -0.700787 0.700787 0.141732 
vn -0.984252 0.188976 0 
vn -0.700787 0.700787 -0.141732 
vn 0.204724 0.96063 0.188976 
vn 0.700787 0.661417 0.275591 
vn 0.700787 0.700787 0.141732 
vn 0.204724 0.976378 0 
vn 0.984252 0.19685 0 
vn 0.984252 0.188976 0.0393701 
vn 0.984252 0.181102 0.0708661 
vn 0.984252 0.188976 0.0393701 
vn -0.204724 0 -0.976378 
vn -0.700787 -0.141732 -0.700787 
vn -0.700787 0 -0.716535 
vn -0.700787 0.141732 -0.700787 
vn 0.204724 0.188976 0.96063 
vn 0.204724 0 0.976378 
vn 0.700787 0.141732 0.700787 
vn 0.700787 0.141732 0.700787 
vn 0.204724 0 0.976378 
vn 0.700787 0 0.716535 
vn -0.700787 0.141732 0.700787 
vn -0.204724 0 0.976378 
vn -0.204724 0.188976 0.96063 
vn -0.204724 0 0.976378 
vn -0.700787 0.141732 0.700787 
vn -0.700787 0 0.716535 
vn 0 -0.92126 -0.385827 
vn 0 -0.834646 -0.559055 
vn 0.204724 -0.811024 -0.543307 
vn 0.204724 -0.692913 -0.692913 
vn 0.700787 0.141732 -0.700787 
vn 0.204724 0 -0.976378 
vn 0.204724 0.188976 -0.96063 
vn 0.700787 0.275591 -0.661417 
vn -0.204724 0 -0.976378 
vn -0.700787 0.141732 -0.700787 
vn -0.204724 0.188976 -0.96063 
vn -0.700787 0.275591 -0.661417 
vn -0.204724 0.188976 -0.96063 
vn -0.700787 0.590551 -0.393701 
vn -0.204724 0.811024 -0.543307 
vn -0.700787 0.503937 -0.503937 
vn -0.204724 0.905512 -0.377953 
vn -0.700787 0.590551 -0.393701 
vn -0.984252 0.133858 -0.133858 
vn -0.984252 0.15748 -0.110236 
vn 0 -0.92126 0.385827 
vn 0.204724 -0.811024 0.543307 
vn 0 -0.834646 0.559055 
vn 0.204724 -0.692913 0.692913 
vn 0.259843 0.968504 0 
vn 0.267717 0.96063 0.015748 
vn 0.212598 0.976378 0 
vn 0.15748 0.984252 0.0314961 
vn 0.173228 0.984252 -0.0393701 
vn 0.267717 0.96063 -0.015748 
vn 0.346457 0.937008 0 
vn 0.23622 0.968504 -0.0393701 
vn 0.354331 0.937008 0 
vn 0.346457 0.937008 0 
vn 0.354331 0.937008 0 
vn 0.433071 0.905512 0 
vn 0.354331 0.937008 0 
vn 0.354331 0.937008 0 
vn 0.346457 0.937008 0 
vn 0.354331 0.937008 0 
vn 0.456693 0.889764 0 
vn 0.464567 0.88189 0 
vn 0.448819 0.889764 0 
vn 0.543307 0.84252 0.00787402 
vn 0.543307 0.84252 0.00787402 
vn 0.629921 0.771654 0 
vn 0.543307 0.84252 0.00787402 
vn 0.637795 0.771654 0 
vn 0.456693 0.889764 0 
vn 0.629921 0.771654 0 
vn 0.637795 0.771654 0 
vn 0.543307 0.84252 0.00787402 
vn 0.645669 0.76378 0 
vn 0.440945 0.897638 0 
vn 0.543307 0.84252 0.00787402 
vn 0.653543 0.755906 0 
vn 0.645669 0.76378 0 
vn 0.653543 0.755906 0 
vn 0.661417 0.748031 0 
vn 0.771654 0.637795 0 
vn 0.653543 0.755906 0 
vn 0.645669 0.76378 0 
vn 0.88189 0.480315 0 
vn 0.88189 0.480315 0 
vn 0.96063 0.275591 0 
vn 0.96063 0.275591 0 
vn 1 0.0787402 0 
vn 1 0.0787402 0 
vn 1 0 0 
vn 1 0 0 
vn 1 0.0787402 0 
vn 1 0 0 
vn 1 0 0 
vn 1 0.0787402 0 
vn 1 0.0787402 0 
vn 1 0 0 
vn -0.204724 -0.905512 0.377953 
vn -0.204724 -0.96063 0.188976 
vn 0 -0.984252 -0.19685 
vn 0.204724 -0.96063 -0.188976 
vn 0.204724 -0.905512 -0.377953 
vn 0.204724 -0.96063 0.188976 
vn 0 -0.984252 0.19685 
vn 0.204724 -0.905512 0.377953 
vn 0 -0.92126 0.385827 
vn 0.204724 -0.811024 0.543307 
vn -0.204724 -0.905512 0.377953 
vn 0 -0.92126 0.385827 
vn -0.204724 -0.811024 0.543307 
vn 0 -0.92126 0.385827 
vn 0 -0.834646 0.559055 
vn -0.204724 -0.692913 0.692913 
vn -0.204724 -0.811024 0.543307 
vn -0.204724 -0.96063 -0.188976 
vn 0 -0.984252 -0.19685 
vn -0.204724 -0.905512 -0.377953 
vn 0 -0.92126 -0.385827 
vn -0.204724 -0.811024 -0.543307 
vn 0 -0.92126 -0.385827 
vn 0.204724 -0.905512 -0.377953 
vn 0.204724 -0.811024 -0.543307 
vn 0 -1 0 
vn -0.204724 -0.96063 -0.188976 
vn 0 -0.984252 -0.19685 
vn -0.204724 -0.905512 -0.377953 
vn 0.204724 -0.96063 0.188976 
vn 0 -0.984252 0.19685 
vn 0.204724 -0.905512 0.377953 
vn 0.204724 -0.905512 0.377953 
vn 0 -0.92126 0.385827 
vn 0.204724 -0.811024 0.543307 
vn -0.204724 -0.905512 -0.377953 
vn 0 -0.92126 -0.385827 
vn -0.204724 -0.811024 -0.543307 
vn -0.204724 -0.811024 -0.543307 
vn 0 -0.834646 -0.559055 
vn -0.204724 -0.692913 -0.692913 
vn -0.204724 -0.96063 0.188976 
vn 0 -1 0 
vn 0 -0.984252 0.19685 
vn -0.204724 -0.905512 0.377953 
vn -0.204724 -0.905512 0.377953 
vn 0 -0.92126 0.385827 
vn -0.204724 -0.811024 0.543307 
vn 0 -0.834646 0.559055 
vn -0.204724 -0.692913 0.692913 
vn -0.204724 -0.692913 0.692913 
vn 0 -0.708661 0.708661 
vn -0.204724 -0.96063 0.188976 
vn -0.204724 -0.976378 0 
vn -0.204724 -0.96063 -0.188976 
vn 0.204724 -0.96063 0.188976 
vn 0.204724 -0.976378 0 
vn 0.204724 -0.96063 -0.188976 
vn 0 -0.984252 -0.19685 
vn 0.204724 -0.96063 -0.188976 
vn 0.204724 -0.905512 -0.377953 
vn 0 -0.92126 -0.385827 
vn 0.204724 -0.905512 -0.377953 
vn 0.204724 -0.811024 -0.543307 
vn 0 -0.834646 -0.559055 
vn 0.204724 -0.692913 -0.692913 
vn 0 -0.834646 0.559055 
vn 0.204724 -0.692913 0.692913 
vn 0 -0.708661 0.708661 
vn -0.204724 0.188976 0.96063 
vn -0.700787 0.275591 0.661417 
vn -0.700787 0.141732 0.700787 
vn 0.700787 0.275591 0.661417 
vn 0.204724 0.188976 0.96063 
vn 0.700787 0.141732 0.700787 
vn -0.700787 0.700787 -0.141732 
vn -0.204724 0.96063 -0.188976 
vn -0.700787 0.661417 -0.275591 
vn -0.204724 0.976378 0 
vn -0.984252 0.188976 0 
vn -0.984252 0.188976 -0.0393701 
vn -0.88189 0.480315 0 
vn -0.88189 0.480315 0 
vn -0.771654 0.637795 0 
vn -0.771654 0.637795 0 
vn -0.771654 0.637795 0 
vn -0.637795 0.771654 0 
vn -0.629921 0.771654 0 
vn -0.645669 0.76378 0 
vn -0.653543 0.755906 0 
vn -0.645669 0.76378 0 
vn -0.661417 0.748031 0 
vn -0.543307 0.84252 0.00787402 
vn -0.543307 0.84252 0.00787402 
vn -0.440945 0.897638 0 
vn -0.433071 0.905512 0 
vn -0.354331 0.937008 0 
vn -0.354331 0.937008 0 
vn -0.267717 0.96063 0.015748 
vn -0.338583 0.937008 0 
vn -0.354331 0.937008 0 
vn -0.228346 0.968504 0.0393701 
vn -0.338583 0.937008 0 
vn -0.448819 0.889764 0 
vn -0.543307 0.84252 0.00787402 
vn -0.645669 0.76378 0 
vn -0.464567 0.889764 0 
vn -0.259843 0.968504 0 
vn -0.212598 0.976378 0 
vn -0.173228 0.984252 0.0393701 
vn -0.267717 0.96063 -0.015748 
vn -0.15748 0.984252 -0.0314961 
vn -0.354331 0.937008 0 
vn -0.338583 0.937008 0 
vn -0.354331 0.937008 0 
vn -0.464567 0.88189 0 
vn -0.543307 0.84252 0.00787402 
vn -0.543307 0.84252 0.00787402 
vn -0.637795 0.771654 0 
vn -0.629921 0.771654 0 
vn -0.204724 0.976378 0 
vn -0.700787 0.700787 0.141732 
vn -0.204724 0.96063 0.188976 
vn -0.700787 0.661417 0.275591 
vn -0.984252 0.188976 0 
vn -0.984252 0.188976 0.0393701 
vn 0 -0.834646 -0.559055 
vn 0 -0.708661 -0.708661 
vn 0.204724 -0.692913 -0.692913 
vn -0.204724 -0.692913 -0.692913 
vn 0 -0.708661 -0.708661 
vn 0 -0.834646 -0.559055 
vn 0 -0.708661 -0.708661 
vn 0.204724 -0.692913 -0.692913 
vn -0.204724 -0.692913 -0.692913 
vn 0 -0.708661 -0.708661 
vn 0.700787 0.275591 -0.661417 
vn 0.204724 0.188976 -0.96063 
vn 0.204724 0.377953 -0.905512 
vn 0.700787 0.393701 -0.590551 
vn -0.700787 0.393701 -0.590551 
vn -0.204724 0.377953 -0.905512 
vn -0.700787 0.275591 -0.661417 
vn -0.204724 0.188976 -0.96063 
vn -0.204724 0.377953 0.905512 
vn -0.700787 0.393701 0.590551 
vn -0.700787 0.275591 0.661417 
vn -0.204724 0.188976 0.96063 
vn 0.700787 0.393701 0.590551 
vn 0.204724 0.377953 0.905512 
vn 0.700787 0.275591 0.661417 
vn 0.204724 0.188976 0.96063 
vn 0 -0.92126 0.385827 
vn 0.204724 -0.811024 0.543307 
vn 0 -0.834646 0.559055 
vn 0.204724 -0.692913 0.692913 
vn 0 -0.92126 -0.385827 
vn -0.204724 -0.811024 -0.543307 
vn 0 -0.834646 -0.559055 
vn -0.204724 -0.692913 -0.692913 
vn 0 -0.559055 -0.834646 
vn 0.204724 -0.692913 -0.692913 
vn 0 -0.708661 -0.708661 
vn 0 -0.559055 0.834646 
vn 0 -0.708661 0.708661 
vn 0.204724 -0.692913 0.692913 
vn -0.204724 -0.692913 0.692913 
vn 0 -0.834646 0.559055 
vn 0 -0.708661 0.708661 
vn 0 -0.834646 0.559055 
vn 0.204724 -0.692913 0.692913 
vn 0 -0.708661 0.708661 
vn -0.204724 -0.692913 -0.692913 
vn 0 -0.559055 -0.834646 
vn 0 -0.708661 -0.708661 
vn -0.204724 -0.543307 -0.811024 
vn 0 -0.385827 -0.92126 
vn -0.204724 -0.692913 -0.692913 
vn -0.204724 0.377953 -0.905512 
vn -0.700787 0.393701 -0.590551 
vn -0.204724 0.543307 -0.811024 
vn -0.700787 0.393701 0.590551 
vn -0.204724 0.377953 0.905512 
vn -0.204724 0.543307 0.811024 
vn 0.700787 0.393701 0.590551 
vn 0.204724 0.543307 0.811024 
vn 0.204724 0.377953 0.905512 
vn 0.204724 -0.692913 -0.692913 
vn 0 -0.559055 -0.834646 
vn 0.204724 -0.543307 -0.811024 
vn 0 -0.385827 -0.92126 
vn -0.204724 -0.377953 0.905512 
vn -0.204724 -0.543307 0.811024 
vn 0 -0.385827 0.92126 
vn 0 -0.559055 0.834646 
vn -0.204724 -0.692913 0.692913 
vn -0.204724 -0.692913 0.692913 
vn 0 -0.708661 0.708661 
vn 0.23622 0.968504 0.0393701 
vn 0.267717 0.96063 0.015748 
vn 0.346457 0.937008 0 
vn -0.338583 0.937008 0 
vn -0.228346 0.968504 -0.0393701 
vn -0.267717 0.96063 -0.015748 
vn 0.700787 0.393701 -0.590551 
vn 0.204724 0.377953 -0.905512 
vn 0.204724 0.543307 -0.811024 
vn 0.700787 0.503937 -0.503937 
vn 0 -0.559055 -0.834646 
vn 0.204724 -0.692913 -0.692913 
vn 0 -0.708661 -0.708661 
vn 0.700787 0.503937 0.503937 
vn 0.204724 0.543307 0.811024 
vn 0.700787 0.393701 0.590551 
vn -0.700787 0.503937 -0.503937 
vn -0.204724 0.543307 -0.811024 
vn -0.700787 0.393701 -0.590551 
vn -0.204724 0.543307 -0.811024 
vn -0.700787 0.503937 -0.503937 
vn -0.204724 0.692913 -0.692913 
vn -0.204724 0.543307 0.811024 
vn -0.700787 0.503937 0.503937 
vn -0.700787 0.393701 0.590551 
vn 0 -0.385827 -0.92126 
vn -0.204724 -0.543307 -0.811024 
vn -0.204724 -0.377953 -0.905512 
vn 0 -0.19685 -0.984252 
vn 0 -0.385827 -0.92126 
vn 0.204724 -0.543307 -0.811024 
vn 0 -0.385827 -0.92126 
vn 0.204724 -0.377953 -0.905512 
vn 0 -0.19685 -0.984252 
vn 0 -0.385827 -0.92126 
vn 0.204724 -0.692913 -0.692913 
vn 0 -0.559055 -0.834646 
vn 0.204724 -0.543307 -0.811024 
vn 0 -0.385827 -0.92126 
vn 0.204724 -0.188976 -0.96063 
vn 0 0 -1 
vn 0.204724 0 -0.976378 
vn 0.204724 0.188976 -0.96063 
vn -0.204724 0.188976 -0.96063 
vn -0.204724 0 -0.976378 
vn -0.204724 -0.188976 -0.96063 
vn -0.700787 0.141732 -0.700787 
vn -0.700787 0 -0.716535 
vn -0.700787 -0.141732 -0.700787 
vn 0.700787 0.141732 -0.700787 
vn 0.700787 0 -0.716535 
vn 0.700787 -0.141732 -0.700787 
vn 0.984252 0.0393701 -0.188976 
vn 0.984252 0 -0.19685 
vn 0.984252 -0.0393701 -0.188976 
vn 0.204724 -0.543307 0.811024 
vn 0 -0.559055 0.834646 
vn 0.204724 -0.692913 0.692913 
vn 0 -0.385827 0.92126 
vn 0.204724 -0.377953 0.905512 
vn 0.204724 -0.543307 0.811024 
vn 0 -0.19685 0.984252 
vn 0 -0.385827 0.92126 
vn 0.204724 -0.188976 0.96063 
vn 0 0 1 
vn 0.204724 0.811024 -0.543307 
vn 0.700787 0.503937 -0.503937 
vn 0.204724 0.692913 -0.692913 
vn 0.204724 0.543307 -0.811024 
vn 0.204724 0.692913 -0.692913 
vn 0.700787 0.503937 0.503937 
vn 0.204724 0.811024 0.543307 
vn 0.204724 0.692913 0.692913 
vn 0.204724 0.543307 0.811024 
vn -0.204724 0.811024 0.543307 
vn -0.700787 0.503937 0.503937 
vn -0.204724 0.692913 0.692913 
vn -0.204724 0.543307 0.811024 
vn -0.204724 0.692913 0.692913 
vn -0.204724 -0.692913 -0.692913 
vn 0 -0.559055 -0.834646 
vn 0 -0.708661 -0.708661 
vn -0.204724 -0.543307 -0.811024 
vn 0 -0.385827 -0.92126 
vn -0.204724 -0.377953 -0.905512 
vn 0 -0.19685 -0.984252 
vn 0 -0.385827 -0.92126 
vn 0.204724 0.811024 0.543307 
vn 0.700787 0.503937 0.503937 
vn 0.700787 0.590551 0.393701 
vn 0 -0.19685 0.984252 
vn -0.204724 -0.377953 0.905512 
vn 0 -0.385827 0.92126 
vn 0.23622 0.968504 -0.0393701 
vn 0.267717 0.96063 -0.015748 
vn 0.173228 0.984252 -0.0393701 
vn 0.0551181 1 -0.0314961 
vn -0.228346 0.968504 0.0393701 
vn -0.267717 0.96063 0.015748 
vn -0.173228 0.984252 0.0393701 
vn -0.0787402 1 0.0472441 
vn -0.228346 0.968504 0.0393701 
vn 0.0787402 1 0.0472441 
vn 0.15748 0.984252 0.0314961 
vn 0.23622 0.968504 0.0393701 
vn 0.267717 0.96063 0.015748 
vn 0.23622 0.968504 0.0393701 
vn -0.228346 0.968504 -0.0393701 
vn -0.15748 0.984252 -0.0314961 
vn -0.267717 0.96063 -0.015748 
vn -0.0787402 1 -0.0472441 
vn -0.0708661 1 -0.023622 
vn -0.110236 0.992126 0 
vn -0.15748 0.984252 -0.0314961 
vn -0.110236 0.992126 -0.00787402 
vn 0.110236 0.992126 0.00787402 
vn 0.110236 0.992126 0 
vn 0.15748 0.984252 0.0314961 
vn 0.0708661 1 0.023622 
vn 0.700787 0.590551 -0.393701 
vn 0.700787 0.503937 -0.503937 
vn 0.204724 0.811024 -0.543307 
vn 0.204724 0.905512 -0.377953 
vn -0.700787 0.503937 0.503937 
vn -0.204724 0.811024 0.543307 
vn -0.700787 0.590551 0.393701 
vn -0.204724 0.905512 0.377953 
vn 0 -0.559055 0.834646 
vn -0.204724 -0.692913 0.692913 
vn 0 -0.708661 0.708661 
vn -0.204724 -0.543307 0.811024 
vn 0 -0.559055 0.834646 
vn 0 -0.385827 0.92126 
vn -0.204724 -0.377953 0.905512 
vn 0 -0.385827 0.92126 
vn 0 -0.19685 0.984252 
vn 0 -0.385827 0.92126 
vn 0 0 1 
vn -0.204724 -0.188976 0.96063 
vn -0.0787402 1 0.0472441 
vn -0.173228 0.984252 0.0393701 
vn -0.0708661 1 0.0393701 
vn 0 -0.385827 0.92126 
vn 0 -0.559055 0.834646 
vn 0.204724 -0.543307 0.811024 
vn 0.204724 -0.692913 0.692913 
vn 0 -0.708661 0.708661 
vn 0.204724 -0.377953 0.905512 
vn 0.204724 -0.543307 0.811024 
vn 0 -0.19685 0.984252 
vn 0 -0.385827 0.92126 
vn 0.204724 -0.188976 0.96063 
vn 0 -0.19685 0.984252 
vn 0 0 1 
vn 0 1 -0.015748 
vn -0.023622 1 -0.00787402 
vn -0.0708661 1 -0.023622 
vn -0.0393701 1 0 
vn 0 1 -0.015748 
vn 0.0551181 1 -0.0314961 
vn 0.00787402 1 0.023622 
vn 0.0708661 1 0.023622 
vn 0.204724 -0.543307 -0.811024 
vn 0 -0.385827 -0.92126 
vn 0.204724 -0.377953 -0.905512 
vn 0 -0.19685 -0.984252 
vn 0 -0.385827 -0.92126 
vn 0 1 -0.015748 
vn 0.0787402 1 -0.0472441 
vn 0.0551181 1 -0.0314961 
vn 0.23622 0.968504 -0.0393701 
vn -0.204724 -0.188976 0.96063 
vn -0.204724 -0.377953 0.905512 
vn 0 -0.19685 0.984252 
vn 0 0 1 
vn 0 1 0.0393701 
vn 0.0708661 1 0.023622 
vn 0.0787402 1 0.0472441 
vn 0.15748 0.984252 0.0314961 
vn -0.0708661 1 -0.023622 
vn -0.15748 0.984252 -0.0314961 
vn -0.0787402 1 -0.0472441 
vn 0 1 -0.0393701 
vn 0.700787 0.590551 0.393701 
vn 0.204724 0.905512 0.377953 
vn 0.204724 0.811024 0.543307 
vn -0.0708661 1 0.0393701 
vn 0 1 0.0393701 
vn -0.0787402 1 0.0472441 
vn -0.448819 0.700787 0.551181 
vn -0.448819 0.700787 0.551181 
vn -0.448819 0.700787 0.551181 
vn -0.448819 0.700787 0.551181 
vn -0.448819 0.700787 0.551181 
vn -0.448819 0.700787 0.551181 
vn 0.448819 0.700787 0.551181 
vn 0.448819 0.700787 0.551181 
vn 0.448819 0.700787 0.551181 
vn 0.448819 0.700787 0.551181 
vn 0.448819 0.700787 0.551181 
vn 0.448819 0.700787 0.551181 
vn 0 1 0.0393701 
vn -0.0708661 1 0.0393701 
vn 0.00787402 1 0.023622 
vn 0.0708661 1 0.023622 
vn 0 1 -0.015748 
vn -0.0708661 1 -0.023622 
vn 0 1 -0.0393701 
vn 0.0787402 1 -0.0472441 
vn 0.204724 0.96063 -0.188976 
vn 0.700787 0.661417 -0.275591 
vn 0.204724 0.905512 -0.377953 
vn 0.700787 0.590551 -0.393701 
vn 0.204724 0.905512 -0.377953 
vn 0.700787 0.661417 0.275591 
vn 0.204724 0.96063 0.188976 
vn 0.204724 0.905512 0.377953 
vn 0.204724 0.905512 0.377953 
vn 0.700787 0.590551 0.393701 
vn -0.204724 0.96063 0.188976 
vn -0.700787 0.661417 0.275591 
vn -0.204724 0.905512 0.377953 
vn -0.700787 0.590551 0.393701 
vn -0.204724 0.905512 0.377953 
vn -0.204724 0.96063 -0.188976 
vn -0.204724 0.905512 -0.377953 
vn -0.700787 0.661417 -0.275591 
vn -0.204724 0.905512 -0.377953 
vn -0.700787 0.590551 -0.393701 
vn -0.338583 0.102362 0.937008 
vn -0.354331 0.0314961 0.937008 
vn -0.338583 0.0866142 0.937008 
vn 0.354331 0.0314961 0.937008 
vn 0.338583 0.102362 0.937008 
vn 0.338583 0.0866142 0.937008 
vn -0.204724 -0.188976 0.96063 
vn -0.204724 -0.377953 0.905512 
vn 0 -0.19685 0.984252 
vn 0.700787 0.700787 -0.141732 
vn 0.700787 0.661417 -0.275591 
vn 0.204724 0.96063 -0.188976 
vn 0.204724 0.976378 0 
vn -0.204724 -0.188976 0.96063 
vn 0 0 1 
vn -0.204724 0 0.976378 
vn 0.204724 0 0.976378 
vn 0 0 1 
vn 0.204724 -0.188976 0.96063 
vn -0.322835 0.708661 0.629921 
vn -0.322835 0.708661 0.629921 
vn -0.322835 0.708661 0.629921 
vn -0.322835 0.708661 0.629921 
vn 0.322835 0.708661 0.629921 
vn 0.322835 0.708661 0.629921 
vn 0.322835 0.708661 0.629921 
vn 0.322835 0.708661 0.629921 
vn 0.307087 0.165354 0.937008 
vn 0.338583 0.0866142 0.937008 
vn 0.338583 0.102362 0.937008 
vn 0.307087 0.165354 0.937008 
vn 0.338583 0.102362 0.937008 
vn 0.307087 0.165354 0.937008 
vn -0.307087 0.165354 0.937008 
vn -0.338583 0.102362 0.937008 
vn -0.307087 0.165354 0.937008 
vn -0.338583 0.0866142 0.937008 
vn -0.307087 0.165354 0.937008 
vn -0.338583 0.102362 0.937008 
vn -0.338583 0.0866142 0.937008 
vn -0.354331 0.0314961 0.937008 
vn -0.354331 0.023622 0.937008 
vn 0.338583 0.0866142 0.937008 
vn 0.354331 0.023622 0.937008 
vn 0.354331 0.0314961 0.937008 
vn -0.354331 0.0314961 0.937008 
vn -0.346457 0 0.937008 
vn -0.354331 0.023622 0.937008 
vn -0.354331 0.023622 0.937008 
vn -0.346457 0 0.937008 
vn -0.346457 0 0.937008 
vn 0.354331 0.023622 0.937008 
vn 0.346457 0 0.937008 
vn 0.354331 0.0314961 0.937008 
vn 0.346457 0 0.937008 
vn 0.354331 0.023622 0.937008 
vn 0.346457 0 0.937008 
vn -0.267717 0.220472 0.937008 
vn -0.267717 0.220472 0.937008 
vn -0.307087 0.165354 0.937008 
vn 0.267717 0.220472 0.937008 
vn 0.307087 0.165354 0.937008 
vn 0.267717 0.220472 0.937008 
vn -0.307087 0.165354 0.937008 
vn -0.267717 0.220472 0.937008 
vn -0.307087 0.165354 0.937008 
vn 0.307087 0.165354 0.937008 
vn 0.267717 0.220472 0.937008 
vn 0.307087 0.165354 0.937008 
vn -0.267717 0.220472 0.937008 
vn -0.212598 0.267717 0.937008 
vn -0.267717 0.220472 0.937008 
vn 0.267717 0.220472 0.937008 
vn 0.212598 0.267717 0.937008 
vn 0.267717 0.220472 0.937008 
vn 0.212598 0.267717 0.937008 
vn 0.267717 0.220472 0.937008 
vn 0.220472 0.267717 0.937008 
vn 0.023622 0.732283 -0.685039 
vn 0.023622 0.732283 -0.685039 
vn 0.023622 0.732283 -0.685039 
vn 0.023622 0.732283 -0.685039 
vn -0.023622 0.732283 -0.685039 
vn -0.023622 0.732283 -0.685039 
vn -0.023622 0.732283 -0.685039 
vn -0.023622 0.732283 -0.685039 
vn -0.212598 0.267717 0.937008 
vn -0.220472 0.267717 0.937008 
vn -0.267717 0.220472 0.937008 
vn -0.188976 0.291339 0.937008 
vn -0.188976 0.291339 0.937008 
vn -0.330709 0.724409 0.598425 
vn -0.338583 0.724409 0.598425 
vn -0.330709 0.724409 0.606299 
vn -0.338583 0.724409 0.598425 
vn 0.338583 0.724409 0.598425 
vn 0.330709 0.724409 0.598425 
vn 0.338583 0.724409 0.598425 
vn 0.330709 0.724409 0.606299 
vn 0.188976 0.291339 0.937008 
vn 0.212598 0.267717 0.937008 
vn 0.220472 0.267717 0.937008 
vn 0.204724 0 0.976378 
vn 0 0 1 
vn 0.204724 -0.188976 0.96063 
vn -0.204724 -0.188976 0.96063 
vn 0 0 1 
vn -0.204724 0 0.976378 
vn 0 0 -1 
vn -0.204724 -0.188976 -0.96063 
vn -0.204724 0 -0.976378 
vn -0.204724 0.188976 -0.96063 
vn 0.204724 -0.188976 -0.96063 
vn 0.204724 0 -0.976378 
vn 0.204724 0.188976 -0.96063 
vn -0.354331 0.0314961 -0.937008 
vn -0.338583 0.0866142 -0.937008 
vn -0.354331 0.023622 -0.937008 
vn -0.354331 0.023622 -0.937008 
vn -0.346457 0 -0.937008 
vn -0.346457 0 -0.937008 
vn -0.338583 0.102362 -0.937008 
vn -0.307087 0.165354 -0.937008 
vn -0.354331 0.0314961 -0.937008 
vn -0.307087 0.165354 -0.937008 
vn -0.307087 0.165354 -0.937008 
vn -0.267717 0.220472 -0.937008 
vn -0.267717 0.220472 -0.937008 
vn -0.228346 0.259843 -0.937008 
vn -0.228346 0.259843 -0.937008 
vn -0.228346 0.259843 -0.937008 
vn -0.19685 0.299213 -0.937008 
vn -0.188976 0.299213 -0.937008 
vn -0.149606 0.314961 -0.937008 
vn -0.149606 0.314961 -0.937008 
vn -0.125984 0.322835 -0.937008 
vn -0.11811 0.322835 -0.937008 
vn 0.0393701 0.362205 -0.929134 
vn 0.0551181 0.370079 -0.929134 
vn 0.346457 0 -0.937008 
vn 0.346457 0 -0.937008 
vn 0.354331 0.023622 -0.937008 
vn 0.354331 0.0314961 -0.937008 
vn 0.338583 0.0866142 -0.937008 
vn 0.338583 0.102362 -0.937008 
vn 0.307087 0.165354 -0.937008 
vn 0.307087 0.165354 -0.937008 
vn 0.267717 0.220472 -0.937008 
vn 0.267717 0.220472 -0.937008 
vn 0.267717 0.220472 -0.937008 
vn 0.228346 0.259843 -0.937008 
vn 0.228346 0.259843 -0.937008 
vn 0.19685 0.299213 -0.937008 
vn 0.149606 0.314961 -0.937008 
vn 0.188976 0.299213 -0.937008 
vn 0.228346 0.259843 -0.937008 
vn 0.149606 0.314961 -0.937008 
vn 0.149606 0.314961 -0.937008 
vn 0.125984 0.322835 -0.937008 
vn 0.11811 0.322835 -0.937008 
vn -0.0393701 0.362205 -0.929134 
vn -0.0551181 0.370079 -0.929134 
vn 0 0 1 
vn -0.204724 0.188976 0.96063 
vn -0.204724 0 0.976378 
vn 0.204724 0.188976 0.96063 
vn 0 0 1 
vn 0.204724 0 0.976378 
vn -0.212598 0.267717 0.937008 
vn -0.188976 0.291339 0.937008 
vn -0.220472 0.267717 0.937008 
vn -0.188976 0.291339 0.937008 
vn -0.165354 0.307087 0.937008 
vn -0.188976 0.291339 0.937008 
vn -0.165354 0.307087 0.937008 
vn -0.15748 0.307087 0.937008 
vn 0.165354 0.307087 0.937008 
vn 0.188976 0.291339 0.937008 
vn 0.15748 0.307087 0.937008 
vn 0.212598 0.267717 0.937008 
vn 0.188976 0.291339 0.937008 
vn 0.188976 0.291339 0.937008 
vn 0.188976 0.291339 0.937008 
vn 0.165354 0.307087 0.937008 
vn 0.188976 0.291339 0.937008 
vn 0 -0.19685 -0.984252 
vn -0.204724 -0.377953 -0.905512 
vn -0.204724 -0.188976 -0.96063 
vn 0 0 -1 
vn 0 0.19685 -0.984252 
vn 0.204724 0.188976 -0.96063 
vn 0.204724 0.377953 -0.905512 
vn 0.204724 -0.377953 -0.905512 
vn 0 -0.19685 -0.984252 
vn 0.204724 -0.188976 -0.96063 
vn 0 0 -1 
vn -0.204724 0.188976 -0.96063 
vn 0 0.19685 -0.984252 
vn -0.204724 0.377953 -0.905512 
vn 0 0 -1 
vn 0.204724 -0.188976 -0.96063 
vn 0 -0.19685 -0.984252 
vn 0.204724 -0.377953 -0.905512 
vn -0.204724 0.188976 -0.96063 
vn 0 0.19685 -0.984252 
vn -0.204724 0.377953 -0.905512 
vn -0.204724 -0.188976 -0.96063 
vn 0 0 -1 
vn 0 -0.19685 -0.984252 
vn -0.204724 -0.377953 -0.905512 
vn 0 0.19685 -0.984252 
vn 0.204724 0.188976 -0.96063 
vn 0.204724 0.377953 -0.905512 
vn -0.023622 0.732283 -0.685039 
vn -0.023622 0.732283 -0.685039 
vn -0.023622 0.732283 -0.685039 
vn -0.023622 0.732283 -0.685039 
vn 0.023622 0.732283 -0.685039 
vn 0.023622 0.732283 -0.685039 
vn 0.023622 0.732283 -0.685039 
vn 0.023622 0.732283 -0.685039 
vn 0.220472 0.19685 0.952756 
vn 0.259843 0.220472 0.944882 
vn 0.283465 0.220472 0.937008 
vn -0.259843 0.220472 0.944882 
vn -0.220472 0.19685 0.952756 
vn -0.283465 0.220472 0.937008 
vn -0.125984 0.322835 0.937008 
vn -0.165354 0.307087 0.937008 
vn -0.11811 0.322835 0.937008 
vn -0.165354 0.307087 0.937008 
vn -0.125984 0.322835 0.937008 
vn -0.15748 0.307087 0.937008 
vn 0.125984 0.322835 0.937008 
vn 0.165354 0.307087 0.937008 
vn 0.15748 0.307087 0.937008 
vn 0.165354 0.307087 0.937008 
vn 0.125984 0.322835 0.937008 
vn 0.11811 0.322835 0.937008 
vn 0.204724 0.204724 -0.96063 
vn 0.267717 0.228346 -0.937008 
vn 0.244094 0.228346 -0.944882 
vn -0.19685 0.204724 -0.96063 
vn -0.244094 0.228346 -0.944882 
vn -0.267717 0.228346 -0.937008 
vn 0.023622 0.732283 -0.685039 
vn 0.023622 0.732283 -0.685039 
vn 0.023622 0.732283 -0.685039 
vn 0.023622 0.732283 -0.685039 
vn -0.023622 0.732283 -0.685039 
vn -0.023622 0.732283 -0.685039 
vn -0.023622 0.732283 -0.685039 
vn -0.023622 0.732283 -0.685039 
vn 0.0393701 0.362205 0.929134 
vn -0.125984 0.322835 0.937008 
vn 0.0551181 0.370079 0.929134 
vn 0.125984 0.322835 0.937008 
vn -0.0393701 0.362205 0.929134 
vn -0.0551181 0.370079 0.929134 
vn -0.11811 0.322835 0.937008 
vn 0.0393701 0.362205 0.929134 
vn -0.125984 0.322835 0.937008 
vn -0.0393701 0.362205 0.929134 
vn 0.11811 0.322835 0.937008 
vn 0.125984 0.322835 0.937008 
vn 0.314961 0.267717 0.913386 
vn 0.283465 0.244094 0.929134 
vn 0.283465 0.283465 0.913386 
vn -0.283465 0.251969 0.929134 
vn -0.307087 0.267717 0.913386 
vn -0.283465 0.283465 0.913386 
vn 0.291339 0.275591 -0.92126 
vn 0.259843 0.291339 -0.92126 
vn 0.259843 0.251969 -0.929134 
vn -0.291339 0.275591 -0.92126 
vn -0.0629921 0.330709 -0.937008 
vn -0.0944882 0.330709 -0.937008 
vn 0.204724 0.188976 0.96063 
vn 0 0 1 
vn 0.204724 0 0.976378 
vn 0 0 1 
vn -0.204724 0.188976 0.96063 
vn -0.204724 0 0.976378 
vn -0.204724 0.377953 0.905512 
vn 0 0.19685 0.984252 
vn 0 0.385827 0.92126 
vn 0.204724 0.377953 0.905512 
vn 0 0.19685 0.984252 
vn 0.204724 0.188976 0.96063 
vn -0.204724 0.188976 0.96063 
vn 0 0 1 
vn 0 0.19685 0.984252 
vn -0.204724 0.377953 0.905512 
vn 0 0.385827 0.92126 
vn -0.204724 0.543307 0.811024 
vn -0.0787402 0.354331 0.929134 
vn 0.023622 0.307087 0.952756 
vn 0.023622 0.307087 0.952756 
vn -0.0787402 0.354331 0.929134 
vn 0.023622 0.307087 0.952756 
vn -0.0866142 0.354331 0.929134 
vn 0.0787402 0.354331 0.929134 
vn -0.023622 0.307087 0.952756 
vn -0.023622 0.307087 0.952756 
vn -0.023622 0.307087 0.952756 
vn 0.0787402 0.354331 0.929134 
vn 0.0866142 0.354331 0.929134 
vn -0.023622 0.307087 0.952756 
vn 0 0.307087 0.952756 
vn 0 0.307087 0.952756 
vn 0 0.307087 0.952756 
vn -0.023622 0.307087 0.952756 
vn -0.023622 0.307087 0.952756 
vn 0.023622 0.307087 0.952756 
vn 0 0.307087 0.952756 
vn 0.023622 0.307087 0.952756 
vn 0 0.307087 0.952756 
vn 0.023622 0.307087 0.952756 
vn 0 0.307087 0.952756 
vn 0 0.307087 -0.952756 
vn 0.023622 0.307087 -0.952756 
vn 0 0.307087 -0.952756 
vn -0.023622 0.307087 -0.952756 
vn 0.023622 0.307087 -0.952756 
vn -0.0787402 0.354331 -0.929134 
vn -0.0866142 0.354331 -0.929134 
vn -0.023622 0.307087 -0.952756 
vn -0.0629921 0.330709 -0.937008 
vn -0.0944882 0.330709 -0.937008 
vn -0.204724 -0.976378 0 
vn -0.700787 -0.700787 -0.141732 
vn -0.204724 -0.96063 -0.188976 
vn -0.700787 -0.661417 -0.275591 
vn 0 0 1 
vn 0.204724 0.188976 0.96063 
vn 0 0.19685 0.984252 
vn 0.204724 0.377953 0.905512 
vn 0 0.19685 -0.984252 
vn -0.204724 0.377953 -0.905512 
vn 0 0.385827 -0.92126 
vn -0.204724 0.543307 -0.811024 
vn 0 0.385827 -0.92126 
vn 0.700787 -0.661417 -0.275591 
vn 0.204724 -0.96063 -0.188976 
vn 0.204724 -0.905512 -0.377953 
vn 0.204724 -0.905512 -0.377953 
vn 0.700787 -0.590551 -0.393701 
vn -0.204724 -0.96063 -0.188976 
vn -0.700787 -0.661417 -0.275591 
vn -0.204724 -0.905512 -0.377953 
vn -0.700787 -0.590551 -0.393701 
vn -0.204724 -0.905512 -0.377953 
vn 0.700787 -0.590551 0.393701 
vn 0.204724 -0.905512 0.377953 
vn 0.700787 -0.661417 0.275591 
vn 0.204724 -0.905512 0.377953 
vn 0.204724 -0.96063 0.188976 
vn -0.700787 -0.661417 0.275591 
vn -0.204724 -0.96063 0.188976 
vn -0.204724 -0.905512 0.377953 
vn -0.204724 -0.905512 0.377953 
vn -0.700787 -0.590551 0.393701 
vn 0.700787 -0.590551 0.393701 
vn 0.204724 -0.811024 0.543307 
vn 0.204724 -0.905512 0.377953 
vn 0.700787 -0.590551 -0.393701 
vn 0.204724 -0.905512 -0.377953 
vn 0.204724 -0.811024 -0.543307 
vn -0.204724 -0.905512 -0.377953 
vn -0.700787 -0.590551 -0.393701 
vn -0.204724 -0.811024 -0.543307 
vn -0.700787 -0.590551 0.393701 
vn -0.204724 -0.905512 0.377953 
vn -0.204724 -0.811024 0.543307 
vn 0 0.559055 0.834646 
vn 0.204724 0.692913 0.692913 
vn 0 0.708661 0.708661 
vn 0 0.559055 0.834646 
vn 0.204724 0.543307 0.811024 
vn 0 0.385827 0.92126 
vn 0.204724 0.377953 0.905512 
vn 0 0.19685 0.984252 
vn 0 0.385827 0.92126 
vn 0 0 1 
vn 0.204724 0.188976 0.96063 
vn 0 0.19685 -0.984252 
vn -0.204724 0.377953 -0.905512 
vn 0 0.385827 -0.92126 
vn 0 0.19685 -0.984252 
vn 0 0.385827 -0.92126 
vn 0.204724 0.377953 -0.905512 
vn 0 0.19685 0.984252 
vn 0.204724 0.377953 0.905512 
vn 0 0.385827 0.92126 
vn 0.322835 0.708661 0.629921 
vn 0.322835 0.708661 0.629921 
vn 0.322835 0.708661 0.629921 
vn 0.322835 0.708661 0.629921 
vn -0.322835 0.708661 0.629921 
vn -0.322835 0.708661 0.629921 
vn -0.322835 0.708661 0.629921 
vn -0.322835 0.708661 0.629921 
vn 0 0.19685 -0.984252 
vn 0 0.385827 -0.92126 
vn 0.204724 0.377953 -0.905512 
vn 0 0.385827 -0.92126 
vn 0.204724 0.543307 -0.811024 
vn 0 0.559055 -0.834646 
vn 0.204724 0.543307 -0.811024 
vn 0.204724 0.692913 -0.692913 
vn 0 0.708661 -0.708661 
vn 0.204724 0.692913 -0.692913 
vn 0.204724 -0.811024 -0.543307 
vn 0.700787 -0.503937 -0.503937 
vn 0.700787 -0.590551 -0.393701 
vn -0.700787 -0.503937 -0.503937 
vn -0.204724 -0.811024 -0.543307 
vn -0.700787 -0.590551 -0.393701 
vn 0.700787 -0.503937 0.503937 
vn 0.204724 -0.811024 0.543307 
vn 0.700787 -0.590551 0.393701 
vn -0.204724 -0.811024 0.543307 
vn -0.700787 -0.503937 0.503937 
vn -0.700787 -0.590551 0.393701 
vn 0 0.385827 -0.92126 
vn -0.204724 0.543307 -0.811024 
vn 0 0.559055 -0.834646 
vn -0.204724 0.692913 -0.692913 
vn 0 0.559055 -0.834646 
vn 0 0.708661 -0.708661 
vn -0.204724 0.543307 0.811024 
vn 0 0.385827 0.92126 
vn 0 0.559055 0.834646 
vn -0.204724 0.692913 0.692913 
vn -0.204724 0.692913 0.692913 
vn 0 0.708661 0.708661 
vn -0.204724 0.188976 0.96063 
vn 0 0 1 
vn 0 0.19685 0.984252 
vn -0.204724 0.377953 0.905512 
vn 0 0.385827 0.92126 
vn 0 0.385827 0.92126 
vn -0.204724 0.543307 0.811024 
vn -0.204724 0.543307 0.811024 
vn 0 0.559055 0.834646 
vn -0.204724 0.692913 0.692913 
vn -0.700787 -0.503937 -0.503937 
vn -0.204724 -0.543307 -0.811024 
vn -0.204724 -0.692913 -0.692913 
vn -0.204724 -0.811024 -0.543307 
vn -0.204724 -0.692913 -0.692913 
vn -0.204724 -0.543307 0.811024 
vn -0.700787 -0.503937 0.503937 
vn -0.204724 -0.692913 0.692913 
vn -0.204724 -0.811024 0.543307 
vn -0.204724 -0.692913 0.692913 
vn 0.700787 -0.503937 0.503937 
vn 0.204724 -0.543307 0.811024 
vn 0.204724 -0.692913 0.692913 
vn 0.204724 -0.692913 0.692913 
vn 0.204724 -0.811024 0.543307 
vn 0.204724 0.377953 -0.905512 
vn 0 0.385827 -0.92126 
vn 0.204724 0.543307 -0.811024 
vn -0.204724 0.377953 -0.905512 
vn -0.204724 0.543307 -0.811024 
vn 0 0.385827 -0.92126 
vn 0.700787 -0.503937 -0.503937 
vn 0.204724 -0.543307 -0.811024 
vn 0.700787 -0.393701 -0.590551 
vn 0.700787 -0.503937 -0.503937 
vn 0.204724 -0.692913 -0.692913 
vn 0.204724 -0.543307 -0.811024 
vn -0.700787 -0.503937 0.503937 
vn -0.204724 -0.543307 0.811024 
vn -0.700787 -0.393701 0.590551 
vn 0 0.385827 -0.92126 
vn -0.204724 0.543307 -0.811024 
vn 0 0.559055 -0.834646 
vn -0.204724 0.692913 -0.692913 
vn 0 0.559055 0.834646 
vn 0.204724 0.692913 0.692913 
vn 0 0.708661 0.708661 
vn 0 0.385827 0.92126 
vn 0.204724 0.543307 0.811024 
vn 0.204724 0.692913 0.692913 
vn 0 0.385827 0.92126 
vn 0.204724 0.377953 0.905512 
vn 0 0.385827 -0.92126 
vn 0 0.559055 -0.834646 
vn 0.204724 0.543307 -0.811024 
vn 0.204724 0.692913 -0.692913 
vn 0 0.708661 -0.708661 
vn 0.204724 0.692913 -0.692913 
vn 0.204724 -0.543307 0.811024 
vn 0.700787 -0.503937 0.503937 
vn 0.700787 -0.393701 0.590551 
vn 0.204724 -0.377953 0.905512 
vn 0.204724 -0.543307 0.811024 
vn -0.204724 -0.543307 -0.811024 
vn -0.700787 -0.503937 -0.503937 
vn -0.700787 -0.393701 -0.590551 
vn -0.204724 -0.377953 -0.905512 
vn -0.204724 -0.543307 -0.811024 
vn -0.204724 0.692913 0.692913 
vn 0 0.708661 0.708661 
vn 0 0.834646 0.559055 
vn 0.204724 0.692913 0.692913 
vn 0 0.834646 0.559055 
vn 0 0.708661 0.708661 
vn -0.629921 -0.015748 0.779528 
vn -0.629921 -0.015748 0.779528 
vn -0.629921 -0.015748 0.779528 
vn -0.629921 -0.015748 0.779528 
vn -0.629921 -0.015748 0.779528 
vn -0.629921 -0.015748 0.779528 
vn 0.629921 -0.015748 0.779528 
vn 0.629921 -0.015748 0.779528 
vn 0.629921 -0.015748 0.779528 
vn 0.629921 -0.015748 0.779528 
vn 0.629921 -0.015748 0.779528 
vn 0.629921 -0.015748 0.779528 
vn 0 0.559055 -0.834646 
vn -0.204724 0.692913 -0.692913 
vn 0 0.708661 -0.708661 
vn -0.204724 0.692913 0.692913 
vn 0 0.559055 0.834646 
vn 0 0.708661 0.708661 
vn 0.204724 0.692913 -0.692913 
vn 0 0.834646 -0.559055 
vn 0.204724 0.811024 -0.543307 
vn 0 0.92126 -0.385827 
vn 0.204724 0.811024 0.543307 
vn 0 0.92126 0.385827 
vn 0 0.834646 0.559055 
vn 0.204724 0.692913 0.692913 
vn 0.700787 -0.393701 -0.590551 
vn 0.204724 -0.543307 -0.811024 
vn 0.204724 -0.377953 -0.905512 
vn -0.204724 -0.377953 0.905512 
vn -0.700787 -0.393701 0.590551 
vn -0.204724 -0.543307 0.811024 
vn -0.204724 0.692913 -0.692913 
vn 0 0.834646 -0.559055 
vn 0 0.708661 -0.708661 
vn 0.204724 0.692913 -0.692913 
vn 0 0.708661 -0.708661 
vn -0.204724 0.692913 -0.692913 
vn 0 0.834646 -0.559055 
vn 0 0.708661 -0.708661 
vn 0.204724 0.692913 -0.692913 
vn 0 0.708661 -0.708661 
vn -0.204724 0.905512 -0.377953 
vn 0 0.984252 -0.19685 
vn 0 0.92126 -0.385827 
vn -0.204724 0.811024 -0.543307 
vn 0 0.834646 -0.559055 
vn -0.204724 0.692913 -0.692913 
vn 0.700787 -0.275591 -0.661417 
vn 0.204724 -0.377953 -0.905512 
vn 0.204724 -0.188976 -0.96063 
vn 0.700787 -0.393701 -0.590551 
vn 0.204724 -0.377953 -0.905512 
vn -0.204724 -0.377953 -0.905512 
vn -0.700787 -0.393701 -0.590551 
vn -0.700787 -0.275591 -0.661417 
vn -0.204724 -0.188976 -0.96063 
vn -0.204724 -0.377953 -0.905512 
vn 0.204724 -0.377953 0.905512 
vn 0.700787 -0.393701 0.590551 
vn 0.700787 -0.275591 0.661417 
vn 0.204724 -0.188976 0.96063 
vn 0.204724 -0.377953 0.905512 
vn -0.700787 -0.393701 0.590551 
vn -0.204724 -0.377953 0.905512 
vn -0.700787 -0.275591 0.661417 
vn -0.204724 -0.188976 0.96063 
vn -0.204724 -0.370079 0.905512 
vn -0.204724 0.692913 0.692913 
vn 0 0.708661 0.708661 
vn 0 0.834646 0.559055 
vn -0.456693 -0.0393701 0.889764 
vn -0.456693 -0.0393701 0.889764 
vn -0.456693 -0.0393701 0.889764 
vn -0.456693 -0.0393701 0.889764 
vn -0.456693 -0.0393701 0.889764 
vn -0.456693 -0.0393701 0.889764 
vn 0.456693 -0.0393701 0.889764 
vn 0.456693 -0.0393701 0.889764 
vn 0.456693 -0.0393701 0.889764 
vn 0.456693 -0.0393701 0.889764 
vn 0.456693 -0.0393701 0.889764 
vn 0.456693 -0.0393701 0.889764 
vn -0.204724 -0.188976 -0.96063 
vn -0.700787 -0.275591 -0.661417 
vn -0.700787 -0.141732 -0.700787 
vn 0.204724 -0.188976 0.96063 
vn 0.700787 -0.275591 0.661417 
vn 0.700787 -0.141732 0.700787 
vn -0.700787 -0.275591 0.661417 
vn -0.204724 -0.188976 0.96063 
vn -0.700787 -0.141732 0.700787 
vn 0 0.834646 -0.559055 
vn -0.204724 0.692913 -0.692913 
vn -0.204724 0.811024 -0.543307 
vn 0 0.92126 -0.385827 
vn -0.204724 0.811024 0.543307 
vn 0 0.834646 0.559055 
vn 0 0.92126 0.385827 
vn -0.204724 0.692913 0.692913 
vn 0.204724 0.905512 0.377953 
vn 0 0.984252 0.19685 
vn 0 0.92126 0.385827 
vn 0.204724 0.811024 0.543307 
vn 0 0.834646 0.559055 
vn 0.204724 0.692913 0.692913 
vn 0.204724 0.692913 0.692913 
vn 0 0.708661 0.708661 
vn 0.700787 -0.275591 -0.661417 
vn 0.204724 -0.188976 -0.96063 
vn 0.700787 -0.141732 -0.700787 
vn 0.204724 -0.188976 -0.96063 
vn 0.204724 0 -0.976378 
vn 0.204724 0 0.976378 
vn 0.700787 -0.141732 0.700787 
vn 0.700787 0 0.716535 
vn 0.700787 -0.141732 0.700787 
vn 0.204724 0 0.976378 
vn 0.204724 -0.188976 0.96063 
vn -0.204724 0.905512 -0.377953 
vn -0.204724 0.96063 -0.188976 
vn -0.204724 0.96063 -0.188976 
vn 0 1 0 
vn -0.204724 0.96063 -0.188976 
vn -0.204724 0.976378 0 
vn -0.204724 0.96063 0.188976 
vn 0.204724 0.96063 0.188976 
vn 0.204724 0.976378 0 
vn 0.204724 0.96063 -0.188976 
vn 0.204724 0.96063 0.188976 
vn 0.204724 0.905512 0.377953 
vn 0.204724 0.905512 -0.377953 
vn 0 0.984252 -0.19685 
vn 0 1 0 
vn 0 0.984252 0.19685 
vn -0.204724 0.905512 0.377953 
vn 0 0.92126 0.385827 
vn -0.204724 0.811024 0.543307 
vn 0 0.92126 0.385827 
vn -0.204724 0.811024 0.543307 
vn 0 0.834646 0.559055 
vn -0.204724 0.692913 0.692913 
vn 0.204724 0.905512 -0.377953 
vn 0 0.92126 -0.385827 
vn 0.204724 0.811024 -0.543307 
vn 0.204724 0.811024 -0.543307 
vn 0 0.834646 -0.559055 
vn 0.204724 0.692913 -0.692913 
vn -0.700787 -0.141732 -0.700787 
vn -0.204724 0 -0.976378 
vn -0.204724 -0.188976 -0.96063 
vn -0.204724 0 0.976378 
vn -0.700787 -0.141732 0.700787 
vn -0.204724 -0.188976 0.96063 
vn -0.700787 -0.141732 0.700787 
vn -0.204724 0 0.976378 
vn -0.700787 0 0.716535 
vn 0 1 0 
vn 0 1 0 
vn 0 1 0 
vn 0.700787 -0.700787 -0.141732 
vn 0.204724 -0.976378 0 
vn 0.204724 -0.96063 -0.188976 
vn 0.700787 -0.661417 -0.275591 
vn 0.984252 -0.188976 0 
vn 0.984252 -0.188976 -0.0393701 
vn 0.204724 -0.96063 0.188976 
vn 0.204724 -0.976378 0 
vn 0.700787 -0.700787 0.141732 
vn 0.700787 -0.661417 0.275591 
vn 0.204724 -0.96063 0.188976 
vn 0.984252 -0.188976 0 
vn 0.984252 -0.188976 0.0393701 
vn 0.204724 0 -0.976378 
vn 0.700787 0.141732 -0.700787 
vn 0.700787 0 -0.716535 
vn 0.700787 -0.141732 -0.700787 
vn -0.204724 0 -0.976378 
vn -0.700787 0.141732 -0.700787 
vn -0.204724 0.188976 -0.96063 
vn 0.204724 0.188976 0.96063 
vn 0.204724 0 0.976378 
vn 0.700787 0.141732 0.700787 
vn 0.700787 0.141732 0.700787 
vn 0.204724 0 0.976378 
vn 0.700787 0 0.716535 
vn -0.204724 0 0.976378 
vn -0.700787 0.141732 0.700787 
vn -0.700787 0 0.716535 
vn -0.472441 -0.0393701 0.88189 
vn -0.472441 -0.0393701 0.88189 
vn -0.472441 -0.0393701 0.88189 
vn 0.480315 -0.0472441 0.88189 
vn 0.480315 -0.0472441 0.88189 
vn 0.480315 -0.0472441 0.88189 
vn -0.480315 -0.0472441 0.874016 
vn -0.480315 -0.0472441 0.874016 
vn -0.480315 -0.0472441 0.874016 
vn 0.480315 -0.0472441 0.874016 
vn 0.480315 -0.0472441 0.874016 
vn 0.480315 -0.0472441 0.874016 
vn 0 -0.275591 0.96063 
vn -0.023622 -0.275591 0.96063 
vn 0 -0.275591 0.96063 
vn 0.023622 -0.275591 0.96063 
vn 0 -0.275591 0.96063 
vn 0 -0.275591 0.96063 
vn 0 -0.275591 0.96063 
vn 0.023622 -0.275591 0.96063 
vn 0.023622 -0.275591 0.96063 
vn 0.023622 -0.275591 -0.96063 
vn 0.204724 -0.23622 -0.952756 
vn 0.023622 -0.275591 -0.96063 
vn 0.023622 -0.275591 -0.96063 
vn 0.19685 -0.23622 -0.952756 
vn 0 -0.275591 -0.96063 
vn 0 -0.275591 -0.96063 
vn -0.023622 -0.275591 -0.96063 
vn -0.023622 -0.275591 -0.96063 
vn -0.204724 -0.23622 -0.952756 
vn -0.023622 -0.275591 0.96063 
vn 0 -0.275591 0.96063 
vn -0.023622 -0.275591 0.96063 
vn -0.204724 -0.23622 0.952756 
vn 0.023622 -0.275591 0.96063 
vn 0.204724 -0.23622 0.952756 
vn 0.19685 -0.23622 0.952756 
vn -0.204724 -0.23622 0.952756 
vn -0.023622 -0.275591 0.96063 
vn -0.19685 -0.23622 0.952756 
vn 0.204724 -0.23622 0.952756 
vn 0.023622 -0.275591 0.96063 
vn 0.023622 -0.275591 0.96063 
vn -0.023622 -0.275591 -0.96063 
vn -0.204724 -0.23622 -0.952756 
vn -0.19685 -0.23622 -0.952756 
vn 0.0708661 -0.330709 0.937008 
vn 0.102362 -0.354331 0.929134 
vn 0.133858 -0.314961 0.937008 
vn -0.102362 -0.354331 0.929134 
vn -0.0708661 -0.330709 0.937008 
vn -0.133858 -0.314961 0.937008 
vn 0.204724 0.96063 0.188976 
vn 0 1 0 
vn 0 0.984252 0.19685 
vn 0.204724 0.905512 0.377953 
vn 0.204724 0.96063 0.188976 
vn 0.204724 0.96063 0.188976 
vn 0.204724 0.976378 0 
vn 0.204724 0.96063 -0.188976 
vn 0 0.984252 -0.19685 
vn 0.204724 0.905512 -0.377953 
vn 0 0.92126 -0.385827 
vn 0.204724 0.811024 -0.543307 
vn -0.204724 0.905512 -0.377953 
vn 0 0.92126 -0.385827 
vn -0.204724 0.811024 -0.543307 
vn -0.204724 0.96063 -0.188976 
vn -0.204724 0.976378 0 
vn -0.204724 0.96063 0.188976 
vn 0 0.984252 0.19685 
vn -0.204724 0.905512 0.377953 
vn 0 0.92126 0.385827 
vn -0.204724 0.811024 0.543307 
vn 0.204724 0.905512 0.377953 
vn 0 0.92126 0.385827 
vn 0.204724 0.811024 0.543307 
vn -0.204724 0.96063 -0.188976 
vn 0 0.984252 -0.19685 
vn -0.204724 0.905512 -0.377953 
vn -0.700787 0.700787 0.141732 
vn -0.700787 0.708661 0 
vn -0.700787 0.700787 -0.141732 
vn -0.204724 0.976378 0 
vn -0.700787 0.700787 0.141732 
vn -0.984252 0.188976 0 
vn -0.700787 0.700787 -0.141732 
vn 0.700787 0.141732 -0.700787 
vn 0.204724 0 -0.976378 
vn 0.204724 0.188976 -0.96063 
vn 0.204724 0.188976 -0.96063 
vn 0.700787 0.275591 -0.661417 
vn -0.700787 0.141732 0.700787 
vn -0.204724 0 0.976378 
vn -0.204724 0.188976 0.96063 
vn -0.700787 0.275591 0.661417 
vn -0.700787 0.141732 0.700787 
vn 0.0787402 -0.267717 -0.96063 
vn 0.188976 -0.23622 -0.952756 
vn 0.220472 -0.220472 -0.952756 
vn -0.0787402 -0.267717 -0.96063 
vn -0.220472 -0.220472 -0.952756 
vn -0.188976 -0.23622 -0.952756 
vn 0.023622 -0.330709 -0.944882 
vn 0.0866142 -0.307087 -0.944882 
vn 0.0629921 -0.346457 -0.937008 
vn -0.0314961 -0.322835 -0.944882 
vn -0.0629921 -0.346457 -0.937008 
vn -0.0944882 -0.307087 -0.944882 
vn -0.0393701 -0.362205 -0.929134 
vn -0.00787402 -0.338583 -0.944882 
vn -0.0551181 -0.338583 -0.937008 
vn 0.0393701 -0.125984 -0.992126 
vn 0.0393701 -0.125984 -0.992126 
vn 0.0393701 -0.125984 -0.992126 
vn 0.0393701 -0.125984 -0.992126 
vn 0.0393701 -0.125984 -0.992126 
vn 0.0393701 -0.125984 -0.992126 
vn -0.0393701 -0.125984 -0.992126 
vn -0.0393701 -0.125984 -0.992126 
vn -0.0393701 -0.125984 -0.992126 
vn -0.0393701 -0.125984 -0.992126 
vn -0.0393701 -0.125984 -0.992126 
vn -0.0393701 -0.125984 -0.992126 
vn 0.0314961 -0.362205 -0.929134 
vn 0.0551181 -0.338583 -0.937008 
vn 0.00787402 -0.338583 -0.944882 
vn -0.0393701 -0.125984 -0.992126 
vn -0.0393701 -0.125984 -0.992126 
vn -0.0393701 -0.125984 -0.992126 
vn -0.0393701 -0.125984 -0.992126 
vn -0.0393701 -0.125984 -0.992126 
vn -0.0393701 -0.125984 -0.992126 
vn 0.0393701 -0.125984 -0.992126 
vn 0.0393701 -0.125984 -0.992126 
vn 0.0393701 -0.125984 -0.992126 
vn 0.0393701 -0.125984 -0.992126 
vn 0.0393701 -0.125984 -0.992126 
vn 0.0393701 -0.125984 -0.992126 
vn -0.023622 -0.362205 0.929134 
vn -0.0551181 -0.385827 0.92126 
vn -0.0708661 -0.362205 0.929134 
vn 0.0472441 -0.385827 0.92126 
vn 0.023622 -0.362205 0.929134 
vn 0.0708661 -0.362205 0.929134 
vn -0.0944882 -0.283465 0.952756 
vn -0.204724 -0.244094 0.944882 
vn -0.23622 -0.228346 0.944882 
vn 0.204724 -0.244094 0.944882 
vn 0.0944882 -0.283465 0.952756 
vn 0.23622 -0.228346 0.944882 
vn -0.700787 0.275591 -0.661417 
vn -0.204724 0.188976 -0.96063 
vn -0.700787 0.141732 -0.700787 
vn 0.700787 0.275591 0.661417 
vn 0.204724 0.188976 0.96063 
vn 0.700787 0.141732 0.700787 
vn -0.212598 -0.251969 0.944882 
vn -0.110236 -0.291339 0.952756 
vn -0.110236 -0.291339 0.952756 
vn 0.110236 -0.291339 0.952756 
vn 0.212598 -0.251969 0.944882 
vn 0.110236 -0.291339 0.952756 
vn 0.212598 -0.251969 -0.944882 
vn 0.110236 -0.291339 -0.952756 
vn 0.110236 -0.291339 -0.952756 
vn 0.0393701 -0.125984 -0.992126 
vn 0.0393701 -0.125984 -0.992126 
vn 0.0393701 -0.125984 -0.992126 
vn 0.0393701 -0.125984 -0.992126 
vn 0.0393701 -0.125984 -0.992126 
vn 0.0393701 -0.125984 -0.992126 
vn -0.0393701 -0.125984 -0.992126 
vn -0.0393701 -0.125984 -0.992126 
vn -0.0393701 -0.125984 -0.992126 
vn -0.0393701 -0.125984 -0.992126 
vn -0.0393701 -0.125984 -0.992126 
vn -0.0393701 -0.125984 -0.992126 
vn -0.110236 -0.291339 0.952756 
vn -0.149606 -0.275591 0.952756 
vn -0.149606 -0.275591 0.952756 
vn -0.149606 -0.275591 0.952756 
vn -0.110236 -0.291339 0.952756 
vn -0.110236 -0.291339 0.952756 
vn 0.149606 -0.275591 0.952756 
vn 0.110236 -0.291339 0.952756 
vn 0.149606 -0.275591 0.952756 
vn 0.110236 -0.291339 0.952756 
vn 0.149606 -0.275591 0.952756 
vn 0.110236 -0.291339 0.952756 
vn -0.212598 -0.251969 -0.944882 
vn -0.110236 -0.291339 -0.952756 
vn -0.110236 -0.291339 -0.952756 
vn -0.133858 -0.275591 -0.952756 
vn -0.165354 -0.251969 -0.952756 
vn -0.133858 -0.275591 -0.952756 
vn -0.110236 -0.291339 -0.952756 
vn -0.165354 -0.251969 -0.952756 
vn -0.165354 -0.251969 -0.952756 
vn -0.204724 -0.228346 -0.952756 
vn -0.165354 -0.251969 -0.952756 
vn 0.700787 0.275591 -0.661417 
vn 0.204724 0.188976 -0.96063 
vn 0.204724 0.377953 -0.905512 
vn 0.700787 0.393701 -0.590551 
vn 0.700787 0.275591 0.661417 
vn 0.204724 0.377953 0.905512 
vn 0.204724 0.188976 0.96063 
vn 0.700787 0.393701 0.590551 
vn -0.204724 0.188976 -0.96063 
vn -0.700787 0.275591 -0.661417 
vn -0.204724 0.377953 -0.905512 
vn -0.700787 0.393701 -0.590551 
vn -0.700787 0.275591 -0.661417 
vn -0.204724 0.377953 0.905512 
vn -0.700787 0.393701 0.590551 
vn -0.700787 0.275591 0.661417 
vn -0.204724 0.188976 0.96063 
vn -0.015748 0.23622 0.968504 
vn 0 0 1 
vn 0 0.00787402 1 
vn 0 0 1 
vn 0.015748 0.23622 0.968504 
vn 0 0.00787402 1 
vn 0 0.244094 0.968504 
vn -0.015748 0.23622 0.968504 
vn 0 0.00787402 1 
vn 0 0.244094 0.968504 
vn 0 0.00787402 1 
vn 0 0.00787402 1 
vn 0 0.00787402 1 
vn 0 0.244094 0.968504 
vn 0 0.00787402 1 
vn 0.015748 0.23622 0.968504 
vn 0 0 -1 
vn -0.015748 0.23622 -0.968504 
vn 0 0 -1 
vn 0 0 -1 
vn 0 0 -1 
vn 0.015748 0.23622 -0.968504 
vn -0.015748 0.23622 0.968504 
vn -0.023622 0.23622 0.968504 
vn 0 0 1 
vn 0.015748 0.23622 0.968504 
vn 0 0 1 
vn 0.023622 0.23622 0.968504 
vn -0.149606 -0.275591 0.952756 
vn -0.173228 -0.267717 0.944882 
vn -0.149606 -0.275591 0.952756 
vn 0.173228 -0.267717 0.944882 
vn 0.149606 -0.275591 0.952756 
vn 0.149606 -0.275591 0.952756 
vn 0 0 -1 
vn 0 0.23622 -0.968504 
vn 0 0.00787402 -1 
vn 0 0 -1 
vn 0 0.23622 -0.968504 
vn 0 0 -1 
vn -0.015748 0.23622 -0.968504 
vn 0 0 -1 
vn 0 0.23622 -0.968504 
vn 0.015748 0.23622 -0.968504 
vn -0.173228 -0.267717 0.944882 
vn -0.19685 -0.244094 0.952756 
vn -0.19685 -0.244094 0.952756 
vn 0.19685 -0.244094 0.952756 
vn 0.173228 -0.267717 0.944882 
vn 0.19685 -0.244094 0.952756 
vn -0.015748 0.23622 -0.968504 
vn 0 0 -1 
vn -0.023622 0.23622 -0.968504 
vn 0.015748 0.23622 -0.968504 
vn 0.023622 0.23622 -0.968504 
vn 0 0 -1 
vn -0.102362 -0.992126 0 
vn -0.102362 -0.992126 0 
vn -0.102362 -0.992126 0 
vn -0.102362 -0.992126 0 
vn -0.102362 -0.992126 0 
vn -0.102362 -0.992126 0 
vn 0.102362 -0.992126 0 
vn 0.102362 -0.992126 0 
vn 0.102362 -0.992126 0 
vn 0.102362 -0.992126 0 
vn 0.102362 -0.992126 0 
vn 0.102362 -0.992126 0 
vn 0.102362 -0.992126 0 
vn 0.102362 -0.992126 0 
vn 0.102362 -0.992126 0 
vn 0.102362 -0.992126 0 
vn 0.102362 -0.992126 0 
vn 0.102362 -0.992126 0 
vn -0.102362 -0.992126 0 
vn -0.102362 -0.992126 0 
vn -0.102362 -0.992126 0 
vn -0.102362 -0.992126 0 
vn -0.102362 -0.992126 0 
vn -0.102362 -0.992126 0 
vn -0.102362 -0.992126 0 
vn -0.102362 -0.992126 0 
vn -0.102362 -0.992126 0 
vn -0.102362 -0.992126 0 
vn -0.102362 -0.992126 0 
vn -0.102362 -0.992126 0 
vn 0.102362 -0.992126 0 
vn 0.102362 -0.992126 0 
vn 0.102362 -0.992126 0 
vn 0.102362 -0.992126 0 
vn 0.102362 -0.992126 0 
vn 0.102362 -0.992126 0 
vn 0.102362 -0.992126 0 
vn 0.102362 -0.992126 0 
vn 0.102362 -0.992126 0 
vn 0.102362 -0.992126 0 
vn 0.102362 -0.992126 0 
vn 0.102362 -0.992126 0 
vn -0.102362 -0.992126 0 
vn -0.102362 -0.992126 0 
vn -0.102362 -0.992126 0 
vn -0.102362 -0.992126 0 
vn -0.102362 -0.992126 0 
vn -0.102362 -0.992126 0 
vn -0.102362 -0.992126 0 
vn -0.102362 -0.992126 0 
vn -0.102362 -0.992126 0 
vn -0.102362 -0.992126 0 
vn -0.102362 -0.992126 0 
vn -0.102362 -0.992126 0 
vn 0.102362 -0.992126 0 
vn 0.102362 -0.992126 0 
vn 0.102362 -0.992126 0 
vn 0.102362 -0.992126 0 
vn 0.102362 -0.992126 0 
vn 0.102362 -0.992126 0 
vn 0.102362 -0.992126 0 
vn 0.102362 -0.992126 0 
vn 0.102362 -0.992126 0 
vn 0.102362 -0.992126 0 
vn 0.102362 -0.992126 0 
vn 0.102362 -0.992126 0 
vn -0.102362 -0.992126 0 
vn -0.102362 -0.992126 0 
vn -0.102362 -0.992126 0 
vn -0.102362 -0.992126 0 
vn -0.102362 -0.992126 0 
vn -0.102362 -0.992126 0 
vn -0.102362 -0.992126 0 
vn -0.102362 -0.992126 0 
vn -0.102362 -0.992126 0 
vn -0.102362 -0.992126 0 
vn -0.102362 -0.992126 0 
vn -0.102362 -0.992126 0 
vn 0.102362 -0.992126 0 
vn 0.102362 -0.992126 0 
vn 0.102362 -0.992126 0 
vn 0.102362 -0.992126 0 
vn 0.102362 -0.992126 0 
vn 0.102362 -0.992126 0 
vn 0.102362 -0.992126 0 
vn 0.102362 -0.992126 0 
vn 0.102362 -0.992126 0 
vn 0.102362 -0.992126 0 
vn 0.102362 -0.992126 0 
vn 0.102362 -0.992126 0 
vn -0.102362 -0.992126 0 
vn -0.102362 -0.992126 0 
vn -0.102362 -0.992126 0 
vn -0.102362 -0.992126 0 
vn -0.102362 -0.992126 0 
vn -0.102362 -0.992126 0 
vn 0.133858 -0.275591 -0.952756 
vn 0.110236 -0.291339 -0.952756 
vn 0.110236 -0.291339 -0.952756 
vn 0.133858 -0.275591 -0.952756 
vn 0.165354 -0.251969 -0.952756 
vn 0.165354 -0.251969 -0.952756 
vn 0.204724 -0.228346 -0.952756 
vn 0.204724 -0.228346 -0.952756 
vn 0.23622 -0.19685 -0.952756 
vn 0.23622 -0.19685 -0.952756 
vn 0.244094 -0.19685 -0.952756 
vn 0.275591 -0.149606 -0.952756 
vn 0.275591 -0.149606 -0.952756 
vn 0.299213 -0.0866142 -0.952756 
vn 0.307087 -0.0787402 -0.952756 
vn 0.307087 -0.0787402 -0.952756 
vn 0.314961 -0.023622 -0.952756 
vn 0.314961 -0.023622 -0.952756 
vn 0.314961 0 -0.952756 
vn 0.314961 0 -0.952756 
vn -0.173228 -0.267717 0.944882 
vn -0.149606 -0.275591 0.952756 
vn -0.173228 -0.267717 0.944882 
vn 0.173228 -0.267717 0.944882 
vn 0.149606 -0.275591 0.952756 
vn 0.173228 -0.267717 0.944882 
vn -0.19685 -0.244094 0.952756 
vn -0.173228 -0.267717 0.944882 
vn -0.173228 -0.267717 0.944882 
vn 0.173228 -0.267717 0.944882 
vn 0.19685 -0.244094 0.952756 
vn 0.173228 -0.267717 0.944882 
vn 0.700787 0.393701 -0.590551 
vn 0.204724 0.377953 -0.905512 
vn 0.204724 0.543307 -0.811024 
vn -0.23622 -0.19685 0.952756 
vn -0.19685 -0.244094 0.952756 
vn -0.244094 -0.19685 0.952756 
vn -0.19685 -0.244094 0.952756 
vn -0.23622 -0.19685 0.952756 
vn -0.19685 -0.244094 0.952756 
vn 0.244094 -0.19685 0.952756 
vn 0.19685 -0.244094 0.952756 
vn 0.23622 -0.19685 0.952756 
vn 0.19685 -0.244094 0.952756 
vn 0.19685 -0.244094 0.952756 
vn 0.23622 -0.19685 0.952756 
vn -0.165354 -0.251969 -0.952756 
vn -0.204724 -0.228346 -0.952756 
vn -0.204724 -0.228346 -0.952756 
vn -0.23622 -0.19685 -0.952756 
vn -0.244094 -0.19685 -0.952756 
vn -0.275591 -0.149606 -0.952756 
vn -0.244094 -0.19685 -0.952756 
vn -0.275591 -0.149606 -0.952756 
vn -0.299213 -0.0866142 -0.952756 
vn -0.307087 -0.0787402 -0.952756 
vn -0.314961 -0.023622 -0.944882 
vn -0.299213 -0.0866142 -0.952756 
vn -0.307087 -0.0787402 -0.952756 
vn -0.314961 -0.023622 -0.952756 
vn -0.314961 0 -0.952756 
vn -0.314961 0 -0.952756 
vn -0.314961 -0.023622 -0.952756 
vn -0.275591 -0.149606 0.952756 
vn -0.244094 -0.19685 0.952756 
vn -0.275591 -0.149606 0.952756 
vn 0.275591 -0.149606 0.952756 
vn 0.244094 -0.19685 0.952756 
vn 0.275591 -0.149606 0.952756 
vn -0.314961 -0.023622 0.952756 
vn -0.314961 0 0.952756 
vn -0.314961 -0.023622 0.944882 
vn -0.314961 0 0.952756 
vn -0.314961 -0.023622 0.952756 
vn -0.314961 0 0.952756 
vn 0.314961 -0.023622 0.944882 
vn 0.314961 0 0.952756 
vn 0.314961 -0.023622 0.952756 
vn 0.314961 0 0.952756 
vn -0.244094 -0.19685 0.952756 
vn -0.275591 -0.149606 0.952756 
vn -0.23622 -0.19685 0.952756 
vn 0.244094 -0.19685 0.952756 
vn 0.23622 -0.19685 0.952756 
vn 0.275591 -0.149606 0.952756 
vn -0.307087 -0.0787402 0.952756 
vn -0.314961 -0.023622 0.952756 
vn -0.314961 -0.023622 0.944882 
vn 0.307087 -0.0787402 0.952756 
vn 0.314961 -0.023622 0.944882 
vn 0.314961 -0.023622 0.952756 
vn 0.275591 -0.149606 0.952756 
vn 0.299213 -0.0866142 0.952756 
vn 0.275591 -0.149606 0.952756 
vn 0.307087 -0.0787402 0.952756 
vn 0.275591 -0.149606 0.952756 
vn 0.299213 -0.0866142 0.952756 
vn 0.700787 0.503937 0.503937 
vn 0.204724 0.543307 0.811024 
vn 0.700787 0.393701 0.590551 
vn 0.204724 0.543307 0.811024 
vn 0.204724 0.377953 0.905512 
vn -0.700787 0.503937 -0.503937 
vn -0.204724 0.543307 -0.811024 
vn -0.700787 0.393701 -0.590551 
vn -0.204724 0.377953 -0.905512 
vn -0.204724 0.543307 -0.811024 
vn -0.275591 -0.149606 0.952756 
vn -0.307087 -0.0787402 0.952756 
vn -0.299213 -0.0866142 0.952756 
vn -0.275591 -0.149606 0.952756 
vn -0.299213 -0.0866142 0.952756 
vn -0.275591 -0.149606 0.952756 
vn -0.700787 -0.700787 0.141732 
vn -0.204724 -0.976378 0 
vn -0.204724 -0.96063 0.188976 
vn -0.700787 -0.661417 0.275591 
vn -0.984252 -0.19685 0 
vn -0.984252 -0.188976 0.0393701 
vn -0.700787 -0.661417 0.275591 
vn -0.700787 -0.700787 0.141732 
vn -0.204724 0.543307 0.811024 
vn -0.700787 0.503937 0.503937 
vn -0.700787 0.393701 0.590551 
vn -0.204724 0.377953 0.905512 
vn -0.204724 0.543307 0.811024 
vn -0.456693 -0.0393701 0.889764 
vn -0.456693 -0.0393701 0.889764 
vn -0.456693 -0.0393701 0.889764 
vn -0.456693 -0.0393701 0.889764 
vn -0.456693 -0.0393701 0.889764 
vn -0.456693 -0.0393701 0.889764 
vn 0.456693 -0.0393701 0.889764 
vn 0.456693 -0.0393701 0.889764 
vn 0.456693 -0.0393701 0.889764 
vn 0.456693 -0.0393701 0.889764 
vn 0.456693 -0.0393701 0.889764 
vn 0.456693 -0.0393701 0.889764 
vn 0.204724 -0.976378 0 
vn 0.700787 -0.700787 -0.141732 
vn 0.700787 -0.708661 0 
vn 0.700787 -0.700787 0.141732 
vn 0.984252 -0.188976 0 
vn 0.700787 -0.700787 0.141732 
vn 0.700787 -0.700787 -0.141732 
vn -0.204724 -0.976378 0 
vn -0.700787 -0.700787 0.141732 
vn -0.700787 -0.708661 0 
vn -0.700787 -0.700787 -0.141732 
vn -0.204724 -0.976378 0 
vn -0.984252 -0.188976 0 
vn -0.700787 -0.700787 -0.141732 
vn -0.700787 -0.700787 0.141732 
vn -0.314961 -0.023622 0.944882 
vn -0.299213 -0.0866142 0.952756 
vn -0.307087 -0.0787402 0.952756 
vn 0.299213 -0.0866142 0.952756 
vn 0.314961 -0.023622 0.944882 
vn 0.307087 -0.0787402 0.952756 
vn 0.204724 0.543307 -0.811024 
vn 0.700787 0.503937 -0.503937 
vn 0.700787 0.393701 -0.590551 
vn -0.204724 0.811024 -0.543307 
vn -0.204724 0.692913 -0.692913 
vn -0.700787 0.503937 -0.503937 
vn -0.204724 0.543307 -0.811024 
vn 0.204724 0.811024 -0.543307 
vn 0.700787 0.503937 -0.503937 
vn 0.204724 0.692913 -0.692913 
vn 0.204724 0.543307 -0.811024 
vn 0.204724 0.692913 -0.692913 
vn 0.700787 0.503937 0.503937 
vn 0.204724 0.692913 0.692913 
vn 0.204724 0.543307 0.811024 
vn 0.204724 0.811024 0.543307 
vn 0.204724 0.692913 0.692913 
vn -0.700787 0.503937 0.503937 
vn -0.204724 0.543307 0.811024 
vn -0.204724 0.692913 0.692913 
vn -0.204724 0.811024 0.543307 
vn -0.204724 0.692913 0.692913 
vn 0.204724 0.811024 0.543307 
vn 0.700787 0.503937 0.503937 
vn 0.700787 0.590551 0.393701 
vn 0.204724 0.905512 -0.377953 
vn 0.700787 0.590551 -0.393701 
vn 0.204724 0.811024 -0.543307 
vn 0.700787 0.503937 -0.503937 
vn -0.204724 0.905512 0.377953 
vn -0.700787 0.590551 0.393701 
vn -0.204724 0.811024 0.543307 
vn -0.700787 0.503937 0.503937 
vn -0.700787 0.590551 -0.393701 
vn -0.204724 0.811024 -0.543307 
vn -0.700787 0.503937 -0.503937 
vn -0.204724 0.905512 -0.377953 
vn -0.700787 0.590551 -0.393701 
vn 0.700787 0.590551 0.393701 
vn 0.204724 0.905512 0.377953 
vn 0.204724 0.811024 0.543307 
vn 0.897638 0.448819 0 
vn 0.992126 0.149606 0 
vn 0.897638 0.448819 0 
vn 0.992126 0.149606 0 
vn 0.897638 0.448819 0 
vn 0.897638 0.448819 0 
vn -0.992126 0.149606 0 
vn -0.897638 0.448819 0 
vn -0.897638 0.448819 0 
vn -0.897638 0.448819 0 
vn -0.992126 0.149606 0 
vn -0.897638 0.448819 0 
vn -0.897638 0.440945 0 
vn -0.992126 0.141732 0 
vn -0.992126 0.141732 0 
vn -0.992126 0.141732 0 
vn -0.897638 0.440945 0 
vn -0.992126 0.141732 0 
vn 0.992126 0.141732 0 
vn 0.992126 0.141732 0 
vn 0.897638 0.440945 0 
vn 0.897638 0.440945 0 
vn 0.992126 0.141732 0 
vn 0.992126 0.141732 0 
vn 0.700787 0.661417 -0.275591 
vn 0.700787 0.590551 -0.393701 
vn 0.204724 0.905512 -0.377953 
vn 0.204724 0.96063 -0.188976 
vn 0.204724 0.905512 -0.377953 
vn 0.700787 0.661417 0.275591 
vn 0.204724 0.96063 0.188976 
vn 0.204724 0.905512 0.377953 
vn 0.204724 0.905512 0.377953 
vn 0.700787 0.590551 0.393701 
vn -0.204724 0.96063 0.188976 
vn -0.700787 0.661417 0.275591 
vn -0.204724 0.905512 0.377953 
vn -0.700787 0.590551 0.393701 
vn -0.204724 0.905512 0.377953 
vn 0.700787 0.700787 0.141732 
vn 0.204724 0.976378 0 
vn 0.204724 0.96063 0.188976 
vn 0.700787 0.661417 0.275591 
vn -0.204724 0.976378 0 
vn -0.700787 0.700787 0.141732 
vn -0.204724 0.96063 0.188976 
vn -0.700787 0.661417 0.275591 
vn -0.204724 0.96063 0.188976 
vn 0.700787 -0.503937 -0.503937 
vn 0.204724 -0.811024 -0.543307 
vn 0.204724 -0.692913 -0.692913 
vn 0.984252 -0.110236 -0.15748 
vn 0.984252 -0.133858 -0.133858 
vn 0.984252 -0.15748 -0.110236 
vn 0 0 1 
vn 0 0 1 
vn 0 -0.244094 0.968504 
vn 0 0 1 
vn 0 0 -1 
vn 0 -0.23622 -0.968504 
vn 0 0 -1 
vn 0 0 -1 
vn 0 0 1 
vn 0.0393701 0.992126 0.110236 
vn 0.023622 0.677165 0.732283 
vn 0 -0.244094 0.968504 
vn 0 0 1 
vn 0.023622 -0.244094 0.968504 
vn 0 -0.244094 -0.968504 
vn 0 0 -1 
vn -0.023622 -0.244094 -0.968504 
vn 0 0 -1 
vn 0 -0.244094 -0.968504 
vn 0.023622 -0.244094 -0.968504 
vn 0 -0.00787402 1 
vn 0 0 1 
vn -0.023622 -0.244094 0.968504 
vn 0 -0.00787402 1 
vn 0.023622 -0.244094 0.968504 
vn 0 0 1 
vn 0 0 -1 
vn -0.023622 -0.244094 -0.968504 
vn 0 0 -1 
vn 0.023622 -0.244094 -0.968504 
vn 0 0 -1 
vn 0 0 -1 
vn 0 -0.00787402 1 
vn -0.023622 -0.244094 0.968504 
vn -0.0314961 -0.244094 0.968504 
vn 0.023622 -0.244094 0.968504 
vn 0 -0.00787402 1 
vn 0.0314961 -0.244094 0.968504 
vn -0.023622 -0.244094 -0.968504 
vn 0 0 -1 
vn -0.0314961 -0.244094 -0.968504 
vn 0.023622 -0.244094 -0.968504 
vn 0.0314961 -0.244094 -0.968504 
vn 0 0 -1 
vn -0.700787 0.661417 -0.275591 
vn -0.204724 0.905512 -0.377953 
vn -0.700787 0.590551 -0.393701 
vn -0.204724 0.96063 -0.188976 
vn -0.204724 0.905512 -0.377953 
vn -0.984252 0.15748 -0.110236 
vn -0.984252 0.181102 -0.0708661 
vn -0.204724 0.976378 0 
vn -0.204724 0.96063 -0.188976 
vn -0.700787 0.700787 -0.141732 
vn -0.700787 0.661417 -0.275591 
vn -0.984252 0.181102 -0.0708661 
vn -0.984252 0.188976 -0.0393701 
vn -0.984252 0.188976 0 
vn 0.700787 0.700787 -0.141732 
vn 0.700787 0.661417 -0.275591 
vn 0.204724 0.96063 -0.188976 
vn 0.204724 0.976378 0 
vn 0.984252 0.188976 0 
vn 0.984252 0.188976 -0.0393701 
vn 0.984252 0.188976 -0.0393701 
vn 0.700787 0.661417 -0.275591 
vn 0.984252 0.188976 0 
vn 0.700787 0.700787 -0.141732 
vn 0.700787 0.708661 0 
vn 0.700787 0.700787 0.141732 
vn 0.700787 0.700787 -0.141732 
vn 0.204724 0.976378 0 
vn 0.204724 0.976378 0 
vn 0.700787 0.700787 0.141732 
vn -0.992126 0.141732 0 
vn -0.992126 0.141732 0 
vn -0.984252 -0.165354 0 
vn -0.992126 0.141732 0 
vn -0.984252 -0.165354 0 
vn -0.992126 0.141732 0 
vn 0.992126 0.141732 0 
vn 0.984252 -0.165354 0 
vn 0.992126 0.141732 0 
vn 0.984252 -0.165354 0 
vn 0.992126 0.141732 0 
vn 0.992126 0.141732 0 
vn 0.984252 -0.173228 0 
vn 0.984252 -0.173228 0 
vn 0.992126 0.141732 0 
vn 0.992126 0.141732 0 
vn 0.984252 -0.173228 0 
vn 0.984252 -0.173228 0 
vn 0.984252 -0.188976 0.0393701 
vn 0.700787 -0.661417 0.275591 
vn 0.700787 -0.700787 0.141732 
vn 0.700787 -0.661417 0.275591 
vn 0.984252 -0.188976 0.0393701 
vn 0.984252 -0.181102 0.0708661 
vn -0.700787 -0.700787 -0.141732 
vn -0.984252 -0.19685 0 
vn -0.984252 -0.188976 -0.0393701 
vn -0.700787 -0.661417 -0.275591 
vn 0.700787 -0.700787 -0.141732 
vn 0.700787 -0.661417 -0.275591 
vn 0.984252 -0.188976 -0.0393701 
vn -0.984252 -0.173228 0 
vn -0.984252 -0.173228 0 
vn -0.992126 0.141732 0 
vn -0.984252 -0.173228 0 
vn -0.992126 0.141732 0 
vn -0.984252 -0.173228 0 
vn -0.700787 -0.661417 -0.275591 
vn -0.984252 -0.188976 -0.0393701 
vn -0.984252 -0.181102 -0.0708661 
vn 0.700787 -0.661417 -0.275591 
vn 0.984252 -0.181102 -0.0708661 
vn 0.984252 -0.188976 -0.0393701 
vn 0.984252 -0.15748 -0.110236 
vn 0.984252 -0.181102 -0.0708661 
vn -0.984252 -0.188976 0.0393701 
vn -0.700787 -0.661417 0.275591 
vn -0.984252 -0.181102 0.0708661 
vn -0.984252 -0.15748 0.110236 
vn -0.984252 -0.181102 0.0708661 
vn 0.984252 -0.15748 0.110236 
vn 0.700787 -0.661417 0.275591 
vn 0.984252 -0.181102 0.0708661 
vn -0.984252 -0.15748 -0.110236 
vn -0.700787 -0.661417 -0.275591 
vn -0.984252 -0.181102 -0.0708661 
vn 0.984252 -0.15748 -0.110236 
vn 0.700787 -0.661417 -0.275591 
vn 0.700787 -0.590551 -0.393701 
vn 0.700787 -0.503937 -0.503937 
vn 0.984252 -0.15748 0.110236 
vn 0.700787 -0.503937 0.503937 
vn 0.700787 -0.590551 0.393701 
vn 0.700787 -0.661417 0.275591 
vn -0.700787 -0.503937 -0.503937 
vn -0.700787 -0.590551 -0.393701 
vn -0.984252 -0.15748 -0.110236 
vn -0.700787 -0.661417 -0.275591 
vn -0.984252 -0.15748 0.110236 
vn -0.700787 -0.661417 0.275591 
vn -0.700787 -0.590551 0.393701 
vn -0.700787 -0.503937 0.503937 
vn -0.984252 -0.15748 0.110236 
vn 0.984252 -0.110236 0.15748 
vn 0.700787 -0.503937 0.503937 
vn 0.984252 -0.133858 0.133858 
vn 0.984252 -0.15748 0.110236 
vn -0.984252 -0.15748 0.110236 
vn -0.700787 -0.503937 0.503937 
vn -0.984252 -0.133858 0.133858 
vn -0.984252 -0.110236 0.15748 
vn -0.984252 -0.110236 -0.15748 
vn -0.700787 -0.503937 -0.503937 
vn -0.984252 -0.133858 -0.133858 
vn -0.984252 -0.15748 -0.110236 
vn 0.0314961 -1 -0.00787402 
vn 0.0472441 -1 0 
vn 0.0314961 -1 0.0393701 
vn 0.0472441 -1 0 
vn 0.0314961 -1 0.0472441 
vn 0.0314961 -1 0.0393701 
vn -0.0393701 -1 0.0314961 
vn -0.0393701 -0.992126 -0.110236 
vn -0.023622 -0.677165 -0.732283 
vn -0.0393701 -0.992126 -0.110236 
vn -0.0393701 -1 0.0314961 
vn -0.023622 -1 -0.0393701 
vn -0.0708661 -1 0.015748 
vn 0 -1 0.015748 
vn 0 -1 0.023622 
vn -0.0708661 -1 0.015748 
vn 0 -1 0.015748 
vn -0.0708661 -1 0.015748 
vn -0.0708661 -1 -0.015748 
vn 0 -1 -0.015748 
vn 0 -1 -0.015748 
vn -0.0708661 -1 -0.023622 
vn -0.023622 -1 -0.0393701 
vn -0.0393701 -1 0.0314961 
vn 0.0708661 -1 0.023622 
vn 0 -1 0.023622 
vn 0.0708661 -1 0.015748 
vn 0.0314961 -1 0.0393701 
vn 0.0314961 -1 0.0472441 
vn 0 -1 0.023622 
vn 0.0708661 -1 -0.015748 
vn 0 -1 -0.015748 
vn 0.0708661 -1 -0.023622 
vn 0 -1 -0.015748 
vn 0.0708661 -1 -0.015748 
vn 0 -1 -0.015748 
vn 0.700787 -0.275591 -0.661417 
vn 0.984252 -0.110236 -0.15748 
vn 0.700787 -0.393701 -0.590551 
vn 0.700787 -0.503937 -0.503937 
vn 0.700787 -0.503937 0.503937 
vn 0.984252 -0.110236 0.15748 
vn 0.700787 -0.393701 0.590551 
vn 0.700787 -0.275591 0.661417 
vn -0.700787 -0.503937 -0.503937 
vn -0.984252 -0.110236 -0.15748 
vn -0.700787 -0.393701 -0.590551 
vn -0.700787 -0.275591 -0.661417 
vn -0.700787 -0.275591 0.661417 
vn -0.984252 -0.110236 0.15748 
vn -0.700787 -0.393701 0.590551 
vn -0.700787 -0.503937 0.503937 
vn -0.700787 -0.393701 0.590551 
vn 0.0708661 -1 -0.015748 
vn 0.110236 -0.992126 -0.0551181 
vn 0.11811 -0.992126 -0.0472441 
vn 0.165354 -0.984252 0.00787402 
vn 0.0708661 -1 -0.00787402 
vn 0.15748 -0.984252 -0.00787402 
vn -0.15748 -0.984252 -0.00787402 
vn -0.0708661 -1 -0.00787402 
vn -0.0708661 -1 0 
vn -0.15748 -0.984252 -0.00787402 
vn -0.0708661 -1 -0.00787402 
vn -0.165354 -0.984252 -0.00787402 
vn -0.110236 -0.992126 0.0551181 
vn -0.11811 -0.992126 0.0472441 
vn -0.0708661 -1 0.015748 
vn -0.165354 -0.984252 -0.00787402 
vn -0.0708661 -1 0.00787402 
vn -0.15748 -0.984252 0.00787402 
vn 0.0708661 -1 0.00787402 
vn 0.165354 -0.984252 -0.00787402 
vn 0.15748 -0.984252 0.00787402 
vn 0.110236 -0.992126 0.0551181 
vn 0.0708661 -1 0.015748 
vn 0.11811 -0.992126 0.0472441 
vn 0.11811 -0.992126 -0.0472441 
vn 0.110236 -0.992126 -0.0551181 
vn 0.110236 -0.992126 0.0551181 
vn 0.11811 -0.992126 0.0472441 
vn -0.11811 -0.992126 0 
vn -0.11811 -0.992126 -0.00787402 
vn -0.110236 -0.992126 0.0551181 
vn -0.11811 -0.992126 -0.00787402 
vn -0.11811 -0.992126 0.0472441 
vn -0.110236 -0.992126 0.0551181 
vn 0.984252 -0.110236 -0.15748 
vn 0.700787 -0.275591 -0.661417 
vn 0.984252 -0.0708661 -0.181102 
vn 0.700787 -0.275591 0.661417 
vn 0.984252 -0.110236 0.15748 
vn 0.984252 -0.0708661 0.181102 
vn -0.984252 -0.110236 0.15748 
vn -0.700787 -0.275591 0.661417 
vn -0.984252 -0.0708661 0.181102 
vn -0.700787 -0.141732 -0.700787 
vn -0.700787 -0.275591 -0.661417 
vn -0.984252 -0.0708661 -0.181102 
vn -0.984252 -0.110236 -0.15748 
vn -0.700787 -0.275591 -0.661417 
vn 0.700787 -0.141732 -0.700787 
vn 0.984252 -0.0708661 -0.181102 
vn 0.700787 -0.275591 -0.661417 
vn 0.251969 -0.968504 -0.023622 
vn 0.165354 -0.984252 -0.00787402 
vn 0.165354 -0.984252 -0.023622 
vn 0.165354 -0.984252 0.00787402 
vn 0.251969 -0.968504 0.023622 
vn 0.165354 -0.984252 0.023622 
vn -0.251969 -0.968504 0.023622 
vn -0.165354 -0.984252 0.00787402 
vn -0.165354 -0.984252 0.023622 
vn -0.251969 -0.968504 -0.023622 
vn -0.165354 -0.984252 -0.023622 
vn -0.165354 -0.984252 -0.00787402 
vn 0.984252 -0.0708661 0.181102 
vn 0.700787 -0.141732 0.700787 
vn 0.700787 -0.275591 0.661417 
vn -0.700787 -0.141732 0.700787 
vn -0.984252 -0.0708661 0.181102 
vn -0.700787 -0.275591 0.661417 
vn -0.19685 -0.984252 0 
vn -0.251969 -0.968504 0 
vn -0.251969 -0.968504 0 
vn 0.19685 -0.984252 0 
vn 0.251969 -0.968504 0 
vn 0.165354 -0.984252 0 
vn 0.251969 -0.968504 0 
vn 0.19685 -0.984252 0 
vn 0.251969 -0.968504 0 
vn -0.251969 -0.968504 0 
vn -0.165354 -0.984252 0 
vn -0.19685 -0.984252 0 
vn 0.165354 -0.984252 0 
vn 0.251969 -0.968504 0 
vn 0.19685 -0.984252 0 
vn 0.251969 -0.968504 0 
vn 0.165354 -0.984252 0 
vn 0.251969 -0.968504 0 
vn -0.251969 -0.968504 0 
vn -0.19685 -0.984252 0 
vn -0.165354 -0.984252 0 
vn -0.165354 -0.984252 0 
vn -0.251969 -0.968504 0 
vn -0.251969 -0.968504 0 
vn 0.984252 -0.0708661 -0.181102 
vn 0.700787 -0.141732 -0.700787 
vn 0.984252 -0.0393701 -0.188976 
vn 0.700787 0 -0.716535 
vn 0.984252 -0.0393701 -0.188976 
vn 0.700787 -0.141732 0.700787 
vn 0.984252 -0.0708661 0.181102 
vn 0.984252 -0.0393701 0.188976 
vn 0.984252 -0.0393701 0.188976 
vn 0.700787 0 0.716535 
vn -0.984252 -0.0708661 -0.181102 
vn -0.984252 -0.0393701 -0.188976 
vn -0.700787 -0.141732 -0.700787 
vn -0.700787 0 -0.716535 
vn -0.984252 -0.0708661 0.181102 
vn -0.700787 -0.141732 0.700787 
vn -0.984252 -0.0393701 0.188976 
vn -0.700787 0 0.716535 
vn 0.700787 0 0.716535 
vn 0.984252 -0.0393701 0.188976 
vn 0.984252 0 0.19685 
vn -0.984252 -0.0393701 0.188976 
vn -0.700787 0 0.716535 
vn -0.984252 0 0.19685 
vn 0.220472 -0.976378 0.00787402 
vn 0.307087 -0.952756 -0.023622 
vn 0.307087 -0.952756 -0.023622 
vn 0.307087 -0.952756 0.023622 
vn 0.220472 -0.976378 -0.00787402 
vn 0.307087 -0.952756 0.023622 
vn -0.220472 -0.976378 -0.00787402 
vn -0.307087 -0.952756 0.023622 
vn -0.314961 -0.952756 0.023622 
vn -0.307087 -0.952756 -0.023622 
vn -0.220472 -0.976378 0.00787402 
vn -0.314961 -0.952756 -0.023622 
vn 0.700787 0 -0.716535 
vn 0.984252 0.0393701 -0.188976 
vn 0.984252 0 -0.19685 
vn 0.984252 -0.0393701 -0.188976 
vn 0.984252 0 -0.19685 
vn -0.984252 -0.0393701 -0.188976 
vn -0.984252 0 -0.19685 
vn -0.700787 0 -0.716535 
vn -0.984252 0.0393701 -0.188976 
vn 0.251969 -0.968504 0 
vn 0.354331 -0.937008 0 
vn 0.354331 -0.937008 0 
vn -0.354331 -0.937008 0 
vn -0.251969 -0.968504 0 
vn -0.354331 -0.937008 0 
vn -0.251969 -0.968504 0 
vn -0.251969 -0.968504 0 
vn -0.354331 -0.937008 0 
vn -0.354331 -0.937008 0 
vn -0.251969 -0.968504 0 
vn -0.354331 -0.937008 0 
vn 0.354331 -0.937008 0 
vn 0.251969 -0.968504 0 
vn 0.251969 -0.968504 0 
vn 0.251969 -0.968504 0 
vn 0.354331 -0.937008 0 
vn 0.354331 -0.937008 0 
vn -0.251969 -0.968504 0 
vn -0.354331 -0.937008 0 
vn -0.354331 -0.937008 0 
vn -0.354331 -0.937008 0 
vn -0.251969 -0.968504 0 
vn -0.251969 -0.968504 0 
vn 0.251969 -0.968504 0 
vn 0.354331 -0.937008 0 
vn 0.251969 -0.968504 0 
vn 0.354331 -0.937008 0 
vn 0.251969 -0.968504 0 
vn 0.354331 -0.937008 0 
vn 0.354331 -0.937008 0 
vn 0.251969 -0.968504 0 
vn 0.354331 -0.937008 0 
vn -0.251969 -0.968504 0 
vn -0.354331 -0.937008 0 
vn -0.354331 -0.937008 0 
vn 0.700787 0.141732 0.700787 
vn 0.700787 0 0.716535 
vn 0.984252 0.0393701 0.188976 
vn 0.700787 0 0.716535 
vn 0.984252 0 0.19685 
vn 0.984252 0.0393701 0.188976 
vn -0.984252 0.0393701 0.188976 
vn -0.700787 0 0.716535 
vn -0.700787 0.141732 0.700787 
vn -0.700787 0 0.716535 
vn -0.984252 0.0393701 0.188976 
vn -0.984252 0 0.19685 
vn 0.354331 -0.937008 0 
vn 0.251969 -0.968504 0 
vn 0.259843 -0.968504 0 
vn -0.259843 -0.968504 0 
vn -0.251969 -0.968504 0 
vn -0.354331 -0.937008 0 
vn 0.251969 -0.968504 0 
vn 0.354331 -0.937008 -0.00787402 
vn 0.259843 -0.968504 0 
vn -0.354331 -0.937008 -0.00787402 
vn -0.251969 -0.968504 0 
vn -0.259843 -0.968504 0 
vn 0.984252 0.0393701 -0.188976 
vn 0.700787 0 -0.716535 
vn 0.700787 0.141732 -0.700787 
vn 0.700787 0.275591 -0.661417 
vn 0.984252 0.0393701 -0.188976 
vn -0.700787 0 -0.716535 
vn -0.984252 0.0393701 -0.188976 
vn -0.700787 0.141732 -0.700787 
vn -0.984252 0.0393701 -0.188976 
vn -0.700787 0.275591 -0.661417 
vn 0.700787 0.275591 0.661417 
vn 0.984252 0.0393701 0.188976 
vn 0.984252 0.0708661 0.181102 
vn 0.984252 0.0393701 0.188976 
vn 0.700787 0.275591 0.661417 
vn 0.700787 0.141732 0.700787 
vn -0.700787 0.275591 0.661417 
vn -0.984252 0.0393701 0.188976 
vn -0.700787 0.141732 0.700787 
vn -0.984252 0.0393701 0.188976 
vn -0.700787 0.275591 0.661417 
vn -0.984252 0.0708661 0.181102 
vn 0.984252 0.0393701 -0.188976 
vn 0.700787 0.275591 -0.661417 
vn 0.984252 0.0708661 -0.181102 
vn 0.700787 0.393701 -0.590551 
vn -0.984252 0.0708661 -0.181102 
vn -0.700787 0.393701 -0.590551 
vn -0.700787 0.275591 -0.661417 
vn -0.984252 0.0393701 -0.188976 
vn -0.984252 0.0708661 -0.181102 
vn 0.464567 -0.889764 0 
vn 0.354331 -0.937008 0 
vn 0.472441 -0.88189 0 
vn -0.354331 -0.937008 0 
vn -0.464567 -0.889764 0 
vn -0.472441 -0.88189 0 
vn -0.354331 -0.937008 0 
vn -0.354331 -0.937008 0 
vn -0.440945 -0.897638 0 
vn -0.448819 -0.889764 0 
vn -0.440945 -0.897638 0 
vn -0.354331 -0.937008 0 
vn -0.354331 -0.937008 0 
vn 0.354331 -0.937008 0 
vn 0.440945 -0.897638 0 
vn 0.354331 -0.937008 0 
vn 0.440945 -0.897638 0 
vn 0.354331 -0.937008 0 
vn 0.448819 -0.889764 0 
vn -0.354331 -0.937008 0 
vn -0.448819 -0.889764 0 
vn -0.464567 -0.889764 0 
vn -0.448819 -0.889764 0 
vn -0.354331 -0.937008 0 
vn -0.354331 -0.937008 0 
vn 0.464567 -0.889764 0 
vn 0.354331 -0.937008 0 
vn 0.354331 -0.937008 0 
vn 0.354331 -0.937008 0 
vn 0.464567 -0.889764 0 
vn 0.448819 -0.889764 0 
vn 0.354331 -0.937008 0 
vn 0.433071 -0.897638 0 
vn 0.354331 -0.937008 0 
vn 0.433071 -0.897638 0 
vn 0.354331 -0.937008 0 
vn 0.440945 -0.897638 0 
vn -0.354331 -0.937008 0 
vn -0.433071 -0.897638 0 
vn -0.440945 -0.897638 0 
vn -0.433071 -0.897638 0 
vn -0.354331 -0.937008 0 
vn -0.354331 -0.937008 0 
vn 0.984252 0.0708661 0.181102 
vn 0.700787 0.393701 0.590551 
vn 0.700787 0.275591 0.661417 
vn 0.700787 0.393701 0.590551 
vn 0.984252 0.0708661 0.181102 
vn 0.984252 0.110236 0.15748 
vn -0.700787 0.393701 0.590551 
vn -0.984252 0.0708661 0.181102 
vn -0.700787 0.275591 0.661417 
vn -0.984252 0.0708661 0.181102 
vn -0.700787 0.393701 0.590551 
vn -0.984252 0.110236 0.15748 
vn -0.700787 0.393701 -0.590551 
vn -0.984252 0.0708661 -0.181102 
vn -0.984252 0.110236 -0.15748 
vn 0.984252 0.0708661 -0.181102 
vn 0.700787 0.393701 -0.590551 
vn 0.984252 0.110236 -0.15748 
vn 0.700787 0.503937 -0.503937 
vn 0.984252 0.110236 -0.15748 
vn 0.433071 -0.897638 0 
vn 0.551181 -0.834646 -0.00787402 
vn 0.551181 -0.834646 -0.00787402 
vn -0.551181 -0.834646 -0.00787402 
vn -0.433071 -0.897638 0 
vn -0.551181 -0.834646 -0.00787402 
vn 0.700787 0.503937 0.503937 
vn 0.984252 0.110236 0.15748 
vn 0.984252 0.133858 0.133858 
vn 0.984252 0.110236 0.15748 
vn 0.700787 0.503937 0.503937 
vn 0.700787 0.393701 0.590551 
vn 0.354331 -0.937008 0 
vn 0.464567 -0.889764 0 
vn 0.354331 -0.937008 0 
vn 0.543307 -0.84252 -0.00787402 
vn 0.543307 -0.84252 -0.00787402 
vn -0.700787 0.503937 0.503937 
vn -0.984252 0.110236 0.15748 
vn -0.700787 0.393701 0.590551 
vn -0.984252 0.110236 -0.15748 
vn -0.700787 0.503937 -0.503937 
vn -0.700787 0.393701 -0.590551 
vn -0.543307 -0.834646 -0.00787402 
vn -0.440945 -0.897638 0 
vn -0.551181 -0.834646 -0.00787402 
vn 0.440945 -0.897638 0 
vn 0.543307 -0.834646 -0.00787402 
vn 0.551181 -0.834646 -0.00787402 
vn 0.551181 -0.834646 -0.00787402 
vn 0.433071 -0.897638 0 
vn 0.440945 -0.897638 0 
vn -0.984252 0.110236 0.15748 
vn -0.700787 0.503937 0.503937 
vn -0.984252 0.133858 0.133858 
vn -0.984252 0.15748 0.110236 
vn -0.984252 0.15748 -0.110236 
vn -0.700787 0.503937 -0.503937 
vn -0.984252 0.133858 -0.133858 
vn -0.984252 0.110236 -0.15748 
vn 0.700787 0.503937 -0.503937 
vn 0.984252 0.133858 -0.133858 
vn 0.984252 0.110236 -0.15748 
vn 0.700787 0.590551 -0.393701 
vn -0.440945 -0.897638 0 
vn -0.433071 -0.897638 0 
vn -0.551181 -0.834646 -0.00787402 
vn 0.984252 0.133858 0.133858 
vn 0.700787 0.590551 0.393701 
vn 0.700787 0.503937 0.503937 
vn 0.543307 -0.834646 -0.00787402 
vn 0.440945 -0.897638 0 
vn 0.448819 -0.889764 0 
vn 0.448819 -0.889764 0 
vn 0.543307 -0.84252 -0.00787402 
vn 0.543307 -0.834646 -0.00787402 
vn -0.448819 -0.889764 0 
vn -0.440945 -0.897638 0 
vn -0.543307 -0.834646 -0.00787402 
vn -0.543307 -0.84252 -0.00787402 
vn -0.448819 -0.889764 0 
vn -0.543307 -0.834646 -0.00787402 
vn 0.700787 0.590551 -0.393701 
vn 0.700787 0.661417 -0.275591 
vn 0.984252 0.15748 -0.110236 
vn 0.984252 0.133858 -0.133858 
vn 0.984252 0.15748 0.110236 
vn 0.700787 0.661417 0.275591 
vn 0.700787 0.590551 0.393701 
vn 0.700787 0.590551 0.393701 
vn 0.984252 0.133858 0.133858 
vn -0.984252 0.15748 0.110236 
vn -0.700787 0.503937 0.503937 
vn -0.700787 0.590551 0.393701 
vn -0.700787 0.661417 0.275591 
vn -0.984252 0.15748 0.110236 
vn -0.700787 0.503937 -0.503937 
vn -0.984252 0.15748 -0.110236 
vn -0.700787 0.590551 -0.393701 
vn -0.700787 0.661417 -0.275591 
vn -0.464567 -0.889764 0 
vn -0.448819 -0.889764 0 
vn -0.543307 -0.84252 -0.00787402 
vn 0.543307 -0.84252 -0.00787402 
vn 0.448819 -0.889764 0 
vn 0.464567 -0.889764 0 
vn -0.543307 -0.84252 -0.00787402 
vn -0.629921 -0.771654 0 
vn -0.629921 -0.779528 0 
vn 0.629921 -0.771654 0 
vn 0.543307 -0.84252 -0.00787402 
vn 0.629921 -0.779528 0 
vn -0.543307 -0.84252 -0.00787402 
vn -0.464567 -0.889764 0 
vn -0.543307 -0.84252 -0.00787402 
vn 0.984252 0.188976 0.0393701 
vn 0.700787 0.661417 0.275591 
vn 0.984252 0.181102 0.0708661 
vn 0.984252 0.15748 0.110236 
vn 0.984252 0.181102 -0.0708661 
vn 0.984252 0.15748 -0.110236 
vn 0.700787 0.661417 -0.275591 
vn 0.700787 0.661417 -0.275591 
vn 0.984252 0.188976 -0.0393701 
vn -0.700787 0.700787 0.141732 
vn -0.984252 0.181102 0.0708661 
vn -0.700787 0.661417 0.275591 
vn -0.984252 0.15748 0.110236 
vn -0.984252 0.181102 0.0708661 
vn 0.543307 -0.84252 -0.00787402 
vn 0.464567 -0.889764 0 
vn 0.472441 -0.88189 0 
vn -0.472441 -0.88189 0 
vn -0.464567 -0.889764 0 
vn -0.543307 -0.84252 -0.00787402 
vn -0.700787 0.700787 -0.141732 
vn -0.700787 0.661417 -0.275591 
vn -0.984252 0.181102 -0.0708661 
vn 0.984252 0.188976 0 
vn 0.700787 0.700787 0.141732 
vn 0.984252 0.188976 0.0393701 
vn 0.700787 0.661417 0.275591 
vn 0.984252 0.188976 0.0393701 
vn -0.984252 0.19685 0 
vn -0.984252 0.188976 0.0393701 
vn -0.700787 0.700787 0.141732 
vn -0.984252 0.181102 0.0708661 
vn -0.543307 -0.84252 -0.00787402 
vn -0.645669 -0.76378 0 
vn -0.629921 -0.771654 0 
vn 0.645669 -0.76378 0 
vn 0.543307 -0.84252 -0.00787402 
vn 0.629921 -0.771654 0 
vn -0.629921 -0.771654 0 
vn -0.543307 -0.84252 -0.00787402 
vn -0.543307 -0.84252 -0.00787402 
vn 0.543307 -0.84252 -0.00787402 
vn 0.629921 -0.771654 0 
vn 0.543307 -0.84252 -0.00787402 
vn 0.543307 -0.84252 -0.00787402 
vn 0.645669 -0.76378 0 
vn 0.543307 -0.834646 -0.00787402 
vn -0.543307 -0.834646 -0.00787402 
vn -0.653543 -0.755906 0 
vn -0.645669 -0.76378 0 
vn -0.645669 -0.76378 0 
vn -0.543307 -0.84252 -0.00787402 
vn -0.543307 -0.834646 -0.00787402 
vn 0.543307 -0.834646 -0.00787402 
vn 0.653543 -0.755906 0 
vn 0.551181 -0.834646 -0.00787402 
vn -0.653543 -0.755906 0 
vn -0.543307 -0.834646 -0.00787402 
vn -0.551181 -0.834646 -0.00787402 
vn -0.551181 -0.834646 -0.00787402 
vn -0.661417 -0.748031 0 
vn -0.653543 -0.755906 0 
vn 0.661417 -0.748031 0 
vn 0.551181 -0.834646 -0.00787402 
vn 0.653543 -0.755906 0 
vn 0.551181 -0.834646 -0.00787402 
vn 0.661417 -0.748031 0 
vn 0.551181 -0.834646 -0.00787402 
vn -0.661417 -0.748031 0 
vn -0.551181 -0.834646 -0.00787402 
vn -0.551181 -0.834646 -0.00787402 
vn 0.653543 -0.755906 0 
vn 0.543307 -0.834646 -0.00787402 
vn 0.645669 -0.76378 0 
vn 0.779528 -0.629921 0 
vn 0.653543 -0.755906 0 
vn 0.629921 -0.779528 0 
vn 0.779528 -0.629921 0 
vn 0.629921 -0.771654 0 
vn 0.779528 -0.629921 0 
vn 0.629921 -0.779528 0 
vn 0.779528 -0.629921 0 
vn -0.629921 -0.779528 0 
vn -0.629921 -0.771654 0 
vn -0.779528 -0.629921 0 
vn -0.779528 -0.629921 0 
vn -0.629921 -0.771654 0 
vn -0.779528 -0.629921 0 
vn -0.645669 -0.76378 0 
vn -0.653543 -0.755906 0 
vn -0.779528 -0.629921 0 
vn -0.779528 -0.629921 0 
vn -0.661417 -0.755906 0 
vn -0.779528 -0.629921 0 
vn -0.629921 -0.771654 0 
vn -0.779528 -0.629921 0 
vn -0.779528 -0.629921 0 
vn -0.779528 -0.629921 0 
vn -0.629921 -0.771654 0 
vn -0.645669 -0.76378 0 
vn 0.779528 -0.629921 0 
vn 0.645669 -0.76378 0 
vn 0.629921 -0.771654 0 
vn 0.645669 -0.76378 0 
vn 0.779528 -0.629921 0 
vn 0.779528 -0.629921 0 
vn 0.653543 -0.755906 0 
vn 0.779528 -0.629921 0 
vn 0.661417 -0.748031 0 
vn 0.779528 -0.629921 0 
vn 0.661417 -0.755906 0 
vn 0.779528 -0.629921 0 
vn -0.661417 -0.755906 0 
vn -0.661417 -0.748031 0 
vn -0.779528 -0.629921 0 
vn -0.779528 -0.629921 0 
vn -0.661417 -0.748031 0 
vn -0.779528 -0.629921 0 
vn 0.779528 -0.629921 0 
vn 0.645669 -0.76378 0 
vn 0.779528 -0.629921 0 
vn 0.984252 0.133858 -0.133858 
vn 0.984252 0.188976 -0.0393701 
vn 0.984252 0.110236 -0.15748 
vn 0.984252 0.181102 -0.0708661 
vn 0.984252 0.15748 -0.110236 
vn 0.984252 0.188976 0 
vn 0.984252 0.110236 -0.15748 
vn 0.984252 0.188976 0 
vn 0.984252 -0.0708661 -0.181102 
vn 0.984252 0.110236 0.15748 
vn 0.984252 0.188976 0.0393701 
vn 0.984252 -0.0708661 0.181102 
vn 0.984252 0.110236 0.15748 
vn 0.984252 0.133858 0.133858 
vn 0.984252 0.181102 0.0708661 
vn 0.984252 0.15748 0.110236 
vn 0.984252 -0.133858 -0.133858 
vn 0.984252 -0.110236 -0.15748 
vn 0.984252 -0.181102 -0.0708661 
vn 0.984252 -0.15748 -0.110236 
vn 0.984252 -0.133858 0.133858 
vn 0.984252 -0.110236 0.15748 
vn 0.984252 -0.181102 0.0708661 
vn 0.984252 -0.15748 0.110236 
vn 0.984252 -0.188976 0 
vn 0.984252 -0.181102 -0.0708661 
vn 0.984252 -0.188976 -0.0393701 
vn 0.984252 -0.181102 0.0708661 
vn 0.984252 -0.188976 0.0393701 
vn 0.984252 0.110236 0.15748 
vn 0.984252 0 0.19685 
vn 0.984252 0.0708661 0.181102 
vn 0.984252 -0.0708661 0.181102 
vn 0.984252 -0.0393701 0.188976 
vn 0.984252 0.0708661 0.181102 
vn 0.984252 0.0393701 0.188976 
vn 0.984252 0 -0.19685 
vn 0.984252 0.110236 -0.15748 
vn 0.984252 0.0708661 -0.181102 
vn 0.984252 0.0393701 -0.188976 
vn 0.984252 -0.0708661 -0.181102 
vn 0.984252 -0.0393701 -0.188976 
vn -0.984252 -0.0708661 0.181102 
vn -0.984252 0 0.19685 
vn -0.984252 0.110236 0.15748 
vn -0.984252 0.0708661 0.181102 
vn -0.984252 -0.0393701 0.188976 
vn -0.984252 0.0708661 0.181102 
vn -0.984252 0.0393701 0.188976 
vn -0.984252 0.188976 0 
vn -0.984252 0.188976 0.0393701 
vn -0.984252 0.133858 0.133858 
vn -0.984252 0.110236 0.15748 
vn -0.984252 0.181102 0.0708661 
vn -0.984252 0.15748 0.110236 
vn -0.984252 0.110236 -0.15748 
vn -0.984252 0.188976 -0.0393701 
vn -0.984252 -0.0708661 -0.181102 
vn -0.984252 -0.133858 0.133858 
vn -0.984252 -0.0708661 0.181102 
vn -0.984252 -0.110236 0.15748 
vn -0.984252 -0.133858 -0.133858 
vn -0.984252 -0.110236 -0.15748 
vn -0.984252 -0.181102 -0.0708661 
vn -0.984252 -0.181102 -0.0708661 
vn -0.984252 -0.15748 -0.110236 
vn -0.984252 -0.181102 0.0708661 
vn -0.984252 -0.15748 0.110236 
vn -0.984252 -0.188976 0 
vn -0.984252 -0.188976 -0.0393701 
vn -0.984252 -0.181102 0.0708661 
vn -0.984252 -0.188976 0.0393701 
vn -0.984252 0 -0.19685 
vn -0.984252 0.110236 -0.15748 
vn -0.984252 0.0708661 -0.181102 
vn -0.984252 -0.0708661 -0.181102 
vn -0.984252 -0.0393701 -0.188976 
vn -0.984252 0.0708661 -0.181102 
vn -0.984252 0.0393701 -0.188976 
vn -0.984252 0.110236 -0.15748 
vn -0.984252 0.188976 -0.0393701 
vn -0.984252 0.133858 -0.133858 
vn -0.984252 0.181102 -0.0708661 
vn -0.984252 0.181102 -0.0708661 
vn -0.984252 0.15748 -0.110236 
vn 0.779528 -0.629921 0 
vn 0.889764 -0.464567 0 
vn 0.779528 -0.629921 0 
vn 0.889764 -0.464567 0 
vn 0.779528 -0.629921 0 
vn 0.889764 -0.464567 0 
vn 0.889764 -0.464567 0 
vn 0.779528 -0.629921 0 
vn 0.779528 -0.629921 0 
vn 0.779528 -0.629921 0 
vn 0.889764 -0.464567 0 
vn 0.889764 -0.464567 0 
vn 0.779528 -0.629921 0 
vn 0.889764 -0.464567 0 
vn 0.779528 -0.629921 0 
vn 0.889764 -0.464567 0 
vn 0.779528 -0.629921 0 
vn 0.889764 -0.464567 0 
vn 0.889764 -0.464567 0 
vn 0.779528 -0.629921 0 
vn 0.779528 -0.629921 0 
vn 0.779528 -0.629921 0 
vn 0.889764 -0.464567 0 
vn 0.889764 -0.464567 0 
vn -0.779528 -0.629921 0 
vn -0.779528 -0.629921 0 
vn -0.889764 -0.464567 0 
vn -0.889764 -0.464567 0 
vn -0.779528 -0.629921 0 
vn -0.889764 -0.464567 0 
vn -0.779528 -0.629921 0 
vn -0.889764 -0.464567 0 
vn -0.889764 -0.464567 0 
vn -0.889764 -0.464567 0 
vn -0.779528 -0.629921 0 
vn -0.779528 -0.629921 0 
vn -0.779528 -0.629921 0 
vn -0.889764 -0.464567 0 
vn -0.889764 -0.464567 0 
vn -0.889764 -0.464567 0 
vn -0.779528 -0.629921 0 
vn -0.779528 -0.629921 0 
vn -0.779528 -0.629921 0 
vn -0.779528 -0.629921 0 
vn -0.889764 -0.464567 0 
vn -0.889764 -0.464567 0 
vn -0.889764 -0.464567 0 
vn -0.968504 -0.259843 0 
vn -0.968504 -0.259843 0 
vn -1 0 0 
vn -1 0 0 
vn -1 -0.0551181 0 
vn -1 -0.0551181 0 
vn -1 -0.0551181 0 
vn -1 0 0 
vn -1 0 0 
vn -1 0 0 
vn -1 -0.0551181 0 
vn -1 -0.0551181 0 
vn -1 0 0 
vn -1 -0.0551181 0 
vn -1 0 0 
vn -1 -0.0551181 0 
vn -1 0 0 
vn -1 -0.0551181 0 
vn -1 0 0 
vn -1 0 0 
vn -1 -0.0551181 0 
vn 1 0 0 
vn 1 -0.0551181 0 
vn 1 -0.0551181 0 
vn 1 -0.0551181 0 
vn 1 0 0 
vn 1 0 0 
vn 1 0 0 
vn 1 -0.0551181 0 
vn 1 -0.0551181 0 
vn 1 0 0 
vn 1 0 0 
vn 1 -0.0551181 0 
vn 1 -0.0551181 0 
vn 1 -0.0551181 0 
vn 1 0 0 
vn 1 0 0 
vn 1 0 0 
vn 1 -0.0551181 0 
vn 1 -0.0551181 0 
vn 1 -0.0551181 0 
vn 1 0 0 
vn 1 0 0 
vn -1 -0.0551181 0 
vn -0.968504 -0.259843 0 
vn -1 -0.0551181 0 
vn -1 0 0 
vn 0.968504 -0.259843 0 
vn 0.889764 -0.464567 0 
vn 0.968504 -0.259843 0 
vn 0.889764 -0.464567 0 
vn 0.968504 -0.259843 0 
vn 0.889764 -0.464567 0 
vn 0.889764 -0.464567 0 
vn 0.968504 -0.259843 0 
vn 0.889764 -0.464567 0 
vn 0.968504 -0.259843 0 
vn 0.889764 -0.464567 0 
vn 0.968504 -0.259843 0 
vn -0.889764 -0.464567 0 
vn -0.968504 -0.259843 0 
vn -0.968504 -0.259843 0 
vn -0.968504 -0.259843 0 
vn -0.889764 -0.464567 0 
vn -0.889764 -0.464567 0 
vn -0.889764 -0.464567 0 
vn -0.889764 -0.464567 0 
vn -0.968504 -0.259843 0 
vn -0.968504 -0.259843 0 
vn -0.889764 -0.464567 0 
vn -0.968504 -0.259843 0 
vn 0.968504 -0.259843 0 
vn 0.889764 -0.464567 0 
vn 0.889764 -0.464567 0 
vn 0.889764 -0.464567 0 
vn 0.968504 -0.259843 0 
vn 0.968504 -0.259843 0 
vn -0.889764 -0.464567 0 
vn -0.889764 -0.464567 0 
vn -0.968504 -0.259843 0 
vn 0.889764 -0.464567 0 
vn 0.968504 -0.259843 0 
vn 0.889764 -0.464567 0 
vn 0.968504 -0.259843 0 
vn 0.889764 -0.464567 0 
vn 0.968504 -0.259843 0 
vn -0.889764 -0.464567 0 
vn -0.889764 -0.464567 0 
vn -0.968504 -0.259843 0 
vn -0.968504 -0.259843 0 
vn -0.889764 -0.464567 0 
vn -0.968504 -0.259843 0 
vn 1 -0.0551181 0 
vn 0.968504 -0.259843 0 
vn 0.968504 -0.259843 0 
vn 0.968504 -0.259843 0 
vn 1 -0.0551181 0 
vn 1 -0.0551181 0 
vn 0.968504 -0.259843 0 
vn 1 -0.0551181 0 
vn 0.968504 -0.259843 0 
vn 1 -0.0551181 0 
vn 0.968504 -0.259843 0 
vn 1 -0.0551181 0 
vn 0.968504 -0.259843 0 
vn 1 -0.0551181 0 
vn 0.968504 -0.259843 0 
vn 1 -0.0551181 0 
vn 0.968504 -0.259843 0 
vn 1 -0.0551181 0 
vn 0.968504 -0.259843 0 
vn 1 -0.0551181 0 
vn 0.968504 -0.259843 0 
vn 1 -0.0551181 0 
vn 0.968504 -0.259843 0 
vn 1 -0.0551181 0 
vn -1 -0.0551181 0 
vn -0.968504 -0.259843 0 
vn -0.968504 -0.259843 0 
vn -0.968504 -0.259843 0 
vn -1 -0.0551181 0 
vn -1 -0.0551181 0 
vn -1 -0.0551181 0 
vn -0.968504 -0.259843 0 
vn -0.968504 -0.259843 0 
vn -0.968504 -0.259843 0 
vn -1 -0.0551181 0 
vn -1 -0.0551181 0 
vn -1 -0.0551181 0 
vn -0.968504 -0.259843 0 
vn -0.968504 -0.259843 0 
vn -1 -0.0551181 0 
vn -0.968504 -0.259843 0 
vn -0.968504 -0.259843 0 
vn -1 -0.0551181 0 
vn -0.968504 -0.259843 0 
vn -1 -0.0551181 0 

vt 0.854053 0.852825 
vt 0.855035 0.849586 
vt 0.855011 0.852847 
vt 0.854994 0.856107 
vt 0.854053 0.852825 
vt 0.855987 0.85287 
vt 0.854994 0.856107 
vt 0.855035 0.849586 
vt 0.843651 0.859105 
vt 0.842635 0.86238 
vt 0.842678 0.859047 
vt 0.843678 0.855795 
vt 0.843651 0.859105 
vt 0.841596 0.862293 
vt 0.841657 0.858972 
vt 0.842678 0.859047 
vt 0.841713 0.855694 
vt 0.841746 0.849245 
vt 0.842749 0.849228 
vt 0.842736 0.852489 
vt 0.841723 0.845966 
vt 0.841746 0.849245 
vt 0.855987 0.85287 
vt 0.855035 0.849586 
vt 0.856037 0.849646 
vt 0.855076 0.846287 
vt 0.856037 0.849646 
vt 0.842716 0.85575 
vt 0.842678 0.859047 
vt 0.841713 0.855694 
vt 0.855997 0.856095 
vt 0.854995 0.859406 
vt 0.854994 0.856107 
vt 0.854995 0.859406 
vt 0.855997 0.856095 
vt 0.856016 0.859374 
vt 0.841694 0.842643 
vt 0.842745 0.845928 
vt 0.841723 0.845966 
vt 0.842749 0.849228 
vt 0.841723 0.845966 
vt 0.856037 0.849646 
vt 0.855076 0.846287 
vt 0.856098 0.846368 
vt 0.856164 0.843047 
vt 0.856098 0.846368 
vt 0.856039 0.862697 
vt 0.854995 0.859406 
vt 0.856016 0.859374 
vt 0.842745 0.845928 
vt 0.841694 0.842643 
vt 0.842735 0.842592 
vt 0.841694 0.842643 
vt 0.84272 0.839219 
vt 0.841596 0.862293 
vt 0.842678 0.859047 
vt 0.842635 0.86238 
vt 0.84259 0.865745 
vt 0.855178 0.839581 
vt 0.856164 0.843047 
vt 0.855125 0.842952 
vt 0.855076 0.846287 
vt 0.854995 0.859406 
vt 0.856039 0.862697 
vt 0.855 0.86274 
vt 0.855006 0.866105 
vt 0.842716 0.85575 
vt 0.843693 0.852507 
vt 0.843678 0.855795 
vt 0.842678 0.859047 
vt 0.84176 0.85247 
vt 0.841713 0.855694 
vt 0.854053 0.852825 
vt 0.854994 0.856107 
vt 0.854032 0.856112 
vt 0.854995 0.859406 
vt 0.854032 0.856112 
vt 0.855987 0.85287 
vt 0.855997 0.856095 
vt 0.841533 0.865653 
vt 0.841596 0.862293 
vt 0.84259 0.865745 
vt 0.841469 0.86905 
vt 0.84272 0.839219 
vt 0.841694 0.842643 
vt 0.841661 0.839282 
vt 0.841617 0.835885 
vt 0.855006 0.866105 
vt 0.856039 0.862697 
vt 0.856064 0.866058 
vt 0.85609 0.869458 
vt 0.856164 0.843047 
vt 0.855178 0.839581 
vt 0.856236 0.839689 
vt 0.856318 0.836293 
vt 0.841617 0.835885 
vt 0.842656 0.832337 
vt 0.842697 0.835806 
vt 0.84272 0.839219 
vt 0.841617 0.835885 
vt 0.842499 0.872571 
vt 0.841469 0.86905 
vt 0.842545 0.869141 
vt 0.841469 0.86905 
vt 0.84259 0.865745 
vt 0.855178 0.839581 
vt 0.85524 0.836169 
vt 0.856318 0.836293 
vt 0.85532 0.832703 
vt 0.855019 0.872934 
vt 0.855013 0.869503 
vt 0.85609 0.869458 
vt 0.855006 0.866105 
vt 0.856318 0.836293 
vt 0.85532 0.832703 
vt 0.856421 0.832862 
vt 0.842656 0.832337 
vt 0.841617 0.835885 
vt 0.841554 0.832449 
vt 0.842575 0.828774 
vt 0.842457 0.87604 
vt 0.841404 0.872488 
vt 0.842499 0.872571 
vt 0.841469 0.86905 
vt 0.841404 0.872488 
vt 0.85609 0.869458 
vt 0.856116 0.872897 
vt 0.855019 0.872934 
vt 0.855022 0.876404 
vt 0.841404 0.872488 
vt 0.842457 0.87604 
vt 0.841338 0.875974 
vt 0.856421 0.832862 
vt 0.855442 0.829145 
vt 0.856572 0.829392 
vt 0.855442 0.829145 
vt 0.856421 0.832862 
vt 0.85532 0.832703 
vt 0.842575 0.828774 
vt 0.841554 0.832449 
vt 0.841442 0.828974 
vt 0.842387 0.82499 
vt 0.856116 0.872897 
vt 0.856142 0.876385 
vt 0.855022 0.876404 
vt 0.855008 0.879921 
vt 0.856142 0.876385 
vt 0.842432 0.879557 
vt 0.841338 0.875974 
vt 0.842457 0.87604 
vt 0.855672 0.825369 
vt 0.856572 0.829392 
vt 0.855442 0.829145 
vt 0.856572 0.829392 
vt 0.855672 0.825369 
vt 0.856839 0.825884 
vt 0.842387 0.82499 
vt 0.841442 0.828974 
vt 0.841214 0.825455 
vt 0.856142 0.876385 
vt 0.856164 0.879947 
vt 0.855008 0.879921 
vt 0.856098 0.883508 
vt 0.856164 0.879947 
vt 0.842041 0.930339 
vt 0.841814 0.934116 
vt 0.840911 0.930096 
vt 0.841814 0.934116 
vt 0.840646 0.933605 
vt 0.840911 0.930096 
vt 0.855954 0.930512 
vt 0.855005 0.934493 
vt 0.854821 0.930708 
vt 0.855005 0.934493 
vt 0.855954 0.930512 
vt 0.856179 0.934032 
vt 0.842426 0.886544 
vt 0.841301 0.883097 
vt 0.84242 0.883074 
vt 0.842432 0.879557 
vt 0.855008 0.879921 
vt 0.856098 0.883508 
vt 0.854979 0.883437 
vt 0.856098 0.883508 
vt 0.854934 0.886907 
vt 0.84216 0.92678 
vt 0.840911 0.930096 
vt 0.841059 0.926625 
vt 0.840911 0.930096 
vt 0.84216 0.92678 
vt 0.842041 0.930339 
vt 0.841301 0.883097 
vt 0.842426 0.886544 
vt 0.84133 0.886585 
vt 0.854743 0.927144 
vt 0.855954 0.930512 
vt 0.854821 0.930708 
vt 0.855954 0.930512 
vt 0.854743 0.927144 
vt 0.855846 0.927036 
vt 0.854934 0.886907 
vt 0.856098 0.883508 
vt 0.85603 0.886994 
vt 0.842745 0.845928 
vt 0.843712 0.84922 
vt 0.842749 0.849228 
vt 0.843712 0.84922 
vt 0.843693 0.852507 
vt 0.855035 0.849586 
vt 0.854053 0.852825 
vt 0.854072 0.849537 
vt 0.854072 0.849537 
vt 0.855076 0.846287 
vt 0.842745 0.845928 
vt 0.84372 0.845907 
vt 0.843712 0.84922 
vt 0.842735 0.842592 
vt 0.84372 0.845907 
vt 0.855076 0.846287 
vt 0.854072 0.849537 
vt 0.854102 0.846225 
vt 0.854102 0.846225 
vt 0.855125 0.842952 
vt 0.854032 0.856112 
vt 0.854995 0.859406 
vt 0.854021 0.859422 
vt 0.855 0.86274 
vt 0.854021 0.859422 
vt 0.841059 0.926625 
vt 0.842237 0.923313 
vt 0.84216 0.92678 
vt 0.842237 0.923313 
vt 0.841059 0.926625 
vt 0.841159 0.923192 
vt 0.84133 0.886585 
vt 0.842426 0.886544 
vt 0.842435 0.889976 
vt 0.84133 0.886585 
vt 0.842435 0.889976 
vt 0.841359 0.890024 
vt 0.854705 0.923675 
vt 0.855846 0.927036 
vt 0.854743 0.927144 
vt 0.85603 0.886994 
vt 0.854886 0.890337 
vt 0.854934 0.886907 
vt 0.842635 0.86238 
vt 0.843651 0.859105 
vt 0.843621 0.862444 
vt 0.855125 0.842952 
vt 0.854102 0.846225 
vt 0.854137 0.842881 
vt 0.855846 0.927036 
vt 0.854705 0.923675 
vt 0.855785 0.9236 
vt 0.854685 0.920261 
vt 0.854705 0.923675 
vt 0.854886 0.890337 
vt 0.85603 0.886994 
vt 0.855962 0.890431 
vt 0.854837 0.893733 
vt 0.854886 0.890337 
vt 0.841159 0.923192 
vt 0.842296 0.919901 
vt 0.842237 0.923313 
vt 0.842435 0.889976 
vt 0.842445 0.893373 
vt 0.841359 0.890024 
vt 0.854021 0.859422 
vt 0.855 0.86274 
vt 0.854013 0.862761 
vt 0.855006 0.866105 
vt 0.855 0.86274 
vt 0.84272 0.839219 
vt 0.843723 0.842563 
vt 0.842735 0.842592 
vt 0.842735 0.842592 
vt 0.84372 0.845907 
vt 0.842445 0.893373 
vt 0.841415 0.896785 
vt 0.841387 0.893423 
vt 0.841387 0.893423 
vt 0.841359 0.890024 
vt 0.842296 0.919901 
vt 0.841159 0.923192 
vt 0.841238 0.919796 
vt 0.841307 0.916437 
vt 0.841238 0.919796 
vt 0.854673 0.916888 
vt 0.855744 0.920201 
vt 0.854685 0.920261 
vt 0.855785 0.9236 
vt 0.855744 0.920201 
vt 0.846841 0.805165 
vt 0.851289 0.809887 
vt 0.84576 0.802545 
vt 0.84966 0.808907 
vt 0.848158 0.807313 
vt 0.852982 0.810213 
vt 0.84576 0.802545 
vt 0.854674 0.809875 
vt 0.844288 0.792933 
vt 0.844955 0.799556 
vt 0.844942 0.786307 
vt 0.844452 0.789556 
vt 0.844955 0.799556 
vt 0.844458 0.79631 
vt 0.844942 0.786307 
vt 0.860189 0.802494 
vt 0.859113 0.805121 
vt 0.856301 0.808884 
vt 0.8578 0.807279 
vt 0.860976 0.78625 
vt 0.860189 0.802494 
vt 0.861643 0.792872 
vt 0.860989 0.799499 
vt 0.861473 0.789495 
vt 0.860989 0.799499 
vt 0.861479 0.79625 
vt 0.859089 0.780641 
vt 0.860171 0.78326 
vt 0.846818 0.780684 
vt 0.845741 0.783311 
vt 0.84963 0.776921 
vt 0.848131 0.778527 
vt 0.856271 0.776898 
vt 0.857773 0.778492 
vt 0.852949 0.775592 
vt 0.851256 0.775931 
vt 0.856271 0.776898 
vt 0.854642 0.775919 
vt 0.801081 0.941958 
vt 0.801413 0.948673 
vt 0.799484 0.957979 
vt 0.801413 0.945281 
vt 0.80043 0.955147 
vt 0.801081 0.952005 
vt 0.799484 0.957979 
vt 0.791924 0.964316 
vt 0.791924 0.964316 
vt 0.793626 0.964295 
vt 0.798281 0.960393 
vt 0.78512 0.955335 
vt 0.790255 0.963674 
vt 0.795294 0.963613 
vt 0.796867 0.962295 
vt 0.793626 0.964295 
vt 0.78512 0.939019 
vt 0.78512 0.955335 
vt 0.786065 0.958144 
vt 0.788683 0.962395 
vt 0.790255 0.963674 
vt 0.787268 0.960528 
vt 0.799484 0.936023 
vt 0.80043 0.938832 
vt 0.787268 0.933774 
vt 0.786065 0.936187 
vt 0.790255 0.930554 
vt 0.788683 0.931872 
vt 0.796866 0.931771 
vt 0.798281 0.933639 
vt 0.793626 0.929851 
vt 0.791924 0.929872 
vt 0.790255 0.930554 
vt 0.796866 0.931771 
vt 0.795294 0.930492 
vt 0.784137 0.945493 
vt 0.78512 0.955335 
vt 0.78512 0.939019 
vt 0.784468 0.942162 
vt 0.784468 0.952209 
vt 0.784137 0.948885 
vt 0.784468 0.952209 
vt 0.78512 0.955335 
vt 0.855895 0.893828 
vt 0.85479 0.897098 
vt 0.854837 0.893733 
vt 0.842454 0.896739 
vt 0.842462 0.900073 
vt 0.841415 0.896785 
vt 0.842445 0.893373 
vt 0.842296 0.919901 
vt 0.841307 0.916437 
vt 0.842346 0.916529 
vt 0.842392 0.913193 
vt 0.843621 0.862444 
vt 0.84259 0.865745 
vt 0.842635 0.86238 
vt 0.855744 0.920201 
vt 0.854673 0.916888 
vt 0.855713 0.91684 
vt 0.854666 0.913551 
vt 0.854137 0.842881 
vt 0.855178 0.839581 
vt 0.855125 0.842952 
vt 0.854744 0.900431 
vt 0.85479 0.897098 
vt 0.855829 0.897188 
vt 0.84137 0.913116 
vt 0.842431 0.909894 
vt 0.842392 0.913193 
vt 0.842392 0.913193 
vt 0.841307 0.916437 
vt 0.84144 0.900108 
vt 0.841415 0.896785 
vt 0.842462 0.900073 
vt 0.842466 0.903372 
vt 0.84144 0.900108 
vt 0.855706 0.903787 
vt 0.854744 0.900431 
vt 0.855765 0.900509 
vt 0.855829 0.897188 
vt 0.855713 0.91684 
vt 0.854666 0.913551 
vt 0.855688 0.913517 
vt 0.855667 0.910237 
vt 0.855688 0.913517 
vt 0.854744 0.900431 
vt 0.855706 0.903787 
vt 0.854703 0.903729 
vt 0.854666 0.913551 
vt 0.854664 0.91025 
vt 0.855667 0.910237 
vt 0.841462 0.903388 
vt 0.84144 0.900108 
vt 0.842466 0.903372 
vt 0.841475 0.906613 
vt 0.841462 0.903388 
vt 0.84259 0.865745 
vt 0.843621 0.862444 
vt 0.843589 0.865811 
vt 0.843589 0.865811 
vt 0.843557 0.869207 
vt 0.84272 0.839219 
vt 0.843723 0.839183 
vt 0.843723 0.842563 
vt 0.843719 0.835758 
vt 0.843723 0.839183 
vt 0.854013 0.862761 
vt 0.855006 0.866105 
vt 0.854006 0.866129 
vt 0.854 0.869526 
vt 0.854006 0.866129 
vt 0.854219 0.836078 
vt 0.855178 0.839581 
vt 0.854175 0.839502 
vt 0.854137 0.842881 
vt 0.841746 0.849245 
vt 0.842736 0.852489 
vt 0.84176 0.85247 
vt 0.842716 0.85575 
vt 0.842749 0.849228 
vt 0.843693 0.852507 
vt 0.843693 0.852507 
vt 0.842716 0.85575 
vt 0.843712 0.84922 
vt 0.844824 0.85253 
vt 0.843678 0.855795 
vt 0.845935 0.855839 
vt 0.845954 0.852552 
vt 0.845969 0.849264 
vt 0.844841 0.84923 
vt 0.842545 0.869141 
vt 0.843557 0.869207 
vt 0.843526 0.872633 
vt 0.84259 0.865745 
vt 0.854 0.869526 
vt 0.855006 0.866105 
vt 0.855013 0.869503 
vt 0.853993 0.872952 
vt 0.854 0.869526 
vt 0.854273 0.832584 
vt 0.85524 0.836169 
vt 0.854219 0.836078 
vt 0.855178 0.839581 
vt 0.854219 0.836078 
vt 0.843719 0.835758 
vt 0.84272 0.839219 
vt 0.842697 0.835806 
vt 0.843703 0.832263 
vt 0.842545 0.869141 
vt 0.843526 0.872633 
vt 0.842499 0.872571 
vt 0.853993 0.872952 
vt 0.855013 0.869503 
vt 0.855019 0.872934 
vt 0.853982 0.876411 
vt 0.853993 0.872952 
vt 0.85524 0.836169 
vt 0.854273 0.832584 
vt 0.85532 0.832703 
vt 0.854354 0.828967 
vt 0.854273 0.832584 
vt 0.842656 0.832337 
vt 0.843664 0.828643 
vt 0.843703 0.832263 
vt 0.843703 0.832263 
vt 0.842697 0.835806 
vt 0.842499 0.872571 
vt 0.843526 0.872633 
vt 0.843497 0.876091 
vt 0.853982 0.876411 
vt 0.855019 0.872934 
vt 0.855022 0.876404 
vt 0.85532 0.832703 
vt 0.854354 0.828967 
vt 0.855442 0.829145 
vt 0.843664 0.828643 
vt 0.842656 0.832337 
vt 0.842575 0.828774 
vt 0.784139 0.809233 
vt 0.785356 0.809304 
vt 0.785333 0.811696 
vt 0.785378 0.806915 
vt 0.784162 0.806843 
vt 0.784183 0.804546 
vt 0.7854 0.804618 
vt 0.784227 0.7999 
vt 0.785443 0.799972 
vt 0.78546 0.798212 
vt 0.784243 0.79814 
vt 0.782967 0.804474 
vt 0.783011 0.799828 
vt 0.783027 0.798068 
vt 0.781794 0.799755 
vt 0.781811 0.797996 
vt 0.780578 0.799682 
vt 0.780595 0.797923 
vt 0.780535 0.804329 
vt 0.781751 0.804402 
vt 0.782945 0.806771 
vt 0.843497 0.876091 
vt 0.843481 0.879577 
vt 0.842457 0.87604 
vt 0.842499 0.872571 
vt 0.842457 0.87604 
vt 0.854837 0.893733 
vt 0.855962 0.890431 
vt 0.855895 0.893828 
vt 0.853804 0.897031 
vt 0.853838 0.893664 
vt 0.782334 0.874821 
vt 0.783531 0.877176 
vt 0.782315 0.877118 
vt 0.784767 0.874938 
vt 0.784747 0.877235 
vt 0.783551 0.874879 
vt 0.782355 0.872431 
vt 0.781138 0.872373 
vt 0.782375 0.870038 
vt 0.783592 0.870097 
vt 0.783571 0.872489 
vt 0.784808 0.870157 
vt 0.784788 0.872548 
vt 0.855022 0.876404 
vt 0.853958 0.879897 
vt 0.853982 0.876411 
vt 0.854491 0.825089 
vt 0.855442 0.829145 
vt 0.854354 0.828967 
vt 0.855442 0.829145 
vt 0.854491 0.825089 
vt 0.855672 0.825369 
vt 0.843571 0.82476 
vt 0.842575 0.828774 
vt 0.842387 0.82499 
vt 0.842575 0.828774 
vt 0.843571 0.82476 
vt 0.843664 0.828643 
vt 0.842452 0.906633 
vt 0.842466 0.903372 
vt 0.843409 0.906652 
vt 0.842431 0.909894 
vt 0.842431 0.909894 
vt 0.841475 0.906613 
vt 0.842466 0.903372 
vt 0.854703 0.903729 
vt 0.85468 0.906989 
vt 0.853723 0.906968 
vt 0.854664 0.91025 
vt 0.854664 0.91025 
vt 0.855656 0.907011 
vt 0.854703 0.903729 
vt 0.843393 0.90994 
vt 0.842392 0.913193 
vt 0.842431 0.909894 
vt 0.843409 0.906652 
vt 0.841475 0.906613 
vt 0.841428 0.909837 
vt 0.84137 0.913116 
vt 0.841428 0.909837 
vt 0.853958 0.879897 
vt 0.855022 0.876404 
vt 0.855008 0.879921 
vt 0.854979 0.883437 
vt 0.843129 0.930514 
vt 0.842995 0.934393 
vt 0.842041 0.930339 
vt 0.842041 0.930339 
vt 0.842995 0.934393 
vt 0.841814 0.934116 
vt 0.854821 0.930708 
vt 0.853822 0.93472 
vt 0.853732 0.930836 
vt 0.853822 0.93472 
vt 0.854821 0.930708 
vt 0.855005 0.934493 
vt 0.844789 0.859143 
vt 0.844771 0.862483 
vt 0.843621 0.862444 
vt 0.843589 0.865811 
vt 0.84242 0.883074 
vt 0.843481 0.879577 
vt 0.84346 0.883064 
vt 0.842426 0.886544 
vt 0.853958 0.879897 
vt 0.854979 0.883437 
vt 0.85394 0.883383 
vt 0.854934 0.886907 
vt 0.85394 0.883383 
vt 0.85479 0.897098 
vt 0.853804 0.897031 
vt 0.854837 0.893733 
vt 0.85377 0.90037 
vt 0.85479 0.897098 
vt 0.855895 0.893828 
vt 0.855829 0.897188 
vt 0.844858 0.845913 
vt 0.843723 0.842563 
vt 0.844876 0.842567 
vt 0.843723 0.839183 
vt 0.782469 0.859503 
vt 0.781252 0.859438 
vt 0.782501 0.855899 
vt 0.781285 0.855834 
vt 0.783717 0.855964 
vt 0.783685 0.859568 
vt 0.784901 0.859633 
vt 0.784648 0.856014 
vt 0.781229 0.862051 
vt 0.780036 0.859372 
vt 0.780012 0.861985 
vt 0.779989 0.864594 
vt 0.782445 0.862117 
vt 0.783662 0.862182 
vt 0.784901 0.859633 
vt 0.784878 0.862246 
vt 0.783638 0.864791 
vt 0.784855 0.864855 
vt 0.782422 0.864727 
vt 0.78362 0.867431 
vt 0.784836 0.867499 
vt 0.784808 0.870157 
vt 0.782403 0.867363 
vt 0.783592 0.870097 
vt 0.783638 0.864791 
vt 0.784808 0.870157 
vt 0.783592 0.870097 
vt 0.781187 0.867295 
vt 0.782375 0.870038 
vt 0.781205 0.864661 
vt 0.77997 0.867227 
vt 0.781158 0.869981 
vt 0.782375 0.870038 
vt 0.781158 0.869981 
vt 0.779942 0.869924 
vt 0.779922 0.872316 
vt 0.781158 0.869981 
vt 0.782375 0.870038 
vt 0.781118 0.874763 
vt 0.779901 0.874706 
vt 0.781098 0.87706 
vt 0.779882 0.877003 
vt 0.781058 0.881707 
vt 0.779842 0.881649 
vt 0.779827 0.883409 
vt 0.781043 0.883467 
vt 0.782275 0.881765 
vt 0.78226 0.883524 
vt 0.783476 0.883583 
vt 0.783491 0.881823 
vt 0.784707 0.881881 
vt 0.784692 0.883641 
vt 0.845997 0.845952 
vt 0.845969 0.849264 
vt 0.844806 0.855829 
vt 0.843678 0.855795 
vt 0.843651 0.859105 
vt 0.843712 0.84922 
vt 0.844841 0.84923 
vt 0.84372 0.845907 
vt 0.844858 0.845913 
vt 0.843723 0.842563 
vt 0.845997 0.845952 
vt 0.844858 0.845913 
vt 0.846029 0.842608 
vt 0.844858 0.845913 
vt 0.844876 0.842567 
vt 0.846064 0.839229 
vt 0.846029 0.842608 
vt 0.845935 0.855839 
vt 0.844806 0.855829 
vt 0.845926 0.85915 
vt 0.844789 0.859143 
vt 0.845922 0.862489 
vt 0.844789 0.859143 
vt 0.843651 0.859105 
vt 0.843621 0.862444 
vt 0.852923 0.852799 
vt 0.854032 0.856112 
vt 0.852903 0.856098 
vt 0.854021 0.859422 
vt 0.851815 0.849485 
vt 0.852944 0.849499 
vt 0.851825 0.846173 
vt 0.851825 0.846173 
vt 0.852964 0.846182 
vt 0.851831 0.842829 
vt 0.854021 0.859422 
vt 0.852883 0.859412 
vt 0.854013 0.862761 
vt 0.854013 0.862761 
vt 0.852863 0.862752 
vt 0.854006 0.866129 
vt 0.854072 0.849537 
vt 0.852923 0.852799 
vt 0.852944 0.849499 
vt 0.854102 0.846225 
vt 0.854102 0.846225 
vt 0.852964 0.846182 
vt 0.854137 0.842881 
vt 0.852984 0.842836 
vt 0.854175 0.839502 
vt 0.854175 0.839502 
vt 0.853005 0.839453 
vt 0.854072 0.849537 
vt 0.854053 0.852825 
vt 0.854032 0.856112 
vt 0.851815 0.849485 
vt 0.851793 0.852773 
vt 0.851775 0.856061 
vt 0.852903 0.856098 
vt 0.851775 0.856061 
vt 0.851746 0.859371 
vt 0.852883 0.859412 
vt 0.851746 0.859371 
vt 0.851712 0.862709 
vt 0.852863 0.862752 
vt 0.851678 0.866076 
vt 0.844876 0.842567 
vt 0.843723 0.839183 
vt 0.844894 0.839184 
vt 0.853732 0.930836 
vt 0.854743 0.927144 
vt 0.854821 0.930708 
vt 0.84216 0.92678 
vt 0.843129 0.930514 
vt 0.842041 0.930339 
vt 0.854703 0.903729 
vt 0.853741 0.90368 
vt 0.854744 0.900431 
vt 0.853723 0.906968 
vt 0.855656 0.907011 
vt 0.855706 0.903787 
vt 0.781729 0.806698 
vt 0.780513 0.806625 
vt 0.78049 0.809015 
vt 0.782923 0.809161 
vt 0.781707 0.809088 
vt 0.784117 0.811625 
vt 0.785333 0.811696 
vt 0.782901 0.811553 
vt 0.781684 0.81148 
vt 0.782901 0.811553 
vt 0.780468 0.811406 
vt 0.780447 0.814104 
vt 0.781664 0.814167 
vt 0.781635 0.8168 
vt 0.780419 0.816736 
vt 0.781612 0.819409 
vt 0.780395 0.819345 
vt 0.781588 0.822023 
vt 0.780372 0.821959 
vt 0.782828 0.819474 
vt 0.780625 0.825577 
vt 0.780372 0.821959 
vt 0.782852 0.816865 
vt 0.78288 0.814229 
vt 0.782901 0.811553 
vt 0.784068 0.816931 
vt 0.782805 0.822088 
vt 0.782772 0.825692 
vt 0.781556 0.825627 
vt 0.784021 0.822154 
vt 0.783989 0.825758 
vt 0.784045 0.81954 
vt 0.785237 0.82222 
vt 0.785261 0.819606 
vt 0.785285 0.816998 
vt 0.784097 0.814292 
vt 0.785314 0.814354 
vt 0.784117 0.811625 
vt 0.785333 0.811696 
vt 0.853723 0.906968 
vt 0.854664 0.91025 
vt 0.853701 0.910256 
vt 0.854666 0.913551 
vt 0.855656 0.907011 
vt 0.855667 0.910237 
vt 0.844771 0.862483 
vt 0.844754 0.865851 
vt 0.843589 0.865811 
vt 0.845918 0.865856 
vt 0.844754 0.865851 
vt 0.852863 0.862752 
vt 0.852842 0.86612 
vt 0.851678 0.866076 
vt 0.854006 0.866129 
vt 0.852842 0.86612 
vt 0.842426 0.886544 
vt 0.84346 0.883064 
vt 0.843453 0.886522 
vt 0.842435 0.889976 
vt 0.854886 0.890337 
vt 0.853908 0.886841 
vt 0.854934 0.886907 
vt 0.85394 0.883383 
vt 0.853695 0.927215 
vt 0.854705 0.923675 
vt 0.854743 0.927144 
vt 0.853732 0.930836 
vt 0.842237 0.923313 
vt 0.843207 0.926895 
vt 0.84216 0.92678 
vt 0.843129 0.930514 
vt 0.852964 0.846182 
vt 0.851831 0.842829 
vt 0.852984 0.842836 
vt 0.851835 0.839449 
vt 0.844789 0.859143 
vt 0.845922 0.862489 
vt 0.844771 0.862483 
vt 0.845918 0.865856 
vt 0.844736 0.869248 
vt 0.843589 0.865811 
vt 0.844754 0.865851 
vt 0.844912 0.835752 
vt 0.844894 0.839184 
vt 0.843723 0.839183 
vt 0.846064 0.839229 
vt 0.844876 0.842567 
vt 0.844894 0.839184 
vt 0.852984 0.842836 
vt 0.851835 0.839449 
vt 0.853005 0.839453 
vt 0.854006 0.866129 
vt 0.852821 0.869517 
vt 0.852842 0.86612 
vt 0.854 0.869526 
vt 0.8528 0.872942 
vt 0.854006 0.866129 
vt 0.853908 0.886841 
vt 0.854886 0.890337 
vt 0.853873 0.890268 
vt 0.854705 0.923675 
vt 0.853695 0.927215 
vt 0.853683 0.92372 
vt 0.842237 0.923313 
vt 0.843258 0.923401 
vt 0.843207 0.926895 
vt 0.843589 0.865811 
vt 0.844736 0.869248 
vt 0.843557 0.869207 
vt 0.844718 0.872673 
vt 0.854273 0.832584 
vt 0.854219 0.836078 
vt 0.853047 0.832514 
vt 0.853026 0.836022 
vt 0.854175 0.839502 
vt 0.854175 0.839502 
vt 0.853005 0.839453 
vt 0.780354 0.855784 
vt 0.781252 0.859438 
vt 0.780036 0.859372 
vt 0.785237 0.82222 
vt 0.78492 0.825808 
vt 0.784021 0.822154 
vt 0.842435 0.889976 
vt 0.843453 0.886522 
vt 0.843449 0.889949 
vt 0.842445 0.893373 
vt 0.852821 0.869517 
vt 0.851678 0.866076 
vt 0.852842 0.86612 
vt 0.842296 0.919901 
vt 0.843258 0.923401 
vt 0.842237 0.923313 
vt 0.854837 0.893733 
vt 0.853873 0.890268 
vt 0.854886 0.890337 
vt 0.853873 0.890268 
vt 0.854837 0.893733 
vt 0.853838 0.893664 
vt 0.853683 0.92372 
vt 0.854685 0.920261 
vt 0.854705 0.923675 
vt 0.8528 0.872942 
vt 0.854 0.869526 
vt 0.853993 0.872952 
vt 0.852779 0.876396 
vt 0.8528 0.872942 
vt 0.843557 0.869207 
vt 0.844718 0.872673 
vt 0.843526 0.872633 
vt 0.8447 0.876127 
vt 0.844718 0.872673 
vt 0.851678 0.866076 
vt 0.852821 0.869517 
vt 0.851643 0.869472 
vt 0.8528 0.872942 
vt 0.843497 0.876091 
vt 0.844682 0.879601 
vt 0.843481 0.879577 
vt 0.84346 0.883064 
vt 0.845866 0.883111 
vt 0.845882 0.879625 
vt 0.845903 0.876138 
vt 0.846906 0.883162 
vt 0.846931 0.879645 
vt 0.846943 0.876128 
vt 0.84242 0.883074 
vt 0.842432 0.879557 
vt 0.842457 0.87604 
vt 0.841301 0.883097 
vt 0.841275 0.879534 
vt 0.841338 0.875974 
vt 0.843719 0.835758 
vt 0.844912 0.835752 
vt 0.843723 0.839183 
vt 0.84493 0.832244 
vt 0.843703 0.832263 
vt 0.843719 0.835758 
vt 0.844949 0.828602 
vt 0.84493 0.832244 
vt 0.843664 0.828643 
vt 0.844969 0.824728 
vt 0.843441 0.896714 
vt 0.842445 0.893373 
vt 0.843445 0.893346 
vt 0.843449 0.889949 
vt 0.843445 0.893346 
vt 0.842296 0.919901 
vt 0.843334 0.916597 
vt 0.843299 0.919976 
vt 0.843258 0.923401 
vt 0.853685 0.916913 
vt 0.854685 0.920261 
vt 0.853681 0.920294 
vt 0.853683 0.92372 
vt 0.853681 0.920294 
vt 0.845918 0.865856 
vt 0.844736 0.869248 
vt 0.844754 0.865851 
vt 0.845914 0.869253 
vt 0.844718 0.872673 
vt 0.84591 0.87268 
vt 0.8447 0.876127 
vt 0.844718 0.872673 
vt 0.843334 0.916597 
vt 0.842296 0.919901 
vt 0.842346 0.916529 
vt 0.85307 0.828872 
vt 0.854273 0.832584 
vt 0.853047 0.832514 
vt 0.784648 0.856014 
vt 0.783685 0.859568 
vt 0.783717 0.855964 
vt 0.78378 0.848992 
vt 0.780625 0.825577 
vt 0.781588 0.822023 
vt 0.781556 0.825627 
vt 0.780563 0.83255 
vt 0.780625 0.825577 
vt 0.780416 0.848811 
vt 0.781285 0.855834 
vt 0.780354 0.855784 
vt 0.781252 0.859438 
vt 0.780354 0.855784 
vt 0.78492 0.825808 
vt 0.783989 0.825758 
vt 0.784021 0.822154 
vt 0.784857 0.83278 
vt 0.799616 0.866835 
vt 0.808033 0.845793 
vt 0.808033 0.866835 
vt 0.799616 0.845793 
vt 0.809439 0.843704 
vt 0.817855 0.843704 
vt 0.817855 0.864745 
vt 0.809439 0.864745 
vt 0.842454 0.896739 
vt 0.842445 0.893373 
vt 0.843441 0.896714 
vt 0.843436 0.900053 
vt 0.854685 0.920261 
vt 0.853685 0.916913 
vt 0.854673 0.916888 
vt 0.853691 0.913569 
vt 0.844912 0.835752 
vt 0.846064 0.839229 
vt 0.844894 0.839184 
vt 0.846104 0.835804 
vt 0.844912 0.835752 
vt 0.84493 0.832244 
vt 0.846156 0.832311 
vt 0.84493 0.832244 
vt 0.844949 0.828602 
vt 0.84493 0.832244 
vt 0.844969 0.824728 
vt 0.846234 0.828693 
vt 0.780563 0.83255 
vt 0.781556 0.825627 
vt 0.781493 0.8326 
vt 0.853047 0.832514 
vt 0.853026 0.836022 
vt 0.851833 0.836023 
vt 0.851835 0.839449 
vt 0.853005 0.839453 
vt 0.851821 0.832529 
vt 0.851833 0.836023 
vt 0.85307 0.828872 
vt 0.853047 0.832514 
vt 0.851784 0.828908 
vt 0.85307 0.828872 
vt 0.853093 0.824998 
vt 0.799616 0.845778 
vt 0.799617 0.824737 
vt 0.809431 0.845778 
vt 0.809431 0.824737 
vt 0.809439 0.843689 
vt 0.809439 0.824737 
vt 0.820335 0.843689 
vt 0.820335 0.824737 
vt 0.851643 0.869472 
vt 0.8528 0.872942 
vt 0.851608 0.872898 
vt 0.852779 0.876396 
vt 0.8528 0.872942 
vt 0.783853 0.840861 
vt 0.784711 0.849042 
vt 0.78378 0.848992 
vt 0.784648 0.856014 
vt 0.854354 0.828967 
vt 0.854273 0.832584 
vt 0.85307 0.828872 
vt 0.853093 0.824998 
vt 0.78049 0.840681 
vt 0.781347 0.848861 
vt 0.780416 0.848811 
vt 0.781285 0.855834 
vt 0.783926 0.83273 
vt 0.783989 0.825758 
vt 0.784857 0.83278 
vt 0.784784 0.840911 
vt 0.842346 0.916529 
vt 0.843366 0.913253 
vt 0.843334 0.916597 
vt 0.781493 0.8326 
vt 0.78049 0.840681 
vt 0.780563 0.83255 
vt 0.815923 0.844818 
vt 0.816051 0.844805 
vt 0.815861 0.845142 
vt 0.815861 0.845142 
vt 0.815833 0.844976 
vt 0.815923 0.844818 
vt 0.798774 0.844703 
vt 0.798837 0.844813 
vt 0.798818 0.844929 
vt 0.798818 0.844929 
vt 0.798684 0.844694 
vt 0.798774 0.844703 
vt 0.78049 0.840681 
vt 0.781493 0.8326 
vt 0.78142 0.84073 
vt 0.781347 0.848861 
vt 0.783853 0.840861 
vt 0.783926 0.83273 
vt 0.784784 0.840911 
vt 0.784711 0.849042 
vt 0.843428 0.903364 
vt 0.842462 0.900073 
vt 0.843436 0.900053 
vt 0.842454 0.896739 
vt 0.843436 0.900053 
vt 0.842392 0.913193 
vt 0.843393 0.90994 
vt 0.843366 0.913253 
vt 0.843366 0.913253 
vt 0.842346 0.916529 
vt 0.853701 0.910256 
vt 0.854666 0.913551 
vt 0.853691 0.913569 
vt 0.854673 0.916888 
vt 0.853691 0.913569 
vt 0.853741 0.90368 
vt 0.85377 0.90037 
vt 0.854744 0.900431 
vt 0.85377 0.90037 
vt 0.85479 0.897098 
vt 0.801236 0.96409 
vt 0.801231 0.964069 
vt 0.801239 0.964084 
vt 0.803121 0.959863 
vt 0.803133 0.95987 
vt 0.80313 0.959877 
vt 0.846234 0.828693 
vt 0.846156 0.832311 
vt 0.844949 0.828602 
vt 0.842466 0.903372 
vt 0.842462 0.900073 
vt 0.843428 0.903364 
vt 0.843409 0.906652 
vt 0.854354 0.828967 
vt 0.853093 0.824998 
vt 0.854491 0.825089 
vt 0.843571 0.82476 
vt 0.844969 0.824728 
vt 0.843664 0.828643 
vt 0.807652 0.858303 
vt 0.807393 0.85831 
vt 0.807557 0.858127 
vt 0.807393 0.858592 
vt 0.807134 0.858303 
vt 0.807393 0.85831 
vt 0.807393 0.858592 
vt 0.807229 0.858127 
vt 0.803139 0.959888 
vt 0.80313 0.959877 
vt 0.803133 0.95987 
vt 0.803139 0.959888 
vt 0.803133 0.95987 
vt 0.803143 0.959876 
vt 0.80124 0.964107 
vt 0.801236 0.96409 
vt 0.801246 0.9641 
vt 0.801239 0.964084 
vt 0.801246 0.9641 
vt 0.801236 0.96409 
vt 0.801239 0.964084 
vt 0.801231 0.964069 
vt 0.801233 0.964067 
vt 0.80313 0.959877 
vt 0.80312 0.959867 
vt 0.803121 0.959863 
vt 0.801231 0.964069 
vt 0.801231 0.964065 
vt 0.801233 0.964067 
vt 0.801233 0.964067 
vt 0.801231 0.964065 
vt 0.801232 0.964064 
vt 0.80312 0.959867 
vt 0.803119 0.959863 
vt 0.803121 0.959863 
vt 0.803119 0.959863 
vt 0.80312 0.959867 
vt 0.803119 0.959865 
vt 0.801254 0.96412 
vt 0.801247 0.964133 
vt 0.80124 0.964107 
vt 0.803151 0.959902 
vt 0.803143 0.959876 
vt 0.803157 0.959886 
vt 0.801246 0.9641 
vt 0.801254 0.96412 
vt 0.80124 0.964107 
vt 0.803143 0.959876 
vt 0.803151 0.959902 
vt 0.803139 0.959888 
vt 0.801254 0.96412 
vt 0.80127 0.96415 
vt 0.801247 0.964133 
vt 0.803157 0.959886 
vt 0.803169 0.959929 
vt 0.803151 0.959902 
vt 0.803169 0.959929 
vt 0.803157 0.959886 
vt 0.803176 0.959904 
vt 0.802689 0.826056 
vt 0.80248 0.826072 
vt 0.802723 0.825822 
vt 0.802334 0.825853 
vt 0.812218 0.826139 
vt 0.812201 0.826023 
vt 0.812322 0.826147 
vt 0.812394 0.826038 
vt 0.80127 0.96415 
vt 0.801258 0.964166 
vt 0.801247 0.964133 
vt 0.80128 0.964218 
vt 0.801294 0.96419 
vt 0.807652 0.858303 
vt 0.807393 0.85831 
vt 0.807557 0.858127 
vt 0.807393 0.858592 
vt 0.807134 0.858303 
vt 0.807393 0.85831 
vt 0.807393 0.858592 
vt 0.807229 0.858127 
vt 0.803207 0.95994 
vt 0.803169 0.959929 
vt 0.803176 0.959904 
vt 0.851695 0.825025 
vt 0.853093 0.824998 
vt 0.851784 0.828908 
vt 0.846234 0.828693 
vt 0.844969 0.824728 
vt 0.846368 0.824815 
vt 0.852758 0.87987 
vt 0.853982 0.876411 
vt 0.853958 0.879897 
vt 0.85394 0.883383 
vt 0.851576 0.876356 
vt 0.851558 0.879842 
vt 0.851534 0.883328 
vt 0.781399 0.895159 
vt 0.778259 0.891392 
vt 0.781635 0.893106 
vt 0.781635 0.893106 
vt 0.782872 0.895513 
vt 0.783108 0.89346 
vt 0.777627 0.893104 
vt 0.776564 0.889585 
vt 0.781399 0.895159 
vt 0.776564 0.889585 
vt 0.775931 0.891295 
vt 0.775204 0.887509 
vt 0.774364 0.888846 
vt 0.773906 0.884529 
vt 0.773906 0.884529 
vt 0.773065 0.885864 
vt 0.772752 0.881351 
vt 0.771765 0.882258 
vt 0.771894 0.877575 
vt 0.770877 0.878327 
vt 0.770113 0.874341 
vt 0.77113 0.87359 
vt 0.769545 0.870227 
vt 0.770562 0.869477 
vt 0.78466 0.78607 
vt 0.784828 0.788148 
vt 0.783347 0.788322 
vt 0.783178 0.786245 
vt 0.779921 0.789622 
vt 0.779347 0.787837 
vt 0.778171 0.791219 
vt 0.777595 0.789436 
vt 0.776746 0.793125 
vt 0.776746 0.793125 
vt 0.775951 0.791688 
vt 0.775353 0.795941 
vt 0.774557 0.794507 
vt 0.774098 0.798972 
vt 0.773118 0.802637 
vt 0.773142 0.797947 
vt 0.774557 0.794507 
vt 0.773118 0.802637 
vt 0.772128 0.801762 
vt 0.771235 0.805647 
vt 0.772225 0.806521 
vt 0.770534 0.809684 
vt 0.771525 0.810556 
vt 0.852422 0.934747 
vt 0.853732 0.930836 
vt 0.853822 0.93472 
vt 0.843129 0.930514 
vt 0.844394 0.934479 
vt 0.842995 0.934393 
vt 0.80127 0.96415 
vt 0.80128 0.964218 
vt 0.801258 0.964166 
vt 0.801294 0.96419 
vt 0.801331 0.964256 
vt 0.80128 0.964218 
vt 0.801331 0.964256 
vt 0.80131 0.964299 
vt 0.803233 0.960036 
vt 0.803207 0.95994 
vt 0.803254 0.95999 
vt 0.803169 0.959929 
vt 0.803207 0.95994 
vt 0.803194 0.959971 
vt 0.803207 0.95994 
vt 0.803233 0.960036 
vt 0.803194 0.959971 
vt 0.852779 0.876396 
vt 0.853993 0.872952 
vt 0.853982 0.876411 
vt 0.852758 0.87987 
vt 0.852737 0.883344 
vt 0.851534 0.883328 
vt 0.851523 0.886787 
vt 0.851608 0.872898 
vt 0.852779 0.876396 
vt 0.851576 0.876356 
vt 0.852758 0.87987 
vt 0.85394 0.883383 
vt 0.852737 0.883344 
vt 0.853908 0.886841 
vt 0.844682 0.879601 
vt 0.843497 0.876091 
vt 0.8447 0.876127 
vt 0.843526 0.872633 
vt 0.845866 0.883111 
vt 0.844663 0.883075 
vt 0.845837 0.886569 
vt 0.845903 0.876138 
vt 0.844682 0.879601 
vt 0.8447 0.876127 
vt 0.84591 0.87268 
vt 0.844663 0.883075 
vt 0.84346 0.883064 
vt 0.843453 0.886522 
vt 0.812218 0.826139 
vt 0.812201 0.826023 
vt 0.812322 0.826147 
vt 0.812394 0.826038 
vt 0.802689 0.826056 
vt 0.80248 0.826072 
vt 0.802723 0.825822 
vt 0.802334 0.825853 
vt 0.803545 0.960683 
vt 0.803353 0.960338 
vt 0.803404 0.960247 
vt 0.801497 0.964446 
vt 0.801696 0.964782 
vt 0.801456 0.964552 
vt 0.801365 0.964414 
vt 0.801331 0.964256 
vt 0.801395 0.964345 
vt 0.801331 0.964256 
vt 0.801365 0.964414 
vt 0.80131 0.964299 
vt 0.803321 0.960085 
vt 0.803233 0.960036 
vt 0.803254 0.95999 
vt 0.803233 0.960036 
vt 0.803321 0.960085 
vt 0.803288 0.960152 
vt 0.769832 0.815396 
vt 0.770534 0.809684 
vt 0.771525 0.810556 
vt 0.769031 0.864441 
vt 0.770562 0.869477 
vt 0.769545 0.870227 
vt 0.802689 0.826056 
vt 0.80248 0.826072 
vt 0.802723 0.825822 
vt 0.802334 0.825853 
vt 0.812218 0.826139 
vt 0.812201 0.826023 
vt 0.812322 0.826147 
vt 0.812394 0.826038 
vt 0.801456 0.964552 
vt 0.801395 0.964345 
vt 0.801497 0.964446 
vt 0.803288 0.960152 
vt 0.803404 0.960247 
vt 0.803353 0.960338 
vt 0.801395 0.964345 
vt 0.801456 0.964552 
vt 0.801365 0.964414 
vt 0.803404 0.960247 
vt 0.803288 0.960152 
vt 0.803321 0.960085 
vt 0.803353 0.960338 
vt 0.803545 0.960683 
vt 0.803435 0.960727 
vt 0.801696 0.964782 
vt 0.801497 0.964446 
vt 0.801706 0.964561 
vt 0.771525 0.810556 
vt 0.770903 0.815779 
vt 0.769832 0.815396 
vt 0.770562 0.869477 
vt 0.769031 0.864441 
vt 0.770112 0.864189 
vt 0.851162 0.930777 
vt 0.852422 0.934747 
vt 0.851024 0.934656 
vt 0.844394 0.934479 
vt 0.845699 0.930564 
vt 0.845792 0.934447 
vt 0.853695 0.927215 
vt 0.852446 0.930872 
vt 0.852468 0.927229 
vt 0.843207 0.926895 
vt 0.844414 0.930605 
vt 0.843129 0.930514 
vt 0.853732 0.930836 
vt 0.852422 0.934747 
vt 0.852446 0.930872 
vt 0.853695 0.927215 
vt 0.852468 0.927229 
vt 0.853683 0.92372 
vt 0.803545 0.960683 
vt 0.803534 0.961971 
vt 0.803405 0.961881 
vt 0.803545 0.960683 
vt 0.803405 0.961881 
vt 0.803435 0.960727 
vt 0.801696 0.964782 
vt 0.802296 0.964337 
vt 0.802361 0.964571 
vt 0.802296 0.964337 
vt 0.801696 0.964782 
vt 0.801706 0.964561 
vt 0.802361 0.964571 
vt 0.80297 0.96331 
vt 0.803081 0.963495 
vt 0.80297 0.96331 
vt 0.802361 0.964571 
vt 0.802296 0.964337 
vt 0.803534 0.961971 
vt 0.80297 0.96331 
vt 0.803405 0.961881 
vt 0.80297 0.96331 
vt 0.803534 0.961971 
vt 0.803081 0.963495 
vt 0.768605 0.839868 
vt 0.769024 0.826647 
vt 0.769693 0.839934 
vt 0.768592 0.853114 
vt 0.770113 0.826714 
vt 0.769832 0.815396 
vt 0.770903 0.815779 
vt 0.76968 0.853179 
vt 0.769031 0.864441 
vt 0.770112 0.864189 
vt 0.845954 0.852552 
vt 0.846897 0.855831 
vt 0.845935 0.855839 
vt 0.8469 0.85913 
vt 0.852422 0.934747 
vt 0.851162 0.930777 
vt 0.852446 0.930872 
vt 0.851242 0.927159 
vt 0.852737 0.883344 
vt 0.853908 0.886841 
vt 0.852716 0.886798 
vt 0.853873 0.890268 
vt 0.852716 0.886798 
vt 0.850772 0.85931 
vt 0.851775 0.856061 
vt 0.851746 0.859371 
vt 0.851746 0.859371 
vt 0.850726 0.862642 
vt 0.845935 0.855839 
vt 0.8469 0.85913 
vt 0.845926 0.85915 
vt 0.846908 0.862464 
vt 0.845926 0.85915 
vt 0.850843 0.842854 
vt 0.851825 0.846173 
vt 0.850851 0.846191 
vt 0.851825 0.846173 
vt 0.851815 0.849485 
vt 0.846971 0.846011 
vt 0.845969 0.849264 
vt 0.845997 0.845952 
vt 0.845997 0.845952 
vt 0.847016 0.842676 
vt 0.850843 0.842854 
vt 0.851831 0.842829 
vt 0.851825 0.846173 
vt 0.850726 0.862642 
vt 0.851746 0.859371 
vt 0.851712 0.862709 
vt 0.845926 0.85915 
vt 0.846908 0.862464 
vt 0.845922 0.862489 
vt 0.847016 0.842676 
vt 0.845997 0.845952 
vt 0.846029 0.842608 
vt 0.844451 0.923454 
vt 0.843299 0.919976 
vt 0.844469 0.920022 
vt 0.844451 0.923454 
vt 0.843258 0.923401 
vt 0.844433 0.926962 
vt 0.843207 0.926895 
vt 0.844414 0.930605 
vt 0.844433 0.926962 
vt 0.844394 0.934479 
vt 0.843129 0.930514 
vt 0.844663 0.883075 
vt 0.845837 0.886569 
vt 0.844645 0.886529 
vt 0.852737 0.883344 
vt 0.852716 0.886798 
vt 0.851523 0.886787 
vt 0.852446 0.930872 
vt 0.851242 0.927159 
vt 0.852468 0.927229 
vt 0.807134 0.858303 
vt 0.807393 0.85831 
vt 0.807393 0.858592 
vt 0.807229 0.858127 
vt 0.807652 0.858303 
vt 0.807393 0.85831 
vt 0.807557 0.858127 
vt 0.807393 0.858592 
vt 0.844663 0.883075 
vt 0.844645 0.886529 
vt 0.843453 0.886522 
vt 0.844645 0.886529 
vt 0.843449 0.889949 
vt 0.844627 0.889954 
vt 0.843449 0.889949 
vt 0.843445 0.893346 
vt 0.844609 0.893351 
vt 0.843445 0.893346 
vt 0.851712 0.862709 
vt 0.850679 0.866007 
vt 0.850726 0.862642 
vt 0.846918 0.865829 
vt 0.845922 0.862489 
vt 0.846908 0.862464 
vt 0.850831 0.839482 
vt 0.851831 0.842829 
vt 0.850843 0.842854 
vt 0.846029 0.842608 
vt 0.847067 0.839304 
vt 0.847016 0.842676 
vt 0.852716 0.886798 
vt 0.853873 0.890268 
vt 0.852695 0.890223 
vt 0.853838 0.893664 
vt 0.852695 0.890223 
vt 0.852674 0.89362 
vt 0.853683 0.92372 
vt 0.852468 0.927229 
vt 0.85249 0.923721 
vt 0.853681 0.920294 
vt 0.853681 0.920294 
vt 0.852511 0.92029 
vt 0.845699 0.930564 
vt 0.844394 0.934479 
vt 0.844414 0.930605 
vt 0.84566 0.926943 
vt 0.844433 0.926962 
vt 0.844433 0.926962 
vt 0.845644 0.923448 
vt 0.845644 0.923448 
vt 0.844451 0.923454 
vt 0.84564 0.920022 
vt 0.846918 0.865829 
vt 0.845914 0.869253 
vt 0.845918 0.865856 
vt 0.845922 0.862489 
vt 0.845918 0.865856 
vt 0.846104 0.835804 
vt 0.847067 0.839304 
vt 0.846064 0.839229 
vt 0.846029 0.842608 
vt 0.846064 0.839229 
vt 0.850831 0.839482 
vt 0.851833 0.836023 
vt 0.851835 0.839449 
vt 0.851835 0.839449 
vt 0.851831 0.842829 
vt 0.851523 0.886787 
vt 0.852716 0.886798 
vt 0.851516 0.890214 
vt 0.845837 0.886569 
vt 0.845806 0.889995 
vt 0.844645 0.886529 
vt 0.850679 0.866007 
vt 0.851643 0.869472 
vt 0.85063 0.869403 
vt 0.850679 0.866007 
vt 0.851678 0.866076 
vt 0.851643 0.869472 
vt 0.847067 0.839304 
vt 0.846104 0.835804 
vt 0.847126 0.835893 
vt 0.844645 0.886529 
vt 0.845806 0.889995 
vt 0.844627 0.889954 
vt 0.845774 0.893392 
vt 0.85249 0.923721 
vt 0.851341 0.920241 
vt 0.852511 0.92029 
vt 0.852468 0.927229 
vt 0.851297 0.923665 
vt 0.851341 0.920241 
vt 0.852468 0.927229 
vt 0.851242 0.927159 
vt 0.852716 0.886798 
vt 0.852695 0.890223 
vt 0.851516 0.890214 
vt 0.85151 0.893611 
vt 0.852674 0.89362 
vt 0.85151 0.893611 
vt 0.851833 0.836023 
vt 0.850831 0.839482 
vt 0.850811 0.836068 
vt 0.851821 0.832529 
vt 0.851833 0.836023 
vt 0.845914 0.869253 
vt 0.846918 0.865829 
vt 0.846928 0.869227 
vt 0.84591 0.87268 
vt 0.845914 0.869253 
vt 0.853681 0.920294 
vt 0.852511 0.92029 
vt 0.852532 0.916906 
vt 0.843299 0.919976 
vt 0.844487 0.916638 
vt 0.844469 0.920022 
vt 0.815861 0.845142 
vt 0.816051 0.844805 
vt 0.816141 0.844796 
vt 0.816141 0.844796 
vt 0.815879 0.845257 
vt 0.815861 0.845142 
vt 0.798818 0.844929 
vt 0.798804 0.84505 
vt 0.798621 0.844687 
vt 0.798621 0.844687 
vt 0.798684 0.844694 
vt 0.798818 0.844929 
vt 0.844627 0.889954 
vt 0.845774 0.893392 
vt 0.844609 0.893351 
vt 0.84564 0.920022 
vt 0.844451 0.923454 
vt 0.844469 0.920022 
vt 0.843445 0.893346 
vt 0.844592 0.896719 
vt 0.843441 0.896714 
vt 0.844574 0.90006 
vt 0.843334 0.916597 
vt 0.844505 0.913291 
vt 0.844487 0.916638 
vt 0.843299 0.919976 
vt 0.85063 0.869403 
vt 0.851643 0.869472 
vt 0.851608 0.872898 
vt 0.846156 0.832311 
vt 0.847126 0.835893 
vt 0.846104 0.835804 
vt 0.853838 0.893664 
vt 0.852653 0.896988 
vt 0.852674 0.89362 
vt 0.85151 0.893611 
vt 0.852674 0.89362 
vt 0.845774 0.893392 
vt 0.844592 0.896719 
vt 0.844609 0.893351 
vt 0.843445 0.893346 
vt 0.844609 0.893351 
vt 0.85377 0.90037 
vt 0.852613 0.903643 
vt 0.852633 0.900328 
vt 0.853804 0.897031 
vt 0.852653 0.896988 
vt 0.853838 0.893664 
vt 0.850582 0.872833 
vt 0.851608 0.872898 
vt 0.851576 0.876356 
vt 0.85063 0.869403 
vt 0.851608 0.872898 
vt 0.84591 0.87268 
vt 0.846928 0.869227 
vt 0.846937 0.872658 
vt 0.845903 0.876138 
vt 0.84591 0.87268 
vt 0.851821 0.832529 
vt 0.850811 0.836068 
vt 0.850773 0.832599 
vt 0.851784 0.828908 
vt 0.851821 0.832529 
vt 0.847126 0.835893 
vt 0.846156 0.832311 
vt 0.847203 0.832426 
vt 0.846234 0.828693 
vt 0.846156 0.832311 
vt 0.84564 0.920022 
vt 0.844469 0.920022 
vt 0.844487 0.916638 
vt 0.807652 0.858303 
vt 0.807719 0.858425 
vt 0.807393 0.858788 
vt 0.807393 0.858788 
vt 0.807393 0.858592 
vt 0.807652 0.858303 
vt 0.807134 0.858303 
vt 0.807393 0.858592 
vt 0.807393 0.858788 
vt 0.807393 0.858788 
vt 0.807068 0.858425 
vt 0.807134 0.858303 
vt 0.845903 0.876138 
vt 0.846937 0.872658 
vt 0.846943 0.876128 
vt 0.851784 0.828908 
vt 0.850773 0.832599 
vt 0.850695 0.829036 
vt 0.847203 0.832426 
vt 0.846234 0.828693 
vt 0.847321 0.828867 
vt 0.844592 0.896719 
vt 0.845774 0.893392 
vt 0.845742 0.896759 
vt 0.844574 0.90006 
vt 0.84564 0.916642 
vt 0.844487 0.916638 
vt 0.844505 0.913291 
vt 0.84564 0.920022 
vt 0.851413 0.913517 
vt 0.852572 0.910243 
vt 0.852552 0.913559 
vt 0.851379 0.916861 
vt 0.852532 0.916906 
vt 0.851341 0.920241 
vt 0.851341 0.920241 
vt 0.852511 0.92029 
vt 0.850582 0.872833 
vt 0.851576 0.876356 
vt 0.850537 0.876302 
vt 0.851576 0.876356 
vt 0.851558 0.879842 
vt 0.851695 0.825025 
vt 0.850695 0.829036 
vt 0.850511 0.825251 
vt 0.850695 0.829036 
vt 0.851695 0.825025 
vt 0.851784 0.828908 
vt 0.85377 0.90037 
vt 0.853741 0.90368 
vt 0.853741 0.90368 
vt 0.852592 0.906942 
vt 0.853741 0.90368 
vt 0.853723 0.906968 
vt 0.853701 0.910256 
vt 0.851444 0.910205 
vt 0.851462 0.906916 
vt 0.851484 0.903629 
vt 0.851444 0.910205 
vt 0.851413 0.913517 
vt 0.851495 0.900318 
vt 0.852613 0.903643 
vt 0.852592 0.906942 
vt 0.852572 0.910243 
vt 0.853691 0.913569 
vt 0.852552 0.913559 
vt 0.853685 0.916913 
vt 0.852552 0.913559 
vt 0.853685 0.916913 
vt 0.852532 0.916906 
vt 0.853681 0.920294 
vt 0.851495 0.900318 
vt 0.852633 0.900328 
vt 0.851503 0.896979 
vt 0.851503 0.896979 
vt 0.852653 0.896988 
vt 0.85151 0.893611 
vt 0.846943 0.876128 
vt 0.845882 0.879625 
vt 0.845903 0.876138 
vt 0.846368 0.824815 
vt 0.847321 0.828867 
vt 0.846234 0.828693 
vt 0.847321 0.828867 
vt 0.846368 0.824815 
vt 0.847548 0.825091 
vt 0.83568 0.971326 
vt 0.835676 0.971326 
vt 0.835767 0.971326 
vt 0.850813 0.856012 
vt 0.851793 0.852773 
vt 0.851775 0.856061 
vt 0.850772 0.85931 
vt 0.84986 0.85273 
vt 0.84981 0.855954 
vt 0.851815 0.849485 
vt 0.851793 0.852773 
vt 0.850852 0.849491 
vt 0.850851 0.846191 
vt 0.851815 0.849485 
vt 0.84986 0.85273 
vt 0.849849 0.849504 
vt 0.851558 0.879842 
vt 0.850494 0.883335 
vt 0.850508 0.879818 
vt 0.850537 0.876302 
vt 0.845882 0.879625 
vt 0.846906 0.883162 
vt 0.845866 0.883111 
vt 0.851162 0.930777 
vt 0.851024 0.934656 
vt 0.850074 0.930599 
vt 0.850074 0.930599 
vt 0.851024 0.934656 
vt 0.849844 0.934375 
vt 0.845792 0.934447 
vt 0.846789 0.930432 
vt 0.846976 0.934217 
vt 0.807652 0.858303 
vt 0.807719 0.858425 
vt 0.807393 0.858788 
vt 0.807393 0.858788 
vt 0.807068 0.858425 
vt 0.807134 0.858303 
vt 0.807393 0.858788 
vt 0.807393 0.858592 
vt 0.807652 0.858303 
vt 0.807134 0.858303 
vt 0.807393 0.858592 
vt 0.807393 0.858788 
vt 0.802855 0.963116 
vt 0.803405 0.961881 
vt 0.80297 0.96331 
vt 0.802296 0.964337 
vt 0.802855 0.963116 
vt 0.80297 0.96331 
vt 0.802855 0.963116 
vt 0.802296 0.964337 
vt 0.802227 0.9641 
vt 0.770896 0.853254 
vt 0.770112 0.864189 
vt 0.76968 0.853179 
vt 0.770896 0.853254 
vt 0.771319 0.863908 
vt 0.770909 0.840008 
vt 0.769693 0.839934 
vt 0.770113 0.826714 
vt 0.771329 0.826787 
vt 0.770903 0.815779 
vt 0.803405 0.961881 
vt 0.802855 0.963116 
vt 0.803273 0.961782 
vt 0.803435 0.960727 
vt 0.802227 0.9641 
vt 0.801706 0.964561 
vt 0.801703 0.964349 
vt 0.803435 0.960727 
vt 0.803273 0.961782 
vt 0.803326 0.960748 
vt 0.801706 0.964561 
vt 0.802227 0.9641 
vt 0.802296 0.964337 
vt 0.771329 0.826787 
vt 0.770903 0.815779 
vt 0.772099 0.816207 
vt 0.803289 0.960415 
vt 0.803435 0.960727 
vt 0.803326 0.960748 
vt 0.801706 0.964561 
vt 0.801528 0.964317 
vt 0.801703 0.964349 
vt 0.843393 0.90994 
vt 0.844539 0.906674 
vt 0.844522 0.909974 
vt 0.843366 0.913253 
vt 0.843393 0.90994 
vt 0.843393 0.90994 
vt 0.843409 0.906652 
vt 0.843428 0.903364 
vt 0.844557 0.903374 
vt 0.843436 0.900053 
vt 0.844574 0.90006 
vt 0.843441 0.896714 
vt 0.845712 0.900098 
vt 0.844574 0.90006 
vt 0.845742 0.896759 
vt 0.845685 0.903408 
vt 0.84567 0.906696 
vt 0.845651 0.909984 
vt 0.844522 0.909974 
vt 0.845643 0.913297 
vt 0.844505 0.913291 
vt 0.84564 0.916642 
vt 0.843366 0.913253 
vt 0.844505 0.913291 
vt 0.843334 0.916597 
vt 0.845685 0.903408 
vt 0.844557 0.903374 
vt 0.845712 0.900098 
vt 0.846614 0.909976 
vt 0.846627 0.906714 
vt 0.846647 0.903454 
vt 0.84567 0.906696 
vt 0.846614 0.909976 
vt 0.847603 0.906733 
vt 0.846647 0.903454 
vt 0.850494 0.883335 
vt 0.851558 0.879842 
vt 0.851534 0.883328 
vt 0.851534 0.883328 
vt 0.850496 0.886806 
vt 0.846789 0.930432 
vt 0.845792 0.934447 
vt 0.845699 0.930564 
vt 0.846708 0.926869 
vt 0.846789 0.930432 
vt 0.772265 0.872749 
vt 0.770562 0.869477 
vt 0.771698 0.868635 
vt 0.773331 0.807498 
vt 0.772631 0.811535 
vt 0.771525 0.810556 
vt 0.772631 0.811535 
vt 0.772099 0.816207 
vt 0.770903 0.815779 
vt 0.771698 0.868635 
vt 0.770112 0.864189 
vt 0.771319 0.863908 
vt 0.770112 0.864189 
vt 0.771698 0.868635 
vt 0.770562 0.869477 
vt 0.802723 0.825822 
vt 0.802334 0.825853 
vt 0.802232 0.8257 
vt 0.802232 0.8257 
vt 0.802746 0.825659 
vt 0.802723 0.825822 
vt 0.812201 0.826023 
vt 0.81219 0.825942 
vt 0.812445 0.825962 
vt 0.812445 0.825962 
vt 0.812394 0.826038 
vt 0.812201 0.826023 
vt 0.770903 0.815779 
vt 0.771525 0.810556 
vt 0.772631 0.811535 
vt 0.812201 0.826023 
vt 0.81219 0.825942 
vt 0.812445 0.825962 
vt 0.812445 0.825962 
vt 0.812394 0.826038 
vt 0.812201 0.826023 
vt 0.802723 0.825822 
vt 0.802334 0.825853 
vt 0.802232 0.8257 
vt 0.802232 0.8257 
vt 0.802746 0.825659 
vt 0.802723 0.825822 
vt 0.801528 0.964317 
vt 0.801706 0.964561 
vt 0.801497 0.964446 
vt 0.803435 0.960727 
vt 0.803289 0.960415 
vt 0.803353 0.960338 
vt 0.803246 0.960211 
vt 0.803353 0.960338 
vt 0.803289 0.960415 
vt 0.801497 0.964446 
vt 0.80142 0.964258 
vt 0.801528 0.964317 
vt 0.846864 0.886631 
vt 0.845866 0.883111 
vt 0.846906 0.883162 
vt 0.850195 0.92704 
vt 0.851162 0.930777 
vt 0.850074 0.930599 
vt 0.803353 0.960338 
vt 0.803246 0.960211 
vt 0.803288 0.960152 
vt 0.80142 0.964258 
vt 0.801497 0.964446 
vt 0.801395 0.964345 
vt 0.770562 0.869477 
vt 0.772265 0.872749 
vt 0.77113 0.87359 
vt 0.802723 0.825822 
vt 0.802334 0.825853 
vt 0.802232 0.8257 
vt 0.802232 0.8257 
vt 0.802746 0.825659 
vt 0.802723 0.825822 
vt 0.812201 0.826023 
vt 0.81219 0.825942 
vt 0.812445 0.825962 
vt 0.812445 0.825962 
vt 0.812394 0.826038 
vt 0.812201 0.826023 
vt 0.803288 0.960152 
vt 0.803205 0.960077 
vt 0.803233 0.960036 
vt 0.803205 0.960077 
vt 0.803288 0.960152 
vt 0.803246 0.960211 
vt 0.801348 0.964198 
vt 0.801395 0.964345 
vt 0.801331 0.964256 
vt 0.801395 0.964345 
vt 0.801348 0.964198 
vt 0.80142 0.964258 
vt 0.771525 0.810556 
vt 0.772225 0.806521 
vt 0.773331 0.807498 
vt 0.774225 0.803613 
vt 0.774098 0.798972 
vt 0.773118 0.802637 
vt 0.772225 0.806521 
vt 0.774098 0.798972 
vt 0.775158 0.800104 
vt 0.775353 0.795941 
vt 0.774098 0.798972 
vt 0.850496 0.886806 
vt 0.851534 0.883328 
vt 0.851523 0.886787 
vt 0.850503 0.890237 
vt 0.850195 0.92704 
vt 0.851242 0.927159 
vt 0.851162 0.930777 
vt 0.850276 0.923574 
vt 0.845866 0.883111 
vt 0.846864 0.886631 
vt 0.845837 0.886569 
vt 0.846818 0.890061 
vt 0.846864 0.886631 
vt 0.84566 0.926943 
vt 0.846667 0.9234 
vt 0.846708 0.926869 
vt 0.845699 0.930564 
vt 0.804162 0.958946 
vt 0.804303 0.958304 
vt 0.80425 0.958978 
vt 0.804356 0.961703 
vt 0.804185 0.961049 
vt 0.804275 0.961003 
vt 0.804159 0.959995 
vt 0.804162 0.958946 
vt 0.80425 0.958978 
vt 0.804159 0.959995 
vt 0.80425 0.958978 
vt 0.804247 0.959991 
vt 0.804275 0.961003 
vt 0.804159 0.959995 
vt 0.804275 0.961003 
vt 0.804185 0.961049 
vt 0.804745 0.958251 
vt 0.804893 0.958909 
vt 0.804804 0.958948 
vt 0.804766 0.96163 
vt 0.804821 0.960975 
vt 0.804907 0.961008 
vt 0.804162 0.958946 
vt 0.804243 0.958184 
vt 0.804303 0.958304 
vt 0.804185 0.961049 
vt 0.804356 0.961703 
vt 0.804304 0.961839 
vt 0.803205 0.960077 
vt 0.803194 0.959971 
vt 0.803233 0.960036 
vt 0.801294 0.96419 
vt 0.801348 0.964198 
vt 0.801331 0.964256 
vt 0.804804 0.958948 
vt 0.804913 0.959963 
vt 0.804826 0.959965 
vt 0.804821 0.960975 
vt 0.804913 0.959963 
vt 0.804804 0.958948 
vt 0.804893 0.958909 
vt 0.804821 0.960975 
vt 0.804913 0.959963 
vt 0.804907 0.961008 
vt 0.803194 0.959971 
vt 0.803159 0.959955 
vt 0.803169 0.959929 
vt 0.801281 0.964127 
vt 0.801294 0.96419 
vt 0.80127 0.96415 
vt 0.804893 0.958909 
vt 0.804745 0.958251 
vt 0.804804 0.958116 
vt 0.804907 0.961008 
vt 0.804821 0.961746 
vt 0.804766 0.96163 
vt 0.801209 0.964018 
vt 0.801215 0.964023 
vt 0.801213 0.964027 
vt 0.801213 0.964027 
vt 0.801208 0.964019 
vt 0.801209 0.964018 
vt 0.803095 0.959837 
vt 0.803091 0.959827 
vt 0.803096 0.959832 
vt 0.803092 0.959824 
vt 0.803096 0.959832 
vt 0.803091 0.959827 
vt 0.803096 0.959832 
vt 0.803093 0.959823 
vt 0.803098 0.959829 
vt 0.803093 0.959823 
vt 0.803096 0.959832 
vt 0.803092 0.959824 
vt 0.801213 0.964027 
vt 0.801208 0.964021 
vt 0.801208 0.964019 
vt 0.801208 0.964021 
vt 0.801213 0.964027 
vt 0.801211 0.964031 
vt 0.80122 0.964041 
vt 0.801228 0.964056 
vt 0.801226 0.964059 
vt 0.801226 0.964059 
vt 0.801218 0.964045 
vt 0.80122 0.964041 
vt 0.803114 0.959858 
vt 0.803105 0.959846 
vt 0.803115 0.959854 
vt 0.803115 0.959854 
vt 0.803105 0.959846 
vt 0.803107 0.959841 
vt 0.803112 0.959862 
vt 0.803105 0.959846 
vt 0.803114 0.959858 
vt 0.803105 0.959846 
vt 0.803112 0.959862 
vt 0.803103 0.959851 
vt 0.80123 0.964052 
vt 0.80122 0.964041 
vt 0.801223 0.964037 
vt 0.80122 0.964041 
vt 0.80123 0.964052 
vt 0.801228 0.964056 
vt 0.801228 0.964056 
vt 0.801232 0.964062 
vt 0.801232 0.964064 
vt 0.801232 0.964062 
vt 0.801228 0.964056 
vt 0.80123 0.964052 
vt 0.803118 0.959866 
vt 0.803114 0.959858 
vt 0.803119 0.959865 
vt 0.803114 0.959858 
vt 0.803118 0.959866 
vt 0.803112 0.959862 
vt 0.803119 0.959865 
vt 0.803114 0.959858 
vt 0.803119 0.959863 
vt 0.803119 0.959863 
vt 0.803114 0.959858 
vt 0.803115 0.959854 
vt 0.801228 0.964056 
vt 0.801232 0.964064 
vt 0.801231 0.964065 
vt 0.801231 0.964065 
vt 0.801226 0.964059 
vt 0.801228 0.964056 
vt 0.80122 0.964041 
vt 0.801211 0.964031 
vt 0.801213 0.964027 
vt 0.801211 0.964031 
vt 0.80122 0.964041 
vt 0.801218 0.964045 
vt 0.803105 0.959846 
vt 0.803098 0.959829 
vt 0.803107 0.959841 
vt 0.803098 0.959829 
vt 0.803105 0.959846 
vt 0.803096 0.959832 
vt 0.803103 0.959851 
vt 0.803095 0.959837 
vt 0.803105 0.959846 
vt 0.803105 0.959846 
vt 0.803095 0.959837 
vt 0.803096 0.959832 
vt 0.801215 0.964023 
vt 0.801223 0.964037 
vt 0.80122 0.964041 
vt 0.80122 0.964041 
vt 0.801213 0.964027 
vt 0.801215 0.964023 
vt 0.77303 0.876735 
vt 0.77113 0.87359 
vt 0.772265 0.872749 
vt 0.771894 0.877575 
vt 0.772752 0.881351 
vt 0.773847 0.880351 
vt 0.773906 0.884529 
vt 0.774845 0.883036 
vt 0.775204 0.887509 
vt 0.775204 0.887509 
vt 0.776143 0.886018 
vt 0.776564 0.889585 
vt 0.777272 0.887675 
vt 0.778259 0.891392 
vt 0.778968 0.889484 
vt 0.778968 0.889484 
vt 0.781635 0.893106 
vt 0.7819 0.890814 
vt 0.783108 0.89346 
vt 0.783373 0.891167 
vt 0.803194 0.959971 
vt 0.803205 0.960077 
vt 0.803175 0.96 
vt 0.801306 0.964152 
vt 0.801348 0.964198 
vt 0.801294 0.96419 
vt 0.803159 0.959955 
vt 0.803194 0.959971 
vt 0.803175 0.96 
vt 0.801294 0.96419 
vt 0.801281 0.964127 
vt 0.801306 0.964152 
vt 0.850503 0.890237 
vt 0.851523 0.886787 
vt 0.851516 0.890214 
vt 0.803151 0.959902 
vt 0.803159 0.959955 
vt 0.803142 0.959918 
vt 0.803159 0.959955 
vt 0.803151 0.959902 
vt 0.803169 0.959929 
vt 0.801261 0.964102 
vt 0.801281 0.964127 
vt 0.801254 0.96412 
vt 0.801281 0.964127 
vt 0.80127 0.96415 
vt 0.801254 0.96412 
vt 0.775158 0.800104 
vt 0.775353 0.795941 
vt 0.776241 0.797546 
vt 0.776746 0.793125 
vt 0.777635 0.794727 
vt 0.778171 0.791219 
vt 0.777635 0.794727 
vt 0.778815 0.793211 
vt 0.779921 0.789622 
vt 0.780567 0.791612 
vt 0.783347 0.788322 
vt 0.779921 0.789622 
vt 0.780567 0.791612 
vt 0.783536 0.790641 
vt 0.784828 0.788148 
vt 0.785018 0.790468 
vt 0.783536 0.790641 
vt 0.803139 0.959888 
vt 0.803142 0.959918 
vt 0.803134 0.9599 
vt 0.801251 0.964088 
vt 0.801261 0.964102 
vt 0.801246 0.9641 
vt 0.803119 0.95987 
vt 0.803119 0.959865 
vt 0.80312 0.959867 
vt 0.803119 0.959865 
vt 0.803119 0.95987 
vt 0.803118 0.959866 
vt 0.801233 0.964067 
vt 0.801232 0.964064 
vt 0.801234 0.964064 
vt 0.801232 0.964062 
vt 0.803142 0.959918 
vt 0.803139 0.959888 
vt 0.803151 0.959902 
vt 0.801261 0.964102 
vt 0.801254 0.96412 
vt 0.801246 0.9641 
vt 0.803126 0.959883 
vt 0.803119 0.95987 
vt 0.80312 0.959867 
vt 0.801242 0.964076 
vt 0.801233 0.964067 
vt 0.801234 0.964064 
vt 0.801246 0.9641 
vt 0.801239 0.964084 
vt 0.801251 0.964088 
vt 0.801242 0.964076 
vt 0.801251 0.964088 
vt 0.801239 0.964084 
vt 0.850338 0.920162 
vt 0.851297 0.923665 
vt 0.850276 0.923574 
vt 0.851297 0.923665 
vt 0.851242 0.927159 
vt 0.846773 0.893458 
vt 0.845806 0.889995 
vt 0.846818 0.890061 
vt 0.845837 0.886569 
vt 0.845806 0.889995 
vt 0.803134 0.9599 
vt 0.803126 0.959883 
vt 0.80313 0.959877 
vt 0.803134 0.9599 
vt 0.80313 0.959877 
vt 0.803139 0.959888 
vt 0.846932 0.84931 
vt 0.845954 0.852552 
vt 0.845969 0.849264 
vt 0.846971 0.846011 
vt 0.847887 0.85259 
vt 0.847935 0.849366 
vt 0.846971 0.846011 
vt 0.846932 0.84931 
vt 0.845644 0.923448 
vt 0.846644 0.919986 
vt 0.846667 0.9234 
vt 0.84566 0.926943 
vt 0.845644 0.923448 
vt 0.807652 0.858303 
vt 0.807719 0.858425 
vt 0.807393 0.858788 
vt 0.807393 0.858788 
vt 0.807393 0.858592 
vt 0.807652 0.858303 
vt 0.807134 0.858303 
vt 0.807393 0.858592 
vt 0.807393 0.858788 
vt 0.807393 0.858788 
vt 0.807068 0.858425 
vt 0.807134 0.858303 
vt 0.851793 0.852773 
vt 0.850813 0.856012 
vt 0.850836 0.852752 
vt 0.850852 0.849491 
vt 0.84986 0.85273 
vt 0.850852 0.849491 
vt 0.850813 0.856012 
vt 0.845954 0.852552 
vt 0.846932 0.84931 
vt 0.846911 0.852571 
vt 0.846897 0.855831 
vt 0.845954 0.852552 
vt 0.847887 0.85259 
vt 0.846897 0.855831 
vt 0.846932 0.84931 
vt 0.80312 0.959867 
vt 0.80313 0.959877 
vt 0.803126 0.959883 
vt 0.801239 0.964084 
vt 0.801233 0.964067 
vt 0.801242 0.964076 
vt 0.851516 0.890214 
vt 0.85051 0.893634 
vt 0.850503 0.890237 
vt 0.845742 0.896759 
vt 0.845774 0.893392 
vt 0.846773 0.893458 
vt 0.845806 0.889995 
vt 0.851503 0.896979 
vt 0.85051 0.893634 
vt 0.85151 0.893611 
vt 0.851516 0.890214 
vt 0.85151 0.893611 
vt 0.850338 0.920162 
vt 0.851341 0.920241 
vt 0.851297 0.923665 
vt 0.851379 0.916861 
vt 0.851341 0.920241 
vt 0.846644 0.919986 
vt 0.845644 0.923448 
vt 0.84564 0.920022 
vt 0.84564 0.916642 
vt 0.84564 0.920022 
vt 0.851379 0.916861 
vt 0.850338 0.920162 
vt 0.850391 0.91679 
vt 0.851495 0.900318 
vt 0.850516 0.897 
vt 0.851503 0.896979 
vt 0.85051 0.893634 
vt 0.845643 0.913297 
vt 0.846628 0.916613 
vt 0.84564 0.916642 
vt 0.846644 0.919986 
vt 0.846728 0.896823 
vt 0.845742 0.896759 
vt 0.846773 0.893458 
vt 0.845712 0.900098 
vt 0.846728 0.896823 
vt 0.850391 0.91679 
vt 0.851413 0.913517 
vt 0.851379 0.916861 
vt 0.804514 0.958046 
vt 0.804303 0.958304 
vt 0.804243 0.958184 
vt 0.804745 0.958251 
vt 0.804514 0.958046 
vt 0.804804 0.958116 
vt 0.804356 0.961703 
vt 0.804569 0.961839 
vt 0.804304 0.961839 
vt 0.804569 0.961839 
vt 0.804766 0.96163 
vt 0.804821 0.961746 
vt 0.804569 0.961839 
vt 0.804356 0.961703 
vt 0.804561 0.961671 
vt 0.804766 0.96163 
vt 0.804569 0.961839 
vt 0.804561 0.961671 
vt 0.80452 0.958232 
vt 0.804303 0.958304 
vt 0.804514 0.958046 
vt 0.804514 0.958046 
vt 0.804745 0.958251 
vt 0.80452 0.958232 
vt 0.850521 0.900334 
vt 0.850516 0.897 
vt 0.851495 0.900318 
vt 0.851484 0.903629 
vt 0.851495 0.900318 
vt 0.850439 0.913455 
vt 0.851444 0.910205 
vt 0.851413 0.913517 
vt 0.851413 0.913517 
vt 0.850391 0.91679 
vt 0.845651 0.909984 
vt 0.846618 0.913276 
vt 0.845643 0.913297 
vt 0.846628 0.916613 
vt 0.845643 0.913297 
vt 0.850481 0.910155 
vt 0.851462 0.906916 
vt 0.851444 0.910205 
vt 0.850439 0.913455 
vt 0.84567 0.906696 
vt 0.846614 0.909976 
vt 0.845651 0.909984 
vt 0.846618 0.913276 
vt 0.845651 0.909984 
vt 0.850679 0.866007 
vt 0.851712 0.862709 
vt 0.851678 0.866076 
vt 0.849554 0.869309 
vt 0.849622 0.865912 
vt 0.849687 0.862552 
vt 0.80479 0.964712 
vt 0.804819 0.963706 
vt 0.804909 0.96371 
vt 0.804816 0.962706 
vt 0.804244 0.964658 
vt 0.804159 0.963663 
vt 0.804248 0.963668 
vt 0.804277 0.96268 
vt 0.80479 0.964712 
vt 0.804909 0.96371 
vt 0.804876 0.964775 
vt 0.804909 0.96371 
vt 0.804816 0.962706 
vt 0.804904 0.962645 
vt 0.804159 0.963663 
vt 0.804244 0.964658 
vt 0.804159 0.964711 
vt 0.804277 0.96268 
vt 0.804159 0.963663 
vt 0.804195 0.962616 
vt 0.804736 0.96541 
vt 0.80479 0.964712 
vt 0.804876 0.964775 
vt 0.804763 0.961987 
vt 0.804904 0.962645 
vt 0.804816 0.962706 
vt 0.804284 0.965346 
vt 0.804159 0.964711 
vt 0.804244 0.964658 
vt 0.804195 0.962616 
vt 0.804343 0.962018 
vt 0.804277 0.96268 
vt 0.804736 0.96541 
vt 0.804876 0.964775 
vt 0.804793 0.965534 
vt 0.804904 0.962645 
vt 0.804763 0.961987 
vt 0.804819 0.961868 
vt 0.804159 0.964711 
vt 0.804284 0.965346 
vt 0.804224 0.965453 
vt 0.804195 0.962616 
vt 0.804292 0.961906 
vt 0.804343 0.962018 
vt 0.846685 0.900155 
vt 0.845712 0.900098 
vt 0.846728 0.896823 
vt 0.845685 0.903408 
vt 0.845712 0.900098 
vt 0.847767 0.896909 
vt 0.847707 0.90023 
vt 0.84567 0.906696 
vt 0.845685 0.903408 
vt 0.846647 0.903454 
vt 0.846685 0.900155 
vt 0.847707 0.90023 
vt 0.84765 0.903509 
vt 0.847603 0.906733 
vt 0.850522 0.903633 
vt 0.850521 0.900334 
vt 0.851484 0.903629 
vt 0.851462 0.906916 
vt 0.849528 0.906871 
vt 0.849518 0.903646 
vt 0.849518 0.903646 
vt 0.850521 0.900334 
vt 0.849528 0.906871 
vt 0.850522 0.903633 
vt 0.850505 0.906894 
vt 0.850481 0.910155 
vt 0.850522 0.903633 
vt 0.851462 0.906916 
vt 0.851462 0.906916 
vt 0.850481 0.910155 
vt 0.804284 0.965346 
vt 0.804505 0.96543 
vt 0.804499 0.965604 
vt 0.804736 0.96541 
vt 0.804499 0.965604 
vt 0.804505 0.96543 
vt 0.804343 0.962018 
vt 0.80455 0.961841 
vt 0.804553 0.961998 
vt 0.80455 0.961841 
vt 0.804763 0.961987 
vt 0.804553 0.961998 
vt 0.804292 0.961906 
vt 0.80455 0.961841 
vt 0.804343 0.962018 
vt 0.804763 0.961987 
vt 0.80455 0.961841 
vt 0.804819 0.961868 
vt 0.849849 0.849504 
vt 0.850851 0.846191 
vt 0.850852 0.849491 
vt 0.850851 0.846191 
vt 0.849849 0.849504 
vt 0.849828 0.846225 
vt 0.846897 0.855831 
vt 0.847887 0.85259 
vt 0.8479 0.855815 
vt 0.8469 0.85913 
vt 0.850813 0.856012 
vt 0.850772 0.85931 
vt 0.84981 0.855954 
vt 0.804499 0.965604 
vt 0.804224 0.965453 
vt 0.804284 0.965346 
vt 0.804499 0.965604 
vt 0.804736 0.96541 
vt 0.804793 0.965534 
vt 0.8469 0.85913 
vt 0.8479 0.855815 
vt 0.847922 0.859095 
vt 0.850772 0.85931 
vt 0.849751 0.859231 
vt 0.84981 0.855954 
vt 0.849687 0.862552 
vt 0.849751 0.859231 
vt 0.847935 0.849366 
vt 0.846971 0.846011 
vt 0.847992 0.846088 
vt 0.848056 0.842768 
vt 0.847992 0.846088 
vt 0.849803 0.842902 
vt 0.850851 0.846191 
vt 0.849828 0.846225 
vt 0.847948 0.862418 
vt 0.8469 0.85913 
vt 0.847922 0.859095 
vt 0.849687 0.862552 
vt 0.850772 0.85931 
vt 0.850726 0.862642 
vt 0.850679 0.866007 
vt 0.849803 0.842902 
vt 0.850831 0.839482 
vt 0.850843 0.842854 
vt 0.850851 0.846191 
vt 0.846918 0.865829 
vt 0.846908 0.862464 
vt 0.847948 0.862418 
vt 0.8469 0.85913 
vt 0.848056 0.842768 
vt 0.846971 0.846011 
vt 0.847016 0.842676 
vt 0.847067 0.839304 
vt 0.848056 0.842768 
vt 0.849732 0.836144 
vt 0.850831 0.839482 
vt 0.849772 0.839541 
vt 0.849803 0.842902 
vt 0.848056 0.842768 
vt 0.847067 0.839304 
vt 0.848125 0.839409 
vt 0.848204 0.836013 
vt 0.848004 0.869178 
vt 0.846918 0.865829 
vt 0.847976 0.865779 
vt 0.847948 0.862418 
vt 0.804159 0.963663 
vt 0.804195 0.962616 
vt 0.801883 0.961495 
vt 0.804195 0.962616 
vt 0.801487 0.96251 
vt 0.801883 0.961495 
vt 0.802891 0.96146 
vt 0.804909 0.96371 
vt 0.804876 0.964775 
vt 0.804909 0.96371 
vt 0.802891 0.96146 
vt 0.802512 0.962544 
vt 0.802344 0.960585 
vt 0.801883 0.961495 
vt 0.80155 0.960946 
vt 0.802344 0.960585 
vt 0.80155 0.960946 
vt 0.80214 0.959985 
vt 0.803273 0.961782 
vt 0.802855 0.963116 
vt 0.802512 0.962544 
vt 0.803273 0.961782 
vt 0.802512 0.962544 
vt 0.802891 0.96146 
vt 0.801153 0.962214 
vt 0.80155 0.960946 
vt 0.801487 0.96251 
vt 0.801883 0.961495 
vt 0.801487 0.96251 
vt 0.80155 0.960946 
vt 0.80201 0.96342 
vt 0.802512 0.962544 
vt 0.802227 0.9641 
vt 0.802855 0.963116 
vt 0.802227 0.9641 
vt 0.802512 0.962544 
vt 0.850582 0.872833 
vt 0.849554 0.869309 
vt 0.85063 0.869403 
vt 0.850679 0.866007 
vt 0.850831 0.839482 
vt 0.849732 0.836144 
vt 0.850811 0.836068 
vt 0.850773 0.832599 
vt 0.846918 0.865829 
vt 0.848004 0.869178 
vt 0.846928 0.869227 
vt 0.846937 0.872658 
vt 0.847203 0.832426 
vt 0.848204 0.836013 
vt 0.847126 0.835893 
vt 0.847067 0.839304 
vt 0.847126 0.835893 
vt 0.802227 0.9641 
vt 0.801642 0.963831 
vt 0.80201 0.96342 
vt 0.801642 0.963831 
vt 0.802227 0.9641 
vt 0.801703 0.964349 
vt 0.803326 0.960748 
vt 0.803273 0.961782 
vt 0.802891 0.96146 
vt 0.803326 0.960748 
vt 0.802891 0.96146 
vt 0.803051 0.960697 
vt 0.802698 0.960135 
vt 0.802344 0.960585 
vt 0.80214 0.959985 
vt 0.802698 0.960135 
vt 0.80214 0.959985 
vt 0.802616 0.959662 
vt 0.801153 0.962214 
vt 0.801311 0.963243 
vt 0.801062 0.963157 
vt 0.801311 0.963243 
vt 0.801153 0.962214 
vt 0.801487 0.96251 
vt 0.80201 0.96342 
vt 0.801642 0.963831 
vt 0.801311 0.963243 
vt 0.801487 0.96251 
vt 0.804224 0.965453 
vt 0.804159 0.964711 
vt 0.802698 0.960135 
vt 0.804159 0.964711 
vt 0.802344 0.960585 
vt 0.802698 0.960135 
vt 0.849554 0.869309 
vt 0.850582 0.872833 
vt 0.849486 0.872746 
vt 0.850773 0.832599 
vt 0.849732 0.836144 
vt 0.849671 0.832708 
vt 0.848204 0.836013 
vt 0.847203 0.832426 
vt 0.848304 0.832581 
vt 0.846943 0.876128 
vt 0.846937 0.872658 
vt 0.848033 0.872618 
vt 0.848004 0.869178 
vt 0.846937 0.872658 
vt 0.850537 0.876302 
vt 0.849486 0.872746 
vt 0.850582 0.872833 
vt 0.80127 0.963483 
vt 0.801062 0.963157 
vt 0.801311 0.963243 
vt 0.801703 0.964349 
vt 0.801513 0.96393 
vt 0.801642 0.963831 
vt 0.803085 0.960434 
vt 0.803326 0.960748 
vt 0.803051 0.960697 
vt 0.802818 0.960022 
vt 0.802698 0.960135 
vt 0.802616 0.959662 
vt 0.849671 0.832708 
vt 0.850695 0.829036 
vt 0.850773 0.832599 
vt 0.847321 0.828867 
vt 0.848304 0.832581 
vt 0.847203 0.832426 
vt 0.80284 0.960487 
vt 0.802818 0.960022 
vt 0.802924 0.960289 
vt 0.801508 0.96346 
vt 0.80127 0.963483 
vt 0.801311 0.963243 
vt 0.80127 0.963483 
vt 0.801508 0.96346 
vt 0.801419 0.963645 
vt 0.802924 0.960289 
vt 0.803051 0.960697 
vt 0.80284 0.960487 
vt 0.801642 0.963831 
vt 0.801419 0.963645 
vt 0.801508 0.96346 
vt 0.801419 0.963645 
vt 0.801642 0.963831 
vt 0.801513 0.96393 
vt 0.802818 0.960022 
vt 0.80284 0.960487 
vt 0.802698 0.960135 
vt 0.803051 0.960697 
vt 0.802924 0.960289 
vt 0.803085 0.960434 
vt 0.849486 0.872746 
vt 0.850537 0.876302 
vt 0.849418 0.876232 
vt 0.850508 0.879818 
vt 0.849418 0.876232 
vt 0.850695 0.829036 
vt 0.849671 0.832708 
vt 0.849562 0.829232 
vt 0.849562 0.829232 
vt 0.850511 0.825251 
vt 0.848033 0.872618 
vt 0.848062 0.876105 
vt 0.846943 0.876128 
vt 0.846931 0.879645 
vt 0.848304 0.832581 
vt 0.847321 0.828867 
vt 0.848452 0.829111 
vt 0.847548 0.825091 
vt 0.850511 0.825251 
vt 0.849562 0.829232 
vt 0.849338 0.825713 
vt 0.848452 0.829111 
vt 0.847548 0.825091 
vt 0.848716 0.825602 
vt 0.801062 0.963157 
vt 0.80127 0.963483 
vt 0.801076 0.963465 
vt 0.801513 0.96393 
vt 0.801703 0.964349 
vt 0.801528 0.964317 
vt 0.803326 0.960748 
vt 0.803085 0.960434 
vt 0.803289 0.960415 
vt 0.802818 0.960022 
vt 0.802616 0.959662 
vt 0.80278 0.959643 
vt 0.850508 0.879818 
vt 0.849374 0.883354 
vt 0.849352 0.879792 
vt 0.849418 0.876232 
vt 0.849352 0.879792 
vt 0.848062 0.876105 
vt 0.848088 0.879668 
vt 0.846931 0.879645 
vt 0.848025 0.883228 
vt 0.801513 0.96393 
vt 0.80142 0.964258 
vt 0.801425 0.96398 
vt 0.803246 0.960211 
vt 0.803085 0.960434 
vt 0.8031 0.960255 
vt 0.802924 0.960289 
vt 0.802818 0.960022 
vt 0.80298 0.960157 
vt 0.80298 0.960157 
vt 0.802818 0.960022 
vt 0.802902 0.959956 
vt 0.80136 0.963767 
vt 0.80127 0.963483 
vt 0.801419 0.963645 
vt 0.80127 0.963483 
vt 0.80136 0.963767 
vt 0.801249 0.96365 
vt 0.803085 0.960434 
vt 0.80298 0.960157 
vt 0.8031 0.960255 
vt 0.80298 0.960157 
vt 0.803085 0.960434 
vt 0.802924 0.960289 
vt 0.801513 0.96393 
vt 0.80136 0.963767 
vt 0.801419 0.963645 
vt 0.80136 0.963767 
vt 0.801513 0.96393 
vt 0.801425 0.96398 
vt 0.801107 0.963663 
vt 0.80127 0.963483 
vt 0.801249 0.96365 
vt 0.802818 0.960022 
vt 0.802889 0.959675 
vt 0.802902 0.959956 
vt 0.850074 0.930599 
vt 0.849844 0.934375 
vt 0.848944 0.930352 
vt 0.849844 0.934375 
vt 0.848676 0.933861 
vt 0.848944 0.930352 
vt 0.847921 0.930233 
vt 0.846976 0.934217 
vt 0.846789 0.930432 
vt 0.846976 0.934217 
vt 0.847921 0.930233 
vt 0.848149 0.933752 
vt 0.80142 0.964258 
vt 0.801513 0.96393 
vt 0.801528 0.964317 
vt 0.803289 0.960415 
vt 0.803085 0.960434 
vt 0.803246 0.960211 
vt 0.80127 0.963483 
vt 0.801107 0.963663 
vt 0.801076 0.963465 
vt 0.802889 0.959675 
vt 0.802818 0.960022 
vt 0.80278 0.959643 
vt 0.849374 0.883354 
vt 0.850508 0.879818 
vt 0.850494 0.883335 
vt 0.850496 0.886806 
vt 0.849374 0.883354 
vt 0.846931 0.879645 
vt 0.848025 0.883228 
vt 0.846906 0.883162 
vt 0.848025 0.883228 
vt 0.846864 0.886631 
vt 0.850195 0.92704 
vt 0.848944 0.930352 
vt 0.849095 0.926882 
vt 0.848944 0.930352 
vt 0.850195 0.92704 
vt 0.850074 0.930599 
vt 0.846708 0.926869 
vt 0.847921 0.930233 
vt 0.846789 0.930432 
vt 0.847921 0.930233 
vt 0.846708 0.926869 
vt 0.84781 0.926757 
vt 0.849374 0.883354 
vt 0.850496 0.886806 
vt 0.8494 0.886842 
vt 0.850503 0.890237 
vt 0.847959 0.886714 
vt 0.846818 0.890061 
vt 0.846864 0.886631 
vt 0.848025 0.883228 
vt 0.847959 0.886714 
vt 0.80136 0.96401 
vt 0.80142 0.964258 
vt 0.801348 0.964198 
vt 0.803246 0.960211 
vt 0.803107 0.960123 
vt 0.803205 0.960077 
vt 0.8031 0.960255 
vt 0.80298 0.960157 
vt 0.802966 0.959913 
vt 0.80302 0.960059 
vt 0.802966 0.959913 
vt 0.80298 0.960157 
vt 0.802902 0.959956 
vt 0.80136 0.963767 
vt 0.801236 0.963773 
vt 0.801249 0.96365 
vt 0.801236 0.963773 
vt 0.80136 0.963767 
vt 0.801316 0.963855 
vt 0.8031 0.960255 
vt 0.80302 0.960059 
vt 0.803107 0.960123 
vt 0.80302 0.960059 
vt 0.8031 0.960255 
vt 0.80298 0.960157 
vt 0.80136 0.96401 
vt 0.80136 0.963767 
vt 0.801425 0.96398 
vt 0.80136 0.963767 
vt 0.80136 0.96401 
vt 0.801316 0.963855 
vt 0.801249 0.96365 
vt 0.801138 0.963793 
vt 0.801107 0.963663 
vt 0.801138 0.963793 
vt 0.801249 0.96365 
vt 0.801236 0.963773 
vt 0.802902 0.959956 
vt 0.802962 0.959717 
vt 0.802966 0.959913 
vt 0.802962 0.959717 
vt 0.802902 0.959956 
vt 0.802889 0.959675 
vt 0.849095 0.926882 
vt 0.850276 0.923574 
vt 0.850195 0.92704 
vt 0.850276 0.923574 
vt 0.849095 0.926882 
vt 0.849198 0.923449 
vt 0.846667 0.9234 
vt 0.84781 0.926757 
vt 0.846708 0.926869 
vt 0.84781 0.926757 
vt 0.846667 0.9234 
vt 0.847746 0.923321 
vt 0.846818 0.890061 
vt 0.847959 0.886714 
vt 0.847894 0.890152 
vt 0.8494 0.886842 
vt 0.850503 0.890237 
vt 0.849426 0.890282 
vt 0.85051 0.893634 
vt 0.849426 0.890282 
vt 0.801138 0.963793 
vt 0.801228 0.963857 
vt 0.801161 0.96388 
vt 0.803009 0.959886 
vt 0.802962 0.959717 
vt 0.803011 0.959751 
vt 0.850338 0.920162 
vt 0.849198 0.923449 
vt 0.849279 0.920054 
vt 0.849198 0.923449 
vt 0.850338 0.920162 
vt 0.850276 0.923574 
vt 0.80142 0.964258 
vt 0.80136 0.96401 
vt 0.801425 0.96398 
vt 0.801306 0.964152 
vt 0.801317 0.964022 
vt 0.846644 0.919986 
vt 0.847746 0.923321 
vt 0.846667 0.9234 
vt 0.847894 0.890152 
vt 0.846773 0.893458 
vt 0.846818 0.890061 
vt 0.803046 0.959991 
vt 0.802966 0.959913 
vt 0.803009 0.959886 
vt 0.801236 0.963773 
vt 0.801286 0.963912 
vt 0.801228 0.963857 
vt 0.801228 0.963857 
vt 0.801138 0.963793 
vt 0.801236 0.963773 
vt 0.847746 0.923321 
vt 0.846644 0.919986 
vt 0.847703 0.919923 
vt 0.847669 0.916561 
vt 0.847767 0.896909 
vt 0.846773 0.893458 
vt 0.84783 0.893549 
vt 0.847894 0.890152 
vt 0.85051 0.893634 
vt 0.849452 0.893681 
vt 0.849426 0.890282 
vt 0.850516 0.897 
vt 0.802966 0.959913 
vt 0.802962 0.959717 
vt 0.803009 0.959886 
vt 0.849279 0.920054 
vt 0.850391 0.91679 
vt 0.850338 0.920162 
vt 0.801286 0.963912 
vt 0.801236 0.963773 
vt 0.801316 0.963855 
vt 0.801316 0.963855 
vt 0.801317 0.964022 
vt 0.801286 0.963912 
vt 0.80302 0.960059 
vt 0.802966 0.959913 
vt 0.803046 0.959991 
vt 0.803108 0.960037 
vt 0.80302 0.960059 
vt 0.803046 0.959991 
vt 0.850516 0.897 
vt 0.850521 0.900334 
vt 0.849476 0.897043 
vt 0.849452 0.893681 
vt 0.849351 0.916695 
vt 0.850439 0.913455 
vt 0.850391 0.91679 
vt 0.850391 0.91679 
vt 0.849279 0.920054 
vt 0.847669 0.916561 
vt 0.846644 0.919986 
vt 0.846628 0.916613 
vt 0.846618 0.913276 
vt 0.847669 0.916561 
vt 0.846773 0.893458 
vt 0.847767 0.896909 
vt 0.846728 0.896823 
vt 0.846685 0.900155 
vt 0.803107 0.960123 
vt 0.80302 0.960059 
vt 0.803108 0.960037 
vt 0.801317 0.964022 
vt 0.801316 0.963855 
vt 0.80136 0.96401 
vt 0.803175 0.96 
vt 0.803109 0.959984 
vt 0.803159 0.959955 
vt 0.801291 0.964031 
vt 0.801306 0.964152 
vt 0.801281 0.964127 
vt 0.803175 0.96 
vt 0.803107 0.960123 
vt 0.803108 0.960037 
vt 0.849478 0.910096 
vt 0.850439 0.913455 
vt 0.849418 0.913374 
vt 0.849351 0.916695 
vt 0.849499 0.900366 
vt 0.849476 0.897043 
vt 0.850521 0.900334 
vt 0.850521 0.900334 
vt 0.849518 0.903646 
vt 0.846614 0.909976 
vt 0.84764 0.913238 
vt 0.846618 0.913276 
vt 0.847669 0.916561 
vt 0.84764 0.913238 
vt 0.801306 0.964152 
vt 0.80136 0.96401 
vt 0.801348 0.964198 
vt 0.803205 0.960077 
vt 0.803107 0.960123 
vt 0.803175 0.96 
vt 0.846647 0.903454 
vt 0.846685 0.900155 
vt 0.847707 0.90023 
vt 0.849528 0.906871 
vt 0.850481 0.910155 
vt 0.849478 0.910096 
vt 0.850439 0.913455 
vt 0.849478 0.910096 
vt 0.847603 0.906733 
vt 0.847617 0.909959 
vt 0.846614 0.909976 
vt 0.84764 0.913238 
vt 0.803108 0.960037 
vt 0.803062 0.959952 
vt 0.803109 0.959984 
vt 0.801268 0.963948 
vt 0.801317 0.964022 
vt 0.801291 0.964031 
vt 0.803109 0.959984 
vt 0.803175 0.96 
vt 0.803108 0.960037 
vt 0.801306 0.964152 
vt 0.801291 0.964031 
vt 0.801317 0.964022 
vt 0.801317 0.964022 
vt 0.801268 0.963948 
vt 0.801286 0.963912 
vt 0.803046 0.959991 
vt 0.803035 0.959873 
vt 0.803062 0.959952 
vt 0.803062 0.959952 
vt 0.803108 0.960037 
vt 0.803046 0.959991 
vt 0.801286 0.963912 
vt 0.801225 0.963907 
vt 0.801228 0.963857 
vt 0.803035 0.959873 
vt 0.803046 0.959991 
vt 0.803009 0.959886 
vt 0.803009 0.959886 
vt 0.803038 0.959775 
vt 0.803035 0.959873 
vt 0.801177 0.963927 
vt 0.801228 0.963857 
vt 0.801225 0.963907 
vt 0.801228 0.963857 
vt 0.801177 0.963927 
vt 0.801161 0.96388 
vt 0.803038 0.959775 
vt 0.803009 0.959886 
vt 0.803011 0.959751 
vt 0.801225 0.963907 
vt 0.801286 0.963912 
vt 0.801268 0.963948 
vt 0.801222 0.96395 
vt 0.801225 0.963907 
vt 0.801281 0.964127 
vt 0.801267 0.964037 
vt 0.801291 0.964031 
vt 0.801267 0.964037 
vt 0.801281 0.964127 
vt 0.801261 0.964102 
vt 0.803159 0.959955 
vt 0.803109 0.959984 
vt 0.803142 0.959918 
vt 0.803142 0.959918 
vt 0.803109 0.959984 
vt 0.803109 0.959939 
vt 0.803062 0.959952 
vt 0.803035 0.959873 
vt 0.803077 0.959917 
vt 0.803077 0.959917 
vt 0.803035 0.959873 
vt 0.803057 0.959862 
vt 0.803109 0.959984 
vt 0.803077 0.959917 
vt 0.803109 0.959939 
vt 0.803077 0.959917 
vt 0.803109 0.959984 
vt 0.803062 0.959952 
vt 0.801267 0.964037 
vt 0.801268 0.963948 
vt 0.801291 0.964031 
vt 0.801268 0.963948 
vt 0.801267 0.964037 
vt 0.801252 0.96398 
vt 0.801225 0.963907 
vt 0.80119 0.963965 
vt 0.801177 0.963927 
vt 0.80119 0.963965 
vt 0.801225 0.963907 
vt 0.801222 0.96395 
vt 0.803035 0.959873 
vt 0.803038 0.959775 
vt 0.803057 0.959862 
vt 0.803057 0.959862 
vt 0.803038 0.959775 
vt 0.80306 0.959796 
vt 0.801222 0.96395 
vt 0.801268 0.963948 
vt 0.801252 0.96398 
vt 0.800972 0.964731 
vt 0.801959 0.966035 
vt 0.800749 0.96407 
vt 0.801589 0.965733 
vt 0.801255 0.965293 
vt 0.802352 0.966186 
vt 0.800749 0.96407 
vt 0.802352 0.966186 
vt 0.800749 0.960226 
vt 0.804133 0.964693 
vt 0.802753 0.966181 
vt 0.804509 0.960918 
vt 0.804133 0.964693 
vt 0.80385 0.965262 
vt 0.803146 0.96602 
vt 0.803516 0.96571 
vt 0.801255 0.95899 
vt 0.800972 0.959559 
vt 0.801959 0.958232 
vt 0.801589 0.958542 
vt 0.804133 0.95952 
vt 0.804356 0.960182 
vt 0.803516 0.958518 
vt 0.80385 0.958958 
vt 0.802753 0.958066 
vt 0.801959 0.958232 
vt 0.802352 0.958071 
vt 0.803516 0.958518 
vt 0.803146 0.958217 
vt 0.804133 0.964693 
vt 0.804588 0.9625 
vt 0.804356 0.964026 
vt 0.804509 0.960918 
vt 0.804588 0.961701 
vt 0.804356 0.964026 
vt 0.804509 0.963285 
vt 0.800517 0.961751 
vt 0.800749 0.96407 
vt 0.800596 0.963333 
vt 0.800517 0.96255 
vt 0.800749 0.960226 
vt 0.800596 0.960966 
vt 0.804509 0.960918 
vt 0.804588 0.9625 
vt 0.804133 0.964693 
vt 0.804356 0.964026 
vt 0.804588 0.961701 
vt 0.804356 0.964026 
vt 0.804509 0.963285 
vt 0.802352 0.966186 
vt 0.802753 0.966181 
vt 0.80385 0.965262 
vt 0.804133 0.964693 
vt 0.803146 0.96602 
vt 0.803516 0.96571 
vt 0.800749 0.96407 
vt 0.801959 0.966035 
vt 0.800749 0.960226 
vt 0.804133 0.95952 
vt 0.804509 0.960918 
vt 0.804356 0.960182 
vt 0.801255 0.95899 
vt 0.800972 0.959559 
vt 0.801959 0.958232 
vt 0.801959 0.958232 
vt 0.801589 0.958542 
vt 0.803516 0.958518 
vt 0.80385 0.958958 
vt 0.802753 0.958066 
vt 0.802352 0.958071 
vt 0.803516 0.958518 
vt 0.803146 0.958217 
vt 0.800517 0.961751 
vt 0.800749 0.96407 
vt 0.800596 0.963333 
vt 0.800749 0.960226 
vt 0.800596 0.960966 
vt 0.800596 0.963333 
vt 0.800517 0.96255 
vt 0.800749 0.96407 
vt 0.801959 0.966035 
vt 0.800972 0.964731 
vt 0.801589 0.965733 
vt 0.801589 0.965733 
vt 0.801255 0.965293 
vt 0.801252 0.96398 
vt 0.801221 0.963972 
vt 0.801222 0.96395 
vt 0.801221 0.963972 
vt 0.801252 0.96398 
vt 0.801244 0.963996 
vt 0.801251 0.964088 
vt 0.801267 0.964037 
vt 0.801261 0.964102 
vt 0.801267 0.964037 
vt 0.801251 0.964088 
vt 0.801256 0.96404 
vt 0.801267 0.964037 
vt 0.801244 0.963996 
vt 0.801252 0.96398 
vt 0.801244 0.963996 
vt 0.801267 0.964037 
vt 0.801256 0.96404 
vt 0.801221 0.963972 
vt 0.80119 0.963965 
vt 0.801222 0.96395 
vt 0.80119 0.963965 
vt 0.801221 0.963972 
vt 0.801196 0.963983 
vt 0.803142 0.959918 
vt 0.803109 0.959939 
vt 0.803134 0.9599 
vt 0.803134 0.9599 
vt 0.803109 0.959939 
vt 0.803109 0.959916 
vt 0.803077 0.959917 
vt 0.803069 0.959856 
vt 0.803084 0.959899 
vt 0.803069 0.959856 
vt 0.803077 0.959917 
vt 0.803057 0.959862 
vt 0.803057 0.959862 
vt 0.803071 0.959806 
vt 0.803069 0.959856 
vt 0.803071 0.959806 
vt 0.803057 0.959862 
vt 0.80306 0.959796 
vt 0.803109 0.959939 
vt 0.803077 0.959917 
vt 0.803109 0.959916 
vt 0.803109 0.959916 
vt 0.803084 0.959899 
vt 0.80311 0.959893 
vt 0.803092 0.95988 
vt 0.803091 0.959827 
vt 0.803095 0.959837 
vt 0.803091 0.959841 
vt 0.803091 0.959841 
vt 0.803088 0.959826 
vt 0.803091 0.959827 
vt 0.803103 0.959851 
vt 0.803112 0.959862 
vt 0.803111 0.95987 
vt 0.8031 0.959859 
vt 0.803103 0.959851 
vt 0.803091 0.959841 
vt 0.803095 0.959837 
vt 0.803091 0.959841 
vt 0.803103 0.959851 
vt 0.8031 0.959859 
vt 0.803112 0.959862 
vt 0.803118 0.959866 
vt 0.803119 0.95987 
vt 0.801232 0.964062 
vt 0.801233 0.964049 
vt 0.801234 0.964064 
vt 0.801233 0.964049 
vt 0.801232 0.964062 
vt 0.80123 0.964052 
vt 0.801223 0.964037 
vt 0.801216 0.964017 
vt 0.801226 0.96403 
vt 0.801215 0.964023 
vt 0.80123 0.964052 
vt 0.801226 0.96403 
vt 0.801233 0.964049 
vt 0.801226 0.96403 
vt 0.80123 0.964052 
vt 0.801223 0.964037 
vt 0.801215 0.964023 
vt 0.801208 0.964013 
vt 0.801216 0.964017 
vt 0.801208 0.964013 
vt 0.801215 0.964023 
vt 0.801209 0.964018 
vt 0.803119 0.95987 
vt 0.80311 0.959893 
vt 0.803111 0.95987 
vt 0.803112 0.959862 
vt 0.801202 0.964 
vt 0.801221 0.963972 
vt 0.801219 0.963994 
vt 0.801221 0.963972 
vt 0.801202 0.964 
vt 0.801196 0.963983 
vt 0.801251 0.964088 
vt 0.801244 0.964043 
vt 0.801256 0.96404 
vt 0.801244 0.964043 
vt 0.801251 0.964088 
vt 0.801242 0.964076 
vt 0.803134 0.9599 
vt 0.80311 0.959893 
vt 0.803126 0.959883 
vt 0.80311 0.959893 
vt 0.803134 0.9599 
vt 0.803109 0.959916 
vt 0.803084 0.959899 
vt 0.803069 0.959856 
vt 0.803092 0.95988 
vt 0.803092 0.95988 
vt 0.803069 0.959856 
vt 0.80308 0.95985 
vt 0.801236 0.964012 
vt 0.801221 0.963972 
vt 0.801244 0.963996 
vt 0.801221 0.963972 
vt 0.801236 0.964012 
vt 0.801219 0.963994 
vt 0.803109 0.959916 
vt 0.803084 0.959899 
vt 0.80311 0.959893 
vt 0.801256 0.96404 
vt 0.801236 0.964012 
vt 0.801244 0.963996 
vt 0.801236 0.964012 
vt 0.801256 0.96404 
vt 0.801244 0.964043 
vt 0.803069 0.959856 
vt 0.803071 0.959806 
vt 0.80308 0.95985 
vt 0.80308 0.95985 
vt 0.803071 0.959806 
vt 0.803081 0.959815 
vt 0.801234 0.964064 
vt 0.801244 0.964043 
vt 0.801242 0.964076 
vt 0.801244 0.964043 
vt 0.801234 0.964064 
vt 0.801233 0.964049 
vt 0.801236 0.964012 
vt 0.801216 0.964017 
vt 0.801219 0.963994 
vt 0.801216 0.964017 
vt 0.801236 0.964012 
vt 0.801226 0.96403 
vt 0.801244 0.964043 
vt 0.801226 0.96403 
vt 0.801236 0.964012 
vt 0.801226 0.96403 
vt 0.801244 0.964043 
vt 0.801233 0.964049 
vt 0.801219 0.963994 
vt 0.801208 0.964013 
vt 0.801202 0.964 
vt 0.801208 0.964013 
vt 0.801219 0.963994 
vt 0.801216 0.964017 
vt 0.803119 0.95987 
vt 0.803126 0.959883 
vt 0.80311 0.959893 
vt 0.803092 0.95988 
vt 0.803091 0.959841 
vt 0.8031 0.959859 
vt 0.803091 0.959841 
vt 0.803092 0.95988 
vt 0.80308 0.95985 
vt 0.80311 0.959893 
vt 0.8031 0.959859 
vt 0.803111 0.95987 
vt 0.8031 0.959859 
vt 0.80311 0.959893 
vt 0.803092 0.95988 
vt 0.803091 0.959841 
vt 0.80308 0.95985 
vt 0.803081 0.959815 
vt 0.803091 0.959841 
vt 0.803081 0.959815 
vt 0.803088 0.959826 

usemtl Handle1Mtl

f 1/1/1 2/2/2 3/3/3 
f 4/4/4 5/5/5 3/3/3 
f 6/6/6 7/7/7 3/3/3 
f 8/8/8 6/6/6 3/3/3 
f 9/9/9 10/10/10 11/11/11 
f 11/11/11 12/12/12 13/13/13 
f 11/11/11 14/14/14 15/15/15 
f 16/16/16 15/15/15 17/17/17 
f 18/18/18 19/19/19 20/20/20 
f 21/21/21 19/19/19 22/22/22 
f 23/23/23 24/24/24 25/25/25 
f 26/26/26 27/27/27 24/24/24 
f 28/28/28 29/29/29 30/30/30 
f 31/31/31 32/32/32 33/33/33 
f 34/34/34 35/35/35 36/36/36 
f 37/37/37 38/38/38 39/39/39 
f 40/40/40 41/41/41 38/38/38 
f 42/42/42 43/43/43 44/44/44 
f 45/45/45 46/46/46 43/43/43 
f 47/47/47 48/48/48 49/49/49 
f 50/50/50 51/51/51 52/52/52 
f 53/53/53 54/54/54 52/52/52 
f 55/55/55 56/56/56 57/57/57 
f 57/57/57 58/58/58 55/55/55 
f 59/59/59 60/60/60 61/61/61 
f 60/60/60 62/62/62 61/61/61 
f 63/63/63 64/64/64 65/65/65 
f 66/66/66 65/65/65 64/64/64 
f 67/67/67 68/68/68 69/69/69 
f 69/69/69 70/70/70 67/67/67 
f 71/71/71 67/67/67 72/72/72 
f 73/73/73 74/74/74 75/75/75 
f 76/76/76 77/77/77 74/74/74 
f 74/74/74 78/78/78 79/79/79 
f 80/80/80 81/81/81 82/82/82 
f 82/82/82 83/83/83 80/80/80 
f 84/84/84 85/85/85 86/86/86 
f 87/87/87 84/84/84 86/86/86 
f 88/88/88 89/89/89 90/90/90 
f 91/91/91 88/88/88 90/90/90 
f 92/92/92 93/93/93 94/94/94 
f 95/95/95 94/94/94 93/93/93 
f 96/96/96 97/97/97 98/98/98 
f 99/99/99 100/100/100 98/98/98 
f 101/101/101 102/102/102 103/103/103 
f 104/104/104 105/105/105 103/103/103 
f 106/106/106 107/107/107 108/108/108 
f 109/109/109 108/108/108 107/107/107 
f 110/110/110 111/111/111 112/112/112 
f 113/113/113 112/112/112 111/111/111 
f 114/114/114 115/115/115 116/116/116 
f 117/117/117 118/118/118 119/119/119 
f 119/119/119 120/120/120 117/117/117 
f 121/121/121 122/122/122 123/123/123 
f 124/124/124 123/123/123 125/125/125 
f 126/126/126 127/127/127 128/128/128 
f 129/129/129 128/128/128 127/127/127 
f 130/130/130 131/131/131 132/132/132 
f 133/133/133 134/134/134 135/135/135 
f 136/136/136 137/137/137 138/138/138 
f 139/139/139 140/140/140 141/141/141 
f 141/141/141 142/142/142 139/139/139 
f 143/143/143 144/144/144 145/145/145 
f 146/146/146 145/145/145 147/147/147 
f 148/148/148 149/149/149 150/150/150 
f 151/151/151 152/152/152 153/153/153 
f 154/154/154 155/155/155 156/156/156 
f 157/157/157 158/158/158 159/159/159 
f 160/160/160 161/161/161 162/162/162 
f 163/163/163 162/162/162 164/164/164 
f 165/165/165 166/166/166 167/167/167 
f 168/168/168 169/169/169 170/170/170 
f 171/171/171 172/172/172 173/173/173 
f 174/174/174 175/175/175 176/176/176 
f 177/177/177 178/178/178 179/179/179 
f 178/178/178 180/180/180 179/179/179 
f 181/181/181 182/182/182 183/183/183 
f 184/184/184 185/185/185 183/183/183 
f 186/186/186 187/187/187 188/188/188 
f 189/189/189 190/190/190 191/191/191 
f 192/192/192 193/193/193 194/194/194 
f 195/195/195 196/196/196 197/197/197 
f 198/198/198 199/199/199 200/200/200 
f 201/201/201 202/202/202 203/203/203 
f 204/204/204 205/205/205 206/206/206 
f 207/207/207 208/208/208 206/206/206 
f 209/209/209 210/210/210 211/211/211 
f 212/212/212 213/213/213 209/209/209 
f 214/214/214 215/215/215 216/216/216 
f 217/217/217 218/218/218 214/214/214 
f 219/219/219 220/220/220 221/221/221 
f 222/222/222 223/223/223 219/219/219 
f 224/224/224 225/225/225 226/226/226 
f 227/227/227 228/228/228 225/225/225 
f 229/229/229 230/230/230 231/231/231 
f 232/232/232 233/233/233 234/234/234 
f 235/235/235 236/236/236 237/237/237 
f 238/238/238 239/239/239 240/240/240 
f 241/241/241 242/242/242 243/243/243 
f 244/244/244 245/245/245 246/246/246 
f 247/247/247 248/248/248 249/249/249 
f 250/250/250 251/251/251 252/252/252 
f 253/253/253 254/254/254 255/255/255 
f 256/256/256 255/255/255 257/257/257 
f 258/258/258 259/259/259 260/260/260 
f 260/260/260 261/261/261 262/262/262 
f 263/263/263 264/264/264 265/265/265 
f 266/266/266 267/267/267 268/268/268 
f 269/269/269 270/270/270 271/271/271 
f 272/272/272 271/271/271 273/273/273 
f 274/274/274 275/275/275 276/276/276 
f 277/277/277 275/275/275 278/278/278 
f 279/279/279 280/280/280 281/281/281 
f 279/279/279 282/282/282 283/283/283 
f 284/284/284 285/285/285 286/286/286 
f 287/287/287 284/284/284 288/288/288 
f 289/289/289 290/290/290 291/291/291 
f 292/292/292 291/291/291 293/293/293 
f 294/294/294 295/295/295 296/296/296 
f 295/295/295 294/294/294 297/297/297 
f 297/297/297 294/294/294 298/298/298 
f 299/299/299 300/300/300 295/295/295 
f 301/301/301 300/300/300 299/299/299 
f 300/300/300 302/302/302 303/303/303 
f 302/302/302 304/304/304 305/305/305 
f 306/306/306 302/302/302 307/307/307 
f 302/302/302 300/300/300 308/308/308 
f 296/296/296 301/301/301 308/308/308 
f 309/309/309 301/301/301 310/310/310 
f 311/311/311 310/310/310 301/301/301 
f 310/310/310 311/311/311 312/312/312 
f 308/308/308 301/301/301 313/313/313 
f 314/314/314 313/313/313 301/301/301 
f 314/314/314 315/315/315 313/313/313 
f 315/315/315 314/314/314 316/316/316 
f 313/313/313 315/315/315 317/317/317 
f 315/315/315 318/318/318 319/319/319 
f 320/320/320 308/308/308 313/313/313 
f 320/320/320 313/313/313 321/321/321 
f 308/308/308 320/320/320 322/322/322 
f 308/308/308 322/322/322 323/323/323 
f 322/322/322 320/320/320 324/324/324 
f 322/322/322 324/324/324 325/325/325 
f 324/324/324 320/320/320 326/326/326 
f 326/326/326 320/320/320 327/327/327 
f 324/324/324 326/326/326 328/328/328 
f 324/324/324 328/328/328 329/329/329 
f 328/328/328 330/330/330 331/331/331 
f 332/332/332 333/333/333 334/334/334 
f 333/333/333 332/332/332 335/335/335 
f 336/336/336 333/333/333 337/337/337 
f 338/338/338 333/333/333 336/336/336 
f 339/339/339 332/332/332 338/338/338 
f 340/340/340 338/338/338 341/341/341 
f 342/342/342 341/341/341 334/334/334 
f 343/343/343 340/340/340 344/344/344 
f 345/345/345 342/342/342 346/346/346 
f 347/347/347 342/342/342 345/345/345 
f 348/348/348 339/339/339 343/343/343 
f 332/332/332 339/339/339 348/348/348 
f 349/349/349 344/344/344 350/350/350 
f 351/351/351 350/350/350 352/352/352 
f 350/350/350 351/351/351 353/353/353 
f 332/332/332 348/348/348 354/354/354 
f 332/332/332 354/354/354 355/355/355 
f 356/356/356 354/354/354 348/348/348 
f 356/356/356 348/348/348 357/357/357 
f 358/358/358 354/354/354 356/356/356 
f 358/358/358 356/356/356 359/359/359 
f 354/354/354 360/360/360 361/361/361 
f 360/360/360 358/358/358 362/362/362 
f 362/362/362 358/358/358 363/363/363 
f 354/354/354 364/364/364 365/365/365 
f 365/365/365 362/362/362 366/366/366 
f 367/367/367 348/348/348 368/368/368 
f 369/369/369 367/367/367 370/370/370 
f 367/367/367 371/371/371 372/372/372 
f 373/373/373 367/367/367 374/374/374 
f 375/375/375 376/376/376 377/377/377 
f 378/378/378 379/379/379 380/380/380 
f 380/380/380 381/381/381 378/378/378 
f 382/382/382 383/383/383 384/384/384 
f 383/383/383 385/385/385 384/384/384 
f 386/386/386 387/387/387 388/388/388 
f 389/389/389 390/390/390 391/391/391 
f 392/392/392 391/391/391 390/390/390 
f 393/393/393 394/394/394 395/395/395 
f 396/396/396 397/397/397 398/398/398 
f 399/399/399 400/400/400 401/401/401 
f 402/402/402 403/403/403 399/399/399 
f 404/404/404 405/405/405 406/406/406 
f 406/406/406 407/407/407 408/408/408 
f 409/409/409 410/410/410 411/411/411 
f 410/410/410 412/412/412 411/411/411 
f 413/413/413 414/414/414 415/415/415 
f 416/416/416 417/417/417 414/414/414 
f 418/418/418 419/419/419 420/420/420 
f 421/421/421 422/422/422 423/423/423 
f 424/424/424 425/425/425 426/426/426 
f 426/426/426 427/427/427 428/428/428 
f 429/429/429 430/430/430 431/431/431 
f 429/429/429 432/432/432 433/433/433 
f 434/434/434 435/435/435 436/436/436 
f 434/434/434 437/437/437 438/438/438 
f 439/439/439 440/440/440 441/441/441 
f 440/440/440 442/442/442 443/443/443 
f 444/444/444 445/445/445 446/446/446 
f 445/445/445 447/447/447 446/446/446 
f 448/448/448 449/449/449 450/450/450 
f 449/449/449 451/451/451 450/450/450 
f 452/452/452 453/453/453 449/449/449 
f 454/454/454 455/455/455 449/449/449 
f 456/456/456 457/457/457 454/454/454 
f 454/454/454 457/457/457 458/458/458 
f 459/459/459 457/457/457 460/460/460 
f 457/457/457 461/461/461 460/460/460 
f 461/461/461 457/457/457 462/462/462 
f 463/463/463 464/464/464 465/465/465 
f 466/466/466 464/464/464 463/463/463 
f 467/467/467 468/468/468 469/469/469 
f 469/469/469 470/470/470 471/471/471 
f 472/472/472 473/473/473 474/474/474 
f 475/475/475 476/476/476 473/473/473 
f 477/477/477 478/478/478 479/479/479 
f 479/479/479 480/480/480 477/477/477 
f 481/481/481 482/482/482 483/483/483 
f 484/484/484 485/485/485 486/486/486 
f 486/486/486 487/487/487 488/488/488 
f 489/489/489 490/490/490 491/491/491 
f 492/492/492 491/491/491 493/493/493 
f 494/494/494 495/495/495 496/496/496 
f 497/497/497 498/498/498 494/494/494 
f 499/499/499 500/500/500 501/501/501 
f 502/502/502 503/503/503 504/504/504 
f 505/505/505 506/506/506 507/507/507 
f 508/508/508 509/509/509 510/510/510 
f 511/511/511 512/512/512 513/513/513 
f 511/511/511 514/514/514 512/512/512 
f 514/514/514 511/511/511 515/515/515 
f 514/514/514 515/515/515 516/516/516 
f 516/516/516 517/517/517 514/514/514 
f 517/517/517 516/516/516 518/518/518 
f 519/519/519 517/517/517 518/518/518 
f 518/518/518 520/520/520 519/519/519 
f 520/520/520 518/518/518 521/521/521 
f 522/522/522 518/518/518 516/516/516 
f 522/522/522 516/516/516 515/515/515 
f 523/523/523 521/521/521 518/518/518 
f 518/518/518 522/522/522 523/523/523 
f 521/521/521 523/523/523 524/524/524 
f 525/525/525 524/524/524 523/523/523 
f 523/523/523 522/522/522 525/525/525 
f 524/524/524 525/525/525 526/526/526 
f 527/527/527 526/526/526 525/525/525 
f 526/526/526 527/527/527 528/528/528 
f 525/525/525 529/529/529 527/527/527 
f 522/522/522 530/530/530 525/525/525 
f 529/529/529 525/525/525 530/530/530 
f 515/515/515 531/531/531 522/522/522 
f 530/530/530 522/522/522 531/531/531 
f 532/532/532 533/533/533 534/534/534 
f 535/535/535 532/532/532 536/536/536 
f 537/537/537 538/538/538 539/539/539 
f 540/540/540 541/541/541 537/537/537 
f 542/542/542 543/543/543 544/544/544 
f 543/543/543 545/545/545 546/546/546 
f 543/543/543 542/542/542 547/547/547 
f 545/545/545 543/543/543 547/547/547 
f 548/548/548 547/547/547 542/542/542 
f 542/542/542 549/549/549 548/548/548 
f 548/548/548 549/549/549 550/550/550 
f 551/551/551 548/548/548 550/550/550 
f 547/547/547 548/548/548 552/552/552 
f 552/552/552 548/548/548 551/551/551 
f 552/552/552 545/545/545 547/547/547 
f 553/553/553 552/552/552 551/551/551 
f 545/545/545 552/552/552 554/554/554 
f 554/554/554 552/552/552 553/553/553 
f 555/555/555 556/556/556 557/557/557 
f 558/558/558 559/559/559 560/560/560 
f 561/561/561 562/562/562 563/563/563 
f 564/564/564 565/565/565 566/566/566 
f 567/567/567 568/568/568 569/569/569 
f 570/570/570 571/571/571 572/572/572 
f 572/572/572 573/573/573 570/570/570 
f 574/574/574 575/575/575 570/570/570 
f 575/575/575 576/576/576 570/570/570 
f 577/577/577 578/578/578 579/579/579 
f 580/580/580 579/579/579 578/578/578 
f 581/581/581 578/578/578 582/582/582 
f 583/583/583 582/582/582 578/578/578 
f 584/584/584 585/585/585 586/586/586 
f 586/586/586 587/587/587 584/584/584 
f 588/588/588 586/586/586 589/589/589 
f 586/586/586 590/590/590 591/591/591 
f 592/592/592 593/593/593 594/594/594 
f 595/595/595 592/592/592 594/594/594 
f 596/596/596 597/597/597 598/598/598 
f 599/599/599 600/600/600 601/601/601 
f 602/602/602 603/603/603 604/604/604 
f 605/605/605 606/606/606 607/607/607 
f 608/608/608 609/609/609 610/610/610 
f 610/610/610 609/609/609 611/611/611 
f 612/612/612 613/613/613 614/614/614 
f 614/614/614 615/615/615 612/612/612 
f 616/616/616 617/617/617 618/618/618 
f 619/619/619 620/620/620 617/617/617 
f 621/621/621 622/622/622 623/623/623 
f 624/624/624 622/622/622 625/625/625 
f 625/625/625 626/626/626 627/627/627 
f 628/628/628 629/629/629 630/630/630 
f 631/631/631 630/630/630 629/629/629 
f 632/632/632 633/633/633 634/634/634 
f 634/634/634 633/633/633 635/635/635 
f 636/636/636 632/632/632 634/634/634 
f 632/632/632 636/636/636 637/637/637 
f 638/638/638 637/637/637 639/639/639 
f 632/632/632 640/640/640 633/633/633 
f 640/640/640 641/641/641 633/633/633 
f 641/641/641 640/640/640 642/642/642 
f 640/640/640 643/643/643 642/642/642 
f 637/637/637 644/644/644 632/632/632 
f 644/644/644 640/640/640 632/632/632 
f 645/645/645 644/644/644 637/637/637 
f 646/646/646 645/645/645 637/637/637 
f 647/647/647 645/645/645 646/646/646 
f 647/647/647 648/648/648 645/645/645 
f 648/648/648 644/644/644 645/645/645 
f 649/649/649 648/648/648 647/647/647 
f 650/650/650 640/640/640 644/644/644 
f 644/644/644 648/648/648 650/650/650 
f 649/649/649 651/651/651 648/648/648 
f 652/652/652 651/651/651 649/649/649 
f 653/653/653 651/651/651 652/652/652 
f 648/648/648 654/654/654 650/650/650 
f 655/655/655 654/654/654 651/651/651 
f 651/651/651 654/654/654 656/656/656 
f 651/651/651 657/657/657 658/658/658 
f 654/654/654 658/658/658 550/550/550 
f 654/654/654 659/659/659 650/650/650 
f 660/660/660 659/659/659 654/654/654 
f 650/650/650 659/659/659 661/661/661 
f 640/640/640 650/650/650 661/661/661 
f 661/661/661 643/643/643 640/640/640 
f 661/661/661 662/662/662 643/643/643 
f 659/659/659 662/662/662 661/661/661 
f 663/663/663 662/662/662 659/659/659 
f 659/659/659 664/664/664 665/665/665 
f 662/662/662 665/665/665 666/666/666 
f 665/665/665 667/667/667 666/666/666 
f 549/549/549 667/667/667 668/668/668 
f 669/669/669 549/549/549 668/668/668 
f 670/670/670 667/667/667 549/549/549 
f 667/667/667 670/670/670 671/671/671 
f 549/549/549 542/542/542 670/670/670 
f 672/672/672 671/671/671 670/670/670 
f 542/542/542 672/672/672 670/670/670 
f 671/671/671 672/672/672 673/673/673 
f 674/674/674 673/673/673 672/672/672 
f 673/673/673 674/674/674 675/675/675 
f 674/674/674 676/676/676 675/675/675 
f 676/676/676 674/674/674 677/677/677 
f 544/544/544 674/674/674 672/672/672 
f 672/672/672 542/542/542 544/544/544 
f 678/678/678 677/677/677 674/674/674 
f 678/678/678 674/674/674 544/544/544 
f 677/677/677 678/678/678 679/679/679 
f 678/678/678 680/680/680 679/679/679 
f 544/544/544 681/681/681 678/678/678 
f 680/680/680 678/678/678 681/681/681 
f 682/682/682 680/680/680 681/681/681 
f 680/680/680 682/682/682 683/683/683 
f 682/682/682 681/681/681 546/546/546 
f 681/681/681 544/544/544 543/543/543 
f 546/546/546 681/681/681 543/543/543 
f 462/462/462 684/684/684 685/685/685 
f 457/457/457 686/686/686 687/687/687 
f 687/687/687 686/686/686 688/688/688 
f 457/457/457 689/689/689 690/690/690 
f 691/691/691 690/690/690 689/689/689 
f 690/690/690 691/691/691 692/692/692 
f 693/693/693 692/692/692 691/691/691 
f 694/694/694 690/690/690 695/695/695 
f 695/695/695 696/696/696 694/694/694 
f 696/696/696 697/697/697 698/698/698 
f 698/698/698 699/699/699 700/700/700 
f 457/457/457 701/701/701 702/702/702 
f 701/701/701 703/703/703 702/702/702 
f 702/702/702 703/703/703 704/704/704 
f 703/703/703 705/705/705 704/704/704 
f 702/702/702 706/706/706 707/707/707 
f 707/707/707 706/706/706 708/708/708 
f 709/709/709 710/710/710 711/711/711 
f 710/710/710 712/712/712 711/711/711 
f 709/709/709 713/713/713 714/714/714 
f 715/715/715 714/714/714 713/713/713 
f 714/714/714 716/716/716 717/717/717 
f 718/718/718 717/717/717 716/716/716 
f 711/711/711 719/719/719 720/720/720 
f 719/719/719 721/721/721 720/720/720 
f 720/720/720 722/722/722 723/723/723 
f 722/722/722 724/724/724 723/723/723 
f 725/725/725 726/726/726 727/727/727 
f 727/727/727 728/728/728 725/725/725 
f 729/729/729 727/727/727 730/730/730 
f 730/730/730 731/731/731 729/729/729 
f 731/731/731 730/730/730 732/732/732 
f 732/732/732 733/733/733 731/731/731 
f 734/734/734 732/732/732 735/735/735 
f 726/726/726 736/736/736 737/737/737 
f 738/738/738 726/726/726 737/737/737 
f 739/739/739 726/726/726 740/740/740 
f 740/740/740 726/726/726 741/741/741 
f 726/726/726 742/742/742 741/741/741 
f 743/743/743 742/742/742 744/744/744 
f 742/742/742 745/745/745 746/746/746 
f 746/746/746 745/745/745 747/747/747 
f 745/745/745 748/748/748 747/747/747 
f 747/747/747 748/748/748 749/749/749 
f 750/750/750 751/751/751 752/752/752 
f 753/753/753 754/754/754 755/755/755 
f 756/756/756 757/757/757 758/758/758 
f 759/759/759 760/760/760 761/761/761 
f 762/762/762 760/760/760 759/759/759 
f 763/763/763 759/759/759 764/764/764 
f 531/531/531 515/515/515 511/511/511 
f 529/529/529 530/530/530 765/765/765 
f 531/531/531 765/765/765 530/530/530 
f 765/765/765 766/766/766 529/529/529 
f 765/765/765 767/767/767 766/766/766 
f 765/765/765 531/531/531 768/768/768 
f 511/511/511 768/768/768 531/531/531 
f 767/767/767 765/765/765 769/769/769 
f 768/768/768 769/769/769 765/765/765 
f 768/768/768 511/511/511 770/770/770 
f 771/771/771 770/770/770 511/511/511 
f 770/770/770 772/772/772 768/768/768 
f 769/769/769 768/768/768 772/772/772 
f 767/767/767 769/769/769 773/773/773 
f 774/774/774 773/773/773 769/769/769 
f 773/773/773 775/775/775 767/767/767 
f 773/773/773 776/776/776 775/775/775 
f 772/772/772 777/777/777 773/773/773 
f 776/776/776 773/773/773 777/777/777 
f 776/776/776 777/777/777 778/778/778 
f 778/778/778 779/779/779 776/776/776 
f 779/779/779 778/778/778 780/780/780 
f 780/780/780 781/781/781 779/779/779 
f 781/781/781 780/780/780 782/782/782 
f 782/782/782 783/783/783 781/781/781 
f 784/784/784 780/780/780 778/778/778 
f 784/784/784 782/782/782 780/780/780 
f 782/782/782 785/785/785 786/786/786 
f 787/787/787 778/778/778 777/777/777 
f 778/778/778 787/787/787 784/784/784 
f 777/777/777 788/788/788 787/787/787 
f 777/777/777 789/789/789 788/788/788 
f 790/790/790 787/787/787 788/788/788 
f 790/790/790 784/784/784 787/787/787 
f 782/782/782 784/784/784 791/791/791 
f 791/791/791 792/792/792 782/782/782 
f 792/792/792 793/793/793 782/782/782 
f 794/794/794 792/792/792 791/791/791 
f 794/794/794 791/791/791 784/784/784 
f 792/792/792 794/794/794 795/795/795 
f 784/784/784 796/796/796 794/794/794 
f 784/784/784 790/790/790 796/796/796 
f 797/797/797 794/794/794 796/796/796 
f 796/796/796 798/798/798 797/797/797 
f 798/798/798 796/796/796 790/790/790 
f 790/790/790 799/799/799 798/798/798 
f 799/799/799 790/790/790 800/800/800 
f 788/788/788 800/800/800 790/790/790 
f 800/800/800 801/801/801 799/799/799 
f 800/800/800 771/771/771 801/801/801 
f 788/788/788 802/802/802 800/800/800 
f 803/803/803 800/800/800 802/802/802 
f 802/802/802 788/788/788 772/772/772 
f 804/804/804 805/805/805 806/806/806 
f 807/807/807 806/806/806 805/805/805 
f 808/808/808 809/809/809 805/805/805 
f 810/810/810 811/811/811 812/812/812 
f 810/810/810 813/813/813 814/814/814 
f 815/815/815 816/816/816 817/817/817 
f 815/815/815 818/818/818 819/819/819 
f 820/820/820 821/821/821 822/822/822 
f 822/822/822 823/823/823 820/820/820 
f 824/824/824 825/825/825 826/826/826 
f 827/827/827 826/826/826 825/825/825 
f 828/828/828 829/829/829 830/830/830 
f 830/830/830 831/831/831 828/828/828 
f 832/832/832 833/833/833 834/834/834 
f 834/834/834 833/833/833 835/835/835 
f 836/836/836 837/837/837 838/838/838 
f 839/839/839 838/838/838 837/837/837 
f 840/840/840 841/841/841 842/842/842 
f 841/841/841 843/843/843 842/842/842 
f 844/844/844 845/845/845 846/846/846 
f 847/847/847 848/848/848 849/849/849 
f 850/850/850 851/851/851 852/852/852 
f 853/853/853 854/854/854 855/855/855 
f 856/856/856 857/857/857 858/858/858 
f 859/859/859 860/860/860 857/857/857 
f 857/857/857 861/861/861 859/859/859 
f 862/862/862 863/863/863 864/864/864 
f 865/865/865 866/866/866 867/867/867 
f 868/868/868 869/869/869 870/870/870 
f 871/871/871 872/872/872 873/873/873 
f 874/874/874 873/873/873 872/872/872 
f 875/875/875 876/876/876 877/877/877 
f 877/877/877 876/876/876 878/878/878 
f 876/876/876 879/879/879 878/878/878 
f 878/878/878 880/880/880 881/881/881 
f 882/882/882 883/883/883 884/884/884 
f 885/885/885 886/886/886 887/887/887 
f 888/888/888 889/889/889 890/890/890 
f 890/890/890 891/891/891 888/888/888 
f 892/892/892 893/893/893 894/894/894 
f 895/895/895 896/896/896 897/897/897 
f 898/898/898 899/899/899 900/900/900 
f 901/901/901 902/902/902 903/903/903 
f 904/904/904 905/905/905 906/906/906 
f 907/907/907 908/908/908 909/909/909 
f 909/909/909 910/910/910 911/911/911 
f 912/912/912 913/913/913 914/914/914 
f 915/915/915 914/914/914 916/916/916 
f 917/917/917 918/918/918 919/919/919 
f 920/920/920 919/919/919 918/918/918 
f 921/921/921 922/922/922 923/923/923 
f 923/923/923 922/922/922 924/924/924 
f 925/925/925 922/922/922 926/926/926 
f 922/922/922 927/927/927 926/926/926 
f 928/928/928 926/926/926 929/929/929 
f 926/926/926 930/930/930 929/929/929 
f 923/923/923 931/931/931 932/932/932 
f 933/933/933 923/923/923 932/932/932 
f 932/932/932 934/934/934 935/935/935 
f 936/936/936 932/932/932 935/935/935 
f 937/937/937 938/938/938 939/939/939 
f 940/940/940 938/938/938 937/937/937 
f 941/941/941 940/940/940 942/942/942 
f 943/943/943 944/944/944 941/941/941 
f 945/945/945 943/943/943 941/941/941 
f 946/946/946 943/943/943 945/945/945 
f 947/947/947 948/948/948 949/949/949 
f 948/948/948 950/950/950 951/951/951 
f 952/952/952 953/953/953 954/954/954 
f 952/952/952 954/954/954 955/955/955 
f 956/956/956 957/957/957 958/958/958 
f 957/957/957 959/959/959 960/960/960 
f 961/961/961 962/962/962 963/963/963 
f 962/962/962 961/961/961 964/964/964 
f 964/964/964 965/965/965 962/962/962 
f 965/965/965 964/964/964 966/966/966 
f 966/966/966 967/967/967 968/968/968 
f 969/969/969 970/970/970 971/971/971 
f 972/972/972 973/973/973 974/974/974 
f 975/975/975 976/976/976 977/977/977 
f 978/978/978 975/975/975 977/977/977 
f 979/979/979 980/980/980 981/981/981 
f 981/981/981 982/982/982 983/983/983 
f 984/984/984 985/985/985 986/986/986 
f 987/987/987 988/988/988 985/985/985 
f 989/989/989 990/990/990 991/991/991 
f 989/989/989 992/992/992 990/990/990 
f 993/993/993 994/994/994 995/995/995 
f 994/994/994 993/993/993 996/996/996 
f 997/997/997 998/998/998 999/999/999 
f 997/997/997 999/999/999 1000/1000/1000 
f 1001/1001/1001 1002/1002/1002 1003/1003/1003 
f 1004/1004/1004 1001/1001/1001 1003/1003/1003 
f 1005/1005/1005 1006/1006/1006 1007/1007/1007 
f 1008/1008/1008 1007/1007/1007 1006/1006/1006 
f 1009/1009/1009 1010/1010/1010 1011/1011/1011 
f 1012/1012/1012 1010/1010/1010 1013/1013/1013 
f 1014/1014/1014 1012/1012/1012 1013/1013/1013 
f 1015/1015/1015 1012/1012/1012 1016/1016/1016 
f 1017/1017/1017 1015/1015/1015 1018/1018/1018 
f 1019/1019/1019 1020/1020/1020 1017/1017/1017 
f 1021/1021/1021 1022/1022/1022 1023/1023/1023 
f 1024/1024/1024 1025/1025/1025 1026/1026/1026 
f 1026/1026/1026 1025/1025/1025 1027/1027/1027 
f 1025/1025/1025 1028/1028/1028 1027/1027/1027 
f 1029/1029/1029 1024/1024/1024 1030/1030/1030 
f 1031/1031/1031 1032/1032/1032 1029/1029/1029 
f 1033/1033/1033 1034/1034/1034 1029/1029/1029 
f 1035/1035/1035 1034/1034/1034 1033/1033/1033 
f 1036/1036/1036 1037/1037/1037 1038/1038/1038 
f 1038/1038/1038 1037/1037/1037 1039/1039/1039 
f 1040/1040/1040 1041/1041/1041 1042/1042/1042 
f 1041/1041/1041 1043/1043/1043 1042/1042/1042 
f 1044/1044/1044 1045/1045/1045 1046/1046/1046 
f 1047/1047/1047 1046/1046/1046 1048/1048/1048 
f 1049/1049/1049 1050/1050/1050 1051/1051/1051 
f 1052/1052/1052 1051/1051/1051 1050/1050/1050 
f 1053/1053/1053 1054/1054/1054 1055/1055/1055 
f 1056/1056/1056 1053/1053/1053 1055/1055/1055 
f 1057/1057/1057 1058/1058/1058 1059/1059/1059 
f 1060/1060/1060 1059/1059/1059 1058/1058/1058 
f 1061/1061/1061 1062/1062/1062 1063/1063/1063 
f 1063/1063/1063 1064/1064/1064 1061/1061/1061 
f 1065/1065/1065 1066/1066/1066 1067/1067/1067 
f 1068/1068/1068 1069/1069/1069 1070/1070/1070 
f 1071/1071/1071 1072/1072/1072 1073/1073/1073 
f 1074/1074/1074 1075/1075/1075 1076/1076/1076 
f 1077/1077/1077 1078/1078/1078 1079/1079/1079 
f 1080/1080/1080 1081/1081/1081 1082/1082/1082 
f 1083/1083/1083 1084/1084/1084 1085/1085/1085 
f 1086/1086/1086 1083/1083/1083 1085/1085/1085 
f 1087/1087/1087 1088/1088/1088 1089/1089/1089 
f 1090/1090/1090 1087/1087/1087 1089/1089/1089 
f 1091/1091/1091 1092/1092/1092 1093/1093/1093 
f 1092/1092/1092 1094/1094/1094 1095/1095/1095 
f 1096/1096/1096 1097/1097/1097 1098/1098/1098 
f 1099/1099/1099 1100/1100/1100 1096/1096/1096 
f 1101/1101/1101 1102/1102/1102 1103/1103/1103 
f 1104/1104/1104 1105/1105/1105 1102/1102/1102 
f 1106/1106/1106 1107/1107/1107 1108/1108/1108 
f 1108/1108/1108 1109/1109/1109 1110/1110/1110 
f 1111/1111/1111 1112/1112/1112 1113/1113/1113 
f 1114/1114/1114 1115/1115/1115 1116/1116/1116 
f 1117/1117/1117 1118/1118/1118 1119/1119/1119 
f 1120/1120/1120 1121/1121/1121 1122/1122/1122 
f 1123/1123/1123 1120/1120/1120 1122/1122/1122 
f 1124/1124/1124 1125/1125/1125 1126/1126/1126 
f 1127/1127/1127 1128/1128/1128 1129/1129/1129 
f 1130/1130/1130 1131/1131/1131 1132/1132/1132 
f 1130/1130/1130 1133/1133/1133 1131/1131/1131 
f 1134/1134/1134 1135/1135/1135 1136/1136/1136 
f 1134/1134/1134 1137/1137/1137 1135/1135/1135 
f 1138/1138/1138 1139/1139/1139 1140/1140/1140 
f 1141/1141/1141 1142/1142/1142 1143/1143/1143 
f 1144/1144/1144 1145/1145/1145 1146/1146/1146 
f 1147/1147/1147 1148/1148/1148 1149/1149/1149 
f 1150/1150/1150 1151/1151/1151 1152/1152/1152 
f 1153/1153/1153 1154/1154/1154 1155/1155/1155 
f 1156/1156/1156 1157/1157/1157 1158/1158/1158 
f 1159/1159/1159 1160/1160/1160 1161/1161/1161 
f 1162/1162/1162 1163/1163/1163 1164/1164/1164 
f 1165/1165/1165 1166/1166/1166 1167/1167/1167 
f 1168/1168/1168 1169/1169/1169 1170/1170/1170 
f 1171/1171/1171 1172/1172/1172 1173/1173/1173 
f 1174/1174/1174 1175/1175/1175 1176/1176/1176 
f 1177/1177/1177 1178/1178/1178 1179/1179/1179 
f 1180/1180/1180 1181/1181/1181 1182/1182/1182 
f 1183/1183/1183 1184/1184/1184 1185/1185/1185 
f 1186/1186/1186 1187/1187/1187 1188/1188/1188 
f 1189/1189/1189 1190/1190/1190 1191/1191/1191 
f 1190/1190/1190 1192/1192/1192 1191/1191/1191 
f 1193/1193/1193 1194/1194/1194 1195/1195/1195 
f 1195/1195/1195 1194/1194/1194 1196/1196/1196 
f 1197/1197/1197 1198/1198/1198 1199/1199/1199 
f 1200/1200/1200 1197/1197/1197 1201/1201/1201 
f 1202/1202/1202 1203/1203/1203 1204/1204/1204 
f 1202/1202/1202 1205/1205/1205 1203/1203/1203 
f 1206/1206/1206 1207/1207/1207 1208/1208/1208 
f 1206/1206/1206 1209/1209/1209 1207/1207/1207 
f 1210/1210/1210 1211/1211/1211 1212/1212/1212 
f 1213/1213/1213 1214/1214/1214 1215/1215/1215 
f 1216/1216/1216 1217/1217/1217 1218/1218/1218 
f 1219/1219/1219 1220/1220/1220 1221/1221/1221 
f 1221/1221/1221 1222/1222/1222 1219/1219/1219 
f 1223/1223/1223 1219/1219/1219 1224/1224/1224 
f 1224/1224/1224 1219/1219/1219 1225/1225/1225 
f 1226/1226/1226 1227/1227/1227 1228/1228/1228 
f 1229/1229/1229 1230/1230/1230 1226/1226/1226 
f 1230/1230/1230 1229/1229/1229 1231/1231/1231 
f 1232/1232/1232 1233/1233/1233 1227/1227/1227 
f 1227/1227/1227 1234/1234/1234 1232/1232/1232 
f 1235/1235/1235 1232/1232/1232 1236/1236/1236 
f 1236/1236/1236 1237/1237/1237 1235/1235/1235 
f 1237/1237/1237 1236/1236/1236 1238/1238/1238 
f 1238/1238/1238 1239/1239/1239 1237/1237/1237 
f 1240/1240/1240 1238/1238/1238 1241/1241/1241 
f 1241/1241/1241 1242/1242/1242 1240/1240/1240 
f 1242/1242/1242 1241/1241/1241 1243/1243/1243 
f 1243/1243/1243 1244/1244/1244 1242/1242/1242 
f 1244/1244/1244 1243/1243/1243 1245/1245/1245 
f 1246/1246/1246 1244/1244/1244 1245/1245/1245 
f 1244/1244/1244 1246/1246/1246 1247/1247/1247 
f 1248/1248/1248 1247/1247/1247 1246/1246/1246 
f 1247/1247/1247 1248/1248/1248 1249/1249/1249 
f 1250/1250/1250 1251/1251/1251 1252/1252/1252 
f 1250/1250/1250 1252/1252/1252 1253/1253/1253 
f 1254/1254/1254 1253/1253/1253 1252/1252/1252 
f 1253/1253/1253 1254/1254/1254 1255/1255/1255 
f 1256/1256/1256 1255/1255/1255 1254/1254/1254 
f 1255/1255/1255 1256/1256/1256 1257/1257/1257 
f 1258/1258/1258 1257/1257/1257 1256/1256/1256 
f 1257/1257/1257 1259/1259/1259 1260/1260/1260 
f 1261/1261/1261 1260/1260/1260 1259/1259/1259 
f 1260/1260/1260 1261/1261/1261 1262/1262/1262 
f 1263/1263/1263 1262/1262/1262 1261/1261/1261 
f 1264/1264/1264 1265/1265/1265 1263/1263/1263 
f 1266/1266/1266 1263/1263/1263 1265/1265/1265 
f 1265/1265/1265 1267/1267/1267 1268/1268/1268 
f 1269/1269/1269 1268/1268/1268 1267/1267/1267 
f 1267/1267/1267 1270/1270/1270 1269/1269/1269 
f 1271/1271/1271 1269/1269/1269 1270/1270/1270 
f 1270/1270/1270 1272/1272/1272 1271/1271/1271 
f 1273/1273/1273 1274/1274/1274 1275/1275/1275 
f 1276/1276/1276 1277/1277/1277 1278/1278/1278 
f 1279/1279/1279 1280/1280/1280 1281/1281/1281 
f 1282/1282/1282 1283/1283/1283 1280/1280/1280 
f 1284/1284/1284 1285/1285/1285 1286/1286/1286 
f 1287/1287/1287 1288/1288/1288 1289/1289/1289 
f 1290/1290/1290 1291/1291/1291 1292/1292/1292 
f 1293/1293/1293 1294/1294/1294 1295/1295/1295 
f 1296/1296/1296 1297/1297/1297 1298/1298/1298 
f 1298/1298/1298 1299/1299/1299 1296/1296/1296 
f 1299/1299/1299 1300/1300/1300 1301/1301/1301 
f 1301/1301/1301 1300/1300/1300 1302/1302/1302 
f 1303/1303/1303 1304/1304/1304 1305/1305/1305 
f 1306/1306/1306 1305/1305/1305 1304/1304/1304 
f 1306/1306/1306 1307/1307/1307 1308/1308/1308 
f 1307/1307/1307 1309/1309/1309 1308/1308/1308 
f 1310/1310/1310 1311/1311/1311 1312/1312/1312 
f 1313/1313/1313 1312/1312/1312 1311/1311/1311 
f 1310/1310/1310 1314/1314/1314 1315/1315/1315 
f 1314/1314/1314 1316/1316/1316 1315/1315/1315 
f 1317/1317/1317 1318/1318/1318 1319/1319/1319 
f 1319/1319/1319 1320/1320/1320 1317/1317/1317 
f 1318/1318/1318 1321/1321/1321 1322/1322/1322 
f 1322/1322/1322 1321/1321/1321 1323/1323/1323 
f 1324/1324/1324 1325/1325/1325 1326/1326/1326 
f 1326/1326/1326 1325/1325/1325 1327/1327/1327 
f 1328/1328/1328 1329/1329/1329 1330/1330/1330 
f 1329/1329/1329 1331/1331/1331 1330/1330/1330 
f 1332/1332/1332 1333/1333/1333 1334/1334/1334 
f 1335/1335/1335 1336/1336/1336 1337/1337/1337 
f 1338/1338/1338 1339/1339/1339 1340/1340/1340 
f 1341/1341/1341 1342/1342/1342 1343/1343/1343 
f 1344/1344/1344 1345/1345/1345 1346/1346/1346 
f 1347/1347/1347 1348/1348/1348 1349/1349/1349 
f 1350/1350/1350 1351/1351/1351 1352/1352/1352 
f 1353/1353/1353 1354/1354/1354 1355/1355/1355 
f 1356/1356/1356 1357/1357/1357 1358/1358/1358 
f 1357/1357/1357 1359/1359/1359 1358/1358/1358 
f 1360/1360/1360 1361/1361/1361 1362/1362/1362 
f 1362/1362/1362 1361/1361/1361 1363/1363/1363 
f 1364/1364/1364 1365/1365/1365 1366/1366/1366 
f 1367/1367/1367 1368/1368/1368 1369/1369/1369 
f 1370/1370/1370 1371/1371/1371 1372/1372/1372 
f 1373/1373/1373 1374/1374/1374 1375/1375/1375 
f 1376/1376/1376 1377/1377/1377 1378/1378/1378 
f 1379/1379/1379 1380/1380/1380 1381/1381/1381 
f 1382/1382/1382 1383/1383/1383 1384/1384/1384 
f 1385/1385/1385 1386/1386/1386 1387/1387/1387 
f 1388/1388/1388 1389/1389/1389 1390/1390/1390 
f 1391/1391/1391 1392/1392/1392 1393/1393/1393 
f 1394/1394/1394 1395/1395/1395 1396/1396/1396 
f 1397/1397/1397 1398/1398/1398 1399/1399/1399 
f 1400/1400/1400 1401/1401/1401 1402/1402/1402 
f 1402/1402/1402 1403/1403/1403 1400/1400/1400 
f 1404/1404/1404 1405/1405/1405 1403/1403/1403 
f 1406/1406/1406 1407/1407/1407 1408/1408/1408 
f 1409/1409/1409 1410/1410/1410 1411/1411/1411 
f 1412/1412/1412 1413/1413/1413 1414/1414/1414 
f 1415/1415/1415 1416/1416/1416 1417/1417/1417 
f 1418/1418/1418 1419/1419/1419 1420/1420/1420 
f 1421/1421/1421 1422/1422/1422 1423/1423/1423 
f 1424/1424/1424 1425/1425/1425 1426/1426/1426 
f 1427/1427/1427 1428/1428/1428 1429/1429/1429 
f 1430/1430/1430 1431/1431/1431 1432/1432/1432 
f 1432/1432/1432 1433/1433/1433 1430/1430/1430 
f 1434/1434/1434 1432/1432/1432 1431/1431/1431 
f 1435/1435/1435 1434/1434/1434 1431/1431/1431 
f 1434/1434/1434 1435/1435/1435 1436/1436/1436 
f 1432/1432/1432 1437/1437/1437 1433/1433/1433 
f 1437/1437/1437 1438/1438/1438 1433/1433/1433 
f 1438/1438/1438 1437/1437/1437 1439/1439/1439 
f 1440/1440/1440 1441/1441/1441 1442/1442/1442 
f 1443/1443/1443 1442/1442/1442 1441/1441/1441 
f 1444/1444/1444 1445/1445/1445 1446/1446/1446 
f 1447/1447/1447 1446/1446/1446 1445/1445/1445 
f 1448/1448/1448 1449/1449/1449 1450/1450/1450 
f 1449/1449/1449 1451/1451/1451 1452/1452/1452 
f 1453/1453/1453 1454/1454/1454 1455/1455/1455 
f 1456/1456/1456 1457/1457/1457 1453/1453/1453 
f 1458/1458/1458 1459/1459/1459 1460/1460/1460 
f 1461/1461/1461 1462/1462/1462 1459/1459/1459 
f 1463/1463/1463 1464/1464/1464 1465/1465/1465 
f 1465/1465/1465 1466/1466/1466 1467/1467/1467 
f 1468/1468/1468 1469/1469/1469 1470/1470/1470 
f 1471/1471/1471 1472/1472/1472 1468/1468/1468 
f 1473/1473/1473 1474/1474/1474 1475/1475/1475 
f 1476/1476/1476 1477/1477/1477 1478/1478/1478 
f 1479/1479/1479 1480/1480/1480 1481/1481/1481 
f 1482/1482/1482 1483/1483/1483 1484/1484/1484 
f 1485/1485/1485 1486/1486/1486 1487/1487/1487 
f 1486/1486/1486 1488/1488/1488 1489/1489/1489 
f 1490/1490/1490 1489/1489/1489 1488/1488/1488 
f 1489/1489/1489 1490/1490/1490 1491/1491/1491 
f 1492/1492/1492 1491/1491/1491 1493/1493/1493 
f 1494/1494/1494 1495/1495/1495 1492/1492/1492 
f 1496/1496/1496 1497/1497/1497 1498/1498/1498 
f 1499/1499/1499 1500/1500/1500 1501/1501/1501 
f 1502/1502/1502 1503/1503/1503 1504/1504/1504 
f 1505/1505/1505 1506/1506/1506 1507/1507/1507 
f 1505/1505/1505 1508/1508/1508 1506/1506/1506 
f 1509/1509/1509 1510/1510/1510 1511/1511/1511 
f 1509/1509/1509 1512/1512/1512 1510/1510/1510 
f 1513/1513/1513 1514/1514/1514 1515/1515/1515 
f 1515/1515/1515 1516/1516/1516 1517/1517/1517 
f 1516/1516/1516 1518/1518/1518 1519/1519/1519 
f 1519/1519/1519 1518/1518/1518 1520/1520/1520 
f 1518/1518/1518 1521/1521/1521 1522/1522/1522 
f 1523/1523/1523 1524/1524/1524 1525/1525/1525 
f 1526/1526/1526 1527/1527/1527 1528/1528/1528 
f 1529/1529/1529 1530/1530/1530 1531/1531/1531 
f 1532/1532/1532 1533/1533/1533 1534/1534/1534 
f 1535/1535/1535 1536/1536/1536 1537/1537/1537 
f 1536/1536/1536 1538/1538/1538 1537/1537/1537 
f 1539/1539/1539 1538/1538/1538 1540/1540/1540 
f 1541/1541/1541 1542/1542/1542 1543/1543/1543 
f 1543/1543/1543 1544/1544/1544 1541/1541/1541 
f 1545/1545/1545 1543/1543/1543 1546/1546/1546 
f 1547/1547/1547 1548/1548/1548 1549/1549/1549 
f 1549/1549/1549 1550/1550/1550 1547/1547/1547 
f 1550/1550/1550 1549/1549/1549 1551/1551/1551 
f 1552/1552/1552 1553/1553/1553 1550/1550/1550 
f 1554/1554/1554 1552/1552/1552 1555/1555/1555 
f 1555/1555/1555 1556/1556/1556 1554/1554/1554 
f 1557/1557/1557 1558/1558/1558 1559/1559/1559 
f 1560/1560/1560 1557/1557/1557 1561/1561/1561 
f 1562/1562/1562 1563/1563/1563 1564/1564/1564 
f 1563/1563/1563 1565/1565/1565 1566/1566/1566 
f 1567/1567/1567 1568/1568/1568 1569/1569/1569 
f 1567/1567/1567 1570/1570/1570 1571/1571/1571 
f 1572/1572/1572 1573/1573/1573 1574/1574/1574 
f 1575/1575/1575 1576/1576/1576 1577/1577/1577 
f 1578/1578/1578 1579/1579/1579 1580/1580/1580 
f 1581/1581/1581 1582/1582/1582 1583/1583/1583 
f 1584/1584/1584 1585/1585/1585 1586/1586/1586 
f 1587/1587/1587 1588/1588/1588 1589/1589/1589 
f 1588/1588/1588 1590/1590/1590 1589/1589/1589 
f 1591/1591/1591 1592/1592/1592 1593/1593/1593 
f 1594/1594/1594 1595/1595/1595 1591/1591/1591 
f 1596/1596/1596 1591/1591/1591 1595/1595/1595 
f 1595/1595/1595 1597/1597/1597 1598/1598/1598 
f 1599/1599/1599 1600/1600/1600 1601/1601/1601 
f 1601/1601/1601 1600/1600/1600 1602/1602/1602 
f 1600/1600/1600 1603/1603/1603 1604/1604/1604 
f 1605/1605/1605 1606/1606/1606 1607/1607/1607 
f 1607/1607/1607 1608/1608/1608 1609/1609/1609 
f 1610/1610/1610 1611/1611/1611 1612/1612/1612 
f 1612/1612/1612 1613/1613/1613 1614/1614/1614 
f 1615/1615/1615 1616/1616/1616 1617/1617/1617 
f 1618/1618/1618 1619/1619/1619 1620/1620/1620 
f 1621/1621/1621 1622/1622/1622 1623/1623/1623 
f 1624/1624/1624 1625/1625/1625 1626/1626/1626 
f 1627/1627/1627 1628/1628/1628 1629/1629/1629 
f 1630/1630/1630 1631/1631/1631 1632/1632/1632 
f 1633/1633/1633 1634/1634/1634 1635/1635/1635 
f 1636/1636/1636 1637/1637/1637 1638/1638/1638 
f 1639/1639/1639 1640/1640/1640 1641/1641/1641 
f 1642/1642/1642 1641/1641/1641 1640/1640/1640 
f 1643/1643/1643 1644/1644/1644 1645/1645/1645 
f 1645/1645/1645 1646/1646/1646 1643/1643/1643 
f 1647/1647/1647 1648/1648/1648 1649/1649/1649 
f 1650/1650/1650 1651/1651/1651 1652/1652/1652 
f 1653/1653/1653 1654/1654/1654 1655/1655/1655 
f 1654/1654/1654 1656/1656/1656 1657/1657/1657 
f 1658/1658/1658 1659/1659/1659 1660/1660/1660 
f 1659/1659/1659 1661/1661/1661 1662/1662/1662 
f 1663/1663/1663 1664/1664/1664 1665/1665/1665 
f 1665/1665/1665 1666/1666/1666 1663/1663/1663 
f 1666/1666/1666 1665/1665/1665 1667/1667/1667 
f 1667/1667/1667 1668/1668/1668 1666/1666/1666 
f 1669/1669/1669 1670/1670/1670 1671/1671/1671 
f 1672/1672/1672 1673/1673/1673 1669/1669/1669 
f 1674/1674/1674 1675/1675/1675 1676/1676/1676 
f 1676/1676/1676 1677/1677/1677 1678/1678/1678 
f 1679/1679/1679 1680/1680/1680 1681/1681/1681 
f 1681/1681/1681 1682/1682/1682 1683/1683/1683 
f 1684/1684/1684 1685/1685/1685 1686/1686/1686 
f 1687/1687/1687 1686/1686/1686 1688/1688/1688 
f 1689/1689/1689 1690/1690/1690 1691/1691/1691 
f 1692/1692/1692 1693/1693/1693 1694/1694/1694 
f 1695/1695/1695 1696/1696/1696 1697/1697/1697 
f 1698/1698/1698 1699/1699/1699 1700/1700/1700 
f 1701/1701/1701 1702/1702/1702 1703/1703/1703 
f 1704/1704/1704 1705/1705/1705 1706/1706/1706 
f 1707/1707/1707 1708/1708/1708 1709/1709/1709 
f 1710/1710/1710 1711/1711/1711 1712/1712/1712 
f 1713/1713/1713 1714/1714/1714 1715/1715/1715 
f 1715/1715/1715 1716/1716/1716 1713/1713/1713 
f 1717/1717/1717 1718/1718/1718 1719/1719/1719 
f 1720/1720/1720 1718/1718/1718 1717/1717/1717 
f 1721/1721/1721 1722/1722/1722 1723/1723/1723 
f 1723/1723/1723 1724/1724/1724 1721/1721/1721 
f 1724/1724/1724 1723/1723/1723 1725/1725/1725 
f 1725/1725/1725 1726/1726/1726 1724/1724/1724 
f 1727/1727/1727 1725/1725/1725 1728/1728/1728 
f 1729/1729/1729 1730/1730/1730 1731/1731/1731 
f 1732/1732/1732 1733/1733/1733 1731/1731/1731 
f 1734/1734/1734 1735/1735/1735 1736/1736/1736 
f 1737/1737/1737 1738/1738/1738 1739/1739/1739 
f 1664/1664/1664 1740/1740/1740 1741/1741/1741 
f 1742/1742/1742 1743/1743/1743 1664/1664/1664 
f 1743/1743/1743 1744/1744/1744 1745/1745/1745 
f 1746/1746/1746 1743/1743/1743 1745/1745/1745 
f 1743/1743/1743 1747/1747/1747 1748/1748/1748 
f 1749/1749/1749 1743/1743/1743 1748/1748/1748 
f 1750/1750/1750 1743/1743/1743 1722/1722/1722 
f 1722/1722/1722 1751/1751/1751 1750/1750/1750 
f 1752/1752/1752 1753/1753/1753 1749/1749/1749 
f 1754/1754/1754 1749/1749/1749 1753/1753/1753 
f 1746/1746/1746 1755/1755/1755 1754/1754/1754 
f 1756/1756/1756 1755/1755/1755 1746/1746/1746 
f 1756/1756/1756 1757/1757/1757 1755/1755/1755 
f 1758/1758/1758 1759/1759/1759 1756/1756/1756 
f 1760/1760/1760 1761/1761/1761 1757/1757/1757 
f 1762/1762/1762 1761/1761/1761 1760/1760/1760 
f 1753/1753/1753 1763/1763/1763 1764/1764/1764 
f 1765/1765/1765 1764/1764/1764 1763/1763/1763 
f 1764/1764/1764 1766/1766/1766 1767/1767/1767 
f 1768/1768/1768 1767/1767/1767 1766/1766/1766 
f 1769/1769/1769 1770/1770/1770 1771/1771/1771 
f 1772/1772/1772 1773/1773/1773 1774/1774/1774 
f 1775/1775/1775 1776/1776/1776 1777/1777/1777 
f 1778/1778/1778 1779/1779/1779 1780/1780/1780 
f 1781/1781/1781 1782/1782/1782 1783/1783/1783 
f 1783/1783/1783 1784/1784/1784 1781/1781/1781 
f 1785/1785/1785 1781/1781/1781 1786/1786/1786 
f 1787/1787/1787 1788/1788/1788 1789/1789/1789 
f 1790/1790/1790 1791/1791/1791 1789/1789/1789 
f 1789/1789/1789 1792/1792/1792 1793/1793/1793 
f 1794/1794/1794 1795/1795/1795 1796/1796/1796 
f 1797/1797/1797 1794/1794/1794 1796/1796/1796 
f 1798/1798/1798 1799/1799/1799 1800/1800/1800 
f 1801/1801/1801 1802/1802/1802 1803/1803/1803 
f 1804/1804/1804 1805/1805/1805 1806/1806/1806 
f 1807/1807/1807 1808/1808/1808 1809/1809/1809 
f 1810/1810/1810 1811/1811/1811 1812/1812/1812 
f 1813/1813/1813 1814/1814/1814 1815/1815/1815 
f 1816/1816/1816 1817/1817/1817 1818/1818/1818 
f 1819/1819/1819 1820/1820/1820 1821/1821/1821 
f 1822/1822/1822 1823/1823/1823 1824/1824/1824 
f 1825/1825/1825 1826/1826/1826 1827/1827/1827 
f 1828/1828/1828 1829/1829/1829 1830/1830/1830 
f 1831/1831/1831 1832/1832/1832 1833/1833/1833 
f 1832/1832/1832 1834/1834/1834 1835/1835/1835 
f 1836/1836/1836 1831/1831/1831 1833/1833/1833 
f 1836/1836/1836 1833/1833/1833 1837/1837/1837 
f 1837/1837/1837 1838/1838/1838 1836/1836/1836 
f 1839/1839/1839 1836/1836/1836 1838/1838/1838 
f 1840/1840/1840 1839/1839/1839 1838/1838/1838 
f 1841/1841/1841 1842/1842/1842 1843/1843/1843 
f 1844/1844/1844 1841/1841/1841 1843/1843/1843 
f 1845/1845/1845 1846/1846/1846 1847/1847/1847 
f 1848/1848/1848 1849/1849/1849 1850/1850/1850 
f 1851/1851/1851 1852/1852/1852 1853/1853/1853 
f 1854/1854/1854 1855/1855/1855 1856/1856/1856 
f 1857/1857/1857 1858/1858/1858 1859/1859/1859 
f 1860/1860/1860 1861/1861/1861 1862/1862/1862 
f 1863/1863/1863 1864/1864/1864 1865/1865/1865 
f 1865/1865/1865 1866/1866/1866 1867/1867/1867 
f 1864/1864/1864 1868/1868/1868 1869/1869/1869 
f 1870/1870/1870 1864/1864/1864 1869/1869/1869 
f 1864/1864/1864 1870/1870/1870 1871/1871/1871 
f 1872/1872/1872 1871/1871/1871 1870/1870/1870 
f 1871/1871/1871 1872/1872/1872 1873/1873/1873 
f 1874/1874/1874 1873/1873/1873 1872/1872/1872 
f 1875/1875/1875 1871/1871/1871 1876/1876/1876 
f 1876/1876/1876 1877/1877/1877 1875/1875/1875 
f 1864/1864/1864 1878/1878/1878 1879/1879/1879 
f 1880/1880/1880 1864/1864/1864 1879/1879/1879 
f 1880/1880/1880 1881/1881/1881 1864/1864/1864 
f 1882/1882/1882 1881/1881/1881 1880/1880/1880 
f 1882/1882/1882 1883/1883/1883 1881/1881/1881 
f 1884/1884/1884 1883/1883/1883 1882/1882/1882 
f 1885/1885/1885 1881/1881/1881 1886/1886/1886 
f 1886/1886/1886 1887/1887/1887 1885/1885/1885 
f 1888/1888/1888 1864/1864/1864 1889/1889/1889 
f 1889/1889/1889 1890/1890/1890 1888/1888/1888 
f 1891/1891/1891 1879/1879/1879 1892/1892/1892 
f 1893/1893/1893 1892/1892/1892 1894/1894/1894 
f 1895/1895/1895 1892/1892/1892 1896/1896/1896 
f 1897/1897/1897 1896/1896/1896 1892/1892/1892 
f 1898/1898/1898 1899/1899/1899 1900/1900/1900 
f 1901/1901/1901 1902/1902/1902 1898/1898/1898 
f 1903/1903/1903 1904/1904/1904 1905/1905/1905 
f 1905/1905/1905 1906/1906/1906 1907/1907/1907 
f 1908/1908/1908 1909/1909/1909 1910/1910/1910 
f 1911/1911/1911 1912/1912/1912 1913/1913/1913 
f 1914/1914/1914 1915/1915/1915 1916/1916/1916 
f 1917/1917/1917 1918/1918/1918 1919/1919/1919 
f 1920/1920/1920 1921/1921/1921 1922/1922/1922 
f 1923/1923/1923 1924/1924/1924 1925/1925/1925 
f 1926/1926/1926 1927/1927/1927 1928/1928/1928 
f 1929/1929/1929 1930/1930/1930 1931/1931/1931 
f 1932/1932/1932 1933/1933/1933 1934/1934/1934 
f 1935/1935/1935 1936/1936/1936 1937/1937/1937 
f 1938/1938/1938 1939/1939/1939 1940/1940/1940 
f 1941/1941/1941 1942/1942/1942 1943/1943/1943 
f 1944/1944/1944 1945/1945/1945 1946/1946/1946 
f 1947/1947/1947 1948/1948/1948 1949/1949/1949 
f 1950/1950/1950 1951/1951/1951 1952/1952/1952 
f 1953/1953/1953 1954/1954/1954 1955/1955/1955 
f 1956/1956/1956 1957/1957/1957 1958/1958/1958 
f 1959/1959/1959 1960/1960/1960 1961/1961/1961 
f 1962/1962/1962 1963/1963/1963 1964/1964/1964 
f 1965/1965/1965 1966/1966/1966 1967/1967/1967 
f 1968/1968/1968 1969/1969/1969 1970/1970/1970 
f 1971/1971/1971 1972/1972/1972 1973/1973/1973 
f 1974/1974/1974 1975/1975/1975 1976/1976/1976 
f 1977/1977/1977 1978/1978/1978 1979/1979/1979 
f 1980/1980/1980 1981/1981/1981 1982/1982/1982 
f 1983/1983/1983 1984/1984/1984 1985/1985/1985 
f 1986/1986/1986 1987/1987/1987 1988/1988/1988 
f 1989/1989/1989 1990/1990/1990 1991/1991/1991 
f 1992/1992/1992 1993/1993/1993 1994/1994/1994 
f 1995/1995/1995 1996/1996/1996 1997/1997/1997 
f 1998/1998/1998 1999/1999/1999 2000/2000/2000 
f 2001/2001/2001 2002/2002/2002 2003/2003/2003 
f 2004/2004/2004 2003/2003/2003 2002/2002/2002 
f 2005/2005/2005 2004/2004/2004 2006/2006/2006 
f 2007/2007/2007 2006/2006/2006 2004/2004/2004 
f 2004/2004/2004 2008/2008/2008 2009/2009/2009 
f 2010/2010/2010 2009/2009/2009 2011/2011/2011 
f 2012/2012/2012 2013/2013/2013 2014/2014/2014 
f 2014/2014/2014 2015/2015/2015 2012/2012/2012 
f 2016/2016/2016 2017/2017/2017 2018/2018/2018 
f 2019/2019/2019 2017/2017/2017 2016/2016/2016 
f 2020/2020/2020 2021/2021/2021 2022/2022/2022 
f 2023/2023/2023 2022/2022/2022 2024/2024/2024 
f 2025/2025/2025 2026/2026/2026 2027/2027/2027 
f 2027/2027/2027 2028/2028/2028 2025/2025/2025 
f 2029/2029/2029 2030/2030/2030 2031/2031/2031 
f 2032/2032/2032 2033/2033/2033 2034/2034/2034 
f 2035/2035/2035 2036/2036/2036 2037/2037/2037 
f 2038/2038/2038 2039/2039/2039 2040/2040/2040 
f 2041/2041/2041 2038/2038/2038 2040/2040/2040 
f 2042/2042/2042 2043/2043/2043 2044/2044/2044 
f 2045/2045/2045 2046/2046/2046 2047/2047/2047 
f 2048/2048/2048 2049/2049/2049 2050/2050/2050 
f 2051/2051/2051 2052/2052/2052 2053/2053/2053 
f 2054/2054/2054 2055/2055/2055 2056/2056/2056 
f 2057/2057/2057 2058/2058/2058 2059/2059/2059 
f 2060/2060/2060 2061/2061/2061 2062/2062/2062 
f 2063/2063/2063 2064/2064/2064 2065/2065/2065 
f 2064/2064/2064 2066/2066/2066 2065/2065/2065 
f 2067/2067/2067 2068/2068/2068 2069/2069/2069 
f 2070/2070/2070 2071/2071/2071 2072/2072/2072 
f 2073/2073/2073 2074/2074/2074 2075/2075/2075 
f 2076/2076/2076 2077/2077/2077 2078/2078/2078 
f 2079/2079/2079 2080/2080/2080 2081/2081/2081 
f 2082/2082/2082 2083/2083/2083 2084/2084/2084 
f 2085/2085/2085 2086/2086/2086 2087/2087/2087 
f 2088/2088/2088 2089/2089/2089 2090/2090/2090 
f 2091/2091/2091 2092/2092/2092 2093/2093/2093 
f 2094/2094/2094 2095/2095/2095 2096/2096/2096 
f 2097/2097/2097 2098/2098/2098 2099/2099/2099 
f 2100/2100/2100 2101/2101/2101 2102/2102/2102 
f 2103/2103/2103 2104/2104/2104 2105/2105/2105 
f 2106/2106/2106 2107/2107/2107 2108/2108/2108 
f 2109/2109/2109 2110/2110/2110 2111/2111/2111 
f 2112/2112/2112 2113/2113/2113 2114/2114/2114 
f 2115/2115/2115 2116/2116/2116 2117/2117/2117 
f 2118/2118/2118 2119/2119/2119 2120/2120/2120 
f 2121/2121/2121 2122/2122/2122 2123/2123/2123 
f 2124/2124/2124 2125/2125/2125 2126/2126/2126 
f 2127/2127/2127 2128/2128/2128 2129/2129/2129 
f 2130/2130/2130 2131/2131/2131 2132/2132/2132 
f 2133/2133/2133 2134/2134/2134 2135/2135/2135 
f 2136/2136/2136 2137/2137/2137 2138/2138/2138 
f 2139/2139/2139 2140/2140/2140 2141/2141/2141 
f 2142/2142/2142 2143/2143/2143 2144/2144/2144 
f 2145/2145/2145 2146/2146/2146 2147/2147/2147 
f 2148/2148/2148 2149/2149/2149 2150/2150/2150 
f 2151/2151/2151 2152/2152/2152 2153/2153/2153 
f 2154/2154/2154 2155/2155/2155 2156/2156/2156 
f 2157/2157/2157 2158/2158/2158 2159/2159/2159 
f 2160/2160/2160 2161/2161/2161 2162/2162/2162 
f 2163/2163/2163 2164/2164/2164 2165/2165/2165 
f 2166/2166/2166 2167/2167/2167 2168/2168/2168 
f 2169/2169/2169 2170/2170/2170 2171/2171/2171 
f 2172/2172/2172 2173/2173/2173 2174/2174/2174 
f 2175/2175/2175 2176/2176/2176 2177/2177/2177 
f 2178/2178/2178 2179/2179/2179 2180/2180/2180 
f 2181/2181/2181 2182/2182/2182 2183/2183/2183 
f 2182/2182/2182 2181/2181/2181 2184/2184/2184 
f 2181/2181/2181 2185/2185/2185 2184/2184/2184 
f 2185/2185/2185 2181/2181/2181 2186/2186/2186 
f 2186/2186/2186 2187/2187/2187 2185/2185/2185 
f 2187/2187/2187 2186/2186/2186 2188/2188/2188 
f 2188/2188/2188 2189/2189/2189 2187/2187/2187 
f 2190/2190/2190 2188/2188/2188 2191/2191/2191 
f 2191/2191/2191 2192/2192/2192 2190/2190/2190 
f 2192/2192/2192 2191/2191/2191 2193/2193/2193 
f 2193/2193/2193 2194/2194/2194 2192/2192/2192 
f 2194/2194/2194 2193/2193/2193 2195/2195/2195 
f 2196/2196/2196 2197/2197/2197 2194/2194/2194 
f 2197/2197/2197 2196/2196/2196 2198/2198/2198 
f 2198/2198/2198 2199/2199/2199 2197/2197/2197 
f 2199/2199/2199 2198/2198/2198 2200/2200/2200 
f 2201/2201/2201 2202/2202/2202 2203/2203/2203 
f 2204/2204/2204 2205/2205/2205 2206/2206/2206 
f 2207/2207/2207 2208/2208/2208 2209/2209/2209 
f 2210/2210/2210 2211/2211/2211 2212/2212/2212 
f 2213/2213/2213 2214/2214/2214 2215/2215/2215 
f 2216/2216/2216 2217/2217/2217 2218/2218/2218 
f 2219/2219/2219 2220/2220/2220 2221/2221/2221 
f 2222/2222/2222 2223/2223/2223 2224/2224/2224 
f 2225/2225/2225 2226/2226/2226 2227/2227/2227 
f 2228/2228/2228 2229/2229/2229 2230/2230/2230 
f 2231/2231/2231 2230/2230/2230 2229/2229/2229 
f 2230/2230/2230 2231/2231/2231 2232/2232/2232 
f 2233/2233/2233 2232/2232/2232 2231/2231/2231 
f 2234/2234/2234 2233/2233/2233 2235/2235/2235 
f 2236/2236/2236 2235/2235/2235 2233/2233/2233 
f 2235/2235/2235 2236/2236/2236 2237/2237/2237 
f 2238/2238/2238 2237/2237/2237 2239/2239/2239 
f 2240/2240/2240 2238/2238/2238 2241/2241/2241 
f 2242/2242/2242 2241/2241/2241 2238/2238/2238 
f 2242/2242/2242 2243/2243/2243 2244/2244/2244 
f 2245/2245/2245 2246/2246/2246 2247/2247/2247 
f 2248/2248/2248 2249/2249/2249 2250/2250/2250 
f 2251/2251/2251 2252/2252/2252 2253/2253/2253 
f 2254/2254/2254 2255/2255/2255 2256/2256/2256 
f 2257/2257/2257 2258/2258/2258 2259/2259/2259 
f 2259/2259/2259 2258/2258/2258 2260/2260/2260 
f 2261/2261/2261 2262/2262/2262 2263/2263/2263 
f 2264/2264/2264 2265/2265/2265 2266/2266/2266 
f 2267/2267/2267 2268/2268/2268 2269/2269/2269 
f 2270/2270/2270 2271/2271/2271 2272/2272/2272 
f 2273/2273/2273 2274/2274/2274 2275/2275/2275 
f 2276/2276/2276 2277/2277/2277 2278/2278/2278 
f 2279/2279/2279 2280/2280/2280 2281/2281/2281 
f 2281/2281/2281 2282/2282/2282 2283/2283/2283 
f 2284/2284/2284 2285/2285/2285 2286/2286/2286 
f 2287/2287/2287 2286/2286/2286 2288/2288/2288 
f 2289/2289/2289 2290/2290/2290 2291/2291/2291 
f 2292/2292/2292 2293/2293/2293 2294/2294/2294 
f 2295/2295/2295 2296/2296/2296 2297/2297/2297 
f 2297/2297/2297 2298/2298/2298 2295/2295/2295 
f 2299/2299/2299 2295/2295/2295 2300/2300/2300 
f 2301/2301/2301 2300/2300/2300 2302/2302/2302 
f 2303/2303/2303 2304/2304/2304 2305/2305/2305 
f 2305/2305/2305 2306/2306/2306 2307/2307/2307 
f 2308/2308/2308 2309/2309/2309 2310/2310/2310 
f 2311/2311/2311 2312/2312/2312 2313/2313/2313 
f 2314/2314/2314 2315/2315/2315 2316/2316/2316 
f 2317/2317/2317 2318/2318/2318 2319/2319/2319 
f 2320/2320/2320 2321/2321/2321 2322/2322/2322 
f 2323/2323/2323 2320/2320/2320 2322/2322/2322 
f 2324/2324/2324 2325/2325/2325 2322/2322/2322 
f 2322/2322/2322 2326/2326/2326 2324/2324/2324 
f 2327/2327/2327 2328/2328/2328 2329/2329/2329 
f 2330/2330/2330 2331/2331/2331 2329/2329/2329 
f 2332/2332/2332 2333/2333/2333 2329/2329/2329 
f 2334/2334/2334 2332/2332/2332 2329/2329/2329 
f 2335/2335/2335 2336/2336/2336 2337/2337/2337 
f 2338/2338/2338 2339/2339/2339 2340/2340/2340 
f 2341/2341/2341 2342/2342/2342 2343/2343/2343 
f 2344/2344/2344 2345/2345/2345 2346/2346/2346 
f 2347/2347/2347 2346/2346/2346 2345/2345/2345 
f 2348/2348/2348 2349/2349/2349 2350/2350/2350 
f 2349/2349/2349 2351/2351/2351 2352/2352/2352 
f 2353/2353/2353 2354/2354/2354 2355/2355/2355 
f 2353/2353/2353 2356/2356/2356 2357/2357/2357 
f 2358/2358/2358 2359/2359/2359 2360/2360/2360 
f 2361/2361/2361 2358/2358/2358 2362/2362/2362 
f 2363/2363/2363 2364/2364/2364 2365/2365/2365 
f 2366/2366/2366 2367/2367/2367 2368/2368/2368 
f 2367/2367/2367 2369/2369/2369 2368/2368/2368 
f 2370/2370/2370 2371/2371/2371 2372/2372/2372 
f 2373/2373/2373 2372/2372/2372 2371/2371/2371 
f 2374/2374/2374 2375/2375/2375 2376/2376/2376 
f 2377/2377/2377 2375/2375/2375 2378/2378/2378 
f 2379/2379/2379 2380/2380/2380 2381/2381/2381 
f 2382/2382/2382 2383/2383/2383 2384/2384/2384 
f 2385/2385/2385 2386/2386/2386 2387/2387/2387 
f 2388/2388/2388 2389/2389/2389 2390/2390/2390 
f 2391/2391/2391 2392/2392/2392 2393/2393/2393 
f 2394/2394/2394 2395/2395/2395 2396/2396/2396 
f 2397/2397/2397 2398/2398/2398 2399/2399/2399 
f 2400/2400/2400 2401/2401/2401 2402/2402/2402 
f 2403/2403/2403 2404/2404/2404 2405/2405/2405 
f 2406/2406/2406 2407/2407/2407 2408/2408/2408 
f 2409/2409/2409 2406/2406/2406 2410/2410/2410 
f 2411/2411/2411 2412/2412/2412 2413/2413/2413 
f 2414/2414/2414 2415/2415/2415 2411/2411/2411 
f 2416/2416/2416 2417/2417/2417 2418/2418/2418 
f 2419/2419/2419 2420/2420/2420 2417/2417/2417 
f 2421/2421/2421 2422/2422/2422 2423/2423/2423 
f 2423/2423/2423 2424/2424/2424 2421/2421/2421 
f 2425/2425/2425 2426/2426/2426 2427/2427/2427 
f 2428/2428/2428 2429/2429/2429 2426/2426/2426 
f 2430/2430/2430 2431/2431/2431 2432/2432/2432 
f 2430/2430/2430 2433/2433/2433 2434/2434/2434 
f 2434/2434/2434 2435/2435/2435 2430/2430/2430 
f 2436/2436/2436 2437/2437/2437 2438/2438/2438 
f 2439/2439/2439 2438/2438/2438 2437/2437/2437 
f 2440/2440/2440 2441/2441/2441 2442/2442/2442 
f 2441/2441/2441 2443/2443/2443 2442/2442/2442 
f 2444/2444/2444 2445/2445/2445 2446/2446/2446 
f 2447/2447/2447 2448/2448/2448 2449/2449/2449 
f 2450/2450/2450 2451/2451/2451 2452/2452/2452 
f 2453/2453/2453 2454/2454/2454 2455/2455/2455 
f 2456/2456/2456 2457/2457/2457 2458/2458/2458 
f 2459/2459/2459 2460/2460/2460 2461/2461/2461 
f 2462/2462/2462 2463/2463/2463 2464/2464/2464 
f 2465/2465/2465 2466/2466/2466 2467/2467/2467 
f 2468/2468/2468 2469/2469/2469 2470/2470/2470 
f 2471/2471/2471 2472/2472/2472 2473/2473/2473 
f 2474/2474/2474 2475/2475/2475 2476/2476/2476 
f 2477/2477/2477 2478/2478/2478 2479/2479/2479 
f 2480/2480/2480 2481/2481/2481 2482/2482/2482 
f 2483/2483/2483 2484/2484/2484 2480/2480/2480 
f 2480/2480/2480 2485/2485/2485 2486/2486/2486 
f 2487/2487/2487 2488/2488/2488 2489/2489/2489 
f 2489/2489/2489 2488/2488/2488 2490/2490/2490 
f 2489/2489/2489 2491/2491/2491 2492/2492/2492 
f 2493/2493/2493 2489/2489/2489 2492/2492/2492 
f 2494/2494/2494 2495/2495/2495 2496/2496/2496 
f 2497/2497/2497 2494/2494/2494 2496/2496/2496 
f 2494/2494/2494 2498/2498/2498 2499/2499/2499 
f 2500/2500/2500 2501/2501/2501 2494/2494/2494 
f 2502/2502/2502 2503/2503/2503 2504/2504/2504 
f 2505/2505/2505 2502/2502/2502 2504/2504/2504 
f 2506/2506/2506 2507/2507/2507 2504/2504/2504 
f 2508/2508/2508 2509/2509/2509 2504/2504/2504 
f 2510/2510/2510 2511/2511/2511 2512/2512/2512 
f 2513/2513/2513 2514/2514/2514 2515/2515/2515 
f 2516/2516/2516 2517/2517/2517 2518/2518/2518 
f 2519/2519/2519 2520/2520/2520 2521/2521/2521 
f 2522/2522/2522 2523/2523/2523 2524/2524/2524 
f 2525/2525/2525 2526/2526/2526 2527/2527/2527 
f 2528/2528/2528 2529/2529/2529 2530/2530/2530 
f 2531/2531/2531 2532/2532/2532 2533/2533/2533 
f 2534/2534/2534 2535/2535/2535 2536/2536/2536 
f 2536/2536/2536 2537/2537/2537 2534/2534/2534 
f 2538/2538/2538 2539/2539/2539 2540/2540/2540 
f 2541/2541/2541 2542/2542/2542 2543/2543/2543 
f 2544/2544/2544 2545/2545/2545 2546/2546/2546 
f 2547/2547/2547 2548/2548/2548 2549/2549/2549 
f 2550/2550/2550 2551/2551/2551 2552/2552/2552 
f 2550/2550/2550 2553/2553/2553 2554/2554/2554 
f 2555/2555/2555 2556/2556/2556 2557/2557/2557 
f 2558/2558/2558 2559/2559/2559 2556/2556/2556 
f 2560/2560/2560 2561/2561/2561 2562/2562/2562 
f 2563/2563/2563 2564/2564/2564 2565/2565/2565 
f 2566/2566/2566 2567/2567/2567 2568/2568/2568 
f 2568/2568/2568 2569/2569/2569 2566/2566/2566 
f 2570/2570/2570 2571/2571/2571 2572/2572/2572 
f 2573/2573/2573 2570/2570/2570 2572/2572/2572 
f 2574/2574/2574 2575/2575/2575 2576/2576/2576 
f 2577/2577/2577 2576/2576/2576 2575/2575/2575 
f 2578/2578/2578 2579/2579/2579 2580/2580/2580 
f 2581/2581/2581 2582/2582/2582 2580/2580/2580 
f 2583/2583/2583 2584/2584/2584 2585/2585/2585 
f 2584/2584/2584 2586/2586/2586 2585/2585/2585 
f 2587/2587/2587 2588/2588/2588 2589/2589/2589 
f 2590/2590/2590 2589/2589/2589 2588/2588/2588 
f 2591/2591/2591 2592/2592/2592 2593/2593/2593 
f 2592/2592/2592 2594/2594/2594 2593/2593/2593 
f 2595/2595/2595 2596/2596/2596 2597/2597/2597 
f 2598/2598/2598 2599/2599/2599 2600/2600/2600 
f 2601/2601/2601 2602/2602/2602 2603/2603/2603 
f 2604/2604/2604 2605/2605/2605 2606/2606/2606 
f 2607/2607/2607 2608/2608/2608 2609/2609/2609 
f 2610/2610/2610 2611/2611/2611 2612/2612/2612 
f 2613/2613/2613 2614/2614/2614 2615/2615/2615 
f 2616/2616/2616 2617/2617/2617 2618/2618/2618 
f 2619/2619/2619 2620/2620/2620 2621/2621/2621 
f 2622/2622/2622 2623/2623/2623 2624/2624/2624 
f 2625/2625/2625 2626/2626/2626 2627/2627/2627 
f 2628/2628/2628 2629/2629/2629 2630/2630/2630 
f 2631/2631/2631 2632/2632/2632 2633/2633/2633 
f 2632/2632/2632 2634/2634/2634 2633/2633/2633 
f 2635/2635/2635 2636/2636/2636 2637/2637/2637 
f 2636/2636/2636 2638/2638/2638 2637/2637/2637 
f 2639/2639/2639 2640/2640/2640 2641/2641/2641 
f 2642/2642/2642 2641/2641/2641 2640/2640/2640 
f 2643/2643/2643 2644/2644/2644 2645/2645/2645 
f 2646/2646/2646 2647/2647/2647 2644/2644/2644 
f 2648/2648/2648 2649/2649/2649 2650/2650/2650 
f 2651/2651/2651 2652/2652/2652 2653/2653/2653 
f 2654/2654/2654 2655/2655/2655 2656/2656/2656 
f 2657/2657/2657 2658/2658/2658 2659/2659/2659 
f 2660/2660/2660 2661/2661/2661 2662/2662/2662 
f 2663/2663/2663 2664/2664/2664 2665/2665/2665 
f 2666/2666/2666 2667/2667/2667 2668/2668/2668 
f 2669/2669/2669 2670/2670/2670 2671/2671/2671 
f 2672/2672/2672 2673/2673/2673 2674/2674/2674 
f 2672/2672/2672 2674/2674/2674 2675/2675/2675 
f 2676/2676/2676 2677/2677/2677 2678/2678/2678 
f 2679/2679/2679 2680/2680/2680 2681/2681/2681 
f 2682/2682/2682 2683/2683/2683 2684/2684/2684 
f 2685/2685/2685 2686/2686/2686 2687/2687/2687 
f 2688/2688/2688 2689/2689/2689 2690/2690/2690 
f 2691/2691/2691 2692/2692/2692 2693/2693/2693 
f 2694/2694/2694 2693/2693/2693 2695/2695/2695 
f 2696/2696/2696 2697/2697/2697 2698/2698/2698 
f 2699/2699/2699 2700/2700/2700 2701/2701/2701 
f 2702/2702/2702 2703/2703/2703 2704/2704/2704 
f 2705/2705/2705 2706/2706/2706 2707/2707/2707 
f 2708/2708/2708 2709/2709/2709 2710/2710/2710 
f 2711/2711/2711 2712/2712/2712 2713/2713/2713 
f 2714/2714/2714 2715/2715/2715 2716/2716/2716 
f 2717/2717/2717 2718/2718/2718 2719/2719/2719 
f 2720/2720/2720 2721/2721/2721 2722/2722/2722 
f 2723/2723/2723 2724/2724/2724 2725/2725/2725 
f 2726/2726/2726 2727/2727/2727 2728/2728/2728 
f 2729/2729/2729 2730/2730/2730 2731/2731/2731 
f 2732/2732/2732 2733/2733/2733 2734/2734/2734 
f 2735/2735/2735 2736/2736/2736 2737/2737/2737 
f 2738/2738/2738 2739/2739/2739 2740/2740/2740 
f 2741/2741/2741 2742/2742/2742 2743/2743/2743 
f 2744/2744/2744 2745/2745/2745 2742/2742/2742 
f 2746/2746/2746 2747/2747/2747 2748/2748/2748 
f 2749/2749/2749 2750/2750/2750 2746/2746/2746 
f 2751/2751/2751 2752/2752/2752 2753/2753/2753 
f 2754/2754/2754 2753/2753/2753 2752/2752/2752 
f 2755/2755/2755 2756/2756/2756 2757/2757/2757 
f 2758/2758/2758 2757/2757/2757 2756/2756/2756 
f 2759/2759/2759 2760/2760/2760 2761/2761/2761 
f 2762/2762/2762 2763/2763/2763 2764/2764/2764 
f 2765/2765/2765 2766/2766/2766 2767/2767/2767 
f 2768/2768/2768 2769/2769/2769 2770/2770/2770 
f 2771/2771/2771 2772/2772/2772 2773/2773/2773 
f 2774/2774/2774 2775/2775/2775 2776/2776/2776 
f 2777/2777/2777 2778/2778/2778 2779/2779/2779 
f 2780/2780/2780 2777/2777/2777 2781/2781/2781 
f 2782/2782/2782 2783/2783/2783 2784/2784/2784 
f 2785/2785/2785 2784/2784/2784 2783/2783/2783 
f 2786/2786/2786 2787/2787/2787 2788/2788/2788 
f 2789/2789/2789 2790/2790/2790 2791/2791/2791 
f 2792/2792/2792 2793/2793/2793 2794/2794/2794 
f 2795/2795/2795 2796/2796/2796 2797/2797/2797 
f 2798/2798/2798 2799/2799/2799 2800/2800/2800 
f 2801/2801/2801 2802/2802/2802 2803/2803/2803 
f 2804/2804/2804 2805/2805/2805 2806/2806/2806 
f 2807/2807/2807 2808/2808/2808 2809/2809/2809 
f 2810/2810/2810 2811/2811/2811 2812/2812/2812 
f 2813/2813/2813 2814/2814/2814 2815/2815/2815 
f 2816/2816/2816 2817/2817/2817 2818/2818/2818 
f 2819/2819/2819 2820/2820/2820 2821/2821/2821 
f 2822/2822/2822 2823/2823/2823 2824/2824/2824 
f 2825/2825/2825 2826/2826/2826 2827/2827/2827 
f 2828/2828/2828 2829/2829/2829 2830/2830/2830 
f 2831/2831/2831 2832/2832/2832 2833/2833/2833 
f 2834/2834/2834 2835/2835/2835 2836/2836/2836 
f 2837/2837/2837 2838/2838/2838 2839/2839/2839 
f 2840/2840/2840 2841/2841/2841 2842/2842/2842 
f 2843/2843/2843 2844/2844/2844 2845/2845/2845 
f 2846/2846/2846 2847/2847/2847 2848/2848/2848 
f 2849/2849/2849 2850/2850/2850 2848/2848/2848 
f 2851/2851/2851 2852/2852/2852 2853/2853/2853 
f 2854/2854/2854 2855/2855/2855 2853/2853/2853 
f 2856/2856/2856 2857/2857/2857 2858/2858/2858 
f 2859/2859/2859 2860/2860/2860 2861/2861/2861 
f 2862/2862/2862 2863/2863/2863 2864/2864/2864 
f 2865/2865/2865 2866/2866/2866 2867/2867/2867 
f 2868/2868/2868 2869/2869/2869 2870/2870/2870 
f 2870/2870/2870 2869/2869/2869 2871/2871/2871 
f 2872/2872/2872 2873/2873/2873 2874/2874/2874 
f 2874/2874/2874 2875/2875/2875 2876/2876/2876 
f 2877/2877/2877 2878/2878/2878 2879/2879/2879 
f 2880/2880/2880 2881/2881/2881 2882/2882/2882 
f 2881/2881/2881 2880/2880/2880 2883/2883/2883 
f 2884/2884/2884 2885/2885/2885 2886/2886/2886 
f 2887/2887/2887 2888/2888/2888 2889/2889/2889 
f 2890/2890/2890 2891/2891/2891 2892/2892/2892 
f 2893/2893/2893 2894/2894/2894 2895/2895/2895 
f 2896/2896/2896 2897/2897/2897 2898/2898/2898 
f 2899/2899/2899 2900/2900/2900 2901/2901/2901 
f 2902/2902/2902 2903/2903/2903 2904/2904/2904 
f 2905/2905/2905 2906/2906/2906 2907/2907/2907 
f 2908/2908/2908 2909/2909/2909 2910/2910/2910 
f 2911/2911/2911 2912/2912/2912 2913/2913/2913 
f 2914/2914/2914 2915/2915/2915 2916/2916/2916 
f 2917/2917/2917 2918/2918/2918 2919/2919/2919 
f 2920/2920/2920 2921/2921/2921 2922/2922/2922 
f 2923/2923/2923 2924/2924/2924 2925/2925/2925 
f 2926/2926/2926 2927/2927/2927 2928/2928/2928 
f 2929/2929/2929 2930/2930/2930 2931/2931/2931 
f 2932/2932/2932 2933/2933/2933 2934/2934/2934 
f 2935/2935/2935 2936/2936/2936 2937/2937/2937 
f 2936/2936/2936 2938/2938/2938 2939/2939/2939 
f 2940/2940/2940 2941/2941/2941 2942/2942/2942 
f 2943/2943/2943 2944/2944/2944 2945/2945/2945 
f 2946/2946/2946 2947/2947/2947 2948/2948/2948 
f 2949/2949/2949 2950/2950/2950 2951/2951/2951 
f 2952/2952/2952 2953/2953/2953 2954/2954/2954 
f 2953/2953/2953 2955/2955/2955 2956/2956/2956 
f 2957/2957/2957 2958/2958/2958 2959/2959/2959 
f 2960/2960/2960 2961/2961/2961 2962/2962/2962 
f 2963/2963/2963 2964/2964/2964 2965/2965/2965 
f 2966/2966/2966 2967/2967/2967 2968/2968/2968 
f 2969/2969/2969 2970/2970/2970 2971/2971/2971 
f 2972/2972/2972 2973/2973/2973 2974/2974/2974 
f 2973/2973/2973 2975/2975/2975 2974/2974/2974 
f 2976/2976/2976 2977/2977/2977 2978/2978/2978 
f 2977/2977/2977 2979/2979/2979 2978/2978/2978 
f 2980/2980/2980 2981/2981/2981 2982/2982/2982 
f 2980/2980/2980 2983/2983/2983 2981/2981/2981 
f 2984/2984/2984 2985/2985/2985 2986/2986/2986 
f 2987/2987/2987 2988/2988/2988 2989/2989/2989 
f 2990/2990/2990 2991/2991/2991 2992/2992/2992 
f 2993/2993/2993 2994/2994/2994 2995/2995/2995 
f 2996/2996/2996 2997/2997/2997 2998/2998/2998 
f 2999/2999/2999 3000/3000/3000 3001/3001/3001 
f 3002/3002/3002 3003/3003/3003 3004/3004/3004 
f 3002/3002/3002 3004/3004/3004 3005/3005/3005 
f 3006/3006/3006 3007/3007/3007 3008/3008/3008 
f 3009/3009/3009 3010/3010/3010 3006/3006/3006 
f 3011/3011/3011 3012/3012/3012 3013/3013/3013 
f 3014/3014/3014 3015/3015/3015 3013/3013/3013 
f 3016/3016/3016 3017/3017/3017 3018/3018/3018 
f 3019/3019/3019 3018/3018/3018 3017/3017/3017 
f 3020/3020/3020 3021/3021/3021 3022/3022/3022 
f 3023/3023/3023 3024/3024/3024 3025/3025/3025 
f 3026/3026/3026 3027/3027/3027 3028/3028/3028 
f 3029/3029/3029 3030/3030/3030 3031/3031/3031 
f 3032/3032/3032 3033/3033/3033 3034/3034/3034 
f 3035/3035/3035 3036/3036/3036 3037/3037/3037 
f 3036/3036/3036 3038/3038/3038 3037/3037/3037 
f 3039/3039/3039 3040/3040/3040 3041/3041/3041 
f 3042/3042/3042 3043/3043/3043 3039/3039/3039 
f 3044/3044/3044 3045/3045/3045 3046/3046/3046 
f 3047/3047/3047 3046/3046/3046 3048/3048/3048 
f 3049/3049/3049 3050/3050/3050 3051/3051/3051 
f 3052/3052/3052 3053/3053/3053 3054/3054/3054 
f 3055/3055/3055 3056/3056/3056 3057/3057/3057 
f 3058/3058/3058 3059/3059/3059 3060/3060/3060 
f 3061/3061/3061 3062/3062/3062 3059/3059/3059 
f 3063/3063/3063 3064/3064/3064 3065/3065/3065 
f 3066/3066/3066 3065/3065/3065 3064/3064/3064 
f 3067/3067/3067 3068/3068/3068 3069/3069/3069 
f 3070/3070/3070 3071/3071/3071 3072/3072/3072 
f 3073/3073/3073 3074/3074/3074 3075/3075/3075 
f 3076/3076/3076 3077/3077/3077 3078/3078/3078 
f 3079/3079/3079 3080/3080/3080 3081/3081/3081 
f 3082/3082/3082 3083/3083/3083 3084/3084/3084 
f 3085/3085/3085 3086/3086/3086 3087/3087/3087 
f 3088/3088/3088 3089/3089/3089 3090/3090/3090 
f 3091/3091/3091 3092/3092/3092 3093/3093/3093 
f 3094/3094/3094 3095/3095/3095 3096/3096/3096 
f 3097/3097/3097 3098/3098/3098 3099/3099/3099 
f 3100/3100/3100 3101/3101/3101 3102/3102/3102 
f 3103/3103/3103 3104/3104/3104 3105/3105/3105 
f 3106/3106/3106 3107/3107/3107 3108/3108/3108 
f 3108/3108/3108 3109/3109/3109 3110/3110/3110 
f 3111/3111/3111 3112/3112/3112 3113/3113/3113 
f 3114/3114/3114 3115/3115/3115 3116/3116/3116 
f 3117/3117/3117 3118/3118/3118 3119/3119/3119 
f 3120/3120/3120 3121/3121/3121 3122/3122/3122 
f 3123/3123/3123 3124/3124/3124 3125/3125/3125 
f 3126/3126/3126 3127/3127/3127 3128/3128/3128 
f 3129/3129/3129 3130/3130/3130 3131/3131/3131 
f 3132/3132/3132 3133/3133/3133 3134/3134/3134 
f 3135/3135/3135 3136/3136/3136 3137/3137/3137 
f 3138/3138/3138 3139/3139/3139 3140/3140/3140 
f 3141/3141/3141 3142/3142/3142 3143/3143/3143 
f 3144/3144/3144 3145/3145/3145 3146/3146/3146 
f 3147/3147/3147 3148/3148/3148 3149/3149/3149 
f 3150/3150/3150 3151/3151/3151 3152/3152/3152 
f 3153/3153/3153 3154/3154/3154 3155/3155/3155 
f 3156/3156/3156 3157/3157/3157 3158/3158/3158 
f 3157/3157/3157 3156/3156/3156 3159/3159/3159 
f 3159/3159/3159 3156/3156/3156 3160/3160/3160 
f 3161/3161/3161 3162/3162/3162 3157/3157/3157 
f 3163/3163/3163 3164/3164/3164 3162/3162/3162 
f 3165/3165/3165 3163/3163/3163 3166/3166/3166 
f 3163/3163/3163 3165/3165/3165 3167/3167/3167 
f 3164/3164/3164 3163/3163/3163 3167/3167/3167 
f 3168/3168/3168 3166/3166/3166 3169/3169/3169 
f 3170/3170/3170 3169/3169/3169 3166/3166/3166 
f 3169/3169/3169 3170/3170/3170 3171/3171/3171 
f 3164/3164/3164 3172/3172/3172 3173/3173/3173 
f 3172/3172/3172 3174/3174/3174 3175/3175/3175 
f 3164/3164/3164 3176/3176/3176 3172/3172/3172 
f 3172/3172/3172 3176/3176/3176 3174/3174/3174 
f 3176/3176/3176 3164/3164/3164 3167/3167/3167 
f 3176/3176/3176 3167/3167/3167 3177/3177/3177 
f 3174/3174/3174 3176/3176/3176 3178/3178/3178 
f 3178/3178/3178 3176/3176/3176 3179/3179/3179 
f 3174/3174/3174 3178/3178/3178 3180/3180/3180 
f 3181/3181/3181 3180/3180/3180 3182/3182/3182 
f 3180/3180/3180 3183/3183/3183 3184/3184/3184 
f 3185/3185/3185 3186/3186/3186 3167/3167/3167 
f 3186/3186/3186 3185/3185/3185 3187/3187/3187 
f 3188/3188/3188 3186/3186/3186 3189/3189/3189 
f 3186/3186/3186 3190/3190/3190 3191/3191/3191 
f 3192/3192/3192 3193/3193/3193 3164/3164/3164 
f 3193/3193/3193 3192/3192/3192 3194/3194/3194 
f 3194/3194/3194 3192/3192/3192 3195/3195/3195 
f 3192/3192/3192 3196/3196/3196 3197/3197/3197 
f 3198/3198/3198 3199/3199/3199 3200/3200/3200 
f 3200/3200/3200 3199/3199/3199 3201/3201/3201 
f 3199/3199/3199 3198/3198/3198 3202/3202/3202 
f 3203/3203/3203 3199/3199/3199 3204/3204/3204 
f 3205/3205/3205 3198/3198/3198 3200/3200/3200 
f 3205/3205/3205 3200/3200/3200 3206/3206/3206 
f 3207/3207/3207 3206/3206/3206 3208/3208/3208 
f 3206/3206/3206 3207/3207/3207 3209/3209/3209 
f 3209/3209/3209 3207/3207/3207 3210/3210/3210 
f 3211/3211/3211 3205/3205/3205 3212/3212/3212 
f 3213/3213/3213 3205/3205/3205 3211/3211/3211 
f 3198/3198/3198 3205/3205/3205 3213/3213/3213 
f 3198/3198/3198 3213/3213/3213 3214/3214/3214 
f 3215/3215/3215 3214/3214/3214 3216/3216/3216 
f 3217/3217/3217 3214/3214/3214 3213/3213/3213 
f 3217/3217/3217 3213/3213/3213 3218/3218/3218 
f 3219/3219/3219 3214/3214/3214 3217/3217/3217 
f 3220/3220/3220 3217/3217/3217 3221/3221/3221 
f 3214/3214/3214 3219/3219/3219 3222/3222/3222 
f 3214/3214/3214 3222/3222/3222 3223/3223/3223 
f 3222/3222/3222 3219/3219/3219 3224/3224/3224 
f 3224/3224/3224 3220/3220/3220 3225/3225/3225 
f 3226/3226/3226 3224/3224/3224 3227/3227/3227 
f 3228/3228/3228 3213/3213/3213 3229/3229/3229 
f 3230/3230/3230 3228/3228/3228 3229/3229/3229 
f 3231/3231/3231 3228/3228/3228 3232/3232/3232 
f 3228/3228/3228 3233/3233/3233 3234/3234/3234 
f 3235/3235/3235 3236/3236/3236 3237/3237/3237 
f 3238/3238/3238 3237/3237/3237 3236/3236/3236 
f 3237/3237/3237 3239/3239/3239 3240/3240/3240 
f 3241/3241/3241 3242/3242/3242 3243/3243/3243 
f 3244/3244/3244 3245/3245/3245 3246/3246/3246 
f 3247/3247/3247 3248/3248/3248 3249/3249/3249 
f 3250/3250/3250 3251/3251/3251 3252/3252/3252 
f 3253/3253/3253 3254/3254/3254 3255/3255/3255 
f 3256/3256/3256 3257/3257/3257 3258/3258/3258 
f 3259/3259/3259 3260/3260/3260 3261/3261/3261 
f 3262/3262/3262 3263/3263/3263 3264/3264/3264 
f 3265/3265/3265 3266/3266/3266 3267/3267/3267 
f 3268/3268/3268 3269/3269/3269 3270/3270/3270 
f 3271/3271/3271 3272/3272/3272 3273/3273/3273 
f 3274/3274/3274 3275/3275/3275 3276/3276/3276 
f 3277/3277/3277 3278/3278/3278 3279/3279/3279 
f 3280/3280/3280 3281/3281/3281 3282/3282/3282 
f 3283/3283/3283 3284/3284/3284 3285/3285/3285 
f 3286/3286/3286 3284/3284/3284 3287/3287/3287 
f 3288/3288/3288 3287/3287/3287 3289/3289/3289 
f 3290/3290/3290 3291/3291/3291 3292/3292/3292 
f 3293/3293/3293 3294/3294/3294 3295/3295/3295 
f 3296/3296/3296 3297/3297/3297 3298/3298/3298 
f 3298/3298/3298 3299/3299/3299 3296/3296/3296 
f 3300/3300/3300 3301/3301/3301 3302/3302/3302 
f 3303/3303/3303 3304/3304/3304 3305/3305/3305 
f 3306/3306/3306 3307/3307/3307 3308/3308/3308 
f 3309/3309/3309 3310/3310/3310 3311/3311/3311 
f 3312/3312/3312 3313/3313/3313 3314/3314/3314 
f 3315/3315/3315 3316/3316/3316 3317/3317/3317 
f 3316/3316/3316 3315/3315/3315 3318/3318/3318 
f 3319/3319/3319 3320/3320/3320 3321/3321/3321 
f 3322/3322/3322 3323/3323/3323 3324/3324/3324 
f 3325/3325/3325 3326/3326/3326 3327/3327/3327 
f 3328/3328/3328 3329/3329/3329 3330/3330/3330 
f 3331/3331/3331 3332/3332/3332 3333/3333/3333 
f 3331/3331/3331 3333/3333/3333 3334/3334/3334 
f 3335/3335/3335 3336/3336/3336 3337/3337/3337 
f 3338/3338/3338 3339/3339/3339 3340/3340/3340 
f 3341/3341/3341 3342/3342/3342 3343/3343/3343 
f 3344/3344/3344 3345/3345/3345 3346/3346/3346 
f 3347/3347/3347 3348/3348/3348 3349/3349/3349 
f 3350/3350/3350 3351/3351/3351 3352/3352/3352 
f 3353/3353/3353 3354/3354/3354 3355/3355/3355 
f 3356/3356/3356 3357/3357/3357 3358/3358/3358 
f 3359/3359/3359 3360/3360/3360 3361/3361/3361 
f 3362/3362/3362 3363/3363/3363 3364/3364/3364 
f 3365/3365/3365 3366/3366/3366 3367/3367/3367 
f 3368/3368/3368 3369/3369/3369 3370/3370/3370 
f 3371/3371/3371 3372/3372/3372 3373/3373/3373 
f 3374/3374/3374 3375/3375/3375 3376/3376/3376 
f 3377/3377/3377 3378/3378/3378 3379/3379/3379 
f 3380/3380/3380 3381/3381/3381 3382/3382/3382 
f 3383/3383/3383 3384/3384/3384 3385/3385/3385 
f 3386/3386/3386 3387/3387/3387 3388/3388/3388 
f 3389/3389/3389 3390/3390/3390 3391/3391/3391 
f 3392/3392/3392 3393/3393/3393 3394/3394/3394 
f 3395/3395/3395 3396/3396/3396 3397/3397/3397 
f 3398/3398/3398 3399/3399/3399 3400/3400/3400 
f 3401/3401/3401 3402/3402/3402 3403/3403/3403 
f 3404/3404/3404 3405/3405/3405 3406/3406/3406 
f 3407/3407/3407 3408/3408/3408 3409/3409/3409 
f 3410/3410/3410 3411/3411/3411 3412/3412/3412 
f 3413/3413/3413 3414/3414/3414 3415/3415/3415 
f 3416/3416/3416 3417/3417/3417 3418/3418/3418 
f 3419/3419/3419 3420/3420/3420 3421/3421/3421 
f 3422/3422/3422 3423/3423/3423 3424/3424/3424 

g Handle2

v -44.1078 4.81013 18.6093 
v -44.0725 4.85238 18.7255 
v -44.1078 4.85238 18.6093 
v -44.0725 4.85238 18.7255 
v -44.1078 4.81013 18.6093 
v -44.0725 4.81013 18.7255 
v -42.8922 4.85238 18.6093 
v -42.9275 4.85238 18.7255 
v -42.8922 4.81013 18.6093 
v -42.8922 4.81013 18.6093 
v -42.9275 4.85238 18.7255 
v -42.9275 4.81013 18.7255 
v -44.1197 4.81013 18.4884 
v -44.1078 4.85238 18.6093 
v -44.1197 4.85238 18.4884 
v -44.1078 4.85238 18.6093 
v -44.1197 4.81013 18.4884 
v -44.1078 4.81013 18.6093 
v -42.8803 4.85238 18.4884 
v -42.8922 4.85238 18.6093 
v -42.8803 4.81013 18.4884 
v -42.8803 4.81013 18.4884 
v -42.8922 4.85238 18.6093 
v -42.8922 4.81013 18.6093 
v -44.1078 4.81013 18.3675 
v -44.1197 4.85238 18.4884 
v -44.1078 4.85238 18.3675 
v -44.1197 4.85238 18.4884 
v -44.1078 4.81013 18.3675 
v -44.1197 4.81013 18.4884 
v -42.8922 4.85238 18.3675 
v -42.8803 4.85238 18.4884 
v -42.8922 4.81013 18.3675 
v -42.8922 4.81013 18.3675 
v -42.8803 4.85238 18.4884 
v -42.8803 4.81013 18.4884 
v -44.0725 4.81122 18.2512 
v -44.1078 4.85238 18.3675 
v -44.0725 4.85238 18.2512 
v -44.1078 4.85238 18.3675 
v -44.0725 4.81122 18.2512 
v -44.1078 4.81013 18.3675 
v -42.9275 4.85238 18.2512 
v -42.8922 4.85238 18.3675 
v -42.9275 4.81122 18.2512 
v -42.9275 4.81122 18.2512 
v -42.8922 4.85238 18.3675 
v -42.8922 4.81013 18.3675 
v -44.0152 4.85238 18.1441 
v -44.0152 4.7986 18.1441 
v -44.0438 4.80844 18.1977 
v -44.0152 4.85238 18.1441 
v -44.0438 4.80844 18.1977 
v -44.0438 4.85238 18.1977 
v -42.9848 4.85238 18.1441 
v -42.9562 4.80844 18.1977 
v -42.9848 4.7986 18.1441 
v -42.9562 4.80844 18.1977 
v -42.9848 4.85238 18.1441 
v -42.9562 4.85238 18.1977 
v -44.0438 4.85238 18.1977 
v -44.0438 4.80844 18.1977 
v -44.0725 4.81122 18.2512 
v -44.0438 4.85238 18.1977 
v -44.0725 4.81122 18.2512 
v -44.0725 4.85238 18.2512 
v -42.9562 4.85238 18.1977 
v -42.9275 4.81122 18.2512 
v -42.9562 4.80844 18.1977 
v -42.9275 4.81122 18.2512 
v -42.9562 4.85238 18.1977 
v -42.9275 4.85238 18.2512 
v -43.9382 4.85238 18.0502 
v -43.9382 4.74703 18.0502 
v -43.9767 4.77795 18.0972 
v -43.9382 4.85238 18.0502 
v -43.9767 4.77795 18.0972 
v -43.9767 4.85238 18.0972 
v -43.9767 4.85238 18.0972 
v -43.9767 4.77795 18.0972 
v -44.0152 4.7986 18.1441 
v -43.9767 4.85238 18.0972 
v -44.0152 4.7986 18.1441 
v -44.0152 4.85238 18.1441 
v -43.0618 4.74703 18.0502 
v -43.0618 4.85238 18.0502 
v -43.0233 4.77795 18.0972 
v -43.0233 4.77795 18.0972 
v -43.0618 4.85238 18.0502 
v -43.0233 4.85238 18.0972 
v -43.0233 4.85238 18.0972 
v -42.9848 4.7986 18.1441 
v -43.0233 4.77795 18.0972 
v -42.9848 4.7986 18.1441 
v -43.0233 4.85238 18.0972 
v -42.9848 4.85238 18.1441 
v -42.9275 4.81013 18.7255 
v -42.9275 4.85238 18.7255 
v -42.9458 4.81013 18.7179 
v -42.9458 4.81013 18.7179 
v -42.9275 4.85238 18.7255 
v -42.9458 4.85238 18.7179 
v -44.0542 4.81013 18.7179 
v -44.0725 4.85238 18.7255 
v -44.0725 4.81013 18.7255 
v -44.0725 4.85238 18.7255 
v -44.0542 4.81013 18.7179 
v -44.0542 4.85238 18.7179 
v -43.8443 4.85434 17.9731 
v -43.8912 4.70403 18.0117 
v -43.8912 4.85238 18.0117 
v -43.8912 4.70403 18.0117 
v -43.8443 4.85434 17.9731 
v -43.8443 4.64411 17.9731 
v -43.9382 4.74703 18.0502 
v -43.8912 4.85238 18.0117 
v -43.8912 4.70403 18.0117 
v -43.8912 4.85238 18.0117 
v -43.9382 4.74703 18.0502 
v -43.9382 4.85238 18.0502 
v -43.1557 4.85434 17.9731 
v -43.1088 4.70403 18.0117 
v -43.1557 4.64411 17.9731 
v -43.1088 4.70403 18.0117 
v -43.1557 4.85434 17.9731 
v -43.1088 4.85238 18.0117 
v -43.1088 4.85238 18.0117 
v -43.0618 4.74703 18.0502 
v -43.1088 4.70403 18.0117 
v -43.0618 4.74703 18.0502 
v -43.1088 4.85238 18.0117 
v -43.0618 4.85238 18.0502 
v -43.8443 4.85434 17.9731 
v -43.7372 4.64215 17.9158 
v -43.8443 4.64411 17.9731 
v -43.7372 4.64215 17.9158 
v -43.8443 4.85434 17.9731 
v -43.7372 4.85238 17.9158 
v -43.2628 4.64215 17.9158 
v -43.2628 4.85238 17.9158 
v -43.1557 4.85434 17.9731 
v -43.1557 4.85434 17.9731 
v -43.1557 4.64411 17.9731 
v -43.2628 4.64215 17.9158 
v -43.8912 4.70403 18.0117 
v -43.8443 4.64411 17.9731 
v -43.8338 4.64411 17.99 
v -43.1088 4.70403 18.0117 
v -43.1662 4.64411 17.99 
v -43.1557 4.64411 17.9731 
v -43.7372 4.85238 17.9158 
v -43.6209 4.64215 17.8865 
v -43.7372 4.64215 17.9158 
v -43.6209 4.85238 17.8865 
v -43.6209 4.64215 17.8865 
v -43.7372 4.85238 17.9158 
v -43.3791 4.64215 17.8865 
v -43.3791 4.85238 17.8865 
v -43.2628 4.85238 17.9158 
v -43.2628 4.85238 17.9158 
v -43.2628 4.64215 17.9158 
v -43.3791 4.64215 17.8865 
v -43.8338 4.64411 17.99 
v -43.8786 4.70403 18.0271 
v -43.8912 4.70403 18.0117 
v -43.1662 4.64411 17.99 
v -43.1088 4.70403 18.0117 
v -43.1214 4.70403 18.0271 
v -43.5824 4.85238 17.8827 
v -43.5898 4.64215 17.8785 
v -43.6209 4.64215 17.8865 
v -43.4176 4.85238 17.8827 
v -43.3791 4.64215 17.8865 
v -43.4102 4.64215 17.8785 
v -43.5549 4.85238 17.88 
v -43.5598 4.64215 17.8744 
v -43.5898 4.64215 17.8785 
v -43.4451 4.85238 17.88 
v -43.4102 4.64215 17.8785 
v -43.4402 4.64215 17.8744 
v -43.5898 4.64215 17.8785 
v -43.5824 4.85238 17.8827 
v -43.5549 4.85238 17.88 
v -43.4176 4.85238 17.8827 
v -43.4102 4.64215 17.8785 
v -43.4451 4.85238 17.88 
v -43.6209 4.64215 17.8865 
v -43.6209 4.85238 17.8865 
v -43.5824 4.85238 17.8827 
v -43.5445 4.72666 17.879 
v -43.5445 4.85238 17.879 
v -43.5309 4.77861 17.8776 
v -43.5309 4.77861 17.8776 
v -43.5445 4.85238 17.879 
v -43.5309 4.85238 17.8776 
v -43.5309 4.85238 17.8776 
v -43.5155 4.80989 17.8761 
v -43.5309 4.77861 17.8776 
v -43.5155 4.80989 17.8761 
v -43.5309 4.85238 17.8776 
v -43.5155 4.85238 17.8761 
v -43.4691 4.85238 17.8776 
v -43.4845 4.80989 17.8761 
v -43.4845 4.85238 17.8761 
v -43.4845 4.80989 17.8761 
v -43.4691 4.85238 17.8776 
v -43.4691 4.77861 17.8776 
v -43.4555 4.85238 17.879 
v -43.4691 4.77861 17.8776 
v -43.4691 4.85238 17.8776 
v -43.4555 4.85238 17.879 
v -43.4555 4.72666 17.879 
v -43.4691 4.77861 17.8776 
v -43.3791 4.64215 17.8865 
v -43.4176 4.85238 17.8827 
v -43.3791 4.85238 17.8865 
v -43.5445 4.72666 17.879 
v -43.5549 4.85238 17.88 
v -43.5445 4.85238 17.879 
v -43.5155 4.85238 17.8761 
v -43.5 4.82151 17.8745 
v -43.5155 4.80989 17.8761 
v -43.5 4.82151 17.8745 
v -43.5155 4.85238 17.8761 
v -43.5 4.85238 17.8745 
v -43.4845 4.85238 17.8761 
v -43.5 4.82151 17.8745 
v -43.5 4.85238 17.8745 
v -43.5 4.82151 17.8745 
v -43.4845 4.85238 17.8761 
v -43.4845 4.80989 17.8761 
v -43.4451 4.85238 17.88 
v -43.4555 4.72666 17.879 
v -43.4555 4.85238 17.879 
v -43.9246 4.74703 18.0647 
v -43.8912 4.70403 18.0117 
v -43.8786 4.70403 18.0271 
v -43.1088 4.70403 18.0117 
v -43.0754 4.74703 18.0647 
v -43.1214 4.70403 18.0271 
v -43.5598 4.64215 17.8744 
v -43.5549 4.85238 17.88 
v -43.5445 4.72666 17.879 
v -43.4451 4.85238 17.88 
v -43.4402 4.64215 17.8744 
v -43.4555 4.72666 17.879 
v -43.8912 4.70403 18.0117 
v -43.9246 4.74703 18.0647 
v -43.9382 4.74703 18.0502 
v -43.0754 4.74703 18.0647 
v -43.1088 4.70403 18.0117 
v -43.0618 4.74703 18.0502 
v -43.0233 4.77795 18.0972 
v -43.0754 4.74703 18.0647 
v -43.0618 4.74703 18.0502 
v -43.9767 4.77795 18.0972 
v -43.9382 4.74703 18.0502 
v -43.9246 4.74703 18.0647 
v -43.8443 4.64411 17.9731 
v -43.7372 4.64215 17.9158 
v -43.7295 4.64215 17.9342 
v -43.1557 4.64411 17.9731 
v -43.2705 4.64215 17.9342 
v -43.2628 4.64215 17.9158 
v -43.7295 4.64215 17.9342 
v -43.8338 4.64411 17.99 
v -43.8443 4.64411 17.9731 
v -43.2705 4.64215 17.9342 
v -43.1557 4.64411 17.9731 
v -43.1662 4.64411 17.99 
v -43.617 4.64215 17.9059 
v -43.7295 4.64215 17.9342 
v -43.7372 4.64215 17.9158 
v -43.7372 4.64215 17.9158 
v -43.6209 4.64215 17.8865 
v -43.617 4.64215 17.9059 
v -43.5898 4.64215 17.8785 
v -43.617 4.64215 17.9059 
v -43.6209 4.64215 17.8865 
v -43.617 4.64215 17.9059 
v -43.5898 4.64215 17.8785 
v -43.5877 4.64215 17.9086 
v -43.5598 4.64215 17.8744 
v -43.5578 4.64215 17.9045 
v -43.5898 4.64215 17.8785 
v -43.5898 4.64215 17.8785 
v -43.5578 4.64215 17.9045 
v -43.5877 4.64215 17.9086 
v -43.2628 4.64215 17.9158 
v -43.383 4.64215 17.9059 
v -43.3791 4.64215 17.8865 
v -43.383 4.64215 17.9059 
v -43.2628 4.64215 17.9158 
v -43.2705 4.64215 17.9342 
v -43.383 4.64215 17.9059 
v -43.4102 4.64215 17.8785 
v -43.3791 4.64215 17.8865 
v -43.4102 4.64215 17.8785 
v -43.383 4.64215 17.9059 
v -43.4123 4.64215 17.9086 
v -43.4102 4.64215 17.8785 
v -43.4422 4.64215 17.9045 
v -43.4402 4.64215 17.8744 
v -43.4422 4.64215 17.9045 
v -43.4102 4.64215 17.8785 
v -43.4123 4.64215 17.9086 
v -43.0754 4.74703 18.0647 
v -43.0233 4.77795 18.0972 
v -43.0387 4.77795 18.1098 
v -43.9246 4.74703 18.0647 
v -43.9613 4.77795 18.1098 
v -43.9767 4.77795 18.0972 
v -43.9989 4.7986 18.1554 
v -43.9767 4.77795 18.0972 
v -43.9613 4.77795 18.1098 
v -43.0011 4.7986 18.1554 
v -43.0387 4.77795 18.1098 
v -43.0233 4.77795 18.0972 
v -43.9767 4.77795 18.0972 
v -43.9989 4.7986 18.1554 
v -44.0152 4.7986 18.1441 
v -43.0011 4.7986 18.1554 
v -43.0233 4.77795 18.0972 
v -42.9848 4.7986 18.1441 
v -43.8912 4.85238 18.0117 
v -43.8332 4.85434 17.9896 
v -43.8443 4.85434 17.9731 
v -43.1088 4.85238 18.0117 
v -43.1557 4.85434 17.9731 
v -43.1668 4.85434 17.9896 
v -43.8332 4.85434 17.9896 
v -43.8912 4.85238 18.0117 
v -43.8786 4.85238 18.0271 
v -43.1668 4.85434 17.9896 
v -43.1214 4.85238 18.0271 
v -43.1088 4.85238 18.0117 
v -43.9989 4.7986 18.1554 
v -44.0438 4.80844 18.1977 
v -44.0152 4.7986 18.1441 
v -42.9562 4.80844 18.1977 
v -43.0011 4.7986 18.1554 
v -42.9848 4.7986 18.1441 
v -43.5155 4.85238 17.8761 
v -43.5 4.85238 17.8944 
v -43.5 4.85238 17.8745 
v -43.5 4.85238 17.8745 
v -43.5 4.85238 17.8944 
v -43.4845 4.85238 17.8761 
v -43.5 4.85238 17.8944 
v -43.5155 4.85238 17.8761 
v -43.5135 4.85238 17.8959 
v -43.7372 4.85238 17.9158 
v -43.617 4.85238 17.9059 
v -43.6209 4.85238 17.8865 
v -43.617 4.85238 17.9059 
v -43.7372 4.85238 17.9158 
v -43.7295 4.85238 17.9342 
v -43.8912 4.85238 18.0117 
v -43.9242 4.85238 18.0642 
v -43.8786 4.85238 18.0271 
v -43.9242 4.85238 18.0642 
v -43.8912 4.85238 18.0117 
v -43.9382 4.85238 18.0502 
v -43.9242 4.85238 18.0642 
v -43.9767 4.85238 18.0972 
v -43.9613 4.85238 18.1098 
v -43.9988 4.85238 18.1552 
v -43.9613 4.85238 18.1098 
v -43.9767 4.85238 18.0972 
v -43.9767 4.85238 18.0972 
v -43.9242 4.85238 18.0642 
v -43.9382 4.85238 18.0502 
v -43.9988 4.85238 18.1552 
v -43.9767 4.85238 18.0972 
v -44.0152 4.85238 18.1441 
v -43.9988 4.85238 18.1552 
v -44.0438 4.85238 18.1977 
v -44.0264 4.85238 18.207 
v -44.0542 4.85238 18.2589 
v -44.0264 4.85238 18.207 
v -44.0438 4.85238 18.1977 
v -44.0438 4.85238 18.1977 
v -43.9988 4.85238 18.1552 
v -44.0152 4.85238 18.1441 
v -44.0542 4.85238 18.2589 
v -44.0438 4.85238 18.1977 
v -44.0725 4.85238 18.2512 
v -44.0883 4.85238 18.3714 
v -44.0542 4.85238 18.2589 
v -44.0725 4.85238 18.2512 
v -44.0725 4.85238 18.2512 
v -44.1078 4.85238 18.3675 
v -44.0883 4.85238 18.3714 
v -44.1197 4.85238 18.4884 
v -44.0883 4.85238 18.3714 
v -44.1078 4.85238 18.3675 
v -44.0883 4.85238 18.3714 
v -44.1197 4.85238 18.4884 
v -44.0999 4.85238 18.4884 
v -44.0883 4.85238 18.6054 
v -44.0999 4.85238 18.4884 
v -44.1197 4.85238 18.4884 
v -44.1197 4.85238 18.4884 
v -44.1078 4.85238 18.6093 
v -44.0883 4.85238 18.6054 
v -44.0883 4.85238 18.6054 
v -44.0725 4.85238 18.7255 
v -44.0542 4.85238 18.7179 
v -44.0725 4.85238 18.7255 
v -44.0883 4.85238 18.6054 
v -44.1078 4.85238 18.6093 
v -43.617 4.85238 17.9059 
v -43.5824 4.85238 17.8827 
v -43.6209 4.85238 17.8865 
v -43.5824 4.85238 17.8827 
v -43.617 4.85238 17.9059 
v -43.5804 4.85238 17.9024 
v -43.5824 4.85238 17.8827 
v -43.553 4.85238 17.8998 
v -43.5549 4.85238 17.88 
v -43.5426 4.85238 17.8988 
v -43.5445 4.85238 17.879 
v -43.5289 4.85238 17.8974 
v -43.553 4.85238 17.8998 
v -43.5824 4.85238 17.8827 
v -43.5804 4.85238 17.9024 
v -43.5445 4.85238 17.879 
v -43.5289 4.85238 17.8974 
v -43.5309 4.85238 17.8776 
v -43.5135 4.85238 17.8959 
v -43.5155 4.85238 17.8761 
v -43.5135 4.85238 17.8959 
v -43.5309 4.85238 17.8776 
v -43.5289 4.85238 17.8974 
v -43.4845 4.85238 17.8761 
v -43.5 4.85238 17.8944 
v -43.4865 4.85238 17.8959 
v -43.383 4.85238 17.9059 
v -43.2705 4.85238 17.9342 
v -43.2628 4.85238 17.9158 
v -43.2628 4.85238 17.9158 
v -43.3791 4.85238 17.8865 
v -43.383 4.85238 17.9059 
v -43.0758 4.85238 18.0642 
v -43.1088 4.85238 18.0117 
v -43.1214 4.85238 18.0271 
v -43.1088 4.85238 18.0117 
v -43.0758 4.85238 18.0642 
v -43.0618 4.85238 18.0502 
v -43.0758 4.85238 18.0642 
v -43.0387 4.85238 18.1098 
v -43.0233 4.85238 18.0972 
v -43.0012 4.85238 18.1552 
v -43.0233 4.85238 18.0972 
v -43.0387 4.85238 18.1098 
v -43.0233 4.85238 18.0972 
v -43.0618 4.85238 18.0502 
v -43.0758 4.85238 18.0642 
v -43.0233 4.85238 18.0972 
v -43.0012 4.85238 18.1552 
v -42.9848 4.85238 18.1441 
v -43.0012 4.85238 18.1552 
v -42.9736 4.85238 18.207 
v -42.9562 4.85238 18.1977 
v -42.9458 4.85238 18.2589 
v -42.9562 4.85238 18.1977 
v -42.9736 4.85238 18.207 
v -43.0012 4.85238 18.1552 
v -42.9562 4.85238 18.1977 
v -42.9848 4.85238 18.1441 
v -42.9562 4.85238 18.1977 
v -42.9458 4.85238 18.2589 
v -42.9275 4.85238 18.2512 
v -42.9117 4.85238 18.3714 
v -42.9275 4.85238 18.2512 
v -42.9458 4.85238 18.2589 
v -42.9275 4.85238 18.2512 
v -42.9117 4.85238 18.3714 
v -42.8922 4.85238 18.3675 
v -42.9117 4.85238 18.3714 
v -42.8803 4.85238 18.4884 
v -42.8922 4.85238 18.3675 
v -42.8803 4.85238 18.4884 
v -42.9117 4.85238 18.3714 
v -42.9001 4.85238 18.4884 
v -42.8803 4.85238 18.4884 
v -42.9117 4.85238 18.6054 
v -42.8922 4.85238 18.6093 
v -42.9117 4.85238 18.6054 
v -42.8803 4.85238 18.4884 
v -42.9001 4.85238 18.4884 
v -42.9117 4.85238 18.6054 
v -42.9275 4.85238 18.7255 
v -42.8922 4.85238 18.6093 
v -42.9275 4.85238 18.7255 
v -42.9117 4.85238 18.6054 
v -42.9458 4.85238 18.7179 
v -43.4176 4.85238 17.8827 
v -43.383 4.85238 17.9059 
v -43.3791 4.85238 17.8865 
v -43.383 4.85238 17.9059 
v -43.4176 4.85238 17.8827 
v -43.4196 4.85238 17.9024 
v -43.4451 4.85238 17.88 
v -43.447 4.85238 17.8998 
v -43.4176 4.85238 17.8827 
v -43.4555 4.85238 17.879 
v -43.4574 4.85238 17.8988 
v -43.4691 4.85238 17.8776 
v -43.4711 4.85238 17.8974 
v -43.4845 4.85238 17.8761 
v -43.4865 4.85238 17.8959 
v -43.4176 4.85238 17.8827 
v -43.447 4.85238 17.8998 
v -43.4196 4.85238 17.9024 
v -43.4451 4.85238 17.88 
v -43.4574 4.85238 17.8988 
v -43.447 4.85238 17.8998 
v -43.4691 4.85238 17.8776 
v -43.4865 4.85238 17.8959 
v -43.4711 4.85238 17.8974 
v -43.4555 4.85238 17.879 
v -43.4711 4.85238 17.8974 
v -43.4574 4.85238 17.8988 
v -43.7295 4.85238 17.9342 
v -43.8443 4.85434 17.9731 
v -43.8332 4.85434 17.9896 
v -43.2705 4.85238 17.9342 
v -43.1668 4.85434 17.9896 
v -43.1557 4.85434 17.9731 
v -43.8443 4.85434 17.9731 
v -43.7295 4.85238 17.9342 
v -43.7372 4.85238 17.9158 
v -43.1557 4.85434 17.9731 
v -43.2628 4.85238 17.9158 
v -43.2705 4.85238 17.9342 
v -44.0438 4.80844 18.1977 
v -44.0542 4.81122 18.2589 
v -44.0725 4.81122 18.2512 
v -42.9458 4.81122 18.2589 
v -42.9562 4.80844 18.1977 
v -42.9275 4.81122 18.2512 
v -43.5155 4.80989 17.8761 
v -43.5135 4.80989 17.8959 
v -43.5309 4.77861 17.8776 
v -43.5309 4.77861 17.8776 
v -43.5135 4.80989 17.8959 
v -43.5289 4.77861 17.8974 
v -43.4691 4.77861 17.8776 
v -43.4865 4.80989 17.8959 
v -43.4845 4.80989 17.8761 
v -43.4865 4.80989 17.8959 
v -43.4691 4.77861 17.8776 
v -43.4711 4.77861 17.8974 
v -43.5445 4.72666 17.879 
v -43.5309 4.77861 17.8776 
v -43.5289 4.77861 17.8974 
v -43.4555 4.72666 17.879 
v -43.4711 4.77861 17.8974 
v -43.4691 4.77861 17.8776 
v -43.5155 4.80989 17.8761 
v -43.5 4.82151 17.8944 
v -43.5135 4.80989 17.8959 
v -43.5 4.82151 17.8944 
v -43.4845 4.80989 17.8761 
v -43.4865 4.80989 17.8959 
v -43.5445 4.72666 17.879 
v -43.5289 4.77861 17.8974 
v -43.5426 4.72666 17.8988 
v -43.4711 4.77861 17.8974 
v -43.4555 4.72666 17.879 
v -43.4574 4.72666 17.8988 
v -44.1197 4.81013 18.4884 
v -44.0883 4.81013 18.6054 
v -44.1078 4.81013 18.6093 
v -44.0883 4.81013 18.6054 
v -44.1197 4.81013 18.4884 
v -44.0999 4.81013 18.4884 
v -44.1078 4.81013 18.3675 
v -44.0883 4.81013 18.6054 
v -44.0725 4.81013 18.7255 
v -44.1078 4.81013 18.6093 
v -44.0725 4.81013 18.7255 
v -44.0883 4.81013 18.6054 
v -44.0542 4.81013 18.7179 
v -42.8922 4.81013 18.3675 
v -42.8803 4.81013 18.4884 
v -42.9001 4.81013 18.4884 
v -42.9117 4.81013 18.6054 
v -42.9001 4.81013 18.4884 
v -42.8803 4.81013 18.4884 
v -42.8803 4.81013 18.4884 
v -42.8922 4.81013 18.6093 
v -42.9117 4.81013 18.6054 
v -42.9117 4.81013 18.6054 
v -42.9275 4.81013 18.7255 
v -42.9458 4.81013 18.7179 
v -42.9275 4.81013 18.7255 
v -42.9117 4.81013 18.6054 
v -42.8922 4.81013 18.6093 
v -43.5598 4.64215 17.8744 
v -43.5445 4.72666 17.879 
v -43.5426 4.72666 17.8988 
v -43.4402 4.64215 17.8744 
v -43.4574 4.72666 17.8988 
v -43.4555 4.72666 17.879 
v -42.9001 4.81013 18.4884 
v -42.9117 4.81013 18.3714 
v -42.8922 4.81013 18.3675 
v -44.0999 4.81013 18.4884 
v -44.1078 4.81013 18.3675 
v -44.0883 4.81013 18.3714 
v -42.9458 4.81122 18.2589 
v -42.8922 4.81013 18.3675 
v -42.9117 4.81013 18.3714 
v -44.1078 4.81013 18.3675 
v -44.0542 4.81122 18.2589 
v -44.0883 4.81013 18.3714 
v -44.0542 4.81122 18.2589 
v -44.1078 4.81013 18.3675 
v -44.0725 4.81122 18.2512 
v -42.8922 4.81013 18.3675 
v -42.9458 4.81122 18.2589 
v -42.9275 4.81122 18.2512 
v -43.5598 4.64215 17.8744 
v -43.5426 4.72666 17.8988 
v -43.5578 4.64215 17.9045 
v -43.4574 4.72666 17.8988 
v -43.4402 4.64215 17.8744 
v -43.4422 4.64215 17.9045 
v -43.5 4.82151 17.8745 
v -43.5 4.82151 17.8944 
v -43.5155 4.80989 17.8761 
v -43.4845 4.80989 17.8761 
v -43.5 4.82151 17.8944 
v -43.5 4.82151 17.8745 
v -43.5877 4.64215 17.9086 
v -43.5804 4.85238 17.9024 
v -43.617 4.64215 17.9059 
v -43.383 4.64215 17.9059 
v -43.4196 4.85238 17.9024 
v -43.4123 4.64215 17.9086 
v -43.5877 4.64215 17.9086 
v -43.553 4.85238 17.8998 
v -43.5804 4.85238 17.9024 
v -43.447 4.85238 17.8998 
v -43.4123 4.64215 17.9086 
v -43.4196 4.85238 17.9024 
v -43.617 4.64215 17.9059 
v -43.5804 4.85238 17.9024 
v -43.617 4.85238 17.9059 
v -43.553 4.85238 17.8998 
v -43.5426 4.72666 17.8988 
v -43.5426 4.85238 17.8988 
v -43.5 4.82151 17.8944 
v -43.5135 4.85238 17.8959 
v -43.5135 4.80989 17.8959 
v -43.5135 4.85238 17.8959 
v -43.5 4.82151 17.8944 
v -43.5 4.85238 17.8944 
v -43.5 4.82151 17.8944 
v -43.4865 4.85238 17.8959 
v -43.5 4.85238 17.8944 
v -43.4865 4.85238 17.8959 
v -43.5 4.82151 17.8944 
v -43.4865 4.80989 17.8959 
v -43.4574 4.85238 17.8988 
v -43.4574 4.72666 17.8988 
v -43.447 4.85238 17.8998 
v -43.4196 4.85238 17.9024 
v -43.383 4.64215 17.9059 
v -43.383 4.85238 17.9059 
v -43.5578 4.64215 17.9045 
v -43.553 4.85238 17.8998 
v -43.5877 4.64215 17.9086 
v -43.5426 4.85238 17.8988 
v -43.5426 4.72666 17.8988 
v -43.5289 4.77861 17.8974 
v -43.5426 4.85238 17.8988 
v -43.5289 4.77861 17.8974 
v -43.5289 4.85238 17.8974 
v -43.5135 4.80989 17.8959 
v -43.5289 4.85238 17.8974 
v -43.5289 4.77861 17.8974 
v -43.5289 4.85238 17.8974 
v -43.5135 4.80989 17.8959 
v -43.5135 4.85238 17.8959 
v -43.4865 4.85238 17.8959 
v -43.4865 4.80989 17.8959 
v -43.4711 4.85238 17.8974 
v -43.4711 4.77861 17.8974 
v -43.4711 4.85238 17.8974 
v -43.4865 4.80989 17.8959 
v -43.4711 4.85238 17.8974 
v -43.4711 4.77861 17.8974 
v -43.4574 4.85238 17.8988 
v -43.4574 4.72666 17.8988 
v -43.4574 4.85238 17.8988 
v -43.4711 4.77861 17.8974 
v -43.4123 4.64215 17.9086 
v -43.447 4.85238 17.8998 
v -43.4422 4.64215 17.9045 
v -43.553 4.85238 17.8998 
v -43.5578 4.64215 17.9045 
v -43.5426 4.72666 17.8988 
v -43.4422 4.64215 17.9045 
v -43.447 4.85238 17.8998 
v -43.4574 4.72666 17.8988 
v -43.617 4.64215 17.9059 
v -43.7295 4.85238 17.9342 
v -43.7295 4.64215 17.9342 
v -43.7295 4.85238 17.9342 
v -43.617 4.64215 17.9059 
v -43.617 4.85238 17.9059 
v -43.383 4.64215 17.9059 
v -43.2705 4.85238 17.9342 
v -43.383 4.85238 17.9059 
v -43.2705 4.64215 17.9342 
v -43.2705 4.85238 17.9342 
v -43.383 4.64215 17.9059 
v -43.7295 4.64215 17.9342 
v -43.8332 4.85434 17.9896 
v -43.8338 4.64411 17.99 
v -43.8332 4.85434 17.9896 
v -43.7295 4.64215 17.9342 
v -43.7295 4.85238 17.9342 
v -43.2705 4.64215 17.9342 
v -43.1668 4.85434 17.9896 
v -43.2705 4.85238 17.9342 
v -43.1662 4.64411 17.99 
v -43.1668 4.85434 17.9896 
v -43.2705 4.64215 17.9342 
v -43.8786 4.85238 18.0271 
v -43.9246 4.74703 18.0647 
v -43.8786 4.70403 18.0271 
v -43.9246 4.74703 18.0647 
v -43.8786 4.85238 18.0271 
v -43.9242 4.85238 18.0642 
v -43.0754 4.74703 18.0647 
v -43.1214 4.85238 18.0271 
v -43.1214 4.70403 18.0271 
v -43.1214 4.85238 18.0271 
v -43.0754 4.74703 18.0647 
v -43.0758 4.85238 18.0642 
v -43.8786 4.70403 18.0271 
v -43.8332 4.85434 17.9896 
v -43.8786 4.85238 18.0271 
v -43.8332 4.85434 17.9896 
v -43.8786 4.70403 18.0271 
v -43.8338 4.64411 17.99 
v -43.1214 4.70403 18.0271 
v -43.1668 4.85434 17.9896 
v -43.1662 4.64411 17.99 
v -43.1668 4.85434 17.9896 
v -43.1214 4.70403 18.0271 
v -43.1214 4.85238 18.0271 
v -43.9613 4.85238 18.1098 
v -43.9989 4.7986 18.1554 
v -43.9613 4.77795 18.1098 
v -43.9989 4.7986 18.1554 
v -43.9613 4.85238 18.1098 
v -43.9988 4.85238 18.1552 
v -43.0387 4.85238 18.1098 
v -43.0387 4.77795 18.1098 
v -43.0011 4.7986 18.1554 
v -43.0387 4.85238 18.1098 
v -43.0011 4.7986 18.1554 
v -43.0012 4.85238 18.1552 
v -43.9246 4.74703 18.0647 
v -43.9242 4.85238 18.0642 
v -43.9613 4.77795 18.1098 
v -43.9613 4.77795 18.1098 
v -43.9242 4.85238 18.0642 
v -43.9613 4.85238 18.1098 
v -43.0758 4.85238 18.0642 
v -43.0754 4.74703 18.0647 
v -43.0387 4.77795 18.1098 
v -43.0758 4.85238 18.0642 
v -43.0387 4.77795 18.1098 
v -43.0387 4.85238 18.1098 
v -44.0264 4.85238 18.207 
v -44.0542 4.81122 18.2589 
v -44.0264 4.80844 18.207 
v -44.0542 4.81122 18.2589 
v -44.0264 4.85238 18.207 
v -44.0542 4.85238 18.2589 
v -42.9736 4.85238 18.207 
v -42.9736 4.80844 18.207 
v -42.9458 4.81122 18.2589 
v -42.9736 4.85238 18.207 
v -42.9458 4.81122 18.2589 
v -42.9458 4.85238 18.2589 
v -43.9988 4.85238 18.1552 
v -44.0264 4.80844 18.207 
v -43.9989 4.7986 18.1554 
v -44.0264 4.80844 18.207 
v -43.9988 4.85238 18.1552 
v -44.0264 4.85238 18.207 
v -43.0012 4.85238 18.1552 
v -43.0011 4.7986 18.1554 
v -42.9736 4.80844 18.207 
v -43.0012 4.85238 18.1552 
v -42.9736 4.80844 18.207 
v -42.9736 4.85238 18.207 
v -44.0542 4.85238 18.2589 
v -44.0883 4.85238 18.3714 
v -44.0542 4.81122 18.2589 
v -44.0542 4.81122 18.2589 
v -44.0883 4.85238 18.3714 
v -44.0883 4.81013 18.3714 
v -42.9458 4.81122 18.2589 
v -42.9117 4.85238 18.3714 
v -42.9458 4.85238 18.2589 
v -42.9117 4.85238 18.3714 
v -42.9458 4.81122 18.2589 
v -42.9117 4.81013 18.3714 
v -44.0883 4.85238 18.3714 
v -44.0999 4.81013 18.4884 
v -44.0883 4.81013 18.3714 
v -44.0999 4.81013 18.4884 
v -44.0883 4.85238 18.3714 
v -44.0999 4.85238 18.4884 
v -42.9001 4.81013 18.4884 
v -42.9117 4.85238 18.3714 
v -42.9117 4.81013 18.3714 
v -42.9117 4.85238 18.3714 
v -42.9001 4.81013 18.4884 
v -42.9001 4.85238 18.4884 
v -44.0999 4.85238 18.4884 
v -44.0883 4.85238 18.6054 
v -44.0999 4.81013 18.4884 
v -44.0999 4.81013 18.4884 
v -44.0883 4.85238 18.6054 
v -44.0883 4.81013 18.6054 
v -42.9001 4.81013 18.4884 
v -42.9117 4.85238 18.6054 
v -42.9001 4.85238 18.4884 
v -42.9117 4.85238 18.6054 
v -42.9001 4.81013 18.4884 
v -42.9117 4.81013 18.6054 
v -44.0883 4.85238 18.6054 
v -44.0542 4.85238 18.7179 
v -44.0883 4.81013 18.6054 
v -44.0883 4.81013 18.6054 
v -44.0542 4.85238 18.7179 
v -44.0542 4.81013 18.7179 
v -42.9117 4.81013 18.6054 
v -42.9458 4.85238 18.7179 
v -42.9117 4.85238 18.6054 
v -42.9458 4.85238 18.7179 
v -42.9117 4.81013 18.6054 
v -42.9458 4.81013 18.7179 

vn -0.984252 0 0.19685 
vn -0.96063 0 0.291339 
vn -0.984252 0 0.19685 
vn -0.96063 0 0.291339 
vn -0.984252 0.00787402 0.19685 
vn -0.96063 0 0.291339 
vn 0.984252 0 0.19685 
vn 0.96063 0 0.291339 
vn 0.984252 0 0.19685 
vn 0.984252 0.00787402 0.19685 
vn 0.96063 0 0.291339 
vn 0.96063 0 0.291339 
vn -1 0 0 
vn -0.984252 -0.00787402 0.19685 
vn -1 0 0 
vn -0.984252 0 0.19685 
vn -1 0.00787402 0 
vn -0.984252 0 0.19685 
vn 1 0 0 
vn 0.984252 -0.00787402 0.19685 
vn 1 0 0 
vn 1 0.00787402 0 
vn 0.984252 0 0.19685 
vn 0.984252 0 0.19685 
vn -0.984252 0 -0.19685 
vn -1 -0.00787402 0 
vn -0.984252 0 -0.19685 
vn -1 0 0 
vn -0.984252 0.00787402 -0.19685 
vn -1 0 0 
vn 0.984252 0 -0.19685 
vn 1 -0.00787402 0 
vn 0.984252 0 -0.19685 
vn 0.984252 0.00787402 -0.19685 
vn 1 0 0 
vn 1 0 0 
vn -0.92126 0 -0.385827 
vn -0.984252 -0.00787402 -0.19685 
vn -0.92126 0 -0.385827 
vn -0.984252 0 -0.19685 
vn -0.92126 0.00787402 -0.385827 
vn -0.984252 0 -0.19685 
vn 0.92126 0 -0.385827 
vn 0.984252 -0.00787402 -0.19685 
vn 0.92126 0 -0.385827 
vn 0.92126 0.00787402 -0.385827 
vn 0.984252 0 -0.19685 
vn 0.984252 0 -0.19685 
vn -0.834646 -0.00787402 -0.559055 
vn -0.826772 0 -0.566929 
vn -0.88189 0 -0.472441 
vn -0.834646 -0.00787402 -0.559055 
vn -0.88189 0 -0.472441 
vn -0.88189 0 -0.472441 
vn 0.834646 -0.00787402 -0.559055 
vn 0.88189 0 -0.472441 
vn 0.826772 0 -0.566929 
vn 0.88189 0 -0.472441 
vn 0.834646 -0.00787402 -0.559055 
vn 0.88189 0 -0.472441 
vn -0.88189 0 -0.472441 
vn -0.88189 0 -0.472441 
vn -0.92126 0.00787402 -0.385827 
vn -0.88189 0 -0.472441 
vn -0.92126 0.00787402 -0.385827 
vn -0.92126 0 -0.385827 
vn 0.88189 0 -0.472441 
vn 0.92126 0.00787402 -0.385827 
vn 0.88189 0 -0.472441 
vn 0.92126 0.00787402 -0.385827 
vn 0.88189 0 -0.472441 
vn 0.92126 0 -0.385827 
vn -0.708661 0 -0.708661 
vn -0.685039 0 -0.732283 
vn -0.771654 0 -0.637795 
vn -0.708661 -0.00787402 -0.708661 
vn -0.771654 0 -0.637795 
vn -0.771654 0 -0.637795 
vn -0.771654 0 -0.637795 
vn -0.771654 0 -0.637795 
vn -0.826772 0.00787402 -0.566929 
vn -0.771654 0 -0.637795 
vn -0.826772 0 -0.566929 
vn -0.834646 0 -0.559055 
vn 0.685039 0 -0.732283 
vn 0.708661 0 -0.708661 
vn 0.771654 0 -0.637795 
vn 0.771654 0 -0.637795 
vn 0.708661 -0.00787402 -0.708661 
vn 0.771654 0 -0.637795 
vn 0.771654 0 -0.637795 
vn 0.826772 0.00787402 -0.566929 
vn 0.771654 0 -0.637795 
vn 0.826772 0 -0.566929 
vn 0.771654 0 -0.637795 
vn 0.834646 0 -0.559055 
vn -0.385827 0 0.92126 
vn -0.385827 0 0.92126 
vn -0.385827 0 0.92126 
vn -0.385827 0 0.92126 
vn -0.385827 0 0.92126 
vn -0.385827 0 0.92126 
vn 0.385827 0 0.92126 
vn 0.385827 0 0.92126 
vn 0.385827 0 0.92126 
vn 0.385827 0 0.92126 
vn 0.385827 0 0.92126 
vn 0.385827 0 0.92126 
vn -0.559055 0 -0.834646 
vn -0.637795 0 -0.771654 
vn -0.637795 0 -0.771654 
vn -0.637795 0 -0.771654 
vn -0.559055 0 -0.834646 
vn -0.527559 0 -0.850394 
vn -0.685039 0 -0.732283 
vn -0.637795 0 -0.771654 
vn -0.637795 0 -0.771654 
vn -0.637795 0 -0.771654 
vn -0.685039 0 -0.732283 
vn -0.708661 0 -0.708661 
vn 0.559055 0 -0.834646 
vn 0.637795 0 -0.771654 
vn 0.527559 0 -0.850394 
vn 0.637795 0 -0.771654 
vn 0.559055 0 -0.834646 
vn 0.637795 0 -0.771654 
vn 0.637795 0 -0.771654 
vn 0.685039 0 -0.732283 
vn 0.637795 0 -0.771654 
vn 0.685039 0 -0.732283 
vn 0.637795 0 -0.771654 
vn 0.708661 0 -0.708661 
vn -0.559055 0 -0.834646 
vn -0.385827 0 -0.92126 
vn -0.527559 0 -0.850394 
vn -0.385827 0 -0.92126 
vn -0.559055 0 -0.834646 
vn -0.385827 0 -0.92126 
vn 0.385827 0 -0.92126 
vn 0.385827 0 -0.92126 
vn 0.559055 0 -0.834646 
vn 0.559055 0 -0.834646 
vn 0.527559 0 -0.850394 
vn 0.385827 0 -0.92126 
vn -0.519685 -0.755906 0.409449 
vn -0.582677 -0.700787 0.417323 
vn -0.582677 -0.700787 0.417323 
vn 0.519685 -0.755906 0.409449 
vn 0.582677 -0.700787 0.417323 
vn 0.582677 -0.700787 0.417323 
vn -0.338583 0 -0.937008 
vn -0.149606 0 -0.992126 
vn -0.338583 0 -0.937008 
vn -0.149606 0 -0.992126 
vn -0.149606 0 -0.992126 
vn -0.338583 0 -0.937008 
vn 0.149606 0 -0.992126 
vn 0.149606 0 -0.992126 
vn 0.338583 0 -0.937008 
vn 0.338583 0 -0.937008 
vn 0.338583 0 -0.937008 
vn 0.149606 0 -0.992126 
vn -0.574803 -0.700787 0.417323 
vn -0.511811 -0.755906 0.409449 
vn -0.519685 -0.748031 0.409449 
vn 0.574803 -0.700787 0.417323 
vn 0.519685 -0.748031 0.409449 
vn 0.511811 -0.755906 0.409449 
vn -0.244094 0.0314961 -0.968504 
vn -0.244094 0.0314961 -0.968504 
vn -0.338583 0.0314961 -0.937008 
vn 0.244094 0.0314961 -0.968504 
vn 0.338583 0.0314961 -0.937008 
vn 0.244094 0.0314961 -0.968504 
vn -0.133858 0.0314961 -0.992126 
vn -0.133858 0.0314961 -0.992126 
vn -0.133858 0.0314961 -0.992126 
vn 0.133858 0.0314961 -0.992126 
vn 0.133858 0.0314961 -0.992126 
vn 0.133858 0.0314961 -0.992126 
vn -0.0944882 0.023622 -0.992126 
vn -0.0944882 0.023622 -0.992126 
vn -0.0944882 0.023622 -0.992126 
vn 0.0944882 0.023622 -0.992126 
vn 0.0944882 0.023622 -0.992126 
vn 0.0944882 0.023622 -0.992126 
vn -0.19685 0 -0.984252 
vn -0.19685 0 -0.984252 
vn -0.0944882 0 -0.992126 
vn -0.0944882 0 -0.992126 
vn -0.0944882 0 -0.992126 
vn -0.0944882 0 -0.992126 
vn -0.0944882 0 -0.992126 
vn -0.0944882 0 -0.992126 
vn -0.0944882 0 -0.992126 
vn -0.0944882 0 -0.992126 
vn -0.0944882 0 -0.992126 
vn -0.0944882 0 -0.992126 
vn -0.0944882 0 -0.992126 
vn -0.0944882 0 -0.992126 
vn -0.0944882 0 -0.992126 
vn 0.0944882 0 -0.992126 
vn 0.0944882 0 -0.992126 
vn 0.0944882 0 -0.992126 
vn 0.0944882 0 -0.992126 
vn 0.0944882 0 -0.992126 
vn 0.0944882 0 -0.992126 
vn 0.0944882 0 -0.992126 
vn 0.0944882 0 -0.992126 
vn 0.0944882 0 -0.992126 
vn 0.0944882 0 -0.992126 
vn 0.0944882 0 -0.992126 
vn 0.0944882 0 -0.992126 
vn 0.19685 0 -0.984252 
vn 0.0944882 0 -0.992126 
vn 0.19685 0 -0.984252 
vn -0.0944882 0 -0.992126 
vn -0.0944882 0 -0.992126 
vn -0.0944882 0 -0.992126 
vn -0.0944882 0 -0.992126 
vn 0 0 -1 
vn -0.0944882 0 -0.992126 
vn 0 0 -1 
vn -0.0944882 0 -0.992126 
vn 0 0 -1 
vn 0.0944882 0 -0.992126 
vn 0 0 -1 
vn 0 0 -1 
vn 0 0 -1 
vn 0.0944882 0 -0.992126 
vn 0.0944882 0 -0.992126 
vn 0.0944882 0 -0.992126 
vn 0.0944882 0 -0.992126 
vn 0.0944882 0 -0.992126 
vn -0.362205 -0.866142 0.346457 
vn -0.496063 -0.771654 0.393701 
vn -0.496063 -0.771654 0.393701 
vn 0.496063 -0.771654 0.393701 
vn 0.362205 -0.866142 0.346457 
vn 0.496063 -0.771654 0.393701 
vn 0.173228 0.023622 -0.984252 
vn 0.173228 0.023622 -0.984252 
vn 0.173228 0.023622 -0.984252 
vn -0.173228 0.023622 -0.984252 
vn -0.173228 0.023622 -0.984252 
vn -0.173228 0.023622 -0.984252 
vn -0.496063 -0.771654 0.393701 
vn -0.362205 -0.866142 0.346457 
vn -0.362205 -0.866142 0.346457 
vn 0.362205 -0.866142 0.346457 
vn 0.496063 -0.771654 0.393701 
vn 0.362205 -0.866142 0.346457 
vn 0.275591 -0.913386 0.314961 
vn 0.393701 -0.84252 0.370079 
vn 0.393701 -0.84252 0.370079 
vn -0.275591 -0.913386 0.314961 
vn -0.393701 -0.84252 0.370079 
vn -0.393701 -0.84252 0.370079 
vn -0.015748 -1 0.00787402 
vn -0.015748 -1 0.00787402 
vn -0.015748 -1 0.00787402 
vn 0.015748 -1 0.00787402 
vn 0.015748 -1 0.00787402 
vn 0.015748 -1 0.00787402 
vn -0.015748 -1 0.00787402 
vn -0.015748 -1 0.00787402 
vn -0.015748 -1 0.00787402 
vn 0.015748 -1 0.00787402 
vn 0.015748 -1 0.00787402 
vn 0.015748 -1 0.00787402 
vn 0 -1 0 
vn 0 -1 0 
vn 0 -1 0 
vn 0 -1 0 
vn 0 -1 0 
vn 0 -1 0 
vn 0 -1 0 
vn 0 -1 0 
vn 0 -1 0 
vn 0 -1 0 
vn 0 -1 0 
vn 0 -1 0 
vn 0 -1 0 
vn 0 -1 0 
vn 0 -1 0 
vn 0 -1 0 
vn 0 -1 0 
vn 0 -1 0 
vn 0 -1 0 
vn 0 -1 0 
vn 0 -1 0 
vn 0 -1 0 
vn 0 -1 0 
vn 0 -1 0 
vn 0 -1 0 
vn 0 -1 0 
vn 0 -1 0 
vn 0 -1 0 
vn 0 -1 0 
vn 0 -1 0 
vn 0 -1 0 
vn 0 -1 0 
vn 0 -1 0 
vn 0 -1 0 
vn 0 -1 0 
vn 0 -1 0 
vn 0.385827 -0.84252 0.377953 
vn 0.267717 -0.905512 0.314961 
vn 0.267717 -0.905512 0.314961 
vn -0.385827 -0.84252 0.377953 
vn -0.267717 -0.905512 0.314961 
vn -0.267717 -0.905512 0.314961 
vn -0.141732 -0.968504 0.19685 
vn -0.244094 -0.929134 0.283465 
vn -0.244094 -0.929134 0.283465 
vn 0.141732 -0.968504 0.19685 
vn 0.244094 -0.929134 0.283465 
vn 0.244094 -0.929134 0.283465 
vn -0.244094 -0.929134 0.283465 
vn -0.141732 -0.968504 0.19685 
vn -0.141732 -0.968504 0.204724 
vn 0.141732 -0.968504 0.19685 
vn 0.244094 -0.929134 0.283465 
vn 0.141732 -0.968504 0.204724 
vn -0.023622 1 0.015748 
vn -0.023622 1 0.015748 
vn -0.023622 1 0.015748 
vn 0.023622 1 0.015748 
vn 0.023622 1 0.015748 
vn 0.023622 1 0.015748 
vn -0.023622 1 0.023622 
vn -0.023622 1 0.023622 
vn -0.023622 1 0.023622 
vn 0.023622 1 0.023622 
vn 0.023622 1 0.023622 
vn 0.023622 1 0.023622 
vn -0.141732 -0.968504 0.19685 
vn -0.0551181 -0.992126 0.0944882 
vn -0.141732 -0.968504 0.204724 
vn 0.0551181 -0.992126 0.0944882 
vn 0.141732 -0.968504 0.19685 
vn 0.141732 -0.968504 0.204724 
vn 0 1 0 
vn 0 1 0 
vn 0 1 0 
vn 0 1 0 
vn 0 1 0 
vn 0 1 0 
vn 0 1 0 
vn 0 1 0 
vn 0 1 0 
vn 0 1 0 
vn 0 1 0 
vn 0 1 0 
vn 0 1 0 
vn 0 1 0 
vn 0 1 0 
vn 0 1 0 
vn 0 1 0 
vn 0 1 0 
vn 0 1 0 
vn 0 1 0 
vn 0 1 0 
vn 0 1 0 
vn 0 1 0 
vn 0 1 0 
vn 0 1 0 
vn 0 1 0 
vn 0 1 0 
vn 0 1 0 
vn 0 1 0 
vn 0 1 0 
vn 0 1 0 
vn 0 1 0 
vn 0 1 0 
vn 0 1 0 
vn 0 1 0 
vn 0 1 0 
vn 0 1 0 
vn 0 1 0 
vn 0 1 0 
vn 0 1 0 
vn 0 1 0 
vn 0 1 0 
vn 0 1 0 
vn 0 1 0 
vn 0 1 0 
vn 0 1 0 
vn 0 1 0 
vn 0 1 0 
vn 0 1 0 
vn 0 1 0 
vn 0 1 0 
vn 0 1 0 
vn 0 1 0 
vn 0 1 0 
vn 0 1 0 
vn 0 1 0 
vn 0 1 0 
vn 0 1 0 
vn 0 1 0 
vn 0 1 0 
vn 0 1 0 
vn 0 1 0 
vn 0 1 0 
vn 0 1 0 
vn 0 1 0 
vn 0 1 0 
vn 0 1 0 
vn 0 1 0 
vn 0 1 0 
vn 0 1 0 
vn 0 1 0 
vn 0 1 0 
vn 0 1 0 
vn 0 1 0 
vn 0 1 0 
vn 0 1 0 
vn 0 1 0 
vn 0 1 0 
vn 0 1 0 
vn 0 1 0 
vn 0 1 0 
vn 0 1 0 
vn 0 1 0 
vn 0 1 0 
vn 0 1 0 
vn 0 1 0 
vn 0 1 0 
vn 0 1 0 
vn 0 1 0 
vn 0 1 0 
vn 0 1 0 
vn 0 1 0 
vn 0 1 0 
vn 0 1 0 
vn 0 1 0 
vn 0 1 0 
vn 0 1 0 
vn 0 1 0 
vn 0 1 0 
vn 0 1 0 
vn 0 1 0 
vn 0 1 0 
vn 0 1 0 
vn 0 1 0 
vn 0 1 0 
vn 0 1 0 
vn 0 1 0 
vn 0 1 0 
vn 0 1 0 
vn 0 1 0 
vn 0 1 0 
vn 0 1 0 
vn 0 1 0 
vn 0 1 0 
vn 0 1 0 
vn 0 1 0 
vn 0 1 0 
vn 0 1 0 
vn 0 1 0 
vn 0 1 0 
vn 0 1 0 
vn 0 1 0 
vn 0 1 0 
vn 0 1 0 
vn 0 1 0 
vn 0 1 0 
vn 0 1 0 
vn 0 1 0 
vn 0 1 0 
vn 0 1 0 
vn 0 1 0 
vn 0 1 0 
vn 0 1 0 
vn 0 1 0 
vn 0 1 0 
vn 0 1 0 
vn 0 1 0 
vn 0 1 0 
vn 0 1 0 
vn 0 1 0 
vn 0 1 0 
vn 0 1 0 
vn 0 1 0 
vn 0 1 0 
vn 0 1 0 
vn 0 1 0 
vn 0 1 0 
vn 0 1 0 
vn 0 1 0 
vn 0 1 0 
vn 0 1 0 
vn 0 1 0 
vn 0 1 0 
vn 0 1 0 
vn 0 1 0 
vn 0 1 0 
vn 0 1 0 
vn 0 1 0 
vn 0 1 0 
vn 0 1 0 
vn 0 1 0 
vn 0 1 0 
vn 0 1 0 
vn 0 1 0 
vn 0 1 0 
vn 0 1 0 
vn 0 1 0 
vn 0 1 0 
vn 0 1 0 
vn 0 1 0 
vn 0 1 0 
vn 0 1 0 
vn 0 1 0 
vn 0 1 0 
vn 0 1 0 
vn 0 1 0 
vn 0 1 0 
vn 0 1 0 
vn 0 1 0 
vn 0 1 0 
vn 0 1 0 
vn 0 1 0 
vn 0.015748 1 -0.00787402 
vn 0.015748 1 -0.00787402 
vn 0.015748 1 -0.00787402 
vn -0.015748 1 -0.00787402 
vn -0.015748 1 -0.00787402 
vn -0.015748 1 -0.00787402 
vn 0.015748 1 -0.00787402 
vn 0.015748 1 -0.00787402 
vn 0.015748 1 -0.00787402 
vn -0.015748 1 -0.00787402 
vn -0.015748 1 -0.00787402 
vn -0.015748 1 -0.00787402 
vn -0.0551181 -0.992126 0.0944882 
vn -0.00787402 -1 0.015748 
vn -0.00787402 -1 0.015748 
vn 0.00787402 -1 0.015748 
vn 0.0551181 -0.992126 0.0944882 
vn 0.00787402 -1 0.015748 
vn 0.779528 -0.629921 -0.0629921 
vn 0.779528 -0.629921 -0.0629921 
vn 0.929134 -0.354331 -0.0944882 
vn 0.929134 -0.354331 -0.0944882 
vn 0.779528 -0.629921 -0.0629921 
vn 0.929134 -0.354331 -0.0944882 
vn -0.929134 -0.354331 -0.0944882 
vn -0.779528 -0.629921 -0.0629921 
vn -0.779528 -0.629921 -0.0629921 
vn -0.779528 -0.629921 -0.0629921 
vn -0.929134 -0.354331 -0.0944882 
vn -0.929134 -0.354331 -0.0944882 
vn 0.976378 -0.188976 -0.0944882 
vn 0.929134 -0.354331 -0.0944882 
vn 0.929134 -0.354331 -0.0944882 
vn -0.976378 -0.188976 -0.0944882 
vn -0.929134 -0.354331 -0.0944882 
vn -0.929134 -0.354331 -0.0944882 
vn 0.779528 -0.629921 -0.0629921 
vn 0.622047 -0.779528 -0.0314961 
vn 0.779528 -0.629921 -0.0629921 
vn -0.622047 -0.779528 -0.0314961 
vn -0.779528 -0.629921 -0.0629921 
vn -0.779528 -0.629921 -0.0629921 
vn 0.976378 -0.188976 -0.0944882 
vn 0.929134 -0.354331 -0.0944882 
vn 0.976378 -0.188976 -0.0944882 
vn -0.929134 -0.354331 -0.0944882 
vn -0.976378 -0.188976 -0.0944882 
vn -0.976378 -0.188976 -0.0944882 
vn 0 -1 0 
vn 0 -1 0 
vn 0 -1 0 
vn 0 -1 0 
vn 0 -1 0 
vn 0 -1 0 
vn 0 -1 -0.00787402 
vn 0 -1 0 
vn 0 -1 0 
vn 0 -1 0 
vn 0 -1 0 
vn 0 -1 0 
vn 0 -1 0 
vn 0 -1 -0.00787402 
vn 0 -1 0 
vn 0 -1 0 
vn 0 -1 0 
vn 0 -1 0 
vn 0 -1 0 
vn 0 -1 0 
vn 0 -1 0 
vn 0 -1 0 
vn 0 -1 0 
vn 0 -1 0 
vn 0 -1 0 
vn 0 -1 0 
vn 0 -1 0 
vn 0 -1 0 
vn 0.976378 -0.173228 -0.0944882 
vn 0.968504 -0.23622 -0.0944882 
vn 0.968504 -0.23622 -0.0944882 
vn -0.976378 -0.173228 -0.0944882 
vn -0.968504 -0.23622 -0.0944882 
vn -0.968504 -0.23622 -0.0944882 
vn 0 -1 0 
vn 0 -1 -0.00787402 
vn 0 -1 -0.00787402 
vn 0 -1 0 
vn 0 -1 -0.00787402 
vn 0 -1 -0.00787402 
vn 0.00787402 -1 0.015748 
vn 0 -1 -0.00787402 
vn 0 -1 -0.00787402 
vn 0 -1 -0.00787402 
vn -0.00787402 -1 0.015748 
vn 0 -1 -0.00787402 
vn -0.00787402 -1 0.015748 
vn 0 -1 -0.00787402 
vn -0.00787402 -1 0.015748 
vn 0 -1 -0.00787402 
vn 0.00787402 -1 0.015748 
vn 0.00787402 -1 0.015748 
vn 0.984252 -0.181102 -0.0708661 
vn 0.968504 -0.244094 -0.0629921 
vn 0.984252 -0.181102 -0.0708661 
vn -0.968504 -0.244094 -0.0629921 
vn -0.984252 -0.181102 -0.0708661 
vn -0.984252 -0.181102 -0.0708661 
vn 0.622047 -0.779528 -0.0314961 
vn 0.622047 -0.779528 -0.0314961 
vn 0.779528 -0.629921 -0.0629921 
vn -0.779528 -0.629921 -0.0629921 
vn -0.622047 -0.779528 -0.0314961 
vn -0.622047 -0.779528 -0.0314961 
vn -0.0866142 0.0314961 0.992126 
vn -0.0866142 0.0314961 0.992126 
vn 0.015748 0.0314961 1 
vn -0.015748 0.0314961 1 
vn 0.0866142 0.0314961 0.992126 
vn 0.0866142 0.0314961 0.992126 
vn 0.0944882 0.023622 0.992126 
vn 0.0944882 0.023622 0.992126 
vn 0.0944882 0.023622 0.992126 
vn -0.0944882 0.023622 0.992126 
vn -0.0944882 0.023622 0.992126 
vn -0.0944882 0.023622 0.992126 
vn 0.19685 0 0.984252 
vn 0.0944882 0 0.992126 
vn 0.19685 0 0.984252 
vn 0.0944882 0 0.992126 
vn 0.0944882 0 0.992126 
vn 0.0944882 0 0.992126 
vn 0 0 1 
vn 0.102362 0 0.992126 
vn 0.102362 0 0.992126 
vn 0.102362 0 0.992126 
vn 0 -0.00787402 1 
vn 0 0 1 
vn 0 -0.00787402 1 
vn -0.102362 0 0.992126 
vn 0 0 1 
vn -0.102362 0 0.992126 
vn 0 0 1 
vn -0.102362 0 0.992126 
vn -0.0944882 0 0.992126 
vn -0.0944882 0 0.992126 
vn -0.0944882 0 0.992126 
vn -0.0944882 0 0.992126 
vn -0.19685 0 0.984252 
vn -0.19685 0 0.984252 
vn 0.133858 0.015748 0.992126 
vn 0.133858 0.015748 0.992126 
vn 0.133858 0.015748 0.992126 
vn 0.0944882 0 0.992126 
vn 0.0944882 0 0.992126 
vn 0.0944882 0 0.992126 
vn 0.0944882 0 0.992126 
vn 0.0944882 0 0.992126 
vn 0.0944882 0 0.992126 
vn 0.102362 0 0.992126 
vn 0.0944882 0 0.992126 
vn 0.0944882 0 0.992126 
vn 0.0944882 0 0.992126 
vn 0.102362 0 0.992126 
vn 0.102362 0 0.992126 
vn -0.102362 0 0.992126 
vn -0.102362 0 0.992126 
vn -0.0944882 0 0.992126 
vn -0.0944882 0 0.992126 
vn -0.0944882 0 0.992126 
vn -0.102362 0 0.992126 
vn -0.0944882 0 0.992126 
vn -0.0944882 0 0.992126 
vn -0.0944882 0 0.992126 
vn -0.0944882 0 0.992126 
vn -0.0944882 0 0.992126 
vn -0.0944882 0 0.992126 
vn -0.133858 0.015748 0.992126 
vn -0.133858 0.015748 0.992126 
vn -0.133858 0.015748 0.992126 
vn 0.275591 0.015748 0.96063 
vn 0.275591 0.015748 0.96063 
vn 0.275591 0.015748 0.96063 
vn -0.275591 0.015748 0.96063 
vn -0.275591 0.015748 0.96063 
vn -0.275591 0.015748 0.96063 
vn 0.149606 0 0.992126 
vn 0.338583 0 0.937008 
vn 0.338583 0 0.937008 
vn 0.338583 0 0.937008 
vn 0.149606 0 0.992126 
vn 0.149606 0 0.992126 
vn -0.149606 0 0.992126 
vn -0.338583 0 0.937008 
vn -0.149606 0 0.992126 
vn -0.338583 0 0.937008 
vn -0.338583 0 0.937008 
vn -0.149606 0 0.992126 
vn 0.385827 0 0.92126 
vn 0.559055 0 0.834646 
vn 0.527559 0 0.850394 
vn 0.559055 0 0.834646 
vn 0.385827 0 0.92126 
vn 0.385827 0 0.92126 
vn -0.385827 0 0.92126 
vn -0.559055 0 0.834646 
vn -0.385827 0 0.92126 
vn -0.527559 0 0.850394 
vn -0.559055 0 0.834646 
vn -0.385827 0 0.92126 
vn 0.637795 0 0.771654 
vn 0.685039 0 0.732283 
vn 0.637795 0 0.771654 
vn 0.685039 0 0.732283 
vn 0.637795 0 0.771654 
vn 0.708661 0 0.708661 
vn -0.685039 0 0.732283 
vn -0.637795 0 0.771654 
vn -0.637795 0 0.771654 
vn -0.637795 0 0.771654 
vn -0.685039 0 0.732283 
vn -0.708661 0 0.708661 
vn 0.637795 0 0.771654 
vn 0.559055 0 0.834646 
vn 0.637795 0 0.771654 
vn 0.559055 0 0.834646 
vn 0.637795 0 0.771654 
vn 0.527559 0 0.850394 
vn -0.637795 0 0.771654 
vn -0.559055 0 0.834646 
vn -0.527559 0 0.850394 
vn -0.559055 0 0.834646 
vn -0.637795 0 0.771654 
vn -0.637795 0 0.771654 
vn 0.771654 0 0.637795 
vn 0.826772 0 0.566929 
vn 0.771654 0 0.629921 
vn 0.826772 -0.00787402 0.566929 
vn 0.771654 0 0.637795 
vn 0.834646 0 0.559055 
vn -0.771654 0 0.637795 
vn -0.771654 0 0.629921 
vn -0.826772 0 0.566929 
vn -0.771654 0 0.637795 
vn -0.826772 -0.00787402 0.566929 
vn -0.834646 0 0.559055 
vn 0.685039 0.00787402 0.732283 
vn 0.708661 0.00787402 0.708661 
vn 0.771654 0 0.629921 
vn 0.771654 0 0.629921 
vn 0.708661 0 0.708661 
vn 0.771654 0 0.637795 
vn -0.708661 0.00787402 0.708661 
vn -0.685039 0.00787402 0.732283 
vn -0.771654 0 0.629921 
vn -0.708661 0 0.708661 
vn -0.771654 0 0.629921 
vn -0.771654 0 0.637795 
vn 0.88189 0 0.472441 
vn 0.92126 0 0.385827 
vn 0.88189 0 0.472441 
vn 0.92126 -0.015748 0.385827 
vn 0.88189 0 0.472441 
vn 0.92126 0 0.385827 
vn -0.88189 0 0.472441 
vn -0.88189 0 0.472441 
vn -0.92126 0 0.385827 
vn -0.88189 0 0.472441 
vn -0.92126 -0.015748 0.385827 
vn -0.92126 0 0.385827 
vn 0.834646 0.015748 0.559055 
vn 0.88189 0 0.472441 
vn 0.826772 0 0.566929 
vn 0.88189 0 0.472441 
vn 0.834646 0 0.559055 
vn 0.88189 0 0.472441 
vn -0.834646 0.015748 0.559055 
vn -0.826772 0 0.566929 
vn -0.88189 0 0.472441 
vn -0.834646 0 0.559055 
vn -0.88189 0 0.472441 
vn -0.88189 0 0.472441 
vn 0.92126 0 0.385827 
vn 0.984252 0 0.19685 
vn 0.92126 -0.00787402 0.385827 
vn 0.92126 0 0.385827 
vn 0.984252 0.00787402 0.19685 
vn 0.984252 0 0.19685 
vn -0.92126 -0.00787402 0.385827 
vn -0.984252 0 0.19685 
vn -0.92126 0 0.385827 
vn -0.984252 0.00787402 0.19685 
vn -0.92126 0 0.385827 
vn -0.984252 0 0.19685 
vn 0.984252 0.00787402 0.19685 
vn 1 0 0 
vn 0.984252 0 0.19685 
vn 1 -0.00787402 0 
vn 0.984252 0 0.19685 
vn 1 0 0 
vn -1 0 0 
vn -0.984252 0.00787402 0.19685 
vn -0.984252 0 0.19685 
vn -0.984252 0 0.19685 
vn -1 -0.00787402 0 
vn -1 0 0 
vn 1 0 0 
vn 0.984252 0 -0.19685 
vn 1 -0.00787402 0 
vn 1 0 0 
vn 0.984252 0.00787402 -0.19685 
vn 0.984252 0 -0.19685 
vn -1 -0.00787402 0 
vn -0.984252 0 -0.19685 
vn -1 0 0 
vn -0.984252 0.00787402 -0.19685 
vn -1 0 0 
vn -0.984252 0 -0.19685 
vn 0.984252 0 -0.19685 
vn 0.96063 0 -0.291339 
vn 0.984252 -0.00787402 -0.19685 
vn 0.984252 0 -0.19685 
vn 0.96063 0 -0.291339 
vn 0.96063 0 -0.291339 
vn -0.984252 -0.00787402 -0.19685 
vn -0.96063 0 -0.291339 
vn -0.984252 0 -0.19685 
vn -0.96063 0 -0.291339 
vn -0.984252 0 -0.19685 
vn -0.96063 0 -0.291339 

vt 0.985297 0.608297 
vt 0.978805 0.625725 
vt 0.978805 0.608297 
vt 0.978805 0.625725 
vt 0.985297 0.608297 
vt 0.985297 0.625725 
vt 0.963979 0.64214 
vt 0.963979 0.624713 
vt 0.970471 0.64214 
vt 0.970471 0.64214 
vt 0.963979 0.624713 
vt 0.970471 0.624713 
vt 0.985297 0.59087 
vt 0.978805 0.608297 
vt 0.978805 0.59087 
vt 0.978805 0.608297 
vt 0.985297 0.59087 
vt 0.985297 0.608297 
vt 0.963979 0.659568 
vt 0.963979 0.64214 
vt 0.970471 0.659568 
vt 0.970471 0.659568 
vt 0.963979 0.64214 
vt 0.970471 0.64214 
vt 0.985297 0.573442 
vt 0.978805 0.59087 
vt 0.978805 0.573442 
vt 0.978805 0.59087 
vt 0.985297 0.573442 
vt 0.985297 0.59087 
vt 0.963979 0.676995 
vt 0.963979 0.659568 
vt 0.970471 0.676995 
vt 0.970471 0.676995 
vt 0.963979 0.659568 
vt 0.970471 0.659568 
vt 0.985172 0.556015 
vt 0.978805 0.573442 
vt 0.978805 0.556015 
vt 0.978805 0.573442 
vt 0.985172 0.556015 
vt 0.985297 0.573442 
vt 0.963979 0.694423 
vt 0.963979 0.676995 
vt 0.970346 0.694423 
vt 0.970346 0.694423 
vt 0.963979 0.676995 
vt 0.970471 0.676995 
vt 0.978805 0.538587 
vt 0.986605 0.538587 
vt 0.985498 0.547301 
vt 0.978805 0.538587 
vt 0.985498 0.547301 
vt 0.978805 0.547301 
vt 0.963979 0.71185 
vt 0.970672 0.703136 
vt 0.97178 0.71185 
vt 0.970672 0.703136 
vt 0.963979 0.71185 
vt 0.963979 0.703136 
vt 0.978805 0.547301 
vt 0.985498 0.547301 
vt 0.985172 0.556015 
vt 0.978805 0.547301 
vt 0.985172 0.556015 
vt 0.978805 0.556015 
vt 0.963979 0.703136 
vt 0.970346 0.694423 
vt 0.970672 0.703136 
vt 0.970346 0.694423 
vt 0.963979 0.703136 
vt 0.963979 0.694423 
vt 0.978805 0.52116 
vt 0.992078 0.52116 
vt 0.988951 0.529874 
vt 0.978805 0.52116 
vt 0.988951 0.529874 
vt 0.978805 0.529874 
vt 0.978805 0.529874 
vt 0.988951 0.529874 
vt 0.986605 0.538587 
vt 0.978805 0.529874 
vt 0.986605 0.538587 
vt 0.978805 0.538587 
vt 0.977252 0.729277 
vt 0.963979 0.729277 
vt 0.974126 0.720564 
vt 0.974126 0.720564 
vt 0.963979 0.729277 
vt 0.963979 0.720564 
vt 0.963979 0.720564 
vt 0.97178 0.71185 
vt 0.974126 0.720564 
vt 0.97178 0.71185 
vt 0.963979 0.720564 
vt 0.963979 0.71185 
vt 0.970471 0.624713 
vt 0.963979 0.624713 
vt 0.970471 0.621864 
vt 0.970471 0.621864 
vt 0.963979 0.624713 
vt 0.963979 0.621864 
vt 0.985297 0.628574 
vt 0.978805 0.625725 
vt 0.985297 0.625725 
vt 0.978805 0.625725 
vt 0.985297 0.628574 
vt 0.978805 0.628574 
vt 0.951986 0.723529 
vt 0.956715 0.699492 
vt 0.956715 0.723529 
vt 0.956715 0.699492 
vt 0.951986 0.723529 
vt 0.951986 0.691033 
vt 0.961444 0.705952 
vt 0.956715 0.723529 
vt 0.956715 0.699492 
vt 0.956715 0.723529 
vt 0.961444 0.705952 
vt 0.961444 0.723529 
vt 0.895239 0.723529 
vt 0.89051 0.699492 
vt 0.895239 0.691033 
vt 0.89051 0.699492 
vt 0.895239 0.723529 
vt 0.89051 0.723529 
vt 0.89051 0.723529 
vt 0.885781 0.705952 
vt 0.89051 0.699492 
vt 0.885781 0.705952 
vt 0.89051 0.723529 
vt 0.885781 0.723529 
vt 0.951986 0.723529 
vt 0.942528 0.691033 
vt 0.951986 0.691033 
vt 0.942528 0.691033 
vt 0.951986 0.723529 
vt 0.942528 0.723529 
vt 0.904697 0.691033 
vt 0.904697 0.723529 
vt 0.895239 0.723529 
vt 0.895239 0.723529 
vt 0.895239 0.691033 
vt 0.904697 0.691033 
vt 0.948279 0.63111 
vt 0.946088 0.625311 
vt 0.948337 0.622727 
vt 0.948279 0.535689 
vt 0.948337 0.544073 
vt 0.946088 0.541489 
vt 0.942528 0.723529 
vt 0.93307 0.691033 
vt 0.942528 0.691033 
vt 0.93307 0.723529 
vt 0.93307 0.691033 
vt 0.942528 0.723529 
vt 0.914155 0.691033 
vt 0.914155 0.723529 
vt 0.904697 0.723529 
vt 0.904697 0.723529 
vt 0.904697 0.691033 
vt 0.914155 0.691033 
vt 0.948337 0.622727 
vt 0.950393 0.628132 
vt 0.948279 0.63111 
vt 0.948337 0.544073 
vt 0.948279 0.535689 
vt 0.950393 0.538668 
vt 0.930061 0.723529 
vt 0.930061 0.691033 
vt 0.93307 0.691033 
vt 0.917164 0.723529 
vt 0.914155 0.691033 
vt 0.917164 0.691033 
vt 0.927912 0.723529 
vt 0.927912 0.691033 
vt 0.930061 0.691033 
vt 0.919313 0.723529 
vt 0.917164 0.691033 
vt 0.919313 0.691033 
vt 0.930061 0.691033 
vt 0.930061 0.723529 
vt 0.927912 0.723529 
vt 0.917164 0.723529 
vt 0.917164 0.691033 
vt 0.919313 0.723529 
vt 0.93307 0.691033 
vt 0.93307 0.723529 
vt 0.930061 0.723529 
vt 0.927096 0.703742 
vt 0.927097 0.723529 
vt 0.926029 0.711551 
vt 0.926029 0.711551 
vt 0.927097 0.723529 
vt 0.926029 0.723529 
vt 0.926029 0.723529 
vt 0.924823 0.716261 
vt 0.926029 0.711551 
vt 0.924823 0.716261 
vt 0.926029 0.723529 
vt 0.924823 0.723529 
vt 0.921196 0.723529 
vt 0.922402 0.716261 
vt 0.922402 0.723529 
vt 0.922402 0.716261 
vt 0.921196 0.723529 
vt 0.921196 0.711551 
vt 0.920128 0.723529 
vt 0.921196 0.711551 
vt 0.921196 0.723529 
vt 0.920128 0.723529 
vt 0.920128 0.703742 
vt 0.921196 0.711551 
vt 0.914155 0.691033 
vt 0.917164 0.723529 
vt 0.914155 0.723529 
vt 0.927096 0.703742 
vt 0.927912 0.723529 
vt 0.927097 0.723529 
vt 0.924823 0.723529 
vt 0.923613 0.718007 
vt 0.924823 0.716261 
vt 0.923613 0.718007 
vt 0.924823 0.723529 
vt 0.923613 0.723529 
vt 0.922402 0.723529 
vt 0.923613 0.718007 
vt 0.923613 0.723529 
vt 0.923613 0.718007 
vt 0.922402 0.723529 
vt 0.922402 0.716261 
vt 0.919313 0.723529 
vt 0.920128 0.703742 
vt 0.920128 0.723529 
vt 0.95226 0.633084 
vt 0.948279 0.63111 
vt 0.950393 0.628132 
vt 0.948279 0.535689 
vt 0.95226 0.533716 
vt 0.950393 0.538668 
vt 0.927912 0.691033 
vt 0.927912 0.723529 
vt 0.927096 0.703742 
vt 0.919313 0.723529 
vt 0.919313 0.691033 
vt 0.920128 0.703742 
vt 0.948279 0.63111 
vt 0.95226 0.633084 
vt 0.950233 0.636281 
vt 0.95226 0.533716 
vt 0.948279 0.535689 
vt 0.950233 0.530519 
vt 0.903132 0.623207 
vt 0.909367 0.627848 
vt 0.905429 0.632585 
vt 0.923113 0.534487 
vt 0.925816 0.525521 
vt 0.92953 0.530889 
vt 0.946088 0.625311 
vt 0.943611 0.615873 
vt 0.94605 0.61404 
vt 0.946088 0.541489 
vt 0.94605 0.55276 
vt 0.943611 0.550927 
vt 0.94605 0.61404 
vt 0.948337 0.622727 
vt 0.946088 0.625311 
vt 0.94605 0.55276 
vt 0.946088 0.541489 
vt 0.948337 0.544073 
vt 0.944704 0.604756 
vt 0.94605 0.61404 
vt 0.943611 0.615873 
vt 0.943611 0.615873 
vt 0.942127 0.605635 
vt 0.944704 0.604756 
vt 0.941986 0.602203 
vt 0.944704 0.604756 
vt 0.942127 0.605635 
vt 0.944704 0.604756 
vt 0.941986 0.602203 
vt 0.944595 0.601816 
vt 0.941893 0.599869 
vt 0.944502 0.599482 
vt 0.941986 0.602203 
vt 0.941986 0.602203 
vt 0.944502 0.599482 
vt 0.944595 0.601816 
vt 0.943611 0.550927 
vt 0.944704 0.562044 
vt 0.942127 0.561164 
vt 0.944704 0.562044 
vt 0.943611 0.550927 
vt 0.94605 0.55276 
vt 0.944704 0.562044 
vt 0.941986 0.564597 
vt 0.942127 0.561164 
vt 0.941986 0.564597 
vt 0.944704 0.562044 
vt 0.944595 0.564984 
vt 0.941986 0.564597 
vt 0.944502 0.567318 
vt 0.941893 0.566931 
vt 0.944502 0.567318 
vt 0.941986 0.564597 
vt 0.944595 0.564984 
vt 0.909367 0.627848 
vt 0.903132 0.623207 
vt 0.907329 0.619389 
vt 0.92953 0.530889 
vt 0.927126 0.538982 
vt 0.923113 0.534487 
vt 0.924734 0.546907 
vt 0.923113 0.534487 
vt 0.927126 0.538982 
vt 0.905295 0.611098 
vt 0.907329 0.619389 
vt 0.903132 0.623207 
vt 0.923113 0.534487 
vt 0.924734 0.546907 
vt 0.92055 0.543039 
vt 0.905295 0.611098 
vt 0.903132 0.623207 
vt 0.900955 0.614264 
vt 0.937516 0.533798 
vt 0.938024 0.543487 
vt 0.935024 0.539453 
vt 0.936561 0.629447 
vt 0.934184 0.62361 
vt 0.937261 0.619803 
vt 0.938024 0.543487 
vt 0.937516 0.533798 
vt 0.940296 0.53838 
vt 0.937261 0.619803 
vt 0.93943 0.625075 
vt 0.936561 0.629447 
vt 0.924734 0.546907 
vt 0.918908 0.552079 
vt 0.92055 0.543039 
vt 0.899719 0.604986 
vt 0.905295 0.611098 
vt 0.900955 0.614264 
vt 0.928114 0.579226 
vt 0.931648 0.581421 
vt 0.927994 0.581285 
vt 0.927994 0.581285 
vt 0.931648 0.581421 
vt 0.928073 0.583352 
vt 0.931648 0.581421 
vt 0.928114 0.579226 
vt 0.931744 0.580053 
vt 0.931269 0.552412 
vt 0.932466 0.568048 
vt 0.928895 0.566537 
vt 0.932466 0.568048 
vt 0.931269 0.552412 
vt 0.934618 0.555239 
vt 0.937516 0.533798 
vt 0.942551 0.533244 
vt 0.940296 0.53838 
vt 0.942551 0.533244 
vt 0.937516 0.533798 
vt 0.940017 0.528158 
vt 0.917708 0.627277 
vt 0.911606 0.623541 
vt 0.915771 0.619593 
vt 0.913807 0.611934 
vt 0.915771 0.619593 
vt 0.911606 0.623541 
vt 0.911606 0.623541 
vt 0.917708 0.627277 
vt 0.913764 0.631994 
vt 0.913807 0.611934 
vt 0.911606 0.623541 
vt 0.909462 0.615075 
vt 0.913807 0.611934 
vt 0.9082 0.605971 
vt 0.912683 0.603668 
vt 0.91153 0.595416 
vt 0.912683 0.603668 
vt 0.9082 0.605971 
vt 0.9082 0.605971 
vt 0.913807 0.611934 
vt 0.909462 0.615075 
vt 0.91153 0.595416 
vt 0.9082 0.605971 
vt 0.906952 0.59686 
vt 0.910967 0.578358 
vt 0.91153 0.595416 
vt 0.906952 0.59686 
vt 0.906952 0.59686 
vt 0.90633 0.57805 
vt 0.910967 0.578358 
vt 0.907621 0.559366 
vt 0.910967 0.578358 
vt 0.90633 0.57805 
vt 0.910967 0.578358 
vt 0.907621 0.559366 
vt 0.912137 0.561416 
vt 0.914997 0.54524 
vt 0.912137 0.561416 
vt 0.907621 0.559366 
vt 0.907621 0.559366 
vt 0.910774 0.541529 
vt 0.914997 0.54524 
vt 0.914997 0.54524 
vt 0.915669 0.525221 
vt 0.919436 0.530452 
vt 0.915669 0.525221 
vt 0.914997 0.54524 
vt 0.910774 0.541529 
vt 0.932466 0.568048 
vt 0.928597 0.571312 
vt 0.928895 0.566537 
vt 0.928597 0.571312 
vt 0.932466 0.568048 
vt 0.932227 0.572139 
vt 0.928597 0.571312 
vt 0.932029 0.575387 
vt 0.928399 0.57456 
vt 0.931954 0.576618 
vt 0.928324 0.575791 
vt 0.931855 0.57823 
vt 0.932029 0.575387 
vt 0.928597 0.571312 
vt 0.932227 0.572139 
vt 0.928324 0.575791 
vt 0.931855 0.57823 
vt 0.928225 0.577403 
vt 0.931744 0.580053 
vt 0.928114 0.579226 
vt 0.931744 0.580053 
vt 0.928225 0.577403 
vt 0.931855 0.57823 
vt 0.928073 0.583352 
vt 0.931648 0.581421 
vt 0.931716 0.582796 
vt 0.932198 0.594846 
vt 0.934093 0.607806 
vt 0.93069 0.610381 
vt 0.93069 0.610381 
vt 0.9286 0.596089 
vt 0.932198 0.594846 
vt 0.941581 0.630375 
vt 0.936561 0.629447 
vt 0.93943 0.625075 
vt 0.936561 0.629447 
vt 0.941581 0.630375 
vt 0.938947 0.635269 
vt 0.901117 0.531792 
vt 0.898991 0.539288 
vt 0.894929 0.534958 
vt 0.896839 0.546756 
vt 0.894929 0.534958 
vt 0.898991 0.539288 
vt 0.894929 0.534958 
vt 0.897295 0.526714 
vt 0.901117 0.531792 
vt 0.894929 0.534958 
vt 0.896839 0.546756 
vt 0.892577 0.543215 
vt 0.896839 0.546756 
vt 0.895511 0.554908 
vt 0.89109 0.552192 
vt 0.894155 0.563043 
vt 0.89109 0.552192 
vt 0.895511 0.554908 
vt 0.896839 0.546756 
vt 0.89109 0.552192 
vt 0.892577 0.543215 
vt 0.89109 0.552192 
vt 0.894155 0.563043 
vt 0.889617 0.561177 
vt 0.893168 0.580029 
vt 0.889617 0.561177 
vt 0.894155 0.563043 
vt 0.889617 0.561177 
vt 0.893168 0.580029 
vt 0.888529 0.579908 
vt 0.893168 0.580029 
vt 0.889354 0.598689 
vt 0.888529 0.579908 
vt 0.889354 0.598689 
vt 0.893168 0.580029 
vt 0.893916 0.597061 
vt 0.889354 0.598689 
vt 0.89637 0.613483 
vt 0.89206 0.616799 
vt 0.89637 0.613483 
vt 0.889354 0.598689 
vt 0.893916 0.597061 
vt 0.89637 0.613483 
vt 0.896544 0.633541 
vt 0.89206 0.616799 
vt 0.896544 0.633541 
vt 0.89637 0.613483 
vt 0.900436 0.628666 
vt 0.928398 0.591296 
vt 0.932198 0.594846 
vt 0.9286 0.596089 
vt 0.932198 0.594846 
vt 0.928398 0.591296 
vt 0.932042 0.59074 
vt 0.928264 0.588036 
vt 0.931908 0.58748 
vt 0.928398 0.591296 
vt 0.928214 0.5868 
vt 0.931857 0.586244 
vt 0.928147 0.585182 
vt 0.931791 0.584626 
vt 0.928073 0.583352 
vt 0.931716 0.582796 
vt 0.928398 0.591296 
vt 0.931908 0.58748 
vt 0.932042 0.59074 
vt 0.928264 0.588036 
vt 0.931857 0.586244 
vt 0.931908 0.58748 
vt 0.928147 0.585182 
vt 0.931716 0.582796 
vt 0.931791 0.584626 
vt 0.928214 0.5868 
vt 0.931791 0.584626 
vt 0.931857 0.586244 
vt 0.934618 0.555239 
vt 0.935024 0.539453 
vt 0.938024 0.543487 
vt 0.934093 0.607806 
vt 0.937261 0.619803 
vt 0.934184 0.62361 
vt 0.935024 0.539453 
vt 0.934618 0.555239 
vt 0.931269 0.552412 
vt 0.934184 0.62361 
vt 0.93069 0.610381 
vt 0.934093 0.607806 
vt 0.918908 0.552079 
vt 0.921816 0.563105 
vt 0.917308 0.56099 
vt 0.903103 0.594479 
vt 0.899719 0.604986 
vt 0.898518 0.595845 
vt 0.941308 0.58517 
vt 0.943917 0.584782 
vt 0.941426 0.588125 
vt 0.941426 0.588125 
vt 0.943917 0.584782 
vt 0.944035 0.587738 
vt 0.941426 0.578675 
vt 0.943917 0.582018 
vt 0.941308 0.58163 
vt 0.943917 0.582018 
vt 0.941426 0.578675 
vt 0.944035 0.579062 
vt 0.941606 0.592667 
vt 0.941426 0.588125 
vt 0.944035 0.587738 
vt 0.941606 0.574133 
vt 0.944035 0.579062 
vt 0.941426 0.578675 
vt 0.941308 0.58517 
vt 0.943855 0.5834 
vt 0.943917 0.584782 
vt 0.943855 0.5834 
vt 0.941308 0.58163 
vt 0.943917 0.582018 
vt 0.941606 0.592667 
vt 0.944035 0.587738 
vt 0.944216 0.59228 
vt 0.944035 0.579062 
vt 0.941606 0.574133 
vt 0.944216 0.57452 
vt 0.916513 0.598478 
vt 0.923317 0.613638 
vt 0.918962 0.616724 
vt 0.923317 0.613638 
vt 0.916513 0.598478 
vt 0.921096 0.597091 
vt 0.915954 0.579661 
vt 0.923317 0.613638 
vt 0.923207 0.633697 
vt 0.918962 0.616724 
vt 0.923207 0.633697 
vt 0.923317 0.613638 
vt 0.927166 0.629029 
vt 0.897993 0.577018 
vt 0.899381 0.558362 
vt 0.903886 0.560498 
vt 0.906829 0.544378 
vt 0.903886 0.560498 
vt 0.899381 0.558362 
vt 0.899381 0.558362 
vt 0.902626 0.540585 
vt 0.906829 0.544378 
vt 0.906829 0.544378 
vt 0.907605 0.524373 
vt 0.911344 0.529676 
vt 0.907605 0.524373 
vt 0.906829 0.544378 
vt 0.902626 0.540585 
vt 0.941893 0.599869 
vt 0.941606 0.592667 
vt 0.944216 0.59228 
vt 0.941893 0.566931 
vt 0.944216 0.57452 
vt 0.941606 0.574133 
vt 0.903886 0.560498 
vt 0.902628 0.577419 
vt 0.897993 0.577018 
vt 0.921096 0.597091 
vt 0.915954 0.579661 
vt 0.92059 0.580025 
vt 0.903103 0.594479 
vt 0.897993 0.577018 
vt 0.902628 0.577419 
vt 0.915954 0.579661 
vt 0.921816 0.563105 
vt 0.92059 0.580025 
vt 0.921816 0.563105 
vt 0.915954 0.579661 
vt 0.917308 0.56099 
vt 0.897993 0.577018 
vt 0.903103 0.594479 
vt 0.898518 0.595845 
vt 0.941893 0.599869 
vt 0.944216 0.59228 
vt 0.944502 0.599482 
vt 0.944216 0.57452 
vt 0.941893 0.566931 
vt 0.944502 0.567318 
vt 0.941239 0.5834 
vt 0.943855 0.5834 
vt 0.941308 0.58517 
vt 0.941308 0.58163 
vt 0.943855 0.5834 
vt 0.941239 0.5834 
vt 0.918344 0.650283 
vt 0.918344 0.682779 
vt 0.915486 0.650283 
vt 0.933796 0.650283 
vt 0.930938 0.682779 
vt 0.930938 0.650283 
vt 0.918344 0.650283 
vt 0.920493 0.682779 
vt 0.918344 0.682779 
vt 0.928788 0.682779 
vt 0.930938 0.650283 
vt 0.930938 0.682779 
vt 0.915486 0.650283 
vt 0.918344 0.682779 
vt 0.915486 0.682779 
vt 0.920493 0.682779 
vt 0.921308 0.662992 
vt 0.921308 0.682779 
vt 0.924641 0.677257 
vt 0.923582 0.682779 
vt 0.923582 0.675511 
vt 0.923582 0.682779 
vt 0.924641 0.677257 
vt 0.924641 0.682779 
vt 0.924641 0.677257 
vt 0.9257 0.682779 
vt 0.924641 0.682779 
vt 0.9257 0.682779 
vt 0.924641 0.677257 
vt 0.9257 0.675511 
vt 0.927974 0.682779 
vt 0.927974 0.662992 
vt 0.928788 0.682779 
vt 0.930938 0.682779 
vt 0.933796 0.650283 
vt 0.933796 0.682779 
vt 0.920493 0.650283 
vt 0.920493 0.682779 
vt 0.918344 0.650283 
vt 0.921308 0.682779 
vt 0.921308 0.662992 
vt 0.922376 0.670801 
vt 0.921308 0.682779 
vt 0.922376 0.670801 
vt 0.922376 0.682779 
vt 0.923582 0.675511 
vt 0.922376 0.682779 
vt 0.922376 0.670801 
vt 0.922376 0.682779 
vt 0.923582 0.675511 
vt 0.923582 0.682779 
vt 0.9257 0.682779 
vt 0.9257 0.675511 
vt 0.926906 0.682779 
vt 0.926906 0.670801 
vt 0.926906 0.682779 
vt 0.9257 0.675511 
vt 0.926906 0.682779 
vt 0.926906 0.670801 
vt 0.927974 0.682779 
vt 0.927974 0.662992 
vt 0.927974 0.682779 
vt 0.926906 0.670801 
vt 0.930938 0.650283 
vt 0.928788 0.682779 
vt 0.928788 0.650283 
vt 0.920493 0.682779 
vt 0.920493 0.650283 
vt 0.921308 0.662992 
vt 0.928788 0.650283 
vt 0.928788 0.682779 
vt 0.927974 0.662992 
vt 0.915486 0.650283 
vt 0.906332 0.682779 
vt 0.906332 0.650283 
vt 0.906332 0.682779 
vt 0.915486 0.650283 
vt 0.915486 0.682779 
vt 0.933796 0.650283 
vt 0.94295 0.682779 
vt 0.933796 0.682779 
vt 0.94295 0.650283 
vt 0.94295 0.682779 
vt 0.933796 0.650283 
vt 0.906332 0.650283 
vt 0.897177 0.682779 
vt 0.89713 0.650283 
vt 0.897177 0.682779 
vt 0.906332 0.650283 
vt 0.906332 0.682779 
vt 0.94295 0.650283 
vt 0.952105 0.682779 
vt 0.94295 0.682779 
vt 0.952152 0.650283 
vt 0.952105 0.682779 
vt 0.94295 0.650283 
vt 0.8926 0.682779 
vt 0.887975 0.665203 
vt 0.892599 0.658742 
vt 0.887975 0.665203 
vt 0.8926 0.682779 
vt 0.888022 0.682779 
vt 0.961307 0.665202 
vt 0.956683 0.682779 
vt 0.956683 0.658742 
vt 0.956683 0.682779 
vt 0.961307 0.665202 
vt 0.96126 0.682779 
vt 0.892599 0.658742 
vt 0.897177 0.682779 
vt 0.8926 0.682779 
vt 0.897177 0.682779 
vt 0.892599 0.658742 
vt 0.89713 0.650283 
vt 0.956683 0.658742 
vt 0.952105 0.682779 
vt 0.952152 0.650283 
vt 0.952105 0.682779 
vt 0.956683 0.658742 
vt 0.956683 0.682779 
vt 0.978805 0.721353 
vt 0.986605 0.712877 
vt 0.988951 0.721353 
vt 0.986605 0.712877 
vt 0.978805 0.721353 
vt 0.978805 0.712918 
vt 0.963979 0.529085 
vt 0.974126 0.529085 
vt 0.97178 0.53756 
vt 0.963979 0.529085 
vt 0.97178 0.53756 
vt 0.963979 0.537519 
vt 0.992078 0.7297 
vt 0.978805 0.729787 
vt 0.988951 0.721353 
vt 0.988951 0.721353 
vt 0.978805 0.729787 
vt 0.978805 0.721353 
vt 0.963979 0.52065 
vt 0.977252 0.520737 
vt 0.974126 0.529085 
vt 0.963979 0.52065 
vt 0.974126 0.529085 
vt 0.963979 0.529085 
vt 0.978805 0.704484 
vt 0.985172 0.696046 
vt 0.985498 0.704484 
vt 0.985172 0.696046 
vt 0.978805 0.704484 
vt 0.978805 0.69605 
vt 0.963979 0.545954 
vt 0.970672 0.545954 
vt 0.970346 0.554391 
vt 0.963979 0.545954 
vt 0.970346 0.554391 
vt 0.963979 0.554388 
vt 0.978805 0.712918 
vt 0.985498 0.704484 
vt 0.986605 0.712877 
vt 0.985498 0.704484 
vt 0.978805 0.712918 
vt 0.978805 0.704484 
vt 0.963979 0.537519 
vt 0.97178 0.53756 
vt 0.970672 0.545954 
vt 0.963979 0.537519 
vt 0.970672 0.545954 
vt 0.963979 0.545954 
vt 0.978805 0.69605 
vt 0.978805 0.679181 
vt 0.985172 0.696046 
vt 0.985172 0.696046 
vt 0.978805 0.679181 
vt 0.985297 0.679182 
vt 0.970346 0.554391 
vt 0.963979 0.571257 
vt 0.963979 0.554388 
vt 0.963979 0.571257 
vt 0.970346 0.554391 
vt 0.970471 0.571256 
vt 0.978805 0.679181 
vt 0.985297 0.662312 
vt 0.985297 0.679182 
vt 0.985297 0.662312 
vt 0.978805 0.679181 
vt 0.978805 0.662312 
vt 0.970471 0.588126 
vt 0.963979 0.571257 
vt 0.970471 0.571256 
vt 0.963979 0.571257 
vt 0.970471 0.588126 
vt 0.963979 0.588126 
vt 0.978805 0.662312 
vt 0.978805 0.645443 
vt 0.985297 0.662312 
vt 0.985297 0.662312 
vt 0.978805 0.645443 
vt 0.985297 0.645443 
vt 0.970471 0.588126 
vt 0.963979 0.604995 
vt 0.963979 0.588126 
vt 0.963979 0.604995 
vt 0.970471 0.588126 
vt 0.970471 0.604995 
vt 0.978805 0.645443 
vt 0.978805 0.628574 
vt 0.985297 0.645443 
vt 0.985297 0.645443 
vt 0.978805 0.628574 
vt 0.985297 0.628574 
vt 0.970471 0.604995 
vt 0.963979 0.621864 
vt 0.963979 0.604995 
vt 0.963979 0.621864 
vt 0.970471 0.604995 
vt 0.970471 0.621864 

usemtl Handle1Mtl

f 3425/3425/3425 3426/3426/3426 3427/3427/3427 
f 3428/3428/3428 3429/3429/3429 3430/3430/3430 
f 3431/3431/3431 3432/3432/3432 3433/3433/3433 
f 3434/3434/3434 3435/3435/3435 3436/3436/3436 
f 3437/3437/3437 3438/3438/3438 3439/3439/3439 
f 3440/3440/3440 3441/3441/3441 3442/3442/3442 
f 3443/3443/3443 3444/3444/3444 3445/3445/3445 
f 3446/3446/3446 3447/3447/3447 3448/3448/3448 
f 3449/3449/3449 3450/3450/3450 3451/3451/3451 
f 3452/3452/3452 3453/3453/3453 3454/3454/3454 
f 3455/3455/3455 3456/3456/3456 3457/3457/3457 
f 3458/3458/3458 3459/3459/3459 3460/3460/3460 
f 3461/3461/3461 3462/3462/3462 3463/3463/3463 
f 3464/3464/3464 3465/3465/3465 3466/3466/3466 
f 3467/3467/3467 3468/3468/3468 3469/3469/3469 
f 3470/3470/3470 3471/3471/3471 3472/3472/3472 
f 3473/3473/3473 3474/3474/3474 3475/3475/3475 
f 3476/3476/3476 3477/3477/3477 3478/3478/3478 
f 3479/3479/3479 3480/3480/3480 3481/3481/3481 
f 3482/3482/3482 3483/3483/3483 3484/3484/3484 
f 3485/3485/3485 3486/3486/3486 3487/3487/3487 
f 3488/3488/3488 3489/3489/3489 3490/3490/3490 
f 3491/3491/3491 3492/3492/3492 3493/3493/3493 
f 3494/3494/3494 3495/3495/3495 3496/3496/3496 
f 3497/3497/3497 3498/3498/3498 3499/3499/3499 
f 3500/3500/3500 3501/3501/3501 3502/3502/3502 
f 3503/3503/3503 3504/3504/3504 3505/3505/3505 
f 3506/3506/3506 3507/3507/3507 3508/3508/3508 
f 3509/3509/3509 3510/3510/3510 3511/3511/3511 
f 3512/3512/3512 3513/3513/3513 3514/3514/3514 
f 3515/3515/3515 3516/3516/3516 3517/3517/3517 
f 3518/3518/3518 3519/3519/3519 3520/3520/3520 
f 3521/3521/3521 3522/3522/3522 3523/3523/3523 
f 3524/3524/3524 3525/3525/3525 3526/3526/3526 
f 3527/3527/3527 3528/3528/3528 3529/3529/3529 
f 3530/3530/3530 3531/3531/3531 3532/3532/3532 
f 3533/3533/3533 3534/3534/3534 3535/3535/3535 
f 3536/3536/3536 3537/3537/3537 3538/3538/3538 
f 3539/3539/3539 3540/3540/3540 3541/3541/3541 
f 3542/3542/3542 3543/3543/3543 3544/3544/3544 
f 3545/3545/3545 3546/3546/3546 3547/3547/3547 
f 3548/3548/3548 3549/3549/3549 3550/3550/3550 
f 3551/3551/3551 3552/3552/3552 3553/3553/3553 
f 3554/3554/3554 3555/3555/3555 3556/3556/3556 
f 3557/3557/3557 3558/3558/3558 3559/3559/3559 
f 3560/3560/3560 3561/3561/3561 3562/3562/3562 
f 3563/3563/3563 3564/3564/3564 3565/3565/3565 
f 3566/3566/3566 3567/3567/3567 3568/3568/3568 
f 3569/3569/3569 3570/3570/3570 3571/3571/3571 
f 3572/3572/3572 3573/3573/3573 3574/3574/3574 
f 3575/3575/3575 3576/3576/3576 3577/3577/3577 
f 3578/3578/3578 3579/3579/3579 3580/3580/3580 
f 3581/3581/3581 3582/3582/3582 3583/3583/3583 
f 3584/3584/3584 3585/3585/3585 3586/3586/3586 
f 3587/3587/3587 3588/3588/3588 3589/3589/3589 
f 3590/3590/3590 3591/3591/3591 3592/3592/3592 
f 3593/3593/3593 3594/3594/3594 3595/3595/3595 
f 3596/3596/3596 3597/3597/3597 3598/3598/3598 
f 3599/3599/3599 3600/3600/3600 3601/3601/3601 
f 3602/3602/3602 3603/3603/3603 3604/3604/3604 
f 3605/3605/3605 3606/3606/3606 3607/3607/3607 
f 3608/3608/3608 3609/3609/3609 3610/3610/3610 
f 3611/3611/3611 3612/3612/3612 3613/3613/3613 
f 3614/3614/3614 3615/3615/3615 3616/3616/3616 
f 3617/3617/3617 3618/3618/3618 3619/3619/3619 
f 3620/3620/3620 3621/3621/3621 3622/3622/3622 
f 3623/3623/3623 3624/3624/3624 3625/3625/3625 
f 3626/3626/3626 3627/3627/3627 3628/3628/3628 
f 3629/3629/3629 3630/3630/3630 3631/3631/3631 
f 3632/3632/3632 3633/3633/3633 3634/3634/3634 
f 3635/3635/3635 3636/3636/3636 3637/3637/3637 
f 3638/3638/3638 3639/3639/3639 3640/3640/3640 
f 3641/3641/3641 3642/3642/3642 3643/3643/3643 
f 3644/3644/3644 3645/3645/3645 3646/3646/3646 
f 3647/3647/3647 3648/3648/3648 3649/3649/3649 
f 3650/3650/3650 3651/3651/3651 3652/3652/3652 
f 3653/3653/3653 3654/3654/3654 3655/3655/3655 
f 3656/3656/3656 3657/3657/3657 3658/3658/3658 
f 3659/3659/3659 3660/3660/3660 3661/3661/3661 
f 3662/3662/3662 3663/3663/3663 3664/3664/3664 
f 3665/3665/3665 3666/3666/3666 3667/3667/3667 
f 3668/3668/3668 3669/3669/3669 3670/3670/3670 
f 3671/3671/3671 3672/3672/3672 3673/3673/3673 
f 3674/3674/3674 3675/3675/3675 3676/3676/3676 
f 3677/3677/3677 3678/3678/3678 3679/3679/3679 
f 3680/3680/3680 3681/3681/3681 3682/3682/3682 
f 3683/3683/3683 3684/3684/3684 3685/3685/3685 
f 3686/3686/3686 3687/3687/3687 3688/3688/3688 
f 3689/3689/3689 3690/3690/3690 3691/3691/3691 
f 3692/3692/3692 3693/3693/3693 3694/3694/3694 
f 3695/3695/3695 3696/3696/3696 3697/3697/3697 
f 3698/3698/3698 3699/3699/3699 3700/3700/3700 
f 3701/3701/3701 3702/3702/3702 3703/3703/3703 
f 3704/3704/3704 3705/3705/3705 3706/3706/3706 
f 3707/3707/3707 3708/3708/3708 3709/3709/3709 
f 3710/3710/3710 3711/3711/3711 3712/3712/3712 
f 3713/3713/3713 3714/3714/3714 3715/3715/3715 
f 3716/3716/3716 3717/3717/3717 3718/3718/3718 
f 3719/3719/3719 3720/3720/3720 3721/3721/3721 
f 3722/3722/3722 3723/3723/3723 3724/3724/3724 
f 3725/3725/3725 3726/3726/3726 3727/3727/3727 
f 3728/3728/3728 3729/3729/3729 3730/3730/3730 
f 3731/3731/3731 3732/3732/3732 3733/3733/3733 
f 3734/3734/3734 3735/3735/3735 3736/3736/3736 
f 3737/3737/3737 3738/3738/3738 3739/3739/3739 
f 3740/3740/3740 3741/3741/3741 3742/3742/3742 
f 3743/3743/3743 3744/3744/3744 3745/3745/3745 
f 3746/3746/3746 3747/3747/3747 3748/3748/3748 
f 3749/3749/3749 3750/3750/3750 3751/3751/3751 
f 3752/3752/3752 3753/3753/3753 3754/3754/3754 
f 3755/3755/3755 3756/3756/3756 3757/3757/3757 
f 3758/3758/3758 3759/3759/3759 3760/3760/3760 
f 3761/3761/3761 3762/3762/3762 3763/3763/3763 
f 3764/3764/3764 3765/3765/3765 3766/3766/3766 
f 3767/3767/3767 3768/3768/3768 3769/3769/3769 
f 3770/3770/3770 3771/3771/3771 3772/3772/3772 
f 3773/3773/3773 3774/3774/3774 3775/3775/3775 
f 3776/3776/3776 3777/3777/3777 3778/3778/3778 
f 3779/3779/3779 3780/3780/3780 3781/3781/3781 
f 3782/3782/3782 3783/3783/3783 3784/3784/3784 
f 3785/3785/3785 3786/3786/3786 3787/3787/3787 
f 3788/3788/3788 3789/3789/3789 3790/3790/3790 
f 3791/3791/3791 3792/3792/3792 3793/3793/3793 
f 3794/3794/3794 3795/3795/3795 3796/3796/3796 
f 3797/3797/3797 3798/3798/3798 3799/3799/3799 
f 3800/3800/3800 3801/3801/3801 3802/3802/3802 
f 3803/3803/3803 3804/3804/3804 3805/3805/3805 
f 3806/3806/3806 3807/3807/3807 3808/3808/3808 
f 3809/3809/3809 3810/3810/3810 3811/3811/3811 
f 3812/3812/3812 3813/3813/3813 3814/3814/3814 
f 3815/3815/3815 3816/3816/3816 3817/3817/3817 
f 3818/3818/3818 3819/3819/3819 3820/3820/3820 
f 3821/3821/3821 3822/3822/3822 3823/3823/3823 
f 3824/3824/3824 3825/3825/3825 3826/3826/3826 
f 3827/3827/3827 3828/3828/3828 3829/3829/3829 
f 3830/3830/3830 3831/3831/3831 3832/3832/3832 
f 3833/3833/3833 3834/3834/3834 3835/3835/3835 
f 3836/3836/3836 3837/3837/3837 3838/3838/3838 
f 3839/3839/3839 3840/3840/3840 3841/3841/3841 
f 3842/3842/3842 3843/3843/3843 3844/3844/3844 
f 3845/3845/3845 3844/3844/3844 3843/3843/3843 
f 3844/3844/3844 3845/3845/3845 3846/3846/3846 
f 3847/3847/3847 3846/3846/3846 3845/3845/3845 
f 3848/3848/3848 3849/3849/3849 3850/3850/3850 
f 3851/3851/3851 3852/3852/3852 3853/3853/3853 
f 3853/3853/3853 3854/3854/3854 3855/3855/3855 
f 3856/3856/3856 3857/3857/3857 3858/3858/3858 
f 3859/3859/3859 3860/3860/3860 3861/3861/3861 
f 3862/3862/3862 3863/3863/3863 3864/3864/3864 
f 3865/3865/3865 3866/3866/3866 3867/3867/3867 
f 3868/3868/3868 3869/3869/3869 3870/3870/3870 
f 3871/3871/3871 3872/3872/3872 3873/3873/3873 
f 3874/3874/3874 3875/3875/3875 3876/3876/3876 
f 3877/3877/3877 3878/3878/3878 3879/3879/3879 
f 3880/3880/3880 3881/3881/3881 3882/3882/3882 
f 3883/3883/3883 3884/3884/3884 3885/3885/3885 
f 3886/3886/3886 3887/3887/3887 3888/3888/3888 
f 3889/3889/3889 3890/3890/3890 3891/3891/3891 
f 3892/3892/3892 3893/3893/3893 3894/3894/3894 
f 3895/3895/3895 3896/3896/3896 3897/3897/3897 
f 3898/3898/3898 3899/3899/3899 3900/3900/3900 
f 3901/3901/3901 3902/3902/3902 3903/3903/3903 
f 3904/3904/3904 3905/3905/3905 3906/3906/3906 
f 3907/3907/3907 3908/3908/3908 3909/3909/3909 
f 3910/3910/3910 3911/3911/3911 3912/3912/3912 
f 3913/3913/3913 3914/3914/3914 3915/3915/3915 
f 3916/3916/3916 3917/3917/3917 3918/3918/3918 
f 3919/3919/3919 3920/3920/3920 3921/3921/3921 
f 3922/3922/3922 3923/3923/3923 3924/3924/3924 
f 3925/3925/3925 3926/3926/3926 3927/3927/3927 
f 3928/3928/3928 3929/3929/3929 3930/3930/3930 
f 3931/3931/3931 3932/3932/3932 3928/3928/3928 
f 3933/3933/3933 3934/3934/3934 3931/3931/3931 
f 3935/3935/3935 3936/3936/3936 3933/3933/3933 
f 3937/3937/3937 3938/3938/3938 3939/3939/3939 
f 3940/3940/3940 3941/3941/3941 3942/3942/3942 
f 3943/3943/3943 3944/3944/3944 3945/3945/3945 
f 3946/3946/3946 3947/3947/3947 3948/3948/3948 
f 3949/3949/3949 3950/3950/3950 3951/3951/3951 
f 3952/3952/3952 3953/3953/3953 3954/3954/3954 
f 3955/3955/3955 3956/3956/3956 3957/3957/3957 
f 3958/3958/3958 3959/3959/3959 3960/3960/3960 
f 3961/3961/3961 3962/3962/3962 3963/3963/3963 
f 3964/3964/3964 3965/3965/3965 3966/3966/3966 
f 3967/3967/3967 3968/3968/3968 3969/3969/3969 
f 3970/3970/3970 3971/3971/3971 3972/3972/3972 
f 3973/3973/3973 3974/3974/3974 3975/3975/3975 
f 3976/3976/3976 3977/3977/3977 3978/3978/3978 
f 3979/3979/3979 3980/3980/3980 3981/3981/3981 
f 3982/3982/3982 3983/3983/3983 3984/3984/3984 
f 3985/3985/3985 3986/3986/3986 3987/3987/3987 
f 3988/3988/3988 3989/3989/3989 3990/3990/3990 
f 3991/3991/3991 3992/3992/3992 3993/3993/3993 
f 3994/3994/3994 3995/3995/3995 3996/3996/3996 
f 3997/3997/3997 3998/3998/3998 3999/3999/3999 
f 4000/4000/4000 4001/4001/4001 4002/4002/4002 
f 4003/4003/4003 4002/4002/4002 4001/4001/4001 
f 4004/4004/4004 4005/4005/4005 4006/4006/4006 
f 4007/4007/4007 4008/4008/4008 4009/4009/4009 
f 4010/4010/4010 4011/4011/4011 4012/4012/4012 
f 4013/4013/4013 4014/4014/4014 4015/4015/4015 
f 4016/4016/4016 4017/4017/4017 4018/4018/4018 
f 4019/4019/4019 4020/4020/4020 4021/4021/4021 
f 4022/4022/4022 4023/4023/4023 4024/4024/4024 
f 4025/4025/4025 4026/4026/4026 4027/4027/4027 
f 4028/4028/4028 4029/4029/4029 4030/4030/4030 
f 4031/4031/4031 4032/4032/4032 4033/4033/4033 
f 4034/4034/4034 4035/4035/4035 4036/4036/4036 
f 4037/4037/4037 4038/4038/4038 4039/4039/4039 
f 4040/4040/4040 4041/4041/4041 4042/4042/4042 
f 4043/4043/4043 4044/4044/4044 4045/4045/4045 
f 4046/4046/4046 4047/4047/4047 4048/4048/4048 
f 4049/4049/4049 4050/4050/4050 4051/4051/4051 
f 4052/4052/4052 4053/4053/4053 4054/4054/4054 
f 4055/4055/4055 4056/4056/4056 4057/4057/4057 
f 4058/4058/4058 4059/4059/4059 4060/4060/4060 
f 4061/4061/4061 4062/4062/4062 4063/4063/4063 
f 4064/4064/4064 4065/4065/4065 4066/4066/4066 
f 4067/4067/4067 4068/4068/4068 4069/4069/4069 
f 4070/4070/4070 4071/4071/4071 4072/4072/4072 
f 4073/4073/4073 4074/4074/4074 4075/4075/4075 
f 4076/4076/4076 4077/4077/4077 4078/4078/4078 
f 4079/4079/4079 4080/4080/4080 4081/4081/4081 
f 4082/4082/4082 4083/4083/4083 4084/4084/4084 
f 4085/4085/4085 4086/4086/4086 4087/4087/4087 
f 4088/4088/4088 4089/4089/4089 4090/4090/4090 
f 4091/4091/4091 4092/4092/4092 4093/4093/4093 
f 4094/4094/4094 4095/4095/4095 4096/4096/4096 
f 4097/4097/4097 4098/4098/4098 4099/4099/4099 
f 4100/4100/4100 4101/4101/4101 4102/4102/4102 
f 4103/4103/4103 4104/4104/4104 4105/4105/4105 
f 4106/4106/4106 4107/4107/4107 4108/4108/4108 
f 4109/4109/4109 4110/4110/4110 4111/4111/4111 
f 4112/4112/4112 4113/4113/4113 4114/4114/4114 
f 4115/4115/4115 4116/4116/4116 4117/4117/4117 
f 4118/4118/4118 4119/4119/4119 4120/4120/4120 
f 4121/4121/4121 4122/4122/4122 4123/4123/4123 
f 4124/4124/4124 4125/4125/4125 4126/4126/4126 
f 4127/4127/4127 4128/4128/4128 4129/4129/4129 
f 4130/4130/4130 4131/4131/4131 4132/4132/4132 
f 4133/4133/4133 4134/4134/4134 4135/4135/4135 
f 4136/4136/4136 4137/4137/4137 4138/4138/4138 
f 4139/4139/4139 4140/4140/4140 4141/4141/4141 
f 4142/4142/4142 4143/4143/4143 4144/4144/4144 
f 4145/4145/4145 4146/4146/4146 4147/4147/4147 
f 4148/4148/4148 4149/4149/4149 4150/4150/4150 
f 4151/4151/4151 4152/4152/4152 4153/4153/4153 
f 4154/4154/4154 4155/4155/4155 4156/4156/4156 
f 4157/4157/4157 4158/4158/4158 4159/4159/4159 
f 4160/4160/4160 4161/4161/4161 4162/4162/4162 
f 4163/4163/4163 4164/4164/4164 4165/4165/4165 
f 4166/4166/4166 4167/4167/4167 4168/4168/4168 
f 4169/4169/4169 4170/4170/4170 4171/4171/4171 
f 4172/4172/4172 4173/4173/4173 4174/4174/4174 
f 4175/4175/4175 4176/4176/4176 4177/4177/4177 
f 4178/4178/4178 4179/4179/4179 4180/4180/4180 
f 4181/4181/4181 4182/4182/4182 4183/4183/4183 
f 4184/4184/4184 4185/4185/4185 4186/4186/4186 
f 4187/4187/4187 4188/4188/4188 4189/4189/4189 
f 4190/4190/4190 4191/4191/4191 4192/4192/4192 
f 4193/4193/4193 4194/4194/4194 4195/4195/4195 
f 4196/4196/4196 4197/4197/4197 4198/4198/4198 
f 4199/4199/4199 4200/4200/4200 4201/4201/4201 
f 4202/4202/4202 4203/4203/4203 4204/4204/4204 
f 4205/4205/4205 4206/4206/4206 4207/4207/4207 
f 4208/4208/4208 4209/4209/4209 4210/4210/4210 
f 4211/4211/4211 4212/4212/4212 4213/4213/4213 
f 4214/4214/4214 4215/4215/4215 4216/4216/4216 
f 4217/4217/4217 4218/4218/4218 4219/4219/4219 
f 4220/4220/4220 4221/4221/4221 4222/4222/4222 
f 4223/4223/4223 4224/4224/4224 4225/4225/4225 
f 4226/4226/4226 4227/4227/4227 4228/4228/4228 
f 4229/4229/4229 4230/4230/4230 4231/4231/4231 
f 4232/4232/4232 4233/4233/4233 4234/4234/4234 
f 4235/4235/4235 4236/4236/4236 4237/4237/4237 
f 4238/4238/4238 4239/4239/4239 4240/4240/4240 
f 4241/4241/4241 4242/4242/4242 4243/4243/4243 
f 4244/4244/4244 4245/4245/4245 4246/4246/4246 
f 4247/4247/4247 4248/4248/4248 4249/4249/4249 
f 4250/4250/4250 4251/4251/4251 4252/4252/4252 
f 4253/4253/4253 4254/4254/4254 4255/4255/4255 
f 4256/4256/4256 4257/4257/4257 4258/4258/4258 
f 4259/4259/4259 4260/4260/4260 4261/4261/4261 
f 4262/4262/4262 4263/4263/4263 4264/4264/4264 
f 4265/4265/4265 4266/4266/4266 4267/4267/4267 
f 4268/4268/4268 4269/4269/4269 4270/4270/4270 
f 4271/4271/4271 4272/4272/4272 4273/4273/4273 
f 4274/4274/4274 4275/4275/4275 4276/4276/4276 

g Handle3

v -43.5 5.09981 19.5225 
v -43.5 4.98594 19.3574 
v -43.2613 4.98196 19.3156 
v -43.2289 5.08413 19.4762 
v -43.0455 4.97036 19.1938 
v -42.9846 5.05856 19.3292 
v -42.8738 4.95216 19.0028 
v -42.7913 5.01854 19.1003 
v -42.7633 4.92916 18.7599 
v -42.6679 4.96803 18.8116 
v -42.7252 4.92151 18.4873 
v -42.6264 4.94552 18.4863 
v -42.7644 4.90542 18.2175 
v -42.6707 4.9151 18.1648 
v -42.8762 4.88631 17.9754 
v -42.7957 4.87918 17.8756 
v -43.0483 4.86262 17.7873 
v -42.989 4.83442 17.6507 
v -43.2632 4.84752 17.6676 
v -43.2317 4.80575 17.5063 
v -43.5 4.84233 17.6265 
v -43.5 4.80377 17.4545 
v -43.1143 4.86174 17.9418 
v -43.2982 4.85614 17.8502 
v -42.9659 4.87075 18.0877 
v -42.8689 4.88236 18.2764 
v -42.8355 4.89525 18.489 
v -42.8695 4.90804 18.7019 
v -42.9661 4.91952 18.8914 
v -43.1138 4.92848 19.0384 
v -43.2977 4.93409 19.1309 
v -43.5 4.9374 19.1507 
v -43.5 4.85773 17.8283 
v -43.5 5.46378 18.4812 
v -43.5 5.43224 18.7243 
v -43.4274 5.43739 18.713 
v -43.3614 5.43494 18.6797 
v -43.3084 5.43119 18.6267 
v -43.278 5.42618 18.5584 
v -43.2734 5.42103 18.4864 
v -43.2996 5.417 18.4257 
v -43.353 5.41342 18.3712 
v -43.3987 5.40942 18.3185 
v -43.4469 5.40444 18.2564 
v -43.5 5.4032 18.2395 
v -43.5 5.09981 19.5225 
v -43.2312 5.09797 19.4679 
v -43.2631 4.99689 19.3093 
v -43.5 5.00084 19.3508 
v -42.9888 5.07259 19.3221 
v -43.0487 4.9854 19.1884 
v -42.7964 5.03306 19.095 
v -42.8776 4.96747 18.9986 
v -42.6728 4.98325 18.8087 
v -42.7672 4.94484 18.7576 
v -42.6303 4.96131 18.4852 
v -42.7289 4.93738 18.4863 
v -42.6728 4.93122 18.1638 
v -42.7672 4.9215 18.217 
v -42.7964 4.89536 17.8738 
v -42.8776 4.90255 17.9745 
v -42.9888 4.85044 17.6476 
v -43.0487 4.87884 17.7855 
v -43.2312 4.82159 17.5025 
v -43.2631 4.86365 17.6651 
v -43.5 4.80377 17.4545 
v -43.5 4.85842 17.6238 
v -43.2986 4.87243 17.8495 
v -43.1155 4.87802 17.9415 
v -42.9683 4.88689 18.0878 
v -42.8723 4.89832 18.2763 
v -42.839 4.91117 18.4882 
v -42.8723 4.92403 18.7002 
v -42.9683 4.93546 18.8887 
v -43.1155 4.94433 19.035 
v -43.2986 4.94992 19.127 
v -43.5 4.95182 19.1583 
v -43.5 4.87053 17.8182 
v -43.5 4.95182 19.1583 
v -43.2986 4.94992 19.127 
v -43.3087 5.09603 19.0951 
v -43.5 5.10041 19.1244 
v -43.1155 4.94433 19.035 
v -43.1347 5.09259 19.0077 
v -43.1155 4.94433 19.035 
v -42.9683 4.93546 18.8887 
v -42.9948 5.08712 18.8687 
v -43.1347 5.09259 19.0077 
v -42.9683 4.93546 18.8887 
v -42.8723 4.92403 18.7002 
v -42.9037 5.08007 18.6897 
v -42.9948 5.08712 18.8687 
v -42.839 4.91117 18.4882 
v -42.872 5.07214 18.4883 
v -42.8723 4.89832 18.2763 
v -42.9037 5.06421 18.2869 
v -42.9683 4.88689 18.0878 
v -42.9948 5.05717 18.1079 
v -42.9683 4.88689 18.0878 
v -43.1155 4.87802 17.9415 
v -43.1347 5.05169 17.9689 
v -42.9948 5.05717 18.1079 
v -43.1155 4.87802 17.9415 
v -43.2986 4.87243 17.8495 
v -43.3087 5.04825 17.8815 
v -43.1347 5.05169 17.9689 
v -43.5 4.87053 17.8182 
v -43.5 5.04708 17.8517 
v -43.5 5.10041 19.1244 
v -43.3087 5.09603 19.0951 
v -43.324 5.29832 19.0383 
v -43.5 5.2994 19.0657 
v -43.1347 5.09259 19.0077 
v -43.164 5.29515 18.9579 
v -43.1347 5.09259 19.0077 
v -42.9948 5.08712 18.8687 
v -43.0353 5.29012 18.8301 
v -43.164 5.29515 18.9579 
v -42.9037 5.08007 18.6897 
v -42.9514 5.28364 18.6655 
v -42.872 5.07214 18.4883 
v -42.9222 5.27635 18.4803 
v -42.912 5.14964 18.3776 
v -42.9136 5.10889 18.2935 
v -43.0445 5.24745 18.3472 
v -42.9364 5.26801 18.4183 
v -43.0062 5.07806 18.1195 
v -43.1554 5.23878 18.2253 
v -43.1425 5.09678 17.9844 
v -43.2439 5.22998 18.1037 
v -43.1425 5.09678 17.9844 
v -43.2392 5.13459 17.9475 
v -43.2993 5.2285 17.9521 
v -43.2993 5.2285 17.9521 
v -43.3087 5.04825 17.8815 
v -43.5 5.04708 17.8517 
v -43.5 5.2128 17.8903 
v -43.3703 5.21388 17.9177 
v -43.3355 5.42572 18.9968 
v -43.5 5.42673 19.0224 
v -43.1859 5.42275 18.9217 
v -43.0655 5.41803 18.8023 
v -43.1859 5.42275 18.9217 
v -42.9939 5.41243 18.6482 
v -42.9791 5.40721 18.4831 
v -42.9364 5.26801 18.4183 
v -43.0445 5.24745 18.3472 
v -43.0427 5.38162 18.3446 
v -43.0427 5.38162 18.3446 
v -42.9705 5.34671 18.4181 
v -43.1554 5.23878 18.2253 
v -43.1629 5.38693 18.2206 
v -43.2695 5.36258 18.0843 
v -43.1629 5.38693 18.2206 
v -43.3122 5.33614 17.9995 
v -43.5 5.38342 17.9288 
v -43.3791 5.38515 17.9611 
v -42.872 5.07214 18.4883 
v -42.9037 5.06421 18.2869 
v -42.9222 5.27635 18.4803 
v -42.9948 5.05717 18.1079 
v -43.1347 5.05169 17.9689 
v -43.1347 5.05169 17.9689 
v -43.0503 5.41269 18.3455 
v -42.9889 5.4108 18.4629 
v -43.1645 5.4215 18.2232 
v -43.2705 5.40293 18.0933 
v -43.3703 5.21388 17.9177 
v -43.3791 5.38515 17.9611 
v -43.3617 5.39316 17.983 
v -43.3617 5.39316 17.983 
v -43.3122 5.33614 17.9995 
v -42.9791 5.40721 18.4831 
v -43.5 5.45814 18.9767 
v -43.5 5.45003 19.0048 
v -43.3405 5.44905 18.98 
v -43.3488 5.45721 18.9532 
v -43.5 5.45003 19.0048 
v -43.3405 5.44905 18.98 
v -43.1955 5.44618 18.9071 
v -43.2114 5.45449 18.8841 
v -43.1955 5.44618 18.9071 
v -43.0788 5.44161 18.7913 
v -43.1009 5.45017 18.7743 
v -43.1955 5.44618 18.9071 
v -43.0788 5.44161 18.7913 
v -43.0108 5.43593 18.6419 
v -43.0375 5.44458 18.6325 
v -43.0108 5.43593 18.6419 
v -42.999 5.43042 18.4862 
v -43.028 5.4389 18.4831 
v -42.999 5.43042 18.4862 
v -43.0592 5.43707 18.3493 
v -43.0827 5.4465 18.3565 
v -42.999 5.43042 18.4862 
v -43.0592 5.43707 18.3493 
v -43.1738 5.44547 18.2284 
v -43.1937 5.45459 18.2427 
v -43.1738 5.44547 18.2284 
v -43.2754 5.42821 18.1091 
v -43.289 5.43816 18.1341 
v -43.2754 5.42821 18.1091 
v -43.3849 5.41023 17.9774 
v -43.3895 5.42008 18.0061 
v -43.3849 5.41023 17.9774 
v -43.5 5.40815 17.944 
v -43.5 5.41854 17.9711 
v -43.3849 5.41023 17.9774 
v -43.5 5.40815 17.944 
v -43.5 5.42673 19.0224 
v -43.5 5.45814 18.9767 
v -43.5 5.45003 19.0048 
v -43.5 5.41854 17.9711 
v -43.5 5.38342 17.9288 
v -43.5 5.40815 17.944 
v -43.3732 5.42393 18.8782 
v -43.5 5.42491 18.898 
v -43.2579 5.42105 18.8203 
v -43.1652 5.41647 18.7283 
v -43.112 5.41057 18.6095 
v -43.104 5.40434 18.4844 
v -43.1499 5.39906 18.3782 
v -43.2431 5.39432 18.2829 
v -43.323 5.3898 18.1919 
v -43.4073 5.38446 18.0847 
v -43.5 5.383 18.0553 
v -43.3933 5.39657 18.8174 
v -43.5 5.39758 18.834 
v -43.2963 5.39361 18.7687 
v -43.2183 5.38909 18.6912 
v -43.1735 5.38302 18.5913 
v -43.1667 5.37681 18.486 
v -43.2054 5.37193 18.3971 
v -43.2838 5.36761 18.3174 
v -43.351 5.36276 18.2404 
v -43.422 5.35675 18.1496 
v -43.5 5.35524 18.1249 
v -43.5 5.42673 19.0224 
v -43.5 5.45003 19.0048 
v -43.5 5.45814 18.9767 
v -43.5 5.41854 17.9711 
v -43.5 5.40815 17.944 
v -43.5 5.38342 17.9288 
v -43.5 5.09981 19.5225 
v -43.2289 5.08413 19.4762 
v -43.2312 5.09797 19.4679 
v -42.9846 5.05856 19.3292 
v -42.9888 5.07259 19.3221 
v -42.7913 5.01854 19.1003 
v -42.7964 5.03306 19.095 
v -42.7964 5.03306 19.095 
v -42.7913 5.01854 19.1003 
v -42.6679 4.96803 18.8116 
v -42.6728 4.98325 18.8087 
v -42.6264 4.94552 18.4863 
v -42.6303 4.96131 18.4852 
v -42.6707 4.9151 18.1648 
v -42.6728 4.93122 18.1638 
v -42.6728 4.93122 18.1638 
v -42.6707 4.9151 18.1648 
v -42.7957 4.87918 17.8756 
v -42.7964 4.89536 17.8738 
v -42.989 4.83442 17.6507 
v -42.9888 4.85044 17.6476 
v -43.2317 4.80575 17.5063 
v -43.2312 4.82159 17.5025 
v -43.2312 4.82159 17.5025 
v -43.2317 4.80575 17.5063 
v -43.5 4.80377 17.4545 
v -43.5 5.09981 19.5225 
v -43.7711 5.08413 19.4762 
v -43.7387 4.98196 19.3156 
v -43.5 4.98594 19.3574 
v -44.0154 5.05856 19.3292 
v -43.9545 4.97036 19.1938 
v -44.2087 5.01854 19.1003 
v -44.1262 4.95216 19.0028 
v -44.3321 4.96803 18.8116 
v -44.2367 4.92916 18.7599 
v -44.3736 4.94552 18.4863 
v -44.2748 4.92151 18.4873 
v -44.3293 4.9151 18.1648 
v -44.2356 4.90542 18.2175 
v -44.2043 4.87918 17.8756 
v -44.1238 4.88631 17.9754 
v -44.011 4.83442 17.6507 
v -43.9517 4.86262 17.7873 
v -43.7683 4.80575 17.5063 
v -43.7368 4.84752 17.6676 
v -43.5 4.80377 17.4545 
v -43.5 4.84233 17.6265 
v -43.7018 4.85614 17.8502 
v -43.8857 4.86174 17.9418 
v -44.0341 4.87075 18.0877 
v -44.1311 4.88236 18.2764 
v -44.1645 4.89525 18.489 
v -44.1305 4.90804 18.7019 
v -44.0339 4.91952 18.8914 
v -43.8862 4.92848 19.0384 
v -43.7023 4.93409 19.1309 
v -43.5726 5.43739 18.713 
v -43.5 5.43224 18.7243 
v -43.5 5.46378 18.4812 
v -43.6386 5.43494 18.6797 
v -43.6916 5.43119 18.6267 
v -43.722 5.42618 18.5584 
v -43.7266 5.42103 18.4864 
v -43.7004 5.417 18.4257 
v -43.647 5.41342 18.3712 
v -43.6013 5.40942 18.3185 
v -43.5531 5.40444 18.2564 
v -43.5 5.4032 18.2395 
v -43.5 5.09981 19.5225 
v -43.5 5.00084 19.3508 
v -43.7369 4.99689 19.3093 
v -43.7688 5.09797 19.4679 
v -43.9513 4.9854 19.1884 
v -44.0112 5.07259 19.3221 
v -44.1224 4.96747 18.9986 
v -44.2036 5.03306 19.095 
v -44.2328 4.94484 18.7576 
v -44.3272 4.98325 18.8088 
v -44.2711 4.93738 18.4863 
v -44.3697 4.96131 18.4852 
v -44.2328 4.9215 18.217 
v -44.3272 4.93122 18.1638 
v -44.1224 4.90255 17.9745 
v -44.2036 4.89536 17.8738 
v -43.9513 4.87884 17.7855 
v -44.0112 4.85044 17.6476 
v -43.7369 4.86365 17.6651 
v -43.7688 4.82159 17.5025 
v -43.5 4.85842 17.6238 
v -43.5 4.80377 17.4545 
v -43.8845 4.87802 17.9415 
v -43.7014 4.87243 17.8495 
v -44.0317 4.88689 18.0878 
v -44.1277 4.89832 18.2763 
v -44.161 4.91117 18.4882 
v -44.1277 4.92403 18.7002 
v -44.0317 4.93546 18.8887 
v -43.8845 4.94433 19.035 
v -43.7014 4.94992 19.127 
v -43.5 4.95182 19.1583 
v -43.5 4.87053 17.8182 
v -43.5 4.95182 19.1583 
v -43.5 5.10041 19.1244 
v -43.6913 5.09603 19.0951 
v -43.7014 4.94992 19.127 
v -43.8653 5.09259 19.0077 
v -43.8845 4.94433 19.035 
v -43.8845 4.94433 19.035 
v -43.8653 5.09259 19.0077 
v -44.0052 5.08712 18.8687 
v -44.0317 4.93546 18.8887 
v -44.1277 4.89832 18.2763 
v -44.0963 5.06421 18.2869 
v -44.0052 5.05717 18.1079 
v -44.0317 4.88689 18.0878 
v -44.0317 4.88689 18.0878 
v -44.0052 5.05717 18.1079 
v -43.8653 5.05169 17.9689 
v -43.8845 4.87802 17.9415 
v -43.8845 4.87802 17.9415 
v -43.8653 5.05169 17.9689 
v -43.6913 5.04825 17.8815 
v -43.7014 4.87243 17.8495 
v -43.5 5.04708 17.8517 
v -43.5 4.87053 17.8182 
v -43.5 5.10041 19.1244 
v -43.5 5.2994 19.0657 
v -43.676 5.29832 19.0383 
v -43.6913 5.09603 19.0951 
v -43.836 5.29515 18.9579 
v -43.8653 5.09259 19.0077 
v -43.8653 5.09259 19.0077 
v -43.836 5.29515 18.9579 
v -43.9647 5.29012 18.8301 
v -44.0052 5.08712 18.8687 
v -44.0486 5.28364 18.6655 
v -44.0963 5.08007 18.6897 
v -44.0778 5.27635 18.4803 
v -44.128 5.07214 18.4883 
v -44.088 5.14964 18.3776 
v -44.0636 5.26801 18.4183 
v -43.9555 5.24745 18.3472 
v -44.0864 5.10889 18.2935 
v -43.8446 5.23878 18.2253 
v -43.9938 5.07806 18.1195 
v -43.7561 5.22998 18.1037 
v -43.8575 5.09678 17.9844 
v -43.7007 5.2285 17.9521 
v -43.7007 5.2285 17.9521 
v -43.7608 5.13459 17.9475 
v -43.8575 5.09678 17.9844 
v -43.6913 5.04825 17.8815 
v -43.6297 5.21388 17.9177 
v -43.5 5.2128 17.8903 
v -43.5 5.04708 17.8517 
v -43.5 5.42673 19.0224 
v -43.6645 5.42572 18.9968 
v -43.8141 5.42275 18.9217 
v -43.8141 5.42275 18.9217 
v -43.9345 5.41803 18.8023 
v -44.0061 5.41243 18.6482 
v -44.0209 5.40721 18.4831 
v -44.0295 5.34671 18.4181 
v -43.9573 5.38162 18.3446 
v -43.8371 5.38693 18.2206 
v -43.7305 5.36258 18.0843 
v -43.6878 5.33614 17.9995 
v -43.6209 5.38515 17.9611 
v -43.5 5.38342 17.9288 
v -44.128 5.07214 18.4883 
v -44.088 5.14964 18.3776 
v -44.0864 5.10889 18.2935 
v -44.0963 5.06421 18.2869 
v -44.0778 5.27635 18.4803 
v -44.0778 5.27635 18.4803 
v -44.0963 5.06421 18.2869 
v -44.0052 5.05717 18.1079 
v -43.8653 5.05169 17.9689 
v -43.8653 5.05169 17.9689 
v -43.9497 5.41269 18.3455 
v -44.0111 5.4108 18.4629 
v -43.8355 5.4215 18.2232 
v -43.7295 5.40293 18.0933 
v -43.6878 5.33614 17.9995 
v -43.6383 5.39316 17.983 
v -43.6297 5.21388 17.9177 
v -43.6383 5.39316 17.983 
v -43.6209 5.38515 17.9611 
v -44.0209 5.40721 18.4831 
v -43.5 5.45814 18.9767 
v -43.6512 5.45721 18.9532 
v -43.6595 5.44905 18.98 
v -43.5 5.45003 19.0048 
v -43.5 5.45003 19.0048 
v -43.6595 5.44905 18.98 
v -43.7886 5.45449 18.8841 
v -43.8045 5.44618 18.9071 
v -43.8045 5.44618 18.9071 
v -43.8991 5.45017 18.7743 
v -43.9212 5.44161 18.7913 
v -43.8045 5.44618 18.9071 
v -43.9212 5.44161 18.7913 
v -43.9625 5.44458 18.6325 
v -43.9892 5.43593 18.6419 
v -43.9892 5.43593 18.6419 
v -43.972 5.4389 18.4831 
v -44.001 5.43042 18.4862 
v -44.001 5.43042 18.4862 
v -43.9173 5.4465 18.3565 
v -43.9408 5.43707 18.3493 
v -44.001 5.43042 18.4862 
v -43.9408 5.43707 18.3493 
v -43.8063 5.45459 18.2427 
v -43.8262 5.44547 18.2284 
v -43.8262 5.44547 18.2284 
v -43.711 5.43816 18.1341 
v -43.7246 5.42821 18.1091 
v -43.7246 5.42821 18.1091 
v -43.6105 5.42008 18.0061 
v -43.6151 5.41023 17.9774 
v -43.6151 5.41023 17.9774 
v -43.5 5.41854 17.9711 
v -43.5 5.40815 17.944 
v -43.6151 5.41023 17.9774 
v -43.5 5.40815 17.944 
v -43.5 5.42673 19.0224 
v -43.5 5.45003 19.0048 
v -43.5 5.45814 18.9767 
v -43.5 5.41854 17.9711 
v -43.5 5.40815 17.944 
v -43.5 5.38342 17.9288 
v -43.5 5.42491 18.898 
v -43.6268 5.42393 18.8782 
v -43.7421 5.42105 18.8203 
v -43.8348 5.41647 18.7283 
v -43.888 5.41057 18.6095 
v -43.896 5.40434 18.4844 
v -43.8501 5.39906 18.3782 
v -43.7569 5.39432 18.2829 
v -43.677 5.3898 18.1919 
v -43.5927 5.38446 18.0847 
v -43.5 5.383 18.0553 
v -43.5 5.39758 18.834 
v -43.6067 5.39657 18.8174 
v -43.7037 5.39361 18.7687 
v -43.7817 5.38909 18.6912 
v -43.8265 5.38302 18.5913 
v -43.8333 5.37681 18.486 
v -43.7946 5.37193 18.3971 
v -43.7162 5.36761 18.3174 
v -43.649 5.36276 18.2404 
v -43.578 5.35675 18.1496 
v -43.5 5.35524 18.1249 
v -43.5 5.42673 19.0224 
v -43.5 5.45814 18.9767 
v -43.5 5.45003 19.0048 
v -43.5 5.41854 17.9711 
v -43.5 5.38342 17.9288 
v -43.5 5.40815 17.944 
v -43.7688 5.09797 19.4679 
v -43.7711 5.08413 19.4762 
v -43.5 5.09981 19.5225 
v -44.0112 5.07259 19.3221 
v -44.0154 5.05856 19.3292 
v -44.2036 5.03306 19.095 
v -44.2087 5.01854 19.1003 
v -44.2036 5.03306 19.095 
v -44.3272 4.98325 18.8088 
v -44.3321 4.96803 18.8116 
v -44.2087 5.01854 19.1003 
v -44.3697 4.96131 18.4852 
v -44.3736 4.94552 18.4863 
v -44.3272 4.93122 18.1638 
v -44.3293 4.9151 18.1648 
v -44.3272 4.93122 18.1638 
v -44.2036 4.89536 17.8738 
v -44.2043 4.87918 17.8756 
v -44.3293 4.9151 18.1648 
v -44.0112 4.85044 17.6476 
v -44.011 4.83442 17.6507 
v -43.7688 4.82159 17.5025 
v -43.7683 4.80575 17.5063 
v -43.7688 4.82159 17.5025 
v -43.5 4.80377 17.4545 
v -43.7683 4.80575 17.5063 
v -44.161 4.91117 18.4882 
v -44.128 5.07214 18.4883 
v -44.1277 4.92403 18.7002 
v -44.0963 5.08007 18.6897 
v -44.0317 4.93546 18.8887 
v -44.0052 5.08712 18.8687 
v -43.192 4.86174 17.9418 
v -43.3034 4.85823 17.8844 
v -43.5 4.8563 17.853 
v -43.6966 4.85823 17.8844 
v -43.808 4.86174 17.9418 
v -43.0159 4.87075 18.0877 
v -43.1265 4.86383 17.9755 
v -42.987 4.87255 18.1169 
v -42.905 4.88292 18.2856 
v -42.9468 4.87751 18.1975 
v -42.8757 4.89525 18.489 
v -42.8758 4.89527 18.4893 
v -43.996 4.91701 18.85 
v -43.9529 4.91952 18.8914 
v -44.0766 4.90804 18.7019 
v -43.858 4.92506 18.9823 
v -43.7441 4.92848 19.0384 
v -43.3126 4.93017 19.0663 
v -43.2559 4.92848 19.0384 
v -43.6874 4.93017 19.0663 
v -43.5 4.93192 19.0951 
v -42.9234 4.90804 18.7019 
v -42.9119 4.90677 18.6807 
v -43.004 4.91701 18.85 
v -43.0471 4.91952 18.8914 
v -43.142 4.92506 18.9823 
v -44.1243 4.89525 18.489 
v -43.9841 4.87075 18.0877 
v -44.013 4.87255 18.1169 
v -44.0532 4.87751 18.1975 
v -44.095 4.88292 18.2856 
v -44.1242 4.89526 18.4892 
v -44.0881 4.90677 18.6807 
v -43.8735 4.86383 17.9755 
v -43.9249 5.17412 18.4585 
v -43.8926 5.18281 18.6031 
v -43.9004 5.18194 18.5887 
v -43.9051 5.16573 18.3201 
v -43.8767 5.16206 18.2603 
v -43.8493 5.15869 18.2055 
v -43.8297 5.15746 18.1856 
v -43.7546 5.15276 18.1094 
v -43.71 5.15134 18.0864 
v -43.6343 5.14895 18.0475 
v -43.5007 5.14764 18.0261 
v -43.3671 5.14895 18.0475 
v -43.2914 5.15134 18.0864 
v -43.2468 5.15276 18.1094 
v -43.1717 5.15746 18.1856 
v -43.1521 5.15869 18.2055 
v -43.1247 5.16206 18.2603 
v -43.0963 5.16573 18.3201 
v -43.0765 5.17413 18.4586 
v -43.101 5.18194 18.5887 
v -43.1088 5.18281 18.6031 
v -43.1636 5.18891 18.7037 
v -43.1929 5.19061 18.7319 
v -43.2574 5.19438 18.7937 
v -43.3348 5.1967 18.8318 
v -43.3733 5.19785 18.8508 
v -43.5007 5.19904 18.8704 
v -43.6281 5.19785 18.8508 
v -43.6666 5.1967 18.8318 
v -43.744 5.19438 18.7937 
v -43.8085 5.19061 18.7319 
v -43.8378 5.18891 18.7037 
v -43.6343 5.14895 18.0475 
v -43.71 5.15134 18.0864 
v -43.808 4.86174 17.9418 
v -43.6966 4.85823 17.8844 
v -43.5007 5.14764 18.0261 
v -43.5 4.8563 17.853 
v -43.3671 5.14895 18.0475 
v -43.3034 4.85823 17.8844 
v -43.2914 5.15134 18.0864 
v -43.192 4.86174 17.9418 
v -43.2468 5.15276 18.1094 
v -43.1265 4.86383 17.9755 
v -43.1717 5.15746 18.1856 
v -43.2468 5.15276 18.1094 
v -43.1265 4.86383 17.9755 
v -43.0159 4.87075 18.0877 
v -43.1521 5.15869 18.2055 
v -42.987 4.87255 18.1169 
v -43.1247 5.16206 18.2603 
v -43.1521 5.15869 18.2055 
v -42.987 4.87255 18.1169 
v -42.9468 4.87751 18.1975 
v -43.0963 5.16573 18.3201 
v -42.905 4.88292 18.2856 
v -43.0765 5.17413 18.4586 
v -42.8758 4.89527 18.4893 
v -43.8378 5.18891 18.7037 
v -43.8085 5.19061 18.7319 
v -43.9529 4.91952 18.8914 
v -43.996 4.91701 18.85 
v -43.8926 5.18281 18.6031 
v -43.8378 5.18891 18.7037 
v -43.996 4.91701 18.85 
v -44.0766 4.90804 18.7019 
v -43.744 5.19438 18.7937 
v -43.6666 5.1967 18.8318 
v -43.7441 4.92848 19.0384 
v -43.858 4.92506 18.9823 
v -43.3733 5.19785 18.8508 
v -43.3348 5.1967 18.8318 
v -43.2559 4.92848 19.0384 
v -43.3126 4.93017 19.0663 
v -43.5007 5.19904 18.8704 
v -43.3733 5.19785 18.8508 
v -43.3126 4.93017 19.0663 
v -43.5 4.93192 19.0951 
v -43.6281 5.19785 18.8508 
v -43.6874 4.93017 19.0663 
v -43.101 5.18194 18.5887 
v -42.9119 4.90677 18.6807 
v -43.1088 5.18281 18.6031 
v -42.9234 4.90804 18.7019 
v -43.1636 5.18891 18.7037 
v -43.004 4.91701 18.85 
v -43.1929 5.19061 18.7319 
v -43.1636 5.18891 18.7037 
v -43.004 4.91701 18.85 
v -43.0471 4.91952 18.8914 
v -43.2574 5.19438 18.7937 
v -43.142 4.92506 18.9823 
v -43.8297 5.15746 18.1856 
v -43.8493 5.15869 18.2055 
v -44.013 4.87255 18.1169 
v -43.9841 4.87075 18.0877 
v -43.8493 5.15869 18.2055 
v -43.8767 5.16206 18.2603 
v -44.0532 4.87751 18.1975 
v -44.013 4.87255 18.1169 
v -43.9051 5.16573 18.3201 
v -44.095 4.88292 18.2856 
v -43.9249 5.17412 18.4585 
v -44.1242 4.89526 18.4892 
v -43.9004 5.18194 18.5887 
v -44.0881 4.90677 18.6807 
v -43.7546 5.15276 18.1094 
v -43.8735 4.86383 17.9755 

vn 0.0866142 -0.818898 0.566929 
vn 0.0866142 -0.818898 0.566929 
vn 0.0866142 -0.818898 0.566929 
vn 0.0393701 -0.850394 0.527559 
vn 0.228346 -0.84252 0.488189 
vn 0.19685 -0.858268 0.472441 
vn 0.346457 -0.850394 0.393701 
vn 0.267717 -0.889764 0.377953 
vn 0.393701 -0.88189 0.259843 
vn 0.23622 -0.937008 0.267717 
vn 0.338583 -0.937008 0.0708661 
vn 0.23622 -0.968504 0.0944882 
vn 0.23622 -0.968504 0.023622 
vn 0.141732 -0.984252 0.0708661 
vn 0.11811 -0.992126 0.023622 
vn 0.0393701 -0.992126 0.102362 
vn 0.0314961 -0.992126 0.0944882 
vn -0.00787402 -0.976378 0.19685 
vn -0.0393701 -0.984252 0.188976 
vn -0.0314961 -0.968504 0.244094 
vn -0.023622 -0.968504 0.244094 
vn -0.0314961 -0.976378 0.220472 
vn 0.0314961 -1 0.00787402 
vn 0.0314961 -1 0.00787402 
vn 0.110236 -0.992126 -0.0472441 
vn 0.19685 -0.976378 -0.0393701 
vn 0.228346 -0.968504 0.023622 
vn 0.149606 -0.984252 0.0866142 
vn 0.173228 -0.976378 0.141732 
vn 0.141732 -0.968504 0.19685 
vn 0.0866142 -0.968504 0.23622 
vn 0.00787402 -0.976378 0.228346 
vn -0.015748 -1 0.0472441 
vn -0.0472441 0.992126 0.125984 
vn -0.0472441 0.992126 0.125984 
vn -0.0472441 0.992126 0.125984 
vn 0.0787402 0.992126 0.0866142 
vn 0.125984 0.992126 0.0551181 
vn 0.165354 0.984252 0 
vn 0.188976 0.984252 -0.0551181 
vn 0.188976 0.968504 -0.149606 
vn 0.165354 0.96063 -0.220472 
vn 0.165354 0.96063 -0.220472 
vn 0.173228 0.96063 -0.212598 
vn 0.0551181 0.968504 -0.244094 
vn 0.0866142 -0.818898 0.566929 
vn -0.102362 0.850394 -0.519685 
vn -0.102362 0.850394 -0.519685 
vn -0.0708661 0.866142 -0.496063 
vn -0.19685 0.858268 -0.472441 
vn -0.19685 0.858268 -0.472441 
vn -0.267717 0.889764 -0.377953 
vn -0.267717 0.889764 -0.377953 
vn -0.23622 0.937008 -0.267717 
vn -0.23622 0.937008 -0.267717 
vn -0.23622 0.968504 -0.0944882 
vn -0.23622 0.968504 -0.0944882 
vn -0.141732 0.984252 -0.0708661 
vn -0.141732 0.984252 -0.0708661 
vn -0.0393701 0.992126 -0.102362 
vn -0.0393701 0.992126 -0.102362 
vn 0.00787402 0.976378 -0.19685 
vn 0.00787402 0.976378 -0.19685 
vn 0.0314961 0.968504 -0.244094 
vn 0.0314961 0.968504 -0.244094 
vn -0.0314961 -0.976378 0.220472 
vn -0.00787402 0.952756 -0.307087 
vn -0.0393701 1 -0.0551181 
vn -0.023622 1 -0.00787402 
vn -0.110236 0.992126 0.0472441 
vn -0.19685 0.976378 0.0393701 
vn -0.228346 0.968504 -0.023622 
vn -0.149606 0.984252 -0.0866142 
vn -0.165354 0.976378 -0.141732 
vn -0.141732 0.968504 -0.19685 
vn -0.0866142 0.968504 -0.23622 
vn -0.0314961 0.968504 -0.244094 
vn -0.00787402 1 -0.0629921 
vn 0.149606 0.220472 0.96063 
vn 0.149606 0.220472 0.96063 
vn 0.149606 0.220472 0.96063 
vn 0.149606 0.220472 0.96063 
vn 0.440945 0.220472 0.866142 
vn 0.440945 0.220472 0.866142 
vn 0.440945 0.220472 0.866142 
vn 0.692913 0.212598 0.685039 
vn 0.692913 0.212598 0.685039 
vn 0.440945 0.220472 0.866142 
vn 0.692913 0.212598 0.685039 
vn 0.874016 0.204724 0.433071 
vn 0.874016 0.204724 0.433071 
vn 0.692913 0.212598 0.685039 
vn 0.968504 0.19685 0.141732 
vn 0.968504 0.19685 0.141732 
vn 0.968504 0.19685 -0.165354 
vn 0.968504 0.19685 -0.165354 
vn 0.874016 0.188976 -0.456693 
vn 0.874016 0.188976 -0.456693 
vn 0.874016 0.188976 -0.456693 
vn 0.685039 0.188976 -0.700787 
vn 0.685039 0.188976 -0.700787 
vn 0.874016 0.188976 -0.456693 
vn 0.685039 0.188976 -0.700787 
vn 0.440945 0.188976 -0.88189 
vn 0.440945 0.188976 -0.88189 
vn 0.685039 0.188976 -0.700787 
vn 0.149606 0.181102 -0.968504 
vn 0.149606 0.181102 -0.968504 
vn 0.149606 0.220472 0.96063 
vn 0.149606 0.220472 0.96063 
vn 0.149606 0.275591 0.944882 
vn 0.149606 0.283465 0.944882 
vn 0.440945 0.220472 0.866142 
vn 0.433071 0.275591 0.858268 
vn 0.440945 0.220472 0.866142 
vn 0.692913 0.212598 0.685039 
vn 0.685039 0.267717 0.677165 
vn 0.433071 0.275591 0.858268 
vn 0.874016 0.204724 0.433071 
vn 0.866142 0.251969 0.433071 
vn 0.968504 0.19685 0.141732 
vn 0.96063 0.244094 0.141732 
vn 0.606299 0.708661 -0.354331 
vn 0.606299 0.708661 -0.354331 
vn 0.606299 0.708661 -0.354331 
vn 0.456693 0.370079 -0.80315 
vn 0.519685 0.748031 -0.409449 
vn 0.519685 0.748031 -0.409449 
vn 0.511811 0.755906 -0.409449 
vn 0.511811 0.755906 -0.409449 
vn 0.511811 0.755906 -0.409449 
vn 0.448819 0.322835 -0.834646 
vn 0.448819 0.322835 -0.834646 
vn 0.448819 0.322835 -0.834646 
vn 0.440945 0.188976 -0.88189 
vn 0.149606 0.181102 -0.968504 
vn 0.149606 0.228346 -0.96063 
vn 0.19685 0.275591 -0.937008 
vn 0.149606 0.314961 0.937008 
vn 0.149606 0.314961 0.937008 
vn 0.433071 0.314961 0.84252 
vn 0.677165 0.307087 0.669291 
vn 0.433071 0.314961 0.84252 
vn 0.84252 0.338583 0.417323 
vn 0.913386 0.393701 0.125984 
vn 0.456693 0.370079 -0.80315 
vn 0.606299 0.708661 -0.354331 
vn 0.551181 -0.023622 -0.834646 
vn 0.551181 -0.023622 -0.834646 
vn 0.748031 0.322835 -0.582677 
vn 0.519685 0.748031 -0.409449 
vn 0.740157 0.015748 -0.677165 
vn 0.80315 0.0708661 -0.590551 
vn 0.740157 0.015748 -0.677165 
vn 0.905512 0.251969 -0.330709 
vn 0.19685 0.212598 -0.952756 
vn 0.244094 0.251969 -0.937008 
vn 0.968504 0.19685 0.141732 
vn 0.968504 0.19685 -0.165354 
vn 0.96063 0.244094 0.141732 
vn 0.874016 0.188976 -0.456693 
vn 0.685039 0.188976 -0.700787 
vn 0.685039 0.188976 -0.700787 
vn 0.771654 0.496063 -0.393701 
vn 0.771654 0.496063 -0.393701 
vn 0.724409 0.19685 -0.661417 
vn 0.76378 0.0866142 -0.637795 
vn 0.19685 0.275591 -0.937008 
vn 0.244094 0.251969 -0.937008 
vn 0.732283 0.204724 -0.653543 
vn 0.732283 0.204724 -0.653543 
vn 0.905512 0.251969 -0.330709 
vn 0.913386 0.393701 0.125984 
vn 0.0472441 0.96063 0.275591 
vn 0.0472441 0.96063 0.275591 
vn 0.0472441 0.96063 0.275591 
vn 0.0472441 0.96063 0.275591 
vn 0.0472441 0.96063 0.275591 
vn 0.0472441 0.96063 0.275591 
vn 0.141732 0.96063 0.244094 
vn 0.141732 0.96063 0.244094 
vn 0.141732 0.96063 0.244094 
vn 0.228346 0.952756 0.188976 
vn 0.220472 0.952756 0.188976 
vn 0.141732 0.96063 0.244094 
vn 0.228346 0.952756 0.188976 
vn 0.291339 0.952756 0.0944882 
vn 0.275591 0.952756 0.0866142 
vn 0.291339 0.952756 0.0944882 
vn 0.314961 0.952756 -0.00787402 
vn 0.283465 0.96063 -0.015748 
vn 0.314961 0.952756 -0.00787402 
vn 0.291339 0.952756 -0.0787402 
vn 0.346457 0.929134 -0.0944882 
vn 0.314961 0.952756 -0.00787402 
vn 0.291339 0.952756 -0.0787402 
vn 0.307087 0.929134 -0.220472 
vn 0.283465 0.937008 -0.204724 
vn 0.307087 0.929134 -0.220472 
vn 0.204724 0.929134 -0.307087 
vn 0.165354 0.944882 -0.283465 
vn 0.204724 0.929134 -0.307087 
vn 0.181102 0.944882 -0.275591 
vn 0.19685 0.937008 -0.291339 
vn 0.181102 0.944882 -0.275591 
vn 0.0708661 0.944882 -0.314961 
vn 0.102362 0.929134 -0.354331 
vn 0.181102 0.944882 -0.275591 
vn 0.0708661 0.944882 -0.314961 
vn 1 0 0 
vn 1 0 0 
vn 1 0 0 
vn 1 0 0 
vn 1 0 0 
vn 1 0 0 
vn -0.0551181 0.92126 -0.393701 
vn -0.0551181 0.92126 -0.385827 
vn -0.165354 0.92126 -0.362205 
vn -0.267717 0.913386 -0.299213 
vn -0.354331 0.913386 -0.19685 
vn -0.417323 0.905512 -0.0629921 
vn -0.496063 0.826772 0.267717 
vn -0.464567 0.724409 0.511811 
vn -0.527559 0.779528 0.346457 
vn -0.488189 0.834646 0.267717 
vn -0.133858 0.913386 0.385827 
vn -0.0551181 0.913386 -0.393701 
vn -0.0551181 0.92126 -0.393701 
vn -0.165354 0.913386 -0.370079 
vn -0.259843 0.913386 -0.307087 
vn -0.346457 0.913386 -0.204724 
vn -0.401575 0.913386 -0.0708661 
vn -0.401575 0.905512 0.125984 
vn -0.338583 0.897638 0.291339 
vn -0.370079 0.889764 0.283465 
vn -0.409449 0.866142 0.275591 
vn -0.133858 0.92126 0.370079 
vn 0.149606 0.314961 0.937008 
vn 0.0472441 0.96063 0.275591 
vn 0.0472441 0.96063 0.275591 
vn 0.102362 0.929134 -0.354331 
vn 0.0708661 0.944882 -0.314961 
vn 0.19685 0.212598 -0.952756 
vn 0.0866142 -0.818898 0.566929 
vn 0.0393701 -0.850394 0.527559 
vn -0.102362 0.850394 -0.519685 
vn 0.19685 -0.858268 0.472441 
vn -0.19685 0.858268 -0.472441 
vn 0.267717 -0.889764 0.377953 
vn -0.267717 0.889764 -0.377953 
vn -0.267717 0.889764 -0.377953 
vn 0.267717 -0.889764 0.377953 
vn 0.23622 -0.937008 0.267717 
vn -0.23622 0.937008 -0.267717 
vn 0.23622 -0.968504 0.0944882 
vn -0.23622 0.968504 -0.0944882 
vn 0.141732 -0.984252 0.0708661 
vn -0.141732 0.984252 -0.0708661 
vn -0.141732 0.984252 -0.0708661 
vn 0.141732 -0.984252 0.0708661 
vn 0.0393701 -0.992126 0.102362 
vn -0.0393701 0.992126 -0.102362 
vn -0.00787402 -0.976378 0.19685 
vn 0.00787402 0.976378 -0.19685 
vn -0.0314961 -0.968504 0.244094 
vn 0.0314961 0.968504 -0.244094 
vn 0.0314961 0.968504 -0.244094 
vn -0.0314961 -0.968504 0.244094 
vn -0.0314961 -0.976378 0.220472 
vn -0.0393701 -0.850394 0.527559 
vn -0.0393701 -0.850394 0.527559 
vn -0.0393701 -0.850394 0.527559 
vn -0.0866142 -0.818898 0.566929 
vn -0.19685 -0.858268 0.472441 
vn -0.19685 -0.858268 0.472441 
vn -0.267717 -0.889764 0.377953 
vn -0.267717 -0.889764 0.377953 
vn -0.23622 -0.937008 0.267717 
vn -0.23622 -0.937008 0.267717 
vn -0.23622 -0.968504 0.0944882 
vn -0.23622 -0.968504 0.0944882 
vn -0.141732 -0.984252 0.0708661 
vn -0.141732 -0.984252 0.0708661 
vn -0.0393701 -0.992126 0.102362 
vn -0.0393701 -0.992126 0.102362 
vn 0.00787402 -0.976378 0.19685 
vn 0.00787402 -0.976378 0.19685 
vn 0.0314961 -0.968504 0.244094 
vn 0.0314961 -0.968504 0.244094 
vn 0.0314961 -0.976378 0.220472 
vn 0.0314961 -0.976378 0.220472 
vn -0.0393701 -1 0.0551181 
vn -0.0314961 -1 0.00787402 
vn -0.110236 -0.992126 -0.0472441 
vn -0.19685 -0.976378 -0.0393701 
vn -0.228346 -0.968504 0.023622 
vn -0.149606 -0.984252 0.0866142 
vn -0.173228 -0.976378 0.141732 
vn -0.141732 -0.968504 0.19685 
vn -0.0866142 -0.968504 0.23622 
vn 0.0472441 0.992126 0.125984 
vn 0.0472441 0.992126 0.125984 
vn 0.0472441 0.992126 0.125984 
vn -0.0787402 0.992126 0.0866142 
vn -0.125984 0.992126 0.0551181 
vn -0.165354 0.984252 0 
vn -0.188976 0.984252 -0.0551181 
vn -0.188976 0.968504 -0.149606 
vn -0.165354 0.96063 -0.220472 
vn -0.165354 0.96063 -0.220472 
vn -0.173228 0.96063 -0.212598 
vn -0.0551181 0.968504 -0.244094 
vn -0.0393701 -0.850394 0.527559 
vn 0.0708661 0.866142 -0.496063 
vn 0.0708661 0.866142 -0.496063 
vn 0.102362 0.850394 -0.519685 
vn 0.228346 0.84252 -0.488189 
vn 0.19685 0.858268 -0.472441 
vn 0.346457 0.850394 -0.393701 
vn 0.267717 0.889764 -0.377953 
vn 0.393701 0.88189 -0.267717 
vn 0.23622 0.937008 -0.267717 
vn 0.338583 0.937008 -0.0708661 
vn 0.23622 0.968504 -0.0944882 
vn 0.23622 0.968504 -0.023622 
vn 0.141732 0.984252 -0.0708661 
vn 0.11811 0.992126 -0.023622 
vn 0.0393701 0.992126 -0.102362 
vn 0.0314961 0.992126 -0.0944882 
vn -0.00787402 0.976378 -0.19685 
vn -0.0393701 0.984252 -0.188976 
vn -0.0314961 0.968504 -0.244094 
vn -0.023622 0.968504 -0.244094 
vn 0.0314961 -0.976378 0.220472 
vn 0.023622 1 -0.00787402 
vn 0.023622 1 -0.00787402 
vn 0.110236 0.992126 0.0472441 
vn 0.19685 0.976378 0.0393701 
vn 0.228346 0.968504 -0.023622 
vn 0.149606 0.984252 -0.0866142 
vn 0.165354 0.976378 -0.141732 
vn 0.141732 0.968504 -0.19685 
vn 0.0866142 0.968504 -0.23622 
vn 0.0314961 0.968504 -0.244094 
vn 0 1 -0.0472441 
vn 0.0314961 0.968504 -0.244094 
vn -0.149606 0.220472 0.96063 
vn -0.149606 0.220472 0.96063 
vn 0.0866142 0.968504 -0.23622 
vn -0.440945 0.220472 0.866142 
vn -0.440945 0.220472 0.866142 
vn -0.440945 0.220472 0.866142 
vn -0.440945 0.220472 0.866142 
vn -0.692913 0.220472 0.685039 
vn -0.692913 0.212598 0.685039 
vn 0.19685 0.976378 0.0393701 
vn -0.874016 0.19685 -0.448819 
vn -0.874016 0.19685 -0.448819 
vn -0.874016 0.188976 -0.456693 
vn -0.874016 0.188976 -0.456693 
vn -0.874016 0.19685 -0.448819 
vn -0.685039 0.188976 -0.700787 
vn -0.685039 0.188976 -0.700787 
vn -0.685039 0.188976 -0.700787 
vn -0.685039 0.188976 -0.700787 
vn -0.440945 0.188976 -0.88189 
vn -0.440945 0.188976 -0.88189 
vn -0.149606 0.188976 -0.968504 
vn -0.149606 0.181102 -0.968504 
vn -0.149606 0.220472 0.96063 
vn -0.149606 0.283465 0.944882 
vn -0.149606 0.283465 0.944882 
vn -0.149606 0.220472 0.96063 
vn -0.433071 0.275591 0.858268 
vn -0.440945 0.220472 0.866142 
vn -0.440945 0.220472 0.866142 
vn -0.433071 0.275591 0.858268 
vn -0.685039 0.267717 0.677165 
vn -0.692913 0.220472 0.685039 
vn -0.866142 0.251969 0.433071 
vn -0.866142 0.251969 0.433071 
vn -0.96063 0.244094 0.141732 
vn -0.96063 0.244094 0.141732 
vn -0.456693 0.370079 -0.80315 
vn -0.456693 0.370079 -0.80315 
vn -0.456693 0.370079 -0.80315 
vn -0.606299 0.708661 -0.354331 
vn -0.511811 0.685039 -0.519685 
vn -0.519685 0.748031 -0.409449 
vn -0.503937 0.748031 -0.425197 
vn -0.511811 0.755906 -0.409449 
vn -0.653543 0.716535 -0.244094 
vn -0.653543 0.716535 -0.244094 
vn -0.448819 0.322835 -0.834646 
vn -0.511811 0.755906 -0.409449 
vn -0.440945 0.188976 -0.88189 
vn -0.19685 0.275591 -0.937008 
vn -0.19685 0.275591 -0.937008 
vn -0.149606 0.188976 -0.968504 
vn -0.149606 0.314961 0.937008 
vn -0.149606 0.314961 0.937008 
vn -0.433071 0.314961 0.84252 
vn -0.433071 0.314961 0.84252 
vn -0.677165 0.307087 0.669291 
vn -0.874016 0.291339 0.393701 
vn -0.944882 0.322835 0.0787402 
vn -0.748031 0.322835 -0.582677 
vn -0.748031 0.322835 -0.582677 
vn -0.716535 -0.023622 -0.692913 
vn -0.787402 0.023622 -0.614173 
vn -0.874016 0.102362 -0.472441 
vn -0.244094 0.251969 -0.937008 
vn -0.244094 0.251969 -0.937008 
vn -0.96063 0.244094 0.141732 
vn -0.456693 0.370079 -0.80315 
vn -0.606299 0.708661 -0.354331 
vn -0.874016 0.19685 -0.448819 
vn -0.96063 0.244094 0.141732 
vn -0.96063 0.244094 0.141732 
vn -0.874016 0.19685 -0.448819 
vn -0.874016 0.19685 -0.448819 
vn -0.685039 0.188976 -0.700787 
vn -0.685039 0.188976 -0.700787 
vn -0.740157 0.19685 -0.637795 
vn -0.771654 0.496063 -0.393701 
vn -0.716535 0.0866142 -0.692913 
vn -0.76378 0.15748 -0.622047 
vn -0.874016 0.102362 -0.472441 
vn -0.559055 0.259843 -0.787402 
vn -0.19685 0.275591 -0.937008 
vn -0.559055 0.259843 -0.787402 
vn -0.244094 0.251969 -0.937008 
vn -0.944882 0.322835 0.0787402 
vn -0.0472441 0.96063 0.275591 
vn -0.0472441 0.96063 0.275591 
vn -0.0472441 0.96063 0.275591 
vn -0.0472441 0.96063 0.275591 
vn -0.0472441 0.96063 0.275591 
vn -0.0472441 0.96063 0.275591 
vn -0.141732 0.96063 0.244094 
vn -0.141732 0.96063 0.244094 
vn -0.141732 0.96063 0.244094 
vn -0.220472 0.952756 0.188976 
vn -0.220472 0.952756 0.188976 
vn -0.141732 0.96063 0.244094 
vn -0.220472 0.952756 0.188976 
vn -0.275591 0.952756 0.0866142 
vn -0.275591 0.952756 0.0866142 
vn -0.275591 0.952756 0.0866142 
vn -0.283465 0.96063 -0.015748 
vn -0.283465 0.96063 -0.015748 
vn -0.283465 0.96063 -0.015748 
vn -0.346457 0.929134 -0.0944882 
vn -0.346457 0.929134 -0.0944882 
vn -0.283465 0.96063 -0.015748 
vn -0.346457 0.929134 -0.0944882 
vn -0.283465 0.937008 -0.204724 
vn -0.283465 0.937008 -0.204724 
vn -0.283465 0.937008 -0.204724 
vn -0.165354 0.944882 -0.283465 
vn -0.165354 0.944882 -0.283465 
vn -0.165354 0.944882 -0.283465 
vn -0.19685 0.937008 -0.291339 
vn -0.19685 0.937008 -0.291339 
vn -0.19685 0.937008 -0.291339 
vn -0.102362 0.929134 -0.354331 
vn -0.102362 0.929134 -0.354331 
vn -0.19685 0.937008 -0.291339 
vn -0.102362 0.929134 -0.354331 
vn -1 0 0 
vn -1 0 0 
vn -1 0 0 
vn -1 0 0 
vn -1 0 0 
vn -1 0 0 
vn 0.0551181 0.92126 -0.385827 
vn 0.0551181 0.92126 -0.385827 
vn 0.15748 0.92126 -0.354331 
vn 0.251969 0.92126 -0.299213 
vn 0.338583 0.92126 -0.19685 
vn 0.393701 0.913386 -0.0708661 
vn 0.409449 0.905512 0.133858 
vn 0.440945 0.80315 0.393701 
vn 0.535433 0.724409 0.433071 
vn 0.503937 0.787402 0.362205 
vn 0.133858 0.913386 0.385827 
vn 0.0551181 0.92126 -0.393701 
vn 0.0551181 0.92126 -0.393701 
vn 0.15748 0.92126 -0.362205 
vn 0.251969 0.92126 -0.307087 
vn 0.330709 0.92126 -0.204724 
vn 0.385827 0.92126 -0.0787402 
vn 0.393701 0.913386 0.11811 
vn 0.338583 0.897638 0.283465 
vn 0.362205 0.889764 0.259843 
vn 0.401575 0.88189 0.259843 
vn 0.133858 0.92126 0.362205 
vn -0.149606 0.314961 0.937008 
vn -0.0472441 0.96063 0.275591 
vn -0.0472441 0.96063 0.275591 
vn -0.102362 0.929134 -0.354331 
vn -0.244094 0.251969 -0.937008 
vn -0.102362 0.929134 -0.354331 
vn 0.102362 0.850394 -0.519685 
vn -0.0393701 -0.850394 0.527559 
vn -0.0393701 -0.850394 0.527559 
vn 0.19685 0.858268 -0.472441 
vn -0.19685 -0.858268 0.472441 
vn 0.267717 0.889764 -0.377953 
vn -0.267717 -0.889764 0.377953 
vn 0.267717 0.889764 -0.377953 
vn 0.23622 0.937008 -0.267717 
vn -0.23622 -0.937008 0.267717 
vn -0.267717 -0.889764 0.377953 
vn 0.23622 0.968504 -0.0944882 
vn -0.23622 -0.968504 0.0944882 
vn 0.141732 0.984252 -0.0708661 
vn -0.141732 -0.984252 0.0708661 
vn 0.141732 0.984252 -0.0708661 
vn 0.0393701 0.992126 -0.102362 
vn -0.0393701 -0.992126 0.102362 
vn -0.141732 -0.984252 0.0708661 
vn -0.00787402 0.976378 -0.19685 
vn 0.00787402 -0.976378 0.19685 
vn -0.0314961 0.968504 -0.244094 
vn 0.0314961 -0.968504 0.244094 
vn -0.0314961 0.968504 -0.244094 
vn 0.0314961 -0.976378 0.220472 
vn 0.0314961 -0.968504 0.244094 
vn 0.228346 0.968504 -0.023622 
vn -0.96063 0.244094 0.141732 
vn 0.149606 0.984252 -0.0866142 
vn -0.866142 0.251969 0.433071 
vn -0.692913 0.212598 0.685039 
vn -0.692913 0.220472 0.685039 
vn 0 -1 0.0629921 
vn 0 -1 0.0629921 
vn 0 -1 0.0629921 
vn 0 -1 0.0629921 
vn 0 -1 0.0629921 
vn 0 -1 0.0629921 
vn 0 -1 0.0629921 
vn 0 -1 0.0629921 
vn 0 -1 0.0629921 
vn 0 -1 0.0629921 
vn 0 -1 0.0629921 
vn 0 -1 0.0629921 
vn 0 -1 0.0629921 
vn 0 -1 0.0629921 
vn 0 -1 0.0629921 
vn 0 -1 0.0629921 
vn 0 -1 0.0629921 
vn 0 -1 0.0629921 
vn 0 -1 0.0629921 
vn 0 -1 0.0629921 
vn 0 -1 0.0629921 
vn 0 -1 0.0629921 
vn 0 -1 0.0629921 
vn 0 -1 0.0629921 
vn 0 -1 0.0629921 
vn 0 -1 0.0629921 
vn 0 -1 0.0629921 
vn 0 -1 0.0629921 
vn 0 -1 0.0629921 
vn 0 -1 0.0629921 
vn 0 -1 0.0629921 
vn 0 -1 0.0629921 
vn 0 -1 0.0629921 
vn 0 -1 0.0629921 
vn 0 -1 0.0629921 
vn 0 -1 0.0629921 
vn 0 -1 0.0629921 
vn 0 -1 0.0629921 
vn 0 -1 0.0629921 
vn 0 -1 0.0629921 
vn 0 -1 0.0629921 
vn 0 -1 0.0629921 
vn 0 -1 0.0629921 
vn 0 -1 0.0629921 
vn 0 -1 0.0629921 
vn 0 -1 0.0629921 
vn 0 -1 0.0629921 
vn 0 -1 0.0629921 
vn 0 -1 0.0629921 
vn 0 -1 0.0629921 
vn 0 -1 0.0629921 
vn 0 -1 0.0629921 
vn 0 -1 0.0629921 
vn 0 -1 0.0629921 
vn 0 -1 0.0629921 
vn 0 -1 0.0629921 
vn 0 -1 0.0629921 
vn 0 -1 0.0629921 
vn 0 -1 0.0629921 
vn 0 -1 0.0629921 
vn 0 -1 0.0629921 
vn 0 -1 0.0629921 
vn 0 -1 0.0629921 
vn 0 -1 0.0629921 
vn 0 -1 0.0629921 
vn 0 -1 0.0629921 
vn 0 -1 0.0629921 
vn 0 -1 0.0629921 
vn 0 -1 0.0629921 
vn 0 -1 0.0629921 
vn 0 -1 0.0629921 
vn 0 -1 0.0629921 
vn 0 -1 0.0629921 
vn 0 -1 0.0629921 
vn 0 -1 0.0629921 
vn 0 -1 0.0629921 
vn 0 -1 0.0629921 
vn 0 -1 0.0629921 
vn 0 -1 0.0629921 
vn 0 -1 0.0629921 
vn 0 -1 0.0629921 
vn 0 -1 0.0629921 
vn 0 -1 0.0629921 
vn 0 -1 0.0629921 
vn 0 -1 0.0629921 
vn 0 -1 0.0629921 
vn 0 -1 0.0629921 
vn 0 -1 0.0629921 
vn 0 -1 0.0629921 
vn 0 -1 0.0629921 
vn 0 -1 0.0629921 
vn 0 -1 0.0629921 
vn 0 -1 0.0629921 
vn 0 -1 0.0629921 
vn 0 -1 0.0629921 
vn 0 -1 0.0629921 
vn 0 -1 0.0629921 
vn 0 -1 0.0629921 
vn 0 -1 0.0629921 
vn 0 -1 0.0629921 
vn 0 -1 0.0629921 
vn 0 -1 0.0629921 
vn 0 -1 0.0629921 
vn 0 -1 0.0629921 
vn 0 -1 0.0629921 
vn 0 -1 0.0629921 
vn 0 -1 0.0629921 
vn 0 -1 0.0629921 
vn 0 -1 0.0629921 
vn 0 -1 0.0629921 
vn 0 -1 0.0629921 
vn 0 -1 0.0629921 
vn 0 -1 0.0629921 
vn 0 -1 0.0629921 
vn 0 -1 0.0629921 
vn 0 -1 0.0629921 
vn 0 -1 0.0629921 
vn 0 -1 0.0629921 
vn 0 -1 0.0629921 
vn 0 -1 0.0629921 
vn 0 -1 0.0629921 
vn 0 -1 0.0629921 
vn 0 -1 0.0629921 
vn 0 -1 0.0629921 
vn 0 -1 0.0629921 
vn 0 -1 0.0629921 
vn 0 -1 0.0629921 
vn 0 -1 0.0629921 
vn 0 -1 0.0629921 
vn 0 -1 0.0629921 
vn 0 -1 0.0629921 
vn 0 -1 0.0629921 
vn 0 -1 0.0629921 
vn 0 -1 0.0629921 
vn 0 -1 0.0629921 
vn 0 -1 0.0629921 
vn 0 -1 0.0629921 
vn 0 -1 0.0629921 
vn 0 -1 0.0629921 
vn 0 -1 0.0629921 
vn 0 -1 0.0629921 
vn 0 -1 0.0629921 

vt 0.755859 0.568183 
vt 0.760185 0.566893 
vt 0.762244 0.578641 
vt 0.758169 0.581536 
vt 0.766308 0.588608 
vt 0.763009 0.59275 
vt 0.772008 0.595802 
vt 0.769787 0.60074 
vt 0.778818 0.5995 
vt 0.777849 0.604726 
vt 0.786114 0.599294 
vt 0.786539 0.604285 
vt 0.793024 0.595204 
vt 0.794784 0.599533 
vt 0.798915 0.587658 
vt 0.801855 0.590953 
vt 0.803146 0.577483 
vt 0.806966 0.579418 
vt 0.805414 0.565678 
vt 0.809767 0.566013 
vt 0.805532 0.553376 
vt 0.810039 0.552032 
vt 0.798833 0.57535 
vt 0.800488 0.56533 
vt 0.795611 0.584 
vt 0.791059 0.590376 
vt 0.785624 0.59373 
vt 0.779908 0.59367 
vt 0.774554 0.590266 
vt 0.770105 0.583942 
vt 0.766939 0.57536 
vt 0.765601 0.565279 
vt 0.800246 0.554951 
vt 0.827765 0.567781 
vt 0.834264 0.567603 
vt 0.833975 0.571331 
vt 0.833133 0.57471 
vt 0.831773 0.577433 
vt 0.830005 0.579003 
vt 0.828132 0.579252 
vt 0.826539 0.577923 
vt 0.825099 0.575208 
vt 0.82371 0.57288 
vt 0.822077 0.570425 
vt 0.821617 0.567716 
vt 0.813831 0.560146 
vt 0.815277 0.546388 
vt 0.819483 0.548018 
vt 0.818383 0.560146 
vt 0.819143 0.533977 
vt 0.822689 0.537043 
vt 0.825164 0.524128 
vt 0.827718 0.528287 
vt 0.832752 0.517804 
vt 0.834107 0.522632 
vt 0.841329 0.515625 
vt 0.841299 0.520675 
vt 0.849849 0.517804 
vt 0.848439 0.522632 
vt 0.857537 0.524128 
vt 0.854867 0.528287 
vt 0.863532 0.533977 
vt 0.859876 0.537043 
vt 0.867381 0.546388 
vt 0.863069 0.548018 
vt 0.868652 0.560146 
vt 0.864164 0.560146 
vt 0.858181 0.549836 
vt 0.855741 0.540463 
vt 0.851863 0.532926 
vt 0.846868 0.528016 
vt 0.841248 0.526307 
vt 0.835629 0.528016 
vt 0.830633 0.532926 
vt 0.826755 0.540463 
vt 0.824316 0.549836 
vt 0.823485 0.560146 
vt 0.859012 0.560146 
vt 0.849358 0.686456 
vt 0.854698 0.686359 
vt 0.854431 0.693838 
vt 0.849358 0.694062 
vt 0.859551 0.686073 
vt 0.859042 0.693662 
vt 0.80382 0.517842 
vt 0.809322 0.517378 
vt 0.809203 0.525322 
vt 0.803976 0.525616 
vt 0.845368 0.595782 
vt 0.850371 0.595576 
vt 0.850488 0.603579 
vt 0.845739 0.60358 
vt 0.856 0.595344 
vt 0.855831 0.603577 
vt 0.861628 0.595111 
vt 0.861173 0.603576 
vt 0.866632 0.594905 
vt 0.865923 0.603575 
vt 0.755859 0.517647 
vt 0.761361 0.517184 
vt 0.761218 0.526234 
vt 0.755991 0.526525 
vt 0.78192 0.719995 
vt 0.786774 0.719709 
vt 0.787041 0.728709 
vt 0.78243 0.728886 
vt 0.792113 0.719612 
vt 0.792113 0.728649 
vt 0.835883 0.686473 
vt 0.840956 0.686249 
vt 0.840548 0.696604 
vt 0.835883 0.696659 
vt 0.845566 0.686073 
vt 0.84479 0.696442 
vt 0.845368 0.568136 
vt 0.850586 0.567468 
vt 0.850766 0.578242 
vt 0.845966 0.578856 
vt 0.855663 0.567587 
vt 0.855437 0.57835 
vt 0.860066 0.5685 
vt 0.859488 0.579188 
vt 0.789759 0.570324 
vt 0.787872 0.573429 
vt 0.78715 0.563387 
vt 0.79025 0.56451 
vt 0.782683 0.575208 
vt 0.782861 0.562771 
vt 0.77772 0.573099 
vt 0.778892 0.562832 
vt 0.822613 0.688617 
vt 0.825177 0.690552 
vt 0.826771 0.69536 
vt 0.774706 0.564238 
vt 0.827019 0.686133 
vt 0.832091 0.686073 
vt 0.832091 0.694556 
vt 0.828652 0.694611 
vt 0.840245 0.703126 
vt 0.835883 0.703177 
vt 0.84421 0.702974 
vt 0.85086 0.58511 
vt 0.846372 0.585687 
vt 0.855104 0.585311 
vt 0.858508 0.586245 
vt 0.78409 0.546034 
vt 0.787539 0.545242 
vt 0.787397 0.552107 
vt 0.787025 0.558665 
vt 0.789712 0.560647 
vt 0.791779 0.545167 
vt 0.791861 0.55276 
vt 0.778005 0.557673 
vt 0.782546 0.557305 
vt 0.775517 0.559023 
vt 0.832091 0.70329 
vt 0.828887 0.703379 
vt 0.792863 0.57211 
vt 0.787894 0.575467 
vt 0.791837 0.5634 
vt 0.782595 0.576537 
vt 0.777513 0.575266 
vt 0.822408 0.686309 
vt 0.786916 0.557301 
vt 0.790419 0.556882 
vt 0.78256 0.555962 
vt 0.778166 0.556008 
vt 0.772949 0.563296 
vt 0.773682 0.555995 
vt 0.774413 0.555798 
vt 0.828425 0.703789 
vt 0.827113 0.70087 
vt 0.791013 0.556904 
vt 0.840811 0.567572 
vt 0.841576 0.56754 
vt 0.840987 0.575701 
vt 0.840252 0.575307 
vt 0.835883 0.70437 
vt 0.840111 0.70432 
vt 0.839136 0.583135 
vt 0.838496 0.582351 
vt 0.843956 0.704173 
vt 0.83615 0.589134 
vt 0.835665 0.588031 
vt 0.846495 0.587067 
vt 0.850845 0.586509 
vt 0.832267 0.592653 
vt 0.831981 0.591313 
vt 0.854934 0.586707 
vt 0.828197 0.593302 
vt 0.828077 0.591845 
vt 0.858104 0.587583 
vt 0.824554 0.590295 
vt 0.824701 0.589118 
vt 0.790787 0.555402 
vt 0.78686 0.556075 
vt 0.821303 0.584509 
vt 0.821641 0.583506 
vt 0.782529 0.554713 
vt 0.818187 0.579315 
vt 0.818806 0.578636 
vt 0.778434 0.554635 
vt 0.814745 0.573721 
vt 0.815464 0.573501 
vt 0.77395 0.554591 
vt 0.813831 0.567844 
vt 0.814507 0.567861 
vt 0.82904 0.704663 
vt 0.832091 0.704556 
vt 0.823878 0.704633 
vt 0.822408 0.704663 
vt 0.823141 0.704176 
vt 0.816424 0.725904 
vt 0.814969 0.725912 
vt 0.815696 0.725431 
vt 0.838385 0.574004 
vt 0.838853 0.567515 
vt 0.836916 0.579912 
vt 0.834547 0.584674 
vt 0.831465 0.587425 
vt 0.828199 0.587867 
vt 0.825409 0.585549 
vt 0.822884 0.58081 
vt 0.820477 0.576748 
vt 0.817644 0.572466 
vt 0.816842 0.567735 
vt 0.836871 0.572928 
vt 0.837264 0.567468 
vt 0.835637 0.577899 
vt 0.833645 0.581905 
vt 0.831055 0.584216 
vt 0.82831 0.584586 
vt 0.825977 0.582634 
vt 0.823867 0.578645 
vt 0.821832 0.575224 
vt 0.819439 0.571617 
vt 0.818765 0.567634 
vt 0.806594 0.602227 
vt 0.807333 0.601773 
vt 0.808065 0.602262 
vt 0.822408 0.700015 
vt 0.823137 0.699544 
vt 0.823864 0.700028 
vt 0.788324 0.613154 
vt 0.78114 0.615691 
vt 0.781108 0.614861 
vt 0.773969 0.615844 
vt 0.773992 0.615012 
vt 0.767571 0.614006 
vt 0.767627 0.613188 
vt 0.84995 0.556494 
vt 0.85004 0.55731 
vt 0.84174 0.560146 
vt 0.84171 0.559319 
vt 0.833227 0.559796 
vt 0.833232 0.558975 
vt 0.825548 0.558133 
vt 0.825542 0.557331 
vt 0.827773 0.544197 
vt 0.827776 0.543363 
vt 0.836181 0.543391 
vt 0.836183 0.544221 
vt 0.843773 0.543218 
vt 0.843796 0.544038 
vt 0.849884 0.543921 
vt 0.849925 0.544733 
vt 0.813831 0.522138 
vt 0.813839 0.521303 
vt 0.82108 0.521747 
vt 0.755859 0.568183 
vt 0.755977 0.554106 
vt 0.760314 0.554492 
vt 0.760185 0.566893 
vt 0.758839 0.540596 
vt 0.762632 0.542624 
vt 0.764055 0.529031 
vt 0.766943 0.532446 
vt 0.771119 0.520535 
vt 0.772859 0.524955 
vt 0.779474 0.515895 
vt 0.779847 0.520902 
vt 0.788077 0.515625 
vt 0.787074 0.520778 
vt 0.796158 0.519688 
vt 0.79387 0.524542 
vt 0.802833 0.527711 
vt 0.799493 0.531779 
vt 0.807596 0.538861 
vt 0.803498 0.541715 
vt 0.810039 0.552032 
vt 0.805532 0.553376 
vt 0.798856 0.544915 
vt 0.795714 0.536325 
vt 0.791291 0.529954 
vt 0.785955 0.526525 
vt 0.780249 0.526493 
vt 0.774809 0.529878 
vt 0.770235 0.536242 
vt 0.766981 0.544862 
vt 0.765302 0.554888 
vt 0.83462 0.634039 
vt 0.834905 0.637769 
vt 0.828407 0.637568 
vt 0.833781 0.630657 
vt 0.832424 0.62793 
vt 0.830657 0.626354 
vt 0.828784 0.626098 
vt 0.82719 0.627422 
vt 0.825747 0.630131 
vt 0.824356 0.632454 
vt 0.822721 0.634904 
vt 0.822259 0.637611 
vt 0.755859 0.612048 
vt 0.760412 0.612048 
vt 0.761512 0.624176 
vt 0.757306 0.625806 
vt 0.764717 0.635151 
vt 0.761172 0.638217 
vt 0.769747 0.643907 
vt 0.767193 0.648067 
vt 0.776136 0.649563 
vt 0.774781 0.65439 
vt 0.783327 0.651519 
vt 0.783358 0.656569 
vt 0.790468 0.649563 
vt 0.791878 0.65439 
vt 0.796896 0.643907 
vt 0.799566 0.648067 
vt 0.801905 0.635151 
vt 0.805561 0.638217 
vt 0.805097 0.624176 
vt 0.809409 0.625806 
vt 0.806193 0.612048 
vt 0.810681 0.612048 
vt 0.79777 0.631731 
vt 0.80021 0.622359 
vt 0.793892 0.639268 
vt 0.788896 0.644179 
vt 0.783277 0.645887 
vt 0.777658 0.644179 
vt 0.772662 0.639268 
vt 0.768784 0.631731 
vt 0.766344 0.622359 
vt 0.765514 0.612048 
vt 0.80104 0.612048 
vt 0.855002 0.664275 
vt 0.855002 0.671881 
vt 0.84993 0.671657 
vt 0.849663 0.664177 
vt 0.845319 0.671481 
vt 0.844809 0.663892 
vt 0.801407 0.72007 
vt 0.801254 0.727843 
vt 0.796027 0.727556 
vt 0.795905 0.719612 
vt 0.850065 0.642214 
vt 0.850512 0.65068 
vt 0.845762 0.650662 
vt 0.845061 0.64199 
vt 0.82791 0.712442 
vt 0.827781 0.72132 
vt 0.822554 0.721035 
vt 0.822408 0.711985 
vt 0.783142 0.54387 
vt 0.782632 0.55276 
vt 0.778021 0.552584 
vt 0.778288 0.543584 
vt 0.772949 0.552524 
vt 0.772949 0.543487 
vt 0.845566 0.712093 
vt 0.845566 0.722279 
vt 0.840901 0.722224 
vt 0.840494 0.711869 
vt 0.83666 0.722062 
vt 0.835883 0.711692 
vt 0.796617 0.692882 
vt 0.79601 0.703601 
vt 0.791211 0.70297 
vt 0.7914 0.692197 
vt 0.78654 0.703063 
vt 0.786324 0.692301 
vt 0.782489 0.70389 
vt 0.78192 0.6932 
vt 0.846779 0.628295 
vt 0.846291 0.621836 
vt 0.849763 0.621948 
vt 0.848168 0.631233 
vt 0.853978 0.622091 
vt 0.852808 0.633359 
vt 0.857696 0.622595 
vt 0.857668 0.631971 
vt 0.861088 0.623663 
vt 0.814016 0.721236 
vt 0.815611 0.716428 
vt 0.818174 0.714493 
vt 0.813769 0.712008 
vt 0.812136 0.720487 
vt 0.808696 0.720432 
vt 0.808696 0.711949 
vt 0.845566 0.728797 
vt 0.841205 0.728745 
vt 0.83724 0.728594 
vt 0.795597 0.71043 
vt 0.79111 0.709839 
vt 0.786867 0.710026 
vt 0.783463 0.71095 
vt 0.846749 0.617594 
vt 0.849257 0.615707 
vt 0.853656 0.615069 
vt 0.858038 0.616197 
vt 0.86029 0.617808 
vt 0.8119 0.729254 
vt 0.808696 0.729166 
vt 0.803269 0.59429 
vt 0.805628 0.599882 
vt 0.804673 0.604299 
vt 0.803469 0.604726 
vt 0.845061 0.620901 
vt 0.808841 0.594296 
vt 0.848213 0.633572 
vt 0.852802 0.634668 
vt 0.857887 0.634406 
vt 0.81838 0.712185 
vt 0.849294 0.614115 
vt 0.846273 0.613728 
vt 0.853522 0.613388 
vt 0.857781 0.614173 
vt 0.813674 0.726746 
vt 0.812362 0.729665 
vt 0.863195 0.623636 
vt 0.861401 0.614538 
vt 0.862128 0.614908 
vt 0.845782 0.613802 
vt 0.841452 0.637822 
vt 0.840901 0.630085 
vt 0.841636 0.629694 
vt 0.842217 0.637857 
vt 0.845566 0.72999 
vt 0.841338 0.72994 
vt 0.839151 0.623035 
vt 0.839791 0.622253 
vt 0.837494 0.729793 
vt 0.836326 0.617345 
vt 0.836812 0.616245 
vt 0.795474 0.71181 
vt 0.791124 0.711238 
vt 0.832645 0.61405 
vt 0.832932 0.612711 
vt 0.787035 0.711423 
vt 0.828741 0.613504 
vt 0.828863 0.612048 
vt 0.783865 0.71229 
vt 0.825362 0.616219 
vt 0.825217 0.615043 
vt 0.84609 0.612354 
vt 0.849345 0.612778 
vt 0.822298 0.621821 
vt 0.82196 0.620817 
vt 0.853563 0.612048 
vt 0.819458 0.626682 
vt 0.818839 0.626 
vt 0.857569 0.61271 
vt 0.816111 0.631805 
vt 0.815392 0.631583 
vt 0.861928 0.613434 
vt 0.815149 0.637441 
vt 0.814472 0.637456 
vt 0.811747 0.730538 
vt 0.808696 0.730432 
vt 0.806594 0.604546 
vt 0.807333 0.604093 
vt 0.808065 0.604582 
vt 0.814969 0.730525 
vt 0.815698 0.730054 
vt 0.816424 0.730538 
vt 0.839494 0.637872 
vt 0.839033 0.631382 
vt 0.837569 0.625469 
vt 0.835205 0.620698 
vt 0.832125 0.617937 
vt 0.828859 0.617483 
vt 0.826067 0.619792 
vt 0.823538 0.624522 
vt 0.821127 0.628575 
vt 0.81829 0.632847 
vt 0.817484 0.637576 
vt 0.837905 0.637913 
vt 0.837517 0.632452 
vt 0.836288 0.627478 
vt 0.8343 0.623465 
vt 0.831712 0.621144 
vt 0.828967 0.620765 
vt 0.826633 0.622709 
vt 0.824519 0.626691 
vt 0.82248 0.630104 
vt 0.820084 0.633703 
vt 0.819407 0.637683 
vt 0.823878 0.702315 
vt 0.822408 0.702345 
vt 0.823141 0.701859 
vt 0.816424 0.728216 
vt 0.814969 0.728224 
vt 0.815696 0.727743 
vt 0.781109 0.618683 
vt 0.781142 0.617852 
vt 0.788323 0.620415 
vt 0.773993 0.618506 
vt 0.773971 0.617674 
vt 0.767626 0.620307 
vt 0.767571 0.619489 
vt 0.827844 0.546998 
vt 0.83614 0.549118 
vt 0.836129 0.549949 
vt 0.827773 0.547818 
vt 0.844577 0.548315 
vt 0.8446 0.549144 
vt 0.852171 0.546564 
vt 0.852181 0.547379 
vt 0.825542 0.553835 
vt 0.833946 0.553218 
vt 0.83396 0.554051 
vt 0.825561 0.554664 
vt 0.841554 0.553323 
vt 0.841547 0.554155 
vt 0.847661 0.553054 
vt 0.847635 0.553882 
vt 0.859004 0.521303 
vt 0.866253 0.52172 
vt 0.859011 0.522138 
vt 0.855693 0.642467 
vt 0.855854 0.650701 
vt 0.861321 0.642719 
vt 0.861197 0.650721 
vt 0.866324 0.642943 
vt 0.865946 0.650739 
vt 0.798519 0.571419 
vt 0.799571 0.565338 
vt 0.7996 0.555144 
vt 0.797981 0.545442 
vt 0.796028 0.540257 
vt 0.795409 0.581469 
vt 0.7979 0.574997 
vt 0.794759 0.583157 
vt 0.790671 0.588624 
vt 0.79281 0.58582 
vt 0.785461 0.591696 
vt 0.785453 0.591691 
vt 0.771473 0.537835 
vt 0.770563 0.540343 
vt 0.775027 0.532605 
vt 0.768564 0.545853 
vt 0.767555 0.55205 
vt 0.768568 0.574101 
vt 0.76953 0.576753 
vt 0.767053 0.555139 
vt 0.767056 0.564845 
vt 0.77969 0.590943 
vt 0.780293 0.591361 
vt 0.775485 0.588026 
vt 0.774226 0.586164 
vt 0.77146 0.582075 
vt 0.780411 0.528526 
vt 0.791493 0.532485 
vt 0.79061 0.531254 
vt 0.788336 0.52985 
vt 0.785859 0.528421 
vt 0.780408 0.528536 
vt 0.775536 0.531856 
vt 0.794879 0.537205 
vt 0.7559 0.68908 
vt 0.757332 0.696143 
vt 0.757068 0.695474 
vt 0.755859 0.681926 
vt 0.756362 0.678675 
vt 0.756856 0.67569 
vt 0.75729 0.674531 
vt 0.758951 0.670088 
vt 0.760025 0.66858 
vt 0.76185 0.666016 
vt 0.765265 0.663892 
vt 0.768853 0.663929 
vt 0.770993 0.66531 
vt 0.772253 0.666123 
vt 0.77453 0.669392 
vt 0.775124 0.670244 
vt 0.776062 0.672803 
vt 0.777049 0.67561 
vt 0.778128 0.682459 
vt 0.778012 0.689231 
vt 0.777865 0.690022 
vt 0.776838 0.695541 
vt 0.776183 0.697194 
vt 0.774744 0.700824 
vt 0.772871 0.703357 
vt 0.771937 0.704619 
vt 0.768679 0.706604 
vt 0.765263 0.706608 
vt 0.764176 0.705948 
vt 0.761995 0.704625 
vt 0.760055 0.702001 
vt 0.759173 0.700807 
vt 0.794027 0.667572 
vt 0.796246 0.666766 
vt 0.798232 0.68365 
vt 0.794968 0.684835 
vt 0.790561 0.667599 
vt 0.789869 0.684875 
vt 0.787503 0.66637 
vt 0.785369 0.683067 
vt 0.786028 0.664884 
vt 0.783198 0.680881 
vt 0.785159 0.664009 
vt 0.78192 0.679594 
vt 0.831965 0.670328 
vt 0.832006 0.664843 
vt 0.841017 0.663892 
vt 0.840957 0.671962 
vt 0.831955 0.671759 
vt 0.840942 0.674067 
vt 0.823786 0.663934 
vt 0.825241 0.663892 
vt 0.828163 0.678149 
vt 0.826022 0.678212 
vt 0.822197 0.663981 
vt 0.823683 0.67828 
vt 0.81852 0.664095 
vt 0.818274 0.678448 
vt 0.770345 0.734375 
vt 0.769312 0.733775 
vt 0.772085 0.716888 
vt 0.773605 0.71777 
vt 0.827966 0.643769 
vt 0.830638 0.643861 
vt 0.833938 0.658323 
vt 0.830006 0.658187 
vt 0.767042 0.732459 
vt 0.764837 0.731996 
vt 0.765502 0.71427 
vt 0.768746 0.71495 
vt 0.817048 0.7044 
vt 0.815911 0.704237 
vt 0.816943 0.686553 
vt 0.818616 0.686792 
vt 0.76073 0.732342 
vt 0.758284 0.734132 
vt 0.755859 0.717413 
vt 0.759458 0.714779 
vt 0.763738 0.731765 
vt 0.763884 0.713931 
vt 0.815066 0.664205 
vt 0.813192 0.678611 
vt 0.814683 0.664217 
vt 0.812628 0.678629 
vt 0.812011 0.6643 
vt 0.808696 0.678751 
vt 0.811346 0.704402 
vt 0.810306 0.704626 
vt 0.808696 0.687126 
vt 0.810226 0.686796 
vt 0.81363 0.703911 
vt 0.813587 0.686073 
vt 0.800113 0.664388 
vt 0.800781 0.663892 
vt 0.804904 0.67942 
vt 0.803922 0.680151 
vt 0.817408 0.643405 
vt 0.818863 0.643453 
vt 0.816613 0.657722 
vt 0.814472 0.657652 
vt 0.820452 0.643505 
vt 0.818952 0.6578 
vt 0.824126 0.643632 
vt 0.824357 0.657986 
vt 0.827582 0.643755 
vt 0.829443 0.658167 
vt 0.797551 0.666292 
vt 0.800153 0.682952 

usemtl Handle1Mtl

f 4277/4277/4277 4278/4278/4278 4279/4279/4279 
f 4279/4279/4279 4280/4280/4280 4277/4277/4277 
f 4280/4280/4280 4279/4279/4279 4281/4281/4281 
f 4281/4281/4281 4282/4282/4282 4280/4280/4280 
f 4282/4282/4282 4281/4281/4281 4283/4283/4283 
f 4283/4283/4283 4284/4284/4284 4282/4282/4282 
f 4284/4284/4284 4283/4283/4283 4285/4285/4285 
f 4285/4285/4285 4286/4286/4286 4284/4284/4284 
f 4286/4286/4286 4285/4285/4285 4287/4287/4287 
f 4287/4287/4287 4288/4288/4288 4286/4286/4286 
f 4288/4288/4288 4287/4287/4287 4289/4289/4289 
f 4289/4289/4289 4290/4290/4290 4288/4288/4288 
f 4290/4290/4290 4289/4289/4289 4291/4291/4291 
f 4291/4291/4291 4292/4292/4292 4290/4290/4290 
f 4292/4292/4292 4291/4291/4291 4293/4293/4293 
f 4293/4293/4293 4294/4294/4294 4292/4292/4292 
f 4294/4294/4294 4293/4293/4293 4295/4295/4295 
f 4295/4295/4295 4296/4296/4296 4294/4294/4294 
f 4296/4296/4296 4295/4295/4295 4297/4297/4297 
f 4297/4297/4297 4298/4298/4298 4296/4296/4296 
f 4293/4293/4293 4299/4299/4299 4300/4300/4300 
f 4300/4300/4300 4295/4295/4295 4293/4293/4293 
f 4291/4291/4291 4301/4301/4301 4299/4299/4299 
f 4299/4299/4299 4293/4293/4293 4291/4291/4291 
f 4289/4289/4289 4302/4302/4302 4301/4301/4301 
f 4301/4301/4301 4291/4291/4291 4289/4289/4289 
f 4287/4287/4287 4303/4303/4303 4302/4302/4302 
f 4302/4302/4302 4289/4289/4289 4287/4287/4287 
f 4285/4285/4285 4304/4304/4304 4303/4303/4303 
f 4303/4303/4303 4287/4287/4287 4285/4285/4285 
f 4283/4283/4283 4305/4305/4305 4304/4304/4304 
f 4304/4304/4304 4285/4285/4285 4283/4283/4283 
f 4281/4281/4281 4306/4306/4306 4305/4305/4305 
f 4305/4305/4305 4283/4283/4283 4281/4281/4281 
f 4279/4279/4279 4307/4307/4307 4306/4306/4306 
f 4306/4306/4306 4281/4281/4281 4279/4279/4279 
f 4278/4278/4278 4308/4308/4308 4307/4307/4307 
f 4307/4307/4307 4279/4279/4279 4278/4278/4278 
f 4295/4295/4295 4300/4300/4300 4309/4309/4309 
f 4309/4309/4309 4297/4297/4297 4295/4295/4295 
f 4310/4310/4310 4311/4311/4311 4312/4312/4312 
f 4310/4310/4310 4312/4312/4312 4313/4313/4313 
f 4310/4310/4310 4313/4313/4313 4314/4314/4314 
f 4310/4310/4310 4314/4314/4314 4315/4315/4315 
f 4310/4310/4310 4315/4315/4315 4316/4316/4316 
f 4310/4310/4310 4316/4316/4316 4317/4317/4317 
f 4310/4310/4310 4317/4317/4317 4318/4318/4318 
f 4310/4310/4310 4318/4318/4318 4319/4319/4319 
f 4310/4310/4310 4319/4319/4319 4320/4320/4320 
f 4310/4310/4310 4320/4320/4320 4321/4321/4321 
f 4322/4322/4322 4323/4323/4323 4324/4324/4324 
f 4324/4324/4324 4325/4325/4325 4322/4322/4322 
f 4323/4323/4323 4326/4326/4326 4327/4327/4327 
f 4327/4327/4327 4324/4324/4324 4323/4323/4323 
f 4326/4326/4326 4328/4328/4328 4329/4329/4329 
f 4329/4329/4329 4327/4327/4327 4326/4326/4326 
f 4328/4328/4328 4330/4330/4330 4331/4331/4331 
f 4331/4331/4331 4329/4329/4329 4328/4328/4328 
f 4330/4330/4330 4332/4332/4332 4333/4333/4333 
f 4333/4333/4333 4331/4331/4331 4330/4330/4330 
f 4332/4332/4332 4334/4334/4334 4335/4335/4335 
f 4335/4335/4335 4333/4333/4333 4332/4332/4332 
f 4334/4334/4334 4336/4336/4336 4337/4337/4337 
f 4337/4337/4337 4335/4335/4335 4334/4334/4334 
f 4336/4336/4336 4338/4338/4338 4339/4339/4339 
f 4339/4339/4339 4337/4337/4337 4336/4336/4336 
f 4338/4338/4338 4340/4340/4340 4341/4341/4341 
f 4341/4341/4341 4339/4339/4339 4338/4338/4338 
f 4340/4340/4340 4342/4342/4342 4343/4343/4343 
f 4343/4343/4343 4341/4341/4341 4340/4340/4340 
f 4339/4339/4339 4341/4341/4341 4344/4344/4344 
f 4344/4344/4344 4345/4345/4345 4339/4339/4339 
f 4337/4337/4337 4339/4339/4339 4345/4345/4345 
f 4345/4345/4345 4346/4346/4346 4337/4337/4337 
f 4335/4335/4335 4337/4337/4337 4346/4346/4346 
f 4346/4346/4346 4347/4347/4347 4335/4335/4335 
f 4333/4333/4333 4335/4335/4335 4347/4347/4347 
f 4347/4347/4347 4348/4348/4348 4333/4333/4333 
f 4331/4331/4331 4333/4333/4333 4348/4348/4348 
f 4348/4348/4348 4349/4349/4349 4331/4331/4331 
f 4329/4329/4329 4331/4331/4331 4349/4349/4349 
f 4349/4349/4349 4350/4350/4350 4329/4329/4329 
f 4327/4327/4327 4329/4329/4329 4350/4350/4350 
f 4350/4350/4350 4351/4351/4351 4327/4327/4327 
f 4324/4324/4324 4327/4327/4327 4351/4351/4351 
f 4351/4351/4351 4352/4352/4352 4324/4324/4324 
f 4325/4325/4325 4324/4324/4324 4352/4352/4352 
f 4352/4352/4352 4353/4353/4353 4325/4325/4325 
f 4341/4341/4341 4343/4343/4343 4354/4354/4354 
f 4354/4354/4354 4344/4344/4344 4341/4341/4341 
f 4355/4355/4355 4356/4356/4356 4357/4357/4357 
f 4357/4357/4357 4358/4358/4358 4355/4355/4355 
f 4356/4356/4356 4359/4359/4359 4360/4360/4360 
f 4360/4360/4360 4357/4357/4357 4356/4356/4356 
f 4361/4361/4361 4362/4362/4362 4363/4363/4363 
f 4363/4363/4363 4364/4364/4364 4361/4361/4361 
f 4365/4365/4365 4366/4366/4366 4367/4367/4367 
f 4367/4367/4367 4368/4368/4368 4365/4365/4365 
f 4366/4366/4366 4369/4369/4369 4370/4370/4370 
f 4370/4370/4370 4367/4367/4367 4366/4366/4366 
f 4369/4369/4369 4371/4371/4371 4372/4372/4372 
f 4372/4372/4372 4370/4370/4370 4369/4369/4369 
f 4371/4371/4371 4373/4373/4373 4374/4374/4374 
f 4374/4374/4374 4372/4372/4372 4371/4371/4371 
f 4375/4375/4375 4376/4376/4376 4377/4377/4377 
f 4377/4377/4377 4378/4378/4378 4375/4375/4375 
f 4379/4379/4379 4380/4380/4380 4381/4381/4381 
f 4381/4381/4381 4382/4382/4382 4379/4379/4379 
f 4380/4380/4380 4383/4383/4383 4384/4384/4384 
f 4384/4384/4384 4381/4381/4381 4380/4380/4380 
f 4385/4385/4385 4386/4386/4386 4387/4387/4387 
f 4387/4387/4387 4388/4388/4388 4385/4385/4385 
f 4386/4386/4386 4389/4389/4389 4390/4390/4390 
f 4390/4390/4390 4387/4387/4387 4386/4386/4386 
f 4391/4391/4391 4392/4392/4392 4393/4393/4393 
f 4393/4393/4393 4394/4394/4394 4391/4391/4391 
f 4392/4392/4392 4395/4395/4395 4396/4396/4396 
f 4396/4396/4396 4393/4393/4393 4392/4392/4392 
f 4395/4395/4395 4397/4397/4397 4398/4398/4398 
f 4398/4398/4398 4396/4396/4396 4395/4395/4395 
f 4399/4399/4399 4400/4400/4400 4401/4401/4401 
f 4401/4401/4401 4402/4402/4402 4399/4399/4399 
f 4400/4400/4400 4403/4403/4403 4404/4404/4404 
f 4404/4404/4404 4401/4401/4401 4400/4400/4400 
f 4403/4403/4403 4405/4405/4405 4406/4406/4406 
f 4406/4406/4406 4404/4404/4404 4403/4403/4403 
f 4407/4407/4407 4408/4408/4408 4409/4409/4409 
f 4410/4410/4410 4406/4406/4406 4405/4405/4405 
f 4411/4411/4411 4412/4412/4412 4413/4413/4413 
f 4413/4413/4413 4414/4414/4414 4411/4411/4411 
f 4388/4388/4388 4387/4387/4387 4415/4415/4415 
f 4415/4415/4415 4416/4416/4416 4388/4388/4388 
f 4387/4387/4387 4390/4390/4390 4417/4417/4417 
f 4417/4417/4417 4415/4415/4415 4387/4387/4387 
f 4394/4394/4394 4393/4393/4393 4418/4418/4418 
f 4418/4418/4418 4419/4419/4419 4394/4394/4394 
f 4393/4393/4393 4396/4396/4396 4420/4420/4420 
f 4420/4420/4420 4418/4418/4418 4393/4393/4393 
f 4396/4396/4396 4398/4398/4398 4421/4421/4421 
f 4421/4421/4421 4420/4420/4420 4396/4396/4396 
f 4422/4422/4422 4423/4423/4423 4424/4424/4424 
f 4425/4425/4425 4426/4426/4426 4402/4402/4402 
f 4423/4423/4423 4427/4427/4427 4428/4428/4428 
f 4428/4428/4428 4424/4424/4424 4423/4423/4423 
f 4404/4404/4404 4406/4406/4406 4429/4429/4429 
f 4429/4429/4429 4430/4430/4430 4404/4404/4404 
f 4406/4406/4406 4410/4410/4410 4431/4431/4431 
f 4431/4431/4431 4429/4429/4429 4406/4406/4406 
f 4414/4414/4414 4413/4413/4413 4432/4432/4432 
f 4432/4432/4432 4433/4433/4433 4414/4414/4414 
f 4434/4434/4434 4435/4435/4435 4400/4400/4400 
f 4400/4400/4400 4399/4399/4399 4434/4434/4434 
f 4436/4436/4436 4434/4434/4434 4399/4399/4399 
f 4399/4399/4399 4402/4402/4402 4436/4436/4436 
f 4435/4435/4435 4437/4437/4437 4403/4403/4403 
f 4403/4403/4403 4400/4400/4400 4435/4435/4435 
f 4437/4437/4437 4438/4438/4438 4405/4405/4405 
f 4405/4405/4405 4403/4403/4403 4437/4437/4437 
f 4439/4439/4439 4411/4411/4411 4408/4408/4408 
f 4408/4408/4408 4407/4407/4407 4439/4439/4439 
f 4411/4411/4411 4414/4414/4414 4409/4409/4409 
f 4409/4409/4409 4408/4408/4408 4411/4411/4411 
f 4440/4440/4440 4441/4441/4441 4426/4426/4426 
f 4426/4426/4426 4425/4425/4425 4440/4440/4440 
f 4442/4442/4442 4440/4440/4440 4425/4425/4425 
f 4425/4425/4425 4430/4430/4430 4442/4442/4442 
f 4443/4443/4443 4442/4442/4442 4430/4430/4430 
f 4430/4430/4430 4429/4429/4429 4443/4443/4443 
f 4444/4444/4444 4445/4445/4445 4446/4446/4446 
f 4414/4414/4414 4447/4447/4447 4448/4448/4448 
f 4414/4414/4414 4448/4448/4448 4409/4409/4409 
f 4446/4446/4446 4443/4443/4443 4429/4429/4429 
f 4429/4429/4429 4431/4431/4431 4446/4446/4446 
f 4441/4441/4441 4449/4449/4449 4436/4436/4436 
f 4441/4441/4441 4436/4436/4436 4402/4402/4402 
f 4441/4441/4441 4402/4402/4402 4426/4426/4426 
f 4450/4450/4450 4451/4451/4451 4452/4452/4452 
f 4452/4452/4452 4453/4453/4453 4450/4450/4450 
f 4454/4454/4454 4416/4416/4416 4415/4415/4415 
f 4415/4415/4415 4455/4455/4455 4454/4454/4454 
f 4453/4453/4453 4452/4452/4452 4456/4456/4456 
f 4456/4456/4456 4457/4457/4457 4453/4453/4453 
f 4455/4455/4455 4415/4415/4415 4417/4417/4417 
f 4417/4417/4417 4458/4458/4458 4455/4455/4455 
f 4457/4457/4457 4456/4456/4456 4459/4459/4459 
f 4459/4459/4459 4460/4460/4460 4457/4457/4457 
f 4461/4461/4461 4419/4419/4419 4418/4418/4418 
f 4418/4418/4418 4462/4462/4462 4461/4461/4461 
f 4460/4460/4460 4459/4459/4459 4463/4463/4463 
f 4463/4463/4463 4464/4464/4464 4460/4460/4460 
f 4462/4462/4462 4418/4418/4418 4420/4420/4420 
f 4420/4420/4420 4465/4465/4465 4462/4462/4462 
f 4464/4464/4464 4463/4463/4463 4466/4466/4466 
f 4466/4466/4466 4467/4467/4467 4464/4464/4464 
f 4465/4465/4465 4420/4420/4420 4421/4421/4421 
f 4421/4421/4421 4468/4468/4468 4465/4465/4465 
f 4467/4467/4467 4466/4466/4466 4469/4469/4469 
f 4469/4469/4469 4470/4470/4470 4467/4467/4467 
f 4471/4471/4471 4441/4441/4441 4440/4440/4440 
f 4440/4440/4440 4472/4472/4472 4471/4471/4471 
f 4470/4470/4470 4469/4469/4469 4473/4473/4473 
f 4473/4473/4473 4474/4474/4474 4470/4470/4470 
f 4472/4472/4472 4440/4440/4440 4442/4442/4442 
f 4442/4442/4442 4475/4475/4475 4472/4472/4472 
f 4474/4474/4474 4473/4473/4473 4476/4476/4476 
f 4476/4476/4476 4477/4477/4477 4474/4474/4474 
f 4475/4475/4475 4442/4442/4442 4443/4443/4443 
f 4443/4443/4443 4478/4478/4478 4475/4475/4475 
f 4477/4477/4477 4476/4476/4476 4479/4479/4479 
f 4479/4479/4479 4480/4480/4480 4477/4477/4477 
f 4478/4478/4478 4443/4443/4443 4446/4446/4446 
f 4446/4446/4446 4481/4481/4481 4478/4478/4478 
f 4480/4480/4480 4479/4479/4479 4482/4482/4482 
f 4482/4482/4482 4483/4483/4483 4480/4480/4480 
f 4484/4484/4484 4433/4433/4433 4432/4432/4432 
f 4432/4432/4432 4485/4485/4485 4484/4484/4484 
f 4486/4486/4486 4487/4487/4487 4488/4488/4488 
f 4449/4449/4449 4441/4441/4441 4471/4471/4471 
f 4481/4481/4481 4446/4446/4446 4445/4445/4445 
f 4489/4489/4489 4490/4490/4490 4491/4491/4491 
f 4450/4450/4450 4453/4453/4453 4492/4492/4492 
f 4492/4492/4492 4493/4493/4493 4450/4450/4450 
f 4453/4453/4453 4457/4457/4457 4494/4494/4494 
f 4494/4494/4494 4492/4492/4492 4453/4453/4453 
f 4457/4457/4457 4460/4460/4460 4495/4495/4495 
f 4495/4495/4495 4494/4494/4494 4457/4457/4457 
f 4460/4460/4460 4464/4464/4464 4496/4496/4496 
f 4496/4496/4496 4495/4495/4495 4460/4460/4460 
f 4464/4464/4464 4467/4467/4467 4497/4497/4497 
f 4497/4497/4497 4496/4496/4496 4464/4464/4464 
f 4467/4467/4467 4470/4470/4470 4498/4498/4498 
f 4498/4498/4498 4497/4497/4497 4467/4467/4467 
f 4470/4470/4470 4474/4474/4474 4499/4499/4499 
f 4499/4499/4499 4498/4498/4498 4470/4470/4470 
f 4474/4474/4474 4477/4477/4477 4500/4500/4500 
f 4500/4500/4500 4499/4499/4499 4474/4474/4474 
f 4477/4477/4477 4480/4480/4480 4501/4501/4501 
f 4501/4501/4501 4500/4500/4500 4477/4477/4477 
f 4480/4480/4480 4483/4483/4483 4502/4502/4502 
f 4502/4502/4502 4501/4501/4501 4480/4480/4480 
f 4493/4493/4493 4492/4492/4492 4503/4503/4503 
f 4503/4503/4503 4504/4504/4504 4493/4493/4493 
f 4492/4492/4492 4494/4494/4494 4505/4505/4505 
f 4505/4505/4505 4503/4503/4503 4492/4492/4492 
f 4494/4494/4494 4495/4495/4495 4506/4506/4506 
f 4506/4506/4506 4505/4505/4505 4494/4494/4494 
f 4495/4495/4495 4496/4496/4496 4507/4507/4507 
f 4507/4507/4507 4506/4506/4506 4495/4495/4495 
f 4496/4496/4496 4497/4497/4497 4508/4508/4508 
f 4508/4508/4508 4507/4507/4507 4496/4496/4496 
f 4497/4497/4497 4498/4498/4498 4509/4509/4509 
f 4509/4509/4509 4508/4508/4508 4497/4497/4497 
f 4498/4498/4498 4499/4499/4499 4510/4510/4510 
f 4510/4510/4510 4509/4509/4509 4498/4498/4498 
f 4499/4499/4499 4500/4500/4500 4511/4511/4511 
f 4511/4511/4511 4510/4510/4510 4499/4499/4499 
f 4500/4500/4500 4501/4501/4501 4512/4512/4512 
f 4512/4512/4512 4511/4511/4511 4500/4500/4500 
f 4501/4501/4501 4502/4502/4502 4513/4513/4513 
f 4513/4513/4513 4512/4512/4512 4501/4501/4501 
f 4504/4504/4504 4503/4503/4503 4312/4312/4312 
f 4312/4312/4312 4311/4311/4311 4504/4504/4504 
f 4503/4503/4503 4505/4505/4505 4313/4313/4313 
f 4313/4313/4313 4312/4312/4312 4503/4503/4503 
f 4505/4505/4505 4506/4506/4506 4314/4314/4314 
f 4314/4314/4314 4313/4313/4313 4505/4505/4505 
f 4506/4506/4506 4507/4507/4507 4315/4315/4315 
f 4315/4315/4315 4314/4314/4314 4506/4506/4506 
f 4507/4507/4507 4508/4508/4508 4316/4316/4316 
f 4316/4316/4316 4315/4315/4315 4507/4507/4507 
f 4508/4508/4508 4509/4509/4509 4317/4317/4317 
f 4317/4317/4317 4316/4316/4316 4508/4508/4508 
f 4509/4509/4509 4510/4510/4510 4318/4318/4318 
f 4318/4318/4318 4317/4317/4317 4509/4509/4509 
f 4510/4510/4510 4511/4511/4511 4319/4319/4319 
f 4319/4319/4319 4318/4318/4318 4510/4510/4510 
f 4511/4511/4511 4512/4512/4512 4320/4320/4320 
f 4320/4320/4320 4319/4319/4319 4511/4511/4511 
f 4512/4512/4512 4513/4513/4513 4321/4321/4321 
f 4321/4321/4321 4320/4320/4320 4512/4512/4512 
f 4514/4514/4514 4515/4515/4515 4516/4516/4516 
f 4517/4517/4517 4518/4518/4518 4519/4519/4519 
f 4520/4520/4520 4521/4521/4521 4522/4522/4522 
f 4522/4522/4522 4521/4521/4521 4523/4523/4523 
f 4523/4523/4523 4524/4524/4524 4522/4522/4522 
f 4524/4524/4524 4523/4523/4523 4525/4525/4525 
f 4525/4525/4525 4526/4526/4526 4524/4524/4524 
f 4527/4527/4527 4528/4528/4528 4529/4529/4529 
f 4529/4529/4529 4530/4530/4530 4527/4527/4527 
f 4530/4530/4530 4529/4529/4529 4531/4531/4531 
f 4531/4531/4531 4532/4532/4532 4530/4530/4530 
f 4532/4532/4532 4531/4531/4531 4533/4533/4533 
f 4533/4533/4533 4534/4534/4534 4532/4532/4532 
f 4535/4535/4535 4536/4536/4536 4537/4537/4537 
f 4537/4537/4537 4538/4538/4538 4535/4535/4535 
f 4538/4538/4538 4537/4537/4537 4539/4539/4539 
f 4539/4539/4539 4540/4540/4540 4538/4538/4538 
f 4540/4540/4540 4539/4539/4539 4541/4541/4541 
f 4541/4541/4541 4542/4542/4542 4540/4540/4540 
f 4543/4543/4543 4544/4544/4544 4545/4545/4545 
f 4546/4546/4546 4547/4547/4547 4548/4548/4548 
f 4548/4548/4548 4549/4549/4549 4546/4546/4546 
f 4547/4547/4547 4550/4550/4550 4551/4551/4551 
f 4551/4551/4551 4548/4548/4548 4547/4547/4547 
f 4550/4550/4550 4552/4552/4552 4553/4553/4553 
f 4553/4553/4553 4551/4551/4551 4550/4550/4550 
f 4552/4552/4552 4554/4554/4554 4555/4555/4555 
f 4555/4555/4555 4553/4553/4553 4552/4552/4552 
f 4554/4554/4554 4556/4556/4556 4557/4557/4557 
f 4557/4557/4557 4555/4555/4555 4554/4554/4554 
f 4556/4556/4556 4558/4558/4558 4559/4559/4559 
f 4559/4559/4559 4557/4557/4557 4556/4556/4556 
f 4558/4558/4558 4560/4560/4560 4561/4561/4561 
f 4561/4561/4561 4559/4559/4559 4558/4558/4558 
f 4560/4560/4560 4562/4562/4562 4563/4563/4563 
f 4563/4563/4563 4561/4561/4561 4560/4560/4560 
f 4562/4562/4562 4564/4564/4564 4565/4565/4565 
f 4565/4565/4565 4563/4563/4563 4562/4562/4562 
f 4564/4564/4564 4566/4566/4566 4567/4567/4567 
f 4567/4567/4567 4565/4565/4565 4564/4564/4564 
f 4563/4563/4563 4565/4565/4565 4568/4568/4568 
f 4568/4568/4568 4569/4569/4569 4563/4563/4563 
f 4561/4561/4561 4563/4563/4563 4569/4569/4569 
f 4569/4569/4569 4570/4570/4570 4561/4561/4561 
f 4559/4559/4559 4561/4561/4561 4570/4570/4570 
f 4570/4570/4570 4571/4571/4571 4559/4559/4559 
f 4557/4557/4557 4559/4559/4559 4571/4571/4571 
f 4571/4571/4571 4572/4572/4572 4557/4557/4557 
f 4555/4555/4555 4557/4557/4557 4572/4572/4572 
f 4572/4572/4572 4573/4573/4573 4555/4555/4555 
f 4553/4553/4553 4555/4555/4555 4573/4573/4573 
f 4573/4573/4573 4574/4574/4574 4553/4553/4553 
f 4551/4551/4551 4553/4553/4553 4574/4574/4574 
f 4574/4574/4574 4575/4575/4575 4551/4551/4551 
f 4548/4548/4548 4551/4551/4551 4575/4575/4575 
f 4575/4575/4575 4576/4576/4576 4548/4548/4548 
f 4549/4549/4549 4548/4548/4548 4576/4576/4576 
f 4576/4576/4576 4308/4308/4308 4549/4549/4549 
f 4565/4565/4565 4567/4567/4567 4309/4309/4309 
f 4309/4309/4309 4568/4568/4568 4565/4565/4565 
f 4577/4577/4577 4578/4578/4578 4579/4579/4579 
f 4580/4580/4580 4577/4577/4577 4579/4579/4579 
f 4581/4581/4581 4580/4580/4580 4579/4579/4579 
f 4582/4582/4582 4581/4581/4581 4579/4579/4579 
f 4583/4583/4583 4582/4582/4582 4579/4579/4579 
f 4584/4584/4584 4583/4583/4583 4579/4579/4579 
f 4585/4585/4585 4584/4584/4584 4579/4579/4579 
f 4586/4586/4586 4585/4585/4585 4579/4579/4579 
f 4587/4587/4587 4586/4586/4586 4579/4579/4579 
f 4588/4588/4588 4587/4587/4587 4579/4579/4579 
f 4589/4589/4589 4590/4590/4590 4591/4591/4591 
f 4591/4591/4591 4592/4592/4592 4589/4589/4589 
f 4592/4592/4592 4591/4591/4591 4593/4593/4593 
f 4593/4593/4593 4594/4594/4594 4592/4592/4592 
f 4594/4594/4594 4593/4593/4593 4595/4595/4595 
f 4595/4595/4595 4596/4596/4596 4594/4594/4594 
f 4596/4596/4596 4595/4595/4595 4597/4597/4597 
f 4597/4597/4597 4598/4598/4598 4596/4596/4596 
f 4598/4598/4598 4597/4597/4597 4599/4599/4599 
f 4599/4599/4599 4600/4600/4600 4598/4598/4598 
f 4600/4600/4600 4599/4599/4599 4601/4601/4601 
f 4601/4601/4601 4602/4602/4602 4600/4600/4600 
f 4602/4602/4602 4601/4601/4601 4603/4603/4603 
f 4603/4603/4603 4604/4604/4604 4602/4602/4602 
f 4604/4604/4604 4603/4603/4603 4605/4605/4605 
f 4605/4605/4605 4606/4606/4606 4604/4604/4604 
f 4606/4606/4606 4605/4605/4605 4607/4607/4607 
f 4607/4607/4607 4608/4608/4608 4606/4606/4606 
f 4608/4608/4608 4607/4607/4607 4609/4609/4609 
f 4609/4609/4609 4610/4610/4610 4608/4608/4608 
f 4605/4605/4605 4611/4611/4611 4612/4612/4612 
f 4612/4612/4612 4607/4607/4607 4605/4605/4605 
f 4603/4603/4603 4613/4613/4613 4611/4611/4611 
f 4611/4611/4611 4605/4605/4605 4603/4603/4603 
f 4601/4601/4601 4614/4614/4614 4613/4613/4613 
f 4613/4613/4613 4603/4603/4603 4601/4601/4601 
f 4599/4599/4599 4615/4615/4615 4614/4614/4614 
f 4614/4614/4614 4601/4601/4601 4599/4599/4599 
f 4597/4597/4597 4616/4616/4616 4615/4615/4615 
f 4615/4615/4615 4599/4599/4599 4597/4597/4597 
f 4595/4595/4595 4617/4617/4617 4616/4616/4616 
f 4616/4616/4616 4597/4597/4597 4595/4595/4595 
f 4593/4593/4593 4618/4618/4618 4617/4617/4617 
f 4617/4617/4617 4595/4595/4595 4593/4593/4593 
f 4591/4591/4591 4619/4619/4619 4618/4618/4618 
f 4618/4618/4618 4593/4593/4593 4591/4591/4591 
f 4590/4590/4590 4620/4620/4620 4619/4619/4619 
f 4619/4619/4619 4591/4591/4591 4590/4590/4590 
f 4607/4607/4607 4612/4612/4612 4621/4621/4621 
f 4621/4621/4621 4609/4609/4609 4607/4607/4607 
f 4622/4622/4622 4623/4623/4623 4624/4624/4624 
f 4624/4624/4624 4625/4625/4625 4622/4622/4622 
f 4625/4625/4625 4624/4624/4624 4626/4626/4626 
f 4626/4626/4626 4627/4627/4627 4625/4625/4625 
f 4628/4628/4628 4629/4629/4629 4630/4630/4630 
f 4630/4630/4630 4631/4631/4631 4628/4628/4628 
f 4632/4632/4632 4633/4633/4633 4634/4634/4634 
f 4634/4634/4634 4635/4635/4635 4632/4632/4632 
f 4636/4636/4636 4637/4637/4637 4638/4638/4638 
f 4638/4638/4638 4639/4639/4639 4636/4636/4636 
f 4640/4640/4640 4641/4641/4641 4642/4642/4642 
f 4642/4642/4642 4643/4643/4643 4640/4640/4640 
f 4643/4643/4643 4642/4642/4642 4644/4644/4644 
f 4644/4644/4644 4645/4645/4645 4643/4643/4643 
f 4646/4646/4646 4647/4647/4647 4648/4648/4648 
f 4648/4648/4648 4649/4649/4649 4646/4646/4646 
f 4649/4649/4649 4648/4648/4648 4650/4650/4650 
f 4650/4650/4650 4651/4651/4651 4649/4649/4649 
f 4652/4652/4652 4653/4653/4653 4654/4654/4654 
f 4654/4654/4654 4655/4655/4655 4652/4652/4652 
f 4655/4655/4655 4654/4654/4654 4656/4656/4656 
f 4656/4656/4656 4657/4657/4657 4655/4655/4655 
f 4657/4657/4657 4656/4656/4656 4658/4658/4658 
f 4658/4658/4658 4659/4659/4659 4657/4657/4657 
f 4660/4660/4660 4661/4661/4661 4662/4662/4662 
f 4662/4662/4662 4663/4663/4663 4660/4660/4660 
f 4663/4663/4663 4662/4662/4662 4664/4664/4664 
f 4664/4664/4664 4665/4665/4665 4663/4663/4663 
f 4665/4665/4665 4664/4664/4664 4666/4666/4666 
f 4666/4666/4666 4667/4667/4667 4665/4665/4665 
f 4667/4667/4667 4666/4666/4666 4668/4668/4668 
f 4669/4669/4669 4670/4670/4670 4671/4671/4671 
f 4672/4672/4672 4673/4673/4673 4674/4674/4674 
f 4674/4674/4674 4675/4675/4675 4672/4672/4672 
f 4647/4647/4647 4676/4676/4676 4677/4677/4677 
f 4677/4677/4677 4648/4648/4648 4647/4647/4647 
f 4648/4648/4648 4677/4677/4677 4678/4678/4678 
f 4678/4678/4678 4650/4650/4650 4648/4648/4648 
f 4653/4653/4653 4679/4679/4679 4680/4680/4680 
f 4680/4680/4680 4654/4654/4654 4653/4653/4653 
f 4654/4654/4654 4680/4680/4680 4681/4681/4681 
f 4681/4681/4681 4656/4656/4656 4654/4654/4654 
f 4656/4656/4656 4681/4681/4681 4682/4682/4682 
f 4682/4682/4682 4658/4658/4658 4656/4656/4656 
f 4661/4661/4661 4683/4683/4683 4684/4684/4684 
f 4684/4684/4684 4662/4662/4662 4661/4661/4661 
f 4662/4662/4662 4684/4684/4684 4685/4685/4685 
f 4685/4685/4685 4664/4664/4664 4662/4662/4662 
f 4664/4664/4664 4685/4685/4685 4686/4686/4686 
f 4686/4686/4686 4666/4666/4666 4664/4664/4664 
f 4666/4666/4666 4686/4686/4686 4687/4687/4687 
f 4687/4687/4687 4668/4668/4668 4666/4666/4666 
f 4673/4673/4673 4688/4688/4688 4689/4689/4689 
f 4689/4689/4689 4674/4674/4674 4673/4673/4673 
f 4690/4690/4690 4691/4691/4691 4692/4692/4692 
f 4692/4692/4692 4693/4693/4693 4690/4690/4690 
f 4694/4694/4694 4661/4661/4661 4660/4660/4660 
f 4691/4691/4691 4690/4690/4690 4695/4695/4695 
f 4696/4696/4696 4663/4663/4663 4665/4665/4665 
f 4665/4665/4665 4697/4697/4697 4696/4696/4696 
f 4697/4697/4697 4665/4665/4665 4667/4667/4667 
f 4667/4667/4667 4698/4698/4698 4697/4697/4697 
f 4699/4699/4699 4671/4671/4671 4670/4670/4670 
f 4670/4670/4670 4672/4672/4672 4699/4699/4699 
f 4672/4672/4672 4670/4670/4670 4669/4669/4669 
f 4669/4669/4669 4673/4673/4673 4672/4672/4672 
f 4700/4700/4700 4684/4684/4684 4683/4683/4683 
f 4683/4683/4683 4701/4701/4701 4700/4700/4700 
f 4702/4702/4702 4685/4685/4685 4684/4684/4684 
f 4684/4684/4684 4700/4700/4700 4702/4702/4702 
f 4703/4703/4703 4686/4686/4686 4685/4685/4685 
f 4685/4685/4685 4702/4702/4702 4703/4703/4703 
f 4673/4673/4673 4669/4669/4669 4704/4704/4704 
f 4673/4673/4673 4704/4704/4704 4705/4705/4705 
f 4706/4706/4706 4707/4707/4707 4708/4708/4708 
f 4707/4707/4707 4687/4687/4687 4686/4686/4686 
f 4686/4686/4686 4703/4703/4703 4707/4707/4707 
f 4701/4701/4701 4683/4683/4683 4661/4661/4661 
f 4701/4701/4701 4661/4661/4661 4694/4694/4694 
f 4701/4701/4701 4694/4694/4694 4709/4709/4709 
f 4710/4710/4710 4711/4711/4711 4712/4712/4712 
f 4712/4712/4712 4713/4713/4713 4710/4710/4710 
f 4714/4714/4714 4715/4715/4715 4677/4677/4677 
f 4677/4677/4677 4676/4676/4676 4714/4714/4714 
f 4711/4711/4711 4716/4716/4716 4717/4717/4717 
f 4717/4717/4717 4712/4712/4712 4711/4711/4711 
f 4715/4715/4715 4718/4718/4718 4678/4678/4678 
f 4678/4678/4678 4677/4677/4677 4715/4715/4715 
f 4716/4716/4716 4719/4719/4719 4720/4720/4720 
f 4720/4720/4720 4717/4717/4717 4716/4716/4716 
f 4721/4721/4721 4722/4722/4722 4680/4680/4680 
f 4680/4680/4680 4679/4679/4679 4721/4721/4721 
f 4719/4719/4719 4723/4723/4723 4724/4724/4724 
f 4724/4724/4724 4720/4720/4720 4719/4719/4719 
f 4722/4722/4722 4725/4725/4725 4681/4681/4681 
f 4681/4681/4681 4680/4680/4680 4722/4722/4722 
f 4723/4723/4723 4726/4726/4726 4727/4727/4727 
f 4727/4727/4727 4724/4724/4724 4723/4723/4723 
f 4725/4725/4725 4728/4728/4728 4682/4682/4682 
f 4682/4682/4682 4681/4681/4681 4725/4725/4725 
f 4726/4726/4726 4729/4729/4729 4730/4730/4730 
f 4730/4730/4730 4727/4727/4727 4726/4726/4726 
f 4731/4731/4731 4732/4732/4732 4700/4700/4700 
f 4700/4700/4700 4701/4701/4701 4731/4731/4731 
f 4729/4729/4729 4733/4733/4733 4734/4734/4734 
f 4734/4734/4734 4730/4730/4730 4729/4729/4729 
f 4732/4732/4732 4735/4735/4735 4702/4702/4702 
f 4702/4702/4702 4700/4700/4700 4732/4732/4732 
f 4733/4733/4733 4736/4736/4736 4737/4737/4737 
f 4737/4737/4737 4734/4734/4734 4733/4733/4733 
f 4735/4735/4735 4738/4738/4738 4703/4703/4703 
f 4703/4703/4703 4702/4702/4702 4735/4735/4735 
f 4736/4736/4736 4739/4739/4739 4740/4740/4740 
f 4740/4740/4740 4737/4737/4737 4736/4736/4736 
f 4738/4738/4738 4741/4741/4741 4707/4707/4707 
f 4707/4707/4707 4703/4703/4703 4738/4738/4738 
f 4739/4739/4739 4742/4742/4742 4743/4743/4743 
f 4743/4743/4743 4740/4740/4740 4739/4739/4739 
f 4744/4744/4744 4745/4745/4745 4689/4689/4689 
f 4689/4689/4689 4688/4688/4688 4744/4744/4744 
f 4746/4746/4746 4747/4747/4747 4748/4748/4748 
f 4731/4731/4731 4701/4701/4701 4709/4709/4709 
f 4708/4708/4708 4707/4707/4707 4741/4741/4741 
f 4749/4749/4749 4750/4750/4750 4751/4751/4751 
f 4710/4710/4710 4752/4752/4752 4753/4753/4753 
f 4753/4753/4753 4711/4711/4711 4710/4710/4710 
f 4711/4711/4711 4753/4753/4753 4754/4754/4754 
f 4754/4754/4754 4716/4716/4716 4711/4711/4711 
f 4716/4716/4716 4754/4754/4754 4755/4755/4755 
f 4755/4755/4755 4719/4719/4719 4716/4716/4716 
f 4719/4719/4719 4755/4755/4755 4756/4756/4756 
f 4756/4756/4756 4723/4723/4723 4719/4719/4719 
f 4723/4723/4723 4756/4756/4756 4757/4757/4757 
f 4757/4757/4757 4726/4726/4726 4723/4723/4723 
f 4726/4726/4726 4757/4757/4757 4758/4758/4758 
f 4758/4758/4758 4729/4729/4729 4726/4726/4726 
f 4729/4729/4729 4758/4758/4758 4759/4759/4759 
f 4759/4759/4759 4733/4733/4733 4729/4729/4729 
f 4733/4733/4733 4759/4759/4759 4760/4760/4760 
f 4760/4760/4760 4736/4736/4736 4733/4733/4733 
f 4736/4736/4736 4760/4760/4760 4761/4761/4761 
f 4761/4761/4761 4739/4739/4739 4736/4736/4736 
f 4739/4739/4739 4761/4761/4761 4762/4762/4762 
f 4762/4762/4762 4742/4742/4742 4739/4739/4739 
f 4752/4752/4752 4763/4763/4763 4764/4764/4764 
f 4764/4764/4764 4753/4753/4753 4752/4752/4752 
f 4753/4753/4753 4764/4764/4764 4765/4765/4765 
f 4765/4765/4765 4754/4754/4754 4753/4753/4753 
f 4754/4754/4754 4765/4765/4765 4766/4766/4766 
f 4766/4766/4766 4755/4755/4755 4754/4754/4754 
f 4755/4755/4755 4766/4766/4766 4767/4767/4767 
f 4767/4767/4767 4756/4756/4756 4755/4755/4755 
f 4756/4756/4756 4767/4767/4767 4768/4768/4768 
f 4768/4768/4768 4757/4757/4757 4756/4756/4756 
f 4757/4757/4757 4768/4768/4768 4769/4769/4769 
f 4769/4769/4769 4758/4758/4758 4757/4757/4757 
f 4758/4758/4758 4769/4769/4769 4770/4770/4770 
f 4770/4770/4770 4759/4759/4759 4758/4758/4758 
f 4759/4759/4759 4770/4770/4770 4771/4771/4771 
f 4771/4771/4771 4760/4760/4760 4759/4759/4759 
f 4760/4760/4760 4771/4771/4771 4772/4772/4772 
f 4772/4772/4772 4761/4761/4761 4760/4760/4760 
f 4761/4761/4761 4772/4772/4772 4773/4773/4773 
f 4773/4773/4773 4762/4762/4762 4761/4761/4761 
f 4763/4763/4763 4578/4578/4578 4577/4577/4577 
f 4577/4577/4577 4764/4764/4764 4763/4763/4763 
f 4764/4764/4764 4577/4577/4577 4580/4580/4580 
f 4580/4580/4580 4765/4765/4765 4764/4764/4764 
f 4765/4765/4765 4580/4580/4580 4581/4581/4581 
f 4581/4581/4581 4766/4766/4766 4765/4765/4765 
f 4766/4766/4766 4581/4581/4581 4582/4582/4582 
f 4582/4582/4582 4767/4767/4767 4766/4766/4766 
f 4767/4767/4767 4582/4582/4582 4583/4583/4583 
f 4583/4583/4583 4768/4768/4768 4767/4767/4767 
f 4768/4768/4768 4583/4583/4583 4584/4584/4584 
f 4584/4584/4584 4769/4769/4769 4768/4768/4768 
f 4769/4769/4769 4584/4584/4584 4585/4585/4585 
f 4585/4585/4585 4770/4770/4770 4769/4769/4769 
f 4770/4770/4770 4585/4585/4585 4586/4586/4586 
f 4586/4586/4586 4771/4771/4771 4770/4770/4770 
f 4771/4771/4771 4586/4586/4586 4587/4587/4587 
f 4587/4587/4587 4772/4772/4772 4771/4771/4771 
f 4772/4772/4772 4587/4587/4587 4588/4588/4588 
f 4588/4588/4588 4773/4773/4773 4772/4772/4772 
f 4774/4774/4774 4775/4775/4775 4776/4776/4776 
f 4777/4777/4777 4778/4778/4778 4779/4779/4779 
f 4780/4780/4780 4781/4781/4781 4782/4782/4782 
f 4780/4780/4780 4783/4783/4783 4784/4784/4784 
f 4784/4784/4784 4781/4781/4781 4780/4780/4780 
f 4783/4783/4783 4785/4785/4785 4786/4786/4786 
f 4786/4786/4786 4784/4784/4784 4783/4783/4783 
f 4787/4787/4787 4788/4788/4788 4789/4789/4789 
f 4789/4789/4789 4790/4790/4790 4787/4787/4787 
f 4788/4788/4788 4791/4791/4791 4792/4792/4792 
f 4792/4792/4792 4789/4789/4789 4788/4788/4788 
f 4791/4791/4791 4793/4793/4793 4794/4794/4794 
f 4794/4794/4794 4792/4792/4792 4791/4791/4791 
f 4795/4795/4795 4796/4796/4796 4797/4797/4797 
f 4797/4797/4797 4798/4798/4798 4795/4795/4795 
f 4796/4796/4796 4799/4799/4799 4800/4800/4800 
f 4800/4800/4800 4797/4797/4797 4796/4796/4796 
f 4799/4799/4799 4801/4801/4801 4802/4802/4802 
f 4802/4802/4802 4800/4800/4800 4799/4799/4799 
f 4803/4803/4803 4804/4804/4804 4805/4805/4805 
f 4633/4633/4633 4632/4632/4632 4806/4806/4806 
f 4806/4806/4806 4807/4807/4807 4633/4633/4633 
f 4808/4808/4808 4809/4809/4809 4807/4807/4807 
f 4807/4807/4807 4806/4806/4806 4808/4808/4808 
f 4810/4810/4810 4811/4811/4811 4809/4809/4809 
f 4809/4809/4809 4808/4808/4808 4810/4810/4810 
f 4300/4300/4300 4568/4568/4568 4309/4309/4309 
f 4300/4300/4300 4299/4299/4299 4812/4812/4812 
f 4300/4300/4300 4812/4812/4812 4813/4813/4813 
f 4300/4300/4300 4813/4813/4813 4814/4814/4814 
f 4815/4815/4815 4816/4816/4816 4569/4569/4569 
f 4815/4815/4815 4569/4569/4569 4568/4568/4568 
f 4814/4814/4814 4815/4815/4815 4568/4568/4568 
f 4300/4300/4300 4814/4814/4814 4568/4568/4568 
f 4299/4299/4299 4301/4301/4301 4817/4817/4817 
f 4299/4299/4299 4817/4817/4817 4818/4818/4818 
f 4299/4299/4299 4818/4818/4818 4812/4812/4812 
f 4819/4819/4819 4817/4817/4817 4301/4301/4301 
f 4302/4302/4302 4820/4820/4820 4821/4821/4821 
f 4301/4301/4301 4302/4302/4302 4821/4821/4821 
f 4819/4819/4819 4301/4301/4301 4821/4821/4821 
f 4822/4822/4822 4823/4823/4823 4820/4820/4820 
f 4822/4822/4822 4820/4820/4820 4302/4302/4302 
f 4822/4822/4822 4302/4302/4302 4303/4303/4303 
f 4824/4824/4824 4825/4825/4825 4574/4574/4574 
f 4574/4574/4574 4573/4573/4573 4826/4826/4826 
f 4824/4824/4824 4574/4574/4574 4826/4826/4826 
f 4827/4827/4827 4828/4828/4828 4575/4575/4575 
f 4575/4575/4575 4574/4574/4574 4825/4825/4825 
f 4827/4827/4827 4575/4575/4575 4825/4825/4825 
f 4829/4829/4829 4830/4830/4830 4306/4306/4306 
f 4576/4576/4576 4575/4575/4575 4828/4828/4828 
f 4576/4576/4576 4828/4828/4828 4831/4831/4831 
f 4307/4307/4307 4576/4576/4576 4831/4831/4831 
f 4307/4307/4307 4831/4831/4831 4832/4832/4832 
f 4306/4306/4306 4307/4307/4307 4832/4832/4832 
f 4829/4829/4829 4306/4306/4306 4832/4832/4832 
f 4307/4307/4307 4308/4308/4308 4576/4576/4576 
f 4823/4823/4823 4822/4822/4822 4303/4303/4303 
f 4304/4304/4304 4833/4833/4833 4834/4834/4834 
f 4303/4303/4303 4304/4304/4304 4834/4834/4834 
f 4823/4823/4823 4303/4303/4303 4834/4834/4834 
f 4835/4835/4835 4833/4833/4833 4304/4304/4304 
f 4835/4835/4835 4304/4304/4304 4305/4305/4305 
f 4835/4835/4835 4305/4305/4305 4836/4836/4836 
f 4837/4837/4837 4836/4836/4836 4305/4305/4305 
f 4837/4837/4837 4305/4305/4305 4306/4306/4306 
f 4837/4837/4837 4306/4306/4306 4830/4830/4830 
f 4838/4838/4838 4572/4572/4572 4571/4571/4571 
f 4570/4570/4570 4839/4839/4839 4840/4840/4840 
f 4570/4570/4570 4840/4840/4840 4841/4841/4841 
f 4570/4570/4570 4841/4841/4841 4842/4842/4842 
f 4571/4571/4571 4570/4570/4570 4842/4842/4842 
f 4838/4838/4838 4571/4571/4571 4842/4842/4842 
f 4838/4838/4838 4842/4842/4842 4843/4843/4843 
f 4844/4844/4844 4826/4826/4826 4573/4573/4573 
f 4844/4844/4844 4573/4573/4573 4572/4572/4572 
f 4572/4572/4572 4838/4838/4838 4843/4843/4843 
f 4844/4844/4844 4572/4572/4572 4843/4843/4843 
f 4845/4845/4845 4839/4839/4839 4570/4570/4570 
f 4845/4845/4845 4570/4570/4570 4569/4569/4569 
f 4845/4845/4845 4569/4569/4569 4816/4816/4816 
f 4846/4846/4846 4847/4847/4847 4848/4848/4848 
f 4846/4846/4846 4849/4849/4849 4850/4850/4850 
f 4850/4850/4850 4851/4851/4851 4852/4852/4852 
f 4852/4852/4852 4853/4853/4853 4854/4854/4854 
f 4850/4850/4850 4852/4852/4852 4854/4854/4854 
f 4854/4854/4854 4855/4855/4855 4856/4856/4856 
f 4856/4856/4856 4857/4857/4857 4858/4858/4858 
f 4854/4854/4854 4856/4856/4856 4858/4858/4858 
f 4858/4858/4858 4859/4859/4859 4860/4860/4860 
f 4860/4860/4860 4861/4861/4861 4862/4862/4862 
f 4858/4858/4858 4860/4860/4860 4862/4862/4862 
f 4854/4854/4854 4858/4858/4858 4862/4862/4862 
f 4862/4862/4862 4863/4863/4863 4864/4864/4864 
f 4864/4864/4864 4865/4865/4865 4866/4866/4866 
f 4862/4862/4862 4864/4864/4864 4866/4866/4866 
f 4866/4866/4866 4867/4867/4867 4868/4868/4868 
f 4868/4868/4868 4869/4869/4869 4870/4870/4870 
f 4866/4866/4866 4868/4868/4868 4870/4870/4870 
f 4862/4862/4862 4866/4866/4866 4870/4870/4870 
f 4870/4870/4870 4871/4871/4871 4872/4872/4872 
f 4872/4872/4872 4873/4873/4873 4874/4874/4874 
f 4870/4870/4870 4872/4872/4872 4874/4874/4874 
f 4874/4874/4874 4875/4875/4875 4876/4876/4876 
f 4876/4876/4876 4877/4877/4877 4847/4847/4847 
f 4874/4874/4874 4876/4876/4876 4847/4847/4847 
f 4870/4870/4870 4874/4874/4874 4847/4847/4847 
f 4862/4862/4862 4870/4870/4870 4847/4847/4847 
f 4854/4854/4854 4862/4862/4862 4847/4847/4847 
f 4850/4850/4850 4854/4854/4854 4847/4847/4847 
f 4846/4846/4846 4850/4850/4850 4847/4847/4847 
f 4878/4878/4878 4879/4879/4879 4880/4880/4880 
f 4880/4880/4880 4881/4881/4881 4878/4878/4878 
f 4882/4882/4882 4878/4878/4878 4881/4881/4881 
f 4881/4881/4881 4883/4883/4883 4882/4882/4882 
f 4884/4884/4884 4882/4882/4882 4883/4883/4883 
f 4883/4883/4883 4885/4885/4885 4884/4884/4884 
f 4886/4886/4886 4884/4884/4884 4885/4885/4885 
f 4885/4885/4885 4887/4887/4887 4886/4886/4886 
f 4888/4888/4888 4886/4886/4886 4887/4887/4887 
f 4887/4887/4887 4889/4889/4889 4888/4888/4888 
f 4890/4890/4890 4891/4891/4891 4892/4892/4892 
f 4892/4892/4892 4893/4893/4893 4890/4890/4890 
f 4894/4894/4894 4890/4890/4890 4893/4893/4893 
f 4893/4893/4893 4895/4895/4895 4894/4894/4894 
f 4896/4896/4896 4897/4897/4897 4898/4898/4898 
f 4898/4898/4898 4899/4899/4899 4896/4896/4896 
f 4900/4900/4900 4896/4896/4896 4899/4899/4899 
f 4899/4899/4899 4901/4901/4901 4900/4900/4900 
f 4902/4902/4902 4900/4900/4900 4901/4901/4901 
f 4901/4901/4901 4903/4903/4903 4902/4902/4902 
f 4904/4904/4904 4905/4905/4905 4906/4906/4906 
f 4906/4906/4906 4907/4907/4907 4904/4904/4904 
f 4908/4908/4908 4909/4909/4909 4910/4910/4910 
f 4910/4910/4910 4911/4911/4911 4908/4908/4908 
f 4912/4912/4912 4913/4913/4913 4914/4914/4914 
f 4914/4914/4914 4915/4915/4915 4912/4912/4912 
f 4905/4905/4905 4912/4912/4912 4915/4915/4915 
f 4915/4915/4915 4906/4906/4906 4905/4905/4905 
f 4916/4916/4916 4917/4917/4917 4918/4918/4918 
f 4918/4918/4918 4919/4919/4919 4916/4916/4916 
f 4920/4920/4920 4921/4921/4921 4922/4922/4922 
f 4922/4922/4922 4923/4923/4923 4920/4920/4920 
f 4924/4924/4924 4920/4920/4920 4923/4923/4923 
f 4923/4923/4923 4925/4925/4925 4924/4924/4924 
f 4913/4913/4913 4924/4924/4924 4925/4925/4925 
f 4925/4925/4925 4914/4914/4914 4913/4913/4913 
f 4926/4926/4926 4902/4902/4902 4903/4903/4903 
f 4903/4903/4903 4927/4927/4927 4926/4926/4926 
f 4928/4928/4928 4926/4926/4926 4927/4927/4927 
f 4927/4927/4927 4929/4929/4929 4928/4928/4928 
f 4930/4930/4930 4928/4928/4928 4929/4929/4929 
f 4929/4929/4929 4931/4931/4931 4930/4930/4930 
f 4932/4932/4932 4933/4933/4933 4934/4934/4934 
f 4934/4934/4934 4935/4935/4935 4932/4932/4932 
f 4936/4936/4936 4932/4932/4932 4935/4935/4935 
f 4935/4935/4935 4937/4937/4937 4936/4936/4936 
f 4917/4917/4917 4936/4936/4936 4937/4937/4937 
f 4937/4937/4937 4918/4918/4918 4917/4917/4917 
f 4938/4938/4938 4939/4939/4939 4940/4940/4940 
f 4940/4940/4940 4941/4941/4941 4938/4938/4938 
f 4942/4942/4942 4943/4943/4943 4944/4944/4944 
f 4944/4944/4944 4945/4945/4945 4942/4942/4942 
f 4943/4943/4943 4946/4946/4946 4947/4947/4947 
f 4947/4947/4947 4944/4944/4944 4943/4943/4943 
f 4946/4946/4946 4948/4948/4948 4949/4949/4949 
f 4949/4949/4949 4947/4947/4947 4946/4946/4946 
f 4950/4950/4950 4908/4908/4908 4911/4911/4911 
f 4911/4911/4911 4951/4951/4951 4950/4950/4950 
f 4948/4948/4948 4950/4950/4950 4951/4951/4951 
f 4951/4951/4951 4949/4949/4949 4948/4948/4948 
f 4952/4952/4952 4938/4938/4938 4941/4941/4941 
f 4941/4941/4941 4953/4953/4953 4952/4952/4952 
f 4879/4879/4879 4952/4952/4952 4953/4953/4953 
f 4953/4953/4953 4880/4880/4880 4879/4879/4879 

g Handle4

v -44.0054 5.25936 18.4982 
v -43.9207 5.07995 18.5072 
v -43.9207 5.07995 18.5139 
v -44.0055 5.2596 18.5049 
v -44.0835 5.43462 18.4712 
v -44.0838 5.4355 18.4777 
v -44.1484 5.60105 18.4282 
v -44.1488 5.60281 18.4343 
v -44.1931 5.75393 18.3739 
v -44.1939 5.75669 18.3796 
v -44.2111 5.88858 18.3157 
v -44.2121 5.89229 18.3208 
v -44.1956 6.00033 18.2627 
v -44.1968 6.00482 18.2673 
v -44.1398 6.08453 18.2248 
v -44.1956 6.00033 18.2627 
v -44.1968 6.00482 18.2673 
v -44.1412 6.08955 18.2289 
v -44.0371 6.13656 18.2106 
v -44.0385 6.14177 18.2146 
v -43.9221 6.14286 18.2248 
v -43.9235 6.14787 18.2289 
v -43.8317 6.09782 18.2627 
v -43.8329 6.10232 18.2673 
v -43.7624 6.00881 18.3157 
v -43.8317 6.09782 18.2627 
v -43.8329 6.10232 18.2673 
v -43.7634 6.01253 18.3208 
v -43.7106 5.88322 18.3739 
v -43.7114 5.88598 18.3796 
v -43.6729 5.72843 18.4282 
v -43.6734 5.7302 18.4343 
v -43.6459 5.5519 18.4712 
v -43.6461 5.55277 18.4777 
v -43.6259 5.36105 18.4982 
v -43.626 5.36128 18.5049 
v -43.6096 5.16331 18.5072 
v -43.6096 5.16331 18.5139 
v -43.9207 5.07995 18.5072 
v -43.6096 5.16331 18.5072 
v -43.6096 5.16331 18.5139 
v -43.9207 5.07995 18.5139 
v -44.0053 5.25912 18.4916 
v -43.9207 5.07995 18.5005 
v -44.0833 5.43375 18.4648 
v -44.1479 5.59928 18.4221 
v -44.1924 5.75117 18.3683 
v -44.2101 5.88486 18.3107 
v -44.1944 5.99583 18.2582 
v -44.1385 6.0795 18.2206 
v -44.1944 5.99583 18.2582 
v -44.0357 6.13135 18.2066 
v -43.9208 6.13784 18.2206 
v -43.8305 6.09333 18.2582 
v -43.7614 6.00511 18.3107 
v -43.8305 6.09333 18.2582 
v -43.7099 5.88046 18.3683 
v -43.6725 5.72667 18.4221 
v -43.6456 5.55102 18.4648 
v -43.6258 5.36081 18.4916 
v -43.6096 5.16331 18.5005 
v -43.9207 5.07995 18.5005 
v -43.6096 5.16331 18.5005 
v -44.0053 5.25888 18.4849 
v -43.9207 5.07995 18.4938 
v -44.0831 5.43287 18.4583 
v -44.1474 5.59751 18.416 
v -44.1917 5.7484 18.3627 
v -44.2091 5.88115 18.3056 
v -44.1932 5.99133 18.2537 
v -44.1371 6.07448 18.2165 
v -44.1932 5.99133 18.2537 
v -44.0343 6.12614 18.2026 
v -43.9194 6.13281 18.2165 
v -43.8293 6.08883 18.2537 
v -43.7604 6.00139 18.3056 
v -43.8293 6.08883 18.2537 
v -43.7091 5.87769 18.3627 
v -43.672 5.7249 18.416 
v -43.6454 5.55015 18.4583 
v -43.6258 5.36057 18.4849 
v -43.6096 5.16331 18.4938 
v -43.9207 5.07995 18.4938 
v -43.6096 5.16331 18.4938 
v -44.0052 5.25864 18.4783 
v -43.9207 5.07995 18.4871 
v -44.0828 5.43199 18.4519 
v -44.1469 5.59574 18.4099 
v -44.1909 5.74564 18.3571 
v -44.2081 5.87744 18.3006 
v -44.192 5.98683 18.2491 
v -44.1358 6.06947 18.2123 
v -44.192 5.98683 18.2491 
v -44.0329 6.12093 18.1986 
v -43.9181 6.1278 18.2123 
v -43.8281 6.08433 18.2491 
v -43.7594 5.99768 18.3006 
v -43.8281 6.08433 18.2491 
v -43.7084 5.87493 18.3571 
v -43.6715 5.72313 18.4099 
v -43.6452 5.54927 18.4519 
v -43.6257 5.36033 18.4783 
v -43.6096 5.16331 18.4871 
v -43.9207 5.07995 18.4871 
v -43.6096 5.16331 18.4871 
v -44.0385 6.14177 18.2146 
v -44.1412 6.08955 18.2289 
v -44.1968 6.00482 18.2673 
v -43.9235 6.14787 18.2289 
v -43.8329 6.10232 18.2673 
v -44.2121 5.89229 18.3208 
v -43.7634 6.01253 18.3208 
v -44.1939 5.75669 18.3796 
v -43.7114 5.88598 18.3796 
v -44.1488 5.60281 18.4343 
v -43.6734 5.7302 18.4343 
v -44.0838 5.4355 18.4777 
v -43.6461 5.55277 18.4777 
v -44.0055 5.2596 18.5049 
v -43.626 5.36128 18.5049 
v -43.9207 5.07995 18.5139 
v -43.6096 5.16331 18.5139 
v -43.6696 5.30301 18.5006 
v -43.656 5.1515 18.5059 
v -43.8746 5.09293 18.5059 
v -43.9386 5.23091 18.5006 
v -44.1149 5.894 18.3236 
v -44.0755 5.95593 18.2998 
v -43.9992 5.99532 18.2906 
v -43.9135 5.99935 18.2998 
v -43.8484 5.9654 18.3236 
v -44.1262 5.80418 18.3601 
v -43.7937 5.89325 18.3601 
v -44.1099 5.68668 18.404 
v -43.7491 5.78336 18.404 
v -44.0694 5.54799 18.4464 
v -43.7148 5.64301 18.4464 
v -44.0103 5.3943 18.4802 
v -43.6892 5.48035 18.4802 
v -43.9207 5.07995 18.4871 
v -44.0052 5.25864 18.4783 
v -43.9385 5.23051 18.4819 
v -43.8746 5.09293 18.4871 
v -44.0828 5.43199 18.4519 
v -44.0098 5.3925 18.4619 
v -44.1469 5.59574 18.4099 
v -44.0684 5.54413 18.4289 
v -44.1909 5.74564 18.3571 
v -44.1083 5.6805 18.3875 
v -44.2081 5.87744 18.3006 
v -44.1239 5.79584 18.3448 
v -44.1122 5.88399 18.3092 
v -44.0726 5.94489 18.286 
v -43.9962 5.9839 18.2771 
v -43.9105 5.98832 18.286 
v -43.8457 5.9554 18.3092 
v -43.7594 5.99768 18.3006 
v -43.7915 5.88491 18.3448 
v -43.7084 5.87493 18.3571 
v -43.7474 5.77719 18.3875 
v -43.6715 5.72313 18.4099 
v -43.7137 5.63915 18.4289 
v -43.6452 5.54927 18.4519 
v -43.6887 5.47855 18.4619 
v -43.6257 5.36033 18.4783 
v -43.6694 5.3026 18.4819 
v -43.6096 5.16331 18.4871 
v -43.656 5.1515 18.4871 
v -43.8746 5.09293 18.4871 
v -43.9385 5.23051 18.4819 
v -43.9386 5.23091 18.5006 
v -43.8746 5.09293 18.5059 
v -44.0098 5.3925 18.4619 
v -44.0103 5.3943 18.4802 
v -44.0684 5.54413 18.4289 
v -44.0694 5.54799 18.4464 
v -44.1083 5.6805 18.3875 
v -44.1099 5.68668 18.404 
v -44.1239 5.79584 18.3448 
v -44.1262 5.80418 18.3601 
v -44.1122 5.88399 18.3092 
v -44.1149 5.894 18.3236 
v -44.0726 5.94489 18.286 
v -44.0755 5.95593 18.2998 
v -44.0726 5.94489 18.286 
v -43.9962 5.9839 18.2771 
v -43.9992 5.99532 18.2906 
v -44.0755 5.95593 18.2998 
v -43.9105 5.98832 18.286 
v -43.9135 5.99935 18.2998 
v -43.9105 5.98832 18.286 
v -43.8457 5.9554 18.3092 
v -43.8484 5.9654 18.3236 
v -43.9135 5.99935 18.2998 
v -43.7915 5.88491 18.3448 
v -43.7937 5.89325 18.3601 
v -43.7474 5.77719 18.3875 
v -43.7491 5.78336 18.404 
v -43.7137 5.63915 18.4289 
v -43.7148 5.64301 18.4464 
v -43.6887 5.47855 18.4619 
v -43.6892 5.48035 18.4802 
v -43.6694 5.3026 18.4819 
v -43.6696 5.30301 18.5006 
v -43.656 5.1515 18.4871 
v -43.656 5.1515 18.5059 
v -43.656 5.1515 18.4871 
v -43.8746 5.09293 18.4871 
v -43.8746 5.09293 18.5059 
v -43.656 5.1515 18.5059 
v -43.3749 5.36105 18.4982 
v -43.3912 5.16331 18.5072 
v -43.3912 5.16331 18.5139 
v -43.3748 5.36128 18.5049 
v -43.3549 5.5519 18.4712 
v -43.3547 5.55277 18.4777 
v -43.3279 5.72843 18.4282 
v -43.3274 5.7302 18.4343 
v -43.2902 5.88322 18.3739 
v -43.2895 5.88598 18.3796 
v -43.2384 6.00881 18.3157 
v -43.2902 5.88322 18.3739 
v -43.2895 5.88598 18.3796 
v -43.2374 6.01253 18.3208 
v -43.1691 6.09782 18.2627 
v -43.1679 6.10232 18.2673 
v -43.0787 6.14286 18.2248 
v -43.1691 6.09782 18.2627 
v -43.1679 6.10232 18.2673 
v -43.0774 6.14787 18.2289 
v -42.9637 6.13656 18.2106 
v -42.9623 6.14176 18.2146 
v -42.861 6.08453 18.2248 
v -42.8597 6.08954 18.2289 
v -42.8052 6.00033 18.2627 
v -42.804 6.00482 18.2673 
v -42.7897 5.88858 18.3157 
v -42.8052 6.00033 18.2627 
v -42.804 6.00482 18.2673 
v -42.7887 5.89229 18.3208 
v -42.8077 5.75393 18.3739 
v -42.8069 5.75669 18.3796 
v -42.8525 5.60104 18.4282 
v -42.8077 5.75393 18.3739 
v -42.8069 5.75669 18.3796 
v -42.852 5.60281 18.4343 
v -42.9173 5.43462 18.4712 
v -42.917 5.4355 18.4777 
v -42.9954 5.25936 18.4982 
v -42.9953 5.2596 18.5049 
v -43.0801 5.07995 18.5072 
v -43.0801 5.07995 18.5139 
v -43.3912 5.16331 18.5072 
v -43.3912 5.16331 18.5139 
v -43.375 5.36081 18.4916 
v -43.3912 5.16331 18.5005 
v -43.3552 5.55102 18.4648 
v -43.3283 5.72667 18.4221 
v -43.2909 5.88046 18.3683 
v -43.2394 6.00511 18.3107 
v -43.2909 5.88046 18.3683 
v -43.1703 6.09333 18.2582 
v -43.0801 6.13784 18.2206 
v -43.1703 6.09333 18.2582 
v -42.9651 6.13135 18.2066 
v -42.8624 6.0795 18.2206 
v -42.8064 5.99583 18.2582 
v -42.7907 5.88486 18.3107 
v -42.8064 5.99583 18.2582 
v -42.8084 5.75117 18.3683 
v -42.8529 5.59928 18.4221 
v -42.8084 5.75117 18.3683 
v -42.9175 5.43375 18.4648 
v -42.9955 5.25912 18.4916 
v -43.0801 5.07995 18.5005 
v -43.3912 5.16331 18.5005 
v -43.375 5.36057 18.4849 
v -43.3912 5.16331 18.4938 
v -43.3554 5.55015 18.4583 
v -43.3288 5.7249 18.416 
v -43.2917 5.87769 18.3627 
v -43.2404 6.00139 18.3056 
v -43.2917 5.87769 18.3627 
v -43.1715 6.08883 18.2537 
v -43.0814 6.13281 18.2165 
v -43.1715 6.08883 18.2537 
v -42.9665 6.12614 18.2026 
v -42.8637 6.07448 18.2165 
v -42.8077 5.99133 18.2537 
v -42.7917 5.88115 18.3056 
v -42.8077 5.99133 18.2537 
v -42.8092 5.7484 18.3627 
v -42.8534 5.59751 18.416 
v -42.8092 5.7484 18.3627 
v -42.9177 5.43287 18.4583 
v -42.9955 5.25888 18.4849 
v -43.0801 5.07995 18.4938 
v -43.3912 5.16331 18.4938 
v -43.3751 5.36033 18.4783 
v -43.3912 5.16331 18.4871 
v -43.3557 5.54927 18.4519 
v -43.3293 5.72313 18.4099 
v -43.2924 5.87493 18.3571 
v -43.2414 5.99768 18.3006 
v -43.2924 5.87493 18.3571 
v -43.1727 6.08433 18.2491 
v -43.0827 6.1278 18.2123 
v -43.1727 6.08433 18.2491 
v -42.9679 6.12093 18.1986 
v -42.8651 6.06947 18.2123 
v -42.8089 5.98683 18.2491 
v -42.7927 5.87744 18.3006 
v -42.8089 5.98683 18.2491 
v -42.8099 5.74564 18.3571 
v -42.8539 5.59574 18.4099 
v -42.8099 5.74564 18.3571 
v -42.918 5.43199 18.4519 
v -42.9956 5.25864 18.4783 
v -43.0801 5.07995 18.4871 
v -43.3912 5.16331 18.4871 
v -42.9623 6.14176 18.2146 
v -43.0774 6.14787 18.2289 
v -43.1679 6.10232 18.2673 
v -42.8597 6.08954 18.2289 
v -42.804 6.00482 18.2673 
v -43.2374 6.01253 18.3208 
v -42.7887 5.89229 18.3208 
v -43.2895 5.88598 18.3796 
v -42.8069 5.75669 18.3796 
v -43.3274 5.7302 18.4343 
v -42.852 5.60281 18.4343 
v -43.3547 5.55277 18.4777 
v -42.917 5.4355 18.4777 
v -43.3748 5.36128 18.5049 
v -42.9953 5.2596 18.5049 
v -43.3912 5.16331 18.5139 
v -43.0801 5.07995 18.5139 
v -43.0622 5.23091 18.5006 
v -43.1262 5.09293 18.5059 
v -43.3448 5.1515 18.5059 
v -43.3313 5.30301 18.5006 
v -43.1524 5.9654 18.3236 
v -43.0874 5.99935 18.2998 
v -43.0016 5.99532 18.2906 
v -42.9253 5.95593 18.2998 
v -42.8859 5.894 18.3236 
v -43.2071 5.89325 18.3601 
v -42.8747 5.80418 18.3601 
v -43.2517 5.78336 18.404 
v -42.8909 5.68668 18.404 
v -43.286 5.64301 18.4464 
v -42.9314 5.54799 18.4464 
v -43.3117 5.48035 18.4802 
v -42.9905 5.3943 18.4802 
v -43.3912 5.16331 18.4871 
v -43.3751 5.36033 18.4783 
v -43.3314 5.3026 18.4819 
v -43.3448 5.1515 18.4871 
v -43.3557 5.54927 18.4519 
v -43.3121 5.47855 18.4619 
v -43.3293 5.72313 18.4099 
v -43.2871 5.63915 18.4289 
v -43.2924 5.87493 18.3571 
v -43.2534 5.77719 18.3875 
v -43.2414 5.99768 18.3006 
v -43.2093 5.88491 18.3448 
v -43.1551 5.9554 18.3092 
v -43.0903 5.98832 18.286 
v -43.0046 5.9839 18.2771 
v -42.9282 5.94489 18.286 
v -42.8886 5.88399 18.3092 
v -42.7927 5.87744 18.3006 
v -42.8769 5.79584 18.3448 
v -42.8099 5.74564 18.3571 
v -42.8926 5.6805 18.3875 
v -42.8539 5.59574 18.4099 
v -42.9324 5.54413 18.4289 
v -42.918 5.43199 18.4519 
v -42.991 5.3925 18.4619 
v -42.9956 5.25864 18.4783 
v -43.0623 5.23051 18.4819 
v -43.0801 5.07995 18.4871 
v -43.1262 5.09293 18.4871 
v -43.3448 5.1515 18.4871 
v -43.3314 5.3026 18.4819 
v -43.3313 5.30301 18.5006 
v -43.3448 5.1515 18.5059 
v -43.3121 5.47855 18.4619 
v -43.3117 5.48035 18.4802 
v -43.2871 5.63915 18.4289 
v -43.286 5.64301 18.4464 
v -43.2534 5.77719 18.3875 
v -43.2517 5.78336 18.404 
v -43.2534 5.77719 18.3875 
v -43.2093 5.88491 18.3448 
v -43.2071 5.89325 18.3601 
v -43.2517 5.78336 18.404 
v -43.1551 5.9554 18.3092 
v -43.1524 5.9654 18.3236 
v -43.0903 5.98832 18.286 
v -43.0874 5.99935 18.2998 
v -43.0046 5.9839 18.2771 
v -43.0016 5.99532 18.2906 
v -43.0046 5.9839 18.2771 
v -42.9282 5.94489 18.286 
v -42.9253 5.95593 18.2998 
v -43.0016 5.99532 18.2906 
v -42.8886 5.88399 18.3092 
v -42.8859 5.894 18.3236 
v -42.8769 5.79584 18.3448 
v -42.8747 5.80418 18.3601 
v -42.8926 5.6805 18.3875 
v -42.8909 5.68668 18.404 
v -42.8926 5.6805 18.3875 
v -42.9324 5.54413 18.4289 
v -42.9314 5.54799 18.4464 
v -42.8909 5.68668 18.404 
v -42.991 5.3925 18.4619 
v -42.9905 5.3943 18.4802 
v -43.0623 5.23051 18.4819 
v -43.0622 5.23091 18.5006 
v -43.1262 5.09293 18.4871 
v -43.1262 5.09293 18.5059 
v -43.3448 5.1515 18.4871 
v -43.3448 5.1515 18.5059 

vn -0.905512 -0.417323 0.00787402 
vn -0.905512 -0.425197 0 
vn -0.905512 -0.425197 0 
vn -0.913386 -0.409449 0.00787402 
vn -0.92126 -0.385827 0.015748 
vn -0.929134 -0.370079 0.023622 
vn -0.944882 -0.314961 0.015748 
vn -0.952756 -0.307087 0.015748 
vn -0.976378 -0.220472 -0.023622 
vn -0.976378 -0.19685 -0.0393701 
vn -0.984252 -0.0708661 -0.149606 
vn -0.984252 -0.0393701 -0.188976 
vn -0.905512 0.15748 -0.401575 
vn -0.866142 0.188976 -0.456693 
vn -0.598425 0.409449 -0.685039 
vn -0.905512 0.15748 -0.401575 
vn -0.866142 0.188976 -0.456693 
vn -0.527559 0.440945 -0.724409 
vn -0.15748 0.582677 -0.795276 
vn -0.0787402 0.606299 -0.795276 
vn 0.314961 0.661417 -0.685039 
vn 0.401575 0.661417 -0.637795 
vn 0.700787 0.590551 -0.401575 
vn 0.748031 0.566929 -0.338583 
vn 0.889764 0.433071 -0.149606 
vn 0.700787 0.590551 -0.401575 
vn 0.748031 0.566929 -0.338583 
vn 0.905512 0.409449 -0.11811 
vn 0.952756 0.299213 -0.023622 
vn 0.96063 0.275591 -0.015748 
vn 0.976378 0.19685 0.015748 
vn 0.984252 0.181102 0.015748 
vn 0.992126 0.133858 0.015748 
vn 0.992126 0.125984 0.015748 
vn 0.992126 0.0944882 0.00787402 
vn 0.992126 0.0866142 0.00787402 
vn 1 0.0787402 0 
vn 1 0.0787402 0 
vn -0.905512 -0.425197 0 
vn 1 0.0787402 0 
vn 1 0.0787402 0 
vn -0.905512 -0.425197 0 
vn -0.905512 -0.417323 0.00787402 
vn -0.905512 -0.425197 0 
vn -0.92126 -0.385827 0.015748 
vn -0.944882 -0.314961 0.015748 
vn -0.976378 -0.220472 -0.023622 
vn -0.984252 -0.0629921 -0.149606 
vn -0.905512 0.15748 -0.401575 
vn -0.598425 0.417323 -0.685039 
vn -0.905512 0.15748 -0.401575 
vn -0.15748 0.582677 -0.795276 
vn 0.314961 0.661417 -0.685039 
vn 0.700787 0.590551 -0.401575 
vn 0.889764 0.433071 -0.149606 
vn 0.700787 0.590551 -0.401575 
vn 0.952756 0.299213 -0.023622 
vn 0.976378 0.19685 0.015748 
vn 0.992126 0.133858 0.015748 
vn 0.992126 0.0944882 0.00787402 
vn 1 0.0787402 0 
vn -0.905512 -0.425197 0 
vn 1 0.0787402 0 
vn -0.905512 -0.417323 0.00787402 
vn -0.905512 -0.425197 0 
vn -0.92126 -0.385827 0.015748 
vn -0.944882 -0.314961 0.015748 
vn -0.976378 -0.220472 -0.023622 
vn -0.984252 -0.0629921 -0.149606 
vn -0.897638 0.15748 -0.401575 
vn -0.598425 0.417323 -0.685039 
vn -0.897638 0.15748 -0.401575 
vn -0.15748 0.582677 -0.795276 
vn 0.307087 0.661417 -0.685039 
vn 0.700787 0.590551 -0.401575 
vn 0.889764 0.433071 -0.149606 
vn 0.700787 0.590551 -0.401575 
vn 0.952756 0.299213 -0.023622 
vn 0.976378 0.19685 0.015748 
vn 0.992126 0.133858 0.015748 
vn 0.992126 0.0944882 0.00787402 
vn 1 0.0787402 0 
vn -0.905512 -0.425197 0 
vn 1 0.0787402 0 
vn -0.905512 -0.417323 0.00787402 
vn -0.905512 -0.425197 0 
vn -0.92126 -0.393701 0.015748 
vn -0.944882 -0.330709 0.015748 
vn -0.968504 -0.23622 -0.015748 
vn -0.992126 -0.0944882 -0.11811 
vn -0.929134 0.125984 -0.346457 
vn -0.669291 0.377953 -0.637795 
vn -0.929134 0.125984 -0.346457 
vn -0.228346 0.566929 -0.795276 
vn 0.220472 0.645669 -0.732283 
vn 0.645669 0.606299 -0.464567 
vn 0.866142 0.456693 -0.188976 
vn 0.645669 0.606299 -0.464567 
vn 0.944882 0.314961 -0.0393701 
vn 0.976378 0.212598 0.015748 
vn 0.992126 0.141732 0.023622 
vn 0.992126 0.0944882 0.00787402 
vn 1 0.0787402 0 
vn -0.905512 -0.425197 0 
vn 1 0.0787402 0 
vn -0.0787402 0.606299 -0.795276 
vn -0.527559 0.440945 -0.724409 
vn -0.866142 0.188976 -0.456693 
vn 0.401575 0.661417 -0.637795 
vn 0.748031 0.566929 -0.338583 
vn -0.984252 -0.0393701 -0.188976 
vn 0.905512 0.409449 -0.11811 
vn -0.976378 -0.19685 -0.0393701 
vn 0.96063 0.275591 -0.015748 
vn -0.952756 -0.307087 0.015748 
vn 0.984252 0.181102 0.015748 
vn -0.929134 -0.370079 0.023622 
vn 0.992126 0.125984 0.015748 
vn -0.913386 -0.409449 0.00787402 
vn 0.992126 0.0866142 0.00787402 
vn -0.905512 -0.425197 0 
vn 1 0.0787402 0 
vn 0.015748 -0.0629921 -1 
vn 0.00787402 -0.0314961 -1 
vn 0.00787402 -0.0314961 -1 
vn 0.023622 -0.0866142 -1 
vn 0.110236 -0.409449 -0.905512 
vn 0.102362 -0.417323 -0.905512 
vn 0.110236 -0.417323 -0.897638 
vn 0.11811 -0.417323 -0.897638 
vn 0.110236 -0.393701 -0.913386 
vn 0.102362 -0.370079 -0.92126 
vn 0.0944882 -0.354331 -0.929134 
vn 0.0866142 -0.314961 -0.944882 
vn 0.0787402 -0.291339 -0.952756 
vn 0.0629921 -0.244094 -0.968504 
vn 0.0551181 -0.220472 -0.976378 
vn 0.0472441 -0.165354 -0.984252 
vn 0.0393701 -0.141732 -0.992126 
vn -0.905512 -0.425197 0 
vn -0.905512 -0.417323 0.00787402 
vn 0.0393701 -0.0314961 -1 
vn 0.00787402 -0.0314961 -1 
vn -0.92126 -0.393701 0.015748 
vn 0.0708661 -0.11811 -0.992126 
vn -0.944882 -0.330709 0.015748 
vn 0.0944882 -0.212598 -0.976378 
vn -0.968504 -0.23622 -0.015748 
vn 0.110236 -0.299213 -0.944882 
vn -0.992126 -0.0944882 -0.11811 
vn 0.11811 -0.377953 -0.92126 
vn 0.110236 -0.433071 -0.889764 
vn 0.110236 -0.464567 -0.88189 
vn 0.11811 -0.472441 -0.874016 
vn 0.133858 -0.456693 -0.88189 
vn 0.149606 -0.433071 -0.889764 
vn 0.866142 0.456693 -0.188976 
vn 0.165354 -0.401575 -0.897638 
vn 0.944882 0.314961 -0.0393701 
vn 0.165354 -0.354331 -0.92126 
vn 0.976378 0.212598 0.015748 
vn 0.15748 -0.291339 -0.944882 
vn 0.992126 0.141732 0.023622 
vn 0.125984 -0.212598 -0.968504 
vn 0.992126 0.0944882 0.00787402 
vn 0.0866142 -0.125984 -0.984252 
vn 1 0.0787402 0 
vn 0.00787402 -0.0472441 -1 
vn 0.00787402 -0.0314961 -1 
vn 0.0393701 -0.0314961 -1 
vn 0.023622 -0.0866142 -1 
vn 0.00787402 -0.0314961 -1 
vn 0.0708661 -0.11811 -0.992126 
vn 0.0472441 -0.165354 -0.984252 
vn 0.0944882 -0.212598 -0.976378 
vn 0.0629921 -0.244094 -0.968504 
vn 0.110236 -0.299213 -0.944882 
vn 0.0866142 -0.314961 -0.944882 
vn 0.11811 -0.377953 -0.92126 
vn 0.102362 -0.370079 -0.92126 
vn 0.110236 -0.433071 -0.889764 
vn 0.110236 -0.409449 -0.905512 
vn 0.110236 -0.464567 -0.88189 
vn 0.102362 -0.417323 -0.905512 
vn 0.110236 -0.464567 -0.88189 
vn 0.11811 -0.472441 -0.874016 
vn 0.110236 -0.417323 -0.897638 
vn 0.102362 -0.417323 -0.905512 
vn 0.133858 -0.456693 -0.88189 
vn 0.11811 -0.417323 -0.897638 
vn 0.133858 -0.456693 -0.88189 
vn 0.149606 -0.433071 -0.889764 
vn 0.110236 -0.393701 -0.913386 
vn 0.11811 -0.417323 -0.897638 
vn 0.165354 -0.401575 -0.897638 
vn 0.0944882 -0.354331 -0.929134 
vn 0.165354 -0.354331 -0.92126 
vn 0.0787402 -0.291339 -0.952756 
vn 0.15748 -0.291339 -0.944882 
vn 0.0551181 -0.220472 -0.976378 
vn 0.125984 -0.212598 -0.968504 
vn 0.0393701 -0.141732 -0.992126 
vn 0.0866142 -0.125984 -0.984252 
vn 0.015748 -0.0629921 -1 
vn 0.00787402 -0.0472441 -1 
vn 0.00787402 -0.0314961 -1 
vn 0.00787402 -0.0472441 -1 
vn 0.00787402 -0.0314961 -1 
vn 0.00787402 -0.0314961 -1 
vn 0.00787402 -0.0314961 -1 
vn -0.992126 0.0944882 0.00787402 
vn -1 0.0787402 0 
vn -1 0.0787402 0 
vn -0.992126 0.0944882 0.00787402 
vn -0.992126 0.133858 0.015748 
vn -0.992126 0.141732 0.023622 
vn -0.976378 0.19685 0.015748 
vn -0.976378 0.212598 0.015748 
vn -0.952756 0.299213 -0.023622 
vn -0.944882 0.314961 -0.0393701 
vn -0.889764 0.433071 -0.149606 
vn -0.952756 0.299213 -0.023622 
vn -0.944882 0.314961 -0.0393701 
vn -0.874016 0.456693 -0.188976 
vn -0.700787 0.590551 -0.401575 
vn -0.653543 0.598425 -0.456693 
vn -0.314961 0.661417 -0.685039 
vn -0.700787 0.590551 -0.401575 
vn -0.653543 0.598425 -0.456693 
vn -0.228346 0.645669 -0.724409 
vn 0.15748 0.582677 -0.795276 
vn 0.228346 0.559055 -0.795276 
vn 0.598425 0.409449 -0.685039 
vn 0.677165 0.377953 -0.637795 
vn 0.905512 0.15748 -0.401575 
vn 0.937008 0.11811 -0.338583 
vn 0.984252 -0.0708661 -0.149606 
vn 0.905512 0.15748 -0.401575 
vn 0.937008 0.11811 -0.338583 
vn 0.992126 -0.0944882 -0.11811 
vn 0.976378 -0.220472 -0.023622 
vn 0.968504 -0.23622 -0.015748 
vn 0.944882 -0.314961 0.015748 
vn 0.976378 -0.220472 -0.023622 
vn 0.968504 -0.23622 -0.015748 
vn 0.944882 -0.330709 0.015748 
vn 0.92126 -0.385827 0.015748 
vn 0.92126 -0.393701 0.015748 
vn 0.905512 -0.417323 0.00787402 
vn 0.905512 -0.417323 0.00787402 
vn 0.905512 -0.425197 0 
vn 0.905512 -0.425197 0 
vn -1 0.0787402 0 
vn -1 0.0787402 0 
vn -0.992126 0.0944882 0.00787402 
vn -1 0.0787402 0 
vn -0.992126 0.133858 0.015748 
vn -0.976378 0.19685 0.015748 
vn -0.952756 0.299213 -0.023622 
vn -0.889764 0.433071 -0.149606 
vn -0.952756 0.299213 -0.023622 
vn -0.700787 0.590551 -0.401575 
vn -0.314961 0.661417 -0.685039 
vn -0.700787 0.590551 -0.401575 
vn 0.15748 0.582677 -0.795276 
vn 0.598425 0.417323 -0.685039 
vn 0.905512 0.15748 -0.401575 
vn 0.984252 -0.0629921 -0.149606 
vn 0.905512 0.15748 -0.401575 
vn 0.976378 -0.220472 -0.023622 
vn 0.944882 -0.314961 0.015748 
vn 0.976378 -0.220472 -0.023622 
vn 0.92126 -0.385827 0.015748 
vn 0.905512 -0.417323 0.00787402 
vn 0.905512 -0.425197 0 
vn -1 0.0787402 0 
vn -0.992126 0.0944882 0.00787402 
vn -1 0.0787402 0 
vn -0.992126 0.133858 0.015748 
vn -0.976378 0.19685 0.015748 
vn -0.952756 0.299213 -0.023622 
vn -0.889764 0.433071 -0.149606 
vn -0.952756 0.299213 -0.023622 
vn -0.700787 0.590551 -0.401575 
vn -0.307087 0.661417 -0.685039 
vn -0.700787 0.590551 -0.401575 
vn 0.15748 0.582677 -0.795276 
vn 0.598425 0.417323 -0.685039 
vn 0.897638 0.15748 -0.401575 
vn 0.984252 -0.0629921 -0.149606 
vn 0.897638 0.15748 -0.401575 
vn 0.976378 -0.220472 -0.023622 
vn 0.944882 -0.314961 0.015748 
vn 0.976378 -0.220472 -0.023622 
vn 0.92126 -0.385827 0.015748 
vn 0.905512 -0.417323 0.00787402 
vn 0.905512 -0.425197 0 
vn -1 0.0787402 0 
vn -0.992126 0.0866142 0.00787402 
vn -1 0.0787402 0 
vn -0.992126 0.11811 0.015748 
vn -0.984252 0.181102 0.015748 
vn -0.96063 0.283465 -0.015748 
vn -0.905512 0.417323 -0.11811 
vn -0.96063 0.283465 -0.015748 
vn -0.748031 0.574803 -0.346457 
vn -0.385827 0.661417 -0.637795 
vn -0.748031 0.574803 -0.346457 
vn 0.0866142 0.598425 -0.795276 
vn 0.519685 0.448819 -0.732283 
vn 0.866142 0.204724 -0.464567 
vn 0.984252 -0.0393701 -0.188976 
vn 0.866142 0.204724 -0.464567 
vn 0.976378 -0.19685 -0.0393701 
vn 0.952756 -0.307087 0.015748 
vn 0.976378 -0.19685 -0.0393701 
vn 0.929134 -0.377953 0.023622 
vn 0.913386 -0.417323 0.00787402 
vn 0.905512 -0.425197 0 
vn -1 0.0787402 0 
vn 0.228346 0.559055 -0.795276 
vn -0.228346 0.645669 -0.724409 
vn -0.653543 0.598425 -0.456693 
vn 0.677165 0.377953 -0.637795 
vn 0.937008 0.11811 -0.338583 
vn -0.874016 0.456693 -0.188976 
vn 0.992126 -0.0944882 -0.11811 
vn -0.944882 0.314961 -0.0393701 
vn 0.968504 -0.23622 -0.015748 
vn -0.976378 0.212598 0.015748 
vn 0.944882 -0.330709 0.015748 
vn -0.992126 0.141732 0.023622 
vn 0.92126 -0.393701 0.015748 
vn -0.992126 0.0944882 0.00787402 
vn 0.905512 -0.417323 0.00787402 
vn -1 0.0787402 0 
vn 0.905512 -0.425197 0 
vn -0.015748 -0.0629921 -1 
vn -0.00787402 -0.0314961 -1 
vn -0.00787402 -0.0314961 -1 
vn -0.023622 -0.0866142 -1 
vn -0.110236 -0.409449 -0.905512 
vn -0.11811 -0.409449 -0.905512 
vn -0.11811 -0.417323 -0.897638 
vn -0.110236 -0.425197 -0.897638 
vn -0.110236 -0.393701 -0.913386 
vn -0.102362 -0.370079 -0.92126 
vn -0.0944882 -0.354331 -0.929134 
vn -0.0866142 -0.314961 -0.944882 
vn -0.0787402 -0.291339 -0.952756 
vn -0.0629921 -0.244094 -0.968504 
vn -0.0551181 -0.220472 -0.976378 
vn -0.0472441 -0.165354 -0.984252 
vn -0.0393701 -0.141732 -0.992126 
vn -1 0.0787402 0 
vn -0.992126 0.0866142 0.00787402 
vn 0.023622 -0.0472441 -1 
vn -0.00787402 -0.0314961 -1 
vn -0.992126 0.11811 0.015748 
vn 0 -0.141732 -0.992126 
vn -0.984252 0.181102 0.015748 
vn -0.023622 -0.228346 -0.976378 
vn -0.96063 0.283465 -0.015748 
vn -0.0551181 -0.314961 -0.944882 
vn -0.905512 0.417323 -0.11811 
vn -0.0866142 -0.385827 -0.92126 
vn -0.125984 -0.433071 -0.889764 
vn -0.141732 -0.456693 -0.88189 
vn -0.133858 -0.464567 -0.874016 
vn -0.11811 -0.464567 -0.88189 
vn -0.0866142 -0.456693 -0.889764 
vn 0.984252 -0.0393701 -0.188976 
vn -0.0551181 -0.433071 -0.897638 
vn 0.976378 -0.19685 -0.0393701 
vn -0.0314961 -0.393701 -0.92126 
vn 0.952756 -0.307087 0.015748 
vn -0.00787402 -0.330709 -0.944882 
vn 0.929134 -0.377953 0.023622 
vn 0 -0.251969 -0.968504 
vn 0.913386 -0.417323 0.00787402 
vn 0.015748 -0.15748 -0.984252 
vn 0.905512 -0.425197 0 
vn -0.015748 -0.0393701 -1 
vn -0.00787402 -0.0314961 -1 
vn 0.023622 -0.0472441 -1 
vn -0.023622 -0.0866142 -1 
vn -0.00787402 -0.0314961 -1 
vn 0 -0.141732 -0.992126 
vn -0.0472441 -0.165354 -0.984252 
vn -0.023622 -0.228346 -0.976378 
vn -0.0629921 -0.244094 -0.968504 
vn -0.0551181 -0.314961 -0.944882 
vn -0.0866142 -0.314961 -0.944882 
vn -0.0551181 -0.314961 -0.944882 
vn -0.0866142 -0.385827 -0.92126 
vn -0.102362 -0.370079 -0.92126 
vn -0.0866142 -0.314961 -0.944882 
vn -0.125984 -0.433071 -0.889764 
vn -0.110236 -0.409449 -0.905512 
vn -0.141732 -0.456693 -0.88189 
vn -0.11811 -0.409449 -0.905512 
vn -0.133858 -0.464567 -0.874016 
vn -0.11811 -0.417323 -0.897638 
vn -0.133858 -0.464567 -0.874016 
vn -0.11811 -0.464567 -0.88189 
vn -0.110236 -0.425197 -0.897638 
vn -0.11811 -0.417323 -0.897638 
vn -0.0866142 -0.456693 -0.889764 
vn -0.110236 -0.393701 -0.913386 
vn -0.0551181 -0.433071 -0.897638 
vn -0.0944882 -0.354331 -0.929134 
vn -0.0314961 -0.393701 -0.92126 
vn -0.0787402 -0.291339 -0.952756 
vn -0.0314961 -0.393701 -0.92126 
vn -0.00787402 -0.330709 -0.944882 
vn -0.0551181 -0.220472 -0.976378 
vn -0.0787402 -0.291339 -0.952756 
vn 0 -0.251969 -0.968504 
vn -0.0393701 -0.141732 -0.992126 
vn 0.015748 -0.15748 -0.984252 
vn -0.015748 -0.0629921 -1 
vn -0.015748 -0.0393701 -1 
vn -0.00787402 -0.0314961 -1 
vn -0.00787402 -0.0314961 -1 
vn -0.00787402 -0.0314961 -1 

vt 0.963158 0.386359 
vt 0.983542 0.378907 
vt 0.983704 0.380271 
vt 0.963293 0.387722 
vt 0.942928 0.38988 
vt 0.942991 0.391234 
vt 0.92355 0.389576 
vt 0.923509 0.390903 
vt 0.905788 0.386117 
vt 0.905628 0.387393 
vt 0.890465 0.38069 
vt 0.890191 0.381901 
vt 0.87845 0.374858 
vt 0.878079 0.376 
vt 0.867201 0.400039 
vt 0.860104 0.384248 
vt 0.860598 0.384248 
vt 0.867752 0.400039 
vt 0.869712 0.423557 
vt 0.870284 0.423557 
vt 0.867201 0.447075 
vt 0.867752 0.447075 
vt 0.860104 0.462866 
vt 0.860598 0.462866 
vt 0.971238 0.264854 
vt 0.98336 0.259953 
vt 0.983708 0.261123 
vt 0.971488 0.266085 
vt 0.955819 0.269095 
vt 0.955953 0.270384 
vt 0.938001 0.271182 
vt 0.938016 0.272511 
vt 0.918632 0.269991 
vt 0.918543 0.27134 
vt 0.898488 0.264913 
vt 0.898326 0.266265 
vt 0.878268 0.255895 
vt 0.878079 0.257245 
vt 0.823188 0.418601 
vt 0.78902 0.418601 
vt 0.78902 0.417201 
vt 0.823188 0.417201 
vt 0.963023 0.384995 
vt 0.98338 0.377544 
vt 0.942866 0.388526 
vt 0.923592 0.38825 
vt 0.905948 0.38484 
vt 0.89074 0.379479 
vt 0.878822 0.373716 
vt 0.866649 0.400039 
vt 0.85961 0.384248 
vt 0.86914 0.423557 
vt 0.866649 0.447075 
vt 0.85961 0.462866 
vt 0.970987 0.263623 
vt 0.983011 0.258783 
vt 0.955685 0.267807 
vt 0.937986 0.269854 
vt 0.918721 0.268643 
vt 0.89865 0.26356 
vt 0.878457 0.254545 
vt 0.823188 0.420002 
vt 0.78902 0.420002 
vt 0.962887 0.383632 
vt 0.983218 0.37618 
vt 0.942804 0.387172 
vt 0.923634 0.386924 
vt 0.906107 0.383564 
vt 0.891015 0.378268 
vt 0.879193 0.372573 
vt 0.866098 0.400039 
vt 0.859116 0.384248 
vt 0.868569 0.423557 
vt 0.866098 0.447075 
vt 0.859116 0.462866 
vt 0.970737 0.262391 
vt 0.982663 0.257613 
vt 0.95555 0.266519 
vt 0.93797 0.268525 
vt 0.91881 0.267295 
vt 0.898813 0.262209 
vt 0.878646 0.253195 
vt 0.823188 0.421402 
vt 0.78902 0.421402 
vt 0.962752 0.382269 
vt 0.983056 0.374817 
vt 0.942742 0.385818 
vt 0.923676 0.385598 
vt 0.906267 0.382287 
vt 0.89129 0.377057 
vt 0.879565 0.371431 
vt 0.865547 0.400039 
vt 0.858622 0.384248 
vt 0.867997 0.423557 
vt 0.865547 0.447075 
vt 0.858622 0.462866 
vt 0.970486 0.26116 
vt 0.982314 0.256443 
vt 0.955416 0.265231 
vt 0.937955 0.267197 
vt 0.918899 0.265946 
vt 0.898975 0.260857 
vt 0.878836 0.251845 
vt 0.823188 0.422802 
vt 0.78902 0.422802 
vt 0.758242 0.303971 
vt 0.760774 0.280453 
vt 0.767929 0.264662 
vt 0.760774 0.327489 
vt 0.767929 0.34328 
vt 0.779039 0.255494 
vt 0.779039 0.352448 
vt 0.793435 0.251845 
vt 0.793435 0.356097 
vt 0.81044 0.252611 
vt 0.81044 0.355331 
vt 0.829371 0.256689 
vt 0.829371 0.351253 
vt 0.849547 0.262974 
vt 0.849547 0.344968 
vt 0.870284 0.270362 
vt 0.870284 0.337579 
vt 0.892232 0.204146 
vt 0.876334 0.198694 
vt 0.876334 0.151468 
vt 0.892232 0.146016 
vt 0.965021 0.146291 
vt 0.970286 0.157572 
vt 0.972228 0.175081 
vt 0.970286 0.19259 
vt 0.965021 0.20387 
vt 0.956126 0.13917 
vt 0.956126 0.210992 
vt 0.943639 0.1361 
vt 0.943639 0.214062 
vt 0.928315 0.136769 
vt 0.928315 0.213393 
vt 0.910943 0.140388 
vt 0.910943 0.209773 
vt 0.758242 0.389949 
vt 0.778875 0.38256 
vt 0.77416 0.394492 
vt 0.758307 0.399944 
vt 0.79877 0.376275 
vt 0.792718 0.388865 
vt 0.81731 0.372197 
vt 0.809864 0.385245 
vt 0.833878 0.371431 
vt 0.824933 0.384576 
vt 0.847856 0.37508 
vt 0.837183 0.387646 
vt 0.845894 0.394768 
vt 0.851047 0.406048 
vt 0.852946 0.423557 
vt 0.851047 0.441066 
vt 0.845894 0.452347 
vt 0.847856 0.472034 
vt 0.837183 0.459468 
vt 0.833878 0.475683 
vt 0.824933 0.462538 
vt 0.81731 0.474917 
vt 0.809864 0.461869 
vt 0.79877 0.470839 
vt 0.792718 0.45825 
vt 0.778875 0.464554 
vt 0.77416 0.452622 
vt 0.758242 0.457165 
vt 0.758307 0.44717 
vt 0.974096 0.295608 
vt 0.95843 0.290711 
vt 0.958766 0.286866 
vt 0.974477 0.29176 
vt 0.939809 0.287831 
vt 0.939985 0.284011 
vt 0.92231 0.288141 
vt 0.922249 0.28439 
vt 0.906678 0.290953 
vt 0.906348 0.287316 
vt 0.893788 0.295099 
vt 0.893201 0.291602 
vt 0.884516 0.29911 
vt 0.88373 0.295744 
vt 0.878989 0.30191 
vt 0.878079 0.298636 
vt 0.778323 0.425521 
vt 0.769422 0.421784 
vt 0.769422 0.419317 
vt 0.778323 0.423137 
vt 0.760522 0.425521 
vt 0.760522 0.423137 
vt 0.878926 0.317936 
vt 0.884502 0.320329 
vt 0.88378 0.32375 
vt 0.878079 0.321275 
vt 0.893844 0.323655 
vt 0.893324 0.327193 
vt 0.906804 0.326851 
vt 0.906543 0.33051 
vt 0.922478 0.328512 
vt 0.922489 0.332266 
vt 0.939971 0.327536 
vt 0.94022 0.33134 
vt 0.958524 0.323289 
vt 0.958933 0.327107 
vt 0.974086 0.317245 
vt 0.97454 0.321062 
vt 0.784528 0.433275 
vt 0.760522 0.433275 
vt 0.760522 0.429355 
vt 0.784528 0.429355 
vt 0.897915 0.443293 
vt 0.878187 0.447385 
vt 0.878079 0.446001 
vt 0.89783 0.441914 
vt 0.917139 0.443155 
vt 0.917117 0.441799 
vt 0.934979 0.446821 
vt 0.935047 0.445512 
vt 0.950511 0.453564 
vt 0.950679 0.452327 
vt 0.771703 0.440447 
vt 0.782381 0.442098 
vt 0.782555 0.443258 
vt 0.771802 0.44156 
vt 0.760622 0.440531 
vt 0.760655 0.441593 
vt 0.761474 0.212555 
vt 0.76867 0.228171 
vt 0.768177 0.228183 
vt 0.760923 0.212568 
vt 0.758814 0.189101 
vt 0.758242 0.189114 
vt 0.761176 0.165523 
vt 0.760625 0.165536 
vt 0.768173 0.149559 
vt 0.767679 0.149571 
vt 0.803691 0.411727 
vt 0.816829 0.41121 
vt 0.817022 0.412417 
vt 0.803793 0.412975 
vt 0.789024 0.412087 
vt 0.78902 0.413367 
vt 0.887838 0.413238 
vt 0.878114 0.421051 
vt 0.878079 0.419844 
vt 0.887866 0.411952 
vt 0.899715 0.408644 
vt 0.899799 0.407304 
vt 0.912846 0.407936 
vt 0.912968 0.406569 
vt 0.926386 0.411213 
vt 0.926522 0.409838 
vt 0.95543 0.422342 
vt 0.955566 0.420967 
vt 0.898001 0.444671 
vt 0.878296 0.448769 
vt 0.917161 0.444511 
vt 0.934912 0.448129 
vt 0.950342 0.454801 
vt 0.771604 0.439334 
vt 0.782208 0.440938 
vt 0.760589 0.43947 
vt 0.762025 0.212541 
vt 0.769164 0.228159 
vt 0.759386 0.189086 
vt 0.761728 0.165509 
vt 0.768667 0.149547 
vt 0.803589 0.410479 
vt 0.816636 0.410002 
vt 0.789028 0.410807 
vt 0.887809 0.414524 
vt 0.878149 0.422258 
vt 0.899631 0.409983 
vt 0.912724 0.409303 
vt 0.92625 0.412587 
vt 0.955294 0.423716 
vt 0.898086 0.44605 
vt 0.878405 0.450153 
vt 0.917183 0.445867 
vt 0.934844 0.449437 
vt 0.950173 0.456038 
vt 0.771505 0.438221 
vt 0.782034 0.439779 
vt 0.760555 0.438408 
vt 0.762577 0.212528 
vt 0.769658 0.228146 
vt 0.759958 0.189072 
vt 0.762279 0.165496 
vt 0.76916 0.149535 
vt 0.803486 0.409231 
vt 0.816443 0.408794 
vt 0.789033 0.409526 
vt 0.887781 0.41581 
vt 0.878184 0.423465 
vt 0.899548 0.411323 
vt 0.912602 0.410671 
vt 0.926113 0.413962 
vt 0.955158 0.425091 
vt 0.898171 0.447429 
vt 0.878513 0.451537 
vt 0.917206 0.447222 
vt 0.934777 0.450745 
vt 0.950004 0.457274 
vt 0.771406 0.437109 
vt 0.78186 0.438619 
vt 0.760522 0.437347 
vt 0.763128 0.212514 
vt 0.770152 0.228134 
vt 0.76053 0.189058 
vt 0.76283 0.165482 
vt 0.769654 0.149523 
vt 0.803384 0.407983 
vt 0.81625 0.407587 
vt 0.789037 0.408245 
vt 0.887752 0.417095 
vt 0.878219 0.424672 
vt 0.899464 0.412663 
vt 0.91248 0.412038 
vt 0.925977 0.415336 
vt 0.955022 0.426466 
vt 0.758242 0.074214 
vt 0.760476 0.0505797 
vt 0.767428 0.0344429 
vt 0.761071 0.0976005 
vt 0.768423 0.113036 
vt 0.778419 0.0247332 
vt 0.779646 0.121657 
vt 0.792764 0.0203798 
vt 0.794084 0.1246 
vt 0.809773 0.0203125 
vt 0.811074 0.123001 
vt 0.828751 0.0234612 
vt 0.829948 0.117997 
vt 0.848999 0.0287559 
vt 0.850037 0.110725 
vt 0.869824 0.0351264 
vt 0.870675 0.102322 
vt 0.956327 0.0289679 
vt 0.972258 0.0340304 
vt 0.972557 0.0812523 
vt 0.956695 0.0870939 
vt 0.88391 0.0886014 
vt 0.878574 0.0774508 
vt 0.876521 0.0599908 
vt 0.878352 0.0424354 
vt 0.883545 0.031027 
vt 0.892849 0.0955047 
vt 0.892394 0.0236878 
vt 0.905355 0.098268 
vt 0.904861 0.0203125 
vt 0.920673 0.0972241 
vt 0.920188 0.0206059 
vt 0.938021 0.0931787 
vt 0.937581 0.0237995 
vt 0.870488 0.219975 
vt 0.849904 0.227869 
vt 0.854543 0.215822 
vt 0.87036 0.209981 
vt 0.83005 0.234641 
vt 0.836022 0.221904 
vt 0.811537 0.239172 
vt 0.8189 0.225943 
vt 0.794975 0.240344 
vt 0.803836 0.226981 
vt 0.780975 0.237038 
vt 0.791568 0.224212 
vt 0.782813 0.217304 
vt 0.777589 0.206151 
vt 0.775579 0.188689 
vt 0.777367 0.171135 
vt 0.782448 0.15973 
vt 0.780361 0.140092 
vt 0.791114 0.152395 
vt 0.794316 0.1361 
vt 0.803343 0.149025 
vt 0.810887 0.13646 
vt 0.818415 0.149325 
vt 0.829451 0.140083 
vt 0.835583 0.152524 
vt 0.849385 0.14588 
vt 0.854175 0.157696 
vt 0.870063 0.152763 
vt 0.870061 0.16276 
vt 0.94081 0.479688 
vt 0.925869 0.475068 
vt 0.92621 0.471225 
vt 0.941191 0.475839 
vt 0.908284 0.472585 
vt 0.908487 0.468775 
vt 0.892137 0.473413 
vt 0.892132 0.469683 
vt 0.87832 0.47692 
vt 0.878079 0.473317 
vt 0.789294 0.443032 
vt 0.797863 0.439623 
vt 0.797741 0.44295 
vt 0.78902 0.4465 
vt 0.80619 0.437629 
vt 0.806189 0.440825 
vt 0.814117 0.438112 
vt 0.814193 0.441217 
vt 0.822584 0.442127 
vt 0.822689 0.445196 
vt 0.825197 0.430048 
vt 0.819189 0.432799 
vt 0.819618 0.429365 
vt 0.825669 0.426636 
vt 0.811474 0.433708 
vt 0.811785 0.430218 
vt 0.801387 0.433697 
vt 0.801513 0.430135 
vt 0.789129 0.433795 
vt 0.78902 0.430167 
vt 0.938593 0.124172 
vt 0.930186 0.117984 
vt 0.930111 0.114304 
vt 0.938661 0.120665 
vt 0.919604 0.11423 
vt 0.919406 0.110429 
vt 0.907662 0.113631 
vt 0.907381 0.109769 
vt 0.897372 0.115657 
vt 0.897068 0.111782 
vt 0.876825 0.121897 
vt 0.876521 0.118022 

usemtl Handle1Mtl

f 4954/4954/4954 4955/4955/4955 4956/4956/4956 
f 4956/4956/4956 4957/4957/4957 4954/4954/4954 
f 4958/4958/4958 4954/4954/4954 4957/4957/4957 
f 4957/4957/4957 4959/4959/4959 4958/4958/4958 
f 4960/4960/4960 4958/4958/4958 4959/4959/4959 
f 4959/4959/4959 4961/4961/4961 4960/4960/4960 
f 4962/4962/4962 4960/4960/4960 4961/4961/4961 
f 4961/4961/4961 4963/4963/4963 4962/4962/4962 
f 4964/4964/4964 4962/4962/4962 4963/4963/4963 
f 4963/4963/4963 4965/4965/4965 4964/4964/4964 
f 4966/4966/4966 4964/4964/4964 4965/4965/4965 
f 4965/4965/4965 4967/4967/4967 4966/4966/4966 
f 4968/4968/4968 4969/4969/4969 4970/4970/4970 
f 4970/4970/4970 4971/4971/4971 4968/4968/4968 
f 4972/4972/4972 4968/4968/4968 4971/4971/4971 
f 4971/4971/4971 4973/4973/4973 4972/4972/4972 
f 4974/4974/4974 4972/4972/4972 4973/4973/4973 
f 4973/4973/4973 4975/4975/4975 4974/4974/4974 
f 4976/4976/4976 4974/4974/4974 4975/4975/4975 
f 4975/4975/4975 4977/4977/4977 4976/4976/4976 
f 4978/4978/4978 4979/4979/4979 4980/4980/4980 
f 4980/4980/4980 4981/4981/4981 4978/4978/4978 
f 4982/4982/4982 4978/4978/4978 4981/4981/4981 
f 4981/4981/4981 4983/4983/4983 4982/4982/4982 
f 4984/4984/4984 4982/4982/4982 4983/4983/4983 
f 4983/4983/4983 4985/4985/4985 4984/4984/4984 
f 4986/4986/4986 4984/4984/4984 4985/4985/4985 
f 4985/4985/4985 4987/4987/4987 4986/4986/4986 
f 4988/4988/4988 4986/4986/4986 4987/4987/4987 
f 4987/4987/4987 4989/4989/4989 4988/4988/4988 
f 4990/4990/4990 4988/4988/4988 4989/4989/4989 
f 4989/4989/4989 4991/4991/4991 4990/4990/4990 
f 4992/4992/4992 4993/4993/4993 4994/4994/4994 
f 4994/4994/4994 4995/4995/4995 4992/4992/4992 
f 4996/4996/4996 4997/4997/4997 4955/4955/4955 
f 4955/4955/4955 4954/4954/4954 4996/4996/4996 
f 4998/4998/4998 4996/4996/4996 4954/4954/4954 
f 4954/4954/4954 4958/4958/4958 4998/4998/4998 
f 4999/4999/4999 4998/4998/4998 4958/4958/4958 
f 4958/4958/4958 4960/4960/4960 4999/4999/4999 
f 5000/5000/5000 4999/4999/4999 4960/4960/4960 
f 4960/4960/4960 4962/4962/4962 5000/5000/5000 
f 5001/5001/5001 5000/5000/5000 4962/4962/4962 
f 4962/4962/4962 4964/4964/4964 5001/5001/5001 
f 5002/5002/5002 5001/5001/5001 4964/4964/4964 
f 4964/4964/4964 4966/4966/4966 5002/5002/5002 
f 5003/5003/5003 5004/5004/5004 4969/4969/4969 
f 4969/4969/4969 4968/4968/4968 5003/5003/5003 
f 5005/5005/5005 5003/5003/5003 4968/4968/4968 
f 4968/4968/4968 4972/4972/4972 5005/5005/5005 
f 5006/5006/5006 5005/5005/5005 4972/4972/4972 
f 4972/4972/4972 4974/4974/4974 5006/5006/5006 
f 5007/5007/5007 5006/5006/5006 4974/4974/4974 
f 4974/4974/4974 4976/4976/4976 5007/5007/5007 
f 5008/5008/5008 5009/5009/5009 4979/4979/4979 
f 4979/4979/4979 4978/4978/4978 5008/5008/5008 
f 5010/5010/5010 5008/5008/5008 4978/4978/4978 
f 4978/4978/4978 4982/4982/4982 5010/5010/5010 
f 5011/5011/5011 5010/5010/5010 4982/4982/4982 
f 4982/4982/4982 4984/4984/4984 5011/5011/5011 
f 5012/5012/5012 5011/5011/5011 4984/4984/4984 
f 4984/4984/4984 4986/4986/4986 5012/5012/5012 
f 5013/5013/5013 5012/5012/5012 4986/4986/4986 
f 4986/4986/4986 4988/4988/4988 5013/5013/5013 
f 5014/5014/5014 5013/5013/5013 4988/4988/4988 
f 4988/4988/4988 4990/4990/4990 5014/5014/5014 
f 5015/5015/5015 5016/5016/5016 4993/4993/4993 
f 4993/4993/4993 4992/4992/4992 5015/5015/5015 
f 5017/5017/5017 5018/5018/5018 4997/4997/4997 
f 4997/4997/4997 4996/4996/4996 5017/5017/5017 
f 5019/5019/5019 5017/5017/5017 4996/4996/4996 
f 4996/4996/4996 4998/4998/4998 5019/5019/5019 
f 5020/5020/5020 5019/5019/5019 4998/4998/4998 
f 4998/4998/4998 4999/4999/4999 5020/5020/5020 
f 5021/5021/5021 5020/5020/5020 4999/4999/4999 
f 4999/4999/4999 5000/5000/5000 5021/5021/5021 
f 5022/5022/5022 5021/5021/5021 5000/5000/5000 
f 5000/5000/5000 5001/5001/5001 5022/5022/5022 
f 5023/5023/5023 5022/5022/5022 5001/5001/5001 
f 5001/5001/5001 5002/5002/5002 5023/5023/5023 
f 5024/5024/5024 5025/5025/5025 5004/5004/5004 
f 5004/5004/5004 5003/5003/5003 5024/5024/5024 
f 5026/5026/5026 5024/5024/5024 5003/5003/5003 
f 5003/5003/5003 5005/5005/5005 5026/5026/5026 
f 5027/5027/5027 5026/5026/5026 5005/5005/5005 
f 5005/5005/5005 5006/5006/5006 5027/5027/5027 
f 5028/5028/5028 5027/5027/5027 5006/5006/5006 
f 5006/5006/5006 5007/5007/5007 5028/5028/5028 
f 5029/5029/5029 5030/5030/5030 5009/5009/5009 
f 5009/5009/5009 5008/5008/5008 5029/5029/5029 
f 5031/5031/5031 5029/5029/5029 5008/5008/5008 
f 5008/5008/5008 5010/5010/5010 5031/5031/5031 
f 5032/5032/5032 5031/5031/5031 5010/5010/5010 
f 5010/5010/5010 5011/5011/5011 5032/5032/5032 
f 5033/5033/5033 5032/5032/5032 5011/5011/5011 
f 5011/5011/5011 5012/5012/5012 5033/5033/5033 
f 5034/5034/5034 5033/5033/5033 5012/5012/5012 
f 5012/5012/5012 5013/5013/5013 5034/5034/5034 
f 5035/5035/5035 5034/5034/5034 5013/5013/5013 
f 5013/5013/5013 5014/5014/5014 5035/5035/5035 
f 5036/5036/5036 5037/5037/5037 5016/5016/5016 
f 5016/5016/5016 5015/5015/5015 5036/5036/5036 
f 5038/5038/5038 5039/5039/5039 5018/5018/5018 
f 5018/5018/5018 5017/5017/5017 5038/5038/5038 
f 5040/5040/5040 5038/5038/5038 5017/5017/5017 
f 5017/5017/5017 5019/5019/5019 5040/5040/5040 
f 5041/5041/5041 5040/5040/5040 5019/5019/5019 
f 5019/5019/5019 5020/5020/5020 5041/5041/5041 
f 5042/5042/5042 5041/5041/5041 5020/5020/5020 
f 5020/5020/5020 5021/5021/5021 5042/5042/5042 
f 5043/5043/5043 5042/5042/5042 5021/5021/5021 
f 5021/5021/5021 5022/5022/5022 5043/5043/5043 
f 5044/5044/5044 5043/5043/5043 5022/5022/5022 
f 5022/5022/5022 5023/5023/5023 5044/5044/5044 
f 5045/5045/5045 5046/5046/5046 5025/5025/5025 
f 5025/5025/5025 5024/5024/5024 5045/5045/5045 
f 5047/5047/5047 5045/5045/5045 5024/5024/5024 
f 5024/5024/5024 5026/5026/5026 5047/5047/5047 
f 5048/5048/5048 5047/5047/5047 5026/5026/5026 
f 5026/5026/5026 5027/5027/5027 5048/5048/5048 
f 5049/5049/5049 5048/5048/5048 5027/5027/5027 
f 5027/5027/5027 5028/5028/5028 5049/5049/5049 
f 5050/5050/5050 5051/5051/5051 5030/5030/5030 
f 5030/5030/5030 5029/5029/5029 5050/5050/5050 
f 5052/5052/5052 5050/5050/5050 5029/5029/5029 
f 5029/5029/5029 5031/5031/5031 5052/5052/5052 
f 5053/5053/5053 5052/5052/5052 5031/5031/5031 
f 5031/5031/5031 5032/5032/5032 5053/5053/5053 
f 5054/5054/5054 5053/5053/5053 5032/5032/5032 
f 5032/5032/5032 5033/5033/5033 5054/5054/5054 
f 5055/5055/5055 5054/5054/5054 5033/5033/5033 
f 5033/5033/5033 5034/5034/5034 5055/5055/5055 
f 5056/5056/5056 5055/5055/5055 5034/5034/5034 
f 5034/5034/5034 5035/5035/5035 5056/5056/5056 
f 5057/5057/5057 5058/5058/5058 5037/5037/5037 
f 5037/5037/5037 5036/5036/5036 5057/5057/5057 
f 5059/5059/5059 5060/5060/5060 5061/5061/5061 
f 5062/5062/5062 5059/5059/5059 5061/5061/5061 
f 5063/5063/5063 5062/5062/5062 5061/5061/5061 
f 5063/5063/5063 5061/5061/5061 5064/5064/5064 
f 5065/5065/5065 5063/5063/5063 5064/5064/5064 
f 5065/5065/5065 5064/5064/5064 5066/5066/5066 
f 5067/5067/5067 5065/5065/5065 5066/5066/5066 
f 5067/5067/5067 5066/5066/5066 5068/5068/5068 
f 5069/5069/5069 5067/5067/5067 5068/5068/5068 
f 5069/5069/5069 5068/5068/5068 5070/5070/5070 
f 5071/5071/5071 5069/5069/5069 5070/5070/5070 
f 5071/5071/5071 5070/5070/5070 5072/5072/5072 
f 5073/5073/5073 5071/5071/5071 5072/5072/5072 
f 5073/5073/5073 5072/5072/5072 5074/5074/5074 
f 5073/5073/5073 5074/5074/5074 5075/5075/5075 
f 5076/5076/5076 5077/5077/5077 5078/5078/5078 
f 5076/5076/5076 5078/5078/5078 5079/5079/5079 
f 5080/5080/5080 5081/5081/5081 5082/5082/5082 
f 5080/5080/5080 5082/5082/5082 5083/5083/5083 
f 5080/5080/5080 5083/5083/5083 5084/5084/5084 
f 5085/5085/5085 5080/5080/5080 5084/5084/5084 
f 5085/5085/5085 5084/5084/5084 5086/5086/5086 
f 5087/5087/5087 5085/5085/5085 5086/5086/5086 
f 5087/5087/5087 5086/5086/5086 5088/5088/5088 
f 5089/5089/5089 5087/5087/5087 5088/5088/5088 
f 5089/5089/5089 5088/5088/5088 5090/5090/5090 
f 5091/5091/5091 5089/5089/5089 5090/5090/5090 
f 5091/5091/5091 5090/5090/5090 5092/5092/5092 
f 5079/5079/5079 5091/5091/5091 5092/5092/5092 
f 5076/5076/5076 5079/5079/5079 5092/5092/5092 
f 5093/5093/5093 5094/5094/5094 5095/5095/5095 
f 5095/5095/5095 5096/5096/5096 5093/5093/5093 
f 5094/5094/5094 5097/5097/5097 5098/5098/5098 
f 5098/5098/5098 5095/5095/5095 5094/5094/5094 
f 5097/5097/5097 5099/5099/5099 5100/5100/5100 
f 5100/5100/5100 5098/5098/5098 5097/5097/5097 
f 5099/5099/5099 5101/5101/5101 5102/5102/5102 
f 5102/5102/5102 5100/5100/5100 5099/5099/5099 
f 5101/5101/5101 5103/5103/5103 5104/5104/5104 
f 5104/5104/5104 5102/5102/5102 5101/5101/5101 
f 5103/5103/5103 5046/5046/5046 5105/5105/5105 
f 5105/5105/5105 5104/5104/5104 5103/5103/5103 
f 5046/5046/5046 5045/5045/5045 5106/5106/5106 
f 5106/5106/5106 5105/5105/5105 5046/5046/5046 
f 5045/5045/5045 5047/5047/5047 5107/5107/5107 
f 5107/5107/5107 5106/5106/5106 5045/5045/5045 
f 5047/5047/5047 5048/5048/5048 5108/5108/5108 
f 5108/5108/5108 5107/5107/5107 5047/5047/5047 
f 5048/5048/5048 5049/5049/5049 5109/5109/5109 
f 5109/5109/5109 5108/5108/5108 5048/5048/5048 
f 5049/5049/5049 5110/5110/5110 5111/5111/5111 
f 5111/5111/5111 5109/5109/5109 5049/5049/5049 
f 5110/5110/5110 5112/5112/5112 5113/5113/5113 
f 5113/5113/5113 5111/5111/5111 5110/5110/5110 
f 5112/5112/5112 5114/5114/5114 5115/5115/5115 
f 5115/5115/5115 5113/5113/5113 5112/5112/5112 
f 5114/5114/5114 5116/5116/5116 5117/5117/5117 
f 5117/5117/5117 5115/5115/5115 5114/5114/5114 
f 5116/5116/5116 5118/5118/5118 5119/5119/5119 
f 5119/5119/5119 5117/5117/5117 5116/5116/5116 
f 5118/5118/5118 5120/5120/5120 5121/5121/5121 
f 5121/5121/5121 5119/5119/5119 5118/5118/5118 
f 5120/5120/5120 5093/5093/5093 5096/5096/5096 
f 5096/5096/5096 5121/5121/5121 5120/5120/5120 
f 5122/5122/5122 5123/5123/5123 5124/5124/5124 
f 5124/5124/5124 5125/5125/5125 5122/5122/5122 
f 5123/5123/5123 5126/5126/5126 5127/5127/5127 
f 5127/5127/5127 5124/5124/5124 5123/5123/5123 
f 5126/5126/5126 5128/5128/5128 5129/5129/5129 
f 5129/5129/5129 5127/5127/5127 5126/5126/5126 
f 5128/5128/5128 5130/5130/5130 5131/5131/5131 
f 5131/5131/5131 5129/5129/5129 5128/5128/5128 
f 5130/5130/5130 5132/5132/5132 5133/5133/5133 
f 5133/5133/5133 5131/5131/5131 5130/5130/5130 
f 5132/5132/5132 5134/5134/5134 5135/5135/5135 
f 5135/5135/5135 5133/5133/5133 5132/5132/5132 
f 5134/5134/5134 5136/5136/5136 5137/5137/5137 
f 5137/5137/5137 5135/5135/5135 5134/5134/5134 
f 5138/5138/5138 5139/5139/5139 5140/5140/5140 
f 5140/5140/5140 5141/5141/5141 5138/5138/5138 
f 5139/5139/5139 5142/5142/5142 5143/5143/5143 
f 5143/5143/5143 5140/5140/5140 5139/5139/5139 
f 5144/5144/5144 5145/5145/5145 5146/5146/5146 
f 5146/5146/5146 5147/5147/5147 5144/5144/5144 
f 5145/5145/5145 5148/5148/5148 5149/5149/5149 
f 5149/5149/5149 5146/5146/5146 5145/5145/5145 
f 5148/5148/5148 5150/5150/5150 5151/5151/5151 
f 5151/5151/5151 5149/5149/5149 5148/5148/5148 
f 5150/5150/5150 5152/5152/5152 5153/5153/5153 
f 5153/5153/5153 5151/5151/5151 5150/5150/5150 
f 5152/5152/5152 5154/5154/5154 5155/5155/5155 
f 5155/5155/5155 5153/5153/5153 5152/5152/5152 
f 5154/5154/5154 5156/5156/5156 5157/5157/5157 
f 5157/5157/5157 5155/5155/5155 5154/5154/5154 
f 5156/5156/5156 5158/5158/5158 5159/5159/5159 
f 5159/5159/5159 5157/5157/5157 5156/5156/5156 
f 5160/5160/5160 5161/5161/5161 5162/5162/5162 
f 5162/5162/5162 5163/5163/5163 5160/5160/5160 
f 5164/5164/5164 5165/5165/5165 5166/5166/5166 
f 5166/5166/5166 5167/5167/5167 5164/5164/5164 
f 5168/5168/5168 5164/5164/5164 5167/5167/5167 
f 5167/5167/5167 5169/5169/5169 5168/5168/5168 
f 5170/5170/5170 5168/5168/5168 5169/5169/5169 
f 5169/5169/5169 5171/5171/5171 5170/5170/5170 
f 5172/5172/5172 5170/5170/5170 5171/5171/5171 
f 5171/5171/5171 5173/5173/5173 5172/5172/5172 
f 5174/5174/5174 5175/5175/5175 5176/5176/5176 
f 5176/5176/5176 5177/5177/5177 5174/5174/5174 
f 5178/5178/5178 5174/5174/5174 5177/5177/5177 
f 5177/5177/5177 5179/5179/5179 5178/5178/5178 
f 5180/5180/5180 5181/5181/5181 5182/5182/5182 
f 5182/5182/5182 5183/5183/5183 5180/5180/5180 
f 5184/5184/5184 5180/5180/5180 5183/5183/5183 
f 5183/5183/5183 5185/5185/5185 5184/5184/5184 
f 5186/5186/5186 5184/5184/5184 5185/5185/5185 
f 5185/5185/5185 5187/5187/5187 5186/5186/5186 
f 5188/5188/5188 5186/5186/5186 5187/5187/5187 
f 5187/5187/5187 5189/5189/5189 5188/5188/5188 
f 5190/5190/5190 5191/5191/5191 5192/5192/5192 
f 5192/5192/5192 5193/5193/5193 5190/5190/5190 
f 5194/5194/5194 5190/5190/5190 5193/5193/5193 
f 5193/5193/5193 5195/5195/5195 5194/5194/5194 
f 5196/5196/5196 5197/5197/5197 5198/5198/5198 
f 5198/5198/5198 5199/5199/5199 5196/5196/5196 
f 5200/5200/5200 5196/5196/5196 5199/5199/5199 
f 5199/5199/5199 5201/5201/5201 5200/5200/5200 
f 5202/5202/5202 5200/5200/5200 5201/5201/5201 
f 5201/5201/5201 5203/5203/5203 5202/5202/5202 
f 5204/5204/5204 5202/5202/5202 5203/5203/5203 
f 5203/5203/5203 5205/5205/5205 5204/5204/5204 
f 5206/5206/5206 5204/5204/5204 5205/5205/5205 
f 5205/5205/5205 5207/5207/5207 5206/5206/5206 
f 5208/5208/5208 5209/5209/5209 5165/5165/5165 
f 5165/5165/5165 5164/5164/5164 5208/5208/5208 
f 5210/5210/5210 5208/5208/5208 5164/5164/5164 
f 5164/5164/5164 5168/5168/5168 5210/5210/5210 
f 5211/5211/5211 5210/5210/5210 5168/5168/5168 
f 5168/5168/5168 5170/5170/5170 5211/5211/5211 
f 5212/5212/5212 5211/5211/5211 5170/5170/5170 
f 5170/5170/5170 5172/5172/5172 5212/5212/5212 
f 5213/5213/5213 5214/5214/5214 5175/5175/5175 
f 5175/5175/5175 5174/5174/5174 5213/5213/5213 
f 5215/5215/5215 5213/5213/5213 5174/5174/5174 
f 5174/5174/5174 5178/5178/5178 5215/5215/5215 
f 5216/5216/5216 5217/5217/5217 5181/5181/5181 
f 5181/5181/5181 5180/5180/5180 5216/5216/5216 
f 5218/5218/5218 5216/5216/5216 5180/5180/5180 
f 5180/5180/5180 5184/5184/5184 5218/5218/5218 
f 5219/5219/5219 5218/5218/5218 5184/5184/5184 
f 5184/5184/5184 5186/5186/5186 5219/5219/5219 
f 5220/5220/5220 5219/5219/5219 5186/5186/5186 
f 5186/5186/5186 5188/5188/5188 5220/5220/5220 
f 5221/5221/5221 5222/5222/5222 5191/5191/5191 
f 5191/5191/5191 5190/5190/5190 5221/5221/5221 
f 5223/5223/5223 5221/5221/5221 5190/5190/5190 
f 5190/5190/5190 5194/5194/5194 5223/5223/5223 
f 5224/5224/5224 5225/5225/5225 5197/5197/5197 
f 5197/5197/5197 5196/5196/5196 5224/5224/5224 
f 5226/5226/5226 5224/5224/5224 5196/5196/5196 
f 5196/5196/5196 5200/5200/5200 5226/5226/5226 
f 5227/5227/5227 5226/5226/5226 5200/5200/5200 
f 5200/5200/5200 5202/5202/5202 5227/5227/5227 
f 5228/5228/5228 5227/5227/5227 5202/5202/5202 
f 5202/5202/5202 5204/5204/5204 5228/5228/5228 
f 5229/5229/5229 5228/5228/5228 5204/5204/5204 
f 5204/5204/5204 5206/5206/5206 5229/5229/5229 
f 5230/5230/5230 5231/5231/5231 5209/5209/5209 
f 5209/5209/5209 5208/5208/5208 5230/5230/5230 
f 5232/5232/5232 5230/5230/5230 5208/5208/5208 
f 5208/5208/5208 5210/5210/5210 5232/5232/5232 
f 5233/5233/5233 5232/5232/5232 5210/5210/5210 
f 5210/5210/5210 5211/5211/5211 5233/5233/5233 
f 5234/5234/5234 5233/5233/5233 5211/5211/5211 
f 5211/5211/5211 5212/5212/5212 5234/5234/5234 
f 5235/5235/5235 5236/5236/5236 5214/5214/5214 
f 5214/5214/5214 5213/5213/5213 5235/5235/5235 
f 5237/5237/5237 5235/5235/5235 5213/5213/5213 
f 5213/5213/5213 5215/5215/5215 5237/5237/5237 
f 5238/5238/5238 5239/5239/5239 5217/5217/5217 
f 5217/5217/5217 5216/5216/5216 5238/5238/5238 
f 5240/5240/5240 5238/5238/5238 5216/5216/5216 
f 5216/5216/5216 5218/5218/5218 5240/5240/5240 
f 5241/5241/5241 5240/5240/5240 5218/5218/5218 
f 5218/5218/5218 5219/5219/5219 5241/5241/5241 
f 5242/5242/5242 5241/5241/5241 5219/5219/5219 
f 5219/5219/5219 5220/5220/5220 5242/5242/5242 
f 5243/5243/5243 5244/5244/5244 5222/5222/5222 
f 5222/5222/5222 5221/5221/5221 5243/5243/5243 
f 5245/5245/5245 5243/5243/5243 5221/5221/5221 
f 5221/5221/5221 5223/5223/5223 5245/5245/5245 
f 5246/5246/5246 5247/5247/5247 5225/5225/5225 
f 5225/5225/5225 5224/5224/5224 5246/5246/5246 
f 5248/5248/5248 5246/5246/5246 5224/5224/5224 
f 5224/5224/5224 5226/5226/5226 5248/5248/5248 
f 5249/5249/5249 5248/5248/5248 5226/5226/5226 
f 5226/5226/5226 5227/5227/5227 5249/5249/5249 
f 5250/5250/5250 5249/5249/5249 5227/5227/5227 
f 5227/5227/5227 5228/5228/5228 5250/5250/5250 
f 5251/5251/5251 5250/5250/5250 5228/5228/5228 
f 5228/5228/5228 5229/5229/5229 5251/5251/5251 
f 5252/5252/5252 5253/5253/5253 5231/5231/5231 
f 5231/5231/5231 5230/5230/5230 5252/5252/5252 
f 5254/5254/5254 5252/5252/5252 5230/5230/5230 
f 5230/5230/5230 5232/5232/5232 5254/5254/5254 
f 5255/5255/5255 5254/5254/5254 5232/5232/5232 
f 5232/5232/5232 5233/5233/5233 5255/5255/5255 
f 5256/5256/5256 5255/5255/5255 5233/5233/5233 
f 5233/5233/5233 5234/5234/5234 5256/5256/5256 
f 5257/5257/5257 5258/5258/5258 5236/5236/5236 
f 5236/5236/5236 5235/5235/5235 5257/5257/5257 
f 5259/5259/5259 5257/5257/5257 5235/5235/5235 
f 5235/5235/5235 5237/5237/5237 5259/5259/5259 
f 5260/5260/5260 5261/5261/5261 5239/5239/5239 
f 5239/5239/5239 5238/5238/5238 5260/5260/5260 
f 5262/5262/5262 5260/5260/5260 5238/5238/5238 
f 5238/5238/5238 5240/5240/5240 5262/5262/5262 
f 5263/5263/5263 5262/5262/5262 5240/5240/5240 
f 5240/5240/5240 5241/5241/5241 5263/5263/5263 
f 5264/5264/5264 5263/5263/5263 5241/5241/5241 
f 5241/5241/5241 5242/5242/5242 5264/5264/5264 
f 5265/5265/5265 5266/5266/5266 5244/5244/5244 
f 5244/5244/5244 5243/5243/5243 5265/5265/5265 
f 5267/5267/5267 5265/5265/5265 5243/5243/5243 
f 5243/5243/5243 5245/5245/5245 5267/5267/5267 
f 5268/5268/5268 5269/5269/5269 5247/5247/5247 
f 5247/5247/5247 5246/5246/5246 5268/5268/5268 
f 5270/5270/5270 5268/5268/5268 5246/5246/5246 
f 5246/5246/5246 5248/5248/5248 5270/5270/5270 
f 5271/5271/5271 5270/5270/5270 5248/5248/5248 
f 5248/5248/5248 5249/5249/5249 5271/5271/5271 
f 5272/5272/5272 5271/5271/5271 5249/5249/5249 
f 5249/5249/5249 5250/5250/5250 5272/5272/5272 
f 5273/5273/5273 5272/5272/5272 5250/5250/5250 
f 5250/5250/5250 5251/5251/5251 5273/5273/5273 
f 5274/5274/5274 5275/5275/5275 5276/5276/5276 
f 5277/5277/5277 5274/5274/5274 5276/5276/5276 
f 5278/5278/5278 5277/5277/5277 5276/5276/5276 
f 5278/5278/5278 5276/5276/5276 5279/5279/5279 
f 5280/5280/5280 5278/5278/5278 5279/5279/5279 
f 5280/5280/5280 5279/5279/5279 5281/5281/5281 
f 5282/5282/5282 5280/5280/5280 5281/5281/5281 
f 5282/5282/5282 5281/5281/5281 5283/5283/5283 
f 5284/5284/5284 5282/5282/5282 5283/5283/5283 
f 5284/5284/5284 5283/5283/5283 5285/5285/5285 
f 5286/5286/5286 5284/5284/5284 5285/5285/5285 
f 5286/5286/5286 5285/5285/5285 5287/5287/5287 
f 5288/5288/5288 5286/5286/5286 5287/5287/5287 
f 5288/5288/5288 5287/5287/5287 5289/5289/5289 
f 5288/5288/5288 5289/5289/5289 5290/5290/5290 
f 5291/5291/5291 5292/5292/5292 5293/5293/5293 
f 5291/5291/5291 5293/5293/5293 5294/5294/5294 
f 5295/5295/5295 5296/5296/5296 5297/5297/5297 
f 5295/5295/5295 5297/5297/5297 5298/5298/5298 
f 5295/5295/5295 5298/5298/5298 5299/5299/5299 
f 5300/5300/5300 5295/5295/5295 5299/5299/5299 
f 5300/5300/5300 5299/5299/5299 5301/5301/5301 
f 5302/5302/5302 5300/5300/5300 5301/5301/5301 
f 5302/5302/5302 5301/5301/5301 5303/5303/5303 
f 5304/5304/5304 5302/5302/5302 5303/5303/5303 
f 5304/5304/5304 5303/5303/5303 5305/5305/5305 
f 5306/5306/5306 5304/5304/5304 5305/5305/5305 
f 5306/5306/5306 5305/5305/5305 5307/5307/5307 
f 5294/5294/5294 5306/5306/5306 5307/5307/5307 
f 5291/5291/5291 5294/5294/5294 5307/5307/5307 
f 5308/5308/5308 5309/5309/5309 5310/5310/5310 
f 5310/5310/5310 5311/5311/5311 5308/5308/5308 
f 5309/5309/5309 5312/5312/5312 5313/5313/5313 
f 5313/5313/5313 5310/5310/5310 5309/5309/5309 
f 5312/5312/5312 5314/5314/5314 5315/5315/5315 
f 5315/5315/5315 5313/5313/5313 5312/5312/5312 
f 5314/5314/5314 5316/5316/5316 5317/5317/5317 
f 5317/5317/5317 5315/5315/5315 5314/5314/5314 
f 5316/5316/5316 5318/5318/5318 5319/5319/5319 
f 5319/5319/5319 5317/5317/5317 5316/5316/5316 
f 5318/5318/5318 5261/5261/5261 5320/5320/5320 
f 5320/5320/5320 5319/5319/5319 5318/5318/5318 
f 5261/5261/5261 5260/5260/5260 5321/5321/5321 
f 5321/5321/5321 5320/5320/5320 5261/5261/5261 
f 5260/5260/5260 5262/5262/5262 5322/5322/5322 
f 5322/5322/5322 5321/5321/5321 5260/5260/5260 
f 5262/5262/5262 5263/5263/5263 5323/5323/5323 
f 5323/5323/5323 5322/5322/5322 5262/5262/5262 
f 5263/5263/5263 5264/5264/5264 5324/5324/5324 
f 5324/5324/5324 5323/5323/5323 5263/5263/5263 
f 5264/5264/5264 5325/5325/5325 5326/5326/5326 
f 5326/5326/5326 5324/5324/5324 5264/5264/5264 
f 5325/5325/5325 5327/5327/5327 5328/5328/5328 
f 5328/5328/5328 5326/5326/5326 5325/5325/5325 
f 5327/5327/5327 5329/5329/5329 5330/5330/5330 
f 5330/5330/5330 5328/5328/5328 5327/5327/5327 
f 5329/5329/5329 5331/5331/5331 5332/5332/5332 
f 5332/5332/5332 5330/5330/5330 5329/5329/5329 
f 5331/5331/5331 5333/5333/5333 5334/5334/5334 
f 5334/5334/5334 5332/5332/5332 5331/5331/5331 
f 5333/5333/5333 5335/5335/5335 5336/5336/5336 
f 5336/5336/5336 5334/5334/5334 5333/5333/5333 
f 5335/5335/5335 5308/5308/5308 5311/5311/5311 
f 5311/5311/5311 5336/5336/5336 5335/5335/5335 
f 5337/5337/5337 5338/5338/5338 5339/5339/5339 
f 5339/5339/5339 5340/5340/5340 5337/5337/5337 
f 5338/5338/5338 5341/5341/5341 5342/5342/5342 
f 5342/5342/5342 5339/5339/5339 5338/5338/5338 
f 5341/5341/5341 5343/5343/5343 5344/5344/5344 
f 5344/5344/5344 5342/5342/5342 5341/5341/5341 
f 5343/5343/5343 5345/5345/5345 5346/5346/5346 
f 5346/5346/5346 5344/5344/5344 5343/5343/5343 
f 5347/5347/5347 5348/5348/5348 5349/5349/5349 
f 5349/5349/5349 5350/5350/5350 5347/5347/5347 
f 5348/5348/5348 5351/5351/5351 5352/5352/5352 
f 5352/5352/5352 5349/5349/5349 5348/5348/5348 
f 5351/5351/5351 5353/5353/5353 5354/5354/5354 
f 5354/5354/5354 5352/5352/5352 5351/5351/5351 
f 5353/5353/5353 5355/5355/5355 5356/5356/5356 
f 5356/5356/5356 5354/5354/5354 5353/5353/5353 
f 5357/5357/5357 5358/5358/5358 5359/5359/5359 
f 5359/5359/5359 5360/5360/5360 5357/5357/5357 
f 5358/5358/5358 5361/5361/5361 5362/5362/5362 
f 5362/5362/5362 5359/5359/5359 5358/5358/5358 
f 5361/5361/5361 5363/5363/5363 5364/5364/5364 
f 5364/5364/5364 5362/5362/5362 5361/5361/5361 
f 5363/5363/5363 5365/5365/5365 5366/5366/5366 
f 5366/5366/5366 5364/5364/5364 5363/5363/5363 
f 5367/5367/5367 5368/5368/5368 5369/5369/5369 
f 5369/5369/5369 5370/5370/5370 5367/5367/5367 
f 5368/5368/5368 5371/5371/5371 5372/5372/5372 
f 5372/5372/5372 5369/5369/5369 5368/5368/5368 
f 5371/5371/5371 5373/5373/5373 5374/5374/5374 
f 5374/5374/5374 5372/5372/5372 5371/5371/5371 
f 5373/5373/5373 5375/5375/5375 5376/5376/5376 
f 5376/5376/5376 5374/5374/5374 5373/5373/5373 
f 5375/5375/5375 5377/5377/5377 5378/5378/5378 
f 5378/5378/5378 5376/5376/5376 5375/5375/5375 

g R6Headless1

v -43.435 1.935 19 
v -43.435 0.0650001 19 
v -42.565 0.0650001 19 
v -42.565 1.935 19 
v -43.435 2 18.935 
v -43.5 1.935 18.935 
v -43.5 0.0650001 18.935 
v -43.435 0 18.935 
v -42.565 0 18.935 
v -42.5 0.0650001 18.935 
v -42.5 1.935 18.935 
v -42.565 2 18.935 
v -43.435 2 18.935 
v -43.435 2 18.065 
v -43.5 1.935 18.065 
v -43.5 1.935 18.935 
v -43.5 0.0650001 18.065 
v -43.5 0.0650001 18.935 
v -43.435 0 18.065 
v -43.435 0 18.935 
v -43.435 0 18.935 
v -43.435 0 18.065 
v -42.565 0 18.065 
v -42.565 0 18.935 
v -42.565 0 18.935 
v -42.565 0 18.065 
v -42.5 0.0650001 18.065 
v -42.5 1.935 18.065 
v -42.565 2 18.065 
v -42.565 2 18.935 
v -42.565 2 18.935 
v -42.565 2 18.065 
v -43.435 2 18.065 
v -43.435 2 18.935 
v -43.435 2 18.065 
v -43.435 1.935 18 
v -43.435 0.0650001 18 
v -43.435 0 18.065 
v -42.565 0.0650001 18 
v -42.565 0 18.065 
v -42.565 1.935 18 
v -42.565 2 18.065 

vn 0 0 1 
vn 0 0 1 
vn 0 0 1 
vn 0 0 1 
vn 0 1 0 
vn -1 0 0 
vn -1 0 0 
vn 0 -1 0 
vn 0 -1 0 
vn 1 0 0 
vn 1 0 0 
vn 0 1 0 
vn 0 1 0 
vn 0 1 0 
vn -1 0 0 
vn -1 0 0 
vn -1 0 0 
vn -1 0 0 
vn 0 -1 0 
vn 0 -1 0 
vn 0 -1 0 
vn 0 -1 0 
vn 0 -1 0 
vn 0 -1 0 
vn 0 -1 0 
vn 0 -1 0 
vn 1 0 0 
vn 1 0 0 
vn 0 1 0 
vn 0 1 0 
vn 0 1 0 
vn 0 1 0 
vn 0 1 0 
vn 0 1 0 
vn 0 1 0 
vn 0 0 -1 
vn 0 0 -1 
vn 0 -1 0 
vn 0 0 -1 
vn 0 -1 0 
vn 0 0 -1 
vn 0 1 0 

vt 0.555176 0.871094 
vt 0.464356 0.871094 
vt 0.464356 0.753906 
vt 0.555176 0.753906 
vt 0.558106 0.871094 
vt 0.555176 0.878906 
vt 0.464356 0.878906 
vt 0.461426 0.871094 
vt 0.461426 0.753906 
vt 0.464356 0.746094 
vt 0.555176 0.746094 
vt 0.558106 0.753906 
vt 0.558106 0.378906 
vt 0.558106 0.496094 
vt 0.555176 0.496094 
vt 0.555176 0.378906 
vt 0.464356 0.496094 
vt 0.464356 0.378906 
vt 0.461426 0.496094 
vt 0.461426 0.378906 
vt 0.496582 0.238281 
vt 0.496582 0.355469 
vt 0.452637 0.355469 
vt 0.452637 0.238281 
vt 0.461426 0.746094 
vt 0.461426 0.628906 
vt 0.464356 0.628906 
vt 0.555176 0.628906 
vt 0.558106 0.628906 
vt 0.558106 0.746094 
vt 0.347168 0.355469 
vt 0.347168 0.238281 
vt 0.391113 0.238281 
vt 0.391113 0.355469 
vt 0.558106 0.503906 
vt 0.555176 0.503906 
vt 0.464356 0.503906 
vt 0.461426 0.503906 
vt 0.464356 0.621094 
vt 0.461426 0.621094 
vt 0.555176 0.621094 
vt 0.558106 0.621094 

usemtl R6Headless1Mtl

f 5379/5379/5379 5380/5380/5380 5381/5381/5381 
f 5379/5379/5379 5381/5381/5381 5382/5382/5382 
f 5379/5379/5379 5383/5383/5383 5384/5384/5384 
f 5379/5379/5379 5384/5384/5384 5385/5385/5385 
f 5379/5379/5379 5385/5385/5385 5380/5380/5380 
f 5380/5380/5380 5385/5385/5385 5386/5386/5386 
f 5380/5380/5380 5386/5386/5386 5387/5387/5387 
f 5380/5380/5380 5387/5387/5387 5381/5381/5381 
f 5381/5381/5381 5387/5387/5387 5388/5388/5388 
f 5381/5381/5381 5388/5388/5388 5389/5389/5389 
f 5381/5381/5381 5389/5389/5389 5382/5382/5382 
f 5382/5382/5382 5389/5389/5389 5390/5390/5390 
f 5382/5382/5382 5390/5390/5390 5383/5383/5383 
f 5382/5382/5382 5383/5383/5383 5379/5379/5379 
f 5391/5391/5391 5392/5392/5392 5393/5393/5393 
f 5391/5391/5391 5393/5393/5393 5394/5394/5394 
f 5394/5394/5394 5393/5393/5393 5395/5395/5395 
f 5394/5394/5394 5395/5395/5395 5396/5396/5396 
f 5396/5396/5396 5395/5395/5395 5397/5397/5397 
f 5396/5396/5396 5397/5397/5397 5398/5398/5398 
f 5399/5399/5399 5400/5400/5400 5401/5401/5401 
f 5399/5399/5399 5401/5401/5401 5402/5402/5402 
f 5403/5403/5403 5404/5404/5404 5405/5405/5405 
f 5403/5403/5403 5405/5405/5405 5388/5388/5388 
f 5388/5388/5388 5405/5405/5405 5406/5406/5406 
f 5388/5388/5388 5406/5406/5406 5389/5389/5389 
f 5389/5389/5389 5406/5406/5406 5407/5407/5407 
f 5389/5389/5389 5407/5407/5407 5408/5408/5408 
f 5409/5409/5409 5410/5410/5410 5411/5411/5411 
f 5409/5409/5409 5411/5411/5411 5412/5412/5412 
f 5413/5413/5413 5414/5414/5414 5393/5393/5393 
f 5393/5393/5393 5414/5414/5414 5415/5415/5415 
f 5393/5393/5393 5415/5415/5415 5395/5395/5395 
f 5395/5395/5395 5415/5415/5415 5416/5416/5416 
f 5416/5416/5416 5415/5415/5415 5417/5417/5417 
f 5416/5416/5416 5417/5417/5417 5418/5418/5418 
f 5418/5418/5418 5417/5417/5417 5405/5405/5405 
f 5405/5405/5405 5417/5417/5417 5419/5419/5419 
f 5405/5405/5405 5419/5419/5419 5406/5406/5406 
f 5406/5406/5406 5419/5419/5419 5420/5420/5420 
f 5420/5420/5420 5419/5419/5419 5414/5414/5414 
f 5420/5420/5420 5414/5414/5414 5413/5413/5413 
f 5419/5419/5419 5417/5417/5417 5415/5415/5415 
f 5419/5419/5419 5415/5415/5415 5414/5414/5414 

g R6Headless2

v -44.435 1.935 19 
v -44.435 0.0650001 19 
v -43.565 0.0650001 19 
v -43.565 1.935 19 
v -44.435 2 18.935 
v -44.5 1.935 18.935 
v -44.5 0.0650001 18.935 
v -44.435 0 18.935 
v -43.565 0 18.935 
v -43.5 0.0650001 18.935 
v -43.5 1.935 18.935 
v -43.565 2 18.935 
v -44.435 2 18.935 
v -44.435 2 18.065 
v -44.5 1.935 18.065 
v -44.5 0.0650001 18.065 
v -44.435 0 18.065 
v -44.435 0 18.935 
v -44.435 0 18.935 
v -44.435 0 18.065 
v -43.565 0 18.065 
v -43.565 0 18.935 
v -43.565 0 18.935 
v -43.565 0 18.065 
v -43.5 0.0650001 18.065 
v -43.5 0.0650001 18.935 
v -43.5 1.935 18.065 
v -43.5 1.935 18.935 
v -43.565 2 18.065 
v -43.565 2 18.935 
v -43.565 2 18.935 
v -43.565 2 18.065 
v -44.435 2 18.065 
v -44.435 2 18.935 
v -44.435 2 18.065 
v -44.435 1.935 18 
v -44.435 0.0650001 18 
v -44.435 0 18.065 
v -43.565 0.0650001 18 
v -43.565 0 18.065 
v -43.565 1.935 18 
v -43.565 2 18.065 

vn 0 0 1 
vn 0 0 1 
vn 0 0 1 
vn 0 0 1 
vn 0 1 0 
vn -1 0 0 
vn -1 0 0 
vn 0 -1 0 
vn 0 -1 0 
vn 1 0 0 
vn 1 0 0 
vn 0 1 0 
vn 0 1 0 
vn 0 1 0 
vn -1 0 0 
vn -1 0 0 
vn 0 -1 0 
vn 0 -1 0 
vn 0 -1 0 
vn 0 -1 0 
vn 0 -1 0 
vn 0 -1 0 
vn 0 -1 0 
vn 0 -1 0 
vn 1 0 0 
vn 1 0 0 
vn 1 0 0 
vn 1 0 0 
vn 0 1 0 
vn 0 1 0 
vn 0 1 0 
vn 0 1 0 
vn 0 1 0 
vn 0 1 0 
vn 0 1 0 
vn 0 0 -1 
vn 0 0 -1 
vn 0 -1 0 
vn 0 0 -1 
vn 0 -1 0 
vn 0 0 -1 
vn 0 1 0 

vt 0.70166 0.621094 
vt 0.61084 0.621094 
vt 0.61084 0.503906 
vt 0.70166 0.503906 
vt 0.70459 0.621094 
vt 0.70166 0.628906 
vt 0.61084 0.628906 
vt 0.60791 0.621094 
vt 0.60791 0.503906 
vt 0.61084 0.496094 
vt 0.70166 0.496094 
vt 0.70459 0.503906 
vt 0.70459 0.628906 
vt 0.70459 0.746094 
vt 0.70166 0.746094 
vt 0.61084 0.746094 
vt 0.60791 0.746094 
vt 0.60791 0.628906 
vt 0.549317 0.238281 
vt 0.549317 0.355469 
vt 0.505371 0.355469 
vt 0.505371 0.238281 
vt 0.60791 0.996094 
vt 0.60791 0.878906 
vt 0.61084 0.878906 
vt 0.61084 0.996094 
vt 0.70166 0.878906 
vt 0.70166 0.996094 
vt 0.70459 0.878906 
vt 0.70459 0.996094 
vt 0.399902 0.355469 
vt 0.399902 0.238281 
vt 0.443848 0.238281 
vt 0.443848 0.355469 
vt 0.70459 0.753906 
vt 0.70166 0.753906 
vt 0.61084 0.753906 
vt 0.60791 0.753906 
vt 0.61084 0.871094 
vt 0.60791 0.871094 
vt 0.70166 0.871094 
vt 0.70459 0.871094 

usemtl R6Headless1Mtl

f 5421/5421/5421 5422/5422/5422 5423/5423/5423 
f 5421/5421/5421 5423/5423/5423 5424/5424/5424 
f 5421/5421/5421 5425/5425/5425 5426/5426/5426 
f 5421/5421/5421 5426/5426/5426 5427/5427/5427 
f 5421/5421/5421 5427/5427/5427 5422/5422/5422 
f 5422/5422/5422 5427/5427/5427 5428/5428/5428 
f 5422/5422/5422 5428/5428/5428 5429/5429/5429 
f 5422/5422/5422 5429/5429/5429 5423/5423/5423 
f 5423/5423/5423 5429/5429/5429 5430/5430/5430 
f 5423/5423/5423 5430/5430/5430 5431/5431/5431 
f 5423/5423/5423 5431/5431/5431 5424/5424/5424 
f 5424/5424/5424 5431/5431/5431 5432/5432/5432 
f 5424/5424/5424 5432/5432/5432 5425/5425/5425 
f 5424/5424/5424 5425/5425/5425 5421/5421/5421 
f 5433/5433/5433 5434/5434/5434 5435/5435/5435 
f 5433/5433/5433 5435/5435/5435 5426/5426/5426 
f 5426/5426/5426 5435/5435/5435 5436/5436/5436 
f 5426/5426/5426 5436/5436/5436 5427/5427/5427 
f 5427/5427/5427 5436/5436/5436 5437/5437/5437 
f 5427/5427/5427 5437/5437/5437 5438/5438/5438 
f 5439/5439/5439 5440/5440/5440 5441/5441/5441 
f 5439/5439/5439 5441/5441/5441 5442/5442/5442 
f 5443/5443/5443 5444/5444/5444 5445/5445/5445 
f 5443/5443/5443 5445/5445/5445 5446/5446/5446 
f 5446/5446/5446 5445/5445/5445 5447/5447/5447 
f 5446/5446/5446 5447/5447/5447 5448/5448/5448 
f 5448/5448/5448 5447/5447/5447 5449/5449/5449 
f 5448/5448/5448 5449/5449/5449 5450/5450/5450 
f 5451/5451/5451 5452/5452/5452 5453/5453/5453 
f 5451/5451/5451 5453/5453/5453 5454/5454/5454 
f 5455/5455/5455 5456/5456/5456 5435/5435/5435 
f 5435/5435/5435 5456/5456/5456 5457/5457/5457 
f 5435/5435/5435 5457/5457/5457 5436/5436/5436 
f 5436/5436/5436 5457/5457/5457 5458/5458/5458 
f 5458/5458/5458 5457/5457/5457 5459/5459/5459 
f 5458/5458/5458 5459/5459/5459 5460/5460/5460 
f 5460/5460/5460 5459/5459/5459 5445/5445/5445 
f 5445/5445/5445 5459/5459/5459 5461/5461/5461 
f 5445/5445/5445 5461/5461/5461 5447/5447/5447 
f 5447/5447/5447 5461/5461/5461 5462/5462/5462 
f 5462/5462/5462 5461/5461/5461 5456/5456/5456 
f 5462/5462/5462 5456/5456/5456 5455/5455/5455 
f 5461/5461/5461 5459/5459/5459 5457/5457/5457 
f 5461/5461/5461 5457/5457/5457 5456/5456/5456 

g R6Headless3

v -42.435 3.935 19 
v -42.435 2.065 19 
v -41.565 2.065 19 
v -41.565 3.935 19 
v -42.435 4 18.935 
v -42.5 3.935 18.935 
v -42.5 2.065 18.935 
v -42.435 2 18.935 
v -41.565 2 18.935 
v -41.5 2.065 18.935 
v -41.5 3.935 18.935 
v -41.565 4 18.935 
v -42.435 4 18.935 
v -42.435 4 18.065 
v -42.5 3.935 18.065 
v -42.5 3.935 18.935 
v -42.5 2.065 18.065 
v -42.5 2.065 18.935 
v -42.435 2 18.065 
v -42.435 2 18.935 
v -42.435 2 18.935 
v -42.435 2 18.065 
v -41.565 2 18.065 
v -41.565 2 18.935 
v -41.565 2 18.935 
v -41.565 2 18.065 
v -41.5 2.065 18.065 
v -41.5 3.935 18.065 
v -41.565 4 18.065 
v -41.565 4 18.935 
v -41.565 4 18.935 
v -41.565 4 18.065 
v -42.435 4 18.065 
v -42.435 4 18.935 
v -42.435 4 18.065 
v -42.435 3.935 18 
v -42.435 2.065 18 
v -42.435 2 18.065 
v -41.565 2.065 18 
v -41.565 2 18.065 
v -41.565 3.935 18 
v -41.565 4 18.065 

vn 0 0 1 
vn 0 0 1 
vn 0 0 1 
vn 0 0 1 
vn 0 1 0 
vn -1 0 0 
vn -1 0 0 
vn 0 -1 0 
vn 0 -1 0 
vn 1 0 0 
vn 1 0 0 
vn 0 1 0 
vn 0 1 0 
vn 0 1 0 
vn -1 0 0 
vn -1 0 0 
vn -1 0 0 
vn -1 0 0 
vn 0 -1 0 
vn 0 -1 0 
vn 0 -1 0 
vn 0 -1 0 
vn 0 -1 0 
vn 0 -1 0 
vn 0 -1 0 
vn 0 -1 0 
vn 1 0 0 
vn 1 0 0 
vn 0 1 0 
vn 0 1 0 
vn 0 1 0 
vn 0 1 0 
vn 0 1 0 
vn 0 1 0 
vn 0 1 0 
vn 0 0 -1 
vn 0 0 -1 
vn 0 -1 0 
vn 0 0 -1 
vn 0 -1 0 
vn 0 0 -1 
vn 0 1 0 

vt 0.262207 0.871094 
vt 0.171387 0.871094 
vt 0.171387 0.753906 
vt 0.262207 0.753906 
vt 0.265137 0.871094 
vt 0.262207 0.878906 
vt 0.171387 0.878906 
vt 0.168457 0.871094 
vt 0.168457 0.753906 
vt 0.171387 0.746094 
vt 0.262207 0.746094 
vt 0.265137 0.753906 
vt 0.265137 0.378906 
vt 0.265137 0.496094 
vt 0.262207 0.496094 
vt 0.262207 0.378906 
vt 0.171387 0.496094 
vt 0.171387 0.378906 
vt 0.168457 0.496094 
vt 0.168457 0.378906 
vt 0.602051 0.238281 
vt 0.602051 0.355469 
vt 0.558106 0.355469 
vt 0.558106 0.238281 
vt 0.168457 0.746094 
vt 0.168457 0.628906 
vt 0.171387 0.628906 
vt 0.262207 0.628906 
vt 0.265137 0.628906 
vt 0.265137 0.746094 
vt 0.663574 0.355469 
vt 0.663574 0.238281 
vt 0.707519 0.238281 
vt 0.707519 0.355469 
vt 0.265137 0.503906 
vt 0.262207 0.503906 
vt 0.171387 0.503906 
vt 0.168457 0.503906 
vt 0.171387 0.621094 
vt 0.168457 0.621094 
vt 0.262207 0.621094 
vt 0.265137 0.621094 

usemtl R6Headless1Mtl

f 5463/5463/5463 5464/5464/5464 5465/5465/5465 
f 5463/5463/5463 5465/5465/5465 5466/5466/5466 
f 5463/5463/5463 5467/5467/5467 5468/5468/5468 
f 5463/5463/5463 5468/5468/5468 5469/5469/5469 
f 5463/5463/5463 5469/5469/5469 5464/5464/5464 
f 5464/5464/5464 5469/5469/5469 5470/5470/5470 
f 5464/5464/5464 5470/5470/5470 5471/5471/5471 
f 5464/5464/5464 5471/5471/5471 5465/5465/5465 
f 5465/5465/5465 5471/5471/5471 5472/5472/5472 
f 5465/5465/5465 5472/5472/5472 5473/5473/5473 
f 5465/5465/5465 5473/5473/5473 5466/5466/5466 
f 5466/5466/5466 5473/5473/5473 5474/5474/5474 
f 5466/5466/5466 5474/5474/5474 5467/5467/5467 
f 5466/5466/5466 5467/5467/5467 5463/5463/5463 
f 5475/5475/5475 5476/5476/5476 5477/5477/5477 
f 5475/5475/5475 5477/5477/5477 5478/5478/5478 
f 5478/5478/5478 5477/5477/5477 5479/5479/5479 
f 5478/5478/5478 5479/5479/5479 5480/5480/5480 
f 5480/5480/5480 5479/5479/5479 5481/5481/5481 
f 5480/5480/5480 5481/5481/5481 5482/5482/5482 
f 5483/5483/5483 5484/5484/5484 5485/5485/5485 
f 5483/5483/5483 5485/5485/5485 5486/5486/5486 
f 5487/5487/5487 5488/5488/5488 5489/5489/5489 
f 5487/5487/5487 5489/5489/5489 5472/5472/5472 
f 5472/5472/5472 5489/5489/5489 5490/5490/5490 
f 5472/5472/5472 5490/5490/5490 5473/5473/5473 
f 5473/5473/5473 5490/5490/5490 5491/5491/5491 
f 5473/5473/5473 5491/5491/5491 5492/5492/5492 
f 5493/5493/5493 5494/5494/5494 5495/5495/5495 
f 5493/5493/5493 5495/5495/5495 5496/5496/5496 
f 5497/5497/5497 5498/5498/5498 5477/5477/5477 
f 5477/5477/5477 5498/5498/5498 5499/5499/5499 
f 5477/5477/5477 5499/5499/5499 5479/5479/5479 
f 5479/5479/5479 5499/5499/5499 5500/5500/5500 
f 5500/5500/5500 5499/5499/5499 5501/5501/5501 
f 5500/5500/5500 5501/5501/5501 5502/5502/5502 
f 5502/5502/5502 5501/5501/5501 5489/5489/5489 
f 5489/5489/5489 5501/5501/5501 5503/5503/5503 
f 5489/5489/5489 5503/5503/5503 5490/5490/5490 
f 5490/5490/5490 5503/5503/5503 5504/5504/5504 
f 5504/5504/5504 5503/5503/5503 5498/5498/5498 
f 5504/5504/5504 5498/5498/5498 5497/5497/5497 
f 5503/5503/5503 5501/5501/5501 5499/5499/5499 
f 5503/5503/5503 5499/5499/5499 5498/5498/5498 

g R6Headless4

v -45.435 3.935 19 
v -45.435 2.065 19 
v -44.565 2.065 19 
v -44.565 3.935 19 
v -45.435 4 18.935 
v -45.5 3.935 18.935 
v -45.5 2.065 18.935 
v -45.435 2 18.935 
v -44.565 2 18.935 
v -44.5 2.065 18.935 
v -44.5 3.935 18.935 
v -44.565 4 18.935 
v -45.435 4 18.935 
v -45.435 4 18.065 
v -45.5 3.935 18.065 
v -45.5 2.065 18.065 
v -45.435 2 18.065 
v -45.435 2 18.935 
v -45.435 2 18.935 
v -45.435 2 18.065 
v -44.565 2 18.065 
v -44.565 2 18.935 
v -44.565 2 18.935 
v -44.565 2 18.065 
v -44.5 2.065 18.065 
v -44.5 2.065 18.935 
v -44.5 3.935 18.065 
v -44.5 3.935 18.935 
v -44.565 4 18.065 
v -44.565 4 18.935 
v -44.565 4 18.935 
v -44.565 4 18.065 
v -45.435 4 18.065 
v -45.435 4 18.935 
v -45.435 4 18.065 
v -45.435 3.935 18 
v -45.435 2.065 18 
v -45.435 2 18.065 
v -44.565 2.065 18 
v -44.565 2 18.065 
v -44.565 3.935 18 
v -44.565 4 18.065 

vn 0 0 1 
vn 0 0 1 
vn 0 0 1 
vn 0 0 1 
vn 0 1 0 
vn -1 0 0 
vn -1 0 0 
vn 0 -1 0 
vn 0 -1 0 
vn 1 0 0 
vn 1 0 0 
vn 0 1 0 
vn 0 1 0 
vn 0 1 0 
vn -1 0 0 
vn -1 0 0 
vn 0 -1 0 
vn 0 -1 0 
vn 0 -1 0 
vn 0 -1 0 
vn 0 -1 0 
vn 0 -1 0 
vn 0 -1 0 
vn 0 -1 0 
vn 1 0 0 
vn 1 0 0 
vn 1 0 0 
vn 1 0 0 
vn 0 1 0 
vn 0 1 0 
vn 0 1 0 
vn 0 1 0 
vn 0 1 0 
vn 0 1 0 
vn 0 1 0 
vn 0 0 -1 
vn 0 0 -1 
vn 0 -1 0 
vn 0 0 -1 
vn 0 -1 0 
vn 0 0 -1 
vn 0 1 0 

vt 0.408691 0.621094 
vt 0.317871 0.621094 
vt 0.317871 0.503906 
vt 0.408691 0.503906 
vt 0.411621 0.621094 
vt 0.408691 0.628906 
vt 0.317871 0.628906 
vt 0.314941 0.621094 
vt 0.314941 0.503906 
vt 0.317871 0.496094 
vt 0.408691 0.496094 
vt 0.411621 0.503906 
vt 0.411621 0.628906 
vt 0.411621 0.746094 
vt 0.408691 0.746094 
vt 0.317871 0.746094 
vt 0.314941 0.746094 
vt 0.314941 0.628906 
vt 0.654785 0.238281 
vt 0.654785 0.355469 
vt 0.61084 0.355469 
vt 0.61084 0.238281 
vt 0.314941 0.996094 
vt 0.314941 0.878906 
vt 0.317871 0.878906 
vt 0.317871 0.996094 
vt 0.408691 0.878906 
vt 0.408691 0.996094 
vt 0.411621 0.878906 
vt 0.411621 0.996094 
vt 0.14795 0.210937 
vt 0.14795 0.09375 
vt 0.191894 0.09375 
vt 0.191894 0.210937 
vt 0.411621 0.753906 
vt 0.408691 0.753906 
vt 0.317871 0.753906 
vt 0.314941 0.753906 
vt 0.317871 0.871094 
vt 0.314941 0.871094 
vt 0.408691 0.871094 
vt 0.411621 0.871094 

usemtl R6Headless1Mtl

f 5505/5505/5505 5506/5506/5506 5507/5507/5507 
f 5505/5505/5505 5507/5507/5507 5508/5508/5508 
f 5505/5505/5505 5509/5509/5509 5510/5510/5510 
f 5505/5505/5505 5510/5510/5510 5511/5511/5511 
f 5505/5505/5505 5511/5511/5511 5506/5506/5506 
f 5506/5506/5506 5511/5511/5511 5512/5512/5512 
f 5506/5506/5506 5512/5512/5512 5513/5513/5513 
f 5506/5506/5506 5513/5513/5513 5507/5507/5507 
f 5507/5507/5507 5513/5513/5513 5514/5514/5514 
f 5507/5507/5507 5514/5514/5514 5515/5515/5515 
f 5507/5507/5507 5515/5515/5515 5508/5508/5508 
f 5508/5508/5508 5515/5515/5515 5516/5516/5516 
f 5508/5508/5508 5516/5516/5516 5509/5509/5509 
f 5508/5508/5508 5509/5509/5509 5505/5505/5505 
f 5517/5517/5517 5518/5518/5518 5519/5519/5519 
f 5517/5517/5517 5519/5519/5519 5510/5510/5510 
f 5510/5510/5510 5519/5519/5519 5520/5520/5520 
f 5510/5510/5510 5520/5520/5520 5511/5511/5511 
f 5511/5511/5511 5520/5520/5520 5521/5521/5521 
f 5511/5511/5511 5521/5521/5521 5522/5522/5522 
f 5523/5523/5523 5524/5524/5524 5525/5525/5525 
f 5523/5523/5523 5525/5525/5525 5526/5526/5526 
f 5527/5527/5527 5528/5528/5528 5529/5529/5529 
f 5527/5527/5527 5529/5529/5529 5530/5530/5530 
f 5530/5530/5530 5529/5529/5529 5531/5531/5531 
f 5530/5530/5530 5531/5531/5531 5532/5532/5532 
f 5532/5532/5532 5531/5531/5531 5533/5533/5533 
f 5532/5532/5532 5533/5533/5533 5534/5534/5534 
f 5535/5535/5535 5536/5536/5536 5537/5537/5537 
f 5535/5535/5535 5537/5537/5537 5538/5538/5538 
f 5539/5539/5539 5540/5540/5540 5519/5519/5519 
f 5519/5519/5519 5540/5540/5540 5541/5541/5541 
f 5519/5519/5519 5541/5541/5541 5520/5520/5520 
f 5520/5520/5520 5541/5541/5541 5542/5542/5542 
f 5542/5542/5542 5541/5541/5541 5543/5543/5543 
f 5542/5542/5542 5543/5543/5543 5544/5544/5544 
f 5544/5544/5544 5543/5543/5543 5529/5529/5529 
f 5529/5529/5529 5543/5543/5543 5545/5545/5545 
f 5529/5529/5529 5545/5545/5545 5531/5531/5531 
f 5531/5531/5531 5545/5545/5545 5546/5546/5546 
f 5546/5546/5546 5545/5545/5545 5540/5540/5540 
f 5546/5546/5546 5540/5540/5540 5539/5539/5539 
f 5545/5545/5545 5543/5543/5543 5541/5541/5541 
f 5545/5545/5545 5541/5541/5541 5540/5540/5540 

g R6Headless5

v -44.435 3.935 19 
v -44.435 2.065 19 
v -42.565 2.065 19 
v -42.565 3.935 19 
v -44.435 4 18.935 
v -44.5 3.935 18.935 
v -44.5 2.065 18.935 
v -44.435 2 18.935 
v -42.565 2 18.935 
v -42.5 2.065 18.935 
v -42.5 3.935 18.935 
v -42.565 4 18.935 
v -44.435 4 18.935 
v -44.435 4 18.065 
v -44.5 3.935 18.065 
v -44.5 2.065 18.065 
v -44.435 2 18.065 
v -44.435 2 18.935 
v -44.435 2 18.935 
v -44.435 2 18.065 
v -42.565 2 18.065 
v -42.565 2 18.935 
v -42.565 2 18.935 
v -42.565 2 18.065 
v -42.5 2.065 18.065 
v -42.5 2.065 18.935 
v -42.5 3.935 18.065 
v -42.5 3.935 18.935 
v -42.565 4 18.065 
v -42.565 4 18.935 
v -42.565 4 18.935 
v -42.565 4 18.065 
v -44.435 4 18.065 
v -44.435 4 18.935 
v -44.435 4 18.065 
v -44.435 3.935 18 
v -44.435 2.065 18 
v -44.435 2 18.065 
v -42.565 2.065 18 
v -42.565 2 18.065 
v -42.565 3.935 18 
v -42.565 4 18.065 

vn 0 0 1 
vn 0 0 1 
vn 0 0 1 
vn 0 0 1 
vn 0 1 0 
vn -1 0 0 
vn -1 0 0 
vn 0 -1 0 
vn 0 -1 0 
vn 1 0 0 
vn 1 0 0 
vn 0 1 0 
vn 0 1 0 
vn 0 1 0 
vn -1 0 0 
vn -1 0 0 
vn 0 -1 0 
vn 0 -1 0 
vn 0 -1 0 
vn 0 -1 0 
vn 0 -1 0 
vn 0 -1 0 
vn 0 -1 0 
vn 0 -1 0 
vn 1 0 0 
vn 1 0 0 
vn 1 0 0 
vn 1 0 0 
vn 0 1 0 
vn 0 1 0 
vn 0 1 0 
vn 0 1 0 
vn 0 1 0 
vn 0 1 0 
vn 0 1 0 
vn 0 0 -1 
vn 0 0 -1 
vn 0 -1 0 
vn 0 0 -1 
vn 0 -1 0 
vn 0 0 -1 
vn 0 1 0 

vt 0.115723 0.496094 
vt 0.0249022 0.496094 
vt 0.0249022 0.253906 
vt 0.115723 0.253906 
vt 0.118652 0.496094 
vt 0.115723 0.503906 
vt 0.0249022 0.503906 
vt 0.0219727 0.496094 
vt 0.0219727 0.253906 
vt 0.0249022 0.246094 
vt 0.115723 0.246094 
vt 0.118652 0.253906 
vt 0.118652 0.503906 
vt 0.118652 0.621094 
vt 0.115723 0.621094 
vt 0.0249022 0.621094 
vt 0.0219727 0.621094 
vt 0.0219727 0.503906 
vt 0.337646 0.240234 
vt 0.337646 0.357422 
vt 0.246826 0.357422 
vt 0.246826 0.240234 
vt 0.0219727 0.996094 
vt 0.0219727 0.878906 
vt 0.0249022 0.878906 
vt 0.0249022 0.996094 
vt 0.115723 0.878906 
vt 0.115723 0.996094 
vt 0.118652 0.878906 
vt 0.118652 0.996094 
vt 0.14795 0.357422 
vt 0.14795 0.240234 
vt 0.238769 0.240234 
vt 0.238769 0.357422 
vt 0.118652 0.628906 
vt 0.115723 0.628906 
vt 0.0249022 0.628906 
vt 0.0219727 0.628906 
vt 0.0249022 0.871094 
vt 0.0219727 0.871094 
vt 0.115723 0.871094 
vt 0.118652 0.871094 

usemtl R6Headless1Mtl

f 5547/5547/5547 5548/5548/5548 5549/5549/5549 
f 5547/5547/5547 5549/5549/5549 5550/5550/5550 
f 5547/5547/5547 5551/5551/5551 5552/5552/5552 
f 5547/5547/5547 5552/5552/5552 5553/5553/5553 
f 5547/5547/5547 5553/5553/5553 5548/5548/5548 
f 5548/5548/5548 5553/5553/5553 5554/5554/5554 
f 5548/5548/5548 5554/5554/5554 5555/5555/5555 
f 5548/5548/5548 5555/5555/5555 5549/5549/5549 
f 5549/5549/5549 5555/5555/5555 5556/5556/5556 
f 5549/5549/5549 5556/5556/5556 5557/5557/5557 
f 5549/5549/5549 5557/5557/5557 5550/5550/5550 
f 5550/5550/5550 5557/5557/5557 5558/5558/5558 
f 5550/5550/5550 5558/5558/5558 5551/5551/5551 
f 5550/5550/5550 5551/5551/5551 5547/5547/5547 
f 5559/5559/5559 5560/5560/5560 5561/5561/5561 
f 5559/5559/5559 5561/5561/5561 5552/5552/5552 
f 5552/5552/5552 5561/5561/5561 5562/5562/5562 
f 5552/5552/5552 5562/5562/5562 5553/5553/5553 
f 5553/5553/5553 5562/5562/5562 5563/5563/5563 
f 5553/5553/5553 5563/5563/5563 5564/5564/5564 
f 5565/5565/5565 5566/5566/5566 5567/5567/5567 
f 5565/5565/5565 5567/5567/5567 5568/5568/5568 
f 5569/5569/5569 5570/5570/5570 5571/5571/5571 
f 5569/5569/5569 5571/5571/5571 5572/5572/5572 
f 5572/5572/5572 5571/5571/5571 5573/5573/5573 
f 5572/5572/5572 5573/5573/5573 5574/5574/5574 
f 5574/5574/5574 5573/5573/5573 5575/5575/5575 
f 5574/5574/5574 5575/5575/5575 5576/5576/5576 
f 5577/5577/5577 5578/5578/5578 5579/5579/5579 
f 5577/5577/5577 5579/5579/5579 5580/5580/5580 
f 5581/5581/5581 5582/5582/5582 5561/5561/5561 
f 5561/5561/5561 5582/5582/5582 5583/5583/5583 
f 5561/5561/5561 5583/5583/5583 5562/5562/5562 
f 5562/5562/5562 5583/5583/5583 5584/5584/5584 
f 5584/5584/5584 5583/5583/5583 5585/5585/5585 
f 5584/5584/5584 5585/5585/5585 5586/5586/5586 
f 5586/5586/5586 5585/5585/5585 5571/5571/5571 
f 5571/5571/5571 5585/5585/5585 5587/5587/5587 
f 5571/5571/5571 5587/5587/5587 5573/5573/5573 
f 5573/5573/5573 5587/5587/5587 5588/5588/5588 
f 5588/5588/5588 5587/5587/5587 5582/5582/5582 
f 5588/5588/5588 5582/5582/5582 5581/5581/5581 
f 5587/5587/5587 5585/5585/5585 5583/5583/5583 
f 5587/5587/5587 5583/5583/5583 5582/5582/5582 

g R6Headless6

v -43.5 3.92076 18.5034 
v -43.5 3.92319 18.5024 
v -43.5017 3.92248 18.5024 
v -43.5 3.92076 18.5034 
v -43.5024 3.92076 18.5024 
v -43.5 3.92076 18.5034 
v -43.5017 3.91904 18.5024 
v -43.5 3.92076 18.5034 
v -43.5 3.91833 18.5024 
v -43.5 3.92076 18.5034 
v -43.4983 3.91904 18.5024 
v -43.5 3.92076 18.5034 
v -43.4976 3.92076 18.5024 
v -43.5 3.92076 18.5034 
v -43.4983 3.92248 18.5024 
v -43.5 3.92076 18.5034 
v -43.5 3.92319 18.5024 
v -43.5 3.9242 18.5 
v -43.5024 3.92319 18.5 
v -43.5034 3.92076 18.5 
v -43.5024 3.91833 18.5 
v -43.5 3.91733 18.5 
v -43.4976 3.91833 18.5 
v -43.4966 3.92076 18.5 
v -43.4976 3.92319 18.5 
v -43.5 3.9242 18.5 
v -43.5 3.92319 18.4976 
v -43.5017 3.92248 18.4976 
v -43.5024 3.92076 18.4976 
v -43.5017 3.91904 18.4976 
v -43.5 3.91833 18.4976 
v -43.4983 3.91904 18.4976 
v -43.4976 3.92076 18.4976 
v -43.4983 3.92248 18.4976 
v -43.5 3.92319 18.4976 
v -43.5 3.92076 18.4966 
v -43.5 3.92076 18.4966 
v -43.5 3.92076 18.4966 
v -43.5 3.92076 18.4966 
v -43.5 3.92076 18.4966 
v -43.5 3.92076 18.4966 
v -43.5 3.92076 18.4966 
v -43.5 3.92076 18.4966 

vn 0 0 1 
vn 0 0.748031 0.661417 
vn -0.527559 0.527559 0.661417 
vn 0 0 1 
vn -0.748031 0 0.661417 
vn 0 0 1 
vn -0.527559 -0.527559 0.661417 
vn 0 0 1 
vn 0 -0.748031 0.661417 
vn 0 0 1 
vn 0.527559 -0.527559 0.661417 
vn 0 0 1 
vn 0.748031 0 0.661417 
vn 0 0 1 
vn 0.527559 0.527559 0.661417 
vn 0 0 1 
vn 0 0.748031 0.661417 
vn 0 1 0 
vn -0.708661 0.708661 0 
vn -1 0 0 
vn -0.708661 -0.708661 0 
vn 0 -1 0 
vn 0.708661 -0.708661 0 
vn 1 0 0 
vn 0.708661 0.708661 0 
vn 0 1 0 
vn 0 0.748031 -0.661417 
vn -0.527559 0.527559 -0.661417 
vn -0.748031 0 -0.661417 
vn -0.527559 -0.527559 -0.661417 
vn 0 -0.748031 -0.661417 
vn 0.527559 -0.527559 -0.661417 
vn 0.748031 0 -0.661417 
vn 0.527559 0.527559 -0.661417 
vn 0 0.748031 -0.661417 
vn 0 0 -1 
vn 0 0 -1 
vn 0 0 -1 
vn 0 0 -1 
vn 0 0 -1 
vn 0 0 -1 
vn 0 0 -1 
vn 0 0 -1 

vt 0.880859 0.984375 
vt 0.880859 0.929688 
vt 0.89502 0.929688 
vt 0.89502 0.984375 
vt 0.90918 0.929688 
vt 0.90918 0.984375 
vt 0.92334 0.929688 
vt 0.92334 0.984375 
vt 0.9375 0.929688 
vt 0.9375 0.984375 
vt 0.95166 0.929688 
vt 0.95166 0.984375 
vt 0.96582 0.929688 
vt 0.96582 0.984375 
vt 0.97998 0.929688 
vt 0.97998 0.984375 
vt 0.994141 0.929688 
vt 0.880859 0.875 
vt 0.89502 0.875 
vt 0.90918 0.875 
vt 0.92334 0.875 
vt 0.9375 0.875 
vt 0.95166 0.875 
vt 0.96582 0.875 
vt 0.97998 0.875 
vt 0.994141 0.875 
vt 0.880859 0.820312 
vt 0.89502 0.820312 
vt 0.90918 0.820312 
vt 0.92334 0.820312 
vt 0.9375 0.820312 
vt 0.95166 0.820312 
vt 0.96582 0.820312 
vt 0.97998 0.820312 
vt 0.994141 0.820312 
vt 0.880859 0.765625 
vt 0.89502 0.765625 
vt 0.90918 0.765625 
vt 0.92334 0.765625 
vt 0.9375 0.765625 
vt 0.95166 0.765625 
vt 0.96582 0.765625 
vt 0.97998 0.765625 

usemtl R6Headless1Mtl

f 5589/5589/5589 5590/5590/5590 5591/5591/5591 
f 5592/5592/5592 5591/5591/5591 5593/5593/5593 
f 5594/5594/5594 5593/5593/5593 5595/5595/5595 
f 5596/5596/5596 5595/5595/5595 5597/5597/5597 
f 5598/5598/5598 5597/5597/5597 5599/5599/5599 
f 5600/5600/5600 5599/5599/5599 5601/5601/5601 
f 5602/5602/5602 5601/5601/5601 5603/5603/5603 
f 5604/5604/5604 5603/5603/5603 5605/5605/5605 
f 5590/5590/5590 5606/5606/5606 5607/5607/5607 
f 5590/5590/5590 5607/5607/5607 5591/5591/5591 
f 5591/5591/5591 5607/5607/5607 5608/5608/5608 
f 5591/5591/5591 5608/5608/5608 5593/5593/5593 
f 5593/5593/5593 5608/5608/5608 5609/5609/5609 
f 5593/5593/5593 5609/5609/5609 5595/5595/5595 
f 5595/5595/5595 5609/5609/5609 5610/5610/5610 
f 5595/5595/5595 5610/5610/5610 5597/5597/5597 
f 5597/5597/5597 5610/5610/5610 5611/5611/5611 
f 5597/5597/5597 5611/5611/5611 5599/5599/5599 
f 5599/5599/5599 5611/5611/5611 5612/5612/5612 
f 5599/5599/5599 5612/5612/5612 5601/5601/5601 
f 5601/5601/5601 5612/5612/5612 5613/5613/5613 
f 5601/5601/5601 5613/5613/5613 5603/5603/5603 
f 5603/5603/5603 5613/5613/5613 5614/5614/5614 
f 5603/5603/5603 5614/5614/5614 5605/5605/5605 
f 5606/5606/5606 5615/5615/5615 5616/5616/5616 
f 5606/5606/5606 5616/5616/5616 5607/5607/5607 
f 5607/5607/5607 5616/5616/5616 5617/5617/5617 
f 5607/5607/5607 5617/5617/5617 5608/5608/5608 
f 5608/5608/5608 5617/5617/5617 5618/5618/5618 
f 5608/5608/5608 5618/5618/5618 5609/5609/5609 
f 5609/5609/5609 5618/5618/5618 5619/5619/5619 
f 5609/5609/5609 5619/5619/5619 5610/5610/5610 
f 5610/5610/5610 5619/5619/5619 5620/5620/5620 
f 5610/5610/5610 5620/5620/5620 5611/5611/5611 
f 5611/5611/5611 5620/5620/5620 5621/5621/5621 
f 5611/5611/5611 5621/5621/5621 5612/5612/5612 
f 5612/5612/5612 5621/5621/5621 5622/5622/5622 
f 5612/5612/5612 5622/5622/5622 5613/5613/5613 
f 5613/5613/5613 5622/5622/5622 5623/5623/5623 
f 5613/5613/5613 5623/5623/5623 5614/5614/5614 
f 5624/5624/5624 5616/5616/5616 5615/5615/5615 
f 5625/5625/5625 5617/5617/5617 5616/5616/5616 
f 5626/5626/5626 5618/5618/5618 5617/5617/5617 
f 5627/5627/5627 5619/5619/5619 5618/5618/5618 
f 5628/5628/5628 5620/5620/5620 5619/5619/5619 
f 5629/5629/5629 5621/5621/5621 5620/5620/5620 
f 5630/5630/5630 5622/5622/5622 5621/5621/5621 
f 5631/5631/5631 5623/5623/5623 5622/5622/5622 

