# This file is brought to you by Roblox Corporation
# Generated by Roblox Studio

mtllib R6 Telamon.mtl

g Handle1

v -21.9932 1.44713 19.1629 
v -21.8774 1.41204 19.2986 
v -22.0108 1.41204 19.1891 
v -21.8551 1.44713 19.2762 
v -22.9886 1.41204 19.1891 
v -23.1219 1.41204 19.2986 
v -23.0061 1.44713 19.1629 
v -23.1443 1.44713 19.2762 
v -23.1219 1.41204 20.5431 
v -23.0061 1.44713 20.6788 
v -23.1443 1.44713 20.5654 
v -22.9886 1.41204 20.6525 
v -21.8551 1.44713 20.5654 
v -21.9932 1.44713 20.6788 
v -21.8774 1.41204 20.5431 
v -22.0108 1.41204 20.6525 
v -21.6366 1.41204 20.0925 
v -21.7244 1.41204 20.2419 
v -21.6767 1.41204 20.0845 
v -21.6866 1.41204 20.2576 
v -23.3127 1.41204 20.2576 
v -23.3628 1.41204 20.0925 
v -23.2749 1.41204 20.2419 
v -23.3227 1.41204 20.0845 
v -21.6767 1.41204 20.0845 
v -21.6197 1.41204 19.9208 
v -21.6366 1.41204 20.0925 
v -21.6605 1.41204 19.9208 
v -23.2314 1.41204 20.4097 
v -23.3127 1.41204 20.2576 
v -23.1974 1.41204 20.387 
v -23.2749 1.41204 20.2419 
v -23.1974 1.41204 20.387 
v -23.1219 1.41204 20.5431 
v -23.093 1.41204 20.5142 
v -22.9659 1.41204 20.6185 
v -23.1219 1.41204 20.5431 
v -22.9886 1.41204 20.6525 
v -21.6605 1.41204 19.9208 
v -21.6366 1.41204 19.7492 
v -21.6197 1.41204 19.9208 
v -21.6767 1.41204 19.7571 
v -21.6866 1.41204 19.5841 
v -21.6767 1.41204 19.7571 
v -21.7244 1.41204 19.5997 
v -21.6366 1.41204 19.7492 
v -21.768 1.41204 19.4319 
v -21.7244 1.41204 19.5997 
v -21.802 1.41204 19.4546 
v -21.6866 1.41204 19.5841 
v -21.9063 1.41204 19.3275 
v -21.768 1.41204 19.4319 
v -21.8774 1.41204 19.2986 
v -22.9659 1.41204 20.6185 
v -22.8208 1.41204 20.6961 
v -22.9886 1.41204 20.6525 
v -22.8364 1.41204 20.7338 
v -22.6713 1.41204 19.0577 
v -22.4997 1.41204 19.0817 
v -22.6634 1.41204 19.0978 
v -22.4997 1.41204 19.0408 
v -22.8364 1.41204 20.7338 
v -22.6634 1.41204 20.7438 
v -22.6713 1.41204 20.7839 
v -22.8208 1.41204 20.6961 
v -22.6634 1.41204 19.0978 
v -22.8364 1.41204 19.1078 
v -22.6713 1.41204 19.0577 
v -22.8208 1.41204 19.1456 
v -21.8774 1.41204 19.2986 
v -22.0335 1.41204 19.2231 
v -22.0108 1.41204 19.1891 
v -21.9063 1.41204 19.3275 
v -22.6713 1.41204 20.7839 
v -22.4997 1.41204 20.76 
v -22.4997 1.41204 20.8008 
v -22.6634 1.41204 20.7438 
v -22.4997 1.41204 20.76 
v -22.328 1.41204 20.7839 
v -22.336 1.41204 20.7438 
v -22.8208 1.41204 19.1456 
v -22.9886 1.41204 19.1891 
v -22.8364 1.41204 19.1078 
v -22.9659 1.41204 19.2231 
v -22.1629 1.41204 19.1078 
v -22.0108 1.41204 19.1891 
v -22.1785 1.41204 19.1456 
v -22.0335 1.41204 19.2231 
v -22.9659 1.41204 19.2231 
v -23.1219 1.41204 19.2986 
v -22.9886 1.41204 19.1891 
v -23.093 1.41204 19.3275 
v -22.328 1.41204 19.0577 
v -22.1629 1.41204 19.1078 
v -22.336 1.41204 19.0978 
v -22.1785 1.41204 19.1456 
v -22.1629 1.41204 20.7338 
v -22.336 1.41204 20.7438 
v -22.1785 1.41204 20.6961 
v -22.328 1.41204 20.7839 
v -23.2314 1.41204 19.4319 
v -23.093 1.41204 19.3275 
v -23.1974 1.41204 19.4546 
v -23.1219 1.41204 19.2986 
v -22.4997 1.41204 19.0408 
v -22.328 1.41204 19.0577 
v -22.4997 1.41204 19.0817 
v -22.336 1.41204 19.0978 
v -22.0108 1.41204 20.6525 
v -22.1785 1.41204 20.6961 
v -22.0335 1.41204 20.6185 
v -22.1629 1.41204 20.7338 
v -23.3127 1.41204 19.5841 
v -23.1974 1.41204 19.4546 
v -23.2749 1.41204 19.5997 
v -23.2314 1.41204 19.4319 
v -23.3227 1.41204 19.7571 
v -23.3127 1.41204 19.5841 
v -23.3628 1.41204 19.7492 
v -21.8774 1.41204 20.5431 
v -22.0335 1.41204 20.6185 
v -21.9063 1.41204 20.5142 
v -22.0108 1.41204 20.6525 
v -21.802 1.41204 20.387 
v -21.8774 1.41204 20.5431 
v -21.768 1.41204 20.4097 
v -21.802 1.41204 20.387 
v -21.6866 1.41204 20.2576 
v -21.7244 1.41204 20.2419 
v -23.3797 1.41204 19.9208 
v -23.3628 1.41204 19.7492 
v -23.3388 1.41204 19.9208 
v -23.3227 1.41204 19.7571 
v -23.3628 1.41204 20.0925 
v -23.3797 1.41204 19.9208 
v -23.3227 1.41204 20.0845 
v -23.3388 1.41204 19.9208 
v -21.9358 1.43947 19.357 
v -22.4997 1.43947 19.1234 
v -22.3441 1.43947 19.1387 
v -22.0566 1.43947 19.2578 
v -22.1945 1.43947 19.1841 
v -21.7629 1.43947 19.6157 
v -21.8366 1.43947 19.4778 
v -21.7176 1.43947 19.7653 
v -23.1627 1.43947 19.4778 
v -22.6552 1.43947 19.1387 
v -23.0635 1.43947 19.357 
v -22.9427 1.43947 19.2578 
v -22.8048 1.43947 19.1841 
v -23.2818 1.43947 19.7653 
v -23.2364 1.43947 19.6157 
v -21.7176 1.43947 20.0764 
v -21.7022 1.43947 19.9208 
v -22.1945 1.43947 20.6575 
v -21.8366 1.43947 20.3639 
v -21.7629 1.43947 20.226 
v -21.9358 1.43947 20.4847 
v -22.0566 1.43947 20.5839 
v -23.2818 1.43947 20.0764 
v -23.2971 1.43947 19.9208 
v -22.4997 1.43947 20.7183 
v -22.3441 1.43947 20.7029 
v -22.9427 1.43947 20.5839 
v -22.6552 1.43947 20.7029 
v -22.8048 1.43947 20.6576 
v -23.0635 1.43947 20.4847 
v -23.2364 1.43947 20.226 
v -23.1627 1.43947 20.3639 
v -23.0061 4.11919 19.1629 
v -23.1219 4.15427 19.2986 
v -22.9886 4.15427 19.1891 
v -23.1443 4.11919 19.2762 
v -22.0108 4.15427 19.1891 
v -21.8774 4.15427 19.2986 
v -21.9932 4.11919 19.1629 
v -21.8551 4.11919 19.2762 
v -21.8774 4.15427 19.2986 
v -21.7417 4.11919 19.4144 
v -21.768 4.15427 19.4319 
v -21.8551 4.11919 20.5654 
v -21.9888 4.08316 20.6854 
v -21.8495 4.08316 20.571 
v -21.9932 4.11919 20.6788 
v -21.768 4.15427 20.4097 
v -21.8551 4.11919 20.5654 
v -21.7417 4.11919 20.4273 
v -21.8774 4.15427 20.5431 
v -22.0108 4.15427 20.6525 
v -21.8551 4.11919 20.5654 
v -22.0108 4.15427 20.6525 
v -22.1508 4.11919 20.763 
v -22.1629 4.15427 20.7338 
v -23.1443 4.11919 20.5654 
v -23.2642 4.08316 20.4317 
v -23.1498 4.08316 20.571 
v -23.2576 4.11919 20.4273 
v -23.1443 4.11919 20.5654 
v -23.2314 4.15427 20.4097 
v -23.1219 4.15427 20.5431 
v -23.1443 4.11919 20.5654 
v -22.9886 4.15427 20.6525 
v -23.0061 4.11919 20.6788 
v -22.8485 4.11919 20.763 
v -22.9886 4.15427 20.6525 
v -22.8364 4.15427 20.7338 
v -22.5625 4.16477 20.6247 
v -22.6127 4.16477 20.5307 
v -22.6041 4.16477 20.574 
v -22.5796 4.16477 20.6106 
v -22.5937 4.16477 20.5935 
v -22.6105 4.16477 20.5528 
v -22.4369 4.16477 20.6247 
v -22.4997 4.16477 20.6438 
v -22.5429 4.16477 20.6352 
v -22.5217 4.16477 20.6416 
v -22.4564 4.16477 20.6352 
v -22.4776 4.16477 20.6416 
v -22.3866 4.16477 20.5307 
v -22.3952 4.16477 20.574 
v -22.4197 4.16477 20.6106 
v -22.4057 4.16477 20.5935 
v -22.3888 4.16477 20.5528 
v -22.3952 4.16477 20.4874 
v -22.3888 4.16477 20.5086 
v -22.6041 4.16477 20.4874 
v -22.6105 4.16477 20.5086 
v -22.5796 4.16477 20.4508 
v -22.5937 4.16477 20.4679 
v -22.5429 4.16477 20.4263 
v -22.5625 4.16477 20.4367 
v -22.4197 4.16477 20.4508 
v -22.4057 4.16477 20.4679 
v -22.4564 4.16477 20.4263 
v -22.4369 4.16477 20.4367 
v -22.4997 4.16477 20.4176 
v -22.5217 4.16477 20.4198 
v -22.4776 4.16477 20.4198 
v -23.3227 4.15427 20.0845 
v -23.3797 4.15427 19.9208 
v -23.3628 4.15427 20.0925 
v -23.3388 4.15427 19.9208 
v -21.768 4.15427 20.4097 
v -21.6866 4.15427 20.2576 
v -21.802 4.15427 20.387 
v -21.7244 4.15427 20.2419 
v -21.802 4.15427 20.387 
v -21.8774 4.15427 20.5431 
v -21.9063 4.15427 20.5142 
v -22.0335 4.15427 20.6185 
v -21.8774 4.15427 20.5431 
v -22.0108 4.15427 20.6525 
v -23.3388 4.15427 19.9208 
v -23.3628 4.15427 19.7492 
v -23.3797 4.15427 19.9208 
v -23.3227 4.15427 19.7571 
v -23.3127 4.15427 19.5841 
v -23.3227 4.15427 19.7571 
v -23.2749 4.15427 19.5997 
v -23.3628 4.15427 19.7492 
v -23.1974 4.15427 19.4546 
v -23.3127 4.15427 19.5841 
v -23.2314 4.15427 19.4319 
v -22.0335 4.15427 20.6185 
v -22.1785 4.15427 20.6961 
v -22.0108 4.15427 20.6525 
v -22.1629 4.15427 20.7338 
v -22.328 4.15427 19.0577 
v -22.4997 4.15427 19.0817 
v -22.336 4.15427 19.0978 
v -22.4997 4.15427 19.0408 
v -23.2314 4.15427 19.4319 
v -23.093 4.15427 19.3275 
v -23.1219 4.15427 19.2986 
v -23.1974 4.15427 19.4546 
v -22.1629 4.15427 20.7338 
v -22.336 4.15427 20.7438 
v -22.328 4.15427 20.7839 
v -22.1785 4.15427 20.6961 
v -22.336 4.15427 19.0978 
v -22.1629 4.15427 19.1078 
v -22.328 4.15427 19.0577 
v -22.1785 4.15427 19.1456 
v -23.1219 4.15427 19.2986 
v -22.9659 4.15427 19.2231 
v -22.9886 4.15427 19.1891 
v -23.093 4.15427 19.3275 
v -22.328 4.15427 20.7839 
v -22.4997 4.15427 20.76 
v -22.4997 4.15427 20.8008 
v -22.336 4.15427 20.7438 
v -22.4997 4.15427 20.76 
v -22.6713 4.15427 20.7839 
v -22.6634 4.15427 20.7438 
v -22.1785 4.15427 19.1456 
v -22.0108 4.15427 19.1891 
v -22.1629 4.15427 19.1078 
v -22.0335 4.15427 19.2231 
v -22.8364 4.15427 19.1078 
v -22.9886 4.15427 19.1891 
v -22.8208 4.15427 19.1456 
v -22.9659 4.15427 19.2231 
v -22.0335 4.15427 19.2231 
v -21.8774 4.15427 19.2986 
v -22.0108 4.15427 19.1891 
v -21.9063 4.15427 19.3275 
v -22.6713 4.15427 19.0577 
v -22.8364 4.15427 19.1078 
v -22.6634 4.15427 19.0978 
v -22.8208 4.15427 19.1456 
v -22.8364 4.15427 20.7338 
v -22.6634 4.15427 20.7438 
v -22.8208 4.15427 20.6961 
v -22.6713 4.15427 20.7839 
v -21.768 4.15427 19.4319 
v -21.9063 4.15427 19.3275 
v -21.802 4.15427 19.4546 
v -21.8774 4.15427 19.2986 
v -21.7244 4.15427 19.5997 
v -21.768 4.15427 19.4319 
v -21.6866 4.15427 19.5841 
v -22.4997 4.15427 19.0408 
v -22.6713 4.15427 19.0577 
v -22.4997 4.15427 19.0817 
v -22.6634 4.15427 19.0978 
v -22.9886 4.15427 20.6525 
v -22.8208 4.15427 20.6961 
v -22.9659 4.15427 20.6185 
v -22.8364 4.15427 20.7338 
v -23.1219 4.15427 20.5431 
v -22.9659 4.15427 20.6185 
v -23.093 4.15427 20.5142 
v -22.9886 4.15427 20.6525 
v -23.1974 4.15427 20.387 
v -23.1219 4.15427 20.5431 
v -23.2314 4.15427 20.4097 
v -23.1974 4.15427 20.387 
v -23.3127 4.15427 20.2576 
v -23.2749 4.15427 20.2419 
v -21.6866 4.15427 19.5841 
v -21.6767 4.15427 19.7571 
v -21.6366 4.15427 19.7492 
v -21.7244 4.15427 19.5997 
v -21.6197 4.15427 19.9208 
v -21.6366 4.15427 19.7492 
v -21.6605 4.15427 19.9208 
v -21.6767 4.15427 19.7571 
v -21.6366 4.15427 20.0925 
v -21.6197 4.15427 19.9208 
v -21.6767 4.15427 20.0845 
v -21.6605 4.15427 19.9208 
v -23.3628 4.15427 20.0925 
v -23.2749 4.15427 20.2419 
v -23.3227 4.15427 20.0845 
v -23.3127 4.15427 20.2576 
v -21.6866 4.15427 20.2576 
v -21.6366 4.15427 20.0925 
v -21.7244 4.15427 20.2419 
v -21.6767 4.15427 20.0845 
v -22.4997 4.14476 20.3995 
v -22.5217 4.14476 20.4198 
v -22.4997 4.14476 20.4176 
v -22.5253 4.14476 20.4021 
v -22.5253 4.14476 20.4021 
v -22.5429 4.14476 20.4263 
v -22.5217 4.14476 20.4198 
v -22.5499 4.14476 20.4095 
v -22.5499 4.14476 20.4095 
v -22.5625 4.14476 20.4367 
v -22.5429 4.14476 20.4263 
v -22.5725 4.14476 20.4216 
v -22.5725 4.14476 20.4216 
v -22.5796 4.14476 20.4508 
v -22.5625 4.14476 20.4367 
v -22.5924 4.14476 20.438 
v -22.5924 4.14476 20.438 
v -22.5937 4.14476 20.4679 
v -22.5796 4.14476 20.4508 
v -22.6087 4.14476 20.4578 
v -22.6087 4.14476 20.4578 
v -22.6041 4.14476 20.4874 
v -22.5937 4.14476 20.4679 
v -22.6208 4.14476 20.4805 
v -22.6208 4.14476 20.4805 
v -22.6105 4.14476 20.5086 
v -22.6041 4.14476 20.4874 
v -22.6283 4.14476 20.5051 
v -22.6127 4.14476 20.5307 
v -22.6283 4.14476 20.5051 
v -22.6308 4.14476 20.5307 
v -22.6105 4.14476 20.5086 
v -22.6105 4.14476 20.5528 
v -22.6308 4.14476 20.5307 
v -22.6283 4.14476 20.5563 
v -22.6127 4.14476 20.5307 
v -22.6105 4.14476 20.5528 
v -22.6208 4.14476 20.5809 
v -22.6041 4.14476 20.574 
v -22.5937 4.14476 20.5935 
v -22.6041 4.14476 20.574 
v -22.6087 4.14476 20.6036 
v -22.6208 4.14476 20.5809 
v -22.6087 4.14476 20.6036 
v -22.5924 4.14476 20.6235 
v -22.5937 4.14476 20.5935 
v -22.5796 4.14476 20.6106 
v -22.5924 4.14476 20.6235 
v -22.5725 4.14476 20.6398 
v -22.5796 4.14476 20.6106 
v -22.5625 4.14476 20.6247 
v -22.5725 4.14476 20.6398 
v -22.5499 4.14476 20.6519 
v -22.5625 4.14476 20.6247 
v -22.5429 4.14476 20.6352 
v -22.5253 4.14476 20.6593 
v -22.5429 4.14476 20.6352 
v -22.5499 4.14476 20.6519 
v -22.5217 4.14476 20.6416 
v -22.4997 4.14476 20.6619 
v -22.5217 4.14476 20.6416 
v -22.5253 4.14476 20.6593 
v -22.4997 4.14476 20.6438 
v -22.4997 4.14476 20.6619 
v -22.4776 4.14476 20.6416 
v -22.4741 4.14476 20.6593 
v -22.4564 4.14476 20.6352 
v -22.4741 4.14476 20.6593 
v -22.4495 4.14476 20.6519 
v -22.4776 4.14476 20.6416 
v -22.4369 4.14476 20.6247 
v -22.4495 4.14476 20.6519 
v -22.4268 4.14476 20.6398 
v -22.4564 4.14476 20.6352 
v -22.4197 4.14476 20.6106 
v -22.4268 4.14476 20.6398 
v -22.4069 4.14476 20.6235 
v -22.4369 4.14476 20.6247 
v -22.4057 4.14476 20.5935 
v -22.4069 4.14476 20.6235 
v -22.3906 4.14476 20.6036 
v -22.4197 4.14476 20.6106 
v -22.3952 4.14476 20.574 
v -22.3906 4.14476 20.6036 
v -22.3785 4.14476 20.5809 
v -22.4057 4.14476 20.5935 
v -22.3785 4.14476 20.5809 
v -22.3888 4.14476 20.5528 
v -22.3952 4.14476 20.574 
v -22.371 4.14476 20.5563 
v -22.3685 4.14476 20.5307 
v -22.3888 4.14476 20.5528 
v -22.3866 4.14476 20.5307 
v -22.3685 4.14476 20.5307 
v -22.371 4.14476 20.5051 
v -22.3866 4.14476 20.5307 
v -22.3888 4.14476 20.5086 
v -22.3785 4.14476 20.4805 
v -22.3888 4.14476 20.5086 
v -22.371 4.14476 20.5051 
v -22.3952 4.14476 20.4874 
v -22.3906 4.14476 20.4578 
v -22.3952 4.14476 20.4874 
v -22.3785 4.14476 20.4805 
v -22.4057 4.14476 20.4679 
v -22.4069 4.14476 20.438 
v -22.4057 4.14476 20.4679 
v -22.3906 4.14476 20.4578 
v -22.4197 4.14476 20.4508 
v -22.4197 4.14476 20.4508 
v -22.4268 4.14476 20.4216 
v -22.4369 4.14476 20.4367 
v -22.4069 4.14476 20.438 
v -22.4495 4.14476 20.4095 
v -22.4564 4.14476 20.4263 
v -22.4369 4.14476 20.4367 
v -22.4268 4.14476 20.4216 
v -22.4776 4.14476 20.4198 
v -22.4564 4.14476 20.4263 
v -22.4741 4.14476 20.4021 
v -22.4495 4.14476 20.4095 
v -22.4997 4.14476 20.4176 
v -22.4776 4.14476 20.4198 
v -22.4997 4.14476 20.3995 
v -22.4741 4.14476 20.4021 
v -22.1945 4.12685 20.6575 
v -23.2818 4.12685 20.0764 
v -22.9427 4.12685 20.5839 
v -22.6552 4.12685 20.7029 
v -22.8048 4.12685 20.6576 
v -22.4997 4.12685 20.7183 
v -22.3441 4.12685 20.7029 
v -23.0635 4.12685 20.4847 
v -23.2364 4.12685 20.226 
v -23.1627 4.12685 20.3639 
v -23.2818 4.12685 19.7653 
v -23.2971 4.12685 19.9208 
v -21.9358 4.12685 20.4847 
v -22.0566 4.12685 20.5839 
v -21.8366 4.12685 20.3639 
v -21.7176 4.12685 20.0764 
v -21.7629 4.12685 20.226 
v -21.7176 4.12685 19.7653 
v -21.7022 4.12685 19.9208 
v -21.8366 4.12685 19.4778 
v -21.7629 4.12685 19.6157 
v -21.9358 4.12685 19.357 
v -23.0635 4.12685 19.357 
v -23.2364 4.12685 19.6157 
v -23.1627 4.12685 19.4778 
v -22.6552 4.12685 19.1387 
v -22.9427 4.12685 19.2578 
v -22.8048 4.12685 19.1841 
v -22.3441 4.12685 19.1387 
v -22.4997 4.12685 19.1234 
v -22.0566 4.12685 19.2578 
v -22.1945 4.12685 19.1841 
v -22.9886 2.27871 19.1891 
v -23.1219 2.27871 19.2986 
v -23.0061 2.3138 19.1629 
v -23.1443 2.3138 19.2762 
v -21.7417 2.3138 19.4144 
v -21.8774 2.27871 19.2986 
v -21.8551 2.3138 19.2762 
v -21.768 2.27871 19.4319 
v -21.8774 2.27871 19.2986 
v -21.9932 2.3138 19.1629 
v -22.0108 2.27871 19.1891 
v -21.8551 2.3138 20.5654 
v -21.7351 2.34982 20.4317 
v -21.8495 2.34982 20.571 
v -21.7417 2.3138 20.4273 
v -21.8551 2.3138 20.5654 
v -21.768 2.27871 20.4097 
v -21.8774 2.27871 20.5431 
v -21.8551 2.3138 20.5654 
v -22.0108 2.27871 20.6525 
v -21.9932 2.3138 20.6788 
v -21.8551 2.3138 20.5654 
v -21.9888 2.34982 20.6854 
v -22.1508 2.3138 20.763 
v -22.0108 2.27871 20.6525 
v -22.1629 2.27871 20.7338 
v -21.7351 2.34982 20.4317 
v -21.8551 2.38585 20.5654 
v -21.7417 2.38585 20.4273 
v -23.0105 2.34983 20.6854 
v -23.1443 2.3138 20.5654 
v -23.0061 2.3138 20.6788 
v -23.1498 2.34982 20.571 
v -22.9886 2.27871 20.6525 
v -22.8485 2.3138 20.763 
v -22.8364 2.27871 20.7338 
v -22.9886 2.27871 20.6525 
v -23.1443 2.3138 20.5654 
v -23.1219 2.27871 20.5431 
v -23.1443 2.3138 20.5654 
v -23.2314 2.27871 20.4097 
v -23.2576 2.3138 20.4273 
v -23.1443 2.3138 20.5654 
v -23.2642 2.34982 20.4317 
v -23.0105 2.34983 20.6854 
v -23.1443 2.38585 20.5654 
v -23.0061 2.38585 20.6788 
v -22.4997 1.48316 19.0013 
v -22.3218 1.44713 19.0268 
v -22.4997 1.44713 19.0092 
v -22.3203 1.48316 19.019 
v -22.4997 1.48316 19.0013 
v -22.3218 1.51918 19.0268 
v -22.4997 1.51918 19.0092 
v -22.4997 2.34982 19.0013 
v -22.3218 2.3138 19.0268 
v -22.4997 2.3138 19.0092 
v -22.3203 2.34982 19.019 
v -22.4997 2.34982 19.0013 
v -22.3218 2.38585 19.0268 
v -22.4997 2.38585 19.0092 
v -22.679 1.48316 19.019 
v -22.4997 1.48316 19.0013 
v -22.6775 1.44713 19.0268 
v -22.4997 1.44713 19.0092 
v -22.6775 1.51918 19.0268 
v -22.4997 1.48316 19.0013 
v -22.4997 1.51918 19.0092 
v -22.679 2.34982 19.019 
v -22.4997 2.34982 19.0013 
v -22.6775 2.3138 19.0268 
v -22.4997 2.3138 19.0092 
v -22.6775 2.38585 19.0268 
v -22.4997 2.34982 19.0013 
v -22.4997 2.38585 19.0092 
v -22.4997 3.21649 19.0013 
v -22.3218 3.18047 19.0268 
v -22.4997 3.18047 19.0092 
v -22.3203 3.21649 19.019 
v -22.4997 3.21649 19.0013 
v -22.3218 3.25252 19.0268 
v -22.4997 3.25252 19.0092 
v -22.679 3.21649 19.019 
v -22.4997 3.21649 19.0013 
v -22.6775 3.18047 19.0268 
v -22.4997 3.18047 19.0092 
v -22.6775 3.25252 19.0268 
v -22.4997 3.21649 19.0013 
v -22.4997 3.25252 19.0092 
v -22.4997 4.08316 19.0013 
v -22.3218 4.04714 19.0268 
v -22.4997 4.04714 19.0092 
v -22.3203 4.08316 19.019 
v -22.4997 4.08316 19.0013 
v -22.3218 4.11919 19.0268 
v -22.4997 4.11919 19.0092 
v -22.679 4.08316 19.019 
v -22.4997 4.08316 19.0013 
v -22.6775 4.04714 19.0268 
v -22.4997 4.04714 19.0092 
v -22.6775 4.11919 19.0268 
v -22.4997 4.08316 19.0013 
v -22.4997 4.11919 19.0092 
v -22.3203 1.48316 19.019 
v -22.1508 1.44713 19.0786 
v -22.3218 1.44713 19.0268 
v -22.1478 1.48316 19.0713 
v -22.328 1.41204 19.0577 
v -22.4997 1.44713 19.0092 
v -22.4997 1.41204 19.0408 
v -22.3203 1.48316 19.019 
v -22.1508 1.51918 19.0786 
v -22.3218 1.51918 19.0268 
v -22.4997 1.51918 19.0092 
v -22.328 1.55427 19.0577 
v -22.4997 1.55427 19.0408 
v -22.3203 2.34982 19.019 
v -22.1508 2.3138 19.0786 
v -22.3218 2.3138 19.0268 
v -22.1478 2.34982 19.0713 
v -22.328 2.27871 19.0577 
v -22.4997 2.3138 19.0092 
v -22.4997 2.27871 19.0408 
v -22.3203 2.34982 19.019 
v -22.1508 2.38585 19.0786 
v -22.3218 2.38585 19.0268 
v -22.4997 2.38585 19.0092 
v -22.328 2.42093 19.0577 
v -22.4997 2.42093 19.0408 
v -22.8515 1.48316 19.0713 
v -22.679 1.48316 19.019 
v -22.8485 1.44713 19.0786 
v -22.6775 1.44713 19.0268 
v -22.8485 1.51918 19.0786 
v -22.679 1.48316 19.019 
v -22.6775 1.51918 19.0268 
v -22.4997 1.44713 19.0092 
v -22.6713 1.41204 19.0577 
v -22.4997 1.41204 19.0408 
v -22.6713 1.55427 19.0577 
v -22.4997 1.51918 19.0092 
v -22.4997 1.55427 19.0408 
v -22.8515 2.34983 19.0713 
v -22.679 2.34982 19.019 
v -22.8485 2.3138 19.0786 
v -22.6775 2.3138 19.0268 
v -22.8485 2.38585 19.0786 
v -22.679 2.34982 19.019 
v -22.6775 2.38585 19.0268 
v -22.4997 2.3138 19.0092 
v -22.6713 2.27871 19.0577 
v -22.4997 2.27871 19.0408 
v -22.6713 2.42093 19.0577 
v -22.4997 2.38585 19.0092 
v -22.4997 2.42093 19.0408 
v -22.3203 3.21649 19.019 
v -22.1508 3.18047 19.0786 
v -22.3218 3.18047 19.0268 
v -22.1478 3.21649 19.0713 
v -22.328 3.14538 19.0577 
v -22.4997 3.18047 19.0092 
v -22.4997 3.14539 19.0408 
v -22.3203 3.21649 19.019 
v -22.1508 3.25252 19.0786 
v -22.3218 3.25252 19.0268 
v -22.4997 3.25252 19.0092 
v -22.328 3.28761 19.0577 
v -22.4997 3.2876 19.0408 
v -22.8515 3.2165 19.0713 
v -22.679 3.21649 19.019 
v -22.8485 3.18047 19.0786 
v -22.6775 3.18047 19.0268 
v -22.8485 3.25252 19.0786 
v -22.679 3.21649 19.019 
v -22.6775 3.25252 19.0268 
v -22.4997 3.18047 19.0092 
v -22.6713 3.14539 19.0577 
v -22.4997 3.14539 19.0408 
v -22.6713 3.2876 19.0577 
v -22.4997 3.25252 19.0092 
v -22.4997 3.2876 19.0408 
v -22.3203 4.08316 19.019 
v -22.1508 4.04714 19.0786 
v -22.3218 4.04714 19.0268 
v -22.1478 4.08316 19.0713 
v -22.328 4.01205 19.0577 
v -22.4997 4.04714 19.0092 
v -22.4997 4.01205 19.0408 
v -22.3203 4.08316 19.019 
v -22.1508 4.11919 19.0786 
v -22.3218 4.11919 19.0268 
v -22.4997 4.11919 19.0092 
v -22.328 4.15427 19.0577 
v -22.4997 4.15427 19.0408 
v -22.8515 4.08316 19.0713 
v -22.679 4.08316 19.019 
v -22.8485 4.04714 19.0786 
v -22.6775 4.04714 19.0268 
v -22.8485 4.11919 19.0786 
v -22.679 4.08316 19.019 
v -22.6775 4.11919 19.0268 
v -22.4997 4.04714 19.0092 
v -22.6713 4.01205 19.0577 
v -22.4997 4.01205 19.0408 
v -22.6713 4.15427 19.0577 
v -22.4997 4.11919 19.0092 
v -22.4997 4.15427 19.0408 
v -22.1478 1.48316 19.0713 
v -21.9932 1.44713 19.1629 
v -22.1508 1.44713 19.0786 
v -21.9888 1.48316 19.1563 
v -22.1629 1.41204 19.1078 
v -22.3218 1.44713 19.0268 
v -22.328 1.41204 19.0577 
v -22.1478 1.48316 19.0713 
v -21.9932 1.51918 19.1629 
v -22.1508 1.51918 19.0786 
v -22.3218 1.51918 19.0268 
v -22.1629 1.55427 19.1078 
v -22.328 1.55427 19.0577 
v -22.1478 2.34982 19.0713 
v -21.9932 2.3138 19.1629 
v -22.1508 2.3138 19.0786 
v -21.9888 2.34982 19.1563 
v -22.1629 2.27871 19.1078 
v -22.3218 2.3138 19.0268 
v -22.328 2.27871 19.0577 
v -22.1478 2.34982 19.0713 
v -21.9932 2.38585 19.1629 
v -22.1508 2.38585 19.0786 
v -22.3218 2.38585 19.0268 
v -22.1629 2.42093 19.1078 
v -22.328 2.42093 19.0577 
v -23.0105 1.48316 19.1563 
v -22.8515 1.48316 19.0713 
v -23.0061 1.44713 19.1629 
v -22.8485 1.44713 19.0786 
v -23.0061 1.51918 19.1629 
v -22.8515 1.48316 19.0713 
v -22.8485 1.51918 19.0786 
v -22.6775 1.44713 19.0268 
v -22.8364 1.41204 19.1078 
v -22.6713 1.41204 19.0577 
v -22.8364 1.55427 19.1078 
v -22.6775 1.51918 19.0268 
v -22.6713 1.55427 19.0577 
v -23.0105 2.34983 19.1563 
v -22.8515 2.34983 19.0713 
v -23.0061 2.3138 19.1629 
v -22.8485 2.3138 19.0786 
v -23.0061 2.38585 19.1629 
v -22.8515 2.34983 19.0713 
v -22.8485 2.38585 19.0786 
v -22.6775 2.3138 19.0268 
v -22.8364 2.27871 19.1078 
v -22.6713 2.27871 19.0577 
v -22.8364 2.42093 19.1078 
v -22.6775 2.38585 19.0268 
v -22.6713 2.42093 19.0577 
v -22.1478 3.21649 19.0713 
v -21.9932 3.18047 19.1629 
v -22.1508 3.18047 19.0786 
v -21.9888 3.21649 19.1563 
v -22.1629 3.14539 19.1078 
v -22.3218 3.18047 19.0268 
v -22.328 3.14538 19.0577 
v -22.1478 3.21649 19.0713 
v -21.9932 3.25252 19.1629 
v -22.1508 3.25252 19.0786 
v -22.3218 3.25252 19.0268 
v -22.1629 3.2876 19.1078 
v -22.328 3.28761 19.0577 
v -23.0105 3.21649 19.1563 
v -22.8515 3.2165 19.0713 
v -23.0061 3.18047 19.1629 
v -22.8485 3.18047 19.0786 
v -23.0061 3.25252 19.1629 
v -22.8515 3.2165 19.0713 
v -22.8485 3.25252 19.0786 
v -22.6775 3.18047 19.0268 
v -22.8364 3.14538 19.1078 
v -22.6713 3.14539 19.0577 
v -22.8364 3.28761 19.1078 
v -22.6775 3.25252 19.0268 
v -22.6713 3.2876 19.0577 
v -22.1478 4.08316 19.0713 
v -21.9932 4.04714 19.1629 
v -22.1508 4.04714 19.0786 
v -21.9888 4.08316 19.1563 
v -22.1629 4.01205 19.1078 
v -22.3218 4.04714 19.0268 
v -22.328 4.01205 19.0577 
v -22.1478 4.08316 19.0713 
v -21.9932 4.11919 19.1629 
v -22.1508 4.11919 19.0786 
v -22.3218 4.11919 19.0268 
v -22.1629 4.15427 19.1078 
v -22.328 4.15427 19.0577 
v -23.0105 4.08316 19.1563 
v -22.8515 4.08316 19.0713 
v -23.0061 4.04714 19.1629 
v -22.8485 4.04714 19.0786 
v -23.0061 4.11919 19.1629 
v -22.8515 4.08316 19.0713 
v -22.8485 4.11919 19.0786 
v -22.6775 4.04714 19.0268 
v -22.8364 4.01205 19.1078 
v -22.6713 4.01205 19.0577 
v -22.8364 4.15427 19.1078 
v -22.6775 4.11919 19.0268 
v -22.6713 4.15427 19.0577 
v -21.9888 2.34982 19.1563 
v -21.8551 2.3138 19.2762 
v -21.9932 2.3138 19.1629 
v -21.8495 2.34982 19.2707 
v -22.0108 2.27871 19.1891 
v -22.1508 2.3138 19.0786 
v -22.1629 2.27871 19.1078 
v -21.9888 2.34982 19.1563 
v -21.8551 2.38585 19.2762 
v -21.9932 2.38585 19.1629 
v -22.1508 2.38585 19.0786 
v -22.0108 2.42093 19.1891 
v -22.1629 2.42093 19.1078 
v -23.1443 3.25252 19.2762 
v -23.0105 3.21649 19.1563 
v -23.1498 3.21649 19.2707 
v -23.0061 3.25252 19.1629 
v -23.0105 3.21649 19.1563 
v -23.1443 3.18047 19.2762 
v -23.0061 3.18047 19.1629 
v -22.9886 3.2876 19.1891 
v -22.8485 3.25252 19.0786 
v -22.8364 3.28761 19.1078 
v -22.8485 3.18047 19.0786 
v -22.9886 3.14538 19.1891 
v -22.8364 3.14538 19.1078 
v -21.9888 3.21649 19.1563 
v -21.8551 3.18047 19.2762 
v -21.9932 3.18047 19.1629 
v -21.8495 3.21649 19.2707 
v -22.0108 3.14538 19.1891 
v -22.1508 3.18047 19.0786 
v -22.1629 3.14539 19.1078 
v -21.9888 3.21649 19.1563 
v -21.8551 3.25252 19.2762 
v -21.9932 3.25252 19.1629 
v -22.1508 3.25252 19.0786 
v -22.0108 3.2876 19.1891 
v -22.1629 3.2876 19.1078 
v -23.1443 4.11919 19.2762 
v -23.0105 4.08316 19.1563 
v -23.1498 4.08316 19.2707 
v -23.0061 4.11919 19.1629 
v -23.0105 4.08316 19.1563 
v -23.1443 4.04714 19.2762 
v -23.0061 4.04714 19.1629 
v -22.9886 4.15427 19.1891 
v -22.8485 4.11919 19.0786 
v -22.8364 4.15427 19.1078 
v -22.8485 4.04714 19.0786 
v -22.9886 4.01205 19.1891 
v -22.8364 4.01205 19.1078 
v -21.9888 4.08316 19.1563 
v -21.8551 4.04714 19.2762 
v -21.9932 4.04714 19.1629 
v -21.8495 4.08316 19.2707 
v -22.0108 4.01205 19.1891 
v -22.1508 4.04714 19.0786 
v -22.1629 4.01205 19.1078 
v -21.9888 4.08316 19.1563 
v -21.8551 4.11919 19.2762 
v -21.9932 4.11919 19.1629 
v -22.1508 4.11919 19.0786 
v -22.0108 4.15427 19.1891 
v -22.1629 4.15427 19.1078 
v -23.2642 3.21649 19.41 
v -23.1443 3.18047 19.2762 
v -23.2576 3.18047 19.4144 
v -23.1443 3.18047 19.2762 
v -23.2314 3.14539 19.4319 
v -23.1219 3.14538 19.2986 
v -23.2642 3.21649 19.41 
v -23.1443 3.25252 19.2762 
v -23.2576 3.25252 19.4144 
v -23.2314 3.28761 19.4319 
v -23.1443 3.25252 19.2762 
v -23.1219 3.2876 19.2986 
v -23.2642 4.08316 19.41 
v -23.1443 4.04714 19.2762 
v -23.2576 4.04714 19.4144 
v -23.1443 4.04714 19.2762 
v -23.2314 4.01205 19.4319 
v -23.1219 4.01205 19.2986 
v -23.2642 4.08316 19.41 
v -23.1443 4.11919 19.2762 
v -23.2576 4.11919 19.4144 
v -23.2314 4.15427 19.4319 
v -23.1443 4.11919 19.2762 
v -23.1219 4.15427 19.2986 
v -23.2642 1.48316 19.41 
v -23.1443 1.44713 19.2762 
v -23.2576 1.44713 19.4144 
v -23.1498 1.48316 19.2706 
v -23.1443 1.44713 19.2762 
v -23.2314 1.41204 19.4319 
v -23.1219 1.41204 19.2986 
v -23.1443 1.51918 19.2762 
v -23.0105 1.48316 19.1563 
v -23.0061 1.51918 19.1629 
v -22.9886 1.55427 19.1891 
v -22.8485 1.51918 19.0786 
v -22.8364 1.55427 19.1078 
v -23.2642 1.48316 19.41 
v -23.1443 1.51918 19.2762 
v -23.2576 1.51918 19.4144 
v -23.0105 1.48316 19.1563 
v -23.1443 1.44713 19.2762 
v -23.0061 1.44713 19.1629 
v -23.2314 1.55427 19.4319 
v -23.1443 1.51918 19.2762 
v -23.1219 1.55427 19.2986 
v -22.8485 1.44713 19.0786 
v -22.9886 1.41204 19.1891 
v -22.8364 1.41204 19.1078 
v -23.2642 2.34982 19.41 
v -23.1443 2.3138 19.2762 
v -23.2576 2.3138 19.4144 
v -23.1498 2.34983 19.2706 
v -23.1443 2.3138 19.2762 
v -23.2314 2.27871 19.4319 
v -23.1219 2.27871 19.2986 
v -23.1443 2.38585 19.2762 
v -23.0105 2.34983 19.1563 
v -23.0061 2.38585 19.1629 
v -22.9886 2.42093 19.1891 
v -22.8485 2.38585 19.0786 
v -22.8364 2.42093 19.1078 
v -23.2642 2.34982 19.41 
v -23.1443 2.38585 19.2762 
v -23.2576 2.38585 19.4144 
v -23.0105 2.34983 19.1563 
v -23.1443 2.3138 19.2762 
v -23.0061 2.3138 19.1629 
v -23.2314 2.42093 19.4319 
v -23.1443 2.38585 19.2762 
v -23.1219 2.42093 19.2986 
v -22.8485 2.3138 19.0786 
v -22.9886 2.27871 19.1891 
v -22.8364 2.27871 19.1078 
v -21.9888 1.48316 19.1563 
v -21.8551 1.44713 19.2762 
v -21.9932 1.44713 19.1629 
v -21.8495 1.48316 19.2706 
v -22.0108 1.41204 19.1891 
v -22.1508 1.44713 19.0786 
v -22.1629 1.41204 19.1078 
v -21.8551 1.51918 19.2762 
v -21.7351 1.48316 19.41 
v -21.7417 1.51918 19.4144 
v -21.8551 1.51918 19.2762 
v -21.768 1.55427 19.4319 
v -21.8774 1.55427 19.2986 
v -21.9888 1.48316 19.1563 
v -21.8551 1.51918 19.2762 
v -21.9932 1.51918 19.1629 
v -21.7351 1.48316 19.41 
v -21.8551 1.44713 19.2762 
v -21.7417 1.44713 19.4144 
v -22.1508 1.51918 19.0786 
v -22.0108 1.55427 19.1891 
v -22.1629 1.55427 19.1078 
v -21.768 1.41204 19.4319 
v -21.8551 1.44713 19.2762 
v -21.8774 1.41204 19.2986 
v -21.8551 2.38585 19.2762 
v -21.7351 2.34982 19.41 
v -21.7417 2.38585 19.4144 
v -21.7351 2.34982 19.41 
v -21.8551 2.3138 19.2762 
v -21.7417 2.3138 19.4144 
v -21.8551 2.38585 19.2762 
v -21.768 2.42093 19.4319 
v -21.8774 2.42094 19.2986 
v -21.6575 2.3138 19.572 
v -21.768 2.27871 19.4319 
v -21.6866 2.27871 19.5841 
v -21.8551 3.25252 19.2762 
v -21.7351 3.21649 19.41 
v -21.7417 3.25252 19.4144 
v -21.7351 3.21649 19.41 
v -21.8551 3.18047 19.2762 
v -21.7417 3.18047 19.4144 
v -21.768 3.2876 19.4319 
v -21.6575 3.25252 19.572 
v -21.6866 3.2876 19.5841 
v -21.768 3.14538 19.4319 
v -21.8551 3.18047 19.2762 
v -21.8774 3.14538 19.2986 
v -21.8551 4.11919 19.2762 
v -21.7351 4.08316 19.41 
v -21.7417 4.11919 19.4144 
v -21.7351 4.08316 19.41 
v -21.8551 4.04714 19.2762 
v -21.7417 4.04714 19.4144 
v -21.768 4.15427 19.4319 
v -21.6575 4.11919 19.572 
v -21.6866 4.15427 19.5841 
v -21.6575 4.04714 19.572 
v -21.768 4.01205 19.4319 
v -21.6866 4.01205 19.5841 
v -23.3492 1.48316 19.569 
v -23.2576 1.44713 19.4144 
v -23.3419 1.44713 19.572 
v -23.2642 1.48316 19.41 
v -23.3492 1.48316 19.569 
v -23.2576 1.51918 19.4144 
v -23.3419 1.51918 19.572 
v -23.3127 1.41204 19.5841 
v -23.3937 1.44713 19.743 
v -23.3628 1.41204 19.7492 
v -23.2576 1.44713 19.4144 
v -23.3127 1.41204 19.5841 
v -23.2314 1.41204 19.4319 
v -23.3127 1.55427 19.5841 
v -23.2576 1.51918 19.4144 
v -23.2314 1.55427 19.4319 
v -23.3937 1.51918 19.743 
v -23.3127 1.55427 19.5841 
v -23.3628 1.55427 19.7492 
v -23.3492 2.34982 19.569 
v -23.2576 2.3138 19.4144 
v -23.3419 2.3138 19.572 
v -23.2642 2.34982 19.41 
v -23.3492 2.34982 19.569 
v -23.2576 2.38585 19.4144 
v -23.3419 2.38585 19.572 
v -23.3127 2.27871 19.5841 
v -23.3937 2.3138 19.743 
v -23.3628 2.27871 19.7492 
v -23.2576 2.3138 19.4144 
v -23.3127 2.27871 19.5841 
v -23.2314 2.27871 19.4319 
v -23.3937 2.38585 19.743 
v -23.3127 2.42093 19.5841 
v -23.3628 2.42093 19.7492 
v -23.3127 2.42093 19.5841 
v -23.2576 2.38585 19.4144 
v -23.2314 2.42093 19.4319 
v -21.6575 1.44713 19.572 
v -21.7417 1.44713 19.4144 
v -21.6502 1.48316 19.569 
v -21.7351 1.48316 19.41 
v -21.7417 1.51918 19.4144 
v -21.6502 1.48316 19.569 
v -21.6575 1.51918 19.572 
v -21.6866 1.41204 19.5841 
v -21.7417 1.44713 19.4144 
v -21.768 1.41204 19.4319 
v -21.6056 1.44713 19.743 
v -21.6866 1.41204 19.5841 
v -21.6366 1.41204 19.7492 
v -21.6866 1.55427 19.5841 
v -21.6056 1.51918 19.743 
v -21.6366 1.55427 19.7492 
v -21.7417 1.51918 19.4144 
v -21.6866 1.55427 19.5841 
v -21.768 1.55427 19.4319 
v -23.3492 3.21649 19.569 
v -23.2576 3.18047 19.4144 
v -23.3419 3.18047 19.572 
v -23.2642 3.21649 19.41 
v -23.3492 3.21649 19.569 
v -23.2576 3.25252 19.4144 
v -23.3419 3.25252 19.572 
v -23.3127 3.14538 19.5841 
v -23.3937 3.18047 19.743 
v -23.3628 3.14538 19.7492 
v -23.2576 3.18047 19.4144 
v -23.3127 3.14538 19.5841 
v -23.2314 3.14539 19.4319 
v -23.3937 3.25252 19.743 
v -23.3127 3.2876 19.5841 
v -23.3628 3.28761 19.7492 
v -23.3127 3.2876 19.5841 
v -23.2576 3.25252 19.4144 
v -23.2314 3.28761 19.4319 
v -23.3492 4.08316 19.569 
v -23.2576 4.04714 19.4144 
v -23.3419 4.04714 19.572 
v -23.2642 4.08316 19.41 
v -23.3492 4.08316 19.569 
v -23.2576 4.11919 19.4144 
v -23.3419 4.11919 19.572 
v -23.3127 4.01205 19.5841 
v -23.3937 4.04714 19.743 
v -23.3628 4.01205 19.7492 
v -23.2576 4.04714 19.4144 
v -23.3127 4.01205 19.5841 
v -23.2314 4.01205 19.4319 
v -23.3937 4.11919 19.743 
v -23.3127 4.15427 19.5841 
v -23.3628 4.15427 19.7492 
v -23.3127 4.15427 19.5841 
v -23.2576 4.11919 19.4144 
v -23.2314 4.15427 19.4319 
v -21.6575 4.04714 19.572 
v -21.7417 4.04714 19.4144 
v -21.6502 4.08316 19.569 
v -21.7351 4.08316 19.41 
v -21.6056 4.04714 19.743 
v -21.6866 4.01205 19.5841 
v -21.6366 4.01205 19.7492 
v -21.7417 4.11919 19.4144 
v -21.6502 4.08316 19.569 
v -21.6575 4.11919 19.572 
v -21.6866 4.15427 19.5841 
v -21.6056 4.11919 19.743 
v -21.6366 4.15427 19.7492 
v -23.0061 3.25252 19.1629 
v -23.1219 3.2876 19.2986 
v -22.9886 3.2876 19.1891 
v -23.1443 3.25252 19.2762 
v -22.0108 3.2876 19.1891 
v -21.8774 3.2876 19.2986 
v -21.9932 3.25252 19.1629 
v -21.8551 3.25252 19.2762 
v -21.8774 3.2876 19.2986 
v -21.7417 3.25252 19.4144 
v -21.768 3.2876 19.4319 
v -23.4015 1.48316 20.1002 
v -23.4192 1.48316 19.9208 
v -23.3937 1.44713 20.0987 
v -23.4113 1.44713 19.9208 
v -23.3937 1.51918 20.0987 
v -23.4192 1.48316 19.9208 
v -23.3937 1.44713 19.743 
v -23.4113 1.51918 19.9208 
v -23.4015 1.48316 19.7414 
v -23.3937 1.51918 19.743 
v -23.4015 2.34982 20.1002 
v -23.4192 2.34982 19.9208 
v -23.3937 2.3138 20.0987 
v -23.4113 2.3138 19.9208 
v -23.3937 2.38585 20.0987 
v -23.4192 2.34982 19.9208 
v -23.3937 2.3138 19.743 
v -23.4113 2.38585 19.9208 
v -23.4015 2.34982 19.7414 
v -23.3937 2.38585 19.743 
v -21.5881 1.44713 19.9208 
v -21.6056 1.44713 19.743 
v -21.5802 1.48316 19.9208 
v -21.5978 1.48316 19.7414 
v -21.5802 1.48316 19.9208 
v -21.6056 1.44713 20.0987 
v -21.5978 1.48316 20.1002 
v -21.6056 1.51918 20.0987 
v -21.5881 1.51918 19.9208 
v -21.6056 1.51918 19.743 
v -21.5881 2.3138 19.9208 
v -21.6056 2.3138 19.743 
v -21.5802 2.34982 19.9208 
v -21.5978 2.34983 19.7414 
v -21.5802 2.34982 19.9208 
v -21.6056 2.3138 20.0987 
v -21.5978 2.34982 20.1002 
v -21.6056 2.38585 20.0987 
v -21.5881 2.38585 19.9208 
v -21.6056 2.38585 19.743 
v -23.4015 3.2165 20.1002 
v -23.4192 3.21649 19.9208 
v -23.3937 3.18047 20.0987 
v -23.4113 3.18047 19.9208 
v -23.3937 3.25252 20.0987 
v -23.4192 3.21649 19.9208 
v -23.3937 3.18047 19.743 
v -23.4113 3.25252 19.9208 
v -23.4015 3.21649 19.7414 
v -23.3937 3.25252 19.743 
v -21.5881 3.18047 19.9208 
v -21.6056 3.18047 19.743 
v -21.5802 3.21649 19.9208 
v -21.5978 3.21649 19.7414 
v -21.5802 3.21649 19.9208 
v -21.6056 3.18047 20.0987 
v -21.5978 3.21649 20.1002 
v -21.6056 3.25252 20.0987 
v -21.5881 3.25252 19.9208 
v -21.6056 3.25252 19.743 
v -23.4015 4.08316 20.1002 
v -23.4192 4.08316 19.9208 
v -23.3937 4.04714 20.0987 
v -23.4113 4.04714 19.9208 
v -23.3937 4.11919 20.0987 
v -23.4192 4.08316 19.9208 
v -23.3937 4.04714 19.743 
v -23.4113 4.11919 19.9208 
v -23.4015 4.08316 19.7414 
v -23.3937 4.11919 19.743 
v -21.5881 4.04714 19.9208 
v -21.6056 4.04714 19.743 
v -21.5802 4.08316 19.9208 
v -21.5978 4.08316 19.7414 
v -21.5802 4.08316 19.9208 
v -21.6056 4.04714 20.0987 
v -21.5978 4.08316 20.1002 
v -21.6056 4.11919 20.0987 
v -21.5881 4.11919 19.9208 
v -21.6056 4.11919 19.743 
v -23.4015 1.48316 19.7414 
v -23.3419 1.44713 19.572 
v -23.3937 1.44713 19.743 
v -23.3492 1.48316 19.569 
v -23.3628 1.41204 19.7492 
v -23.4113 1.44713 19.9208 
v -23.3797 1.41204 19.9208 
v -23.4015 1.48316 19.7414 
v -23.3419 1.51918 19.572 
v -23.3937 1.51918 19.743 
v -23.3628 1.41204 20.0925 
v -23.4113 1.44713 19.9208 
v -23.3937 1.44713 20.0987 
v -23.4113 1.51918 19.9208 
v -23.3628 1.55427 19.7492 
v -23.3797 1.55427 19.9208 
v -23.3419 1.44713 20.2697 
v -23.4015 1.48316 20.1002 
v -23.3492 1.48316 20.2727 
v -23.4113 1.51918 19.9208 
v -23.3628 1.55427 20.0925 
v -23.3937 1.51918 20.0987 
v -23.3419 1.51918 20.2697 
v -23.4015 1.48316 20.1002 
v -23.4015 2.34982 19.7414 
v -23.3419 2.3138 19.572 
v -23.3937 2.3138 19.743 
v -23.3492 2.34982 19.569 
v -23.3628 2.27871 19.7492 
v -23.4113 2.3138 19.9208 
v -23.3797 2.27871 19.9208 
v -23.4015 2.34982 19.7414 
v -23.3419 2.38585 19.572 
v -23.3937 2.38585 19.743 
v -23.3628 2.27871 20.0925 
v -23.4113 2.3138 19.9208 
v -23.3937 2.3138 20.0987 
v -23.4113 2.38585 19.9208 
v -23.3628 2.42093 19.7492 
v -23.3797 2.42093 19.9208 
v -23.3419 2.3138 20.2697 
v -23.4015 2.34982 20.1002 
v -23.3492 2.34982 20.2727 
v -23.4113 2.38585 19.9208 
v -23.3628 2.42093 20.0925 
v -23.3937 2.38585 20.0987 
v -23.3419 2.38585 20.2697 
v -23.4015 2.34982 20.1002 
v -21.6056 1.44713 19.743 
v -21.6575 1.44713 19.572 
v -21.5978 1.48316 19.7414 
v -21.6502 1.48316 19.569 
v -21.5881 1.44713 19.9208 
v -21.6366 1.41204 19.7492 
v -21.6197 1.41204 19.9208 
v -21.6575 1.51918 19.572 
v -21.5978 1.48316 19.7414 
v -21.6056 1.51918 19.743 
v -21.5881 1.44713 19.9208 
v -21.6366 1.41204 20.0925 
v -21.6056 1.44713 20.0987 
v -21.6366 1.55427 19.7492 
v -21.5881 1.51918 19.9208 
v -21.6197 1.55427 19.9208 
v -21.5978 1.48316 20.1002 
v -21.6575 1.44713 20.2697 
v -21.6502 1.48316 20.2727 
v -21.6366 1.55427 20.0925 
v -21.5881 1.51918 19.9208 
v -21.6056 1.51918 20.0987 
v -21.5978 1.48316 20.1002 
v -21.6575 1.51918 20.2697 
v -21.6056 2.3138 19.743 
v -21.6575 2.3138 19.572 
v -21.5978 2.34983 19.7414 
v -21.6502 2.34982 19.569 
v -21.5881 2.3138 19.9208 
v -21.6366 2.27871 19.7492 
v -21.6197 2.27871 19.9208 
v -21.6575 2.38585 19.572 
v -21.5978 2.34983 19.7414 
v -21.6056 2.38585 19.743 
v -21.5881 2.3138 19.9208 
v -21.6366 2.27871 20.0925 
v -21.6056 2.3138 20.0987 
v -21.6366 2.42093 19.7492 
v -21.5881 2.38585 19.9208 
v -21.6197 2.42094 19.9208 
v -21.5978 2.34982 20.1002 
v -21.6575 2.3138 20.2697 
v -21.6502 2.34983 20.2727 
v -21.6366 2.42094 20.0925 
v -21.5881 2.38585 19.9208 
v -21.6056 2.38585 20.0987 
v -21.5978 2.34982 20.1002 
v -21.6575 2.38585 20.2697 
v -23.4015 3.21649 19.7414 
v -23.3419 3.18047 19.572 
v -23.3937 3.18047 19.743 
v -23.3492 3.21649 19.569 
v -23.3628 3.14538 19.7492 
v -23.4113 3.18047 19.9208 
v -23.3797 3.14538 19.9208 
v -23.4015 3.21649 19.7414 
v -23.3419 3.25252 19.572 
v -23.3937 3.25252 19.743 
v -23.3628 3.14539 20.0925 
v -23.4113 3.18047 19.9208 
v -23.3937 3.18047 20.0987 
v -23.4113 3.25252 19.9208 
v -23.3628 3.28761 19.7492 
v -23.3797 3.28761 19.9208 
v -23.3419 3.18047 20.2697 
v -23.4015 3.2165 20.1002 
v -23.3492 3.21649 20.2727 
v -23.4113 3.25252 19.9208 
v -23.3628 3.2876 20.0925 
v -23.3937 3.25252 20.0987 
v -23.3419 3.25252 20.2697 
v -23.4015 3.2165 20.1002 
v -21.6056 3.18047 19.743 
v -21.6575 3.18047 19.572 
v -21.5978 3.21649 19.7414 
v -21.6502 3.21649 19.569 
v -21.5881 3.18047 19.9208 
v -21.6366 3.14538 19.7492 
v -21.6197 3.14538 19.9208 
v -21.6575 3.25252 19.572 
v -21.5978 3.21649 19.7414 
v -21.6056 3.25252 19.743 
v -21.5881 3.18047 19.9208 
v -21.6366 3.14538 20.0925 
v -21.6056 3.18047 20.0987 
v -21.6366 3.2876 19.7492 
v -21.5881 3.25252 19.9208 
v -21.6197 3.28761 19.9208 
v -21.5978 3.21649 20.1002 
v -21.6575 3.18047 20.2697 
v -21.6502 3.2165 20.2727 
v -21.6366 3.2876 20.0925 
v -21.5881 3.25252 19.9208 
v -21.6056 3.25252 20.0987 
v -21.5978 3.21649 20.1002 
v -21.6575 3.25252 20.2697 
v -23.4015 4.08316 19.7414 
v -23.3419 4.04714 19.572 
v -23.3937 4.04714 19.743 
v -23.3492 4.08316 19.569 
v -23.3628 4.01205 19.7492 
v -23.4113 4.04714 19.9208 
v -23.3797 4.01205 19.9208 
v -23.4015 4.08316 19.7414 
v -23.3419 4.11919 19.572 
v -23.3937 4.11919 19.743 
v -23.3628 4.01205 20.0925 
v -23.4113 4.04714 19.9208 
v -23.3937 4.04714 20.0987 
v -23.4113 4.11919 19.9208 
v -23.3628 4.15427 19.7492 
v -23.3797 4.15427 19.9208 
v -23.3419 4.04714 20.2697 
v -23.4015 4.08316 20.1002 
v -23.3492 4.08316 20.2727 
v -23.4113 4.11919 19.9208 
v -23.3628 4.15427 20.0925 
v -23.3937 4.11919 20.0987 
v -23.3419 4.11919 20.2697 
v -23.4015 4.08316 20.1002 
v -21.6056 4.04714 19.743 
v -21.6575 4.04714 19.572 
v -21.5978 4.08316 19.7414 
v -21.6502 4.08316 19.569 
v -21.5881 4.04714 19.9208 
v -21.6366 4.01205 19.7492 
v -21.6197 4.01205 19.9208 
v -21.6575 4.11919 19.572 
v -21.5978 4.08316 19.7414 
v -21.6056 4.11919 19.743 
v -21.5881 4.04714 19.9208 
v -21.6366 4.01205 20.0925 
v -21.6056 4.04714 20.0987 
v -21.6366 4.15427 19.7492 
v -21.5881 4.11919 19.9208 
v -21.6197 4.15427 19.9208 
v -21.5978 4.08316 20.1002 
v -21.6575 4.04714 20.2697 
v -21.6502 4.08316 20.2727 
v -21.6366 4.15427 20.0925 
v -21.5881 4.11919 19.9208 
v -21.6056 4.11919 20.0987 
v -21.5978 4.08316 20.1002 
v -21.6575 4.11919 20.2697 
v -22.4997 1.41204 20.76 
v -22.6552 1.43947 20.7029 
v -22.4997 1.43947 20.7183 
v -22.6634 1.41204 20.7438 
v -22.3441 1.43947 20.7029 
v -22.4997 1.41204 20.76 
v -22.336 1.41204 20.7438 
v -21.6575 3.18047 19.572 
v -21.7417 3.18047 19.4144 
v -21.6502 3.21649 19.569 
v -21.7351 3.21649 19.41 
v -21.7417 3.25252 19.4144 
v -21.6502 3.21649 19.569 
v -21.6575 3.25252 19.572 
v -21.6866 3.2876 19.5841 
v -21.6056 3.25252 19.743 
v -21.6366 3.2876 19.7492 
v -21.6866 3.14538 19.5841 
v -21.7417 3.18047 19.4144 
v -21.768 3.14538 19.4319 
v -21.6056 3.18047 19.743 
v -21.6866 3.14538 19.5841 
v -21.6366 3.14538 19.7492 
v -22.6634 1.41204 20.7438 
v -22.8048 1.43947 20.6576 
v -22.6552 1.43947 20.7029 
v -22.8208 1.41204 20.6961 
v -22.336 1.41204 20.7438 
v -22.1945 1.43947 20.6575 
v -22.1785 1.41204 20.6961 
v -22.3441 1.43947 20.7029 
v -22.9427 1.43947 20.5839 
v -22.8208 1.41204 20.6961 
v -22.9659 1.41204 20.6185 
v -22.8048 1.43947 20.6576 
v -22.0335 1.41204 20.6185 
v -22.1785 1.41204 20.6961 
v -22.0566 1.43947 20.5839 
v -22.1945 1.43947 20.6575 
v -21.7417 1.44713 20.4273 
v -21.6502 1.48316 20.2727 
v -21.7351 1.48316 20.4317 
v -21.6575 1.44713 20.2697 
v -21.6502 1.48316 20.2727 
v -21.7417 1.51918 20.4273 
v -21.6575 1.51918 20.2697 
v -21.7417 1.44713 20.4273 
v -21.6866 1.41204 20.2576 
v -21.768 1.41204 20.4097 
v -21.6866 1.41204 20.2576 
v -21.6056 1.44713 20.0987 
v -21.6366 1.41204 20.0925 
v -21.6056 1.51918 20.0987 
v -21.6866 1.55427 20.2576 
v -21.6366 1.55427 20.0925 
v -21.6866 1.55427 20.2576 
v -21.7417 1.51918 20.4273 
v -21.768 1.55427 20.4097 
v -21.7417 2.3138 20.4273 
v -21.6502 2.34983 20.2727 
v -21.7351 2.34982 20.4317 
v -21.6575 2.3138 20.2697 
v -21.6502 2.34983 20.2727 
v -21.7417 2.38585 20.4273 
v -21.6575 2.38585 20.2697 
v -21.7417 2.3138 20.4273 
v -21.6866 2.27871 20.2576 
v -21.768 2.27871 20.4097 
v -21.6866 2.27871 20.2576 
v -21.6056 2.3138 20.0987 
v -21.6366 2.27871 20.0925 
v -21.6866 2.42093 20.2576 
v -21.7417 2.38585 20.4273 
v -21.768 2.42094 20.4097 
v -21.6056 2.38585 20.0987 
v -21.6866 2.42093 20.2576 
v -21.6366 2.42094 20.0925 
v -23.2642 1.48316 20.4317 
v -23.3492 1.48316 20.2727 
v -23.2576 1.44713 20.4273 
v -23.3419 1.44713 20.2697 
v -23.2576 1.51918 20.4273 
v -23.3492 1.48316 20.2727 
v -23.3419 1.51918 20.2697 
v -23.3127 1.41204 20.2576 
v -23.2576 1.44713 20.4273 
v -23.2314 1.41204 20.4097 
v -23.3937 1.44713 20.0987 
v -23.3127 1.41204 20.2576 
v -23.3628 1.41204 20.0925 
v -23.3127 1.55427 20.2576 
v -23.3937 1.51918 20.0987 
v -23.3628 1.55427 20.0925 
v -23.2576 1.51918 20.4273 
v -23.3127 1.55427 20.2576 
v -23.2314 1.55427 20.4097 
v -23.2642 2.34982 20.4317 
v -23.3492 2.34982 20.2727 
v -23.2576 2.3138 20.4273 
v -23.3419 2.3138 20.2697 
v -23.2576 2.38585 20.4273 
v -23.3492 2.34982 20.2727 
v -23.3419 2.38585 20.2697 
v -23.3127 2.27871 20.2576 
v -23.2576 2.3138 20.4273 
v -23.2314 2.27871 20.4097 
v -23.3937 2.3138 20.0987 
v -23.3127 2.27871 20.2576 
v -23.3628 2.27871 20.0925 
v -23.2576 2.38585 20.4273 
v -23.3127 2.42093 20.2576 
v -23.2314 2.42093 20.4097 
v -23.3127 2.42093 20.2576 
v -23.3937 2.38585 20.0987 
v -23.3628 2.42093 20.0925 
v -21.7417 3.18047 20.4273 
v -21.6502 3.2165 20.2727 
v -21.7351 3.21649 20.4317 
v -21.6575 3.18047 20.2697 
v -21.6502 3.2165 20.2727 
v -21.7417 3.25252 20.4273 
v -21.6575 3.25252 20.2697 
v -21.7417 3.18047 20.4273 
v -21.6866 3.14538 20.2576 
v -21.768 3.14539 20.4097 
v -21.6866 3.14538 20.2576 
v -21.6056 3.18047 20.0987 
v -21.6366 3.14538 20.0925 
v -21.6866 3.2876 20.2576 
v -21.7417 3.25252 20.4273 
v -21.768 3.2876 20.4097 
v -21.6056 3.25252 20.0987 
v -21.6866 3.2876 20.2576 
v -21.6366 3.2876 20.0925 
v -23.2642 3.2165 20.4317 
v -23.3492 3.21649 20.2727 
v -23.2576 3.18047 20.4273 
v -23.3419 3.18047 20.2697 
v -23.2576 3.25252 20.4273 
v -23.3492 3.21649 20.2727 
v -23.3419 3.25252 20.2697 
v -23.3127 3.14538 20.2576 
v -23.2576 3.18047 20.4273 
v -23.2314 3.14538 20.4097 
v -23.3937 3.18047 20.0987 
v -23.3127 3.14538 20.2576 
v -23.3628 3.14539 20.0925 
v -23.2576 3.25252 20.4273 
v -23.3127 3.2876 20.2576 
v -23.2314 3.2876 20.4097 
v -23.3127 3.2876 20.2576 
v -23.3937 3.25252 20.0987 
v -23.3628 3.2876 20.0925 
v -21.7417 4.04714 20.4273 
v -21.6502 4.08316 20.2727 
v -21.7351 4.08316 20.4317 
v -21.6575 4.04714 20.2697 
v -21.6502 4.08316 20.2727 
v -21.7417 4.11919 20.4273 
v -21.6575 4.11919 20.2697 
v -21.7417 4.04714 20.4273 
v -21.6866 4.01205 20.2576 
v -21.768 4.01205 20.4097 
v -21.6866 4.01205 20.2576 
v -21.6056 4.04714 20.0987 
v -21.6366 4.01205 20.0925 
v -21.6866 4.15427 20.2576 
v -21.7417 4.11919 20.4273 
v -21.768 4.15427 20.4097 
v -21.6056 4.11919 20.0987 
v -21.6866 4.15427 20.2576 
v -21.6366 4.15427 20.0925 
v -23.2642 4.08316 20.4317 
v -23.3492 4.08316 20.2727 
v -23.2576 4.04714 20.4273 
v -23.3419 4.04714 20.2697 
v -23.2576 4.11919 20.4273 
v -23.3492 4.08316 20.2727 
v -23.3419 4.11919 20.2697 
v -23.3127 4.01205 20.2576 
v -23.2576 4.04714 20.4273 
v -23.2314 4.01205 20.4097 
v -23.3937 4.04714 20.0987 
v -23.3127 4.01205 20.2576 
v -23.3628 4.01205 20.0925 
v -23.2576 4.11919 20.4273 
v -23.3127 4.15427 20.2576 
v -23.2314 4.15427 20.4097 
v -23.3127 4.15427 20.2576 
v -23.3937 4.11919 20.0987 
v -23.3628 4.15427 20.0925 
v -23.0635 1.43947 20.4847 
v -22.9659 1.41204 20.6185 
v -23.093 1.41204 20.5142 
v -22.9427 1.43947 20.5839 
v -21.9063 1.41204 20.5142 
v -22.0335 1.41204 20.6185 
v -21.9358 1.43947 20.4847 
v -22.0566 1.43947 20.5839 
v -23.093 1.41204 20.5142 
v -23.1627 1.43947 20.3639 
v -23.0635 1.43947 20.4847 
v -23.1974 1.41204 20.387 
v -21.802 1.41204 20.387 
v -21.9063 1.41204 20.5142 
v -21.8366 1.43947 20.3639 
v -21.9358 1.43947 20.4847 
v -21.8551 3.25252 20.5654 
v -21.9888 3.21649 20.6854 
v -21.8495 3.21649 20.571 
v -21.9932 3.25252 20.6788 
v -21.768 3.2876 20.4097 
v -21.8551 3.25252 20.5654 
v -21.7417 3.25252 20.4273 
v -21.8774 3.2876 20.5431 
v -22.0108 3.2876 20.6525 
v -21.8551 3.25252 20.5654 
v -22.0108 3.2876 20.6525 
v -22.1508 3.25252 20.763 
v -22.1629 3.2876 20.7338 
v -23.1443 3.25252 20.5654 
v -23.2642 3.2165 20.4317 
v -23.1498 3.21649 20.571 
v -23.2576 3.25252 20.4273 
v -23.1443 3.25252 20.5654 
v -23.2314 3.2876 20.4097 
v -23.1219 3.2876 20.5431 
v -23.1443 3.25252 20.5654 
v -22.9886 3.2876 20.6525 
v -23.0061 3.25252 20.6788 
v -22.8485 3.25252 20.763 
v -22.9886 3.2876 20.6525 
v -22.8364 3.2876 20.7338 
v -23.1974 1.41204 20.387 
v -23.2364 1.43947 20.226 
v -23.1627 1.43947 20.3639 
v -23.2749 1.41204 20.2419 
v -21.7244 1.41204 20.2419 
v -21.802 1.41204 20.387 
v -21.7629 1.43947 20.226 
v -21.8366 1.43947 20.3639 
v -21.6767 1.41204 20.0845 
v -21.7244 1.41204 20.2419 
v -21.7176 1.43947 20.0764 
v -21.7629 1.43947 20.226 
v -23.2749 1.41204 20.2419 
v -23.2818 1.43947 20.0764 
v -23.2364 1.43947 20.226 
v -23.3227 1.41204 20.0845 
v -21.8551 1.44713 20.5654 
v -21.7351 1.48316 20.4317 
v -21.8495 1.48316 20.571 
v -21.7417 1.44713 20.4273 
v -21.8551 1.44713 20.5654 
v -21.768 1.41204 20.4097 
v -21.8774 1.41204 20.5431 
v -21.8551 1.51918 20.5654 
v -21.9888 1.48316 20.6854 
v -21.9932 1.51918 20.6788 
v -22.0108 1.55427 20.6525 
v -22.1508 1.51918 20.763 
v -22.1629 1.55427 20.7338 
v -21.7351 1.48316 20.4317 
v -21.8551 1.51918 20.5654 
v -21.7417 1.51918 20.4273 
v -21.9888 1.48316 20.6854 
v -21.8551 1.44713 20.5654 
v -21.9932 1.44713 20.6788 
v -21.768 1.55427 20.4097 
v -21.8551 1.51918 20.5654 
v -21.8774 1.55427 20.5431 
v -22.1508 1.44713 20.763 
v -22.0108 1.41204 20.6525 
v -22.1629 1.41204 20.7338 
v -23.0105 1.48316 20.6854 
v -23.1443 1.44713 20.5654 
v -23.0061 1.44713 20.6788 
v -23.1498 1.48316 20.571 
v -22.9886 1.41204 20.6525 
v -22.8485 1.44713 20.763 
v -22.8364 1.41204 20.7338 
v -23.1443 1.51918 20.5654 
v -23.2642 1.48316 20.4317 
v -23.2576 1.51918 20.4273 
v -23.1443 1.51918 20.5654 
v -23.2314 1.55427 20.4097 
v -23.1219 1.55427 20.5431 
v -23.0105 1.48316 20.6854 
v -23.1443 1.51918 20.5654 
v -23.0061 1.51918 20.6788 
v -23.2642 1.48316 20.4317 
v -23.1443 1.44713 20.5654 
v -23.2576 1.44713 20.4273 
v -22.8485 1.51918 20.763 
v -22.9886 1.55427 20.6525 
v -22.8364 1.55427 20.7338 
v -23.2314 1.41204 20.4097 
v -23.1443 1.44713 20.5654 
v -23.1219 1.41204 20.5431 
v -21.7176 1.43947 20.0764 
v -21.7022 1.43947 19.9208 
v -21.6767 1.41204 20.0845 
v -21.6605 1.41204 19.9208 
v -23.3227 1.41204 20.0845 
v -23.2971 1.43947 19.9208 
v -23.2818 1.43947 20.0764 
v -23.3388 1.41204 19.9208 
v -22.4997 1.48316 20.8403 
v -22.3218 1.44713 20.8149 
v -22.3203 1.48316 20.8227 
v -22.4997 1.44713 20.8324 
v -22.3218 1.51918 20.8149 
v -22.4997 1.48316 20.8403 
v -22.6775 1.44713 20.8149 
v -22.4997 1.51918 20.8324 
v -22.679 1.48316 20.8227 
v -22.6775 1.51918 20.8149 
v -22.4997 2.34982 20.8403 
v -22.3218 2.3138 20.8149 
v -22.3203 2.34982 20.8227 
v -22.4997 2.3138 20.8324 
v -22.3218 2.38585 20.8149 
v -22.4997 2.34982 20.8403 
v -22.6775 2.3138 20.8149 
v -22.4997 2.38585 20.8324 
v -22.679 2.34982 20.8227 
v -22.6775 2.38585 20.8149 
v -22.4997 3.21649 20.8403 
v -22.3218 3.18047 20.8149 
v -22.3203 3.21649 20.8227 
v -22.4997 3.18047 20.8324 
v -22.3218 3.25252 20.8149 
v -22.4997 3.21649 20.8403 
v -22.6775 3.18047 20.8149 
v -22.4997 3.25252 20.8324 
v -22.679 3.21649 20.8227 
v -22.6775 3.25252 20.8149 
v -22.4997 4.08316 20.8403 
v -22.3218 4.04714 20.8149 
v -22.3203 4.08316 20.8227 
v -22.4997 4.04714 20.8324 
v -22.3218 4.11919 20.8149 
v -22.4997 4.08316 20.8403 
v -22.6775 4.04714 20.8149 
v -22.4997 4.11919 20.8324 
v -22.679 4.08316 20.8227 
v -22.6775 4.11919 20.8149 
v -22.1478 1.48316 20.7703 
v -21.9932 1.44713 20.6788 
v -21.9888 1.48316 20.6854 
v -22.1508 1.44713 20.763 
v -21.9932 1.51918 20.6788 
v -22.1478 1.48316 20.7703 
v -22.1508 1.51918 20.763 
v -22.3218 1.44713 20.8149 
v -22.1629 1.41204 20.7338 
v -22.328 1.41204 20.7839 
v -22.1629 1.55427 20.7338 
v -22.3218 1.51918 20.8149 
v -22.328 1.55427 20.7839 
v -22.1478 2.34982 20.7703 
v -21.9932 2.3138 20.6788 
v -21.9888 2.34982 20.6854 
v -22.1508 2.3138 20.763 
v -21.9932 2.38585 20.6788 
v -22.1478 2.34982 20.7703 
v -22.1508 2.38585 20.763 
v -22.3218 2.3138 20.8149 
v -22.1629 2.27871 20.7338 
v -22.328 2.27871 20.7839 
v -22.1629 2.42093 20.7338 
v -22.3218 2.38585 20.8149 
v -22.328 2.42094 20.7839 
v -22.8515 1.48316 20.7703 
v -23.0061 1.44713 20.6788 
v -22.8485 1.44713 20.763 
v -23.0105 1.48316 20.6854 
v -22.8364 1.41204 20.7338 
v -22.6775 1.44713 20.8149 
v -22.6713 1.41204 20.7839 
v -22.8515 1.48316 20.7703 
v -23.0061 1.51918 20.6788 
v -22.8485 1.51918 20.763 
v -22.6775 1.51918 20.8149 
v -22.8364 1.55427 20.7338 
v -22.6713 1.55427 20.7839 
v -22.8515 2.34982 20.7703 
v -23.0061 2.3138 20.6788 
v -22.8485 2.3138 20.763 
v -23.0105 2.34983 20.6854 
v -22.8364 2.27871 20.7338 
v -22.6775 2.3138 20.8149 
v -22.6713 2.27871 20.7839 
v -22.8515 2.34982 20.7703 
v -23.0061 2.38585 20.6788 
v -22.8485 2.38585 20.763 
v -22.6775 2.38585 20.8149 
v -22.8364 2.42093 20.7338 
v -22.6713 2.42093 20.7839 
v -22.1478 3.2165 20.7703 
v -21.9932 3.18047 20.6788 
v -21.9888 3.21649 20.6854 
v -22.1508 3.18047 20.763 
v -21.9932 3.25252 20.6788 
v -22.1478 3.2165 20.7703 
v -22.1508 3.25252 20.763 
v -22.3218 3.18047 20.8149 
v -22.1629 3.14538 20.7338 
v -22.328 3.14538 20.7839 
v -22.1629 3.2876 20.7338 
v -22.3218 3.25252 20.8149 
v -22.328 3.2876 20.7839 
v -22.8515 3.21649 20.7703 
v -23.0061 3.18047 20.6788 
v -22.8485 3.18047 20.763 
v -23.0105 3.2165 20.6854 
v -22.8364 3.14538 20.7338 
v -22.6775 3.18047 20.8149 
v -22.6713 3.14538 20.7839 
v -22.8515 3.21649 20.7703 
v -23.0061 3.25252 20.6788 
v -22.8485 3.25252 20.763 
v -22.6775 3.25252 20.8149 
v -22.8364 3.2876 20.7338 
v -22.6713 3.2876 20.7839 
v -22.1478 4.08316 20.7703 
v -21.9932 4.04714 20.6788 
v -21.9888 4.08316 20.6854 
v -22.1508 4.04714 20.763 
v -21.9932 4.11919 20.6788 
v -22.1478 4.08316 20.7703 
v -22.1508 4.11919 20.763 
v -22.3218 4.04714 20.8149 
v -22.1629 4.01205 20.7338 
v -22.328 4.01205 20.7839 
v -22.1629 4.15427 20.7338 
v -22.3218 4.11919 20.8149 
v -22.328 4.15427 20.7839 
v -22.8515 4.08316 20.7703 
v -23.0061 4.04714 20.6788 
v -22.8485 4.04714 20.763 
v -23.0105 4.08316 20.6854 
v -22.8364 4.01205 20.7338 
v -22.6775 4.04714 20.8149 
v -22.6713 4.01205 20.7839 
v -22.8515 4.08316 20.7703 
v -23.0061 4.11919 20.6788 
v -22.8485 4.11919 20.763 
v -22.6775 4.11919 20.8149 
v -22.8364 4.15427 20.7338 
v -22.6713 4.15427 20.7839 
v -21.7022 1.43947 19.9208 
v -21.7176 1.43947 19.7653 
v -21.6605 1.41204 19.9208 
v -21.6767 1.41204 19.7571 
v -23.3388 1.41204 19.9208 
v -23.2818 1.43947 19.7653 
v -23.2971 1.43947 19.9208 
v -23.3227 1.41204 19.7571 
v -23.1974 1.41204 19.4546 
v -23.2364 1.43947 19.6157 
v -23.2749 1.41204 19.5997 
v -23.1627 1.43947 19.4778 
v -23.2364 1.43947 19.6157 
v -23.3227 1.41204 19.7571 
v -23.2818 1.43947 19.7653 
v -21.6767 1.41204 19.7571 
v -21.7629 1.43947 19.6157 
v -21.7244 1.41204 19.5997 
v -21.7176 1.43947 19.7653 
v -21.6575 2.3138 19.572 
v -21.7417 2.3138 19.4144 
v -21.6502 2.34982 19.569 
v -21.7351 2.34982 19.41 
v -21.6056 2.3138 19.743 
v -21.6866 2.27871 19.5841 
v -21.6366 2.27871 19.7492 
v -21.7417 2.38585 19.4144 
v -21.6502 2.34982 19.569 
v -21.6575 2.38585 19.572 
v -21.7417 2.38585 19.4144 
v -21.6866 2.42094 19.5841 
v -21.768 2.42093 19.4319 
v -21.6866 2.42094 19.5841 
v -21.6056 2.38585 19.743 
v -21.6366 2.42093 19.7492 
v -21.7244 1.41204 19.5997 
v -21.8366 1.43947 19.4778 
v -21.802 1.41204 19.4546 
v -21.7629 1.43947 19.6157 
v -22.3203 1.48316 20.8227 
v -22.1508 1.44713 20.763 
v -22.1478 1.48316 20.7703 
v -22.3218 1.44713 20.8149 
v -22.1508 1.51918 20.763 
v -22.3203 1.48316 20.8227 
v -22.3218 1.51918 20.8149 
v -22.4997 1.44713 20.8324 
v -22.328 1.41204 20.7839 
v -22.4997 1.41204 20.8008 
v -22.328 1.55427 20.7839 
v -22.4997 1.51918 20.8324 
v -22.4997 1.55427 20.8008 
v -22.4997 1.44713 20.8324 
v -22.6713 1.41204 20.7839 
v -22.6775 1.44713 20.8149 
v -22.6713 1.55427 20.7839 
v -22.4997 1.51918 20.8324 
v -22.6775 1.51918 20.8149 
v -22.679 1.48316 20.8227 
v -22.8485 1.44713 20.763 
v -22.8515 1.48316 20.7703 
v -22.8485 1.51918 20.763 
v -22.679 1.48316 20.8227 
v -22.3203 2.34982 20.8227 
v -22.1508 2.3138 20.763 
v -22.1478 2.34982 20.7703 
v -22.3218 2.3138 20.8149 
v -22.1508 2.38585 20.763 
v -22.3203 2.34982 20.8227 
v -22.3218 2.38585 20.8149 
v -22.4997 2.3138 20.8324 
v -22.328 2.27871 20.7839 
v -22.4997 2.27871 20.8008 
v -22.328 2.42094 20.7839 
v -22.4997 2.38585 20.8324 
v -22.4997 2.42093 20.8008 
v -22.4997 2.3138 20.8324 
v -22.6713 2.27871 20.7839 
v -22.6775 2.3138 20.8149 
v -22.6713 2.42093 20.7839 
v -22.4997 2.38585 20.8324 
v -22.6775 2.38585 20.8149 
v -22.679 2.34982 20.8227 
v -22.8485 2.3138 20.763 
v -22.8515 2.34982 20.7703 
v -22.8485 2.38585 20.763 
v -22.679 2.34982 20.8227 
v -22.3203 3.21649 20.8227 
v -22.1508 3.18047 20.763 
v -22.1478 3.2165 20.7703 
v -22.3218 3.18047 20.8149 
v -22.1508 3.25252 20.763 
v -22.3203 3.21649 20.8227 
v -22.3218 3.25252 20.8149 
v -22.4997 3.18047 20.8324 
v -22.328 3.14538 20.7839 
v -22.4997 3.14538 20.8008 
v -22.328 3.2876 20.7839 
v -22.4997 3.25252 20.8324 
v -22.4997 3.28761 20.8008 
v -22.4997 3.18047 20.8324 
v -22.6713 3.14538 20.7839 
v -22.6775 3.18047 20.8149 
v -22.6713 3.2876 20.7839 
v -22.4997 3.25252 20.8324 
v -22.6775 3.25252 20.8149 
v -22.679 3.21649 20.8227 
v -22.8485 3.18047 20.763 
v -22.8515 3.21649 20.7703 
v -22.8485 3.25252 20.763 
v -22.679 3.21649 20.8227 
v -22.3203 4.08316 20.8227 
v -22.1508 4.04714 20.763 
v -22.1478 4.08316 20.7703 
v -22.3218 4.04714 20.8149 
v -22.1508 4.11919 20.763 
v -22.3203 4.08316 20.8227 
v -22.3218 4.11919 20.8149 
v -22.4997 4.04714 20.8324 
v -22.328 4.01205 20.7839 
v -22.4997 4.01205 20.8008 
v -22.328 4.15427 20.7839 
v -22.4997 4.11919 20.8324 
v -22.4997 4.15427 20.8008 
v -22.4997 4.04714 20.8324 
v -22.6713 4.01205 20.7839 
v -22.6775 4.04714 20.8149 
v -22.6713 4.15427 20.7839 
v -22.4997 4.11919 20.8324 
v -22.6775 4.11919 20.8149 
v -22.679 4.08316 20.8227 
v -22.8485 4.04714 20.763 
v -22.8515 4.08316 20.7703 
v -22.8485 4.11919 20.763 
v -22.679 4.08316 20.8227 
v -22.9427 1.43947 19.2578 
v -23.093 1.41204 19.3275 
v -22.9659 1.41204 19.2231 
v -23.0635 1.43947 19.357 
v -23.1627 1.43947 19.4778 
v -23.093 1.41204 19.3275 
v -23.1974 1.41204 19.4546 
v -21.802 1.41204 19.4546 
v -21.9358 1.43947 19.357 
v -21.9063 1.41204 19.3275 
v -21.8366 1.43947 19.4778 
v -21.9063 1.41204 19.3275 
v -22.0566 1.43947 19.2578 
v -22.0335 1.41204 19.2231 
v -21.9358 1.43947 19.357 
v -22.0566 1.43947 19.2578 
v -22.1785 1.41204 19.1456 
v -22.1945 1.43947 19.1841 
v -22.6552 1.43947 19.1387 
v -22.8048 1.43947 19.1841 
v -22.6634 1.41204 19.0978 
v -22.8208 1.41204 19.1456 
v -22.8048 1.43947 19.1841 
v -22.9659 1.41204 19.2231 
v -22.9427 1.43947 19.2578 
v -22.336 1.41204 19.0978 
v -22.1945 1.43947 19.1841 
v -22.3441 1.43947 19.1387 
v -22.1785 1.41204 19.1456 
v -22.6634 1.41204 19.0978 
v -22.4997 1.41204 19.0817 
v -22.6552 1.43947 19.1387 
v -22.4997 1.43947 19.1234 
v -22.4997 1.41204 19.0817 
v -22.3441 1.43947 19.1387 
v -22.4997 1.43947 19.1234 
v -22.336 1.41204 19.0978 
v -23.0105 3.2165 20.6854 
v -23.1443 3.18047 20.5654 
v -23.0061 3.18047 20.6788 
v -22.9886 3.14538 20.6525 
v -22.8485 3.18047 20.763 
v -22.8364 3.14538 20.7338 
v -22.9886 3.14538 20.6525 
v -23.1443 3.18047 20.5654 
v -23.1219 3.14538 20.5431 
v -23.1443 3.18047 20.5654 
v -23.2314 3.14538 20.4097 
v -23.2576 3.18047 20.4273 
v -23.1443 3.18047 20.5654 
v -23.2642 3.2165 20.4317 
v -23.0105 3.2165 20.6854 
v -23.1443 3.25252 20.5654 
v -21.8551 3.18047 20.5654 
v -21.7351 3.21649 20.4317 
v -21.7417 3.18047 20.4273 
v -21.8551 3.18047 20.5654 
v -21.768 3.14539 20.4097 
v -21.8774 3.14538 20.5431 
v -21.8551 3.18047 20.5654 
v -22.0108 3.14538 20.6525 
v -21.9932 3.18047 20.6788 
v -21.8551 3.18047 20.5654 
v -21.9888 3.21649 20.6854 
v -22.1508 3.18047 20.763 
v -22.0108 3.14538 20.6525 
v -22.1629 3.14538 20.7338 
v -21.7351 3.21649 20.4317 
v -21.8551 3.25252 20.5654 
v -22.4997 4.15427 20.76 
v -22.3441 4.12685 20.7029 
v -22.4997 4.12685 20.7183 
v -22.336 4.15427 20.7438 
v -22.6552 4.12685 20.7029 
v -22.4997 4.15427 20.76 
v -22.6634 4.15427 20.7438 
v -22.336 4.15427 20.7438 
v -22.1945 4.12685 20.6575 
v -22.3441 4.12685 20.7029 
v -22.1785 4.15427 20.6961 
v -22.6634 4.15427 20.7438 
v -22.8048 4.12685 20.6576 
v -22.8208 4.15427 20.6961 
v -22.6552 4.12685 20.7029 
v -22.0566 4.12685 20.5839 
v -22.1785 4.15427 20.6961 
v -22.0335 4.15427 20.6185 
v -22.1945 4.12685 20.6575 
v -22.9659 4.15427 20.6185 
v -22.8208 4.15427 20.6961 
v -22.9427 4.12685 20.5839 
v -22.8048 4.12685 20.6576 
v -21.9358 4.12685 20.4847 
v -22.0335 4.15427 20.6185 
v -21.9063 4.15427 20.5142 
v -22.0566 4.12685 20.5839 
v -23.093 4.15427 20.5142 
v -22.9659 4.15427 20.6185 
v -23.0635 4.12685 20.4847 
v -22.9427 4.12685 20.5839 
v -21.9932 3.18047 19.1629 
v -21.8774 3.14538 19.2986 
v -22.0108 3.14538 19.1891 
v -21.8551 3.18047 19.2762 
v -22.9886 3.14538 19.1891 
v -23.1219 3.14538 19.2986 
v -23.0061 3.18047 19.1629 
v -23.1443 3.18047 19.2762 
v -21.9063 4.15427 20.5142 
v -21.8366 4.12685 20.3639 
v -21.9358 4.12685 20.4847 
v -21.802 4.15427 20.387 
v -23.1974 4.15427 20.387 
v -23.093 4.15427 20.5142 
v -23.1627 4.12685 20.3639 
v -23.0635 4.12685 20.4847 
v -21.802 4.15427 20.387 
v -21.7629 4.12685 20.226 
v -21.8366 4.12685 20.3639 
v -21.7244 4.15427 20.2419 
v -23.2749 4.15427 20.2419 
v -23.1974 4.15427 20.387 
v -23.2364 4.12685 20.226 
v -23.1627 4.12685 20.3639 
v -23.3227 4.15427 20.0845 
v -23.2749 4.15427 20.2419 
v -23.2818 4.12685 20.0764 
v -23.2364 4.12685 20.226 
v -21.7244 4.15427 20.2419 
v -21.7176 4.12685 20.0764 
v -21.7629 4.12685 20.226 
v -21.6767 4.15427 20.0845 
v -23.2818 4.12685 20.0764 
v -23.2971 4.12685 19.9208 
v -23.3227 4.15427 20.0845 
v -23.3388 4.15427 19.9208 
v -21.6767 4.15427 20.0845 
v -21.7022 4.12685 19.9208 
v -21.7176 4.12685 20.0764 
v -21.6605 4.15427 19.9208 
v -23.2971 4.12685 19.9208 
v -23.2818 4.12685 19.7653 
v -23.3388 4.15427 19.9208 
v -23.3227 4.15427 19.7571 
v -21.6605 4.15427 19.9208 
v -21.7176 4.12685 19.7653 
v -21.7022 4.12685 19.9208 
v -21.6767 4.15427 19.7571 
v -21.802 4.15427 19.4546 
v -21.9358 4.12685 19.357 
v -21.8366 4.12685 19.4778 
v -21.9063 4.15427 19.3275 
v -21.7629 4.12685 19.6157 
v -21.802 4.15427 19.4546 
v -21.7244 4.15427 19.5997 
v -21.7629 4.12685 19.6157 
v -21.6767 4.15427 19.7571 
v -21.7176 4.12685 19.7653 
v -23.3227 4.15427 19.7571 
v -23.2364 4.12685 19.6157 
v -23.2749 4.15427 19.5997 
v -23.2818 4.12685 19.7653 
v -23.2749 4.15427 19.5997 
v -23.1627 4.12685 19.4778 
v -23.1974 4.15427 19.4546 
v -23.2364 4.12685 19.6157 
v -23.1974 4.15427 19.4546 
v -23.0635 4.12685 19.357 
v -23.093 4.15427 19.3275 
v -23.1627 4.12685 19.4778 
v -22.1945 4.12685 19.1841 
v -22.0566 4.12685 19.2578 
v -22.1785 4.15427 19.1456 
v -22.0335 4.15427 19.2231 
v -22.0566 4.12685 19.2578 
v -21.9063 4.15427 19.3275 
v -21.9358 4.12685 19.357 
v -23.093 4.15427 19.3275 
v -22.9427 4.12685 19.2578 
v -22.9659 4.15427 19.2231 
v -23.0635 4.12685 19.357 
v -22.8208 4.15427 19.1456 
v -22.9659 4.15427 19.2231 
v -22.8048 4.12685 19.1841 
v -22.9427 4.12685 19.2578 
v -22.8048 4.12685 19.1841 
v -22.6634 4.15427 19.0978 
v -22.6552 4.12685 19.1387 
v -22.3441 4.12685 19.1387 
v -22.1945 4.12685 19.1841 
v -22.336 4.15427 19.0978 
v -22.1785 4.15427 19.1456 
v -22.336 4.15427 19.0978 
v -22.4997 4.15427 19.0817 
v -22.3441 4.12685 19.1387 
v -22.4997 4.12685 19.1234 
v -22.4997 4.15427 19.0817 
v -22.6552 4.12685 19.1387 
v -22.4997 4.12685 19.1234 
v -22.6634 4.15427 19.0978 
v -21.8551 2.38585 20.5654 
v -21.9888 2.34982 20.6854 
v -21.9932 2.38585 20.6788 
v -21.768 2.42094 20.4097 
v -21.8551 2.38585 20.5654 
v -21.8774 2.42093 20.5431 
v -22.0108 2.42093 20.6525 
v -21.8551 2.38585 20.5654 
v -22.0108 2.42093 20.6525 
v -22.1508 2.38585 20.763 
v -22.1629 2.42093 20.7338 
v -23.0061 2.38585 19.1629 
v -23.1219 2.42093 19.2986 
v -22.9886 2.42093 19.1891 
v -23.1443 2.38585 19.2762 
v -22.0108 2.42093 19.1891 
v -21.8774 2.42094 19.2986 
v -21.9932 2.38585 19.1629 
v -21.8551 2.38585 19.2762 
v -23.1443 2.38585 20.5654 
v -23.2642 2.34982 20.4317 
v -23.2576 2.38585 20.4273 
v -23.1443 2.38585 20.5654 
v -23.2314 2.42093 20.4097 
v -23.1219 2.42093 20.5431 
v -23.1443 2.38585 20.5654 
v -22.9886 2.42093 20.6525 
v -22.8485 2.38585 20.763 
v -22.9886 2.42093 20.6525 
v -22.8364 2.42093 20.7338 
v -23.0105 4.08316 20.6854 
v -23.1443 4.04714 20.5654 
v -23.0061 4.04714 20.6788 
v -22.9886 4.01205 20.6525 
v -22.8485 4.04714 20.763 
v -22.8364 4.01205 20.7338 
v -22.9886 4.01205 20.6525 
v -23.1443 4.04714 20.5654 
v -23.1219 4.01205 20.5431 
v -23.1443 4.04714 20.5654 
v -23.2314 4.01205 20.4097 
v -23.2576 4.04714 20.4273 
v -23.1443 4.04714 20.5654 
v -23.2642 4.08316 20.4317 
v -23.0105 4.08316 20.6854 
v -23.1443 4.11919 20.5654 
v -21.8551 4.04714 20.5654 
v -21.7351 4.08316 20.4317 
v -21.7417 4.04714 20.4273 
v -21.8551 4.04714 20.5654 
v -21.768 4.01205 20.4097 
v -21.8774 4.01205 20.5431 
v -21.8551 4.04714 20.5654 
v -22.0108 4.01205 20.6525 
v -21.9932 4.04714 20.6788 
v -21.8551 4.04714 20.5654 
v -21.9888 4.08316 20.6854 
v -22.1508 4.04714 20.763 
v -22.0108 4.01205 20.6525 
v -22.1629 4.01205 20.7338 
v -21.7351 4.08316 20.4317 
v -21.8551 4.11919 20.5654 
v -22.4069 4.10823 20.6235 
v -22.4268 4.14476 20.6398 
v -22.4268 4.10823 20.6398 
v -22.4495 4.14476 20.6519 
v -22.4495 4.10823 20.6519 
v -22.4741 4.14476 20.6593 
v -22.4741 4.10823 20.6593 
v -22.4997 4.14476 20.6619 
v -22.4997 4.10823 20.6619 
v -22.5253 4.14476 20.6593 
v -22.5253 4.10823 20.6593 
v -22.5499 4.14476 20.6519 
v -22.5499 4.10823 20.6519 
v -22.5725 4.14476 20.6398 
v -22.5725 4.10823 20.6398 
v -22.5924 4.14476 20.6235 
v -22.5924 4.10823 20.6235 
v -22.6087 4.14476 20.6036 
v -22.6087 4.10823 20.6036 
v -22.6208 4.14476 20.5809 
v -22.6208 4.10823 20.5809 
v -22.6283 4.14476 20.5563 
v -22.6283 4.10823 20.5563 
v -22.6308 4.14476 20.5307 
v -22.6308 4.10823 20.5307 
v -22.6283 4.14476 20.5051 
v -22.6283 4.10823 20.5051 
v -22.6208 4.14476 20.4805 
v -22.6208 4.10823 20.4805 
v -22.6087 4.14476 20.4578 
v -22.6087 4.10823 20.4578 
v -22.5924 4.14476 20.438 
v -22.5924 4.10823 20.438 
v -22.5725 4.14476 20.4216 
v -22.5725 4.10823 20.4216 
v -22.5499 4.14476 20.4095 
v -22.5499 4.10823 20.4095 
v -22.5253 4.14476 20.4021 
v -22.5253 4.10823 20.4021 
v -22.4997 4.14476 20.3995 
v -22.4997 4.10823 20.3995 
v -21.6866 3.14538 20.2576 
v -21.6866 2.42093 20.2576 
v -21.6366 2.42094 20.0925 
v -21.768 2.42094 20.4097 
v -21.6366 3.14538 20.0925 
v -21.768 3.14539 20.4097 
v -21.6197 3.14538 19.9208 
v -21.8774 3.14538 20.5431 
v -21.6197 2.42094 19.9208 
v -21.8774 2.42093 20.5431 
v -21.6366 3.14538 19.7492 
v -22.0108 3.14538 20.6525 
v -21.6366 2.42093 19.7492 
v -22.0108 2.42093 20.6525 
v -21.6866 2.42094 19.5841 
v -22.1629 3.14538 20.7338 
v -21.6866 3.14538 19.5841 
v -22.1629 2.42093 20.7338 
v -21.768 3.14538 19.4319 
v -22.328 2.42094 20.7839 
v -21.768 2.42093 19.4319 
v -22.328 3.14538 20.7839 
v -21.8774 2.42094 19.2986 
v -22.4997 3.14538 20.8008 
v -21.8774 3.14538 19.2986 
v -22.4997 2.42093 20.8008 
v -22.0108 3.14538 19.1891 
v -22.6713 3.14538 20.7839 
v -22.0108 2.42093 19.1891 
v -22.6713 2.42093 20.7839 
v -22.1629 2.42093 19.1078 
v -22.8364 3.14538 20.7338 
v -22.1629 3.14539 19.1078 
v -22.8364 2.42093 20.7338 
v -22.328 3.14538 19.0577 
v -22.9886 3.14538 20.6525 
v -22.328 2.42093 19.0577 
v -22.4997 2.42093 19.0408 
v -22.4997 3.14539 19.0408 
v -22.9886 2.42093 20.6525 
v -23.1219 3.14538 20.5431 
v -23.1219 2.42093 20.5431 
v -23.2314 3.14538 20.4097 
v -23.2314 2.42093 20.4097 
v -23.3127 3.14538 20.2576 
v -23.3127 2.42093 20.2576 
v -23.3628 2.42093 20.0925 
v -23.3628 3.14539 20.0925 
v -23.3797 3.14538 19.9208 
v -23.3797 2.42093 19.9208 
v -23.3628 3.14538 19.7492 
v -23.3628 2.42093 19.7492 
v -23.3127 3.14538 19.5841 
v -23.3127 2.42093 19.5841 
v -23.2314 2.42093 19.4319 
v -23.2314 3.14539 19.4319 
v -23.1219 3.14538 19.2986 
v -23.1219 2.42093 19.2986 
v -22.9886 3.14538 19.1891 
v -22.9886 2.42093 19.1891 
v -22.8364 3.14538 19.1078 
v -22.8364 2.42093 19.1078 
v -22.6713 2.42093 19.0577 
v -22.6713 3.14539 19.0577 
v -22.4997 3.14539 19.0408 
v -22.4997 2.42093 19.0408 
v -21.6866 2.27871 20.2576 
v -21.6866 1.55427 20.2576 
v -21.6366 1.55427 20.0925 
v -21.768 2.27871 20.4097 
v -21.6366 2.27871 20.0925 
v -21.768 1.55427 20.4097 
v -21.6197 2.27871 19.9208 
v -21.8774 2.27871 20.5431 
v -21.6197 1.55427 19.9208 
v -21.8774 1.55427 20.5431 
v -21.6366 1.55427 19.7492 
v -22.0108 2.27871 20.6525 
v -21.6366 2.27871 19.7492 
v -22.0108 1.55427 20.6525 
v -21.6866 1.55427 19.5841 
v -22.1629 2.27871 20.7338 
v -21.6866 2.27871 19.5841 
v -22.1629 1.55427 20.7338 
v -21.768 1.55427 19.4319 
v -22.328 2.27871 20.7839 
v -21.768 2.27871 19.4319 
v -22.328 1.55427 20.7839 
v -21.8774 1.55427 19.2986 
v -22.4997 1.55427 20.8008 
v -21.8774 2.27871 19.2986 
v -22.4997 2.27871 20.8008 
v -22.0108 2.27871 19.1891 
v -22.6713 2.27871 20.7839 
v -22.0108 1.55427 19.1891 
v -22.6713 1.55427 20.7839 
v -22.1629 1.55427 19.1078 
v -22.8364 2.27871 20.7338 
v -22.1629 2.27871 19.1078 
v -22.8364 1.55427 20.7338 
v -22.328 2.27871 19.0577 
v -22.9886 1.55427 20.6525 
v -22.328 1.55427 19.0577 
v -22.4997 1.55427 19.0408 
v -22.4997 2.27871 19.0408 
v -22.9886 2.27871 20.6525 
v -23.1219 2.27871 20.5431 
v -23.1219 1.55427 20.5431 
v -23.2314 1.55427 20.4097 
v -23.2314 2.27871 20.4097 
v -23.3127 2.27871 20.2576 
v -23.3127 1.55427 20.2576 
v -23.3628 1.55427 20.0925 
v -23.3628 2.27871 20.0925 
v -23.3797 2.27871 19.9208 
v -23.3797 1.55427 19.9208 
v -23.3628 1.55427 19.7492 
v -23.3628 2.27871 19.7492 
v -23.3127 2.27871 19.5841 
v -23.3127 1.55427 19.5841 
v -23.2314 2.27871 19.4319 
v -23.2314 1.55427 19.4319 
v -23.1219 2.27871 19.2986 
v -23.1219 1.55427 19.2986 
v -22.9886 2.27871 19.1891 
v -22.9886 1.55427 19.1891 
v -22.8364 2.27871 19.1078 
v -22.8364 1.55427 19.1078 
v -22.6713 2.27871 19.0577 
v -22.6713 1.55427 19.0577 
v -22.4997 1.55427 19.0408 
v -22.4997 2.27871 19.0408 
v -22.9886 4.01205 19.1891 
v -23.1219 4.01205 19.2986 
v -23.0061 4.04714 19.1629 
v -23.1443 4.04714 19.2762 
v -21.7417 4.04714 19.4144 
v -21.8774 4.01205 19.2986 
v -21.8551 4.04714 19.2762 
v -21.768 4.01205 19.4319 
v -21.8774 4.01205 19.2986 
v -21.9932 4.04714 19.1629 
v -22.0108 4.01205 19.1891 
v -21.6866 4.01205 20.2576 
v -21.6866 3.2876 20.2576 
v -21.6366 3.2876 20.0925 
v -21.768 4.01205 20.4097 
v -21.6366 4.01205 20.0925 
v -21.768 3.2876 20.4097 
v -21.6197 3.28761 19.9208 
v -21.8774 4.01205 20.5431 
v -21.6197 4.01205 19.9208 
v -21.8774 3.2876 20.5431 
v -21.6366 4.01205 19.7492 
v -22.0108 4.01205 20.6525 
v -21.6366 3.2876 19.7492 
v -22.0108 3.2876 20.6525 
v -21.6866 3.2876 19.5841 
v -22.1629 4.01205 20.7338 
v -21.6866 4.01205 19.5841 
v -22.1629 3.2876 20.7338 
v -21.768 3.2876 19.4319 
v -22.328 4.01205 20.7839 
v -21.768 4.01205 19.4319 
v -22.328 3.2876 20.7839 
v -21.8774 3.2876 19.2986 
v -22.4997 3.28761 20.8008 
v -21.8774 4.01205 19.2986 
v -22.4997 4.01205 20.8008 
v -22.0108 3.2876 19.1891 
v -22.6713 4.01205 20.7839 
v -22.0108 4.01205 19.1891 
v -22.6713 3.2876 20.7839 
v -22.1629 3.2876 19.1078 
v -22.8364 4.01205 20.7338 
v -22.1629 4.01205 19.1078 
v -22.8364 3.2876 20.7338 
v -22.328 3.28761 19.0577 
v -22.9886 4.01205 20.6525 
v -22.328 4.01205 19.0577 
v -22.4997 4.01205 19.0408 
v -22.4997 3.2876 19.0408 
v -22.9886 3.2876 20.6525 
v -23.1219 4.01205 20.5431 
v -23.1219 3.2876 20.5431 
v -23.2314 4.01205 20.4097 
v -23.2314 3.2876 20.4097 
v -23.3127 4.01205 20.2576 
v -23.3127 3.2876 20.2576 
v -23.3628 4.01205 20.0925 
v -23.3628 3.2876 20.0925 
v -23.3797 3.28761 19.9208 
v -23.3797 4.01205 19.9208 
v -23.3628 3.28761 19.7492 
v -23.3628 4.01205 19.7492 
v -23.3127 4.01205 19.5841 
v -23.3127 3.2876 19.5841 
v -23.2314 3.28761 19.4319 
v -23.2314 4.01205 19.4319 
v -23.1219 4.01205 19.2986 
v -23.1219 3.2876 19.2986 
v -22.9886 4.01205 19.1891 
v -22.9886 3.2876 19.1891 
v -22.8364 3.28761 19.1078 
v -22.8364 4.01205 19.1078 
v -22.6713 4.01205 19.0577 
v -22.6713 3.2876 19.0577 
v -22.4997 4.01205 19.0408 
v -22.4997 3.2876 19.0408 
v -22.4741 4.10823 20.4021 
v -22.4997 4.10823 20.3995 
v -22.4741 4.14476 20.4021 
v -22.4997 4.14476 20.3995 
v -22.4495 4.14476 20.4095 
v -22.4495 4.10823 20.4095 
v -22.4268 4.14476 20.4216 
v -22.4268 4.10823 20.4216 
v -22.4069 4.14476 20.438 
v -22.4069 4.10823 20.438 
v -22.3906 4.14476 20.4578 
v -22.3906 4.10823 20.4578 
v -22.3785 4.14476 20.4805 
v -22.3785 4.10823 20.4805 
v -22.371 4.14476 20.5051 
v -22.371 4.10823 20.5051 
v -22.3685 4.14476 20.5307 
v -22.3685 4.10823 20.5307 
v -22.371 4.14476 20.5563 
v -22.371 4.10823 20.5563 
v -22.3785 4.14476 20.5809 
v -22.3785 4.10823 20.5809 
v -22.3906 4.14476 20.6036 
v -22.3906 4.10823 20.6036 
v -22.4069 4.14476 20.6235 
v -22.0108 1.55427 19.1891 
v -21.8774 1.55427 19.2986 
v -21.9932 1.51918 19.1629 
v -21.8551 1.51918 19.2762 
v -23.0061 1.51918 19.1629 
v -23.1219 1.55427 19.2986 
v -22.9886 1.55427 19.1891 
v -23.1443 1.51918 19.2762 
v -23.1443 1.51918 20.5654 
v -23.0061 1.51918 20.6788 
v -23.1219 1.55427 20.5431 
v -22.9886 1.55427 20.6525 
v -21.8774 1.55427 20.5431 
v -21.9932 1.51918 20.6788 
v -21.8551 1.51918 20.5654 
v -22.0108 1.55427 20.6525 
v -22.6127 4.16477 20.5307 
v -22.6105 4.16477 20.5086 
v -22.6127 4.14476 20.5307 
v -22.6105 4.14476 20.5086 
v -22.6105 4.14476 20.5528 
v -22.6041 4.16477 20.4874 
v -22.6105 4.16477 20.5528 
v -22.6041 4.14476 20.4874 
v -22.6041 4.14476 20.574 
v -22.5937 4.16477 20.4679 
v -22.6041 4.16477 20.574 
v -22.5937 4.14476 20.4679 
v -22.5937 4.14476 20.5935 
v -22.5796 4.16477 20.4508 
v -22.5937 4.16477 20.5935 
v -22.5796 4.14476 20.4508 
v -22.5796 4.14476 20.6106 
v -22.5625 4.16477 20.4367 
v -22.5796 4.16477 20.6106 
v -22.5625 4.14476 20.4367 
v -22.5625 4.14476 20.6247 
v -22.5429 4.16477 20.4263 
v -22.5625 4.16477 20.6247 
v -22.5429 4.14476 20.4263 
v -22.5429 4.14476 20.6352 
v -22.5217 4.16477 20.4198 
v -22.5429 4.16477 20.6352 
v -22.5217 4.14476 20.4198 
v -22.4997 4.16477 20.4176 
v -22.4997 4.14476 20.4176 
v -22.5217 4.14476 20.6416 
v -22.5217 4.16477 20.6416 
v -22.4997 4.14476 20.6438 
v -22.4997 4.16477 20.6438 
v -22.4776 4.14476 20.6416 
v -22.4776 4.16477 20.6416 
v -22.4564 4.14476 20.6352 
v -22.4564 4.16477 20.6352 
v -22.4369 4.14476 20.6247 
v -22.4369 4.16477 20.6247 
v -22.4197 4.14476 20.6106 
v -22.4197 4.16477 20.6106 
v -22.4057 4.14476 20.5935 
v -22.4057 4.16477 20.5935 
v -22.3952 4.14476 20.574 
v -22.3952 4.16477 20.574 
v -22.3888 4.14476 20.5528 
v -22.3888 4.16477 20.5528 
v -22.3866 4.14476 20.5307 
v -22.3866 4.16477 20.5307 
v -22.3888 4.14476 20.5086 
v -22.3888 4.16477 20.5086 
v -22.3952 4.14476 20.4874 
v -22.3952 4.16477 20.4874 
v -22.4057 4.14476 20.4679 
v -22.4057 4.16477 20.4679 
v -22.4197 4.14476 20.4508 
v -22.4197 4.16477 20.4508 
v -22.4369 4.14476 20.4367 
v -22.4369 4.16477 20.4367 
v -22.4564 4.14476 20.4263 
v -22.4564 4.16477 20.4263 
v -22.4776 4.14476 20.4198 
v -22.4776 4.16477 20.4198 
v -22.4997 4.14476 20.4176 
v -22.4997 4.16477 20.4176 

vn 0.496063 -0.448819 -0.740157 
vn 0.527559 -0.669291 -0.527559 
vn 0.409449 -0.669291 -0.622047 
vn 0.629921 -0.448819 -0.629921 
vn -0.409449 -0.669291 -0.614173 
vn -0.527559 -0.669291 -0.527559 
vn -0.496063 -0.448819 -0.740157 
vn -0.629921 -0.448819 -0.629921 
vn -0.527559 -0.669291 0.527559 
vn -0.496063 -0.448819 0.740157 
vn -0.629921 -0.448819 0.629921 
vn -0.409449 -0.669291 0.622047 
vn 0.629921 -0.448819 0.629921 
vn 0.496063 -0.448819 0.740157 
vn 0.527559 -0.669291 0.527559 
vn 0.409449 -0.669291 0.614173 
vn 0 -1 0 
vn 0 -1 0 
vn 0 -1 0 
vn 0 -1 0 
vn 0 -1 0 
vn 0 -1 0 
vn 0 -1 0 
vn 0 -1 0 
vn 0 -1 0 
vn 0 -1 0 
vn 0 -1 0 
vn 0 -1 0 
vn 0 -1 0 
vn 0 -1 0 
vn 0 -1 0 
vn 0 -1 0 
vn 0 -1 0 
vn 0 -1 0 
vn 0 -1 0 
vn 0 -1 0 
vn 0 -1 0 
vn 0 -1 0 
vn 0 -1 0 
vn 0 -1 0 
vn 0 -1 0 
vn 0 -1 0 
vn 0 -1 0 
vn 0 -1 0 
vn 0 -1 0 
vn 0 -1 0 
vn 0 -1 0 
vn 0 -1 0 
vn 0 -1 0 
vn 0 -1 0 
vn 0 -1 0 
vn 0 -1 0 
vn 0 -1 0 
vn 0 -1 0 
vn 0 -1 0 
vn 0 -1 0 
vn 0 -1 0 
vn 0 -1 0 
vn 0 -1 0 
vn 0 -1 0 
vn 0 -1 0 
vn 0 -1 0 
vn 0 -1 0 
vn 0 -1 0 
vn 0 -1 0 
vn 0 -1 0 
vn 0 -1 0 
vn 0 -1 0 
vn 0 -1 0 
vn 0 -1 0 
vn 0 -1 0 
vn 0 -1 0 
vn 0 -1 0 
vn 0 -1 0 
vn 0 -1 0 
vn 0 -1 0 
vn 0 -1 0 
vn 0 -1 0 
vn 0 -1 0 
vn 0 -1 0 
vn 0 -1 0 
vn 0 -1 0 
vn 0 -1 0 
vn 0 -1 0 
vn 0 -1 0 
vn 0 -1 0 
vn 0 -1 0 
vn 0 -1 0 
vn 0 -1 0 
vn 0 -1 0 
vn 0 -1 0 
vn 0 -1 0 
vn 0 -1 0 
vn 0 -1 0 
vn 0 -1 0 
vn 0 -1 0 
vn 0 -1 0 
vn 0 -1 0 
vn 0 -1 0 
vn 0 -1 0 
vn 0 -1 0 
vn 0 -1 0 
vn 0 -1 0 
vn 0 -1 0 
vn 0 -1 0 
vn 0 -1 0 
vn 0 -1 0 
vn 0 -1 0 
vn 0 -1 0 
vn 0 -1 0 
vn 0 -1 0 
vn 0 -1 0 
vn 0 -1 0 
vn 0 -1 0 
vn 0 -1 0 
vn 0 -1 0 
vn 0 -1 0 
vn 0 -1 0 
vn 0 -1 0 
vn 0 -1 0 
vn 0 -1 0 
vn 0 -1 0 
vn 0 -1 0 
vn 0 -1 0 
vn 0 -1 0 
vn 0 -1 0 
vn 0 -1 0 
vn 0 -1 0 
vn 0 -1 0 
vn 0 -1 0 
vn 0 -1 0 
vn 0 -1 0 
vn 0 -1 0 
vn 0 -1 0 
vn 0 -1 0 
vn 0 -1 0 
vn 0 -1 0 
vn 0 -1 0 
vn 0 -1 0 
vn 0 -1 0 
vn 0 -1 0 
vn 0 -1 0 
vn 0 -1 0 
vn 0 -1 0 
vn 0 -1 0 
vn 0 -1 0 
vn 0 -1 0 
vn 0 -1 0 
vn 0 -1 0 
vn 0 -1 0 
vn 0 -1 0 
vn 0 -1 0 
vn 0 -1 0 
vn 0 -1 0 
vn 0 -1 0 
vn 0 -1 0 
vn 0 -1 0 
vn 0 -1 0 
vn 0 -1 0 
vn 0 -1 0 
vn 0 -1 0 
vn 0 -1 0 
vn 0 -1 0 
vn 0 -1 0 
vn 0 -1 0 
vn 0 -1 0 
vn 0 -1 0 
vn 0 -1 0 
vn 0 -1 0 
vn -0.496063 0.448819 -0.740157 
vn -0.527559 0.669291 -0.527559 
vn -0.409449 0.669291 -0.614173 
vn -0.629921 0.448819 -0.629921 
vn 0.409449 0.669291 -0.622047 
vn 0.527559 0.669291 -0.527559 
vn 0.496063 0.448819 -0.740157 
vn 0.629921 0.448819 -0.629921 
vn 0.527559 0.669291 -0.527559 
vn 0.740157 0.448819 -0.496063 
vn 0.614173 0.669291 -0.409449 
vn 0.629921 0.448819 0.629921 
vn 0.559055 0 0.834646 
vn 0.708661 0 0.708661 
vn 0.496063 0.448819 0.740157 
vn 0.622047 0.669291 0.409449 
vn 0.629921 0.448819 0.629921 
vn 0.740157 0.448819 0.496063 
vn 0.527559 0.669291 0.527559 
vn 0.409449 0.669291 0.614173 
vn 0.629921 0.448819 0.629921 
vn 0.409449 0.669291 0.614173 
vn 0.338583 0.448819 0.826772 
vn 0.283465 0.669291 0.685039 
vn -0.629921 0.448819 0.629921 
vn -0.834646 0 0.559055 
vn -0.708661 0 0.708661 
vn -0.740157 0.448819 0.496063 
vn -0.629921 0.448819 0.629921 
vn -0.614173 0.669291 0.409449 
vn -0.527559 0.669291 0.527559 
vn -0.629921 0.448819 0.629921 
vn -0.409449 0.669291 0.622047 
vn -0.496063 0.448819 0.740157 
vn -0.338583 0.448819 0.826772 
vn -0.409449 0.669291 0.622047 
vn -0.283465 0.669291 0.685039 
vn 0 1 0 
vn 0 1 0 
vn 0 1 0 
vn 0 1 0 
vn 0 1 0 
vn 0 1 0 
vn 0 1 0 
vn 0 1 0 
vn 0 1 0 
vn 0 1 0 
vn 0 1 0 
vn 0 1 0 
vn 0 1 0 
vn 0 1 0 
vn 0 1 0 
vn 0 1 0 
vn 0 1 0 
vn 0 1 0 
vn 0 1 0 
vn 0 1 0 
vn 0 1 0 
vn 0 1 0 
vn 0 1 0 
vn 0 1 0 
vn 0 1 0 
vn 0 1 0 
vn 0 1 0 
vn 0 1 0 
vn 0 1 0 
vn 0 1 0 
vn 0 1 0 
vn 0 1 0 
vn 0 1 0 
vn 0 1 0 
vn 0 1 0 
vn 0 1 0 
vn 0 1 0 
vn 0 1 0 
vn 0 1 0 
vn 0 1 0 
vn 0 1 0 
vn 0 1 0 
vn 0 1 0 
vn 0 1 0 
vn 0 1 0 
vn 0 1 0 
vn 0 1 0 
vn 0 1 0 
vn 0 1 0 
vn 0 1 0 
vn 0 1 0 
vn 0 1 0 
vn 0 1 0 
vn 0 1 0 
vn 0 1 0 
vn 0 1 0 
vn 0 1 0 
vn 0 1 0 
vn 0 1 0 
vn 0 1 0 
vn 0 1 0 
vn 0 1 0 
vn 0 1 0 
vn 0 1 0 
vn 0 1 0 
vn 0 1 0 
vn 0 1 0 
vn 0 1 0 
vn 0 1 0 
vn 0 1 0 
vn 0 1 0 
vn 0 1 0 
vn 0 1 0 
vn 0 1 0 
vn 0 1 0 
vn 0 1 0 
vn 0 1 0 
vn 0 1 0 
vn 0 1 0 
vn 0 1 0 
vn 0 1 0 
vn 0 1 0 
vn 0 1 0 
vn 0 1 0 
vn 0 1 0 
vn 0 1 0 
vn 0 1 0 
vn 0 1 0 
vn 0 1 0 
vn 0 1 0 
vn 0 1 0 
vn 0 1 0 
vn 0 1 0 
vn 0 1 0 
vn 0 1 0 
vn 0 1 0 
vn 0 1 0 
vn 0 1 0 
vn 0 1 0 
vn 0 1 0 
vn 0 1 0 
vn 0 1 0 
vn 0 1 0 
vn 0 1 0 
vn 0 1 0 
vn 0 1 0 
vn 0 1 0 
vn 0 1 0 
vn 0 1 0 
vn 0 1 0 
vn 0 1 0 
vn 0 1 0 
vn 0 1 0 
vn 0 1 0 
vn 0 1 0 
vn 0 1 0 
vn 0 1 0 
vn 0 1 0 
vn 0 1 0 
vn 0 1 0 
vn 0 1 0 
vn 0 1 0 
vn 0 1 0 
vn 0 1 0 
vn 0 1 0 
vn 0 1 0 
vn 0 1 0 
vn 0 1 0 
vn 0 1 0 
vn 0 1 0 
vn 0 1 0 
vn 0 1 0 
vn 0 1 0 
vn 0 1 0 
vn 0 1 0 
vn 0 1 0 
vn 0 1 0 
vn 0 1 0 
vn 0 1 0 
vn 0 1 0 
vn 0 1 0 
vn 0 1 0 
vn 0 1 0 
vn 0 1 0 
vn 0 1 0 
vn 0 1 0 
vn 0 1 0 
vn 0 1 0 
vn 0 1 0 
vn 0 1 0 
vn 0 1 0 
vn 0 1 0 
vn 0 1 0 
vn 0 1 0 
vn 0 1 0 
vn 0 1 0 
vn 0 1 0 
vn 0 1 0 
vn 0 1 0 
vn 0 1 0 
vn 0 1 0 
vn 0 1 0 
vn 0 1 0 
vn 0 1 0 
vn 0 1 0 
vn 0 1 0 
vn 0 1 0 
vn 0 1 0 
vn 0 1 0 
vn 0 1 0 
vn 0 1 0 
vn 0 1 0 
vn 0 1 0 
vn 0 1 0 
vn 0 1 0 
vn 0 1 0 
vn 0 1 0 
vn 0 1 0 
vn 0 1 0 
vn 0 1 0 
vn 0 1 0 
vn 0 1 0 
vn 0 1 0 
vn 0 1 0 
vn 0 1 0 
vn 0 1 0 
vn 0 1 0 
vn 0 1 0 
vn 0 1 0 
vn 0 1 0 
vn 0 1 0 
vn 0 1 0 
vn 0 1 0 
vn 0 1 0 
vn 0 1 0 
vn 0 1 0 
vn 0 1 0 
vn 0 1 0 
vn 0 1 0 
vn 0 1 0 
vn 0 1 0 
vn 0 1 0 
vn 0 1 0 
vn 0 1 0 
vn 0 1 0 
vn 0 1 0 
vn 0 1 0 
vn 0 1 0 
vn 0 1 0 
vn 0 1 0 
vn 0 1 0 
vn 0 1 0 
vn 0 1 0 
vn 0 1 0 
vn 0 1 0 
vn 0 1 0 
vn 0 1 0 
vn 0 1 0 
vn 0 1 0 
vn 0 1 0 
vn 0 1 0 
vn 0 1 0 
vn 0 1 0 
vn 0 1 0 
vn 0 1 0 
vn 0 1 0 
vn 0 1 0 
vn 0 1 0 
vn 0 1 0 
vn 0 1 0 
vn 0 1 0 
vn 0 1 0 
vn 0 1 0 
vn 0 1 0 
vn 0 1 0 
vn 0 1 0 
vn 0 1 0 
vn 0 1 0 
vn 0 1 0 
vn 0 1 0 
vn 0 1 0 
vn 0 1 0 
vn 0 1 0 
vn 0 1 0 
vn 0 1 0 
vn 0 1 0 
vn 0 1 0 
vn 0 1 0 
vn 0 1 0 
vn 0 1 0 
vn 0 1 0 
vn 0 1 0 
vn 0 1 0 
vn 0 1 0 
vn 0 1 0 
vn 0 1 0 
vn 0 1 0 
vn 0 1 0 
vn 0 1 0 
vn 0 1 0 
vn 0 1 0 
vn 0 1 0 
vn 0 1 0 
vn 0 1 0 
vn 0 1 0 
vn 0 1 0 
vn 0 1 0 
vn 0 1 0 
vn 0 1 0 
vn 0 1 0 
vn 0 1 0 
vn 0 1 0 
vn 0 1 0 
vn 0 1 0 
vn 0 1 0 
vn 0 1 0 
vn 0 1 0 
vn 0 1 0 
vn 0 1 0 
vn 0 1 0 
vn 0 1 0 
vn 0 1 0 
vn 0 1 0 
vn 0 1 0 
vn 0 1 0 
vn 0 1 0 
vn 0 1 0 
vn 0 1 0 
vn 0 1 0 
vn 0 1 0 
vn 0 1 0 
vn 0 1 0 
vn 0 1 0 
vn 0 1 0 
vn 0 1 0 
vn 0 1 0 
vn 0 1 0 
vn 0 1 0 
vn 0 1 0 
vn 0 1 0 
vn 0 1 0 
vn 0 1 0 
vn 0 1 0 
vn 0 1 0 
vn 0 1 0 
vn 0 1 0 
vn 0 1 0 
vn 0 1 0 
vn 0 1 0 
vn 0 1 0 
vn -0.409449 -0.669291 -0.614173 
vn -0.527559 -0.669291 -0.527559 
vn -0.496063 -0.448819 -0.740157 
vn -0.629921 -0.448819 -0.629921 
vn 0.740157 -0.448819 -0.496063 
vn 0.527559 -0.669291 -0.527559 
vn 0.629921 -0.448819 -0.629921 
vn 0.614173 -0.669291 -0.409449 
vn 0.527559 -0.669291 -0.527559 
vn 0.496063 -0.448819 -0.740157 
vn 0.409449 -0.669291 -0.622047 
vn 0.629921 -0.448819 0.629921 
vn 0.834646 0 0.559055 
vn 0.708661 0 0.708661 
vn 0.740157 -0.448819 0.496063 
vn 0.629921 -0.448819 0.629921 
vn 0.622047 -0.669291 0.409449 
vn 0.527559 -0.669291 0.527559 
vn 0.629921 -0.448819 0.629921 
vn 0.409449 -0.669291 0.614173 
vn 0.496063 -0.448819 0.740157 
vn 0.629921 -0.448819 0.629921 
vn 0.559055 0 0.834646 
vn 0.338583 -0.448819 0.826772 
vn 0.409449 -0.669291 0.614173 
vn 0.283465 -0.669291 0.685039 
vn 0.834646 0 0.559055 
vn 0.629921 0.448819 0.629921 
vn 0.740157 0.448819 0.496063 
vn -0.559055 0 0.834646 
vn -0.629921 -0.448819 0.629921 
vn -0.496063 -0.448819 0.740157 
vn -0.708661 0 0.708661 
vn -0.409449 -0.669291 0.622047 
vn -0.338583 -0.448819 0.826772 
vn -0.283465 -0.669291 0.685039 
vn -0.409449 -0.669291 0.622047 
vn -0.629921 -0.448819 0.629921 
vn -0.527559 -0.669291 0.527559 
vn -0.629921 -0.448819 0.629921 
vn -0.614173 -0.669291 0.409449 
vn -0.740157 -0.448819 0.496063 
vn -0.629921 -0.448819 0.629921 
vn -0.834646 0 0.559055 
vn -0.559055 0 0.834646 
vn -0.629921 0.448819 0.629921 
vn -0.496063 0.448819 0.740157 
vn 0 0 -1 
vn 0.173228 -0.448819 -0.874016 
vn 0 -0.448819 -0.889764 
vn 0.19685 0 -0.984252 
vn 0 0 -1 
vn 0.173228 0.448819 -0.874016 
vn 0 0.448819 -0.889764 
vn 0 0 -1 
vn 0.173228 -0.448819 -0.874016 
vn 0 -0.448819 -0.889764 
vn 0.19685 0 -0.984252 
vn 0 0 -1 
vn 0.173228 0.448819 -0.874016 
vn 0 0.448819 -0.889764 
vn -0.19685 0 -0.984252 
vn 0 0 -1 
vn -0.173228 -0.448819 -0.874016 
vn 0 -0.448819 -0.889764 
vn -0.173228 0.448819 -0.874016 
vn 0 0 -1 
vn 0 0.448819 -0.889764 
vn -0.19685 0 -0.984252 
vn 0 0 -1 
vn -0.173228 -0.448819 -0.874016 
vn 0 -0.448819 -0.889764 
vn -0.173228 0.448819 -0.874016 
vn 0 0 -1 
vn 0 0.448819 -0.889764 
vn 0 0 -1 
vn 0.173228 -0.448819 -0.874016 
vn 0 -0.448819 -0.889764 
vn 0.19685 0 -0.984252 
vn 0 0 -1 
vn 0.173228 0.448819 -0.874016 
vn 0 0.448819 -0.889764 
vn -0.19685 0 -0.984252 
vn 0 0 -1 
vn -0.173228 -0.448819 -0.874016 
vn 0 -0.448819 -0.889764 
vn -0.173228 0.448819 -0.874016 
vn 0 0 -1 
vn 0 0.448819 -0.889764 
vn 0 0 -1 
vn 0.173228 -0.448819 -0.874016 
vn 0 -0.448819 -0.889764 
vn 0.19685 0 -0.984252 
vn 0 0 -1 
vn 0.173228 0.448819 -0.874016 
vn 0 0.448819 -0.889764 
vn -0.19685 0 -0.984252 
vn 0 0 -1 
vn -0.173228 -0.448819 -0.874016 
vn 0 -0.448819 -0.889764 
vn -0.173228 0.448819 -0.874016 
vn 0 0 -1 
vn 0 0.448819 -0.889764 
vn 0.19685 0 -0.984252 
vn 0.338583 -0.448819 -0.826772 
vn 0.173228 -0.448819 -0.874016 
vn 0.385827 0 -0.92126 
vn 0.141732 -0.669291 -0.732283 
vn 0 -0.448819 -0.889764 
vn 0 -0.669291 -0.740157 
vn 0.19685 0 -0.984252 
vn 0.338583 0.448819 -0.826772 
vn 0.173228 0.448819 -0.874016 
vn 0 0.448819 -0.889764 
vn 0.141732 0.669291 -0.732283 
vn 0 0.669291 -0.740157 
vn 0.19685 0 -0.984252 
vn 0.338583 -0.448819 -0.826772 
vn 0.173228 -0.448819 -0.874016 
vn 0.385827 0 -0.92126 
vn 0.141732 -0.669291 -0.732283 
vn 0 -0.448819 -0.889764 
vn 0 -0.669291 -0.740157 
vn 0.19685 0 -0.984252 
vn 0.338583 0.448819 -0.826772 
vn 0.173228 0.448819 -0.874016 
vn 0 0.448819 -0.889764 
vn 0.141732 0.669291 -0.732283 
vn 0 0.669291 -0.740157 
vn -0.385827 0 -0.92126 
vn -0.19685 0 -0.984252 
vn -0.338583 -0.448819 -0.826772 
vn -0.173228 -0.448819 -0.874016 
vn -0.338583 0.448819 -0.826772 
vn -0.19685 0 -0.984252 
vn -0.173228 0.448819 -0.874016 
vn 0 -0.448819 -0.889764 
vn -0.141732 -0.669291 -0.732283 
vn 0 -0.669291 -0.740157 
vn -0.141732 0.669291 -0.732283 
vn 0 0.448819 -0.889764 
vn 0 0.669291 -0.740157 
vn -0.385827 0 -0.92126 
vn -0.19685 0 -0.984252 
vn -0.338583 -0.448819 -0.826772 
vn -0.173228 -0.448819 -0.874016 
vn -0.338583 0.448819 -0.826772 
vn -0.19685 0 -0.984252 
vn -0.173228 0.448819 -0.874016 
vn 0 -0.448819 -0.889764 
vn -0.141732 -0.669291 -0.732283 
vn 0 -0.669291 -0.740157 
vn -0.141732 0.669291 -0.732283 
vn 0 0.448819 -0.889764 
vn 0 0.669291 -0.740157 
vn 0.19685 0 -0.984252 
vn 0.338583 -0.448819 -0.826772 
vn 0.173228 -0.448819 -0.874016 
vn 0.385827 0 -0.92126 
vn 0.141732 -0.669291 -0.732283 
vn 0 -0.448819 -0.889764 
vn 0 -0.669291 -0.740157 
vn 0.19685 0 -0.984252 
vn 0.338583 0.448819 -0.826772 
vn 0.173228 0.448819 -0.874016 
vn 0 0.448819 -0.889764 
vn 0.141732 0.669291 -0.732283 
vn 0 0.669291 -0.740157 
vn -0.385827 0 -0.92126 
vn -0.19685 0 -0.984252 
vn -0.338583 -0.448819 -0.826772 
vn -0.173228 -0.448819 -0.874016 
vn -0.338583 0.448819 -0.826772 
vn -0.19685 0 -0.984252 
vn -0.173228 0.448819 -0.874016 
vn 0 -0.448819 -0.889764 
vn -0.141732 -0.669291 -0.732283 
vn 0 -0.669291 -0.740157 
vn -0.141732 0.669291 -0.732283 
vn 0 0.448819 -0.889764 
vn 0 0.669291 -0.740157 
vn 0.19685 0 -0.984252 
vn 0.338583 -0.448819 -0.826772 
vn 0.173228 -0.448819 -0.874016 
vn 0.385827 0 -0.92126 
vn 0.141732 -0.669291 -0.732283 
vn 0 -0.448819 -0.889764 
vn 0 -0.669291 -0.740157 
vn 0.19685 0 -0.984252 
vn 0.338583 0.448819 -0.826772 
vn 0.173228 0.448819 -0.874016 
vn 0 0.448819 -0.889764 
vn 0.141732 0.669291 -0.732283 
vn 0 0.669291 -0.740157 
vn -0.385827 0 -0.92126 
vn -0.19685 0 -0.984252 
vn -0.338583 -0.448819 -0.826772 
vn -0.173228 -0.448819 -0.874016 
vn -0.338583 0.448819 -0.826772 
vn -0.19685 0 -0.984252 
vn -0.173228 0.448819 -0.874016 
vn 0 -0.448819 -0.889764 
vn -0.141732 -0.669291 -0.732283 
vn 0 -0.669291 -0.740157 
vn -0.141732 0.669291 -0.732283 
vn 0 0.448819 -0.889764 
vn 0 0.669291 -0.740157 
vn 0.385827 0 -0.92126 
vn 0.496063 -0.448819 -0.740157 
vn 0.338583 -0.448819 -0.826772 
vn 0.559055 0 -0.834646 
vn 0.283465 -0.669291 -0.685039 
vn 0.173228 -0.448819 -0.874016 
vn 0.141732 -0.669291 -0.732283 
vn 0.385827 0 -0.92126 
vn 0.496063 0.448819 -0.740157 
vn 0.338583 0.448819 -0.826772 
vn 0.173228 0.448819 -0.874016 
vn 0.283465 0.669291 -0.685039 
vn 0.141732 0.669291 -0.732283 
vn 0.385827 0 -0.92126 
vn 0.496063 -0.448819 -0.740157 
vn 0.338583 -0.448819 -0.826772 
vn 0.559055 0 -0.834646 
vn 0.283465 -0.669291 -0.685039 
vn 0.173228 -0.448819 -0.874016 
vn 0.141732 -0.669291 -0.732283 
vn 0.385827 0 -0.92126 
vn 0.496063 0.448819 -0.740157 
vn 0.338583 0.448819 -0.826772 
vn 0.173228 0.448819 -0.874016 
vn 0.283465 0.669291 -0.685039 
vn 0.141732 0.669291 -0.732283 
vn -0.559055 0 -0.834646 
vn -0.385827 0 -0.92126 
vn -0.496063 -0.448819 -0.740157 
vn -0.338583 -0.448819 -0.826772 
vn -0.496063 0.448819 -0.740157 
vn -0.385827 0 -0.92126 
vn -0.338583 0.448819 -0.826772 
vn -0.173228 -0.448819 -0.874016 
vn -0.283465 -0.669291 -0.685039 
vn -0.141732 -0.669291 -0.732283 
vn -0.283465 0.669291 -0.685039 
vn -0.173228 0.448819 -0.874016 
vn -0.141732 0.669291 -0.732283 
vn -0.559055 0 -0.834646 
vn -0.385827 0 -0.92126 
vn -0.496063 -0.448819 -0.740157 
vn -0.338583 -0.448819 -0.826772 
vn -0.496063 0.448819 -0.740157 
vn -0.385827 0 -0.92126 
vn -0.338583 0.448819 -0.826772 
vn -0.173228 -0.448819 -0.874016 
vn -0.283465 -0.669291 -0.685039 
vn -0.141732 -0.669291 -0.732283 
vn -0.283465 0.669291 -0.685039 
vn -0.173228 0.448819 -0.874016 
vn -0.141732 0.669291 -0.732283 
vn 0.385827 0 -0.92126 
vn 0.496063 -0.448819 -0.740157 
vn 0.338583 -0.448819 -0.826772 
vn 0.559055 0 -0.834646 
vn 0.283465 -0.669291 -0.685039 
vn 0.173228 -0.448819 -0.874016 
vn 0.141732 -0.669291 -0.732283 
vn 0.385827 0 -0.92126 
vn 0.496063 0.448819 -0.740157 
vn 0.338583 0.448819 -0.826772 
vn 0.173228 0.448819 -0.874016 
vn 0.283465 0.669291 -0.685039 
vn 0.141732 0.669291 -0.732283 
vn -0.559055 0 -0.834646 
vn -0.385827 0 -0.92126 
vn -0.496063 -0.448819 -0.740157 
vn -0.338583 -0.448819 -0.826772 
vn -0.496063 0.448819 -0.740157 
vn -0.385827 0 -0.92126 
vn -0.338583 0.448819 -0.826772 
vn -0.173228 -0.448819 -0.874016 
vn -0.283465 -0.669291 -0.685039 
vn -0.141732 -0.669291 -0.732283 
vn -0.283465 0.669291 -0.685039 
vn -0.173228 0.448819 -0.874016 
vn -0.141732 0.669291 -0.732283 
vn 0.385827 0 -0.92126 
vn 0.496063 -0.448819 -0.740157 
vn 0.338583 -0.448819 -0.826772 
vn 0.559055 0 -0.834646 
vn 0.283465 -0.669291 -0.685039 
vn 0.173228 -0.448819 -0.874016 
vn 0.141732 -0.669291 -0.732283 
vn 0.385827 0 -0.92126 
vn 0.496063 0.448819 -0.740157 
vn 0.338583 0.448819 -0.826772 
vn 0.173228 0.448819 -0.874016 
vn 0.283465 0.669291 -0.685039 
vn 0.141732 0.669291 -0.732283 
vn -0.559055 0 -0.834646 
vn -0.385827 0 -0.92126 
vn -0.496063 -0.448819 -0.740157 
vn -0.338583 -0.448819 -0.826772 
vn -0.496063 0.448819 -0.740157 
vn -0.385827 0 -0.92126 
vn -0.338583 0.448819 -0.826772 
vn -0.173228 -0.448819 -0.874016 
vn -0.283465 -0.669291 -0.685039 
vn -0.141732 -0.669291 -0.732283 
vn -0.283465 0.669291 -0.685039 
vn -0.173228 0.448819 -0.874016 
vn -0.141732 0.669291 -0.732283 
vn 0.559055 0 -0.834646 
vn 0.629921 -0.448819 -0.629921 
vn 0.496063 -0.448819 -0.740157 
vn 0.708661 0 -0.708661 
vn 0.409449 -0.669291 -0.622047 
vn 0.338583 -0.448819 -0.826772 
vn 0.283465 -0.669291 -0.685039 
vn 0.559055 0 -0.834646 
vn 0.629921 0.448819 -0.629921 
vn 0.496063 0.448819 -0.740157 
vn 0.338583 0.448819 -0.826772 
vn 0.409449 0.669291 -0.622047 
vn 0.283465 0.669291 -0.685039 
vn -0.629921 0.448819 -0.629921 
vn -0.559055 0 -0.834646 
vn -0.708661 0 -0.708661 
vn -0.496063 0.448819 -0.740157 
vn -0.559055 0 -0.834646 
vn -0.629921 -0.448819 -0.629921 
vn -0.496063 -0.448819 -0.740157 
vn -0.409449 0.669291 -0.614173 
vn -0.338583 0.448819 -0.826772 
vn -0.283465 0.669291 -0.685039 
vn -0.338583 -0.448819 -0.826772 
vn -0.409449 -0.669291 -0.614173 
vn -0.283465 -0.669291 -0.685039 
vn 0.559055 0 -0.834646 
vn 0.629921 -0.448819 -0.629921 
vn 0.496063 -0.448819 -0.740157 
vn 0.708661 0 -0.708661 
vn 0.409449 -0.669291 -0.622047 
vn 0.338583 -0.448819 -0.826772 
vn 0.283465 -0.669291 -0.685039 
vn 0.559055 0 -0.834646 
vn 0.629921 0.448819 -0.629921 
vn 0.496063 0.448819 -0.740157 
vn 0.338583 0.448819 -0.826772 
vn 0.409449 0.669291 -0.622047 
vn 0.283465 0.669291 -0.685039 
vn -0.629921 0.448819 -0.629921 
vn -0.559055 0 -0.834646 
vn -0.708661 0 -0.708661 
vn -0.496063 0.448819 -0.740157 
vn -0.559055 0 -0.834646 
vn -0.629921 -0.448819 -0.629921 
vn -0.496063 -0.448819 -0.740157 
vn -0.409449 0.669291 -0.614173 
vn -0.338583 0.448819 -0.826772 
vn -0.283465 0.669291 -0.685039 
vn -0.338583 -0.448819 -0.826772 
vn -0.409449 -0.669291 -0.614173 
vn -0.283465 -0.669291 -0.685039 
vn 0.559055 0 -0.834646 
vn 0.629921 -0.448819 -0.629921 
vn 0.496063 -0.448819 -0.740157 
vn 0.708661 0 -0.708661 
vn 0.409449 -0.669291 -0.622047 
vn 0.338583 -0.448819 -0.826772 
vn 0.283465 -0.669291 -0.685039 
vn 0.559055 0 -0.834646 
vn 0.629921 0.448819 -0.629921 
vn 0.496063 0.448819 -0.740157 
vn 0.338583 0.448819 -0.826772 
vn 0.409449 0.669291 -0.622047 
vn 0.283465 0.669291 -0.685039 
vn -0.834646 0 -0.559055 
vn -0.629921 -0.448819 -0.629921 
vn -0.740157 -0.448819 -0.496063 
vn -0.629921 -0.448819 -0.629921 
vn -0.622047 -0.669291 -0.409449 
vn -0.527559 -0.669291 -0.527559 
vn -0.834646 0 -0.559055 
vn -0.629921 0.448819 -0.629921 
vn -0.740157 0.448819 -0.496063 
vn -0.622047 0.669291 -0.409449 
vn -0.629921 0.448819 -0.629921 
vn -0.527559 0.669291 -0.527559 
vn -0.834646 0 -0.559055 
vn -0.629921 -0.448819 -0.629921 
vn -0.740157 -0.448819 -0.496063 
vn -0.629921 -0.448819 -0.629921 
vn -0.622047 -0.669291 -0.409449 
vn -0.527559 -0.669291 -0.527559 
vn -0.834646 0 -0.559055 
vn -0.629921 0.448819 -0.629921 
vn -0.740157 0.448819 -0.496063 
vn -0.622047 0.669291 -0.409449 
vn -0.629921 0.448819 -0.629921 
vn -0.527559 0.669291 -0.527559 
vn -0.834646 0 -0.559055 
vn -0.629921 -0.448819 -0.629921 
vn -0.740157 -0.448819 -0.496063 
vn -0.708661 0 -0.708661 
vn -0.629921 -0.448819 -0.629921 
vn -0.622047 -0.669291 -0.409449 
vn -0.527559 -0.669291 -0.527559 
vn -0.629921 0.448819 -0.629921 
vn -0.559055 0 -0.834646 
vn -0.496063 0.448819 -0.740157 
vn -0.409449 0.669291 -0.614173 
vn -0.338583 0.448819 -0.826772 
vn -0.283465 0.669291 -0.685039 
vn -0.834646 0 -0.559055 
vn -0.629921 0.448819 -0.629921 
vn -0.740157 0.448819 -0.496063 
vn -0.559055 0 -0.834646 
vn -0.629921 -0.448819 -0.629921 
vn -0.496063 -0.448819 -0.740157 
vn -0.622047 0.669291 -0.409449 
vn -0.629921 0.448819 -0.629921 
vn -0.527559 0.669291 -0.527559 
vn -0.338583 -0.448819 -0.826772 
vn -0.409449 -0.669291 -0.614173 
vn -0.283465 -0.669291 -0.685039 
vn -0.834646 0 -0.559055 
vn -0.629921 -0.448819 -0.629921 
vn -0.740157 -0.448819 -0.496063 
vn -0.708661 0 -0.708661 
vn -0.629921 -0.448819 -0.629921 
vn -0.622047 -0.669291 -0.409449 
vn -0.527559 -0.669291 -0.527559 
vn -0.629921 0.448819 -0.629921 
vn -0.559055 0 -0.834646 
vn -0.496063 0.448819 -0.740157 
vn -0.409449 0.669291 -0.614173 
vn -0.338583 0.448819 -0.826772 
vn -0.283465 0.669291 -0.685039 
vn -0.834646 0 -0.559055 
vn -0.629921 0.448819 -0.629921 
vn -0.740157 0.448819 -0.496063 
vn -0.559055 0 -0.834646 
vn -0.629921 -0.448819 -0.629921 
vn -0.496063 -0.448819 -0.740157 
vn -0.622047 0.669291 -0.409449 
vn -0.629921 0.448819 -0.629921 
vn -0.527559 0.669291 -0.527559 
vn -0.338583 -0.448819 -0.826772 
vn -0.409449 -0.669291 -0.614173 
vn -0.283465 -0.669291 -0.685039 
vn 0.559055 0 -0.834646 
vn 0.629921 -0.448819 -0.629921 
vn 0.496063 -0.448819 -0.740157 
vn 0.708661 0 -0.708661 
vn 0.409449 -0.669291 -0.622047 
vn 0.338583 -0.448819 -0.826772 
vn 0.283465 -0.669291 -0.685039 
vn 0.629921 0.448819 -0.629921 
vn 0.834646 0 -0.559055 
vn 0.740157 0.448819 -0.496063 
vn 0.629921 0.448819 -0.629921 
vn 0.614173 0.669291 -0.409449 
vn 0.527559 0.669291 -0.527559 
vn 0.559055 0 -0.834646 
vn 0.629921 0.448819 -0.629921 
vn 0.496063 0.448819 -0.740157 
vn 0.834646 0 -0.559055 
vn 0.629921 -0.448819 -0.629921 
vn 0.740157 -0.448819 -0.496063 
vn 0.338583 0.448819 -0.826772 
vn 0.409449 0.669291 -0.622047 
vn 0.283465 0.669291 -0.685039 
vn 0.614173 -0.669291 -0.409449 
vn 0.629921 -0.448819 -0.629921 
vn 0.527559 -0.669291 -0.527559 
vn 0.629921 0.448819 -0.629921 
vn 0.834646 0 -0.559055 
vn 0.740157 0.448819 -0.496063 
vn 0.834646 0 -0.559055 
vn 0.629921 -0.448819 -0.629921 
vn 0.740157 -0.448819 -0.496063 
vn 0.629921 0.448819 -0.629921 
vn 0.614173 0.669291 -0.409449 
vn 0.527559 0.669291 -0.527559 
vn 0.826772 -0.448819 -0.338583 
vn 0.614173 -0.669291 -0.409449 
vn 0.685039 -0.669291 -0.283465 
vn 0.629921 0.448819 -0.629921 
vn 0.834646 0 -0.559055 
vn 0.740157 0.448819 -0.496063 
vn 0.834646 0 -0.559055 
vn 0.629921 -0.448819 -0.629921 
vn 0.740157 -0.448819 -0.496063 
vn 0.614173 0.669291 -0.409449 
vn 0.826772 0.448819 -0.338583 
vn 0.685039 0.669291 -0.283465 
vn 0.614173 -0.669291 -0.409449 
vn 0.629921 -0.448819 -0.629921 
vn 0.527559 -0.669291 -0.527559 
vn 0.629921 0.448819 -0.629921 
vn 0.834646 0 -0.559055 
vn 0.740157 0.448819 -0.496063 
vn 0.834646 0 -0.559055 
vn 0.629921 -0.448819 -0.629921 
vn 0.740157 -0.448819 -0.496063 
vn 0.614173 0.669291 -0.409449 
vn 0.826772 0.448819 -0.338583 
vn 0.685039 0.669291 -0.283465 
vn 0.826772 -0.448819 -0.338583 
vn 0.614173 -0.669291 -0.409449 
vn 0.685039 -0.669291 -0.283465 
vn -0.92126 0 -0.385827 
vn -0.740157 -0.448819 -0.496063 
vn -0.826772 -0.448819 -0.338583 
vn -0.834646 0 -0.559055 
vn -0.92126 0 -0.385827 
vn -0.740157 0.448819 -0.496063 
vn -0.826772 0.448819 -0.338583 
vn -0.685039 -0.669291 -0.283465 
vn -0.874016 -0.448819 -0.173228 
vn -0.732283 -0.669291 -0.141732 
vn -0.740157 -0.448819 -0.496063 
vn -0.685039 -0.669291 -0.283465 
vn -0.622047 -0.669291 -0.409449 
vn -0.685039 0.669291 -0.283465 
vn -0.740157 0.448819 -0.496063 
vn -0.622047 0.669291 -0.409449 
vn -0.874016 0.448819 -0.173228 
vn -0.685039 0.669291 -0.283465 
vn -0.732283 0.669291 -0.141732 
vn -0.92126 0 -0.385827 
vn -0.740157 -0.448819 -0.496063 
vn -0.826772 -0.448819 -0.338583 
vn -0.834646 0 -0.559055 
vn -0.92126 0 -0.385827 
vn -0.740157 0.448819 -0.496063 
vn -0.826772 0.448819 -0.338583 
vn -0.685039 -0.669291 -0.283465 
vn -0.874016 -0.448819 -0.173228 
vn -0.732283 -0.669291 -0.141732 
vn -0.740157 -0.448819 -0.496063 
vn -0.685039 -0.669291 -0.283465 
vn -0.622047 -0.669291 -0.409449 
vn -0.874016 0.448819 -0.173228 
vn -0.685039 0.669291 -0.283465 
vn -0.732283 0.669291 -0.141732 
vn -0.685039 0.669291 -0.283465 
vn -0.740157 0.448819 -0.496063 
vn -0.622047 0.669291 -0.409449 
vn 0.826772 -0.448819 -0.338583 
vn 0.740157 -0.448819 -0.496063 
vn 0.92126 0 -0.385827 
vn 0.834646 0 -0.559055 
vn 0.740157 0.448819 -0.496063 
vn 0.92126 0 -0.385827 
vn 0.826772 0.448819 -0.338583 
vn 0.685039 -0.669291 -0.283465 
vn 0.740157 -0.448819 -0.496063 
vn 0.614173 -0.669291 -0.409449 
vn 0.874016 -0.448819 -0.173228 
vn 0.685039 -0.669291 -0.283465 
vn 0.732283 -0.669291 -0.141732 
vn 0.685039 0.669291 -0.283465 
vn 0.874016 0.448819 -0.173228 
vn 0.732283 0.669291 -0.141732 
vn 0.740157 0.448819 -0.496063 
vn 0.685039 0.669291 -0.283465 
vn 0.614173 0.669291 -0.409449 
vn -0.92126 0 -0.385827 
vn -0.740157 -0.448819 -0.496063 
vn -0.826772 -0.448819 -0.338583 
vn -0.834646 0 -0.559055 
vn -0.92126 0 -0.385827 
vn -0.740157 0.448819 -0.496063 
vn -0.826772 0.448819 -0.338583 
vn -0.685039 -0.669291 -0.283465 
vn -0.874016 -0.448819 -0.173228 
vn -0.732283 -0.669291 -0.141732 
vn -0.740157 -0.448819 -0.496063 
vn -0.685039 -0.669291 -0.283465 
vn -0.622047 -0.669291 -0.409449 
vn -0.874016 0.448819 -0.173228 
vn -0.685039 0.669291 -0.283465 
vn -0.732283 0.669291 -0.141732 
vn -0.685039 0.669291 -0.283465 
vn -0.740157 0.448819 -0.496063 
vn -0.622047 0.669291 -0.409449 
vn -0.92126 0 -0.385827 
vn -0.740157 -0.448819 -0.496063 
vn -0.826772 -0.448819 -0.338583 
vn -0.834646 0 -0.559055 
vn -0.92126 0 -0.385827 
vn -0.740157 0.448819 -0.496063 
vn -0.826772 0.448819 -0.338583 
vn -0.685039 -0.669291 -0.283465 
vn -0.874016 -0.448819 -0.173228 
vn -0.732283 -0.669291 -0.141732 
vn -0.740157 -0.448819 -0.496063 
vn -0.685039 -0.669291 -0.283465 
vn -0.622047 -0.669291 -0.409449 
vn -0.874016 0.448819 -0.173228 
vn -0.685039 0.669291 -0.283465 
vn -0.732283 0.669291 -0.141732 
vn -0.685039 0.669291 -0.283465 
vn -0.740157 0.448819 -0.496063 
vn -0.622047 0.669291 -0.409449 
vn 0.826772 -0.448819 -0.338583 
vn 0.740157 -0.448819 -0.496063 
vn 0.92126 0 -0.385827 
vn 0.834646 0 -0.559055 
vn 0.874016 -0.448819 -0.173228 
vn 0.685039 -0.669291 -0.283465 
vn 0.732283 -0.669291 -0.141732 
vn 0.740157 0.448819 -0.496063 
vn 0.92126 0 -0.385827 
vn 0.826772 0.448819 -0.338583 
vn 0.685039 0.669291 -0.283465 
vn 0.874016 0.448819 -0.173228 
vn 0.732283 0.669291 -0.141732 
vn -0.496063 0.448819 -0.740157 
vn -0.527559 0.669291 -0.527559 
vn -0.409449 0.669291 -0.614173 
vn -0.629921 0.448819 -0.629921 
vn 0.409449 0.669291 -0.622047 
vn 0.527559 0.669291 -0.527559 
vn 0.496063 0.448819 -0.740157 
vn 0.629921 0.448819 -0.629921 
vn 0.527559 0.669291 -0.527559 
vn 0.740157 0.448819 -0.496063 
vn 0.614173 0.669291 -0.409449 
vn -0.984252 0 0.19685 
vn -1 0 0 
vn -0.874016 -0.448819 0.173228 
vn -0.889764 -0.448819 0 
vn -0.874016 0.448819 0.173228 
vn -1 0 0 
vn -0.874016 -0.448819 -0.173228 
vn -0.889764 0.448819 0 
vn -0.984252 0 -0.19685 
vn -0.874016 0.448819 -0.173228 
vn -0.984252 0 0.19685 
vn -1 0 0 
vn -0.874016 -0.448819 0.173228 
vn -0.889764 -0.448819 0 
vn -0.874016 0.448819 0.173228 
vn -1 0 0 
vn -0.874016 -0.448819 -0.173228 
vn -0.889764 0.448819 0 
vn -0.984252 0 -0.19685 
vn -0.874016 0.448819 -0.173228 
vn 0.889764 -0.448819 0 
vn 0.874016 -0.448819 -0.173228 
vn 1 0 0 
vn 0.984252 0 -0.19685 
vn 1 0 0 
vn 0.874016 -0.448819 0.173228 
vn 0.984252 0 0.19685 
vn 0.874016 0.448819 0.173228 
vn 0.889764 0.448819 0 
vn 0.874016 0.448819 -0.173228 
vn 0.889764 -0.448819 0 
vn 0.874016 -0.448819 -0.173228 
vn 1 0 0 
vn 0.984252 0 -0.19685 
vn 1 0 0 
vn 0.874016 -0.448819 0.173228 
vn 0.984252 0 0.19685 
vn 0.874016 0.448819 0.173228 
vn 0.889764 0.448819 0 
vn 0.874016 0.448819 -0.173228 
vn -0.984252 0 0.19685 
vn -1 0 0 
vn -0.874016 -0.448819 0.173228 
vn -0.889764 -0.448819 0 
vn -0.874016 0.448819 0.173228 
vn -1 0 0 
vn -0.874016 -0.448819 -0.173228 
vn -0.889764 0.448819 0 
vn -0.984252 0 -0.19685 
vn -0.874016 0.448819 -0.173228 
vn 0.889764 -0.448819 0 
vn 0.874016 -0.448819 -0.173228 
vn 1 0 0 
vn 0.984252 0 -0.19685 
vn 1 0 0 
vn 0.874016 -0.448819 0.173228 
vn 0.984252 0 0.19685 
vn 0.874016 0.448819 0.173228 
vn 0.889764 0.448819 0 
vn 0.874016 0.448819 -0.173228 
vn -0.984252 0 0.19685 
vn -1 0 0 
vn -0.874016 -0.448819 0.173228 
vn -0.889764 -0.448819 0 
vn -0.874016 0.448819 0.173228 
vn -1 0 0 
vn -0.874016 -0.448819 -0.173228 
vn -0.889764 0.448819 0 
vn -0.984252 0 -0.19685 
vn -0.874016 0.448819 -0.173228 
vn 0.889764 -0.448819 0 
vn 0.874016 -0.448819 -0.173228 
vn 1 0 0 
vn 0.984252 0 -0.19685 
vn 1 0 0 
vn 0.874016 -0.448819 0.173228 
vn 0.984252 0 0.19685 
vn 0.874016 0.448819 0.173228 
vn 0.889764 0.448819 0 
vn 0.874016 0.448819 -0.173228 
vn -0.984252 0 -0.19685 
vn -0.826772 -0.448819 -0.338583 
vn -0.874016 -0.448819 -0.173228 
vn -0.92126 0 -0.385827 
vn -0.732283 -0.669291 -0.141732 
vn -0.889764 -0.448819 0 
vn -0.740157 -0.669291 0 
vn -0.984252 0 -0.19685 
vn -0.826772 0.448819 -0.338583 
vn -0.874016 0.448819 -0.173228 
vn -0.732283 -0.669291 0.141732 
vn -0.889764 -0.448819 0 
vn -0.874016 -0.448819 0.173228 
vn -0.889764 0.448819 0 
vn -0.732283 0.669291 -0.141732 
vn -0.740157 0.669291 0 
vn -0.826772 -0.448819 0.338583 
vn -0.984252 0 0.19685 
vn -0.92126 0 0.385827 
vn -0.889764 0.448819 0 
vn -0.732283 0.669291 0.141732 
vn -0.874016 0.448819 0.173228 
vn -0.826772 0.448819 0.338583 
vn -0.984252 0 0.19685 
vn -0.984252 0 -0.19685 
vn -0.826772 -0.448819 -0.338583 
vn -0.874016 -0.448819 -0.173228 
vn -0.92126 0 -0.385827 
vn -0.732283 -0.669291 -0.141732 
vn -0.889764 -0.448819 0 
vn -0.740157 -0.669291 0 
vn -0.984252 0 -0.19685 
vn -0.826772 0.448819 -0.338583 
vn -0.874016 0.448819 -0.173228 
vn -0.732283 -0.669291 0.141732 
vn -0.889764 -0.448819 0 
vn -0.874016 -0.448819 0.173228 
vn -0.889764 0.448819 0 
vn -0.732283 0.669291 -0.141732 
vn -0.740157 0.669291 0 
vn -0.826772 -0.448819 0.338583 
vn -0.984252 0 0.19685 
vn -0.92126 0 0.385827 
vn -0.889764 0.448819 0 
vn -0.732283 0.669291 0.141732 
vn -0.874016 0.448819 0.173228 
vn -0.826772 0.448819 0.338583 
vn -0.984252 0 0.19685 
vn 0.874016 -0.448819 -0.173228 
vn 0.826772 -0.448819 -0.338583 
vn 0.984252 0 -0.19685 
vn 0.92126 0 -0.385827 
vn 0.889764 -0.448819 0 
vn 0.732283 -0.669291 -0.141732 
vn 0.740157 -0.669291 0 
vn 0.826772 0.448819 -0.338583 
vn 0.984252 0 -0.19685 
vn 0.874016 0.448819 -0.173228 
vn 0.889764 -0.448819 0 
vn 0.732283 -0.669291 0.141732 
vn 0.874016 -0.448819 0.173228 
vn 0.732283 0.669291 -0.141732 
vn 0.889764 0.448819 0 
vn 0.740157 0.669291 0 
vn 0.984252 0 0.19685 
vn 0.826772 -0.448819 0.338583 
vn 0.92126 0 0.385827 
vn 0.732283 0.669291 0.141732 
vn 0.889764 0.448819 0 
vn 0.874016 0.448819 0.173228 
vn 0.984252 0 0.19685 
vn 0.826772 0.448819 0.338583 
vn 0.874016 -0.448819 -0.173228 
vn 0.826772 -0.448819 -0.338583 
vn 0.984252 0 -0.19685 
vn 0.92126 0 -0.385827 
vn 0.889764 -0.448819 0 
vn 0.732283 -0.669291 -0.141732 
vn 0.740157 -0.669291 0 
vn 0.826772 0.448819 -0.338583 
vn 0.984252 0 -0.19685 
vn 0.874016 0.448819 -0.173228 
vn 0.889764 -0.448819 0 
vn 0.732283 -0.669291 0.141732 
vn 0.874016 -0.448819 0.173228 
vn 0.732283 0.669291 -0.141732 
vn 0.889764 0.448819 0 
vn 0.740157 0.669291 0 
vn 0.984252 0 0.19685 
vn 0.826772 -0.448819 0.338583 
vn 0.92126 0 0.385827 
vn 0.732283 0.669291 0.141732 
vn 0.889764 0.448819 0 
vn 0.874016 0.448819 0.173228 
vn 0.984252 0 0.19685 
vn 0.826772 0.448819 0.338583 
vn -0.984252 0 -0.19685 
vn -0.826772 -0.448819 -0.338583 
vn -0.874016 -0.448819 -0.173228 
vn -0.92126 0 -0.385827 
vn -0.732283 -0.669291 -0.141732 
vn -0.889764 -0.448819 0 
vn -0.740157 -0.669291 0 
vn -0.984252 0 -0.19685 
vn -0.826772 0.448819 -0.338583 
vn -0.874016 0.448819 -0.173228 
vn -0.732283 -0.669291 0.141732 
vn -0.889764 -0.448819 0 
vn -0.874016 -0.448819 0.173228 
vn -0.889764 0.448819 0 
vn -0.732283 0.669291 -0.141732 
vn -0.740157 0.669291 0 
vn -0.826772 -0.448819 0.338583 
vn -0.984252 0 0.19685 
vn -0.92126 0 0.385827 
vn -0.889764 0.448819 0 
vn -0.732283 0.669291 0.141732 
vn -0.874016 0.448819 0.173228 
vn -0.826772 0.448819 0.338583 
vn -0.984252 0 0.19685 
vn 0.874016 -0.448819 -0.173228 
vn 0.826772 -0.448819 -0.338583 
vn 0.984252 0 -0.19685 
vn 0.92126 0 -0.385827 
vn 0.889764 -0.448819 0 
vn 0.732283 -0.669291 -0.141732 
vn 0.740157 -0.669291 0 
vn 0.826772 0.448819 -0.338583 
vn 0.984252 0 -0.19685 
vn 0.874016 0.448819 -0.173228 
vn 0.889764 -0.448819 0 
vn 0.732283 -0.669291 0.141732 
vn 0.874016 -0.448819 0.173228 
vn 0.732283 0.669291 -0.141732 
vn 0.889764 0.448819 0 
vn 0.740157 0.669291 0 
vn 0.984252 0 0.19685 
vn 0.826772 -0.448819 0.338583 
vn 0.92126 0 0.385827 
vn 0.732283 0.669291 0.141732 
vn 0.889764 0.448819 0 
vn 0.874016 0.448819 0.173228 
vn 0.984252 0 0.19685 
vn 0.826772 0.448819 0.338583 
vn -0.984252 0 -0.19685 
vn -0.826772 -0.448819 -0.338583 
vn -0.874016 -0.448819 -0.173228 
vn -0.92126 0 -0.385827 
vn -0.732283 -0.669291 -0.141732 
vn -0.889764 -0.448819 0 
vn -0.740157 -0.669291 0 
vn -0.984252 0 -0.19685 
vn -0.826772 0.448819 -0.338583 
vn -0.874016 0.448819 -0.173228 
vn -0.732283 -0.669291 0.141732 
vn -0.889764 -0.448819 0 
vn -0.874016 -0.448819 0.173228 
vn -0.889764 0.448819 0 
vn -0.732283 0.669291 -0.141732 
vn -0.740157 0.669291 0 
vn -0.826772 -0.448819 0.338583 
vn -0.984252 0 0.19685 
vn -0.92126 0 0.385827 
vn -0.889764 0.448819 0 
vn -0.732283 0.669291 0.141732 
vn -0.874016 0.448819 0.173228 
vn -0.826772 0.448819 0.338583 
vn -0.984252 0 0.19685 
vn 0.874016 -0.448819 -0.173228 
vn 0.826772 -0.448819 -0.338583 
vn 0.984252 0 -0.19685 
vn 0.92126 0 -0.385827 
vn 0.889764 -0.448819 0 
vn 0.732283 -0.669291 -0.141732 
vn 0.740157 -0.669291 0 
vn 0.826772 0.448819 -0.338583 
vn 0.984252 0 -0.19685 
vn 0.874016 0.448819 -0.173228 
vn 0.889764 -0.448819 0 
vn 0.732283 -0.669291 0.141732 
vn 0.874016 -0.448819 0.173228 
vn 0.732283 0.669291 -0.141732 
vn 0.889764 0.448819 0 
vn 0.740157 0.669291 0 
vn 0.984252 0 0.19685 
vn 0.826772 -0.448819 0.338583 
vn 0.92126 0 0.385827 
vn 0.732283 0.669291 0.141732 
vn 0.889764 0.448819 0 
vn 0.874016 0.448819 0.173228 
vn 0.984252 0 0.19685 
vn 0.826772 0.448819 0.338583 
vn 0 -0.834646 -0.551181 
vn 0.110236 -0.834646 -0.535433 
vn 0 -0.834646 -0.551181 
vn 0.110236 -0.834646 -0.535433 
vn -0.110236 -0.834646 -0.535433 
vn 0 -0.834646 -0.551181 
vn -0.110236 -0.834646 -0.535433 
vn 0.826772 -0.448819 -0.338583 
vn 0.740157 -0.448819 -0.496063 
vn 0.92126 0 -0.385827 
vn 0.834646 0 -0.559055 
vn 0.740157 0.448819 -0.496063 
vn 0.92126 0 -0.385827 
vn 0.826772 0.448819 -0.338583 
vn 0.685039 0.669291 -0.283465 
vn 0.874016 0.448819 -0.173228 
vn 0.732283 0.669291 -0.141732 
vn 0.685039 -0.669291 -0.283465 
vn 0.740157 -0.448819 -0.496063 
vn 0.614173 -0.669291 -0.409449 
vn 0.874016 -0.448819 -0.173228 
vn 0.685039 -0.669291 -0.283465 
vn 0.732283 -0.669291 -0.141732 
vn 0.110236 -0.834646 -0.535433 
vn 0.212598 -0.834646 -0.503937 
vn 0.110236 -0.834646 -0.535433 
vn 0.212598 -0.834646 -0.503937 
vn -0.110236 -0.834646 -0.535433 
vn -0.212598 -0.834646 -0.503937 
vn -0.212598 -0.834646 -0.503937 
vn -0.110236 -0.834646 -0.535433 
vn 0.307087 -0.834646 -0.456693 
vn 0.212598 -0.834646 -0.503937 
vn 0.307087 -0.834646 -0.456693 
vn 0.212598 -0.834646 -0.503937 
vn -0.307087 -0.834646 -0.456693 
vn -0.212598 -0.834646 -0.503937 
vn -0.307087 -0.834646 -0.456693 
vn -0.212598 -0.834646 -0.503937 
vn 0.740157 -0.448819 0.496063 
vn 0.92126 0 0.385827 
vn 0.834646 0 0.559055 
vn 0.826772 -0.448819 0.338583 
vn 0.92126 0 0.385827 
vn 0.740157 0.448819 0.496063 
vn 0.826772 0.448819 0.338583 
vn 0.740157 -0.448819 0.496063 
vn 0.685039 -0.669291 0.283465 
vn 0.622047 -0.669291 0.409449 
vn 0.685039 -0.669291 0.283465 
vn 0.874016 -0.448819 0.173228 
vn 0.732283 -0.669291 0.141732 
vn 0.874016 0.448819 0.173228 
vn 0.685039 0.669291 0.283465 
vn 0.732283 0.669291 0.141732 
vn 0.685039 0.669291 0.283465 
vn 0.740157 0.448819 0.496063 
vn 0.622047 0.669291 0.409449 
vn 0.740157 -0.448819 0.496063 
vn 0.92126 0 0.385827 
vn 0.834646 0 0.559055 
vn 0.826772 -0.448819 0.338583 
vn 0.92126 0 0.385827 
vn 0.740157 0.448819 0.496063 
vn 0.826772 0.448819 0.338583 
vn 0.740157 -0.448819 0.496063 
vn 0.685039 -0.669291 0.283465 
vn 0.622047 -0.669291 0.409449 
vn 0.685039 -0.669291 0.283465 
vn 0.874016 -0.448819 0.173228 
vn 0.732283 -0.669291 0.141732 
vn 0.685039 0.669291 0.283465 
vn 0.740157 0.448819 0.496063 
vn 0.622047 0.669291 0.409449 
vn 0.874016 0.448819 0.173228 
vn 0.685039 0.669291 0.283465 
vn 0.732283 0.669291 0.141732 
vn -0.834646 0 0.559055 
vn -0.92126 0 0.385827 
vn -0.740157 -0.448819 0.496063 
vn -0.826772 -0.448819 0.338583 
vn -0.740157 0.448819 0.496063 
vn -0.92126 0 0.385827 
vn -0.826772 0.448819 0.338583 
vn -0.685039 -0.669291 0.283465 
vn -0.740157 -0.448819 0.496063 
vn -0.614173 -0.669291 0.409449 
vn -0.874016 -0.448819 0.173228 
vn -0.685039 -0.669291 0.283465 
vn -0.732283 -0.669291 0.141732 
vn -0.685039 0.669291 0.283465 
vn -0.874016 0.448819 0.173228 
vn -0.732283 0.669291 0.141732 
vn -0.740157 0.448819 0.496063 
vn -0.685039 0.669291 0.283465 
vn -0.614173 0.669291 0.409449 
vn -0.834646 0 0.559055 
vn -0.92126 0 0.385827 
vn -0.740157 -0.448819 0.496063 
vn -0.826772 -0.448819 0.338583 
vn -0.740157 0.448819 0.496063 
vn -0.92126 0 0.385827 
vn -0.826772 0.448819 0.338583 
vn -0.685039 -0.669291 0.283465 
vn -0.740157 -0.448819 0.496063 
vn -0.614173 -0.669291 0.409449 
vn -0.874016 -0.448819 0.173228 
vn -0.685039 -0.669291 0.283465 
vn -0.732283 -0.669291 0.141732 
vn -0.740157 0.448819 0.496063 
vn -0.685039 0.669291 0.283465 
vn -0.614173 0.669291 0.409449 
vn -0.685039 0.669291 0.283465 
vn -0.874016 0.448819 0.173228 
vn -0.732283 0.669291 0.141732 
vn 0.740157 -0.448819 0.496063 
vn 0.92126 0 0.385827 
vn 0.834646 0 0.559055 
vn 0.826772 -0.448819 0.338583 
vn 0.92126 0 0.385827 
vn 0.740157 0.448819 0.496063 
vn 0.826772 0.448819 0.338583 
vn 0.740157 -0.448819 0.496063 
vn 0.685039 -0.669291 0.283465 
vn 0.622047 -0.669291 0.409449 
vn 0.685039 -0.669291 0.283465 
vn 0.874016 -0.448819 0.173228 
vn 0.732283 -0.669291 0.141732 
vn 0.685039 0.669291 0.283465 
vn 0.740157 0.448819 0.496063 
vn 0.622047 0.669291 0.409449 
vn 0.874016 0.448819 0.173228 
vn 0.685039 0.669291 0.283465 
vn 0.732283 0.669291 0.141732 
vn -0.834646 0 0.559055 
vn -0.92126 0 0.385827 
vn -0.740157 -0.448819 0.496063 
vn -0.826772 -0.448819 0.338583 
vn -0.740157 0.448819 0.496063 
vn -0.92126 0 0.385827 
vn -0.826772 0.448819 0.338583 
vn -0.685039 -0.669291 0.283465 
vn -0.740157 -0.448819 0.496063 
vn -0.614173 -0.669291 0.409449 
vn -0.874016 -0.448819 0.173228 
vn -0.685039 -0.669291 0.283465 
vn -0.732283 -0.669291 0.141732 
vn -0.740157 0.448819 0.496063 
vn -0.685039 0.669291 0.283465 
vn -0.614173 0.669291 0.409449 
vn -0.685039 0.669291 0.283465 
vn -0.874016 0.448819 0.173228 
vn -0.732283 0.669291 0.141732 
vn 0.740157 -0.448819 0.496063 
vn 0.92126 0 0.385827 
vn 0.834646 0 0.559055 
vn 0.826772 -0.448819 0.338583 
vn 0.92126 0 0.385827 
vn 0.740157 0.448819 0.496063 
vn 0.826772 0.448819 0.338583 
vn 0.740157 -0.448819 0.496063 
vn 0.685039 -0.669291 0.283465 
vn 0.622047 -0.669291 0.409449 
vn 0.685039 -0.669291 0.283465 
vn 0.874016 -0.448819 0.173228 
vn 0.732283 -0.669291 0.141732 
vn 0.685039 0.669291 0.283465 
vn 0.740157 0.448819 0.496063 
vn 0.622047 0.669291 0.409449 
vn 0.874016 0.448819 0.173228 
vn 0.685039 0.669291 0.283465 
vn 0.732283 0.669291 0.141732 
vn -0.834646 0 0.559055 
vn -0.92126 0 0.385827 
vn -0.740157 -0.448819 0.496063 
vn -0.826772 -0.448819 0.338583 
vn -0.740157 0.448819 0.496063 
vn -0.92126 0 0.385827 
vn -0.826772 0.448819 0.338583 
vn -0.685039 -0.669291 0.283465 
vn -0.740157 -0.448819 0.496063 
vn -0.614173 -0.669291 0.409449 
vn -0.874016 -0.448819 0.173228 
vn -0.685039 -0.669291 0.283465 
vn -0.732283 -0.669291 0.141732 
vn -0.740157 0.448819 0.496063 
vn -0.685039 0.669291 0.283465 
vn -0.614173 0.669291 0.409449 
vn -0.685039 0.669291 0.283465 
vn -0.874016 0.448819 0.173228 
vn -0.732283 0.669291 0.141732 
vn 0.385827 -0.834646 -0.385827 
vn 0.307087 -0.834646 -0.456693 
vn 0.385827 -0.834646 -0.385827 
vn 0.307087 -0.834646 -0.456693 
vn -0.385827 -0.834646 -0.385827 
vn -0.307087 -0.834646 -0.456693 
vn -0.385827 -0.834646 -0.385827 
vn -0.307087 -0.834646 -0.456693 
vn 0.385827 -0.834646 -0.385827 
vn 0.456693 -0.834646 -0.307087 
vn 0.385827 -0.834646 -0.385827 
vn 0.456693 -0.834646 -0.307087 
vn -0.456693 -0.834646 -0.307087 
vn -0.385827 -0.834646 -0.385827 
vn -0.456693 -0.834646 -0.307087 
vn -0.385827 -0.834646 -0.385827 
vn 0.629921 0.448819 0.629921 
vn 0.559055 0 0.834646 
vn 0.708661 0 0.708661 
vn 0.496063 0.448819 0.740157 
vn 0.622047 0.669291 0.409449 
vn 0.629921 0.448819 0.629921 
vn 0.740157 0.448819 0.496063 
vn 0.527559 0.669291 0.527559 
vn 0.409449 0.669291 0.614173 
vn 0.629921 0.448819 0.629921 
vn 0.409449 0.669291 0.614173 
vn 0.338583 0.448819 0.826772 
vn 0.283465 0.669291 0.685039 
vn -0.629921 0.448819 0.629921 
vn -0.834646 0 0.559055 
vn -0.708661 0 0.708661 
vn -0.740157 0.448819 0.496063 
vn -0.629921 0.448819 0.629921 
vn -0.614173 0.669291 0.409449 
vn -0.527559 0.669291 0.527559 
vn -0.629921 0.448819 0.629921 
vn -0.409449 0.669291 0.622047 
vn -0.496063 0.448819 0.740157 
vn -0.338583 0.448819 0.826772 
vn -0.409449 0.669291 0.622047 
vn -0.283465 0.669291 0.685039 
vn 0.456693 -0.834646 -0.307087 
vn 0.503937 -0.834646 -0.212598 
vn 0.456693 -0.834646 -0.307087 
vn 0.503937 -0.834646 -0.212598 
vn -0.503937 -0.834646 -0.212598 
vn -0.456693 -0.834646 -0.307087 
vn -0.503937 -0.834646 -0.212598 
vn -0.456693 -0.834646 -0.307087 
vn -0.535433 -0.834646 -0.110236 
vn -0.503937 -0.834646 -0.212598 
vn -0.535433 -0.834646 -0.110236 
vn -0.503937 -0.834646 -0.212598 
vn 0.503937 -0.834646 -0.212598 
vn 0.535433 -0.834646 -0.110236 
vn 0.503937 -0.834646 -0.212598 
vn 0.535433 -0.834646 -0.110236 
vn 0.629921 -0.448819 0.629921 
vn 0.834646 0 0.559055 
vn 0.708661 0 0.708661 
vn 0.740157 -0.448819 0.496063 
vn 0.629921 -0.448819 0.629921 
vn 0.622047 -0.669291 0.409449 
vn 0.527559 -0.669291 0.527559 
vn 0.629921 0.448819 0.629921 
vn 0.559055 0 0.834646 
vn 0.496063 0.448819 0.740157 
vn 0.409449 0.669291 0.614173 
vn 0.338583 0.448819 0.826772 
vn 0.283465 0.669291 0.685039 
vn 0.834646 0 0.559055 
vn 0.629921 0.448819 0.629921 
vn 0.740157 0.448819 0.496063 
vn 0.559055 0 0.834646 
vn 0.629921 -0.448819 0.629921 
vn 0.496063 -0.448819 0.740157 
vn 0.622047 0.669291 0.409449 
vn 0.629921 0.448819 0.629921 
vn 0.527559 0.669291 0.527559 
vn 0.338583 -0.448819 0.826772 
vn 0.409449 -0.669291 0.614173 
vn 0.283465 -0.669291 0.685039 
vn -0.559055 0 0.834646 
vn -0.629921 -0.448819 0.629921 
vn -0.496063 -0.448819 0.740157 
vn -0.708661 0 0.708661 
vn -0.409449 -0.669291 0.622047 
vn -0.338583 -0.448819 0.826772 
vn -0.283465 -0.669291 0.685039 
vn -0.629921 0.448819 0.629921 
vn -0.834646 0 0.559055 
vn -0.740157 0.448819 0.496063 
vn -0.629921 0.448819 0.629921 
vn -0.614173 0.669291 0.409449 
vn -0.527559 0.669291 0.527559 
vn -0.559055 0 0.834646 
vn -0.629921 0.448819 0.629921 
vn -0.496063 0.448819 0.740157 
vn -0.834646 0 0.559055 
vn -0.629921 -0.448819 0.629921 
vn -0.740157 -0.448819 0.496063 
vn -0.338583 0.448819 0.826772 
vn -0.409449 0.669291 0.622047 
vn -0.283465 0.669291 0.685039 
vn -0.614173 -0.669291 0.409449 
vn -0.629921 -0.448819 0.629921 
vn -0.527559 -0.669291 0.527559 
vn -0.535433 -0.834646 -0.110236 
vn -0.551181 -0.834646 0 
vn -0.535433 -0.834646 -0.110236 
vn -0.551181 -0.834646 0 
vn 0.535433 -0.834646 -0.110236 
vn 0.551181 -0.834646 0 
vn 0.535433 -0.834646 -0.110236 
vn 0.551181 -0.834646 0 
vn 0 0 1 
vn 0.173228 -0.448819 0.874016 
vn 0.19685 0 0.984252 
vn 0 -0.448819 0.889764 
vn 0.173228 0.448819 0.874016 
vn 0 0 1 
vn -0.173228 -0.448819 0.874016 
vn 0 0.448819 0.889764 
vn -0.19685 0 0.984252 
vn -0.173228 0.448819 0.874016 
vn 0 0 1 
vn 0.173228 -0.448819 0.874016 
vn 0.19685 0 0.984252 
vn 0 -0.448819 0.889764 
vn 0.173228 0.448819 0.874016 
vn 0 0 1 
vn -0.173228 -0.448819 0.874016 
vn 0 0.448819 0.889764 
vn -0.19685 0 0.984252 
vn -0.173228 0.448819 0.874016 
vn 0 0 1 
vn 0.173228 -0.448819 0.874016 
vn 0.19685 0 0.984252 
vn 0 -0.448819 0.889764 
vn 0.173228 0.448819 0.874016 
vn 0 0 1 
vn -0.173228 -0.448819 0.874016 
vn 0 0.448819 0.889764 
vn -0.19685 0 0.984252 
vn -0.173228 0.448819 0.874016 
vn 0 0 1 
vn 0.173228 -0.448819 0.874016 
vn 0.19685 0 0.984252 
vn 0 -0.448819 0.889764 
vn 0.173228 0.448819 0.874016 
vn 0 0 1 
vn -0.173228 -0.448819 0.874016 
vn 0 0.448819 0.889764 
vn -0.19685 0 0.984252 
vn -0.173228 0.448819 0.874016 
vn 0.385827 0 0.92126 
vn 0.496063 -0.448819 0.740157 
vn 0.559055 0 0.834646 
vn 0.338583 -0.448819 0.826772 
vn 0.496063 0.448819 0.740157 
vn 0.385827 0 0.92126 
vn 0.338583 0.448819 0.826772 
vn 0.173228 -0.448819 0.874016 
vn 0.283465 -0.669291 0.685039 
vn 0.141732 -0.669291 0.732283 
vn 0.283465 0.669291 0.685039 
vn 0.173228 0.448819 0.874016 
vn 0.141732 0.669291 0.732283 
vn 0.385827 0 0.92126 
vn 0.496063 -0.448819 0.740157 
vn 0.559055 0 0.834646 
vn 0.338583 -0.448819 0.826772 
vn 0.496063 0.448819 0.740157 
vn 0.385827 0 0.92126 
vn 0.338583 0.448819 0.826772 
vn 0.173228 -0.448819 0.874016 
vn 0.283465 -0.669291 0.685039 
vn 0.141732 -0.669291 0.732283 
vn 0.283465 0.669291 0.685039 
vn 0.173228 0.448819 0.874016 
vn 0.141732 0.669291 0.732283 
vn -0.385827 0 0.92126 
vn -0.496063 -0.448819 0.740157 
vn -0.338583 -0.448819 0.826772 
vn -0.559055 0 0.834646 
vn -0.283465 -0.669291 0.685039 
vn -0.173228 -0.448819 0.874016 
vn -0.141732 -0.669291 0.732283 
vn -0.385827 0 0.92126 
vn -0.496063 0.448819 0.740157 
vn -0.338583 0.448819 0.826772 
vn -0.173228 0.448819 0.874016 
vn -0.283465 0.669291 0.685039 
vn -0.141732 0.669291 0.732283 
vn -0.385827 0 0.92126 
vn -0.496063 -0.448819 0.740157 
vn -0.338583 -0.448819 0.826772 
vn -0.559055 0 0.834646 
vn -0.283465 -0.669291 0.685039 
vn -0.173228 -0.448819 0.874016 
vn -0.141732 -0.669291 0.732283 
vn -0.385827 0 0.92126 
vn -0.496063 0.448819 0.740157 
vn -0.338583 0.448819 0.826772 
vn -0.173228 0.448819 0.874016 
vn -0.283465 0.669291 0.685039 
vn -0.141732 0.669291 0.732283 
vn 0.385827 0 0.92126 
vn 0.496063 -0.448819 0.740157 
vn 0.559055 0 0.834646 
vn 0.338583 -0.448819 0.826772 
vn 0.496063 0.448819 0.740157 
vn 0.385827 0 0.92126 
vn 0.338583 0.448819 0.826772 
vn 0.173228 -0.448819 0.874016 
vn 0.283465 -0.669291 0.685039 
vn 0.141732 -0.669291 0.732283 
vn 0.283465 0.669291 0.685039 
vn 0.173228 0.448819 0.874016 
vn 0.141732 0.669291 0.732283 
vn -0.385827 0 0.92126 
vn -0.496063 -0.448819 0.740157 
vn -0.338583 -0.448819 0.826772 
vn -0.559055 0 0.834646 
vn -0.283465 -0.669291 0.685039 
vn -0.173228 -0.448819 0.874016 
vn -0.141732 -0.669291 0.732283 
vn -0.385827 0 0.92126 
vn -0.496063 0.448819 0.740157 
vn -0.338583 0.448819 0.826772 
vn -0.173228 0.448819 0.874016 
vn -0.283465 0.669291 0.685039 
vn -0.141732 0.669291 0.732283 
vn 0.385827 0 0.92126 
vn 0.496063 -0.448819 0.740157 
vn 0.559055 0 0.834646 
vn 0.338583 -0.448819 0.826772 
vn 0.496063 0.448819 0.740157 
vn 0.385827 0 0.92126 
vn 0.338583 0.448819 0.826772 
vn 0.173228 -0.448819 0.874016 
vn 0.283465 -0.669291 0.685039 
vn 0.141732 -0.669291 0.732283 
vn 0.283465 0.669291 0.685039 
vn 0.173228 0.448819 0.874016 
vn 0.141732 0.669291 0.732283 
vn -0.385827 0 0.92126 
vn -0.496063 -0.448819 0.740157 
vn -0.338583 -0.448819 0.826772 
vn -0.559055 0 0.834646 
vn -0.283465 -0.669291 0.685039 
vn -0.173228 -0.448819 0.874016 
vn -0.141732 -0.669291 0.732283 
vn -0.385827 0 0.92126 
vn -0.496063 0.448819 0.740157 
vn -0.338583 0.448819 0.826772 
vn -0.173228 0.448819 0.874016 
vn -0.283465 0.669291 0.685039 
vn -0.141732 0.669291 0.732283 
vn -0.551181 -0.834646 0 
vn -0.535433 -0.834646 0.110236 
vn -0.551181 -0.834646 0 
vn -0.535433 -0.834646 0.110236 
vn 0.551181 -0.834646 0 
vn 0.535433 -0.834646 0.110236 
vn 0.551181 -0.834646 0 
vn 0.535433 -0.834646 0.110236 
vn 0.456693 -0.834646 0.307087 
vn 0.503937 -0.834646 0.212598 
vn 0.503937 -0.834646 0.212598 
vn 0.456693 -0.834646 0.307087 
vn 0.503937 -0.834646 0.212598 
vn 0.535433 -0.834646 0.110236 
vn 0.535433 -0.834646 0.110236 
vn -0.535433 -0.834646 0.110236 
vn -0.503937 -0.834646 0.212598 
vn -0.503937 -0.834646 0.212598 
vn -0.535433 -0.834646 0.110236 
vn 0.826772 -0.448819 -0.338583 
vn 0.740157 -0.448819 -0.496063 
vn 0.92126 0 -0.385827 
vn 0.834646 0 -0.559055 
vn 0.874016 -0.448819 -0.173228 
vn 0.685039 -0.669291 -0.283465 
vn 0.732283 -0.669291 -0.141732 
vn 0.740157 0.448819 -0.496063 
vn 0.92126 0 -0.385827 
vn 0.826772 0.448819 -0.338583 
vn 0.740157 0.448819 -0.496063 
vn 0.685039 0.669291 -0.283465 
vn 0.614173 0.669291 -0.409449 
vn 0.685039 0.669291 -0.283465 
vn 0.874016 0.448819 -0.173228 
vn 0.732283 0.669291 -0.141732 
vn -0.503937 -0.834646 0.212598 
vn -0.456693 -0.834646 0.307087 
vn -0.456693 -0.834646 0.307087 
vn -0.503937 -0.834646 0.212598 
vn 0.19685 0 0.984252 
vn 0.338583 -0.448819 0.826772 
vn 0.385827 0 0.92126 
vn 0.173228 -0.448819 0.874016 
vn 0.338583 0.448819 0.826772 
vn 0.19685 0 0.984252 
vn 0.173228 0.448819 0.874016 
vn 0 -0.448819 0.889764 
vn 0.141732 -0.669291 0.732283 
vn 0 -0.669291 0.740157 
vn 0.141732 0.669291 0.732283 
vn 0 0.448819 0.889764 
vn 0 0.669291 0.740157 
vn 0 -0.448819 0.889764 
vn -0.141732 -0.669291 0.732283 
vn -0.173228 -0.448819 0.874016 
vn -0.141732 0.669291 0.732283 
vn 0 0.448819 0.889764 
vn -0.173228 0.448819 0.874016 
vn -0.19685 0 0.984252 
vn -0.338583 -0.448819 0.826772 
vn -0.385827 0 0.92126 
vn -0.338583 0.448819 0.826772 
vn -0.19685 0 0.984252 
vn 0.19685 0 0.984252 
vn 0.338583 -0.448819 0.826772 
vn 0.385827 0 0.92126 
vn 0.173228 -0.448819 0.874016 
vn 0.338583 0.448819 0.826772 
vn 0.19685 0 0.984252 
vn 0.173228 0.448819 0.874016 
vn 0 -0.448819 0.889764 
vn 0.141732 -0.669291 0.732283 
vn 0 -0.669291 0.740157 
vn 0.141732 0.669291 0.732283 
vn 0 0.448819 0.889764 
vn 0 0.669291 0.740157 
vn 0 -0.448819 0.889764 
vn -0.141732 -0.669291 0.732283 
vn -0.173228 -0.448819 0.874016 
vn -0.141732 0.669291 0.732283 
vn 0 0.448819 0.889764 
vn -0.173228 0.448819 0.874016 
vn -0.19685 0 0.984252 
vn -0.338583 -0.448819 0.826772 
vn -0.385827 0 0.92126 
vn -0.338583 0.448819 0.826772 
vn -0.19685 0 0.984252 
vn 0.19685 0 0.984252 
vn 0.338583 -0.448819 0.826772 
vn 0.385827 0 0.92126 
vn 0.173228 -0.448819 0.874016 
vn 0.338583 0.448819 0.826772 
vn 0.19685 0 0.984252 
vn 0.173228 0.448819 0.874016 
vn 0 -0.448819 0.889764 
vn 0.141732 -0.669291 0.732283 
vn 0 -0.669291 0.740157 
vn 0.141732 0.669291 0.732283 
vn 0 0.448819 0.889764 
vn 0 0.669291 0.740157 
vn 0 -0.448819 0.889764 
vn -0.141732 -0.669291 0.732283 
vn -0.173228 -0.448819 0.874016 
vn -0.141732 0.669291 0.732283 
vn 0 0.448819 0.889764 
vn -0.173228 0.448819 0.874016 
vn -0.19685 0 0.984252 
vn -0.338583 -0.448819 0.826772 
vn -0.385827 0 0.92126 
vn -0.338583 0.448819 0.826772 
vn -0.19685 0 0.984252 
vn 0.19685 0 0.984252 
vn 0.338583 -0.448819 0.826772 
vn 0.385827 0 0.92126 
vn 0.173228 -0.448819 0.874016 
vn 0.338583 0.448819 0.826772 
vn 0.19685 0 0.984252 
vn 0.173228 0.448819 0.874016 
vn 0 -0.448819 0.889764 
vn 0.141732 -0.669291 0.732283 
vn 0 -0.669291 0.740157 
vn 0.141732 0.669291 0.732283 
vn 0 0.448819 0.889764 
vn 0 0.669291 0.740157 
vn 0 -0.448819 0.889764 
vn -0.141732 -0.669291 0.732283 
vn -0.173228 -0.448819 0.874016 
vn -0.141732 0.669291 0.732283 
vn 0 0.448819 0.889764 
vn -0.173228 0.448819 0.874016 
vn -0.19685 0 0.984252 
vn -0.338583 -0.448819 0.826772 
vn -0.385827 0 0.92126 
vn -0.338583 0.448819 0.826772 
vn -0.19685 0 0.984252 
vn 0.307087 -0.834646 0.456693 
vn 0.385827 -0.834646 0.385827 
vn 0.307087 -0.834646 0.456693 
vn 0.385827 -0.834646 0.385827 
vn 0.456693 -0.834646 0.307087 
vn 0.385827 -0.834646 0.385827 
vn 0.456693 -0.834646 0.307087 
vn -0.456693 -0.834646 0.307087 
vn -0.385827 -0.834646 0.385827 
vn -0.385827 -0.834646 0.385827 
vn -0.456693 -0.834646 0.307087 
vn -0.385827 -0.834646 0.385827 
vn -0.307087 -0.834646 0.456693 
vn -0.307087 -0.834646 0.456693 
vn -0.385827 -0.834646 0.385827 
vn -0.307087 -0.834646 0.456693 
vn -0.212598 -0.834646 0.503937 
vn -0.212598 -0.834646 0.503937 
vn 0.110236 -0.834646 0.535433 
vn 0.212598 -0.834646 0.503937 
vn 0.110236 -0.834646 0.535433 
vn 0.212598 -0.834646 0.503937 
vn 0.212598 -0.834646 0.503937 
vn 0.307087 -0.834646 0.456693 
vn 0.307087 -0.834646 0.456693 
vn -0.110236 -0.834646 0.535433 
vn -0.212598 -0.834646 0.503937 
vn -0.110236 -0.834646 0.535433 
vn -0.212598 -0.834646 0.503937 
vn 0.110236 -0.834646 0.535433 
vn 0 -0.834646 0.551181 
vn 0.110236 -0.834646 0.535433 
vn 0 -0.834646 0.551181 
vn 0 -0.834646 0.551181 
vn -0.110236 -0.834646 0.535433 
vn 0 -0.834646 0.551181 
vn -0.110236 -0.834646 0.535433 
vn -0.559055 0 0.834646 
vn -0.629921 -0.448819 0.629921 
vn -0.496063 -0.448819 0.740157 
vn -0.409449 -0.669291 0.622047 
vn -0.338583 -0.448819 0.826772 
vn -0.283465 -0.669291 0.685039 
vn -0.409449 -0.669291 0.622047 
vn -0.629921 -0.448819 0.629921 
vn -0.527559 -0.669291 0.527559 
vn -0.629921 -0.448819 0.629921 
vn -0.614173 -0.669291 0.409449 
vn -0.740157 -0.448819 0.496063 
vn -0.629921 -0.448819 0.629921 
vn -0.834646 0 0.559055 
vn -0.559055 0 0.834646 
vn -0.629921 0.448819 0.629921 
vn 0.629921 -0.448819 0.629921 
vn 0.834646 0 0.559055 
vn 0.740157 -0.448819 0.496063 
vn 0.629921 -0.448819 0.629921 
vn 0.622047 -0.669291 0.409449 
vn 0.527559 -0.669291 0.527559 
vn 0.629921 -0.448819 0.629921 
vn 0.409449 -0.669291 0.614173 
vn 0.496063 -0.448819 0.740157 
vn 0.629921 -0.448819 0.629921 
vn 0.559055 0 0.834646 
vn 0.338583 -0.448819 0.826772 
vn 0.409449 -0.669291 0.614173 
vn 0.283465 -0.669291 0.685039 
vn 0.834646 0 0.559055 
vn 0.629921 0.448819 0.629921 
vn 0 0.834646 -0.551181 
vn -0.110236 0.834646 -0.535433 
vn 0 0.834646 -0.551181 
vn -0.110236 0.834646 -0.535433 
vn 0.110236 0.834646 -0.535433 
vn 0 0.834646 -0.551181 
vn 0.110236 0.834646 -0.535433 
vn -0.110236 0.834646 -0.535433 
vn -0.212598 0.834646 -0.503937 
vn -0.110236 0.834646 -0.535433 
vn -0.212598 0.834646 -0.503937 
vn 0.110236 0.834646 -0.535433 
vn 0.212598 0.834646 -0.503937 
vn 0.212598 0.834646 -0.503937 
vn 0.110236 0.834646 -0.535433 
vn -0.307087 0.834646 -0.456693 
vn -0.212598 0.834646 -0.503937 
vn -0.307087 0.834646 -0.456693 
vn -0.212598 0.834646 -0.503937 
vn 0.307087 0.834646 -0.456693 
vn 0.212598 0.834646 -0.503937 
vn 0.307087 0.834646 -0.456693 
vn 0.212598 0.834646 -0.503937 
vn -0.385827 0.834646 -0.385827 
vn -0.307087 0.834646 -0.456693 
vn -0.385827 0.834646 -0.385827 
vn -0.307087 0.834646 -0.456693 
vn 0.385827 0.834646 -0.385827 
vn 0.307087 0.834646 -0.456693 
vn 0.385827 0.834646 -0.385827 
vn 0.307087 0.834646 -0.456693 
vn 0.496063 -0.448819 -0.740157 
vn 0.527559 -0.669291 -0.527559 
vn 0.409449 -0.669291 -0.622047 
vn 0.629921 -0.448819 -0.629921 
vn -0.409449 -0.669291 -0.614173 
vn -0.527559 -0.669291 -0.527559 
vn -0.496063 -0.448819 -0.740157 
vn -0.629921 -0.448819 -0.629921 
vn -0.385827 0.834646 -0.385827 
vn -0.456693 0.834646 -0.307087 
vn -0.385827 0.834646 -0.385827 
vn -0.456693 0.834646 -0.307087 
vn 0.456693 0.834646 -0.307087 
vn 0.385827 0.834646 -0.385827 
vn 0.456693 0.834646 -0.307087 
vn 0.385827 0.834646 -0.385827 
vn -0.456693 0.834646 -0.307087 
vn -0.503937 0.834646 -0.212598 
vn -0.456693 0.834646 -0.307087 
vn -0.503937 0.834646 -0.212598 
vn 0.503937 0.834646 -0.212598 
vn 0.456693 0.834646 -0.307087 
vn 0.503937 0.834646 -0.212598 
vn 0.456693 0.834646 -0.307087 
vn 0.535433 0.834646 -0.110236 
vn 0.503937 0.834646 -0.212598 
vn 0.535433 0.834646 -0.110236 
vn 0.503937 0.834646 -0.212598 
vn -0.503937 0.834646 -0.212598 
vn -0.535433 0.834646 -0.110236 
vn -0.503937 0.834646 -0.212598 
vn -0.535433 0.834646 -0.110236 
vn 0.535433 0.834646 -0.110236 
vn 0.551181 0.834646 0 
vn 0.535433 0.834646 -0.110236 
vn 0.551181 0.834646 0 
vn -0.535433 0.834646 -0.110236 
vn -0.551181 0.834646 0 
vn -0.535433 0.834646 -0.110236 
vn -0.551181 0.834646 0 
vn 0.551181 0.834646 0 
vn 0.535433 0.834646 0.110236 
vn 0.551181 0.834646 0 
vn 0.535433 0.834646 0.110236 
vn -0.551181 0.834646 0 
vn -0.535433 0.834646 0.110236 
vn -0.551181 0.834646 0 
vn -0.535433 0.834646 0.110236 
vn -0.456693 0.834646 0.307087 
vn -0.385827 0.834646 0.385827 
vn -0.456693 0.834646 0.307087 
vn -0.385827 0.834646 0.385827 
vn -0.503937 0.834646 0.212598 
vn -0.456693 0.834646 0.307087 
vn -0.503937 0.834646 0.212598 
vn -0.503937 0.834646 0.212598 
vn -0.535433 0.834646 0.110236 
vn -0.535433 0.834646 0.110236 
vn 0.535433 0.834646 0.110236 
vn 0.503937 0.834646 0.212598 
vn 0.503937 0.834646 0.212598 
vn 0.535433 0.834646 0.110236 
vn 0.503937 0.834646 0.212598 
vn 0.456693 0.834646 0.307087 
vn 0.456693 0.834646 0.307087 
vn 0.503937 0.834646 0.212598 
vn 0.456693 0.834646 0.307087 
vn 0.385827 0.834646 0.385827 
vn 0.385827 0.834646 0.385827 
vn 0.456693 0.834646 0.307087 
vn -0.212598 0.834646 0.503937 
vn -0.307087 0.834646 0.456693 
vn -0.212598 0.834646 0.503937 
vn -0.307087 0.834646 0.456693 
vn -0.307087 0.834646 0.456693 
vn -0.385827 0.834646 0.385827 
vn -0.385827 0.834646 0.385827 
vn 0.385827 0.834646 0.385827 
vn 0.307087 0.834646 0.456693 
vn 0.307087 0.834646 0.456693 
vn 0.385827 0.834646 0.385827 
vn 0.212598 0.834646 0.503937 
vn 0.307087 0.834646 0.456693 
vn 0.212598 0.834646 0.503937 
vn 0.307087 0.834646 0.456693 
vn 0.212598 0.834646 0.503937 
vn 0.110236 0.834646 0.535433 
vn 0.110236 0.834646 0.535433 
vn -0.110236 0.834646 0.535433 
vn -0.212598 0.834646 0.503937 
vn -0.110236 0.834646 0.535433 
vn -0.212598 0.834646 0.503937 
vn -0.110236 0.834646 0.535433 
vn 0 0.834646 0.551181 
vn -0.110236 0.834646 0.535433 
vn 0 0.834646 0.551181 
vn 0 0.834646 0.551181 
vn 0.110236 0.834646 0.535433 
vn 0 0.834646 0.551181 
vn 0.110236 0.834646 0.535433 
vn 0.629921 0.448819 0.629921 
vn 0.559055 0 0.834646 
vn 0.496063 0.448819 0.740157 
vn 0.622047 0.669291 0.409449 
vn 0.629921 0.448819 0.629921 
vn 0.527559 0.669291 0.527559 
vn 0.409449 0.669291 0.614173 
vn 0.629921 0.448819 0.629921 
vn 0.409449 0.669291 0.614173 
vn 0.338583 0.448819 0.826772 
vn 0.283465 0.669291 0.685039 
vn -0.496063 0.448819 -0.740157 
vn -0.527559 0.669291 -0.527559 
vn -0.409449 0.669291 -0.614173 
vn -0.629921 0.448819 -0.629921 
vn 0.409449 0.669291 -0.622047 
vn 0.527559 0.669291 -0.527559 
vn 0.496063 0.448819 -0.740157 
vn 0.629921 0.448819 -0.629921 
vn -0.629921 0.448819 0.629921 
vn -0.834646 0 0.559055 
vn -0.740157 0.448819 0.496063 
vn -0.629921 0.448819 0.629921 
vn -0.614173 0.669291 0.409449 
vn -0.527559 0.669291 0.527559 
vn -0.629921 0.448819 0.629921 
vn -0.409449 0.669291 0.622047 
vn -0.338583 0.448819 0.826772 
vn -0.409449 0.669291 0.622047 
vn -0.283465 0.669291 0.685039 
vn -0.559055 0 0.834646 
vn -0.629921 -0.448819 0.629921 
vn -0.496063 -0.448819 0.740157 
vn -0.409449 -0.669291 0.622047 
vn -0.338583 -0.448819 0.826772 
vn -0.283465 -0.669291 0.685039 
vn -0.409449 -0.669291 0.622047 
vn -0.629921 -0.448819 0.629921 
vn -0.527559 -0.669291 0.527559 
vn -0.629921 -0.448819 0.629921 
vn -0.614173 -0.669291 0.409449 
vn -0.740157 -0.448819 0.496063 
vn -0.629921 -0.448819 0.629921 
vn -0.834646 0 0.559055 
vn -0.559055 0 0.834646 
vn -0.629921 0.448819 0.629921 
vn 0.629921 -0.448819 0.629921 
vn 0.834646 0 0.559055 
vn 0.740157 -0.448819 0.496063 
vn 0.629921 -0.448819 0.629921 
vn 0.622047 -0.669291 0.409449 
vn 0.527559 -0.669291 0.527559 
vn 0.629921 -0.448819 0.629921 
vn 0.409449 -0.669291 0.614173 
vn 0.496063 -0.448819 0.740157 
vn 0.629921 -0.448819 0.629921 
vn 0.559055 0 0.834646 
vn 0.338583 -0.448819 0.826772 
vn 0.409449 -0.669291 0.614173 
vn 0.283465 -0.669291 0.685039 
vn 0.834646 0 0.559055 
vn 0.629921 0.448819 0.629921 
vn 0.708661 0 0.708661 
vn 0.559055 0 0.834646 
vn 0.559055 0 0.834646 
vn 0.385827 0 0.92126 
vn 0.385827 0 0.92126 
vn 0.19685 0 0.984252 
vn 0.19685 0 0.984252 
vn 0 0 1 
vn 0 0 1 
vn -0.19685 0 0.984252 
vn -0.19685 0 0.984252 
vn -0.385827 0 0.92126 
vn -0.385827 0 0.92126 
vn -0.559055 0 0.834646 
vn -0.559055 0 0.834646 
vn -0.708661 0 0.708661 
vn -0.708661 0 0.708661 
vn -0.834646 0 0.559055 
vn -0.834646 0 0.559055 
vn -0.92126 0 0.385827 
vn -0.92126 0 0.385827 
vn -0.984252 0 0.19685 
vn -0.984252 0 0.19685 
vn -1 0 0 
vn -1 0 0 
vn -0.984252 0 -0.19685 
vn -0.984252 0 -0.19685 
vn -0.92126 0 -0.385827 
vn -0.92126 0 -0.385827 
vn -0.834646 0 -0.559055 
vn -0.834646 0 -0.559055 
vn -0.708661 0 -0.708661 
vn -0.708661 0 -0.708661 
vn -0.559055 0 -0.834646 
vn -0.559055 0 -0.834646 
vn -0.385827 0 -0.92126 
vn -0.385827 0 -0.92126 
vn -0.19685 0 -0.984252 
vn -0.19685 0 -0.984252 
vn 0 0 -1 
vn 0 0 -1 
vn 0.92126 0 0.385827 
vn 0.92126 0 0.385827 
vn 0.984252 0 0.19685 
vn 0.834646 0 0.559055 
vn 0.984252 0 0.19685 
vn 0.834646 0 0.559055 
vn 1 0 0 
vn 0.708661 0 0.708661 
vn 1 0 0 
vn 0.708661 0 0.708661 
vn 0.984252 0 -0.19685 
vn 0.559055 0 0.834646 
vn 0.984252 0 -0.19685 
vn 0.559055 0 0.834646 
vn 0.92126 0 -0.385827 
vn 0.385827 0 0.92126 
vn 0.92126 0 -0.385827 
vn 0.385827 0 0.92126 
vn 0.834646 0 -0.559055 
vn 0.19685 0 0.984252 
vn 0.834646 0 -0.559055 
vn 0.19685 0 0.984252 
vn 0.708661 0 -0.708661 
vn 0 0 1 
vn 0.708661 0 -0.708661 
vn 0 0 1 
vn 0.559055 0 -0.834646 
vn -0.19685 0 0.984252 
vn 0.559055 0 -0.834646 
vn -0.19685 0 0.984252 
vn 0.385827 0 -0.92126 
vn -0.385827 0 0.92126 
vn 0.385827 0 -0.92126 
vn -0.385827 0 0.92126 
vn 0.19685 0 -0.984252 
vn -0.559055 0 0.834646 
vn 0.19685 0 -0.984252 
vn 0 0 -1 
vn 0 0 -1 
vn -0.559055 0 0.834646 
vn -0.708661 0 0.708661 
vn -0.708661 0 0.708661 
vn -0.834646 0 0.559055 
vn -0.834646 0 0.559055 
vn -0.92126 0 0.385827 
vn -0.92126 0 0.385827 
vn -0.984252 0 0.19685 
vn -0.984252 0 0.19685 
vn -1 0 0 
vn -1 0 0 
vn -0.984252 0 -0.19685 
vn -0.984252 0 -0.19685 
vn -0.92126 0 -0.385827 
vn -0.92126 0 -0.385827 
vn -0.834646 0 -0.559055 
vn -0.834646 0 -0.559055 
vn -0.708661 0 -0.708661 
vn -0.708661 0 -0.708661 
vn -0.559055 0 -0.834646 
vn -0.559055 0 -0.834646 
vn -0.385827 0 -0.92126 
vn -0.385827 0 -0.92126 
vn -0.19685 0 -0.984252 
vn -0.19685 0 -0.984252 
vn 0 0 -1 
vn 0 0 -1 
vn 0.92126 0 0.385827 
vn 0.92126 0 0.385827 
vn 0.984252 0 0.19685 
vn 0.834646 0 0.559055 
vn 0.984252 0 0.19685 
vn 0.834646 0 0.559055 
vn 1 0 0 
vn 0.708661 0 0.708661 
vn 1 0 0 
vn 0.708661 0 0.708661 
vn 0.984252 0 -0.19685 
vn 0.559055 0 0.834646 
vn 0.984252 0 -0.19685 
vn 0.559055 0 0.834646 
vn 0.92126 0 -0.385827 
vn 0.385827 0 0.92126 
vn 0.92126 0 -0.385827 
vn 0.385827 0 0.92126 
vn 0.834646 0 -0.559055 
vn 0.19685 0 0.984252 
vn 0.834646 0 -0.559055 
vn 0.19685 0 0.984252 
vn 0.708661 0 -0.708661 
vn 0 0 1 
vn 0.708661 0 -0.708661 
vn 0 0 1 
vn 0.559055 0 -0.834646 
vn -0.19685 0 0.984252 
vn 0.559055 0 -0.834646 
vn -0.19685 0 0.984252 
vn 0.385827 0 -0.92126 
vn -0.385827 0 0.92126 
vn 0.385827 0 -0.92126 
vn -0.385827 0 0.92126 
vn 0.19685 0 -0.984252 
vn -0.559055 0 0.834646 
vn 0.19685 0 -0.984252 
vn 0 0 -1 
vn 0 0 -1 
vn -0.559055 0 0.834646 
vn -0.708661 0 0.708661 
vn -0.708661 0 0.708661 
vn -0.834646 0 0.559055 
vn -0.834646 0 0.559055 
vn -0.92126 0 0.385827 
vn -0.92126 0 0.385827 
vn -0.984252 0 0.19685 
vn -0.984252 0 0.19685 
vn -1 0 0 
vn -1 0 0 
vn -0.984252 0 -0.19685 
vn -0.984252 0 -0.19685 
vn -0.92126 0 -0.385827 
vn -0.92126 0 -0.385827 
vn -0.834646 0 -0.559055 
vn -0.834646 0 -0.559055 
vn -0.708661 0 -0.708661 
vn -0.708661 0 -0.708661 
vn -0.559055 0 -0.834646 
vn -0.559055 0 -0.834646 
vn -0.385827 0 -0.92126 
vn -0.385827 0 -0.92126 
vn -0.19685 0 -0.984252 
vn -0.19685 0 -0.984252 
vn 0 0 -1 
vn 0 0 -1 
vn -0.409449 -0.669291 -0.614173 
vn -0.527559 -0.669291 -0.527559 
vn -0.496063 -0.448819 -0.740157 
vn -0.629921 -0.448819 -0.629921 
vn 0.740157 -0.448819 -0.496063 
vn 0.527559 -0.669291 -0.527559 
vn 0.629921 -0.448819 -0.629921 
vn 0.614173 -0.669291 -0.409449 
vn 0.527559 -0.669291 -0.527559 
vn 0.496063 -0.448819 -0.740157 
vn 0.409449 -0.669291 -0.622047 
vn 0.92126 0 0.385827 
vn 0.92126 0 0.385827 
vn 0.984252 0 0.19685 
vn 0.834646 0 0.559055 
vn 0.984252 0 0.19685 
vn 0.834646 0 0.559055 
vn 1 0 0 
vn 0.708661 0 0.708661 
vn 1 0 0 
vn 0.708661 0 0.708661 
vn 0.984252 0 -0.19685 
vn 0.559055 0 0.834646 
vn 0.984252 0 -0.19685 
vn 0.559055 0 0.834646 
vn 0.92126 0 -0.385827 
vn 0.385827 0 0.92126 
vn 0.92126 0 -0.385827 
vn 0.385827 0 0.92126 
vn 0.834646 0 -0.559055 
vn 0.19685 0 0.984252 
vn 0.834646 0 -0.559055 
vn 0.19685 0 0.984252 
vn 0.708661 0 -0.708661 
vn 0 0 1 
vn 0.708661 0 -0.708661 
vn 0 0 1 
vn 0.559055 0 -0.834646 
vn -0.19685 0 0.984252 
vn 0.559055 0 -0.834646 
vn -0.19685 0 0.984252 
vn 0.385827 0 -0.92126 
vn -0.385827 0 0.92126 
vn 0.385827 0 -0.92126 
vn -0.385827 0 0.92126 
vn 0.19685 0 -0.984252 
vn -0.559055 0 0.834646 
vn 0.19685 0 -0.984252 
vn 0 0 -1 
vn 0 0 -1 
vn -0.559055 0 0.834646 
vn -0.708661 0 0.708661 
vn -0.708661 0 0.708661 
vn -0.834646 0 0.559055 
vn -0.834646 0 0.559055 
vn -0.92126 0 0.385827 
vn -0.92126 0 0.385827 
vn -0.984252 0 0.19685 
vn -0.984252 0 0.19685 
vn -1 0 0 
vn -1 0 0 
vn -0.984252 0 -0.19685 
vn -0.984252 0 -0.19685 
vn -0.92126 0 -0.385827 
vn -0.92126 0 -0.385827 
vn -0.834646 0 -0.559055 
vn -0.834646 0 -0.559055 
vn -0.708661 0 -0.708661 
vn -0.708661 0 -0.708661 
vn -0.559055 0 -0.834646 
vn -0.559055 0 -0.834646 
vn -0.385827 0 -0.92126 
vn -0.385827 0 -0.92126 
vn -0.19685 0 -0.984252 
vn -0.19685 0 -0.984252 
vn 0 0 -1 
vn 0 0 -1 
vn 0.19685 0 -0.984252 
vn 0 0 -1 
vn 0.19685 0 -0.984252 
vn 0 0 -1 
vn 0.385827 0 -0.92126 
vn 0.385827 0 -0.92126 
vn 0.559055 0 -0.834646 
vn 0.559055 0 -0.834646 
vn 0.708661 0 -0.708661 
vn 0.708661 0 -0.708661 
vn 0.834646 0 -0.559055 
vn 0.834646 0 -0.559055 
vn 0.92126 0 -0.385827 
vn 0.92126 0 -0.385827 
vn 0.984252 0 -0.19685 
vn 0.984252 0 -0.19685 
vn 1 0 0 
vn 1 0 0 
vn 0.984252 0 0.19685 
vn 0.984252 0 0.19685 
vn 0.92126 0 0.385827 
vn 0.92126 0 0.385827 
vn 0.834646 0 0.559055 
vn 0.834646 0 0.559055 
vn 0.708661 0 0.708661 
vn 0.409449 0.669291 -0.622047 
vn 0.527559 0.669291 -0.527559 
vn 0.496063 0.448819 -0.740157 
vn 0.629921 0.448819 -0.629921 
vn -0.496063 0.448819 -0.740157 
vn -0.527559 0.669291 -0.527559 
vn -0.409449 0.669291 -0.614173 
vn -0.629921 0.448819 -0.629921 
vn -0.629921 0.448819 0.629921 
vn -0.496063 0.448819 0.740157 
vn -0.527559 0.669291 0.527559 
vn -0.409449 0.669291 0.622047 
vn 0.527559 0.669291 0.527559 
vn 0.496063 0.448819 0.740157 
vn 0.629921 0.448819 0.629921 
vn 0.409449 0.669291 0.614173 
vn -1 0 0 
vn -0.984252 0 -0.19685 
vn -1 0 0 
vn -0.984252 0 -0.19685 
vn -0.984252 0 0.19685 
vn -0.92126 0 -0.385827 
vn -0.984252 0 0.19685 
vn -0.92126 0 -0.385827 
vn -0.92126 0 0.385827 
vn -0.834646 0 -0.559055 
vn -0.92126 0 0.385827 
vn -0.834646 0 -0.559055 
vn -0.834646 0 0.559055 
vn -0.708661 0 -0.708661 
vn -0.834646 0 0.559055 
vn -0.708661 0 -0.708661 
vn -0.708661 0 0.708661 
vn -0.559055 0 -0.834646 
vn -0.708661 0 0.708661 
vn -0.559055 0 -0.834646 
vn -0.559055 0 0.834646 
vn -0.385827 0 -0.92126 
vn -0.559055 0 0.834646 
vn -0.385827 0 -0.92126 
vn -0.385827 0 0.92126 
vn -0.19685 0 -0.984252 
vn -0.385827 0 0.92126 
vn -0.19685 0 -0.984252 
vn 0 0 -1 
vn 0 0 -1 
vn -0.19685 0 0.984252 
vn -0.19685 0 0.984252 
vn 0 0 1 
vn 0 0 1 
vn 0.19685 0 0.984252 
vn 0.19685 0 0.984252 
vn 0.385827 0 0.92126 
vn 0.385827 0 0.92126 
vn 0.559055 0 0.834646 
vn 0.559055 0 0.834646 
vn 0.708661 0 0.708661 
vn 0.708661 0 0.708661 
vn 0.834646 0 0.559055 
vn 0.834646 0 0.559055 
vn 0.92126 0 0.385827 
vn 0.92126 0 0.385827 
vn 0.984252 0 0.19685 
vn 0.984252 0 0.19685 
vn 1 0 0 
vn 1 0 0 
vn 0.984252 0 -0.19685 
vn 0.984252 0 -0.19685 
vn 0.92126 0 -0.385827 
vn 0.92126 0 -0.385827 
vn 0.834646 0 -0.559055 
vn 0.834646 0 -0.559055 
vn 0.708661 0 -0.708661 
vn 0.708661 0 -0.708661 
vn 0.559055 0 -0.834646 
vn 0.559055 0 -0.834646 
vn 0.385827 0 -0.92126 
vn 0.385827 0 -0.92126 
vn 0.19685 0 -0.984252 
vn 0.19685 0 -0.984252 
vn 0 0 -1 
vn 0 0 -1 

vt 0.828336 0.389408 
vt 0.82983 0.378358 
vt 0.82983 0.389408 
vt 0.828336 0.378358 
vt 0.82983 0.102111 
vt 0.82983 0.113161 
vt 0.828336 0.102111 
vt 0.828336 0.113161 
vt 0.82983 0.20156 
vt 0.828336 0.21261 
vt 0.828336 0.20156 
vt 0.82983 0.21261 
vt 0.828336 0.28996 
vt 0.828336 0.278909 
vt 0.82983 0.28996 
vt 0.82983 0.278909 
vt 0.82983 0.323109 
vt 0.831124 0.312059 
vt 0.831124 0.323109 
vt 0.82983 0.312059 
vt 0.82983 0.179461 
vt 0.82983 0.168411 
vt 0.831124 0.179461 
vt 0.831124 0.168411 
vt 0.831124 0.323109 
vt 0.82983 0.334159 
vt 0.82983 0.323109 
vt 0.831124 0.334159 
vt 0.82983 0.190511 
vt 0.82983 0.179461 
vt 0.831124 0.190511 
vt 0.831124 0.179461 
vt 0.831124 0.190511 
vt 0.82983 0.20156 
vt 0.831124 0.20156 
vt 0.831124 0.21261 
vt 0.82983 0.20156 
vt 0.82983 0.21261 
vt 0.831124 0.334159 
vt 0.82983 0.345209 
vt 0.82983 0.334159 
vt 0.831124 0.345209 
vt 0.82983 0.356259 
vt 0.831124 0.345209 
vt 0.831124 0.356259 
vt 0.82983 0.345209 
vt 0.82983 0.367308 
vt 0.831124 0.356259 
vt 0.831124 0.367308 
vt 0.82983 0.356259 
vt 0.831124 0.378358 
vt 0.82983 0.367308 
vt 0.82983 0.378358 
vt 0.831124 0.21261 
vt 0.831124 0.22366 
vt 0.82983 0.21261 
vt 0.82983 0.22366 
vt 0.82983 0.0800116 
vt 0.831124 0.0689617 
vt 0.831124 0.0800116 
vt 0.82983 0.0689617 
vt 0.82983 0.22366 
vt 0.831124 0.23471 
vt 0.82983 0.23471 
vt 0.831124 0.22366 
vt 0.831124 0.0800116 
vt 0.82983 0.0910614 
vt 0.82983 0.0800116 
vt 0.831124 0.0910614 
vt 0.82983 0.378358 
vt 0.831124 0.389408 
vt 0.82983 0.389408 
vt 0.831124 0.378358 
vt 0.82983 0.23471 
vt 0.831124 0.24576 
vt 0.82983 0.24576 
vt 0.831124 0.23471 
vt 0.831124 0.24576 
vt 0.82983 0.25681 
vt 0.831124 0.25681 
vt 0.831124 0.0910614 
vt 0.82983 0.102111 
vt 0.82983 0.0910614 
vt 0.831124 0.102111 
vt 0.82983 0.400458 
vt 0.82983 0.389408 
vt 0.831124 0.400458 
vt 0.831124 0.389408 
vt 0.831124 0.102111 
vt 0.82983 0.113161 
vt 0.82983 0.102111 
vt 0.831124 0.113161 
vt 0.82983 0.411508 
vt 0.82983 0.400458 
vt 0.831124 0.411508 
vt 0.831124 0.400458 
vt 0.82983 0.267859 
vt 0.831124 0.25681 
vt 0.831124 0.267859 
vt 0.82983 0.25681 
vt 0.82983 0.124211 
vt 0.831124 0.113161 
vt 0.831124 0.124211 
vt 0.82983 0.113161 
vt 0.82983 0.422558 
vt 0.82983 0.411508 
vt 0.831124 0.422558 
vt 0.831124 0.411508 
vt 0.82983 0.278909 
vt 0.831124 0.267859 
vt 0.831124 0.278909 
vt 0.82983 0.267859 
vt 0.82983 0.135261 
vt 0.831124 0.124211 
vt 0.831124 0.135261 
vt 0.82983 0.124211 
vt 0.831124 0.146311 
vt 0.82983 0.135261 
vt 0.82983 0.146311 
vt 0.82983 0.28996 
vt 0.831124 0.278909 
vt 0.831124 0.28996 
vt 0.82983 0.278909 
vt 0.831124 0.301009 
vt 0.82983 0.28996 
vt 0.82983 0.301009 
vt 0.831124 0.301009 
vt 0.82983 0.312059 
vt 0.831124 0.312059 
vt 0.82983 0.157361 
vt 0.82983 0.146311 
vt 0.831124 0.157361 
vt 0.831124 0.146311 
vt 0.82983 0.168411 
vt 0.82983 0.157361 
vt 0.831124 0.168411 
vt 0.831124 0.157361 
vt 0.98035 0.330993 
vt 0.968165 0.301783 
vt 0.972256 0.30716 
vt 0.978468 0.322051 
vt 0.975734 0.314004 
vt 0.98131 0.350163 
vt 0.98131 0.340485 
vt 0.98035 0.359655 
vt 0.944504 0.301783 
vt 0.96362 0.29808 
vt 0.949049 0.29808 
vt 0.953875 0.296192 
vt 0.958794 0.296191 
vt 0.936935 0.314004 
vt 0.940413 0.30716 
vt 0.975734 0.376644 
vt 0.978468 0.368597 
vt 0.953875 0.394456 
vt 0.968165 0.388864 
vt 0.972256 0.383487 
vt 0.96362 0.392568 
vt 0.958794 0.394456 
vt 0.932319 0.330993 
vt 0.934201 0.322051 
vt 0.944504 0.388864 
vt 0.949049 0.392568 
vt 0.934201 0.368597 
vt 0.940414 0.383487 
vt 0.936935 0.376644 
vt 0.932319 0.359655 
vt 0.931359 0.340485 
vt 0.931359 0.350163 
vt 0.87468 0.387695 
vt 0.876167 0.37669 
vt 0.876167 0.387695 
vt 0.87468 0.37669 
vt 0.876167 0.10155 
vt 0.876167 0.112556 
vt 0.87468 0.10155 
vt 0.87468 0.112556 
vt 0.876167 0.112556 
vt 0.87468 0.123561 
vt 0.876167 0.123561 
vt 0.87468 0.2006 
vt 0.873518 0.211606 
vt 0.873518 0.2006 
vt 0.87468 0.211606 
vt 0.876167 0.189595 
vt 0.87468 0.2006 
vt 0.87468 0.189595 
vt 0.876167 0.2006 
vt 0.876167 0.211606 
vt 0.87468 0.2006 
vt 0.876167 0.211606 
vt 0.87468 0.222611 
vt 0.876167 0.222611 
vt 0.87468 0.288645 
vt 0.873518 0.29965 
vt 0.873518 0.288645 
vt 0.87468 0.29965 
vt 0.87468 0.288645 
vt 0.876167 0.29965 
vt 0.876167 0.288645 
vt 0.87468 0.288645 
vt 0.876167 0.277639 
vt 0.87468 0.277639 
vt 0.87468 0.266634 
vt 0.876167 0.277639 
vt 0.876167 0.266634 
vt 0.967366 0.0276058 
vt 0.937478 0.0393015 
vt 0.9486 0.0276062 
vt 0.961152 0.0251744 
vt 0.954815 0.0251744 
vt 0.942746 0.0323763 
vt 0.990151 0.0822227 
vt 0.98297 0.048116 
vt 0.973221 0.0323763 
vt 0.978489 0.0393015 
vt 0.988915 0.0699972 
vt 0.98649 0.0584805 
vt 0.978489 0.137609 
vt 0.98649 0.11843 
vt 0.990151 0.0946881 
vt 0.988915 0.106914 
vt 0.98297 0.128795 
vt 0.967367 0.149305 
vt 0.973221 0.144535 
vt 0.929477 0.0584805 
vt 0.932997 0.048116 
vt 0.925815 0.0822227 
vt 0.927052 0.0699972 
vt 0.927052 0.106914 
vt 0.925815 0.0946881 
vt 0.954815 0.151737 
vt 0.961152 0.151737 
vt 0.942746 0.144535 
vt 0.9486 0.149305 
vt 0.932997 0.128795 
vt 0.929477 0.11843 
vt 0.937478 0.137609 
vt 0.877455 0.321662 
vt 0.876167 0.332667 
vt 0.876167 0.321662 
vt 0.877455 0.332667 
vt 0.876167 0.189595 
vt 0.876167 0.178589 
vt 0.877455 0.189595 
vt 0.877455 0.178589 
vt 0.877455 0.189595 
vt 0.876167 0.2006 
vt 0.877455 0.2006 
vt 0.877455 0.211606 
vt 0.876167 0.2006 
vt 0.876167 0.211606 
vt 0.877455 0.332667 
vt 0.876167 0.343673 
vt 0.876167 0.332667 
vt 0.877455 0.343673 
vt 0.876167 0.354678 
vt 0.877455 0.343673 
vt 0.877455 0.354678 
vt 0.876167 0.343673 
vt 0.877455 0.365684 
vt 0.876167 0.354678 
vt 0.876167 0.365684 
vt 0.877455 0.211606 
vt 0.877455 0.222611 
vt 0.876167 0.211606 
vt 0.876167 0.222611 
vt 0.876167 0.0795391 
vt 0.877455 0.0685338 
vt 0.877455 0.0795391 
vt 0.876167 0.0685338 
vt 0.876167 0.365684 
vt 0.877455 0.37669 
vt 0.876167 0.37669 
vt 0.877455 0.365684 
vt 0.876167 0.222611 
vt 0.877455 0.233617 
vt 0.876167 0.233617 
vt 0.877455 0.222611 
vt 0.877455 0.0795391 
vt 0.876167 0.0905448 
vt 0.876167 0.0795391 
vt 0.877455 0.0905448 
vt 0.876167 0.37669 
vt 0.877455 0.387695 
vt 0.876167 0.387695 
vt 0.877455 0.37669 
vt 0.876167 0.233617 
vt 0.877455 0.244622 
vt 0.876167 0.244622 
vt 0.877455 0.233617 
vt 0.877455 0.244622 
vt 0.876167 0.255628 
vt 0.877455 0.255628 
vt 0.877455 0.0905448 
vt 0.876167 0.10155 
vt 0.876167 0.0905448 
vt 0.877455 0.10155 
vt 0.876167 0.398701 
vt 0.876167 0.387695 
vt 0.877455 0.398701 
vt 0.877455 0.387695 
vt 0.877455 0.10155 
vt 0.876167 0.112556 
vt 0.876167 0.10155 
vt 0.877455 0.112556 
vt 0.876167 0.409706 
vt 0.876167 0.398701 
vt 0.877455 0.409706 
vt 0.877455 0.398701 
vt 0.876167 0.266634 
vt 0.877455 0.255628 
vt 0.877455 0.266634 
vt 0.876167 0.255628 
vt 0.876167 0.123561 
vt 0.877455 0.112556 
vt 0.877455 0.123561 
vt 0.876167 0.112556 
vt 0.877455 0.134567 
vt 0.876167 0.123561 
vt 0.876167 0.134567 
vt 0.876167 0.420712 
vt 0.876167 0.409706 
vt 0.877455 0.420712 
vt 0.877455 0.409706 
vt 0.876167 0.277639 
vt 0.877455 0.266634 
vt 0.877455 0.277639 
vt 0.876167 0.266634 
vt 0.876167 0.288645 
vt 0.877455 0.277639 
vt 0.877455 0.288645 
vt 0.876167 0.277639 
vt 0.877455 0.29965 
vt 0.876167 0.288645 
vt 0.876167 0.29965 
vt 0.877455 0.29965 
vt 0.876167 0.310656 
vt 0.877455 0.310656 
vt 0.876167 0.134567 
vt 0.877455 0.145572 
vt 0.876167 0.145572 
vt 0.877455 0.134567 
vt 0.876167 0.156578 
vt 0.876167 0.145572 
vt 0.877455 0.156578 
vt 0.877455 0.145572 
vt 0.876167 0.167584 
vt 0.876167 0.156578 
vt 0.877455 0.167584 
vt 0.877455 0.156578 
vt 0.876167 0.321662 
vt 0.877455 0.310656 
vt 0.877455 0.321662 
vt 0.876167 0.310656 
vt 0.876167 0.178589 
vt 0.876167 0.167584 
vt 0.877455 0.178589 
vt 0.877455 0.167584 
vt 0.774633 0.451534 
vt 0.779923 0.438476 
vt 0.779923 0.451534 
vt 0.774633 0.438476 
vt 0.774633 0.438476 
vt 0.779923 0.425417 
vt 0.779923 0.438476 
vt 0.774633 0.425417 
vt 0.774633 0.425417 
vt 0.779923 0.41236 
vt 0.779923 0.425417 
vt 0.774633 0.41236 
vt 0.774633 0.41236 
vt 0.779923 0.399302 
vt 0.779923 0.41236 
vt 0.774633 0.399302 
vt 0.774633 0.399302 
vt 0.779923 0.386243 
vt 0.779923 0.399302 
vt 0.774633 0.386243 
vt 0.774633 0.386243 
vt 0.779923 0.373185 
vt 0.779923 0.386243 
vt 0.774633 0.373185 
vt 0.774633 0.373185 
vt 0.779923 0.360127 
vt 0.779923 0.373185 
vt 0.774633 0.360127 
vt 0.779923 0.347069 
vt 0.774633 0.360127 
vt 0.774633 0.347069 
vt 0.779923 0.360127 
vt 0.779923 0.334011 
vt 0.774633 0.347069 
vt 0.774633 0.334011 
vt 0.779923 0.347069 
vt 0.779923 0.334011 
vt 0.774633 0.320953 
vt 0.779923 0.320953 
vt 0.779923 0.307895 
vt 0.779923 0.320953 
vt 0.774633 0.307895 
vt 0.774633 0.320953 
vt 0.774633 0.307895 
vt 0.774633 0.294836 
vt 0.779923 0.307895 
vt 0.779923 0.294836 
vt 0.774633 0.294836 
vt 0.774633 0.281778 
vt 0.779923 0.294836 
vt 0.779923 0.281778 
vt 0.774633 0.281778 
vt 0.774633 0.26872 
vt 0.779923 0.281778 
vt 0.779923 0.26872 
vt 0.774633 0.255662 
vt 0.779923 0.26872 
vt 0.774633 0.26872 
vt 0.779923 0.255662 
vt 0.774633 0.242604 
vt 0.779923 0.255662 
vt 0.774633 0.255662 
vt 0.779923 0.242604 
vt 0.774633 0.242604 
vt 0.779923 0.229546 
vt 0.774633 0.229546 
vt 0.779923 0.216488 
vt 0.774633 0.229546 
vt 0.774633 0.216488 
vt 0.779923 0.229546 
vt 0.779923 0.20343 
vt 0.774633 0.216488 
vt 0.774633 0.20343 
vt 0.779923 0.216488 
vt 0.779923 0.190372 
vt 0.774633 0.20343 
vt 0.774633 0.190372 
vt 0.779923 0.20343 
vt 0.779923 0.177313 
vt 0.774633 0.190372 
vt 0.774633 0.177313 
vt 0.779923 0.190372 
vt 0.779923 0.164255 
vt 0.774633 0.177313 
vt 0.774633 0.164255 
vt 0.779923 0.177313 
vt 0.774633 0.164255 
vt 0.779923 0.151197 
vt 0.779923 0.164255 
vt 0.774633 0.151197 
vt 0.774633 0.138139 
vt 0.779923 0.151197 
vt 0.779923 0.138139 
vt 0.774633 0.138139 
vt 0.774633 0.125081 
vt 0.779923 0.138139 
vt 0.779923 0.125081 
vt 0.774633 0.112023 
vt 0.779923 0.125081 
vt 0.774633 0.125081 
vt 0.779923 0.112023 
vt 0.774633 0.0989646 
vt 0.779923 0.112023 
vt 0.774633 0.112023 
vt 0.779923 0.0989646 
vt 0.774633 0.0859066 
vt 0.779923 0.0989646 
vt 0.774633 0.0989646 
vt 0.779923 0.0859066 
vt 0.779923 0.0859066 
vt 0.774633 0.0728486 
vt 0.779923 0.0728486 
vt 0.774633 0.0859066 
vt 0.774633 0.0597901 
vt 0.779923 0.0597901 
vt 0.779923 0.0728486 
vt 0.774633 0.0728486 
vt 0.779923 0.0467322 
vt 0.779923 0.0597901 
vt 0.774633 0.0467322 
vt 0.774633 0.0597901 
vt 0.779923 0.0336742 
vt 0.779923 0.0467322 
vt 0.774633 0.0336742 
vt 0.774633 0.0467322 
vt 0.964705 0.172288 
vt 0.937269 0.22626 
vt 0.942845 0.190101 
vt 0.950414 0.17788 
vt 0.946324 0.183257 
vt 0.95496 0.174176 
vt 0.959785 0.172288 
vt 0.940112 0.198148 
vt 0.937269 0.216581 
vt 0.938229 0.207089 
vt 0.940112 0.244694 
vt 0.938229 0.235752 
vt 0.974075 0.17788 
vt 0.96953 0.174176 
vt 0.978166 0.183257 
vt 0.984378 0.198148 
vt 0.981644 0.190101 
vt 0.98722 0.216581 
vt 0.98626 0.207089 
vt 0.98626 0.235752 
vt 0.98722 0.22626 
vt 0.984378 0.244694 
vt 0.950414 0.264961 
vt 0.942845 0.252741 
vt 0.946324 0.259585 
vt 0.964705 0.270553 
vt 0.95496 0.268665 
vt 0.959785 0.270553 
vt 0.974075 0.264961 
vt 0.96953 0.268665 
vt 0.981645 0.252741 
vt 0.978166 0.259584 
vt 0.801584 0.102111 
vt 0.801584 0.113161 
vt 0.80009 0.102111 
vt 0.80009 0.113161 
vt 0.80009 0.367308 
vt 0.801584 0.378358 
vt 0.80009 0.378358 
vt 0.801584 0.367308 
vt 0.801584 0.378358 
vt 0.80009 0.389408 
vt 0.801584 0.389408 
vt 0.80009 0.28996 
vt 0.798923 0.301009 
vt 0.798923 0.28996 
vt 0.80009 0.301009 
vt 0.80009 0.28996 
vt 0.801584 0.301009 
vt 0.801584 0.28996 
vt 0.80009 0.28996 
vt 0.801584 0.278909 
vt 0.80009 0.278909 
vt 0.80009 0.28996 
vt 0.798923 0.278909 
vt 0.80009 0.267859 
vt 0.801584 0.278909 
vt 0.801584 0.267859 
vt 0.798923 0.301009 
vt 0.797756 0.28996 
vt 0.797756 0.301009 
vt 0.798923 0.21261 
vt 0.80009 0.20156 
vt 0.80009 0.21261 
vt 0.798923 0.20156 
vt 0.801584 0.21261 
vt 0.80009 0.22366 
vt 0.801584 0.22366 
vt 0.801584 0.21261 
vt 0.80009 0.20156 
vt 0.801584 0.20156 
vt 0.80009 0.20156 
vt 0.801584 0.190511 
vt 0.80009 0.190511 
vt 0.80009 0.20156 
vt 0.798923 0.190511 
vt 0.798923 0.21261 
vt 0.797756 0.20156 
vt 0.797756 0.21261 
vt 0.827169 0.422558 
vt 0.828336 0.411508 
vt 0.828336 0.422558 
vt 0.827169 0.411508 
vt 0.827169 0.422558 
vt 0.826002 0.411508 
vt 0.826002 0.422558 
vt 0.798923 0.422558 
vt 0.80009 0.411508 
vt 0.80009 0.422558 
vt 0.798923 0.411508 
vt 0.798923 0.422558 
vt 0.797756 0.411508 
vt 0.797756 0.422558 
vt 0.827169 0.0800116 
vt 0.827169 0.0689617 
vt 0.828336 0.0800116 
vt 0.828336 0.0689617 
vt 0.826002 0.0800116 
vt 0.827169 0.0689617 
vt 0.826002 0.0689617 
vt 0.798923 0.0800116 
vt 0.798923 0.0689617 
vt 0.80009 0.0800116 
vt 0.80009 0.0689617 
vt 0.797756 0.0800116 
vt 0.798923 0.0689617 
vt 0.797756 0.0689617 
vt 0.845397 0.0685338 
vt 0.844235 0.0795391 
vt 0.844235 0.0685338 
vt 0.845397 0.0795391 
vt 0.845397 0.0685338 
vt 0.846559 0.0795391 
vt 0.846559 0.0685338 
vt 0.845397 0.409706 
vt 0.845397 0.420712 
vt 0.844235 0.409706 
vt 0.844235 0.420712 
vt 0.846559 0.409706 
vt 0.845397 0.420712 
vt 0.846559 0.420712 
vt 0.873518 0.0685338 
vt 0.872356 0.0795391 
vt 0.872356 0.0685338 
vt 0.873518 0.0795391 
vt 0.873518 0.0685338 
vt 0.87468 0.0795391 
vt 0.87468 0.0685338 
vt 0.873518 0.409706 
vt 0.873518 0.420712 
vt 0.872356 0.409706 
vt 0.872356 0.420712 
vt 0.87468 0.409706 
vt 0.873518 0.420712 
vt 0.87468 0.420712 
vt 0.827169 0.411508 
vt 0.828336 0.400458 
vt 0.828336 0.411508 
vt 0.827169 0.400458 
vt 0.82983 0.411508 
vt 0.828336 0.422558 
vt 0.82983 0.422558 
vt 0.827169 0.411508 
vt 0.826002 0.400458 
vt 0.826002 0.411508 
vt 0.826002 0.422558 
vt 0.824508 0.411508 
vt 0.824508 0.422558 
vt 0.798923 0.411508 
vt 0.80009 0.400458 
vt 0.80009 0.411508 
vt 0.798923 0.400458 
vt 0.801584 0.411508 
vt 0.80009 0.422558 
vt 0.801584 0.422558 
vt 0.798923 0.411508 
vt 0.797756 0.400458 
vt 0.797756 0.411508 
vt 0.797756 0.422558 
vt 0.796262 0.411508 
vt 0.796262 0.422558 
vt 0.827169 0.0910614 
vt 0.827169 0.0800116 
vt 0.828336 0.0910614 
vt 0.828336 0.0800116 
vt 0.826002 0.0910614 
vt 0.827169 0.0800116 
vt 0.826002 0.0800116 
vt 0.828336 0.0689617 
vt 0.82983 0.0800116 
vt 0.82983 0.0689617 
vt 0.824508 0.0800116 
vt 0.826002 0.0689617 
vt 0.824508 0.0689617 
vt 0.798923 0.0910614 
vt 0.798923 0.0800116 
vt 0.80009 0.0910614 
vt 0.80009 0.0800116 
vt 0.797756 0.0910614 
vt 0.798923 0.0800116 
vt 0.797756 0.0800116 
vt 0.80009 0.0689617 
vt 0.801584 0.0800116 
vt 0.801584 0.0689617 
vt 0.796262 0.0800116 
vt 0.797756 0.0689617 
vt 0.796262 0.0689617 
vt 0.845397 0.0795391 
vt 0.844235 0.0905448 
vt 0.844235 0.0795391 
vt 0.845397 0.0905448 
vt 0.842747 0.0795391 
vt 0.844235 0.0685338 
vt 0.842747 0.0685338 
vt 0.845397 0.0795391 
vt 0.846559 0.0905448 
vt 0.846559 0.0795391 
vt 0.846559 0.0685338 
vt 0.848046 0.0795391 
vt 0.848046 0.0685338 
vt 0.845397 0.398701 
vt 0.845397 0.409706 
vt 0.844235 0.398701 
vt 0.844235 0.409706 
vt 0.846559 0.398701 
vt 0.845397 0.409706 
vt 0.846559 0.409706 
vt 0.844235 0.420712 
vt 0.842747 0.409706 
vt 0.842747 0.420712 
vt 0.848046 0.409706 
vt 0.846559 0.420712 
vt 0.848046 0.420712 
vt 0.873518 0.0795391 
vt 0.872356 0.0905448 
vt 0.872356 0.0795391 
vt 0.873518 0.0905448 
vt 0.870869 0.0795391 
vt 0.872356 0.0685338 
vt 0.870869 0.0685338 
vt 0.873518 0.0795391 
vt 0.87468 0.0905448 
vt 0.87468 0.0795391 
vt 0.87468 0.0685338 
vt 0.876167 0.0795391 
vt 0.876167 0.0685338 
vt 0.873518 0.398701 
vt 0.873518 0.409706 
vt 0.872356 0.398701 
vt 0.872356 0.409706 
vt 0.87468 0.398701 
vt 0.873518 0.409706 
vt 0.87468 0.409706 
vt 0.872356 0.420712 
vt 0.870869 0.409706 
vt 0.870869 0.420712 
vt 0.876167 0.409706 
vt 0.87468 0.420712 
vt 0.876167 0.420712 
vt 0.827169 0.400458 
vt 0.828336 0.389408 
vt 0.828336 0.400458 
vt 0.827169 0.389408 
vt 0.82983 0.400458 
vt 0.828336 0.411508 
vt 0.82983 0.411508 
vt 0.827169 0.400458 
vt 0.826002 0.389408 
vt 0.826002 0.400458 
vt 0.826002 0.411508 
vt 0.824508 0.400458 
vt 0.824508 0.411508 
vt 0.798923 0.400458 
vt 0.80009 0.389408 
vt 0.80009 0.400458 
vt 0.798923 0.389408 
vt 0.801584 0.400458 
vt 0.80009 0.411508 
vt 0.801584 0.411508 
vt 0.798923 0.400458 
vt 0.797756 0.389408 
vt 0.797756 0.400458 
vt 0.797756 0.411508 
vt 0.796262 0.400458 
vt 0.796262 0.411508 
vt 0.827169 0.102111 
vt 0.827169 0.0910614 
vt 0.828336 0.102111 
vt 0.828336 0.0910614 
vt 0.826002 0.102111 
vt 0.827169 0.0910614 
vt 0.826002 0.0910614 
vt 0.828336 0.0800116 
vt 0.82983 0.0910614 
vt 0.82983 0.0800116 
vt 0.824508 0.0910614 
vt 0.826002 0.0800116 
vt 0.824508 0.0800116 
vt 0.798923 0.102111 
vt 0.798923 0.0910614 
vt 0.80009 0.102111 
vt 0.80009 0.0910614 
vt 0.797756 0.102111 
vt 0.798923 0.0910614 
vt 0.797756 0.0910614 
vt 0.80009 0.0800116 
vt 0.801584 0.0910614 
vt 0.801584 0.0800116 
vt 0.796262 0.0910614 
vt 0.797756 0.0800116 
vt 0.796262 0.0800116 
vt 0.845397 0.0905448 
vt 0.844235 0.10155 
vt 0.844235 0.0905448 
vt 0.845397 0.10155 
vt 0.842747 0.0905448 
vt 0.844235 0.0795391 
vt 0.842747 0.0795391 
vt 0.845397 0.0905448 
vt 0.846559 0.10155 
vt 0.846559 0.0905448 
vt 0.846559 0.0795391 
vt 0.848046 0.0905448 
vt 0.848046 0.0795391 
vt 0.845397 0.387695 
vt 0.845397 0.398701 
vt 0.844235 0.387695 
vt 0.844235 0.398701 
vt 0.846559 0.387695 
vt 0.845397 0.398701 
vt 0.846559 0.398701 
vt 0.844235 0.409706 
vt 0.842747 0.398701 
vt 0.842747 0.409706 
vt 0.848046 0.398701 
vt 0.846559 0.409706 
vt 0.848046 0.409706 
vt 0.873518 0.0905448 
vt 0.872356 0.10155 
vt 0.872356 0.0905448 
vt 0.873518 0.10155 
vt 0.870869 0.0905448 
vt 0.872356 0.0795391 
vt 0.870869 0.0795391 
vt 0.873518 0.0905448 
vt 0.87468 0.10155 
vt 0.87468 0.0905448 
vt 0.87468 0.0795391 
vt 0.876167 0.0905448 
vt 0.876167 0.0795391 
vt 0.873518 0.387695 
vt 0.873518 0.398701 
vt 0.872356 0.387695 
vt 0.872356 0.398701 
vt 0.87468 0.387695 
vt 0.873518 0.398701 
vt 0.87468 0.398701 
vt 0.872356 0.409706 
vt 0.870869 0.398701 
vt 0.870869 0.409706 
vt 0.876167 0.398701 
vt 0.87468 0.409706 
vt 0.876167 0.409706 
vt 0.798923 0.389408 
vt 0.80009 0.378358 
vt 0.80009 0.389408 
vt 0.798923 0.378358 
vt 0.801584 0.389408 
vt 0.80009 0.400458 
vt 0.801584 0.400458 
vt 0.798923 0.389408 
vt 0.797756 0.378358 
vt 0.797756 0.389408 
vt 0.797756 0.400458 
vt 0.796262 0.389408 
vt 0.796262 0.400458 
vt 0.846559 0.37669 
vt 0.845397 0.387695 
vt 0.845397 0.37669 
vt 0.846559 0.387695 
vt 0.845397 0.387695 
vt 0.844235 0.37669 
vt 0.844235 0.387695 
vt 0.848046 0.387695 
vt 0.846559 0.398701 
vt 0.848046 0.398701 
vt 0.844235 0.398701 
vt 0.842747 0.387695 
vt 0.842747 0.398701 
vt 0.845397 0.10155 
vt 0.844235 0.112556 
vt 0.844235 0.10155 
vt 0.845397 0.112556 
vt 0.842747 0.10155 
vt 0.844235 0.0905448 
vt 0.842747 0.0905448 
vt 0.845397 0.10155 
vt 0.846559 0.112556 
vt 0.846559 0.10155 
vt 0.846559 0.0905448 
vt 0.848046 0.10155 
vt 0.848046 0.0905448 
vt 0.87468 0.37669 
vt 0.873518 0.387695 
vt 0.873518 0.37669 
vt 0.87468 0.387695 
vt 0.873518 0.387695 
vt 0.872356 0.37669 
vt 0.872356 0.387695 
vt 0.876167 0.387695 
vt 0.87468 0.398701 
vt 0.876167 0.398701 
vt 0.872356 0.398701 
vt 0.870869 0.387695 
vt 0.870869 0.398701 
vt 0.873518 0.10155 
vt 0.872356 0.112556 
vt 0.872356 0.10155 
vt 0.873518 0.112556 
vt 0.870869 0.10155 
vt 0.872356 0.0905448 
vt 0.870869 0.0905448 
vt 0.873518 0.10155 
vt 0.87468 0.112556 
vt 0.87468 0.10155 
vt 0.87468 0.0905448 
vt 0.876167 0.10155 
vt 0.876167 0.0905448 
vt 0.845397 0.365684 
vt 0.844235 0.37669 
vt 0.844235 0.365684 
vt 0.844235 0.37669 
vt 0.842747 0.365684 
vt 0.842747 0.37669 
vt 0.845397 0.365684 
vt 0.846559 0.37669 
vt 0.846559 0.365684 
vt 0.848046 0.365684 
vt 0.846559 0.37669 
vt 0.848046 0.37669 
vt 0.873518 0.365684 
vt 0.872356 0.37669 
vt 0.872356 0.365684 
vt 0.872356 0.37669 
vt 0.870869 0.365684 
vt 0.870869 0.37669 
vt 0.873518 0.365684 
vt 0.87468 0.37669 
vt 0.87468 0.365684 
vt 0.876167 0.365684 
vt 0.87468 0.37669 
vt 0.876167 0.37669 
vt 0.827169 0.124211 
vt 0.828336 0.113161 
vt 0.828336 0.124211 
vt 0.827169 0.113161 
vt 0.828336 0.113161 
vt 0.82983 0.124211 
vt 0.82983 0.113161 
vt 0.826002 0.113161 
vt 0.827169 0.102111 
vt 0.826002 0.102111 
vt 0.824508 0.102111 
vt 0.826002 0.0910614 
vt 0.824508 0.0910614 
vt 0.827169 0.124211 
vt 0.826002 0.113161 
vt 0.826002 0.124211 
vt 0.827169 0.102111 
vt 0.828336 0.113161 
vt 0.828336 0.102111 
vt 0.824508 0.124211 
vt 0.826002 0.113161 
vt 0.824508 0.113161 
vt 0.828336 0.0910614 
vt 0.82983 0.102111 
vt 0.82983 0.0910614 
vt 0.798923 0.124211 
vt 0.80009 0.113161 
vt 0.80009 0.124211 
vt 0.798923 0.113161 
vt 0.80009 0.113161 
vt 0.801584 0.124211 
vt 0.801584 0.113161 
vt 0.797756 0.113161 
vt 0.798923 0.102111 
vt 0.797756 0.102111 
vt 0.796262 0.102111 
vt 0.797756 0.0910614 
vt 0.796262 0.0910614 
vt 0.798923 0.124211 
vt 0.797756 0.113161 
vt 0.797756 0.124211 
vt 0.798923 0.102111 
vt 0.80009 0.113161 
vt 0.80009 0.102111 
vt 0.796262 0.124211 
vt 0.797756 0.113161 
vt 0.796262 0.113161 
vt 0.80009 0.0910614 
vt 0.801584 0.102111 
vt 0.801584 0.0910614 
vt 0.827169 0.389408 
vt 0.828336 0.378358 
vt 0.828336 0.389408 
vt 0.827169 0.378358 
vt 0.82983 0.389408 
vt 0.828336 0.400458 
vt 0.82983 0.400458 
vt 0.826002 0.378358 
vt 0.827169 0.367308 
vt 0.826002 0.367308 
vt 0.826002 0.378358 
vt 0.824508 0.367308 
vt 0.824508 0.378358 
vt 0.827169 0.389408 
vt 0.826002 0.378358 
vt 0.826002 0.389408 
vt 0.827169 0.367308 
vt 0.828336 0.378358 
vt 0.828336 0.367308 
vt 0.826002 0.400458 
vt 0.824508 0.389408 
vt 0.824508 0.400458 
vt 0.82983 0.367308 
vt 0.828336 0.378358 
vt 0.82983 0.378358 
vt 0.797756 0.378358 
vt 0.798923 0.367308 
vt 0.797756 0.367308 
vt 0.798923 0.367308 
vt 0.80009 0.378358 
vt 0.80009 0.367308 
vt 0.797756 0.378358 
vt 0.796262 0.367308 
vt 0.796262 0.378358 
vt 0.80009 0.356259 
vt 0.801584 0.367308 
vt 0.801584 0.356259 
vt 0.846559 0.112556 
vt 0.845397 0.123561 
vt 0.846559 0.123561 
vt 0.845397 0.123561 
vt 0.844235 0.112556 
vt 0.844235 0.123561 
vt 0.848046 0.123561 
vt 0.846559 0.134567 
vt 0.848046 0.134567 
vt 0.842747 0.123561 
vt 0.844235 0.112556 
vt 0.842747 0.112556 
vt 0.87468 0.112556 
vt 0.873518 0.123561 
vt 0.87468 0.123561 
vt 0.873518 0.123561 
vt 0.872356 0.112556 
vt 0.872356 0.123561 
vt 0.876167 0.123561 
vt 0.87468 0.134567 
vt 0.876167 0.134567 
vt 0.872356 0.134567 
vt 0.870869 0.123561 
vt 0.870869 0.134567 
vt 0.827169 0.135261 
vt 0.828336 0.124211 
vt 0.828336 0.135261 
vt 0.827169 0.124211 
vt 0.827169 0.135261 
vt 0.826002 0.124211 
vt 0.826002 0.135261 
vt 0.82983 0.135261 
vt 0.828336 0.146311 
vt 0.82983 0.146311 
vt 0.828336 0.124211 
vt 0.82983 0.135261 
vt 0.82983 0.124211 
vt 0.824508 0.135261 
vt 0.826002 0.124211 
vt 0.824508 0.124211 
vt 0.826002 0.146311 
vt 0.824508 0.135261 
vt 0.824508 0.146311 
vt 0.798923 0.135261 
vt 0.80009 0.124211 
vt 0.80009 0.135261 
vt 0.798923 0.124211 
vt 0.798923 0.135261 
vt 0.797756 0.124211 
vt 0.797756 0.135261 
vt 0.801584 0.135261 
vt 0.80009 0.146311 
vt 0.801584 0.146311 
vt 0.80009 0.124211 
vt 0.801584 0.135261 
vt 0.801584 0.124211 
vt 0.797756 0.146311 
vt 0.796262 0.135261 
vt 0.796262 0.146311 
vt 0.796262 0.135261 
vt 0.797756 0.124211 
vt 0.796262 0.124211 
vt 0.828336 0.356259 
vt 0.828336 0.367308 
vt 0.827169 0.356259 
vt 0.827169 0.367308 
vt 0.826002 0.367308 
vt 0.827169 0.356259 
vt 0.826002 0.356259 
vt 0.82983 0.356259 
vt 0.828336 0.367308 
vt 0.82983 0.367308 
vt 0.828336 0.345209 
vt 0.82983 0.356259 
vt 0.82983 0.345209 
vt 0.824508 0.356259 
vt 0.826002 0.345209 
vt 0.824508 0.345209 
vt 0.826002 0.367308 
vt 0.824508 0.356259 
vt 0.824508 0.367308 
vt 0.845397 0.354678 
vt 0.844235 0.365684 
vt 0.844235 0.354678 
vt 0.845397 0.365684 
vt 0.845397 0.354678 
vt 0.846559 0.365684 
vt 0.846559 0.354678 
vt 0.842747 0.354678 
vt 0.844235 0.343673 
vt 0.842747 0.343673 
vt 0.844235 0.365684 
vt 0.842747 0.354678 
vt 0.842747 0.365684 
vt 0.846559 0.343673 
vt 0.848046 0.354678 
vt 0.848046 0.343673 
vt 0.848046 0.354678 
vt 0.846559 0.365684 
vt 0.848046 0.365684 
vt 0.873518 0.354678 
vt 0.872356 0.365684 
vt 0.872356 0.354678 
vt 0.873518 0.365684 
vt 0.873518 0.354678 
vt 0.87468 0.365684 
vt 0.87468 0.354678 
vt 0.870869 0.354678 
vt 0.872356 0.343673 
vt 0.870869 0.343673 
vt 0.872356 0.365684 
vt 0.870869 0.354678 
vt 0.870869 0.365684 
vt 0.87468 0.343673 
vt 0.876167 0.354678 
vt 0.876167 0.343673 
vt 0.876167 0.354678 
vt 0.87468 0.365684 
vt 0.876167 0.365684 
vt 0.872356 0.134567 
vt 0.872356 0.123561 
vt 0.873518 0.134567 
vt 0.873518 0.123561 
vt 0.872356 0.145572 
vt 0.870869 0.134567 
vt 0.870869 0.145572 
vt 0.87468 0.123561 
vt 0.873518 0.134567 
vt 0.87468 0.134567 
vt 0.876167 0.134567 
vt 0.87468 0.145572 
vt 0.876167 0.145572 
vt 0.846559 0.387695 
vt 0.848046 0.37669 
vt 0.848046 0.387695 
vt 0.846559 0.37669 
vt 0.848046 0.10155 
vt 0.848046 0.112556 
vt 0.846559 0.10155 
vt 0.846559 0.112556 
vt 0.848046 0.112556 
vt 0.846559 0.123561 
vt 0.848046 0.123561 
vt 0.827169 0.168411 
vt 0.827169 0.157361 
vt 0.828336 0.168411 
vt 0.828336 0.157361 
vt 0.826002 0.168411 
vt 0.827169 0.157361 
vt 0.828336 0.146311 
vt 0.826002 0.157361 
vt 0.827169 0.146311 
vt 0.826002 0.146311 
vt 0.798923 0.168411 
vt 0.798923 0.157361 
vt 0.80009 0.168411 
vt 0.80009 0.157361 
vt 0.797756 0.168411 
vt 0.798923 0.157361 
vt 0.80009 0.146311 
vt 0.797756 0.157361 
vt 0.798923 0.146311 
vt 0.797756 0.146311 
vt 0.828336 0.334159 
vt 0.828336 0.345209 
vt 0.827169 0.334159 
vt 0.827169 0.345209 
vt 0.827169 0.334159 
vt 0.828336 0.323109 
vt 0.827169 0.323109 
vt 0.826002 0.323109 
vt 0.826002 0.334159 
vt 0.826002 0.345209 
vt 0.80009 0.334159 
vt 0.80009 0.345209 
vt 0.798923 0.334159 
vt 0.798923 0.345209 
vt 0.798923 0.334159 
vt 0.80009 0.323109 
vt 0.798923 0.323109 
vt 0.797756 0.323109 
vt 0.797756 0.334159 
vt 0.797756 0.345209 
vt 0.845397 0.321662 
vt 0.845397 0.332667 
vt 0.844235 0.321662 
vt 0.844235 0.332667 
vt 0.846559 0.321662 
vt 0.845397 0.332667 
vt 0.844235 0.343673 
vt 0.846559 0.332667 
vt 0.845397 0.343673 
vt 0.846559 0.343673 
vt 0.844235 0.156578 
vt 0.844235 0.145572 
vt 0.845397 0.156578 
vt 0.845397 0.145572 
vt 0.845397 0.156578 
vt 0.844235 0.167584 
vt 0.845397 0.167584 
vt 0.846559 0.167584 
vt 0.846559 0.156578 
vt 0.846559 0.145572 
vt 0.873518 0.321662 
vt 0.873518 0.332667 
vt 0.872356 0.321662 
vt 0.872356 0.332667 
vt 0.87468 0.321662 
vt 0.873518 0.332667 
vt 0.872356 0.343673 
vt 0.87468 0.332667 
vt 0.873518 0.343673 
vt 0.87468 0.343673 
vt 0.872356 0.156578 
vt 0.872356 0.145572 
vt 0.873518 0.156578 
vt 0.873518 0.145572 
vt 0.873518 0.156578 
vt 0.872356 0.167584 
vt 0.873518 0.167584 
vt 0.87468 0.167584 
vt 0.87468 0.156578 
vt 0.87468 0.145572 
vt 0.827169 0.146311 
vt 0.828336 0.135261 
vt 0.828336 0.146311 
vt 0.827169 0.135261 
vt 0.82983 0.146311 
vt 0.828336 0.157361 
vt 0.82983 0.157361 
vt 0.827169 0.146311 
vt 0.826002 0.135261 
vt 0.826002 0.146311 
vt 0.82983 0.168411 
vt 0.828336 0.157361 
vt 0.828336 0.168411 
vt 0.826002 0.157361 
vt 0.824508 0.146311 
vt 0.824508 0.157361 
vt 0.828336 0.179461 
vt 0.827169 0.168411 
vt 0.827169 0.179461 
vt 0.826002 0.157361 
vt 0.824508 0.168411 
vt 0.826002 0.168411 
vt 0.826002 0.179461 
vt 0.827169 0.168411 
vt 0.798923 0.146311 
vt 0.80009 0.135261 
vt 0.80009 0.146311 
vt 0.798923 0.135261 
vt 0.801584 0.146311 
vt 0.80009 0.157361 
vt 0.801584 0.157361 
vt 0.798923 0.146311 
vt 0.797756 0.135261 
vt 0.797756 0.146311 
vt 0.801584 0.168411 
vt 0.80009 0.157361 
vt 0.80009 0.168411 
vt 0.797756 0.157361 
vt 0.796262 0.146311 
vt 0.796262 0.157361 
vt 0.80009 0.179461 
vt 0.798923 0.168411 
vt 0.798923 0.179461 
vt 0.797756 0.157361 
vt 0.796262 0.168411 
vt 0.797756 0.168411 
vt 0.797756 0.179461 
vt 0.798923 0.168411 
vt 0.828336 0.345209 
vt 0.828336 0.356259 
vt 0.827169 0.345209 
vt 0.827169 0.356259 
vt 0.828336 0.334159 
vt 0.82983 0.345209 
vt 0.82983 0.334159 
vt 0.826002 0.356259 
vt 0.827169 0.345209 
vt 0.826002 0.345209 
vt 0.828336 0.334159 
vt 0.82983 0.323109 
vt 0.828336 0.323109 
vt 0.824508 0.345209 
vt 0.826002 0.334159 
vt 0.824508 0.334159 
vt 0.827169 0.323109 
vt 0.828336 0.312059 
vt 0.827169 0.312059 
vt 0.824508 0.323109 
vt 0.826002 0.334159 
vt 0.826002 0.323109 
vt 0.827169 0.323109 
vt 0.826002 0.312059 
vt 0.80009 0.345209 
vt 0.80009 0.356259 
vt 0.798923 0.345209 
vt 0.798923 0.356259 
vt 0.80009 0.334159 
vt 0.801584 0.345209 
vt 0.801584 0.334159 
vt 0.797756 0.356259 
vt 0.798923 0.345209 
vt 0.797756 0.345209 
vt 0.80009 0.334159 
vt 0.801584 0.323109 
vt 0.80009 0.323109 
vt 0.796262 0.345209 
vt 0.797756 0.334159 
vt 0.796262 0.334159 
vt 0.798923 0.323109 
vt 0.80009 0.312059 
vt 0.798923 0.312059 
vt 0.796262 0.323109 
vt 0.797756 0.334159 
vt 0.797756 0.323109 
vt 0.798923 0.323109 
vt 0.797756 0.312059 
vt 0.845397 0.343673 
vt 0.844235 0.354678 
vt 0.844235 0.343673 
vt 0.845397 0.354678 
vt 0.842747 0.343673 
vt 0.844235 0.332667 
vt 0.842747 0.332667 
vt 0.845397 0.343673 
vt 0.846559 0.354678 
vt 0.846559 0.343673 
vt 0.842747 0.321662 
vt 0.844235 0.332667 
vt 0.844235 0.321662 
vt 0.846559 0.332667 
vt 0.848046 0.343673 
vt 0.848046 0.332667 
vt 0.844235 0.310656 
vt 0.845397 0.321662 
vt 0.845397 0.310656 
vt 0.846559 0.332667 
vt 0.848046 0.321662 
vt 0.846559 0.321662 
vt 0.846559 0.310656 
vt 0.845397 0.321662 
vt 0.844235 0.145572 
vt 0.844235 0.134567 
vt 0.845397 0.145572 
vt 0.845397 0.134567 
vt 0.844235 0.156578 
vt 0.842747 0.145572 
vt 0.842747 0.156578 
vt 0.846559 0.134567 
vt 0.845397 0.145572 
vt 0.846559 0.145572 
vt 0.844235 0.156578 
vt 0.842747 0.167584 
vt 0.844235 0.167584 
vt 0.848046 0.145572 
vt 0.846559 0.156578 
vt 0.848046 0.156578 
vt 0.845397 0.167584 
vt 0.844235 0.178589 
vt 0.845397 0.178589 
vt 0.848046 0.167584 
vt 0.846559 0.156578 
vt 0.846559 0.167584 
vt 0.845397 0.167584 
vt 0.846559 0.178589 
vt 0.873518 0.343673 
vt 0.872356 0.354678 
vt 0.872356 0.343673 
vt 0.873518 0.354678 
vt 0.870869 0.343673 
vt 0.872356 0.332667 
vt 0.870869 0.332667 
vt 0.873518 0.343673 
vt 0.87468 0.354678 
vt 0.87468 0.343673 
vt 0.870869 0.321662 
vt 0.872356 0.332667 
vt 0.872356 0.321662 
vt 0.87468 0.332667 
vt 0.876167 0.343673 
vt 0.876167 0.332667 
vt 0.872356 0.310656 
vt 0.873518 0.321662 
vt 0.873518 0.310656 
vt 0.87468 0.332667 
vt 0.876167 0.321662 
vt 0.87468 0.321662 
vt 0.87468 0.310656 
vt 0.873518 0.321662 
vt 0.872356 0.145572 
vt 0.872356 0.134567 
vt 0.873518 0.145572 
vt 0.873518 0.134567 
vt 0.872356 0.156578 
vt 0.870869 0.145572 
vt 0.870869 0.156578 
vt 0.87468 0.134567 
vt 0.873518 0.145572 
vt 0.87468 0.145572 
vt 0.872356 0.156578 
vt 0.870869 0.167584 
vt 0.872356 0.167584 
vt 0.876167 0.145572 
vt 0.87468 0.156578 
vt 0.876167 0.156578 
vt 0.873518 0.167584 
vt 0.872356 0.178589 
vt 0.873518 0.178589 
vt 0.876167 0.167584 
vt 0.87468 0.156578 
vt 0.87468 0.167584 
vt 0.873518 0.167584 
vt 0.87468 0.178589 
vt 0.831124 0.24576 
vt 0.832703 0.23471 
vt 0.832703 0.24576 
vt 0.831124 0.23471 
vt 0.832703 0.25681 
vt 0.831124 0.24576 
vt 0.831124 0.25681 
vt 0.844235 0.134567 
vt 0.844235 0.123561 
vt 0.845397 0.134567 
vt 0.845397 0.123561 
vt 0.846559 0.123561 
vt 0.845397 0.134567 
vt 0.846559 0.134567 
vt 0.848046 0.134567 
vt 0.846559 0.145572 
vt 0.848046 0.145572 
vt 0.842747 0.134567 
vt 0.844235 0.123561 
vt 0.842747 0.123561 
vt 0.844235 0.145572 
vt 0.842747 0.134567 
vt 0.842747 0.145572 
vt 0.831124 0.23471 
vt 0.832703 0.22366 
vt 0.832703 0.23471 
vt 0.831124 0.22366 
vt 0.831124 0.25681 
vt 0.832703 0.267859 
vt 0.831124 0.267859 
vt 0.832703 0.25681 
vt 0.832703 0.21261 
vt 0.831124 0.22366 
vt 0.831124 0.21261 
vt 0.832703 0.22366 
vt 0.831124 0.278909 
vt 0.831124 0.267859 
vt 0.832703 0.278909 
vt 0.832703 0.267859 
vt 0.828336 0.301009 
vt 0.827169 0.312059 
vt 0.827169 0.301009 
vt 0.828336 0.312059 
vt 0.827169 0.312059 
vt 0.826002 0.301009 
vt 0.826002 0.312059 
vt 0.828336 0.301009 
vt 0.82983 0.312059 
vt 0.82983 0.301009 
vt 0.82983 0.312059 
vt 0.828336 0.323109 
vt 0.82983 0.323109 
vt 0.826002 0.323109 
vt 0.824508 0.312059 
vt 0.824508 0.323109 
vt 0.824508 0.312059 
vt 0.826002 0.301009 
vt 0.824508 0.301009 
vt 0.80009 0.301009 
vt 0.798923 0.312059 
vt 0.798923 0.301009 
vt 0.80009 0.312059 
vt 0.798923 0.312059 
vt 0.797756 0.301009 
vt 0.797756 0.312059 
vt 0.80009 0.301009 
vt 0.801584 0.312059 
vt 0.801584 0.301009 
vt 0.801584 0.312059 
vt 0.80009 0.323109 
vt 0.801584 0.323109 
vt 0.796262 0.312059 
vt 0.797756 0.301009 
vt 0.796262 0.301009 
vt 0.797756 0.323109 
vt 0.796262 0.312059 
vt 0.796262 0.323109 
vt 0.827169 0.190511 
vt 0.827169 0.179461 
vt 0.828336 0.190511 
vt 0.828336 0.179461 
vt 0.826002 0.190511 
vt 0.827169 0.179461 
vt 0.826002 0.179461 
vt 0.82983 0.179461 
vt 0.828336 0.190511 
vt 0.82983 0.190511 
vt 0.828336 0.168411 
vt 0.82983 0.179461 
vt 0.82983 0.168411 
vt 0.824508 0.179461 
vt 0.826002 0.168411 
vt 0.824508 0.168411 
vt 0.826002 0.190511 
vt 0.824508 0.179461 
vt 0.824508 0.190511 
vt 0.798923 0.190511 
vt 0.798923 0.179461 
vt 0.80009 0.190511 
vt 0.80009 0.179461 
vt 0.797756 0.190511 
vt 0.798923 0.179461 
vt 0.797756 0.179461 
vt 0.801584 0.179461 
vt 0.80009 0.190511 
vt 0.801584 0.190511 
vt 0.80009 0.168411 
vt 0.801584 0.179461 
vt 0.801584 0.168411 
vt 0.797756 0.190511 
vt 0.796262 0.179461 
vt 0.796262 0.190511 
vt 0.796262 0.179461 
vt 0.797756 0.168411 
vt 0.796262 0.168411 
vt 0.844235 0.189595 
vt 0.845397 0.178589 
vt 0.845397 0.189595 
vt 0.844235 0.178589 
vt 0.845397 0.178589 
vt 0.846559 0.189595 
vt 0.846559 0.178589 
vt 0.844235 0.189595 
vt 0.842747 0.178589 
vt 0.842747 0.189595 
vt 0.842747 0.178589 
vt 0.844235 0.167584 
vt 0.842747 0.167584 
vt 0.848046 0.178589 
vt 0.846559 0.189595 
vt 0.848046 0.189595 
vt 0.846559 0.167584 
vt 0.848046 0.178589 
vt 0.848046 0.167584 
vt 0.845397 0.29965 
vt 0.845397 0.310656 
vt 0.844235 0.29965 
vt 0.844235 0.310656 
vt 0.846559 0.29965 
vt 0.845397 0.310656 
vt 0.846559 0.310656 
vt 0.842747 0.310656 
vt 0.844235 0.29965 
vt 0.842747 0.29965 
vt 0.844235 0.321662 
vt 0.842747 0.310656 
vt 0.842747 0.321662 
vt 0.846559 0.29965 
vt 0.848046 0.310656 
vt 0.848046 0.29965 
vt 0.848046 0.310656 
vt 0.846559 0.321662 
vt 0.848046 0.321662 
vt 0.872356 0.189595 
vt 0.873518 0.178589 
vt 0.873518 0.189595 
vt 0.872356 0.178589 
vt 0.873518 0.178589 
vt 0.87468 0.189595 
vt 0.87468 0.178589 
vt 0.872356 0.189595 
vt 0.870869 0.178589 
vt 0.870869 0.189595 
vt 0.870869 0.178589 
vt 0.872356 0.167584 
vt 0.870869 0.167584 
vt 0.876167 0.178589 
vt 0.87468 0.189595 
vt 0.876167 0.189595 
vt 0.87468 0.167584 
vt 0.876167 0.178589 
vt 0.876167 0.167584 
vt 0.873518 0.29965 
vt 0.873518 0.310656 
vt 0.872356 0.29965 
vt 0.872356 0.310656 
vt 0.87468 0.29965 
vt 0.873518 0.310656 
vt 0.87468 0.310656 
vt 0.870869 0.310656 
vt 0.872356 0.29965 
vt 0.870869 0.29965 
vt 0.872356 0.321662 
vt 0.870869 0.310656 
vt 0.870869 0.321662 
vt 0.87468 0.29965 
vt 0.876167 0.310656 
vt 0.876167 0.29965 
vt 0.876167 0.310656 
vt 0.87468 0.321662 
vt 0.876167 0.321662 
vt 0.832703 0.20156 
vt 0.831124 0.21261 
vt 0.831124 0.20156 
vt 0.832703 0.21261 
vt 0.831124 0.28996 
vt 0.831124 0.278909 
vt 0.832703 0.28996 
vt 0.832703 0.278909 
vt 0.831124 0.20156 
vt 0.832703 0.190511 
vt 0.832703 0.20156 
vt 0.831124 0.190511 
vt 0.831124 0.301009 
vt 0.831124 0.28996 
vt 0.832703 0.301009 
vt 0.832703 0.28996 
vt 0.846559 0.2006 
vt 0.845397 0.211606 
vt 0.845397 0.2006 
vt 0.846559 0.211606 
vt 0.848046 0.189595 
vt 0.846559 0.2006 
vt 0.846559 0.189595 
vt 0.848046 0.2006 
vt 0.848046 0.211606 
vt 0.846559 0.2006 
vt 0.848046 0.211606 
vt 0.846559 0.222611 
vt 0.848046 0.222611 
vt 0.846559 0.288645 
vt 0.845397 0.29965 
vt 0.845397 0.288645 
vt 0.846559 0.29965 
vt 0.846559 0.288645 
vt 0.848046 0.29965 
vt 0.848046 0.288645 
vt 0.846559 0.288645 
vt 0.848046 0.277639 
vt 0.846559 0.277639 
vt 0.846559 0.266634 
vt 0.848046 0.277639 
vt 0.848046 0.266634 
vt 0.831124 0.190511 
vt 0.832703 0.179461 
vt 0.832703 0.190511 
vt 0.831124 0.179461 
vt 0.831124 0.312059 
vt 0.831124 0.301009 
vt 0.832703 0.312059 
vt 0.832703 0.301009 
vt 0.831124 0.323109 
vt 0.831124 0.312059 
vt 0.832703 0.323109 
vt 0.832703 0.312059 
vt 0.831124 0.179461 
vt 0.832703 0.168411 
vt 0.832703 0.179461 
vt 0.831124 0.168411 
vt 0.828336 0.28996 
vt 0.827169 0.301009 
vt 0.827169 0.28996 
vt 0.828336 0.301009 
vt 0.828336 0.28996 
vt 0.82983 0.301009 
vt 0.82983 0.28996 
vt 0.826002 0.28996 
vt 0.827169 0.278909 
vt 0.826002 0.278909 
vt 0.824508 0.278909 
vt 0.826002 0.267859 
vt 0.824508 0.267859 
vt 0.827169 0.301009 
vt 0.826002 0.28996 
vt 0.826002 0.301009 
vt 0.827169 0.278909 
vt 0.828336 0.28996 
vt 0.828336 0.278909 
vt 0.824508 0.301009 
vt 0.826002 0.28996 
vt 0.824508 0.28996 
vt 0.828336 0.267859 
vt 0.82983 0.278909 
vt 0.82983 0.267859 
vt 0.827169 0.21261 
vt 0.828336 0.20156 
vt 0.828336 0.21261 
vt 0.827169 0.20156 
vt 0.82983 0.21261 
vt 0.828336 0.22366 
vt 0.82983 0.22366 
vt 0.826002 0.20156 
vt 0.827169 0.190511 
vt 0.826002 0.190511 
vt 0.826002 0.20156 
vt 0.824508 0.190511 
vt 0.824508 0.20156 
vt 0.827169 0.21261 
vt 0.826002 0.20156 
vt 0.826002 0.21261 
vt 0.827169 0.190511 
vt 0.828336 0.20156 
vt 0.828336 0.190511 
vt 0.826002 0.22366 
vt 0.824508 0.21261 
vt 0.824508 0.22366 
vt 0.82983 0.190511 
vt 0.828336 0.20156 
vt 0.82983 0.20156 
vt 0.832703 0.323109 
vt 0.832703 0.334159 
vt 0.831124 0.323109 
vt 0.831124 0.334159 
vt 0.831124 0.168411 
vt 0.832703 0.157361 
vt 0.832703 0.168411 
vt 0.831124 0.157361 
vt 0.827169 0.24576 
vt 0.828336 0.25681 
vt 0.827169 0.25681 
vt 0.828336 0.24576 
vt 0.826002 0.25681 
vt 0.827169 0.24576 
vt 0.828336 0.23471 
vt 0.826002 0.24576 
vt 0.827169 0.23471 
vt 0.826002 0.23471 
vt 0.798923 0.24576 
vt 0.80009 0.25681 
vt 0.798923 0.25681 
vt 0.80009 0.24576 
vt 0.797756 0.25681 
vt 0.798923 0.24576 
vt 0.80009 0.23471 
vt 0.797756 0.24576 
vt 0.798923 0.23471 
vt 0.797756 0.23471 
vt 0.845397 0.244622 
vt 0.844235 0.233617 
vt 0.845397 0.233617 
vt 0.844235 0.244622 
vt 0.846559 0.233617 
vt 0.845397 0.244622 
vt 0.844235 0.255628 
vt 0.846559 0.244622 
vt 0.845397 0.255628 
vt 0.846559 0.255628 
vt 0.873518 0.244622 
vt 0.872356 0.233617 
vt 0.873518 0.233617 
vt 0.872356 0.244622 
vt 0.87468 0.233617 
vt 0.873518 0.244622 
vt 0.872356 0.255628 
vt 0.87468 0.244622 
vt 0.873518 0.255628 
vt 0.87468 0.255628 
vt 0.827169 0.267859 
vt 0.828336 0.278909 
vt 0.827169 0.278909 
vt 0.828336 0.267859 
vt 0.826002 0.278909 
vt 0.827169 0.267859 
vt 0.826002 0.267859 
vt 0.828336 0.25681 
vt 0.82983 0.267859 
vt 0.82983 0.25681 
vt 0.824508 0.267859 
vt 0.826002 0.25681 
vt 0.824508 0.25681 
vt 0.798923 0.267859 
vt 0.80009 0.278909 
vt 0.798923 0.278909 
vt 0.80009 0.267859 
vt 0.797756 0.278909 
vt 0.798923 0.267859 
vt 0.797756 0.267859 
vt 0.80009 0.25681 
vt 0.801584 0.267859 
vt 0.801584 0.25681 
vt 0.796262 0.267859 
vt 0.797756 0.25681 
vt 0.796262 0.25681 
vt 0.827169 0.22366 
vt 0.828336 0.21261 
vt 0.828336 0.22366 
vt 0.827169 0.21261 
vt 0.82983 0.22366 
vt 0.828336 0.23471 
vt 0.82983 0.23471 
vt 0.827169 0.22366 
vt 0.826002 0.21261 
vt 0.826002 0.22366 
vt 0.826002 0.23471 
vt 0.824508 0.22366 
vt 0.824508 0.23471 
vt 0.798923 0.22366 
vt 0.80009 0.21261 
vt 0.80009 0.22366 
vt 0.798923 0.21261 
vt 0.801584 0.22366 
vt 0.80009 0.23471 
vt 0.801584 0.23471 
vt 0.798923 0.22366 
vt 0.797756 0.21261 
vt 0.797756 0.22366 
vt 0.797756 0.23471 
vt 0.796262 0.22366 
vt 0.796262 0.23471 
vt 0.845397 0.222611 
vt 0.844235 0.211606 
vt 0.845397 0.211606 
vt 0.844235 0.222611 
vt 0.846559 0.211606 
vt 0.845397 0.222611 
vt 0.846559 0.222611 
vt 0.844235 0.233617 
vt 0.842747 0.222611 
vt 0.842747 0.233617 
vt 0.848046 0.222611 
vt 0.846559 0.233617 
vt 0.848046 0.233617 
vt 0.845397 0.266634 
vt 0.844235 0.277639 
vt 0.844235 0.266634 
vt 0.845397 0.277639 
vt 0.842747 0.266634 
vt 0.844235 0.255628 
vt 0.842747 0.255628 
vt 0.845397 0.266634 
vt 0.846559 0.277639 
vt 0.846559 0.266634 
vt 0.846559 0.255628 
vt 0.848046 0.266634 
vt 0.848046 0.255628 
vt 0.873518 0.222611 
vt 0.872356 0.211606 
vt 0.873518 0.211606 
vt 0.872356 0.222611 
vt 0.87468 0.211606 
vt 0.873518 0.222611 
vt 0.87468 0.222611 
vt 0.872356 0.233617 
vt 0.870869 0.222611 
vt 0.870869 0.233617 
vt 0.876167 0.222611 
vt 0.87468 0.233617 
vt 0.876167 0.233617 
vt 0.873518 0.266634 
vt 0.872356 0.277639 
vt 0.872356 0.266634 
vt 0.873518 0.277639 
vt 0.870869 0.266634 
vt 0.872356 0.255628 
vt 0.870869 0.255628 
vt 0.873518 0.266634 
vt 0.87468 0.277639 
vt 0.87468 0.266634 
vt 0.87468 0.255628 
vt 0.876167 0.266634 
vt 0.876167 0.255628 
vt 0.832703 0.334159 
vt 0.832703 0.345209 
vt 0.831124 0.334159 
vt 0.831124 0.345209 
vt 0.831124 0.157361 
vt 0.832703 0.146311 
vt 0.832703 0.157361 
vt 0.831124 0.146311 
vt 0.831124 0.124211 
vt 0.832703 0.135261 
vt 0.831124 0.135261 
vt 0.832703 0.124211 
vt 0.832703 0.135261 
vt 0.831124 0.146311 
vt 0.832703 0.146311 
vt 0.831124 0.345209 
vt 0.832703 0.356259 
vt 0.831124 0.356259 
vt 0.832703 0.345209 
vt 0.80009 0.356259 
vt 0.80009 0.367308 
vt 0.798923 0.356259 
vt 0.798923 0.367308 
vt 0.80009 0.345209 
vt 0.801584 0.356259 
vt 0.801584 0.345209 
vt 0.797756 0.367308 
vt 0.798923 0.356259 
vt 0.797756 0.356259 
vt 0.797756 0.367308 
vt 0.796262 0.356259 
vt 0.796262 0.367308 
vt 0.796262 0.356259 
vt 0.797756 0.345209 
vt 0.796262 0.345209 
vt 0.831124 0.356259 
vt 0.832703 0.367308 
vt 0.831124 0.367308 
vt 0.832703 0.356259 
vt 0.827169 0.25681 
vt 0.828336 0.267859 
vt 0.827169 0.267859 
vt 0.828336 0.25681 
vt 0.826002 0.267859 
vt 0.827169 0.25681 
vt 0.826002 0.25681 
vt 0.828336 0.24576 
vt 0.82983 0.25681 
vt 0.82983 0.24576 
vt 0.824508 0.25681 
vt 0.826002 0.24576 
vt 0.824508 0.24576 
vt 0.828336 0.24576 
vt 0.82983 0.23471 
vt 0.828336 0.23471 
vt 0.824508 0.23471 
vt 0.826002 0.24576 
vt 0.826002 0.23471 
vt 0.827169 0.23471 
vt 0.828336 0.22366 
vt 0.827169 0.22366 
vt 0.826002 0.22366 
vt 0.827169 0.23471 
vt 0.798923 0.25681 
vt 0.80009 0.267859 
vt 0.798923 0.267859 
vt 0.80009 0.25681 
vt 0.797756 0.267859 
vt 0.798923 0.25681 
vt 0.797756 0.25681 
vt 0.80009 0.24576 
vt 0.801584 0.25681 
vt 0.801584 0.24576 
vt 0.796262 0.25681 
vt 0.797756 0.24576 
vt 0.796262 0.24576 
vt 0.80009 0.24576 
vt 0.801584 0.23471 
vt 0.80009 0.23471 
vt 0.796262 0.23471 
vt 0.797756 0.24576 
vt 0.797756 0.23471 
vt 0.798923 0.23471 
vt 0.80009 0.22366 
vt 0.798923 0.22366 
vt 0.797756 0.22366 
vt 0.798923 0.23471 
vt 0.845397 0.233617 
vt 0.844235 0.222611 
vt 0.845397 0.222611 
vt 0.844235 0.233617 
vt 0.846559 0.222611 
vt 0.845397 0.233617 
vt 0.846559 0.233617 
vt 0.844235 0.244622 
vt 0.842747 0.233617 
vt 0.842747 0.244622 
vt 0.848046 0.233617 
vt 0.846559 0.244622 
vt 0.848046 0.244622 
vt 0.844235 0.244622 
vt 0.842747 0.255628 
vt 0.844235 0.255628 
vt 0.848046 0.255628 
vt 0.846559 0.244622 
vt 0.846559 0.255628 
vt 0.845397 0.255628 
vt 0.844235 0.266634 
vt 0.845397 0.266634 
vt 0.846559 0.266634 
vt 0.845397 0.255628 
vt 0.873518 0.233617 
vt 0.872356 0.222611 
vt 0.873518 0.222611 
vt 0.872356 0.233617 
vt 0.87468 0.222611 
vt 0.873518 0.233617 
vt 0.87468 0.233617 
vt 0.872356 0.244622 
vt 0.870869 0.233617 
vt 0.870869 0.244622 
vt 0.876167 0.233617 
vt 0.87468 0.244622 
vt 0.876167 0.244622 
vt 0.872356 0.244622 
vt 0.870869 0.255628 
vt 0.872356 0.255628 
vt 0.876167 0.255628 
vt 0.87468 0.244622 
vt 0.87468 0.255628 
vt 0.873518 0.255628 
vt 0.872356 0.266634 
vt 0.873518 0.266634 
vt 0.87468 0.266634 
vt 0.873518 0.255628 
vt 0.832703 0.102111 
vt 0.831124 0.113161 
vt 0.831124 0.102111 
vt 0.832703 0.113161 
vt 0.832703 0.124211 
vt 0.831124 0.113161 
vt 0.831124 0.124211 
vt 0.831124 0.367308 
vt 0.832703 0.378358 
vt 0.831124 0.378358 
vt 0.832703 0.367308 
vt 0.831124 0.378358 
vt 0.832703 0.389408 
vt 0.831124 0.389408 
vt 0.832703 0.378358 
vt 0.832703 0.389408 
vt 0.831124 0.400458 
vt 0.832703 0.400458 
vt 0.832703 0.0800116 
vt 0.832703 0.0910614 
vt 0.831124 0.0800116 
vt 0.831124 0.0910614 
vt 0.832703 0.0910614 
vt 0.831124 0.102111 
vt 0.832703 0.102111 
vt 0.831124 0.411508 
vt 0.832703 0.400458 
vt 0.832703 0.411508 
vt 0.831124 0.400458 
vt 0.831124 0.0800116 
vt 0.831124 0.0689617 
vt 0.832703 0.0800116 
vt 0.832703 0.0689617 
vt 0.831124 0.422558 
vt 0.832703 0.411508 
vt 0.832703 0.422558 
vt 0.831124 0.411508 
vt 0.845397 0.277639 
vt 0.844235 0.288645 
vt 0.844235 0.277639 
vt 0.842747 0.277639 
vt 0.844235 0.266634 
vt 0.842747 0.266634 
vt 0.842747 0.277639 
vt 0.844235 0.288645 
vt 0.842747 0.288645 
vt 0.844235 0.288645 
vt 0.842747 0.29965 
vt 0.844235 0.29965 
vt 0.844235 0.288645 
vt 0.845397 0.29965 
vt 0.845397 0.277639 
vt 0.846559 0.288645 
vt 0.844235 0.2006 
vt 0.845397 0.189595 
vt 0.844235 0.189595 
vt 0.844235 0.2006 
vt 0.842747 0.189595 
vt 0.842747 0.2006 
vt 0.844235 0.2006 
vt 0.842747 0.211606 
vt 0.844235 0.211606 
vt 0.844235 0.2006 
vt 0.845397 0.211606 
vt 0.844235 0.222611 
vt 0.842747 0.211606 
vt 0.842747 0.222611 
vt 0.845397 0.189595 
vt 0.846559 0.2006 
vt 0.877455 0.244622 
vt 0.879028 0.233617 
vt 0.879028 0.244622 
vt 0.877455 0.233617 
vt 0.879028 0.255628 
vt 0.877455 0.244622 
vt 0.877455 0.255628 
vt 0.877455 0.233617 
vt 0.879028 0.222611 
vt 0.879028 0.233617 
vt 0.877455 0.222611 
vt 0.877455 0.255628 
vt 0.879028 0.266634 
vt 0.877455 0.266634 
vt 0.879028 0.255628 
vt 0.879028 0.211606 
vt 0.877455 0.222611 
vt 0.877455 0.211606 
vt 0.879028 0.222611 
vt 0.877455 0.277639 
vt 0.877455 0.266634 
vt 0.879028 0.277639 
vt 0.879028 0.266634 
vt 0.879028 0.2006 
vt 0.877455 0.211606 
vt 0.877455 0.2006 
vt 0.879028 0.211606 
vt 0.877455 0.288645 
vt 0.877455 0.277639 
vt 0.879028 0.288645 
vt 0.879028 0.277639 
vt 0.844235 0.10155 
vt 0.842747 0.112556 
vt 0.842747 0.10155 
vt 0.844235 0.112556 
vt 0.842747 0.387695 
vt 0.842747 0.37669 
vt 0.844235 0.387695 
vt 0.844235 0.37669 
vt 0.877455 0.2006 
vt 0.879028 0.189595 
vt 0.879028 0.2006 
vt 0.877455 0.189595 
vt 0.877455 0.29965 
vt 0.877455 0.288645 
vt 0.879028 0.29965 
vt 0.879028 0.288645 
vt 0.877455 0.189595 
vt 0.879028 0.178589 
vt 0.879028 0.189595 
vt 0.877455 0.178589 
vt 0.877455 0.310656 
vt 0.877455 0.29965 
vt 0.879028 0.310656 
vt 0.879028 0.29965 
vt 0.877455 0.321662 
vt 0.877455 0.310656 
vt 0.879028 0.321662 
vt 0.879028 0.310656 
vt 0.877455 0.178589 
vt 0.879028 0.167584 
vt 0.879028 0.178589 
vt 0.877455 0.167584 
vt 0.879028 0.321662 
vt 0.879028 0.332667 
vt 0.877455 0.321662 
vt 0.877455 0.332667 
vt 0.877455 0.167584 
vt 0.879028 0.156578 
vt 0.879028 0.167584 
vt 0.877455 0.156578 
vt 0.879028 0.332667 
vt 0.879028 0.343673 
vt 0.877455 0.332667 
vt 0.877455 0.343673 
vt 0.877455 0.156578 
vt 0.879028 0.145572 
vt 0.879028 0.156578 
vt 0.877455 0.145572 
vt 0.877455 0.123561 
vt 0.879028 0.112556 
vt 0.879028 0.123561 
vt 0.877455 0.112556 
vt 0.879028 0.134567 
vt 0.877455 0.123561 
vt 0.877455 0.134567 
vt 0.879028 0.134567 
vt 0.877455 0.145572 
vt 0.879028 0.145572 
vt 0.877455 0.343673 
vt 0.879028 0.354678 
vt 0.877455 0.354678 
vt 0.879028 0.343673 
vt 0.877455 0.354678 
vt 0.879028 0.365684 
vt 0.877455 0.365684 
vt 0.879028 0.354678 
vt 0.877455 0.365684 
vt 0.879028 0.37669 
vt 0.877455 0.37669 
vt 0.879028 0.365684 
vt 0.879028 0.0905448 
vt 0.879028 0.10155 
vt 0.877455 0.0905448 
vt 0.877455 0.10155 
vt 0.879028 0.10155 
vt 0.877455 0.112556 
vt 0.879028 0.112556 
vt 0.877455 0.37669 
vt 0.879028 0.387695 
vt 0.877455 0.387695 
vt 0.879028 0.37669 
vt 0.877455 0.398701 
vt 0.877455 0.387695 
vt 0.879028 0.398701 
vt 0.879028 0.387695 
vt 0.879028 0.398701 
vt 0.877455 0.409706 
vt 0.879028 0.409706 
vt 0.879028 0.0795391 
vt 0.879028 0.0905448 
vt 0.877455 0.0795391 
vt 0.877455 0.0905448 
vt 0.877455 0.0795391 
vt 0.877455 0.0685338 
vt 0.879028 0.0795391 
vt 0.879028 0.0685338 
vt 0.877455 0.420712 
vt 0.879028 0.409706 
vt 0.879028 0.420712 
vt 0.877455 0.409706 
vt 0.797756 0.28996 
vt 0.798923 0.278909 
vt 0.797756 0.278909 
vt 0.796262 0.301009 
vt 0.797756 0.28996 
vt 0.796262 0.28996 
vt 0.796262 0.278909 
vt 0.797756 0.28996 
vt 0.796262 0.278909 
vt 0.797756 0.267859 
vt 0.796262 0.267859 
vt 0.797756 0.102111 
vt 0.796262 0.113161 
vt 0.796262 0.102111 
vt 0.797756 0.113161 
vt 0.796262 0.389408 
vt 0.796262 0.378358 
vt 0.797756 0.389408 
vt 0.797756 0.378358 
vt 0.797756 0.20156 
vt 0.798923 0.190511 
vt 0.797756 0.190511 
vt 0.797756 0.20156 
vt 0.796262 0.190511 
vt 0.796262 0.20156 
vt 0.797756 0.20156 
vt 0.796262 0.21261 
vt 0.797756 0.22366 
vt 0.796262 0.21261 
vt 0.796262 0.22366 
vt 0.873518 0.277639 
vt 0.872356 0.288645 
vt 0.872356 0.277639 
vt 0.870869 0.277639 
vt 0.872356 0.266634 
vt 0.870869 0.266634 
vt 0.870869 0.277639 
vt 0.872356 0.288645 
vt 0.870869 0.288645 
vt 0.872356 0.288645 
vt 0.870869 0.29965 
vt 0.872356 0.29965 
vt 0.872356 0.288645 
vt 0.873518 0.29965 
vt 0.873518 0.277639 
vt 0.87468 0.288645 
vt 0.872356 0.2006 
vt 0.873518 0.189595 
vt 0.872356 0.189595 
vt 0.872356 0.2006 
vt 0.870869 0.189595 
vt 0.870869 0.2006 
vt 0.872356 0.2006 
vt 0.870869 0.211606 
vt 0.872356 0.211606 
vt 0.872356 0.2006 
vt 0.873518 0.211606 
vt 0.872356 0.222611 
vt 0.870869 0.211606 
vt 0.870869 0.222611 
vt 0.873518 0.189595 
vt 0.87468 0.2006 
vt 0.76511 0.190372 
vt 0.774633 0.20343 
vt 0.76511 0.20343 
vt 0.774633 0.216488 
vt 0.76511 0.216488 
vt 0.774633 0.229546 
vt 0.76511 0.229546 
vt 0.774633 0.242604 
vt 0.76511 0.242604 
vt 0.774633 0.255662 
vt 0.76511 0.255662 
vt 0.774633 0.26872 
vt 0.76511 0.26872 
vt 0.774633 0.281778 
vt 0.76511 0.281778 
vt 0.774633 0.294836 
vt 0.76511 0.294836 
vt 0.774633 0.307895 
vt 0.76511 0.307895 
vt 0.774633 0.320953 
vt 0.76511 0.320953 
vt 0.774633 0.334011 
vt 0.76511 0.334011 
vt 0.774633 0.347069 
vt 0.76511 0.347069 
vt 0.774633 0.360127 
vt 0.76511 0.360127 
vt 0.774633 0.373185 
vt 0.76511 0.373185 
vt 0.774633 0.386243 
vt 0.76511 0.386243 
vt 0.774633 0.399302 
vt 0.76511 0.399302 
vt 0.774633 0.41236 
vt 0.76511 0.41236 
vt 0.774633 0.425417 
vt 0.76511 0.425417 
vt 0.774633 0.438476 
vt 0.76511 0.438476 
vt 0.774633 0.451534 
vt 0.76511 0.451534 
vt 0.891832 0.355667 
vt 0.914632 0.355667 
vt 0.914632 0.366348 
vt 0.914632 0.344987 
vt 0.891832 0.366348 
vt 0.891832 0.344987 
vt 0.891832 0.377028 
vt 0.891832 0.334307 
vt 0.914632 0.377028 
vt 0.914632 0.334306 
vt 0.891832 0.387709 
vt 0.891832 0.323626 
vt 0.914632 0.387709 
vt 0.914632 0.323626 
vt 0.914632 0.398389 
vt 0.891832 0.312945 
vt 0.891832 0.398389 
vt 0.914632 0.312945 
vt 0.891832 0.40907 
vt 0.914632 0.302265 
vt 0.914632 0.40907 
vt 0.891832 0.302265 
vt 0.914632 0.41975 
vt 0.891832 0.291584 
vt 0.891832 0.419751 
vt 0.914632 0.291584 
vt 0.891832 0.430431 
vt 0.891832 0.280904 
vt 0.914632 0.430431 
vt 0.914632 0.280904 
vt 0.914632 0.441112 
vt 0.891832 0.270223 
vt 0.891832 0.441112 
vt 0.914632 0.270223 
vt 0.891832 0.451792 
vt 0.891832 0.259543 
vt 0.914632 0.451792 
vt 0.914632 0.462473 
vt 0.891832 0.462473 
vt 0.914632 0.259543 
vt 0.891832 0.248862 
vt 0.914632 0.248862 
vt 0.891832 0.238181 
vt 0.914632 0.238182 
vt 0.891832 0.227501 
vt 0.914632 0.227501 
vt 0.914632 0.21682 
vt 0.891832 0.21682 
vt 0.891832 0.20614 
vt 0.914632 0.20614 
vt 0.891832 0.19546 
vt 0.914632 0.19546 
vt 0.891832 0.184779 
vt 0.914632 0.184779 
vt 0.914632 0.174099 
vt 0.891832 0.174099 
vt 0.891832 0.163418 
vt 0.914632 0.163418 
vt 0.891832 0.152738 
vt 0.914632 0.152738 
vt 0.891832 0.142057 
vt 0.914632 0.142057 
vt 0.914632 0.131377 
vt 0.891832 0.131376 
vt 0.891832 0.120696 
vt 0.914632 0.120696 
vt 0.801584 0.312059 
vt 0.824508 0.312059 
vt 0.824508 0.323109 
vt 0.801584 0.301009 
vt 0.801584 0.323109 
vt 0.824508 0.301009 
vt 0.801584 0.334159 
vt 0.801584 0.28996 
vt 0.824508 0.334159 
vt 0.824508 0.28996 
vt 0.824508 0.345209 
vt 0.801584 0.278909 
vt 0.801584 0.345209 
vt 0.824508 0.278909 
vt 0.824508 0.356259 
vt 0.801584 0.267859 
vt 0.801584 0.356259 
vt 0.824508 0.267859 
vt 0.824508 0.367308 
vt 0.801584 0.25681 
vt 0.801584 0.367308 
vt 0.824508 0.25681 
vt 0.824508 0.378358 
vt 0.824508 0.24576 
vt 0.801584 0.378358 
vt 0.801584 0.24576 
vt 0.801584 0.389408 
vt 0.801584 0.23471 
vt 0.824508 0.389408 
vt 0.824508 0.23471 
vt 0.824508 0.400458 
vt 0.801584 0.22366 
vt 0.801584 0.400458 
vt 0.824508 0.22366 
vt 0.801584 0.411508 
vt 0.824508 0.21261 
vt 0.824508 0.411508 
vt 0.824508 0.422558 
vt 0.801584 0.422558 
vt 0.801584 0.21261 
vt 0.801584 0.20156 
vt 0.824508 0.20156 
vt 0.824508 0.190511 
vt 0.801584 0.190511 
vt 0.801584 0.179461 
vt 0.824508 0.179461 
vt 0.824508 0.168411 
vt 0.801584 0.168411 
vt 0.801584 0.157361 
vt 0.824508 0.157361 
vt 0.824508 0.146311 
vt 0.801584 0.146311 
vt 0.801584 0.135261 
vt 0.824508 0.135261 
vt 0.801584 0.124211 
vt 0.824508 0.124211 
vt 0.801584 0.113161 
vt 0.824508 0.113161 
vt 0.801584 0.102111 
vt 0.824508 0.102111 
vt 0.801584 0.0910614 
vt 0.824508 0.0910614 
vt 0.801584 0.0800116 
vt 0.824508 0.0800116 
vt 0.824508 0.0689617 
vt 0.801584 0.0689617 
vt 0.870869 0.387695 
vt 0.870869 0.37669 
vt 0.872356 0.387695 
vt 0.872356 0.37669 
vt 0.872356 0.123561 
vt 0.870869 0.112556 
vt 0.872356 0.112556 
vt 0.870869 0.123561 
vt 0.870869 0.112556 
vt 0.872356 0.10155 
vt 0.870869 0.10155 
vt 0.870869 0.178589 
vt 0.848046 0.178589 
vt 0.848046 0.167584 
vt 0.870869 0.189595 
vt 0.870869 0.167584 
vt 0.848046 0.189595 
vt 0.848046 0.156578 
vt 0.870869 0.2006 
vt 0.870869 0.156578 
vt 0.848046 0.2006 
vt 0.870869 0.145572 
vt 0.870869 0.211606 
vt 0.848046 0.145572 
vt 0.848046 0.211606 
vt 0.848046 0.134567 
vt 0.870869 0.222611 
vt 0.870869 0.134567 
vt 0.848046 0.222611 
vt 0.848046 0.123561 
vt 0.870869 0.233617 
vt 0.870869 0.123561 
vt 0.848046 0.233617 
vt 0.848046 0.112556 
vt 0.848046 0.244622 
vt 0.870869 0.112556 
vt 0.870869 0.244622 
vt 0.848046 0.10155 
vt 0.870869 0.255628 
vt 0.870869 0.10155 
vt 0.848046 0.255628 
vt 0.848046 0.0905448 
vt 0.870869 0.266634 
vt 0.870869 0.0905448 
vt 0.848046 0.266634 
vt 0.848046 0.0795391 
vt 0.870869 0.277639 
vt 0.870869 0.0795391 
vt 0.870869 0.0685338 
vt 0.848046 0.0685338 
vt 0.848046 0.277639 
vt 0.870869 0.288645 
vt 0.848046 0.288645 
vt 0.870869 0.29965 
vt 0.848046 0.29965 
vt 0.870869 0.310656 
vt 0.848046 0.310656 
vt 0.870869 0.321662 
vt 0.848046 0.321662 
vt 0.848046 0.332667 
vt 0.870869 0.332667 
vt 0.848046 0.343673 
vt 0.870869 0.343673 
vt 0.870869 0.354678 
vt 0.848046 0.354678 
vt 0.848046 0.365684 
vt 0.870869 0.365684 
vt 0.870869 0.37669 
vt 0.848046 0.37669 
vt 0.870869 0.387695 
vt 0.848046 0.387695 
vt 0.848046 0.398701 
vt 0.870869 0.398701 
vt 0.870869 0.409706 
vt 0.848046 0.409706 
vt 0.870869 0.420712 
vt 0.848046 0.420712 
vt 0.76511 0.0467322 
vt 0.76511 0.0336742 
vt 0.774633 0.0467322 
vt 0.774633 0.0336742 
vt 0.774633 0.0597901 
vt 0.76511 0.0597901 
vt 0.774633 0.0728486 
vt 0.76511 0.0728486 
vt 0.774633 0.0859066 
vt 0.76511 0.0859066 
vt 0.774633 0.0989646 
vt 0.76511 0.0989646 
vt 0.774633 0.112023 
vt 0.76511 0.112023 
vt 0.774633 0.125081 
vt 0.76511 0.125081 
vt 0.774633 0.138139 
vt 0.76511 0.138139 
vt 0.774633 0.151197 
vt 0.76511 0.151197 
vt 0.774633 0.164255 
vt 0.76511 0.164255 
vt 0.774633 0.177313 
vt 0.76511 0.177313 
vt 0.774633 0.190372 
vt 0.824508 0.389408 
vt 0.824508 0.378358 
vt 0.826002 0.389408 
vt 0.826002 0.378358 
vt 0.826002 0.102111 
vt 0.824508 0.113161 
vt 0.824508 0.102111 
vt 0.826002 0.113161 
vt 0.826002 0.20156 
vt 0.826002 0.21261 
vt 0.824508 0.20156 
vt 0.824508 0.21261 
vt 0.824508 0.28996 
vt 0.826002 0.278909 
vt 0.826002 0.28996 
vt 0.824508 0.278909 
vt 0.785139 0.347069 
vt 0.785139 0.360127 
vt 0.779923 0.347069 
vt 0.779923 0.360127 
vt 0.779923 0.334011 
vt 0.785139 0.373185 
vt 0.785139 0.334011 
vt 0.779923 0.373185 
vt 0.779923 0.320953 
vt 0.785139 0.386243 
vt 0.785139 0.320953 
vt 0.779923 0.386243 
vt 0.779923 0.307895 
vt 0.785139 0.399302 
vt 0.785139 0.307895 
vt 0.779923 0.399302 
vt 0.779923 0.294836 
vt 0.785139 0.41236 
vt 0.785139 0.294836 
vt 0.779923 0.41236 
vt 0.779923 0.281778 
vt 0.785139 0.425417 
vt 0.785139 0.281778 
vt 0.779923 0.425417 
vt 0.779923 0.26872 
vt 0.785139 0.438476 
vt 0.785139 0.26872 
vt 0.779923 0.438476 
vt 0.785139 0.451534 
vt 0.779923 0.451534 
vt 0.779923 0.255662 
vt 0.785139 0.255662 
vt 0.779923 0.242604 
vt 0.785139 0.242604 
vt 0.779923 0.229546 
vt 0.785139 0.229546 
vt 0.779923 0.216488 
vt 0.785139 0.216488 
vt 0.779923 0.20343 
vt 0.785139 0.20343 
vt 0.779923 0.190372 
vt 0.785139 0.190372 
vt 0.779923 0.177313 
vt 0.785139 0.177313 
vt 0.779923 0.164255 
vt 0.785139 0.164255 
vt 0.779923 0.151197 
vt 0.785139 0.151197 
vt 0.779923 0.138139 
vt 0.785139 0.138139 
vt 0.779923 0.125081 
vt 0.785139 0.125081 
vt 0.779923 0.112023 
vt 0.785139 0.112023 
vt 0.779923 0.0989646 
vt 0.785139 0.0989646 
vt 0.779923 0.0859066 
vt 0.785139 0.0859066 
vt 0.779923 0.0728486 
vt 0.785139 0.0728486 
vt 0.779923 0.0597901 
vt 0.785139 0.0597901 
vt 0.779923 0.0467322 
vt 0.785139 0.0467322 
vt 0.779923 0.0336742 
vt 0.785139 0.0336742 

usemtl Handle1Mtl

f 1/1/1 2/2/2 3/3/3 
f 2/2/2 1/1/1 4/4/4 
f 5/5/5 6/6/6 7/7/7 
f 7/7/7 6/6/6 8/8/8 
f 9/9/9 10/10/10 11/11/11 
f 10/10/10 9/9/9 12/12/12 
f 13/13/13 14/14/14 15/15/15 
f 15/15/15 14/14/14 16/16/16 
f 17/17/17 18/18/18 19/19/19 
f 18/18/18 17/17/17 20/20/20 
f 21/21/21 22/22/22 23/23/23 
f 23/23/23 22/22/22 24/24/24 
f 25/25/25 26/26/26 27/27/27 
f 26/26/26 25/25/25 28/28/28 
f 29/29/29 30/30/30 31/31/31 
f 32/32/32 31/31/31 30/30/30 
f 33/33/33 34/34/34 29/29/29 
f 34/34/34 33/33/33 35/35/35 
f 35/35/35 36/36/36 37/37/37 
f 36/36/36 38/38/38 37/37/37 
f 39/39/39 40/40/40 41/41/41 
f 40/40/40 39/39/39 42/42/42 
f 43/43/43 44/44/44 45/45/45 
f 44/44/44 43/43/43 46/46/46 
f 47/47/47 48/48/48 49/49/49 
f 48/48/48 47/47/47 50/50/50 
f 51/51/51 52/52/52 49/49/49 
f 52/52/52 51/51/51 53/53/53 
f 54/54/54 55/55/55 56/56/56 
f 56/56/56 55/55/55 57/57/57 
f 58/58/58 59/59/59 60/60/60 
f 59/59/59 58/58/58 61/61/61 
f 62/62/62 63/63/63 64/64/64 
f 65/65/65 63/63/63 62/62/62 
f 66/66/66 67/67/67 68/68/68 
f 67/67/67 66/66/66 69/69/69 
f 70/70/70 71/71/71 72/72/72 
f 71/71/71 70/70/70 73/73/73 
f 74/74/74 75/75/75 76/76/76 
f 75/75/75 74/74/74 77/77/77 
f 78/78/78 79/79/79 76/76/76 
f 79/79/79 78/78/78 80/80/80 
f 81/81/81 82/82/82 83/83/83 
f 82/82/82 81/81/81 84/84/84 
f 85/85/85 86/86/86 87/87/87 
f 87/87/87 86/86/86 88/88/88 
f 89/89/89 90/90/90 91/91/91 
f 90/90/90 89/89/89 92/92/92 
f 93/93/93 94/94/94 95/95/95 
f 95/95/95 94/94/94 96/96/96 
f 97/97/97 98/98/98 99/99/99 
f 98/98/98 97/97/97 100/100/100 
f 101/101/101 102/102/102 103/103/103 
f 102/102/102 101/101/101 104/104/104 
f 105/105/105 106/106/106 107/107/107 
f 108/108/108 107/107/107 106/106/106 
f 109/109/109 110/110/110 111/111/111 
f 110/110/110 109/109/109 112/112/112 
f 113/113/113 114/114/114 115/115/115 
f 114/114/114 113/113/113 116/116/116 
f 117/117/117 118/118/118 115/115/115 
f 118/118/118 117/117/117 119/119/119 
f 120/120/120 121/121/121 122/122/122 
f 121/121/121 120/120/120 123/123/123 
f 124/124/124 125/125/125 122/122/122 
f 126/126/126 125/125/125 124/124/124 
f 127/127/127 128/128/128 126/126/126 
f 128/128/128 127/127/127 129/129/129 
f 130/130/130 131/131/131 132/132/132 
f 132/132/132 131/131/131 133/133/133 
f 134/134/134 135/135/135 136/136/136 
f 136/136/136 135/135/135 137/137/137 
f 138/138/138 139/139/139 140/140/140 
f 141/141/141 140/140/140 142/142/142 
f 138/138/138 140/140/140 141/141/141 
f 143/143/143 138/138/138 144/144/144 
f 145/145/145 138/138/138 143/143/143 
f 138/138/138 146/146/146 139/139/139 
f 145/145/145 146/146/146 138/138/138 
f 139/139/139 146/146/146 147/147/147 
f 147/147/147 146/146/146 148/148/148 
f 147/147/147 148/148/148 149/149/149 
f 147/147/147 149/149/149 150/150/150 
f 145/145/145 151/151/151 146/146/146 
f 146/146/146 151/151/151 152/152/152 
f 153/153/153 145/145/145 154/154/154 
f 151/151/151 145/145/145 155/155/155 
f 153/153/153 155/155/155 145/145/145 
f 156/156/156 153/153/153 157/157/157 
f 155/155/155 153/153/153 156/156/156 
f 155/155/155 156/156/156 158/158/158 
f 155/155/155 158/158/158 159/159/159 
f 155/155/155 160/160/160 151/151/151 
f 151/151/151 160/160/160 161/161/161 
f 162/162/162 155/155/155 163/163/163 
f 162/162/162 164/164/164 155/155/155 
f 160/160/160 155/155/155 164/164/164 
f 165/165/165 164/164/164 162/162/162 
f 164/164/164 165/165/165 166/166/166 
f 160/160/160 164/164/164 167/167/167 
f 160/160/160 167/167/167 168/168/168 
f 168/168/168 167/167/167 169/169/169 
f 170/170/170 171/171/171 172/172/172 
f 171/171/171 170/170/170 173/173/173 
f 174/174/174 175/175/175 176/176/176 
f 176/176/176 175/175/175 177/177/177 
f 178/178/178 179/179/179 177/177/177 
f 179/179/179 178/178/178 180/180/180 
f 181/181/181 182/182/182 183/183/183 
f 182/182/182 181/181/181 184/184/184 
f 185/185/185 186/186/186 187/187/187 
f 186/186/186 185/185/185 188/188/188 
f 189/189/189 190/190/190 188/188/188 
f 190/190/190 189/189/189 184/184/184 
f 191/191/191 192/192/192 184/184/184 
f 192/192/192 191/191/191 193/193/193 
f 194/194/194 195/195/195 196/196/196 
f 195/195/195 194/194/194 197/197/197 
f 198/198/198 199/199/199 197/197/197 
f 199/199/199 198/198/198 200/200/200 
f 201/201/201 202/202/202 200/200/200 
f 202/202/202 201/201/201 203/203/203 
f 203/203/203 204/204/204 205/205/205 
f 205/205/205 204/204/204 206/206/206 
f 207/207/207 208/208/208 209/209/209 
f 207/207/207 209/209/209 210/210/210 
f 210/210/210 209/209/209 211/211/211 
f 209/209/209 208/208/208 212/212/212 
f 213/213/213 208/208/208 207/207/207 
f 214/214/214 213/213/213 207/207/207 
f 214/214/214 207/207/207 215/215/215 
f 214/214/214 215/215/215 216/216/216 
f 213/213/213 214/214/214 217/217/217 
f 217/217/217 214/214/214 218/218/218 
f 219/219/219 208/208/208 213/213/213 
f 219/219/219 213/213/213 220/220/220 
f 221/221/221 220/220/220 213/213/213 
f 220/220/220 221/221/221 222/222/222 
f 219/219/219 220/220/220 223/223/223 
f 208/208/208 219/219/219 224/224/224 
f 224/224/224 219/219/219 225/225/225 
f 208/208/208 226/226/226 227/227/227 
f 208/208/208 224/224/224 226/226/226 
f 226/226/226 228/228/228 229/229/229 
f 230/230/230 228/228/228 226/226/226 
f 224/224/224 230/230/230 226/226/226 
f 228/228/228 230/230/230 231/231/231 
f 232/232/232 224/224/224 233/233/233 
f 234/234/234 224/224/224 232/232/232 
f 224/224/224 234/234/234 230/230/230 
f 234/234/234 232/232/232 235/235/235 
f 234/234/234 236/236/236 230/230/230 
f 230/230/230 236/236/236 237/237/237 
f 236/236/236 234/234/234 238/238/238 
f 239/239/239 240/240/240 241/241/241 
f 240/240/240 239/239/239 242/242/242 
f 243/243/243 244/244/244 245/245/245 
f 246/246/246 245/245/245 244/244/244 
f 247/247/247 248/248/248 243/243/243 
f 248/248/248 247/247/247 249/249/249 
f 249/249/249 250/250/250 251/251/251 
f 250/250/250 252/252/252 251/251/251 
f 253/253/253 254/254/254 255/255/255 
f 254/254/254 253/253/253 256/256/256 
f 257/257/257 258/258/258 259/259/259 
f 258/258/258 257/257/257 260/260/260 
f 261/261/261 262/262/262 259/259/259 
f 262/262/262 261/261/261 263/263/263 
f 264/264/264 265/265/265 266/266/266 
f 266/266/266 265/265/265 267/267/267 
f 268/268/268 269/269/269 270/270/270 
f 269/269/269 268/268/268 271/271/271 
f 272/272/272 273/273/273 274/274/274 
f 273/273/273 272/272/272 275/275/275 
f 276/276/276 277/277/277 278/278/278 
f 279/279/279 277/277/277 276/276/276 
f 280/280/280 281/281/281 282/282/282 
f 281/281/281 280/280/280 283/283/283 
f 284/284/284 285/285/285 286/286/286 
f 285/285/285 284/284/284 287/287/287 
f 288/288/288 289/289/289 290/290/290 
f 289/289/289 288/288/288 291/291/291 
f 292/292/292 293/293/293 290/290/290 
f 293/293/293 292/292/292 294/294/294 
f 295/295/295 296/296/296 297/297/297 
f 296/296/296 295/295/295 298/298/298 
f 299/299/299 300/300/300 301/301/301 
f 301/301/301 300/300/300 302/302/302 
f 303/303/303 304/304/304 305/305/305 
f 304/304/304 303/303/303 306/306/306 
f 307/307/307 308/308/308 309/309/309 
f 309/309/309 308/308/308 310/310/310 
f 311/311/311 312/312/312 313/313/313 
f 312/312/312 311/311/311 314/314/314 
f 315/315/315 316/316/316 317/317/317 
f 316/316/316 315/315/315 318/318/318 
f 319/319/319 320/320/320 317/317/317 
f 320/320/320 319/319/319 321/321/321 
f 322/322/322 323/323/323 324/324/324 
f 325/325/325 324/324/324 323/323/323 
f 326/326/326 327/327/327 328/328/328 
f 327/327/327 326/326/326 329/329/329 
f 330/330/330 331/331/331 332/332/332 
f 331/331/331 330/330/330 333/333/333 
f 334/334/334 335/335/335 332/332/332 
f 336/336/336 335/335/335 334/334/334 
f 337/337/337 338/338/338 336/336/336 
f 338/338/338 337/337/337 339/339/339 
f 340/340/340 341/341/341 342/342/342 
f 341/341/341 340/340/340 343/343/343 
f 344/344/344 345/345/345 346/346/346 
f 346/346/346 345/345/345 347/347/347 
f 348/348/348 349/349/349 350/350/350 
f 350/350/350 349/349/349 351/351/351 
f 352/352/352 353/353/353 354/354/354 
f 353/353/353 352/352/352 355/355/355 
f 356/356/356 357/357/357 358/358/358 
f 358/358/358 357/357/357 359/359/359 
f 360/360/360 361/361/361 362/362/362 
f 361/361/361 360/360/360 363/363/363 
f 364/364/364 365/365/365 366/366/366 
f 365/365/365 364/364/364 367/367/367 
f 368/368/368 369/369/369 370/370/370 
f 369/369/369 368/368/368 371/371/371 
f 372/372/372 373/373/373 374/374/374 
f 373/373/373 372/372/372 375/375/375 
f 376/376/376 377/377/377 378/378/378 
f 377/377/377 376/376/376 379/379/379 
f 380/380/380 381/381/381 382/382/382 
f 381/381/381 380/380/380 383/383/383 
f 384/384/384 385/385/385 386/386/386 
f 385/385/385 384/384/384 387/387/387 
f 388/388/388 389/389/389 390/390/390 
f 389/389/389 388/388/388 391/391/391 
f 392/392/392 393/393/393 394/394/394 
f 393/393/393 392/392/392 395/395/395 
f 396/396/396 394/394/394 397/397/397 
f 398/398/398 396/396/396 397/397/397 
f 399/399/399 400/400/400 401/401/401 
f 400/400/400 402/402/402 401/401/401 
f 403/403/403 404/404/404 405/405/405 
f 405/405/405 404/404/404 406/406/406 
f 407/407/407 408/408/408 409/409/409 
f 409/409/409 408/408/408 410/410/410 
f 411/411/411 412/412/412 413/413/413 
f 413/413/413 412/412/412 414/414/414 
f 415/415/415 416/416/416 417/417/417 
f 416/416/416 415/415/415 418/418/418 
f 419/419/419 420/420/420 421/421/421 
f 420/420/420 419/419/419 422/422/422 
f 423/423/423 424/424/424 422/422/422 
f 424/424/424 423/423/423 425/425/425 
f 426/426/426 427/427/427 428/428/428 
f 427/427/427 426/426/426 429/429/429 
f 430/430/430 431/431/431 432/432/432 
f 431/431/431 430/430/430 433/433/433 
f 434/434/434 435/435/435 436/436/436 
f 435/435/435 434/434/434 437/437/437 
f 438/438/438 439/439/439 440/440/440 
f 439/439/439 438/438/438 441/441/441 
f 442/442/442 443/443/443 444/444/444 
f 443/443/443 442/442/442 445/445/445 
f 446/446/446 447/447/447 448/448/448 
f 447/447/447 446/446/446 449/449/449 
f 449/449/449 450/450/450 451/451/451 
f 451/451/451 450/450/450 452/452/452 
f 453/453/453 454/454/454 455/455/455 
f 455/455/455 454/454/454 456/456/456 
f 457/457/457 458/458/458 459/459/459 
f 458/458/458 457/457/457 460/460/460 
f 461/461/461 462/462/462 463/463/463 
f 462/462/462 461/461/461 464/464/464 
f 465/465/465 466/466/466 467/467/467 
f 466/466/466 465/465/465 468/468/468 
f 469/469/469 470/470/470 471/471/471 
f 470/470/470 469/469/469 472/472/472 
f 473/473/473 474/474/474 475/475/475 
f 473/473/473 475/475/475 476/476/476 
f 477/477/477 478/478/478 479/479/479 
f 478/478/478 480/480/480 479/479/479 
f 481/481/481 482/482/482 483/483/483 
f 482/482/482 484/484/484 483/483/483 
f 485/485/485 486/486/486 487/487/487 
f 488/488/488 487/487/487 489/489/489 
f 490/490/490 487/487/487 488/488/488 
f 487/487/487 490/490/490 485/485/485 
f 485/485/485 490/490/490 491/491/491 
f 486/486/486 492/492/492 487/487/487 
f 492/492/492 486/486/486 493/493/493 
f 492/492/492 493/493/493 494/494/494 
f 486/486/486 495/495/495 496/496/496 
f 485/485/485 495/495/495 486/486/486 
f 497/497/497 485/485/485 498/498/498 
f 499/499/499 485/485/485 497/497/497 
f 485/485/485 499/499/499 500/500/500 
f 500/500/500 499/499/499 501/501/501 
f 502/502/502 485/485/485 500/500/500 
f 495/495/495 485/485/485 502/502/502 
f 502/502/502 500/500/500 503/503/503 
f 504/504/504 502/502/502 505/505/505 
f 502/502/502 504/504/504 506/506/506 
f 495/495/495 502/502/502 507/507/507 
f 506/506/506 507/507/507 502/502/502 
f 495/495/495 507/507/507 508/508/508 
f 508/508/508 507/507/507 509/509/509 
f 507/507/507 506/506/506 510/510/510 
f 507/507/507 510/510/510 511/511/511 
f 511/511/511 510/510/510 512/512/512 
f 506/506/506 513/513/513 510/510/510 
f 510/510/510 513/513/513 514/514/514 
f 515/515/515 513/513/513 506/506/506 
f 513/513/513 515/515/515 516/516/516 
f 517/517/517 518/518/518 519/519/519 
f 519/519/519 518/518/518 520/520/520 
f 521/521/521 522/522/522 523/523/523 
f 522/522/522 521/521/521 524/524/524 
f 525/525/525 526/526/526 523/523/523 
f 526/526/526 525/525/525 527/527/527 
f 528/528/528 529/529/529 530/530/530 
f 529/529/529 528/528/528 531/531/531 
f 531/531/531 532/532/532 533/533/533 
f 533/533/533 532/532/532 534/534/534 
f 535/535/535 536/536/536 534/534/534 
f 536/536/536 535/535/535 537/537/537 
f 538/538/538 539/539/539 537/537/537 
f 539/539/539 538/538/538 530/530/530 
f 537/537/537 540/540/540 541/541/541 
f 541/541/541 540/540/540 542/542/542 
f 530/530/530 543/543/543 544/544/544 
f 544/544/544 543/543/543 545/545/545 
f 546/546/546 547/547/547 548/548/548 
f 547/547/547 546/546/546 549/549/549 
f 550/550/550 551/551/551 548/548/548 
f 551/551/551 550/550/550 552/552/552 
f 553/553/553 548/548/548 554/554/554 
f 555/555/555 553/553/553 554/554/554 
f 556/556/556 557/557/557 555/555/555 
f 557/557/557 556/556/556 558/558/558 
f 559/559/559 560/560/560 558/558/558 
f 549/549/549 560/560/560 559/559/559 
f 561/561/561 562/562/562 549/549/549 
f 562/562/562 561/561/561 563/563/563 
f 564/564/564 565/565/565 566/566/566 
f 565/565/565 564/564/564 567/567/567 
f 567/567/567 568/568/568 569/569/569 
f 570/570/570 569/569/569 568/568/568 
f 571/571/571 572/572/572 573/573/573 
f 572/572/572 571/571/571 574/574/574 
f 574/574/574 575/575/575 576/576/576 
f 577/577/577 576/576/576 575/575/575 
f 578/578/578 579/579/579 580/580/580 
f 581/581/581 580/580/580 579/579/579 
f 582/582/582 583/583/583 578/578/578 
f 583/583/583 582/582/582 584/584/584 
f 585/585/585 586/586/586 587/587/587 
f 588/588/588 587/587/587 586/586/586 
f 589/589/589 590/590/590 585/585/585 
f 590/590/590 589/589/589 591/591/591 
f 592/592/592 593/593/593 594/594/594 
f 593/593/593 592/592/592 595/595/595 
f 595/595/595 596/596/596 597/597/597 
f 598/598/598 597/597/597 596/596/596 
f 599/599/599 600/600/600 601/601/601 
f 602/602/602 601/601/601 600/600/600 
f 603/603/603 604/604/604 599/599/599 
f 604/604/604 603/603/603 605/605/605 
f 606/606/606 607/607/607 608/608/608 
f 607/607/607 606/606/606 609/609/609 
f 609/609/609 610/610/610 611/611/611 
f 612/612/612 611/611/611 610/610/610 
f 613/613/613 614/614/614 615/615/615 
f 616/616/616 615/615/615 614/614/614 
f 617/617/617 618/618/618 613/613/613 
f 618/618/618 617/617/617 619/619/619 
f 620/620/620 621/621/621 622/622/622 
f 621/621/621 620/620/620 623/623/623 
f 624/624/624 625/625/625 622/622/622 
f 625/625/625 624/624/624 626/626/626 
f 623/623/623 627/627/627 628/628/628 
f 629/629/629 628/628/628 627/627/627 
f 629/629/629 630/630/630 631/631/631 
f 632/632/632 631/631/631 630/630/630 
f 633/633/633 634/634/634 635/635/635 
f 634/634/634 633/633/633 636/636/636 
f 637/637/637 638/638/638 635/635/635 
f 638/638/638 637/637/637 639/639/639 
f 636/636/636 640/640/640 641/641/641 
f 642/642/642 641/641/641 640/640/640 
f 642/642/642 643/643/643 644/644/644 
f 645/645/645 644/644/644 643/643/643 
f 646/646/646 647/647/647 648/648/648 
f 649/649/649 648/648/648 647/647/647 
f 650/650/650 651/651/651 646/646/646 
f 651/651/651 650/650/650 652/652/652 
f 649/649/649 653/653/653 654/654/654 
f 655/655/655 654/654/654 653/653/653 
f 656/656/656 657/657/657 652/652/652 
f 657/657/657 656/656/656 658/658/658 
f 659/659/659 660/660/660 661/661/661 
f 662/662/662 661/661/661 660/660/660 
f 663/663/663 664/664/664 659/659/659 
f 664/664/664 663/663/663 665/665/665 
f 662/662/662 666/666/666 667/667/667 
f 668/668/668 667/667/667 666/666/666 
f 669/669/669 670/670/670 665/665/665 
f 670/670/670 669/669/669 671/671/671 
f 672/672/672 673/673/673 674/674/674 
f 673/673/673 672/672/672 675/675/675 
f 676/676/676 677/677/677 674/674/674 
f 677/677/677 676/676/676 678/678/678 
f 675/675/675 679/679/679 680/680/680 
f 681/681/681 680/680/680 679/679/679 
f 681/681/681 682/682/682 683/683/683 
f 684/684/684 683/683/683 682/682/682 
f 685/685/685 686/686/686 687/687/687 
f 688/688/688 687/687/687 686/686/686 
f 689/689/689 690/690/690 685/685/685 
f 690/690/690 689/689/689 691/691/691 
f 688/688/688 692/692/692 693/693/693 
f 694/694/694 693/693/693 692/692/692 
f 695/695/695 696/696/696 691/691/691 
f 696/696/696 695/695/695 697/697/697 
f 698/698/698 699/699/699 700/700/700 
f 699/699/699 698/698/698 701/701/701 
f 702/702/702 703/703/703 700/700/700 
f 703/703/703 702/702/702 704/704/704 
f 701/701/701 705/705/705 706/706/706 
f 707/707/707 706/706/706 705/705/705 
f 707/707/707 708/708/708 709/709/709 
f 710/710/710 709/709/709 708/708/708 
f 711/711/711 712/712/712 713/713/713 
f 714/714/714 713/713/713 712/712/712 
f 715/715/715 716/716/716 711/711/711 
f 716/716/716 715/715/715 717/717/717 
f 714/714/714 718/718/718 719/719/719 
f 720/720/720 719/719/719 718/718/718 
f 721/721/721 722/722/722 717/717/717 
f 722/722/722 721/721/721 723/723/723 
f 724/724/724 725/725/725 726/726/726 
f 725/725/725 724/724/724 727/727/727 
f 728/728/728 729/729/729 726/726/726 
f 729/729/729 728/728/728 730/730/730 
f 727/727/727 731/731/731 732/732/732 
f 733/733/733 732/732/732 731/731/731 
f 733/733/733 734/734/734 735/735/735 
f 736/736/736 735/735/735 734/734/734 
f 737/737/737 738/738/738 739/739/739 
f 738/738/738 737/737/737 740/740/740 
f 741/741/741 742/742/742 739/739/739 
f 742/742/742 741/741/741 743/743/743 
f 740/740/740 744/744/744 745/745/745 
f 746/746/746 745/745/745 744/744/744 
f 746/746/746 747/747/747 748/748/748 
f 749/749/749 748/748/748 747/747/747 
f 750/750/750 751/751/751 752/752/752 
f 753/753/753 752/752/752 751/751/751 
f 754/754/754 755/755/755 750/750/750 
f 755/755/755 754/754/754 756/756/756 
f 753/753/753 757/757/757 758/758/758 
f 759/759/759 758/758/758 757/757/757 
f 760/760/760 761/761/761 756/756/756 
f 761/761/761 760/760/760 762/762/762 
f 763/763/763 764/764/764 765/765/765 
f 766/766/766 765/765/765 764/764/764 
f 767/767/767 768/768/768 763/763/763 
f 768/768/768 767/767/767 769/769/769 
f 766/766/766 770/770/770 771/771/771 
f 772/772/772 771/771/771 770/770/770 
f 773/773/773 774/774/774 769/769/769 
f 774/774/774 773/773/773 775/775/775 
f 776/776/776 777/777/777 778/778/778 
f 777/777/777 776/776/776 779/779/779 
f 780/780/780 781/781/781 778/778/778 
f 781/781/781 780/780/780 782/782/782 
f 779/779/779 783/783/783 784/784/784 
f 785/785/785 784/784/784 783/783/783 
f 785/785/785 786/786/786 787/787/787 
f 788/788/788 787/787/787 786/786/786 
f 789/789/789 790/790/790 791/791/791 
f 792/792/792 791/791/791 790/790/790 
f 793/793/793 794/794/794 789/789/789 
f 794/794/794 793/793/793 795/795/795 
f 792/792/792 796/796/796 797/797/797 
f 798/798/798 797/797/797 796/796/796 
f 799/799/799 800/800/800 795/795/795 
f 800/800/800 799/799/799 801/801/801 
f 802/802/802 803/803/803 804/804/804 
f 803/803/803 802/802/802 805/805/805 
f 806/806/806 807/807/807 804/804/804 
f 807/807/807 806/806/806 808/808/808 
f 805/805/805 809/809/809 810/810/810 
f 811/811/811 810/810/810 809/809/809 
f 811/811/811 812/812/812 813/813/813 
f 814/814/814 813/813/813 812/812/812 
f 815/815/815 816/816/816 817/817/817 
f 818/818/818 817/817/817 816/816/816 
f 819/819/819 820/820/820 815/815/815 
f 820/820/820 819/819/819 821/821/821 
f 818/818/818 822/822/822 823/823/823 
f 824/824/824 823/823/823 822/822/822 
f 825/825/825 826/826/826 821/821/821 
f 826/826/826 825/825/825 827/827/827 
f 828/828/828 829/829/829 830/830/830 
f 829/829/829 828/828/828 831/831/831 
f 832/832/832 833/833/833 830/830/830 
f 833/833/833 832/832/832 834/834/834 
f 831/831/831 835/835/835 836/836/836 
f 837/837/837 836/836/836 835/835/835 
f 838/838/838 839/839/839 837/837/837 
f 839/839/839 838/838/838 840/840/840 
f 841/841/841 842/842/842 843/843/843 
f 842/842/842 841/841/841 844/844/844 
f 843/843/843 845/845/845 846/846/846 
f 847/847/847 846/846/846 845/845/845 
f 848/848/848 849/849/849 844/844/844 
f 849/849/849 848/848/848 850/850/850 
f 851/851/851 852/852/852 847/847/847 
f 853/853/853 852/852/852 851/851/851 
f 854/854/854 855/855/855 856/856/856 
f 855/855/855 854/854/854 857/857/857 
f 858/858/858 859/859/859 856/856/856 
f 859/859/859 858/858/858 860/860/860 
f 857/857/857 861/861/861 862/862/862 
f 863/863/863 862/862/862 861/861/861 
f 864/864/864 865/865/865 863/863/863 
f 865/865/865 864/864/864 866/866/866 
f 867/867/867 868/868/868 869/869/869 
f 868/868/868 867/867/867 870/870/870 
f 869/869/869 871/871/871 872/872/872 
f 873/873/873 872/872/872 871/871/871 
f 874/874/874 875/875/875 870/870/870 
f 875/875/875 874/874/874 876/876/876 
f 877/877/877 878/878/878 873/873/873 
f 879/879/879 878/878/878 877/877/877 
f 880/880/880 881/881/881 882/882/882 
f 881/881/881 880/880/880 883/883/883 
f 884/884/884 885/885/885 882/882/882 
f 885/885/885 884/884/884 886/886/886 
f 883/883/883 887/887/887 888/888/888 
f 889/889/889 888/888/888 887/887/887 
f 890/890/890 891/891/891 889/889/889 
f 891/891/891 890/890/890 892/892/892 
f 893/893/893 894/894/894 895/895/895 
f 894/894/894 893/893/893 843/843/843 
f 896/896/896 897/897/897 895/895/895 
f 897/897/897 896/896/896 898/898/898 
f 899/899/899 900/900/900 843/843/843 
f 901/901/901 900/900/900 899/899/899 
f 902/902/902 903/903/903 901/901/901 
f 903/903/903 902/902/902 904/904/904 
f 905/905/905 906/906/906 907/907/907 
f 906/906/906 905/905/905 869/869/869 
f 908/908/908 909/909/909 907/907/907 
f 909/909/909 908/908/908 910/910/910 
f 911/911/911 912/912/912 869/869/869 
f 913/913/913 912/912/912 911/911/911 
f 914/914/914 915/915/915 913/913/913 
f 915/915/915 914/914/914 916/916/916 
f 917/917/917 918/918/918 919/919/919 
f 918/918/918 917/917/917 920/920/920 
f 921/921/921 922/922/922 919/919/919 
f 922/922/922 921/921/921 923/923/923 
f 924/924/924 925/925/925 920/920/920 
f 925/925/925 924/924/924 926/926/926 
f 927/927/927 928/928/928 926/926/926 
f 928/928/928 927/927/927 929/929/929 
f 930/930/930 931/931/931 920/920/920 
f 932/932/932 931/931/931 930/930/930 
f 920/920/920 933/933/933 934/934/934 
f 935/935/935 934/934/934 933/933/933 
f 936/936/936 937/937/937 932/932/932 
f 937/937/937 936/936/936 938/938/938 
f 939/939/939 940/940/940 935/935/935 
f 941/941/941 940/940/940 939/939/939 
f 942/942/942 943/943/943 944/944/944 
f 943/943/943 942/942/942 945/945/945 
f 946/946/946 947/947/947 944/944/944 
f 947/947/947 946/946/946 948/948/948 
f 949/949/949 950/950/950 945/945/945 
f 950/950/950 949/949/949 951/951/951 
f 952/952/952 953/953/953 951/951/951 
f 953/953/953 952/952/952 954/954/954 
f 955/955/955 956/956/956 945/945/945 
f 957/957/957 956/956/956 955/955/955 
f 945/945/945 958/958/958 959/959/959 
f 960/960/960 959/959/959 958/958/958 
f 961/961/961 962/962/962 957/957/957 
f 962/962/962 961/961/961 963/963/963 
f 964/964/964 965/965/965 960/960/960 
f 966/966/966 965/965/965 964/964/964 
f 967/967/967 968/968/968 969/969/969 
f 968/968/968 967/967/967 970/970/970 
f 971/971/971 972/972/972 969/969/969 
f 972/972/972 971/971/971 973/973/973 
f 974/974/974 975/975/975 970/970/970 
f 975/975/975 974/974/974 976/976/976 
f 976/976/976 977/977/977 978/978/978 
f 979/979/979 978/978/978 977/977/977 
f 970/970/970 980/980/980 981/981/981 
f 982/982/982 981/981/981 980/980/980 
f 983/983/983 984/984/984 970/970/970 
f 985/985/985 984/984/984 983/983/983 
f 986/986/986 987/987/987 982/982/982 
f 987/987/987 986/986/986 988/988/988 
f 989/989/989 990/990/990 985/985/985 
f 990/990/990 989/989/989 991/991/991 
f 992/992/992 993/993/993 831/831/831 
f 993/993/993 992/992/992 994/994/994 
f 995/995/995 996/996/996 831/831/831 
f 997/997/997 996/996/996 995/995/995 
f 994/994/994 998/998/998 999/999/999 
f 1000/1000/1000 999/999/999 998/998/998 
f 1001/1001/1001 1002/1002/1002 997/997/997 
f 1002/1002/1002 1001/1001/1001 1003/1003/1003 
f 1004/1004/1004 1005/1005/1005 857/857/857 
f 1005/1005/1005 1004/1004/1004 1006/1006/1006 
f 1007/1007/1007 1008/1008/1008 857/857/857 
f 1009/1009/1009 1008/1008/1008 1007/1007/1007 
f 1010/1010/1010 1011/1011/1011 1006/1006/1006 
f 1011/1011/1011 1010/1010/1010 1012/1012/1012 
f 1013/1013/1013 1014/1014/1014 1009/1009/1009 
f 1014/1014/1014 1013/1013/1013 1015/1015/1015 
f 1016/1016/1016 1017/1017/1017 883/883/883 
f 1017/1017/1017 1016/1016/1016 1018/1018/1018 
f 1019/1019/1019 1020/1020/1020 883/883/883 
f 1021/1021/1021 1020/1020/1020 1019/1019/1019 
f 1022/1022/1022 1023/1023/1023 1018/1018/1018 
f 1023/1023/1023 1022/1022/1022 1024/1024/1024 
f 1025/1025/1025 1026/1026/1026 1021/1021/1021 
f 1026/1026/1026 1025/1025/1025 1027/1027/1027 
f 1028/1028/1028 1029/1029/1029 1030/1030/1030 
f 1029/1029/1029 1028/1028/1028 1031/1031/1031 
f 1032/1032/1032 1033/1033/1033 1031/1031/1031 
f 1034/1034/1034 1033/1033/1033 1032/1032/1032 
f 1035/1035/1035 1036/1036/1036 1030/1030/1030 
f 1036/1036/1036 1035/1035/1035 1037/1037/1037 
f 1038/1038/1038 1039/1039/1039 1030/1030/1030 
f 1039/1039/1039 1038/1038/1038 1040/1040/1040 
f 1041/1041/1041 1042/1042/1042 1034/1034/1034 
f 1042/1042/1042 1041/1041/1041 1043/1043/1043 
f 1034/1034/1034 1044/1044/1044 1045/1045/1045 
f 1046/1046/1046 1045/1045/1045 1044/1044/1044 
f 1047/1047/1047 1048/1048/1048 1049/1049/1049 
f 1048/1048/1048 1047/1047/1047 1050/1050/1050 
f 1051/1051/1051 1052/1052/1052 1050/1050/1050 
f 1053/1053/1053 1052/1052/1052 1051/1051/1051 
f 1054/1054/1054 1055/1055/1055 1049/1049/1049 
f 1055/1055/1055 1054/1054/1054 1056/1056/1056 
f 1057/1057/1057 1058/1058/1058 1049/1049/1049 
f 1058/1058/1058 1057/1057/1057 1059/1059/1059 
f 1053/1053/1053 1060/1060/1060 1061/1061/1061 
f 1062/1062/1062 1061/1061/1061 1060/1060/1060 
f 1063/1063/1063 1064/1064/1064 1053/1053/1053 
f 1064/1064/1064 1063/1063/1063 1065/1065/1065 
f 1066/1066/1066 1067/1067/1067 1068/1068/1068 
f 1068/1068/1068 1067/1067/1067 1069/1069/1069 
f 1070/1070/1070 1071/1071/1071 1069/1069/1069 
f 1071/1071/1071 1070/1070/1070 1072/1072/1072 
f 1073/1073/1073 1074/1074/1074 1066/1066/1066 
f 1074/1074/1074 1073/1073/1073 1075/1075/1075 
f 1076/1076/1076 1077/1077/1077 1066/1066/1066 
f 1078/1078/1078 1077/1077/1077 1076/1076/1076 
f 1079/1079/1079 1080/1080/1080 1072/1072/1072 
f 1080/1080/1080 1079/1079/1079 1081/1081/1081 
f 1072/1072/1072 1082/1082/1082 1083/1083/1083 
f 1084/1084/1084 1083/1083/1083 1082/1082/1082 
f 1085/1085/1085 1086/1086/1086 1087/1087/1087 
f 1086/1086/1086 1085/1085/1085 1088/1088/1088 
f 1089/1089/1089 1090/1090/1090 1088/1088/1088 
f 1091/1091/1091 1090/1090/1090 1089/1089/1089 
f 1092/1092/1092 1093/1093/1093 1087/1087/1087 
f 1093/1093/1093 1092/1092/1092 1094/1094/1094 
f 1095/1095/1095 1096/1096/1096 1087/1087/1087 
f 1096/1096/1096 1095/1095/1095 1097/1097/1097 
f 1091/1091/1091 1098/1098/1098 1099/1099/1099 
f 1100/1100/1100 1099/1099/1099 1098/1098/1098 
f 1101/1101/1101 1102/1102/1102 1091/1091/1091 
f 1102/1102/1102 1101/1101/1101 1103/1103/1103 
f 1104/1104/1104 1105/1105/1105 1106/1106/1106 
f 1105/1105/1105 1104/1104/1104 1107/1107/1107 
f 1108/1108/1108 1109/1109/1109 1107/1107/1107 
f 1110/1110/1110 1109/1109/1109 1108/1108/1108 
f 1111/1111/1111 1112/1112/1112 1106/1106/1106 
f 1112/1112/1112 1111/1111/1111 1113/1113/1113 
f 1114/1114/1114 1115/1115/1115 1106/1106/1106 
f 1115/1115/1115 1114/1114/1114 1116/1116/1116 
f 1110/1110/1110 1117/1117/1117 1118/1118/1118 
f 1119/1119/1119 1118/1118/1118 1117/1117/1117 
f 1120/1120/1120 1121/1121/1121 1110/1110/1110 
f 1121/1121/1121 1120/1120/1120 1122/1122/1122 
f 1123/1123/1123 1124/1124/1124 1125/1125/1125 
f 1125/1125/1125 1124/1124/1124 1126/1126/1126 
f 1127/1127/1127 1128/1128/1128 1123/1123/1123 
f 1129/1129/1129 1128/1128/1128 1127/1127/1127 
f 1130/1130/1130 1131/1131/1131 1126/1126/1126 
f 1131/1131/1131 1130/1130/1130 1132/1132/1132 
f 1133/1133/1133 1134/1134/1134 1132/1132/1132 
f 1134/1134/1134 1133/1133/1133 1135/1135/1135 
f 1136/1136/1136 1137/1137/1137 1138/1138/1138 
f 1137/1137/1137 1136/1136/1136 1139/1139/1139 
f 1140/1140/1140 1141/1141/1141 1142/1142/1142 
f 1142/1142/1142 1141/1141/1141 1143/1143/1143 
f 1144/1144/1144 1145/1145/1145 1143/1143/1143 
f 1145/1145/1145 1144/1144/1144 1146/1146/1146 
f 1147/1147/1147 1148/1148/1148 1149/1149/1149 
f 1149/1149/1149 1148/1148/1148 1150/1150/1150 
f 1151/1151/1151 1152/1152/1152 1147/1147/1147 
f 1152/1152/1152 1153/1153/1153 1150/1150/1150 
f 1152/1152/1152 1151/1151/1151 1154/1154/1154 
f 1153/1153/1153 1152/1152/1152 1155/1155/1155 
f 1156/1156/1156 1148/1148/1148 1154/1154/1154 
f 1148/1148/1148 1156/1156/1156 1155/1155/1155 
f 1157/1157/1157 1158/1158/1158 1159/1159/1159 
f 1159/1159/1159 1158/1158/1158 1160/1160/1160 
f 1161/1161/1161 1162/1162/1162 1157/1157/1157 
f 1162/1162/1162 1163/1163/1163 1160/1160/1160 
f 1162/1162/1162 1161/1161/1161 1164/1164/1164 
f 1163/1163/1163 1162/1162/1162 1165/1165/1165 
f 1166/1166/1166 1158/1158/1158 1164/1164/1164 
f 1158/1158/1158 1166/1166/1166 1165/1165/1165 
f 1167/1167/1167 1168/1168/1168 1169/1169/1169 
f 1169/1169/1169 1168/1168/1168 1170/1170/1170 
f 1171/1171/1171 1172/1172/1172 1167/1167/1167 
f 1172/1172/1172 1171/1171/1171 1173/1173/1173 
f 1173/1173/1173 1169/1169/1169 1174/1174/1174 
f 1174/1174/1174 1169/1169/1169 1175/1175/1175 
f 1171/1171/1171 1176/1176/1176 1175/1175/1175 
f 1176/1176/1176 1171/1171/1171 1170/1170/1170 
f 1177/1177/1177 1178/1178/1178 1179/1179/1179 
f 1179/1179/1179 1178/1178/1178 1180/1180/1180 
f 1181/1181/1181 1182/1182/1182 1177/1177/1177 
f 1182/1182/1182 1181/1181/1181 1183/1183/1183 
f 1183/1183/1183 1179/1179/1179 1184/1184/1184 
f 1184/1184/1184 1179/1179/1179 1185/1185/1185 
f 1181/1181/1181 1186/1186/1186 1185/1185/1185 
f 1186/1186/1186 1181/1181/1181 1180/1180/1180 
f 1187/1187/1187 1188/1188/1188 1189/1189/1189 
f 1189/1189/1189 1188/1188/1188 1190/1190/1190 
f 1191/1191/1191 1192/1192/1192 1187/1187/1187 
f 1192/1192/1192 1193/1193/1193 1190/1190/1190 
f 1192/1192/1192 1191/1191/1191 1194/1194/1194 
f 1193/1193/1193 1192/1192/1192 1195/1195/1195 
f 1194/1194/1194 1196/1196/1196 1188/1188/1188 
f 1188/1188/1188 1196/1196/1196 1195/1195/1195 
f 1197/1197/1197 1198/1198/1198 1199/1199/1199 
f 1199/1199/1199 1198/1198/1198 1200/1200/1200 
f 1201/1201/1201 1202/1202/1202 1197/1197/1197 
f 1202/1202/1202 1201/1201/1201 1203/1203/1203 
f 1203/1203/1203 1199/1199/1199 1204/1204/1204 
f 1204/1204/1204 1199/1199/1199 1205/1205/1205 
f 1201/1201/1201 1206/1206/1206 1205/1205/1205 
f 1206/1206/1206 1201/1201/1201 1200/1200/1200 
f 1207/1207/1207 1208/1208/1208 1209/1209/1209 
f 1209/1209/1209 1208/1208/1208 1210/1210/1210 
f 1211/1211/1211 1212/1212/1212 1207/1207/1207 
f 1212/1212/1212 1213/1213/1213 1210/1210/1210 
f 1212/1212/1212 1211/1211/1211 1214/1214/1214 
f 1213/1213/1213 1212/1212/1212 1215/1215/1215 
f 1216/1216/1216 1208/1208/1208 1214/1214/1214 
f 1208/1208/1208 1216/1216/1216 1215/1215/1215 
f 1217/1217/1217 1218/1218/1218 1219/1219/1219 
f 1219/1219/1219 1218/1218/1218 1220/1220/1220 
f 1221/1221/1221 1222/1222/1222 1217/1217/1217 
f 1222/1222/1222 1221/1221/1221 1223/1223/1223 
f 1223/1223/1223 1219/1219/1219 1224/1224/1224 
f 1224/1224/1224 1219/1219/1219 1225/1225/1225 
f 1221/1221/1221 1226/1226/1226 1225/1225/1225 
f 1226/1226/1226 1221/1221/1221 1220/1220/1220 
f 1227/1227/1227 1228/1228/1228 1229/1229/1229 
f 1228/1228/1228 1227/1227/1227 1230/1230/1230 
f 1231/1231/1231 1232/1232/1232 1229/1229/1229 
f 1232/1232/1232 1231/1231/1231 1233/1233/1233 
f 1234/1234/1234 1235/1235/1235 1230/1230/1230 
f 1236/1236/1236 1235/1235/1235 1234/1234/1234 
f 1237/1237/1237 1238/1238/1238 1233/1233/1233 
f 1239/1239/1239 1238/1238/1238 1237/1237/1237 
f 1240/1240/1240 1241/1241/1241 1236/1236/1236 
f 1241/1241/1241 1240/1240/1240 1242/1242/1242 
f 1243/1243/1243 1244/1244/1244 1239/1239/1239 
f 1245/1245/1245 1244/1244/1244 1243/1243/1243 
f 1246/1246/1246 1247/1247/1247 1242/1242/1242 
f 1247/1247/1247 1246/1246/1246 1248/1248/1248 
f 1249/1249/1249 1250/1250/1250 1245/1245/1245 
f 1250/1250/1250 1249/1249/1249 1248/1248/1248 
f 1251/1251/1251 1252/1252/1252 1253/1253/1253 
f 1252/1252/1252 1251/1251/1251 1254/1254/1254 
f 1255/1255/1255 1256/1256/1256 1253/1253/1253 
f 1256/1256/1256 1255/1255/1255 1257/1257/1257 
f 1258/1258/1258 1259/1259/1259 1254/1254/1254 
f 1260/1260/1260 1259/1259/1259 1258/1258/1258 
f 1261/1261/1261 1262/1262/1262 1257/1257/1257 
f 1263/1263/1263 1262/1262/1262 1261/1261/1261 
f 1264/1264/1264 1265/1265/1265 1260/1260/1260 
f 1266/1266/1266 1265/1265/1265 1264/1264/1264 
f 1267/1267/1267 1268/1268/1268 1263/1263/1263 
f 1269/1269/1269 1268/1268/1268 1267/1267/1267 
f 1270/1270/1270 1271/1271/1271 1266/1266/1266 
f 1271/1271/1271 1270/1270/1270 1272/1272/1272 
f 1273/1273/1273 1274/1274/1274 1269/1269/1269 
f 1274/1274/1274 1273/1273/1273 1272/1272/1272 
f 1275/1275/1275 1276/1276/1276 1277/1277/1277 
f 1277/1277/1277 1276/1276/1276 1278/1278/1278 
f 1279/1279/1279 1280/1280/1280 1275/1275/1275 
f 1281/1281/1281 1280/1280/1280 1279/1279/1279 
f 1282/1282/1282 1283/1283/1283 1278/1278/1278 
f 1283/1283/1283 1282/1282/1282 1284/1284/1284 
f 1285/1285/1285 1286/1286/1286 1281/1281/1281 
f 1286/1286/1286 1285/1285/1285 1287/1287/1287 
f 1288/1288/1288 1289/1289/1289 1284/1284/1284 
f 1289/1289/1289 1288/1288/1288 1290/1290/1290 
f 1291/1291/1291 1292/1292/1292 1287/1287/1287 
f 1292/1292/1292 1291/1291/1291 1293/1293/1293 
f 1294/1294/1294 1295/1295/1295 1290/1290/1290 
f 1296/1296/1296 1295/1295/1295 1294/1294/1294 
f 1293/1293/1293 1297/1297/1297 1298/1298/1298 
f 1298/1298/1298 1297/1297/1297 1296/1296/1296 
f 1299/1299/1299 1300/1300/1300 1301/1301/1301 
f 1301/1301/1301 1300/1300/1300 1302/1302/1302 
f 1303/1303/1303 1304/1304/1304 1299/1299/1299 
f 1305/1305/1305 1304/1304/1304 1303/1303/1303 
f 1306/1306/1306 1307/1307/1307 1302/1302/1302 
f 1307/1307/1307 1306/1306/1306 1308/1308/1308 
f 1309/1309/1309 1310/1310/1310 1305/1305/1305 
f 1310/1310/1310 1309/1309/1309 1311/1311/1311 
f 1312/1312/1312 1313/1313/1313 1308/1308/1308 
f 1313/1313/1313 1312/1312/1312 1314/1314/1314 
f 1315/1315/1315 1316/1316/1316 1311/1311/1311 
f 1316/1316/1316 1315/1315/1315 1317/1317/1317 
f 1318/1318/1318 1319/1319/1319 1314/1314/1314 
f 1320/1320/1320 1319/1319/1319 1318/1318/1318 
f 1317/1317/1317 1321/1321/1321 1322/1322/1322 
f 1322/1322/1322 1321/1321/1321 1320/1320/1320 
f 1323/1323/1323 1324/1324/1324 1325/1325/1325 
f 1324/1324/1324 1323/1323/1323 1326/1326/1326 
f 1327/1327/1327 1328/1328/1328 1325/1325/1325 
f 1328/1328/1328 1327/1327/1327 1329/1329/1329 
f 1330/1330/1330 1331/1331/1331 1326/1326/1326 
f 1332/1332/1332 1331/1331/1331 1330/1330/1330 
f 1333/1333/1333 1334/1334/1334 1329/1329/1329 
f 1335/1335/1335 1334/1334/1334 1333/1333/1333 
f 1336/1336/1336 1337/1337/1337 1332/1332/1332 
f 1337/1337/1337 1336/1336/1336 1338/1338/1338 
f 1339/1339/1339 1340/1340/1340 1335/1335/1335 
f 1341/1341/1341 1340/1340/1340 1339/1339/1339 
f 1342/1342/1342 1343/1343/1343 1338/1338/1338 
f 1343/1343/1343 1342/1342/1342 1344/1344/1344 
f 1345/1345/1345 1346/1346/1346 1341/1341/1341 
f 1346/1346/1346 1345/1345/1345 1344/1344/1344 
f 1347/1347/1347 1348/1348/1348 1349/1349/1349 
f 1349/1349/1349 1348/1348/1348 1350/1350/1350 
f 1351/1351/1351 1352/1352/1352 1347/1347/1347 
f 1353/1353/1353 1352/1352/1352 1351/1351/1351 
f 1354/1354/1354 1355/1355/1355 1350/1350/1350 
f 1355/1355/1355 1354/1354/1354 1356/1356/1356 
f 1357/1357/1357 1358/1358/1358 1353/1353/1353 
f 1358/1358/1358 1357/1357/1357 1359/1359/1359 
f 1360/1360/1360 1361/1361/1361 1356/1356/1356 
f 1361/1361/1361 1360/1360/1360 1362/1362/1362 
f 1363/1363/1363 1364/1364/1364 1359/1359/1359 
f 1364/1364/1364 1363/1363/1363 1365/1365/1365 
f 1366/1366/1366 1367/1367/1367 1362/1362/1362 
f 1368/1368/1368 1367/1367/1367 1366/1366/1366 
f 1365/1365/1365 1369/1369/1369 1370/1370/1370 
f 1370/1370/1370 1369/1369/1369 1368/1368/1368 
f 1371/1371/1371 1372/1372/1372 1373/1373/1373 
f 1372/1372/1372 1371/1371/1371 1374/1374/1374 
f 1375/1375/1375 1376/1376/1376 1373/1373/1373 
f 1376/1376/1376 1375/1375/1375 1377/1377/1377 
f 1378/1378/1378 1379/1379/1379 1374/1374/1374 
f 1380/1380/1380 1379/1379/1379 1378/1378/1378 
f 1381/1381/1381 1382/1382/1382 1377/1377/1377 
f 1383/1383/1383 1382/1382/1382 1381/1381/1381 
f 1384/1384/1384 1385/1385/1385 1380/1380/1380 
f 1385/1385/1385 1384/1384/1384 1386/1386/1386 
f 1387/1387/1387 1388/1388/1388 1383/1383/1383 
f 1389/1389/1389 1388/1388/1388 1387/1387/1387 
f 1390/1390/1390 1391/1391/1391 1386/1386/1386 
f 1391/1391/1391 1390/1390/1390 1392/1392/1392 
f 1393/1393/1393 1394/1394/1394 1389/1389/1389 
f 1394/1394/1394 1393/1393/1393 1392/1392/1392 
f 1395/1395/1395 1396/1396/1396 1397/1397/1397 
f 1397/1397/1397 1396/1396/1396 1398/1398/1398 
f 1399/1399/1399 1400/1400/1400 1395/1395/1395 
f 1401/1401/1401 1400/1400/1400 1399/1399/1399 
f 1402/1402/1402 1403/1403/1403 1398/1398/1398 
f 1403/1403/1403 1402/1402/1402 1404/1404/1404 
f 1405/1405/1405 1406/1406/1406 1401/1401/1401 
f 1406/1406/1406 1405/1405/1405 1407/1407/1407 
f 1408/1408/1408 1409/1409/1409 1404/1404/1404 
f 1409/1409/1409 1408/1408/1408 1410/1410/1410 
f 1411/1411/1411 1412/1412/1412 1407/1407/1407 
f 1412/1412/1412 1411/1411/1411 1413/1413/1413 
f 1414/1414/1414 1415/1415/1415 1410/1410/1410 
f 1416/1416/1416 1415/1415/1415 1414/1414/1414 
f 1413/1413/1413 1417/1417/1417 1418/1418/1418 
f 1418/1418/1418 1417/1417/1417 1416/1416/1416 
f 1419/1419/1419 1420/1420/1420 1421/1421/1421 
f 1420/1420/1420 1419/1419/1419 1422/1422/1422 
f 1423/1423/1423 1424/1424/1424 1421/1421/1421 
f 1424/1424/1424 1423/1423/1423 1425/1425/1425 
f 1426/1426/1426 1427/1427/1427 1428/1428/1428 
f 1428/1428/1428 1427/1427/1427 1429/1429/1429 
f 1430/1430/1430 1431/1431/1431 1429/1429/1429 
f 1431/1431/1431 1430/1430/1430 1432/1432/1432 
f 1433/1433/1433 1434/1434/1434 1432/1432/1432 
f 1434/1434/1434 1433/1433/1433 1435/1435/1435 
f 1436/1436/1436 1437/1437/1437 1426/1426/1426 
f 1437/1437/1437 1436/1436/1436 1438/1438/1438 
f 1439/1439/1439 1440/1440/1440 1426/1426/1426 
f 1441/1441/1441 1440/1440/1440 1439/1439/1439 
f 1442/1442/1442 1443/1443/1443 1444/1444/1444 
f 1443/1443/1443 1442/1442/1442 1445/1445/1445 
f 1446/1446/1446 1447/1447/1447 1448/1448/1448 
f 1447/1447/1447 1446/1446/1446 1449/1449/1449 
f 1450/1450/1450 1451/1451/1451 1452/1452/1452 
f 1451/1451/1451 1450/1450/1450 1453/1453/1453 
f 1454/1454/1454 1455/1455/1455 1456/1456/1456 
f 1456/1456/1456 1455/1455/1455 1457/1457/1457 
f 1458/1458/1458 1459/1459/1459 1460/1460/1460 
f 1459/1459/1459 1458/1458/1458 1461/1461/1461 
f 1460/1460/1460 1462/1462/1462 1463/1463/1463 
f 1463/1463/1463 1462/1462/1462 1464/1464/1464 
f 1461/1461/1461 1465/1465/1465 1466/1466/1466 
f 1467/1467/1467 1466/1466/1466 1465/1465/1465 
f 1468/1468/1468 1469/1469/1469 1461/1461/1461 
f 1469/1469/1469 1468/1468/1468 1470/1470/1470 
f 1464/1464/1464 1471/1471/1471 1472/1472/1472 
f 1472/1472/1472 1471/1471/1471 1473/1473/1473 
f 1474/1474/1474 1475/1475/1475 1464/1464/1464 
f 1475/1475/1475 1474/1474/1474 1476/1476/1476 
f 1477/1477/1477 1478/1478/1478 1479/1479/1479 
f 1478/1478/1478 1477/1477/1477 1480/1480/1480 
f 1479/1479/1479 1481/1481/1481 1482/1482/1482 
f 1482/1482/1482 1481/1481/1481 1483/1483/1483 
f 1480/1480/1480 1484/1484/1484 1485/1485/1485 
f 1486/1486/1486 1485/1485/1485 1484/1484/1484 
f 1487/1487/1487 1488/1488/1488 1480/1480/1480 
f 1488/1488/1488 1487/1487/1487 1489/1489/1489 
f 1490/1490/1490 1491/1491/1491 1483/1483/1483 
f 1491/1491/1491 1490/1490/1490 1492/1492/1492 
f 1483/1483/1483 1493/1493/1493 1494/1494/1494 
f 1494/1494/1494 1493/1493/1493 1495/1495/1495 
f 1496/1496/1496 1497/1497/1497 1498/1498/1498 
f 1498/1498/1498 1497/1497/1497 1499/1499/1499 
f 1500/1500/1500 1501/1501/1501 1496/1496/1496 
f 1501/1501/1501 1500/1500/1500 1502/1502/1502 
f 1503/1503/1503 1504/1504/1504 1499/1499/1499 
f 1504/1504/1504 1503/1503/1503 1505/1505/1505 
f 1499/1499/1499 1506/1506/1506 1507/1507/1507 
f 1507/1507/1507 1506/1506/1506 1508/1508/1508 
f 1509/1509/1509 1510/1510/1510 1502/1502/1502 
f 1510/1510/1510 1509/1509/1509 1511/1511/1511 
f 1512/1512/1512 1513/1513/1513 1502/1502/1502 
f 1513/1513/1513 1512/1512/1512 1514/1514/1514 
f 1515/1515/1515 1516/1516/1516 1517/1517/1517 
f 1517/1517/1517 1516/1516/1516 1518/1518/1518 
f 1519/1519/1519 1520/1520/1520 1515/1515/1515 
f 1520/1520/1520 1519/1519/1519 1521/1521/1521 
f 1522/1522/1522 1523/1523/1523 1518/1518/1518 
f 1523/1523/1523 1522/1522/1522 1524/1524/1524 
f 1518/1518/1518 1525/1525/1525 1526/1526/1526 
f 1526/1526/1526 1525/1525/1525 1527/1527/1527 
f 1528/1528/1528 1529/1529/1529 1521/1521/1521 
f 1529/1529/1529 1528/1528/1528 1530/1530/1530 
f 1531/1531/1531 1532/1532/1532 1521/1521/1521 
f 1532/1532/1532 1531/1531/1531 1533/1533/1533 
f 1534/1534/1534 1535/1535/1535 1536/1536/1536 
f 1535/1535/1535 1534/1534/1534 1537/1537/1537 
f 1536/1536/1536 1538/1538/1538 1539/1539/1539 
f 1539/1539/1539 1538/1538/1538 1540/1540/1540 
f 1537/1537/1537 1541/1541/1541 1542/1542/1542 
f 1543/1543/1543 1542/1542/1542 1541/1541/1541 
f 1544/1544/1544 1545/1545/1545 1537/1537/1537 
f 1545/1545/1545 1544/1544/1544 1546/1546/1546 
f 1547/1547/1547 1548/1548/1548 1540/1540/1540 
f 1548/1548/1548 1547/1547/1547 1549/1549/1549 
f 1540/1540/1540 1550/1550/1550 1551/1551/1551 
f 1551/1551/1551 1550/1550/1550 1552/1552/1552 
f 1553/1553/1553 1554/1554/1554 1555/1555/1555 
f 1555/1555/1555 1554/1554/1554 1556/1556/1556 
f 1557/1557/1557 1558/1558/1558 1553/1553/1553 
f 1558/1558/1558 1557/1557/1557 1559/1559/1559 
f 1560/1560/1560 1561/1561/1561 1556/1556/1556 
f 1561/1561/1561 1560/1560/1560 1562/1562/1562 
f 1556/1556/1556 1563/1563/1563 1564/1564/1564 
f 1564/1564/1564 1563/1563/1563 1565/1565/1565 
f 1566/1566/1566 1567/1567/1567 1559/1559/1559 
f 1567/1567/1567 1566/1566/1566 1568/1568/1568 
f 1569/1569/1569 1570/1570/1570 1559/1559/1559 
f 1570/1570/1570 1569/1569/1569 1571/1571/1571 
f 1572/1572/1572 1573/1573/1573 1574/1574/1574 
f 1573/1573/1573 1572/1572/1572 1575/1575/1575 
f 1574/1574/1574 1576/1576/1576 1577/1577/1577 
f 1577/1577/1577 1576/1576/1576 1578/1578/1578 
f 1575/1575/1575 1579/1579/1579 1580/1580/1580 
f 1581/1581/1581 1580/1580/1580 1579/1579/1579 
f 1582/1582/1582 1583/1583/1583 1575/1575/1575 
f 1583/1583/1583 1582/1582/1582 1584/1584/1584 
f 1585/1585/1585 1586/1586/1586 1578/1578/1578 
f 1586/1586/1586 1585/1585/1585 1587/1587/1587 
f 1578/1578/1578 1588/1588/1588 1589/1589/1589 
f 1589/1589/1589 1588/1588/1588 1590/1590/1590 
f 1591/1591/1591 1592/1592/1592 1593/1593/1593 
f 1593/1593/1593 1592/1592/1592 1594/1594/1594 
f 1595/1595/1595 1596/1596/1596 1591/1591/1591 
f 1596/1596/1596 1595/1595/1595 1597/1597/1597 
f 1598/1598/1598 1599/1599/1599 1594/1594/1594 
f 1599/1599/1599 1598/1598/1598 1600/1600/1600 
f 1594/1594/1594 1601/1601/1601 1602/1602/1602 
f 1602/1602/1602 1601/1601/1601 1603/1603/1603 
f 1604/1604/1604 1605/1605/1605 1597/1597/1597 
f 1605/1605/1605 1604/1604/1604 1606/1606/1606 
f 1607/1607/1607 1608/1608/1608 1597/1597/1597 
f 1608/1608/1608 1607/1607/1607 1609/1609/1609 
f 1610/1610/1610 1611/1611/1611 1612/1612/1612 
f 1611/1611/1611 1610/1610/1610 1613/1613/1613 
f 1614/1614/1614 1615/1615/1615 1616/1616/1616 
f 1616/1616/1616 1615/1615/1615 1617/1617/1617 
f 1618/1618/1618 1619/1619/1619 1620/1620/1620 
f 1619/1619/1619 1618/1618/1618 1621/1621/1621 
f 1622/1622/1622 1623/1623/1623 1624/1624/1624 
f 1624/1624/1624 1623/1623/1623 1625/1625/1625 
f 1626/1626/1626 1627/1627/1627 1628/1628/1628 
f 1627/1627/1627 1626/1626/1626 1629/1629/1629 
f 1630/1630/1630 1631/1631/1631 1632/1632/1632 
f 1631/1631/1631 1630/1630/1630 1633/1633/1633 
f 1634/1634/1634 1635/1635/1635 1633/1633/1633 
f 1635/1635/1635 1634/1634/1634 1629/1629/1629 
f 1636/1636/1636 1637/1637/1637 1629/1629/1629 
f 1637/1637/1637 1636/1636/1636 1638/1638/1638 
f 1639/1639/1639 1640/1640/1640 1641/1641/1641 
f 1640/1640/1640 1639/1639/1639 1642/1642/1642 
f 1643/1643/1643 1644/1644/1644 1642/1642/1642 
f 1644/1644/1644 1643/1643/1643 1645/1645/1645 
f 1646/1646/1646 1647/1647/1647 1645/1645/1645 
f 1647/1647/1647 1646/1646/1646 1648/1648/1648 
f 1648/1648/1648 1649/1649/1649 1650/1650/1650 
f 1650/1650/1650 1649/1649/1649 1651/1651/1651 
f 1652/1652/1652 1653/1653/1653 1654/1654/1654 
f 1653/1653/1653 1652/1652/1652 1655/1655/1655 
f 1656/1656/1656 1657/1657/1657 1658/1658/1658 
f 1659/1659/1659 1658/1658/1658 1657/1657/1657 
f 1660/1660/1660 1661/1661/1661 1662/1662/1662 
f 1663/1663/1663 1662/1662/1662 1661/1661/1661 
f 1664/1664/1664 1665/1665/1665 1666/1666/1666 
f 1665/1665/1665 1664/1664/1664 1667/1667/1667 
f 1668/1668/1668 1669/1669/1669 1670/1670/1670 
f 1669/1669/1669 1668/1668/1668 1671/1671/1671 
f 1671/1671/1671 1672/1672/1672 1673/1673/1673 
f 1673/1673/1673 1672/1672/1672 1674/1674/1674 
f 1675/1675/1675 1676/1676/1676 1670/1670/1670 
f 1676/1676/1676 1675/1675/1675 1677/1677/1677 
f 1678/1678/1678 1679/1679/1679 1677/1677/1677 
f 1679/1679/1679 1678/1678/1678 1680/1680/1680 
f 1670/1670/1670 1681/1681/1681 1682/1682/1682 
f 1682/1682/1682 1681/1681/1681 1683/1683/1683 
f 1684/1684/1684 1685/1685/1685 1670/1670/1670 
f 1685/1685/1685 1684/1684/1684 1686/1686/1686 
f 1687/1687/1687 1688/1688/1688 1683/1683/1683 
f 1688/1688/1688 1687/1687/1687 1689/1689/1689 
f 1686/1686/1686 1690/1690/1690 1691/1691/1691 
f 1691/1691/1691 1690/1690/1690 1692/1692/1692 
f 1693/1693/1693 1694/1694/1694 1695/1695/1695 
f 1694/1694/1694 1693/1693/1693 1696/1696/1696 
f 1697/1697/1697 1698/1698/1698 1695/1695/1695 
f 1698/1698/1698 1697/1697/1697 1699/1699/1699 
f 1700/1700/1700 1701/1701/1701 1696/1696/1696 
f 1701/1701/1701 1700/1700/1700 1702/1702/1702 
f 1703/1703/1703 1704/1704/1704 1702/1702/1702 
f 1704/1704/1704 1703/1703/1703 1705/1705/1705 
f 1706/1706/1706 1707/1707/1707 1696/1696/1696 
f 1707/1707/1707 1706/1706/1706 1708/1708/1708 
f 1696/1696/1696 1709/1709/1709 1710/1710/1710 
f 1710/1710/1710 1709/1709/1709 1711/1711/1711 
f 1708/1708/1708 1712/1712/1712 1713/1713/1713 
f 1713/1713/1713 1712/1712/1712 1714/1714/1714 
f 1715/1715/1715 1716/1716/1716 1711/1711/1711 
f 1716/1716/1716 1715/1715/1715 1717/1717/1717 
f 1718/1718/1718 1719/1719/1719 1720/1720/1720 
f 1719/1719/1719 1721/1721/1721 1720/1720/1720 
f 1722/1722/1722 1723/1723/1723 1724/1724/1724 
f 1723/1723/1723 1722/1722/1722 1725/1725/1725 
f 1726/1726/1726 1727/1727/1727 1728/1728/1728 
f 1727/1727/1727 1726/1726/1726 1729/1729/1729 
f 1730/1730/1730 1731/1731/1731 1728/1728/1728 
f 1731/1731/1731 1732/1732/1732 1729/1729/1729 
f 1731/1731/1731 1730/1730/1730 1733/1733/1733 
f 1732/1732/1732 1731/1731/1731 1734/1734/1734 
f 1735/1735/1735 1726/1726/1726 1733/1733/1733 
f 1726/1726/1726 1735/1735/1735 1734/1734/1734 
f 1736/1736/1736 1737/1737/1737 1738/1738/1738 
f 1737/1737/1737 1736/1736/1736 1739/1739/1739 
f 1740/1740/1740 1741/1741/1741 1738/1738/1738 
f 1741/1741/1741 1742/1742/1742 1739/1739/1739 
f 1741/1741/1741 1740/1740/1740 1743/1743/1743 
f 1742/1742/1742 1741/1741/1741 1744/1744/1744 
f 1745/1745/1745 1736/1736/1736 1743/1743/1743 
f 1736/1736/1736 1745/1745/1745 1744/1744/1744 
f 1746/1746/1746 1747/1747/1747 1748/1748/1748 
f 1747/1747/1747 1746/1746/1746 1749/1749/1749 
f 1750/1750/1750 1751/1751/1751 1748/1748/1748 
f 1751/1751/1751 1752/1752/1752 1749/1749/1749 
f 1751/1751/1751 1750/1750/1750 1753/1753/1753 
f 1752/1752/1752 1751/1751/1751 1754/1754/1754 
f 1755/1755/1755 1746/1746/1746 1753/1753/1753 
f 1746/1746/1746 1755/1755/1755 1754/1754/1754 
f 1756/1756/1756 1757/1757/1757 1758/1758/1758 
f 1757/1757/1757 1756/1756/1756 1759/1759/1759 
f 1760/1760/1760 1761/1761/1761 1758/1758/1758 
f 1761/1761/1761 1762/1762/1762 1759/1759/1759 
f 1761/1761/1761 1760/1760/1760 1763/1763/1763 
f 1762/1762/1762 1761/1761/1761 1764/1764/1764 
f 1765/1765/1765 1756/1756/1756 1763/1763/1763 
f 1756/1756/1756 1765/1765/1765 1764/1764/1764 
f 1766/1766/1766 1767/1767/1767 1768/1768/1768 
f 1767/1767/1767 1766/1766/1766 1769/1769/1769 
f 1770/1770/1770 1771/1771/1771 1768/1768/1768 
f 1771/1771/1771 1770/1770/1770 1772/1772/1772 
f 1773/1773/1773 1774/1774/1774 1769/1769/1769 
f 1774/1774/1774 1773/1773/1773 1775/1775/1775 
f 1776/1776/1776 1777/1777/1777 1772/1772/1772 
f 1777/1777/1777 1776/1776/1776 1778/1778/1778 
f 1779/1779/1779 1780/1780/1780 1781/1781/1781 
f 1780/1780/1780 1779/1779/1779 1782/1782/1782 
f 1783/1783/1783 1784/1784/1784 1781/1781/1781 
f 1784/1784/1784 1783/1783/1783 1785/1785/1785 
f 1786/1786/1786 1787/1787/1787 1782/1782/1782 
f 1787/1787/1787 1786/1786/1786 1788/1788/1788 
f 1789/1789/1789 1790/1790/1790 1785/1785/1785 
f 1790/1790/1790 1789/1789/1789 1791/1791/1791 
f 1792/1792/1792 1793/1793/1793 1794/1794/1794 
f 1793/1793/1793 1792/1792/1792 1795/1795/1795 
f 1796/1796/1796 1797/1797/1797 1794/1794/1794 
f 1797/1797/1797 1796/1796/1796 1798/1798/1798 
f 1799/1799/1799 1800/1800/1800 1795/1795/1795 
f 1800/1800/1800 1799/1799/1799 1801/1801/1801 
f 1802/1802/1802 1803/1803/1803 1801/1801/1801 
f 1803/1803/1803 1802/1802/1802 1804/1804/1804 
f 1805/1805/1805 1806/1806/1806 1807/1807/1807 
f 1806/1806/1806 1805/1805/1805 1808/1808/1808 
f 1809/1809/1809 1810/1810/1810 1807/1807/1807 
f 1810/1810/1810 1809/1809/1809 1811/1811/1811 
f 1812/1812/1812 1813/1813/1813 1808/1808/1808 
f 1813/1813/1813 1812/1812/1812 1814/1814/1814 
f 1815/1815/1815 1816/1816/1816 1814/1814/1814 
f 1816/1816/1816 1815/1815/1815 1817/1817/1817 
f 1818/1818/1818 1819/1819/1819 1820/1820/1820 
f 1819/1819/1819 1818/1818/1818 1821/1821/1821 
f 1822/1822/1822 1823/1823/1823 1820/1820/1820 
f 1823/1823/1823 1822/1822/1822 1824/1824/1824 
f 1825/1825/1825 1826/1826/1826 1821/1821/1821 
f 1826/1826/1826 1825/1825/1825 1827/1827/1827 
f 1828/1828/1828 1829/1829/1829 1824/1824/1824 
f 1829/1829/1829 1828/1828/1828 1830/1830/1830 
f 1831/1831/1831 1832/1832/1832 1833/1833/1833 
f 1832/1832/1832 1831/1831/1831 1834/1834/1834 
f 1835/1835/1835 1836/1836/1836 1833/1833/1833 
f 1836/1836/1836 1835/1835/1835 1837/1837/1837 
f 1838/1838/1838 1839/1839/1839 1834/1834/1834 
f 1839/1839/1839 1838/1838/1838 1840/1840/1840 
f 1841/1841/1841 1842/1842/1842 1840/1840/1840 
f 1842/1842/1842 1841/1841/1841 1843/1843/1843 
f 1844/1844/1844 1845/1845/1845 1846/1846/1846 
f 1845/1845/1845 1844/1844/1844 1847/1847/1847 
f 1848/1848/1848 1849/1849/1849 1846/1846/1846 
f 1849/1849/1849 1848/1848/1848 1850/1850/1850 
f 1851/1851/1851 1852/1852/1852 1847/1847/1847 
f 1852/1852/1852 1851/1851/1851 1853/1853/1853 
f 1854/1854/1854 1855/1855/1855 1850/1850/1850 
f 1855/1855/1855 1854/1854/1854 1856/1856/1856 
f 1857/1857/1857 1858/1858/1858 1859/1859/1859 
f 1858/1858/1858 1857/1857/1857 1860/1860/1860 
f 1861/1861/1861 1862/1862/1862 1859/1859/1859 
f 1862/1862/1862 1861/1861/1861 1863/1863/1863 
f 1864/1864/1864 1865/1865/1865 1860/1860/1860 
f 1865/1865/1865 1864/1864/1864 1866/1866/1866 
f 1867/1867/1867 1868/1868/1868 1866/1866/1866 
f 1868/1868/1868 1867/1867/1867 1869/1869/1869 
f 1870/1870/1870 1871/1871/1871 1872/1872/1872 
f 1872/1872/1872 1871/1871/1871 1873/1873/1873 
f 1874/1874/1874 1875/1875/1875 1876/1876/1876 
f 1875/1875/1875 1874/1874/1874 1877/1877/1877 
f 1878/1878/1878 1879/1879/1879 1880/1880/1880 
f 1879/1879/1879 1878/1878/1878 1881/1881/1881 
f 1882/1882/1882 1883/1883/1883 1880/1880/1880 
f 1883/1883/1883 1882/1882/1882 1884/1884/1884 
f 1885/1885/1885 1886/1886/1886 1887/1887/1887 
f 1886/1886/1886 1885/1885/1885 1888/1888/1888 
f 1889/1889/1889 1890/1890/1890 1891/1891/1891 
f 1891/1891/1891 1890/1890/1890 1892/1892/1892 
f 1893/1893/1893 1894/1894/1894 1889/1889/1889 
f 1895/1895/1895 1894/1894/1894 1893/1893/1893 
f 1896/1896/1896 1897/1897/1897 1892/1892/1892 
f 1897/1897/1897 1896/1896/1896 1898/1898/1898 
f 1898/1898/1898 1899/1899/1899 1900/1900/1900 
f 1901/1901/1901 1900/1900/1900 1899/1899/1899 
f 1902/1902/1902 1903/1903/1903 1898/1898/1898 
f 1903/1903/1903 1902/1902/1902 1904/1904/1904 
f 1905/1905/1905 1906/1906/1906 1907/1907/1907 
f 1906/1906/1906 1905/1905/1905 1908/1908/1908 
f 1909/1909/1909 1910/1910/1910 1911/1911/1911 
f 1910/1910/1910 1909/1909/1909 1912/1912/1912 
f 1913/1913/1913 1914/1914/1914 1911/1911/1911 
f 1914/1914/1914 1913/1913/1913 1915/1915/1915 
f 1916/1916/1916 1917/1917/1917 1912/1912/1912 
f 1917/1917/1917 1916/1916/1916 1918/1918/1918 
f 1919/1919/1919 1920/1920/1920 1915/1915/1915 
f 1920/1920/1920 1919/1919/1919 1921/1921/1921 
f 1922/1922/1922 1923/1923/1923 1918/1918/1918 
f 1923/1923/1923 1922/1922/1922 1924/1924/1924 
f 1925/1925/1925 1926/1926/1926 1921/1921/1921 
f 1926/1926/1926 1925/1925/1925 1927/1927/1927 
f 1928/1928/1928 1929/1929/1929 1924/1924/1924 
f 1929/1929/1929 1928/1928/1928 1930/1930/1930 
f 1931/1931/1931 1932/1932/1932 1927/1927/1927 
f 1932/1932/1932 1931/1931/1931 1930/1930/1930 
f 1933/1933/1933 1934/1934/1934 1935/1935/1935 
f 1934/1934/1934 1933/1933/1933 1936/1936/1936 
f 1937/1937/1937 1938/1938/1938 1935/1935/1935 
f 1938/1938/1938 1937/1937/1937 1939/1939/1939 
f 1940/1940/1940 1941/1941/1941 1936/1936/1936 
f 1941/1941/1941 1940/1940/1940 1942/1942/1942 
f 1943/1943/1943 1944/1944/1944 1939/1939/1939 
f 1944/1944/1944 1943/1943/1943 1945/1945/1945 
f 1946/1946/1946 1947/1947/1947 1942/1942/1942 
f 1947/1947/1947 1946/1946/1946 1948/1948/1948 
f 1949/1949/1949 1950/1950/1950 1945/1945/1945 
f 1950/1950/1950 1949/1949/1949 1951/1951/1951 
f 1952/1952/1952 1953/1953/1953 1948/1948/1948 
f 1953/1953/1953 1952/1952/1952 1954/1954/1954 
f 1955/1955/1955 1956/1956/1956 1951/1951/1951 
f 1956/1956/1956 1955/1955/1955 1954/1954/1954 
f 1957/1957/1957 1958/1958/1958 1959/1959/1959 
f 1958/1958/1958 1957/1957/1957 1960/1960/1960 
f 1961/1961/1961 1962/1962/1962 1959/1959/1959 
f 1962/1962/1962 1961/1961/1961 1963/1963/1963 
f 1964/1964/1964 1965/1965/1965 1960/1960/1960 
f 1965/1965/1965 1964/1964/1964 1966/1966/1966 
f 1967/1967/1967 1968/1968/1968 1963/1963/1963 
f 1968/1968/1968 1967/1967/1967 1969/1969/1969 
f 1970/1970/1970 1971/1971/1971 1966/1966/1966 
f 1971/1971/1971 1970/1970/1970 1972/1972/1972 
f 1973/1973/1973 1974/1974/1974 1969/1969/1969 
f 1974/1974/1974 1973/1973/1973 1975/1975/1975 
f 1976/1976/1976 1977/1977/1977 1972/1972/1972 
f 1977/1977/1977 1976/1976/1976 1978/1978/1978 
f 1979/1979/1979 1980/1980/1980 1975/1975/1975 
f 1980/1980/1980 1979/1979/1979 1978/1978/1978 
f 1981/1981/1981 1982/1982/1982 1983/1983/1983 
f 1982/1982/1982 1981/1981/1981 1984/1984/1984 
f 1985/1985/1985 1986/1986/1986 1983/1983/1983 
f 1986/1986/1986 1985/1985/1985 1987/1987/1987 
f 1988/1988/1988 1989/1989/1989 1984/1984/1984 
f 1989/1989/1989 1988/1988/1988 1990/1990/1990 
f 1991/1991/1991 1992/1992/1992 1987/1987/1987 
f 1992/1992/1992 1991/1991/1991 1993/1993/1993 
f 1994/1994/1994 1995/1995/1995 1990/1990/1990 
f 1995/1995/1995 1994/1994/1994 1996/1996/1996 
f 1997/1997/1997 1998/1998/1998 1993/1993/1993 
f 1998/1998/1998 1997/1997/1997 1999/1999/1999 
f 2000/2000/2000 2001/2001/2001 1996/1996/1996 
f 2001/2001/2001 2000/2000/2000 2002/2002/2002 
f 2003/2003/2003 2004/2004/2004 1999/1999/1999 
f 2004/2004/2004 2003/2003/2003 2002/2002/2002 
f 2005/2005/2005 2006/2006/2006 2007/2007/2007 
f 2006/2006/2006 2005/2005/2005 2008/2008/2008 
f 2009/2009/2009 2010/2010/2010 2008/2008/2008 
f 2010/2010/2010 2009/2009/2009 2011/2011/2011 
f 2012/2012/2012 2013/2013/2013 2014/2014/2014 
f 2013/2013/2013 2012/2012/2012 2015/2015/2015 
f 2016/2016/2016 2017/2017/2017 2018/2018/2018 
f 2017/2017/2017 2016/2016/2016 2019/2019/2019 
f 2020/2020/2020 2021/2021/2021 2018/2018/2018 
f 2021/2021/2021 2020/2020/2020 2022/2022/2022 
f 2023/2023/2023 2024/2024/2024 2025/2025/2025 
f 2024/2024/2024 2026/2026/2026 2025/2025/2025 
f 2027/2027/2027 2028/2028/2028 2026/2026/2026 
f 2028/2028/2028 2027/2027/2027 2029/2029/2029 
f 2030/2030/2030 2031/2031/2031 2032/2032/2032 
f 2031/2031/2031 2030/2030/2030 2033/2033/2033 
f 2034/2034/2034 2035/2035/2035 2036/2036/2036 
f 2037/2037/2037 2036/2036/2036 2035/2035/2035 
f 2038/2038/2038 2039/2039/2039 2040/2040/2040 
f 2039/2039/2039 2038/2038/2038 2041/2041/2041 
f 2042/2042/2042 2043/2043/2043 2044/2044/2044 
f 2043/2043/2043 2042/2042/2042 1641/1641/1641 
f 2045/2045/2045 2046/2046/2046 2044/2044/2044 
f 2046/2046/2046 2045/2045/2045 2047/2047/2047 
f 2048/2048/2048 2044/2044/2044 2049/2049/2049 
f 2050/2050/2050 2048/2048/2048 2049/2049/2049 
f 2051/2051/2051 2052/2052/2052 2050/2050/2050 
f 2052/2052/2052 2051/2051/2051 2053/2053/2053 
f 2054/2054/2054 2055/2055/2055 2053/2053/2053 
f 1641/1641/1641 2055/2055/2055 2054/2054/2054 
f 2056/2056/2056 2057/2057/2057 1641/1641/1641 
f 2057/2057/2057 2056/2056/2056 1648/1648/1648 
f 2058/2058/2058 2059/2059/2059 1628/1628/1628 
f 2059/2059/2059 2058/2058/2058 2060/2060/2060 
f 2060/2060/2060 2061/2061/2061 2062/2062/2062 
f 2062/2062/2062 2061/2061/2061 2063/2063/2063 
f 2064/2064/2064 2065/2065/2065 2063/2063/2063 
f 2065/2065/2065 2064/2064/2064 2066/2066/2066 
f 2067/2067/2067 2068/2068/2068 2066/2066/2066 
f 2068/2068/2068 2067/2067/2067 1628/1628/1628 
f 2066/2066/2066 2069/2069/2069 2070/2070/2070 
f 2070/2070/2070 2069/2069/2069 2071/2071/2071 
f 1628/1628/1628 2072/2072/2072 2073/2073/2073 
f 2073/2073/2073 2072/2072/2072 1632/1632/1632 
f 2074/2074/2074 2075/2075/2075 2076/2076/2076 
f 2075/2075/2075 2074/2074/2074 2077/2077/2077 
f 2078/2078/2078 2079/2079/2079 2076/2076/2076 
f 2079/2079/2079 2078/2078/2078 2080/2080/2080 
f 2081/2081/2081 2082/2082/2082 2083/2083/2083 
f 2082/2082/2082 2081/2081/2081 2084/2084/2084 
f 2085/2085/2085 2086/2086/2086 2087/2087/2087 
f 2086/2086/2086 2085/2085/2085 2088/2088/2088 
f 2089/2089/2089 2090/2090/2090 2091/2091/2091 
f 2090/2090/2090 2089/2089/2089 2092/2092/2092 
f 2093/2093/2093 2094/2094/2094 2095/2095/2095 
f 2095/2095/2095 2094/2094/2094 2096/2096/2096 
f 2097/2097/2097 2098/2098/2098 2099/2099/2099 
f 2098/2098/2098 2097/2097/2097 2100/2100/2100 
f 2101/2101/2101 2102/2102/2102 2103/2103/2103 
f 2103/2103/2103 2102/2102/2102 2104/2104/2104 
f 2105/2105/2105 2106/2106/2106 2107/2107/2107 
f 2106/2106/2106 2105/2105/2105 2108/2108/2108 
f 2109/2109/2109 2110/2110/2110 2111/2111/2111 
f 2111/2111/2111 2110/2110/2110 2112/2112/2112 
f 2113/2113/2113 2114/2114/2114 2115/2115/2115 
f 2114/2114/2114 2113/2113/2113 2116/2116/2116 
f 2117/2117/2117 2118/2118/2118 2119/2119/2119 
f 2119/2119/2119 2118/2118/2118 2120/2120/2120 
f 2121/2121/2121 2122/2122/2122 2123/2123/2123 
f 2122/2122/2122 2121/2121/2121 2124/2124/2124 
f 2125/2125/2125 2126/2126/2126 2127/2127/2127 
f 2128/2128/2128 2127/2127/2127 2126/2126/2126 
f 2129/2129/2129 2130/2130/2130 2131/2131/2131 
f 2132/2132/2132 2131/2131/2131 2130/2130/2130 
f 2133/2133/2133 2134/2134/2134 2135/2135/2135 
f 2134/2134/2134 2133/2133/2133 2136/2136/2136 
f 2137/2137/2137 2138/2138/2138 2139/2139/2139 
f 2138/2138/2138 2140/2140/2140 2139/2139/2139 
f 2141/2141/2141 2142/2142/2142 2143/2143/2143 
f 2142/2142/2142 2141/2141/2141 2144/2144/2144 
f 2145/2145/2145 2146/2146/2146 2147/2147/2147 
f 2147/2147/2147 2146/2146/2146 2148/2148/2148 
f 2149/2149/2149 2150/2150/2150 2151/2151/2151 
f 2150/2150/2150 2149/2149/2149 2152/2152/2152 
f 2153/2153/2153 2154/2154/2154 2155/2155/2155 
f 2154/2154/2154 2153/2153/2153 2156/2156/2156 
f 2157/2157/2157 2158/2158/2158 2155/2155/2155 
f 2158/2158/2158 2157/2157/2157 2159/2159/2159 
f 2160/2160/2160 2161/2161/2161 2159/2159/2159 
f 2161/2161/2161 2160/2160/2160 2162/2162/2162 
f 2163/2163/2163 2164/2164/2164 2165/2165/2165 
f 2164/2164/2164 2163/2163/2163 2166/2166/2166 
f 2167/2167/2167 2168/2168/2168 2169/2169/2169 
f 2168/2168/2168 2167/2167/2167 2170/2170/2170 
f 2171/2171/2171 2172/2172/2172 2173/2173/2173 
f 2172/2172/2172 2171/2171/2171 2174/2174/2174 
f 2175/2175/2175 2176/2176/2176 2177/2177/2177 
f 2177/2177/2177 2176/2176/2176 2178/2178/2178 
f 2179/2179/2179 2180/2180/2180 2178/2178/2178 
f 2180/2180/2180 2179/2179/2179 2181/2181/2181 
f 2182/2182/2182 2183/2183/2183 2184/2184/2184 
f 2183/2183/2183 2182/2182/2182 2185/2185/2185 
f 2186/2186/2186 2187/2187/2187 2188/2188/2188 
f 2188/2188/2188 2187/2187/2187 2189/2189/2189 
f 2190/2190/2190 2191/2191/2191 2186/2186/2186 
f 2191/2191/2191 2190/2190/2190 2192/2192/2192 
f 2193/2193/2193 2194/2194/2194 2195/2195/2195 
f 2194/2194/2194 2196/2196/2196 2195/2195/2195 
f 2197/2197/2197 2198/2198/2198 2199/2199/2199 
f 2200/2200/2200 2199/2199/2199 2198/2198/2198 
f 2201/2201/2201 2202/2202/2202 2203/2203/2203 
f 2202/2202/2202 2201/2201/2201 2204/2204/2204 
f 2205/2205/2205 2206/2206/2206 530/530/530 
f 2206/2206/2206 2205/2205/2205 2207/2207/2207 
f 2208/2208/2208 2209/2209/2209 545/545/545 
f 2209/2209/2209 2208/2208/2208 2210/2210/2210 
f 2211/2211/2211 2212/2212/2212 2210/2210/2210 
f 2212/2212/2212 2211/2211/2211 2207/2207/2207 
f 2213/2213/2213 2214/2214/2214 2207/2207/2207 
f 2214/2214/2214 2213/2213/2213 2215/2215/2215 
f 2216/2216/2216 2217/2217/2217 2218/2218/2218 
f 2217/2217/2217 2216/2216/2216 2219/2219/2219 
f 2220/2220/2220 2221/2221/2221 2222/2222/2222 
f 2222/2222/2222 2221/2221/2221 2223/2223/2223 
f 2224/2224/2224 2225/2225/2225 549/549/549 
f 2225/2225/2225 2224/2224/2224 2226/2226/2226 
f 2227/2227/2227 2228/2228/2228 2226/2226/2226 
f 2228/2228/2228 2227/2227/2227 2229/2229/2229 
f 2230/2230/2230 2231/2231/2231 2229/2229/2229 
f 2231/2231/2231 2230/2230/2230 563/563/563 
f 563/563/563 2232/2232/2232 2233/2233/2233 
f 2233/2233/2233 2232/2232/2232 2234/2234/2234 
f 2235/2235/2235 2236/2236/2236 2237/2237/2237 
f 2236/2236/2236 2235/2235/2235 196/196/196 
f 2238/2238/2238 2239/2239/2239 2237/2237/2237 
f 2239/2239/2239 2238/2238/2238 2240/2240/2240 
f 2241/2241/2241 2237/2237/2237 2242/2242/2242 
f 2243/2243/2243 2241/2241/2241 2242/2242/2242 
f 2244/2244/2244 2245/2245/2245 2243/2243/2243 
f 2245/2245/2245 2244/2244/2244 2246/2246/2246 
f 2247/2247/2247 2248/2248/2248 2246/2246/2246 
f 196/196/196 2248/2248/2248 2247/2247/2247 
f 2249/2249/2249 2250/2250/2250 196/196/196 
f 2250/2250/2250 2249/2249/2249 203/203/203 
f 2251/2251/2251 2252/2252/2252 183/183/183 
f 2252/2252/2252 2251/2251/2251 2253/2253/2253 
f 2253/2253/2253 2254/2254/2254 2255/2255/2255 
f 2255/2255/2255 2254/2254/2254 2256/2256/2256 
f 2257/2257/2257 2258/2258/2258 2256/2256/2256 
f 2258/2258/2258 2257/2257/2257 2259/2259/2259 
f 2260/2260/2260 2261/2261/2261 2259/2259/2259 
f 2261/2261/2261 2260/2260/2260 183/183/183 
f 2259/2259/2259 2262/2262/2262 2263/2263/2263 
f 2263/2263/2263 2262/2262/2262 2264/2264/2264 
f 183/183/183 2265/2265/2265 2266/2266/2266 
f 2266/2266/2266 2265/2265/2265 187/187/187 
f 2267/2267/2267 2268/2268/2268 2269/2269/2269 
f 2270/2270/2270 2269/2269/2269 2268/2268/2268 
f 2269/2269/2269 2270/2270/2270 2271/2271/2271 
f 2272/2272/2272 2271/2271/2271 2270/2270/2270 
f 2271/2271/2271 2272/2272/2272 2273/2273/2273 
f 2274/2274/2274 2273/2273/2273 2272/2272/2272 
f 2273/2273/2273 2274/2274/2274 2275/2275/2275 
f 2276/2276/2276 2275/2275/2275 2274/2274/2274 
f 2275/2275/2275 2276/2276/2276 2277/2277/2277 
f 2278/2278/2278 2277/2277/2277 2276/2276/2276 
f 2277/2277/2277 2278/2278/2278 2279/2279/2279 
f 2280/2280/2280 2279/2279/2279 2278/2278/2278 
f 2279/2279/2279 2280/2280/2280 2281/2281/2281 
f 2282/2282/2282 2281/2281/2281 2280/2280/2280 
f 2281/2281/2281 2282/2282/2282 2283/2283/2283 
f 2284/2284/2284 2283/2283/2283 2282/2282/2282 
f 2283/2283/2283 2284/2284/2284 2285/2285/2285 
f 2284/2284/2284 2286/2286/2286 2285/2285/2285 
f 2285/2285/2285 2286/2286/2286 2287/2287/2287 
f 2288/2288/2288 2287/2287/2287 2286/2286/2286 
f 2287/2287/2287 2288/2288/2288 2289/2289/2289 
f 2290/2290/2290 2289/2289/2289 2288/2288/2288 
f 2289/2289/2289 2290/2290/2290 2291/2291/2291 
f 2292/2292/2292 2291/2291/2291 2290/2290/2290 
f 2291/2291/2291 2292/2292/2292 2293/2293/2293 
f 2294/2294/2294 2293/2293/2293 2292/2292/2292 
f 2293/2293/2293 2294/2294/2294 2295/2295/2295 
f 2294/2294/2294 2296/2296/2296 2295/2295/2295 
f 2295/2295/2295 2296/2296/2296 2297/2297/2297 
f 2298/2298/2298 2297/2297/2297 2296/2296/2296 
f 2297/2297/2297 2298/2298/2298 2299/2299/2299 
f 2299/2299/2299 2298/2298/2298 2300/2300/2300 
f 2300/2300/2300 2301/2301/2301 2299/2299/2299 
f 2301/2301/2301 2300/2300/2300 2302/2302/2302 
f 2303/2303/2303 2301/2301/2301 2302/2302/2302 
f 2303/2303/2303 2302/2302/2302 2304/2304/2304 
f 2305/2305/2305 2303/2303/2303 2304/2304/2304 
f 2305/2305/2305 2304/2304/2304 2306/2306/2306 
f 2307/2307/2307 2305/2305/2305 2306/2306/2306 
f 2308/2308/2308 2309/2309/2309 2310/2310/2310 
f 2308/2308/2308 2311/2311/2311 2309/2309/2309 
f 2308/2308/2308 2310/2310/2310 2312/2312/2312 
f 2311/2311/2311 2308/2308/2308 2313/2313/2313 
f 2310/2310/2310 2314/2314/2314 2312/2312/2312 
f 2315/2315/2315 2311/2311/2311 2313/2313/2313 
f 2314/2314/2314 2310/2310/2310 2316/2316/2316 
f 2315/2315/2315 2317/2317/2317 2311/2311/2311 
f 2316/2316/2316 2318/2318/2318 2314/2314/2314 
f 2319/2319/2319 2317/2317/2317 2315/2315/2315 
f 2318/2318/2318 2316/2316/2316 2320/2320/2320 
f 2317/2317/2317 2319/2319/2319 2321/2321/2321 
f 2318/2318/2318 2320/2320/2320 2322/2322/2322 
f 2323/2323/2323 2321/2321/2321 2319/2319/2319 
f 2318/2318/2318 2322/2322/2322 2324/2324/2324 
f 2321/2321/2321 2323/2323/2323 2325/2325/2325 
f 2322/2322/2322 2326/2326/2326 2324/2324/2324 
f 2323/2323/2323 2327/2327/2327 2325/2325/2325 
f 2326/2326/2326 2322/2322/2322 2328/2328/2328 
f 2327/2327/2327 2323/2323/2323 2329/2329/2329 
f 2326/2326/2326 2328/2328/2328 2330/2330/2330 
f 2331/2331/2331 2327/2327/2327 2329/2329/2329 
f 2326/2326/2326 2330/2330/2330 2332/2332/2332 
f 2327/2327/2327 2331/2331/2331 2333/2333/2333 
f 2330/2330/2330 2334/2334/2334 2332/2332/2332 
f 2335/2335/2335 2333/2333/2333 2331/2331/2331 
f 2334/2334/2334 2330/2330/2330 2336/2336/2336 
f 2333/2333/2333 2335/2335/2335 2337/2337/2337 
f 2334/2334/2334 2336/2336/2336 2338/2338/2338 
f 2339/2339/2339 2337/2337/2337 2335/2335/2335 
f 2338/2338/2338 2340/2340/2340 2334/2334/2334 
f 2337/2337/2337 2339/2339/2339 2341/2341/2341 
f 2338/2338/2338 2342/2342/2342 2340/2340/2340 
f 2343/2343/2343 2341/2341/2341 2339/2339/2339 
f 2342/2342/2342 2338/2338/2338 2344/2344/2344 
f 2342/2342/2342 2344/2344/2344 2345/2345/2345 
f 2345/2345/2345 2346/2346/2346 2342/2342/2342 
f 2341/2341/2341 2343/2343/2343 2347/2347/2347 
f 2348/2348/2348 2347/2347/2347 2343/2343/2343 
f 2347/2347/2347 2348/2348/2348 2349/2349/2349 
f 2349/2349/2349 2348/2348/2348 2350/2350/2350 
f 2349/2349/2349 2350/2350/2350 2351/2351/2351 
f 2352/2352/2352 2351/2351/2351 2350/2350/2350 
f 2351/2351/2351 2352/2352/2352 2353/2353/2353 
f 2352/2352/2352 2354/2354/2354 2353/2353/2353 
f 2354/2354/2354 2352/2352/2352 2355/2355/2355 
f 2354/2354/2354 2355/2355/2355 2356/2356/2356 
f 2354/2354/2354 2356/2356/2356 2357/2357/2357 
f 2357/2357/2357 2356/2356/2356 2358/2358/2358 
f 2357/2357/2357 2358/2358/2358 2359/2359/2359 
f 2360/2360/2360 2359/2359/2359 2358/2358/2358 
f 2359/2359/2359 2360/2360/2360 2361/2361/2361 
f 2360/2360/2360 2362/2362/2362 2361/2361/2361 
f 2362/2362/2362 2360/2360/2360 2363/2363/2363 
f 2362/2362/2362 2363/2363/2363 2364/2364/2364 
f 2362/2362/2362 2364/2364/2364 2365/2365/2365 
f 2365/2365/2365 2364/2364/2364 2366/2366/2366 
f 2366/2366/2366 2367/2367/2367 2365/2365/2365 
f 2367/2367/2367 2366/2366/2366 2368/2368/2368 
f 2368/2368/2368 2369/2369/2369 2367/2367/2367 
f 2368/2368/2368 2370/2370/2370 2369/2369/2369 
f 2370/2370/2370 2368/2368/2368 2371/2371/2371 
f 2370/2370/2370 2371/2371/2371 2372/2372/2372 
f 2372/2372/2372 2373/2373/2373 2370/2370/2370 
f 2374/2374/2374 2375/2375/2375 2376/2376/2376 
f 2377/2377/2377 2375/2375/2375 2374/2374/2374 
f 2374/2374/2374 2376/2376/2376 2378/2378/2378 
f 2377/2377/2377 2379/2379/2379 2375/2375/2375 
f 2376/2376/2376 2380/2380/2380 2378/2378/2378 
f 2381/2381/2381 2379/2379/2379 2377/2377/2377 
f 2380/2380/2380 2376/2376/2376 2382/2382/2382 
f 2381/2381/2381 2383/2383/2383 2379/2379/2379 
f 2380/2380/2380 2382/2382/2382 2384/2384/2384 
f 2385/2385/2385 2383/2383/2383 2381/2381/2381 
f 2380/2380/2380 2384/2384/2384 2386/2386/2386 
f 2383/2383/2383 2385/2385/2385 2387/2387/2387 
f 2386/2386/2386 2384/2384/2384 2388/2388/2388 
f 2389/2389/2389 2387/2387/2387 2385/2385/2385 
f 2386/2386/2386 2388/2388/2388 2390/2390/2390 
f 2387/2387/2387 2389/2389/2389 2391/2391/2391 
f 2390/2390/2390 2388/2388/2388 2392/2392/2392 
f 2393/2393/2393 2391/2391/2391 2389/2389/2389 
f 2390/2390/2390 2392/2392/2392 2394/2394/2394 
f 2391/2391/2391 2393/2393/2393 2395/2395/2395 
f 2394/2394/2394 2392/2392/2392 2396/2396/2396 
f 2393/2393/2393 2397/2397/2397 2395/2395/2395 
f 2394/2394/2394 2396/2396/2396 2398/2398/2398 
f 2397/2397/2397 2393/2393/2393 2399/2399/2399 
f 2396/2396/2396 2400/2400/2400 2398/2398/2398 
f 2401/2401/2401 2397/2397/2397 2399/2399/2399 
f 2400/2400/2400 2396/2396/2396 2402/2402/2402 
f 2397/2397/2397 2401/2401/2401 2403/2403/2403 
f 2400/2400/2400 2402/2402/2402 2404/2404/2404 
f 2405/2405/2405 2403/2403/2403 2401/2401/2401 
f 2404/2404/2404 2406/2406/2406 2400/2400/2400 
f 2403/2403/2403 2405/2405/2405 2407/2407/2407 
f 2404/2404/2404 2408/2408/2408 2406/2406/2406 
f 2405/2405/2405 2409/2409/2409 2407/2407/2407 
f 2408/2408/2408 2404/2404/2404 2410/2410/2410 
f 2408/2408/2408 2410/2410/2410 2411/2411/2411 
f 2411/2411/2411 2412/2412/2412 2408/2408/2408 
f 2409/2409/2409 2405/2405/2405 2413/2413/2413 
f 2414/2414/2414 2409/2409/2409 2413/2413/2413 
f 2409/2409/2409 2414/2414/2414 2415/2415/2415 
f 2414/2414/2414 2416/2416/2416 2415/2415/2415 
f 2416/2416/2416 2414/2414/2414 2417/2417/2417 
f 2416/2416/2416 2417/2417/2417 2418/2418/2418 
f 2416/2416/2416 2418/2418/2418 2419/2419/2419 
f 2418/2418/2418 2420/2420/2420 2419/2419/2419 
f 2420/2420/2420 2418/2418/2418 2421/2421/2421 
f 2420/2420/2420 2421/2421/2421 2422/2422/2422 
f 2420/2420/2420 2422/2422/2422 2423/2423/2423 
f 2422/2422/2422 2424/2424/2424 2423/2423/2423 
f 2424/2424/2424 2422/2422/2422 2425/2425/2425 
f 2426/2426/2426 2424/2424/2424 2425/2425/2425 
f 2424/2424/2424 2426/2426/2426 2427/2427/2427 
f 2427/2427/2427 2426/2426/2426 2428/2428/2428 
f 2427/2427/2427 2428/2428/2428 2429/2429/2429 
f 2429/2429/2429 2428/2428/2428 2430/2430/2430 
f 2429/2429/2429 2430/2430/2430 2431/2431/2431 
f 2431/2431/2431 2430/2430/2430 2432/2432/2432 
f 2432/2432/2432 2433/2433/2433 2431/2431/2431 
f 2433/2433/2433 2432/2432/2432 2434/2434/2434 
f 2434/2434/2434 2435/2435/2435 2433/2433/2433 
f 2435/2435/2435 2434/2434/2434 2436/2436/2436 
f 2436/2436/2436 2437/2437/2437 2435/2435/2435 
f 2436/2436/2436 2438/2438/2438 2437/2437/2437 
f 2438/2438/2438 2436/2436/2436 2439/2439/2439 
f 2440/2440/2440 2441/2441/2441 2442/2442/2442 
f 2442/2442/2442 2441/2441/2441 2443/2443/2443 
f 2444/2444/2444 2445/2445/2445 2446/2446/2446 
f 2445/2445/2445 2444/2444/2444 2447/2447/2447 
f 2448/2448/2448 2449/2449/2449 2446/2446/2446 
f 2449/2449/2449 2448/2448/2448 2450/2450/2450 
f 2451/2451/2451 2452/2452/2452 2453/2453/2453 
f 2454/2454/2454 2452/2452/2452 2451/2451/2451 
f 2451/2451/2451 2453/2453/2453 2455/2455/2455 
f 2454/2454/2454 2456/2456/2456 2452/2452/2452 
f 2455/2455/2455 2453/2453/2453 2457/2457/2457 
f 2458/2458/2458 2456/2456/2456 2454/2454/2454 
f 2455/2455/2455 2457/2457/2457 2459/2459/2459 
f 2458/2458/2458 2460/2460/2460 2456/2456/2456 
f 2457/2457/2457 2461/2461/2461 2459/2459/2459 
f 2462/2462/2462 2460/2460/2460 2458/2458/2458 
f 2461/2461/2461 2457/2457/2457 2463/2463/2463 
f 2460/2460/2460 2462/2462/2462 2464/2464/2464 
f 2461/2461/2461 2463/2463/2463 2465/2465/2465 
f 2466/2466/2466 2464/2464/2464 2462/2462/2462 
f 2461/2461/2461 2465/2465/2465 2467/2467/2467 
f 2464/2464/2464 2466/2466/2466 2468/2468/2468 
f 2467/2467/2467 2465/2465/2465 2469/2469/2469 
f 2470/2470/2470 2468/2468/2468 2466/2466/2466 
f 2467/2467/2467 2469/2469/2469 2471/2471/2471 
f 2468/2468/2468 2470/2470/2470 2472/2472/2472 
f 2471/2471/2471 2469/2469/2469 2473/2473/2473 
f 2470/2470/2470 2474/2474/2474 2472/2472/2472 
f 2471/2471/2471 2473/2473/2473 2475/2475/2475 
f 2474/2474/2474 2470/2470/2470 2476/2476/2476 
f 2475/2475/2475 2473/2473/2473 2477/2477/2477 
f 2478/2478/2478 2474/2474/2474 2476/2476/2476 
f 2477/2477/2477 2479/2479/2479 2475/2475/2475 
f 2474/2474/2474 2478/2478/2478 2480/2480/2480 
f 2479/2479/2479 2477/2477/2477 2481/2481/2481 
f 2482/2482/2482 2480/2480/2480 2478/2478/2478 
f 2481/2481/2481 2483/2483/2483 2479/2479/2479 
f 2480/2480/2480 2482/2482/2482 2484/2484/2484 
f 2483/2483/2483 2481/2481/2481 2485/2485/2485 
f 2486/2486/2486 2484/2484/2484 2482/2482/2482 
f 2485/2485/2485 2487/2487/2487 2483/2483/2483 
f 2485/2485/2485 2488/2488/2488 2487/2487/2487 
f 2488/2488/2488 2485/2485/2485 2489/2489/2489 
f 2484/2484/2484 2486/2486/2486 2490/2490/2490 
f 2491/2491/2491 2490/2490/2490 2486/2486/2486 
f 2490/2490/2490 2491/2491/2491 2492/2492/2492 
f 2493/2493/2493 2492/2492/2492 2491/2491/2491 
f 2492/2492/2492 2493/2493/2493 2494/2494/2494 
f 2494/2494/2494 2493/2493/2493 2495/2495/2495 
f 2494/2494/2494 2495/2495/2495 2496/2496/2496 
f 2496/2496/2496 2495/2495/2495 2497/2497/2497 
f 2496/2496/2496 2497/2497/2497 2498/2498/2498 
f 2497/2497/2497 2499/2499/2499 2498/2498/2498 
f 2499/2499/2499 2497/2497/2497 2500/2500/2500 
f 2500/2500/2500 2501/2501/2501 2499/2499/2499 
f 2501/2501/2501 2500/2500/2500 2502/2502/2502 
f 2501/2501/2501 2502/2502/2502 2503/2503/2503 
f 2501/2501/2501 2503/2503/2503 2504/2504/2504 
f 2503/2503/2503 2505/2505/2505 2504/2504/2504 
f 2505/2505/2505 2503/2503/2503 2506/2506/2506 
f 2505/2505/2505 2506/2506/2506 2507/2507/2507 
f 2505/2505/2505 2507/2507/2507 2508/2508/2508 
f 2508/2508/2508 2507/2507/2507 2509/2509/2509 
f 2509/2509/2509 2510/2510/2510 2508/2508/2508 
f 2509/2509/2509 2511/2511/2511 2510/2510/2510 
f 2511/2511/2511 2509/2509/2509 2512/2512/2512 
f 2511/2511/2511 2512/2512/2512 2513/2513/2513 
f 2513/2513/2513 2514/2514/2514 2511/2511/2511 
f 2514/2514/2514 2513/2513/2513 2515/2515/2515 
f 2515/2515/2515 2516/2516/2516 2514/2514/2514 
f 2517/2517/2517 2518/2518/2518 2519/2519/2519 
f 2518/2518/2518 2520/2520/2520 2519/2519/2519 
f 2517/2517/2517 2519/2519/2519 2521/2521/2521 
f 2522/2522/2522 2517/2517/2517 2521/2521/2521 
f 2522/2522/2522 2521/2521/2521 2523/2523/2523 
f 2524/2524/2524 2522/2522/2522 2523/2523/2523 
f 2524/2524/2524 2523/2523/2523 2525/2525/2525 
f 2525/2525/2525 2526/2526/2526 2524/2524/2524 
f 2527/2527/2527 2526/2526/2526 2525/2525/2525 
f 2527/2527/2527 2528/2528/2528 2526/2526/2526 
f 2529/2529/2529 2528/2528/2528 2527/2527/2527 
f 2529/2529/2529 2530/2530/2530 2528/2528/2528 
f 2531/2531/2531 2530/2530/2530 2529/2529/2529 
f 2531/2531/2531 2532/2532/2532 2530/2530/2530 
f 2533/2533/2533 2532/2532/2532 2531/2531/2531 
f 2533/2533/2533 2534/2534/2534 2532/2532/2532 
f 2535/2535/2535 2534/2534/2534 2533/2533/2533 
f 2535/2535/2535 2536/2536/2536 2534/2534/2534 
f 2537/2537/2537 2536/2536/2536 2535/2535/2535 
f 2537/2537/2537 2538/2538/2538 2536/2536/2536 
f 2539/2539/2539 2538/2538/2538 2537/2537/2537 
f 2539/2539/2539 2540/2540/2540 2538/2538/2538 
f 2541/2541/2541 2540/2540/2540 2539/2539/2539 
f 2541/2541/2541 2267/2267/2267 2540/2540/2540 
f 2268/2268/2268 2267/2267/2267 2541/2541/2541 
f 2542/2542/2542 2543/2543/2543 2544/2544/2544 
f 2544/2544/2544 2543/2543/2543 2545/2545/2545 
f 2546/2546/2546 2547/2547/2547 2548/2548/2548 
f 2547/2547/2547 2546/2546/2546 2549/2549/2549 
f 2550/2550/2550 2551/2551/2551 2552/2552/2552 
f 2552/2552/2552 2551/2551/2551 2553/2553/2553 
f 2554/2554/2554 2555/2555/2555 2556/2556/2556 
f 2555/2555/2555 2554/2554/2554 2557/2557/2557 
f 2558/2558/2558 2559/2559/2559 2560/2560/2560 
f 2560/2560/2560 2559/2559/2559 2561/2561/2561 
f 2562/2562/2562 2558/2558/2558 2560/2560/2560 
f 2559/2559/2559 2563/2563/2563 2561/2561/2561 
f 2564/2564/2564 2558/2558/2558 2562/2562/2562 
f 2561/2561/2561 2563/2563/2563 2565/2565/2565 
f 2566/2566/2566 2564/2564/2564 2562/2562/2562 
f 2563/2563/2563 2567/2567/2567 2565/2565/2565 
f 2568/2568/2568 2564/2564/2564 2566/2566/2566 
f 2565/2565/2565 2567/2567/2567 2569/2569/2569 
f 2570/2570/2570 2568/2568/2568 2566/2566/2566 
f 2567/2567/2567 2571/2571/2571 2569/2569/2569 
f 2572/2572/2572 2568/2568/2568 2570/2570/2570 
f 2569/2569/2569 2571/2571/2571 2573/2573/2573 
f 2574/2574/2574 2572/2572/2572 2570/2570/2570 
f 2573/2573/2573 2571/2571/2571 2575/2575/2575 
f 2576/2576/2576 2572/2572/2572 2574/2574/2574 
f 2577/2577/2577 2573/2573/2573 2575/2575/2575 
f 2578/2578/2578 2576/2576/2576 2574/2574/2574 
f 2577/2577/2577 2575/2575/2575 2579/2579/2579 
f 2576/2576/2576 2578/2578/2578 2580/2580/2580 
f 2581/2581/2581 2577/2577/2577 2579/2579/2579 
f 2582/2582/2582 2580/2580/2580 2578/2578/2578 
f 2581/2581/2581 2579/2579/2579 2583/2583/2583 
f 2580/2580/2580 2582/2582/2582 2584/2584/2584 
f 2585/2585/2585 2581/2581/2581 2583/2583/2583 
f 2585/2585/2585 2583/2583/2583 2586/2586/2586 
f 2587/2587/2587 2585/2585/2585 2586/2586/2586 
f 2588/2588/2588 2584/2584/2584 2582/2582/2582 
f 2584/2584/2584 2588/2588/2588 2589/2589/2589 
f 2590/2590/2590 2589/2589/2589 2588/2588/2588 
f 2589/2589/2589 2590/2590/2590 2591/2591/2591 
f 2592/2592/2592 2591/2591/2591 2590/2590/2590 
f 2591/2591/2591 2592/2592/2592 2593/2593/2593 
f 2594/2594/2594 2593/2593/2593 2592/2592/2592 
f 2593/2593/2593 2594/2594/2594 2595/2595/2595 
f 2596/2596/2596 2595/2595/2595 2594/2594/2594 
f 2595/2595/2595 2596/2596/2596 2597/2597/2597 
f 2598/2598/2598 2597/2597/2597 2596/2596/2596 
f 2597/2597/2597 2598/2598/2598 2599/2599/2599 
f 2599/2599/2599 2598/2598/2598 2600/2600/2600 
f 2599/2599/2599 2600/2600/2600 2601/2601/2601 
f 2601/2601/2601 2600/2600/2600 2602/2602/2602 
f 2601/2601/2601 2602/2602/2602 2603/2603/2603 
f 2603/2603/2603 2602/2602/2602 2604/2604/2604 
f 2603/2603/2603 2604/2604/2604 2605/2605/2605 
f 2605/2605/2605 2604/2604/2604 2606/2606/2606 
f 2605/2605/2605 2606/2606/2606 2607/2607/2607 
f 2607/2607/2607 2606/2606/2606 2608/2608/2608 
f 2607/2607/2607 2608/2608/2608 2609/2609/2609 
f 2609/2609/2609 2608/2608/2608 2610/2610/2610 
f 2609/2609/2609 2610/2610/2610 2611/2611/2611 
f 2611/2611/2611 2610/2610/2610 2612/2612/2612 
f 2611/2611/2611 2612/2612/2612 2613/2613/2613 
f 2613/2613/2613 2612/2612/2612 2614/2614/2614 
f 2613/2613/2613 2614/2614/2614 2615/2615/2615 
f 2614/2614/2614 2616/2616/2616 2615/2615/2615 
f 2616/2616/2616 2617/2617/2617 2615/2615/2615 
f 2616/2616/2616 2618/2618/2618 2617/2617/2617 
f 2618/2618/2618 2619/2619/2619 2617/2617/2617 
f 2618/2618/2618 2620/2620/2620 2619/2619/2619 
f 2620/2620/2620 2621/2621/2621 2619/2619/2619 
f 2620/2620/2620 2622/2622/2622 2621/2621/2621 
f 2622/2622/2622 2623/2623/2623 2621/2621/2621 

g Handle2

v -22.5 5.05561 19.1158 
v -22.5 5.23198 19.1158 
v -22.6072 5.23198 19.1064 
v -22.6072 5.05561 19.1064 
v -22.5 5.23198 19.1158 
v -22.5 5.23198 18.9835 
v -22.5842 5.23198 18.9761 
v -22.6072 5.23198 19.1064 
v -22.5 5.23198 18.9835 
v -22.5 5.05561 18.9835 
v -22.5842 5.05561 18.9761 
v -22.5842 5.23198 18.9761 
v -22.5 5.05561 18.9835 
v -22.5 5.05561 19.1158 
v -22.6072 5.05561 19.1064 
v -22.5842 5.05561 18.9761 
v -22.7111 5.23198 19.0785 
v -22.7111 5.05561 19.0785 
v -22.6072 5.35169 19.1064 
v -22.5842 5.35169 18.9761 
v -22.6659 5.40415 18.9542 
v -22.7111 5.40415 19.0785 
v -22.6659 5.05561 18.9542 
v -22.6659 5.23198 18.9542 
v -22.7111 5.05561 19.0785 
v -22.6659 5.05561 18.9542 
v -22.8087 5.23198 19.033 
v -22.8087 5.05561 19.033 
v -22.7111 5.40415 19.0785 
v -22.6659 5.40415 18.9542 
v -22.7425 5.35169 18.9185 
v -22.8087 5.35169 19.033 
v -22.7425 5.05561 18.9185 
v -22.7425 5.23198 18.9185 
v -22.8087 5.05561 19.033 
v -22.7425 5.05561 18.9185 
v -22.8968 5.23198 18.9713 
v -22.8968 5.05561 18.9713 
v -22.8087 5.23198 19.033 
v -22.7425 5.23198 18.9185 
v -22.8118 5.23198 18.87 
v -22.8968 5.23198 18.9713 
v -22.8118 5.05561 18.87 
v -22.8118 5.23198 18.87 
v -22.8968 5.05561 18.9713 
v -22.8118 5.05561 18.87 
v -22.8968 5.05561 18.9713 
v -22.8968 5.23198 18.9713 
v -22.9729 5.23198 18.8952 
v -22.9729 5.05561 18.8952 
v -22.8716 5.23198 18.8102 
v -22.9729 5.23198 18.8952 
v -22.8716 5.05561 18.8102 
v -22.8716 5.23198 18.8102 
v -22.9729 5.05561 18.8952 
v -22.8716 5.05561 18.8102 
v -23.0346 5.23198 18.8071 
v -23.0346 5.05561 18.8071 
v -22.9729 5.35169 18.8952 
v -22.8716 5.35169 18.8102 
v -22.92 5.40415 18.741 
v -23.0346 5.40415 18.8071 
v -22.8716 5.23198 18.8102 
v -22.8716 5.05561 18.8102 
v -22.92 5.05561 18.741 
v -22.92 5.23198 18.741 
v -23.0346 5.05561 18.8071 
v -22.92 5.05561 18.741 
v -23.0801 5.23198 18.7096 
v -23.0801 5.05561 18.7096 
v -23.0346 5.40415 18.8071 
v -22.92 5.40415 18.741 
v -22.9558 5.35169 18.6643 
v -23.0801 5.35169 18.7096 
v -22.9558 5.05561 18.6643 
v -22.9558 5.23198 18.6643 
v -23.0801 5.05561 18.7096 
v -22.9558 5.05561 18.6643 
v -23.1079 5.23198 18.6056 
v -23.1079 5.05561 18.6056 
v -23.0801 5.23198 18.7096 
v -22.9558 5.23198 18.6643 
v -22.9777 5.23198 18.5827 
v -23.1079 5.23198 18.6056 
v -22.9777 5.05561 18.5827 
v -22.9777 5.23198 18.5827 
v -23.1079 5.05561 18.6056 
v -22.9777 5.05561 18.5827 
v -23.1173 5.23198 18.4984 
v -23.1173 5.05561 18.4984 
v -22.985 5.23198 18.4984 
v -23.1173 5.23198 18.4984 
v -22.985 5.05561 18.4984 
v -22.985 5.23198 18.4984 
v -23.1173 5.05561 18.4984 
v -22.985 5.05561 18.4984 
v -23.1079 5.23198 18.3913 
v -23.1079 5.05561 18.3913 
v -23.1173 5.35169 18.4984 
v -22.985 5.35169 18.4984 
v -22.9777 5.40415 18.4142 
v -23.1079 5.40415 18.3913 
v -22.9777 5.05561 18.4142 
v -22.9777 5.23198 18.4142 
v -23.1079 5.05561 18.3913 
v -22.9777 5.05561 18.4142 
v -23.0801 5.23198 18.2873 
v -23.0801 5.05561 18.2873 
v -23.1079 5.40415 18.3913 
v -22.9777 5.40415 18.4142 
v -22.9558 5.35169 18.3326 
v -23.0801 5.35169 18.2873 
v -22.9558 5.05561 18.3326 
v -22.9558 5.23198 18.3326 
v -23.0801 5.05561 18.2873 
v -22.9558 5.05561 18.3326 
v -23.0346 5.23198 18.1898 
v -23.0346 5.05561 18.1898 
v -23.0801 5.23198 18.2873 
v -22.9558 5.23198 18.3326 
v -22.92 5.23198 18.2559 
v -23.0346 5.23198 18.1898 
v -22.92 5.05561 18.2559 
v -22.92 5.23198 18.2559 
v -23.0346 5.05561 18.1898 
v -22.92 5.05561 18.2559 
v -22.9729 5.23198 18.1016 
v -22.9729 5.05561 18.1016 
v -22.8716 5.23198 18.1867 
v -22.9729 5.23198 18.1016 
v -22.8716 5.05561 18.1867 
v -22.8716 5.23198 18.1867 
v -22.9729 5.05561 18.1016 
v -22.8716 5.05561 18.1867 
v -22.8968 5.23198 18.0256 
v -22.8968 5.05561 18.0256 
v -22.9729 5.35169 18.1016 
v -22.8716 5.35169 18.1867 
v -22.8118 5.40415 18.1269 
v -22.8968 5.40415 18.0256 
v -22.8716 5.23198 18.1867 
v -22.8716 5.05561 18.1867 
v -22.8118 5.05561 18.1269 
v -22.8118 5.23198 18.1269 
v -22.8968 5.05561 18.0256 
v -22.8118 5.05561 18.1269 
v -22.8968 5.05561 18.0256 
v -22.8968 5.23198 18.0256 
v -22.8087 5.23198 17.9638 
v -22.8087 5.05561 17.9638 
v -22.8968 5.40415 18.0256 
v -22.8118 5.40415 18.1269 
v -22.7425 5.35169 18.0784 
v -22.8087 5.35169 17.9638 
v -22.7425 5.05561 18.0784 
v -22.7425 5.23198 18.0784 
v -22.8087 5.05561 17.9638 
v -22.7425 5.05561 18.0784 
v -22.7111 5.23198 17.9184 
v -22.7111 5.05561 17.9184 
v -22.8087 5.23198 17.9638 
v -22.7425 5.23198 18.0784 
v -22.6659 5.23198 18.0427 
v -22.7111 5.23198 17.9184 
v -22.6659 5.05561 18.0427 
v -22.6659 5.23198 18.0427 
v -22.7111 5.05561 17.9184 
v -22.6659 5.05561 18.0427 
v -22.6072 5.23198 17.8905 
v -22.6072 5.05561 17.8905 
v -22.5842 5.23198 18.0208 
v -22.6072 5.23198 17.8905 
v -22.5842 5.05561 18.0208 
v -22.5842 5.23198 18.0208 
v -22.6072 5.05561 17.8905 
v -22.5842 5.05561 18.0208 
v -22.5 5.23198 17.8811 
v -22.5 5.05561 17.8811 
v -22.6072 5.35169 17.8905 
v -22.5842 5.35169 18.0208 
v -22.5 5.40415 18.0134 
v -22.5 5.40415 17.8811 
v -22.5 5.05561 18.0134 
v -22.5 5.23198 18.0134 
v -22.5 5.05561 17.8811 
v -22.5 5.05561 18.0134 
v -22.3928 5.23198 17.8905 
v -22.3928 5.05561 17.8905 
v -22.5 5.40415 17.8811 
v -22.5 5.40415 18.0134 
v -22.4158 5.35169 18.0208 
v -22.3928 5.35169 17.8905 
v -22.5 5.23198 18.0134 
v -22.5 5.05561 18.0134 
v -22.4158 5.05561 18.0208 
v -22.4158 5.23198 18.0208 
v -22.3928 5.05561 17.8905 
v -22.4158 5.05561 18.0208 
v -22.2889 5.23198 17.9184 
v -22.2889 5.05561 17.9184 
v -22.3928 5.23198 17.8905 
v -22.4158 5.23198 18.0208 
v -22.3341 5.23198 18.0427 
v -22.2889 5.23198 17.9184 
v -22.3341 5.05561 18.0427 
v -22.3341 5.23198 18.0427 
v -22.2889 5.05561 17.9184 
v -22.3341 5.05561 18.0427 
v -22.1913 5.23198 17.9638 
v -22.1913 5.05561 17.9638 
v -22.2575 5.23198 18.0784 
v -22.1913 5.23198 17.9638 
v -22.2575 5.05561 18.0784 
v -22.2575 5.23198 18.0784 
v -22.1913 5.05561 17.9638 
v -22.2575 5.05561 18.0784 
v -22.1032 5.23198 18.0256 
v -22.1032 5.05561 18.0256 
v -22.1913 5.35169 17.9638 
v -22.2575 5.35169 18.0784 
v -22.1882 5.40415 18.1269 
v -22.1032 5.40415 18.0256 
v -22.1882 5.05561 18.1269 
v -22.1882 5.23198 18.1269 
v -22.1032 5.05561 18.0256 
v -22.1882 5.05561 18.1269 
v -22.1032 5.05561 18.0256 
v -22.1032 5.23198 18.0256 
v -22.0271 5.23198 18.1016 
v -22.0271 5.05561 18.1016 
v -22.1032 5.40415 18.0256 
v -22.1882 5.40415 18.1269 
v -22.1284 5.35169 18.1867 
v -22.0271 5.35169 18.1016 
v -22.1882 5.23198 18.1269 
v -22.1882 5.05561 18.1269 
v -22.1284 5.05561 18.1867 
v -22.1284 5.23198 18.1867 
v -22.0271 5.05561 18.1016 
v -22.1284 5.05561 18.1867 
v -21.9654 5.23198 18.1898 
v -21.9654 5.05561 18.1898 
v -22.0271 5.23198 18.1016 
v -22.1284 5.23198 18.1867 
v -22.08 5.23198 18.2559 
v -21.9654 5.23198 18.1898 
v -22.08 5.05561 18.2559 
v -22.08 5.23198 18.2559 
v -21.9654 5.05561 18.1898 
v -22.08 5.05561 18.2559 
v -21.9199 5.23198 18.2873 
v -21.9199 5.05561 18.2873 
v -22.0442 5.23198 18.3326 
v -21.9199 5.23198 18.2873 
v -22.0442 5.05561 18.3326 
v -22.0442 5.23198 18.3326 
v -21.9199 5.05561 18.2873 
v -22.0442 5.05561 18.3326 
v -21.8921 5.23198 18.3913 
v -21.8921 5.05561 18.3913 
v -21.9199 5.35169 18.2873 
v -22.0442 5.35169 18.3326 
v -22.0223 5.40415 18.4142 
v -21.8921 5.40415 18.3913 
v -22.0223 5.05561 18.4142 
v -22.0223 5.23198 18.4142 
v -21.8921 5.05561 18.3913 
v -22.0223 5.05561 18.4142 
v -21.8827 5.23198 18.4984 
v -21.8827 5.05561 18.4984 
v -21.8921 5.40415 18.3913 
v -22.0223 5.40415 18.4142 
v -22.015 5.35169 18.4984 
v -21.8827 5.35169 18.4984 
v -22.015 5.05561 18.4984 
v -22.015 5.23198 18.4984 
v -21.8827 5.05561 18.4984 
v -22.015 5.05561 18.4984 
v -21.8921 5.23198 18.6056 
v -21.8921 5.05561 18.6056 
v -21.8827 5.23198 18.4984 
v -22.015 5.23198 18.4984 
v -22.0223 5.23198 18.5827 
v -21.8921 5.23198 18.6056 
v -22.0223 5.05561 18.5827 
v -22.0223 5.23198 18.5827 
v -21.8921 5.05561 18.6056 
v -22.0223 5.05561 18.5827 
v -21.9199 5.23198 18.7096 
v -21.9199 5.05561 18.7096 
v -22.0442 5.23198 18.6643 
v -21.9199 5.23198 18.7096 
v -22.0442 5.05561 18.6643 
v -22.0442 5.23198 18.6643 
v -21.9199 5.05561 18.7096 
v -22.0442 5.05561 18.6643 
v -21.9654 5.23198 18.8071 
v -21.9654 5.05561 18.8071 
v -21.9199 5.35169 18.7096 
v -22.0442 5.35169 18.6643 
v -22.08 5.40415 18.741 
v -21.9654 5.40415 18.8071 
v -22.08 5.05561 18.741 
v -22.08 5.23198 18.741 
v -21.9654 5.05561 18.8071 
v -22.08 5.05561 18.741 
v -22.0271 5.23198 18.8952 
v -22.0271 5.05561 18.8952 
v -21.9654 5.40415 18.8071 
v -22.08 5.40415 18.741 
v -22.1284 5.35169 18.8102 
v -22.0271 5.35169 18.8952 
v -22.1284 5.05561 18.8102 
v -22.1284 5.23198 18.8102 
v -22.0271 5.05561 18.8952 
v -22.1284 5.05561 18.8102 
v -22.0271 5.05561 18.8952 
v -22.0271 5.23198 18.8952 
v -22.1032 5.23198 18.9713 
v -22.1032 5.05561 18.9713 
v -22.0271 5.23198 18.8952 
v -22.1284 5.23198 18.8102 
v -22.1882 5.23198 18.87 
v -22.1032 5.23198 18.9713 
v -22.1284 5.23198 18.8102 
v -22.1284 5.05561 18.8102 
v -22.1882 5.05561 18.87 
v -22.1882 5.23198 18.87 
v -22.1032 5.05561 18.9713 
v -22.1882 5.05561 18.87 
v -22.1032 5.05561 18.9713 
v -22.1032 5.23198 18.9713 
v -22.1913 5.23198 19.033 
v -22.1913 5.05561 19.033 
v -22.2575 5.23198 18.9185 
v -22.1913 5.23198 19.033 
v -22.2575 5.05561 18.9185 
v -22.2575 5.23198 18.9185 
v -22.1913 5.05561 19.033 
v -22.2575 5.05561 18.9185 
v -22.2889 5.23198 19.0785 
v -22.2889 5.05561 19.0785 
v -22.1913 5.35169 19.033 
v -22.2575 5.35169 18.9185 
v -22.3341 5.40415 18.9542 
v -22.2889 5.40415 19.0785 
v -22.3341 5.05561 18.9542 
v -22.3341 5.23198 18.9542 
v -22.2889 5.05561 19.0785 
v -22.3341 5.05561 18.9542 
v -22.3928 5.23198 19.1064 
v -22.3928 5.05561 19.1064 
v -22.2889 5.40415 19.0785 
v -22.3341 5.40415 18.9542 
v -22.4158 5.35169 18.9761 
v -22.3928 5.35169 19.1064 
v -22.4158 5.05561 18.9761 
v -22.4158 5.23198 18.9761 
v -22.3928 5.05561 19.1064 
v -22.4158 5.05561 18.9761 
v -22.3928 5.23198 19.1064 
v -22.4158 5.23198 18.9761 
v -22.6072 5.23198 19.1064 
v -22.5842 5.23198 18.9761 
v -22.5842 5.35169 18.9761 
v -22.6072 5.35169 19.1064 
v -22.6659 5.40415 18.9542 
v -22.5842 5.35169 18.9761 
v -22.7425 5.35169 18.9185 
v -22.7425 5.23198 18.9185 
v -22.8087 5.23198 19.033 
v -22.8087 5.35169 19.033 
v -22.7425 5.35169 18.9185 
v -22.7111 5.40415 19.0785 
v -22.8087 5.35169 19.033 
v -22.6072 5.35169 19.1064 
v -22.9729 5.23198 18.8952 
v -22.8716 5.23198 18.8102 
v -22.8716 5.35169 18.8102 
v -22.9729 5.35169 18.8952 
v -22.92 5.40415 18.741 
v -22.8716 5.35169 18.8102 
v -22.9558 5.35169 18.6643 
v -22.9558 5.23198 18.6643 
v -23.0801 5.23198 18.7096 
v -23.0801 5.35169 18.7096 
v -22.9558 5.35169 18.6643 
v -23.0346 5.40415 18.8071 
v -23.0801 5.35169 18.7096 
v -22.9729 5.35169 18.8952 
v -23.1173 5.23198 18.4984 
v -22.985 5.23198 18.4984 
v -22.985 5.35169 18.4984 
v -23.1173 5.35169 18.4984 
v -22.9777 5.40415 18.4142 
v -22.985 5.35169 18.4984 
v -22.9558 5.35169 18.3326 
v -22.9558 5.23198 18.3326 
v -23.0801 5.23198 18.2873 
v -23.0801 5.35169 18.2873 
v -22.9558 5.35169 18.3326 
v -23.1079 5.40415 18.3913 
v -23.0801 5.35169 18.2873 
v -23.1173 5.35169 18.4984 
v -22.9729 5.23198 18.1016 
v -22.8716 5.23198 18.1867 
v -22.8716 5.35169 18.1867 
v -22.9729 5.35169 18.1016 
v -22.8118 5.40415 18.1269 
v -22.8716 5.35169 18.1867 
v -22.7425 5.35169 18.0784 
v -22.7425 5.23198 18.0784 
v -22.8087 5.23198 17.9638 
v -22.8087 5.35169 17.9638 
v -22.7425 5.35169 18.0784 
v -22.8968 5.40415 18.0256 
v -22.8087 5.35169 17.9638 
v -22.9729 5.35169 18.1016 
v -22.8968 5.40415 18.0256 
v -22.6072 5.23198 17.8905 
v -22.5842 5.23198 18.0208 
v -22.5842 5.35169 18.0208 
v -22.6072 5.35169 17.8905 
v -22.5 5.40415 18.0134 
v -22.5842 5.35169 18.0208 
v -22.4158 5.35169 18.0208 
v -22.5 5.40415 18.0134 
v -22.4158 5.23198 18.0208 
v -22.3928 5.23198 17.8905 
v -22.3928 5.35169 17.8905 
v -22.4158 5.35169 18.0208 
v -22.5 5.40415 17.8811 
v -22.3928 5.35169 17.8905 
v -22.6072 5.35169 17.8905 
v -22.1913 5.23198 17.9638 
v -22.2575 5.23198 18.0784 
v -22.2575 5.35169 18.0784 
v -22.1913 5.35169 17.9638 
v -22.1882 5.40415 18.1269 
v -22.2575 5.35169 18.0784 
v -22.1284 5.35169 18.1867 
v -22.1882 5.40415 18.1269 
v -22.1284 5.23198 18.1867 
v -22.0271 5.23198 18.1016 
v -22.0271 5.35169 18.1016 
v -22.1284 5.35169 18.1867 
v -22.1032 5.40415 18.0256 
v -22.0271 5.35169 18.1016 
v -22.1913 5.35169 17.9638 
v -22.1032 5.40415 18.0256 
v -21.9199 5.23198 18.2873 
v -22.0442 5.23198 18.3326 
v -22.0442 5.35169 18.3326 
v -21.9199 5.35169 18.2873 
v -22.0223 5.40415 18.4142 
v -22.0442 5.35169 18.3326 
v -22.015 5.35169 18.4984 
v -22.015 5.23198 18.4984 
v -21.8827 5.23198 18.4984 
v -21.8827 5.35169 18.4984 
v -22.015 5.35169 18.4984 
v -21.8921 5.40415 18.3913 
v -21.8827 5.35169 18.4984 
v -21.9199 5.35169 18.2873 
v -21.9199 5.23198 18.7096 
v -22.0442 5.23198 18.6643 
v -22.0442 5.35169 18.6643 
v -21.9199 5.35169 18.7096 
v -22.08 5.40415 18.741 
v -22.0442 5.35169 18.6643 
v -22.1284 5.35169 18.8102 
v -22.1284 5.23198 18.8102 
v -22.0271 5.23198 18.8952 
v -22.0271 5.35169 18.8952 
v -22.1284 5.35169 18.8102 
v -21.9654 5.40415 18.8071 
v -22.0271 5.35169 18.8952 
v -21.9199 5.35169 18.7096 
v -22.1913 5.23198 19.033 
v -22.2575 5.23198 18.9185 
v -22.2575 5.35169 18.9185 
v -22.1913 5.35169 19.033 
v -22.3341 5.40415 18.9542 
v -22.2575 5.35169 18.9185 
v -22.4158 5.35169 18.9761 
v -22.4158 5.23198 18.9761 
v -22.3928 5.23198 19.1064 
v -22.3928 5.35169 19.1064 
v -22.4158 5.35169 18.9761 
v -22.2889 5.40415 19.0785 
v -22.3928 5.35169 19.1064 
v -22.1913 5.35169 19.033 

vn -0.0866142 0 1 
vn -0.0866142 0 1 
vn -0.0866142 0 1 
vn -0.0866142 0 1 
vn -0.0866142 0 1 
vn 0 1 0 
vn 0 1 0 
vn -0.0866142 0 1 
vn 0 1 0 
vn 0.0866142 0 -1 
vn 0.0866142 0 -1 
vn 0 1 0 
vn 0.0866142 0 -1 
vn -0.0866142 0 1 
vn -0.0866142 0 1 
vn 0.0866142 0 -1 
vn -0.338583 0 0.937008 
vn -0.259843 0 0.968504 
vn 0.456693 0.88189 0.125984 
vn 0.519685 0.850394 0.0944882 
vn -0.015748 1 -0.0393701 
vn -0.00787402 1 -0.0314961 
vn 0.259843 0 -0.968504 
vn 0.338583 0 -0.937008 
vn -0.259843 0 0.968504 
vn 0.259843 0 -0.968504 
vn -0.496063 0 0.866142 
vn -0.425197 0 0.905512 
vn -0.00787402 1 -0.0314961 
vn -0.015748 1 -0.0393701 
vn -0.440945 0.874016 -0.19685 
vn -0.377953 0.897638 -0.220472 
vn 0.425197 0 -0.905512 
vn 0.425197 0 -0.905512 
vn -0.425197 0 0.905512 
vn 0.425197 0 -0.905512 
vn -0.574803 0 0.818898 
vn -0.574803 0 0.818898 
vn -0.496063 0 0.866142 
vn 0.425197 0 -0.905512 
vn 0 1 0 
vn -0.574803 0 0.818898 
vn 0.574803 0 -0.818898 
vn 0 1 0 
vn -0.574803 0 0.818898 
vn 0.574803 0 -0.818898 
vn -0.574803 0 0.818898 
vn -0.574803 0 0.818898 
vn -0.708661 0 0.708661 
vn -0.708661 0 0.708661 
vn 0 1 0 
vn -0.708661 0 0.708661 
vn 0.708661 0 -0.708661 
vn 0 1 0 
vn -0.708661 0 0.708661 
vn 0.708661 0 -0.708661 
vn -0.866142 0 0.496063 
vn -0.818898 0 0.574803 
vn 0.267717 0.88189 0.393701 
vn 0.338583 0.850394 0.401575 
vn 0.015748 1 -0.0393701 
vn 0.015748 1 -0.0314961 
vn 0 1 0 
vn 0.708661 0 -0.708661 
vn 0.818898 0 -0.574803 
vn 0.866142 0 -0.496063 
vn -0.818898 0 0.574803 
vn 0.818898 0 -0.574803 
vn -0.937008 0 0.338583 
vn -0.905512 0 0.425197 
vn 0.015748 1 -0.0314961 
vn 0.015748 1 -0.0393701 
vn -0.212598 0.874016 -0.440945 
vn -0.149606 0.897638 -0.409449 
vn 0.905512 0 -0.425197 
vn 0.905512 0 -0.425197 
vn -0.905512 0 0.425197 
vn 0.905512 0 -0.425197 
vn -0.968504 0 0.259843 
vn -0.968504 0 0.259843 
vn -0.937008 0 0.338583 
vn 0.905512 0 -0.425197 
vn 0 1 0 
vn -0.968504 0 0.259843 
vn 0.968504 0 -0.259843 
vn 0 1 0 
vn -0.968504 0 0.259843 
vn 0.968504 0 -0.259843 
vn -1 0 0.0866142 
vn -1 0 0.0866142 
vn 0 1 0 
vn -1 0 0.0866142 
vn 1 0 -0.0866142 
vn 0 1 0 
vn -1 0 0.0866142 
vn 1 0 -0.0866142 
vn -0.984252 0 -0.173228 
vn -1 0 -0.0866142 
vn -0.0472441 0.88189 0.472441 
vn 0 0.850394 0.527559 
vn 0.0314961 1 -0.023622 
vn 0.0314961 1 -0.015748 
vn 1 0 0.0866142 
vn 0.984252 0 0.173228 
vn -1 0 -0.0866142 
vn 1 0 0.0866142 
vn -0.937008 0 -0.338583 
vn -0.968504 0 -0.259843 
vn 0.0314961 1 -0.015748 
vn 0.0314961 1 -0.023622 
vn 0.11811 0.874016 -0.472441 
vn 0.149606 0.897638 -0.409449 
vn 0.968504 0 0.259843 
vn 0.968504 0 0.259843 
vn -0.968504 0 -0.259843 
vn 0.968504 0 0.259843 
vn -0.905512 0 -0.425197 
vn -0.905512 0 -0.425197 
vn -0.937008 0 -0.338583 
vn 0.968504 0 0.259843 
vn 0 1 0 
vn -0.905512 0 -0.425197 
vn 0.905512 0 0.425197 
vn 0 1 0 
vn -0.905512 0 -0.425197 
vn 0.905512 0 0.425197 
vn -0.818898 0 -0.574803 
vn -0.818898 0 -0.574803 
vn 0 1 0 
vn -0.818898 0 -0.574803 
vn 0.818898 0 0.574803 
vn 0 1 0 
vn -0.818898 0 -0.574803 
vn 0.818898 0 0.574803 
vn -0.645669 0 -0.76378 
vn -0.708661 0 -0.708661 
vn -0.338583 0.88189 0.330709 
vn -0.338583 0.850394 0.401575 
vn 0.0393701 1 0.00787402 
vn 0.0314961 1 0.00787402 
vn 0 1 0 
vn 0.818898 0 0.574803 
vn 0.708661 0 0.708661 
vn 0.645669 0 0.76378 
vn -0.708661 0 -0.708661 
vn 0.708661 0 0.708661 
vn -0.708661 0 -0.708661 
vn -0.645669 0 -0.76378 
vn -0.496063 0 -0.866142 
vn -0.574803 0 -0.818898 
vn 0.0314961 1 0.00787402 
vn 0.0393701 1 0.00787402 
vn 0.393701 0.874016 -0.283465 
vn 0.377953 0.897638 -0.220472 
vn 0.574803 0 0.818898 
vn 0.574803 0 0.818898 
vn -0.574803 0 -0.818898 
vn 0.574803 0 0.818898 
vn -0.425197 0 -0.905512 
vn -0.425197 0 -0.905512 
vn -0.496063 0 -0.866142 
vn 0.574803 0 0.818898 
vn 0 1 0 
vn -0.425197 0 -0.905512 
vn 0.425197 0 0.905512 
vn 0 1 0 
vn -0.425197 0 -0.905512 
vn 0.425197 0 0.905512 
vn -0.259843 0 -0.968504 
vn -0.259843 0 -0.968504 
vn 0 1 0 
vn -0.259843 0 -0.968504 
vn 0.259843 0 0.968504 
vn 0 1 0 
vn -0.259843 0 -0.968504 
vn 0.259843 0 0.968504 
vn 0 0 -1 
vn -0.0866142 0 -1 
vn -0.472441 0.88189 0.0393701 
vn -0.519685 0.850394 0.0944882 
vn 0.023622 1 0.0314961 
vn 0.015748 1 0.023622 
vn 0.0866142 0 1 
vn 0 0 1 
vn -0.0866142 0 -1 
vn 0.0866142 0 1 
vn 0.173228 0 -0.984252 
vn 0.0866142 0 -1 
vn 0.015748 1 0.023622 
vn 0.023622 1 0.0314961 
vn 0.488189 0.874016 0.0393701 
vn 0.433071 0.897638 0.0787402 
vn 0 0 1 
vn 0.0866142 0 1 
vn -0.0866142 0 1 
vn -0.0866142 0 1 
vn 0.0866142 0 -1 
vn -0.0866142 0 1 
vn 0.259843 0 -0.968504 
vn 0.259843 0 -0.968504 
vn 0.173228 0 -0.984252 
vn -0.0866142 0 1 
vn 0 1 0 
vn 0.259843 0 -0.968504 
vn -0.259843 0 0.968504 
vn 0 1 0 
vn 0.259843 0 -0.968504 
vn -0.259843 0 0.968504 
vn 0.425197 0 -0.905512 
vn 0.425197 0 -0.905512 
vn 0 1 0 
vn 0.425197 0 -0.905512 
vn -0.425197 0 0.905512 
vn 0 1 0 
vn 0.425197 0 -0.905512 
vn -0.425197 0 0.905512 
vn 0.645669 0 -0.76378 
vn 0.574803 0 -0.818898 
vn -0.385827 0.88189 -0.275591 
vn -0.456693 0.850394 -0.267717 
vn 0 1 0.0393701 
vn 0 1 0.0314961 
vn -0.574803 0 0.818898 
vn -0.645669 0 0.76378 
vn 0.574803 0 -0.818898 
vn -0.574803 0 0.818898 
vn 0.574803 0 -0.818898 
vn 0.645669 0 -0.76378 
vn 0.76378 0 -0.645669 
vn 0.708661 0 -0.708661 
vn 0 1 0.0314961 
vn 0 1 0.0393701 
vn 0.346457 0.874016 0.338583 
vn 0.283465 0.897638 0.338583 
vn -0.645669 0 0.76378 
vn -0.574803 0 0.818898 
vn -0.708661 0 0.708661 
vn -0.708661 0 0.708661 
vn 0.708661 0 -0.708661 
vn -0.708661 0 0.708661 
vn 0.818898 0 -0.574803 
vn 0.818898 0 -0.574803 
vn 0.76378 0 -0.645669 
vn -0.708661 0 0.708661 
vn 0 1 0 
vn 0.818898 0 -0.574803 
vn -0.818898 0 0.574803 
vn 0 1 0 
vn 0.818898 0 -0.574803 
vn -0.818898 0 0.574803 
vn 0.905512 0 -0.425197 
vn 0.905512 0 -0.425197 
vn 0 1 0 
vn 0.905512 0 -0.425197 
vn -0.905512 0 0.425197 
vn 0 1 0 
vn 0.905512 0 -0.425197 
vn -0.905512 0 0.425197 
vn 0.984252 0 -0.173228 
vn 0.968504 0 -0.259843 
vn -0.11811 0.88189 -0.464567 
vn -0.181102 0.850394 -0.496063 
vn -0.023622 1 0.0314961 
vn -0.023622 1 0.023622 
vn -0.968504 0 0.259843 
vn -0.984252 0 0.173228 
vn 0.968504 0 -0.259843 
vn -0.968504 0 0.259843 
vn 1 0 0 
vn 1 0 -0.0866142 
vn -0.023622 1 0.023622 
vn -0.023622 1 0.0314961 
vn 0.0472441 0.874016 0.480315 
vn 0 0.897638 0.440945 
vn -1 0 0.0866142 
vn -1 0 0.0866142 
vn 1 0 -0.0866142 
vn -1 0 0.0866142 
vn 1 0 0.0866142 
vn 1 0 0.0866142 
vn 1 0 0 
vn -1 0 0.0866142 
vn 0 1 0 
vn 1 0 0.0866142 
vn -1 0 -0.0866142 
vn 0 1 0 
vn 1 0 0.0866142 
vn -1 0 -0.0866142 
vn 0.968504 0 0.259843 
vn 0.968504 0 0.259843 
vn 0 1 0 
vn 0.968504 0 0.259843 
vn -0.968504 0 -0.259843 
vn 0 1 0 
vn 0.968504 0 0.259843 
vn -0.968504 0 -0.259843 
vn 0.866142 0 0.496063 
vn 0.905512 0 0.425197 
vn 0.204724 0.88189 -0.433071 
vn 0.181102 0.850394 -0.496063 
vn -0.0393701 1 0.00787402 
vn -0.0314961 1 0.00787402 
vn -0.905512 0 -0.425197 
vn -0.866142 0 -0.496063 
vn 0.905512 0 0.425197 
vn -0.905512 0 -0.425197 
vn 0.76378 0 0.645669 
vn 0.818898 0 0.574803 
vn -0.0314961 1 0.00787402 
vn -0.0393701 1 0.00787402 
vn -0.275591 0.874016 0.401575 
vn -0.283465 0.897638 0.338583 
vn -0.818898 0 -0.574803 
vn -0.818898 0 -0.574803 
vn 0.818898 0 0.574803 
vn -0.818898 0 -0.574803 
vn 0.818898 0 0.574803 
vn 0.76378 0 0.645669 
vn 0.708661 0 0.708661 
vn 0.708661 0 0.708661 
vn 0.76378 0 0.645669 
vn -0.818898 0 -0.574803 
vn 0 1 0 
vn 0.708661 0 0.708661 
vn -0.818898 0 -0.574803 
vn -0.818898 0 -0.574803 
vn -0.708661 0 -0.708661 
vn 0 1 0 
vn 0.708661 0 0.708661 
vn -0.708661 0 -0.708661 
vn 0.708661 0 0.708661 
vn 0.708661 0 0.708661 
vn 0.574803 0 0.818898 
vn 0.574803 0 0.818898 
vn 0 1 0 
vn 0.574803 0 0.818898 
vn -0.574803 0 -0.818898 
vn 0 1 0 
vn 0.574803 0 0.818898 
vn -0.574803 0 -0.818898 
vn 0.338583 0 0.937008 
vn 0.425197 0 0.905512 
vn 0.433071 0.88189 -0.19685 
vn 0.456693 0.850394 -0.267717 
vn -0.0314961 1 -0.015748 
vn -0.023622 1 -0.015748 
vn -0.425197 0 -0.905512 
vn -0.338583 0 -0.937008 
vn 0.425197 0 0.905512 
vn -0.425197 0 -0.905512 
vn 0.173228 0 0.984252 
vn 0.259843 0 0.968504 
vn -0.023622 1 -0.015748 
vn -0.0314961 1 -0.015748 
vn -0.464567 0.874016 0.133858 
vn -0.433071 0.897638 0.0787402 
vn -0.259843 0 -0.968504 
vn -0.259843 0 -0.968504 
vn 0.259843 0 0.968504 
vn -0.259843 0 -0.968504 
vn 0.173228 0 0.984252 
vn -0.259843 0 -0.968504 
vn -0.0866142 0 1 
vn 0 1 0 
vn 0.519685 0.850394 0.0944882 
vn 0.456693 0.88189 0.125984 
vn -0.015748 1 -0.0393701 
vn 0.519685 0.850394 0.0944882 
vn -0.440945 0.874016 -0.19685 
vn 0.425197 0 -0.905512 
vn -0.496063 0 0.866142 
vn -0.377953 0.897638 -0.220472 
vn -0.440945 0.874016 -0.19685 
vn -0.00787402 1 -0.0314961 
vn -0.377953 0.897638 -0.220472 
vn 0.456693 0.88189 0.125984 
vn -0.708661 0 0.708661 
vn 0 1 0 
vn 0.338583 0.850394 0.401575 
vn 0.267717 0.88189 0.393701 
vn 0.015748 1 -0.0393701 
vn 0.338583 0.850394 0.401575 
vn -0.212598 0.874016 -0.440945 
vn 0.905512 0 -0.425197 
vn -0.937008 0 0.338583 
vn -0.149606 0.897638 -0.409449 
vn -0.212598 0.874016 -0.440945 
vn 0.015748 1 -0.0314961 
vn -0.149606 0.897638 -0.409449 
vn 0.267717 0.88189 0.393701 
vn -1 0 0.0866142 
vn 0 1 0 
vn 0 0.850394 0.527559 
vn -0.0472441 0.88189 0.472441 
vn 0.0314961 1 -0.023622 
vn 0 0.850394 0.527559 
vn 0.11811 0.874016 -0.472441 
vn 0.968504 0 0.259843 
vn -0.937008 0 -0.338583 
vn 0.149606 0.897638 -0.409449 
vn 0.11811 0.874016 -0.472441 
vn 0.0314961 1 -0.015748 
vn 0.149606 0.897638 -0.409449 
vn -0.0472441 0.88189 0.472441 
vn -0.818898 0 -0.574803 
vn 0 1 0 
vn -0.338583 0.850394 0.401575 
vn -0.338583 0.88189 0.330709 
vn 0.0393701 1 0.00787402 
vn -0.338583 0.850394 0.401575 
vn 0.393701 0.874016 -0.283465 
vn 0.574803 0 0.818898 
vn -0.496063 0 -0.866142 
vn 0.377953 0.897638 -0.220472 
vn 0.393701 0.874016 -0.283465 
vn 0.0314961 1 0.00787402 
vn 0.377953 0.897638 -0.220472 
vn -0.338583 0.88189 0.330709 
vn 0.0314961 1 0.00787402 
vn -0.259843 0 -0.968504 
vn 0 1 0 
vn -0.519685 0.850394 0.0944882 
vn -0.472441 0.88189 0.0393701 
vn 0.023622 1 0.0314961 
vn -0.519685 0.850394 0.0944882 
vn 0.488189 0.874016 0.0393701 
vn 0.023622 1 0.0314961 
vn -0.0866142 0 1 
vn 0.173228 0 -0.984252 
vn 0.433071 0.897638 0.0787402 
vn 0.488189 0.874016 0.0393701 
vn 0.015748 1 0.023622 
vn 0.433071 0.897638 0.0787402 
vn -0.472441 0.88189 0.0393701 
vn 0.425197 0 -0.905512 
vn 0 1 0 
vn -0.456693 0.850394 -0.267717 
vn -0.385827 0.88189 -0.275591 
vn 0 1 0.0393701 
vn -0.456693 0.850394 -0.267717 
vn 0.346457 0.874016 0.338583 
vn 0 1 0.0393701 
vn -0.708661 0 0.708661 
vn 0.76378 0 -0.645669 
vn 0.283465 0.897638 0.338583 
vn 0.346457 0.874016 0.338583 
vn 0 1 0.0314961 
vn 0.283465 0.897638 0.338583 
vn -0.385827 0.88189 -0.275591 
vn 0 1 0.0314961 
vn 0.905512 0 -0.425197 
vn 0 1 0 
vn -0.181102 0.850394 -0.496063 
vn -0.11811 0.88189 -0.464567 
vn -0.023622 1 0.0314961 
vn -0.181102 0.850394 -0.496063 
vn 0.0472441 0.874016 0.480315 
vn -1 0 0.0866142 
vn 1 0 0 
vn 0 0.897638 0.440945 
vn 0.0472441 0.874016 0.480315 
vn -0.023622 1 0.023622 
vn 0 0.897638 0.440945 
vn -0.11811 0.88189 -0.464567 
vn 0.968504 0 0.259843 
vn 0 1 0 
vn 0.181102 0.850394 -0.496063 
vn 0.204724 0.88189 -0.433071 
vn -0.0393701 1 0.00787402 
vn 0.181102 0.850394 -0.496063 
vn -0.275591 0.874016 0.401575 
vn -0.818898 0 -0.574803 
vn 0.76378 0 0.645669 
vn -0.283465 0.897638 0.338583 
vn -0.275591 0.874016 0.401575 
vn -0.0314961 1 0.00787402 
vn -0.283465 0.897638 0.338583 
vn 0.204724 0.88189 -0.433071 
vn 0.574803 0 0.818898 
vn 0 1 0 
vn 0.456693 0.850394 -0.267717 
vn 0.433071 0.88189 -0.19685 
vn -0.0314961 1 -0.015748 
vn 0.456693 0.850394 -0.267717 
vn -0.464567 0.874016 0.133858 
vn -0.259843 0 -0.968504 
vn 0.173228 0 0.984252 
vn -0.433071 0.897638 0.0787402 
vn -0.464567 0.874016 0.133858 
vn -0.023622 1 -0.015748 
vn -0.433071 0.897638 0.0787402 
vn 0.433071 0.88189 -0.19685 

vt 0.820235 0.663752 
vt 0.820235 0.648286 
vt 0.825122 0.648286 
vt 0.825122 0.663752 
vt 0.852839 0.590199 
vt 0.852839 0.601799 
vt 0.849014 0.602446 
vt 0.847971 0.591022 
vt 0.833613 0.569104 
vt 0.833613 0.584571 
vt 0.829788 0.584571 
vt 0.829788 0.569104 
vt 0.766903 0.596205 
vt 0.761988 0.602875 
vt 0.759537 0.594712 
vt 0.764977 0.589791 
vt 0.829934 0.648286 
vt 0.829934 0.663752 
vt 0.835876 0.730114 
vt 0.829892 0.729227 
vt 0.829892 0.720515 
vt 0.835876 0.719627 
vt 0.82608 0.584571 
vt 0.82608 0.569104 
vt 0.757858 0.585851 
vt 0.763658 0.582829 
vt 0.834526 0.648286 
vt 0.834526 0.663752 
vt 0.847713 0.687386 
vt 0.853697 0.688273 
vt 0.853697 0.696985 
vt 0.847713 0.697873 
vt 0.8226 0.584571 
vt 0.8226 0.569104 
vt 0.757001 0.576561 
vt 0.762984 0.575529 
vt 0.838758 0.648286 
vt 0.838758 0.663752 
vt 0.853401 0.565364 
vt 0.854623 0.554006 
vt 0.858435 0.554876 
vt 0.858253 0.56647 
vt 0.819455 0.584571 
vt 0.819455 0.569104 
vt 0.756992 0.567125 
vt 0.762977 0.568116 
vt 0.756992 0.663752 
vt 0.756992 0.648286 
vt 0.760447 0.648286 
vt 0.760447 0.663752 
vt 0.862269 0.554453 
vt 0.863132 0.565933 
vt 0.81674 0.584571 
vt 0.81674 0.569104 
vt 0.757832 0.557829 
vt 0.763637 0.560812 
vt 0.76445 0.648286 
vt 0.76445 0.663752 
vt 0.785005 0.716061 
vt 0.779021 0.715174 
vt 0.779021 0.706462 
vt 0.785005 0.705575 
vt 0.845056 0.605298 
vt 0.845056 0.620764 
vt 0.841911 0.620764 
vt 0.841911 0.605298 
vt 0.759495 0.548957 
vt 0.764944 0.553841 
vt 0.768879 0.648286 
vt 0.768879 0.663752 
vt 0.809566 0.721701 
vt 0.81555 0.722588 
vt 0.81555 0.7313 
vt 0.809566 0.732188 
vt 0.838431 0.620764 
vt 0.838431 0.605298 
vt 0.761931 0.540777 
vt 0.766858 0.547413 
vt 0.773599 0.648286 
vt 0.773599 0.663752 
vt 0.795946 0.716953 
vt 0.797115 0.705575 
vt 0.800932 0.706378 
vt 0.800803 0.717976 
vt 0.834723 0.620764 
vt 0.834723 0.605298 
vt 0.765065 0.533538 
vt 0.769321 0.541725 
vt 0.778467 0.648286 
vt 0.778467 0.663752 
vt 0.804763 0.70589 
vt 0.805679 0.717355 
vt 0.830898 0.620764 
vt 0.830898 0.605298 
vt 0.768803 0.52746 
vt 0.772257 0.53695 
vt 0.783335 0.648286 
vt 0.783335 0.663752 
vt 0.844798 0.697873 
vt 0.838814 0.696985 
vt 0.838814 0.688273 
vt 0.844798 0.687386 
vt 0.827073 0.620764 
vt 0.827073 0.605298 
vt 0.773031 0.522727 
vt 0.775579 0.533231 
vt 0.788055 0.648286 
vt 0.788055 0.663752 
vt 0.770099 0.721701 
vt 0.776083 0.722588 
vt 0.776083 0.7313 
vt 0.770099 0.732188 
vt 0.823365 0.620764 
vt 0.823365 0.605298 
vt 0.77762 0.519484 
vt 0.779185 0.530683 
vt 0.792483 0.648286 
vt 0.792483 0.663752 
vt 0.78067 0.561838 
vt 0.775025 0.565805 
vt 0.773403 0.559086 
vt 0.778605 0.553286 
vt 0.819885 0.620764 
vt 0.819885 0.605298 
vt 0.78243 0.517829 
vt 0.782964 0.529383 
vt 0.796486 0.648286 
vt 0.796486 0.663752 
vt 0.7712 0.553013 
vt 0.775802 0.545556 
vt 0.81674 0.620764 
vt 0.81674 0.605298 
vt 0.787317 0.517812 
vt 0.786804 0.52937 
vt 0.799941 0.648286 
vt 0.799941 0.663752 
vt 0.824472 0.716061 
vt 0.818488 0.715174 
vt 0.818488 0.706462 
vt 0.824472 0.705575 
vt 0.7712 0.583148 
vt 0.7712 0.567681 
vt 0.77504 0.567681 
vt 0.77504 0.583148 
vt 0.79213 0.519435 
vt 0.790586 0.530645 
vt 0.756992 0.699946 
vt 0.756992 0.684479 
vt 0.760995 0.684479 
vt 0.760995 0.699946 
vt 0.859149 0.534754 
vt 0.865133 0.535641 
vt 0.865133 0.544353 
vt 0.859149 0.54524 
vt 0.778821 0.567681 
vt 0.778821 0.583148 
vt 0.796725 0.522646 
vt 0.794196 0.533168 
vt 0.765424 0.684479 
vt 0.765424 0.699946 
vt 0.756992 0.71562 
vt 0.759996 0.705575 
vt 0.763475 0.708708 
vt 0.761421 0.719608 
vt 0.782429 0.567681 
vt 0.782429 0.583148 
vt 0.800961 0.52735 
vt 0.797525 0.536864 
vt 0.770144 0.684479 
vt 0.770144 0.699946 
vt 0.767184 0.710627 
vt 0.766141 0.722051 
vt 0.785754 0.567681 
vt 0.785754 0.583148 
vt 0.80471 0.533402 
vt 0.80047 0.541619 
vt 0.775011 0.684479 
vt 0.775011 0.699946 
vt 0.785005 0.732177 
vt 0.779021 0.73129 
vt 0.779021 0.722578 
vt 0.785005 0.72169 
vt 0.788695 0.567681 
vt 0.788695 0.583148 
vt 0.807858 0.54062 
vt 0.802943 0.54729 
vt 0.779879 0.684479 
vt 0.779879 0.699946 
vt 0.861387 0.649314 
vt 0.867372 0.650201 
vt 0.867372 0.658913 
vt 0.861387 0.659801 
vt 0.849682 0.661291 
vt 0.841673 0.661291 
vt 0.841673 0.653877 
vt 0.849682 0.653877 
vt 0.810308 0.548783 
vt 0.804869 0.553704 
vt 0.784599 0.684479 
vt 0.784599 0.699946 
vt 0.79079 0.549329 
vt 0.791833 0.560753 
vt 0.788125 0.562672 
vt 0.78607 0.551771 
vt 0.841673 0.646575 
vt 0.849682 0.646575 
vt 0.811988 0.557645 
vt 0.806188 0.560667 
vt 0.789028 0.684479 
vt 0.789028 0.699946 
vt 0.784645 0.565805 
vt 0.781642 0.555759 
vt 0.841673 0.639608 
vt 0.849682 0.639608 
vt 0.812845 0.566934 
vt 0.806862 0.567966 
vt 0.793031 0.684479 
vt 0.793031 0.699946 
vt 0.866606 0.600686 
vt 0.860622 0.599799 
vt 0.860622 0.591087 
vt 0.866606 0.590199 
vt 0.841673 0.633188 
vt 0.849682 0.633188 
vt 0.812854 0.57637 
vt 0.806868 0.57538 
vt 0.81674 0.548377 
vt 0.81674 0.532911 
vt 0.820195 0.532911 
vt 0.820195 0.548377 
vt 0.838814 0.719617 
vt 0.844798 0.720504 
vt 0.844798 0.729216 
vt 0.838814 0.730104 
vt 0.826977 0.684479 
vt 0.826977 0.699946 
vt 0.824262 0.699946 
vt 0.824262 0.684479 
vt 0.812013 0.585666 
vt 0.806208 0.582683 
vt 0.824198 0.532911 
vt 0.824198 0.548377 
vt 0.794534 0.577997 
vt 0.799136 0.585454 
vt 0.796934 0.591527 
vt 0.791732 0.585727 
vt 0.821117 0.699946 
vt 0.821117 0.684479 
vt 0.81035 0.594538 
vt 0.804902 0.589655 
vt 0.828627 0.532911 
vt 0.828627 0.548377 
vt 0.795311 0.598246 
vt 0.789666 0.594279 
vt 0.817637 0.699946 
vt 0.817637 0.684479 
vt 0.807915 0.602719 
vt 0.802988 0.596082 
vt 0.833347 0.532911 
vt 0.833347 0.548377 
vt 0.857447 0.679868 
vt 0.851463 0.678981 
vt 0.851463 0.670269 
vt 0.857447 0.669381 
vt 0.813928 0.699946 
vt 0.813928 0.684479 
vt 0.80478 0.609958 
vt 0.800525 0.60177 
vt 0.838215 0.532911 
vt 0.838215 0.548377 
vt 0.856893 0.608074 
vt 0.862877 0.608962 
vt 0.862877 0.617674 
vt 0.856893 0.618561 
vt 0.810104 0.699946 
vt 0.810104 0.684479 
vt 0.801042 0.616036 
vt 0.797588 0.606545 
vt 0.843083 0.532911 
vt 0.843083 0.548377 
vt 0.829892 0.680767 
vt 0.83104 0.669381 
vt 0.834858 0.670159 
vt 0.834751 0.681757 
vt 0.806279 0.699946 
vt 0.806279 0.684479 
vt 0.796815 0.620768 
vt 0.794267 0.610264 
vt 0.847803 0.532911 
vt 0.847803 0.548377 
vt 0.838688 0.669645 
vt 0.839626 0.681103 
vt 0.80257 0.699946 
vt 0.80257 0.684479 
vt 0.792226 0.624011 
vt 0.790661 0.612812 
vt 0.852231 0.532911 
vt 0.852231 0.548377 
vt 0.835876 0.713999 
vt 0.829892 0.713111 
vt 0.829892 0.704399 
vt 0.835876 0.703512 
vt 0.799091 0.699946 
vt 0.799091 0.684479 
vt 0.787415 0.625666 
vt 0.786881 0.614112 
vt 0.856234 0.532911 
vt 0.856234 0.548377 
vt 0.818488 0.72169 
vt 0.824472 0.722578 
vt 0.824472 0.73129 
vt 0.818488 0.732177 
vt 0.795946 0.699946 
vt 0.795946 0.684479 
vt 0.782529 0.625683 
vt 0.783042 0.614125 
vt 0.859149 0.517812 
vt 0.867158 0.517812 
vt 0.867158 0.527249 
vt 0.859149 0.527249 
vt 0.793274 0.547006 
vt 0.799181 0.549122 
vt 0.798812 0.556502 
vt 0.792805 0.556398 
vt 0.850486 0.569104 
vt 0.850486 0.584571 
vt 0.847771 0.584571 
vt 0.847771 0.569104 
vt 0.777715 0.62406 
vt 0.77926 0.612851 
vt 0.802856 0.663752 
vt 0.802856 0.648286 
vt 0.806599 0.648286 
vt 0.806599 0.663752 
vt 0.799112 0.563893 
vt 0.793187 0.565805 
vt 0.844626 0.584571 
vt 0.844626 0.569104 
vt 0.773121 0.620849 
vt 0.77565 0.610327 
vt 0.810831 0.648286 
vt 0.810831 0.663752 
vt 0.844798 0.713988 
vt 0.838814 0.713101 
vt 0.838814 0.704389 
vt 0.844798 0.703501 
vt 0.841146 0.584571 
vt 0.841146 0.569104 
vt 0.768884 0.616145 
vt 0.772321 0.606632 
vt 0.815423 0.648286 
vt 0.815423 0.663752 
vt 0.860362 0.669381 
vt 0.866346 0.670269 
vt 0.866346 0.678981 
vt 0.860362 0.679868 
vt 0.837438 0.584571 
vt 0.837438 0.569104 
vt 0.765136 0.610093 
vt 0.769376 0.601876 
vt 0.857707 0.591022 
vt 0.856664 0.602446 
vt 0.805869 0.615185 
vt 0.811876 0.615185 
vt 0.811876 0.625683 
vt 0.805869 0.625683 
vt 0.82608 0.554006 
vt 0.829788 0.558607 
vt 0.8226 0.558607 
vt 0.756992 0.520804 
vt 0.762999 0.520804 
vt 0.762999 0.531301 
vt 0.756992 0.531301 
vt 0.829934 0.633188 
vt 0.834526 0.637789 
vt 0.825122 0.637789 
vt 0.822067 0.530859 
vt 0.822067 0.519259 
vt 0.827503 0.519259 
vt 0.827503 0.530859 
vt 0.841911 0.590199 
vt 0.845056 0.5948 
vt 0.838431 0.5948 
vt 0.805869 0.520804 
vt 0.811876 0.520804 
vt 0.811876 0.531301 
vt 0.805869 0.531301 
vt 0.76445 0.633188 
vt 0.768879 0.637789 
vt 0.760447 0.637789 
vt 0.776106 0.716072 
vt 0.770099 0.716072 
vt 0.770099 0.705575 
vt 0.776106 0.705575 
vt 0.827073 0.590199 
vt 0.830898 0.5948 
vt 0.823365 0.5948 
vt 0.789674 0.646234 
vt 0.789674 0.634634 
vt 0.79511 0.634634 
vt 0.79511 0.646234 
vt 0.783335 0.633188 
vt 0.788055 0.637789 
vt 0.778467 0.637789 
vt 0.859408 0.582596 
vt 0.853401 0.582596 
vt 0.853401 0.572099 
vt 0.859408 0.572099 
vt 0.77504 0.598246 
vt 0.7712 0.593645 
vt 0.778821 0.593645 
vt 0.782413 0.682428 
vt 0.782413 0.670828 
vt 0.787849 0.670828 
vt 0.787849 0.682428 
vt 0.756992 0.669381 
vt 0.760995 0.673982 
vt 0.796486 0.637789 
vt 0.799941 0.633188 
vt 0.841086 0.530859 
vt 0.841086 0.519259 
vt 0.846522 0.519259 
vt 0.846522 0.530859 
vt 0.788695 0.598246 
vt 0.785754 0.593645 
vt 0.855118 0.653877 
vt 0.857501 0.661291 
vt 0.818572 0.646234 
vt 0.818572 0.634634 
vt 0.824008 0.634634 
vt 0.824008 0.646234 
vt 0.775011 0.669381 
vt 0.779879 0.673982 
vt 0.770144 0.673982 
vt 0.763538 0.682428 
vt 0.763538 0.670828 
vt 0.768974 0.670828 
vt 0.768974 0.682428 
vt 0.857501 0.633188 
vt 0.855118 0.639608 
vt 0.824262 0.673982 
vt 0.826977 0.669381 
vt 0.756992 0.615185 
vt 0.762999 0.615185 
vt 0.762999 0.625683 
vt 0.756992 0.625683 
vt 0.81674 0.517812 
vt 0.820195 0.522413 
vt 0.789028 0.673982 
vt 0.793031 0.669381 
vt 0.853978 0.618572 
vt 0.847971 0.618572 
vt 0.847971 0.608074 
vt 0.853978 0.608074 
vt 0.813928 0.669381 
vt 0.817637 0.673982 
vt 0.810104 0.673982 
vt 0.867394 0.643685 
vt 0.861387 0.643685 
vt 0.861387 0.633188 
vt 0.867394 0.633188 
vt 0.833347 0.517812 
vt 0.838215 0.522413 
vt 0.828627 0.522413 
vt 0.835899 0.697883 
vt 0.829892 0.697883 
vt 0.829892 0.687386 
vt 0.835899 0.687386 
vt 0.799091 0.669381 
vt 0.80257 0.673982 
vt 0.795946 0.673982 
vt 0.771666 0.646234 
vt 0.771666 0.634634 
vt 0.777103 0.634634 
vt 0.777103 0.646234 
vt 0.852231 0.517812 
vt 0.856234 0.522413 
vt 0.847803 0.522413 
vt 0.848548 0.679878 
vt 0.842541 0.679878 
vt 0.842541 0.669381 
vt 0.848548 0.669381 
vt 0.841146 0.554006 
vt 0.844626 0.558607 
vt 0.837438 0.558607 
vt 0.815573 0.716072 
vt 0.809566 0.716072 
vt 0.809566 0.705575 
vt 0.815573 0.705575 
vt 0.810831 0.633188 
vt 0.815423 0.637789 
vt 0.806599 0.637789 

usemtl Handle1Mtl

f 2624/2624/2624 2625/2625/2625 2626/2626/2626 
f 2626/2626/2626 2627/2627/2627 2624/2624/2624 
f 2628/2628/2628 2629/2629/2629 2630/2630/2630 
f 2630/2630/2630 2631/2631/2631 2628/2628/2628 
f 2632/2632/2632 2633/2633/2633 2634/2634/2634 
f 2634/2634/2634 2635/2635/2635 2632/2632/2632 
f 2636/2636/2636 2637/2637/2637 2638/2638/2638 
f 2638/2638/2638 2639/2639/2639 2636/2636/2636 
f 2627/2627/2627 2626/2626/2626 2640/2640/2640 
f 2640/2640/2640 2641/2641/2641 2627/2627/2627 
f 2642/2642/2642 2643/2643/2643 2644/2644/2644 
f 2644/2644/2644 2645/2645/2645 2642/2642/2642 
f 2635/2635/2635 2634/2634/2634 2646/2646/2646 
f 2646/2646/2646 2647/2647/2647 2635/2635/2635 
f 2639/2639/2639 2638/2638/2638 2648/2648/2648 
f 2648/2648/2648 2649/2649/2649 2639/2639/2639 
f 2641/2641/2641 2640/2640/2640 2650/2650/2650 
f 2650/2650/2650 2651/2651/2651 2641/2641/2641 
f 2652/2652/2652 2653/2653/2653 2654/2654/2654 
f 2654/2654/2654 2655/2655/2655 2652/2652/2652 
f 2647/2647/2647 2646/2646/2646 2656/2656/2656 
f 2656/2656/2656 2657/2657/2657 2647/2647/2647 
f 2649/2649/2649 2648/2648/2648 2658/2658/2658 
f 2658/2658/2658 2659/2659/2659 2649/2649/2649 
f 2651/2651/2651 2650/2650/2650 2660/2660/2660 
f 2660/2660/2660 2661/2661/2661 2651/2651/2651 
f 2662/2662/2662 2663/2663/2663 2664/2664/2664 
f 2664/2664/2664 2665/2665/2665 2662/2662/2662 
f 2657/2657/2657 2656/2656/2656 2666/2666/2666 
f 2666/2666/2666 2667/2667/2667 2657/2657/2657 
f 2659/2659/2659 2658/2658/2658 2668/2668/2668 
f 2668/2668/2668 2669/2669/2669 2659/2659/2659 
f 2670/2670/2670 2671/2671/2671 2672/2672/2672 
f 2672/2672/2672 2673/2673/2673 2670/2670/2670 
f 2665/2665/2665 2664/2664/2664 2674/2674/2674 
f 2674/2674/2674 2675/2675/2675 2665/2665/2665 
f 2667/2667/2667 2666/2666/2666 2676/2676/2676 
f 2676/2676/2676 2677/2677/2677 2667/2667/2667 
f 2669/2669/2669 2668/2668/2668 2678/2678/2678 
f 2678/2678/2678 2679/2679/2679 2669/2669/2669 
f 2673/2673/2673 2672/2672/2672 2680/2680/2680 
f 2680/2680/2680 2681/2681/2681 2673/2673/2673 
f 2682/2682/2682 2683/2683/2683 2684/2684/2684 
f 2684/2684/2684 2685/2685/2685 2682/2682/2682 
f 2686/2686/2686 2687/2687/2687 2688/2688/2688 
f 2688/2688/2688 2689/2689/2689 2686/2686/2686 
f 2679/2679/2679 2678/2678/2678 2690/2690/2690 
f 2690/2690/2690 2691/2691/2691 2679/2679/2679 
f 2681/2681/2681 2680/2680/2680 2692/2692/2692 
f 2692/2692/2692 2693/2693/2693 2681/2681/2681 
f 2694/2694/2694 2695/2695/2695 2696/2696/2696 
f 2696/2696/2696 2697/2697/2697 2694/2694/2694 
f 2689/2689/2689 2688/2688/2688 2698/2698/2698 
f 2698/2698/2698 2699/2699/2699 2689/2689/2689 
f 2691/2691/2691 2690/2690/2690 2700/2700/2700 
f 2700/2700/2700 2701/2701/2701 2691/2691/2691 
f 2693/2693/2693 2692/2692/2692 2702/2702/2702 
f 2702/2702/2702 2703/2703/2703 2693/2693/2693 
f 2704/2704/2704 2705/2705/2705 2706/2706/2706 
f 2706/2706/2706 2707/2707/2707 2704/2704/2704 
f 2699/2699/2699 2698/2698/2698 2708/2708/2708 
f 2708/2708/2708 2709/2709/2709 2699/2699/2699 
f 2701/2701/2701 2700/2700/2700 2710/2710/2710 
f 2710/2710/2710 2711/2711/2711 2701/2701/2701 
f 2703/2703/2703 2702/2702/2702 2712/2712/2712 
f 2712/2712/2712 2713/2713/2713 2703/2703/2703 
f 2707/2707/2707 2706/2706/2706 2714/2714/2714 
f 2714/2714/2714 2715/2715/2715 2707/2707/2707 
f 2709/2709/2709 2708/2708/2708 2716/2716/2716 
f 2716/2716/2716 2717/2717/2717 2709/2709/2709 
f 2711/2711/2711 2710/2710/2710 2718/2718/2718 
f 2718/2718/2718 2719/2719/2719 2711/2711/2711 
f 2713/2713/2713 2712/2712/2712 2720/2720/2720 
f 2720/2720/2720 2721/2721/2721 2713/2713/2713 
f 2722/2722/2722 2723/2723/2723 2724/2724/2724 
f 2724/2724/2724 2725/2725/2725 2722/2722/2722 
f 2717/2717/2717 2716/2716/2716 2726/2726/2726 
f 2726/2726/2726 2727/2727/2727 2717/2717/2717 
f 2719/2719/2719 2718/2718/2718 2728/2728/2728 
f 2728/2728/2728 2729/2729/2729 2719/2719/2719 
f 2721/2721/2721 2720/2720/2720 2730/2730/2730 
f 2730/2730/2730 2731/2731/2731 2721/2721/2721 
f 2732/2732/2732 2733/2733/2733 2734/2734/2734 
f 2734/2734/2734 2735/2735/2735 2732/2732/2732 
f 2727/2727/2727 2726/2726/2726 2736/2736/2736 
f 2736/2736/2736 2737/2737/2737 2727/2727/2727 
f 2729/2729/2729 2728/2728/2728 2738/2738/2738 
f 2738/2738/2738 2739/2739/2739 2729/2729/2729 
f 2731/2731/2731 2730/2730/2730 2740/2740/2740 
f 2740/2740/2740 2741/2741/2741 2731/2731/2731 
f 2742/2742/2742 2743/2743/2743 2744/2744/2744 
f 2744/2744/2744 2745/2745/2745 2742/2742/2742 
f 2737/2737/2737 2736/2736/2736 2746/2746/2746 
f 2746/2746/2746 2747/2747/2747 2737/2737/2737 
f 2739/2739/2739 2738/2738/2738 2748/2748/2748 
f 2748/2748/2748 2749/2749/2749 2739/2739/2739 
f 2741/2741/2741 2740/2740/2740 2750/2750/2750 
f 2750/2750/2750 2751/2751/2751 2741/2741/2741 
f 2745/2745/2745 2744/2744/2744 2752/2752/2752 
f 2752/2752/2752 2753/2753/2753 2745/2745/2745 
f 2747/2747/2747 2746/2746/2746 2754/2754/2754 
f 2754/2754/2754 2755/2755/2755 2747/2747/2747 
f 2749/2749/2749 2748/2748/2748 2756/2756/2756 
f 2756/2756/2756 2757/2757/2757 2749/2749/2749 
f 2751/2751/2751 2750/2750/2750 2758/2758/2758 
f 2758/2758/2758 2759/2759/2759 2751/2751/2751 
f 2760/2760/2760 2761/2761/2761 2762/2762/2762 
f 2762/2762/2762 2763/2763/2763 2760/2760/2760 
f 2764/2764/2764 2765/2765/2765 2766/2766/2766 
f 2766/2766/2766 2767/2767/2767 2764/2764/2764 
f 2757/2757/2757 2756/2756/2756 2768/2768/2768 
f 2768/2768/2768 2769/2769/2769 2757/2757/2757 
f 2770/2770/2770 2771/2771/2771 2772/2772/2772 
f 2772/2772/2772 2773/2773/2773 2770/2770/2770 
f 2774/2774/2774 2775/2775/2775 2776/2776/2776 
f 2776/2776/2776 2777/2777/2777 2774/2774/2774 
f 2767/2767/2767 2766/2766/2766 2778/2778/2778 
f 2778/2778/2778 2779/2779/2779 2767/2767/2767 
f 2769/2769/2769 2768/2768/2768 2780/2780/2780 
f 2780/2780/2780 2781/2781/2781 2769/2769/2769 
f 2773/2773/2773 2772/2772/2772 2782/2782/2782 
f 2782/2782/2782 2783/2783/2783 2773/2773/2773 
f 2784/2784/2784 2785/2785/2785 2786/2786/2786 
f 2786/2786/2786 2787/2787/2787 2784/2784/2784 
f 2779/2779/2779 2778/2778/2778 2788/2788/2788 
f 2788/2788/2788 2789/2789/2789 2779/2779/2779 
f 2781/2781/2781 2780/2780/2780 2790/2790/2790 
f 2790/2790/2790 2791/2791/2791 2781/2781/2781 
f 2783/2783/2783 2782/2782/2782 2792/2792/2792 
f 2792/2792/2792 2793/2793/2793 2783/2783/2783 
f 2787/2787/2787 2786/2786/2786 2794/2794/2794 
f 2794/2794/2794 2795/2795/2795 2787/2787/2787 
f 2789/2789/2789 2788/2788/2788 2796/2796/2796 
f 2796/2796/2796 2797/2797/2797 2789/2789/2789 
f 2791/2791/2791 2790/2790/2790 2798/2798/2798 
f 2798/2798/2798 2799/2799/2799 2791/2791/2791 
f 2793/2793/2793 2792/2792/2792 2800/2800/2800 
f 2800/2800/2800 2801/2801/2801 2793/2793/2793 
f 2802/2802/2802 2803/2803/2803 2804/2804/2804 
f 2804/2804/2804 2805/2805/2805 2802/2802/2802 
f 2797/2797/2797 2796/2796/2796 2806/2806/2806 
f 2806/2806/2806 2807/2807/2807 2797/2797/2797 
f 2799/2799/2799 2798/2798/2798 2808/2808/2808 
f 2808/2808/2808 2809/2809/2809 2799/2799/2799 
f 2801/2801/2801 2800/2800/2800 2810/2810/2810 
f 2810/2810/2810 2811/2811/2811 2801/2801/2801 
f 2812/2812/2812 2813/2813/2813 2814/2814/2814 
f 2814/2814/2814 2815/2815/2815 2812/2812/2812 
f 2816/2816/2816 2817/2817/2817 2818/2818/2818 
f 2818/2818/2818 2819/2819/2819 2816/2816/2816 
f 2809/2809/2809 2808/2808/2808 2820/2820/2820 
f 2820/2820/2820 2821/2821/2821 2809/2809/2809 
f 2811/2811/2811 2810/2810/2810 2822/2822/2822 
f 2822/2822/2822 2823/2823/2823 2811/2811/2811 
f 2824/2824/2824 2825/2825/2825 2826/2826/2826 
f 2826/2826/2826 2827/2827/2827 2824/2824/2824 
f 2819/2819/2819 2818/2818/2818 2828/2828/2828 
f 2828/2828/2828 2829/2829/2829 2819/2819/2819 
f 2821/2821/2821 2820/2820/2820 2830/2830/2830 
f 2830/2830/2830 2831/2831/2831 2821/2821/2821 
f 2823/2823/2823 2822/2822/2822 2832/2832/2832 
f 2832/2832/2832 2833/2833/2833 2823/2823/2823 
f 2827/2827/2827 2826/2826/2826 2834/2834/2834 
f 2834/2834/2834 2835/2835/2835 2827/2827/2827 
f 2829/2829/2829 2828/2828/2828 2836/2836/2836 
f 2836/2836/2836 2837/2837/2837 2829/2829/2829 
f 2831/2831/2831 2830/2830/2830 2838/2838/2838 
f 2838/2838/2838 2839/2839/2839 2831/2831/2831 
f 2833/2833/2833 2832/2832/2832 2840/2840/2840 
f 2840/2840/2840 2841/2841/2841 2833/2833/2833 
f 2842/2842/2842 2843/2843/2843 2844/2844/2844 
f 2844/2844/2844 2845/2845/2845 2842/2842/2842 
f 2837/2837/2837 2836/2836/2836 2846/2846/2846 
f 2846/2846/2846 2847/2847/2847 2837/2837/2837 
f 2839/2839/2839 2838/2838/2838 2848/2848/2848 
f 2848/2848/2848 2849/2849/2849 2839/2839/2839 
f 2850/2850/2850 2851/2851/2851 2852/2852/2852 
f 2852/2852/2852 2853/2853/2853 2850/2850/2850 
f 2854/2854/2854 2855/2855/2855 2856/2856/2856 
f 2856/2856/2856 2857/2857/2857 2854/2854/2854 
f 2858/2858/2858 2859/2859/2859 2860/2860/2860 
f 2860/2860/2860 2861/2861/2861 2858/2858/2858 
f 2849/2849/2849 2848/2848/2848 2862/2862/2862 
f 2862/2862/2862 2863/2863/2863 2849/2849/2849 
f 2853/2853/2853 2852/2852/2852 2864/2864/2864 
f 2864/2864/2864 2865/2865/2865 2853/2853/2853 
f 2866/2866/2866 2867/2867/2867 2868/2868/2868 
f 2868/2868/2868 2869/2869/2869 2866/2866/2866 
f 2861/2861/2861 2860/2860/2860 2870/2870/2870 
f 2870/2870/2870 2871/2871/2871 2861/2861/2861 
f 2863/2863/2863 2862/2862/2862 2872/2872/2872 
f 2872/2872/2872 2873/2873/2873 2863/2863/2863 
f 2865/2865/2865 2864/2864/2864 2874/2874/2874 
f 2874/2874/2874 2875/2875/2875 2865/2865/2865 
f 2869/2869/2869 2868/2868/2868 2876/2876/2876 
f 2876/2876/2876 2877/2877/2877 2869/2869/2869 
f 2871/2871/2871 2870/2870/2870 2878/2878/2878 
f 2878/2878/2878 2879/2879/2879 2871/2871/2871 
f 2873/2873/2873 2872/2872/2872 2880/2880/2880 
f 2880/2880/2880 2881/2881/2881 2873/2873/2873 
f 2875/2875/2875 2874/2874/2874 2882/2882/2882 
f 2882/2882/2882 2883/2883/2883 2875/2875/2875 
f 2884/2884/2884 2885/2885/2885 2886/2886/2886 
f 2886/2886/2886 2887/2887/2887 2884/2884/2884 
f 2879/2879/2879 2878/2878/2878 2888/2888/2888 
f 2888/2888/2888 2889/2889/2889 2879/2879/2879 
f 2881/2881/2881 2880/2880/2880 2890/2890/2890 
f 2890/2890/2890 2891/2891/2891 2881/2881/2881 
f 2883/2883/2883 2882/2882/2882 2892/2892/2892 
f 2892/2892/2892 2893/2893/2893 2883/2883/2883 
f 2894/2894/2894 2895/2895/2895 2896/2896/2896 
f 2896/2896/2896 2897/2897/2897 2894/2894/2894 
f 2889/2889/2889 2888/2888/2888 2898/2898/2898 
f 2898/2898/2898 2899/2899/2899 2889/2889/2889 
f 2891/2891/2891 2890/2890/2890 2900/2900/2900 
f 2900/2900/2900 2901/2901/2901 2891/2891/2891 
f 2893/2893/2893 2892/2892/2892 2902/2902/2902 
f 2902/2902/2902 2903/2903/2903 2893/2893/2893 
f 2904/2904/2904 2905/2905/2905 2906/2906/2906 
f 2906/2906/2906 2907/2907/2907 2904/2904/2904 
f 2899/2899/2899 2898/2898/2898 2908/2908/2908 
f 2908/2908/2908 2909/2909/2909 2899/2899/2899 
f 2901/2901/2901 2900/2900/2900 2910/2910/2910 
f 2910/2910/2910 2911/2911/2911 2901/2901/2901 
f 2903/2903/2903 2902/2902/2902 2912/2912/2912 
f 2912/2912/2912 2913/2913/2913 2903/2903/2903 
f 2907/2907/2907 2906/2906/2906 2914/2914/2914 
f 2914/2914/2914 2915/2915/2915 2907/2907/2907 
f 2909/2909/2909 2908/2908/2908 2916/2916/2916 
f 2916/2916/2916 2917/2917/2917 2909/2909/2909 
f 2911/2911/2911 2910/2910/2910 2918/2918/2918 
f 2918/2918/2918 2919/2919/2919 2911/2911/2911 
f 2913/2913/2913 2912/2912/2912 2920/2920/2920 
f 2920/2920/2920 2921/2921/2921 2913/2913/2913 
f 2922/2922/2922 2923/2923/2923 2924/2924/2924 
f 2924/2924/2924 2925/2925/2925 2922/2922/2922 
f 2917/2917/2917 2916/2916/2916 2926/2926/2926 
f 2926/2926/2926 2927/2927/2927 2917/2917/2917 
f 2919/2919/2919 2918/2918/2918 2928/2928/2928 
f 2928/2928/2928 2929/2929/2929 2919/2919/2919 
f 2921/2921/2921 2920/2920/2920 2930/2930/2930 
f 2930/2930/2930 2931/2931/2931 2921/2921/2921 
f 2932/2932/2932 2933/2933/2933 2934/2934/2934 
f 2934/2934/2934 2935/2935/2935 2932/2932/2932 
f 2927/2927/2927 2926/2926/2926 2936/2936/2936 
f 2936/2936/2936 2937/2937/2937 2927/2927/2927 
f 2929/2929/2929 2928/2928/2928 2938/2938/2938 
f 2938/2938/2938 2939/2939/2939 2929/2929/2929 
f 2940/2940/2940 2941/2941/2941 2942/2942/2942 
f 2942/2942/2942 2943/2943/2943 2940/2940/2940 
f 2944/2944/2944 2945/2945/2945 2946/2946/2946 
f 2946/2946/2946 2947/2947/2947 2944/2944/2944 
f 2948/2948/2948 2949/2949/2949 2950/2950/2950 
f 2950/2950/2950 2951/2951/2951 2948/2948/2948 
f 2939/2939/2939 2938/2938/2938 2952/2952/2952 
f 2952/2952/2952 2953/2953/2953 2939/2939/2939 
f 2954/2954/2954 2955/2955/2955 2956/2956/2956 
f 2956/2956/2956 2957/2957/2957 2954/2954/2954 
f 2947/2947/2947 2946/2946/2946 2958/2958/2958 
f 2958/2958/2958 2959/2959/2959 2947/2947/2947 
f 2951/2951/2951 2950/2950/2950 2960/2960/2960 
f 2960/2960/2960 2961/2961/2961 2951/2951/2951 
f 2953/2953/2953 2952/2952/2952 2962/2962/2962 
f 2962/2962/2962 2963/2963/2963 2953/2953/2953 
f 2957/2957/2957 2956/2956/2956 2964/2964/2964 
f 2964/2964/2964 2965/2965/2965 2957/2957/2957 
f 2966/2966/2966 2967/2967/2967 2968/2968/2968 
f 2968/2968/2968 2969/2969/2969 2966/2966/2966 
f 2961/2961/2961 2960/2960/2960 2970/2970/2970 
f 2970/2970/2970 2971/2971/2971 2961/2961/2961 
f 2963/2963/2963 2962/2962/2962 2972/2972/2972 
f 2972/2972/2972 2973/2973/2973 2963/2963/2963 
f 2965/2965/2965 2964/2964/2964 2974/2974/2974 
f 2974/2974/2974 2975/2975/2975 2965/2965/2965 
f 2976/2976/2976 2977/2977/2977 2978/2978/2978 
f 2978/2978/2978 2979/2979/2979 2976/2976/2976 
f 2971/2971/2971 2970/2970/2970 2980/2980/2980 
f 2980/2980/2980 2981/2981/2981 2971/2971/2971 
f 2973/2973/2973 2972/2972/2972 2982/2982/2982 
f 2982/2982/2982 2983/2983/2983 2973/2973/2973 
f 2975/2975/2975 2974/2974/2974 2625/2625/2625 
f 2625/2625/2625 2624/2624/2624 2975/2975/2975 
f 2984/2984/2984 2985/2985/2985 2629/2629/2629 
f 2629/2629/2629 2628/2628/2628 2984/2984/2984 
f 2981/2981/2981 2980/2980/2980 2633/2633/2633 
f 2633/2633/2633 2632/2632/2632 2981/2981/2981 
f 2983/2983/2983 2982/2982/2982 2637/2637/2637 
f 2637/2637/2637 2636/2636/2636 2983/2983/2983 
f 2986/2986/2986 2987/2987/2987 2988/2988/2988 
f 2988/2988/2988 2989/2989/2989 2986/2986/2986 
f 2635/2635/2635 2647/2647/2647 2990/2990/2990 
f 2990/2990/2990 2991/2991/2991 2635/2635/2635 
f 2647/2647/2647 2657/2657/2657 2992/2992/2992 
f 2992/2992/2992 2990/2990/2990 2647/2647/2647 
f 2993/2993/2993 2994/2994/2994 2995/2995/2995 
f 2995/2995/2995 2996/2996/2996 2993/2993/2993 
f 2650/2650/2650 2640/2640/2640 2997/2997/2997 
f 2997/2997/2997 2998/2998/2998 2650/2650/2650 
f 2640/2640/2640 2626/2626/2626 2999/2999/2999 
f 2999/2999/2999 2997/2997/2997 2640/2640/2640 
f 3000/3000/3000 3001/3001/3001 3002/3002/3002 
f 3002/3002/3002 3003/3003/3003 3000/3000/3000 
f 2686/2686/2686 2689/2689/2689 3004/3004/3004 
f 3004/3004/3004 3005/3005/3005 2686/2686/2686 
f 2689/2689/2689 2699/2699/2699 3006/3006/3006 
f 3006/3006/3006 3004/3004/3004 2689/2689/2689 
f 3007/3007/3007 3008/3008/3008 3009/3009/3009 
f 3009/3009/3009 3010/3010/3010 3007/3007/3007 
f 2692/2692/2692 2680/2680/2680 3011/3011/3011 
f 3011/3011/3011 3012/3012/3012 2692/2692/2692 
f 2680/2680/2680 2672/2672/2672 3013/3013/3013 
f 3013/3013/3013 3011/3011/3011 2680/2680/2680 
f 3014/3014/3014 3015/3015/3015 3016/3016/3016 
f 3016/3016/3016 3017/3017/3017 3014/3014/3014 
f 2717/2717/2717 2727/2727/2727 3018/3018/3018 
f 3018/3018/3018 3019/3019/3019 2717/2717/2717 
f 2727/2727/2727 2737/2737/2737 3020/3020/3020 
f 3020/3020/3020 3018/3018/3018 2727/2727/2727 
f 3021/3021/3021 3022/3022/3022 3023/3023/3023 
f 3023/3023/3023 3024/3024/3024 3021/3021/3021 
f 2730/2730/2730 2720/2720/2720 3025/3025/3025 
f 3025/3025/3025 3026/3026/3026 2730/2730/2730 
f 2720/2720/2720 2712/2712/2712 3027/3027/3027 
f 3027/3027/3027 3025/3025/3025 2720/2720/2720 
f 3028/3028/3028 3029/3029/3029 3030/3030/3030 
f 3030/3030/3030 3031/3031/3031 3028/3028/3028 
f 2764/2764/2764 2767/2767/2767 3032/3032/3032 
f 3032/3032/3032 3033/3033/3033 2764/2764/2764 
f 2767/2767/2767 2779/2779/2779 3034/3034/3034 
f 3034/3034/3034 3032/3032/3032 2767/2767/2767 
f 3035/3035/3035 3036/3036/3036 3037/3037/3037 
f 3037/3037/3037 3038/3038/3038 3035/3035/3035 
f 2772/2772/2772 2771/2771/2771 3039/3039/3039 
f 3039/3039/3039 3040/3040/3040 2772/2772/2772 
f 2758/2758/2758 2750/2750/2750 3041/3041/3041 
f 3041/3041/3041 3042/3042/3042 2758/2758/2758 
f 3043/3043/3043 3044/3044/3044 3045/3045/3045 
f 3045/3045/3045 3046/3046/3046 3043/3043/3043 
f 2797/2797/2797 2807/2807/2807 3047/3047/3047 
f 3047/3047/3047 3048/3048/3048 2797/2797/2797 
f 2816/2816/2816 2819/2819/2819 3049/3049/3049 
f 3049/3049/3049 3050/3050/3050 2816/2816/2816 
f 3051/3051/3051 3052/3052/3052 3053/3053/3053 
f 3053/3053/3053 3054/3054/3054 3051/3051/3051 
f 2810/2810/2810 2800/2800/2800 3055/3055/3055 
f 3055/3055/3055 3056/3056/3056 2810/2810/2810 
f 2800/2800/2800 2792/2792/2792 3057/3057/3057 
f 3057/3057/3057 3055/3055/3055 2800/2800/2800 
f 3058/3058/3058 3059/3059/3059 3060/3060/3060 
f 3060/3060/3060 3061/3061/3061 3058/3058/3058 
f 2837/2837/2837 2847/2847/2847 3062/3062/3062 
f 3062/3062/3062 3063/3063/3063 2837/2837/2837 
f 2858/2858/2858 2861/2861/2861 3064/3064/3064 
f 3064/3064/3064 3065/3065/3065 2858/2858/2858 
f 3066/3066/3066 3067/3067/3067 3068/3068/3068 
f 3068/3068/3068 3069/3069/3069 3066/3066/3066 
f 2852/2852/2852 2851/2851/2851 3070/3070/3070 
f 3070/3070/3070 3071/3071/3071 2852/2852/2852 
f 2840/2840/2840 2832/2832/2832 3072/3072/3072 
f 3072/3072/3072 3073/3073/3073 2840/2840/2840 
f 3074/3074/3074 3075/3075/3075 3076/3076/3076 
f 3076/3076/3076 3077/3077/3077 3074/3074/3074 
f 2879/2879/2879 2889/2889/2889 3078/3078/3078 
f 3078/3078/3078 3079/3079/3079 2879/2879/2879 
f 2889/2889/2889 2899/2899/2899 3080/3080/3080 
f 3080/3080/3080 3078/3078/3078 2889/2889/2889 
f 3081/3081/3081 3082/3082/3082 3083/3083/3083 
f 3083/3083/3083 3084/3084/3084 3081/3081/3081 
f 2892/2892/2892 2882/2882/2882 3085/3085/3085 
f 3085/3085/3085 3086/3086/3086 2892/2892/2892 
f 2882/2882/2882 2874/2874/2874 3087/3087/3087 
f 3087/3087/3087 3085/3085/3085 2882/2882/2882 
f 3088/3088/3088 3089/3089/3089 3090/3090/3090 
f 3090/3090/3090 3091/3091/3091 3088/3088/3088 
f 2917/2917/2917 2927/2927/2927 3092/3092/3092 
f 3092/3092/3092 3093/3093/3093 2917/2917/2917 
f 2927/2927/2927 2937/2937/2937 3094/3094/3094 
f 3094/3094/3094 3092/3092/3092 2927/2927/2927 
f 3095/3095/3095 3096/3096/3096 3097/3097/3097 
f 3097/3097/3097 3098/3098/3098 3095/3095/3095 
f 2930/2930/2930 2920/2920/2920 3099/3099/3099 
f 3099/3099/3099 3100/3100/3100 2930/2930/2930 
f 2920/2920/2920 2912/2912/2912 3101/3101/3101 
f 3101/3101/3101 3099/3099/3099 2920/2920/2920 
f 3102/3102/3102 3103/3103/3103 3104/3104/3104 
f 3104/3104/3104 3105/3105/3105 3102/3102/3102 
f 2961/2961/2961 2971/2971/2971 3106/3106/3106 
f 3106/3106/3106 3107/3107/3107 2961/2961/2961 
f 2971/2971/2971 2981/2981/2981 3108/3108/3108 
f 3108/3108/3108 3106/3106/3106 2971/2971/2971 
f 3109/3109/3109 3110/3110/3110 3111/3111/3111 
f 3111/3111/3111 3112/3112/3112 3109/3109/3109 
f 2974/2974/2974 2964/2964/2964 3113/3113/3113 
f 3113/3113/3113 3114/3114/3114 2974/2974/2974 
f 2964/2964/2964 2956/2956/2956 3115/3115/3115 
f 3115/3115/3115 3113/3113/3113 2964/2964/2964 

g R6Shedletsky1

v -22.435 2.02386 19 
v -22.435 0.153865 19 
v -21.565 0.153865 19 
v -21.565 2.02386 19 
v -22.435 2.08886 18.935 
v -22.5 2.02386 18.935 
v -22.5 0.153865 18.935 
v -22.435 0.0888648 18.935 
v -21.565 0.0888648 18.935 
v -21.5 0.153865 18.935 
v -21.5 2.02386 18.935 
v -21.565 2.08886 18.935 
v -22.435 2.08886 18.935 
v -22.435 2.08886 18.065 
v -22.5 2.02386 18.065 
v -22.5 2.02386 18.935 
v -22.5 0.153865 18.065 
v -22.5 0.153865 18.935 
v -22.435 0.0888648 18.065 
v -22.435 0.0888648 18.935 
v -22.435 0.0888648 18.935 
v -22.435 0.0888648 18.065 
v -21.565 0.0888648 18.065 
v -21.565 0.0888648 18.935 
v -21.565 0.0888648 18.935 
v -21.565 0.0888648 18.065 
v -21.5 0.153865 18.065 
v -21.5 2.02386 18.065 
v -21.565 2.08886 18.065 
v -21.565 2.08886 18.935 
v -21.565 2.08886 18.935 
v -21.565 2.08886 18.065 
v -22.435 2.08886 18.065 
v -22.435 2.08886 18.935 
v -22.435 2.08886 18.065 
v -22.435 2.02386 18 
v -22.435 0.153865 18 
v -22.435 0.0888648 18.065 
v -21.565 0.153865 18 
v -21.565 0.0888648 18.065 
v -21.565 2.02386 18 
v -21.565 2.08886 18.065 

vn 0 0 1 
vn 0 0 1 
vn 0 0 1 
vn 0 0 1 
vn 0 1 0 
vn -1 0 0 
vn -1 0 0 
vn 0 -1 0 
vn 0 -1 0 
vn 1 0 0 
vn 1 0 0 
vn 0 1 0 
vn 0 1 0 
vn 0 1 0 
vn -1 0 0 
vn -1 0 0 
vn -1 0 0 
vn -1 0 0 
vn 0 -1 0 
vn 0 -1 0 
vn 0 -1 0 
vn 0 -1 0 
vn 0 -1 0 
vn 0 -1 0 
vn 0 -1 0 
vn 0 -1 0 
vn 1 0 0 
vn 1 0 0 
vn 0 1 0 
vn 0 1 0 
vn 0 1 0 
vn 0 1 0 
vn 0 1 0 
vn 0 1 0 
vn 0 1 0 
vn 0 0 -1 
vn 0 0 -1 
vn 0 -1 0 
vn 0 0 -1 
vn 0 -1 0 
vn 0 0 -1 
vn 0 1 0 

vt 0.555176 0.871094 
vt 0.464356 0.871094 
vt 0.464356 0.753906 
vt 0.555176 0.753906 
vt 0.558106 0.871094 
vt 0.555176 0.878906 
vt 0.464356 0.878906 
vt 0.461426 0.871094 
vt 0.461426 0.753906 
vt 0.464356 0.746094 
vt 0.555176 0.746094 
vt 0.558106 0.753906 
vt 0.558106 0.378906 
vt 0.558106 0.496094 
vt 0.555176 0.496094 
vt 0.555176 0.378906 
vt 0.464356 0.496094 
vt 0.464356 0.378906 
vt 0.461426 0.496094 
vt 0.461426 0.378906 
vt 0.496582 0.238281 
vt 0.496582 0.355469 
vt 0.452637 0.355469 
vt 0.452637 0.238281 
vt 0.461426 0.746094 
vt 0.461426 0.628906 
vt 0.464356 0.628906 
vt 0.555176 0.628906 
vt 0.558106 0.628906 
vt 0.558106 0.746094 
vt 0.347168 0.355469 
vt 0.347168 0.238281 
vt 0.391113 0.238281 
vt 0.391113 0.355469 
vt 0.558106 0.503906 
vt 0.555176 0.503906 
vt 0.464356 0.503906 
vt 0.461426 0.503906 
vt 0.464356 0.621094 
vt 0.461426 0.621094 
vt 0.555176 0.621094 
vt 0.558106 0.621094 

usemtl R6Shedletsky1Mtl

f 3116/3116/3116 3117/3117/3117 3118/3118/3118 
f 3116/3116/3116 3118/3118/3118 3119/3119/3119 
f 3116/3116/3116 3120/3120/3120 3121/3121/3121 
f 3116/3116/3116 3121/3121/3121 3122/3122/3122 
f 3116/3116/3116 3122/3122/3122 3117/3117/3117 
f 3117/3117/3117 3122/3122/3122 3123/3123/3123 
f 3117/3117/3117 3123/3123/3123 3124/3124/3124 
f 3117/3117/3117 3124/3124/3124 3118/3118/3118 
f 3118/3118/3118 3124/3124/3124 3125/3125/3125 
f 3118/3118/3118 3125/3125/3125 3126/3126/3126 
f 3118/3118/3118 3126/3126/3126 3119/3119/3119 
f 3119/3119/3119 3126/3126/3126 3127/3127/3127 
f 3119/3119/3119 3127/3127/3127 3120/3120/3120 
f 3119/3119/3119 3120/3120/3120 3116/3116/3116 
f 3128/3128/3128 3129/3129/3129 3130/3130/3130 
f 3128/3128/3128 3130/3130/3130 3131/3131/3131 
f 3131/3131/3131 3130/3130/3130 3132/3132/3132 
f 3131/3131/3131 3132/3132/3132 3133/3133/3133 
f 3133/3133/3133 3132/3132/3132 3134/3134/3134 
f 3133/3133/3133 3134/3134/3134 3135/3135/3135 
f 3136/3136/3136 3137/3137/3137 3138/3138/3138 
f 3136/3136/3136 3138/3138/3138 3139/3139/3139 
f 3140/3140/3140 3141/3141/3141 3142/3142/3142 
f 3140/3140/3140 3142/3142/3142 3125/3125/3125 
f 3125/3125/3125 3142/3142/3142 3143/3143/3143 
f 3125/3125/3125 3143/3143/3143 3126/3126/3126 
f 3126/3126/3126 3143/3143/3143 3144/3144/3144 
f 3126/3126/3126 3144/3144/3144 3145/3145/3145 
f 3146/3146/3146 3147/3147/3147 3148/3148/3148 
f 3146/3146/3146 3148/3148/3148 3149/3149/3149 
f 3150/3150/3150 3151/3151/3151 3130/3130/3130 
f 3130/3130/3130 3151/3151/3151 3152/3152/3152 
f 3130/3130/3130 3152/3152/3152 3132/3132/3132 
f 3132/3132/3132 3152/3152/3152 3153/3153/3153 
f 3153/3153/3153 3152/3152/3152 3154/3154/3154 
f 3153/3153/3153 3154/3154/3154 3155/3155/3155 
f 3155/3155/3155 3154/3154/3154 3142/3142/3142 
f 3142/3142/3142 3154/3154/3154 3156/3156/3156 
f 3142/3142/3142 3156/3156/3156 3143/3143/3143 
f 3143/3143/3143 3156/3156/3156 3157/3157/3157 
f 3157/3157/3157 3156/3156/3156 3151/3151/3151 
f 3157/3157/3157 3151/3151/3151 3150/3150/3150 
f 3156/3156/3156 3154/3154/3154 3152/3152/3152 
f 3156/3156/3156 3152/3152/3152 3151/3151/3151 

g R6Shedletsky2

v -23.435 2.02386 19 
v -23.435 0.153865 19 
v -22.565 0.153865 19 
v -22.565 2.02386 19 
v -23.435 2.08886 18.935 
v -23.5 2.02386 18.935 
v -23.5 0.153865 18.935 
v -23.435 0.0888648 18.935 
v -22.565 0.0888648 18.935 
v -22.5 0.153865 18.935 
v -22.5 2.02386 18.935 
v -22.565 2.08886 18.935 
v -23.435 2.08886 18.935 
v -23.435 2.08886 18.065 
v -23.5 2.02386 18.065 
v -23.5 0.153865 18.065 
v -23.435 0.0888648 18.065 
v -23.435 0.0888648 18.935 
v -23.435 0.0888648 18.935 
v -23.435 0.0888648 18.065 
v -22.565 0.0888648 18.065 
v -22.565 0.0888648 18.935 
v -22.565 0.0888648 18.935 
v -22.565 0.0888648 18.065 
v -22.5 0.153865 18.065 
v -22.5 0.153865 18.935 
v -22.5 2.02386 18.065 
v -22.5 2.02386 18.935 
v -22.565 2.08886 18.065 
v -22.565 2.08886 18.935 
v -22.565 2.08886 18.935 
v -22.565 2.08886 18.065 
v -23.435 2.08886 18.065 
v -23.435 2.08886 18.935 
v -23.435 2.08886 18.065 
v -23.435 2.02386 18 
v -23.435 0.153865 18 
v -23.435 0.0888648 18.065 
v -22.565 0.153865 18 
v -22.565 0.0888648 18.065 
v -22.565 2.02386 18 
v -22.565 2.08886 18.065 

vn 0 0 1 
vn 0 0 1 
vn 0 0 1 
vn 0 0 1 
vn 0 1 0 
vn -1 0 0 
vn -1 0 0 
vn 0 -1 0 
vn 0 -1 0 
vn 1 0 0 
vn 1 0 0 
vn 0 1 0 
vn 0 1 0 
vn 0 1 0 
vn -1 0 0 
vn -1 0 0 
vn 0 -1 0 
vn 0 -1 0 
vn 0 -1 0 
vn 0 -1 0 
vn 0 -1 0 
vn 0 -1 0 
vn 0 -1 0 
vn 0 -1 0 
vn 1 0 0 
vn 1 0 0 
vn 1 0 0 
vn 1 0 0 
vn 0 1 0 
vn 0 1 0 
vn 0 1 0 
vn 0 1 0 
vn 0 1 0 
vn 0 1 0 
vn 0 1 0 
vn 0 0 -1 
vn 0 0 -1 
vn 0 -1 0 
vn 0 0 -1 
vn 0 -1 0 
vn 0 0 -1 
vn 0 1 0 

vt 0.70166 0.621094 
vt 0.61084 0.621094 
vt 0.61084 0.503906 
vt 0.70166 0.503906 
vt 0.70459 0.621094 
vt 0.70166 0.628906 
vt 0.61084 0.628906 
vt 0.60791 0.621094 
vt 0.60791 0.503906 
vt 0.61084 0.496094 
vt 0.70166 0.496094 
vt 0.70459 0.503906 
vt 0.70459 0.628906 
vt 0.70459 0.746094 
vt 0.70166 0.746094 
vt 0.61084 0.746094 
vt 0.60791 0.746094 
vt 0.60791 0.628906 
vt 0.549317 0.238281 
vt 0.549317 0.355469 
vt 0.505371 0.355469 
vt 0.505371 0.238281 
vt 0.60791 0.996094 
vt 0.60791 0.878906 
vt 0.61084 0.878906 
vt 0.61084 0.996094 
vt 0.70166 0.878906 
vt 0.70166 0.996094 
vt 0.70459 0.878906 
vt 0.70459 0.996094 
vt 0.399902 0.355469 
vt 0.399902 0.238281 
vt 0.443848 0.238281 
vt 0.443848 0.355469 
vt 0.70459 0.753906 
vt 0.70166 0.753906 
vt 0.61084 0.753906 
vt 0.60791 0.753906 
vt 0.61084 0.871094 
vt 0.60791 0.871094 
vt 0.70166 0.871094 
vt 0.70459 0.871094 

usemtl R6Shedletsky1Mtl

f 3158/3158/3158 3159/3159/3159 3160/3160/3160 
f 3158/3158/3158 3160/3160/3160 3161/3161/3161 
f 3158/3158/3158 3162/3162/3162 3163/3163/3163 
f 3158/3158/3158 3163/3163/3163 3164/3164/3164 
f 3158/3158/3158 3164/3164/3164 3159/3159/3159 
f 3159/3159/3159 3164/3164/3164 3165/3165/3165 
f 3159/3159/3159 3165/3165/3165 3166/3166/3166 
f 3159/3159/3159 3166/3166/3166 3160/3160/3160 
f 3160/3160/3160 3166/3166/3166 3167/3167/3167 
f 3160/3160/3160 3167/3167/3167 3168/3168/3168 
f 3160/3160/3160 3168/3168/3168 3161/3161/3161 
f 3161/3161/3161 3168/3168/3168 3169/3169/3169 
f 3161/3161/3161 3169/3169/3169 3162/3162/3162 
f 3161/3161/3161 3162/3162/3162 3158/3158/3158 
f 3170/3170/3170 3171/3171/3171 3172/3172/3172 
f 3170/3170/3170 3172/3172/3172 3163/3163/3163 
f 3163/3163/3163 3172/3172/3172 3173/3173/3173 
f 3163/3163/3163 3173/3173/3173 3164/3164/3164 
f 3164/3164/3164 3173/3173/3173 3174/3174/3174 
f 3164/3164/3164 3174/3174/3174 3175/3175/3175 
f 3176/3176/3176 3177/3177/3177 3178/3178/3178 
f 3176/3176/3176 3178/3178/3178 3179/3179/3179 
f 3180/3180/3180 3181/3181/3181 3182/3182/3182 
f 3180/3180/3180 3182/3182/3182 3183/3183/3183 
f 3183/3183/3183 3182/3182/3182 3184/3184/3184 
f 3183/3183/3183 3184/3184/3184 3185/3185/3185 
f 3185/3185/3185 3184/3184/3184 3186/3186/3186 
f 3185/3185/3185 3186/3186/3186 3187/3187/3187 
f 3188/3188/3188 3189/3189/3189 3190/3190/3190 
f 3188/3188/3188 3190/3190/3190 3191/3191/3191 
f 3192/3192/3192 3193/3193/3193 3172/3172/3172 
f 3172/3172/3172 3193/3193/3193 3194/3194/3194 
f 3172/3172/3172 3194/3194/3194 3173/3173/3173 
f 3173/3173/3173 3194/3194/3194 3195/3195/3195 
f 3195/3195/3195 3194/3194/3194 3196/3196/3196 
f 3195/3195/3195 3196/3196/3196 3197/3197/3197 
f 3197/3197/3197 3196/3196/3196 3182/3182/3182 
f 3182/3182/3182 3196/3196/3196 3198/3198/3198 
f 3182/3182/3182 3198/3198/3198 3184/3184/3184 
f 3184/3184/3184 3198/3198/3198 3199/3199/3199 
f 3199/3199/3199 3198/3198/3198 3193/3193/3193 
f 3199/3199/3199 3193/3193/3193 3192/3192/3192 
f 3198/3198/3198 3196/3196/3196 3194/3194/3194 
f 3198/3198/3198 3194/3194/3194 3193/3193/3193 

g R6Shedletsky3

v -21.435 4.02386 19 
v -21.435 2.15386 19 
v -20.565 2.15386 19 
v -20.565 4.02386 19 
v -21.435 4.08886 18.935 
v -21.5 4.02386 18.935 
v -21.5 2.15386 18.935 
v -21.435 2.08886 18.935 
v -20.565 2.08886 18.935 
v -20.5 2.15386 18.935 
v -20.5 4.02386 18.935 
v -20.565 4.08886 18.935 
v -21.435 4.08886 18.935 
v -21.435 4.08886 18.065 
v -21.5 4.02386 18.065 
v -21.5 4.02386 18.935 
v -21.5 2.15386 18.065 
v -21.5 2.15386 18.935 
v -21.435 2.08886 18.065 
v -21.435 2.08886 18.935 
v -21.435 2.08886 18.935 
v -21.435 2.08886 18.065 
v -20.565 2.08886 18.065 
v -20.565 2.08886 18.935 
v -20.565 2.08886 18.935 
v -20.565 2.08886 18.065 
v -20.5 2.15386 18.065 
v -20.5 4.02386 18.065 
v -20.565 4.08886 18.065 
v -20.565 4.08886 18.935 
v -20.565 4.08886 18.935 
v -20.565 4.08886 18.065 
v -21.435 4.08886 18.065 
v -21.435 4.08886 18.935 
v -21.435 4.08886 18.065 
v -21.435 4.02386 18 
v -21.435 2.15386 18 
v -21.435 2.08886 18.065 
v -20.565 2.15386 18 
v -20.565 2.08886 18.065 
v -20.565 4.02386 18 
v -20.565 4.08886 18.065 

vn 0 0 1 
vn 0 0 1 
vn 0 0 1 
vn 0 0 1 
vn 0 1 0 
vn -1 0 0 
vn -1 0 0 
vn 0 -1 0 
vn 0 -1 0 
vn 1 0 0 
vn 1 0 0 
vn 0 1 0 
vn 0 1 0 
vn 0 1 0 
vn -1 0 0 
vn -1 0 0 
vn -1 0 0 
vn -1 0 0 
vn 0 -1 0 
vn 0 -1 0 
vn 0 -1 0 
vn 0 -1 0 
vn 0 -1 0 
vn 0 -1 0 
vn 0 -1 0 
vn 0 -1 0 
vn 1 0 0 
vn 1 0 0 
vn 0 1 0 
vn 0 1 0 
vn 0 1 0 
vn 0 1 0 
vn 0 1 0 
vn 0 1 0 
vn 0 1 0 
vn 0 0 -1 
vn 0 0 -1 
vn 0 -1 0 
vn 0 0 -1 
vn 0 -1 0 
vn 0 0 -1 
vn 0 1 0 

vt 0.262207 0.871094 
vt 0.171387 0.871094 
vt 0.171387 0.753906 
vt 0.262207 0.753906 
vt 0.265137 0.871094 
vt 0.262207 0.878906 
vt 0.171387 0.878906 
vt 0.168457 0.871094 
vt 0.168457 0.753906 
vt 0.171387 0.746094 
vt 0.262207 0.746094 
vt 0.265137 0.753906 
vt 0.265137 0.378906 
vt 0.265137 0.496094 
vt 0.262207 0.496094 
vt 0.262207 0.378906 
vt 0.171387 0.496094 
vt 0.171387 0.378906 
vt 0.168457 0.496094 
vt 0.168457 0.378906 
vt 0.602051 0.238281 
vt 0.602051 0.355469 
vt 0.558106 0.355469 
vt 0.558106 0.238281 
vt 0.168457 0.746094 
vt 0.168457 0.628906 
vt 0.171387 0.628906 
vt 0.262207 0.628906 
vt 0.265137 0.628906 
vt 0.265137 0.746094 
vt 0.663574 0.355469 
vt 0.663574 0.238281 
vt 0.707519 0.238281 
vt 0.707519 0.355469 
vt 0.265137 0.503906 
vt 0.262207 0.503906 
vt 0.171387 0.503906 
vt 0.168457 0.503906 
vt 0.171387 0.621094 
vt 0.168457 0.621094 
vt 0.262207 0.621094 
vt 0.265137 0.621094 

usemtl R6Shedletsky1Mtl

f 3200/3200/3200 3201/3201/3201 3202/3202/3202 
f 3200/3200/3200 3202/3202/3202 3203/3203/3203 
f 3200/3200/3200 3204/3204/3204 3205/3205/3205 
f 3200/3200/3200 3205/3205/3205 3206/3206/3206 
f 3200/3200/3200 3206/3206/3206 3201/3201/3201 
f 3201/3201/3201 3206/3206/3206 3207/3207/3207 
f 3201/3201/3201 3207/3207/3207 3208/3208/3208 
f 3201/3201/3201 3208/3208/3208 3202/3202/3202 
f 3202/3202/3202 3208/3208/3208 3209/3209/3209 
f 3202/3202/3202 3209/3209/3209 3210/3210/3210 
f 3202/3202/3202 3210/3210/3210 3203/3203/3203 
f 3203/3203/3203 3210/3210/3210 3211/3211/3211 
f 3203/3203/3203 3211/3211/3211 3204/3204/3204 
f 3203/3203/3203 3204/3204/3204 3200/3200/3200 
f 3212/3212/3212 3213/3213/3213 3214/3214/3214 
f 3212/3212/3212 3214/3214/3214 3215/3215/3215 
f 3215/3215/3215 3214/3214/3214 3216/3216/3216 
f 3215/3215/3215 3216/3216/3216 3217/3217/3217 
f 3217/3217/3217 3216/3216/3216 3218/3218/3218 
f 3217/3217/3217 3218/3218/3218 3219/3219/3219 
f 3220/3220/3220 3221/3221/3221 3222/3222/3222 
f 3220/3220/3220 3222/3222/3222 3223/3223/3223 
f 3224/3224/3224 3225/3225/3225 3226/3226/3226 
f 3224/3224/3224 3226/3226/3226 3209/3209/3209 
f 3209/3209/3209 3226/3226/3226 3227/3227/3227 
f 3209/3209/3209 3227/3227/3227 3210/3210/3210 
f 3210/3210/3210 3227/3227/3227 3228/3228/3228 
f 3210/3210/3210 3228/3228/3228 3229/3229/3229 
f 3230/3230/3230 3231/3231/3231 3232/3232/3232 
f 3230/3230/3230 3232/3232/3232 3233/3233/3233 
f 3234/3234/3234 3235/3235/3235 3214/3214/3214 
f 3214/3214/3214 3235/3235/3235 3236/3236/3236 
f 3214/3214/3214 3236/3236/3236 3216/3216/3216 
f 3216/3216/3216 3236/3236/3236 3237/3237/3237 
f 3237/3237/3237 3236/3236/3236 3238/3238/3238 
f 3237/3237/3237 3238/3238/3238 3239/3239/3239 
f 3239/3239/3239 3238/3238/3238 3226/3226/3226 
f 3226/3226/3226 3238/3238/3238 3240/3240/3240 
f 3226/3226/3226 3240/3240/3240 3227/3227/3227 
f 3227/3227/3227 3240/3240/3240 3241/3241/3241 
f 3241/3241/3241 3240/3240/3240 3235/3235/3235 
f 3241/3241/3241 3235/3235/3235 3234/3234/3234 
f 3240/3240/3240 3238/3238/3238 3236/3236/3236 
f 3240/3240/3240 3236/3236/3236 3235/3235/3235 

g R6Shedletsky4

v -24.435 4.02386 19 
v -24.435 2.15386 19 
v -23.565 2.15386 19 
v -23.565 4.02386 19 
v -24.435 4.08886 18.935 
v -24.5 4.02386 18.935 
v -24.5 2.15386 18.935 
v -24.435 2.08886 18.935 
v -23.565 2.08886 18.935 
v -23.5 2.15386 18.935 
v -23.5 4.02386 18.935 
v -23.565 4.08886 18.935 
v -24.435 4.08886 18.935 
v -24.435 4.08886 18.065 
v -24.5 4.02386 18.065 
v -24.5 2.15386 18.065 
v -24.435 2.08886 18.065 
v -24.435 2.08886 18.935 
v -24.435 2.08886 18.935 
v -24.435 2.08886 18.065 
v -23.565 2.08886 18.065 
v -23.565 2.08886 18.935 
v -23.565 2.08886 18.935 
v -23.565 2.08886 18.065 
v -23.5 2.15386 18.065 
v -23.5 2.15386 18.935 
v -23.5 4.02386 18.065 
v -23.5 4.02386 18.935 
v -23.565 4.08886 18.065 
v -23.565 4.08886 18.935 
v -23.565 4.08886 18.935 
v -23.565 4.08886 18.065 
v -24.435 4.08886 18.065 
v -24.435 4.08886 18.935 
v -24.435 4.08886 18.065 
v -24.435 4.02386 18 
v -24.435 2.15386 18 
v -24.435 2.08886 18.065 
v -23.565 2.15386 18 
v -23.565 2.08886 18.065 
v -23.565 4.02386 18 
v -23.565 4.08886 18.065 

vn 0 0 1 
vn 0 0 1 
vn 0 0 1 
vn 0 0 1 
vn 0 1 0 
vn -1 0 0 
vn -1 0 0 
vn 0 -1 0 
vn 0 -1 0 
vn 1 0 0 
vn 1 0 0 
vn 0 1 0 
vn 0 1 0 
vn 0 1 0 
vn -1 0 0 
vn -1 0 0 
vn 0 -1 0 
vn 0 -1 0 
vn 0 -1 0 
vn 0 -1 0 
vn 0 -1 0 
vn 0 -1 0 
vn 0 -1 0 
vn 0 -1 0 
vn 1 0 0 
vn 1 0 0 
vn 1 0 0 
vn 1 0 0 
vn 0 1 0 
vn 0 1 0 
vn 0 1 0 
vn 0 1 0 
vn 0 1 0 
vn 0 1 0 
vn 0 1 0 
vn 0 0 -1 
vn 0 0 -1 
vn 0 -1 0 
vn 0 0 -1 
vn 0 -1 0 
vn 0 0 -1 
vn 0 1 0 

vt 0.408691 0.621094 
vt 0.317871 0.621094 
vt 0.317871 0.503906 
vt 0.408691 0.503906 
vt 0.411621 0.621094 
vt 0.408691 0.628906 
vt 0.317871 0.628906 
vt 0.314941 0.621094 
vt 0.314941 0.503906 
vt 0.317871 0.496094 
vt 0.408691 0.496094 
vt 0.411621 0.503906 
vt 0.411621 0.628906 
vt 0.411621 0.746094 
vt 0.408691 0.746094 
vt 0.317871 0.746094 
vt 0.314941 0.746094 
vt 0.314941 0.628906 
vt 0.654785 0.238281 
vt 0.654785 0.355469 
vt 0.61084 0.355469 
vt 0.61084 0.238281 
vt 0.314941 0.996094 
vt 0.314941 0.878906 
vt 0.317871 0.878906 
vt 0.317871 0.996094 
vt 0.408691 0.878906 
vt 0.408691 0.996094 
vt 0.411621 0.878906 
vt 0.411621 0.996094 
vt 0.14795 0.210937 
vt 0.14795 0.09375 
vt 0.191894 0.09375 
vt 0.191894 0.210937 
vt 0.411621 0.753906 
vt 0.408691 0.753906 
vt 0.317871 0.753906 
vt 0.314941 0.753906 
vt 0.317871 0.871094 
vt 0.314941 0.871094 
vt 0.408691 0.871094 
vt 0.411621 0.871094 

usemtl R6Shedletsky1Mtl

f 3242/3242/3242 3243/3243/3243 3244/3244/3244 
f 3242/3242/3242 3244/3244/3244 3245/3245/3245 
f 3242/3242/3242 3246/3246/3246 3247/3247/3247 
f 3242/3242/3242 3247/3247/3247 3248/3248/3248 
f 3242/3242/3242 3248/3248/3248 3243/3243/3243 
f 3243/3243/3243 3248/3248/3248 3249/3249/3249 
f 3243/3243/3243 3249/3249/3249 3250/3250/3250 
f 3243/3243/3243 3250/3250/3250 3244/3244/3244 
f 3244/3244/3244 3250/3250/3250 3251/3251/3251 
f 3244/3244/3244 3251/3251/3251 3252/3252/3252 
f 3244/3244/3244 3252/3252/3252 3245/3245/3245 
f 3245/3245/3245 3252/3252/3252 3253/3253/3253 
f 3245/3245/3245 3253/3253/3253 3246/3246/3246 
f 3245/3245/3245 3246/3246/3246 3242/3242/3242 
f 3254/3254/3254 3255/3255/3255 3256/3256/3256 
f 3254/3254/3254 3256/3256/3256 3247/3247/3247 
f 3247/3247/3247 3256/3256/3256 3257/3257/3257 
f 3247/3247/3247 3257/3257/3257 3248/3248/3248 
f 3248/3248/3248 3257/3257/3257 3258/3258/3258 
f 3248/3248/3248 3258/3258/3258 3259/3259/3259 
f 3260/3260/3260 3261/3261/3261 3262/3262/3262 
f 3260/3260/3260 3262/3262/3262 3263/3263/3263 
f 3264/3264/3264 3265/3265/3265 3266/3266/3266 
f 3264/3264/3264 3266/3266/3266 3267/3267/3267 
f 3267/3267/3267 3266/3266/3266 3268/3268/3268 
f 3267/3267/3267 3268/3268/3268 3269/3269/3269 
f 3269/3269/3269 3268/3268/3268 3270/3270/3270 
f 3269/3269/3269 3270/3270/3270 3271/3271/3271 
f 3272/3272/3272 3273/3273/3273 3274/3274/3274 
f 3272/3272/3272 3274/3274/3274 3275/3275/3275 
f 3276/3276/3276 3277/3277/3277 3256/3256/3256 
f 3256/3256/3256 3277/3277/3277 3278/3278/3278 
f 3256/3256/3256 3278/3278/3278 3257/3257/3257 
f 3257/3257/3257 3278/3278/3278 3279/3279/3279 
f 3279/3279/3279 3278/3278/3278 3280/3280/3280 
f 3279/3279/3279 3280/3280/3280 3281/3281/3281 
f 3281/3281/3281 3280/3280/3280 3266/3266/3266 
f 3266/3266/3266 3280/3280/3280 3282/3282/3282 
f 3266/3266/3266 3282/3282/3282 3268/3268/3268 
f 3268/3268/3268 3282/3282/3282 3283/3283/3283 
f 3283/3283/3283 3282/3282/3282 3277/3277/3277 
f 3283/3283/3283 3277/3277/3277 3276/3276/3276 
f 3282/3282/3282 3280/3280/3280 3278/3278/3278 
f 3282/3282/3282 3278/3278/3278 3277/3277/3277 

g R6Shedletsky5

v -23.435 4.02386 19 
v -23.435 2.15386 19 
v -21.565 2.15386 19 
v -21.565 4.02386 19 
v -23.435 4.08886 18.935 
v -23.5 4.02386 18.935 
v -23.5 2.15386 18.935 
v -23.435 2.08886 18.935 
v -21.565 2.08886 18.935 
v -21.5 2.15386 18.935 
v -21.5 4.02386 18.935 
v -21.565 4.08886 18.935 
v -23.435 4.08886 18.935 
v -23.435 4.08886 18.065 
v -23.5 4.02386 18.065 
v -23.5 2.15386 18.065 
v -23.435 2.08886 18.065 
v -23.435 2.08886 18.935 
v -23.435 2.08886 18.935 
v -23.435 2.08886 18.065 
v -21.565 2.08886 18.065 
v -21.565 2.08886 18.935 
v -21.565 2.08886 18.935 
v -21.565 2.08886 18.065 
v -21.5 2.15386 18.065 
v -21.5 2.15386 18.935 
v -21.5 4.02386 18.065 
v -21.5 4.02386 18.935 
v -21.565 4.08886 18.065 
v -21.565 4.08886 18.935 
v -21.565 4.08886 18.935 
v -21.565 4.08886 18.065 
v -23.435 4.08886 18.065 
v -23.435 4.08886 18.935 
v -23.435 4.08886 18.065 
v -23.435 4.02386 18 
v -23.435 2.15386 18 
v -23.435 2.08886 18.065 
v -21.565 2.15386 18 
v -21.565 2.08886 18.065 
v -21.565 4.02386 18 
v -21.565 4.08886 18.065 

vn 0 0 1 
vn 0 0 1 
vn 0 0 1 
vn 0 0 1 
vn 0 1 0 
vn -1 0 0 
vn -1 0 0 
vn 0 -1 0 
vn 0 -1 0 
vn 1 0 0 
vn 1 0 0 
vn 0 1 0 
vn 0 1 0 
vn 0 1 0 
vn -1 0 0 
vn -1 0 0 
vn 0 -1 0 
vn 0 -1 0 
vn 0 -1 0 
vn 0 -1 0 
vn 0 -1 0 
vn 0 -1 0 
vn 0 -1 0 
vn 0 -1 0 
vn 1 0 0 
vn 1 0 0 
vn 1 0 0 
vn 1 0 0 
vn 0 1 0 
vn 0 1 0 
vn 0 1 0 
vn 0 1 0 
vn 0 1 0 
vn 0 1 0 
vn 0 1 0 
vn 0 0 -1 
vn 0 0 -1 
vn 0 -1 0 
vn 0 0 -1 
vn 0 -1 0 
vn 0 0 -1 
vn 0 1 0 

vt 0.115723 0.496094 
vt 0.0249022 0.496094 
vt 0.0249022 0.253906 
vt 0.115723 0.253906 
vt 0.118652 0.496094 
vt 0.115723 0.503906 
vt 0.0249022 0.503906 
vt 0.0219727 0.496094 
vt 0.0219727 0.253906 
vt 0.0249022 0.246094 
vt 0.115723 0.246094 
vt 0.118652 0.253906 
vt 0.118652 0.503906 
vt 0.118652 0.621094 
vt 0.115723 0.621094 
vt 0.0249022 0.621094 
vt 0.0219727 0.621094 
vt 0.0219727 0.503906 
vt 0.337646 0.240234 
vt 0.337646 0.357422 
vt 0.246826 0.357422 
vt 0.246826 0.240234 
vt 0.0219727 0.996094 
vt 0.0219727 0.878906 
vt 0.0249022 0.878906 
vt 0.0249022 0.996094 
vt 0.115723 0.878906 
vt 0.115723 0.996094 
vt 0.118652 0.878906 
vt 0.118652 0.996094 
vt 0.14795 0.357422 
vt 0.14795 0.240234 
vt 0.238769 0.240234 
vt 0.238769 0.357422 
vt 0.118652 0.628906 
vt 0.115723 0.628906 
vt 0.0249022 0.628906 
vt 0.0219727 0.628906 
vt 0.0249022 0.871094 
vt 0.0219727 0.871094 
vt 0.115723 0.871094 
vt 0.118652 0.871094 

usemtl R6Shedletsky1Mtl

f 3284/3284/3284 3285/3285/3285 3286/3286/3286 
f 3284/3284/3284 3286/3286/3286 3287/3287/3287 
f 3284/3284/3284 3288/3288/3288 3289/3289/3289 
f 3284/3284/3284 3289/3289/3289 3290/3290/3290 
f 3284/3284/3284 3290/3290/3290 3285/3285/3285 
f 3285/3285/3285 3290/3290/3290 3291/3291/3291 
f 3285/3285/3285 3291/3291/3291 3292/3292/3292 
f 3285/3285/3285 3292/3292/3292 3286/3286/3286 
f 3286/3286/3286 3292/3292/3292 3293/3293/3293 
f 3286/3286/3286 3293/3293/3293 3294/3294/3294 
f 3286/3286/3286 3294/3294/3294 3287/3287/3287 
f 3287/3287/3287 3294/3294/3294 3295/3295/3295 
f 3287/3287/3287 3295/3295/3295 3288/3288/3288 
f 3287/3287/3287 3288/3288/3288 3284/3284/3284 
f 3296/3296/3296 3297/3297/3297 3298/3298/3298 
f 3296/3296/3296 3298/3298/3298 3289/3289/3289 
f 3289/3289/3289 3298/3298/3298 3299/3299/3299 
f 3289/3289/3289 3299/3299/3299 3290/3290/3290 
f 3290/3290/3290 3299/3299/3299 3300/3300/3300 
f 3290/3290/3290 3300/3300/3300 3301/3301/3301 
f 3302/3302/3302 3303/3303/3303 3304/3304/3304 
f 3302/3302/3302 3304/3304/3304 3305/3305/3305 
f 3306/3306/3306 3307/3307/3307 3308/3308/3308 
f 3306/3306/3306 3308/3308/3308 3309/3309/3309 
f 3309/3309/3309 3308/3308/3308 3310/3310/3310 
f 3309/3309/3309 3310/3310/3310 3311/3311/3311 
f 3311/3311/3311 3310/3310/3310 3312/3312/3312 
f 3311/3311/3311 3312/3312/3312 3313/3313/3313 
f 3314/3314/3314 3315/3315/3315 3316/3316/3316 
f 3314/3314/3314 3316/3316/3316 3317/3317/3317 
f 3318/3318/3318 3319/3319/3319 3298/3298/3298 
f 3298/3298/3298 3319/3319/3319 3320/3320/3320 
f 3298/3298/3298 3320/3320/3320 3299/3299/3299 
f 3299/3299/3299 3320/3320/3320 3321/3321/3321 
f 3321/3321/3321 3320/3320/3320 3322/3322/3322 
f 3321/3321/3321 3322/3322/3322 3323/3323/3323 
f 3323/3323/3323 3322/3322/3322 3308/3308/3308 
f 3308/3308/3308 3322/3322/3322 3324/3324/3324 
f 3308/3308/3308 3324/3324/3324 3310/3310/3310 
f 3310/3310/3310 3324/3324/3324 3325/3325/3325 
f 3325/3325/3325 3324/3324/3324 3319/3319/3319 
f 3325/3325/3325 3319/3319/3319 3318/3318/3318 
f 3324/3324/3324 3322/3322/3322 3320/3320/3320 
f 3324/3324/3324 3320/3320/3320 3319/3319/3319 

g R6Shedletsky6

v -22.5 4.89585 19.1009 
v -22.3312 4.99425 19.0573 
v -22.5 4.99425 19.0816 
v -22.0801 5.06044 18.842 
v -22.1973 5.05994 18.9516 
v -22.1764 4.99425 18.9841 
v -22.324 4.89585 19.0752 
v -22.5 4.54928 19.1021 
v -22.0501 4.99425 18.8666 
v -22.1637 4.89585 18.9992 
v -22.3233 4.54928 19.0762 
v -22.0334 4.89585 18.8769 
v -22.1618 4.54928 18.9995 
v -22.3234 4.28564 19.0761 
v -22.5 4.28564 19.1019 
v -22.1619 4.28564 18.9994 
v -22.0317 4.54928 18.8768 
v -21.9438 4.89585 18.7223 
v -21.9624 4.99425 18.7168 
v -21.9991 5.06128 18.7025 
v -22.0318 4.28564 18.8767 
v -21.9424 4.54928 18.7222 
v -21.9218 4.99425 18.5467 
v -21.9024 4.89585 18.5477 
v -21.9617 5.06215 18.5445 
v -21.9011 4.54928 18.5482 
v -21.9425 4.28564 18.7222 
v -23.0575 4.28564 18.7222 
v -22.9514 4.17954 18.8632 
v -22.9682 4.28564 18.8767 
v -23.0576 4.54928 18.7222 
v -23.0989 4.54928 18.5482 
v -22.9683 4.54928 18.8768 
v -23.0562 4.89585 18.7223 
v -22.8382 4.54928 18.9995 
v -22.9666 4.89585 18.8769 
v -22.8381 4.28564 18.9994 
v -22.8363 4.89585 18.9992 
v -22.9499 4.99425 18.8666 
v -22.6767 4.54928 19.0762 
v -22.8236 4.99425 18.9841 
v -22.676 4.89585 19.0752 
v -22.5 4.54928 19.1021 
v -22.5 4.89585 19.1009 
v -22.6766 4.28564 19.0761 
v -22.5 4.28564 19.1019 
v -22.6688 4.99425 19.0572 
v -22.5 4.99425 19.0816 
v -22.8258 4.17954 18.9816 
v -22.6707 4.17954 19.0553 
v -22.5 4.17954 19.0804 
v -22.6573 5.05913 19.0209 
v -22.5 5.05861 19.0438 
v -22.8027 5.05994 18.9516 
v -22.646 5.11194 18.9827 
v -22.5 5.11194 19.0044 
v -22.5 5.16633 18.9196 
v -22.78 5.11194 18.918 
v -22.9199 5.06043 18.842 
v -22.6227 5.16661 18.9013 
v -22.5886 5.18998 18.7905 
v -22.5 5.18973 18.8038 
v -22.6693 5.18992 18.7516 
v -22.7347 5.16688 18.8476 
v -22.8884 5.11194 18.8164 
v -22.8255 5.16645 18.7629 
v -22.7349 5.19005 18.6907 
v -22.8875 5.16647 18.6555 
v -22.7797 5.18989 18.6132 
v -22.7996 5.18989 18.5258 
v -22.9628 5.11194 18.6871 
v -22.9155 5.16699 18.5345 
v -23.0009 5.06128 18.7025 
v -22.9964 5.11194 18.5412 
v -22.906 5.16671 18.4107 
v -22.7929 5.18976 18.4365 
v -23.0383 5.06215 18.5445 
v -22.5 5.19006 18.5034 
v -22.7797 5.18989 18.6132 
v -22.7349 5.19005 18.6907 
v -22.7996 5.18989 18.5258 
v -22.6693 5.18992 18.7516 
v -22.7929 5.18976 18.4365 
v -22.5886 5.18998 18.7905 
v -22.77 5.19003 18.3734 
v -22.5 5.18973 18.8038 
v -22.7442 5.19004 18.3312 
v -22.4114 5.18998 18.7905 
v -22.7115 5.18999 18.2917 
v -22.3307 5.18993 18.7517 
v -22.6788 5.18993 18.2633 
v -22.2651 5.18989 18.6907 
v -22.6304 5.18986 18.2327 
v -22.2203 5.18988 18.6132 
v -22.5886 5.18995 18.2162 
v -22.2003 5.19003 18.5258 
v -22.5448 5.18988 18.2063 
v -22.2071 5.18993 18.4365 
v -22.5 5.18972 18.2029 
v -22.23 5.19006 18.3734 
v -22.4552 5.18988 18.2063 
v -22.4114 5.18995 18.2162 
v -22.2558 5.18992 18.3313 
v -22.3696 5.18986 18.2327 
v -22.2885 5.18997 18.2917 
v -22.3212 5.18992 18.2633 
v -22.985 5.11194 18.3913 
v -22.8747 5.16758 18.3229 
v -22.77 5.19003 18.3734 
v -23.0254 5.06176 18.3818 
v -22.8391 5.16685 18.2656 
v -22.7442 5.19004 18.3312 
v -22.9487 5.11194 18.2852 
v -22.9184 5.11324 18.2205 
v -22.8737 5.11324 18.1669 
v -22.7992 5.16678 18.2173 
v -22.7115 5.18999 18.2917 
v -22.8282 5.11324 18.1187 
v -22.9857 5.06159 18.2671 
v -22.949 5.06277 18.2012 
v -22.7586 5.16697 18.1806 
v -22.6788 5.18993 18.2633 
v -22.7484 5.11324 18.0651 
v -22.6937 5.16706 18.1363 
v -22.6304 5.18986 18.2327 
v -22.669 5.11324 18.0328 
v -22.6354 5.16683 18.1109 
v -22.5886 5.18995 18.2162 
v -22.5855 5.11324 18.0128 
v -22.57 5.16664 18.0937 
v -22.5448 5.18988 18.2063 
v -22.5 5.11324 18.0061 
v -22.5 5.16656 18.087 
v -22.5 5.18972 18.2029 
v -22.4552 5.18988 18.2063 
v -22.43 5.16664 18.0937 
v -22.4145 5.11324 18.0128 
v -22.4114 5.18995 18.2162 
v -22.3646 5.16683 18.1109 
v -22.331 5.11324 18.0327 
v -22.3696 5.18986 18.2327 
v -22.3063 5.16706 18.1363 
v -22.2516 5.11324 18.0651 
v -22.3212 5.18992 18.2633 
v -22.2414 5.16697 18.1806 
v -22.1718 5.11324 18.1187 
v -22.2885 5.18997 18.2917 
v -22.2008 5.16678 18.2173 
v -22.1263 5.11324 18.1669 
v -22.2558 5.18992 18.3313 
v -22.1609 5.16685 18.2656 
v -22.23 5.19006 18.3734 
v -22.0816 5.11324 18.2205 
v -22.1253 5.16758 18.3229 
v -22.2071 5.18993 18.4365 
v -22.094 5.16671 18.4107 
v -22.2003 5.19003 18.5258 
v -22.0845 5.16699 18.5345 
v -22.1125 5.16647 18.6555 
v -22.2203 5.18988 18.6132 
v -22.0036 5.11194 18.5412 
v -22.015 5.11194 18.3913 
v -22.1745 5.16645 18.7629 
v -22.2651 5.18989 18.6907 
v -22.3307 5.18993 18.7517 
v -22.0372 5.11194 18.6871 
v -22.2653 5.16688 18.8476 
v -22.1116 5.11194 18.8164 
v -22.3773 5.16661 18.9013 
v -22.22 5.11194 18.918 
v -22.4114 5.18998 18.7905 
v -22.5 5.16633 18.9196 
v -22.5 5.18973 18.8038 
v -22.354 5.11194 18.9827 
v -22.5 5.11194 19.0044 
v -22.5 5.05861 19.0438 
v -22.3427 5.05913 19.0209 
v -22.7364 3.98821 18.6919 
v -22.7814 3.98821 18.6138 
v -22.5 3.98766 18.5034 
v -22.8015 3.98807 18.526 
v -22.6703 3.98806 18.7532 
v -22.7947 3.98816 18.4361 
v -22.5891 3.98816 18.7923 
v -22.7717 3.98791 18.3726 
v -22.5 3.98823 18.8057 
v -22.7364 3.98822 18.3149 
v -22.4109 3.98816 18.7923 
v -22.7056 3.98812 18.2818 
v -22.3297 3.98806 18.7532 
v -22.6703 3.9882 18.2536 
v -22.2636 3.98821 18.6919 
v -22.6312 3.98825 18.231 
v -22.2186 3.98821 18.6138 
v -22.5891 3.98815 18.2145 
v -22.1985 3.98807 18.526 
v -22.545 3.98822 18.2045 
v -22.2053 3.98816 18.4361 
v -22.5 3.98837 18.2011 
v -22.2283 3.98791 18.3726 
v -22.455 3.98821 18.2045 
v -22.2636 3.98822 18.3149 
v -22.4109 3.98814 18.2145 
v -22.2944 3.98811 18.2818 
v -22.3688 3.98823 18.231 
v -22.3297 3.98818 18.2536 
v -21.9156 4.28564 18.3703 
v -21.9786 4.17954 18.2519 
v -21.9601 4.28564 18.2428 
v -22.0201 4.18095 18.1794 
v -22.003 4.28492 18.1693 
v -21.9589 4.3836 18.2426 
v -22.0016 4.38374 18.1685 
v -21.9153 4.54928 18.3699 
v -21.9589 4.4896 18.2426 
v -22.0016 4.49045 18.1685 
v -22.0016 4.5879 18.1685 
v -21.9589 4.59094 18.2425 
v -22.0016 4.68991 18.1685 
v -21.9589 4.69036 18.2425 
v -22.0016 4.79035 18.1685 
v -21.9166 4.89585 18.3701 
v -21.9591 4.79633 18.2422 
v -22.0016 4.89491 18.1685 
v -21.9607 4.89585 18.242 
v -22.0191 4.99383 18.1788 
v -21.9358 4.99425 18.3734 
v -21.9746 5.06177 18.3818 
v -21.9792 4.99425 18.2489 
v -22.051 5.06277 18.2012 
v -22.0143 5.06159 18.2671 
v -22.0513 5.11194 18.2852 
v -22.0486 4.17954 18.8632 
v -22.1742 4.17954 18.9816 
v -22.0792 4.1161 18.838 
v -22.3293 4.17954 19.0553 
v -22.5 4.17954 19.0804 
v -22.1958 4.11592 18.9481 
v -22.3412 4.116 19.0174 
v -22.5 4.11608 19.0408 
v -22.2198 4.06491 18.9118 
v -22.3535 4.06495 18.9757 
v -22.5 4.06519 18.9976 
v -22.5 4.01193 18.9181 
v -22.3781 4.01113 18.8983 
v -22.5 3.98823 18.8057 
v -22.4109 3.98816 18.7923 
v -22.3297 3.98806 18.7532 
v -22.2672 4.01102 18.8449 
v -22.2636 3.98821 18.6919 
v -22.1758 4.01181 18.762 
v -22.2186 3.98821 18.6138 
v -22.1121 4.0655 18.8108 
v -22.1139 4.01179 18.6549 
v -22.0878 4.01097 18.5342 
v -22.1985 3.98807 18.526 
v -22.0388 4.06564 18.6834 
v -21.9993 4.1161 18.6995 
v -22.0055 4.06525 18.5404 
v -21.9624 4.17954 18.7141 
v -21.9625 4.11591 18.5438 
v -21.9227 4.17954 18.5462 
v -21.9013 4.28564 18.5482 
v -22.0171 4.0653 18.3938 
v -21.9753 4.11586 18.384 
v -21.9364 4.17954 18.3754 
v -22.097 4.01109 18.4114 
v -22.2053 3.98816 18.4361 
v -22.0544 4.06394 18.2899 
v -22.1286 4.01073 18.3244 
v -22.2283 3.98791 18.3726 
v -22.0145 4.1151 18.2702 
v -22.0844 4.0658 18.2221 
v -22.1656 4.01149 18.2618 
v -22.2636 3.98822 18.3149 
v -22.0503 4.11696 18.201 
v -22.1288 4.0658 18.1689 
v -22.2056 4.01117 18.2157 
v -22.1792 4.0658 18.1167 
v -22.2944 3.98811 18.2818 
v -22.2513 4.01099 18.1757 
v -22.2532 4.0658 18.0679 
v -22.3297 3.98818 18.2536 
v -22.3041 4.01095 18.1416 
v -22.3322 4.0658 18.0358 
v -22.3688 3.98823 18.231 
v -22.365 4.01104 18.1143 
v -22.4151 4.0658 18.016 
v -22.4109 3.98814 18.2145 
v -22.4308 4.01159 18.0953 
v -22.5 4.0658 18.0093 
v -22.455 3.98821 18.2045 
v -22.5 4.0117 18.0885 
v -22.5 3.98837 18.2011 
v -22.545 3.98822 18.2045 
v -22.5692 4.01159 18.0953 
v -22.5849 4.0658 18.016 
v -22.5891 3.98815 18.2145 
v -22.635 4.01104 18.1143 
v -22.6678 4.0658 18.0358 
v -22.6312 3.98825 18.231 
v -22.6959 4.01095 18.1416 
v -22.7468 4.0658 18.0679 
v -22.6703 3.9882 18.2536 
v -22.7487 4.011 18.1757 
v -22.8208 4.0658 18.1167 
v -22.7056 3.98812 18.2818 
v -22.7944 4.01117 18.2157 
v -22.8712 4.0658 18.1689 
v -22.7364 3.98822 18.3149 
v -22.8344 4.01149 18.2618 
v -22.7717 3.98791 18.3726 
v -22.9156 4.0658 18.2221 
v -22.8714 4.01073 18.3244 
v -22.7947 3.98816 18.4361 
v -22.903 4.01109 18.4114 
v -22.8015 3.98807 18.526 
v -22.9456 4.06394 18.2899 
v -22.9122 4.01097 18.5342 
v -22.9855 4.1151 18.2702 
v -22.9497 4.11696 18.201 
v -22.9829 4.0653 18.3938 
v -22.7814 3.98821 18.6138 
v -23.0247 4.11586 18.384 
v -22.9945 4.06525 18.5404 
v -23.0375 4.11591 18.5438 
v -22.9612 4.06564 18.6834 
v -22.8861 4.01179 18.6549 
v -22.8242 4.01181 18.762 
v -22.7364 3.98821 18.6919 
v -22.8879 4.0655 18.8108 
v -23.0007 4.1161 18.6995 
v -23.0773 4.17954 18.5462 
v -22.9208 4.1161 18.838 
v -22.7802 4.06491 18.9118 
v -22.7328 4.01102 18.8449 
v -22.6703 3.98806 18.7532 
v -23.0376 4.17954 18.7141 
v -22.6219 4.01113 18.8983 
v -22.5891 3.98816 18.7923 
v -22.5 3.98823 18.8057 
v -22.5 4.01193 18.9181 
v -22.6465 4.06495 18.9757 
v -22.5 4.06519 18.9976 
v -22.5 4.11608 19.0408 
v -22.6588 4.116 19.0174 
v -22.8042 4.11592 18.9481 
v -23.0987 4.28564 18.5482 
v -23.0636 4.17954 18.3754 
v -23.0844 4.28564 18.3703 
v -23.0214 4.17954 18.2519 
v -22.9799 4.18095 18.1794 
v -23.0399 4.28564 18.2428 
v -22.997 4.28492 18.1693 
v -23.0411 4.3836 18.2426 
v -22.9984 4.38374 18.1685 
v -23.0847 4.54928 18.3699 
v -23.0411 4.4896 18.2426 
v -22.9984 4.49045 18.1685 
v -22.9984 4.58791 18.1685 
v -23.0411 4.59094 18.2425 
v -22.9984 4.68991 18.1685 
v -23.0976 4.89585 18.5477 
v -23.0411 4.69035 18.2425 
v -22.9984 4.79035 18.1685 
v -23.0834 4.89585 18.3701 
v -23.0409 4.79633 18.2422 
v -22.9984 4.89491 18.1685 
v -23.0393 4.89585 18.242 
v -22.9809 4.99383 18.1788 
v -23.0208 4.99425 18.2489 
v -23.0642 4.99425 18.3734 
v -23.0782 4.99425 18.5467 
v -23.0376 4.99425 18.7168 
v -22.0844 4.0658 18.2221 
v -22.1288 4.0658 18.1689 
v -22.0942 4.11616 18.146 
v -22.0503 4.11696 18.201 
v -22.0201 4.18095 18.1794 
v -22.1515 4.1119 18.0946 
v -22.1792 4.0658 18.1167 
v -22.0645 4.18483 18.1251 
v -22.003 4.28492 18.1693 
v -22.1415 4.15635 18.0722 
v -22.2288 4.09675 18.0518 
v -22.2532 4.0658 18.0679 
v -22.3136 4.08266 18.0234 
v -22.3322 4.0658 18.0358 
v -22.2477 4.12623 18.0216 
v -22.1987 4.19736 18.0118 
v -22.399 4.0703 18.0101 
v -22.4151 4.0658 18.016 
v -22.4988 4.06255 18.0087 
v -22.3889 4.09009 17.9998 
v -22.3166 4.10174 18.0073 
v -22.2685 4.15839 17.9948 
v -22.3318 4.12991 17.9897 
v -22.4419 4.08206 17.9985 
v -22.3788 4.10917 17.9879 
v -22.2903 4.1911 17.9678 
v -22.3453 4.15147 17.9674 
v -22.3218 4.21874 17.9469 
v -22.2901 4.25859 17.95 
v -22.3631 4.18939 17.9438 
v -22.2508 4.23256 17.9727 
v -22.2679 4.30491 17.9546 
v -22.224 4.29173 17.9769 
v -22.2481 4.34504 17.9617 
v -22.3981 4.12878 17.9679 
v -22.4114 4.16617 17.9422 
v -22.4468 4.0969 17.9868 
v -22.4579 4.11006 17.968 
v -22.4655 4.14953 17.9432 
v -22.4977 4.07892 17.9966 
v -22.5082 4.08832 17.9807 
v -22.5123 4.10973 17.9656 
v -22.5175 4.14213 17.9489 
v -22.5699 4.14385 17.9549 
v -22.5684 4.10356 17.9671 
v -22.6231 4.15283 17.9605 
v -22.5639 4.08457 17.9775 
v -22.6302 4.11235 17.9737 
v -22.6714 4.17027 17.9653 
v -22.5667 4.08062 18.0018 
v -22.6332 4.09868 17.9911 
v -22.685 4.13519 17.9774 
v -22.7151 4.19566 17.9703 
v -22.601 4.06695 18.0152 
v -22.5849 4.0658 18.016 
v -22.6678 4.0658 18.0358 
v -22.6203 4.08566 18.0077 
v -22.6853 4.07862 18.0292 
v -22.7468 4.0658 18.0679 
v -22.6879 4.121 17.9941 
v -22.684 4.10025 18.0115 
v -22.7701 4.09265 18.0568 
v -22.8208 4.0658 18.1167 
v -22.7633 4.12266 18.0327 
v -22.7579 4.14926 18.0068 
v -22.7432 4.17693 17.9886 
v -22.7497 4.23676 17.9749 
v -22.7862 4.22049 17.9984 
v -22.7731 4.29407 17.9797 
v -22.8296 4.18702 18.0295 
v -22.5927 5.06274 17.9719 
v -22.6832 5.06274 17.9955 
v -22.669 5.11324 18.0328 
v -22.7484 5.11324 18.0651 
v -22.5565 4.9938 17.9308 
v -22.6278 4.9938 17.9423 
v -22.5 4.89543 17.907 
v -22.5567 4.89543 17.9098 
v -22.7723 5.06274 18.0367 
v -22.8282 5.11324 18.1187 
v -22.6895 4.9938 17.9602 
v -22.63 4.89543 17.9215 
v -22.8526 5.06274 18.0924 
v -22.8737 5.11324 18.1669 
v -22.7881 4.9938 18.0057 
v -22.6929 4.89543 17.9395 
v -22.6301 4.79472 17.9179 
v -22.949 5.06277 18.2012 
v -22.9184 5.11324 18.2205 
v -22.907 5.06273 18.145 
v -22.9809 4.99383 18.1788 
v -22.8813 4.9938 18.0716 
v -22.9367 4.99155 18.1247 
v -22.9984 4.89491 18.1685 
v -22.7927 4.8954 17.9847 
v -22.8926 4.89524 18.0544 
v -22.9533 4.89587 18.1139 
v -22.9562 4.79227 18.112 
v -22.9984 4.79035 18.1685 
v -22.8873 4.79492 18.046 
v -22.9562 4.69029 18.112 
v -22.8808 4.69078 18.0407 
v -22.8825 4.59493 18.042 
v -22.7856 4.79464 17.9768 
v -22.775 4.69094 17.971 
v -22.7681 4.60422 17.9673 
v -22.6929 4.79472 17.9358 
v -22.6944 4.69084 17.9362 
v -22.6738 4.60453 17.9294 
v -22.6241 4.69081 17.9165 
v -22.6093 4.60491 17.9135 
v -22.5552 4.79472 17.9061 
v -22.5482 4.69081 17.9053 
v -22.5463 4.60513 17.9052 
v -22.5 4.69081 17.9033 
v -22.5 4.79472 17.9034 
v -22.4517 4.69081 17.9053 
v -22.4448 4.79472 17.9061 
v -22.768 4.86123 17.9634 
v -22.7266 4.86284 17.9446 
v -22.7626 4.83864 17.9598 
v -22.7616 4.88377 17.9617 
v -22.7269 4.83868 17.9438 
v -22.7466 4.82211 17.9521 
v -22.7271 4.81606 17.9435 
v -22.7027 4.82213 17.9342 
v -22.6865 4.83868 17.9289 
v -22.6804 4.86127 17.9277 
v -22.6859 4.88379 17.931 
v -22.7261 4.88378 17.9458 
v -22.7451 4.90023 17.9556 
v -22.7014 4.90023 17.9378 
v -22.7253 4.90621 17.9478 
v -22.3913 4.60479 17.9134 
v -22.3835 4.69081 17.915 
v -22.3279 4.60436 17.9288 
v -22.2675 4.38727 17.9517 
v -22.2435 4.43767 17.9619 
v -22.2264 4.42117 17.9713 
v -22.2518 4.38599 17.9604 
v -22.2768 4.52213 17.947 
v -22.2092 4.50423 17.9795 
v -22.2341 4.60435 17.9662 
v -22.3055 4.69084 17.9362 
v -22.2108 4.39759 17.9808 
v -22.2499 4.36639 17.961 
v -22.1709 4.45517 18.0039 
v -22.1192 4.59482 18.0408 
v -22.0956 4.48408 18.0609 
v -22.148 4.40629 18.0201 
v -22.199 4.36887 17.9867 
v -22.2053 4.33373 17.9836 
v -22.1594 4.26597 18.0188 
v -22.1421 4.31262 18.0266 
v -22.1367 4.35841 18.0283 
v -22.0819 4.40197 18.0736 
v -22.0763 4.33196 18.0796 
v -22.0825 4.28693 18.0777 
v -22.1028 4.22919 18.0714 
v -22.0457 4.28222 18.1167 
v -22.0419 4.38345 18.1152 
v -22.0016 4.38374 18.1685 
v -22.0422 4.48754 18.1139 
v -22.0016 4.49045 18.1685 
v -22.0438 4.58864 18.1119 
v -22.0016 4.5879 18.1685 
v -22.0016 4.68991 18.1685 
v -22.0438 4.69029 18.112 
v -22.0016 4.79035 18.1685 
v -22.0438 4.79227 18.112 
v -22.0016 4.89491 18.1685 
v -22.1127 4.79492 18.046 
v -22.0467 4.89587 18.1139 
v -22.1191 4.69078 18.0407 
v -22.225 4.69094 17.971 
v -22.2144 4.79464 17.9768 
v -22.3071 4.79472 17.9358 
v -22.3774 4.79473 17.9163 
v -22.3071 4.89543 17.9395 
v -22.2073 4.8954 17.9847 
v -22.1074 4.89524 18.0544 
v -22.0633 4.99155 18.1247 
v -22.0191 4.99383 18.1788 
v -22.1187 4.9938 18.0716 
v -22.093 5.06273 18.145 
v -22.051 5.06277 18.2012 
v -22.1263 5.11324 18.1669 
v -22.0816 5.11324 18.2205 
v -22.1474 5.06274 18.0924 
v -22.1718 5.11324 18.1187 
v -22.2119 4.9938 18.0057 
v -22.2277 5.06274 18.0367 
v -22.2516 5.11324 18.0651 
v -22.3107 4.9938 17.9601 
v -22.3168 5.06274 17.9955 
v -22.331 5.11324 18.0327 
v -22.3775 4.89543 17.9199 
v -22.3793 4.9938 17.9407 
v -22.4073 5.06274 17.9719 
v -22.4145 5.11324 18.0128 
v -22.4434 4.89543 17.9098 
v -22.4454 4.9938 17.9306 
v -22.5 5.06274 17.9641 
v -22.5 5.11324 18.0061 
v -22.5855 5.11324 18.0128 
v -22.5 4.9938 17.9279 
v -22.3628 4.83868 17.915 
v -22.3985 4.86285 17.9085 
v -22.357 4.86127 17.9172 
v -22.3632 4.88379 17.9172 
v -22.3984 4.83869 17.9077 
v -22.3788 4.82214 17.9112 
v -22.3984 4.81607 17.9074 
v -22.4227 4.82214 17.9037 
v -22.4387 4.83868 17.9022 
v -22.4446 4.86127 17.9024 
v -22.4388 4.88379 17.9044 
v -22.3986 4.88379 17.9098 
v -22.3793 4.90023 17.915 
v -22.4229 4.90023 17.9076 
v -22.3988 4.90621 17.912 
v -22.3814 4.71795 17.9092 
v -22.4487 4.73655 17.8995 
v -22.381 4.73657 17.9093 
v -22.3053 4.73659 17.9299 
v -22.4642 4.71802 17.8984 
v -22.3045 4.71808 17.9301 
v -22.4722 4.74963 17.898 
v -22.2623 4.73641 17.9465 
v -22.4554 4.76049 17.899 
v -22.2449 4.71804 17.9543 
v -22.4759 4.79463 17.8979 
v -22.2399 4.74937 17.9567 
v -22.4571 4.79459 17.899 
v -22.2578 4.76004 17.9486 
v -22.4724 4.82281 17.8982 
v -22.2363 4.79368 17.9586 
v -22.4538 4.82208 17.8994 
v -22.2547 4.79359 17.95 
v -22.4653 4.8496 17.8992 
v -22.2548 4.82049 17.9501 
v -22.4458 4.84963 17.9006 
v -22.2366 4.82144 17.9586 
v -22.4536 4.87448 17.9011 
v -22.2409 4.84806 17.957 
v -22.4325 4.87467 17.9032 
v -22.2602 4.84771 17.9483 
v -22.4378 4.89576 17.9043 
v -22.2507 4.87274 17.9537 
v -22.4138 4.89562 17.9072 
v -22.272 4.87295 17.9444 
v -22.4109 4.91754 17.9103 
v -22.2662 4.89435 17.9486 
v -22.3937 4.90823 17.912 
v -22.2898 4.89434 17.9391 
v -22.3797 4.93105 17.9181 
v -22.2902 4.91596 17.9417 
v -22.3709 4.91549 17.9175 
v -22.3072 4.90713 17.9345 
v -22.3472 4.93518 17.9265 
v -22.317 4.92994 17.9345 
v -22.3479 4.91783 17.9234 
v -22.3265 4.91524 17.9292 
v -22.3759 4.84527 17.9141 
v -22.3775 4.79474 17.9132 
v -22.4554 4.84527 17.9027 
v -22.4638 4.79473 17.9016 
v -22.4586 4.7263 17.9019 
v -22.38 4.72624 17.9126 
v -22.3061 4.72636 17.9328 
v -22.3065 4.79472 17.9328 
v -22.2519 4.72636 17.9545 
v -22.4261 4.89573 17.9086 
v -22.2468 4.7947 17.9569 
v -22.2518 4.84525 17.9553 
v -22.3068 4.84527 17.9333 
v -22.2801 4.89572 17.9464 
v -22.3747 4.89573 17.9173 
v -22.3769 4.92188 17.9202 
v -22.3079 4.89572 17.9361 
v -22.3098 4.92146 17.9388 
v -22.5538 4.73656 17.8997 
v -22.6258 4.71798 17.9106 
v -22.6257 4.73656 17.9106 
v -22.5363 4.71803 17.8985 
v -22.6962 4.71803 17.9304 
v -22.5296 4.74964 17.8981 
v -22.6962 4.73657 17.9305 
v -22.5484 4.7605 17.8993 
v -22.7756 4.73642 17.9644 
v -22.5287 4.79463 17.8981 
v -22.7927 4.71806 17.9737 
v -22.5474 4.7946 17.8993 
v -22.7987 4.74934 17.9771 
v -22.5318 4.82281 17.8984 
v -22.7797 4.76003 17.9667 
v -22.5505 4.82208 17.8997 
v -22.799 4.79361 17.9773 
v -22.539 4.84994 17.8995 
v -22.7806 4.79355 17.9672 
v -22.5583 4.8492 17.901 
v -22.7954 4.82149 17.9755 
v -22.5502 4.87448 17.9014 
v -22.7766 4.82057 17.9652 
v -22.5711 4.87529 17.9036 
v -22.7873 4.84855 17.9715 
v -22.566 4.89576 17.9047 
v -22.7683 4.84657 17.9616 
v -22.5896 4.89562 17.9078 
v -22.7748 4.87349 17.9661 
v -22.5955 4.91851 17.9114 
v -22.7541 4.87164 17.9558 
v -22.611 4.90757 17.9128 
v -22.7587 4.89434 17.9598 
v -22.6292 4.93242 17.9202 
v -22.7351 4.89435 17.9492 
v -22.6378 4.91592 17.9196 
v -22.7312 4.9163 17.9502 
v -22.6646 4.9364 17.9301 
v -22.7165 4.90597 17.943 
v -22.6652 4.91828 17.9272 
v -22.6985 4.93107 17.94 
v -22.6912 4.91527 17.935 
v -22.6299 4.84527 17.9153 
v -22.5504 4.84527 17.9031 
v -22.6284 4.79473 17.9144 
v -22.5413 4.79474 17.902 
v -22.5465 4.72631 17.9022 
v -22.6262 4.72627 17.9138 
v -22.6944 4.72633 17.9331 
v -22.6942 4.79473 17.9331 
v -22.783 4.72638 17.9717 
v -22.5797 4.89573 17.9093 
v -22.788 4.79464 17.9747 
v -22.7787 4.84521 17.9702 
v -22.6939 4.84527 17.9336 
v -22.7482 4.89572 17.9585 
v -22.6312 4.89573 17.9186 
v -22.631 4.92475 17.9224 
v -22.6928 4.89573 17.9363 
v -22.6925 4.9236 17.9399 
v -22.6268 4.38675 17.9175 
v -22.5735 4.38705 17.9084 
v -22.6267 4.36703 17.9177 
v -22.5745 4.36677 17.9086 
v -22.6745 4.36797 17.9302 
v -22.5145 4.38766 17.9039 
v -22.6747 4.38742 17.93 
v -22.515 4.36904 17.904 
v -22.7194 4.38674 17.9453 
v -22.4563 4.36792 17.905 
v -22.7218 4.36651 17.9467 
v -22.457 4.38769 17.9052 
v -22.7507 4.36818 17.9603 
v -22.4039 4.36765 17.9114 
v -22.752 4.38766 17.9604 
v -22.4045 4.38621 17.9119 
v -22.7648 4.36725 17.9681 
v -22.3582 4.36702 17.9213 
v -22.7735 4.38671 17.9722 
v -22.3583 4.38668 17.9211 
v -22.7771 4.36668 17.9753 
v -22.3182 4.38709 17.9325 
v -22.7945 4.38695 17.9835 
v -22.3177 4.36733 17.933 
v -22.7804 4.35235 17.9775 
v -22.2895 4.36858 17.9425 
v -22.7944 4.36745 17.9846 
v -22.2875 4.3881 17.943 
v -22.7949 4.34621 17.9862 
v -22.2762 4.36783 17.948 
v -22.776 4.32891 17.9768 
v -22.2675 4.38727 17.9517 
v -22.7731 4.29407 17.9797 
v -22.2652 4.36786 17.9532 
v -22.7629 4.288 17.9724 
v -22.2518 4.38599 17.9604 
v -22.7497 4.23676 17.9749 
v -22.2629 4.35556 17.9545 
v -22.7477 4.2524 17.9693 
v -22.2499 4.36639 17.961 
v -22.7151 4.19566 17.9703 
v -22.2481 4.34504 17.9617 
v -22.7163 4.21723 17.9667 
v -22.2674 4.33792 17.9533 
v -22.6727 4.18979 17.9638 
v -22.2679 4.30491 17.9546 
v -22.6714 4.17027 17.9653 
v -22.2795 4.30695 17.9494 
v -22.6231 4.15283 17.9605 
v -22.2901 4.25859 17.95 
v -22.6229 4.17287 17.9586 
v -22.2936 4.27777 17.9464 
v -22.5699 4.14385 17.9549 
v -22.3218 4.21874 17.9469 
v -22.5686 4.1634 17.9508 
v -22.3213 4.24258 17.9424 
v -22.5175 4.14213 17.9489 
v -22.3635 4.21051 17.9384 
v -22.5173 4.15669 17.9421 
v -22.3631 4.18939 17.9438 
v -22.4633 4.16518 17.9371 
v -22.4114 4.16617 17.9422 
v -22.4655 4.14953 17.9432 
v -22.411 4.18519 17.9363 
v -22.8152 4.28436 18.0048 
v -22.7949 4.34621 17.9862 
v -22.8691 4.15541 18.0826 
v -22.8327 4.33074 18.0102 
v -22.7944 4.36745 17.9846 
v -22.8647 4.26019 18.0399 
v -22.9061 4.22871 18.0793 
v -22.8485 4.11021 18.0954 
v -22.8712 4.0658 18.1689 
v -22.9058 4.1162 18.146 
v -22.9156 4.0658 18.2221 
v -22.9497 4.11696 18.201 
v -22.9799 4.18095 18.1794 
v -22.9357 4.18504 18.1251 
v -22.997 4.28492 18.1693 
v -22.9576 4.28251 18.1198 
v -22.9277 4.28623 18.0891 
v -22.9625 4.38402 18.1197 
v -22.9984 4.38374 18.1685 
v -22.9349 4.33159 18.0913 
v -22.8804 4.31174 18.0461 
v -22.961 4.48844 18.1177 
v -22.9984 4.49045 18.1685 
v -22.9294 4.40185 18.0844 
v -22.8844 4.3568 18.0447 
v -22.8415 4.36687 18.0123 
v -22.9562 4.58875 18.112 
v -22.9984 4.58791 18.1685 
v -22.915 4.48381 18.07 
v -22.9984 4.68991 18.1685 
v -22.8292 4.39659 18.0031 
v -22.7945 4.38695 17.9835 
v -22.8688 4.40516 18.0317 
v -22.8106 4.41787 17.9915 
v -22.8465 4.45454 18.0145 
v -22.7735 4.38671 17.9722 
v -22.8044 4.50345 17.9869 
v -22.7912 4.43749 17.98 
v -22.752 4.38766 17.9604 
v -22.7458 4.45114 17.9568 
v -22.7194 4.38674 17.9453 
v -22.7377 4.52238 17.9528 
v -22.695 4.45798 17.9365 
v -22.6747 4.38742 17.93 
v -22.662 4.53144 17.926 
v -22.6322 4.4595 17.9189 
v -22.6268 4.38675 17.9175 
v -22.5991 4.53531 17.9118 
v -22.5694 4.45969 17.9079 
v -22.5735 4.38705 17.9084 
v -22.545 4.53693 17.9051 
v -22.5088 4.45897 17.9038 
v -22.5145 4.38766 17.9039 
v -22.457 4.38769 17.9052 
v -22.5 4.53764 17.9033 
v -22.4477 4.46141 17.9061 
v -22.4045 4.38621 17.9119 
v -22.5 4.60513 17.9033 
v -22.455 4.53693 17.9051 
v -22.3858 4.45891 17.9145 
v -22.3583 4.38668 17.9211 
v -22.332 4.45444 17.9278 
v -22.3182 4.38709 17.9325 
v -22.4035 4.5348 17.9113 
v -22.4535 4.60513 17.9052 
v -22.2851 4.44954 17.9439 
v -22.2875 4.3881 17.943 
v -22.3454 4.53053 17.9238 
v -22.527 4.33864 17.9344 
v -22.5564 4.33859 17.9366 
v -22.5279 4.35504 17.9343 
v -22.557 4.35483 17.9365 
v -22.5 4.35507 17.9335 
v -22.5562 4.31949 17.9372 
v -22.5849 4.33852 17.9403 
v -22.5847 4.32039 17.9408 
v -22.5853 4.35401 17.9401 
v -22.5331 4.43167 17.9345 
v -22.6109 4.33845 17.9448 
v -22.5715 4.43163 17.938 
v -22.5 4.43183 17.9335 
v -22.5398 4.51781 17.9349 
v -22.5 4.51811 17.9334 
v -22.5 4.59282 17.9335 
v -22.5451 4.59282 17.9353 
v -22.5918 4.51752 17.9409 
v -22.6017 4.59281 17.9427 
v -22.6127 4.43147 17.9448 
v -22.6485 4.51671 17.9533 
v -22.6727 4.5928 17.9605 
v -22.6141 4.35274 17.9453 
v -22.6532 4.42924 17.9546 
v -22.7116 4.51426 17.9746 
v -22.7697 4.59285 18.002 
v -22.7756 4.50183 18.0054 
v -22.8617 4.59286 18.064 
v -22.8611 4.48874 18.0635 
v -22.7014 4.4218 17.9706 
v -22.8063 4.45516 18.0239 
v -22.8609 4.41878 18.0634 
v -22.7427 4.40176 17.9883 
v -22.6431 4.35183 17.952 
v -22.8219 4.40002 18.0345 
v -22.8609 4.35188 18.0635 
v -22.6778 4.35047 17.9624 
v -22.7687 4.37469 18.0015 
v -22.8248 4.34455 18.0366 
v -22.8591 4.28598 18.0656 
v -22.7108 4.34855 17.9745 
v -22.7828 4.34144 18.0097 
v -22.8191 4.29716 18.035 
v -22.7975 4.25202 18.0272 
v -22.8518 4.22027 18.0737 
v -22.7709 4.31137 18.0042 
v -22.8364 4.16664 18.0871 
v -22.7332 4.338 17.9843 
v -22.6801 4.33834 17.9634 
v -22.7585 4.22486 18.0107 
v -22.7448 4.16671 18.0271 
v -22.7426 4.28607 17.9917 
v -22.7107 4.32616 17.975 
v -22.6758 4.33833 17.9619 
v -22.6778 4.32337 17.963 
v -22.6556 4.33871 17.9557 
v -22.7009 4.27131 17.9757 
v -22.6402 4.32177 17.952 
v -22.6377 4.33847 17.9509 
v -22.6131 4.3217 17.9458 
v -22.653 4.268 17.9602 
v -22.7007 4.21596 17.9868 
v -22.6726 4.16686 17.9966 
v -22.6472 4.21187 17.9702 
v -22.607 4.16693 17.9789 
v -22.612 4.2661 17.9505 
v -22.593 4.20861 17.959 
v -22.5529 4.16704 17.9706 
v -22.5709 4.26492 17.9438 
v -22.5457 4.20777 17.9532 
v -22.5 4.16719 17.968 
v -22.5338 4.26383 17.9405 
v -22.5268 4.31928 17.9351 
v -22.5 4.20791 17.9513 
v -22.5 4.26326 17.9394 
v -22.5 4.33862 17.9338 
v -22.5 4.31923 17.9344 
v -22.4732 4.31928 17.9351 
v -22.4662 4.26382 17.9405 
v -22.4544 4.20776 17.9532 
v -22.4472 4.16704 17.9706 
v -22.473 4.33858 17.9344 
v -22.4438 4.31949 17.9372 
v -22.4289 4.2649 17.9439 
v -22.4068 4.20859 17.9591 
v -22.3929 4.16693 17.9789 
v -22.4721 4.35504 17.9343 
v -22.4436 4.3386 17.9366 
v -22.4153 4.32039 17.9408 
v -22.443 4.35483 17.9365 
v -22.4669 4.43167 17.9345 
v -22.4151 4.33852 17.9403 
v -22.4601 4.51781 17.9349 
v -22.4549 4.59282 17.9353 
v -22.4285 4.43161 17.938 
v -22.4081 4.51751 17.941 
v -22.3983 4.59281 17.9427 
v -22.4147 4.35401 17.9401 
v -22.3873 4.43146 17.9448 
v -22.3515 4.51671 17.9533 
v -22.3273 4.5928 17.9605 
v -22.389 4.33845 17.9449 
v -22.3859 4.35274 17.9453 
v -22.3469 4.42927 17.9546 
v -22.2885 4.51428 17.9746 
v -22.2303 4.59285 18.002 
v -22.2244 4.5019 18.0054 
v -22.1383 4.59286 18.064 
v -22.1389 4.48877 18.0635 
v -22.2987 4.4219 17.9706 
v -22.1938 4.45521 18.0239 
v -22.1391 4.41879 18.0634 
v -22.2574 4.40181 17.9883 
v -22.3569 4.35183 17.952 
v -22.1781 4.40002 18.0345 
v -22.1391 4.35195 18.0635 
v -22.3222 4.35047 17.9624 
v -22.1752 4.34465 18.0366 
v -22.1409 4.28592 18.0656 
v -22.2313 4.3747 18.0015 
v -22.2892 4.34855 17.9745 
v -22.2172 4.3415 18.0097 
v -22.1809 4.29704 18.035 
v -22.2025 4.25215 18.0272 
v -22.1482 4.22033 18.0737 
v -22.2291 4.31126 18.0041 
v -22.1636 4.16664 18.0871 
v -22.2668 4.338 17.9843 
v -22.3199 4.33835 17.9634 
v -22.2893 4.32616 17.975 
v -22.3242 4.33834 17.9619 
v -22.2574 4.28612 17.9917 
v -22.3222 4.32337 17.963 
v -22.3444 4.3387 17.9557 
v -22.2414 4.22482 18.0107 
v -22.2552 4.16671 18.0271 
v -22.299 4.27124 17.9757 
v -22.2993 4.21593 17.9868 
v -22.3273 4.16685 17.9967 
v -22.3598 4.32177 17.952 
v -22.3471 4.26797 17.9602 
v -22.3526 4.21191 17.9702 
v -22.3879 4.26613 17.9505 
v -22.3869 4.3217 17.9458 
v -22.3624 4.33847 17.9508 
v -22.449 4.73655 17.9025 
v -22.381 4.73657 17.9093 
v -22.4487 4.73655 17.8995 
v -22.3816 4.73657 17.9123 
v -22.3053 4.73659 17.9299 
v -22.3063 4.73658 17.9328 
v -22.2623 4.73641 17.9465 
v -22.2635 4.73641 17.9493 
v -22.6257 4.73656 17.9106 
v -22.5536 4.73656 17.9027 
v -22.5538 4.73656 17.8997 
v -22.6251 4.73656 17.9136 
v -22.6962 4.73657 17.9305 
v -22.6953 4.73657 17.9334 
v -22.7756 4.73642 17.9644 
v -22.7742 4.73642 17.9672 
v -22.799 4.79361 17.9773 
v -22.7987 4.74934 17.9771 
v -22.7972 4.74935 17.9798 
v -22.7913 4.71806 17.9764 
v -22.7927 4.71806 17.9737 
v -22.7975 4.79361 17.98 
v -22.794 4.82151 17.9782 
v -22.7954 4.82149 17.9755 
v -22.7859 4.84855 17.9742 
v -22.7873 4.84855 17.9715 
v -22.7734 4.87339 17.9688 
v -22.7748 4.87349 17.9661 
v -22.7574 4.89403 17.9626 
v -22.7587 4.89434 17.9598 
v -22.7312 4.9163 17.9502 
v -22.7299 4.91586 17.953 
v -22.6985 4.93107 17.94 
v -22.6974 4.93056 17.9429 
v -22.6646 4.9364 17.9301 
v -22.6638 4.93588 17.9331 
v -22.6285 4.93194 17.9231 
v -22.6292 4.93242 17.9202 
v -22.595 4.91808 17.9144 
v -22.5955 4.91851 17.9114 
v -22.5657 4.89546 17.9077 
v -22.566 4.89576 17.9047 
v -22.55 4.87429 17.9044 
v -22.5502 4.87448 17.9014 
v -22.5388 4.84993 17.9025 
v -22.539 4.84994 17.8995 
v -22.5316 4.82284 17.9015 
v -22.5318 4.82281 17.8984 
v -22.5285 4.79462 17.9011 
v -22.5287 4.79463 17.8981 
v -22.5296 4.74964 17.8981 
v -22.5294 4.74964 17.9011 
v -22.5363 4.71803 17.8985 
v -22.5361 4.71803 17.9015 
v -22.2376 4.79368 17.9614 
v -22.2411 4.74938 17.9595 
v -22.2363 4.79368 17.9586 
v -22.2399 4.74937 17.9567 
v -22.2462 4.71805 17.957 
v -22.2449 4.71804 17.9543 
v -22.2366 4.82144 17.9586 
v -22.2379 4.82146 17.9614 
v -22.2422 4.84803 17.9598 
v -22.2409 4.84806 17.957 
v -22.252 4.87259 17.9564 
v -22.2507 4.87274 17.9537 
v -22.2673 4.89404 17.9514 
v -22.2662 4.89435 17.9486 
v -22.2902 4.91596 17.9417 
v -22.2912 4.91548 17.9446 
v -22.317 4.92994 17.9345 
v -22.3178 4.92942 17.9375 
v -22.3479 4.93464 17.9294 
v -22.3472 4.93518 17.9265 
v -22.3803 4.9306 17.9211 
v -22.3797 4.93105 17.9181 
v -22.4113 4.91714 17.9134 
v -22.4109 4.91754 17.9103 
v -22.4381 4.89547 17.9073 
v -22.4378 4.89576 17.9043 
v -22.4538 4.87434 17.9041 
v -22.4536 4.87448 17.9011 
v -22.4654 4.84955 17.9023 
v -22.4653 4.8496 17.8992 
v -22.4725 4.82284 17.9012 
v -22.4724 4.82281 17.8982 
v -22.4761 4.79462 17.9009 
v -22.4759 4.79463 17.8979 
v -22.4722 4.74963 17.898 
v -22.4723 4.74963 17.901 
v -22.4642 4.71802 17.8984 
v -22.4643 4.71802 17.9015 
v -22.515 4.36904 17.904 
v -22.5717 4.36766 17.9265 
v -22.5745 4.36677 17.9086 
v -22.6224 4.36725 17.9354 
v -22.5146 4.36907 17.9224 
v -22.6267 4.36703 17.9177 
v -22.4579 4.36807 17.9232 
v -22.6685 4.36844 17.9475 
v -22.4563 4.36792 17.905 
v -22.6745 4.36797 17.9302 
v -22.4079 4.36786 17.9292 
v -22.7145 4.3673 17.9636 
v -22.4039 4.36765 17.9114 
v -22.7218 4.36651 17.9467 
v -22.363 4.36731 17.9389 
v -22.7426 4.36876 17.9768 
v -22.3582 4.36702 17.9213 
v -22.7507 4.36818 17.9603 
v -22.3239 4.36767 17.9504 
v -22.7563 4.36797 17.9843 
v -22.3177 4.36733 17.933 
v -22.7648 4.36725 17.9681 
v -22.2965 4.36941 17.9595 
v -22.7683 4.3675 17.9912 
v -22.2895 4.36858 17.9425 
v -22.7771 4.36668 17.9753 
v -22.7715 4.35385 17.9934 
v -22.7804 4.35235 17.9775 
v -22.2835 4.36849 17.9648 
v -22.2762 4.36783 17.948 
v -22.2731 4.3682 17.9696 
v -22.2652 4.36786 17.9532 
v -22.2711 4.35566 17.9711 
v -22.2629 4.35556 17.9545 
v -22.6631 4.17996 18.1259 
v -22.6983 4.31669 18.0948 
v -22.668 4.31511 18.0817 
v -22.6392 4.18375 18.1137 
v -22.6918 4.18003 18.1392 
v -22.7237 4.31314 18.1086 
v -22.7233 4.38111 18.1068 
v -22.633 4.31627 18.0692 
v -22.6046 4.18308 18.1042 
v -22.6674 4.41324 18.0799 
v -22.6967 4.41351 18.0927 
v -22.7227 4.44934 18.1064 
v -22.6975 4.51628 18.0931 
v -22.6686 4.51676 18.0804 
v -22.6313 4.5168 18.0673 
v -22.5967 4.31624 18.0596 
v -22.6306 4.41326 18.0671 
v -22.5969 4.41327 18.0583 
v -22.5959 4.51681 18.0581 
v -22.5704 4.18301 18.0971 
v -22.5672 4.51681 18.0527 
v -22.5662 4.41326 18.0525 
v -22.5369 4.51681 18.0492 
v -22.5675 4.31544 18.0543 
v -22.5413 4.18269 18.0933 
v -22.5384 4.31645 18.0508 
v -22.4983 4.18258 18.0911 
v -22.5375 4.41321 18.0494 
v -22.5 4.41322 18.0478 
v -22.5 4.51681 18.0477 
v -22.5 4.31643 18.0492 
v -22.4631 4.51681 18.0492 
v -22.4616 4.31647 18.0508 
v -22.4625 4.41322 18.0494 
v -22.4559 4.18258 18.0932 
v -22.4338 4.41327 18.0525 
v -22.4328 4.51681 18.0527 
v -22.4325 4.31546 18.0543 
v -22.4268 4.18275 18.097 
v -22.4033 4.31622 18.0596 
v -22.3931 4.1825 18.104 
v -22.4031 4.41326 18.0583 
v -22.4041 4.51681 18.0581 
v -22.3687 4.5168 18.0673 
v -22.3694 4.41325 18.0671 
v -22.367 4.31626 18.0692 
v -22.3699 4.18076 18.1131 
v -22.3326 4.41321 18.0799 
v -22.3313 4.51676 18.0804 
v -22.3025 4.51628 18.0931 
v -22.332 4.31508 18.0817 
v -22.3356 4.18209 18.125 
v -22.3033 4.41276 18.0927 
v -22.2773 4.44883 18.1064 
v -22.2767 4.3811 18.1068 
v -22.3017 4.31609 18.0949 
v -22.2763 4.31315 18.1086 
v -22.3067 4.18327 18.1376 
v -22.7104 4.5169 17.9737 
v -22.6686 4.51676 18.0804 
v -22.7451 4.51642 17.9889 
v -22.6664 4.51695 17.9581 
v -22.6975 4.51628 18.0931 
v -22.6313 4.5168 18.0673 
v -22.7731 4.44932 18.0034 
v -22.6219 4.51695 17.9463 
v -22.7227 4.44934 18.1064 
v -22.5959 4.51681 18.0581 
v -22.7712 4.38062 18.0081 
v -22.5835 4.51695 17.9393 
v -22.7233 4.38111 18.1068 
v -22.5672 4.51681 18.0527 
v -22.7237 4.31314 18.1086 
v -22.5369 4.51681 18.0492 
v -22.7716 4.31181 18.0074 
v -22.6918 4.18003 18.1392 
v -22.7209 4.11262 18.0528 
v -22.5413 4.51695 17.9345 
v -22.5 4.51681 18.0477 
v -22.5 4.51695 17.933 
v -22.4988 4.06255 18.0087 
v -22.4151 4.0658 18.016 
v -22.5 4.0658 18.0093 
v -22.5849 4.0658 18.016 
v -22.4587 4.51695 17.9345 
v -22.4631 4.51681 18.0492 
v -22.4164 4.51695 17.9393 
v -22.4328 4.51681 18.0527 
v -22.4041 4.51681 18.0581 
v -22.3781 4.51695 17.9463 
v -22.3687 4.5168 18.0673 
v -22.3336 4.51695 17.9581 
v -22.3313 4.51676 18.0804 
v -22.2896 4.51691 17.9737 
v -22.2549 4.51642 17.9889 
v -22.3025 4.51628 18.0931 
v -22.227 4.44881 18.0034 
v -22.2773 4.44883 18.1064 
v -22.2288 4.38062 18.0081 
v -22.2767 4.3811 18.1068 
v -22.2763 4.31315 18.1086 
v -22.2284 4.31181 18.0074 
v -22.3067 4.18327 18.1376 
v -22.2802 4.11525 18.0505 
v -22.4079 4.36786 17.9292 
v -22.4587 4.51695 17.9345 
v -22.4579 4.36807 17.9232 
v -22.4164 4.51695 17.9393 
v -22.5 4.51695 17.933 
v -22.363 4.36731 17.9389 
v -22.5146 4.36907 17.9224 
v -22.3781 4.51695 17.9463 
v -22.5717 4.36766 17.9265 
v -22.3239 4.36767 17.9504 
v -22.5413 4.51695 17.9345 
v -22.3336 4.51695 17.9581 
v -22.6224 4.36725 17.9354 
v -22.2965 4.36941 17.9595 
v -22.5835 4.51695 17.9393 
v -22.2896 4.51691 17.9737 
v -22.6685 4.36844 17.9475 
v -22.2835 4.36849 17.9648 
v -22.6219 4.51695 17.9463 
v -22.2549 4.51642 17.9889 
v -22.7145 4.3673 17.9636 
v -22.2731 4.3682 17.9696 
v -22.6664 4.51695 17.9581 
v -22.227 4.44881 18.0034 
v -22.7426 4.36876 17.9768 
v -22.2711 4.35566 17.9711 
v -22.7104 4.5169 17.9737 
v -22.2288 4.38062 18.0081 
v -22.7563 4.36797 17.9843 
v -22.2284 4.31181 18.0074 
v -22.7451 4.51642 17.9889 
v -22.2747 4.33841 17.97 
v -22.2802 4.11525 18.0505 
v -22.286 4.30802 17.9665 
v -22.7683 4.3675 17.9912 
v -22.7731 4.44932 18.0034 
v -22.7715 4.35385 17.9934 
v -22.7712 4.38062 18.0081 
v -22.7716 4.31181 18.0074 
v -22.7673 4.33104 17.9923 
v -22.7209 4.11262 18.0528 
v -22.7548 4.29137 17.9884 
v -22.2462 4.71805 17.957 
v -22.3041 4.71808 17.9335 
v -22.2449 4.71804 17.9543 
v -22.3045 4.71808 17.9301 
v -22.382 4.71795 17.9122 
v -22.3814 4.71795 17.9092 
v -22.4643 4.71802 17.9015 
v -22.4642 4.71802 17.8984 
v -22.6951 4.71803 17.9333 
v -22.7913 4.71806 17.9764 
v -22.7927 4.71806 17.9737 
v -22.6962 4.71803 17.9304 
v -22.6258 4.71798 17.9106 
v -22.625 4.71798 17.9136 
v -22.5363 4.71803 17.8985 
v -22.5361 4.71803 17.9015 
v -22.4487 4.73655 17.8995 
v -22.4554 4.76049 17.899 
v -22.4556 4.76049 17.9021 
v -22.449 4.73655 17.9025 
v -22.4574 4.79458 17.902 
v -22.4571 4.79459 17.899 
v -22.4538 4.82208 17.8994 
v -22.4541 4.82205 17.9024 
v -22.4458 4.84963 17.9006 
v -22.446 4.84953 17.9036 
v -22.4325 4.87467 17.9032 
v -22.4328 4.87448 17.9062 
v -22.4138 4.89562 17.9072 
v -22.4143 4.89532 17.9102 
v -22.3937 4.90823 17.912 
v -22.3942 4.90787 17.915 
v -22.3709 4.91549 17.9175 
v -22.3715 4.91505 17.9204 
v -22.3479 4.91783 17.9234 
v -22.3486 4.91739 17.9263 
v -22.3265 4.91524 17.9292 
v -22.3273 4.91481 17.9321 
v -22.308 4.90676 17.9375 
v -22.3072 4.90713 17.9345 
v -22.2909 4.89403 17.942 
v -22.2898 4.89434 17.9391 
v -22.272 4.87295 17.9444 
v -22.2732 4.87275 17.9471 
v -22.2602 4.84771 17.9483 
v -22.2615 4.84761 17.951 
v -22.2548 4.82049 17.9501 
v -22.2561 4.82049 17.9529 
v -22.256 4.79358 17.9528 
v -22.2547 4.79359 17.95 
v -22.259 4.76004 17.9514 
v -22.2578 4.76004 17.9486 
v -22.2635 4.73641 17.9493 
v -22.2623 4.73641 17.9465 
v -22.5538 4.73656 17.8997 
v -22.5481 4.7605 17.9023 
v -22.5484 4.7605 17.8993 
v -22.5536 4.73656 17.9027 
v -22.5471 4.79459 17.9023 
v -22.5474 4.7946 17.8993 
v -22.5505 4.82208 17.8997 
v -22.5502 4.82205 17.9027 
v -22.5583 4.8492 17.901 
v -22.5579 4.84911 17.904 
v -22.5711 4.87529 17.9036 
v -22.5706 4.87511 17.9066 
v -22.5896 4.89562 17.9078 
v -22.5892 4.89532 17.9108 
v -22.611 4.90757 17.9128 
v -22.6105 4.90719 17.9159 
v -22.6378 4.91592 17.9196 
v -22.6371 4.91547 17.9226 
v -22.6652 4.91828 17.9272 
v -22.6644 4.91782 17.9301 
v -22.6902 4.91483 17.9379 
v -22.6912 4.91527 17.935 
v -22.7154 4.9056 17.9459 
v -22.7165 4.90597 17.943 
v -22.734 4.89404 17.952 
v -22.7351 4.89435 17.9492 
v -22.7541 4.87164 17.9558 
v -22.7529 4.87149 17.9585 
v -22.7683 4.84657 17.9616 
v -22.767 4.84653 17.9644 
v -22.7766 4.82057 17.9652 
v -22.7752 4.82054 17.9679 
v -22.7806 4.79355 17.9672 
v -22.7792 4.79354 17.9698 
v -22.7783 4.76003 17.9693 
v -22.7797 4.76003 17.9667 
v -22.7742 4.73642 17.9672 
v -22.7756 4.73642 17.9644 
v -22.7715 4.35385 17.9934 
v -22.776 4.32891 17.9768 
v -22.7804 4.35235 17.9775 
v -22.7673 4.33104 17.9923 
v -22.7629 4.288 17.9724 
v -22.7548 4.29137 17.9884 
v -22.7477 4.2524 17.9693 
v -22.7396 4.25667 17.9858 
v -22.7163 4.21723 17.9667 
v -22.7095 4.22053 17.9832 
v -22.6727 4.18979 17.9638 
v -22.6669 4.19215 17.9808 
v -22.6229 4.17287 17.9586 
v -22.6188 4.17505 17.9759 
v -22.5686 4.1634 17.9508 
v -22.5662 4.16652 17.9684 
v -22.5173 4.15669 17.9421 
v -22.5153 4.16303 17.9598 
v -22.4634 4.17218 17.9547 
v -22.4633 4.16518 17.9371 
v -22.4124 4.19036 17.9537 
v -22.411 4.18519 17.9363 
v -22.3665 4.21438 17.956 
v -22.3635 4.21051 17.9384 
v -22.3263 4.24504 17.9619 
v -22.3213 4.24258 17.9424 
v -22.2996 4.27928 17.9638 
v -22.2936 4.27777 17.9464 
v -22.286 4.30802 17.9665 
v -22.2795 4.30695 17.9494 
v -22.2747 4.33841 17.97 
v -22.2674 4.33792 17.9533 
v -22.2711 4.35566 17.9711 
v -22.2629 4.35556 17.9545 
v -22.3792 4.82212 17.913 
v -22.3987 4.81605 17.9092 
v -22.3788 4.82214 17.9112 
v -22.3984 4.81607 17.9074 
v -22.3628 4.83868 17.915 
v -22.4227 4.82214 17.9037 
v -22.3632 4.83863 17.9169 
v -22.4229 4.82212 17.9056 
v -22.357 4.86127 17.9172 
v -22.4389 4.83863 17.9041 
v -22.3575 4.86118 17.9191 
v -22.4387 4.83868 17.9022 
v -22.3636 4.88364 17.919 
v -22.4448 4.86118 17.9042 
v -22.3632 4.88379 17.9172 
v -22.4446 4.86127 17.9024 
v -22.3793 4.90023 17.915 
v -22.4388 4.88379 17.9044 
v -22.3797 4.90005 17.9168 
v -22.439 4.88364 17.9063 
v -22.3988 4.90621 17.912 
v -22.4229 4.90023 17.9076 
v -22.3991 4.90599 17.9138 
v -22.4231 4.90005 17.9094 
v -22.7264 4.81604 17.9452 
v -22.7459 4.82209 17.9538 
v -22.7466 4.82211 17.9521 
v -22.7626 4.83864 17.9598 
v -22.7271 4.81606 17.9435 
v -22.7617 4.83859 17.9615 
v -22.7027 4.82213 17.9342 
v -22.768 4.86123 17.9634 
v -22.702 4.82211 17.9359 
v -22.7672 4.86114 17.9651 
v -22.6865 4.83868 17.9289 
v -22.7608 4.88362 17.9634 
v -22.686 4.83863 17.9307 
v -22.7616 4.88377 17.9617 
v -22.6799 4.86118 17.9295 
v -22.7451 4.90023 17.9556 
v -22.6804 4.86127 17.9277 
v -22.7443 4.90004 17.9573 
v -22.6859 4.88379 17.931 
v -22.7253 4.90621 17.9478 
v -22.6853 4.88364 17.9328 
v -22.7246 4.90598 17.9495 
v -22.7014 4.90023 17.9378 
v -22.7008 4.90005 17.9395 
v -22.7209 4.11262 18.0528 
v -22.6631 4.17996 18.1259 
v -22.6882 4.11287 18.0389 
v -22.6918 4.18003 18.1392 
v -22.6392 4.18375 18.1137 
v -22.6467 4.11443 18.0248 
v -22.6046 4.18308 18.1042 
v -22.6088 4.11438 18.0156 
v -22.5704 4.18301 18.0971 
v -22.5779 4.11576 18.0137 
v -22.5413 4.18269 18.0933 
v -22.5424 4.11627 18.0086 
v -22.4983 4.18258 18.0911 
v -22.5031 4.10793 18.0055 
v -22.4564 4.11428 18.0093 
v -22.4559 4.18258 18.0932 
v -22.4212 4.11373 18.0133 
v -22.4268 4.18275 18.097 
v -22.3882 4.1122 18.0175 
v -22.3931 4.1825 18.104 
v -22.3505 4.11279 18.0255 
v -22.3699 4.18076 18.1131 
v -22.3117 4.1138 18.0378 
v -22.3356 4.18209 18.125 
v -22.2802 4.11525 18.0505 
v -22.3067 4.18327 18.1376 
v -22.7548 4.29137 17.9884 
v -22.7209 4.11262 18.0528 
v -22.6882 4.11287 18.0389 
v -22.7396 4.25667 17.9858 
v -22.6467 4.11443 18.0248 
v -22.7095 4.22053 17.9832 
v -22.6088 4.11438 18.0156 
v -22.6669 4.19215 17.9808 
v -22.5779 4.11576 18.0137 
v -22.6188 4.17505 17.9759 
v -22.5424 4.11627 18.0086 
v -22.5662 4.16652 17.9684 
v -22.5031 4.10793 18.0055 
v -22.5153 4.16303 17.9598 
v -22.4634 4.17218 17.9547 
v -22.4564 4.11428 18.0093 
v -22.4124 4.19036 17.9537 
v -22.4212 4.11373 18.0133 
v -22.3665 4.21438 17.956 
v -22.3882 4.1122 18.0175 
v -22.3263 4.24504 17.9619 
v -22.3505 4.11279 18.0255 
v -22.2996 4.27928 17.9638 
v -22.3117 4.1138 18.0378 
v -22.286 4.30802 17.9665 
v -22.2802 4.11525 18.0505 

vn 0 0.0472441 1 
vn 0.275591 0.322835 0.905512 
vn 0 0.322835 0.944882 
vn 0.653543 0.551181 0.519685 
vn 0.472441 0.551181 0.692913 
vn 0.527559 0.322835 0.779528 
vn 0.291339 0.0472441 0.952756 
vn 0 0 1 
vn 0.740157 0.322835 0.590551 
vn 0.566929 0.0472441 0.826772 
vn 0.291339 0 0.96063 
vn 0.779528 0.0472441 0.622047 
vn 0.566929 0 0.826772 
vn 0.291339 -0.0551181 0.952756 
vn 0 -0.0551181 1 
vn 0.566929 -0.0551181 0.826772 
vn 0.787402 0 0.622047 
vn 0.929134 0.0472441 0.370079 
vn 0.874016 0.322835 0.354331 
vn 0.771654 0.559055 0.307087 
vn 0.779528 -0.0551181 0.622047 
vn 0.929134 0 0.370079 
vn 0.944882 0.330709 0.0708661 
vn 0.992126 0.0472441 0.0787402 
vn 0.826772 0.566929 0.0629921 
vn 1 0 0.0787402 
vn 0.929134 -0.0551181 0.370079 
vn -0.929134 -0.0551181 0.370079 
vn -0.740157 -0.330709 0.582677 
vn -0.779528 -0.0551181 0.622047 
vn -0.929134 0 0.370079 
vn -1 0 0.0787402 
vn -0.787402 0 0.622047 
vn -0.929134 0.0472441 0.370079 
vn -0.566929 0 0.826772 
vn -0.779528 0.0472441 0.622047 
vn -0.566929 -0.0551181 0.826772 
vn -0.566929 0.0472441 0.826772 
vn -0.740157 0.322835 0.590551 
vn -0.291339 0 0.96063 
vn -0.527559 0.322835 0.779528 
vn -0.291339 0.0472441 0.952756 
vn 0 0 1 
vn 0 0.0472441 1 
vn -0.291339 -0.0551181 0.952756 
vn 0 -0.0551181 1 
vn -0.275591 0.322835 0.905512 
vn 0 0.322835 0.944882 
vn -0.535433 -0.330709 0.779528 
vn -0.275591 -0.330709 0.905512 
vn 0 -0.330709 0.944882 
vn -0.244094 0.551181 0.80315 
vn 0 0.543307 0.834646 
vn -0.464567 0.551181 0.692913 
vn -0.19685 0.740157 0.637795 
vn 0 0.740157 0.669291 
vn 0 0.913386 0.401575 
vn -0.377953 0.740157 0.551181 
vn -0.653543 0.551181 0.519685 
vn -0.11811 0.913386 0.377953 
vn -0.0314961 0.992126 0.102362 
vn 0 0.992126 0.102362 
vn -0.0551181 0.992126 0.0866142 
vn -0.228346 0.913386 0.330709 
vn -0.519685 0.748031 0.417323 
vn -0.314961 0.913386 0.251969 
vn -0.0866142 0.992126 0.0629921 
vn -0.377953 0.913386 0.149606 
vn -0.0944882 0.992126 0.0393701 
vn -0.102362 0.992126 0.00787402 
vn -0.622047 0.748031 0.244094 
vn -0.401575 0.913386 0.0314961 
vn -0.771654 0.559055 0.307087 
vn -0.661417 0.748031 0.0472441 
vn -0.401575 0.913386 -0.0708661 
vn -0.102362 0.992126 -0.015748 
vn -0.826772 0.566929 0.0629921 
vn 0 1 0 
vn -0.0944882 0.992126 0.0393701 
vn -0.0866142 0.992126 0.0629921 
vn -0.102362 0.992126 0.00787402 
vn -0.0551181 0.992126 0.0866142 
vn -0.102362 0.992126 -0.015748 
vn -0.0314961 0.992126 0.102362 
vn -0.0944882 0.992126 -0.0393701 
vn 0 0.992126 0.102362 
vn -0.0787402 0.992126 -0.0551181 
vn 0.0314961 0.992126 0.102362 
vn -0.0708661 0.992126 -0.0708661 
vn 0.0629921 0.992126 0.0866142 
vn -0.0551181 0.992126 -0.0787402 
vn 0.0866142 0.992126 0.0629921 
vn -0.0472441 0.992126 -0.0866142 
vn 0.0944882 0.992126 0.0393701 
vn -0.0314961 0.992126 -0.0944882 
vn 0.102362 0.992126 0.00787402 
vn -0.015748 0.992126 -0.102362 
vn 0.102362 0.992126 -0.015748 
vn 0 0.992126 -0.102362 
vn 0.0866142 0.992126 -0.0393701 
vn 0.015748 0.992126 -0.102362 
vn 0.0314961 0.992126 -0.0944882 
vn 0.0787402 0.992126 -0.0629921 
vn 0.0472441 0.992126 -0.0866142 
vn 0.0708661 0.992126 -0.0708661 
vn 0.0629921 0.992126 -0.0787402 
vn -0.653543 0.748031 -0.125984 
vn -0.362205 0.92126 -0.149606 
vn -0.0944882 0.992126 -0.0393701 
vn -0.811024 0.559055 -0.15748 
vn -0.307087 0.929134 -0.212598 
vn -0.0787402 0.992126 -0.0551181 
vn -0.606299 0.755906 -0.251969 
vn -0.543307 0.76378 -0.354331 
vn -0.480315 0.76378 -0.425197 
vn -0.275591 0.929134 -0.251969 
vn -0.0708661 0.992126 -0.0708661 
vn -0.409449 0.755906 -0.503937 
vn -0.771654 0.551181 -0.322835 
vn -0.708661 0.535433 -0.456693 
vn -0.228346 0.929134 -0.299213 
vn -0.0551181 0.992126 -0.0787402 
vn -0.314961 0.755906 -0.574803 
vn -0.181102 0.92126 -0.338583 
vn -0.0472441 0.992126 -0.0866142 
vn -0.212598 0.748031 -0.622047 
vn -0.11811 0.92126 -0.377953 
vn -0.0314961 0.992126 -0.0944882 
vn -0.110236 0.755906 -0.645669 
vn -0.0629921 0.92126 -0.393701 
vn -0.015748 0.992126 -0.102362 
vn 0 0.755906 -0.653543 
vn 0 0.913386 -0.401575 
vn 0 0.992126 -0.102362 
vn 0.015748 0.992126 -0.102362 
vn 0.0629921 0.92126 -0.393701 
vn 0.110236 0.755906 -0.645669 
vn 0.0314961 0.992126 -0.0944882 
vn 0.11811 0.92126 -0.377953 
vn 0.212598 0.748031 -0.622047 
vn 0.0472441 0.992126 -0.0866142 
vn 0.181102 0.92126 -0.338583 
vn 0.314961 0.755906 -0.574803 
vn 0.0629921 0.992126 -0.0787402 
vn 0.228346 0.929134 -0.299213 
vn 0.409449 0.755906 -0.503937 
vn 0.0708661 0.992126 -0.0708661 
vn 0.275591 0.929134 -0.251969 
vn 0.480315 0.76378 -0.425197 
vn 0.0787402 0.992126 -0.0629921 
vn 0.307087 0.929134 -0.212598 
vn 0.0866142 0.992126 -0.0393701 
vn 0.543307 0.76378 -0.354331 
vn 0.362205 0.92126 -0.149606 
vn 0.102362 0.992126 -0.015748 
vn 0.401575 0.913386 -0.0708661 
vn 0.102362 0.992126 0.00787402 
vn 0.401575 0.913386 0.0314961 
vn 0.377953 0.913386 0.149606 
vn 0.0944882 0.992126 0.0393701 
vn 0.661417 0.748031 0.0472441 
vn 0.653543 0.748031 -0.125984 
vn 0.314961 0.913386 0.251969 
vn 0.0866142 0.992126 0.0629921 
vn 0.0629921 0.992126 0.0866142 
vn 0.622047 0.748031 0.244094 
vn 0.228346 0.913386 0.330709 
vn 0.519685 0.740157 0.417323 
vn 0.11811 0.913386 0.377953 
vn 0.377953 0.740157 0.551181 
vn 0.0314961 0.992126 0.102362 
vn 0 0.913386 0.401575 
vn 0 0.992126 0.102362 
vn 0.19685 0.740157 0.637795 
vn 0 0.740157 0.669291 
vn 0 0.543307 0.834646 
vn 0.244094 0.551181 0.80315 
vn -0.0866142 -0.992126 0.0629921 
vn -0.102362 -0.992126 0.0393701 
vn 0 -1 0 
vn -0.102362 -0.992126 0.00787402 
vn -0.0629921 -0.992126 0.0866142 
vn -0.102362 -0.992126 -0.015748 
vn -0.0314961 -0.992126 0.102362 
vn -0.0866142 -0.992126 -0.0472441 
vn 0 -0.992126 0.110236 
vn -0.0787402 -0.992126 -0.0629921 
vn 0.0314961 -0.992126 0.102362 
vn -0.0708661 -0.992126 -0.0708661 
vn 0.0629921 -0.992126 0.0866142 
vn -0.0551181 -0.992126 -0.0866142 
vn 0.0866142 -0.992126 0.0629921 
vn -0.0472441 -0.992126 -0.0944882 
vn 0.102362 -0.992126 0.0393701 
vn -0.0314961 -0.992126 -0.102362 
vn 0.102362 -0.992126 0.00787402 
vn -0.015748 -0.992126 -0.102362 
vn 0.102362 -0.992126 -0.015748 
vn 0 -0.992126 -0.110236 
vn 0.0866142 -0.992126 -0.0472441 
vn 0.015748 -0.992126 -0.102362 
vn 0.0787402 -0.992126 -0.0629921 
vn 0.0314961 -0.992126 -0.102362 
vn 0.0708661 -0.992126 -0.0708661 
vn 0.0472441 -0.992126 -0.0944882 
vn 0.0551181 -0.992126 -0.0866142 
vn 0.984252 -0.0708661 -0.15748 
vn 0.866142 -0.322835 -0.370079 
vn 0.905512 -0.11811 -0.409449 
vn 0.787402 -0.322835 -0.527559 
vn 0.826772 -0.110236 -0.551181 
vn 0.92126 0 -0.377953 
vn 0.834646 -0.00787402 -0.551181 
vn 0.992126 0 -0.141732 
vn 0.92126 0 -0.377953 
vn 0.834646 0 -0.543307 
vn 0.834646 0 -0.543307 
vn 0.905512 0 -0.425197 
vn 0.834646 0 -0.543307 
vn 0.929134 0 -0.370079 
vn 0.834646 0.00787402 -0.551181 
vn 0.984252 0.0551181 -0.149606 
vn 0.929134 0 -0.370079 
vn 0.826772 0.102362 -0.551181 
vn 0.905512 0.11811 -0.401575 
vn 0.787402 0.322835 -0.527559 
vn 0.929134 0.330709 -0.181102 
vn 0.811024 0.559055 -0.15748 
vn 0.866142 0.330709 -0.370079 
vn 0.708661 0.535433 -0.456693 
vn 0.771654 0.551181 -0.322835 
vn 0.606299 0.755906 -0.251969 
vn 0.740157 -0.330709 0.582677 
vn 0.535433 -0.330709 0.779528 
vn 0.637795 -0.582677 0.503937 
vn 0.275591 -0.330709 0.905512 
vn 0 -0.330709 0.944882 
vn 0.456693 -0.582677 0.669291 
vn 0.23622 -0.582677 0.779528 
vn 0 -0.582677 0.811024 
vn 0.370079 -0.755906 0.543307 
vn 0.19685 -0.755906 0.629921 
vn 0 -0.748031 0.661417 
vn 0 -0.913386 0.409449 
vn 0.11811 -0.913386 0.385827 
vn 0 -0.992126 0.110236 
vn 0.0314961 -0.992126 0.102362 
vn 0.0629921 -0.992126 0.0866142 
vn 0.228346 -0.913386 0.338583 
vn 0.0866142 -0.992126 0.0629921 
vn 0.322835 -0.913386 0.251969 
vn 0.102362 -0.992126 0.0393701 
vn 0.519685 -0.748031 0.409449 
vn 0.377953 -0.913386 0.149606 
vn 0.401575 -0.913386 0.0314961 
vn 0.102362 -0.992126 0.00787402 
vn 0.614173 -0.748031 0.244094 
vn 0.755906 -0.582677 0.299213 
vn 0.653543 -0.755906 0.0472441 
vn 0.874016 -0.330709 0.346457 
vn 0.811024 -0.582677 0.0629921 
vn 0.944882 -0.330709 0.0708661 
vn 0.992126 -0.0551181 0.0787402 
vn 0.645669 -0.755906 -0.11811 
vn 0.795276 -0.582677 -0.149606 
vn 0.929134 -0.330709 -0.173228 
vn 0.401575 -0.913386 -0.0787402 
vn 0.102362 -0.992126 -0.015748 
vn 0.590551 -0.76378 -0.244094 
vn 0.354331 -0.92126 -0.15748 
vn 0.0866142 -0.992126 -0.0472441 
vn 0.755906 -0.582677 -0.314961 
vn 0.535433 -0.76378 -0.354331 
vn 0.314961 -0.92126 -0.220472 
vn 0.0787402 -0.992126 -0.0629921 
vn 0.692913 -0.559055 -0.456693 
vn 0.472441 -0.76378 -0.433071 
vn 0.283465 -0.92126 -0.267717 
vn 0.409449 -0.755906 -0.511811 
vn 0.0708661 -0.992126 -0.0708661 
vn 0.23622 -0.92126 -0.314961 
vn 0.314961 -0.755906 -0.574803 
vn 0.0551181 -0.992126 -0.0866142 
vn 0.188976 -0.913386 -0.354331 
vn 0.212598 -0.755906 -0.622047 
vn 0.0472441 -0.992126 -0.0944882 
vn 0.125984 -0.913386 -0.385827 
vn 0.110236 -0.755906 -0.645669 
vn 0.0314961 -0.992126 -0.102362 
vn 0.0708661 -0.913386 -0.401575 
vn 0 -0.755906 -0.653543 
vn 0.015748 -0.992126 -0.102362 
vn 0 -0.913386 -0.409449 
vn 0 -0.992126 -0.110236 
vn -0.015748 -0.992126 -0.102362 
vn -0.0708661 -0.913386 -0.401575 
vn -0.110236 -0.755906 -0.645669 
vn -0.0314961 -0.992126 -0.102362 
vn -0.125984 -0.913386 -0.385827 
vn -0.212598 -0.755906 -0.622047 
vn -0.0472441 -0.992126 -0.0944882 
vn -0.188976 -0.913386 -0.354331 
vn -0.314961 -0.755906 -0.574803 
vn -0.0551181 -0.992126 -0.0866142 
vn -0.23622 -0.92126 -0.314961 
vn -0.409449 -0.755906 -0.511811 
vn -0.0708661 -0.992126 -0.0708661 
vn -0.283465 -0.92126 -0.267717 
vn -0.472441 -0.76378 -0.433071 
vn -0.0787402 -0.992126 -0.0629921 
vn -0.314961 -0.92126 -0.220472 
vn -0.0866142 -0.992126 -0.0472441 
vn -0.535433 -0.76378 -0.354331 
vn -0.354331 -0.92126 -0.15748 
vn -0.102362 -0.992126 -0.015748 
vn -0.401575 -0.913386 -0.0787402 
vn -0.102362 -0.992126 0.00787402 
vn -0.590551 -0.76378 -0.244094 
vn -0.401575 -0.913386 0.0314961 
vn -0.755906 -0.582677 -0.314961 
vn -0.692913 -0.559055 -0.456693 
vn -0.645669 -0.755906 -0.11811 
vn -0.102362 -0.992126 0.0393701 
vn -0.795276 -0.582677 -0.149606 
vn -0.653543 -0.755906 0.0472441 
vn -0.811024 -0.582677 0.0629921 
vn -0.614173 -0.748031 0.244094 
vn -0.377953 -0.913386 0.149606 
vn -0.322835 -0.913386 0.251969 
vn -0.0866142 -0.992126 0.0629921 
vn -0.519685 -0.748031 0.409449 
vn -0.755906 -0.582677 0.299213 
vn -0.944882 -0.330709 0.0708661 
vn -0.637795 -0.582677 0.503937 
vn -0.370079 -0.755906 0.543307 
vn -0.228346 -0.913386 0.338583 
vn -0.0629921 -0.992126 0.0866142 
vn -0.874016 -0.330709 0.346457 
vn -0.11811 -0.913386 0.385827 
vn -0.0314961 -0.992126 0.102362 
vn 0 -0.992126 0.110236 
vn 0 -0.913386 0.409449 
vn -0.188976 -0.755906 0.629921 
vn 0 -0.748031 0.661417 
vn 0 -0.582677 0.811024 
vn -0.23622 -0.582677 0.779528 
vn -0.456693 -0.582677 0.669291 
vn -0.992126 -0.0551181 0.0787402 
vn -0.929134 -0.330709 -0.173228 
vn -0.984252 -0.0629921 -0.15748 
vn -0.866142 -0.330709 -0.370079 
vn -0.787402 -0.322835 -0.527559 
vn -0.905512 -0.11811 -0.409449 
vn -0.826772 -0.110236 -0.551181 
vn -0.92126 0 -0.377953 
vn -0.834646 -0.00787402 -0.551181 
vn -0.992126 0 -0.141732 
vn -0.92126 0 -0.377953 
vn -0.834646 0 -0.543307 
vn -0.84252 0 -0.543307 
vn -0.905512 0 -0.425197 
vn -0.84252 0 -0.543307 
vn -0.992126 0.0472441 0.0787402 
vn -0.929134 0 -0.370079 
vn -0.834646 0.00787402 -0.551181 
vn -0.984252 0.0551181 -0.149606 
vn -0.929134 0 -0.370079 
vn -0.826772 0.102362 -0.551181 
vn -0.905512 0.11811 -0.401575 
vn -0.787402 0.322835 -0.527559 
vn -0.866142 0.330709 -0.370079 
vn -0.929134 0.330709 -0.181102 
vn -0.944882 0.330709 0.0708661 
vn -0.874016 0.322835 0.354331 
vn 0.535433 -0.76378 -0.354331 
vn 0.472441 -0.76378 -0.433071 
vn 0.622047 -0.551181 -0.559055 
vn 0.692913 -0.559055 -0.456693 
vn 0.787402 -0.322835 -0.527559 
vn 0.519685 -0.543307 -0.661417 
vn 0.409449 -0.755906 -0.511811 
vn 0.708661 -0.314961 -0.629921 
vn 0.826772 -0.110236 -0.551181 
vn 0.535433 -0.354331 -0.76378 
vn 0.425197 -0.543307 -0.724409 
vn 0.314961 -0.755906 -0.574803 
vn 0.267717 -0.582677 -0.76378 
vn 0.212598 -0.755906 -0.622047 
vn 0.433071 -0.377953 -0.818898 
vn 0.480315 -0.212598 -0.850394 
vn 0.141732 -0.606299 -0.779528 
vn 0.110236 -0.755906 -0.645669 
vn 0 -0.614173 -0.787402 
vn 0.19685 -0.417323 -0.889764 
vn 0.291339 -0.417323 -0.866142 
vn 0.385827 -0.228346 -0.897638 
vn 0.259843 -0.244094 -0.937008 
vn 0.0787402 -0.433071 -0.897638 
vn 0.173228 -0.251969 -0.952756 
vn 0.299213 -0.102362 -0.952756 
vn 0.220472 -0.110236 -0.968504 
vn 0.228346 -0.0314961 -0.976378 
vn 0.283465 -0.0314961 -0.96063 
vn 0.173228 -0.0393701 -0.984252 
vn 0.377953 -0.0866142 -0.92126 
vn 0.330709 -0.0314961 -0.944882 
vn 0.433071 -0.0629921 -0.897638 
vn 0.385827 -0.015748 -0.92126 
vn 0.141732 -0.110236 -0.984252 
vn 0.110236 -0.0393701 -0.992126 
vn 0.0866142 -0.259843 -0.96063 
vn 0.0708661 -0.11811 -0.992126 
vn 0.0629921 -0.0393701 -1 
vn 0 -0.448819 -0.897638 
vn 0 -0.259843 -0.968504 
vn 0 -0.11811 -0.992126 
vn 0 -0.0393701 -1 
vn -0.0551181 -0.0393701 -1 
vn -0.0708661 -0.11811 -0.992126 
vn -0.110236 -0.0393701 -0.992126 
vn -0.0787402 -0.259843 -0.96063 
vn -0.141732 -0.110236 -0.984252 
vn -0.173228 -0.0393701 -0.984252 
vn -0.0787402 -0.433071 -0.897638 
vn -0.173228 -0.251969 -0.952756 
vn -0.220472 -0.110236 -0.968504 
vn -0.228346 -0.0314961 -0.976378 
vn -0.141732 -0.606299 -0.779528 
vn -0.110236 -0.755906 -0.645669 
vn -0.212598 -0.755906 -0.622047 
vn -0.19685 -0.417323 -0.889764 
vn -0.275591 -0.582677 -0.76378 
vn -0.314961 -0.755906 -0.574803 
vn -0.259843 -0.244094 -0.937008 
vn -0.291339 -0.417323 -0.866142 
vn -0.425197 -0.543307 -0.724409 
vn -0.409449 -0.755906 -0.511811 
vn -0.433071 -0.377953 -0.818898 
vn -0.385827 -0.228346 -0.897638 
vn -0.299213 -0.102362 -0.952756 
vn -0.283465 -0.0314961 -0.96063 
vn -0.377953 -0.0866142 -0.92126 
vn -0.330709 -0.0314961 -0.944882 
vn -0.480315 -0.212598 -0.850394 
vn -0.141732 0.559055 -0.818898 
vn -0.291339 0.527559 -0.795276 
vn -0.212598 0.748031 -0.622047 
vn -0.314961 0.755906 -0.574803 
vn -0.0944882 0.322835 -0.944882 
vn -0.212598 0.314961 -0.92126 
vn 0 0.11811 -0.992126 
vn -0.110236 0.11811 -0.984252 
vn -0.425197 0.503937 -0.748031 
vn -0.409449 0.755906 -0.503937 
vn -0.338583 0.322835 -0.88189 
vn -0.212598 0.11811 -0.968504 
vn -0.543307 0.503937 -0.669291 
vn -0.480315 0.76378 -0.425197 
vn -0.480315 0.307087 -0.826772 
vn -0.354331 0.11811 -0.929134 
vn -0.212598 0.015748 -0.976378 
vn -0.708661 0.535433 -0.456693 
vn -0.543307 0.76378 -0.354331 
vn -0.637795 0.519685 -0.574803 
vn -0.787402 0.322835 -0.527559 
vn -0.598425 0.307087 -0.740157 
vn -0.700787 0.314961 -0.645669 
vn -0.826772 0.102362 -0.551181 
vn -0.496063 0.11811 -0.858268 
vn -0.622047 0.110236 -0.771654 
vn -0.732283 0.110236 -0.677165 
vn -0.740157 0.00787402 -0.677165 
vn -0.834646 0.00787402 -0.551181 
vn -0.622047 0.015748 -0.787402 
vn -0.740157 0 -0.677165 
vn -0.614173 0 -0.787402 
vn -0.614173 0 -0.795276 
vn -0.496063 0.015748 -0.866142 
vn -0.488189 0 -0.874016 
vn -0.472441 0 -0.88189 
vn -0.354331 0.023622 -0.937008 
vn -0.346457 0 -0.937008 
vn -0.314961 0 -0.952756 
vn -0.204724 0 -0.976378 
vn -0.188976 0 -0.984252 
vn -0.110236 0.015748 -0.992126 
vn -0.102362 0 -0.992126 
vn -0.0944882 0 -0.992126 
vn 0 0 -1 
vn 0 0.015748 -1 
vn 0.0944882 0 -0.992126 
vn 0.102362 0.015748 -0.992126 
vn -0.409449 0.0472441 -0.913386 
vn -0.377953 0.0472441 -0.92126 
vn -0.409449 0.0393701 -0.913386 
vn -0.409449 0.0629921 -0.913386 
vn -0.377953 0.0314961 -0.929134 
vn -0.401575 0.023622 -0.913386 
vn -0.377953 0.023622 -0.929134 
vn -0.354331 0.0314961 -0.937008 
vn -0.346457 0.0393701 -0.937008 
vn -0.346457 0.0472441 -0.937008 
vn -0.346457 0.0629921 -0.937008 
vn -0.377953 0.0629921 -0.92126 
vn -0.401575 0.0787402 -0.913386 
vn -0.354331 0.0787402 -0.929134 
vn -0.377953 0.0787402 -0.92126 
vn 0.188976 0 -0.984252 
vn 0.204724 0 -0.976378 
vn 0.314961 0.00787402 -0.952756 
vn 0.338583 0 -0.944882 
vn 0.385827 0 -0.92126 
vn 0.440945 0 -0.897638 
vn 0.385827 0 -0.92126 
vn 0.401575 0.00787402 -0.913386 
vn 0.503937 0.00787402 -0.858268 
vn 0.472441 0 -0.88189 
vn 0.338583 0 -0.937008 
vn 0.480315 0 -0.874016 
vn 0.401575 -0.00787402 -0.913386 
vn 0.551181 0 -0.834646 
vn 0.614173 0 -0.787402 
vn 0.645669 0.00787402 -0.76378 
vn 0.582677 0 -0.811024 
vn 0.496063 -0.00787402 -0.866142 
vn 0.480315 -0.0314961 -0.874016 
vn 0.535433 -0.149606 -0.826772 
vn 0.574803 -0.0708661 -0.818898 
vn 0.582677 -0.015748 -0.811024 
vn 0.669291 0 -0.740157 
vn 0.677165 -0.023622 -0.740157 
vn 0.653543 -0.125984 -0.740157 
vn 0.622047 -0.204724 -0.755906 
vn 0.755906 -0.11811 -0.645669 
vn 0.76378 -0.015748 -0.645669 
vn 0.834646 -0.00787402 -0.551181 
vn 0.748031 0 -0.661417 
vn 0.834646 0 -0.543307 
vn 0.740157 0 -0.677165 
vn 0.834646 0 -0.543307 
vn 0.834646 0 -0.543307 
vn 0.740157 0 -0.677165 
vn 0.834646 0.00787402 -0.551181 
vn 0.740157 0.00787402 -0.677165 
vn 0.826772 0.102362 -0.551181 
vn 0.622047 0.015748 -0.787402 
vn 0.732283 0.110236 -0.677165 
vn 0.614173 0 -0.787402 
vn 0.488189 0 -0.874016 
vn 0.496063 0.015748 -0.866142 
vn 0.346457 0.023622 -0.937008 
vn 0.212598 0.015748 -0.976378 
vn 0.354331 0.11811 -0.929134 
vn 0.496063 0.11811 -0.858268 
vn 0.622047 0.110236 -0.771654 
vn 0.700787 0.314961 -0.645669 
vn 0.787402 0.322835 -0.527559 
vn 0.598425 0.307087 -0.740157 
vn 0.637795 0.519685 -0.574803 
vn 0.708661 0.535433 -0.456693 
vn 0.480315 0.76378 -0.425197 
vn 0.543307 0.76378 -0.354331 
vn 0.543307 0.503937 -0.669291 
vn 0.409449 0.755906 -0.503937 
vn 0.480315 0.307087 -0.826772 
vn 0.425197 0.503937 -0.748031 
vn 0.314961 0.755906 -0.574803 
vn 0.338583 0.314961 -0.889764 
vn 0.291339 0.527559 -0.795276 
vn 0.212598 0.748031 -0.622047 
vn 0.212598 0.11811 -0.968504 
vn 0.212598 0.314961 -0.929134 
vn 0.141732 0.559055 -0.818898 
vn 0.110236 0.755906 -0.645669 
vn 0.102362 0.11811 -0.984252 
vn 0.0944882 0.322835 -0.944882 
vn 0 0.559055 -0.826772 
vn 0 0.755906 -0.653543 
vn -0.110236 0.755906 -0.645669 
vn 0 0.346457 -0.937008 
vn 0.204724 0.0393701 -0.976378 
vn 0.165354 0.0472441 -0.984252 
vn 0.204724 0.0472441 -0.976378 
vn 0.204724 0.0629921 -0.976378 
vn 0.165354 0.0314961 -0.984252 
vn 0.19685 0.023622 -0.976378 
vn 0.165354 0.023622 -0.984252 
vn 0.141732 0.0314961 -0.992126 
vn 0.133858 0.0393701 -0.992126 
vn 0.133858 0.0472441 -0.992126 
vn 0.133858 0.0629921 -0.992126 
vn 0.165354 0.0708661 -0.984252 
vn 0.188976 0.0787402 -0.976378 
vn 0.141732 0.0787402 -0.984252 
vn 0.165354 0.0787402 -0.984252 
vn 0.204724 -0.015748 -0.976378 
vn 0.11811 -0.023622 -0.992126 
vn 0.204724 -0.015748 -0.976378 
vn 0.307087 -0.00787402 -0.952756 
vn 0.11811 -0.015748 -0.992126 
vn 0.307087 -0.00787402 -0.952756 
vn 0.0629921 0 -1 
vn 0.385827 -0.015748 -0.92126 
vn 0.0629921 0 -1 
vn 0.385827 -0.00787402 -0.92126 
vn 0.0629921 0 -1 
vn 0.417323 0 -0.905512 
vn 0.0629921 0 -1 
vn 0.417323 0 -0.905512 
vn 0.0629921 0.015748 -1 
vn 0.417323 0 -0.905512 
vn 0.0629921 0.015748 -1 
vn 0.417323 0 -0.905512 
vn 0.0708661 0.0314961 -1 
vn 0.417323 0.00787402 -0.905512 
vn 0.0787402 0.0393701 -1 
vn 0.417323 0.00787402 -0.905512 
vn 0.0944882 0.0551181 -0.992126 
vn 0.409449 0.0314961 -0.913386 
vn 0.102362 0.0708661 -0.992126 
vn 0.409449 0.0314961 -0.913386 
vn 0.11811 0.0866142 -0.992126 
vn 0.401575 0.0551181 -0.913386 
vn 0.133858 0.110236 -0.984252 
vn 0.393701 0.0629921 -0.92126 
vn 0.149606 0.125984 -0.976378 
vn 0.377953 0.0866142 -0.92126 
vn 0.165354 0.141732 -0.976378 
vn 0.362205 0.102362 -0.929134 
vn 0.204724 0.15748 -0.968504 
vn 0.346457 0.11811 -0.929134 
vn 0.212598 0.15748 -0.968504 
vn 0.330709 0.133858 -0.937008 
vn 0.251969 0.165354 -0.952756 
vn 0.307087 0.149606 -0.944882 
vn 0.251969 0.165354 -0.952756 
vn 0.291339 0.149606 -0.944882 
vn 0.204724 0.0314961 -0.976378 
vn 0.19685 0.00787402 -0.976378 
vn 0.141732 0.015748 -0.992126 
vn 0.133858 0.00787402 -0.992126 
vn 0.133858 0.00787402 -0.992126 
vn 0.19685 0 -0.984252 
vn 0.314961 0 -0.952756 
vn 0.314961 0.00787402 -0.952756 
vn 0.370079 0 -0.929134 
vn 0.149606 0.0472441 -0.984252 
vn 0.370079 0.00787402 -0.929134 
vn 0.370079 0.023622 -0.929134 
vn 0.314961 0.0314961 -0.952756 
vn 0.362205 0.0551181 -0.929134 
vn 0.220472 0.0708661 -0.976378 
vn 0.244094 0.125984 -0.96063 
vn 0.299213 0.0708661 -0.952756 
vn 0.275591 0.125984 -0.952756 
vn -0.125984 -0.023622 -0.992126 
vn -0.204724 -0.015748 -0.976378 
vn -0.204724 -0.015748 -0.976378 
vn -0.11811 -0.023622 -0.992126 
vn -0.346457 -0.023622 -0.937008 
vn -0.0629921 0 -1 
vn -0.346457 -0.023622 -0.937008 
vn -0.0629921 0 -1 
vn -0.425197 -0.0314961 -0.905512 
vn -0.0629921 0 -1 
vn -0.425197 -0.0314961 -0.905512 
vn -0.0629921 0 -1 
vn -0.480315 0 -0.874016 
vn -0.0708661 0.015748 -1 
vn -0.480315 0 -0.874016 
vn -0.0708661 0.015748 -1 
vn -0.480315 0 -0.874016 
vn -0.0787402 0.0314961 -1 
vn -0.480315 0 -0.874016 
vn -0.0866142 0.0393701 -0.992126 
vn -0.472441 0.00787402 -0.88189 
vn -0.102362 0.0551181 -0.992126 
vn -0.472441 0.015748 -0.88189 
vn -0.110236 0.0708661 -0.992126 
vn -0.464567 0.023622 -0.889764 
vn -0.125984 0.0866142 -0.984252 
vn -0.456693 0.0314961 -0.889764 
vn -0.141732 0.110236 -0.984252 
vn -0.440945 0.0551181 -0.897638 
vn -0.165354 0.125984 -0.976378 
vn -0.433071 0.0629921 -0.897638 
vn -0.181102 0.133858 -0.976378 
vn -0.417323 0.0866142 -0.905512 
vn -0.220472 0.149606 -0.96063 
vn -0.401575 0.102362 -0.905512 
vn -0.228346 0.15748 -0.96063 
vn -0.377953 0.125984 -0.913386 
vn -0.275591 0.165354 -0.944882 
vn -0.362205 0.133858 -0.92126 
vn -0.275591 0.165354 -0.944882 
vn -0.330709 0.149606 -0.929134 
vn -0.322835 0.149606 -0.937008 
vn -0.212598 0.0314961 -0.976378 
vn -0.149606 0.015748 -0.992126 
vn -0.204724 0.00787402 -0.976378 
vn -0.141732 0.00787402 -0.992126 
vn -0.141732 0.00787402 -0.992126 
vn -0.19685 0 -0.976378 
vn -0.346457 0 -0.937008 
vn -0.346457 0.00787402 -0.937008 
vn -0.401575 0.00787402 -0.913386 
vn -0.165354 0.0472441 -0.984252 
vn -0.401575 0.00787402 -0.913386 
vn -0.393701 0.015748 -0.92126 
vn -0.346457 0.023622 -0.937008 
vn -0.385827 0.0393701 -0.92126 
vn -0.228346 0.0708661 -0.968504 
vn -0.251969 0.125984 -0.96063 
vn -0.322835 0.0708661 -0.944882 
vn -0.299213 0.125984 -0.944882 
vn -0.11811 0 -0.992126 
vn -0.0551181 0 -1 
vn -0.102362 -0.00787402 -0.992126 
vn -0.0551181 -0.00787402 -1 
vn -0.15748 -0.00787402 -0.984252 
vn 0 0 -1 
vn -0.173228 0 -0.984252 
vn 0 -0.00787402 -1 
vn -0.23622 0 -0.976378 
vn 0.0551181 -0.00787402 -1 
vn -0.212598 0 -0.976378 
vn 0.0629921 0 -1 
vn -0.259843 0 -0.968504 
vn 0.102362 -0.00787402 -0.992126 
vn -0.291339 0 -0.96063 
vn 0.110236 0 -0.992126 
vn -0.299213 0 -0.952756 
vn 0.15748 -0.00787402 -0.984252 
vn -0.338583 0 -0.944882 
vn 0.173228 0 -0.984252 
vn -0.330709 0 -0.944882 
vn 0.23622 0 -0.976378 
vn -0.385827 0 -0.92126 
vn 0.212598 0 -0.976378 
vn -0.346457 -0.00787402 -0.937008 
vn 0.259843 0 -0.968504 
vn -0.401575 -0.00787402 -0.913386 
vn 0.291339 0 -0.96063 
vn -0.385827 -0.015748 -0.92126 
vn 0.299213 0 -0.952756 
vn -0.330709 -0.00787402 -0.944882 
vn 0.338583 0 -0.944882 
vn -0.330709 -0.0314961 -0.944882 
vn 0.338583 0 -0.944882 
vn -0.299213 -0.015748 -0.952756 
vn 0.385827 0 -0.92126 
vn -0.283465 -0.0314961 -0.96063 
vn 0.346457 -0.00787402 -0.937008 
vn -0.259843 -0.015748 -0.968504 
vn 0.401575 -0.00787402 -0.913386 
vn -0.228346 -0.0314961 -0.976378 
vn 0.385827 -0.015748 -0.92126 
vn -0.204724 -0.00787402 -0.976378 
vn 0.330709 -0.00787402 -0.944882 
vn -0.15748 -0.00787402 -0.984252 
vn 0.330709 -0.0314961 -0.944882 
vn -0.173228 -0.0393701 -0.984252 
vn 0.299213 -0.015748 -0.952756 
vn -0.110236 -0.0393701 -0.992126 
vn 0.283465 -0.0314961 -0.96063 
vn -0.102362 -0.00787402 -0.992126 
vn 0.259843 -0.015748 -0.968504 
vn -0.0551181 -0.0393701 -1 
vn 0.228346 -0.0314961 -0.976378 
vn -0.0551181 -0.00787402 -1 
vn 0.204724 -0.00787402 -0.976378 
vn 0 -0.0393701 -1 
vn 0.15748 -0.00787402 -0.984252 
vn 0 -0.00787402 -1 
vn 0.173228 -0.0393701 -0.984252 
vn 0.0551181 -0.00787402 -1 
vn 0.110236 -0.0393701 -0.992126 
vn 0.0629921 -0.0393701 -1 
vn 0.102362 -0.00787402 -0.992126 
vn -0.433071 -0.0629921 -0.897638 
vn -0.385827 -0.015748 -0.92126 
vn -0.535433 -0.354331 -0.76378 
vn -0.480315 -0.0314961 -0.874016 
vn -0.401575 -0.00787402 -0.913386 
vn -0.535433 -0.149606 -0.834646 
vn -0.622047 -0.204724 -0.755906 
vn -0.519685 -0.543307 -0.661417 
vn -0.472441 -0.76378 -0.433071 
vn -0.622047 -0.551181 -0.559055 
vn -0.535433 -0.76378 -0.354331 
vn -0.692913 -0.559055 -0.456693 
vn -0.787402 -0.322835 -0.527559 
vn -0.708661 -0.314961 -0.629921 
vn -0.826772 -0.110236 -0.551181 
vn -0.755906 -0.11811 -0.645669 
vn -0.661417 -0.125984 -0.740157 
vn -0.76378 -0.015748 -0.645669 
vn -0.834646 -0.00787402 -0.551181 
vn -0.677165 -0.023622 -0.740157 
vn -0.574803 -0.0708661 -0.818898 
vn -0.748031 0 -0.661417 
vn -0.834646 0 -0.543307 
vn -0.669291 0 -0.740157 
vn -0.582677 -0.015748 -0.811024 
vn -0.496063 -0.00787402 -0.866142 
vn -0.740157 0 -0.677165 
vn -0.84252 0 -0.543307 
vn -0.645669 0.00787402 -0.76378 
vn -0.84252 0 -0.543307 
vn -0.480315 0 -0.874016 
vn -0.385827 0 -0.92126 
vn -0.582677 0 -0.811024 
vn -0.440945 0 -0.897638 
vn -0.551181 0 -0.834646 
vn -0.338583 0 -0.944882 
vn -0.503937 0.00787402 -0.866142 
vn -0.385827 0 -0.92126 
vn -0.291339 0 -0.96063 
vn -0.299213 0 -0.952756 
vn -0.23622 0 -0.976378 
vn -0.401575 0.00787402 -0.913386 
vn -0.212598 0 -0.976378 
vn -0.173228 0 -0.984252 
vn -0.275591 0.00787402 -0.96063 
vn -0.133858 0 -0.992126 
vn -0.11811 0 -0.992126 
vn -0.165354 0 -0.984252 
vn -0.0708661 0 -1 
vn -0.0551181 0 -1 
vn -0.0787402 0 -1 
vn 0 0 -1 
vn 0 0 -1 
vn 0.0629921 0 -1 
vn 0 0 -1 
vn 0.0708661 0 -1 
vn 0.110236 0 -0.992126 
vn 0 0 -1 
vn 0.0787402 0 -1 
vn 0.133858 0 -0.992126 
vn 0.173228 0 -0.984252 
vn 0.212598 0 -0.976378 
vn 0.23622 0 -0.976378 
vn 0.165354 0 -0.984252 
vn 0.0944882 0 -0.992126 
vn 0.299213 0 -0.952756 
vn 0.291339 0 -0.96063 
vn 0.275591 0.00787402 -0.96063 
vn -0.0472441 -0.023622 -1 
vn -0.102362 -0.023622 -0.992126 
vn -0.0551181 0 -1 
vn -0.110236 0 -0.992126 
vn 0 0 -1 
vn -0.110236 -0.0787402 -0.992126 
vn -0.149606 -0.023622 -0.992126 
vn -0.165354 -0.0787402 -0.984252 
vn -0.173228 0 -0.984252 
vn -0.0629921 0 -1 
vn -0.19685 -0.023622 -0.984252 
vn -0.133858 0 -0.992126 
vn 0 0 -1 
vn -0.0787402 0 -1 
vn 0 0 -1 
vn 0 0 -1 
vn -0.0866142 0 -1 
vn -0.165354 0 -0.984252 
vn -0.188976 0.00787402 -0.984252 
vn -0.212598 0 -0.976378 
vn -0.275591 0.00787402 -0.96063 
vn -0.322835 0.00787402 -0.944882 
vn -0.23622 -0.00787402 -0.968504 
vn -0.299213 0 -0.952756 
vn -0.393701 0.00787402 -0.92126 
vn -0.480315 0.00787402 -0.88189 
vn -0.503937 0.00787402 -0.866142 
vn -0.535433 0.00787402 -0.84252 
vn -0.566929 0.00787402 -0.818898 
vn -0.377953 0 -0.92126 
vn -0.535433 0.00787402 -0.84252 
vn -0.590551 0 -0.80315 
vn -0.440945 0 -0.897638 
vn -0.299213 -0.00787402 -0.952756 
vn -0.559055 0 -0.826772 
vn -0.598425 -0.015748 -0.80315 
vn -0.346457 -0.00787402 -0.937008 
vn -0.480315 0 -0.874016 
vn -0.566929 -0.023622 -0.818898 
vn -0.590551 -0.11811 -0.80315 
vn -0.401575 -0.00787402 -0.913386 
vn -0.511811 -0.015748 -0.858268 
vn -0.566929 -0.0944882 -0.818898 
vn -0.519685 -0.220472 -0.826772 
vn -0.543307 -0.267717 -0.795276 
vn -0.488189 -0.0787402 -0.874016 
vn -0.503937 -0.322835 -0.795276 
vn -0.433071 -0.023622 -0.897638 
vn -0.362205 -0.023622 -0.929134 
vn -0.464567 -0.283465 -0.834646 
vn -0.448819 -0.346457 -0.818898 
vn -0.433071 -0.11811 -0.897638 
vn -0.393701 -0.0551181 -0.913386 
vn -0.330709 -0.023622 -0.944882 
vn -0.338583 -0.0708661 -0.937008 
vn -0.283465 -0.023622 -0.96063 
vn -0.362205 -0.141732 -0.92126 
vn -0.283465 -0.0708661 -0.952756 
vn -0.244094 -0.023622 -0.968504 
vn -0.228346 -0.0708661 -0.968504 
vn -0.283465 -0.149606 -0.944882 
vn -0.370079 -0.283465 -0.88189 
vn -0.307087 -0.370079 -0.874016 
vn -0.259843 -0.291339 -0.92126 
vn -0.19685 -0.377953 -0.905512 
vn -0.204724 -0.15748 -0.968504 
vn -0.165354 -0.291339 -0.944882 
vn -0.0944882 -0.377953 -0.92126 
vn -0.133858 -0.15748 -0.976378 
vn -0.0787402 -0.291339 -0.952756 
vn 0 -0.385827 -0.92126 
vn -0.0629921 -0.15748 -0.984252 
vn -0.0551181 -0.0787402 -0.992126 
vn 0 -0.299213 -0.952756 
vn 0 -0.15748 -0.984252 
vn 0 -0.023622 -1 
vn 0 -0.0787402 -1 
vn 0.0551181 -0.0787402 -0.992126 
vn 0.0629921 -0.15748 -0.984252 
vn 0.0787402 -0.291339 -0.952756 
vn 0.0944882 -0.377953 -0.92126 
vn 0.0472441 -0.023622 -1 
vn 0.110236 -0.0787402 -0.992126 
vn 0.133858 -0.15748 -0.976378 
vn 0.165354 -0.291339 -0.944882 
vn 0.19685 -0.377953 -0.905512 
vn 0.0551181 0 -1 
vn 0.102362 -0.023622 -0.992126 
vn 0.165354 -0.0787402 -0.984252 
vn 0.110236 0 -0.992126 
vn 0.0629921 0 -1 
vn 0.149606 -0.023622 -0.992126 
vn 0.0787402 0 -1 
vn 0.0866142 0 -1 
vn 0.133858 0 -0.992126 
vn 0.165354 0 -0.984252 
vn 0.188976 0.00787402 -0.984252 
vn 0.173228 0 -0.984252 
vn 0.212598 0 -0.976378 
vn 0.275591 0.00787402 -0.96063 
vn 0.322835 0.00787402 -0.944882 
vn 0.19685 -0.023622 -0.984252 
vn 0.23622 -0.00787402 -0.968504 
vn 0.299213 0 -0.952756 
vn 0.393701 0.00787402 -0.92126 
vn 0.480315 0.00787402 -0.88189 
vn 0.503937 0.00787402 -0.866142 
vn 0.535433 0.00787402 -0.84252 
vn 0.566929 0.015748 -0.818898 
vn 0.377953 0 -0.92126 
vn 0.535433 0.00787402 -0.84252 
vn 0.590551 0 -0.80315 
vn 0.440945 0 -0.897638 
vn 0.299213 -0.00787402 -0.952756 
vn 0.559055 0 -0.826772 
vn 0.598425 -0.015748 -0.80315 
vn 0.346457 -0.00787402 -0.937008 
vn 0.566929 -0.023622 -0.818898 
vn 0.590551 -0.110236 -0.80315 
vn 0.488189 0 -0.874016 
vn 0.401575 -0.00787402 -0.913386 
vn 0.511811 -0.015748 -0.858268 
vn 0.566929 -0.0944882 -0.818898 
vn 0.519685 -0.220472 -0.826772 
vn 0.543307 -0.267717 -0.795276 
vn 0.488189 -0.0787402 -0.874016 
vn 0.503937 -0.322835 -0.795276 
vn 0.440945 -0.023622 -0.897638 
vn 0.362205 -0.023622 -0.929134 
vn 0.393701 -0.0551181 -0.913386 
vn 0.330709 -0.023622 -0.944882 
vn 0.433071 -0.11811 -0.897638 
vn 0.338583 -0.0708661 -0.937008 
vn 0.283465 -0.023622 -0.96063 
vn 0.464567 -0.283465 -0.834646 
vn 0.448819 -0.346457 -0.818898 
vn 0.362205 -0.141732 -0.92126 
vn 0.370079 -0.283465 -0.88189 
vn 0.307087 -0.370079 -0.874016 
vn 0.283465 -0.0708661 -0.952756 
vn 0.283465 -0.149606 -0.944882 
vn 0.259843 -0.291339 -0.92126 
vn 0.204724 -0.15748 -0.968504 
vn 0.228346 -0.0708661 -0.968504 
vn 0.244094 -0.023622 -0.968504 
vn 0 1 0 
vn 0 1 0 
vn 0 1 0 
vn 0 1 0 
vn 0 1 0 
vn 0 1 0 
vn 0 1 0 
vn 0 1 0 
vn 0 1 0 
vn 0 1 0 
vn 0 1 0 
vn 0 1 0 
vn 0 1 0 
vn 0 1 0 
vn 0 1 0 
vn 0 1 0 
vn -0.874016 0.0472441 0.480315 
vn -0.874016 -0.0944882 0.480315 
vn -0.874016 -0.0944882 0.480315 
vn -0.858268 -0.212598 0.472441 
vn -0.858268 -0.212598 0.472441 
vn -0.874016 0.0551181 0.480315 
vn -0.858268 0.228346 0.464567 
vn -0.858268 0.228346 0.464567 
vn -0.811024 0.401575 0.425197 
vn -0.811024 0.393701 0.425197 
vn -0.724409 0.559055 0.393701 
vn -0.732283 0.559055 0.393701 
vn -0.582677 0.724409 0.362205 
vn -0.582677 0.732283 0.362205 
vn -0.417323 0.850394 0.314961 
vn -0.417323 0.858268 0.314961 
vn -0.212598 0.944882 0.244094 
vn -0.212598 0.944882 0.244094 
vn 0.0314961 0.984252 0.165354 
vn 0.023622 0.984252 0.165354 
vn 0.275591 0.96063 0.0944882 
vn 0.275591 0.952756 0.0944882 
vn 0.511811 0.858268 0.0393701 
vn 0.511811 0.858268 0.0393701 
vn 0.692913 0.716535 0 
vn 0.700787 0.716535 0 
vn 0.858268 0.511811 -0.0314961 
vn 0.858268 0.511811 -0.0314961 
vn 0.937008 0.338583 -0.0551181 
vn 0.937008 0.338583 -0.0551181 
vn 0.984252 0.188976 -0.0629921 
vn 0.984252 0.181102 -0.0629921 
vn 1 0.0314961 -0.0629921 
vn 1 0.0314961 -0.0629921 
vn 0.992126 -0.102362 -0.0629921 
vn 0.992126 -0.102362 -0.0629921 
vn 0.976378 -0.204724 -0.0629921 
vn 0.976378 -0.204724 -0.0629921 
vn 0.913386 -0.0551181 0.409449 
vn 0.905512 -0.125984 0.401575 
vn 0.913386 -0.0551181 0.409449 
vn 0.905512 -0.125984 0.401575 
vn 0.897638 -0.173228 0.401575 
vn 0.897638 -0.173228 0.401575 
vn 0.905512 0.0866142 0.417323 
vn 0.905512 0.0866142 0.417323 
vn 0.866142 0.283465 0.409449 
vn 0.874016 0.275591 0.409449 
vn 0.779528 0.496063 0.377953 
vn 0.779528 0.496063 0.377953 
vn 0.645669 0.685039 0.338583 
vn 0.645669 0.685039 0.338583 
vn 0.488189 0.818898 0.299213 
vn 0.496063 0.818898 0.299213 
vn 0.251969 0.937008 0.23622 
vn 0.259843 0.937008 0.23622 
vn -0.023622 0.984252 0.165354 
vn -0.0314961 0.984252 0.165354 
vn -0.283465 0.952756 0.0944882 
vn -0.291339 0.952756 0.0944882 
vn -0.527559 0.850394 0.0393701 
vn -0.527559 0.850394 0.0393701 
vn -0.708661 0.708661 0 
vn -0.708661 0.700787 0 
vn -0.858268 0.511811 -0.023622 
vn -0.858268 0.511811 -0.023622 
vn -0.937008 0.346457 -0.0393701 
vn -0.937008 0.338583 -0.0393701 
vn -0.976378 0.188976 -0.0551181 
vn -0.984252 0.188976 -0.0551181 
vn -1 0 -0.0629921 
vn -1 0 -0.0629921 
vn -0.984252 -0.149606 -0.0629921 
vn -0.984252 -0.149606 -0.0629921 
vn -0.968504 -0.244094 -0.0629921 
vn -0.968504 -0.244094 -0.0629921 
vn 0 -1 0 
vn 0 -1 0 
vn 0 -1 0 
vn 0 -1 0 
vn 0 -1 0 
vn 0 -1 0 
vn 0 -1 0 
vn 0 -1 0 
vn 0 -1 0 
vn 0 -1 0 
vn 0 -1 0 
vn 0 -1 0 
vn 0 -1 0 
vn 0 -1 0 
vn 0 -1 0 
vn 0 -1 0 
vn 0 -1 0 
vn 0 -1 0 
vn 0 -1 0 
vn 0 -1 0 
vn 0 -1 0 
vn 0 -1 0 
vn 0 -1 0 
vn 0 -1 0 
vn 0 -1 0 
vn 0 -1 0 
vn 0 -1 0 
vn 0 -1 0 
vn 0 -1 0 
vn 0 -1 0 
vn 0 -1 0 
vn 0 -1 0 
vn 0 -1 0 
vn 0 -1 0 
vn -0.377953 -0.125984 -0.92126 
vn -0.425197 -0.0551181 -0.905512 
vn -0.362205 -0.0629921 -0.929134 
vn -0.307087 -0.133858 -0.944882 
vn -0.417323 -0.125984 -0.897638 
vn -0.464567 -0.0472441 -0.88189 
vn -0.464567 -0.015748 -0.88189 
vn -0.299213 -0.0629921 -0.952756 
vn -0.23622 -0.133858 -0.96063 
vn -0.362205 -0.00787402 -0.929134 
vn -0.417323 -0.00787402 -0.905512 
vn -0.464567 0 -0.88189 
vn -0.409449 0 -0.913386 
vn -0.362205 0 -0.929134 
vn -0.291339 0 -0.952756 
vn -0.228346 -0.0629921 -0.968504 
vn -0.291339 -0.00787402 -0.952756 
vn -0.220472 -0.00787402 -0.976378 
vn -0.220472 0 -0.976378 
vn -0.15748 -0.125984 -0.976378 
vn -0.149606 0 -0.992126 
vn -0.149606 -0.00787402 -0.992126 
vn -0.0708661 0 -1 
vn -0.149606 -0.0629921 -0.984252 
vn -0.0787402 -0.133858 -0.992126 
vn -0.0708661 -0.0629921 -0.992126 
vn 0 -0.133858 -0.992126 
vn -0.0708661 -0.00787402 -1 
vn 0 -0.00787402 -1 
vn 0 0 -1 
vn 0 -0.0629921 -1 
vn 0.0708661 0 -1 
vn 0.0708661 -0.0629921 -0.992126 
vn 0.0708661 -0.00787402 -1 
vn 0.0787402 -0.125984 -0.992126 
vn 0.149606 -0.00787402 -0.992126 
vn 0.149606 0 -0.992126 
vn 0.149606 -0.0629921 -0.984252 
vn 0.15748 -0.125984 -0.976378 
vn 0.220472 -0.0629921 -0.976378 
vn 0.23622 -0.133858 -0.96063 
vn 0.220472 -0.00787402 -0.976378 
vn 0.220472 0 -0.976378 
vn 0.291339 0 -0.952756 
vn 0.291339 -0.00787402 -0.952756 
vn 0.299213 -0.0629921 -0.952756 
vn 0.307087 -0.133858 -0.944882 
vn 0.362205 -0.00787402 -0.929134 
vn 0.362205 0 -0.929134 
vn 0.409449 0 -0.913386 
vn 0.362205 -0.0629921 -0.929134 
vn 0.377953 -0.125984 -0.92126 
vn 0.417323 -0.00787402 -0.905512 
vn 0.464567 0 -0.88189 
vn 0.464567 -0.015748 -0.889764 
vn 0.425197 -0.0551181 -0.905512 
vn 0.464567 -0.0472441 -0.88189 
vn 0.417323 -0.125984 -0.897638 
vn 0.00787402 -1 0 
vn 0.00787402 -1 0 
vn 0.653543 -0.692913 -0.307087 
vn 0 -1 0 
vn 0.653543 -0.692913 -0.307087 
vn 0 -1 0 
vn 0.874016 -0.228346 -0.425197 
vn 0 -1 0 
vn 0.88189 -0.220472 -0.425197 
vn 0 -1 0 
vn 0.897638 -0.00787402 -0.433071 
vn 0 -1 0 
vn 0.897638 -0.00787402 -0.433071 
vn 0 -1 0 
vn 0.897638 0.133858 -0.417323 
vn 0 -1 0 
vn 0.897638 0.125984 -0.417323 
vn 0.88189 0.23622 -0.401575 
vn 0.88189 0.23622 -0.401575 
vn 0 -1 0 
vn 0 -1 0 
vn 0 -1 0 
vn 0 -0.614173 -0.787402 
vn 0.110236 -0.755906 -0.645669 
vn 0 -0.755906 -0.653543 
vn -0.110236 -0.755906 -0.645669 
vn 0 -1 0 
vn 0 -1 0 
vn 0 -1 0 
vn 0 -1 0 
vn 0 -1 0 
vn 0 -1 0 
vn 0 -1 0 
vn 0 -1 0 
vn -0.00787402 -1 0 
vn -0.00787402 -1 0 
vn -0.653543 -0.692913 -0.307087 
vn -0.653543 -0.685039 -0.307087 
vn -0.88189 -0.228346 -0.417323 
vn -0.88189 -0.220472 -0.425197 
vn -0.897638 -0.00787402 -0.433071 
vn -0.897638 -0.00787402 -0.433071 
vn -0.897638 0.133858 -0.417323 
vn -0.897638 0.125984 -0.417323 
vn -0.88189 0.23622 -0.401575 
vn -0.88189 0.23622 -0.401575 
vn -0.125984 -0.0787402 0.992126 
vn -0.0629921 -0.0787402 0.992126 
vn -0.0629921 -0.0787402 0.992126 
vn -0.133858 -0.0787402 0.984252 
vn 0 -0.0787402 1 
vn -0.188976 -0.0787402 0.976378 
vn 0 -0.0787402 1 
vn -0.19685 -0.0787402 0.976378 
vn 0.0629921 -0.0787402 0.992126 
vn -0.251969 -0.0787402 0.96063 
vn 0.0708661 -0.0787402 0.992126 
vn -0.267717 -0.0787402 0.96063 
vn 0.125984 -0.0787402 0.992126 
vn -0.314961 -0.0708661 0.944882 
vn 0.133858 -0.0787402 0.984252 
vn -0.330709 -0.0708661 0.937008 
vn 0.188976 -0.0787402 0.976378 
vn -0.401575 -0.0551181 0.913386 
vn 0.19685 -0.0787402 0.976378 
vn -0.417323 -0.0551181 0.905512 
vn 0.251969 -0.0787402 0.96063 
vn -0.464567 -0.0314961 0.88189 
vn 0.267717 -0.0787402 0.96063 
vn -0.480315 -0.015748 0.88189 
vn 0.314961 -0.0708661 0.944882 
vn -0.551181 0.0314961 0.834646 
vn 0.330709 -0.0708661 0.937008 
vn -0.551181 0.0314961 0.834646 
vn 0.401575 -0.0551181 0.913386 
vn -0.456693 0.102362 0.88189 
vn 0.417323 -0.0551181 0.905512 
vn -0.448819 0.11811 0.889764 
vn -0.401575 0.141732 0.905512 
vn -0.393701 0.141732 0.913386 
vn 0.464567 -0.0314961 0.88189 
vn 0.480315 -0.015748 0.88189 
vn 0.551181 0.0314961 0.834646 
vn 0.551181 0.0314961 0.834646 
vn 0.456693 0.102362 0.88189 
vn 0.448819 0.11811 0.889764 
vn 0.401575 0.141732 0.905512 
vn 0.393701 0.141732 0.905512 
vn 0 -1 0 
vn 0 -1 0 
vn 0 -1 0 
vn 0 -1 0 
vn 0 -1 0 
vn 0 -1 0 
vn 0 -1 0 
vn 0 -1 0 
vn 0 -1 0 
vn 0 -1 0 
vn 0 -1 0 
vn 0 -1 0 
vn 0 -1 0 
vn 0 -1 0 
vn 0 -1 0 
vn 0 -1 0 
vn 0.96063 0.267717 0.0787402 
vn 0.984252 0.141732 0.0787402 
vn 0.984252 0.141732 0.0787402 
vn 0.96063 0.267717 0.0787402 
vn 1 -0.023622 0.0787402 
vn 1 -0.023622 0.0787402 
vn 0.976378 -0.204724 0.0708661 
vn 0.976378 -0.204724 0.0708661 
vn 0.92126 -0.377953 0.0629921 
vn 0.92126 -0.377953 0.0629921 
vn 0.818898 -0.574803 0.0472441 
vn 0.818898 -0.574803 0.0472441 
vn 0.653543 -0.755906 0.015748 
vn 0.653543 -0.755906 0.015748 
vn 0.425197 -0.905512 -0.0393701 
vn 0.425197 -0.905512 -0.0393701 
vn 0.228346 -0.968504 -0.0944882 
vn 0.228346 -0.968504 -0.0944882 
vn 0.0314961 -0.992126 -0.141732 
vn 0.0314961 -0.992126 -0.141732 
vn -0.19685 -0.96063 -0.188976 
vn -0.204724 -0.96063 -0.19685 
vn -0.433071 -0.866142 -0.244094 
vn -0.425197 -0.874016 -0.244094 
vn -0.622047 -0.724409 -0.307087 
vn -0.614173 -0.724409 -0.307087 
vn -0.755906 -0.543307 -0.370079 
vn -0.748031 -0.551181 -0.370079 
vn -0.858268 -0.322835 -0.401575 
vn -0.858268 -0.322835 -0.401575 
vn -0.905512 -0.102362 -0.409449 
vn -0.905512 -0.110236 -0.409449 
vn -0.913386 0.0551181 -0.401575 
vn -0.913386 0.0551181 -0.401575 
vn -0.905512 0.141732 -0.393701 
vn -0.905512 0.141732 -0.393701 
vn -0.905512 0.204724 -0.377953 
vn -0.905512 0.204724 -0.377953 
vn -0.968504 0.220472 0.0866142 
vn -0.992126 0.110236 0.0866142 
vn -0.992126 0.110236 0.0866142 
vn -0.968504 0.220472 0.0866142 
vn -0.992126 -0.0314961 0.0866142 
vn -0.992126 -0.0314961 0.0866142 
vn -0.976378 -0.19685 0.0866142 
vn -0.976378 -0.19685 0.0866142 
vn -0.929134 -0.362205 0.0866142 
vn -0.929134 -0.362205 0.0866142 
vn -0.818898 -0.566929 0.0708661 
vn -0.818898 -0.566929 0.0708661 
vn -0.622047 -0.779528 0.023622 
vn -0.622047 -0.779528 0.023622 
vn -0.393701 -0.913386 -0.0393701 
vn -0.393701 -0.92126 -0.0393701 
vn -0.220472 -0.968504 -0.0944882 
vn -0.212598 -0.968504 -0.0944882 
vn -0.0314961 -0.992126 -0.149606 
vn -0.0314961 -0.992126 -0.149606 
vn 0.173228 -0.968504 -0.19685 
vn 0.165354 -0.968504 -0.19685 
vn 0.346457 -0.905512 -0.251969 
vn 0.346457 -0.905512 -0.251969 
vn 0.574803 -0.755906 -0.314961 
vn 0.574803 -0.755906 -0.314961 
vn 0.724409 -0.590551 -0.354331 
vn 0.724409 -0.590551 -0.354331 
vn 0.811024 -0.433071 -0.393701 
vn 0.811024 -0.425197 -0.393701 
vn 0.866142 -0.244094 -0.440945 
vn 0.866142 -0.244094 -0.440945 
vn 0.88189 -0.0551181 -0.464567 
vn 0.88189 -0.0551181 -0.464567 
vn 0.88189 0.102362 -0.464567 
vn 0.88189 0.102362 -0.464567 
vn 0.866142 0.19685 -0.456693 
vn 0.866142 0.19685 -0.456693 
vn 0 1 0 
vn 0 1 0 
vn 0 1 0 
vn 0 1 0 
vn 0 1 0 
vn 0 1 0 
vn 0 1 0 
vn 0 1 0 
vn 0 1 0 
vn 0 1 0 
vn 0 1 0 
vn 0 1 0 
vn 0 1 0 
vn 0 1 0 
vn 0 1 0 
vn 0 1 0 
vn 0 1 0 
vn 0 1 0 
vn 0 1 0 
vn 0 1 0 
vn 0 1 0 
vn 0 1 0 
vn 0 1 0 
vn 0 1 0 
vn 0 1 0 
vn 0 1 0 
vn 0 1 0 
vn 0 1 0 
vn 0 1 0 
vn 0 1 0 
vn 0 1 0 
vn 0 1 0 
vn 0 1 0 
vn 0 1 0 
vn 0.519685 -0.850394 0.0944882 
vn 0 -1 -0.00787402 
vn 0.519685 -0.850394 0.0944882 
vn 0 -1 -0.00787402 
vn 0.850394 -0.496063 0.181102 
vn -0.480315 -0.874016 -0.0708661 
vn 0.850394 -0.496063 0.181102 
vn -0.480315 -0.874016 -0.0708661 
vn 0.976378 0 0.228346 
vn -0.866142 -0.488189 -0.102362 
vn 0.976378 0 0.228346 
vn -0.866142 -0.488189 -0.102362 
vn 0.84252 0.488189 0.228346 
vn -1 0 -0.0866142 
vn 0.834646 0.496063 0.228346 
vn -1 0 -0.0866142 
vn 0.503937 0.84252 0.188976 
vn -0.874016 0.488189 -0.0472441 
vn 0.503937 0.84252 0.188976 
vn -0.874016 0.488189 -0.0472441 
vn -0.015748 0.992126 0.110236 
vn -0.496063 0.866142 0.0314961 
vn -0.015748 0.992126 0.110236 
vn -0.496063 0.866142 0.0314961 
vn 0 -1 -0.00787402 
vn -0.464567 -0.866142 0.19685 
vn -0.456693 -0.866142 0.19685 
vn -0.771654 -0.527559 0.354331 
vn -0.00787402 -1 -0.00787402 
vn -0.771654 -0.527559 0.354331 
vn 0.433071 -0.88189 -0.165354 
vn -0.897638 0 0.440945 
vn 0.433071 -0.88189 -0.165354 
vn -0.897638 0 0.440945 
vn 0.818898 -0.503937 -0.275591 
vn -0.748031 0.519685 0.401575 
vn 0.811024 -0.511811 -0.275591 
vn -0.748031 0.527559 0.401575 
vn 0.952756 0 -0.299213 
vn -0.425197 0.858268 0.283465 
vn 0.952756 0 -0.299213 
vn -0.425197 0.858268 0.283465 
vn 0.834646 0.503937 -0.228346 
vn 0.0393701 0.992126 0.102362 
vn 0.826772 0.511811 -0.228346 
vn 0.0393701 0.992126 0.102362 
vn 0.472441 0.88189 -0.0708661 
vn 0.472441 0.88189 -0.0708661 
vn -0.102362 0.968504 -0.228346 
vn -0.0944882 0.968504 -0.228346 
vn -0.0944882 0.968504 -0.228346 
vn -0.102362 0.968504 -0.228346 
vn -0.0866142 0.968504 -0.23622 
vn -0.0866142 0.968504 -0.23622 
vn -0.0708661 0.968504 -0.244094 
vn -0.0708661 0.968504 -0.244094 
vn -0.0393701 0.968504 -0.251969 
vn -0.0393701 0.968504 -0.251969 
vn -0.015748 0.968504 -0.251969 
vn -0.015748 0.968504 -0.251969 
vn 0 0.968504 -0.251969 
vn 0 0.968504 -0.251969 
vn 0.015748 0.968504 -0.251969 
vn 0.015748 0.968504 -0.251969 
vn 0.0393701 0.968504 -0.251969 
vn 0.0393701 0.968504 -0.251969 
vn 0.0708661 0.968504 -0.244094 
vn 0.0708661 0.968504 -0.244094 
vn 0.0866142 0.968504 -0.23622 
vn 0.0866142 0.968504 -0.23622 
vn 0.0944882 0.968504 -0.228346 
vn 0.0944882 0.968504 -0.228346 
vn 0.102362 0.968504 -0.228346 
vn 0.102362 0.968504 -0.228346 
vn 0.393701 0.141732 0.905512 
vn 0.401575 0.141732 0.905512 
vn 0.330709 0.149606 0.929134 
vn 0.314961 0.149606 0.937008 
vn 0.267717 0.15748 0.952756 
vn 0.251969 0.15748 0.952756 
vn 0.204724 0.15748 0.968504 
vn 0.188976 0.15748 0.968504 
vn 0.133858 0.15748 0.976378 
vn 0.125984 0.15748 0.976378 
vn 0.0708661 0.15748 0.984252 
vn 0.0629921 0.15748 0.984252 
vn 0 0.165354 0.984252 
vn 0 0.165354 0.984252 
vn -0.0629921 0.15748 0.984252 
vn -0.0708661 0.15748 0.984252 
vn -0.125984 0.15748 0.976378 
vn -0.133858 0.15748 0.976378 
vn -0.188976 0.15748 0.968504 
vn -0.204724 0.15748 0.968504 
vn -0.251969 0.15748 0.952756 
vn -0.267717 0.15748 0.952756 
vn -0.314961 0.149606 0.937008 
vn -0.330709 0.149606 0.929134 
vn -0.393701 0.141732 0.913386 
vn -0.401575 0.141732 0.905512 

vt 0.938977 0.830856 
vt 0.941534 0.833981 
vt 0.938977 0.833981 
vt 0.946647 0.83696 
vt 0.94409 0.83696 
vt 0.94409 0.833981 
vt 0.941534 0.830856 
vt 0.938977 0.820312 
vt 0.946647 0.833981 
vt 0.94409 0.830856 
vt 0.941534 0.820312 
vt 0.946647 0.830856 
vt 0.94409 0.820312 
vt 0.941534 0.806994 
vt 0.938977 0.806994 
vt 0.94409 0.806994 
vt 0.946647 0.820312 
vt 0.949203 0.830856 
vt 0.949203 0.833981 
vt 0.949203 0.83696 
vt 0.946647 0.806994 
vt 0.949203 0.820312 
vt 0.95176 0.833981 
vt 0.95176 0.830856 
vt 0.95176 0.83696 
vt 0.95176 0.820312 
vt 0.949203 0.806994 
vt 0.982437 0.806994 
vt 0.984994 0.803665 
vt 0.984994 0.806994 
vt 0.982437 0.820312 
vt 0.979881 0.820312 
vt 0.984994 0.820312 
vt 0.982437 0.830856 
vt 0.98755 0.820312 
vt 0.984994 0.830856 
vt 0.98755 0.806994 
vt 0.98755 0.830856 
vt 0.984994 0.833981 
vt 0.990107 0.820312 
vt 0.98755 0.833981 
vt 0.990107 0.830856 
vt 0.992663 0.820312 
vt 0.992663 0.830856 
vt 0.990107 0.806994 
vt 0.992663 0.806994 
vt 0.990107 0.833981 
vt 0.992663 0.833981 
vt 0.98755 0.803665 
vt 0.990107 0.803665 
vt 0.992663 0.803665 
vt 0.990107 0.83696 
vt 0.992663 0.83696 
vt 0.98755 0.83696 
vt 0.990107 0.84029 
vt 0.992663 0.84029 
vt 0.992663 0.843619 
vt 0.98755 0.84029 
vt 0.984994 0.83696 
vt 0.990107 0.843619 
vt 0.990107 0.846949 
vt 0.992663 0.846949 
vt 0.98755 0.846949 
vt 0.98755 0.843619 
vt 0.984994 0.84029 
vt 0.984994 0.843619 
vt 0.984994 0.846949 
vt 0.982437 0.843619 
vt 0.982437 0.846949 
vt 0.979881 0.846949 
vt 0.982437 0.84029 
vt 0.979881 0.843619 
vt 0.982437 0.83696 
vt 0.979881 0.84029 
vt 0.977324 0.843619 
vt 0.977324 0.846949 
vt 0.979881 0.83696 
vt 0.963218 0.829405 
vt 0.967717 0.832449 
vt 0.967108 0.83489 
vt 0.967926 0.829769 
vt 0.966153 0.836877 
vt 0.967717 0.827089 
vt 0.964938 0.838232 
vt 0.967284 0.825236 
vt 0.96357 0.838835 
vt 0.966669 0.823585 
vt 0.96217 0.838633 
vt 0.966153 0.822661 
vt 0.960864 0.837642 
vt 0.965572 0.821896 
vt 0.959767 0.835953 
vt 0.964938 0.821306 
vt 0.958976 0.833714 
vt 0.964266 0.820906 
vt 0.958562 0.831124 
vt 0.96357 0.820703 
vt 0.958562 0.828414 
vt 0.962866 0.820703 
vt 0.958848 0.826457 
vt 0.96217 0.820906 
vt 0.961498 0.821306 
vt 0.959328 0.824648 
vt 0.960864 0.821896 
vt 0.959767 0.823585 
vt 0.960283 0.822661 
vt 0.977324 0.84029 
vt 0.975407 0.843619 
vt 0.975407 0.846949 
vt 0.977324 0.83696 
vt 0.97349 0.843619 
vt 0.97349 0.846949 
vt 0.975407 0.84029 
vt 0.97349 0.84029 
vt 0.972211 0.84029 
vt 0.972211 0.843619 
vt 0.972211 0.846949 
vt 0.970933 0.84029 
vt 0.975407 0.83696 
vt 0.97349 0.83696 
vt 0.970933 0.843619 
vt 0.970933 0.846949 
vt 0.969655 0.84029 
vt 0.969655 0.843619 
vt 0.969655 0.846949 
vt 0.968377 0.84029 
vt 0.968377 0.843619 
vt 0.968377 0.846949 
vt 0.967099 0.84029 
vt 0.967099 0.843619 
vt 0.967099 0.846949 
vt 0.96582 0.84029 
vt 0.96582 0.843619 
vt 0.96582 0.846949 
vt 0.964542 0.846949 
vt 0.964542 0.843619 
vt 0.964542 0.84029 
vt 0.963264 0.846949 
vt 0.963264 0.843619 
vt 0.963264 0.84029 
vt 0.961986 0.846949 
vt 0.961986 0.843619 
vt 0.961986 0.84029 
vt 0.960707 0.846949 
vt 0.960707 0.843619 
vt 0.960707 0.84029 
vt 0.959429 0.846949 
vt 0.959429 0.843619 
vt 0.959429 0.84029 
vt 0.958151 0.846949 
vt 0.958151 0.843619 
vt 0.956234 0.846949 
vt 0.958151 0.84029 
vt 0.956234 0.843619 
vt 0.954316 0.846949 
vt 0.954316 0.843619 
vt 0.95176 0.846949 
vt 0.95176 0.843619 
vt 0.949203 0.843619 
vt 0.949203 0.846949 
vt 0.95176 0.84029 
vt 0.954316 0.84029 
vt 0.946647 0.843619 
vt 0.946647 0.846949 
vt 0.94409 0.846949 
vt 0.949203 0.84029 
vt 0.94409 0.843619 
vt 0.946647 0.84029 
vt 0.941534 0.843619 
vt 0.94409 0.84029 
vt 0.941534 0.846949 
vt 0.938977 0.843619 
vt 0.938977 0.846949 
vt 0.941534 0.84029 
vt 0.938977 0.84029 
vt 0.938977 0.83696 
vt 0.941534 0.83696 
vt 0.972091 0.804746 
vt 0.9727 0.807188 
vt 0.968201 0.809504 
vt 0.972909 0.809867 
vt 0.971136 0.802759 
vt 0.9727 0.812547 
vt 0.969921 0.801404 
vt 0.972267 0.8144 
vt 0.968553 0.800801 
vt 0.971652 0.816051 
vt 0.967153 0.801004 
vt 0.971136 0.816975 
vt 0.965847 0.801994 
vt 0.970555 0.817741 
vt 0.96475 0.803684 
vt 0.969921 0.81833 
vt 0.963959 0.805923 
vt 0.969249 0.818731 
vt 0.963546 0.808512 
vt 0.968553 0.818933 
vt 0.963546 0.811222 
vt 0.967849 0.818933 
vt 0.963831 0.813179 
vt 0.967153 0.818731 
vt 0.964311 0.814989 
vt 0.966481 0.81833 
vt 0.96475 0.816051 
vt 0.965847 0.817741 
vt 0.965266 0.816975 
vt 0.954316 0.806994 
vt 0.956234 0.803665 
vt 0.956234 0.806994 
vt 0.958151 0.803665 
vt 0.958151 0.806994 
vt 0.956234 0.811434 
vt 0.958151 0.811434 
vt 0.954316 0.820312 
vt 0.956234 0.815873 
vt 0.958151 0.815873 
vt 0.958151 0.820312 
vt 0.956234 0.820312 
vt 0.958151 0.824752 
vt 0.956234 0.824752 
vt 0.958151 0.828023 
vt 0.954316 0.830856 
vt 0.956234 0.828023 
vt 0.958151 0.830856 
vt 0.956234 0.830856 
vt 0.958151 0.833981 
vt 0.954316 0.833981 
vt 0.954316 0.83696 
vt 0.956234 0.833981 
vt 0.958151 0.83696 
vt 0.956234 0.83696 
vt 0.956234 0.84029 
vt 0.946647 0.803665 
vt 0.94409 0.803665 
vt 0.946647 0.800335 
vt 0.941534 0.803665 
vt 0.938977 0.803665 
vt 0.94409 0.800335 
vt 0.941534 0.800335 
vt 0.938977 0.800335 
vt 0.94409 0.797006 
vt 0.941534 0.797006 
vt 0.938977 0.797006 
vt 0.938977 0.794088 
vt 0.941534 0.794088 
vt 0.938977 0.790992 
vt 0.941534 0.790992 
vt 0.94409 0.790992 
vt 0.94409 0.794088 
vt 0.946647 0.790992 
vt 0.946647 0.794088 
vt 0.949203 0.790992 
vt 0.946647 0.797006 
vt 0.949203 0.794088 
vt 0.95176 0.794088 
vt 0.95176 0.790992 
vt 0.949203 0.797006 
vt 0.949203 0.800335 
vt 0.95176 0.797006 
vt 0.949203 0.803665 
vt 0.95176 0.800335 
vt 0.95176 0.803665 
vt 0.95176 0.806994 
vt 0.954316 0.797006 
vt 0.954316 0.800335 
vt 0.954316 0.803665 
vt 0.954316 0.794088 
vt 0.954316 0.790992 
vt 0.956234 0.797006 
vt 0.956234 0.794088 
vt 0.956234 0.790992 
vt 0.956234 0.800335 
vt 0.958151 0.797006 
vt 0.958151 0.794088 
vt 0.958151 0.790992 
vt 0.958151 0.800335 
vt 0.959429 0.797006 
vt 0.959429 0.794088 
vt 0.960707 0.797006 
vt 0.959429 0.790992 
vt 0.960707 0.794088 
vt 0.961986 0.797006 
vt 0.960707 0.790992 
vt 0.961986 0.794088 
vt 0.963264 0.797006 
vt 0.961986 0.790992 
vt 0.963264 0.794088 
vt 0.964542 0.797006 
vt 0.963264 0.790992 
vt 0.964542 0.794088 
vt 0.96582 0.797006 
vt 0.964542 0.790992 
vt 0.96582 0.794088 
vt 0.96582 0.790992 
vt 0.967099 0.790992 
vt 0.967099 0.794088 
vt 0.967099 0.797006 
vt 0.968377 0.790992 
vt 0.968377 0.794088 
vt 0.968377 0.797006 
vt 0.969655 0.790992 
vt 0.969655 0.794088 
vt 0.969655 0.797006 
vt 0.970933 0.790992 
vt 0.970933 0.794088 
vt 0.970933 0.797006 
vt 0.972211 0.790992 
vt 0.972211 0.794088 
vt 0.972211 0.797006 
vt 0.97349 0.790992 
vt 0.97349 0.794088 
vt 0.975407 0.790992 
vt 0.97349 0.797006 
vt 0.975407 0.794088 
vt 0.977324 0.790992 
vt 0.977324 0.794088 
vt 0.979881 0.790992 
vt 0.975407 0.797006 
vt 0.979881 0.794088 
vt 0.975407 0.800335 
vt 0.97349 0.800335 
vt 0.977324 0.797006 
vt 0.982437 0.790992 
vt 0.977324 0.800335 
vt 0.979881 0.797006 
vt 0.979881 0.800335 
vt 0.982437 0.797006 
vt 0.982437 0.794088 
vt 0.984994 0.794088 
vt 0.984994 0.790992 
vt 0.984994 0.797006 
vt 0.982437 0.800335 
vt 0.979881 0.803665 
vt 0.984994 0.800335 
vt 0.98755 0.797006 
vt 0.98755 0.794088 
vt 0.98755 0.790992 
vt 0.982437 0.803665 
vt 0.990107 0.794088 
vt 0.990107 0.790992 
vt 0.992663 0.790992 
vt 0.992663 0.794088 
vt 0.990107 0.797006 
vt 0.992663 0.797006 
vt 0.992663 0.800335 
vt 0.990107 0.800335 
vt 0.98755 0.800335 
vt 0.979881 0.806994 
vt 0.977324 0.803665 
vt 0.977324 0.806994 
vt 0.975407 0.803665 
vt 0.97349 0.803665 
vt 0.975407 0.806994 
vt 0.97349 0.806994 
vt 0.975407 0.811434 
vt 0.97349 0.811434 
vt 0.977324 0.820312 
vt 0.975407 0.815873 
vt 0.97349 0.815873 
vt 0.97349 0.820312 
vt 0.975407 0.820312 
vt 0.97349 0.824752 
vt 0.979881 0.830856 
vt 0.975407 0.824752 
vt 0.97349 0.828023 
vt 0.977324 0.830856 
vt 0.975407 0.828023 
vt 0.97349 0.830856 
vt 0.975407 0.830856 
vt 0.97349 0.833981 
vt 0.975407 0.833981 
vt 0.977324 0.833981 
vt 0.979881 0.833981 
vt 0.982437 0.833981 
vt 0.880859 0.765625 
vt 0.885579 0.765625 
vt 0.885579 0.77474 
vt 0.880859 0.77474 
vt 0.880859 0.783854 
vt 0.890299 0.77474 
vt 0.890299 0.765625 
vt 0.885579 0.783854 
vt 0.880859 0.792969 
vt 0.891416 0.782585 
vt 0.89502 0.77474 
vt 0.89502 0.765625 
vt 0.89974 0.77474 
vt 0.89974 0.765625 
vt 0.897254 0.781869 
vt 0.896176 0.791959 
vt 0.90446 0.77474 
vt 0.90446 0.765625 
vt 0.90918 0.77474 
vt 0.90397 0.780649 
vt 0.90046 0.781226 
vt 0.89886 0.790439 
vt 0.901474 0.789543 
vt 0.906503 0.780306 
vt 0.90426 0.78876 
vt 0.901664 0.795529 
vt 0.90364 0.794988 
vt 0.903501 0.799722 
vt 0.902099 0.799722 
vt 0.904849 0.799722 
vt 0.900095 0.796437 
vt 0.900603 0.799722 
vt 0.898444 0.797853 
vt 0.899162 0.799722 
vt 0.905503 0.794609 
vt 0.906286 0.799722 
vt 0.907059 0.788241 
vt 0.907544 0.794318 
vt 0.907773 0.799722 
vt 0.90918 0.780262 
vt 0.909149 0.78806 
vt 0.909214 0.794178 
vt 0.90914 0.799722 
vt 0.910549 0.799722 
vt 0.91089 0.79433 
vt 0.912055 0.799722 
vt 0.911274 0.78824 
vt 0.912961 0.794608 
vt 0.913512 0.799722 
vt 0.911852 0.780306 
vt 0.914071 0.788763 
vt 0.914835 0.794981 
vt 0.914922 0.799722 
vt 0.9139 0.77474 
vt 0.9139 0.765625 
vt 0.91862 0.765625 
vt 0.914389 0.780649 
vt 0.91862 0.77474 
vt 0.92334 0.765625 
vt 0.916867 0.789545 
vt 0.917892 0.781222 
vt 0.92334 0.77474 
vt 0.92806 0.765625 
vt 0.921102 0.781876 
vt 0.919491 0.790443 
vt 0.916827 0.795533 
vt 0.916361 0.799722 
vt 0.918405 0.796441 
vt 0.917893 0.799722 
vt 0.922169 0.791959 
vt 0.9139 0.865885 
vt 0.91862 0.865885 
vt 0.91862 0.875 
vt 0.92334 0.875 
vt 0.911864 0.857024 
vt 0.915306 0.857024 
vt 0.90918 0.847591 
vt 0.911815 0.847592 
vt 0.92334 0.865885 
vt 0.92806 0.875 
vt 0.91832 0.857024 
vt 0.915231 0.847591 
vt 0.92806 0.865885 
vt 0.93278 0.875 
vt 0.923132 0.857024 
vt 0.918169 0.847591 
vt 0.915211 0.83865 
vt 0.9375 0.865885 
vt 0.9375 0.875 
vt 0.93278 0.865885 
vt 0.9375 0.856771 
vt 0.928213 0.857024 
vt 0.93278 0.856771 
vt 0.9375 0.847656 
vt 0.922839 0.847591 
vt 0.928021 0.847591 
vt 0.93278 0.847656 
vt 0.93278 0.838542 
vt 0.9375 0.838542 
vt 0.927591 0.83873 
vt 0.93278 0.829427 
vt 0.927215 0.829453 
vt 0.927196 0.820879 
vt 0.922422 0.83865 
vt 0.921926 0.829453 
vt 0.921441 0.821806 
vt 0.918117 0.83865 
vt 0.918187 0.829453 
vt 0.917118 0.821806 
vt 0.914929 0.829453 
vt 0.914195 0.821806 
vt 0.911736 0.83865 
vt 0.911414 0.829453 
vt 0.91132 0.821807 
vt 0.90918 0.829454 
vt 0.90918 0.83865 
vt 0.906945 0.829453 
vt 0.906623 0.83865 
vt 0.92058 0.915257 
vt 0.916517 0.915566 
vt 0.920001 0.91101 
vt 0.920007 0.919508 
vt 0.916513 0.911023 
vt 0.918426 0.907902 
vt 0.916507 0.906777 
vt 0.914132 0.907927 
vt 0.912563 0.911037 
vt 0.911991 0.915283 
vt 0.91257 0.919526 
vt 0.91652 0.919516 
vt 0.918438 0.922625 
vt 0.914144 0.922626 
vt 0.916521 0.923761 
vt 0.904158 0.821806 
vt 0.90378 0.829453 
vt 0.901233 0.821807 
vt 0.900518 0.803358 
vt 0.9008 0.807004 
vt 0.898991 0.806052 
vt 0.899162 0.803358 
vt 0.898919 0.815459 
vt 0.894561 0.813787 
vt 0.896911 0.821806 
vt 0.900172 0.829453 
vt 0.897468 0.804243 
vt 0.899162 0.801628 
vt 0.891833 0.810634 
vt 0.891163 0.820879 
vt 0.889986 0.811005 
vt 0.890586 0.804539 
vt 0.896774 0.801735 
vt 0.897569 0.799096 
vt 0.893815 0.793991 
vt 0.892147 0.79622 
vt 0.890978 0.799103 
vt 0.889187 0.803791 
vt 0.888898 0.797559 
vt 0.889225 0.793652 
vt 0.890071 0.788301 
vt 0.885579 0.792969 
vt 0.885579 0.802083 
vt 0.880859 0.802083 
vt 0.885579 0.811198 
vt 0.880859 0.811198 
vt 0.885579 0.820312 
vt 0.880859 0.820312 
vt 0.880859 0.829427 
vt 0.885579 0.829427 
vt 0.880859 0.838542 
vt 0.885579 0.838542 
vt 0.880859 0.847656 
vt 0.890767 0.83873 
vt 0.885579 0.847656 
vt 0.891142 0.829453 
vt 0.896433 0.829453 
vt 0.895937 0.83865 
vt 0.900242 0.83865 
vt 0.903498 0.83865 
vt 0.90019 0.847591 
vt 0.895521 0.847591 
vt 0.890338 0.847591 
vt 0.885579 0.856771 
vt 0.880859 0.856771 
vt 0.890146 0.857024 
vt 0.885579 0.865885 
vt 0.880859 0.865885 
vt 0.885579 0.875 
vt 0.880859 0.875 
vt 0.890299 0.865885 
vt 0.890299 0.875 
vt 0.895229 0.857024 
vt 0.89502 0.865885 
vt 0.89502 0.875 
vt 0.900049 0.857024 
vt 0.89974 0.865885 
vt 0.89974 0.875 
vt 0.903478 0.847591 
vt 0.903403 0.857024 
vt 0.90446 0.865885 
vt 0.90446 0.875 
vt 0.906548 0.847592 
vt 0.906585 0.857024 
vt 0.90918 0.865885 
vt 0.90918 0.875 
vt 0.9139 0.875 
vt 0.90918 0.857024 
vt 0.898746 0.910347 
vt 0.902181 0.915039 
vt 0.898122 0.91457 
vt 0.89865 0.918842 
vt 0.902233 0.910496 
vt 0.900354 0.907301 
vt 0.902284 0.906252 
vt 0.904647 0.907495 
vt 0.906182 0.910667 
vt 0.906709 0.914934 
vt 0.906085 0.919153 
vt 0.902136 0.918988 
vt 0.900186 0.922021 
vt 0.904479 0.922191 
vt 0.90209 0.923232 
vt 0.90314 0.961306 
vt 0.905878 0.962883 
vt 0.903123 0.962768 
vt 0.900061 0.962743 
vt 0.906494 0.961463 
vt 0.900016 0.961291 
vt 0.906902 0.963874 
vt 0.898289 0.962862 
vt 0.906259 0.964866 
vt 0.897611 0.961449 
vt 0.907124 0.967524 
vt 0.8973 0.963823 
vt 0.906358 0.967579 
vt 0.897993 0.96479 
vt 0.90699 0.969798 
vt 0.89708 0.967432 
vt 0.906228 0.969769 
vt 0.897841 0.967457 
vt 0.906688 0.971949 
vt 0.89784 0.969602 
vt 0.90589 0.971964 
vt 0.897096 0.969676 
vt 0.906195 0.973942 
vt 0.897277 0.971813 
vt 0.905326 0.973969 
vt 0.898066 0.971786 
vt 0.905526 0.975647 
vt 0.897675 0.973789 
vt 0.904534 0.975659 
vt 0.898546 0.973816 
vt 0.904388 0.977412 
vt 0.898295 0.975526 
vt 0.903673 0.976689 
vt 0.899272 0.975543 
vt 0.903054 0.978523 
vt 0.899274 0.977276 
vt 0.902701 0.977278 
vt 0.899994 0.976586 
vt 0.901666 0.978858 
vt 0.900388 0.978418 
vt 0.90172 0.977466 
vt 0.90081 0.97725 
vt 0.903161 0.944914 
vt 0.903225 0.940734 
vt 0.906599 0.944891 
vt 0.906957 0.940709 
vt 0.90672 0.93504 
vt 0.903312 0.935064 
vt 0.900142 0.935085 
vt 0.900161 0.940755 
vt 0.897801 0.935101 
vt 0.905334 0.949097 
vt 0.897584 0.940773 
vt 0.8978 0.944951 
vt 0.900175 0.944935 
vt 0.898986 0.94914 
vt 0.903096 0.949112 
vt 0.903177 0.951311 
vt 0.90019 0.949132 
vt 0.900236 0.951295 
vt 0.911798 0.963564 
vt 0.914638 0.961948 
vt 0.914657 0.96337 
vt 0.911115 0.962181 
vt 0.917434 0.961875 
vt 0.910769 0.964535 
vt 0.917442 0.9633 
vt 0.911481 0.965505 
vt 0.9206 0.96326 
vt 0.910682 0.968136 
vt 0.921252 0.961841 
vt 0.911434 0.968174 
vt 0.921623 0.964161 
vt 0.910817 0.970368 
vt 0.92091 0.965189 
vt 0.911567 0.970324 
vt 0.921749 0.967721 
vt 0.911132 0.972503 
vt 0.920998 0.967802 
vt 0.911906 0.972434 
vt 0.921628 0.969937 
vt 0.911621 0.974419 
vt 0.92086 0.969918 
vt 0.91246 0.974459 
vt 0.921319 0.972078 
vt 0.912295 0.97606 
vt 0.920546 0.971961 
vt 0.913252 0.97604 
vt 0.920831 0.97405 
vt 0.913533 0.977822 
vt 0.919995 0.973937 
vt 0.914154 0.976968 
vt 0.920206 0.975699 
vt 0.914946 0.978897 
vt 0.919249 0.975742 
vt 0.915268 0.977594 
vt 0.919123 0.977467 
vt 0.916424 0.979175 
vt 0.918502 0.9767 
vt 0.91641 0.977748 
vt 0.917817 0.978696 
vt 0.917478 0.977473 
vt 0.914822 0.944172 
vt 0.911697 0.944061 
vt 0.914793 0.94037 
vt 0.911372 0.940248 
vt 0.911628 0.935102 
vt 0.914754 0.935213 
vt 0.917435 0.935309 
vt 0.917378 0.940463 
vt 0.920912 0.935433 
vt 0.912818 0.947918 
vt 0.921069 0.940594 
vt 0.920671 0.944381 
vt 0.917335 0.944262 
vt 0.919478 0.948155 
vt 0.914851 0.94799 
vt 0.914846 0.950212 
vt 0.917293 0.948077 
vt 0.917301 0.950211 
vt 0.978575 0.893129 
vt 0.976098 0.893129 
vt 0.978295 0.888218 
vt 0.975961 0.888218 
vt 0.980567 0.888218 
vt 0.973908 0.893129 
vt 0.980989 0.893129 
vt 0.973908 0.888218 
vt 0.983389 0.893129 
vt 0.971595 0.888218 
vt 0.982979 0.888218 
vt 0.971504 0.893129 
vt 0.98506 0.888218 
vt 0.96923 0.888218 
vt 0.98602 0.893129 
vt 0.96904 0.893129 
vt 0.986509 0.888218 
vt 0.966932 0.888218 
vt 0.988367 0.893129 
vt 0.96664 0.893129 
vt 0.987933 0.888218 
vt 0.964261 0.893129 
vt 0.990978 0.890013 
vt 0.964683 0.888218 
vt 0.988126 0.885738 
vt 0.962644 0.888218 
vt 0.992144 0.885703 
vt 0.96163 0.893129 
vt 0.990849 0.881141 
vt 0.961211 0.888218 
vt 0.987821 0.883381 
vt 0.959084 0.893129 
vt 0.988448 0.877899 
vt 0.9599 0.888218 
vt 0.986269 0.883381 
vt 0.956823 0.889979 
vt 0.985725 0.877899 
vt 0.959646 0.885741 
vt 0.984723 0.883381 
vt 0.955673 0.885695 
vt 0.983236 0.877899 
vt 0.956941 0.881148 
vt 0.982736 0.883381 
vt 0.959937 0.883381 
vt 0.980493 0.883381 
vt 0.959263 0.877899 
vt 0.980935 0.877899 
vt 0.961411 0.883381 
vt 0.978514 0.877899 
vt 0.961904 0.877899 
vt 0.978214 0.883381 
vt 0.962913 0.883381 
vt 0.976018 0.877899 
vt 0.964341 0.877899 
vt 0.975865 0.883381 
vt 0.964838 0.883381 
vt 0.973908 0.877899 
vt 0.966929 0.883381 
vt 0.973908 0.883381 
vt 0.966602 0.877899 
vt 0.971519 0.883381 
vt 0.968977 0.877899 
vt 0.971431 0.877899 
vt 0.969188 0.883381 
vt 0.920076 0.797856 
vt 0.919359 0.799722 
vt 0.926943 0.782585 
vt 0.920968 0.799097 
vt 0.919359 0.801626 
vt 0.924532 0.793993 
vt 0.928289 0.788301 
vt 0.92806 0.77474 
vt 0.93278 0.765625 
vt 0.93278 0.77474 
vt 0.9375 0.765625 
vt 0.9375 0.77474 
vt 0.9375 0.783854 
vt 0.93278 0.783854 
vt 0.9375 0.792969 
vt 0.93278 0.792969 
vt 0.929135 0.793652 
vt 0.93278 0.802083 
vt 0.9375 0.802083 
vt 0.929462 0.797559 
vt 0.926206 0.796217 
vt 0.93278 0.811198 
vt 0.9375 0.811198 
vt 0.929172 0.803791 
vt 0.92738 0.799097 
vt 0.92178 0.801734 
vt 0.93278 0.820312 
vt 0.9375 0.820312 
vt 0.928374 0.811005 
vt 0.9375 0.829427 
vt 0.921082 0.804242 
vt 0.919359 0.803358 
vt 0.927784 0.804537 
vt 0.919538 0.806051 
vt 0.926528 0.810633 
vt 0.917916 0.803358 
vt 0.923788 0.813785 
vt 0.917709 0.807004 
vt 0.916507 0.803358 
vt 0.915807 0.807674 
vt 0.915022 0.803358 
vt 0.919771 0.815459 
vt 0.913976 0.808004 
vt 0.913541 0.803358 
vt 0.916304 0.815961 
vt 0.912276 0.808255 
vt 0.912093 0.803358 
vt 0.91336 0.816157 
vt 0.91052 0.808424 
vt 0.9106 0.803358 
vt 0.911204 0.81627 
vt 0.909222 0.808483 
vt 0.909173 0.803358 
vt 0.907819 0.803358 
vt 0.909139 0.81633 
vt 0.907951 0.808424 
vt 0.906321 0.803358 
vt 0.90918 0.821808 
vt 0.907108 0.81627 
vt 0.906185 0.808255 
vt 0.904868 0.803358 
vt 0.904493 0.808004 
vt 0.903444 0.803358 
vt 0.904967 0.816157 
vt 0.90703 0.821807 
vt 0.902682 0.807674 
vt 0.901975 0.803358 
vt 0.902019 0.815962 
vt 0.968654 0.954288 
vt 0.970159 0.954274 
vt 0.968701 0.955876 
vt 0.970198 0.955844 
vt 0.967271 0.955883 
vt 0.970149 0.952406 
vt 0.971628 0.954259 
vt 0.971611 0.952485 
vt 0.971651 0.955758 
vt 0.968996 0.962987 
vt 0.972966 0.954246 
vt 0.970961 0.962976 
vt 0.967271 0.963006 
vt 0.969361 0.970973 
vt 0.967271 0.971005 
vt 0.967271 0.9784 
vt 0.969609 0.9784 
vt 0.972029 0.97094 
vt 0.972692 0.9784 
vt 0.97308 0.962953 
vt 0.974943 0.970855 
vt 0.976198 0.9784 
vt 0.973136 0.955631 
vt 0.975164 0.962741 
vt 0.978188 0.970613 
vt 0.981183 0.9784 
vt 0.981497 0.969414 
vt 0.985895 0.9784 
vt 0.985895 0.968123 
vt 0.977645 0.962052 
vt 0.983183 0.965055 
vt 0.985895 0.961689 
vt 0.979766 0.960206 
vt 0.974625 0.955534 
vt 0.983919 0.960014 
vt 0.985895 0.955448 
vt 0.97641 0.955395 
vt 0.981107 0.95768 
vt 0.984156 0.954775 
vt 0.985895 0.949012 
vt 0.97811 0.955202 
vt 0.981839 0.954489 
vt 0.983793 0.950141 
vt 0.982854 0.945736 
vt 0.985895 0.942455 
vt 0.981225 0.951554 
vt 0.985895 0.936872 
vt 0.979266 0.954168 
vt 0.976528 0.954217 
vt 0.980784 0.942982 
vt 0.980569 0.936872 
vt 0.979767 0.949085 
vt 0.978103 0.95302 
vt 0.976306 0.954216 
vt 0.976408 0.952755 
vt 0.975265 0.954258 
vt 0.977608 0.947655 
vt 0.974469 0.952609 
vt 0.974348 0.954238 
vt 0.973077 0.952607 
vt 0.975121 0.947341 
vt 0.97768 0.942043 
vt 0.976457 0.936872 
vt 0.974862 0.941596 
vt 0.972905 0.936872 
vt 0.973012 0.947161 
vt 0.972048 0.941226 
vt 0.970019 0.936872 
vt 0.970897 0.947051 
vt 0.969597 0.941132 
vt 0.967271 0.936872 
vt 0.968983 0.946954 
vt 0.968638 0.952388 
vt 0.967271 0.94115 
vt 0.967271 0.946908 
vt 0.967271 0.954289 
vt 0.967271 0.952396 
vt 0.965891 0.952402 
vt 0.965513 0.946967 
vt 0.964864 0.941143 
vt 0.964405 0.936872 
vt 0.965887 0.954296 
vt 0.964381 0.952435 
vt 0.963593 0.947078 
vt 0.962398 0.941249 
vt 0.961511 0.936872 
vt 0.965851 0.955891 
vt 0.964382 0.954304 
vt 0.962919 0.952529 
vt 0.964353 0.955875 
vt 0.965599 0.963 
vt 0.962913 0.954306 
vt 0.965285 0.970981 
vt 0.965086 0.9784 
vt 0.963631 0.963002 
vt 0.962616 0.970957 
vt 0.962003 0.9784 
vt 0.9629 0.955804 
vt 0.961516 0.962995 
vt 0.959703 0.970888 
vt 0.958496 0.9784 
vt 0.961571 0.954307 
vt 0.961414 0.955693 
vt 0.959437 0.962805 
vt 0.956461 0.970666 
vt 0.953511 0.9784 
vt 0.953145 0.96951 
vt 0.948589 0.9784 
vt 0.948589 0.96834 
vt 0.956952 0.96215 
vt 0.951429 0.965213 
vt 0.948589 0.961976 
vt 0.954816 0.96033 
vt 0.959925 0.955612 
vt 0.950659 0.96021 
vt 0.948589 0.955753 
vt 0.958139 0.955493 
vt 0.950392 0.954994 
vt 0.948589 0.949274 
vt 0.953457 0.957827 
vt 0.956437 0.95532 
vt 0.952706 0.954659 
vt 0.950725 0.950322 
vt 0.951629 0.945899 
vt 0.948589 0.94264 
vt 0.953301 0.951697 
vt 0.948589 0.936872 
vt 0.955275 0.9543 
vt 0.958013 0.954319 
vt 0.956431 0.953138 
vt 0.958236 0.954315 
vt 0.954741 0.949214 
vt 0.958124 0.952852 
vt 0.959276 0.954344 
vt 0.953683 0.943079 
vt 0.953857 0.936872 
vt 0.956889 0.947741 
vt 0.956784 0.942106 
vt 0.957962 0.936872 
vt 0.960062 0.952684 
vt 0.95938 0.947405 
vt 0.95959 0.941645 
vt 0.96148 0.947211 
vt 0.961454 0.952668 
vt 0.960199 0.954314 
vt 0.905827 0.963127 
vt 0.903123 0.962768 
vt 0.905878 0.962883 
vt 0.903119 0.96306 
vt 0.900061 0.962743 
vt 0.900063 0.963032 
vt 0.898289 0.962862 
vt 0.898352 0.963094 
vt 0.914657 0.96337 
vt 0.911846 0.963805 
vt 0.911798 0.963564 
vt 0.914661 0.963655 
vt 0.917442 0.9633 
vt 0.917443 0.963584 
vt 0.9206 0.96326 
vt 0.92056 0.963506 
vt 0.921749 0.967721 
vt 0.921623 0.964161 
vt 0.921766 0.964099 
vt 0.921296 0.961582 
vt 0.921252 0.961841 
vt 0.921896 0.967715 
vt 0.921772 0.969991 
vt 0.921628 0.969937 
vt 0.921455 0.972182 
vt 0.921319 0.972078 
vt 0.920956 0.9742 
vt 0.920831 0.97405 
vt 0.920311 0.975896 
vt 0.920206 0.975699 
vt 0.919123 0.977467 
vt 0.9192 0.977708 
vt 0.917817 0.978696 
vt 0.91786 0.978966 
vt 0.916424 0.979175 
vt 0.91643 0.979455 
vt 0.914913 0.979172 
vt 0.914946 0.978897 
vt 0.913463 0.97807 
vt 0.913533 0.977822 
vt 0.912197 0.976269 
vt 0.912295 0.97606 
vt 0.911497 0.974572 
vt 0.911621 0.974419 
vt 0.910996 0.97261 
vt 0.911132 0.972503 
vt 0.910673 0.970425 
vt 0.910817 0.970368 
vt 0.910535 0.968135 
vt 0.910682 0.968136 
vt 0.910769 0.964535 
vt 0.910626 0.96448 
vt 0.911115 0.962181 
vt 0.911063 0.961929 
vt 0.896931 0.967411 
vt 0.897154 0.963763 
vt 0.89708 0.967432 
vt 0.8973 0.963823 
vt 0.897543 0.961208 
vt 0.897611 0.961449 
vt 0.897096 0.969676 
vt 0.896947 0.969705 
vt 0.897133 0.971893 
vt 0.897277 0.971813 
vt 0.897544 0.973927 
vt 0.897675 0.973789 
vt 0.898184 0.975718 
vt 0.898295 0.975526 
vt 0.899274 0.977276 
vt 0.899185 0.977508 
vt 0.900388 0.978418 
vt 0.900334 0.978687 
vt 0.901659 0.979146 
vt 0.901666 0.978858 
vt 0.903091 0.978804 
vt 0.903054 0.978523 
vt 0.904464 0.977662 
vt 0.904388 0.977412 
vt 0.905631 0.975853 
vt 0.905526 0.975647 
vt 0.906322 0.974097 
vt 0.906195 0.973942 
vt 0.906828 0.972053 
vt 0.906688 0.971949 
vt 0.907137 0.969854 
vt 0.90699 0.969798 
vt 0.907274 0.96751 
vt 0.907124 0.967524 
vt 0.906902 0.963874 
vt 0.907046 0.963804 
vt 0.906494 0.961463 
vt 0.906548 0.961207 
vt 0.973908 0.888218 
vt 0.97606 0.886307 
vt 0.975961 0.888218 
vt 0.978411 0.886307 
vt 0.973908 0.886307 
vt 0.978295 0.888218 
vt 0.971547 0.886307 
vt 0.980703 0.886307 
vt 0.971595 0.888218 
vt 0.980567 0.888218 
vt 0.969112 0.886307 
vt 0.983078 0.886307 
vt 0.96923 0.888218 
vt 0.982979 0.888218 
vt 0.966791 0.886307 
vt 0.984968 0.886307 
vt 0.966932 0.888218 
vt 0.98506 0.888218 
vt 0.964577 0.886307 
vt 0.986074 0.886307 
vt 0.964683 0.888218 
vt 0.986509 0.888218 
vt 0.962746 0.886307 
vt 0.986521 0.885989 
vt 0.962644 0.888218 
vt 0.987933 0.888218 
vt 0.98669 0.885848 
vt 0.988126 0.885738 
vt 0.961701 0.886307 
vt 0.961211 0.888218 
vt 0.961036 0.886092 
vt 0.9599 0.888218 
vt 0.96094 0.885828 
vt 0.959646 0.885741 
vt 0.944917 0.908716 
vt 0.944973 0.909259 
vt 0.944851 0.909229 
vt 0.944748 0.908654 
vt 0.94505 0.908777 
vt 0.945122 0.909237 
vt 0.945165 0.909731 
vt 0.944697 0.909195 
vt 0.944588 0.908613 
vt 0.944852 0.909933 
vt 0.944977 0.909933 
vt 0.945122 0.910187 
vt 0.945077 0.910623 
vt 0.944932 0.910648 
vt 0.944752 0.91067 
vt 0.944544 0.909168 
vt 0.944695 0.909933 
vt 0.944536 0.909932 
vt 0.94457 0.910686 
vt 0.944433 0.908567 
vt 0.944412 0.910718 
vt 0.944395 0.909931 
vt 0.944269 0.910716 
vt 0.944403 0.909149 
vt 0.944285 0.908563 
vt 0.944267 0.90914 
vt 0.944084 0.908563 
vt 0.944261 0.909931 
vt 0.944082 0.909931 
vt 0.944081 0.910713 
vt 0.944083 0.909137 
vt 0.943893 0.910713 
vt 0.9439 0.909137 
vt 0.943902 0.909928 
vt 0.943883 0.90856 
vt 0.943769 0.909927 
vt 0.94375 0.910714 
vt 0.943764 0.909145 
vt 0.943735 0.908563 
vt 0.943623 0.909161 
vt 0.94358 0.908607 
vt 0.943627 0.909926 
vt 0.943593 0.91068 
vt 0.943411 0.910661 
vt 0.94347 0.909925 
vt 0.943468 0.909188 
vt 0.943419 0.908646 
vt 0.943312 0.909923 
vt 0.943231 0.910638 
vt 0.943086 0.910611 
vt 0.943315 0.90922 
vt 0.94325 0.908706 
vt 0.943189 0.909917 
vt 0.943043 0.910173 
vt 0.943 0.909721 
vt 0.943192 0.909246 
vt 0.943043 0.909226 
vt 0.943117 0.908766 
vt 0.944704 0.912666 
vt 0.944932 0.910648 
vt 0.944807 0.912592 
vt 0.944576 0.912756 
vt 0.945077 0.910623 
vt 0.944752 0.91067 
vt 0.944979 0.912802 
vt 0.944443 0.912833 
vt 0.94535 0.910783 
vt 0.94457 0.910686 
vt 0.945167 0.913025 
vt 0.944327 0.912902 
vt 0.945612 0.910981 
vt 0.944412 0.910718 
vt 0.945873 0.911271 
vt 0.944269 0.910716 
vt 0.945335 0.913378 
vt 0.946118 0.911563 
vt 0.945529 0.913747 
vt 0.944201 0.912928 
vt 0.944081 0.910713 
vt 0.944077 0.91294 
vt 0.90918 0.77474 
vt 0.90446 0.765625 
vt 0.90918 0.765625 
vt 0.9139 0.765625 
vt 0.943953 0.912927 
vt 0.943893 0.910713 
vt 0.943827 0.912899 
vt 0.94375 0.910714 
vt 0.943593 0.91068 
vt 0.943711 0.912829 
vt 0.943411 0.910661 
vt 0.943579 0.91275 
vt 0.943231 0.910638 
vt 0.943451 0.912658 
vt 0.943349 0.912583 
vt 0.943086 0.910611 
vt 0.943175 0.912792 
vt 0.942811 0.910769 
vt 0.942988 0.913012 
vt 0.94255 0.910962 
vt 0.942288 0.911248 
vt 0.942818 0.913361 
vt 0.942042 0.911537 
vt 0.942623 0.913728 
vt 0.943916 0.91398 
vt 0.943953 0.912927 
vt 0.943998 0.913991 
vt 0.943827 0.912899 
vt 0.944077 0.91294 
vt 0.943838 0.91396 
vt 0.944072 0.913992 
vt 0.943711 0.912829 
vt 0.944149 0.913992 
vt 0.943764 0.913933 
vt 0.944201 0.912928 
vt 0.943579 0.91275 
vt 0.944227 0.913983 
vt 0.9437 0.913904 
vt 0.944327 0.912902 
vt 0.943451 0.912658 
vt 0.944304 0.913964 
vt 0.94366 0.913885 
vt 0.944443 0.912833 
vt 0.943349 0.912583 
vt 0.944384 0.913936 
vt 0.943622 0.913864 
vt 0.944576 0.912756 
vt 0.943175 0.912792 
vt 0.944449 0.913909 
vt 0.943609 0.913851 
vt 0.944704 0.912666 
vt 0.942988 0.913012 
vt 0.94449 0.913889 
vt 0.942818 0.913361 
vt 0.944807 0.912592 
vt 0.943625 0.913872 
vt 0.942623 0.913728 
vt 0.943658 0.913932 
vt 0.944531 0.913868 
vt 0.944979 0.912802 
vt 0.944544 0.913858 
vt 0.945167 0.913025 
vt 0.945335 0.913378 
vt 0.944528 0.913878 
vt 0.945529 0.913747 
vt 0.944493 0.913941 
vt 0.897543 0.961208 
vt 0.899956 0.961001 
vt 0.897611 0.961449 
vt 0.900016 0.961291 
vt 0.903144 0.961015 
vt 0.90314 0.961306 
vt 0.906548 0.961207 
vt 0.906494 0.961463 
vt 0.917431 0.961591 
vt 0.921296 0.961582 
vt 0.921252 0.961841 
vt 0.917434 0.961875 
vt 0.914638 0.961948 
vt 0.914634 0.961663 
vt 0.911115 0.962181 
vt 0.911063 0.961929 
vt 0.905878 0.962883 
vt 0.906259 0.964866 
vt 0.906114 0.964945 
vt 0.905827 0.963127 
vt 0.906208 0.967581 
vt 0.906358 0.967579 
vt 0.906228 0.969769 
vt 0.906079 0.969713 
vt 0.90589 0.971964 
vt 0.905752 0.971855 
vt 0.905326 0.973969 
vt 0.905203 0.973804 
vt 0.904534 0.975659 
vt 0.904438 0.97544 
vt 0.903673 0.976689 
vt 0.90361 0.976429 
vt 0.902701 0.977278 
vt 0.902669 0.976997 
vt 0.90172 0.977466 
vt 0.901718 0.977178 
vt 0.90081 0.97725 
vt 0.900844 0.976972 
vt 0.900064 0.976334 
vt 0.899994 0.976586 
vt 0.899376 0.975334 
vt 0.899272 0.975543 
vt 0.898546 0.973816 
vt 0.898673 0.973664 
vt 0.898066 0.971786 
vt 0.898208 0.971697 
vt 0.89784 0.969602 
vt 0.897989 0.969576 
vt 0.897991 0.967478 
vt 0.897841 0.967457 
vt 0.898139 0.964857 
vt 0.897993 0.96479 
vt 0.898352 0.963094 
vt 0.898289 0.962862 
vt 0.911798 0.963564 
vt 0.911624 0.965567 
vt 0.911481 0.965505 
vt 0.911846 0.963805 
vt 0.911581 0.968171 
vt 0.911434 0.968174 
vt 0.911567 0.970324 
vt 0.911712 0.970269 
vt 0.911906 0.972434 
vt 0.912042 0.972325 
vt 0.91246 0.974459 
vt 0.912577 0.974292 
vt 0.913252 0.97604 
vt 0.91334 0.975818 
vt 0.914154 0.976968 
vt 0.914209 0.976708 
vt 0.915268 0.977594 
vt 0.915294 0.977319 
vt 0.91641 0.977748 
vt 0.916405 0.977465 
vt 0.917442 0.977201 
vt 0.917478 0.977473 
vt 0.918435 0.97645 
vt 0.918502 0.9767 
vt 0.91915 0.975537 
vt 0.919249 0.975742 
vt 0.919995 0.973937 
vt 0.919873 0.973781 
vt 0.920546 0.971961 
vt 0.92041 0.971854 
vt 0.92086 0.969918 
vt 0.920715 0.969863 
vt 0.920998 0.967802 
vt 0.920851 0.967804 
vt 0.920768 0.965263 
vt 0.92091 0.965189 
vt 0.92056 0.963506 
vt 0.9206 0.96326 
vt 0.98669 0.885848 
vt 0.987821 0.883381 
vt 0.988126 0.885738 
vt 0.986677 0.885468 
vt 0.986269 0.883381 
vt 0.985842 0.885169 
vt 0.984723 0.883381 
vt 0.984697 0.885169 
vt 0.982736 0.883381 
vt 0.982884 0.885169 
vt 0.980493 0.883381 
vt 0.980661 0.885169 
vt 0.978214 0.883381 
vt 0.978349 0.885169 
vt 0.975865 0.883381 
vt 0.97594 0.885169 
vt 0.973908 0.883381 
vt 0.973908 0.885169 
vt 0.971443 0.885169 
vt 0.971519 0.883381 
vt 0.969051 0.885169 
vt 0.969188 0.883381 
vt 0.966758 0.885169 
vt 0.966929 0.883381 
vt 0.964689 0.885169 
vt 0.964838 0.883381 
vt 0.962933 0.885169 
vt 0.962913 0.883381 
vt 0.961813 0.885169 
vt 0.961411 0.883381 
vt 0.961084 0.885469 
vt 0.959937 0.883381 
vt 0.96094 0.885828 
vt 0.959646 0.885741 
vt 0.900242 0.906935 
vt 0.902289 0.905828 
vt 0.900354 0.907301 
vt 0.902284 0.906252 
vt 0.898746 0.910347 
vt 0.904647 0.907495 
vt 0.898558 0.910129 
vt 0.904759 0.907132 
vt 0.898122 0.91457 
vt 0.906376 0.910468 
vt 0.897902 0.914559 
vt 0.906182 0.910667 
vt 0.898456 0.919041 
vt 0.906928 0.914945 
vt 0.89865 0.918842 
vt 0.906709 0.914934 
vt 0.900186 0.922021 
vt 0.906085 0.919153 
vt 0.900065 0.922374 
vt 0.906274 0.919371 
vt 0.90209 0.923232 
vt 0.904479 0.922191 
vt 0.902084 0.923656 
vt 0.904582 0.922565 
vt 0.916506 0.906353 
vt 0.918541 0.907541 
vt 0.918426 0.907902 
vt 0.920001 0.91101 
vt 0.916507 0.906777 
vt 0.920192 0.910801 
vt 0.914132 0.907927 
vt 0.92058 0.915257 
vt 0.914023 0.907559 
vt 0.9208 0.915255 
vt 0.912563 0.911037 
vt 0.920199 0.919714 
vt 0.912372 0.91083 
vt 0.920007 0.919508 
vt 0.911772 0.915285 
vt 0.918438 0.922625 
vt 0.911991 0.915283 
vt 0.918555 0.922984 
vt 0.91257 0.919526 
vt 0.916521 0.923761 
vt 0.912379 0.919736 
vt 0.916523 0.924185 
vt 0.914144 0.922626 
vt 0.914037 0.922997 
vt 0.944947 0.906587 
vt 0.944917 0.908716 
vt 0.944816 0.906523 
vt 0.94505 0.908777 
vt 0.944748 0.908654 
vt 0.944658 0.906449 
vt 0.944588 0.908613 
vt 0.944516 0.906394 
vt 0.944433 0.908567 
vt 0.944382 0.906339 
vt 0.944285 0.908563 
vt 0.944257 0.906326 
vt 0.944084 0.908563 
vt 0.944088 0.906318 
vt 0.943919 0.906323 
vt 0.943883 0.90856 
vt 0.943794 0.906335 
vt 0.943735 0.908563 
vt 0.94366 0.906388 
vt 0.94358 0.908607 
vt 0.943517 0.906441 
vt 0.943419 0.908646 
vt 0.943359 0.906512 
vt 0.94325 0.908706 
vt 0.943228 0.906575 
vt 0.943117 0.908766 
vt 0.944436 0.905277 
vt 0.944947 0.906587 
vt 0.944816 0.906523 
vt 0.944398 0.905268 
vt 0.944658 0.906449 
vt 0.944343 0.905256 
vt 0.944516 0.906394 
vt 0.94428 0.905245 
vt 0.944382 0.906339 
vt 0.944215 0.905236 
vt 0.944257 0.906326 
vt 0.944148 0.905231 
vt 0.944088 0.906318 
vt 0.944086 0.90523 
vt 0.944024 0.90523 
vt 0.943919 0.906323 
vt 0.943957 0.905235 
vt 0.943794 0.906335 
vt 0.943892 0.905242 
vt 0.94366 0.906388 
vt 0.943833 0.905252 
vt 0.943517 0.906441 
vt 0.943781 0.905263 
vt 0.943359 0.906512 
vt 0.943743 0.905271 
vt 0.943228 0.906575 

usemtl R6Shedletsky1Mtl

f 3326/3326/3326 3327/3327/3327 3328/3328/3328 
f 3329/3329/3329 3330/3330/3330 3331/3331/3331 
f 3327/3327/3327 3331/3331/3331 3330/3330/3330 
f 3327/3327/3327 3326/3326/3326 3332/3332/3332 
f 3332/3332/3332 3331/3331/3331 3327/3327/3327 
f 3333/3333/3333 3332/3332/3332 3326/3326/3326 
f 3331/3331/3331 3334/3334/3334 3329/3329/3329 
f 3331/3331/3331 3332/3332/3332 3335/3335/3335 
f 3335/3335/3335 3334/3334/3334 3331/3331/3331 
f 3336/3336/3336 3335/3335/3335 3332/3332/3332 
f 3336/3336/3336 3332/3332/3332 3333/3333/3333 
f 3334/3334/3334 3335/3335/3335 3337/3337/3337 
f 3338/3338/3338 3335/3335/3335 3336/3336/3336 
f 3338/3338/3338 3337/3337/3337 3335/3335/3335 
f 3333/3333/3333 3339/3339/3339 3336/3336/3336 
f 3339/3339/3339 3333/3333/3333 3340/3340/3340 
f 3336/3336/3336 3341/3341/3341 3338/3338/3338 
f 3341/3341/3341 3336/3336/3336 3339/3339/3339 
f 3342/3342/3342 3337/3337/3337 3338/3338/3338 
f 3343/3343/3343 3334/3334/3334 3337/3337/3337 
f 3342/3342/3342 3343/3343/3343 3337/3337/3337 
f 3344/3344/3344 3329/3329/3329 3334/3334/3334 
f 3343/3343/3343 3344/3344/3344 3334/3334/3334 
f 3329/3329/3329 3344/3344/3344 3345/3345/3345 
f 3346/3346/3346 3338/3338/3338 3341/3341/3341 
f 3338/3338/3338 3346/3346/3346 3342/3342/3342 
f 3343/3343/3343 3342/3342/3342 3347/3347/3347 
f 3346/3346/3346 3347/3347/3347 3342/3342/3342 
f 3348/3348/3348 3345/3345/3345 3344/3344/3344 
f 3349/3349/3349 3344/3344/3344 3343/3343/3343 
f 3349/3349/3349 3348/3348/3348 3344/3344/3344 
f 3345/3345/3345 3348/3348/3348 3350/3350/3350 
f 3351/3351/3351 3343/3343/3343 3347/3347/3347 
f 3343/3343/3343 3351/3351/3351 3349/3349/3349 
f 3347/3347/3347 3346/3346/3346 3352/3352/3352 
f 3352/3352/3352 3351/3351/3351 3347/3347/3347 
f 3353/3353/3353 3354/3354/3354 3355/3355/3355 
f 3355/3355/3355 3356/3356/3356 3353/3353/3353 
f 3357/3357/3357 3353/3353/3353 3356/3356/3356 
f 3356/3356/3356 3355/3355/3355 3358/3358/3358 
f 3358/3358/3358 3359/3359/3359 3356/3356/3356 
f 3359/3359/3359 3357/3357/3357 3356/3356/3356 
f 3355/3355/3355 3360/3360/3360 3358/3358/3358 
f 3359/3359/3359 3358/3358/3358 3361/3361/3361 
f 3360/3360/3360 3361/3361/3361 3358/3358/3358 
f 3362/3362/3362 3360/3360/3360 3355/3355/3355 
f 3354/3354/3354 3362/3362/3362 3355/3355/3355 
f 3361/3361/3361 3360/3360/3360 3363/3363/3363 
f 3364/3364/3364 3359/3359/3359 3361/3361/3361 
f 3363/3363/3363 3364/3364/3364 3361/3361/3361 
f 3365/3365/3365 3363/3363/3363 3360/3360/3360 
f 3362/3362/3362 3365/3365/3365 3360/3360/3360 
f 3364/3364/3364 3363/3363/3363 3366/3366/3366 
f 3363/3363/3363 3365/3365/3365 3367/3367/3367 
f 3367/3367/3367 3366/3366/3366 3363/3363/3363 
f 3368/3368/3368 3367/3367/3367 3365/3365/3365 
f 3367/3367/3367 3368/3368/3368 3369/3369/3369 
f 3370/3370/3370 3368/3368/3368 3365/3365/3365 
f 3370/3370/3370 3365/3365/3365 3362/3362/3362 
f 3371/3371/3371 3368/3368/3368 3370/3370/3370 
f 3369/3369/3369 3372/3372/3372 3367/3367/3367 
f 3366/3366/3366 3367/3367/3367 3372/3372/3372 
f 3372/3372/3372 3369/3369/3369 3373/3373/3373 
f 3374/3374/3374 3370/3370/3370 3362/3362/3362 
f 3354/3354/3354 3374/3374/3374 3362/3362/3362 
f 3375/3375/3375 3371/3371/3371 3370/3370/3370 
f 3374/3374/3374 3375/3375/3375 3370/3370/3370 
f 3375/3375/3375 3376/3376/3376 3371/3371/3371 
f 3373/3373/3373 3377/3377/3377 3372/3372/3372 
f 3377/3377/3377 3373/3373/3373 3378/3378/3378 
f 3379/3379/3379 3372/3372/3372 3377/3377/3377 
f 3372/3372/3372 3379/3379/3379 3366/3366/3366 
f 3378/3378/3378 3380/3380/3380 3377/3377/3377 
f 3380/3380/3380 3378/3378/3378 3381/3381/3381 
f 3382/3382/3382 3380/3380/3380 3381/3381/3381 
f 3383/3383/3383 3377/3377/3377 3380/3380/3380 
f 3377/3377/3377 3383/3383/3383 3379/3379/3379 
f 3384/3384/3384 3366/3366/3366 3379/3379/3379 
f 3384/3384/3384 3379/3379/3379 3383/3383/3383 
f 3366/3366/3366 3384/3384/3384 3364/3364/3364 
f 3382/3382/3382 3385/3385/3385 3380/3380/3380 
f 3380/3380/3380 3385/3385/3385 3383/3383/3383 
f 3382/3382/3382 3386/3386/3386 3385/3385/3385 
f 3386/3386/3386 3382/3382/3382 3387/3387/3387 
f 3388/3388/3388 3385/3385/3385 3386/3386/3386 
f 3385/3385/3385 3389/3389/3389 3383/3383/3383 
f 3385/3385/3385 3388/3388/3388 3389/3389/3389 
f 3390/3390/3390 3383/3383/3383 3389/3389/3389 
f 3384/3384/3384 3383/3383/3383 3390/3390/3390 
f 3389/3389/3389 3388/3388/3388 3391/3391/3391 
f 3389/3389/3389 3391/3391/3391 3390/3390/3390 
f 3388/3388/3388 3392/3392/3392 3391/3391/3391 
f 3393/3393/3393 3391/3391/3391 3392/3392/3392 
f 3393/3393/3393 3392/3392/3392 3394/3394/3394 
f 3395/3395/3395 3393/3393/3393 3394/3394/3394 
f 3396/3396/3396 3391/3391/3391 3393/3393/3393 
f 3396/3396/3396 3390/3390/3390 3391/3391/3391 
f 3393/3393/3393 3395/3395/3395 3397/3397/3397 
f 3398/3398/3398 3390/3390/3390 3396/3396/3396 
f 3398/3398/3398 3384/3384/3384 3390/3390/3390 
f 3393/3393/3393 3399/3399/3399 3396/3396/3396 
f 3399/3399/3399 3393/3393/3393 3397/3397/3397 
f 3395/3395/3395 3400/3400/3400 3397/3397/3397 
f 3400/3400/3400 3399/3399/3399 3397/3397/3397 
f 3400/3400/3400 3395/3395/3395 3401/3401/3401 
f 3402/3402/3402 3396/3396/3396 3399/3399/3399 
f 3396/3396/3396 3402/3402/3402 3398/3398/3398 
f 3403/3403/3403 3404/3404/3404 3405/3405/3405 
f 3403/3403/3403 3406/3406/3406 3404/3404/3404 
f 3403/3403/3403 3405/3405/3405 3407/3407/3407 
f 3403/3403/3403 3408/3408/3408 3406/3406/3406 
f 3403/3403/3403 3407/3407/3407 3409/3409/3409 
f 3410/3410/3410 3408/3408/3408 3403/3403/3403 
f 3403/3403/3403 3409/3409/3409 3411/3411/3411 
f 3412/3412/3412 3410/3410/3410 3403/3403/3403 
f 3403/3403/3403 3411/3411/3411 3413/3413/3413 
f 3414/3414/3414 3412/3412/3412 3403/3403/3403 
f 3403/3403/3403 3413/3413/3413 3415/3415/3415 
f 3416/3416/3416 3414/3414/3414 3403/3403/3403 
f 3403/3403/3403 3415/3415/3415 3417/3417/3417 
f 3418/3418/3418 3416/3416/3416 3403/3403/3403 
f 3403/3403/3403 3417/3417/3417 3419/3419/3419 
f 3420/3420/3420 3418/3418/3418 3403/3403/3403 
f 3403/3403/3403 3419/3419/3419 3421/3421/3421 
f 3422/3422/3422 3420/3420/3420 3403/3403/3403 
f 3403/3403/3403 3421/3421/3421 3423/3423/3423 
f 3424/3424/3424 3422/3422/3422 3403/3403/3403 
f 3423/3423/3423 3425/3425/3425 3403/3403/3403 
f 3426/3426/3426 3424/3424/3424 3403/3403/3403 
f 3427/3427/3427 3426/3426/3426 3403/3403/3403 
f 3425/3425/3425 3428/3428/3428 3403/3403/3403 
f 3429/3429/3429 3427/3427/3427 3403/3403/3403 
f 3428/3428/3428 3430/3430/3430 3403/3403/3403 
f 3431/3431/3431 3429/3429/3429 3403/3403/3403 
f 3430/3430/3430 3431/3431/3431 3403/3403/3403 
f 3399/3399/3399 3400/3400/3400 3432/3432/3432 
f 3432/3432/3432 3402/3402/3402 3399/3399/3399 
f 3433/3433/3433 3400/3400/3400 3401/3401/3401 
f 3433/3433/3433 3432/3432/3432 3400/3400/3400 
f 3434/3434/3434 3433/3433/3433 3401/3401/3401 
f 3402/3402/3402 3432/3432/3432 3435/3435/3435 
f 3434/3434/3434 3436/3436/3436 3433/3433/3433 
f 3437/3437/3437 3436/3436/3436 3434/3434/3434 
f 3432/3432/3432 3433/3433/3433 3438/3438/3438 
f 3438/3438/3438 3435/3435/3435 3432/3432/3432 
f 3433/3433/3433 3436/3436/3436 3439/3439/3439 
f 3433/3433/3433 3439/3439/3439 3438/3438/3438 
f 3436/3436/3436 3440/3440/3440 3439/3439/3439 
f 3437/3437/3437 3441/3441/3441 3436/3436/3436 
f 3436/3436/3436 3441/3441/3441 3440/3440/3440 
f 3441/3441/3441 3437/3437/3437 3442/3442/3442 
f 3441/3441/3441 3443/3443/3443 3440/3440/3440 
f 3439/3439/3439 3444/3444/3444 3438/3438/3438 
f 3435/3435/3435 3438/3438/3438 3444/3444/3444 
f 3444/3444/3444 3439/3439/3439 3445/3445/3445 
f 3442/3442/3442 3446/3446/3446 3441/3441/3441 
f 3443/3443/3443 3441/3441/3441 3446/3446/3446 
f 3446/3446/3446 3442/3442/3442 3447/3447/3447 
f 3446/3446/3446 3448/3448/3448 3443/3443/3443 
f 3447/3447/3447 3449/3449/3449 3446/3446/3446 
f 3448/3448/3448 3446/3446/3446 3449/3449/3449 
f 3449/3449/3449 3447/3447/3447 3450/3450/3450 
f 3449/3449/3449 3451/3451/3451 3448/3448/3448 
f 3450/3450/3450 3452/3452/3452 3449/3449/3449 
f 3451/3451/3451 3449/3449/3449 3452/3452/3452 
f 3452/3452/3452 3450/3450/3450 3453/3453/3453 
f 3452/3452/3452 3454/3454/3454 3451/3451/3451 
f 3453/3453/3453 3455/3455/3455 3452/3452/3452 
f 3454/3454/3454 3452/3452/3452 3455/3455/3455 
f 3455/3455/3455 3453/3453/3453 3456/3456/3456 
f 3455/3455/3455 3457/3457/3457 3454/3454/3454 
f 3456/3456/3456 3458/3458/3458 3455/3455/3455 
f 3457/3457/3457 3455/3455/3455 3458/3458/3458 
f 3458/3458/3458 3456/3456/3456 3459/3459/3459 
f 3460/3460/3460 3458/3458/3458 3459/3459/3459 
f 3461/3461/3461 3457/3457/3457 3458/3458/3458 
f 3458/3458/3458 3460/3460/3460 3461/3461/3461 
f 3457/3457/3457 3461/3461/3461 3462/3462/3462 
f 3463/3463/3463 3461/3461/3461 3460/3460/3460 
f 3464/3464/3464 3462/3462/3462 3461/3461/3461 
f 3461/3461/3461 3463/3463/3463 3464/3464/3464 
f 3462/3462/3462 3464/3464/3464 3465/3465/3465 
f 3466/3466/3466 3464/3464/3464 3463/3463/3463 
f 3467/3467/3467 3465/3465/3465 3464/3464/3464 
f 3464/3464/3464 3466/3466/3466 3467/3467/3467 
f 3465/3465/3465 3467/3467/3467 3468/3468/3468 
f 3469/3469/3469 3467/3467/3467 3466/3466/3466 
f 3470/3470/3470 3468/3468/3468 3467/3467/3467 
f 3467/3467/3467 3469/3469/3469 3470/3470/3470 
f 3468/3468/3468 3470/3470/3470 3471/3471/3471 
f 3472/3472/3472 3470/3470/3470 3469/3469/3469 
f 3473/3473/3473 3471/3471/3471 3470/3470/3470 
f 3470/3470/3470 3472/3472/3472 3473/3473/3473 
f 3471/3471/3471 3473/3473/3473 3474/3474/3474 
f 3475/3475/3475 3473/3473/3473 3472/3472/3472 
f 3476/3476/3476 3474/3474/3474 3473/3473/3473 
f 3473/3473/3473 3475/3475/3475 3476/3476/3476 
f 3477/3477/3477 3476/3476/3476 3475/3475/3475 
f 3474/3474/3474 3476/3476/3476 3478/3478/3478 
f 3476/3476/3476 3477/3477/3477 3479/3479/3479 
f 3479/3479/3479 3478/3478/3478 3476/3476/3476 
f 3480/3480/3480 3479/3479/3479 3477/3477/3477 
f 3479/3479/3479 3480/3480/3480 3481/3481/3481 
f 3482/3482/3482 3481/3481/3481 3480/3480/3480 
f 3481/3481/3481 3482/3482/3482 3483/3483/3483 
f 3483/3483/3483 3482/3482/3482 3484/3484/3484 
f 3482/3482/3482 3485/3485/3485 3484/3484/3484 
f 3481/3481/3481 3483/3483/3483 3486/3486/3486 
f 3484/3484/3484 3486/3486/3486 3483/3483/3483 
f 3487/3487/3487 3479/3479/3479 3481/3481/3481 
f 3487/3487/3487 3481/3481/3481 3486/3486/3486 
f 3488/3488/3488 3484/3484/3484 3485/3485/3485 
f 3488/3488/3488 3485/3485/3485 3489/3489/3489 
f 3490/3490/3490 3488/3488/3488 3489/3489/3489 
f 3488/3488/3488 3491/3491/3491 3484/3484/3484 
f 3486/3486/3486 3484/3484/3484 3491/3491/3491 
f 3488/3488/3488 3490/3490/3490 3492/3492/3492 
f 3487/3487/3487 3486/3486/3486 3350/3350/3350 
f 3491/3491/3491 3350/3350/3350 3486/3486/3486 
f 3491/3491/3491 3488/3488/3488 3493/3493/3493 
f 3492/3492/3492 3493/3493/3493 3488/3488/3488 
f 3350/3350/3350 3491/3491/3491 3345/3345/3345 
f 3493/3493/3493 3345/3345/3345 3491/3491/3491 
f 3490/3490/3490 3494/3494/3494 3492/3492/3492 
f 3493/3493/3493 3492/3492/3492 3495/3495/3495 
f 3494/3494/3494 3495/3495/3495 3492/3492/3492 
f 3494/3494/3494 3490/3490/3490 3496/3496/3496 
f 3496/3496/3496 3497/3497/3497 3494/3494/3494 
f 3497/3497/3497 3496/3496/3496 3498/3498/3498 
f 3497/3497/3497 3499/3499/3499 3494/3494/3494 
f 3495/3495/3495 3494/3494/3494 3499/3499/3499 
f 3499/3499/3499 3497/3497/3497 3500/3500/3500 
f 3501/3501/3501 3499/3499/3499 3500/3500/3500 
f 3501/3501/3501 3502/3502/3502 3499/3499/3499 
f 3502/3502/3502 3495/3495/3495 3499/3499/3499 
f 3328/3328/3328 3502/3502/3502 3501/3501/3501 
f 3495/3495/3495 3329/3329/3329 3493/3493/3493 
f 3345/3345/3345 3493/3493/3493 3329/3329/3329 
f 3502/3502/3502 3330/3330/3330 3495/3495/3495 
f 3329/3329/3329 3495/3495/3495 3330/3330/3330 
f 3328/3328/3328 3327/3327/3327 3502/3502/3502 
f 3327/3327/3327 3330/3330/3330 3502/3502/3502 
f 3503/3503/3503 3504/3504/3504 3505/3505/3505 
f 3504/3504/3504 3506/3506/3506 3505/3505/3505 
f 3507/3507/3507 3503/3503/3503 3505/3505/3505 
f 3506/3506/3506 3508/3508/3508 3505/3505/3505 
f 3509/3509/3509 3507/3507/3507 3505/3505/3505 
f 3508/3508/3508 3510/3510/3510 3505/3505/3505 
f 3511/3511/3511 3509/3509/3509 3505/3505/3505 
f 3510/3510/3510 3512/3512/3512 3505/3505/3505 
f 3513/3513/3513 3511/3511/3511 3505/3505/3505 
f 3512/3512/3512 3514/3514/3514 3505/3505/3505 
f 3515/3515/3515 3513/3513/3513 3505/3505/3505 
f 3514/3514/3514 3516/3516/3516 3505/3505/3505 
f 3517/3517/3517 3515/3515/3515 3505/3505/3505 
f 3516/3516/3516 3518/3518/3518 3505/3505/3505 
f 3519/3519/3519 3517/3517/3517 3505/3505/3505 
f 3518/3518/3518 3520/3520/3520 3505/3505/3505 
f 3521/3521/3521 3519/3519/3519 3505/3505/3505 
f 3520/3520/3520 3522/3522/3522 3505/3505/3505 
f 3523/3523/3523 3521/3521/3521 3505/3505/3505 
f 3522/3522/3522 3524/3524/3524 3505/3505/3505 
f 3525/3525/3525 3523/3523/3523 3505/3505/3505 
f 3524/3524/3524 3526/3526/3526 3505/3505/3505 
f 3527/3527/3527 3525/3525/3525 3505/3505/3505 
f 3526/3526/3526 3528/3528/3528 3505/3505/3505 
f 3529/3529/3529 3527/3527/3527 3505/3505/3505 
f 3528/3528/3528 3530/3530/3530 3505/3505/3505 
f 3531/3531/3531 3529/3529/3529 3505/3505/3505 
f 3530/3530/3530 3531/3531/3531 3505/3505/3505 
f 3532/3532/3532 3533/3533/3533 3534/3534/3534 
f 3535/3535/3535 3534/3534/3534 3533/3533/3533 
f 3534/3534/3534 3535/3535/3535 3536/3536/3536 
f 3536/3536/3536 3537/3537/3537 3534/3534/3534 
f 3537/3537/3537 3532/3532/3532 3534/3534/3534 
f 3537/3537/3537 3536/3536/3536 3538/3538/3538 
f 3537/3537/3537 3539/3539/3539 3532/3532/3532 
f 3351/3351/3351 3532/3532/3532 3539/3539/3539 
f 3538/3538/3538 3540/3540/3540 3537/3537/3537 
f 3539/3539/3539 3537/3537/3537 3540/3540/3540 
f 3540/3540/3540 3538/3538/3538 3541/3541/3541 
f 3541/3541/3541 3542/3542/3542 3540/3540/3540 
f 3539/3539/3539 3349/3349/3349 3351/3351/3351 
f 3542/3542/3542 3543/3543/3543 3540/3540/3540 
f 3543/3543/3543 3539/3539/3539 3540/3540/3540 
f 3542/3542/3542 3544/3544/3544 3543/3543/3543 
f 3544/3544/3544 3545/3545/3545 3543/3543/3543 
f 3545/3545/3545 3539/3539/3539 3543/3543/3543 
f 3544/3544/3544 3546/3546/3546 3545/3545/3545 
f 3349/3349/3349 3539/3539/3539 3547/3547/3547 
f 3545/3545/3545 3547/3547/3547 3539/3539/3539 
f 3546/3546/3546 3548/3548/3548 3545/3545/3545 
f 3547/3547/3547 3545/3545/3545 3548/3548/3548 
f 3546/3546/3546 3549/3549/3549 3548/3548/3548 
f 3549/3549/3549 3550/3550/3550 3548/3548/3548 
f 3550/3550/3550 3547/3547/3547 3548/3548/3548 
f 3551/3551/3551 3550/3550/3550 3549/3549/3549 
f 3552/3552/3552 3349/3349/3349 3547/3547/3547 
f 3349/3349/3349 3552/3552/3552 3348/3348/3348 
f 3348/3348/3348 3552/3552/3552 3553/3553/3553 
f 3554/3554/3554 3547/3547/3547 3550/3550/3550 
f 3550/3550/3550 3551/3551/3551 3554/3554/3554 
f 3547/3547/3547 3554/3554/3554 3552/3552/3552 
f 3555/3555/3555 3554/3554/3554 3551/3551/3551 
f 3556/3556/3556 3552/3552/3552 3554/3554/3554 
f 3554/3554/3554 3555/3555/3555 3556/3556/3556 
f 3552/3552/3552 3556/3556/3556 3553/3553/3553 
f 3478/3478/3478 3556/3556/3556 3555/3555/3555 
f 3557/3557/3557 3553/3553/3553 3556/3556/3556 
f 3556/3556/3556 3478/3478/3478 3557/3557/3557 
f 3553/3553/3553 3557/3557/3557 3487/3487/3487 
f 3478/3478/3478 3479/3479/3479 3557/3557/3557 
f 3479/3479/3479 3487/3487/3487 3557/3557/3557 
f 3553/3553/3553 3350/3350/3350 3348/3348/3348 
f 3352/3352/3352 3346/3346/3346 3558/3558/3558 
f 3341/3341/3341 3558/3558/3558 3346/3346/3346 
f 3350/3350/3350 3553/3553/3553 3487/3487/3487 
f 3558/3558/3558 3341/3341/3341 3559/3559/3559 
f 3339/3339/3339 3559/3559/3559 3341/3341/3341 
f 3559/3559/3559 3560/3560/3560 3558/3558/3558 
f 3559/3559/3559 3339/3339/3339 3561/3561/3561 
f 3340/3340/3340 3561/3561/3561 3339/3339/3339 
f 3561/3561/3561 3340/3340/3340 3562/3562/3562 
f 3561/3561/3561 3563/3563/3563 3559/3559/3559 
f 3560/3560/3560 3559/3559/3559 3563/3563/3563 
f 3562/3562/3562 3564/3564/3564 3561/3561/3561 
f 3563/3563/3563 3561/3561/3561 3564/3564/3564 
f 3564/3564/3564 3562/3562/3562 3565/3565/3565 
f 3564/3564/3564 3566/3566/3566 3563/3563/3563 
f 3566/3566/3566 3560/3560/3560 3563/3563/3563 
f 3565/3565/3565 3567/3567/3567 3564/3564/3564 
f 3566/3566/3566 3564/3564/3564 3567/3567/3567 
f 3567/3567/3567 3565/3565/3565 3568/3568/3568 
f 3569/3569/3569 3567/3567/3567 3568/3568/3568 
f 3567/3567/3567 3569/3569/3569 3570/3570/3570 
f 3571/3571/3571 3570/3570/3570 3569/3569/3569 
f 3570/3570/3570 3571/3571/3571 3572/3572/3572 
f 3573/3573/3573 3570/3570/3570 3572/3572/3572 
f 3574/3574/3574 3567/3567/3567 3570/3570/3570 
f 3570/3570/3570 3573/3573/3573 3574/3574/3574 
f 3567/3567/3567 3574/3574/3574 3566/3566/3566 
f 3574/3574/3574 3573/3573/3573 3575/3575/3575 
f 3574/3574/3574 3575/3575/3575 3576/3576/3576 
f 3576/3576/3576 3566/3566/3566 3574/3574/3574 
f 3576/3576/3576 3575/3575/3575 3577/3577/3577 
f 3566/3566/3566 3576/3576/3576 3578/3578/3578 
f 3560/3560/3560 3566/3566/3566 3578/3578/3578 
f 3579/3579/3579 3576/3576/3576 3577/3577/3577 
f 3579/3579/3579 3578/3578/3578 3576/3576/3576 
f 3577/3577/3577 3580/3580/3580 3579/3579/3579 
f 3580/3580/3580 3577/3577/3577 3581/3581/3581 
f 3578/3578/3578 3579/3579/3579 3582/3582/3582 
f 3580/3580/3580 3582/3582/3582 3579/3579/3579 
f 3583/3583/3583 3560/3560/3560 3578/3578/3578 
f 3578/3578/3578 3582/3582/3582 3583/3583/3583 
f 3582/3582/3582 3580/3580/3580 3584/3584/3584 
f 3560/3560/3560 3583/3583/3583 3585/3585/3585 
f 3585/3585/3585 3558/3558/3558 3560/3560/3560 
f 3585/3585/3585 3352/3352/3352 3558/3558/3558 
f 3586/3586/3586 3583/3583/3583 3582/3582/3582 
f 3582/3582/3582 3584/3584/3584 3586/3586/3586 
f 3587/3587/3587 3585/3585/3585 3583/3583/3583 
f 3583/3583/3583 3586/3586/3586 3587/3587/3587 
f 3588/3588/3588 3352/3352/3352 3585/3585/3585 
f 3587/3587/3587 3588/3588/3588 3585/3585/3585 
f 3351/3351/3351 3352/3352/3352 3588/3588/3588 
f 3589/3589/3589 3586/3586/3586 3584/3584/3584 
f 3589/3589/3589 3584/3584/3584 3580/3580/3580 
f 3590/3590/3590 3587/3587/3587 3586/3586/3586 
f 3586/3586/3586 3589/3589/3589 3590/3590/3590 
f 3591/3591/3591 3588/3588/3588 3587/3587/3587 
f 3587/3587/3587 3590/3590/3590 3591/3591/3591 
f 3532/3532/3532 3351/3351/3351 3588/3588/3588 
f 3588/3588/3588 3591/3591/3591 3532/3532/3532 
f 3580/3580/3580 3592/3592/3592 3589/3589/3589 
f 3581/3581/3581 3592/3592/3592 3580/3580/3580 
f 3592/3592/3592 3581/3581/3581 3593/3593/3593 
f 3592/3592/3592 3594/3594/3594 3589/3589/3589 
f 3594/3594/3594 3590/3590/3590 3589/3589/3589 
f 3593/3593/3593 3595/3595/3595 3592/3592/3592 
f 3594/3594/3594 3592/3592/3592 3595/3595/3595 
f 3595/3595/3595 3593/3593/3593 3596/3596/3596 
f 3590/3590/3590 3594/3594/3594 3597/3597/3597 
f 3597/3597/3597 3591/3591/3591 3590/3590/3590 
f 3595/3595/3595 3598/3598/3598 3594/3594/3594 
f 3598/3598/3598 3597/3597/3597 3594/3594/3594 
f 3596/3596/3596 3599/3599/3599 3595/3595/3595 
f 3599/3599/3599 3598/3598/3598 3595/3595/3595 
f 3600/3600/3600 3599/3599/3599 3596/3596/3596 
f 3597/3597/3597 3598/3598/3598 3601/3601/3601 
f 3599/3599/3599 3602/3602/3602 3598/3598/3598 
f 3591/3591/3591 3597/3597/3597 3533/3533/3533 
f 3601/3601/3601 3533/3533/3533 3597/3597/3597 
f 3533/3533/3533 3601/3601/3601 3535/3535/3535 
f 3533/3533/3533 3532/3532/3532 3591/3591/3591 
f 3603/3603/3603 3602/3602/3602 3599/3599/3599 
f 3600/3600/3600 3603/3603/3603 3599/3599/3599 
f 3603/3603/3603 3604/3604/3604 3602/3602/3602 
f 3605/3605/3605 3603/3603/3603 3600/3600/3600 
f 3606/3606/3606 3604/3604/3604 3603/3603/3603 
f 3605/3605/3605 3606/3606/3606 3603/3603/3603 
f 3604/3604/3604 3606/3606/3606 3607/3607/3607 
f 3608/3608/3608 3606/3606/3606 3605/3605/3605 
f 3606/3606/3606 3609/3609/3609 3607/3607/3607 
f 3606/3606/3606 3608/3608/3608 3609/3609/3609 
f 3607/3607/3607 3609/3609/3609 3610/3610/3610 
f 3611/3611/3611 3609/3609/3609 3608/3608/3608 
f 3609/3609/3609 3612/3612/3612 3610/3610/3610 
f 3609/3609/3609 3611/3611/3611 3612/3612/3612 
f 3610/3610/3610 3612/3612/3612 3613/3613/3613 
f 3614/3614/3614 3612/3612/3612 3611/3611/3611 
f 3612/3612/3612 3615/3615/3615 3613/3613/3613 
f 3612/3612/3612 3614/3614/3614 3615/3615/3615 
f 3616/3616/3616 3613/3613/3613 3615/3615/3615 
f 3614/3614/3614 3617/3617/3617 3615/3615/3615 
f 3615/3615/3615 3617/3617/3617 3618/3618/3618 
f 3616/3616/3616 3615/3615/3615 3618/3618/3618 
f 3618/3618/3618 3617/3617/3617 3619/3619/3619 
f 3620/3620/3620 3618/3618/3618 3619/3619/3619 
f 3621/3621/3621 3616/3616/3616 3618/3618/3618 
f 3618/3618/3618 3620/3620/3620 3621/3621/3621 
f 3616/3616/3616 3621/3621/3621 3622/3622/3622 
f 3623/3623/3623 3621/3621/3621 3620/3620/3620 
f 3624/3624/3624 3622/3622/3622 3621/3621/3621 
f 3621/3621/3621 3623/3623/3623 3624/3624/3624 
f 3622/3622/3622 3624/3624/3624 3625/3625/3625 
f 3626/3626/3626 3624/3624/3624 3623/3623/3623 
f 3627/3627/3627 3625/3625/3625 3624/3624/3624 
f 3624/3624/3624 3626/3626/3626 3627/3627/3627 
f 3625/3625/3625 3627/3627/3627 3628/3628/3628 
f 3629/3629/3629 3627/3627/3627 3626/3626/3626 
f 3630/3630/3630 3628/3628/3628 3627/3627/3627 
f 3627/3627/3627 3629/3629/3629 3630/3630/3630 
f 3628/3628/3628 3630/3630/3630 3631/3631/3631 
f 3632/3632/3632 3630/3630/3630 3629/3629/3629 
f 3633/3633/3633 3631/3631/3631 3630/3630/3630 
f 3630/3630/3630 3632/3632/3632 3633/3633/3633 
f 3631/3631/3631 3633/3633/3633 3634/3634/3634 
f 3635/3635/3635 3633/3633/3633 3632/3632/3632 
f 3636/3636/3636 3634/3634/3634 3633/3633/3633 
f 3633/3633/3633 3635/3635/3635 3636/3636/3636 
f 3637/3637/3637 3636/3636/3636 3635/3635/3635 
f 3634/3634/3634 3636/3636/3636 3638/3638/3638 
f 3636/3636/3636 3637/3637/3637 3639/3639/3639 
f 3639/3639/3639 3638/3638/3638 3636/3636/3636 
f 3640/3640/3640 3639/3639/3639 3637/3637/3637 
f 3639/3639/3639 3640/3640/3640 3641/3641/3641 
f 3642/3642/3642 3641/3641/3641 3640/3640/3640 
f 3638/3638/3638 3639/3639/3639 3643/3643/3643 
f 3641/3641/3641 3643/3643/3643 3639/3639/3639 
f 3641/3641/3641 3642/3642/3642 3644/3644/3644 
f 3638/3638/3638 3643/3643/3643 3645/3645/3645 
f 3646/3646/3646 3638/3638/3638 3645/3645/3645 
f 3643/3643/3643 3641/3641/3641 3647/3647/3647 
f 3644/3644/3644 3647/3647/3647 3641/3641/3641 
f 3648/3648/3648 3644/3644/3644 3642/3642/3642 
f 3643/3643/3643 3647/3647/3647 3649/3649/3649 
f 3649/3649/3649 3645/3645/3645 3643/3643/3643 
f 3647/3647/3647 3644/3644/3644 3650/3650/3650 
f 3647/3647/3647 3651/3651/3651 3649/3649/3649 
f 3651/3651/3651 3647/3647/3647 3650/3650/3650 
f 3644/3644/3644 3652/3652/3652 3650/3650/3650 
f 3652/3652/3652 3651/3651/3651 3650/3650/3650 
f 3644/3644/3644 3648/3648/3648 3653/3653/3653 
f 3652/3652/3652 3644/3644/3644 3653/3653/3653 
f 3648/3648/3648 3654/3654/3654 3653/3653/3653 
f 3654/3654/3654 3648/3648/3648 3655/3655/3655 
f 3652/3652/3652 3653/3653/3653 3656/3656/3656 
f 3656/3656/3656 3653/3653/3653 3654/3654/3654 
f 3651/3651/3651 3652/3652/3652 3657/3657/3657 
f 3656/3656/3656 3657/3657/3657 3652/3652/3652 
f 3651/3651/3651 3657/3657/3657 3658/3658/3658 
f 3658/3658/3658 3649/3649/3649 3651/3651/3651 
f 3657/3657/3657 3656/3656/3656 3659/3659/3659 
f 3660/3660/3660 3656/3656/3656 3654/3654/3654 
f 3660/3660/3660 3659/3659/3659 3656/3656/3656 
f 3655/3655/3655 3661/3661/3661 3654/3654/3654 
f 3660/3660/3660 3654/3654/3654 3661/3661/3661 
f 3661/3661/3661 3655/3655/3655 3662/3662/3662 
f 3658/3658/3658 3657/3657/3657 3663/3663/3663 
f 3659/3659/3659 3663/3663/3663 3657/3657/3657 
f 3662/3662/3662 3664/3664/3664 3661/3661/3661 
f 3664/3664/3664 3662/3662/3662 3665/3665/3665 
f 3666/3666/3666 3664/3664/3664 3665/3665/3665 
f 3664/3664/3664 3666/3666/3666 3667/3667/3667 
f 3661/3661/3661 3664/3664/3664 3668/3668/3668 
f 3667/3667/3667 3668/3668/3668 3664/3664/3664 
f 3668/3668/3668 3660/3660/3660 3661/3661/3661 
f 3668/3668/3668 3667/3667/3667 3669/3669/3669 
f 3668/3668/3668 3669/3669/3669 3670/3670/3670 
f 3670/3670/3670 3671/3671/3671 3668/3668/3668 
f 3660/3660/3660 3668/3668/3668 3671/3671/3671 
f 3671/3671/3671 3670/3670/3670 3376/3376/3376 
f 3671/3671/3671 3376/3376/3376 3375/3375/3375 
f 3671/3671/3671 3672/3672/3672 3660/3660/3660 
f 3672/3672/3672 3671/3671/3671 3375/3375/3375 
f 3659/3659/3659 3660/3660/3660 3672/3672/3672 
f 3375/3375/3375 3374/3374/3374 3672/3672/3672 
f 3659/3659/3659 3672/3672/3672 3374/3374/3374 
f 3374/3374/3374 3354/3354/3354 3659/3659/3659 
f 3663/3663/3663 3659/3659/3659 3354/3354/3354 
f 3354/3354/3354 3353/3353/3353 3663/3663/3663 
f 3673/3673/3673 3663/3663/3663 3353/3353/3353 
f 3658/3658/3658 3663/3663/3663 3673/3673/3673 
f 3673/3673/3673 3353/3353/3353 3357/3357/3357 
f 3673/3673/3673 3674/3674/3674 3658/3658/3658 
f 3649/3649/3649 3658/3658/3658 3674/3674/3674 
f 3645/3645/3645 3649/3649/3649 3674/3674/3674 
f 3674/3674/3674 3673/3673/3673 3675/3675/3675 
f 3675/3675/3675 3673/3673/3673 3357/3357/3357 
f 3676/3676/3676 3645/3645/3645 3674/3674/3674 
f 3675/3675/3675 3676/3676/3676 3674/3674/3674 
f 3646/3646/3646 3645/3645/3645 3676/3676/3676 
f 3677/3677/3677 3646/3646/3646 3676/3676/3676 
f 3678/3678/3678 3677/3677/3677 3676/3676/3676 
f 3676/3676/3676 3675/3675/3675 3678/3678/3678 
f 3677/3677/3677 3678/3678/3678 3679/3679/3679 
f 3680/3680/3680 3679/3679/3679 3678/3678/3678 
f 3675/3675/3675 3680/3680/3680 3678/3678/3678 
f 3679/3679/3679 3680/3680/3680 3681/3681/3681 
f 3682/3682/3682 3680/3680/3680 3675/3675/3675 
f 3682/3682/3682 3675/3675/3675 3357/3357/3357 
f 3683/3683/3683 3681/3681/3681 3680/3680/3680 
f 3680/3680/3680 3682/3682/3682 3683/3683/3683 
f 3681/3681/3681 3683/3683/3683 3684/3684/3684 
f 3683/3683/3683 3685/3685/3685 3684/3684/3684 
f 3685/3685/3685 3683/3683/3683 3686/3686/3686 
f 3682/3682/3682 3686/3686/3686 3683/3683/3683 
f 3686/3686/3686 3687/3687/3687 3685/3685/3685 
f 3357/3357/3357 3688/3688/3688 3682/3682/3682 
f 3687/3687/3687 3686/3686/3686 3689/3689/3689 
f 3682/3682/3682 3689/3689/3689 3686/3686/3686 
f 3689/3689/3689 3690/3690/3690 3687/3687/3687 
f 3691/3691/3691 3689/3689/3689 3682/3682/3682 
f 3691/3691/3691 3682/3682/3682 3688/3688/3688 
f 3690/3690/3690 3689/3689/3689 3692/3692/3692 
f 3689/3689/3689 3691/3691/3691 3692/3692/3692 
f 3692/3692/3692 3693/3693/3693 3690/3690/3690 
f 3357/3357/3357 3359/3359/3359 3688/3688/3688 
f 3693/3693/3693 3692/3692/3692 3694/3694/3694 
f 3691/3691/3691 3694/3694/3694 3692/3692/3692 
f 3694/3694/3694 3695/3695/3695 3693/3693/3693 
f 3695/3695/3695 3694/3694/3694 3696/3696/3696 
f 3691/3691/3691 3696/3696/3696 3694/3694/3694 
f 3696/3696/3696 3445/3445/3445 3695/3695/3695 
f 3445/3445/3445 3696/3696/3696 3444/3444/3444 
f 3696/3696/3696 3691/3691/3691 3697/3697/3697 
f 3697/3697/3697 3444/3444/3444 3696/3696/3696 
f 3691/3691/3691 3688/3688/3688 3697/3697/3697 
f 3444/3444/3444 3697/3697/3697 3435/3435/3435 
f 3698/3698/3698 3435/3435/3435 3697/3697/3697 
f 3697/3697/3697 3688/3688/3688 3698/3698/3698 
f 3435/3435/3435 3698/3698/3698 3402/3402/3402 
f 3698/3698/3698 3398/3398/3398 3402/3402/3402 
f 3688/3688/3688 3699/3699/3699 3698/3698/3698 
f 3398/3398/3398 3698/3698/3698 3699/3699/3699 
f 3699/3699/3699 3688/3688/3688 3359/3359/3359 
f 3699/3699/3699 3384/3384/3384 3398/3398/3398 
f 3359/3359/3359 3364/3364/3364 3699/3699/3699 
f 3699/3699/3699 3364/3364/3364 3384/3384/3384 
f 3700/3700/3700 3701/3701/3701 3702/3702/3702 
f 3700/3700/3700 3702/3702/3702 3703/3703/3703 
f 3702/3702/3702 3704/3704/3704 3703/3703/3703 
f 3701/3701/3701 3705/3705/3705 3702/3702/3702 
f 3701/3701/3701 3706/3706/3706 3705/3705/3705 
f 3704/3704/3704 3702/3702/3702 3707/3707/3707 
f 3707/3707/3707 3708/3708/3708 3704/3704/3704 
f 3702/3702/3702 3705/3705/3705 3709/3709/3709 
f 3707/3707/3707 3702/3702/3702 3709/3709/3709 
f 3710/3710/3710 3705/3705/3705 3706/3706/3706 
f 3709/3709/3709 3705/3705/3705 3710/3710/3710 
f 3706/3706/3706 3711/3711/3711 3710/3710/3710 
f 3712/3712/3712 3710/3710/3710 3711/3711/3711 
f 3711/3711/3711 3713/3713/3713 3712/3712/3712 
f 3714/3714/3714 3709/3709/3709 3710/3710/3710 
f 3712/3712/3712 3714/3714/3714 3710/3710/3710 
f 3714/3714/3714 3715/3715/3715 3709/3709/3709 
f 3716/3716/3716 3712/3712/3712 3713/3713/3713 
f 3716/3716/3716 3713/3713/3713 3717/3717/3717 
f 3718/3718/3718 3716/3716/3716 3717/3717/3717 
f 3712/3712/3712 3716/3716/3716 3719/3719/3719 
f 3714/3714/3714 3712/3712/3712 3720/3720/3720 
f 3719/3719/3719 3720/3720/3720 3712/3712/3712 
f 3720/3720/3720 3721/3721/3721 3714/3714/3714 
f 3715/3715/3715 3714/3714/3714 3721/3721/3721 
f 3719/3719/3719 3722/3722/3722 3720/3720/3720 
f 3721/3721/3721 3720/3720/3720 3722/3722/3722 
f 3716/3716/3716 3723/3723/3723 3719/3719/3719 
f 3718/3718/3718 3723/3723/3723 3716/3716/3716 
f 3722/3722/3722 3719/3719/3719 3724/3724/3724 
f 3723/3723/3723 3724/3724/3724 3719/3719/3719 
f 3722/3722/3722 3725/3725/3725 3721/3721/3721 
f 3724/3724/3724 3726/3726/3726 3722/3722/3722 
f 3725/3725/3725 3722/3722/3722 3726/3726/3726 
f 3726/3726/3726 3727/3727/3727 3725/3725/3725 
f 3728/3728/3728 3725/3725/3725 3727/3727/3727 
f 3727/3727/3727 3726/3726/3726 3729/3729/3729 
f 3725/3725/3725 3728/3728/3728 3730/3730/3730 
f 3730/3730/3730 3721/3721/3721 3725/3725/3725 
f 3731/3731/3731 3730/3730/3730 3728/3728/3728 
f 3721/3721/3721 3730/3730/3730 3715/3715/3715 
f 3730/3730/3730 3731/3731/3731 3732/3732/3732 
f 3732/3732/3732 3715/3715/3715 3730/3730/3730 
f 3732/3732/3732 3731/3731/3731 3733/3733/3733 
f 3734/3734/3734 3729/3729/3729 3726/3726/3726 
f 3726/3726/3726 3724/3724/3724 3734/3734/3734 
f 3729/3729/3729 3734/3734/3734 3735/3735/3735 
f 3736/3736/3736 3734/3734/3734 3724/3724/3724 
f 3724/3724/3724 3723/3723/3723 3736/3736/3736 
f 3737/3737/3737 3735/3735/3735 3734/3734/3734 
f 3734/3734/3734 3736/3736/3736 3737/3737/3737 
f 3735/3735/3735 3737/3737/3737 3738/3738/3738 
f 3739/3739/3739 3736/3736/3736 3723/3723/3723 
f 3723/3723/3723 3718/3718/3718 3739/3739/3739 
f 3740/3740/3740 3737/3737/3737 3736/3736/3736 
f 3736/3736/3736 3739/3739/3739 3740/3740/3740 
f 3741/3741/3741 3738/3738/3738 3737/3737/3737 
f 3737/3737/3737 3740/3740/3740 3741/3741/3741 
f 3738/3738/3738 3741/3741/3741 3742/3742/3742 
f 3741/3741/3741 3743/3743/3743 3742/3742/3742 
f 3743/3743/3743 3741/3741/3741 3744/3744/3744 
f 3740/3740/3740 3744/3744/3744 3741/3741/3741 
f 3744/3744/3744 3745/3745/3745 3743/3743/3743 
f 3740/3740/3740 3739/3739/3739 3746/3746/3746 
f 3744/3744/3744 3740/3740/3740 3746/3746/3746 
f 3745/3745/3745 3744/3744/3744 3747/3747/3747 
f 3746/3746/3746 3747/3747/3747 3744/3744/3744 
f 3747/3747/3747 3748/3748/3748 3745/3745/3745 
f 3746/3746/3746 3739/3739/3739 3749/3749/3749 
f 3749/3749/3749 3739/3739/3739 3718/3718/3718 
f 3747/3747/3747 3746/3746/3746 3750/3750/3750 
f 3749/3749/3749 3750/3750/3750 3746/3746/3746 
f 3748/3748/3748 3747/3747/3747 3751/3751/3751 
f 3750/3750/3750 3751/3751/3751 3747/3747/3747 
f 3751/3751/3751 3752/3752/3752 3748/3748/3748 
f 3718/3718/3718 3753/3753/3753 3749/3749/3749 
f 3718/3718/3718 3754/3754/3754 3753/3753/3753 
f 3755/3755/3755 3753/3753/3753 3754/3754/3754 
f 3753/3753/3753 3756/3756/3756 3749/3749/3749 
f 3750/3750/3750 3749/3749/3749 3756/3756/3756 
f 3753/3753/3753 3755/3755/3755 3757/3757/3757 
f 3757/3757/3757 3756/3756/3756 3753/3753/3753 
f 3758/3758/3758 3757/3757/3757 3755/3755/3755 
f 3756/3756/3756 3759/3759/3759 3750/3750/3750 
f 3751/3751/3751 3750/3750/3750 3759/3759/3759 
f 3756/3756/3756 3757/3757/3757 3760/3760/3760 
f 3759/3759/3759 3756/3756/3756 3760/3760/3760 
f 3757/3757/3757 3758/3758/3758 3761/3761/3761 
f 3762/3762/3762 3761/3761/3761 3758/3758/3758 
f 3757/3757/3757 3763/3763/3763 3760/3760/3760 
f 3763/3763/3763 3757/3757/3757 3761/3761/3761 
f 3760/3760/3760 3764/3764/3764 3759/3759/3759 
f 3764/3764/3764 3760/3760/3760 3763/3763/3763 
f 3759/3759/3759 3765/3765/3765 3751/3751/3751 
f 3765/3765/3765 3759/3759/3759 3764/3764/3764 
f 3752/3752/3752 3751/3751/3751 3765/3765/3765 
f 3765/3765/3765 3766/3766/3766 3752/3752/3752 
f 3766/3766/3766 3765/3765/3765 3767/3767/3767 
f 3764/3764/3764 3767/3767/3767 3765/3765/3765 
f 3767/3767/3767 3768/3768/3768 3766/3766/3766 
f 3763/3763/3763 3769/3769/3769 3764/3764/3764 
f 3767/3767/3767 3764/3764/3764 3769/3769/3769 
f 3770/3770/3770 3771/3771/3771 3772/3772/3772 
f 3773/3773/3773 3772/3772/3772 3771/3771/3771 
f 3774/3774/3774 3775/3775/3775 3770/3770/3770 
f 3771/3771/3771 3770/3770/3770 3775/3775/3775 
f 3774/3774/3774 3776/3776/3776 3777/3777/3777 
f 3775/3775/3775 3774/3774/3774 3777/3777/3777 
f 3771/3771/3771 3778/3778/3778 3773/3773/3773 
f 3779/3779/3779 3773/3773/3773 3778/3778/3778 
f 3771/3771/3771 3775/3775/3775 3780/3780/3780 
f 3780/3780/3780 3778/3778/3778 3771/3771/3771 
f 3775/3775/3775 3777/3777/3777 3781/3781/3781 
f 3780/3780/3780 3775/3775/3775 3781/3781/3781 
f 3778/3778/3778 3782/3782/3782 3779/3779/3779 
f 3782/3782/3782 3783/3783/3783 3779/3779/3779 
f 3778/3778/3778 3780/3780/3780 3784/3784/3784 
f 3784/3784/3784 3782/3782/3782 3778/3778/3778 
f 3780/3780/3780 3781/3781/3781 3785/3785/3785 
f 3780/3780/3780 3785/3785/3785 3784/3784/3784 
f 3777/3777/3777 3786/3786/3786 3781/3781/3781 
f 3785/3785/3785 3781/3781/3781 3786/3786/3786 
f 3783/3783/3783 3787/3787/3787 3788/3788/3788 
f 3787/3787/3787 3783/3783/3783 3789/3789/3789 
f 3783/3783/3783 3782/3782/3782 3789/3789/3789 
f 3789/3789/3789 3790/3790/3790 3787/3787/3787 
f 3791/3791/3791 3789/3789/3789 3782/3782/3782 
f 3782/3782/3782 3784/3784/3784 3791/3791/3791 
f 3790/3790/3790 3789/3789/3789 3792/3792/3792 
f 3789/3789/3789 3791/3791/3791 3792/3792/3792 
f 3792/3792/3792 3793/3793/3793 3790/3790/3790 
f 3784/3784/3784 3794/3794/3794 3791/3791/3791 
f 3784/3784/3784 3785/3785/3785 3794/3794/3794 
f 3791/3791/3791 3795/3795/3795 3792/3792/3792 
f 3791/3791/3791 3794/3794/3794 3795/3795/3795 
f 3793/3793/3793 3792/3792/3792 3796/3796/3796 
f 3795/3795/3795 3796/3796/3796 3792/3792/3792 
f 3796/3796/3796 3797/3797/3797 3793/3793/3793 
f 3798/3798/3798 3793/3793/3793 3797/3797/3797 
f 3796/3796/3796 3795/3795/3795 3799/3799/3799 
f 3794/3794/3794 3799/3799/3799 3795/3795/3795 
f 3796/3796/3796 3799/3799/3799 3797/3797/3797 
f 3797/3797/3797 3800/3800/3800 3798/3798/3798 
f 3799/3799/3799 3800/3800/3800 3797/3797/3797 
f 3800/3800/3800 3799/3799/3799 3801/3801/3801 
f 3802/3802/3802 3800/3800/3800 3801/3801/3801 
f 3799/3799/3799 3794/3794/3794 3803/3803/3803 
f 3803/3803/3803 3801/3801/3801 3799/3799/3799 
f 3785/3785/3785 3803/3803/3803 3794/3794/3794 
f 3804/3804/3804 3802/3802/3802 3801/3801/3801 
f 3801/3801/3801 3803/3803/3803 3804/3804/3804 
f 3802/3802/3802 3804/3804/3804 3805/3805/3805 
f 3803/3803/3803 3785/3785/3785 3806/3806/3806 
f 3806/3806/3806 3804/3804/3804 3803/3803/3803 
f 3785/3785/3785 3786/3786/3786 3806/3806/3806 
f 3807/3807/3807 3805/3805/3805 3804/3804/3804 
f 3804/3804/3804 3806/3806/3806 3807/3807/3807 
f 3786/3786/3786 3807/3807/3807 3806/3806/3806 
f 3805/3805/3805 3807/3807/3807 3808/3808/3808 
f 3809/3809/3809 3808/3808/3808 3807/3807/3807 
f 3807/3807/3807 3786/3786/3786 3809/3809/3809 
f 3808/3808/3808 3809/3809/3809 3810/3810/3810 
f 3811/3811/3811 3809/3809/3809 3786/3786/3786 
f 3786/3786/3786 3777/3777/3777 3811/3811/3811 
f 3776/3776/3776 3811/3811/3811 3777/3777/3777 
f 3812/3812/3812 3810/3810/3810 3809/3809/3809 
f 3809/3809/3809 3811/3811/3811 3812/3812/3812 
f 3810/3810/3810 3812/3812/3812 3813/3813/3813 
f 3814/3814/3814 3813/3813/3813 3812/3812/3812 
f 3815/3815/3815 3812/3812/3812 3811/3811/3811 
f 3812/3812/3812 3815/3815/3815 3814/3814/3814 
f 3811/3811/3811 3776/3776/3776 3815/3815/3815 
f 3815/3815/3815 3816/3816/3816 3814/3814/3814 
f 3776/3776/3776 3817/3817/3817 3815/3815/3815 
f 3817/3817/3817 3816/3816/3816 3815/3815/3815 
f 3818/3818/3818 3819/3819/3819 3820/3820/3820 
f 3821/3821/3821 3819/3819/3819 3818/3818/3818 
f 3819/3819/3819 3822/3822/3822 3820/3820/3820 
f 3822/3822/3822 3823/3823/3823 3820/3820/3820 
f 3823/3823/3823 3822/3822/3822 3824/3824/3824 
f 3822/3822/3822 3825/3825/3825 3824/3824/3824 
f 3826/3826/3826 3825/3825/3825 3822/3822/3822 
f 3819/3819/3819 3826/3826/3826 3822/3822/3822 
f 3826/3826/3826 3819/3819/3819 3827/3827/3827 
f 3819/3819/3819 3828/3828/3828 3827/3827/3827 
f 3821/3821/3821 3829/3829/3829 3819/3819/3819 
f 3828/3828/3828 3819/3819/3819 3829/3829/3829 
f 3830/3830/3830 3829/3829/3829 3821/3821/3821 
f 3831/3831/3831 3828/3828/3828 3829/3829/3829 
f 3829/3829/3829 3830/3830/3830 3832/3832/3832 
f 3832/3832/3832 3831/3831/3831 3829/3829/3829 
f 3833/3833/3833 3816/3816/3816 3834/3834/3834 
f 3834/3834/3834 3835/3835/3835 3833/3833/3833 
f 3836/3836/3836 3837/3837/3837 3838/3838/3838 
f 3836/3836/3836 3838/3838/3838 3839/3839/3839 
f 3837/3837/3837 3840/3840/3840 3841/3841/3841 
f 3841/3841/3841 3838/3838/3838 3837/3837/3837 
f 3842/3842/3842 3840/3840/3840 3835/3835/3835 
f 3841/3841/3841 3840/3840/3840 3842/3842/3842 
f 3835/3835/3835 3834/3834/3834 3843/3843/3843 
f 3843/3843/3843 3842/3842/3842 3835/3835/3835 
f 3844/3844/3844 3839/3839/3839 3838/3838/3838 
f 3844/3844/3844 3845/3845/3845 3839/3839/3839 
f 3838/3838/3838 3841/3841/3841 3846/3846/3846 
f 3846/3846/3846 3844/3844/3844 3838/3838/3838 
f 3847/3847/3847 3841/3841/3841 3842/3842/3842 
f 3841/3841/3841 3848/3848/3848 3846/3846/3846 
f 3848/3848/3848 3841/3841/3841 3847/3847/3847 
f 3844/3844/3844 3846/3846/3846 3849/3849/3849 
f 3848/3848/3848 3849/3849/3849 3846/3846/3846 
f 3845/3845/3845 3844/3844/3844 3850/3850/3850 
f 3849/3849/3849 3850/3850/3850 3844/3844/3844 
f 3851/3851/3851 3845/3845/3845 3850/3850/3850 
f 3845/3845/3845 3851/3851/3851 3733/3733/3733 
f 3732/3732/3732 3733/3733/3733 3851/3851/3851 
f 3852/3852/3852 3732/3732/3732 3851/3851/3851 
f 3715/3715/3715 3732/3732/3732 3852/3852/3852 
f 3853/3853/3853 3851/3851/3851 3850/3850/3850 
f 3851/3851/3851 3853/3853/3853 3852/3852/3852 
f 3850/3850/3850 3849/3849/3849 3854/3854/3854 
f 3850/3850/3850 3854/3854/3854 3853/3853/3853 
f 3855/3855/3855 3854/3854/3854 3849/3849/3849 
f 3849/3849/3849 3848/3848/3848 3855/3855/3855 
f 3856/3856/3856 3853/3853/3853 3854/3854/3854 
f 3854/3854/3854 3855/3855/3855 3856/3856/3856 
f 3857/3857/3857 3852/3852/3852 3853/3853/3853 
f 3853/3853/3853 3856/3856/3856 3857/3857/3857 
f 3715/3715/3715 3852/3852/3852 3858/3858/3858 
f 3857/3857/3857 3858/3858/3858 3852/3852/3852 
f 3709/3709/3709 3715/3715/3715 3858/3858/3858 
f 3707/3707/3707 3709/3709/3709 3858/3858/3858 
f 3859/3859/3859 3858/3858/3858 3857/3857/3857 
f 3858/3858/3858 3859/3859/3859 3707/3707/3707 
f 3859/3859/3859 3857/3857/3857 3856/3856/3856 
f 3708/3708/3708 3707/3707/3707 3859/3859/3859 
f 3856/3856/3856 3860/3860/3860 3859/3859/3859 
f 3859/3859/3859 3860/3860/3860 3708/3708/3708 
f 3860/3860/3860 3856/3856/3856 3855/3855/3855 
f 3860/3860/3860 3861/3861/3861 3708/3708/3708 
f 3862/3862/3862 3860/3860/3860 3855/3855/3855 
f 3860/3860/3860 3862/3862/3862 3861/3861/3861 
f 3848/3848/3848 3862/3862/3862 3855/3855/3855 
f 3863/3863/3863 3861/3861/3861 3862/3862/3862 
f 3864/3864/3864 3862/3862/3862 3848/3848/3848 
f 3862/3862/3862 3864/3864/3864 3863/3863/3863 
f 3864/3864/3864 3865/3865/3865 3863/3863/3863 
f 3864/3864/3864 3866/3866/3866 3865/3865/3865 
f 3848/3848/3848 3847/3847/3847 3864/3864/3864 
f 3866/3866/3866 3864/3864/3864 3867/3867/3867 
f 3867/3867/3867 3864/3864/3864 3847/3847/3847 
f 3867/3867/3867 3868/3868/3868 3866/3866/3866 
f 3868/3868/3868 3867/3867/3867 3869/3869/3869 
f 3869/3869/3869 3870/3870/3870 3868/3868/3868 
f 3867/3867/3867 3871/3871/3871 3869/3869/3869 
f 3870/3870/3870 3869/3869/3869 3872/3872/3872 
f 3872/3872/3872 3869/3869/3869 3871/3871/3871 
f 3873/3873/3873 3867/3867/3867 3847/3847/3847 
f 3871/3871/3871 3867/3867/3867 3873/3873/3873 
f 3874/3874/3874 3873/3873/3873 3847/3847/3847 
f 3874/3874/3874 3847/3847/3847 3842/3842/3842 
f 3842/3842/3842 3843/3843/3843 3874/3874/3874 
f 3875/3875/3875 3873/3873/3873 3874/3874/3874 
f 3873/3873/3873 3875/3875/3875 3871/3871/3871 
f 3876/3876/3876 3874/3874/3874 3843/3843/3843 
f 3874/3874/3874 3876/3876/3876 3875/3875/3875 
f 3876/3876/3876 3843/3843/3843 3877/3877/3877 
f 3877/3877/3877 3843/3843/3843 3834/3834/3834 
f 3878/3878/3878 3875/3875/3875 3876/3876/3876 
f 3877/3877/3877 3878/3878/3878 3876/3876/3876 
f 3879/3879/3879 3871/3871/3871 3875/3875/3875 
f 3875/3875/3875 3878/3878/3878 3879/3879/3879 
f 3871/3871/3871 3879/3879/3879 3880/3880/3880 
f 3880/3880/3880 3872/3872/3872 3871/3871/3871 
f 3877/3877/3877 3834/3834/3834 3817/3817/3817 
f 3817/3817/3817 3834/3834/3834 3816/3816/3816 
f 3880/3880/3880 3881/3881/3881 3872/3872/3872 
f 3881/3881/3881 3870/3870/3870 3872/3872/3872 
f 3870/3870/3870 3881/3881/3881 3882/3882/3882 
f 3881/3881/3881 3880/3880/3880 3883/3883/3883 
f 3883/3883/3883 3880/3880/3880 3879/3879/3879 
f 3884/3884/3884 3882/3882/3882 3881/3881/3881 
f 3883/3883/3883 3884/3884/3884 3881/3881/3881 
f 3882/3882/3882 3884/3884/3884 3885/3885/3885 
f 3886/3886/3886 3885/3885/3885 3884/3884/3884 
f 3885/3885/3885 3886/3886/3886 3887/3887/3887 
f 3888/3888/3888 3886/3886/3886 3884/3884/3884 
f 3884/3884/3884 3883/3883/3883 3888/3888/3888 
f 3886/3886/3886 3888/3888/3888 3889/3889/3889 
f 3890/3890/3890 3883/3883/3883 3879/3879/3879 
f 3890/3890/3890 3888/3888/3888 3883/3883/3883 
f 3878/3878/3878 3890/3890/3890 3879/3879/3879 
f 3891/3891/3891 3889/3889/3889 3888/3888/3888 
f 3888/3888/3888 3890/3890/3890 3891/3891/3891 
f 3889/3889/3889 3891/3891/3891 3892/3892/3892 
f 3890/3890/3890 3878/3878/3878 3893/3893/3893 
f 3893/3893/3893 3891/3891/3891 3890/3890/3890 
f 3894/3894/3894 3892/3892/3892 3891/3891/3891 
f 3891/3891/3891 3893/3893/3893 3894/3894/3894 
f 3892/3892/3892 3894/3894/3894 3895/3895/3895 
f 3896/3896/3896 3893/3893/3893 3878/3878/3878 
f 3878/3878/3878 3877/3877/3877 3896/3896/3896 
f 3897/3897/3897 3894/3894/3894 3893/3893/3893 
f 3893/3893/3893 3896/3896/3896 3897/3897/3897 
f 3898/3898/3898 3895/3895/3895 3894/3894/3894 
f 3894/3894/3894 3897/3897/3897 3898/3898/3898 
f 3895/3895/3895 3898/3898/3898 3899/3899/3899 
f 3896/3896/3896 3877/3877/3877 3900/3900/3900 
f 3900/3900/3900 3897/3897/3897 3896/3896/3896 
f 3900/3900/3900 3877/3877/3877 3817/3817/3817 
f 3897/3897/3897 3901/3901/3901 3898/3898/3898 
f 3897/3897/3897 3900/3900/3900 3901/3901/3901 
f 3902/3902/3902 3899/3899/3899 3898/3898/3898 
f 3902/3902/3902 3898/3898/3898 3901/3901/3901 
f 3899/3899/3899 3902/3902/3902 3903/3903/3903 
f 3904/3904/3904 3903/3903/3903 3902/3902/3902 
f 3900/3900/3900 3817/3817/3817 3776/3776/3776 
f 3776/3776/3776 3901/3901/3901 3900/3900/3900 
f 3902/3902/3902 3901/3901/3901 3905/3905/3905 
f 3901/3901/3901 3776/3776/3776 3905/3905/3905 
f 3904/3904/3904 3902/3902/3902 3770/3770/3770 
f 3772/3772/3772 3904/3904/3904 3770/3770/3770 
f 3774/3774/3774 3902/3902/3902 3905/3905/3905 
f 3902/3902/3902 3774/3774/3774 3770/3770/3770 
f 3905/3905/3905 3776/3776/3776 3774/3774/3774 
f 3906/3906/3906 3907/3907/3907 3908/3908/3908 
f 3908/3908/3908 3907/3907/3907 3909/3909/3909 
f 3907/3907/3907 3906/3906/3906 3910/3910/3910 
f 3911/3911/3911 3910/3910/3910 3906/3906/3906 
f 3910/3910/3910 3911/3911/3911 3912/3912/3912 
f 3910/3910/3910 3912/3912/3912 3913/3913/3913 
f 3914/3914/3914 3910/3910/3910 3913/3913/3913 
f 3914/3914/3914 3907/3907/3907 3910/3910/3910 
f 3907/3907/3907 3914/3914/3914 3915/3915/3915 
f 3916/3916/3916 3907/3907/3907 3915/3915/3915 
f 3917/3917/3917 3909/3909/3909 3907/3907/3907 
f 3907/3907/3907 3916/3916/3916 3917/3917/3917 
f 3917/3917/3917 3918/3918/3918 3909/3909/3909 
f 3919/3919/3919 3917/3917/3917 3916/3916/3916 
f 3918/3918/3918 3917/3917/3917 3920/3920/3920 
f 3920/3920/3920 3917/3917/3917 3919/3919/3919 
f 3921/3921/3921 3922/3922/3922 3923/3923/3923 
f 3924/3924/3924 3921/3921/3921 3923/3923/3923 
f 3922/3922/3922 3921/3921/3921 3925/3925/3925 
f 3921/3921/3921 3924/3924/3924 3926/3926/3926 
f 3927/3927/3927 3922/3922/3922 3925/3925/3925 
f 3928/3928/3928 3926/3926/3926 3924/3924/3924 
f 3922/3922/3922 3927/3927/3927 3929/3929/3929 
f 3926/3926/3926 3928/3928/3928 3930/3930/3930 
f 3927/3927/3927 3931/3931/3931 3929/3929/3929 
f 3928/3928/3928 3932/3932/3932 3930/3930/3930 
f 3929/3929/3929 3931/3931/3931 3933/3933/3933 
f 3932/3932/3932 3928/3928/3928 3934/3934/3934 
f 3935/3935/3935 3933/3933/3933 3931/3931/3931 
f 3936/3936/3936 3932/3932/3932 3934/3934/3934 
f 3933/3933/3933 3935/3935/3935 3937/3937/3937 
f 3936/3936/3936 3934/3934/3934 3938/3938/3938 
f 3939/3939/3939 3937/3937/3937 3935/3935/3935 
f 3940/3940/3940 3936/3936/3936 3938/3938/3938 
f 3941/3941/3941 3937/3937/3937 3939/3939/3939 
f 3940/3940/3940 3942/3942/3942 3936/3936/3936 
f 3941/3941/3941 3939/3939/3939 3943/3943/3943 
f 3940/3940/3940 3944/3944/3944 3942/3942/3942 
f 3945/3945/3945 3941/3941/3941 3943/3943/3943 
f 3944/3944/3944 3940/3940/3940 3946/3946/3946 
f 3947/3947/3947 3945/3945/3945 3943/3943/3943 
f 3948/3948/3948 3944/3944/3944 3946/3946/3946 
f 3945/3945/3945 3947/3947/3947 3949/3949/3949 
f 3946/3946/3946 3950/3950/3950 3948/3948/3948 
f 3951/3951/3951 3949/3949/3949 3947/3947/3947 
f 3950/3950/3950 3952/3952/3952 3948/3948/3948 
f 3949/3949/3949 3951/3951/3951 3953/3953/3953 
f 3952/3952/3952 3950/3950/3950 3954/3954/3954 
f 3951/3951/3951 3955/3955/3955 3953/3953/3953 
f 3954/3954/3954 3956/3956/3956 3952/3952/3952 
f 3955/3955/3955 3957/3957/3957 3953/3953/3953 
f 3956/3956/3956 3954/3954/3954 3958/3958/3958 
f 3955/3955/3955 3959/3959/3959 3957/3957/3957 
f 3958/3958/3958 3960/3960/3960 3956/3956/3956 
f 3959/3959/3959 3961/3961/3961 3957/3957/3957 
f 3960/3960/3960 3958/3958/3958 3962/3962/3962 
f 3959/3959/3959 3962/3962/3962 3961/3961/3961 
f 3962/3962/3962 3959/3959/3959 3960/3960/3960 
f 3963/3963/3963 3964/3964/3964 3965/3965/3965 
f 3965/3965/3965 3964/3964/3964 3966/3966/3966 
f 3964/3964/3964 3967/3967/3967 3966/3966/3966 
f 3967/3967/3967 3964/3964/3964 3968/3968/3968 
f 3964/3964/3964 3969/3969/3969 3968/3968/3968 
f 3969/3969/3969 3964/3964/3964 3970/3970/3970 
f 3963/3963/3963 3970/3970/3970 3964/3964/3964 
f 3970/3970/3970 3971/3971/3971 3969/3969/3969 
f 3972/3972/3972 3963/3963/3963 3965/3965/3965 
f 3971/3971/3971 3970/3970/3970 3973/3973/3973 
f 3970/3970/3970 3974/3974/3974 3973/3973/3973 
f 3974/3974/3974 3970/3970/3970 3975/3975/3975 
f 3975/3975/3975 3970/3970/3970 3963/3963/3963 
f 3976/3976/3976 3974/3974/3974 3975/3975/3975 
f 3977/3977/3977 3963/3963/3963 3972/3972/3972 
f 3977/3977/3977 3975/3975/3975 3963/3963/3963 
f 3972/3972/3972 3978/3978/3978 3977/3977/3977 
f 3975/3975/3975 3979/3979/3979 3976/3976/3976 
f 3975/3975/3975 3977/3977/3977 3979/3979/3979 
f 3976/3976/3976 3979/3979/3979 3980/3980/3980 
f 3978/3978/3978 3980/3980/3980 3977/3977/3977 
f 3979/3979/3979 3977/3977/3977 3980/3980/3980 
f 3981/3981/3981 3982/3982/3982 3983/3983/3983 
f 3982/3982/3982 3981/3981/3981 3984/3984/3984 
f 3985/3985/3985 3983/3983/3983 3982/3982/3982 
f 3981/3981/3981 3986/3986/3986 3984/3984/3984 
f 3983/3983/3983 3985/3985/3985 3987/3987/3987 
f 3986/3986/3986 3981/3981/3981 3988/3988/3988 
f 3989/3989/3989 3987/3987/3987 3985/3985/3985 
f 3990/3990/3990 3986/3986/3986 3988/3988/3988 
f 3985/3985/3985 3991/3991/3991 3989/3989/3989 
f 3992/3992/3992 3990/3990/3990 3988/3988/3988 
f 3993/3993/3993 3989/3989/3989 3991/3991/3991 
f 3992/3992/3992 3994/3994/3994 3990/3990/3990 
f 3989/3989/3989 3993/3993/3993 3995/3995/3995 
f 3994/3994/3994 3992/3992/3992 3996/3996/3996 
f 3997/3997/3997 3995/3995/3995 3993/3993/3993 
f 3998/3998/3998 3994/3994/3994 3996/3996/3996 
f 3997/3997/3997 3999/3999/3999 3995/3995/3995 
f 3996/3996/3996 4000/4000/4000 3998/3998/3998 
f 4001/4001/4001 3999/3999/3999 3997/3997/3997 
f 4000/4000/4000 4002/4002/4002 3998/3998/3998 
f 3999/3999/3999 4001/4001/4001 4003/4003/4003 
f 4002/4002/4002 4000/4000/4000 4004/4004/4004 
f 4003/4003/4003 4001/4001/4001 4005/4005/4005 
f 4004/4004/4004 4006/4006/4006 4002/4002/4002 
f 4007/4007/4007 4003/4003/4003 4005/4005/4005 
f 4006/4006/4006 4004/4004/4004 4008/4008/4008 
f 4009/4009/4009 4007/4007/4007 4005/4005/4005 
f 4010/4010/4010 4006/4006/4006 4008/4008/4008 
f 4007/4007/4007 4009/4009/4009 4011/4011/4011 
f 4008/4008/4008 4012/4012/4012 4010/4010/4010 
f 4013/4013/4013 4011/4011/4011 4009/4009/4009 
f 4012/4012/4012 4014/4014/4014 4010/4010/4010 
f 4011/4011/4011 4013/4013/4013 4015/4015/4015 
f 4014/4014/4014 4012/4012/4012 4016/4016/4016 
f 4017/4017/4017 4015/4015/4015 4013/4013/4013 
f 4016/4016/4016 4018/4018/4018 4014/4014/4014 
f 4015/4015/4015 4017/4017/4017 4019/4019/4019 
f 4018/4018/4018 4016/4016/4016 4020/4020/4020 
f 4021/4021/4021 4019/4019/4019 4017/4017/4017 
f 4022/4022/4022 4018/4018/4018 4020/4020/4020 
f 4019/4019/4019 4021/4021/4021 4022/4022/4022 
f 4018/4018/4018 4022/4022/4022 4021/4021/4021 
f 4023/4023/4023 4024/4024/4024 4025/4025/4025 
f 4024/4024/4024 4026/4026/4026 4025/4025/4025 
f 4027/4027/4027 4025/4025/4025 4026/4026/4026 
f 4025/4025/4025 4027/4027/4027 4028/4028/4028 
f 4029/4029/4029 4025/4025/4025 4028/4028/4028 
f 4025/4025/4025 4029/4029/4029 4030/4030/4030 
f 4023/4023/4023 4025/4025/4025 4030/4030/4030 
f 4031/4031/4031 4030/4030/4030 4029/4029/4029 
f 4032/4032/4032 4024/4024/4024 4023/4023/4023 
f 4030/4030/4030 4031/4031/4031 4033/4033/4033 
f 4034/4034/4034 4030/4030/4030 4033/4033/4033 
f 4030/4030/4030 4034/4034/4034 4035/4035/4035 
f 4035/4035/4035 4023/4023/4023 4030/4030/4030 
f 4036/4036/4036 4035/4035/4035 4034/4034/4034 
f 4037/4037/4037 4032/4032/4032 4023/4023/4023 
f 4035/4035/4035 4037/4037/4037 4023/4023/4023 
f 4032/4032/4032 4037/4037/4037 4038/4038/4038 
f 4039/4039/4039 4035/4035/4035 4036/4036/4036 
f 4037/4037/4037 4035/4035/4035 4039/4039/4039 
f 4036/4036/4036 4040/4040/4040 4039/4039/4039 
f 4040/4040/4040 4038/4038/4038 4037/4037/4037 
f 4040/4040/4040 4037/4037/4037 4039/4039/4039 
f 4041/4041/4041 4042/4042/4042 4043/4043/4043 
f 4042/4042/4042 4044/4044/4044 4043/4043/4043 
f 4045/4045/4045 4041/4041/4041 4043/4043/4043 
f 4046/4046/4046 4044/4044/4044 4042/4042/4042 
f 4041/4041/4041 4045/4045/4045 4047/4047/4047 
f 4044/4044/4044 4046/4046/4046 4048/4048/4048 
f 4045/4045/4045 4049/4049/4049 4047/4047/4047 
f 4046/4046/4046 4050/4050/4050 4048/4048/4048 
f 4049/4049/4049 4045/4045/4045 4051/4051/4051 
f 4046/4046/4046 4052/4052/4052 4050/4050/4050 
f 4049/4049/4049 4051/4051/4051 4053/4053/4053 
f 4052/4052/4052 4054/4054/4054 4050/4050/4050 
f 4055/4055/4055 4049/4049/4049 4053/4053/4053 
f 4056/4056/4056 4054/4054/4054 4052/4052/4052 
f 4055/4055/4055 4053/4053/4053 4057/4057/4057 
f 4056/4056/4056 4058/4058/4058 4054/4054/4054 
f 4059/4059/4059 4055/4055/4055 4057/4057/4057 
f 4058/4058/4058 4056/4056/4056 4060/4060/4060 
f 4059/4059/4059 4057/4057/4057 4061/4061/4061 
f 4062/4062/4062 4058/4058/4058 4060/4060/4060 
f 4061/4061/4061 4063/4063/4063 4059/4059/4059 
f 4058/4058/4058 4062/4062/4062 4064/4064/4064 
f 4063/4063/4063 4061/4061/4061 4065/4065/4065 
f 4062/4062/4062 4066/4066/4066 4064/4064/4064 
f 4063/4063/4063 4065/4065/4065 4067/4067/4067 
f 4068/4068/4068 4066/4066/4066 4062/4062/4062 
f 4069/4069/4069 4067/4067/4067 4065/4065/4065 
f 4068/4068/4068 4070/4070/4070 4066/4066/4066 
f 4071/4071/4071 4069/4069/4069 4065/4065/4065 
f 4072/4072/4072 4070/4070/4070 4068/4068/4068 
f 4071/4071/4071 4073/4073/4073 4069/4069/4069 
f 4072/4072/4072 4074/4074/4074 4070/4070/4070 
f 4073/4073/4073 4071/4071/4071 4075/4075/4075 
f 4076/4076/4076 4074/4074/4074 4072/4072/4072 
f 4075/4075/4075 4077/4077/4077 4073/4073/4073 
f 4076/4076/4076 4078/4078/4078 4074/4074/4074 
f 4077/4077/4077 4075/4075/4075 4079/4079/4079 
f 4078/4078/4078 4076/4076/4076 4080/4080/4080 
f 4079/4079/4079 4081/4081/4081 4077/4077/4077 
f 4080/4080/4080 4082/4082/4082 4078/4078/4078 
f 4081/4081/4081 4079/4079/4079 4083/4083/4083 
f 4082/4082/4082 4084/4084/4084 4078/4078/4078 
f 4085/4085/4085 4081/4081/4081 4083/4083/4083 
f 4084/4084/4084 4082/4082/4082 4086/4086/4086 
f 4081/4081/4081 4085/4085/4085 4087/4087/4087 
f 4086/4086/4086 4088/4088/4088 4084/4084/4084 
f 4085/4085/4085 4089/4089/4089 4087/4087/4087 
f 4090/4090/4090 4088/4088/4088 4086/4086/4086 
f 4089/4089/4089 4085/4085/4085 4091/4091/4091 
f 4088/4088/4088 4090/4090/4090 4092/4092/4092 
f 4091/4091/4091 4093/4093/4093 4089/4089/4089 
f 4094/4094/4094 4092/4092/4092 4090/4090/4090 
f 4093/4093/4093 4091/4091/4091 4095/4095/4095 
f 4092/4092/4092 4094/4094/4094 4096/4096/4096 
f 4095/4095/4095 4097/4097/4097 4093/4093/4093 
f 4098/4098/4098 4096/4096/4096 4094/4094/4094 
f 4097/4097/4097 4095/4095/4095 4099/4099/4099 
f 4098/4098/4098 4094/4094/4094 4100/4100/4100 
f 4101/4101/4101 4097/4097/4097 4099/4099/4099 
f 4102/4102/4102 4098/4098/4098 4100/4100/4100 
f 4097/4097/4097 4101/4101/4101 4103/4103/4103 
f 4098/4098/4098 4102/4102/4102 4104/4104/4104 
f 4104/4104/4104 4103/4103/4103 4101/4101/4101 
f 4103/4103/4103 4104/4104/4104 4102/4102/4102 
f 3768/3768/3768 3767/3767/3767 4105/4105/4105 
f 3769/3769/3769 4105/4105/4105 3767/3767/3767 
f 3768/3768/3768 4105/4105/4105 4106/4106/4106 
f 3769/3769/3769 3763/3763/3763 4107/4107/4107 
f 4107/4107/4107 3763/3763/3763 3761/3761/3761 
f 4106/4106/4106 4105/4105/4105 4108/4108/4108 
f 4108/4108/4108 4109/4109/4109 4106/4106/4106 
f 4105/4105/4105 3769/3769/3769 4110/4110/4110 
f 4105/4105/4105 4110/4110/4110 4108/4108/4108 
f 3769/3769/3769 4111/4111/4111 4110/4110/4110 
f 4111/4111/4111 3769/3769/3769 4107/4107/4107 
f 4107/4107/4107 3761/3761/3761 4112/4112/4112 
f 3761/3761/3761 3762/3762/3762 4112/4112/4112 
f 4113/4113/4113 4112/4112/4112 3762/3762/3762 
f 4112/4112/4112 4113/4113/4113 4114/4114/4114 
f 4114/4114/4114 4107/4107/4107 4112/4112/4112 
f 4115/4115/4115 4114/4114/4114 4113/4113/4113 
f 4114/4114/4114 4115/4115/4115 4116/4116/4116 
f 4116/4116/4116 4117/4117/4117 4114/4114/4114 
f 4118/4118/4118 4107/4107/4107 4114/4114/4114 
f 4118/4118/4118 4114/4114/4114 4117/4117/4117 
f 4111/4111/4111 4107/4107/4107 4118/4118/4118 
f 4119/4119/4119 4118/4118/4118 4117/4117/4117 
f 4120/4120/4120 4111/4111/4111 4118/4118/4118 
f 4118/4118/4118 4119/4119/4119 4120/4120/4120 
f 4111/4111/4111 4120/4120/4120 4121/4121/4121 
f 4111/4111/4111 4121/4121/4121 4110/4110/4110 
f 4122/4122/4122 4120/4120/4120 4119/4119/4119 
f 4122/4122/4122 4119/4119/4119 4123/4123/4123 
f 4120/4120/4120 4124/4124/4124 4121/4121/4121 
f 4122/4122/4122 4124/4124/4124 4120/4120/4120 
f 4121/4121/4121 4125/4125/4125 4110/4110/4110 
f 4124/4124/4124 4125/4125/4125 4121/4121/4121 
f 4125/4125/4125 4108/4108/4108 4110/4110/4110 
f 4123/4123/4123 4126/4126/4126 4122/4122/4122 
f 4126/4126/4126 4123/4123/4123 4127/4127/4127 
f 4128/4128/4128 4124/4124/4124 4122/4122/4122 
f 4126/4126/4126 4128/4128/4128 4122/4122/4122 
f 4125/4125/4125 4124/4124/4124 4129/4129/4129 
f 4128/4128/4128 4129/4129/4129 4124/4124/4124 
f 4125/4125/4125 4130/4130/4130 4108/4108/4108 
f 4130/4130/4130 4125/4125/4125 4129/4129/4129 
f 4109/4109/4109 4108/4108/4108 4130/4130/4130 
f 4127/4127/4127 4131/4131/4131 4126/4126/4126 
f 4131/4131/4131 4127/4127/4127 4132/4132/4132 
f 4128/4128/4128 4126/4126/4126 4133/4133/4133 
f 4131/4131/4131 4133/4133/4133 4126/4126/4126 
f 4132/4132/4132 4134/4134/4134 4131/4131/4131 
f 4135/4135/4135 4109/4109/4109 4130/4130/4130 
f 4109/4109/4109 4135/4135/4135 4136/4136/4136 
f 4137/4137/4137 4130/4130/4130 4129/4129/4129 
f 4137/4137/4137 4129/4129/4129 4128/4128/4128 
f 4137/4137/4137 4135/4135/4135 4130/4130/4130 
f 4133/4133/4133 4137/4137/4137 4128/4128/4128 
f 4136/4136/4136 4135/4135/4135 4138/4138/4138 
f 4135/4135/4135 4137/4137/4137 4139/4139/4139 
f 4137/4137/4137 4133/4133/4133 4139/4139/4139 
f 4139/4139/4139 4138/4138/4138 4135/4135/4135 
f 4138/4138/4138 4140/4140/4140 4136/4136/4136 
f 4133/4133/4133 4141/4141/4141 4139/4139/4139 
f 4141/4141/4141 4138/4138/4138 4139/4139/4139 
f 4142/4142/4142 4140/4140/4140 4138/4138/4138 
f 4138/4138/4138 4141/4141/4141 4142/4142/4142 
f 4140/4140/4140 4142/4142/4142 4143/4143/4143 
f 4141/4141/4141 4133/4133/4133 3802/3802/3802 
f 4133/4133/4133 4131/4131/4131 3802/3802/3802 
f 4143/4143/4143 4142/4142/4142 4144/4144/4144 
f 4144/4144/4144 4145/4145/4145 4143/4143/4143 
f 4146/4146/4146 4142/4142/4142 4141/4141/4141 
f 4142/4142/4142 4146/4146/4146 4144/4144/4144 
f 4141/4141/4141 3805/3805/3805 4146/4146/4146 
f 3805/3805/3805 4141/4141/4141 3802/3802/3802 
f 3800/3800/3800 3802/3802/3802 4131/4131/4131 
f 3800/3800/3800 4131/4131/4131 4134/4134/4134 
f 4134/4134/4134 3798/3798/3798 3800/3800/3800 
f 4144/4144/4144 4147/4147/4147 4145/4145/4145 
f 4145/4145/4145 4147/4147/4147 4148/4148/4148 
f 4144/4144/4144 4149/4149/4149 4147/4147/4147 
f 4146/4146/4146 4149/4149/4149 4144/4144/4144 
f 4150/4150/4150 4148/4148/4148 4147/4147/4147 
f 4148/4148/4148 4150/4150/4150 4151/4151/4151 
f 4152/4152/4152 4147/4147/4147 4149/4149/4149 
f 4147/4147/4147 4152/4152/4152 4150/4150/4150 
f 4146/4146/4146 3808/3808/3808 4149/4149/4149 
f 3808/3808/3808 4146/4146/4146 3805/3805/3805 
f 4149/4149/4149 3810/3810/3810 4152/4152/4152 
f 3810/3810/3810 4149/4149/4149 3808/3808/3808 
f 4151/4151/4151 4150/4150/4150 4153/4153/4153 
f 4153/4153/4153 4154/4154/4154 4151/4151/4151 
f 4155/4155/4155 4150/4150/4150 4152/4152/4152 
f 4150/4150/4150 4155/4155/4155 4153/4153/4153 
f 3813/3813/3813 4152/4152/4152 3810/3810/3810 
f 4152/4152/4152 3813/3813/3813 4155/4155/4155 
f 4156/4156/4156 4154/4154/4154 4153/4153/4153 
f 4154/4154/4154 4156/4156/4156 4157/4157/4157 
f 4156/4156/4156 4158/4158/4158 4157/4157/4157 
f 4153/4153/4153 4159/4159/4159 4156/4156/4156 
f 4159/4159/4159 4153/4153/4153 4155/4155/4155 
f 4160/4160/4160 4158/4158/4158 4156/4156/4156 
f 4159/4159/4159 4160/4160/4160 4156/4156/4156 
f 4160/4160/4160 4161/4161/4161 4158/4158/4158 
f 4155/4155/4155 4162/4162/4162 4159/4159/4159 
f 4162/4162/4162 4155/4155/4155 3813/3813/3813 
f 4163/4163/4163 4160/4160/4160 4159/4159/4159 
f 4162/4162/4162 4163/4163/4163 4159/4159/4159 
f 4164/4164/4164 4161/4161/4161 4160/4160/4160 
f 4163/4163/4163 4164/4164/4164 4160/4160/4160 
f 4164/4164/4164 4165/4165/4165 4161/4161/4161 
f 4165/4165/4165 4164/4164/4164 4166/4166/4166 
f 4167/4167/4167 4165/4165/4165 4166/4166/4166 
f 4164/4164/4164 4163/4163/4163 4168/4168/4168 
f 4168/4168/4168 4166/4166/4166 4164/4164/4164 
f 4163/4163/4163 4162/4162/4162 4169/4169/4169 
f 4169/4169/4169 4168/4168/4168 4163/4163/4163 
f 3814/3814/3814 4169/4169/4169 4162/4162/4162 
f 3813/3813/3813 3814/3814/3814 4162/4162/4162 
f 4170/4170/4170 4167/4167/4167 4166/4166/4166 
f 4170/4170/4170 4171/4171/4171 4167/4167/4167 
f 4166/4166/4166 4168/4168/4168 4172/4172/4172 
f 4170/4170/4170 4166/4166/4166 4172/4172/4172 
f 4168/4168/4168 4169/4169/4169 3833/3833/3833 
f 3833/3833/3833 4172/4172/4172 4168/4168/4168 
f 3816/3816/3816 4169/4169/4169 3814/3814/3814 
f 3816/3816/3816 3833/3833/3833 4169/4169/4169 
f 4171/4171/4171 4170/4170/4170 3837/3837/3837 
f 3837/3837/3837 3836/3836/3836 4171/4171/4171 
f 3840/3840/3840 4170/4170/4170 4172/4172/4172 
f 3840/3840/3840 3837/3837/3837 4170/4170/4170 
f 3835/3835/3835 4172/4172/4172 3833/3833/3833 
f 3835/3835/3835 3840/3840/3840 4172/4172/4172 
f 4173/4173/4173 4174/4174/4174 4175/4175/4175 
f 4176/4176/4176 4175/4175/4175 4174/4174/4174 
f 4177/4177/4177 4173/4173/4173 4175/4175/4175 
f 4173/4173/4173 4178/4178/4178 4174/4174/4174 
f 4179/4179/4179 4176/4176/4176 4174/4174/4174 
f 4174/4174/4174 4180/4180/4180 4179/4179/4179 
f 4180/4180/4180 4174/4174/4174 4178/4178/4178 
f 4176/4176/4176 4179/4179/4179 4181/4181/4181 
f 4182/4182/4182 4175/4175/4175 4176/4176/4176 
f 4180/4180/4180 4183/4183/4183 4179/4179/4179 
f 4181/4181/4181 4179/4179/4179 4183/4183/4183 
f 4181/4181/4181 4184/4184/4184 4176/4176/4176 
f 4176/4176/4176 4184/4184/4184 4182/4182/4182 
f 4185/4185/4185 4175/4175/4175 4182/4182/4182 
f 4175/4175/4175 4185/4185/4185 4177/4177/4177 
f 4184/4184/4184 4186/4186/4186 4182/4182/4182 
f 4182/4182/4182 4187/4187/4187 4185/4185/4185 
f 4187/4187/4187 4182/4182/4182 4186/4186/4186 
f 4186/4186/4186 4188/4188/4188 4187/4187/4187 
f 4188/4188/4188 4186/4186/4186 4189/4189/4189 
f 4190/4190/4190 4189/4189/4189 4186/4186/4186 
f 4186/4186/4186 4184/4184/4184 4190/4190/4190 
f 4189/4189/4189 4190/4190/4190 4191/4191/4191 
f 4192/4192/4192 4190/4190/4190 4184/4184/4184 
f 4184/4184/4184 4181/4181/4181 4192/4192/4192 
f 4193/4193/4193 4191/4191/4191 4190/4190/4190 
f 4190/4190/4190 4192/4192/4192 4193/4193/4193 
f 4191/4191/4191 4193/4193/4193 4194/4194/4194 
f 4195/4195/4195 4192/4192/4192 4181/4181/4181 
f 4195/4195/4195 4181/4181/4181 4183/4183/4183 
f 4196/4196/4196 4193/4193/4193 4192/4192/4192 
f 4192/4192/4192 4195/4195/4195 4196/4196/4196 
f 4197/4197/4197 4194/4194/4194 4193/4193/4193 
f 4197/4197/4197 4193/4193/4193 4196/4196/4196 
f 4194/4194/4194 4197/4197/4197 4198/4198/4198 
f 4199/4199/4199 4198/4198/4198 4197/4197/4197 
f 4198/4198/4198 4199/4199/4199 4200/4200/4200 
f 4200/4200/4200 4199/4199/4199 4201/4201/4201 
f 4197/4197/4197 4202/4202/4202 4199/4199/4199 
f 4202/4202/4202 4197/4197/4197 4196/4196/4196 
f 4203/4203/4203 4201/4201/4201 4199/4199/4199 
f 4201/4201/4201 4203/4203/4203 4204/4204/4204 
f 4205/4205/4205 4199/4199/4199 4202/4202/4202 
f 4199/4199/4199 4205/4205/4205 4203/4203/4203 
f 4206/4206/4206 4202/4202/4202 4196/4196/4196 
f 4196/4196/4196 4195/4195/4195 4206/4206/4206 
f 4203/4203/4203 4207/4207/4207 4204/4204/4204 
f 4205/4205/4205 4207/4207/4207 4203/4203/4203 
f 4207/4207/4207 4208/4208/4208 4204/4204/4204 
f 4202/4202/4202 4209/4209/4209 4205/4205/4205 
f 4209/4209/4209 4202/4202/4202 4206/4206/4206 
f 4207/4207/4207 4205/4205/4205 4210/4210/4210 
f 4208/4208/4208 4207/4207/4207 4211/4211/4211 
f 4210/4210/4210 4211/4211/4211 4207/4207/4207 
f 4212/4212/4212 4208/4208/4208 4211/4211/4211 
f 4213/4213/4213 4210/4210/4210 4205/4205/4205 
f 4205/4205/4205 4209/4209/4209 4213/4213/4213 
f 4211/4211/4211 4210/4210/4210 4214/4214/4214 
f 4211/4211/4211 4215/4215/4215 4212/4212/4212 
f 4214/4214/4214 4215/4215/4215 4211/4211/4211 
f 4212/4212/4212 4215/4215/4215 4216/4216/4216 
f 4217/4217/4217 4212/4212/4212 4216/4216/4216 
f 4215/4215/4215 4214/4214/4214 4218/4218/4218 
f 4218/4218/4218 4216/4216/4216 4215/4215/4215 
f 4219/4219/4219 4217/4217/4217 4216/4216/4216 
f 4220/4220/4220 4218/4218/4218 4214/4214/4214 
f 4210/4210/4210 4220/4220/4220 4214/4214/4214 
f 4220/4220/4220 4210/4210/4210 4213/4213/4213 
f 4221/4221/4221 4220/4220/4220 4213/4213/4213 
f 4219/4219/4219 4216/4216/4216 4222/4222/4222 
f 4222/4222/4222 4223/4223/4223 4219/4219/4219 
f 4216/4216/4216 4218/4218/4218 4224/4224/4224 
f 4224/4224/4224 4222/4222/4222 4216/4216/4216 
f 4218/4218/4218 4220/4220/4220 4225/4225/4225 
f 4225/4225/4225 4224/4224/4224 4218/4218/4218 
f 4220/4220/4220 4221/4221/4221 4225/4225/4225 
f 4213/4213/4213 4226/4226/4226 4221/4221/4221 
f 4226/4226/4226 4225/4225/4225 4221/4221/4221 
f 4226/4226/4226 4213/4213/4213 4209/4209/4209 
f 4224/4224/4224 4225/4225/4225 4227/4227/4227 
f 4225/4225/4225 4226/4226/4226 4227/4227/4227 
f 4209/4209/4209 4228/4228/4228 4226/4226/4226 
f 4228/4228/4228 4227/4227/4227 4226/4226/4226 
f 4209/4209/4209 4206/4206/4206 4228/4228/4228 
f 4227/4227/4227 4229/4229/4229 4224/4224/4224 
f 4222/4222/4222 4224/4224/4224 4229/4229/4229 
f 4228/4228/4228 4230/4230/4230 4227/4227/4227 
f 4229/4229/4229 4227/4227/4227 4230/4230/4230 
f 4206/4206/4206 4231/4231/4231 4228/4228/4228 
f 4230/4230/4230 4228/4228/4228 4231/4231/4231 
f 4206/4206/4206 4195/4195/4195 4231/4231/4231 
f 4195/4195/4195 4183/4183/4183 4231/4231/4231 
f 4232/4232/4232 4231/4231/4231 4183/4183/4183 
f 4231/4231/4231 4232/4232/4232 4230/4230/4230 
f 4183/4183/4183 4180/4180/4180 4232/4232/4232 
f 4230/4230/4230 4233/4233/4233 4229/4229/4229 
f 4233/4233/4233 4230/4230/4230 4232/4232/4232 
f 4229/4229/4229 4234/4234/4234 4222/4222/4222 
f 4234/4234/4234 4229/4229/4229 4233/4233/4233 
f 4223/4223/4223 4222/4222/4222 4234/4234/4234 
f 4234/4234/4234 4235/4235/4235 4223/4223/4223 
f 4236/4236/4236 4235/4235/4235 4234/4234/4234 
f 4233/4233/4233 4236/4236/4236 4234/4234/4234 
f 4236/4236/4236 4237/4237/4237 4235/4235/4235 
f 4232/4232/4232 4238/4238/4238 4233/4233/4233 
f 4236/4236/4236 4233/4233/4233 4238/4238/4238 
f 4238/4238/4238 4232/4232/4232 4180/4180/4180 
f 4239/4239/4239 4237/4237/4237 4236/4236/4236 
f 4238/4238/4238 4239/4239/4239 4236/4236/4236 
f 4239/4239/4239 4240/4240/4240 4237/4237/4237 
f 4180/4180/4180 4241/4241/4241 4238/4238/4238 
f 4239/4239/4239 4238/4238/4238 4241/4241/4241 
f 4241/4241/4241 4180/4180/4180 4178/4178/4178 
f 4242/4242/4242 4240/4240/4240 4239/4239/4239 
f 4241/4241/4241 4242/4242/4242 4239/4239/4239 
f 4242/4242/4242 4243/4243/4243 4240/4240/4240 
f 4178/4178/4178 4244/4244/4244 4241/4241/4241 
f 4242/4242/4242 4241/4241/4241 4244/4244/4244 
f 4244/4244/4244 4178/4178/4178 4245/4245/4245 
f 4178/4178/4178 4173/4173/4173 4245/4245/4245 
f 4244/4244/4244 4246/4246/4246 4242/4242/4242 
f 4246/4246/4246 4243/4243/4243 4242/4242/4242 
f 4245/4245/4245 4247/4247/4247 4244/4244/4244 
f 4246/4246/4246 4244/4244/4244 4247/4247/4247 
f 4248/4248/4248 4245/4245/4245 4173/4173/4173 
f 4247/4247/4247 4245/4245/4245 4249/4249/4249 
f 4245/4245/4245 4248/4248/4248 4249/4249/4249 
f 4173/4173/4173 4177/4177/4177 4248/4248/4248 
f 4250/4250/4250 4247/4247/4247 4249/4249/4249 
f 4248/4248/4248 4250/4250/4250 4249/4249/4249 
f 4251/4251/4251 4246/4246/4246 4247/4247/4247 
f 4247/4247/4247 4250/4250/4250 4251/4251/4251 
f 4252/4252/4252 4243/4243/4243 4246/4246/4246 
f 4246/4246/4246 4251/4251/4251 4252/4252/4252 
f 4243/4243/4243 4252/4252/4252 4253/4253/4253 
f 4248/4248/4248 4254/4254/4254 4250/4250/4250 
f 4177/4177/4177 4254/4254/4254 4248/4248/4248 
f 4255/4255/4255 4251/4251/4251 4250/4250/4250 
f 4254/4254/4254 4255/4255/4255 4250/4250/4250 
f 4256/4256/4256 4252/4252/4252 4251/4251/4251 
f 4251/4251/4251 4255/4255/4255 4256/4256/4256 
f 4257/4257/4257 4253/4253/4253 4252/4252/4252 
f 4252/4252/4252 4256/4256/4256 4257/4257/4257 
f 4253/4253/4253 4257/4257/4257 4258/4258/4258 
f 4177/4177/4177 4259/4259/4259 4254/4254/4254 
f 4185/4185/4185 4259/4259/4259 4177/4177/4177 
f 4254/4254/4254 4260/4260/4260 4255/4255/4255 
f 4259/4259/4259 4260/4260/4260 4254/4254/4254 
f 4260/4260/4260 4261/4261/4261 4255/4255/4255 
f 4261/4261/4261 4256/4256/4256 4255/4255/4255 
f 4260/4260/4260 4259/4259/4259 4262/4262/4262 
f 4263/4263/4263 4259/4259/4259 4185/4185/4185 
f 4263/4263/4263 4262/4262/4262 4259/4259/4259 
f 4187/4187/4187 4263/4263/4263 4185/4185/4185 
f 4262/4262/4262 4264/4264/4264 4260/4260/4260 
f 4260/4260/4260 4264/4264/4264 4261/4261/4261 
f 4265/4265/4265 4263/4263/4263 4187/4187/4187 
f 4188/4188/4188 4265/4265/4265 4187/4187/4187 
f 4265/4265/4265 4188/4188/4188 4266/4266/4266 
f 4265/4265/4265 4267/4267/4267 4263/4263/4263 
f 4267/4267/4267 4262/4262/4262 4263/4263/4263 
f 4266/4266/4266 4268/4268/4268 4265/4265/4265 
f 4267/4267/4267 4265/4265/4265 4268/4268/4268 
f 4268/4268/4268 4266/4266/4266 4269/4269/4269 
f 4267/4267/4267 4270/4270/4270 4262/4262/4262 
f 4264/4264/4264 4262/4262/4262 4270/4270/4270 
f 4268/4268/4268 4271/4271/4271 4267/4267/4267 
f 4270/4270/4270 4267/4267/4267 4271/4271/4271 
f 4269/4269/4269 4272/4272/4272 4268/4268/4268 
f 4271/4271/4271 4268/4268/4268 4272/4272/4272 
f 4273/4273/4273 4272/4272/4272 4269/4269/4269 
f 4270/4270/4270 4274/4274/4274 4264/4264/4264 
f 4274/4274/4274 4261/4261/4261 4264/4264/4264 
f 4275/4275/4275 4270/4270/4270 4271/4271/4271 
f 4274/4274/4274 4270/4270/4270 4275/4275/4275 
f 4276/4276/4276 4271/4271/4271 4272/4272/4272 
f 4276/4276/4276 4275/4275/4275 4271/4271/4271 
f 4273/4273/4273 4277/4277/4277 4272/4272/4272 
f 4277/4277/4277 4276/4276/4276 4272/4272/4272 
f 4278/4278/4278 4277/4277/4277 4273/4273/4273 
f 4279/4279/4279 4277/4277/4277 4278/4278/4278 
f 4280/4280/4280 4279/4279/4279 4278/4278/4278 
f 4281/4281/4281 4279/4279/4279 4280/4280/4280 
f 4282/4282/4282 4277/4277/4277 4279/4279/4279 
f 4277/4277/4277 4282/4282/4282 4276/4276/4276 
f 4279/4279/4279 4281/4281/4281 4283/4283/4283 
f 4283/4283/4283 4281/4281/4281 4284/4284/4284 
f 4279/4279/4279 4285/4285/4285 4282/4282/4282 
f 4285/4285/4285 4279/4279/4279 4283/4283/4283 
f 4286/4286/4286 4276/4276/4276 4282/4282/4282 
f 4276/4276/4276 4286/4286/4286 4275/4275/4275 
f 4283/4283/4283 4284/4284/4284 4287/4287/4287 
f 4287/4287/4287 4285/4285/4285 4283/4283/4283 
f 4288/4288/4288 4287/4287/4287 4284/4284/4284 
f 4289/4289/4289 4282/4282/4282 4285/4285/4285 
f 4282/4282/4282 4289/4289/4289 4286/4286/4286 
f 4287/4287/4287 4288/4288/4288 4290/4290/4290 
f 4288/4288/4288 4291/4291/4291 4290/4290/4290 
f 4285/4285/4285 4287/4287/4287 4292/4292/4292 
f 4290/4290/4290 4292/4292/4292 4287/4287/4287 
f 4285/4285/4285 4293/4293/4293 4289/4289/4289 
f 4293/4293/4293 4285/4285/4285 4292/4292/4292 
f 4292/4292/4292 4290/4290/4290 4294/4294/4294 
f 4291/4291/4291 4295/4295/4295 4290/4290/4290 
f 4294/4294/4294 4290/4290/4290 4295/4295/4295 
f 4291/4291/4291 4296/4296/4296 4295/4295/4295 
f 4291/4291/4291 4297/4297/4297 4296/4296/4296 
f 4295/4295/4295 4298/4298/4298 4294/4294/4294 
f 4295/4295/4295 4296/4296/4296 4298/4298/4298 
f 4299/4299/4299 4296/4296/4296 4297/4297/4297 
f 4300/4300/4300 4292/4292/4292 4294/4294/4294 
f 4298/4298/4298 4300/4300/4300 4294/4294/4294 
f 4292/4292/4292 4300/4300/4300 4293/4293/4293 
f 4293/4293/4293 4300/4300/4300 4301/4301/4301 
f 4300/4300/4300 4298/4298/4298 4302/4302/4302 
f 4301/4301/4301 4300/4300/4300 4302/4302/4302 
f 4303/4303/4303 4293/4293/4293 4301/4301/4301 
f 4302/4302/4302 4303/4303/4303 4301/4301/4301 
f 4293/4293/4293 4303/4303/4303 4289/4289/4289 
f 4304/4304/4304 4302/4302/4302 4298/4298/4298 
f 4296/4296/4296 4304/4304/4304 4298/4298/4298 
f 4303/4303/4303 4302/4302/4302 4305/4305/4305 
f 4304/4304/4304 4305/4305/4305 4302/4302/4302 
f 4303/4303/4303 4306/4306/4306 4289/4289/4289 
f 4305/4305/4305 4306/4306/4306 4303/4303/4303 
f 4306/4306/4306 4286/4286/4286 4289/4289/4289 
f 4296/4296/4296 4299/4299/4299 4307/4307/4307 
f 4307/4307/4307 4304/4304/4304 4296/4296/4296 
f 4308/4308/4308 4307/4307/4307 4299/4299/4299 
f 4309/4309/4309 4305/4305/4305 4304/4304/4304 
f 4304/4304/4304 4307/4307/4307 4309/4309/4309 
f 4307/4307/4307 4308/4308/4308 4310/4310/4310 
f 4310/4310/4310 4309/4309/4309 4307/4307/4307 
f 4311/4311/4311 4310/4310/4310 4308/4308/4308 
f 4305/4305/4305 4309/4309/4309 4312/4312/4312 
f 4312/4312/4312 4306/4306/4306 4305/4305/4305 
f 4309/4309/4309 4310/4310/4310 4313/4313/4313 
f 4313/4313/4313 4312/4312/4312 4309/4309/4309 
f 4314/4314/4314 4310/4310/4310 4311/4311/4311 
f 4314/4314/4314 4313/4313/4313 4310/4310/4310 
f 4258/4258/4258 4314/4314/4314 4311/4311/4311 
f 4314/4314/4314 4258/4258/4258 4257/4257/4257 
f 4257/4257/4257 4315/4315/4315 4314/4314/4314 
f 4313/4313/4313 4314/4314/4314 4315/4315/4315 
f 4315/4315/4315 4257/4257/4257 4256/4256/4256 
f 4256/4256/4256 4261/4261/4261 4315/4315/4315 
f 4315/4315/4315 4316/4316/4316 4313/4313/4313 
f 4316/4316/4316 4315/4315/4315 4261/4261/4261 
f 4312/4312/4312 4313/4313/4313 4316/4316/4316 
f 4261/4261/4261 4274/4274/4274 4316/4316/4316 
f 4316/4316/4316 4317/4317/4317 4312/4312/4312 
f 4317/4317/4317 4316/4316/4316 4274/4274/4274 
f 4306/4306/4306 4312/4312/4312 4317/4317/4317 
f 4275/4275/4275 4317/4317/4317 4274/4274/4274 
f 4286/4286/4286 4306/4306/4306 4317/4317/4317 
f 4317/4317/4317 4275/4275/4275 4286/4286/4286 
f 4318/4318/4318 4319/4319/4319 4320/4320/4320 
f 4319/4319/4319 4318/4318/4318 4321/4321/4321 
f 4321/4321/4321 4322/4322/4322 4319/4319/4319 
f 4322/4322/4322 4321/4321/4321 4323/4323/4323 
f 4323/4323/4323 4324/4324/4324 4322/4322/4322 
f 4324/4324/4324 4323/4323/4323 4325/4325/4325 
f 4326/4326/4326 4327/4327/4327 4328/4328/4328 
f 4327/4327/4327 4326/4326/4326 4329/4329/4329 
f 4330/4330/4330 4329/4329/4329 4326/4326/4326 
f 4329/4329/4329 4330/4330/4330 4331/4331/4331 
f 4332/4332/4332 4331/4331/4331 4330/4330/4330 
f 4331/4331/4331 4332/4332/4332 4333/4333/4333 
f 4334/4334/4334 4335/4335/4335 4336/4336/4336 
f 4335/4335/4335 4337/4337/4337 4336/4336/4336 
f 4337/4337/4337 4335/4335/4335 4338/4338/4338 
f 4334/4334/4334 4336/4336/4336 4339/4339/4339 
f 4340/4340/4340 4334/4334/4334 4339/4339/4339 
f 4334/4334/4334 4340/4340/4340 4341/4341/4341 
f 4342/4342/4342 4341/4341/4341 4340/4340/4340 
f 4341/4341/4341 4342/4342/4342 4343/4343/4343 
f 4344/4344/4344 4343/4343/4343 4342/4342/4342 
f 4343/4343/4343 4344/4344/4344 4345/4345/4345 
f 4346/4346/4346 4345/4345/4345 4344/4344/4344 
f 4345/4345/4345 4346/4346/4346 4347/4347/4347 
f 4346/4346/4346 4348/4348/4348 4347/4347/4347 
f 4348/4348/4348 4346/4346/4346 4349/4349/4349 
f 4349/4349/4349 4350/4350/4350 4348/4348/4348 
f 4350/4350/4350 4349/4349/4349 4351/4351/4351 
f 4351/4351/4351 4352/4352/4352 4350/4350/4350 
f 4352/4352/4352 4351/4351/4351 4353/4353/4353 
f 4354/4354/4354 4352/4352/4352 4353/4353/4353 
f 4352/4352/4352 4354/4354/4354 4355/4355/4355 
f 4356/4356/4356 4355/4355/4355 4354/4354/4354 
f 4355/4355/4355 4356/4356/4356 4357/4357/4357 
f 4358/4358/4358 4357/4357/4357 4356/4356/4356 
f 4357/4357/4357 4358/4358/4358 4359/4359/4359 
f 4360/4360/4360 4359/4359/4359 4358/4358/4358 
f 4359/4359/4359 4360/4360/4360 4361/4361/4361 
f 4362/4362/4362 4361/4361/4361 4360/4360/4360 
f 4361/4361/4361 4362/4362/4362 4363/4363/4363 
f 4364/4364/4364 4363/4363/4363 4362/4362/4362 
f 4363/4363/4363 4364/4364/4364 4365/4365/4365 
f 4366/4366/4366 4365/4365/4365 4364/4364/4364 
f 4365/4365/4365 4366/4366/4366 4367/4367/4367 
f 4366/4366/4366 4368/4368/4368 4367/4367/4367 
f 4368/4368/4368 4366/4366/4366 4369/4369/4369 
f 4370/4370/4370 4368/4368/4368 4369/4369/4369 
f 4370/4370/4370 4369/4369/4369 4371/4371/4371 
f 4372/4372/4372 4373/4373/4373 4374/4374/4374 
f 4375/4375/4375 4374/4374/4374 4373/4373/4373 
f 4376/4376/4376 4375/4375/4375 4373/4373/4373 
f 4375/4375/4375 4376/4376/4376 4377/4377/4377 
f 4378/4378/4378 4372/4372/4372 4374/4374/4374 
f 4372/4372/4372 4378/4378/4378 4379/4379/4379 
f 4378/4378/4378 4380/4380/4380 4379/4379/4379 
f 4380/4380/4380 4378/4378/4378 4381/4381/4381 
f 4381/4381/4381 4382/4382/4382 4380/4380/4380 
f 4382/4382/4382 4381/4381/4381 4383/4383/4383 
f 4383/4383/4383 4384/4384/4384 4382/4382/4382 
f 4384/4384/4384 4383/4383/4383 4385/4385/4385 
f 4385/4385/4385 4386/4386/4386 4384/4384/4384 
f 4387/4387/4387 4384/4384/4384 4386/4386/4386 
f 4386/4386/4386 4388/4388/4388 4387/4387/4387 
f 4389/4389/4389 4387/4387/4387 4388/4388/4388 
f 4388/4388/4388 4390/4390/4390 4389/4389/4389 
f 4390/4390/4390 4388/4388/4388 4391/4391/4391 
f 4391/4391/4391 4392/4392/4392 4390/4390/4390 
f 4392/4392/4392 4391/4391/4391 4393/4393/4393 
f 4393/4393/4393 4394/4394/4394 4392/4392/4392 
f 4394/4394/4394 4393/4393/4393 4395/4395/4395 
f 4395/4395/4395 4396/4396/4396 4394/4394/4394 
f 4396/4396/4396 4395/4395/4395 4397/4397/4397 
f 4397/4397/4397 4398/4398/4398 4396/4396/4396 
f 4398/4398/4398 4397/4397/4397 4399/4399/4399 
f 4399/4399/4399 4400/4400/4400 4398/4398/4398 
f 4400/4400/4400 4399/4399/4399 4401/4401/4401 
f 4401/4401/4401 4402/4402/4402 4400/4400/4400 
f 4401/4401/4401 4403/4403/4403 4402/4402/4402 
f 4403/4403/4403 4404/4404/4404 4402/4402/4402 
f 4404/4404/4404 4403/4403/4403 4405/4405/4405 
f 4406/4406/4406 4404/4404/4404 4405/4405/4405 
f 4404/4404/4404 4406/4406/4406 4407/4407/4407 
f 4406/4406/4406 4408/4408/4408 4407/4407/4407 
f 4409/4409/4409 4407/4407/4407 4408/4408/4408 
f 4410/4410/4410 4411/4411/4411 4412/4412/4412 
f 4413/4413/4413 4412/4412/4412 4411/4411/4411 
f 4411/4411/4411 4410/4410/4410 4414/4414/4414 
f 4412/4412/4412 4413/4413/4413 4415/4415/4415 
f 4410/4410/4410 4416/4416/4416 4414/4414/4414 
f 4417/4417/4417 4415/4415/4415 4413/4413/4413 
f 4410/4410/4410 4418/4418/4418 4416/4416/4416 
f 4415/4415/4415 4417/4417/4417 4419/4419/4419 
f 4418/4418/4418 4420/4420/4420 4416/4416/4416 
f 4421/4421/4421 4419/4419/4419 4417/4417/4417 
f 4418/4418/4418 4422/4422/4422 4420/4420/4420 
f 4419/4419/4419 4421/4421/4421 4423/4423/4423 
f 4422/4422/4422 4424/4424/4424 4420/4420/4420 
f 4425/4425/4425 4423/4423/4423 4421/4421/4421 
f 4422/4422/4422 4426/4426/4426 4424/4424/4424 
f 4423/4423/4423 4425/4425/4425 4427/4427/4427 
f 4426/4426/4426 4428/4428/4428 4424/4424/4424 
f 4429/4429/4429 4427/4427/4427 4425/4425/4425 
f 4426/4426/4426 4430/4430/4430 4428/4428/4428 
f 4427/4427/4427 4429/4429/4429 4431/4431/4431 
f 4432/4432/4432 4428/4428/4428 4430/4430/4430 
f 4433/4433/4433 4431/4431/4431 4429/4429/4429 
f 4430/4430/4430 4434/4434/4434 4432/4432/4432 
f 4431/4431/4431 4433/4433/4433 4435/4435/4435 
f 4436/4436/4436 4435/4435/4435 4433/4433/4433 
f 4435/4435/4435 4436/4436/4436 4437/4437/4437 
f 4438/4438/4438 4432/4432/4432 4434/4434/4434 
f 4439/4439/4439 4438/4438/4438 4434/4434/4434 
f 4439/4439/4439 4440/4440/4440 4438/4438/4438 
f 4440/4440/4440 4439/4439/4439 4441/4441/4441 
f 4440/4440/4440 4441/4441/4441 4442/4442/4442 
f 4443/4443/4443 4442/4442/4442 4441/4441/4441 
f 4444/4444/4444 4445/4445/4445 4446/4446/4446 
f 4446/4446/4446 4447/4447/4447 4444/4444/4444 
f 4445/4445/4445 4444/4444/4444 4448/4448/4448 
f 4449/4449/4449 4445/4445/4445 4448/4448/4448 
f 4450/4450/4450 4445/4445/4445 4449/4449/4449 
f 4451/4451/4451 4447/4447/4447 4446/4446/4446 
f 4451/4451/4451 4452/4452/4452 4447/4447/4447 
f 4445/4445/4445 4453/4453/4453 4446/4446/4446 
f 4453/4453/4453 4451/4451/4451 4446/4446/4446 
f 4454/4454/4454 4445/4445/4445 4450/4450/4450 
f 4453/4453/4453 4445/4445/4445 4454/4454/4454 
f 4455/4455/4455 4454/4454/4454 4450/4450/4450 
f 4456/4456/4456 4454/4454/4454 4455/4455/4455 
f 4457/4457/4457 4454/4454/4454 4456/4456/4456 
f 4454/4454/4454 4457/4457/4457 4453/4453/4453 
f 4458/4458/4458 4453/4453/4453 4457/4457/4457 
f 4459/4459/4459 4452/4452/4452 4451/4451/4451 
f 4460/4460/4460 4451/4451/4451 4453/4453/4453 
f 4453/4453/4453 4458/4458/4458 4460/4460/4460 
f 4460/4460/4460 4459/4459/4459 4451/4451/4451 
f 4458/4458/4458 4461/4461/4461 4460/4460/4460 
f 4461/4461/4461 4459/4459/4459 4460/4460/4460 
f 4462/4462/4462 4461/4461/4461 4458/4458/4458 
f 4459/4459/4459 4463/4463/4463 4452/4452/4452 
f 4464/4464/4464 4461/4461/4461 4462/4462/4462 
f 4461/4461/4461 4464/4464/4464 4465/4465/4465 
f 4465/4465/4465 4459/4459/4459 4461/4461/4461 
f 4466/4466/4466 4465/4465/4465 4464/4464/4464 
f 4467/4467/4467 4463/4463/4463 4459/4459/4459 
f 4459/4459/4459 4465/4465/4465 4467/4467/4467 
f 4467/4467/4467 4468/4468/4468 4463/4463/4463 
f 4469/4469/4469 4468/4468/4468 4467/4467/4467 
f 4465/4465/4465 4469/4469/4469 4467/4467/4467 
f 4469/4469/4469 4470/4470/4470 4468/4468/4468 
f 4465/4465/4465 4466/4466/4466 4471/4471/4471 
f 4471/4471/4471 4469/4469/4469 4465/4465/4465 
f 4466/4466/4466 4472/4472/4472 4471/4471/4471 
f 4473/4473/4473 4472/4472/4472 4466/4466/4466 
f 4471/4471/4471 4474/4474/4474 4469/4469/4469 
f 4474/4474/4474 4470/4470/4470 4469/4469/4469 
f 4472/4472/4472 4474/4474/4474 4471/4471/4471 
f 4475/4475/4475 4472/4472/4472 4473/4473/4473 
f 4476/4476/4476 4470/4470/4470 4474/4474/4474 
f 4477/4477/4477 4474/4474/4474 4472/4472/4472 
f 4472/4472/4472 4475/4475/4475 4477/4477/4477 
f 4474/4474/4474 4477/4477/4477 4476/4476/4476 
f 4470/4470/4470 4476/4476/4476 4478/4478/4478 
f 4475/4475/4475 4479/4479/4479 4477/4477/4477 
f 4479/4479/4479 4476/4476/4476 4477/4477/4477 
f 4479/4479/4479 4475/4475/4475 4480/4480/4480 
f 4481/4481/4481 4478/4478/4478 4476/4476/4476 
f 4476/4476/4476 4479/4479/4479 4481/4481/4481 
f 4478/4478/4478 4481/4481/4481 4482/4482/4482 
f 4483/4483/4483 4482/4482/4482 4481/4481/4481 
f 4479/4479/4479 4483/4483/4483 4481/4481/4481 
f 4482/4482/4482 4483/4483/4483 4484/4484/4484 
f 4480/4480/4480 4485/4485/4485 4479/4479/4479 
f 4483/4483/4483 4479/4479/4479 4485/4485/4485 
f 4486/4486/4486 4485/4485/4485 4480/4480/4480 
f 4487/4487/4487 4485/4485/4485 4486/4486/4486 
f 4488/4488/4488 4483/4483/4483 4485/4485/4485 
f 4485/4485/4485 4487/4487/4487 4488/4488/4488 
f 4489/4489/4489 4484/4484/4484 4483/4483/4483 
f 4483/4483/4483 4488/4488/4488 4489/4489/4489 
f 4484/4484/4484 4489/4489/4489 4490/4490/4490 
f 4487/4487/4487 4491/4491/4491 4488/4488/4488 
f 4491/4491/4491 4489/4489/4489 4488/4488/4488 
f 4492/4492/4492 4491/4491/4491 4487/4487/4487 
f 4493/4493/4493 4491/4491/4491 4492/4492/4492 
f 4494/4494/4494 4490/4490/4490 4489/4489/4489 
f 4489/4489/4489 4491/4491/4491 4494/4494/4494 
f 4490/4490/4490 4494/4494/4494 4495/4495/4495 
f 4491/4491/4491 4493/4493/4493 4496/4496/4496 
f 4496/4496/4496 4494/4494/4494 4491/4491/4491 
f 4497/4497/4497 4496/4496/4496 4493/4493/4493 
f 4498/4498/4498 4496/4496/4496 4497/4497/4497 
f 4494/4494/4494 4496/4496/4496 4499/4499/4499 
f 4498/4498/4498 4499/4499/4499 4496/4496/4496 
f 4499/4499/4499 4495/4495/4495 4494/4494/4494 
f 4499/4499/4499 4498/4498/4498 4500/4500/4500 
f 4495/4495/4495 4499/4499/4499 4501/4501/4501 
f 4501/4501/4501 4499/4499/4499 4500/4500/4500 
f 4502/4502/4502 4503/4503/4503 4504/4504/4504 
f 4505/4505/4505 4503/4503/4503 4502/4502/4502 
f 4506/4506/4506 4504/4504/4504 4503/4503/4503 
f 4503/4503/4503 4505/4505/4505 4507/4507/4507 
f 4506/4506/4506 4508/4508/4508 4504/4504/4504 
f 4509/4509/4509 4507/4507/4507 4505/4505/4505 
f 4508/4508/4508 4506/4506/4506 4510/4510/4510 
f 4507/4507/4507 4509/4509/4509 4511/4511/4511 
f 4508/4508/4508 4510/4510/4510 4512/4512/4512 
f 4513/4513/4513 4511/4511/4511 4509/4509/4509 
f 4512/4512/4512 4510/4510/4510 4514/4514/4514 
f 4511/4511/4511 4513/4513/4513 4515/4515/4515 
f 4516/4516/4516 4512/4512/4512 4514/4514/4514 
f 4513/4513/4513 4517/4517/4517 4515/4515/4515 
f 4512/4512/4512 4516/4516/4516 4518/4518/4518 
f 4519/4519/4519 4518/4518/4518 4516/4516/4516 
f 4518/4518/4518 4519/4519/4519 4520/4520/4520 
f 4521/4521/4521 4517/4517/4517 4513/4513/4513 
f 4521/4521/4521 4522/4522/4522 4517/4517/4517 
f 4523/4523/4523 4522/4522/4522 4521/4521/4521 
f 4524/4524/4524 4525/4525/4525 4526/4526/4526 
f 4527/4527/4527 4524/4524/4524 4526/4526/4526 
f 4528/4528/4528 4522/4522/4522 4523/4523/4523 
f 4522/4522/4522 4528/4528/4528 4529/4529/4529 
f 4530/4530/4530 4529/4529/4529 4528/4528/4528 
f 4529/4529/4529 4530/4530/4530 4531/4531/4531 
f 4530/4530/4530 4532/4532/4532 4531/4531/4531 
f 4532/4532/4532 4530/4530/4530 4533/4533/4533 
f 4533/4533/4533 4534/4534/4534 4532/4532/4532 
f 4534/4534/4534 4533/4533/4533 4535/4535/4535 
f 4535/4535/4535 4536/4536/4536 4534/4534/4534 
f 4536/4536/4536 4535/4535/4535 4537/4537/4537 
f 4538/4538/4538 4536/4536/4536 4537/4537/4537 
f 4536/4536/4536 4538/4538/4538 4539/4539/4539 
f 4540/4540/4540 4539/4539/4539 4538/4538/4538 
f 4539/4539/4539 4540/4540/4540 4541/4541/4541 
f 4542/4542/4542 4541/4541/4541 4540/4540/4540 
f 4541/4541/4541 4542/4542/4542 4543/4543/4543 
f 4542/4542/4542 4544/4544/4544 4543/4543/4543 
f 4545/4545/4545 4544/4544/4544 4542/4542/4542 
f 4545/4545/4545 4546/4546/4546 4544/4544/4544 
f 4546/4546/4546 4545/4545/4545 4547/4547/4547 
f 4548/4548/4548 4549/4549/4549 4550/4550/4550 
f 4549/4549/4549 4548/4548/4548 4551/4551/4551 
f 4552/4552/4552 4550/4550/4550 4549/4549/4549 
f 4553/4553/4553 4551/4551/4551 4548/4548/4548 
f 4550/4550/4550 4552/4552/4552 4554/4554/4554 
f 4551/4551/4551 4553/4553/4553 4555/4555/4555 
f 4552/4552/4552 4556/4556/4556 4554/4554/4554 
f 4557/4557/4557 4555/4555/4555 4553/4553/4553 
f 4556/4556/4556 4552/4552/4552 4558/4558/4558 
f 4555/4555/4555 4557/4557/4557 4559/4559/4559 
f 4558/4558/4558 4560/4560/4560 4556/4556/4556 
f 4561/4561/4561 4559/4559/4559 4557/4557/4557 
f 4560/4560/4560 4558/4558/4558 4562/4562/4562 
f 4559/4559/4559 4561/4561/4561 4563/4563/4563 
f 4562/4562/4562 4564/4564/4564 4560/4560/4560 
f 4565/4565/4565 4563/4563/4563 4561/4561/4561 
f 4564/4564/4564 4562/4562/4562 4566/4566/4566 
f 4563/4563/4563 4565/4565/4565 4567/4567/4567 
f 4566/4566/4566 4568/4568/4568 4564/4564/4564 
f 4569/4569/4569 4567/4567/4567 4565/4565/4565 
f 4568/4568/4568 4566/4566/4566 4570/4570/4570 
f 4567/4567/4567 4569/4569/4569 4571/4571/4571 
f 4570/4570/4570 4572/4572/4572 4568/4568/4568 
f 4573/4573/4573 4571/4571/4571 4569/4569/4569 
f 4572/4572/4572 4570/4570/4570 4574/4574/4574 
f 4571/4571/4571 4573/4573/4573 4575/4575/4575 
f 4574/4574/4574 4576/4576/4576 4572/4572/4572 
f 4573/4573/4573 4577/4577/4577 4575/4575/4575 
f 4576/4576/4576 4574/4574/4574 4578/4578/4578 
f 4579/4579/4579 4577/4577/4577 4573/4573/4573 
f 4579/4579/4579 4580/4580/4580 4577/4577/4577 
f 4580/4580/4580 4579/4579/4579 4581/4581/4581 
f 4578/4578/4578 4582/4582/4582 4576/4576/4576 
f 4582/4582/4582 4578/4578/4578 4583/4583/4583 
f 4582/4582/4582 4583/4583/4583 4584/4584/4584 
f 4584/4584/4584 4583/4583/4583 4585/4585/4585 
f 4586/4586/4586 4584/4584/4584 4585/4585/4585 
f 4586/4586/4586 4587/4587/4587 4584/4584/4584 
f 4588/4588/4588 4587/4587/4587 4586/4586/4586 
f 4588/4588/4588 4589/4589/4589 4587/4587/4587 
f 4590/4590/4590 4591/4591/4591 4592/4592/4592 
f 4593/4593/4593 4592/4592/4592 4591/4591/4591 
f 4591/4591/4591 4594/4594/4594 4593/4593/4593 
f 4595/4595/4595 4593/4593/4593 4594/4594/4594 
f 4594/4594/4594 4596/4596/4596 4595/4595/4595 
f 4597/4597/4597 4595/4595/4595 4596/4596/4596 
f 4598/4598/4598 4599/4599/4599 4600/4600/4600 
f 4600/4600/4600 4601/4601/4601 4598/4598/4598 
f 4602/4602/4602 4598/4598/4598 4601/4601/4601 
f 4598/4598/4598 4602/4602/4602 4603/4603/4603 
f 4604/4604/4604 4603/4603/4603 4602/4602/4602 
f 4603/4603/4603 4604/4604/4604 4605/4605/4605 
f 4606/4606/4606 4607/4607/4607 4608/4608/4608 
f 4606/4606/4606 4608/4608/4608 4609/4609/4609 
f 4607/4607/4607 4610/4610/4610 4608/4608/4608 
f 4610/4610/4610 4607/4607/4607 4611/4611/4611 
f 4612/4612/4612 4610/4610/4610 4611/4611/4611 
f 4610/4610/4610 4612/4612/4612 4613/4613/4613 
f 4612/4612/4612 4614/4614/4614 4613/4613/4613 
f 4615/4615/4615 4613/4613/4613 4614/4614/4614 
f 4614/4614/4614 4616/4616/4616 4615/4615/4615 
f 4617/4617/4617 4615/4615/4615 4616/4616/4616 
f 4616/4616/4616 4618/4618/4618 4617/4617/4617 
f 4619/4619/4619 4617/4617/4617 4618/4618/4618 
f 4618/4618/4618 4620/4620/4620 4619/4619/4619 
f 4621/4621/4621 4619/4619/4619 4620/4620/4620 
f 4620/4620/4620 4622/4622/4622 4621/4621/4621 
f 4623/4623/4623 4621/4621/4621 4622/4622/4622 
f 4622/4622/4622 4624/4624/4624 4623/4623/4623 
f 4625/4625/4625 4623/4623/4623 4624/4624/4624 
f 4624/4624/4624 4626/4626/4626 4625/4625/4625 
f 4627/4627/4627 4625/4625/4625 4626/4626/4626 
f 4626/4626/4626 4628/4628/4628 4627/4627/4627 
f 4628/4628/4628 4626/4626/4626 4629/4629/4629 
f 4629/4629/4629 4630/4630/4630 4628/4628/4628 
f 4630/4630/4630 4629/4629/4629 4631/4631/4631 
f 4631/4631/4631 4632/4632/4632 4630/4630/4630 
f 4633/4633/4633 4630/4630/4630 4632/4632/4632 
f 4632/4632/4632 4634/4634/4634 4633/4633/4633 
f 4635/4635/4635 4633/4633/4633 4634/4634/4634 
f 4636/4636/4636 4635/4635/4635 4634/4634/4634 
f 4635/4635/4635 4636/4636/4636 4637/4637/4637 
f 4636/4636/4636 4638/4638/4638 4637/4637/4637 
f 4638/4638/4638 4636/4636/4636 4639/4639/4639 
f 4639/4639/4639 4640/4640/4640 4638/4638/4638 
f 4639/4639/4639 4641/4641/4641 4640/4640/4640 
f 4641/4641/4641 4642/4642/4642 4640/4640/4640 
f 4642/4642/4642 4641/4641/4641 4643/4643/4643 
f 4644/4644/4644 4645/4645/4645 4646/4646/4646 
f 4645/4645/4645 4644/4644/4644 4647/4647/4647 
f 4648/4648/4648 4646/4646/4646 4645/4645/4645 
f 4646/4646/4646 4648/4648/4648 4649/4649/4649 
f 4648/4648/4648 4650/4650/4650 4649/4649/4649 
f 4650/4650/4650 4648/4648/4648 4651/4651/4651 
f 4652/4652/4652 4650/4650/4650 4651/4651/4651 
f 4652/4652/4652 4651/4651/4651 4653/4653/4653 
f 4654/4654/4654 4652/4652/4652 4653/4653/4653 
f 4654/4654/4654 4653/4653/4653 4655/4655/4655 
f 4656/4656/4656 4654/4654/4654 4655/4655/4655 
f 4655/4655/4655 4657/4657/4657 4656/4656/4656 
f 4658/4658/4658 4656/4656/4656 4657/4657/4657 
f 4657/4657/4657 4659/4659/4659 4658/4658/4658 
f 4660/4660/4660 4658/4658/4658 4659/4659/4659 
f 4659/4659/4659 4661/4661/4661 4660/4660/4660 
f 4662/4662/4662 4660/4660/4660 4661/4661/4661 
f 4661/4661/4661 4663/4663/4663 4662/4662/4662 
f 4664/4664/4664 4662/4662/4662 4663/4663/4663 
f 4662/4662/4662 4664/4664/4664 4665/4665/4665 
f 4666/4666/4666 4665/4665/4665 4664/4664/4664 
f 4665/4665/4665 4666/4666/4666 4667/4667/4667 
f 4668/4668/4668 4667/4667/4667 4666/4666/4666 
f 4667/4667/4667 4668/4668/4668 4669/4669/4669 
f 4670/4670/4670 4669/4669/4669 4668/4668/4668 
f 4668/4668/4668 4671/4671/4671 4670/4670/4670 
f 4672/4672/4672 4670/4670/4670 4671/4671/4671 
f 4671/4671/4671 4673/4673/4673 4672/4672/4672 
f 4673/4673/4673 4674/4674/4674 4672/4672/4672 
f 4674/4674/4674 4673/4673/4673 4675/4675/4675 
f 4676/4676/4676 4674/4674/4674 4675/4675/4675 
f 4676/4676/4676 4675/4675/4675 4677/4677/4677 
f 4678/4678/4678 4676/4676/4676 4677/4677/4677 
f 4676/4676/4676 4678/4678/4678 4679/4679/4679 
f 4680/4680/4680 4679/4679/4679 4678/4678/4678 
f 4679/4679/4679 4680/4680/4680 4681/4681/4681 
f 4682/4682/4682 4683/4683/4683 4684/4684/4684 
f 4683/4683/4683 4682/4682/4682 4685/4685/4685 
f 4685/4685/4685 4686/4686/4686 4683/4683/4683 
f 4686/4686/4686 4685/4685/4685 4687/4687/4687 
f 4687/4687/4687 4688/4688/4688 4686/4686/4686 
f 4688/4688/4688 4687/4687/4687 4689/4689/4689 
f 4689/4689/4689 4690/4690/4690 4688/4688/4688 
f 4690/4690/4690 4689/4689/4689 4691/4691/4691 
f 4691/4691/4691 4692/4692/4692 4690/4690/4690 
f 4692/4692/4692 4691/4691/4691 4693/4693/4693 
f 4693/4693/4693 4694/4694/4694 4692/4692/4692 
f 4694/4694/4694 4693/4693/4693 4695/4695/4695 
f 4695/4695/4695 4696/4696/4696 4694/4694/4694 
f 4696/4696/4696 4695/4695/4695 4697/4697/4697 
f 4697/4697/4697 4698/4698/4698 4696/4696/4696 
f 4698/4698/4698 4697/4697/4697 4699/4699/4699 
f 4700/4700/4700 4698/4698/4698 4699/4699/4699 
f 4698/4698/4698 4700/4700/4700 4701/4701/4701 
f 4702/4702/4702 4701/4701/4701 4700/4700/4700 
f 4701/4701/4701 4702/4702/4702 4703/4703/4703 
f 4704/4704/4704 4703/4703/4703 4702/4702/4702 
f 4703/4703/4703 4704/4704/4704 4705/4705/4705 
f 4706/4706/4706 4705/4705/4705 4704/4704/4704 
f 4705/4705/4705 4706/4706/4706 4707/4707/4707 
f 4708/4708/4708 4707/4707/4707 4706/4706/4706 
f 4707/4707/4707 4708/4708/4708 4709/4709/4709 
f 4710/4710/4710 4709/4709/4709 4708/4708/4708 
f 4709/4709/4709 4710/4710/4710 4711/4711/4711 
f 4712/4712/4712 4711/4711/4711 4710/4710/4710 
f 4711/4711/4711 4712/4712/4712 4713/4713/4713 
f 4714/4714/4714 4713/4713/4713 4712/4712/4712 
f 4714/4714/4714 4715/4715/4715 4713/4713/4713 
f 4716/4716/4716 4717/4717/4717 4718/4718/4718 
f 4719/4719/4719 4718/4718/4718 4717/4717/4717 
f 4718/4718/4718 4720/4720/4720 4716/4716/4716 
f 4717/4717/4717 4721/4721/4721 4719/4719/4719 
f 4722/4722/4722 4716/4716/4716 4720/4720/4720 
f 4721/4721/4721 4717/4717/4717 4723/4723/4723 
f 4720/4720/4720 4724/4724/4724 4722/4722/4722 
f 4723/4723/4723 4725/4725/4725 4721/4721/4721 
f 4726/4726/4726 4722/4722/4722 4724/4724/4724 
f 4727/4727/4727 4721/4721/4721 4725/4725/4725 
f 4724/4724/4724 4728/4728/4728 4726/4726/4726 
f 4725/4725/4725 4729/4729/4729 4727/4727/4727 
f 4728/4728/4728 4724/4724/4724 4730/4730/4730 
f 4731/4731/4731 4727/4727/4727 4729/4729/4729 
f 4730/4730/4730 4732/4732/4732 4728/4728/4728 
f 4729/4729/4729 4733/4733/4733 4731/4731/4731 
f 4734/4734/4734 4728/4728/4728 4732/4732/4732 
f 4733/4733/4733 4729/4729/4729 4735/4735/4735 
f 4732/4732/4732 4736/4736/4736 4734/4734/4734 
f 4735/4735/4735 4737/4737/4737 4733/4733/4733 
f 4738/4738/4738 4734/4734/4734 4736/4736/4736 
f 4737/4737/4737 4735/4735/4735 4739/4739/4739 
f 4736/4736/4736 4739/4739/4739 4738/4738/4738 
f 4739/4739/4739 4736/4736/4736 4737/4737/4737 
f 4740/4740/4740 4741/4741/4741 4742/4742/4742 
f 4743/4743/4743 4742/4742/4742 4741/4741/4741 
f 4742/4742/4742 4744/4744/4744 4740/4740/4740 
f 4741/4741/4741 4745/4745/4745 4743/4743/4743 
f 4746/4746/4746 4740/4740/4740 4744/4744/4744 
f 4747/4747/4747 4743/4743/4743 4745/4745/4745 
f 4740/4740/4740 4746/4746/4746 4748/4748/4748 
f 4745/4745/4745 4749/4749/4749 4747/4747/4747 
f 4750/4750/4750 4748/4748/4748 4746/4746/4746 
f 4751/4751/4751 4747/4747/4747 4749/4749/4749 
f 4748/4748/4748 4750/4750/4750 4752/4752/4752 
f 4747/4747/4747 4751/4751/4751 4753/4753/4753 
f 4750/4750/4750 4754/4754/4754 4752/4752/4752 
f 4751/4751/4751 4755/4755/4755 4753/4753/4753 
f 4750/4750/4750 4756/4756/4756 4754/4754/4754 
f 4755/4755/4755 4751/4751/4751 4757/4757/4757 
f 4758/4758/4758 4754/4754/4754 4756/4756/4756 
f 4757/4757/4757 4759/4759/4759 4755/4755/4755 
f 4754/4754/4754 4758/4758/4758 4760/4760/4760 
f 4759/4759/4759 4757/4757/4757 4761/4761/4761 
f 4762/4762/4762 4760/4760/4760 4758/4758/4758 
f 4763/4763/4763 4759/4759/4759 4761/4761/4761 
f 4760/4760/4760 4762/4762/4762 4763/4763/4763 
f 4759/4759/4759 4763/4763/4763 4762/4762/4762 
f 4764/4764/4764 4765/4765/4765 4766/4766/4766 
f 4765/4765/4765 4764/4764/4764 4767/4767/4767 
f 4768/4768/4768 4766/4766/4766 4765/4765/4765 
f 4766/4766/4766 4768/4768/4768 4769/4769/4769 
f 4770/4770/4770 4769/4769/4769 4768/4768/4768 
f 4769/4769/4769 4770/4770/4770 4771/4771/4771 
f 4772/4772/4772 4771/4771/4771 4770/4770/4770 
f 4771/4771/4771 4772/4772/4772 4773/4773/4773 
f 4774/4774/4774 4773/4773/4773 4772/4772/4772 
f 4773/4773/4773 4774/4774/4774 4775/4775/4775 
f 4776/4776/4776 4775/4775/4775 4774/4774/4774 
f 4775/4775/4775 4776/4776/4776 4777/4777/4777 
f 4777/4777/4777 4776/4776/4776 4778/4778/4778 
f 4778/4778/4778 4776/4776/4776 4779/4779/4779 
f 4778/4778/4778 4779/4779/4779 4780/4780/4780 
f 4780/4780/4780 4779/4779/4779 4781/4781/4781 
f 4780/4780/4780 4781/4781/4781 4782/4782/4782 
f 4782/4782/4782 4781/4781/4781 4783/4783/4783 
f 4782/4782/4782 4783/4783/4783 4784/4784/4784 
f 4784/4784/4784 4783/4783/4783 4785/4785/4785 
f 4784/4784/4784 4785/4785/4785 4786/4786/4786 
f 4787/4787/4787 4786/4786/4786 4785/4785/4785 
f 4786/4786/4786 4787/4787/4787 4788/4788/4788 
f 4789/4789/4789 4788/4788/4788 4787/4787/4787 
f 4790/4790/4790 4791/4791/4791 4792/4792/4792 
f 4792/4792/4792 4793/4793/4793 4790/4790/4790 
f 4793/4793/4793 4792/4792/4792 4794/4794/4794 
f 4794/4794/4794 4795/4795/4795 4793/4793/4793 
f 4796/4796/4796 4795/4795/4795 4794/4794/4794 
f 4795/4795/4795 4796/4796/4796 4797/4797/4797 
f 4798/4798/4798 4797/4797/4797 4796/4796/4796 
f 4797/4797/4797 4798/4798/4798 4799/4799/4799 
f 4799/4799/4799 4798/4798/4798 4800/4800/4800 
f 4800/4800/4800 4801/4801/4801 4799/4799/4799 
f 4801/4801/4801 4800/4800/4800 4802/4802/4802 
f 4802/4802/4802 4803/4803/4803 4801/4801/4801 
f 4802/4802/4802 4804/4804/4804 4803/4803/4803 
f 4804/4804/4804 4802/4802/4802 4805/4805/4805 
f 4805/4805/4805 4806/4806/4806 4804/4804/4804 
f 4807/4807/4807 4806/4806/4806 4805/4805/4805 
f 4808/4808/4808 4806/4806/4806 4807/4807/4807 
f 4809/4809/4809 4808/4808/4808 4807/4807/4807 
f 4808/4808/4808 4809/4809/4809 4810/4810/4810 
f 4811/4811/4811 4810/4810/4810 4809/4809/4809 
f 4811/4811/4811 4812/4812/4812 4810/4810/4810 
f 4813/4813/4813 4812/4812/4812 4811/4811/4811 
f 4813/4813/4813 4814/4814/4814 4812/4812/4812 
f 4815/4815/4815 4814/4814/4814 4813/4813/4813 

