# This file is brought to you by Roblox Corporation
# Generated by Roblox Studio

mtllib R6 Bacon.mtl

g Handle1

v -6.80946 4.41046 17.8844 
v -6.82994 4.77167 17.9522 
v -6.74775 4.73851 17.7108 
v -6.72341 4.37511 17.6997 
v -6.80791 4.99584 17.9551 
v -6.74676 4.97833 17.7099 
v -6.64966 5.21122 17.6984 
v -6.69038 5.21352 17.9415 
v -6.44944 5.32966 17.8961 
v -6.4336 5.32314 17.6527 
v -5.89425 5.38057 17.7718 
v -5.89822 5.33696 17.543 
v -6.21715 5.36852 17.6094 
v -6.214 5.37827 17.8531 
v -5.77348 5.2933 17.72 
v -5.78184 5.23664 17.5149 
v -6.66098 4.40986 17.8893 
v -6.57493 4.37452 17.7305 
v -6.59893 4.72958 17.7283 
v -6.68113 4.76274 17.9588 
v -6.59902 4.90004 17.7257 
v -6.66018 4.91755 17.9704 
v -6.53936 5.06558 17.7126 
v -6.36783 5.15555 17.6675 
v -6.40342 5.16208 17.9151 
v -6.58009 5.06788 17.9653 
v -5.96126 5.1796 17.7794 
v -6.20628 5.19395 17.8684 
v -6.1746 5.1842 17.6247 
v -5.92671 5.16506 17.5506 
v -5.76587 5.16794 17.7009 
v -5.76645 5.14165 17.4997 
v -6.66098 4.40986 17.8893 
v -6.68113 4.76274 17.9588 
v -6.59893 4.72958 17.7283 
v -6.57493 4.37452 17.7305 
v -6.57493 4.37452 17.7305 
v -6.66098 4.40986 17.8893 
v -6.66018 4.91755 17.9704 
v -6.59902 4.90004 17.7257 
v -6.58009 5.06788 17.9653 
v -6.40342 5.16208 17.9151 
v -6.36783 5.15555 17.6675 
v -6.53936 5.06558 17.7126 
v -5.92671 5.16506 17.5506 
v -6.1746 5.1842 17.6247 
v -6.20628 5.19395 17.8684 
v -5.96126 5.1796 17.7794 
v -5.76645 5.14165 17.4997 
v -5.76587 5.16794 17.7009 
v -5.76587 5.16794 17.7009 
v -5.76645 5.14165 17.4997 
v -6.53936 5.06558 17.7126 
v -6.58009 5.06788 17.9653 
v -5.80029 5.23909 17.4793 
v -5.76645 5.14165 17.4997 
v -5.75793 5.09535 17.3947 
v -5.79072 5.18782 17.3488 
v -6.19853 5.3237 17.4153 
v -6.02534 5.35109 17.4431 
v -5.99667 5.29207 17.2418 
v -6.14573 5.26197 17.1917 
v -6.55191 5.06028 17.3453 
v -6.35426 5.25552 17.3858 
v -6.2645 5.19736 17.1651 
v -6.43794 5.0126 17.1422 
v -6.70168 4.67199 17.352 
v -6.65866 4.85141 17.3405 
v -6.53162 4.82073 17.1355 
v -6.56549 4.65295 17.149 
v -6.69408 4.53241 17.3824 
v -6.56565 4.45138 17.2084 
v -5.91818 5.15626 17.496 
v -5.90741 5.17405 17.3229 
v -5.75793 5.09535 17.3947 
v -5.76645 5.14165 17.4997 
v -6.15616 5.14861 17.4723 
v -6.10337 5.13638 17.2487 
v -5.99092 5.17788 17.2851 
v -6.0196 5.16211 17.4864 
v -6.43286 4.96536 17.4052 
v -6.35972 4.93922 17.21 
v -6.20995 5.09226 17.2252 
v -6.2997 5.10092 17.4459 
v -6.56663 4.6686 17.4162 
v -6.47162 4.64956 17.2263 
v -6.44385 4.78262 17.2015 
v -6.52963 4.79166 17.4065 
v -6.55614 4.55121 17.439 
v -6.46891 4.47019 17.2853 
v -5.91818 5.15626 17.496 
v -5.76645 5.14165 17.4997 
v -5.89672 5.33678 17.463 
v -5.75793 5.09535 17.3947 
v -5.90741 5.17405 17.3229 
v -5.88596 5.27978 17.2899 
v -6.15616 5.14861 17.4723 
v -6.0196 5.16211 17.4864 
v -5.99092 5.17788 17.2851 
v -6.10337 5.13638 17.2487 
v -6.43286 4.96536 17.4052 
v -6.2997 5.10092 17.4459 
v -6.20995 5.09226 17.2252 
v -6.35972 4.93922 17.21 
v -6.56663 4.6686 17.4162 
v -6.52963 4.79166 17.4065 
v -6.44385 4.78262 17.2015 
v -6.47162 4.64956 17.2263 
v -6.55614 4.55121 17.439 
v -6.46891 4.47019 17.2853 
v -6.46891 4.47019 17.2853 
v -6.55614 4.55121 17.439 
v -6.10337 5.13638 17.2487 
v -6.15616 5.14861 17.4723 
v -5.75393 5.18594 17.9648 
v -5.76583 5.14607 17.6442 
v -5.79337 5.26481 17.6368 
v -5.79517 5.31701 17.9579 
v -5.9642 5.39147 17.959 
v -5.94385 5.34279 17.6421 
v -6.2565 5.35214 17.718 
v -6.25967 5.38827 18.0424 
v -6.4972 5.2833 17.8211 
v -6.47125 5.30014 18.1292 
v -6.80548 4.9949 17.9848 
v -6.74285 4.99293 18.2661 
v -6.65523 5.15961 18.2047 
v -6.7065 5.15955 17.9107 
v -6.82679 4.35626 18.37 
v -6.81945 4.46437 18.3387 
v -6.89094 4.45756 18.0877 
v -6.89954 4.35441 18.1256 
v -5.75393 5.18594 17.9648 
v -5.97133 5.26028 17.9849 
v -5.95097 5.21162 17.6679 
v -5.76583 5.14607 17.6442 
v -6.22933 5.25682 18.0573 
v -6.22615 5.22069 17.7329 
v -6.44307 5.176 17.8248 
v -6.41713 5.19285 18.133 
v -6.69159 4.94165 17.9599 
v -6.6317 5.07327 17.9047 
v -6.58043 5.07333 18.1988 
v -6.62894 4.93968 18.2412 
v -6.71296 4.30723 18.3265 
v -6.78571 4.30538 18.0821 
v -6.77304 4.42541 18.0453 
v -6.70154 4.43222 18.2962 
v -5.76583 5.14607 17.6442 
v -5.95097 5.21162 17.6679 
v -5.97133 5.26028 17.9849 
v -5.75393 5.18594 17.9648 
v -6.22615 5.22069 17.7329 
v -6.22933 5.25682 18.0573 
v -6.41713 5.19285 18.133 
v -6.44307 5.176 17.8248 
v -6.62894 4.93968 18.2412 
v -6.58043 5.07333 18.1988 
v -6.6317 5.07327 17.9047 
v -6.69159 4.94165 17.9599 
v -6.71296 4.30723 18.3265 
v -6.70154 4.43222 18.2962 
v -6.77304 4.42541 18.0453 
v -6.78571 4.30538 18.0821 
v -6.78571 4.30538 18.0821 
v -6.71296 4.30723 18.3265 
v -6.73549 4.79158 18.0096 
v -6.75591 4.5546 18.0298 
v -6.87779 4.57032 18.0712 
v -6.85637 4.81629 18.0489 
v -6.68564 4.56623 18.2872 
v -6.75591 4.5546 18.0298 
v -6.73549 4.79158 18.0096 
v -6.66301 4.78785 18.2799 
v -6.80752 4.58195 18.3286 
v -6.68564 4.56623 18.2872 
v -6.66301 4.78785 18.2799 
v -6.7839 4.81257 18.3192 
v -6.22824 5.36861 18.2636 
v -5.91363 5.36024 18.1705 
v -5.9489 5.375 17.9399 
v -6.27654 5.36788 18.0348 
v -6.5375 5.04153 18.4884 
v -6.47835 5.19217 18.4179 
v -6.61798 5.20596 18.2467 
v -6.69106 5.03834 18.3269 
v -5.81383 5.30844 17.9208 
v -5.82262 5.30337 18.1622 
v -5.76907 5.17824 18.1535 
v -5.75393 5.18594 17.9043 
v -6.52907 4.68682 18.6278 
v -6.55485 4.89129 18.5587 
v -6.72231 4.87115 18.407 
v -6.69498 4.65296 18.4689 
v -6.4674 5.31629 18.1311 
v -6.37086 5.30935 18.3296 
v -6.21226 5.2657 18.2508 
v -6.26056 5.26496 18.0219 
v -5.96995 5.27151 17.9365 
v -5.93468 5.25675 18.1671 
v -6.47887 4.98827 18.4329 
v -6.63243 4.98507 18.2714 
v -6.56791 5.13155 18.2043 
v -6.42828 5.11776 18.3755 
v -5.75393 5.18594 17.9043 
v -5.76907 5.17824 18.1535 
v -6.45958 4.67289 18.5537 
v -6.62549 4.63903 18.3948 
v -6.65515 4.83898 18.3384 
v -6.48769 4.85912 18.4901 
v -6.43342 5.22843 18.1027 
v -6.33688 5.22149 18.3011 
v -6.21226 5.2657 18.2508 
v -5.93468 5.25675 18.1671 
v -5.96995 5.27151 17.9365 
v -6.26056 5.26496 18.0219 
v -6.47887 4.98827 18.4329 
v -6.42828 5.11776 18.3755 
v -6.56791 5.13155 18.2043 
v -6.63243 4.98507 18.2714 
v -5.76907 5.17824 18.1535 
v -5.75393 5.18594 17.9043 
v -6.45958 4.67289 18.5537 
v -6.48769 4.85912 18.4901 
v -6.65515 4.83898 18.3384 
v -6.62549 4.63903 18.3948 
v -6.62549 4.63903 18.3948 
v -6.45958 4.67289 18.5537 
v -6.33688 5.22149 18.3011 
v -6.43342 5.22843 18.1027 
v -6.27633 4.83225 18.7236 
v -6.44936 4.83331 18.6029 
v -6.418 4.53077 18.6705 
v -6.2262 4.52129 18.7861 
v -6.27953 5.10156 18.6358 
v -6.42387 5.10875 18.4988 
v -6.22542 5.21141 18.5669 
v -6.35139 5.22497 18.4074 
v -5.98203 5.32311 18.4634 
v -6.05663 5.35352 18.2629 
v -6.23909 5.30122 18.3365 
v -6.13373 5.28051 18.5211 
v -5.81111 5.2745 18.171 
v -5.88881 5.34854 18.1952 
v -5.84249 5.3092 18.4102 
v -5.78817 5.24366 18.3947 
v -6.21835 4.81687 18.6439 
v -6.1714 4.51919 18.7017 
v -6.3632 4.52867 18.5861 
v -6.39138 4.81794 18.5232 
v -6.22532 5.04632 18.577 
v -6.36966 5.05351 18.44 
v -6.31038 5.15194 18.3625 
v -6.18441 5.13838 18.522 
v -5.98062 5.2273 18.4435 
v -6.10754 5.18751 18.4919 
v -6.2129 5.20822 18.3072 
v -6.05522 5.25771 18.243 
v -5.76907 5.17824 18.1535 
v -5.77215 5.15534 18.3873 
v -5.86387 5.2108 18.3989 
v -5.91019 5.25013 18.1839 
v -6.39138 4.81794 18.5232 
v -6.3632 4.52867 18.5861 
v -6.3632 4.52867 18.5861 
v -6.1714 4.51919 18.7017 
v -6.1714 4.51919 18.7017 
v -6.21835 4.81687 18.6439 
v -6.36966 5.05351 18.44 
v -6.22532 5.04632 18.577 
v -6.31038 5.15194 18.3625 
v -6.18441 5.13838 18.522 
v -6.05522 5.25771 18.243 
v -6.2129 5.20822 18.3072 
v -6.10754 5.18751 18.4919 
v -5.98062 5.2273 18.4435 
v -5.76907 5.17824 18.1535 
v -5.91019 5.25013 18.1839 
v -5.86387 5.2108 18.3989 
v -5.77215 5.15534 18.3873 
v -5.76907 5.17824 18.1535 
v -5.77215 5.15534 18.3873 
v -6.2129 5.20822 18.3072 
v -6.10754 5.18751 18.4919 
v -6.13501 4.81415 18.7696 
v -6.29551 4.81513 18.6577 
v -6.26642 4.53449 18.7203 
v -6.08851 4.5257 18.8276 
v -6.15642 5.00872 18.7772 
v -6.29031 5.01539 18.6502 
v -6.1609 5.19624 18.5139 
v -6.06317 5.17703 18.6852 
v -5.93765 5.24836 18.6171 
v -6.00739 5.27641 18.4314 
v -5.78847 5.217 18.3863 
v -5.86054 5.28567 18.3792 
v -5.81758 5.24917 18.5786 
v -5.76719 5.18838 18.5602 
v -6.08122 4.79988 18.6957 
v -6.03767 4.52375 18.7493 
v -6.21559 4.53254 18.6421 
v -6.24173 4.80087 18.5838 
v -6.10613 4.95748 18.7227 
v -6.24002 4.96415 18.5956 
v -6.13661 5.10997 18.4867 
v -6.03888 5.09076 18.658 
v -5.93591 5.15953 18.5985 
v -6.00565 5.18758 18.4128 
v -5.77215 5.15534 18.3873 
v -5.75233 5.10646 18.5574 
v -5.83741 5.1579 18.5681 
v -5.88038 5.19439 18.3687 
v -6.24173 4.80087 18.5838 
v -6.21559 4.53254 18.6421 
v -6.21559 4.53254 18.6421 
v -6.03767 4.52375 18.7493 
v -6.03767 4.52375 18.7493 
v -6.08122 4.79988 18.6957 
v -6.24002 4.96415 18.5956 
v -6.10613 4.95748 18.7227 
v -6.13661 5.10997 18.4867 
v -6.24002 4.96415 18.5956 
v -6.10613 4.95748 18.7227 
v -6.03888 5.09076 18.658 
v -6.00565 5.18758 18.4128 
v -5.93591 5.15953 18.5985 
v -5.77215 5.15534 18.3873 
v -5.88038 5.19439 18.3687 
v -5.83741 5.1579 18.5681 
v -5.75233 5.10646 18.5574 
v -5.77215 5.15534 18.3873 
v -5.75233 5.10646 18.5574 
v -5.98682 4.93201 18.87 
v -6.13293 4.99161 18.7858 
v -6.15826 4.82638 18.8212 
v -6.01464 4.78744 18.9012 
v -5.8776 5.12617 18.7783 
v -5.96446 5.20312 18.6584 
v -6.0409 5.16568 18.7079 
v -5.91018 5.09584 18.7979 
v -6.14666 4.61769 18.8485 
v -5.99398 4.55999 18.9294 
v -6.09871 5.0944 18.7602 
v -5.96104 5.02918 18.8476 
v -5.94886 4.88972 18.7793 
v -5.96829 4.76808 18.8071 
v -6.11191 4.80702 18.727 
v -6.09497 4.94933 18.6951 
v -5.84908 5.06006 18.7071 
v -5.89463 5.01856 18.7294 
v -6.02536 5.0884 18.6394 
v -5.93005 5.11599 18.6142 
v -5.94504 4.55122 18.8345 
v -6.09772 4.60893 18.7536 
v -6.07304 5.03292 18.6817 
v -5.93537 4.9677 18.7691 
v -6.09497 4.94933 18.6951 
v -6.11191 4.80702 18.727 
v -5.96829 4.76808 18.8071 
v -5.94886 4.88972 18.7793 
v -5.93005 5.11599 18.6142 
v -6.02536 5.0884 18.6394 
v -5.89463 5.01856 18.7294 
v -5.84908 5.06006 18.7071 
v -6.09772 4.60893 18.7536 
v -6.09772 4.60893 18.7536 
v -5.94504 4.55122 18.8345 
v -5.94504 4.55122 18.8345 
v -5.93537 4.9677 18.7691 
v -6.07304 5.03292 18.6817 
v -5.76415 5.07647 18.6557 
v -5.75233 5.10646 18.5574 
v -5.82192 5.21195 18.5561 
v -5.81685 5.12172 18.7319 
v -5.75233 5.10646 18.5574 
v -5.76415 5.07647 18.6557 
v -5.75233 5.10646 18.5574 
v -5.76415 5.07647 18.6557 
v -5.93537 4.9677 18.7691 
v -6.07304 5.03292 18.6817 
v -5.76223 4.51969 18.8549 
v -5.769 4.76959 18.856 
v -5.95827 4.75849 18.8418 
v -5.94711 4.52654 18.8362 
v -5.76556 4.94655 18.8369 
v -5.9513 4.95111 18.8294 
v -5.76565 5.10518 18.7541 
v -5.76415 5.07647 18.6557 
v -5.94519 5.05548 18.6678 
v -5.94056 5.10476 18.7594 
v -5.75465 4.52141 18.7684 
v -5.93952 4.52827 18.7497 
v -5.95192 4.75579 18.7554 
v -5.76264 4.7669 18.7696 
v -5.94868 4.92916 18.7464 
v -5.76293 4.9246 18.754 
v -5.76556 5.04444 18.6983 
v -5.94047 5.04401 18.7036 
v -5.94519 5.05548 18.6678 
v -5.76415 5.07647 18.6557 
v -5.75465 4.52141 18.7684 
v -5.76264 4.7669 18.7696 
v -5.95192 4.75579 18.7554 
v -5.93952 4.52827 18.7497 
v -5.93952 4.52827 18.7497 
v -5.75465 4.52141 18.7684 
v -5.76293 4.9246 18.754 
v -5.94868 4.92916 18.7464 
v -5.76556 5.04444 18.6983 
v -5.76415 5.07647 18.6557 
v -5.94519 5.05548 18.6678 
v -5.94047 5.04401 18.7036 
v -5.76293 4.9246 18.754 
v -5.94868 4.92916 18.7464 
v -5.23992 4.55282 17.963 
v -5.27922 4.51747 17.7454 
v -5.22384 4.74484 17.7433 
v -5.18794 4.75132 17.9582 
v -5.20902 5.00515 17.7171 
v -5.25517 5.17373 17.6681 
v -5.24073 5.1653 17.8888 
v -5.17702 4.97859 17.9289 
v -5.48629 5.36451 17.7962 
v -5.3691 5.30935 17.8351 
v -5.36595 5.2996 17.617 
v -5.48377 5.33904 17.5765 
v -5.75229 5.2933 17.72 
v -5.62162 5.38057 17.7514 
v -5.61982 5.33696 17.543 
v -5.74818 5.23664 17.5149 
v -5.34579 4.55222 17.9604 
v -5.31434 4.72839 17.9574 
v -5.35023 4.7219 17.7294 
v -5.38509 4.51688 17.7267 
v -5.3589 4.95663 17.7088 
v -5.32691 4.93007 17.9302 
v -5.36831 5.07538 17.8971 
v -5.39025 5.0838 17.6716 
v -5.52819 5.20081 17.8347 
v -5.53586 5.18884 17.6079 
v -5.48621 5.16818 17.6324 
v -5.47433 5.17793 17.8505 
v -5.77273 5.16794 17.758 
v -5.77214 5.14165 17.5484 
v -5.5932 5.16506 17.5927 
v -5.59038 5.1796 17.8165 
v -5.31434 4.72839 17.9574 
v -5.34579 4.55222 17.9604 
v -5.38509 4.51688 17.7267 
v -5.34579 4.55222 17.9604 
v -5.38509 4.51688 17.7267 
v -5.35023 4.7219 17.7294 
v -5.32691 4.93007 17.9302 
v -5.36831 5.07538 17.8971 
v -5.39025 5.0838 17.6716 
v -5.3589 4.95663 17.7088 
v -5.53586 5.18884 17.6079 
v -5.48621 5.16818 17.6324 
v -5.47433 5.17793 17.8505 
v -5.52819 5.20081 17.8347 
v -5.77214 5.14165 17.5484 
v -5.5932 5.16506 17.5927 
v -5.59038 5.1796 17.8165 
v -5.77273 5.16794 17.758 
v -5.77273 5.16794 17.758 
v -5.77214 5.14165 17.5484 
v -5.53586 5.18884 17.6079 
v -5.52819 5.20081 17.8347 
v -5.75728 5.23909 17.4793 
v -5.7553 5.18782 17.3488 
v -5.75793 5.09535 17.3947 
v -5.76645 5.14165 17.4997 
v -5.48684 5.28006 17.4174 
v -5.53964 5.21832 17.2121 
v -5.67532 5.21612 17.299 
v -5.66456 5.27312 17.4667 
v -5.34139 5.10782 17.3527 
v -5.38834 5.05505 17.1534 
v -5.44201 5.15368 17.1646 
v -5.39197 5.21116 17.3754 
v -5.33608 4.74595 17.397 
v -5.39943 4.66492 17.2516 
v -5.6431 5.1101 17.4997 
v -5.76645 5.14165 17.4997 
v -5.75793 5.09535 17.3947 
v -5.65386 5.11039 17.3216 
v -5.5292 5.09717 17.4744 
v -5.582 5.09273 17.2772 
v -5.44802 4.96223 17.4416 
v -5.4648 5.03853 17.4475 
v -5.5155 5.05272 17.2431 
v -5.49641 4.98145 17.2467 
v -5.49617 4.68373 17.296 
v -5.43283 4.76476 17.4479 
v -5.6431 5.1101 17.4997 
v -5.76645 5.14165 17.4997 
v -5.75793 5.09535 17.3947 
v -5.65386 5.11039 17.3216 
v -5.5292 5.09717 17.4744 
v -5.582 5.09273 17.2772 
v -5.44802 4.96223 17.4416 
v -5.4648 5.03853 17.4475 
v -5.5155 5.05272 17.2431 
v -5.49641 4.98145 17.2467 
v -5.49617 4.68373 17.296 
v -5.49641 4.98145 17.2467 
v -5.44802 4.96223 17.4416 
v -5.43283 4.76476 17.4479 
v -5.49617 4.68373 17.296 
v -5.43283 4.76476 17.4479 
v -5.582 5.09273 17.2772 
v -5.5292 5.09717 17.4744 
v -5.76298 5.19425 18.0229 
v -5.72069 5.31701 18.0123 
v -5.7225 5.26481 17.7518 
v -5.7692 5.14607 17.7592 
v -5.60565 5.38013 18.0481 
v -5.41274 5.3435 18.1044 
v -5.41593 5.30737 17.8414 
v -5.62601 5.33146 17.7746 
v -5.30485 5.23063 17.8785 
v -5.26126 5.28856 18.1429 
v -5.18819 5.16005 18.1768 
v -5.16763 4.96964 18.2133 
v -5.21649 4.93218 17.944 
v -5.2284 5.10143 17.9106 
v -5.14801 4.5074 18.2811 
v -5.13971 4.50679 18.0195 
v -5.23724 4.72297 17.9853 
v -5.24033 4.73426 18.2583 
v -5.76298 5.19425 18.0229 
v -5.7692 5.14607 17.7592 
v -5.61888 5.20027 17.8004 
v -5.59853 5.24895 18.0739 
v -5.46606 5.17024 17.8562 
v -5.46288 5.20638 18.1193 
v -5.38418 5.11648 17.8881 
v -5.35323 5.15501 18.1526 
v -5.26186 4.44054 18.2775 
v -5.36557 4.69932 18.2594 
v -5.36247 4.68804 17.9863 
v -5.25355 4.43993 18.0159 
v -5.7692 5.14607 17.7592 
v -5.61888 5.20027 17.8004 
v -5.59853 5.24895 18.0739 
v -5.76298 5.19425 18.0229 
v -5.46606 5.17024 17.8562 
v -5.46288 5.20638 18.1193 
v -5.35323 5.15501 18.1526 
v -5.38418 5.11648 17.8881 
v -5.33768 4.87025 17.9459 
v -5.3596 5.01764 17.9133 
v -5.26186 4.44054 18.2775 
v -5.36557 4.69932 18.2594 
v -5.36247 4.68804 17.9863 
v -5.25355 4.43993 18.0159 
v -5.25355 4.43993 18.0159 
v -5.26186 4.44054 18.2775 
v -5.30165 4.89834 18.2152 
v -5.29193 5.05933 18.1796 
v -5.3596 5.01764 17.9133 
v -5.33768 4.87025 17.9459 
v -5.29193 5.05933 18.1796 
v -5.30165 4.89834 18.2152 
v -5.29193 5.05933 18.1796 
v -5.3596 5.01764 17.9133 
v -5.60223 5.36024 18.1928 
v -5.43378 5.33803 18.2538 
v -5.40677 5.30805 18.0228 
v -5.56696 5.34357 17.9399 
v -5.23134 5.03649 18.4001 
v -5.17453 5.00536 18.2029 
v -5.23972 5.19404 18.1415 
v -5.2843 5.23696 18.3416 
v -5.70204 5.30844 17.9208 
v -5.75393 5.18594 17.9043 
v -5.76907 5.17824 18.1535 
v -5.69325 5.30337 18.1622 
v -5.3145 4.68682 18.4848 
v -5.22397 4.65296 18.2922 
v -5.16761 4.87115 18.2545 
v -5.2597 4.89129 18.4398 
v -5.36563 4.98393 18.3441 
v -5.38415 5.16255 18.3089 
v -5.28978 5.11963 18.0991 
v -5.23345 4.9528 18.1644 
v -5.54592 5.24009 17.9365 
v -5.58119 5.25675 18.1894 
v -5.76907 5.17824 18.1535 
v -5.75393 5.18594 17.9043 
v -5.38398 4.67289 18.4106 
v -5.40224 4.85912 18.3712 
v -5.23478 4.83898 18.2195 
v -5.29345 4.63903 18.2517 
v -5.48703 5.24929 18.2307 
v -5.42179 5.21931 17.9996 
v -5.42179 5.21931 17.9996 
v -5.54592 5.24009 17.9365 
v -5.36563 4.98393 18.3441 
v -5.38415 5.16255 18.3089 
v -5.28978 5.11963 18.0991 
v -5.23345 4.9528 18.1644 
v -5.58119 5.25675 18.1894 
v -5.76907 5.17824 18.1535 
v -5.75393 5.18594 17.9043 
v -5.38398 4.67289 18.4106 
v -5.40224 4.85912 18.3712 
v -5.23478 4.83898 18.2195 
v -5.29345 4.63903 18.2517 
v -5.29345 4.63903 18.2517 
v -5.38398 4.67289 18.4106 
v -5.48703 5.24929 18.2307 
v -5.48703 5.24929 18.2307 
v -5.42179 5.21931 17.9996 
v -5.39 4.83225 18.5701 
v -5.42099 4.52129 18.5857 
v -5.22919 4.53077 18.4701 
v -5.21697 4.83331 18.4495 
v -5.40948 5.10156 18.5365 
v -5.26514 5.10875 18.3644 
v -5.31693 5.22325 18.3149 
v -5.46346 5.19799 18.4967 
v -5.72959 5.22164 18.3972 
v -5.55659 5.25963 18.4438 
v -5.40809 5.30122 18.2532 
v -5.63787 5.33415 18.1835 
v -5.72766 5.23679 18.1662 
v -5.76619 5.16719 18.3883 
v -5.46516 4.81687 18.4904 
v -5.27495 4.81794 18.3698 
v -5.28399 4.52867 18.3858 
v -5.47579 4.51919 18.5014 
v -5.48407 5.04632 18.4776 
v -5.31935 5.05351 18.3055 
v -5.35641 5.14817 18.2716 
v -5.52962 5.12839 18.4546 
v -5.74803 5.16647 18.3897 
v -5.63439 5.23379 18.1911 
v -5.43428 5.20822 18.224 
v -5.61516 5.17706 18.417 
v -5.76907 5.17824 18.1502 
v -5.77215 5.15534 18.3873 
v -5.27495 4.81794 18.3698 
v -5.28399 4.52867 18.3858 
v -5.28399 4.52867 18.3858 
v -5.47579 4.51919 18.5014 
v -5.47579 4.51919 18.5014 
v -5.46516 4.81687 18.4904 
v -5.31935 5.05351 18.3055 
v -5.48407 5.04632 18.4776 
v -5.35641 5.14817 18.2716 
v -5.52962 5.12839 18.4546 
v -5.63439 5.23379 18.1911 
v -5.43428 5.20822 18.224 
v -5.61516 5.17706 18.417 
v -5.74803 5.16647 18.3897 
v -5.76907 5.17824 18.1502 
v -5.77215 5.15534 18.3873 
v -5.76907 5.17824 18.1502 
v -5.77215 5.15534 18.3873 
v -5.43428 5.20822 18.224 
v -5.61516 5.17706 18.417 
v -5.55263 4.95291 18.7378 
v -5.52481 4.80834 18.769 
v -5.37115 4.84729 18.689 
v -5.39648 5.01252 18.6536 
v -5.66469 5.15047 18.6383 
v -5.62927 5.11675 18.6656 
v -5.49854 5.18659 18.5756 
v -5.60195 5.23133 18.5223 
v -5.54547 4.58089 18.7972 
v -5.39279 4.6386 18.7163 
v -5.59059 4.91062 18.6471 
v -5.43444 4.97023 18.5628 
v -5.41751 4.82793 18.5948 
v -5.57115 4.78898 18.6748 
v -5.70034 5.09051 18.5657 
v -5.63865 5.15393 18.4507 
v -5.51409 5.1093 18.5071 
v -5.64481 5.03946 18.5971 
v -5.44172 4.62983 18.6214 
v -5.59441 4.57213 18.7023 
v -5.43444 4.97023 18.5628 
v -5.41751 4.82793 18.5948 
v -5.57115 4.78898 18.6748 
v -5.59059 4.91062 18.6471 
v -5.63865 5.15393 18.4507 
v -5.51409 5.1093 18.5071 
v -5.64481 5.03946 18.5971 
v -5.70034 5.09051 18.5657 
v -5.44172 4.62983 18.6214 
v -5.44172 4.62983 18.6214 
v -5.59441 4.57213 18.7023 
v -5.59441 4.57213 18.7023 
v -5.64481 5.03946 18.5971 
v -5.51409 5.1093 18.5071 
v -5.7753 5.09737 18.5235 
v -5.7226 5.14263 18.5996 
v -5.71752 5.23286 18.4615 
v -5.77215 5.15534 18.3873 
v -5.77215 5.15534 18.3873 
v -5.7753 5.09737 18.5235 
v -5.77215 5.15534 18.3873 
v -5.7753 5.09737 18.5235 
v -5.80209 4.49495 18.7742 
v -5.60943 4.50181 18.6894 
v -5.59706 4.73375 18.6911 
v -5.79532 4.74486 18.7731 
v -5.60766 4.92637 18.6816 
v -5.80469 4.92181 18.7561 
v -5.8311 5.08044 18.6776 
v -5.67687 5.08002 18.6311 
v -5.75233 5.10646 18.5574 
v -5.86401 5.05173 18.5848 
v -5.83695 4.49667 18.6947 
v -5.82901 4.74216 18.6932 
v -5.63075 4.73106 18.6113 
v -5.64429 4.50353 18.6099 
v -5.83372 4.89986 18.6783 
v -5.63668 4.90442 18.6038 
v -5.84905 5.01971 18.6247 
v -5.86401 5.05173 18.5848 
v -5.75233 5.10646 18.5574 
v -5.69482 5.01928 18.5782 
v -5.83695 4.49667 18.6947 
v -5.82901 4.74216 18.6932 
v -5.63075 4.73106 18.6113 
v -5.64429 4.50353 18.6099 
v -5.64429 4.50353 18.6099 
v -5.83695 4.49667 18.6947 
v -5.83372 4.89986 18.6783 
v -5.63668 4.90442 18.6038 
v -5.84905 5.01971 18.6247 
v -5.86401 5.05173 18.5848 
v -5.75233 5.10646 18.5574 
v -5.69482 5.01928 18.5782 
v -5.83372 4.89986 18.6783 
v -5.63668 4.90442 18.6038 
v -5.75728 5.23909 17.6364 
v -5.7553 5.18781 17.4879 
v -5.76645 5.14165 17.4997 
v -5.76583 5.14607 17.6442 
v -5.48684 5.28006 17.603 
v -5.50642 5.21832 17.4367 
v -5.67532 5.21612 17.4561 
v -5.66456 5.27312 17.6238 
v -5.42938 5.17328 17.427 
v -5.39601 5.21357 17.6034 
v -5.38834 5.08867 17.4174 
v -5.34139 5.10782 17.6039 
v -5.35923 4.91297 17.6317 
v -5.41502 4.8605 17.4505 
v -5.6431 5.16739 17.6568 
v -5.76583 5.14607 17.6442 
v -5.76645 5.14165 17.4997 
v -5.65386 5.11039 17.4786 
v -5.5292 5.15446 17.66 
v -5.54878 5.09273 17.4774 
v -5.45376 5.11385 17.6484 
v -5.48784 5.07386 17.4698 
v -5.46271 5.01507 17.4623 
v -5.50142 4.83666 17.482 
v -5.44498 4.88884 17.6575 
v -5.41432 5.03361 17.6369 
v -5.6431 5.16739 17.6568 
v -5.76583 5.14607 17.6442 
v -5.76645 5.14165 17.4997 
v -5.65386 5.11039 17.4786 
v -5.5292 5.15446 17.66 
v -5.54878 5.09273 17.4774 
v -5.45376 5.11385 17.6484 
v -5.48784 5.07386 17.4698 
v -5.50142 4.83666 17.482 
v -5.46271 5.01507 17.4623 
v -5.41432 5.03361 17.6369 
v -5.44498 4.88884 17.6575 
v -5.49617 4.68373 17.499 
v -5.39943 4.66492 17.4789 
v -5.33608 4.74595 17.6555 
v -5.43283 4.76476 17.6752 
v -5.45376 5.11385 17.6484 
v -5.48784 5.07386 17.4698 
v -5.43283 4.76476 17.6752 
v -5.49617 4.68373 17.499 
v -5.43283 4.76476 17.6752 
v -5.49617 4.68373 17.499 
v -6.66292 4.72635 17.3659 
v -6.70687 4.73583 17.5855 
v -6.64436 4.91191 17.573 
v -6.6049 4.89503 17.3506 
v -5.79451 5.22164 17.4436 
v -6.12055 5.30058 17.3857 
v -6.14353 5.34463 17.6183 
v -5.85925 5.33415 17.667 
v -5.768 5.23679 17.6731 
v -5.7571 5.16719 17.4479 
v -6.56368 4.72424 17.3823 
v -6.5123 4.8591 17.3601 
v -6.55655 4.86035 17.5855 
v -6.60764 4.73373 17.6019 
v -5.72494 5.17824 17.6839 
v -5.86364 5.19485 17.6598 
v -5.77528 5.12754 17.4488 
v -5.75106 5.15534 17.4482 
v -6.60764 4.73373 17.6019 
v -6.56368 4.72424 17.3823 
v -6.5123 4.8591 17.3601 
v -6.56368 4.72424 17.3823 
v -6.60764 4.73373 17.6019 
v -6.55655 4.86035 17.5855 
v -6.09773 5.11125 17.6166 
v -5.86364 5.19485 17.6598 
v -5.72494 5.17824 17.6839 
v -5.86364 5.19485 17.6598 
v -5.77528 5.12754 17.4488 
v -5.75106 5.15534 17.4482 
v -5.72494 5.17824 17.6839 
v -5.75106 5.15534 17.4482 
v -6.09773 5.11125 17.6166 
v -6.05237 5.14026 17.3696 
v -6.05237 5.14026 17.3696 
v -6.53046 5.13766 17.5817 
v -6.45546 5.03063 17.5899 
v -6.26522 5.11357 17.6025 
v -6.32535 5.28491 17.5993 
v -6.41087 5.03861 17.3579 
v -6.22023 5.13225 17.3628 
v -6.26522 5.11357 17.6025 
v -6.45546 5.03063 17.5899 
v -6.49602 5.11249 17.3563 
v -6.29675 5.25013 17.3702 
v -6.22023 5.13225 17.3628 
v -6.41087 5.03861 17.3579 
v -6.09773 5.11125 17.6166 
v -6.05237 5.14026 17.3696 
v -5.67211 5.1732 18.0401 
v -5.77419 5.1732 18.0261 
v -5.6825 5.34061 18.0387 
v -5.60875 5.26582 18.0489 
v -5.26199 5.2785 18.0967 
v -5.25854 5.38664 18.0971 
v -5.28245 5.38664 18.2706 
v -5.28589 5.2785 18.2701 
v -5.63265 5.26582 18.2223 
v -5.70641 5.34061 18.2121 
v -5.79809 5.1732 18.1995 
v -5.69601 5.1732 18.2136 
v -5.69601 5.1732 18.2136 
v -5.79809 5.1732 18.1995 
v -5.77419 5.1732 18.0261 
v -5.67211 5.1732 18.0401 
v -5.60875 5.26582 18.0489 
v -5.63265 5.26582 18.2223 
v -5.58769 5.3917 18.0518 
v -5.55572 5.30239 18.0562 
v -5.55572 5.30239 18.0562 
v -5.57962 5.30239 18.2296 
v -5.57962 5.30239 18.2296 
v -5.61159 5.3917 18.2252 
v -5.48005 5.3083 18.0666 
v -5.47305 5.41112 18.0676 
v -5.36798 5.40735 18.082 
v -5.37324 5.30193 18.0813 
v -5.50395 5.3083 18.24 
v -5.48005 5.3083 18.0666 
v -5.37324 5.30193 18.0813 
v -5.39714 5.30193 18.2548 
v -5.39714 5.30193 18.2548 
v -5.39188 5.40735 18.2555 
v -5.49695 5.41112 18.241 
v -5.50395 5.3083 18.24 
v -5.55572 5.30239 18.0562 
v -5.57962 5.30239 18.2296 
v -5.26199 5.2785 18.0967 
v -5.26199 5.2785 18.0967 
v -5.28589 5.2785 18.2701 
v -5.28589 5.2785 18.2701 
v -6.01866 4.63695 17.0842 
v -6.13707 4.63895 17.2174 
v -6.22262 4.68261 17.1333 
v -6.10421 4.68061 17.0001 
v -5.84271 5.31683 17.2028 
v -6.02323 5.31683 17.2758 
v -5.99074 5.31594 17.3265 
v -5.82316 5.28288 17.2929 
v -5.79072 5.18782 17.3488 
v -5.95902 5.239 17.3939 
v -5.95902 5.10517 17.3939 
v -5.75793 5.09535 17.3947 
v -5.79152 5.10005 17.3162 
v -5.99074 5.10506 17.3265 
v -6.02323 5.10493 17.2758 
v -5.84994 5.10493 17.2215 
v -6.02323 5.10493 17.2758 
v -5.99074 5.10506 17.3265 
v -5.79152 5.10005 17.3162 
v -5.84994 5.10493 17.2215 
v -6.06302 5.09253 17.2414 
v -5.88412 5.09153 17.1561 
v -6.02323 5.10493 17.2758 
v -6.09668 5.26415 17.1708 
v -6.06302 5.09253 17.2414 
v -5.91779 5.26315 17.0855 
v -5.84994 5.10493 17.2215 
v -5.88412 5.09153 17.1561 
v -5.94839 5.04298 17.1035 
v -6.11352 5.04498 17.2136 
v -6.14027 4.91596 17.2013 
v -5.99669 4.91395 17.0718 
v -6.11352 5.04498 17.2136 
v -6.18001 5.13033 17.1131 
v -6.21959 4.98233 17.1108 
v -6.14027 4.91596 17.2013 
v -6.01487 5.12833 17.003 
v -6.07601 4.98033 16.9812 
v -5.94839 5.04298 17.1035 
v -5.99669 4.91395 17.0718 
v -6.23117 4.8051 17.1217 
v -6.10505 4.8031 16.9832 
v -6.14463 4.76144 17.2051 
v -6.13707 4.63895 17.2174 
v -6.0185 4.75944 17.0666 
v -6.14463 4.76144 17.2051 
v -6.13707 4.63895 17.2174 
v -6.01866 4.63695 17.0842 
v -6.0185 4.75944 17.0666 
v -6.01866 4.63695 17.0842 
v -5.75793 5.09535 17.3947 
v -5.75793 5.09535 17.3947 
v -5.95902 5.10517 17.3939 
v -5.95902 5.10517 17.3939 
v -5.46999 5.39474 17.8779 
v -5.50938 5.49406 17.867 
v -5.56037 5.49202 18.0345 
v -5.52098 5.3927 18.0453 
v -5.66772 5.23529 17.8159 
v -5.73424 5.30831 17.7965 
v -5.63455 5.4255 17.8281 
v -5.57815 5.33979 17.8443 
v -5.71871 5.23325 17.9834 
v -5.66772 5.23529 17.8159 
v -5.57815 5.33979 17.8443 
v -5.62914 5.33775 18.0118 
v -5.62914 5.33775 18.0118 
v -5.68554 5.42346 17.9956 
v -5.78523 5.30627 17.9639 
v -5.71871 5.23325 17.9834 
v -5.70431 5.16414 17.804 
v -5.78608 5.19712 17.7795 
v -5.7553 5.16211 17.9715 
v -5.70431 5.16414 17.804 
v -5.83707 5.19508 17.9469 
v -5.7553 5.16211 17.9715 
v -5.46999 5.39474 17.8779 
v -5.46999 5.39474 17.8779 
v -5.52098 5.3927 18.0453 
v -5.52098 5.3927 18.0453 
v -5.87917 5.16743 18.1929 
v -5.9135 5.26967 18.2277 
v -5.83191 5.32763 18.1976 
v -5.78984 5.14733 18.1454 
v -6.21407 5.35025 18.39 
v -6.13765 5.32044 18.5449 
v -6.11601 5.42591 18.5527 
v -6.19243 5.45572 18.3977 
v -5.83709 5.23986 18.3826 
v -5.80275 5.13763 18.3479 
v -5.71342 5.11753 18.3003 
v -5.75549 5.29783 18.3525 
v -5.80275 5.13763 18.3479 
v -5.83709 5.23986 18.3826 
v -5.9135 5.26967 18.2277 
v -5.87917 5.16743 18.1929 
v -5.95157 5.31556 18.2545 
v -5.90324 5.3958 18.2447 
v -5.87515 5.28575 18.4094 
v -5.95157 5.31556 18.2545 
v -5.87515 5.28575 18.4094 
v -5.82682 5.366 18.3996 
v -6.01644 5.33618 18.2901 
v -6.11137 5.35104 18.3395 
v -6.09194 5.45424 18.3479 
v -5.99913 5.4372 18.2992 
v -5.94003 5.30638 18.445 
v -6.03495 5.32124 18.4944 
v -6.11137 5.35104 18.3395 
v -6.01644 5.33618 18.2901 
v -6.03495 5.32124 18.4944 
v -5.94003 5.30638 18.445 
v -5.92272 5.4074 18.4541 
v -6.01552 5.42444 18.5029 
v -5.95157 5.31556 18.2545 
v -5.87515 5.28575 18.4094 
v -6.21407 5.35025 18.39 
v -6.13765 5.32044 18.5449 
v -6.21407 5.35025 18.39 
v -6.13765 5.32044 18.5449 
v -6.00249 5.2311 17.9829 
v -5.58234 5.18241 18.1558 
v -5.56503 5.18241 18.0688 
v -5.68097 5.18241 18.3033 
v -5.82851 5.18241 18.402 
v -6.00249 5.18241 18.4366 
v -5.82851 5.18241 17.5615 
v -6.00249 5.18241 17.527 
v -5.74689 5.18241 17.6162 
v -5.58234 5.18241 17.8077 
v -5.68097 5.18241 17.6602 
v -5.54772 5.18241 17.9818 
v -5.39602 5.11161 18.1035 
v -5.37204 5.11161 17.9829 
v -5.5567 5.11161 18.4287 
v -5.41999 5.11161 18.2241 
v -5.76119 5.11161 18.5654 
v -6.00249 5.11161 18.6134 
v -5.75793 5.09535 17.3947 
v -6.00249 5.11161 17.3524 
v -5.64817 5.11161 17.4759 
v -5.41999 5.11161 17.7415 
v -5.5567 5.11161 17.537 
v -5.34612 5.01195 18.1134 
v -5.32017 5.01195 17.9829 
v -5.51997 5.01195 18.4653 
v -5.37208 5.01195 18.244 
v -5.74137 5.01195 18.6132 
v -6.00249 5.01195 18.6652 
v -5.61901 5.01195 17.4342 
v -5.37208 5.01195 17.7217 
v -5.51997 5.01195 17.5004 
v -5.34573 4.67795 18.1326 
v -5.31983 4.64203 18.0211 
v -5.31999 4.83226 18.0015 
v -5.34593 4.84971 18.1227 
v -5.52028 4.76846 18.4653 
v -5.52061 4.51071 18.4653 
v -5.37163 4.61647 18.244 
v -5.37186 4.81984 18.244 
v -5.72569 4.74893 18.6367 
v -5.5046 4.76132 18.4888 
v -6.00249 4.74716 18.6652 
v -6.00249 4.48593 18.6652 
v -5.74137 4.45918 18.6132 
v -5.74137 4.74716 18.6132 
v -5.37568 4.63651 17.7217 
v -5.37383 4.82958 17.7217 
v -5.37912 4.27728 17.7217 
v -5.3776 4.43526 17.7431 
v -5.31964 4.4504 17.9951 
v -5.3195 4.29658 17.9431 
v -5.51627 4.90488 17.5004 
v -5.51817 4.95994 17.5004 
v -5.61578 4.96616 17.4342 
v -5.61744 4.98971 17.4342 
v -5.52075 4.42492 18.4653 
v -5.38011 4.52297 18.2568 
v -5.74137 4.36156 18.6132 
v -6.00249 4.36156 18.6652 
v -5.37663 4.5367 17.7323 
v -5.31974 4.54699 18.0104 
v -5.52092 4.30819 18.4653 
v -5.40756 4.43091 18.2976 
v -5.74137 4.23206 18.6132 
v -6.00371 4.21978 18.6678 
v -6.00249 5.2311 17.9829 
v -6.45727 5.18241 17.9818 
v -6.43996 5.18241 18.0688 
v -6.42265 5.18241 18.1558 
v -6.32401 5.18241 18.3033 
v -6.17648 5.18241 18.402 
v -6.00249 5.18241 18.4366 
v -6.00249 5.18241 17.527 
v -6.17648 5.18241 17.5615 
v -6.2581 5.18241 17.6162 
v -6.32401 5.18241 17.6602 
v -6.42265 5.18241 17.8077 
v -6.63295 5.11161 17.9829 
v -6.60897 5.11161 18.1035 
v -6.58499 5.11161 18.2241 
v -6.44828 5.11161 18.4287 
v -6.2438 5.11161 18.5654 
v -6.00249 5.11161 18.6134 
v -6.00249 5.11161 17.3524 
v -6.2438 5.11161 17.4003 
v -6.35681 5.11161 17.4759 
v -6.44828 5.11161 17.537 
v -6.58499 5.11161 17.7415 
v -6.68482 5.01195 17.9829 
v -6.65887 5.01195 18.1134 
v -6.63292 5.01195 18.244 
v -6.48502 5.01195 18.4653 
v -6.26362 5.01195 18.6132 
v -6.26673 5.01715 18.6289 
v -6.00561 5.01715 18.6809 
v -6.38598 5.01195 17.4342 
v -6.48502 5.01195 17.5004 
v -6.63292 5.01195 17.7217 
v -6.65926 4.67795 18.1326 
v -6.65907 4.84382 18.1231 
v -6.685 4.82574 18.0021 
v -6.68516 4.64203 18.0211 
v -6.4847 4.75963 18.4653 
v -6.63313 4.81287 18.244 
v -6.63336 4.61647 18.244 
v -6.48438 4.51071 18.4653 
v -6.26362 4.74716 18.6132 
v -6.26362 4.48593 18.6132 
v -6.00945 4.74974 18.7002 
v -6.27057 4.74974 18.6481 
v -6.27436 4.48593 18.6551 
v -6.01324 4.48593 18.7071 
v -6.62931 4.63651 17.7217 
v -6.6311 4.82296 17.7217 
v -6.62587 4.27728 17.7217 
v -6.68548 4.29658 17.9431 
v -6.68535 4.4504 17.9951 
v -6.62739 4.43526 17.7431 
v -6.48688 4.95805 17.5004 
v -6.48872 4.90488 17.5004 
v -6.3892 4.96616 17.4342 
v -6.3876 4.9889 17.4342 
v -6.59372 4.53737 18.2819 
v -6.48424 4.42492 18.4653 
v -6.26362 4.33448 18.6132 
v -6.27436 4.33447 18.6671 
v -6.01324 4.36155 18.7192 
v -6.62836 4.5367 17.7323 
v -6.68526 4.54699 18.0104 
v -6.59743 4.43091 18.2976 
v -6.48406 4.30819 18.4653 
v -6.26362 4.23206 18.6132 
v -6.00249 4.36156 18.6652 
v -6.00371 4.21978 18.6678 
v -5.42207 4.44447 17.9933 
v -5.42196 4.31372 17.949 
v -5.4968 4.4279 18.2504 
v -5.47346 4.50615 18.2157 
v -5.59316 4.32359 18.3929 
v -5.4968 4.4279 18.2504 
v -5.78054 4.25888 18.5186 
v -5.74137 4.16911 18.6132 
v -6.00371 4.24682 18.5654 
v -5.78054 4.19593 18.5186 
v -5.47133 4.4316 17.7791 
v -5.47051 4.51782 17.7699 
v -5.47262 4.29732 17.7609 
v -5.42196 4.31372 17.949 
v -5.47262 4.29732 17.7609 
v -5.4697 4.60266 17.7609 
v -5.5892 4.83077 17.5728 
v -5.67379 4.88286 17.5165 
v -5.78054 5.01907 17.447 
v -5.42222 4.60735 18.0154 
v -5.42215 4.52657 18.0063 
v -5.44424 4.64519 18.1101 
v -5.46627 4.58563 18.2049 
v -6.58303 4.31372 17.949 
v -6.58291 4.44447 17.9933 
v -6.50035 4.52055 18.2408 
v -6.50819 4.4279 18.2504 
v -6.59743 4.39051 18.2976 
v -6.50819 4.3875 18.2504 
v -6.41183 4.32359 18.3929 
v -6.22445 4.25888 18.5186 
v -6.00371 4.24682 18.5654 
v -6.53448 4.51782 17.7699 
v -6.53366 4.4316 17.7791 
v -6.53237 4.29732 17.7609 
v -6.53237 4.29732 17.7609 
v -6.58303 4.31372 17.949 
v -6.41579 4.83077 17.5728 
v -6.5353 4.60266 17.7609 
v -6.3312 4.88286 17.5165 
v -6.22445 5.04365 17.4191 
v -6.58284 4.52657 18.0063 
v -6.58277 4.60735 18.0154 
v -6.56075 4.64519 18.1101 
v -6.53872 4.58563 18.2049 
v -6.00469 5.03021 17.396 
v -6.00469 5.03021 17.396 
v -6.00249 5.01195 18.6652 
v -6.00249 4.48593 18.6652 
v -6.00249 4.74716 18.6652 
v -5.48924 4.51069 18.5122 
v -5.71 4.45916 18.6601 
v -6.00371 4.24682 18.5654 
v -5.78054 4.25888 18.5186 
v -5.78054 4.19593 18.5186 
v -5.78054 4.19593 18.5186 
v -6.50819 4.3875 18.2504 
v -6.41183 4.32359 18.3929 
v -5.42196 4.31372 17.949 
v -5.42207 4.44447 17.9933 
v -5.59087 4.72817 18.0446 
v -5.59078 4.63544 18.0132 
v -5.47346 4.50615 18.2157 
v -5.4968 4.4279 18.2504 
v -5.64386 4.71642 18.2269 
v -5.62731 4.77191 18.2023 
v -5.59316 4.32359 18.3929 
v -5.7122 4.64244 18.328 
v -5.84509 4.59655 18.4172 
v -6.00336 4.588 18.4503 
v -5.47051 4.51782 17.7699 
v -5.47133 4.4316 17.7791 
v -5.6258 4.71904 17.8927 
v -5.62522 4.78019 17.8862 
v -5.47262 4.29732 17.7609 
v -5.62672 4.62381 17.8798 
v -5.5892 4.83077 17.5728 
v -5.4697 4.60266 17.7609 
v -5.62464 4.84036 17.8798 
v -5.70939 5.00214 17.7463 
v -5.67379 4.88286 17.5165 
v -5.76938 5.03908 17.7064 
v -5.78054 5.01907 17.447 
v -5.84509 5.13567 17.6571 
v -5.42215 4.52657 18.0063 
v -5.42222 4.60735 18.0154 
v -5.59097 4.84369 18.0603 
v -5.59092 4.7864 18.0538 
v -5.44424 4.64519 18.1101 
v -5.60659 4.87052 18.1275 
v -5.46627 4.58563 18.2049 
v -5.62221 4.82828 18.1946 
v -6.58291 4.44447 17.9933 
v -6.58303 4.31372 17.949 
v -6.41421 4.63544 18.0132 
v -6.41412 4.72817 18.0446 
v -6.50819 4.4279 18.2504 
v -6.50035 4.52055 18.2408 
v -6.35557 4.78212 18.2201 
v -6.36113 4.71642 18.2269 
v -6.41183 4.32359 18.3929 
v -6.29279 4.64244 18.328 
v -6.22445 4.25888 18.5186 
v -6.1599 4.59655 18.4172 
v -6.00371 4.24682 18.5654 
v -6.00336 4.588 18.4503 
v -6.53366 4.4316 17.7791 
v -6.53448 4.51782 17.7699 
v -6.37977 4.78019 17.8862 
v -6.37919 4.71904 17.8927 
v -6.53237 4.29732 17.7609 
v -6.37827 4.62381 17.8798 
v -6.5353 4.60266 17.7609 
v -6.41579 4.83077 17.5728 
v -6.2956 5.00214 17.7463 
v -6.38035 4.84036 17.8798 
v -6.3312 4.88286 17.5165 
v -6.23561 5.03908 17.7064 
v -6.22445 5.04365 17.4191 
v -6.1599 5.15311 17.6374 
v -6.58277 4.60735 18.0154 
v -6.58284 4.52657 18.0063 
v -6.41407 4.7864 18.0538 
v -6.41401 4.84369 18.0603 
v -6.56075 4.64519 18.1101 
v -6.3984 4.87052 18.1275 
v -6.53872 4.58563 18.2049 
v -6.38278 4.82828 18.1946 
v -6.00469 5.03021 17.396 
v -6.00405 5.14358 17.621 
v -6.00469 5.03021 17.396 
v -6.00405 5.14358 17.621 
v -6.00254 5.10833 18.1697 
v -6.00253 5.10833 18.1697 
v -6.00252 5.10832 18.1697 
v -6.00251 5.10832 18.1697 
v -6.00249 5.10832 18.1697 
v -6.00249 5.10832 18.1697 
v -6.00248 5.10832 18.1697 
v -6.00247 5.10832 18.1697 
v -6.00246 5.10833 18.1697 
v -6.00245 5.10833 18.1697 
v -6.00245 5.10834 18.1697 
v -6.00245 5.10834 18.1697 
v -6.00245 5.10835 18.1697 
v -6.00245 5.10835 18.1697 
v -6.00245 5.10834 18.1697 
v -6.00245 5.10834 18.1697 
v -6.00245 5.10833 18.1697 
v -6.00245 5.10833 18.1697 
v -6.00245 5.10834 18.1697 
v -6.00245 5.10834 18.1697 
v -6.00245 5.10834 18.1697 
v -6.00246 5.10835 18.1697 
v -6.00248 5.10835 18.1697 
v -6.00249 5.10835 18.1697 
v -6.00249 5.10835 18.1697 
v -6.00251 5.10835 18.1697 
v -6.00253 5.10835 18.1697 
v -6.00254 5.10834 18.1697 
v -6.00254 5.10834 18.1697 
v -6.00254 5.10834 18.1697 
v -6.00254 5.10833 18.1697 
v -6.00254 5.10833 18.1697 
v -6.00254 5.10834 18.1697 
v -6.00254 5.10834 18.1697 
v -6.00254 5.10835 18.1697 
v -6.00254 5.10835 18.1697 
v -6.00254 5.10834 18.1697 
v -6.00254 5.10834 18.1697 
v -6.66453 4.35444 17.9538 
v -6.67374 4.4036 18.0486 
v -6.67355 4.55776 18.0305 
v -6.66769 4.50846 17.9216 
v -6.67487 4.65217 18.0125 
v -6.65966 4.60368 17.889 
v -6.61603 4.35553 17.9569 
v -6.61916 4.50992 17.9237 
v -6.62502 4.55923 18.0326 
v -6.62524 4.40468 18.0517 
v -6.61109 4.60543 17.8897 
v -6.62631 4.65392 18.0132 
v -6.61603 4.35553 17.9569 
v -6.62524 4.40468 18.0517 
v -6.62524 4.40468 18.0517 
v -6.62502 4.55923 18.0326 
v -6.61916 4.50992 17.9237 
v -6.61603 4.35553 17.9569 
v -6.62631 4.65392 18.0132 
v -6.61109 4.60543 17.8897 
v -5.34047 4.35444 17.9538 
v -5.3373 4.50846 17.9216 
v -5.33144 4.55776 18.0305 
v -5.33125 4.4036 18.0486 
v -5.34533 4.60368 17.889 
v -5.33012 4.65217 18.0125 
v -5.38896 4.35553 17.9569 
v -5.37975 4.40468 18.0517 
v -5.37996 4.55923 18.0326 
v -5.38583 4.50992 17.9237 
v -5.37868 4.65392 18.0132 
v -5.3939 4.60543 17.8897 
v -5.38896 4.35553 17.9569 
v -5.37975 4.40468 18.0517 
v -5.37975 4.40468 18.0517 
v -5.37996 4.55923 18.0326 
v -5.38583 4.50992 17.9237 
v -5.38896 4.35553 17.9569 
v -5.37868 4.65392 18.0132 
v -5.3939 4.60543 17.8897 

vn -0.944882 0.00787402 -0.322835 
vn -0.944882 0.00787402 -0.322835 
vn -0.944882 0.00787402 -0.322835 
vn -0.905512 -0.0472441 -0.417323 
vn -0.937008 0.0944882 -0.330709 
vn -0.968504 0 -0.244094 
vn -0.448819 0.889764 -0.0866142 
vn -0.448819 0.889764 -0.0866142 
vn -0.448819 0.889764 -0.0866142 
vn -0.464567 0.88189 -0.0551181 
vn 0.0551181 0.984252 -0.188976 
vn 0.0551181 0.984252 -0.188976 
vn 0.0551181 0.984252 -0.188976 
vn -0.015748 1 -0.0393701 
vn 0.598425 0.76378 -0.23622 
vn 0.598425 0.76378 -0.23622 
vn 0.88189 0.0629921 0.464567 
vn 0.88189 0.0629921 0.464567 
vn 0.88189 0.0629921 0.464567 
vn 0.944882 -0.015748 0.338583 
vn 0.968504 0.00787402 0.244094 
vn 0.968504 0.00787402 0.244094 
vn 0.480315 -0.874016 0.0944882 
vn 0.480315 -0.874016 0.0944882 
vn 0.480315 -0.874016 0.0944882 
vn 0.488189 -0.866142 0.0866142 
vn -0.0472441 -1 0.0314961 
vn -0.0472441 -1 0.0314961 
vn -0.0472441 -1 0.0314961 
vn -0.0629921 -1 0.0551181 
vn -0.0393701 -1 0.0551181 
vn -0.102362 -0.984252 0.125984 
vn 0.88189 0.0629921 0.464567 
vn 0.944882 -0.015748 0.338583 
vn 0.88189 0.0629921 0.464567 
vn 0.88189 0.0629921 0.464567 
vn 0.88189 0.0629921 0.464567 
vn 0.88189 0.0629921 0.464567 
vn 0.968504 0.00787402 0.244094 
vn 0.968504 0.00787402 0.244094 
vn 0.488189 -0.866142 0.0866142 
vn 0.480315 -0.874016 0.0944882 
vn 0.480315 -0.874016 0.0944882 
vn 0.480315 -0.874016 0.0944882 
vn -0.0629921 -1 0.0551181 
vn -0.0472441 -1 0.0314961 
vn -0.0472441 -1 0.0314961 
vn -0.0472441 -1 0.0314961 
vn -0.102362 -0.984252 0.125984 
vn -0.0393701 -1 0.0551181 
vn -0.0393701 -1 0.0551181 
vn -0.102362 -0.984252 0.125984 
vn 0.480315 -0.874016 0.0944882 
vn 0.488189 -0.866142 0.0866142 
vn 0.944882 0.314961 -0.0629921 
vn 0.944882 0.314961 -0.0629921 
vn 0.944882 0.314961 -0.0629921 
vn 0.952756 0.307087 -0.0551181 
vn -0.102362 0.952756 -0.291339 
vn -0.102362 0.952756 -0.291339 
vn -0.102362 0.952756 -0.291339 
vn -0.0944882 0.952756 -0.283465 
vn -0.590551 0.685039 -0.425197 
vn -0.590551 0.685039 -0.425197 
vn -0.590551 0.685039 -0.425197 
vn -0.606299 0.629921 -0.488189 
vn -0.826772 0.165354 -0.535433 
vn -0.826772 0.165354 -0.535433 
vn -0.826772 0.165354 -0.535433 
vn -0.818898 0.11811 -0.559055 
vn -0.826772 -0.165354 -0.535433 
vn -0.826772 -0.15748 -0.535433 
vn -0.417323 -0.897638 -0.11811 
vn -0.417323 -0.897638 -0.11811 
vn 0.944882 0.314961 -0.0629921 
vn 0.944882 0.314961 -0.0629921 
vn 0.307087 -0.944882 0.125984 
vn 0.307087 -0.944882 0.125984 
vn 0.307087 -0.944882 0.125984 
vn 0.102362 -0.992126 -0.0629921 
vn 0.653543 -0.677165 0.338583 
vn 0.653543 -0.677165 0.338583 
vn 0.653543 -0.677165 0.338583 
vn 0.637795 -0.716535 0.291339 
vn 0.88189 -0.102362 0.456693 
vn 0.88189 -0.102362 0.456693 
vn 0.88189 -0.102362 0.456693 
vn 0.889764 -0.23622 0.385827 
vn 0.889764 0.149606 0.425197 
vn 0.889764 0.149606 0.425197 
vn -0.417323 -0.897638 -0.11811 
vn 0.944882 0.314961 -0.0629921 
vn 0.015748 0.181102 0.984252 
vn 0.944882 0.314961 -0.0629921 
vn -0.417323 -0.897638 -0.11811 
vn 0.259843 -0.338583 -0.905512 
vn 0.307087 -0.944882 0.125984 
vn 0.102362 -0.992126 -0.0629921 
vn 0.307087 -0.944882 0.125984 
vn 0.307087 -0.944882 0.125984 
vn 0.653543 -0.677165 0.338583 
vn 0.637795 -0.716535 0.291339 
vn 0.653543 -0.677165 0.338583 
vn 0.653543 -0.677165 0.338583 
vn 0.88189 -0.102362 0.456693 
vn 0.889764 -0.23622 0.385827 
vn 0.88189 -0.102362 0.456693 
vn 0.88189 -0.102362 0.456693 
vn 0.889764 0.149606 0.425197 
vn 0.889764 0.149606 0.425197 
vn 0.889764 0.149606 0.425197 
vn 0.889764 0.149606 0.425197 
vn 0.307087 -0.944882 0.125984 
vn 0.307087 -0.944882 0.125984 
vn 0.976378 0.220472 -0.0629921 
vn 0.976378 0.220472 -0.0629921 
vn 0.976378 0.220472 -0.0629921 
vn 0.952756 0.299213 -0.0393701 
vn -0.00787402 0.992126 -0.149606 
vn -0.00787402 0.992126 -0.149606 
vn -0.00787402 0.992126 -0.149606 
vn -0.0393701 0.992126 -0.110236 
vn -0.393701 0.92126 -0.015748 
vn -0.393701 0.92126 -0.015748 
vn -0.84252 0.511811 0.188976 
vn -0.84252 0.511811 0.188976 
vn -0.84252 0.511811 0.188976 
vn -0.818898 0.559055 0.141732 
vn -0.952756 0.141732 0.267717 
vn -0.952756 0.141732 0.267717 
vn -0.952756 0.141732 0.267717 
vn -0.944882 0.181102 0.275591 
vn 0.976378 0.220472 -0.0629921 
vn -0.307087 -0.944882 0.125984 
vn -0.307087 -0.944882 0.125984 
vn 0.976378 0.220472 -0.0629921 
vn 0.0472441 -0.992126 0.110236 
vn 0.0472441 -0.992126 0.110236 
vn 0.244094 -0.96063 0.110236 
vn 0.330709 -0.944882 0.023622 
vn 0.874016 -0.464567 -0.149606 
vn 0.874016 -0.464567 -0.149606 
vn 0.874016 -0.464567 -0.149606 
vn 0.897638 -0.393701 -0.204724 
vn 0.944882 -0.181102 -0.275591 
vn 0.944882 -0.181102 -0.275591 
vn 0.944882 -0.181102 -0.275591 
vn 0.952756 -0.149606 -0.267717 
vn 0.976378 0.220472 -0.0629921 
vn -0.307087 -0.944882 0.125984 
vn -0.307087 -0.944882 0.125984 
vn 0.976378 0.220472 -0.0629921 
vn 0.0472441 -0.992126 0.110236 
vn 0.0472441 -0.992126 0.110236 
vn 0.330709 -0.944882 0.023622 
vn 0.244094 -0.96063 0.110236 
vn 0.897638 -0.393701 -0.204724 
vn 0.874016 -0.464567 -0.149606 
vn 0.874016 -0.464567 -0.149606 
vn 0.874016 -0.464567 -0.149606 
vn 0.944882 -0.181102 -0.275591 
vn 0.952756 -0.149606 -0.267717 
vn 0.944882 -0.181102 -0.275591 
vn 0.944882 -0.181102 -0.275591 
vn 0.944882 -0.181102 -0.275591 
vn 0.944882 -0.181102 -0.275591 
vn -0.330709 -0.0551181 -0.944882 
vn -0.330709 -0.0551181 -0.944882 
vn -0.330709 -0.0551181 -0.944882 
vn -0.322835 -0.0551181 -0.944882 
vn 0.96063 -0.102362 -0.259843 
vn -0.330709 -0.0551181 -0.944882 
vn -0.330709 -0.0551181 -0.944882 
vn 0.96063 -0.110236 -0.259843 
vn 0.322835 0 0.944882 
vn 0.96063 -0.102362 -0.259843 
vn 0.96063 -0.110236 -0.259843 
vn 0.307087 0.00787402 0.952756 
vn 0.0472441 1 0.0551181 
vn 0.0472441 1 0.0551181 
vn 0.0472441 1 0.0551181 
vn -0.023622 1 0 
vn -0.645669 0.519685 0.566929 
vn -0.645669 0.519685 0.566929 
vn -0.645669 0.519685 0.566929 
vn -0.614173 0.543307 0.574803 
vn 0.92126 0.393701 0.0393701 
vn 0.92126 0.393701 0.0393701 
vn 0.92126 0.393701 0.0393701 
vn 0.897638 0.433071 0.0708661 
vn -0.677165 0.15748 0.724409 
vn -0.677165 0.15748 0.724409 
vn -0.677165 0.15748 0.724409 
vn -0.700787 0.110236 0.708661 
vn -0.307087 0.937008 0.181102 
vn -0.307087 0.937008 0.181102 
vn 0.023622 -1 0 
vn 0.023622 -1 0 
vn 0.023622 -1 0 
vn -0.0472441 -1 -0.0551181 
vn 0.614173 -0.535433 -0.574803 
vn 0.614173 -0.535433 -0.574803 
vn 0.614173 -0.535433 -0.574803 
vn 0.645669 -0.503937 -0.566929 
vn 0.897638 0.433071 0.0708661 
vn 0.92126 0.393701 0.0393701 
vn 0.700787 -0.0944882 -0.708661 
vn 0.700787 -0.0944882 -0.708661 
vn 0.700787 -0.0944882 -0.708661 
vn 0.677165 -0.149606 -0.724409 
vn 0.188976 -0.984252 -0.0393701 
vn 0.267717 -0.944882 -0.165354 
vn 0.023622 -1 0 
vn -0.0472441 -1 -0.0551181 
vn 0.023622 -1 0 
vn 0.023622 -1 0 
vn 0.614173 -0.535433 -0.574803 
vn 0.645669 -0.503937 -0.566929 
vn 0.614173 -0.535433 -0.574803 
vn 0.614173 -0.535433 -0.574803 
vn 0.92126 0.393701 0.0393701 
vn 0.897638 0.433071 0.0708661 
vn 0.700787 -0.0944882 -0.708661 
vn 0.677165 -0.149606 -0.724409 
vn 0.700787 -0.0944882 -0.708661 
vn 0.700787 -0.0944882 -0.708661 
vn 0.700787 -0.0944882 -0.708661 
vn 0.700787 -0.0944882 -0.708661 
vn 0.267717 -0.944882 -0.165354 
vn 0.188976 -0.984252 -0.0393701 
vn -0.566929 0.125984 0.811024 
vn -0.566929 0.125984 0.811024 
vn -0.566929 0.125984 0.811024 
vn -0.511811 0.0866142 0.858268 
vn -0.645669 0.322835 0.692913 
vn -0.645669 0.322835 0.692913 
vn -0.527559 0.700787 0.480315 
vn -0.527559 0.700787 0.480315 
vn -0.188976 0.96063 0.212598 
vn -0.188976 0.96063 0.212598 
vn -0.188976 0.96063 0.212598 
vn -0.188976 0.96063 0.212598 
vn 0.685039 0.724409 -0.015748 
vn 0.685039 0.724409 -0.015748 
vn 0.685039 0.724409 -0.015748 
vn 0.771654 0.637795 0.00787402 
vn 0.511811 -0.0866142 -0.858268 
vn 0.511811 -0.0866142 -0.858268 
vn 0.511811 -0.0866142 -0.858268 
vn 0.566929 -0.11811 -0.811024 
vn 0.559055 -0.220472 -0.80315 
vn 0.645669 -0.307087 -0.700787 
vn 0.606299 -0.590551 -0.535433 
vn 0.606299 -0.590551 -0.535433 
vn 0.212598 -0.952756 -0.228346 
vn 0.212598 -0.952756 -0.228346 
vn 0.212598 -0.952756 -0.228346 
vn 0.212598 -0.952756 -0.220472 
vn -0.527559 -0.850394 -0.0866142 
vn -0.527559 -0.850394 -0.0866142 
vn -0.527559 -0.850394 -0.0866142 
vn -0.464567 -0.88189 -0.0629921 
vn 0.566929 -0.11811 -0.811024 
vn 0.511811 -0.0866142 -0.858268 
vn 0.511811 -0.0866142 -0.858268 
vn 0.511811 -0.0866142 -0.858268 
vn 0.511811 -0.0866142 -0.858268 
vn 0.511811 -0.0866142 -0.858268 
vn 0.645669 -0.307087 -0.700787 
vn 0.559055 -0.220472 -0.80315 
vn 0.606299 -0.590551 -0.535433 
vn 0.606299 -0.590551 -0.535433 
vn 0.212598 -0.952756 -0.220472 
vn 0.212598 -0.952756 -0.228346 
vn 0.212598 -0.952756 -0.228346 
vn 0.212598 -0.952756 -0.228346 
vn -0.527559 -0.850394 -0.0866142 
vn -0.464567 -0.88189 -0.0629921 
vn -0.527559 -0.850394 -0.0866142 
vn -0.527559 -0.850394 -0.0866142 
vn -0.527559 -0.850394 -0.0866142 
vn -0.527559 -0.850394 -0.0866142 
vn 0.212598 -0.952756 -0.228346 
vn 0.212598 -0.952756 -0.228346 
vn -0.566929 0.125984 0.811024 
vn -0.566929 0.125984 0.811024 
vn -0.566929 0.125984 0.811024 
vn -0.511811 0.0866142 0.858268 
vn -0.685039 0.0472441 0.724409 
vn -0.685039 0.0472441 0.724409 
vn -0.456693 0.716535 0.519685 
vn -0.661417 0.606299 0.440945 
vn -0.330709 0.905512 0.259843 
vn -0.330709 0.905512 0.259843 
vn 0.692913 0.724409 -0.015748 
vn 0.692913 0.724409 -0.015748 
vn 0.692913 0.724409 -0.015748 
vn 0.771654 0.637795 0.00787402 
vn 0.511811 -0.0866142 -0.858268 
vn 0.511811 -0.0866142 -0.858268 
vn 0.511811 -0.0866142 -0.858268 
vn 0.566929 -0.11811 -0.811024 
vn 0.559055 0.228346 -0.795276 
vn 0.692913 0.0472441 -0.724409 
vn 0.685039 -0.566929 -0.456693 
vn 0.685039 -0.566929 -0.456693 
vn 0.393701 -0.866142 -0.322835 
vn 0.370079 -0.889764 -0.275591 
vn -0.527559 -0.834646 -0.181102 
vn -0.527559 -0.834646 -0.181102 
vn -0.527559 -0.834646 -0.181102 
vn -0.322835 -0.944882 -0.102362 
vn 0.566929 -0.11811 -0.811024 
vn 0.511811 -0.0866142 -0.858268 
vn 0.511811 -0.0866142 -0.858268 
vn 0.511811 -0.0866142 -0.858268 
vn 0.511811 -0.0866142 -0.858268 
vn 0.511811 -0.0866142 -0.858268 
vn 0.692913 0.0472441 -0.724409 
vn 0.559055 0.228346 -0.795276 
vn 0.685039 -0.566929 -0.456693 
vn 0.692913 0.0472441 -0.724409 
vn 0.559055 0.228346 -0.795276 
vn 0.685039 -0.566929 -0.456693 
vn 0.370079 -0.889764 -0.275591 
vn 0.393701 -0.866142 -0.322835 
vn -0.527559 -0.834646 -0.181102 
vn -0.322835 -0.944882 -0.102362 
vn -0.527559 -0.834646 -0.181102 
vn -0.527559 -0.834646 -0.181102 
vn -0.527559 -0.834646 -0.181102 
vn -0.527559 -0.834646 -0.181102 
vn -0.401575 0.251969 0.88189 
vn -0.401575 0.251969 0.88189 
vn -0.401575 0.251969 0.88189 
vn -0.409449 0.267717 0.874016 
vn -0.0393701 0.826772 0.559055 
vn -0.0393701 0.826772 0.559055 
vn -0.0393701 0.826772 0.559055 
vn -0.15748 0.653543 0.740157 
vn -0.464567 0.0866142 0.88189 
vn -0.448819 0.0708661 0.889764 
vn -0.149606 0.661417 0.732283 
vn -0.149606 0.661417 0.732283 
vn 0.409449 -0.267717 -0.874016 
vn 0.409449 -0.267717 -0.874016 
vn 0.409449 -0.267717 -0.874016 
vn 0.409449 -0.244094 -0.88189 
vn 0.188976 -0.622047 -0.76378 
vn 0.188976 -0.622047 -0.76378 
vn 0.188976 -0.622047 -0.76378 
vn 0.0866142 -0.818898 -0.566929 
vn 0.448819 -0.0629921 -0.889764 
vn 0.448819 -0.0629921 -0.889764 
vn 0.141732 -0.669291 -0.724409 
vn 0.141732 -0.677165 -0.724409 
vn 0.409449 -0.244094 -0.88189 
vn 0.409449 -0.267717 -0.874016 
vn 0.409449 -0.267717 -0.874016 
vn 0.409449 -0.267717 -0.874016 
vn 0.0866142 -0.818898 -0.566929 
vn 0.188976 -0.622047 -0.76378 
vn 0.188976 -0.622047 -0.76378 
vn 0.188976 -0.622047 -0.76378 
vn 0.448819 -0.0629921 -0.889764 
vn 0.448819 -0.0629921 -0.889764 
vn 0.448819 -0.0629921 -0.889764 
vn 0.448819 -0.0629921 -0.889764 
vn 0.141732 -0.677165 -0.724409 
vn 0.141732 -0.669291 -0.724409 
vn 0.80315 0.535433 0.259843 
vn 0.80315 0.535433 0.259843 
vn 0.80315 0.535433 0.259843 
vn 0.811024 0.527559 0.244094 
vn 0.80315 0.535433 0.259843 
vn 0.80315 0.535433 0.259843 
vn 0.80315 0.535433 0.259843 
vn 0.80315 0.535433 0.259843 
vn 0.141732 -0.677165 -0.724409 
vn 0.141732 -0.669291 -0.724409 
vn -0.0708661 -0.00787402 1 
vn -0.0708661 -0.00787402 1 
vn -0.0708661 -0.00787402 1 
vn -0.102362 -0.0314961 0.992126 
vn -0.0393701 0.110236 0.992126 
vn -0.0393701 0.110236 0.992126 
vn -0.125984 0.952756 -0.275591 
vn -0.125984 0.952756 -0.275591 
vn -0.125984 0.952756 -0.275591 
vn -0.015748 0.88189 -0.472441 
vn 0.102362 0.0314961 -0.992126 
vn 0.102362 0.0314961 -0.992126 
vn 0.102362 0.0314961 -0.992126 
vn 0.0787402 0.00787402 -1 
vn 0.0787402 -0.0551181 -0.992126 
vn 0.0393701 -0.0944882 -0.992126 
vn -0.00787402 -0.952756 -0.307087 
vn -0.00787402 -0.952756 -0.307087 
vn -0.125984 0.952756 -0.275591 
vn -0.125984 0.952756 -0.275591 
vn 0.102362 0.0314961 -0.992126 
vn 0.0787402 0.00787402 -1 
vn 0.102362 0.0314961 -0.992126 
vn 0.102362 0.0314961 -0.992126 
vn 0.102362 0.0314961 -0.992126 
vn 0.102362 0.0314961 -0.992126 
vn 0.0393701 -0.0944882 -0.992126 
vn 0.0787402 -0.0551181 -0.992126 
vn -0.00787402 -0.952756 -0.307087 
vn -0.125984 0.952756 -0.275591 
vn -0.125984 0.952756 -0.275591 
vn -0.00787402 -0.952756 -0.307087 
vn 0.0393701 -0.0944882 -0.992126 
vn 0.0787402 -0.0551181 -0.992126 
vn 0.708661 -0.165354 0.692913 
vn 0.96063 -0.23622 -0.133858 
vn 0.96063 -0.244094 -0.141732 
vn 0.755906 -0.0551181 0.653543 
vn 0.96063 0.275591 -0.0787402 
vn 0.968504 0.251969 -0.0551181 
vn 0.80315 0.488189 0.346457 
vn 0.76378 0.188976 0.622047 
vn 0.307087 0.952756 -0.0787402 
vn 0.629921 0.771654 -0.023622 
vn 0.551181 0.834646 -0.0551181 
vn 0.188976 0.968504 -0.141732 
vn -0.818898 0.551181 -0.149606 
vn -0.15748 0.976378 -0.165354 
vn -0.322835 0.92126 -0.220472 
vn -0.850394 0.503937 -0.133858 
vn -0.716535 0.133858 0.685039 
vn -0.614173 0.0944882 0.779528 
vn -0.976378 0.165354 0.141732 
vn -0.976378 0.165354 0.141732 
vn -0.968504 -0.228346 0.0944882 
vn -0.645669 0.0314961 0.76378 
vn -0.771654 -0.244094 0.590551 
vn -0.976378 -0.212598 0.0866142 
vn -0.125984 -0.992126 0.0551181 
vn 0.0787402 -0.992126 0.0629921 
vn -0.519685 -0.850394 0.0551181 
vn -0.598425 -0.795276 0.0708661 
vn -0.622047 -0.779528 0.0472441 
vn -0.889764 -0.448819 0.0551181 
vn 0.19685 -0.976378 0.0787402 
vn 0.212598 -0.976378 0.0551181 
vn -0.614173 0.0944882 0.779528 
vn -0.716535 0.133858 0.685039 
vn -0.976378 0.165354 0.141732 
vn -0.716535 0.133858 0.685039 
vn -0.976378 0.165354 0.141732 
vn -0.976378 0.165354 0.141732 
vn -0.645669 0.0314961 0.76378 
vn -0.771654 -0.244094 0.590551 
vn -0.976378 -0.212598 0.0866142 
vn -0.968504 -0.228346 0.0944882 
vn 0.0787402 -0.992126 0.0629921 
vn -0.519685 -0.850394 0.0551181 
vn -0.598425 -0.795276 0.0708661 
vn -0.125984 -0.992126 0.0551181 
vn -0.889764 -0.448819 0.0551181 
vn 0.19685 -0.976378 0.0787402 
vn 0.212598 -0.976378 0.0551181 
vn -0.622047 -0.779528 0.0472441 
vn -0.622047 -0.779528 0.0472441 
vn -0.889764 -0.448819 0.0551181 
vn 0.0787402 -0.992126 0.0629921 
vn -0.125984 -0.992126 0.0551181 
vn -0.795276 0.551181 -0.251969 
vn -0.795276 0.574803 -0.204724 
vn -0.637795 -0.76378 0.0866142 
vn -0.874016 -0.464567 0.133858 
vn 0.338583 0.937008 0.110236 
vn -0.110236 0.724409 -0.677165 
vn -0.267717 0.92126 -0.267717 
vn -0.275591 0.905512 -0.314961 
vn 0.937008 0.23622 0.259843 
vn 0.393701 0.0393701 -0.913386 
vn 0.149606 0.385827 -0.913386 
vn 0.76378 0.574803 0.291339 
vn 0.968504 0 0.259843 
vn 0.299213 -0.244094 -0.92126 
vn -0.0787402 -0.992126 0.102362 
vn -0.874016 -0.464567 0.133858 
vn -0.637795 -0.76378 0.0866142 
vn -0.0708661 -1 0.0314961 
vn -0.0472441 -0.755906 0.653543 
vn -0.527559 -0.80315 -0.267717 
vn -0.314961 -0.0551181 0.944882 
vn -0.0866142 -0.322835 0.944882 
vn -0.748031 -0.417323 -0.511811 
vn -0.913386 -0.181102 -0.362205 
vn -0.897638 -0.110236 -0.433071 
vn -0.401575 0.0866142 0.913386 
vn -0.0787402 -0.992126 0.102362 
vn -0.874016 -0.464567 0.133858 
vn -0.637795 -0.76378 0.0866142 
vn -0.0708661 -1 0.0314961 
vn -0.0472441 -0.755906 0.653543 
vn -0.527559 -0.80315 -0.267717 
vn -0.314961 -0.0551181 0.944882 
vn -0.0866142 -0.322835 0.944882 
vn -0.748031 -0.417323 -0.511811 
vn -0.913386 -0.181102 -0.362205 
vn -0.897638 -0.110236 -0.433071 
vn -0.913386 -0.181102 -0.362205 
vn -0.314961 -0.0551181 0.944882 
vn -0.401575 0.0866142 0.913386 
vn -0.897638 -0.110236 -0.433071 
vn -0.401575 0.0866142 0.913386 
vn -0.527559 -0.80315 -0.267717 
vn -0.0472441 -0.755906 0.653543 
vn -0.645669 -0.748031 0.125984 
vn -0.732283 0.677165 -0.110236 
vn -0.80315 0.582677 -0.102362 
vn -0.858268 -0.503937 0.110236 
vn -0.0472441 0.984252 -0.149606 
vn 0.354331 0.913386 -0.188976 
vn 0.370079 0.92126 -0.149606 
vn -0.267717 0.944882 -0.173228 
vn 0.527559 0.834646 -0.165354 
vn 0.385827 0.88189 -0.259843 
vn 0.984252 0.0629921 -0.181102 
vn 0.976378 0.0708661 -0.188976 
vn 0.984252 0.0472441 -0.165354 
vn 0.984252 0.0393701 -0.15748 
vn 0.92126 0.393701 0.00787402 
vn 0.913386 0.417323 0.0314961 
vn 0.92126 0.393701 0.015748 
vn 0.929134 0.377953 -0.00787402 
vn -0.645669 -0.748031 0.125984 
vn -0.858268 -0.503937 0.110236 
vn 0.0866142 -0.984252 0.173228 
vn -0.0944882 -0.984252 0.15748 
vn -0.409449 -0.897638 0.149606 
vn -0.425197 -0.889764 0.15748 
vn -0.787402 -0.598425 0.149606 
vn -0.464567 -0.866142 0.181102 
vn -0.92126 -0.385827 -0.00787402 
vn -0.929134 -0.370079 0.00787402 
vn -0.92126 -0.385827 -0.00787402 
vn -0.913386 -0.401575 -0.0314961 
vn -0.858268 -0.503937 0.110236 
vn 0.0866142 -0.984252 0.173228 
vn -0.0944882 -0.984252 0.15748 
vn -0.645669 -0.748031 0.125984 
vn -0.409449 -0.897638 0.149606 
vn -0.425197 -0.889764 0.15748 
vn -0.464567 -0.866142 0.181102 
vn -0.787402 -0.598425 0.149606 
vn 0.0944882 -0.19685 -0.976378 
vn 0.110236 -0.19685 -0.976378 
vn -0.92126 -0.385827 -0.00787402 
vn -0.929134 -0.370079 0.00787402 
vn -0.92126 -0.385827 -0.00787402 
vn -0.913386 -0.401575 -0.0314961 
vn -0.913386 -0.401575 -0.0314961 
vn -0.92126 -0.385827 -0.00787402 
vn -0.976378 0.0393701 0.204724 
vn -0.968504 0.110236 0.228346 
vn 0.110236 -0.19685 -0.976378 
vn 0.0944882 -0.19685 -0.976378 
vn -0.968504 0.110236 0.228346 
vn -0.976378 0.0393701 0.204724 
vn -0.968504 0.110236 0.228346 
vn 0.110236 -0.19685 -0.976378 
vn -0.11811 0.984252 -0.102362 
vn 0.141732 0.913386 0.377953 
vn 0.527559 0.779528 -0.338583 
vn -0.0787402 1 -0.023622 
vn 0.488189 0.244094 0.834646 
vn 0.96063 0.0472441 -0.283465 
vn 0.834646 0.409449 -0.370079 
vn 0.385827 0.582677 0.716535 
vn -0.677165 0.740157 0.00787402 
vn -0.779528 -0.622047 -0.0629921 
vn -0.740157 -0.669291 0.0944882 
vn -0.653543 0.755906 -0.023622 
vn 0.00787402 0.204724 0.976378 
vn 0.913386 -0.291339 -0.275591 
vn 0.976378 -0.133858 -0.181102 
vn 0.322835 0.149606 0.937008 
vn -0.952756 0.125984 0.267717 
vn -0.80315 -0.173228 0.574803 
vn 0.0393701 -0.440945 -0.897638 
vn 0.015748 -0.385827 -0.92126 
vn 0.0944882 -0.992126 0.0551181 
vn 0.110236 -0.992126 0.0787402 
vn -0.740157 -0.669291 0.0944882 
vn -0.779528 -0.622047 -0.0629921 
vn -0.984252 0.15748 0.0944882 
vn -0.992126 0.0629921 0.133858 
vn -0.0472441 -0.322835 -0.944882 
vn -0.377953 -0.0393701 -0.92126 
vn -0.590551 -0.724409 0.354331 
vn 0.0314961 -0.88189 -0.472441 
vn 0.0314961 -0.88189 -0.472441 
vn 0.0944882 -0.992126 0.0551181 
vn -0.952756 0.125984 0.267717 
vn -0.80315 -0.173228 0.574803 
vn 0.0393701 -0.440945 -0.897638 
vn 0.015748 -0.385827 -0.92126 
vn 0.110236 -0.992126 0.0787402 
vn -0.740157 -0.669291 0.0944882 
vn -0.779528 -0.622047 -0.0629921 
vn -0.984252 0.15748 0.0944882 
vn -0.992126 0.0629921 0.133858 
vn -0.0472441 -0.322835 -0.944882 
vn -0.377953 -0.0393701 -0.92126 
vn -0.377953 -0.0393701 -0.92126 
vn -0.984252 0.15748 0.0944882 
vn -0.590551 -0.724409 0.354331 
vn -0.590551 -0.724409 0.354331 
vn 0.0314961 -0.88189 -0.472441 
vn -0.0866142 0.0866142 0.992126 
vn -0.283465 0.0787402 0.96063 
vn 0.968504 -0.0314961 0.251969 
vn 0.984252 0.0629921 0.173228 
vn 0.0866142 0.291339 0.952756 
vn 0.96063 0.283465 -0.0393701 
vn 0.755906 0.629921 0.181102 
vn 0.181102 0.606299 0.771654 
vn -0.582677 0.80315 0.133858 
vn 0.015748 0.976378 0.220472 
vn 0.173228 0.905512 0.393701 
vn -0.346457 0.88189 0.314961 
vn -0.787402 0.614173 0.0393701 
vn -0.866142 0.503937 0.0314961 
vn -0.992126 -0.015748 -0.11811 
vn 0.228346 -0.110236 -0.968504 
vn 0.19685 -0.0551181 -0.976378 
vn -0.984252 0.0629921 -0.181102 
vn -0.944882 -0.283465 0.149606 
vn 0.11811 -0.283465 -0.952756 
vn -0.00787402 -0.527559 -0.850394 
vn -0.700787 -0.708661 -0.0629921 
vn 0.275591 -0.952756 -0.125984 
vn 0.125984 -0.96063 -0.251969 
vn -0.228346 -0.897638 -0.377953 
vn -0.0629921 -0.976378 -0.212598 
vn -0.858268 -0.511811 -0.0708661 
vn -0.716535 -0.692913 -0.0787402 
vn 0.228346 -0.110236 -0.968504 
vn 0.19685 -0.0551181 -0.976378 
vn 0.19685 -0.0551181 -0.976378 
vn -0.984252 0.0629921 -0.181102 
vn -0.984252 0.0629921 -0.181102 
vn -0.992126 -0.015748 -0.11811 
vn 0.11811 -0.283465 -0.952756 
vn -0.944882 -0.283465 0.149606 
vn -0.00787402 -0.527559 -0.850394 
vn -0.700787 -0.708661 -0.0629921 
vn 0.125984 -0.96063 -0.251969 
vn -0.228346 -0.897638 -0.377953 
vn -0.0629921 -0.976378 -0.212598 
vn 0.275591 -0.952756 -0.125984 
vn -0.858268 -0.511811 -0.0708661 
vn -0.716535 -0.692913 -0.0787402 
vn -0.858268 -0.511811 -0.0708661 
vn -0.716535 -0.692913 -0.0787402 
vn -0.228346 -0.897638 -0.377953 
vn -0.0629921 -0.976378 -0.212598 
vn -0.330709 0.181102 0.929134 
vn -0.267717 0.141732 0.952756 
vn 0.937008 0.0866142 0.330709 
vn 0.866142 0.401575 0.299213 
vn -0.464567 0.385827 0.795276 
vn -0.370079 0.259843 0.889764 
vn 0.637795 0.76378 0.0787402 
vn 0.267717 0.952756 -0.141732 
vn -0.464567 0.149606 0.874016 
vn 0.897638 -0.0393701 0.440945 
vn -0.889764 -0.338583 -0.307087 
vn 0.456693 -0.110236 -0.88189 
vn 0.393701 -0.173228 -0.905512 
vn -0.944882 -0.0787402 -0.330709 
vn -0.401575 -0.905512 0.125984 
vn 0.370079 -0.204724 -0.905512 
vn 0.417323 -0.0551181 -0.905512 
vn -0.76378 -0.606299 -0.212598 
vn 0.173228 -0.149606 -0.976378 
vn -0.984252 0.0787402 -0.15748 
vn 0.456693 -0.110236 -0.88189 
vn 0.393701 -0.173228 -0.905512 
vn -0.944882 -0.0787402 -0.330709 
vn -0.889764 -0.338583 -0.307087 
vn 0.370079 -0.204724 -0.905512 
vn 0.417323 -0.0551181 -0.905512 
vn -0.76378 -0.606299 -0.212598 
vn -0.401575 -0.905512 0.125984 
vn 0.173228 -0.149606 -0.976378 
vn 0.173228 -0.149606 -0.976378 
vn -0.984252 0.0787402 -0.15748 
vn -0.984252 0.0787402 -0.15748 
vn -0.76378 -0.606299 -0.212598 
vn 0.417323 -0.0551181 -0.905512 
vn -0.818898 -0.566929 0.0787402 
vn -0.653543 0.0944882 0.755906 
vn -0.275591 0.92126 -0.275591 
vn -0.535433 -0.0787402 -0.84252 
vn -0.535433 -0.0787402 -0.84252 
vn -0.818898 -0.566929 0.0787402 
vn -0.535433 -0.0787402 -0.84252 
vn -0.818898 -0.566929 0.0787402 
vn -0.307087 -0.566929 0.76378 
vn 0.76378 -0.574803 0.299213 
vn 0.92126 0.00787402 0.385827 
vn -0.362205 0.0393701 0.929134 
vn 0.716535 0.23622 0.653543 
vn -0.0944882 0.259843 0.96063 
vn 0.023622 0.84252 0.535433 
vn 0.220472 0.661417 0.716535 
vn -0.307087 0.637795 -0.700787 
vn -0.220472 -0.0472441 -0.976378 
vn -0.771654 -0.551181 -0.307087 
vn -0.929134 -0.015748 -0.370079 
vn 0.401575 -0.023622 -0.913386 
vn 0.283465 -0.551181 -0.787402 
vn -0.755906 -0.220472 -0.622047 
vn 0.212598 -0.15748 -0.96063 
vn -0.141732 -0.519685 -0.84252 
vn -0.220472 -0.0472441 -0.976378 
vn -0.307087 0.637795 -0.700787 
vn -0.267717 -0.354331 -0.897638 
vn -0.771654 -0.551181 -0.307087 
vn -0.929134 -0.015748 -0.370079 
vn 0.401575 -0.023622 -0.913386 
vn 0.283465 -0.551181 -0.787402 
vn 0.283465 -0.551181 -0.787402 
vn -0.771654 -0.551181 -0.307087 
vn -0.755906 -0.220472 -0.622047 
vn 0.212598 -0.15748 -0.96063 
vn -0.141732 -0.519685 -0.84252 
vn -0.220472 -0.0472441 -0.976378 
vn -0.307087 0.637795 -0.700787 
vn -0.267717 -0.354331 -0.897638 
vn -0.755906 -0.220472 -0.622047 
vn 0.212598 -0.15748 -0.96063 
vn -0.771654 0.598425 -0.19685 
vn -0.755906 0.622047 -0.212598 
vn -0.811024 -0.574803 0.110236 
vn -0.653543 -0.755906 0.023622 
vn 0.23622 0.913386 -0.330709 
vn 0.212598 0.905512 -0.362205 
vn -0.228346 0.92126 -0.307087 
vn -0.228346 0.92126 -0.307087 
vn 0.708661 0.629921 -0.307087 
vn 0.732283 0.622047 -0.283465 
vn 0.952756 0.15748 -0.259843 
vn 0.952756 0.15748 -0.259843 
vn 0.952756 -0.0472441 -0.291339 
vn 0.96063 -0.0551181 -0.283465 
vn -0.0629921 -0.968504 0.244094 
vn -0.653543 -0.755906 0.023622 
vn -0.811024 -0.574803 0.110236 
vn -0.165354 -0.937008 0.314961 
vn -0.267717 -0.905512 0.330709 
vn -0.228346 -0.92126 0.307087 
vn -0.622047 -0.716535 0.307087 
vn -0.637795 -0.708661 0.291339 
vn -0.96063 -0.0787402 0.275591 
vn -0.952756 0.0944882 0.291339 
vn -0.952756 0.102362 0.275591 
vn -0.952756 -0.125984 0.267717 
vn -0.0629921 -0.968504 0.244094 
vn -0.653543 -0.755906 0.023622 
vn -0.811024 -0.574803 0.110236 
vn -0.165354 -0.937008 0.314961 
vn -0.267717 -0.905512 0.330709 
vn -0.228346 -0.92126 0.307087 
vn -0.622047 -0.716535 0.307087 
vn -0.637795 -0.708661 0.291339 
vn -0.952756 0.0944882 0.291339 
vn -0.96063 -0.0787402 0.275591 
vn -0.952756 -0.125984 0.267717 
vn -0.952756 0.102362 0.275591 
vn -0.0866142 -0.897638 0.440945 
vn -0.0866142 -0.897638 0.440945 
vn -0.0866142 -0.897638 0.440945 
vn -0.0866142 -0.889764 0.440945 
vn -0.622047 -0.716535 0.307087 
vn -0.637795 -0.708661 0.291339 
vn -0.0866142 -0.889764 0.440945 
vn -0.0866142 -0.897638 0.440945 
vn -0.0866142 -0.889764 0.440945 
vn -0.0866142 -0.897638 0.440945 
vn -0.929134 0.307087 -0.19685 
vn -0.929134 0.314961 -0.19685 
vn -0.905512 0.377953 -0.188976 
vn -0.905512 0.377953 -0.188976 
vn 0.590551 0.779528 -0.212598 
vn -0.00787402 0.984252 -0.181102 
vn -0.0314961 0.968504 -0.244094 
vn 0.377953 0.866142 -0.322835 
vn 0.771654 0.614173 -0.133858 
vn 0.850394 0.503937 -0.133858 
vn 0.92126 -0.330709 0.188976 
vn 0.889764 -0.417323 0.173228 
vn 0.889764 -0.417323 0.181102 
vn 0.92126 -0.346457 0.19685 
vn 0.929134 -0.362205 0.0708661 
vn 0.0708661 -0.944882 0.330709 
vn 0.354331 -0.929134 0.102362 
vn 0.984252 -0.149606 -0.0944882 
vn 0.92126 -0.346457 0.19685 
vn 0.92126 -0.330709 0.188976 
vn 0.889764 -0.417323 0.173228 
vn 0.92126 -0.330709 0.188976 
vn 0.92126 -0.346457 0.19685 
vn 0.889764 -0.417323 0.181102 
vn -0.173228 -0.0393701 0.984252 
vn 0.0708661 -0.944882 0.330709 
vn 0.929134 -0.362205 0.0708661 
vn 0.0708661 -0.944882 0.330709 
vn 0.354331 -0.929134 0.102362 
vn 0.984252 -0.149606 -0.0944882 
vn 0.929134 -0.362205 0.0708661 
vn 0.984252 -0.149606 -0.0944882 
vn -0.173228 -0.0393701 0.984252 
vn 0.015748 -0.992126 -0.110236 
vn 0.015748 -0.992126 -0.110236 
vn -0.0787402 0.023622 1 
vn -0.0787402 0.023622 1 
vn -0.0787402 0.023622 1 
vn -0.0787402 -0.00787402 1 
vn 0.653543 -0.748031 0.0866142 
vn 0.220472 -0.976378 -0.0472441 
vn -0.0787402 0.023622 1 
vn -0.0787402 0.023622 1 
vn 0.015748 0.0787402 -1 
vn 0.015748 0.0787402 -1 
vn 0.220472 -0.976378 -0.0472441 
vn 0.653543 -0.748031 0.0866142 
vn -0.173228 -0.0393701 0.984252 
vn 0.015748 -0.992126 -0.110236 
vn 0.133858 0 -0.992126 
vn 0.133858 0 -0.992126 
vn 0.133858 0 -0.992126 
vn 0.133858 0 -0.992126 
vn 0.992126 -0.0314961 0.133858 
vn 0.992126 -0.0314961 0.133858 
vn 0.992126 -0.0314961 0.133858 
vn 0.992126 -0.0314961 0.133858 
vn -0.133858 0 0.992126 
vn -0.133858 0 0.992126 
vn -0.133858 0 0.992126 
vn -0.133858 0 0.992126 
vn -0.133858 0 0.992126 
vn -0.133858 0 0.992126 
vn 0.133858 0 -0.992126 
vn 0.133858 0 -0.992126 
vn 0.133858 0 -0.992126 
vn -0.133858 0 0.992126 
vn 0.133858 0 -0.992126 
vn 0.133858 0 -0.992126 
vn 0.133858 0 -0.992126 
vn 0.559055 -0.826772 0.0787402 
vn 0.559055 -0.826772 0.0787402 
vn -0.133858 0 0.992126 
vn 0.133858 0 -0.992126 
vn 0.133858 0 -0.992126 
vn 0.133858 0 -0.992126 
vn 0.133858 0 -0.992126 
vn -0.0551181 -1 -0.00787402 
vn 0.133858 0 -0.992126 
vn 0.133858 0 -0.992126 
vn -0.0551181 -1 -0.00787402 
vn -0.0551181 -1 -0.00787402 
vn -0.133858 0 0.992126 
vn -0.133858 0 0.992126 
vn -0.0551181 -1 -0.00787402 
vn 0.133858 0 -0.992126 
vn 0.559055 -0.826772 0.0787402 
vn 0.992126 -0.0314961 0.133858 
vn 0.992126 -0.0314961 0.133858 
vn 0.992126 -0.0314961 0.133858 
vn 0.992126 -0.0314961 0.133858 
vn -0.259843 -0.937008 -0.220472 
vn -0.259843 -0.937008 -0.220472 
vn -0.259843 -0.937008 -0.220472 
vn -0.259843 -0.937008 -0.220472 
vn 0.00787402 1 0.015748 
vn 0.00787402 1 0.015748 
vn 0.00787402 1 0.015748 
vn 0.244094 0.92126 0.299213 
vn 0.259843 0 0.968504 
vn 0.259843 0 0.968504 
vn 0.259843 0 0.968504 
vn 0.015748 0.448819 0.889764 
vn -0.023622 -1 0.015748 
vn -0.023622 -1 0.015748 
vn -0.023622 -1 0.015748 
vn -0.015748 -1 -0.0393701 
vn -0.023622 -1 0.015748 
vn -0.023622 -1 0.015748 
vn -0.023622 -1 0.015748 
vn -0.015748 -1 -0.0393701 
vn 0.0787402 -0.96063 0.251969 
vn 0.0708661 -0.984252 0.165354 
vn -0.023622 -1 0.015748 
vn -0.818898 0 0.574803 
vn 0.0787402 -0.96063 0.251969 
vn -0.133858 0.929134 -0.338583 
vn -0.015748 -1 -0.0393701 
vn 0.0708661 -0.984252 0.165354 
vn 0.543307 -0.188976 0.818898 
vn 0.543307 -0.188976 0.818898 
vn 0.543307 -0.188976 0.818898 
vn 0.614173 -0.393701 0.685039 
vn 0.543307 -0.188976 0.818898 
vn -0.740157 0.188976 0.645669 
vn -0.740157 0.188976 0.645669 
vn 0.543307 -0.188976 0.818898 
vn -0.519685 0.330709 -0.787402 
vn -0.519685 0.330709 -0.787402 
vn 0.543307 -0.188976 0.818898 
vn 0.614173 -0.393701 0.685039 
vn -0.740157 -0.0944882 -0.669291 
vn -0.740157 -0.0944882 -0.669291 
vn -0.685039 0.023622 0.724409 
vn -0.259843 -0.937008 -0.220472 
vn 0.732283 0.110236 0.669291 
vn -0.685039 0.023622 0.724409 
vn -0.259843 -0.937008 -0.220472 
vn -0.259843 -0.937008 -0.220472 
vn 0.732283 0.110236 0.669291 
vn -0.259843 -0.937008 -0.220472 
vn 0.015748 0.448819 0.889764 
vn 0.015748 0.448819 0.889764 
vn 0.259843 0 0.968504 
vn 0.259843 0 0.968504 
vn 0.88189 0.377953 0.275591 
vn 0.88189 0.377953 0.275591 
vn 0.88189 0.377953 0.275591 
vn 0.88189 0.377953 0.275591 
vn 0.291339 0.00787402 -0.952756 
vn 0.291339 0.00787402 -0.952756 
vn 0.291339 0.00787402 -0.952756 
vn 0.291339 0.00787402 -0.952756 
vn 0.716535 -0.669291 0.212598 
vn 0.291339 0.00787402 -0.952756 
vn 0.291339 0.00787402 -0.952756 
vn 0.716535 -0.669291 0.212598 
vn 0.716535 -0.669291 0.212598 
vn -0.291339 -0.00787402 0.952756 
vn -0.291339 -0.00787402 0.952756 
vn 0.716535 -0.669291 0.212598 
vn 0.291339 0.00787402 -0.952756 
vn 0.291339 0.00787402 -0.952756 
vn 0.84252 -0.472441 0.251969 
vn 0.291339 0.00787402 -0.952756 
vn -0.291339 -0.00787402 0.952756 
vn 0.84252 -0.472441 0.251969 
vn 0.88189 0.377953 0.275591 
vn 0.88189 0.377953 0.275591 
vn 0.88189 0.377953 0.275591 
vn 0.88189 0.377953 0.275591 
vn -0.433071 0.15748 -0.889764 
vn -0.433071 0.15748 -0.889764 
vn -0.433071 0.15748 -0.889764 
vn -0.433071 0.15748 -0.889764 
vn -0.874016 0.149606 0.456693 
vn -0.874016 0.149606 0.456693 
vn -0.874016 0.149606 0.456693 
vn -0.874016 0.149606 0.456693 
vn 0.433071 -0.15748 0.889764 
vn 0.433071 -0.15748 0.889764 
vn 0.433071 -0.15748 0.889764 
vn 0.433071 -0.15748 0.889764 
vn 0.433071 -0.15748 0.889764 
vn 0.433071 -0.15748 0.889764 
vn -0.433071 0.15748 -0.889764 
vn -0.433071 0.15748 -0.889764 
vn -0.433071 0.15748 -0.889764 
vn -0.433071 0.15748 -0.889764 
vn -0.519685 -0.850394 0.0944882 
vn -0.433071 0.15748 -0.889764 
vn -0.519685 -0.850394 0.0944882 
vn 0.433071 -0.15748 0.889764 
vn -0.433071 0.15748 -0.889764 
vn -0.433071 0.15748 -0.889764 
vn -0.433071 0.15748 -0.889764 
vn -0.433071 0.15748 -0.889764 
vn -0.259843 -0.96063 -0.0551181 
vn -0.133858 -0.984252 -0.125984 
vn -0.433071 0.15748 -0.889764 
vn -0.433071 0.15748 -0.889764 
vn -0.133858 -0.984252 -0.125984 
vn -0.259843 -0.96063 -0.0551181 
vn 0.433071 -0.15748 0.889764 
vn 0.433071 -0.15748 0.889764 
vn -0.433071 0.15748 -0.889764 
vn -0.519685 -0.850394 0.0944882 
vn -0.874016 0.149606 0.456693 
vn -0.874016 0.149606 0.456693 
vn -0.874016 0.149606 0.456693 
vn -0.874016 0.149606 0.456693 
vn 0.102362 0.992126 0.023622 
vn 0.102362 0.992126 0.023622 
vn 0.102362 0.992126 0.023622 
vn 0.0944882 0.992126 0.0629921 
vn 0.0629921 0.992126 0.0866142 
vn 0.023622 0.992126 0.110236 
vn 0.023622 0.992126 -0.110236 
vn 0.023622 0.992126 -0.110236 
vn 0.0629921 0.992126 -0.0866142 
vn 0.0866142 0.992126 -0.0629921 
vn 0.0866142 0.992126 -0.0629921 
vn 0.102362 0.992126 -0.023622 
vn 0.370079 0.92126 0.0708661 
vn 0.370079 0.92126 0.0708661 
vn 0.314961 0.929134 0.212598 
vn 0.314961 0.929134 0.212598 
vn 0.212598 0.929134 0.314961 
vn 0.0708661 0.929134 0.370079 
vn 0.133858 0.897638 -0.417323 
vn 0.133858 0.897638 -0.417323 
vn 0.212598 0.92126 -0.314961 
vn 0.314961 0.92126 -0.212598 
vn 0.314961 0.92126 -0.212598 
vn 0.874016 0.456693 0.173228 
vn 0.874016 0.456693 0.173228 
vn 0.740157 0.456693 0.496063 
vn 0.740157 0.456693 0.496063 
vn 0.496063 0.456693 0.740157 
vn 0.173228 0.456693 0.874016 
vn 0.488189 0.456693 -0.748031 
vn 0.740157 0.456693 -0.496063 
vn 0.740157 0.456693 -0.496063 
vn 0.976378 0.023622 0.220472 
vn 0.976378 0.023622 0.220472 
vn 0.976378 0.023622 0.220472 
vn 0.976378 0.015748 0.204724 
vn 0.826772 0 0.559055 
vn 0.826772 0 0.559055 
vn 0.826772 0 0.559055 
vn 0.826772 0 0.559055 
vn 0.551181 0.110236 0.826772 
vn 0.551181 0.110236 0.826772 
vn 0.19685 0 0.984252 
vn 0.19685 0 0.984252 
vn 0.19685 0 0.984252 
vn 0.19685 0 0.984252 
vn 0.984252 -0.00787402 -0.188976 
vn 0.984252 -0.00787402 -0.188976 
vn 0.976378 0.023622 -0.228346 
vn 0.976378 0.023622 -0.228346 
vn 0.976378 0.023622 -0.228346 
vn 0.96063 0.0944882 -0.267717 
vn 0.858268 0.0314961 -0.511811 
vn 0.858268 0.0314961 -0.511811 
vn 0.559055 0.0393701 -0.826772 
vn 0.559055 0.0393701 -0.826772 
vn 0.826772 0 0.559055 
vn 0.826772 0 0.559055 
vn 0.559055 0 0.834646 
vn 0.19685 0 0.984252 
vn 0.984252 -0.0314961 -0.181102 
vn 0.976378 0.023622 -0.204724 
vn 0.826772 0 0.559055 
vn 0.826772 0 0.559055 
vn 0.559055 0 0.826772 
vn 0.204724 0.015748 0.976378 
vn 0.102362 0.992126 0.023622 
vn -0.102362 0.992126 0.023622 
vn -0.102362 0.992126 0.023622 
vn -0.0944882 0.992126 0.0629921 
vn -0.0944882 0.992126 0.0629921 
vn -0.0629921 0.992126 0.0866142 
vn 0.023622 0.992126 0.110236 
vn 0.023622 0.992126 -0.110236 
vn -0.023622 0.992126 -0.110236 
vn -0.0629921 0.992126 -0.0866142 
vn -0.0866142 0.992126 -0.0629921 
vn -0.0866142 0.992126 -0.0629921 
vn -0.370079 0.92126 0.0708661 
vn -0.370079 0.929134 0.0708661 
vn -0.314961 0.929134 0.212598 
vn -0.314961 0.929134 0.212598 
vn -0.212598 0.929134 0.314961 
vn 0.0708661 0.929134 0.370079 
vn 0.133858 0.897638 -0.417323 
vn -0.0708661 0.92126 -0.377953 
vn -0.212598 0.92126 -0.314961 
vn -0.314961 0.92126 -0.212598 
vn -0.314961 0.92126 -0.212598 
vn -0.874016 0.456693 0.173228 
vn -0.874016 0.456693 0.173228 
vn -0.740157 0.456693 0.496063 
vn -0.740157 0.456693 0.496063 
vn -0.496063 0.456693 0.740157 
vn -0.15748 0.574803 0.80315 
vn -0.15748 0.574803 0.80315 
vn -0.496063 0.456693 -0.740157 
vn -0.740157 0.456693 -0.496063 
vn -0.740157 0.456693 -0.496063 
vn -0.976378 0.015748 0.204724 
vn -0.976378 0.015748 0.204724 
vn -0.976378 0.015748 0.204724 
vn -0.976378 0.023622 0.220472 
vn -0.826772 0 0.559055 
vn -0.826772 0 0.559055 
vn -0.826772 0 0.559055 
vn -0.826772 0 0.559055 
vn -0.559055 0 0.834646 
vn -0.559055 0 0.834646 
vn -0.19685 0.0314961 0.976378 
vn -0.19685 0.0314961 0.976378 
vn -0.19685 0.0314961 0.976378 
vn -0.19685 0.0314961 0.976378 
vn -0.984252 -0.015748 -0.181102 
vn -0.984252 -0.00787402 -0.188976 
vn -0.96063 0.0944882 -0.267717 
vn -0.96063 0.0944882 -0.267717 
vn -0.96063 0.0944882 -0.267717 
vn -0.976378 0.023622 -0.228346 
vn -0.834646 -0.00787402 -0.551181 
vn -0.858268 0.0314961 -0.511811 
vn -0.559055 0.015748 -0.826772 
vn -0.566929 0.0393701 -0.826772 
vn -0.850394 -0.19685 0.480315 
vn -0.858268 0 0.511811 
vn -0.559055 0 0.826772 
vn -0.19685 0.0787402 0.976378 
vn -0.204724 0.0944882 0.976378 
vn -0.976378 0.023622 -0.204724 
vn -0.976378 0.023622 -0.204724 
vn -0.818898 0.110236 0.559055 
vn -0.826772 0 0.559055 
vn -0.559055 0 0.826772 
vn 0.19685 0 0.984252 
vn 0.204724 0.015748 0.976378 
vn 0 -0.322835 0.944882 
vn 0 -0.322835 0.944882 
vn 0.425197 -0.472441 -0.771654 
vn 0.425197 -0.472441 -0.771654 
vn 0.267717 -0.858268 -0.448819 
vn 0.425197 -0.472441 -0.771654 
vn 0.110236 -0.944882 -0.314961 
vn -0.23622 -0.937008 -0.251969 
vn -0.23622 -0.937008 -0.251969 
vn -0.251969 -0.952756 -0.165354 
vn -0.354331 -0.0944882 -0.929134 
vn -0.354331 -0.0944882 -0.929134 
vn -0.362205 0.125984 -0.92126 
vn 0 -0.322835 0.944882 
vn -0.362205 0.125984 -0.92126 
vn -0.0787402 -0.661417 -0.748031 
vn -0.0787402 -0.661417 -0.748031 
vn 0.0314961 -0.708661 -0.700787 
vn -0.133858 -0.535433 -0.834646 
vn -0.015748 -0.110236 0.992126 
vn -0.015748 -0.110236 0.992126 
vn 0.220472 -0.913386 0.346457 
vn 0.417323 -0.15748 -0.889764 
vn 0 -0.322835 0.944882 
vn 0 -0.322835 0.944882 
vn -0.417323 -0.11811 -0.897638 
vn -0.464567 -0.0551181 -0.88189 
vn -0.19685 -0.929134 -0.322835 
vn -0.19685 -0.929134 -0.322835 
vn -0.133858 -0.937008 -0.330709 
vn -0.11811 -0.944882 -0.314961 
vn -0.23622 -0.937008 -0.251969 
vn 0.354331 -0.0944882 -0.929134 
vn 0.354331 -0.0944882 -0.929134 
vn 0.362205 0.125984 -0.92126 
vn 0.362205 0.125984 -0.92126 
vn 0 -0.322835 0.944882 
vn 0.0787402 -0.661417 -0.748031 
vn 0.0787402 -0.661417 -0.748031 
vn -0.023622 -0.708661 -0.700787 
vn 0.0314961 -0.259843 -0.968504 
vn 0.015748 -0.110236 0.992126 
vn 0.015748 -0.110236 0.992126 
vn -0.204724 -0.889764 0.401575 
vn -0.464567 -0.559055 -0.685039 
vn 0.173228 -0.472441 -0.866142 
vn 0.173228 -0.472441 -0.866142 
vn 0.173228 0.456693 0.874016 
vn 0.19685 0 0.984252 
vn 0.19685 0 0.984252 
vn 0.15748 -0.984252 -0.110236 
vn 0.15748 -0.984252 -0.110236 
vn -0.23622 -0.937008 -0.251969 
vn 0.110236 -0.944882 -0.314961 
vn -0.251969 -0.952756 -0.165354 
vn -0.251969 -0.952756 -0.165354 
vn -0.19685 -0.929134 -0.322835 
vn -0.133858 -0.937008 -0.330709 
vn 0 -0.322835 0.944882 
vn 0 -0.322835 0.944882 
vn -0.244094 -0.307087 0.92126 
vn -0.244094 -0.307087 0.92126 
vn 0.425197 -0.472441 -0.771654 
vn 0.425197 -0.472441 -0.771654 
vn -0.393701 -0.275591 -0.88189 
vn -0.393701 -0.275591 -0.88189 
vn 0.267717 -0.858268 -0.448819 
vn -0.622047 -0.370079 -0.692913 
vn -0.440945 -0.330709 -0.834646 
vn -0.181102 -0.314961 -0.929134 
vn -0.354331 -0.0944882 -0.929134 
vn -0.354331 -0.0944882 -0.929134 
vn -0.677165 -0.0708661 -0.732283 
vn -0.677165 -0.0708661 -0.732283 
vn -0.362205 0.125984 -0.92126 
vn -0.425197 0.125984 -0.897638 
vn -0.0787402 -0.661417 -0.748031 
vn -0.0787402 -0.661417 -0.748031 
vn -0.850394 -0.511811 -0.0787402 
vn -0.850394 -0.511811 -0.0787402 
vn 0.0314961 -0.708661 -0.700787 
vn -0.629921 -0.724409 0.275591 
vn -0.133858 -0.535433 -0.834646 
vn -0.80315 -0.590551 0.0787402 
vn -0.015748 -0.110236 0.992126 
vn -0.015748 -0.110236 0.992126 
vn 0.110236 -0.110236 0.984252 
vn 0.110236 -0.110236 0.984252 
vn 0.220472 -0.913386 0.346457 
vn -0.811024 -0.582677 0.0472441 
vn 0.417323 -0.15748 -0.889764 
vn -0.125984 -0.125984 -0.984252 
vn 0 -0.322835 0.944882 
vn 0 -0.322835 0.944882 
vn 0.244094 -0.307087 0.92126 
vn 0.244094 -0.307087 0.92126 
vn -0.464567 -0.0551181 -0.88189 
vn -0.417323 -0.11811 -0.897638 
vn 0.0551181 -0.110236 -0.992126 
vn 0.0551181 -0.110236 -0.992126 
vn -0.133858 -0.937008 -0.330709 
vn 0.622047 -0.370079 -0.692913 
vn -0.11811 -0.944882 -0.314961 
vn 0.440945 -0.330709 -0.834646 
vn -0.23622 -0.937008 -0.251969 
vn -0.181102 -0.314961 -0.929134 
vn 0.354331 -0.0944882 -0.929134 
vn 0.354331 -0.0944882 -0.929134 
vn 0.677165 -0.0708661 -0.732283 
vn 0.677165 -0.0708661 -0.732283 
vn 0.362205 0.125984 -0.92126 
vn 0.425197 0.125984 -0.897638 
vn 0.0787402 -0.661417 -0.748031 
vn 0.0787402 -0.661417 -0.748031 
vn 0.850394 -0.511811 -0.0787402 
vn 0.850394 -0.511811 -0.0787402 
vn -0.023622 -0.708661 -0.700787 
vn 0.629921 -0.724409 0.275591 
vn 0.0314961 -0.259843 -0.968504 
vn 0.84252 -0.543307 0.023622 
vn 0.015748 -0.110236 0.992126 
vn 0.015748 -0.110236 0.992126 
vn -0.110236 -0.110236 0.984252 
vn -0.110236 -0.110236 0.984252 
vn -0.204724 -0.889764 0.401575 
vn 0.811024 -0.582677 0.0472441 
vn -0.464567 -0.559055 -0.685039 
vn 0.370079 -0.275591 -0.889764 
vn 0.173228 -0.472441 -0.866142 
vn -0.141732 -0.88189 0.448819 
vn 0.173228 -0.472441 -0.866142 
vn -0.141732 -0.88189 0.448819 
vn -0.700787 -0.637795 -0.322835 
vn 0.629921 0.732283 0.251969 
vn 0.212598 0.976378 -0.0393701 
vn 0.503937 0.84252 0.19685 
vn 0.0314961 1 0.0629921 
vn 0.0314961 1 0.0629921 
vn 0.0314961 1 0.0787402 
vn -0.574803 0.80315 0.165354 
vn -0.212598 0.976378 -0.0944882 
vn -0.637795 0.755906 0.141732 
vn -0.551181 -0.0866142 0.834646 
vn -0.590551 0 0.80315 
vn -0.614173 0 0.795276 
vn 0.228346 0.11811 -0.968504 
vn 0.291339 0 -0.96063 
vn 0.267717 0 -0.96063 
vn 0.259843 0 -0.968504 
vn 0.503937 -0.755906 -0.417323 
vn 0.133858 -0.0944882 0.984252 
vn 0.0629921 0.0866142 0.992126 
vn 0.181102 -0.023622 0.984252 
vn 0.212598 0.19685 0.96063 
vn 0.0944882 0.409449 0.905512 
vn 0 0.472441 0.88189 
vn 0 0.472441 0.88189 
vn 0 0.433071 0.897638 
vn -0.0787402 0.275591 0.96063 
vn -0.133858 0.023622 0.992126 
vn -0.0551181 0.0314961 1 
vn -0.0551181 0.00787402 1 
vn -0.00787402 -0.181102 0.984252 
vn -0.566929 -0.787402 -0.23622 
vn -0.267717 0 -0.96063 
vn -0.291339 0 -0.96063 
vn -0.354331 0 -0.937008 
vn -0.244094 0.354331 -0.905512 
vn 0.590551 0 0.80315 
vn 0.598425 0 0.80315 
vn -0.992126 -0.00787402 -0.0944882 
vn -0.992126 -0.00787402 -0.0944882 
vn -0.992126 -0.00787402 -0.0944882 
vn -1 -0.0314961 -0.0393701 
vn -1 -0.023622 -0.0472441 
vn -0.992126 0.0393701 -0.133858 
vn 1 0.0314961 0.0393701 
vn 1 0.0314961 0.0393701 
vn 1 0.0314961 0.0393701 
vn 0.992126 0.00787402 0.0944882 
vn 0.992126 -0.0314961 0.133858 
vn 0.992126 -0.0314961 0.133858 
vn 1 0.0314961 0.0393701 
vn 0.992126 0.00787402 0.0944882 
vn 0.992126 0.00787402 0.0944882 
vn 1 0.0314961 0.0393701 
vn 1 0.0314961 0.0393701 
vn 1 0.0314961 0.0393701 
vn 0.992126 -0.0314961 0.133858 
vn 0.992126 -0.0314961 0.133858 
vn 1 -0.0314961 -0.0393701 
vn 1 -0.0314961 -0.0393701 
vn 1 -0.0314961 -0.0393701 
vn 0.992126 -0.00787402 -0.0944882 
vn 0.992126 0.0393701 -0.133858 
vn 0.992126 0.0393701 -0.133858 
vn -0.992126 0.00787402 0.0944882 
vn -0.992126 0.00787402 0.0944882 
vn -0.992126 0.00787402 0.0944882 
vn -1 0.0314961 0.0393701 
vn -1 0.023622 0.0393701 
vn -0.992126 -0.0314961 0.133858 
vn -0.992126 0.00787402 0.0944882 
vn -0.992126 0.00787402 0.0944882 
vn -0.992126 0.00787402 0.0944882 
vn -0.992126 0.00787402 0.0944882 
vn -1 0.0314961 0.0393701 
vn -0.992126 0.00787402 0.0944882 
vn -1 0.023622 0.0393701 
vn -0.992126 -0.0314961 0.133858 

vt 0.85319 0.14957 
vt 0.849429 0.189521 
vt 0.860085 0.189865 
vt 0.862026 0.148537 
vt 0.848699 0.20487 
vt 0.858498 0.206839 
vt 0.858635 0.225197 
vt 0.847486 0.223249 
vt 0.849778 0.242713 
vt 0.859777 0.243457 
vt 0.853846 0.285122 
vt 0.86218 0.286053 
vt 0.861051 0.261654 
vt 0.851013 0.261806 
vt 0.854507 0.297522 
vt 0.863975 0.296522 
vt 0.807532 0.413124 
vt 0.811791 0.413666 
vt 0.80866 0.435517 
vt 0.802971 0.434134 
vt 0.807775 0.442729 
vt 0.801997 0.440684 
vt 0.807496 0.450434 
vt 0.808283 0.4593 
vt 0.80256 0.457327 
vt 0.801665 0.448155 
vt 0.805385 0.47783 
vt 0.803474 0.466511 
vt 0.809114 0.468281 
vt 0.810682 0.479724 
vt 0.807085 0.486869 
vt 0.811791 0.487159 
vt 0.847075 0.147677 
vt 0.843273 0.188047 
vt 0.866167 0.19092 
vt 0.868314 0.149858 
vt 0.862745 0.136158 
vt 0.855058 0.138023 
vt 0.842248 0.201101 
vt 0.864999 0.204149 
vt 0.840711 0.230301 
vt 0.843031 0.245912 
vt 0.866725 0.245292 
vt 0.866483 0.228153 
vt 0.868314 0.2838 
vt 0.867969 0.262834 
vt 0.844018 0.263585 
vt 0.846066 0.285871 
vt 0.867518 0.297723 
vt 0.850425 0.302214 
vt 0.856523 0.305672 
vt 0.865276 0.302567 
vt 0.865247 0.21841 
vt 0.840496 0.215132 
vt 0.797932 0.297821 
vt 0.795797 0.305807 
vt 0.790665 0.301859 
vt 0.791069 0.292802 
vt 0.80285 0.264869 
vt 0.800479 0.278218 
vt 0.792458 0.274076 
vt 0.791769 0.261564 
vt 0.802867 0.233549 
vt 0.802422 0.252199 
vt 0.792572 0.250421 
vt 0.793242 0.23295 
vt 0.80377 0.202666 
vt 0.803409 0.217389 
vt 0.793747 0.217988 
vt 0.793859 0.203267 
vt 0.804497 0.160702 
vt 0.794854 0.156047 
vt 0.799947 0.419231 
vt 0.795959 0.420591 
vt 0.796879 0.412475 
vt 0.79953 0.412315 
vt 0.800701 0.430092 
vt 0.795361 0.430386 
vt 0.795547 0.424706 
vt 0.800263 0.423852 
vt 0.800569 0.445711 
vt 0.795696 0.445288 
vt 0.795424 0.435729 
vt 0.80092 0.437062 
vt 0.800737 0.461245 
vt 0.795811 0.460312 
vt 0.795608 0.453119 
vt 0.800728 0.454462 
vt 0.799719 0.484806 
vt 0.795361 0.48685 
vt 0.805148 0.292758 
vt 0.80019 0.305969 
vt 0.799115 0.286876 
vt 0.788541 0.299653 
vt 0.788111 0.28335 
vt 0.792463 0.282302 
vt 0.809918 0.274312 
vt 0.807675 0.284825 
vt 0.787626 0.275825 
vt 0.786084 0.265989 
vt 0.809591 0.233904 
vt 0.809568 0.250269 
vt 0.787246 0.248221 
vt 0.788052 0.231373 
vt 0.809674 0.203755 
vt 0.809693 0.216814 
vt 0.788906 0.217002 
vt 0.788915 0.203185 
vt 0.810483 0.162588 
vt 0.78975 0.156907 
vt 0.79662 0.146752 
vt 0.804748 0.148991 
vt 0.785808 0.257951 
vt 0.810483 0.262752 
vt 0.889818 0.296675 
vt 0.875967 0.301213 
vt 0.875439 0.291792 
vt 0.889541 0.286152 
vt 0.88803 0.27181 
vt 0.875837 0.278773 
vt 0.875507 0.254507 
vt 0.887935 0.247907 
vt 0.875821 0.234082 
vt 0.88828 0.229709 
vt 0.876968 0.200588 
vt 0.888199 0.197107 
vt 0.887961 0.211679 
vt 0.876641 0.215356 
vt 0.888766 0.146948 
vt 0.888906 0.157314 
vt 0.877074 0.158525 
vt 0.878005 0.148765 
vt 0.785352 0.484858 
vt 0.786138 0.474485 
vt 0.793167 0.479374 
vt 0.792649 0.488308 
vt 0.78618 0.46224 
vt 0.793447 0.466462 
vt 0.792925 0.45557 
vt 0.785893 0.452596 
vt 0.792188 0.438446 
vt 0.792664 0.44521 
vt 0.785821 0.443018 
vt 0.785565 0.436518 
vt 0.786206 0.407579 
vt 0.792092 0.40888 
vt 0.79225 0.415201 
vt 0.786217 0.414016 
vt 0.87112 0.295758 
vt 0.870786 0.278978 
vt 0.893157 0.270895 
vt 0.894591 0.290409 
vt 0.870205 0.25509 
vt 0.893295 0.24757 
vt 0.892928 0.229139 
vt 0.871057 0.23442 
vt 0.893266 0.198667 
vt 0.892378 0.211304 
vt 0.872059 0.214831 
vt 0.871897 0.201725 
vt 0.894217 0.146826 
vt 0.894591 0.158284 
vt 0.871464 0.158686 
vt 0.872532 0.147693 
vt 0.877105 0.138198 
vt 0.887916 0.136518 
vt 0.872063 0.187963 
vt 0.87153 0.169121 
vt 0.87699 0.167436 
vt 0.877487 0.185874 
vt 0.785947 0.419883 
vt 0.792126 0.420916 
vt 0.79179 0.43129 
vt 0.785352 0.429517 
vt 0.888811 0.166498 
vt 0.894214 0.16869 
vt 0.893739 0.185791 
vt 0.888743 0.183588 
vt 0.909262 0.23787 
vt 0.910974 0.263533 
vt 0.901918 0.268441 
vt 0.89988 0.243036 
vt 0.909962 0.198393 
vt 0.909227 0.211691 
vt 0.900473 0.21163 
vt 0.900729 0.197725 
vt 0.902542 0.280013 
vt 0.912504 0.271394 
vt 0.914112 0.281517 
vt 0.904049 0.290225 
vt 0.913237 0.169964 
vt 0.910981 0.185855 
vt 0.901968 0.184341 
vt 0.902992 0.167859 
vt 0.899815 0.226997 
vt 0.908918 0.225419 
vt 0.813877 0.443733 
vt 0.808777 0.440052 
vt 0.810667 0.42672 
vt 0.815652 0.430949 
vt 0.814262 0.463573 
vt 0.809149 0.465157 
vt 0.808489 0.457606 
vt 0.813622 0.457064 
vt 0.812927 0.41704 
vt 0.817665 0.423625 
vt 0.817665 0.476882 
vt 0.812519 0.480026 
vt 0.810411 0.471842 
vt 0.815515 0.469275 
vt 0.808207 0.448843 
vt 0.813297 0.450066 
vt 0.913215 0.237199 
vt 0.914839 0.261541 
vt 0.897688 0.269075 
vt 0.895899 0.244066 
vt 0.913816 0.199402 
vt 0.913045 0.21206 
vt 0.896417 0.211279 
vt 0.896871 0.197107 
vt 0.917327 0.276081 
vt 0.89927 0.288351 
vt 0.917327 0.173066 
vt 0.91496 0.18805 
vt 0.89773 0.184255 
vt 0.898567 0.167677 
vt 0.903155 0.159615 
vt 0.91332 0.161287 
vt 0.912776 0.225141 
vt 0.895946 0.227479 
vt 0.931042 0.19105 
vt 0.922321 0.191508 
vt 0.92381 0.168371 
vt 0.933529 0.167548 
vt 0.92909 0.212516 
vt 0.921298 0.212908 
vt 0.928899 0.222923 
vt 0.920524 0.224359 
vt 0.930973 0.244695 
vt 0.922801 0.250345 
vt 0.92024 0.236142 
vt 0.929882 0.232194 
vt 0.925766 0.271473 
vt 0.924729 0.263435 
vt 0.932383 0.256188 
vt 0.934392 0.261163 
vt 0.82192 0.435987 
vt 0.824359 0.423483 
vt 0.819172 0.422613 
vt 0.817052 0.434901 
vt 0.820293 0.445931 
vt 0.815674 0.44554 
vt 0.815207 0.451653 
vt 0.819922 0.450964 
vt 0.821674 0.46118 
vt 0.820573 0.455108 
vt 0.815733 0.457235 
vt 0.817029 0.464894 
vt 0.820395 0.477638 
vt 0.824359 0.470265 
vt 0.822799 0.466487 
vt 0.818314 0.471594 
vt 0.91829 0.192159 
vt 0.919458 0.169024 
vt 0.923643 0.160246 
vt 0.933253 0.159081 
vt 0.937591 0.170093 
vt 0.934973 0.193536 
vt 0.917393 0.212235 
vt 0.932904 0.212409 
vt 0.91687 0.223984 
vt 0.932799 0.221904 
vt 0.919174 0.253105 
vt 0.916771 0.239495 
vt 0.934015 0.23237 
vt 0.934717 0.243772 
vt 0.924378 0.279732 
vt 0.921639 0.265773 
vt 0.935907 0.254797 
vt 0.937591 0.263062 
vt 0.927683 0.278541 
vt 0.935964 0.266852 
vt 0.916222 0.234292 
vt 0.933761 0.229456 
vt 0.949724 0.197534 
vt 0.941195 0.197552 
vt 0.942907 0.17592 
vt 0.951316 0.174065 
vt 0.948667 0.212528 
vt 0.940538 0.212212 
vt 0.940687 0.231065 
vt 0.948279 0.228063 
vt 0.949091 0.240789 
vt 0.941589 0.245701 
vt 0.944831 0.263092 
vt 0.943441 0.255502 
vt 0.950087 0.250347 
vt 0.951872 0.254431 
vt 0.844716 0.432644 
vt 0.846767 0.42089 
vt 0.841944 0.420426 
vt 0.840186 0.431956 
vt 0.844358 0.439668 
vt 0.840079 0.439078 
vt 0.839566 0.448369 
vt 0.8441 0.446848 
vt 0.844474 0.45301 
vt 0.840073 0.455958 
vt 0.8432 0.465025 
vt 0.846767 0.460967 
vt 0.845385 0.457365 
vt 0.841109 0.461684 
vt 0.937328 0.196692 
vt 0.939017 0.175653 
vt 0.942505 0.168488 
vt 0.950952 0.166564 
vt 0.95522 0.175299 
vt 0.953726 0.197915 
vt 0.937432 0.20938 
vt 0.951829 0.209461 
vt 0.937278 0.231978 
vt 0.937055 0.215694 
vt 0.952235 0.214518 
vt 0.951625 0.226932 
vt 0.938307 0.245771 
vt 0.952251 0.238625 
vt 0.943439 0.267471 
vt 0.940315 0.257733 
vt 0.95345 0.247732 
vt 0.95522 0.255058 
vt 0.946478 0.266479 
vt 0.953577 0.259398 
vt 0.966306 0.212973 
vt 0.959124 0.215281 
vt 0.959811 0.203161 
vt 0.966428 0.20114 
vt 0.966866 0.232211 
vt 0.961117 0.237808 
vt 0.959979 0.231002 
vt 0.966587 0.228372 
vt 0.960673 0.187326 
vt 0.967953 0.183723 
vt 0.958898 0.223531 
vt 0.966186 0.220545 
vt 0.817379 0.390954 
vt 0.817729 0.38548 
vt 0.813823 0.385934 
vt 0.813299 0.392258 
vt 0.818076 0.40052 
vt 0.8175 0.397803 
vt 0.813635 0.399803 
vt 0.815266 0.403184 
vt 0.819282 0.376402 
vt 0.815114 0.377581 
vt 0.81329 0.396082 
vt 0.817253 0.394424 
vt 0.954916 0.213535 
vt 0.95562 0.202435 
vt 0.970709 0.202158 
vt 0.97062 0.212197 
vt 0.958098 0.242747 
vt 0.956321 0.234412 
vt 0.97073 0.227604 
vt 0.970737 0.233208 
vt 0.956326 0.187125 
vt 0.959528 0.17917 
vt 0.966739 0.175357 
vt 0.972255 0.185486 
vt 0.970441 0.221391 
vt 0.95499 0.227744 
vt 0.970106 0.245091 
vt 0.968346 0.252837 
vt 0.963302 0.250835 
vt 0.968437 0.237392 
vt 0.959712 0.257717 
vt 0.819282 0.404445 
vt 0.818493 0.408892 
vt 0.972255 0.241148 
vt 0.970213 0.218343 
vt 0.954916 0.220395 
vt 0.977367 0.0646609 
vt 0.976985 0.0836167 
vt 0.969431 0.0826393 
vt 0.969692 0.0650495 
vt 0.977062 0.0971926 
vt 0.969374 0.0973708 
vt 0.976811 0.110973 
vt 0.976854 0.119201 
vt 0.969367 0.118607 
vt 0.969648 0.110329 
vt 0.807407 0.350203 
vt 0.81172 0.35068 
vt 0.811885 0.360595 
vt 0.807473 0.360889 
vt 0.811743 0.368147 
vt 0.807428 0.367786 
vt 0.807472 0.37359 
vt 0.811537 0.373511 
vt 0.81163 0.375224 
vt 0.807407 0.375979 
vt 0.980875 0.0652276 
vt 0.980459 0.0838197 
vt 0.965947 0.0824167 
vt 0.966163 0.0649745 
vt 0.969549 0.0581331 
vt 0.977197 0.0577197 
vt 0.980523 0.0959739 
vt 0.965885 0.095852 
vt 0.980007 0.109225 
vt 0.980875 0.113064 
vt 0.965403 0.110417 
vt 0.966502 0.108279 
vt 0.980427 0.0989804 
vt 0.96596 0.0988567 
vt 0.814198 0.0278092 
vt 0.82415 0.0284247 
vt 0.822407 0.0454085 
vt 0.813399 0.0426419 
vt 0.820975 0.0642611 
vt 0.820554 0.0771185 
vt 0.812738 0.0723236 
vt 0.813042 0.058368 
vt 0.811877 0.0968064 
vt 0.812389 0.0862905 
vt 0.820748 0.0898286 
vt 0.822196 0.0992734 
vt 0.813514 0.119729 
vt 0.813707 0.107538 
vt 0.821694 0.110353 
vt 0.823331 0.122169 
vt 0.772628 0.433507 
vt 0.771691 0.441086 
vt 0.776945 0.443191 
vt 0.778167 0.434451 
vt 0.776267 0.453365 
vt 0.771336 0.449942 
vt 0.771449 0.456708 
vt 0.776547 0.459302 
vt 0.772172 0.466275 
vt 0.777393 0.467797 
vt 0.776998 0.465231 
vt 0.771992 0.463548 
vt 0.7733 0.477928 
vt 0.778167 0.479083 
vt 0.777604 0.470671 
vt 0.772441 0.46933 
vt 0.808568 0.0404097 
vt 0.809783 0.026064 
vt 0.825645 0.0204771 
vt 0.815261 0.0197134 
vt 0.828719 0.0290182 
vt 0.827622 0.0453433 
vt 0.807023 0.0571305 
vt 0.806657 0.0707486 
vt 0.826994 0.0760511 
vt 0.827248 0.06457 
vt 0.828369 0.0924311 
vt 0.827716 0.0876265 
vt 0.806197 0.0838848 
vt 0.805622 0.0887641 
vt 0.827324 0.12516 
vt 0.828719 0.109102 
vt 0.805557 0.107589 
vt 0.808469 0.12361 
vt 0.8125 0.129941 
vt 0.822112 0.130654 
vt 0.828372 0.103789 
vt 0.80542 0.101627 
vt 0.769706 0.116798 
vt 0.764301 0.113642 
vt 0.763708 0.121371 
vt 0.768148 0.123778 
vt 0.771951 0.0953922 
vt 0.762744 0.0933292 
vt 0.76408 0.105926 
vt 0.770436 0.109527 
vt 0.770553 0.0767931 
vt 0.761579 0.075355 
vt 0.762682 0.0833744 
vt 0.770726 0.0858269 
vt 0.770154 0.04897 
vt 0.763172 0.0444283 
vt 0.812131 0.403466 
vt 0.811633 0.409183 
vt 0.809128 0.407472 
vt 0.808052 0.402021 
vt 0.81219 0.398108 
vt 0.807447 0.398271 
vt 0.811894 0.390641 
vt 0.81191 0.39406 
vt 0.807014 0.394533 
vt 0.807225 0.391334 
vt 0.808397 0.378386 
vt 0.81219 0.382035 
vt 0.776257 0.112651 
vt 0.772931 0.120595 
vt 0.760915 0.117644 
vt 0.75995 0.107416 
vt 0.778351 0.104155 
vt 0.758392 0.10111 
vt 0.778734 0.0739928 
vt 0.777731 0.0797073 
vt 0.757178 0.0852968 
vt 0.755407 0.0807259 
vt 0.758694 0.0440125 
vt 0.756679 0.066992 
vt 0.77576 0.0651311 
vt 0.77475 0.0499338 
vt 0.764961 0.0365655 
vt 0.772188 0.0409924 
vt 0.756755 0.0923622 
vt 0.778734 0.0871183 
vt 0.839319 0.136935 
vt 0.839235 0.126919 
vt 0.850642 0.128725 
vt 0.850602 0.138153 
vt 0.838893 0.116894 
vt 0.837601 0.101427 
vt 0.847727 0.10353 
vt 0.849014 0.120104 
vt 0.847637 0.0923949 
vt 0.837595 0.0897822 
vt 0.836547 0.0793089 
vt 0.83787 0.065282 
vt 0.848614 0.0686336 
vt 0.848351 0.0810278 
vt 0.840366 0.0278168 
vt 0.850382 0.0337051 
vt 0.850108 0.0524172 
vt 0.83747 0.0468091 
vt 0.825948 0.421718 
vt 0.832151 0.420857 
vt 0.831179 0.42811 
vt 0.824763 0.429599 
vt 0.830182 0.435399 
vt 0.824036 0.436242 
vt 0.829738 0.439963 
vt 0.823573 0.441863 
vt 0.826459 0.475108 
vt 0.824586 0.46343 
vt 0.830585 0.459345 
vt 0.832151 0.470905 
vt 0.855847 0.13166 
vt 0.854182 0.117052 
vt 0.833914 0.11643 
vt 0.834774 0.132415 
vt 0.853203 0.102557 
vt 0.832468 0.103041 
vt 0.831736 0.0928454 
vt 0.85291 0.0928998 
vt 0.853632 0.0663775 
vt 0.854021 0.0779861 
vt 0.835625 0.0235366 
vt 0.83208 0.0436867 
vt 0.855847 0.0529052 
vt 0.85555 0.0323167 
vt 0.852013 0.0234963 
vt 0.841816 0.017898 
vt 0.823876 0.454177 
vt 0.823434 0.447024 
vt 0.829757 0.444559 
vt 0.830033 0.451196 
vt 0.832569 0.0727801 
vt 0.833278 0.0600095 
vt 0.830566 0.0837095 
vt 0.854902 0.0861658 
vt 0.885326 0.106431 
vt 0.885731 0.092568 
vt 0.875165 0.0987316 
vt 0.876646 0.112788 
vt 0.883869 0.0627695 
vt 0.875617 0.0656289 
vt 0.876529 0.0811104 
vt 0.884096 0.077935 
vt 0.877522 0.123491 
vt 0.879363 0.13349 
vt 0.888668 0.124885 
vt 0.886631 0.114858 
vt 0.884933 0.0359373 
vt 0.875475 0.0378165 
vt 0.875936 0.0547923 
vt 0.884378 0.0515392 
vt 0.838017 0.435872 
vt 0.838162 0.443848 
vt 0.832736 0.443886 
vt 0.83279 0.435627 
vt 0.832233 0.458978 
vt 0.837911 0.455536 
vt 0.838998 0.464673 
vt 0.83354 0.468541 
vt 0.838998 0.421943 
vt 0.838832 0.43028 
vt 0.833564 0.430283 
vt 0.834695 0.421334 
vt 0.837844 0.450828 
vt 0.832297 0.452552 
vt 0.871601 0.100959 
vt 0.872651 0.112885 
vt 0.889777 0.0619839 
vt 0.88902 0.0776753 
vt 0.872596 0.0803927 
vt 0.872281 0.0644481 
vt 0.88919 0.105075 
vt 0.890882 0.121978 
vt 0.873776 0.130587 
vt 0.889439 0.0357813 
vt 0.890882 0.0513245 
vt 0.872807 0.0534831 
vt 0.871928 0.0368022 
vt 0.874764 0.0314054 
vt 0.882646 0.0282391 
vt 0.889417 0.0965992 
vt 0.890088 0.090669 
vt 0.871661 0.0960437 
vt 0.923543 0.0620608 
vt 0.925085 0.0384897 
vt 0.915287 0.0387644 
vt 0.914764 0.0614566 
vt 0.922489 0.0824336 
vt 0.91351 0.0834156 
vt 0.913556 0.0928731 
vt 0.922802 0.0908298 
vt 0.927298 0.113576 
vt 0.924351 0.0986664 
vt 0.913394 0.104223 
vt 0.918793 0.116637 
vt 0.920417 0.126572 
vt 0.92902 0.11702 
vt 0.769248 0.446013 
vt 0.764117 0.444013 
vt 0.765757 0.431817 
vt 0.770897 0.433452 
vt 0.768444 0.455926 
vt 0.762947 0.454619 
vt 0.762627 0.459294 
vt 0.768479 0.46019 
vt 0.770509 0.470264 
vt 0.765096 0.472348 
vt 0.762773 0.464207 
vt 0.768946 0.464867 
vt 0.766746 0.478396 
vt 0.770897 0.471201 
vt 0.910701 0.0619314 
vt 0.910971 0.0391061 
vt 0.915339 0.0305336 
vt 0.92504 0.0299884 
vt 0.929402 0.0395453 
vt 0.928061 0.0631867 
vt 0.909669 0.0822293 
vt 0.926751 0.0818214 
vt 0.909791 0.0916872 
vt 0.92704 0.0900189 
vt 0.916668 0.122359 
vt 0.91094 0.11021 
vt 0.928198 0.104039 
vt 0.929181 0.115589 
vt 0.920993 0.132292 
vt 0.929402 0.117618 
vt 0.921938 0.131409 
vt 0.929291 0.117761 
vt 0.909096 0.101378 
vt 0.928754 0.0982347 
vt 0.94205 0.0806889 
vt 0.942279 0.0689144 
vt 0.935434 0.0706685 
vt 0.935026 0.0825095 
vt 0.942467 0.100344 
vt 0.942301 0.0958993 
vt 0.934636 0.0985464 
vt 0.937271 0.107139 
vt 0.943702 0.0517609 
vt 0.936371 0.0551809 
vt 0.823094 0.389021 
vt 0.818807 0.39018 
vt 0.81934 0.383855 
vt 0.823451 0.383553 
vt 0.823902 0.39896 
vt 0.821255 0.40297 
vt 0.81935 0.397608 
vt 0.823207 0.39556 
vt 0.820868 0.375614 
vt 0.825042 0.374501 
vt 0.93089 0.0816367 
vt 0.93132 0.070361 
vt 0.946479 0.070307 
vt 0.946224 0.0805098 
vt 0.934963 0.114079 
vt 0.931309 0.103715 
vt 0.946664 0.0950936 
vt 0.946462 0.102026 
vt 0.932055 0.0551059 
vt 0.935193 0.0472829 
vt 0.94241 0.0434744 
vt 0.947949 0.0537756 
vt 0.946304 0.092545 
vt 0.930515 0.0948663 
vt 0.946119 0.11221 
vt 0.944046 0.104918 
vt 0.939724 0.116036 
vt 0.94304 0.123052 
vt 0.937907 0.125363 
vt 0.825042 0.402203 
vt 0.823459 0.408149 
vt 0.947949 0.108702 
vt 0.961003 0.067998 
vt 0.952302 0.0683917 
vt 0.952041 0.0860795 
vt 0.960579 0.0870531 
vt 0.952 0.100675 
vt 0.96067 0.100613 
vt 0.960475 0.114315 
vt 0.953875 0.113722 
vt 0.95579 0.121598 
vt 0.96095 0.12247 
vt 0.838682 0.416966 
vt 0.838564 0.406279 
vt 0.833579 0.406645 
vt 0.833797 0.416552 
vt 0.838579 0.399382 
vt 0.833686 0.399089 
vt 0.838512 0.393579 
vt 0.838682 0.391209 
vt 0.835874 0.389538 
vt 0.83477 0.39372 
vt 0.964527 0.0684845 
vt 0.964087 0.0872866 
vt 0.948567 0.085824 
vt 0.948764 0.0682858 
vt 0.952221 0.0614322 
vt 0.960893 0.0610024 
vt 0.964134 0.0994554 
vt 0.948534 0.0992121 
vt 0.963648 0.112543 
vt 0.964527 0.116392 
vt 0.951655 0.121275 
vt 0.950584 0.1132 
vt 0.964053 0.102424 
vt 0.948874 0.103626 
vt 0.795173 0.12509 
vt 0.788548 0.121203 
vt 0.788054 0.124668 
vt 0.793336 0.131209 
vt 0.796555 0.104121 
vt 0.790318 0.101117 
vt 0.789189 0.113907 
vt 0.795831 0.117824 
vt 0.790097 0.0945752 
vt 0.798008 0.096602 
vt 0.790498 0.0876906 
vt 0.797488 0.087955 
vt 0.7981 0.0729428 
vt 0.78933 0.0707444 
vt 0.831513 0.39156 
vt 0.830423 0.386265 
vt 0.827193 0.388067 
vt 0.827292 0.393472 
vt 0.832248 0.396594 
vt 0.827847 0.39821 
vt 0.832263 0.400503 
vt 0.827959 0.401126 
vt 0.827735 0.403916 
vt 0.827308 0.411882 
vt 0.831713 0.410928 
vt 0.831956 0.404421 
vt 0.799919 0.11787 
vt 0.798307 0.12776 
vt 0.786767 0.121919 
vt 0.785342 0.11199 
vt 0.801377 0.108495 
vt 0.785053 0.103037 
vt 0.802406 0.101887 
vt 0.785234 0.097773 
vt 0.785283 0.0700591 
vt 0.786937 0.0840517 
vt 0.800698 0.0838989 
vt 0.802187 0.0721825 
vt 0.789959 0.0474752 
vt 0.789378 0.0558963 
vt 0.797966 0.0599134 
vt 0.798745 0.0510536 
vt 0.801852 0.0913103 
vt 0.786227 0.0890289 
vt 0.802281 0.0616778 
vt 0.827193 0.418586 
vt 0.831767 0.416416 
vt 0.785053 0.0577413 
vt 0.833022 0.203804 
vt 0.823333 0.202967 
vt 0.823785 0.216685 
vt 0.833142 0.216976 
vt 0.833643 0.2933 
vt 0.833821 0.26665 
vt 0.823165 0.268827 
vt 0.823166 0.291876 
vt 0.825398 0.302085 
vt 0.83497 0.297584 
vt 0.779024 0.430373 
vt 0.778494 0.436691 
vt 0.783822 0.436054 
vt 0.784227 0.430075 
vt 0.784227 0.479786 
vt 0.783976 0.473333 
vt 0.778639 0.476096 
vt 0.778797 0.477706 
vt 0.823755 0.195168 
vt 0.833258 0.195891 
vt 0.836993 0.218431 
vt 0.837039 0.207006 
vt 0.81939 0.206856 
vt 0.819615 0.217414 
vt 0.813895 0.271908 
vt 0.817603 0.291557 
vt 0.826299 0.307858 
vt 0.820946 0.301964 
vt 0.836798 0.297312 
vt 0.835325 0.298393 
vt 0.826399 0.307516 
vt 0.835218 0.298486 
vt 0.783595 0.46189 
vt 0.777754 0.463033 
vt 0.839463 0.274192 
vt 0.824075 0.235431 
vt 0.819246 0.233545 
vt 0.816766 0.250497 
vt 0.82379 0.254141 
vt 0.778289 0.445763 
vt 0.777935 0.455357 
vt 0.783584 0.45421 
vt 0.783758 0.444787 
vt 0.832807 0.234613 
vt 0.833199 0.252468 
vt 0.838519 0.252911 
vt 0.837144 0.235052 
vt 0.813887 0.262997 
vt 0.840891 0.266028 
vt 0.90691 0.127301 
vt 0.903168 0.133365 
vt 0.902582 0.118946 
vt 0.906497 0.11827 
vt 0.902507 0.0759184 
vt 0.902657 0.0839401 
vt 0.895225 0.0842842 
vt 0.895218 0.0762812 
vt 0.89205 0.118474 
vt 0.89595 0.119271 
vt 0.895429 0.13332 
vt 0.891723 0.127657 
vt 0.84362 0.409272 
vt 0.843619 0.41398 
vt 0.839554 0.41398 
vt 0.839553 0.409273 
vt 0.839553 0.404297 
vt 0.84362 0.404294 
vt 0.902983 0.110709 
vt 0.906676 0.113079 
vt 0.839554 0.401378 
vt 0.84362 0.401376 
vt 0.891747 0.113115 
vt 0.89535 0.110889 
vt 0.906523 0.102292 
vt 0.902624 0.101254 
vt 0.902564 0.0929636 
vt 0.906673 0.093272 
vt 0.843622 0.397875 
vt 0.839556 0.397874 
vt 0.839554 0.392942 
vt 0.84362 0.392944 
vt 0.89143 0.0935992 
vt 0.895451 0.0931544 
vt 0.89554 0.101444 
vt 0.891715 0.102491 
vt 0.906616 0.10873 
vt 0.891726 0.108771 
vt 0.90691 0.0838174 
vt 0.839553 0.387715 
vt 0.843621 0.387709 
vt 0.891078 0.0844033 
vt 0.768861 0.19125 
vt 0.77668 0.191705 
vt 0.776356 0.201873 
vt 0.76828 0.20141 
vt 0.764467 0.268181 
vt 0.773527 0.267868 
vt 0.772678 0.272208 
vt 0.766045 0.27607 
vt 0.765712 0.28446 
vt 0.773285 0.279571 
vt 0.77366 0.290018 
vt 0.765023 0.293009 
vt 0.802131 0.413335 
vt 0.805876 0.407967 
vt 0.805722 0.405232 
vt 0.801803 0.408289 
vt 0.781354 0.273801 
vt 0.780028 0.278567 
vt 0.762194 0.287786 
vt 0.758553 0.280235 
vt 0.805929 0.402807 
vt 0.801456 0.404939 
vt 0.781061 0.255293 
vt 0.773027 0.257103 
vt 0.780205 0.251519 
vt 0.76579 0.258214 
vt 0.758112 0.254961 
vt 0.759797 0.250535 
vt 0.801762 0.400632 
vt 0.806342 0.399557 
vt 0.806365 0.393781 
vt 0.801887 0.394436 
vt 0.779688 0.244849 
vt 0.773886 0.245667 
vt 0.77518 0.235032 
vt 0.780563 0.233208 
vt 0.766696 0.246003 
vt 0.767229 0.233956 
vt 0.761188 0.243341 
vt 0.762291 0.23077 
vt 0.776068 0.222453 
vt 0.767964 0.221332 
vt 0.781033 0.220562 
vt 0.781354 0.198567 
vt 0.801893 0.387634 
vt 0.806235 0.387062 
vt 0.805583 0.375336 
vt 0.801456 0.375898 
vt 0.763319 0.218583 
vt 0.763613 0.197796 
vt 0.764928 0.293257 
vt 0.80267 0.417092 
vt 0.806291 0.411275 
vt 0.778345 0.284429 
vt 0.866145 0.092154 
vt 0.866531 0.100389 
vt 0.858908 0.101376 
vt 0.858788 0.0930822 
vt 0.870707 0.124171 
vt 0.866836 0.123854 
vt 0.866461 0.112216 
vt 0.870558 0.112524 
vt 0.805816 0.364089 
vt 0.801752 0.364089 
vt 0.80175 0.357837 
vt 0.805815 0.357833 
vt 0.855591 0.113858 
vt 0.859552 0.112773 
vt 0.859799 0.124482 
vt 0.856058 0.125472 
vt 0.870942 0.130448 
vt 0.867274 0.133043 
vt 0.805818 0.367646 
vt 0.801752 0.367651 
vt 0.859871 0.133889 
vt 0.856119 0.131944 
vt 0.870942 0.102042 
vt 0.801748 0.352136 
vt 0.805818 0.35213 
vt 0.854703 0.103831 
vt 0.990177 0.234672 
vt 0.989746 0.225699 
vt 0.985848 0.226456 
vt 0.986572 0.240499 
vt 0.985726 0.183207 
vt 0.978455 0.183676 
vt 0.97852 0.191646 
vt 0.985929 0.19123 
vt 0.975283 0.225491 
vt 0.97496 0.234948 
vt 0.978776 0.240806 
vt 0.97922 0.226365 
vt 0.848075 0.409196 
vt 0.848078 0.404217 
vt 0.844011 0.404216 
vt 0.844011 0.409197 
vt 0.989968 0.22042 
vt 0.986289 0.217963 
vt 0.848077 0.401302 
vt 0.844011 0.4013 
vt 0.975042 0.220191 
vt 0.978688 0.21818 
vt 0.98983 0.20947 
vt 0.989969 0.200466 
vt 0.985895 0.200253 
vt 0.985951 0.20849 
vt 0.848077 0.397803 
vt 0.848078 0.392869 
vt 0.844012 0.392872 
vt 0.844011 0.397803 
vt 0.974747 0.200997 
vt 0.975042 0.209852 
vt 0.978886 0.208756 
vt 0.978791 0.200439 
vt 0.989924 0.215906 
vt 0.975052 0.216094 
vt 0.990177 0.190995 
vt 0.848078 0.38764 
vt 0.844012 0.387643 
vt 0.974359 0.191867 
vt 0.924306 0.413399 
vt 0.943049 0.398798 
vt 0.943763 0.405855 
vt 0.939025 0.386118 
vt 0.933448 0.375506 
vt 0.926392 0.368885 
vt 0.934405 0.4508 
vt 0.927664 0.456169 
vt 0.93745 0.444996 
vt 0.943198 0.426847 
vt 0.939705 0.439997 
vt 0.944555 0.413013 
vt 0.952344 0.403715 
vt 0.953255 0.413038 
vt 0.946081 0.377281 
vt 0.951277 0.394472 
vt 0.938498 0.362028 
vt 0.930197 0.351077 
vt 0.941043 0.465057 
vt 0.931315 0.473172 
vt 0.943885 0.456308 
vt 0.95158 0.431801 
vt 0.946979 0.449422 
vt 0.957695 0.402782 
vt 0.958468 0.413421 
vt 0.950352 0.373252 
vt 0.95616 0.392638 
vt 0.942036 0.355196 
vt 0.933071 0.341802 
vt 0.947869 0.461004 
vt 0.95626 0.434189 
vt 0.951333 0.4544 
vt 0.971915 0.396736 
vt 0.974457 0.409457 
vt 0.96609 0.411377 
vt 0.96446 0.400593 
vt 0.959539 0.365952 
vt 0.967382 0.353173 
vt 0.97196 0.382847 
vt 0.96389 0.38933 
vt 0.951052 0.342183 
vt 0.959008 0.363527 
vt 0.94223 0.323856 
vt 0.952582 0.310515 
vt 0.962212 0.328973 
vt 0.950299 0.340126 
vt 0.971952 0.441585 
vt 0.964086 0.437691 
vt 0.988186 0.44538 
vt 0.980826 0.44215 
vt 0.982338 0.418049 
vt 0.988536 0.424316 
vt 0.95512 0.457896 
vt 0.953264 0.456303 
vt 0.949545 0.462838 
vt 0.948681 0.461893 
vt 0.970029 0.349246 
vt 0.97383 0.374986 
vt 0.96599 0.324013 
vt 0.957041 0.304842 
vt 0.976315 0.441575 
vt 0.97834 0.414269 
vt 0.97363 0.343697 
vt 0.975601 0.365829 
vt 0.971679 0.317281 
vt 0.961293 0.297433 
vt 0.923414 0.415384 
vt 0.902325 0.415596 
vt 0.90305 0.408629 
vt 0.903796 0.401537 
vt 0.907701 0.388824 
vt 0.913506 0.377549 
vt 0.920749 0.37035 
vt 0.920389 0.458946 
vt 0.913489 0.453852 
vt 0.910144 0.447712 
vt 0.90721 0.443111 
vt 0.903754 0.428953 
vt 0.892944 0.416308 
vt 0.893901 0.40677 
vt 0.894995 0.397435 
vt 0.900343 0.380769 
vt 0.908006 0.365058 
vt 0.917049 0.352532 
vt 0.916617 0.476659 
vt 0.907224 0.467409 
vt 0.90316 0.459025 
vt 0.899803 0.452594 
vt 0.894899 0.434523 
vt 0.888026 0.416662 
vt 0.888874 0.405924 
vt 0.890345 0.395638 
vt 0.895962 0.376554 
vt 0.904386 0.358608 
vt 0.904965 0.357591 
vt 0.912782 0.344091 
vt 0.8992 0.464133 
vt 0.895729 0.4566 
vt 0.889904 0.437447 
vt 0.875064 0.399922 
vt 0.881513 0.403931 
vt 0.879883 0.414959 
vt 0.87253 0.412567 
vt 0.886791 0.369444 
vt 0.882034 0.392592 
vt 0.875005 0.386594 
vt 0.878743 0.359121 
vt 0.894854 0.348719 
vt 0.886108 0.338171 
vt 0.904254 0.326501 
vt 0.89606 0.346041 
vt 0.887534 0.335131 
vt 0.893956 0.313602 
vt 0.874992 0.444843 
vt 0.882479 0.440414 
vt 0.85867 0.449952 
vt 0.85833 0.428393 
vt 0.864925 0.421841 
vt 0.866153 0.445927 
vt 0.893791 0.458355 
vt 0.891825 0.460199 
vt 0.897662 0.465902 
vt 0.898425 0.465032 
vt 0.873377 0.377717 
vt 0.876238 0.354605 
vt 0.881165 0.328266 
vt 0.884342 0.3272 
vt 0.889512 0.312289 
vt 0.870804 0.444284 
vt 0.868617 0.417495 
vt 0.870727 0.366937 
vt 0.873205 0.347297 
vt 0.877419 0.32481 
vt 0.888891 0.307428 
vt 0.883595 0.303724 
vt 0.984686 0.409424 
vt 0.99022 0.414761 
vt 0.979666 0.368994 
vt 0.97808 0.37711 
vt 0.977878 0.343443 
vt 0.979748 0.362568 
vt 0.976848 0.322481 
vt 0.973028 0.312227 
vt 0.964754 0.290534 
vt 0.974637 0.302957 
vt 0.980317 0.452549 
vt 0.976729 0.451713 
vt 0.986573 0.454521 
vt 0.993661 0.426191 
vt 0.993291 0.444609 
vt 0.97316 0.451432 
vt 0.958325 0.464729 
vt 0.953071 0.471206 
vt 0.943686 0.472145 
vt 0.978399 0.402906 
vt 0.981442 0.406259 
vt 0.976336 0.394453 
vt 0.976663 0.383938 
vt 0.856504 0.418314 
vt 0.862625 0.413128 
vt 0.868865 0.379557 
vt 0.86747 0.371305 
vt 0.869733 0.363768 
vt 0.86618 0.357342 
vt 0.869552 0.342348 
vt 0.8738 0.321819 
vt 0.878571 0.302521 
vt 0.870442 0.454937 
vt 0.86666 0.456424 
vt 0.860416 0.458828 
vt 0.853174 0.449567 
vt 0.852909 0.43013 
vt 0.888588 0.467942 
vt 0.873846 0.454942 
vt 0.894318 0.474719 
vt 0.905306 0.472949 
vt 0.865733 0.409552 
vt 0.868565 0.405761 
vt 0.870634 0.396954 
vt 0.870673 0.38632 
vt 0.934184 0.480165 
vt 0.913702 0.483269 
vt 0.913317 0.343185 
vt 0.894777 0.309669 
vt 0.905183 0.324043 
vt 0.964976 0.351425 
vt 0.96082 0.3353 
vt 0.800298 0.3695 
vt 0.799218 0.358888 
vt 0.80059 0.358449 
vt 0.977266 0.317523 
vt 0.866515 0.368095 
vt 0.858794 0.372077 
vt 0.779324 0.326123 
vt 0.780757 0.331138 
vt 0.780447 0.346222 
vt 0.77907 0.342594 
vt 0.789847 0.342974 
vt 0.791923 0.343311 
vt 0.786846 0.353669 
vt 0.785417 0.353305 
vt 0.796093 0.349168 
vt 0.789682 0.357149 
vt 0.791641 0.363747 
vt 0.792206 0.371094 
vt 0.772751 0.333121 
vt 0.773829 0.329954 
vt 0.774539 0.34513 
vt 0.773733 0.347207 
vt 0.775059 0.324647 
vt 0.775611 0.341472 
vt 0.76601 0.346436 
vt 0.771686 0.336275 
vt 0.772935 0.349324 
vt 0.76943 0.355936 
vt 0.764357 0.35068 
vt 0.768398 0.35885 
vt 0.762524 0.358405 
vt 0.767125 0.364034 
vt 0.781717 0.334409 
vt 0.782678 0.337769 
vt 0.781823 0.350411 
vt 0.781179 0.34839 
vt 0.784938 0.3418 
vt 0.78274 0.352609 
vt 0.788031 0.343646 
vt 0.784206 0.353563 
vt 0.780916 0.411676 
vt 0.779537 0.416862 
vt 0.779435 0.400731 
vt 0.780707 0.396983 
vt 0.791797 0.398919 
vt 0.790056 0.397883 
vt 0.785451 0.389258 
vt 0.786931 0.389844 
vt 0.796091 0.392965 
vt 0.789578 0.385936 
vt 0.799169 0.383198 
vt 0.791372 0.379237 
vt 0.799973 0.372731 
vt 0.791884 0.371615 
vt 0.77392 0.413194 
vt 0.772963 0.410088 
vt 0.773956 0.396075 
vt 0.774975 0.398127 
vt 0.775177 0.418722 
vt 0.776307 0.401738 
vt 0.772011 0.407048 
vt 0.766168 0.397163 
vt 0.769478 0.387581 
vt 0.772973 0.3941 
vt 0.764366 0.393077 
vt 0.768433 0.384449 
vt 0.761765 0.384119 
vt 0.766532 0.378586 
vt 0.782682 0.40564 
vt 0.781793 0.408678 
vt 0.78141 0.394866 
vt 0.782016 0.393021 
vt 0.784813 0.401845 
vt 0.782843 0.391042 
vt 0.787932 0.399583 
vt 0.78431 0.390248 
vt 0.760469 0.368237 
vt 0.765951 0.371122 
vt 0.759964 0.37386 
vt 0.765959 0.371615 
vt 0.77893 0.37112 
vt 0.778929 0.37112 
vt 0.778929 0.371121 
vt 0.778929 0.371121 
vt 0.778929 0.371122 
vt 0.778938 0.372121 
vt 0.778938 0.372122 
vt 0.778939 0.372123 
vt 0.778939 0.372123 
vt 0.778939 0.372123 
vt 0.778939 0.372123 
vt 0.778939 0.372123 
vt 0.778939 0.372123 
vt 0.778939 0.372123 
vt 0.778939 0.372123 
vt 0.77894 0.372123 
vt 0.77894 0.372123 
vt 0.77894 0.372123 
vt 0.77894 0.372123 
vt 0.77894 0.372123 
vt 0.77894 0.372123 
vt 0.77894 0.372123 
vt 0.77894 0.372122 
vt 0.77894 0.372121 
vt 0.77893 0.371122 
vt 0.77893 0.371121 
vt 0.77893 0.371121 
vt 0.77893 0.371121 
vt 0.77893 0.371121 
vt 0.77893 0.37112 
vt 0.77893 0.37112 
vt 0.77893 0.37112 
vt 0.77893 0.37112 
vt 0.77893 0.37112 
vt 0.77893 0.37112 
vt 0.77893 0.37112 
vt 0.77893 0.37112 
vt 0.77893 0.37112 
vt 0.983941 0.0878701 
vt 0.988059 0.0903541 
vt 0.988264 0.102145 
vt 0.983567 0.0999559 
vt 0.988255 0.109452 
vt 0.98292 0.107631 
vt 0.82627 0.384472 
vt 0.826308 0.39059 
vt 0.823907 0.391542 
vt 0.824148 0.385538 
vt 0.826616 0.394501 
vt 0.823907 0.395287 
vt 0.984484 0.0841291 
vt 0.988604 0.0866125 
vt 0.990037 0.090272 
vt 0.990233 0.102144 
vt 0.981593 0.0997042 
vt 0.981962 0.0875861 
vt 0.990233 0.109522 
vt 0.980939 0.107418 
vt 0.983941 0.0878701 
vt 0.983567 0.0999559 
vt 0.988264 0.102145 
vt 0.988059 0.0903541 
vt 0.98292 0.107631 
vt 0.988255 0.109452 
vt 0.82627 0.384472 
vt 0.824148 0.385538 
vt 0.823907 0.391542 
vt 0.826308 0.39059 
vt 0.823907 0.395287 
vt 0.826616 0.394501 
vt 0.984484 0.0841291 
vt 0.988604 0.0866125 
vt 0.990037 0.090272 
vt 0.990233 0.102144 
vt 0.981593 0.0997042 
vt 0.981962 0.0875861 
vt 0.990233 0.109522 
vt 0.980939 0.107418 

usemtl Handle1Mtl

f 1/1/1 2/2/2 3/3/3 
f 1/1/1 3/3/3 4/4/4 
f 3/3/3 2/2/2 5/5/5 
f 3/3/3 5/5/5 6/6/6 
f 7/7/7 8/8/8 9/9/9 
f 7/7/7 9/9/9 10/10/10 
f 11/11/11 12/12/12 13/13/13 
f 11/11/11 13/13/13 14/14/14 
f 15/15/15 16/16/16 12/12/12 
f 15/15/15 12/12/12 11/11/11 
f 17/17/17 18/18/18 19/19/19 
f 17/17/17 19/19/19 20/20/20 
f 19/19/19 21/21/21 22/22/22 
f 19/19/19 22/22/22 20/20/20 
f 23/23/23 24/24/24 25/25/25 
f 23/23/23 25/25/25 26/26/26 
f 27/27/27 28/28/28 29/29/29 
f 27/27/27 29/29/29 30/30/30 
f 31/31/31 27/27/27 30/30/30 
f 31/31/31 30/30/30 32/32/32 
f 33/33/33 34/34/34 2/2/2 
f 33/33/33 2/2/2 1/1/1 
f 35/35/35 36/36/36 4/4/4 
f 35/35/35 4/4/4 3/3/3 
f 37/37/37 38/38/38 1/1/1 
f 37/37/37 1/1/1 4/4/4 
f 34/34/34 39/39/39 5/5/5 
f 34/34/34 5/5/5 2/2/2 
f 40/40/40 35/35/35 3/3/3 
f 40/40/40 3/3/3 6/6/6 
f 41/41/41 42/42/42 9/9/9 
f 41/41/41 9/9/9 8/8/8 
f 43/43/43 44/44/44 7/7/7 
f 43/43/43 7/7/7 10/10/10 
f 45/45/45 46/46/46 13/13/13 
f 45/45/45 13/13/13 12/12/12 
f 47/47/47 48/48/48 11/11/11 
f 47/47/47 11/11/11 14/14/14 
f 49/49/49 45/45/45 12/12/12 
f 49/49/49 12/12/12 16/16/16 
f 48/48/48 50/50/50 15/15/15 
f 48/48/48 15/15/15 11/11/11 
f 51/51/51 52/52/52 16/16/16 
f 51/51/51 16/16/16 15/15/15 
f 46/46/46 43/43/43 10/10/10 
f 46/46/46 10/10/10 13/13/13 
f 25/25/25 24/24/24 29/29/29 
f 25/25/25 29/29/29 28/28/28 
f 9/9/9 42/42/42 47/47/47 
f 9/9/9 47/47/47 14/14/14 
f 10/10/10 9/9/9 14/14/14 
f 10/10/10 14/14/14 13/13/13 
f 53/53/53 40/40/40 6/6/6 
f 53/53/53 6/6/6 7/7/7 
f 22/22/22 21/21/21 23/23/23 
f 22/22/22 23/23/23 26/26/26 
f 5/5/5 39/39/39 54/54/54 
f 5/5/5 54/54/54 8/8/8 
f 6/6/6 5/5/5 8/8/8 
f 6/6/6 8/8/8 7/7/7 
f 55/55/55 56/56/56 57/57/57 
f 55/55/55 57/57/57 58/58/58 
f 59/59/59 60/60/60 61/61/61 
f 59/59/59 61/61/61 62/62/62 
f 63/63/63 64/64/64 65/65/65 
f 63/63/63 65/65/65 66/66/66 
f 67/67/67 68/68/68 69/69/69 
f 67/67/67 69/69/69 70/70/70 
f 71/71/71 67/67/67 70/70/70 
f 71/71/71 70/70/70 72/72/72 
f 73/73/73 74/74/74 75/75/75 
f 73/73/73 75/75/75 76/76/76 
f 77/77/77 78/78/78 79/79/79 
f 77/77/77 79/79/79 80/80/80 
f 81/81/81 82/82/82 83/83/83 
f 81/81/81 83/83/83 84/84/84 
f 85/85/85 86/86/86 87/87/87 
f 85/85/85 87/87/87 88/88/88 
f 89/89/89 90/90/90 86/86/86 
f 89/89/89 86/86/86 85/85/85 
f 91/91/91 92/92/92 55/55/55 
f 91/91/91 55/55/55 93/93/93 
f 94/94/94 95/95/95 96/96/96 
f 94/94/94 96/96/96 58/58/58 
f 97/97/97 98/98/98 60/60/60 
f 97/97/97 60/60/60 59/59/59 
f 99/99/99 100/100/100 62/62/62 
f 99/99/99 62/62/62 61/61/61 
f 101/101/101 102/102/102 64/64/64 
f 101/101/101 64/64/64 63/63/63 
f 103/103/103 104/104/104 66/66/66 
f 103/103/103 66/66/66 65/65/65 
f 105/105/105 106/106/106 68/68/68 
f 105/105/105 68/68/68 67/67/67 
f 107/107/107 108/108/108 70/70/70 
f 107/107/107 70/70/70 69/69/69 
f 109/109/109 105/105/105 67/67/67 
f 109/109/109 67/67/67 71/71/71 
f 108/108/108 110/110/110 72/72/72 
f 108/108/108 72/72/72 70/70/70 
f 111/111/111 112/112/112 71/71/71 
f 111/111/111 71/71/71 72/72/72 
f 93/93/93 55/55/55 58/58/58 
f 93/93/93 58/58/58 96/96/96 
f 95/95/95 99/99/99 61/61/61 
f 95/95/95 61/61/61 96/96/96 
f 80/80/80 79/79/79 74/74/74 
f 80/80/80 74/74/74 73/73/73 
f 60/60/60 98/98/98 91/91/91 
f 60/60/60 91/91/91 93/93/93 
f 61/61/61 60/60/60 93/93/93 
f 61/61/61 93/93/93 96/96/96 
f 113/113/113 103/103/103 65/65/65 
f 113/113/113 65/65/65 62/62/62 
f 84/84/84 83/83/83 78/78/78 
f 84/84/84 78/78/78 77/77/77 
f 64/64/64 102/102/102 114/114/114 
f 64/64/64 114/114/114 59/59/59 
f 65/65/65 64/64/64 59/59/59 
f 65/65/65 59/59/59 62/62/62 
f 104/104/104 107/107/107 69/69/69 
f 104/104/104 69/69/69 66/66/66 
f 88/88/88 87/87/87 82/82/82 
f 88/88/88 82/82/82 81/81/81 
f 68/68/68 106/106/106 101/101/101 
f 68/68/68 101/101/101 63/63/63 
f 69/69/69 68/68/68 63/63/63 
f 69/69/69 63/63/63 66/66/66 
f 115/115/115 116/116/116 117/117/117 
f 115/115/115 117/117/117 118/118/118 
f 119/119/119 120/120/120 121/121/121 
f 119/119/119 121/121/121 122/122/122 
f 123/123/123 124/124/124 122/122/122 
f 123/123/123 122/122/122 121/121/121 
f 125/125/125 126/126/126 127/127/127 
f 125/125/125 127/127/127 128/128/128 
f 129/129/129 130/130/130 131/131/131 
f 129/129/129 131/131/131 132/132/132 
f 133/133/133 134/134/134 135/135/135 
f 133/133/133 135/135/135 136/136/136 
f 134/134/134 137/137/137 138/138/138 
f 134/134/134 138/138/138 135/135/135 
f 139/139/139 138/138/138 137/137/137 
f 139/139/139 137/137/137 140/140/140 
f 141/141/141 142/142/142 143/143/143 
f 141/141/141 143/143/143 144/144/144 
f 145/145/145 146/146/146 147/147/147 
f 145/145/145 147/147/147 148/148/148 
f 149/149/149 150/150/150 120/120/120 
f 149/149/149 120/120/120 117/117/117 
f 151/151/151 152/152/152 118/118/118 
f 151/151/151 118/118/118 119/119/119 
f 150/150/150 153/153/153 121/121/121 
f 150/150/150 121/121/121 120/120/120 
f 154/154/154 151/151/151 119/119/119 
f 154/154/154 119/119/119 122/122/122 
f 155/155/155 154/154/154 122/122/122 
f 155/155/155 122/122/122 124/124/124 
f 153/153/153 156/156/156 123/123/123 
f 153/153/153 123/123/123 121/121/121 
f 157/157/157 158/158/158 127/127/127 
f 157/157/157 127/127/127 126/126/126 
f 159/159/159 160/160/160 125/125/125 
f 159/159/159 125/125/125 128/128/128 
f 161/161/161 162/162/162 130/130/130 
f 161/161/161 130/130/130 129/129/129 
f 163/163/163 164/164/164 132/132/132 
f 163/163/163 132/132/132 131/131/131 
f 165/165/165 166/166/166 129/129/129 
f 165/165/165 129/129/129 132/132/132 
f 118/118/118 117/117/117 120/120/120 
f 118/118/118 120/120/120 119/119/119 
f 167/167/167 168/168/168 169/169/169 
f 167/167/167 169/169/169 170/170/170 
f 171/171/171 172/172/172 173/173/173 
f 171/171/171 173/173/173 174/174/174 
f 175/175/175 176/176/176 177/177/177 
f 175/175/175 177/177/177 178/178/178 
f 169/169/169 175/175/175 178/178/178 
f 169/169/169 178/178/178 170/170/170 
f 177/177/177 157/157/157 126/126/126 
f 177/177/177 126/126/126 178/178/178 
f 173/173/173 141/141/141 144/144/144 
f 173/173/173 144/144/144 174/174/174 
f 125/125/125 160/160/160 167/167/167 
f 125/125/125 167/167/167 170/170/170 
f 170/170/170 178/178/178 126/126/126 
f 170/170/170 126/126/126 125/125/125 
f 158/158/158 155/155/155 124/124/124 
f 158/158/158 124/124/124 127/127/127 
f 142/142/142 139/139/139 140/140/140 
f 142/142/142 140/140/140 143/143/143 
f 123/123/123 156/156/156 159/159/159 
f 123/123/123 159/159/159 128/128/128 
f 128/128/128 127/127/127 124/124/124 
f 128/128/128 124/124/124 123/123/123 
f 168/168/168 163/163/163 131/131/131 
f 168/168/168 131/131/131 169/169/169 
f 148/148/148 147/147/147 172/172/172 
f 148/148/148 172/172/172 171/171/171 
f 130/130/130 162/162/162 176/176/176 
f 130/130/130 176/176/176 175/175/175 
f 131/131/131 130/130/130 175/175/175 
f 131/131/131 175/175/175 169/169/169 
f 179/179/179 180/180/180 181/181/181 
f 179/179/179 181/181/181 182/182/182 
f 183/183/183 184/184/184 185/185/185 
f 183/183/183 185/185/185 186/186/186 
f 187/187/187 188/188/188 189/189/189 
f 187/187/187 189/189/189 190/190/190 
f 191/191/191 192/192/192 193/193/193 
f 191/191/191 193/193/193 194/194/194 
f 195/195/195 196/196/196 179/179/179 
f 195/195/195 179/179/179 182/182/182 
f 197/197/197 198/198/198 199/199/199 
f 197/197/197 199/199/199 200/200/200 
f 201/201/201 202/202/202 203/203/203 
f 201/201/201 203/203/203 204/204/204 
f 199/199/199 205/205/205 206/206/206 
f 199/199/199 206/206/206 200/200/200 
f 207/207/207 208/208/208 209/209/209 
f 207/207/207 209/209/209 210/210/210 
f 211/211/211 198/198/198 197/197/197 
f 211/211/211 197/197/197 212/212/212 
f 213/213/213 214/214/214 180/180/180 
f 213/213/213 180/180/180 179/179/179 
f 215/215/215 216/216/216 182/182/182 
f 215/215/215 182/182/182 181/181/181 
f 217/217/217 218/218/218 184/184/184 
f 217/217/217 184/184/184 183/183/183 
f 219/219/219 220/220/220 186/186/186 
f 219/219/219 186/186/186 185/185/185 
f 214/214/214 221/221/221 188/188/188 
f 214/214/214 188/188/188 180/180/180 
f 222/222/222 215/215/215 181/181/181 
f 222/222/222 181/181/181 187/187/187 
f 223/223/223 224/224/224 192/192/192 
f 223/223/223 192/192/192 191/191/191 
f 225/225/225 226/226/226 194/194/194 
f 225/225/225 194/194/194 193/193/193 
f 227/227/227 228/228/228 191/191/191 
f 227/227/227 191/191/191 194/194/194 
f 229/229/229 213/213/213 179/179/179 
f 229/229/229 179/179/179 196/196/196 
f 216/216/216 230/230/230 195/195/195 
f 216/216/216 195/195/195 182/182/182 
f 181/181/181 180/180/180 188/188/188 
f 181/181/181 188/188/188 187/187/187 
f 185/185/185 184/184/184 196/196/196 
f 185/185/185 196/196/196 195/195/195 
f 218/218/218 229/229/229 196/196/196 
f 218/218/218 196/196/196 184/184/184 
f 203/203/203 211/211/211 212/212/212 
f 203/203/203 212/212/212 204/204/204 
f 195/195/195 230/230/230 219/219/219 
f 195/195/195 219/219/219 185/185/185 
f 192/192/192 183/183/183 186/186/186 
f 192/192/192 186/186/186 193/193/193 
f 224/224/224 217/217/217 183/183/183 
f 224/224/224 183/183/183 192/192/192 
f 210/210/210 209/209/209 202/202/202 
f 210/210/210 202/202/202 201/201/201 
f 186/186/186 220/220/220 225/225/225 
f 186/186/186 225/225/225 193/193/193 
f 231/231/231 232/232/232 233/233/233 
f 231/231/231 233/233/233 234/234/234 
f 235/235/235 236/236/236 232/232/232 
f 235/235/235 232/232/232 231/231/231 
f 237/237/237 238/238/238 236/236/236 
f 237/237/237 236/236/236 235/235/235 
f 239/239/239 240/240/240 241/241/241 
f 239/239/239 241/241/241 242/242/242 
f 243/243/243 244/244/244 245/245/245 
f 243/243/243 245/245/245 246/246/246 
f 247/247/247 248/248/248 249/249/249 
f 247/247/247 249/249/249 250/250/250 
f 251/251/251 247/247/247 250/250/250 
f 251/251/251 250/250/250 252/252/252 
f 253/253/253 254/254/254 251/251/251 
f 253/253/253 251/251/251 252/252/252 
f 255/255/255 256/256/256 257/257/257 
f 255/255/255 257/257/257 258/258/258 
f 259/259/259 260/260/260 261/261/261 
f 259/259/259 261/261/261 262/262/262 
f 263/263/263 264/264/264 233/233/233 
f 263/263/263 233/233/233 232/232/232 
f 265/265/265 266/266/266 234/234/234 
f 265/265/265 234/234/234 233/233/233 
f 267/267/267 268/268/268 231/231/231 
f 267/267/267 231/231/231 234/234/234 
f 269/269/269 263/263/263 232/232/232 
f 269/269/269 232/232/232 236/236/236 
f 268/268/268 270/270/270 235/235/235 
f 268/268/268 235/235/235 231/231/231 
f 271/271/271 269/269/269 236/236/236 
f 271/271/271 236/236/236 238/238/238 
f 270/270/270 272/272/272 237/237/237 
f 270/270/270 237/237/237 235/235/235 
f 273/273/273 274/274/274 241/241/241 
f 273/273/273 241/241/241 240/240/240 
f 275/275/275 276/276/276 239/239/239 
f 275/275/275 239/239/239 242/242/242 
f 277/277/277 278/278/278 244/244/244 
f 277/277/277 244/244/244 243/243/243 
f 279/279/279 280/280/280 246/246/246 
f 279/279/279 246/246/246 245/245/245 
f 281/281/281 243/243/243 246/246/246 
f 281/281/281 246/246/246 282/282/282 
f 278/278/278 273/273/273 240/240/240 
f 278/278/278 240/240/240 244/244/244 
f 261/261/261 255/255/255 258/258/258 
f 261/261/261 258/258/258 262/262/262 
f 239/239/239 276/276/276 279/279/279 
f 239/239/239 279/279/279 245/245/245 
f 245/245/245 244/244/244 240/240/240 
f 245/245/245 240/240/240 239/239/239 
f 283/283/283 271/271/271 238/238/238 
f 283/283/283 238/238/238 241/241/241 
f 257/257/257 256/256/256 254/254/254 
f 257/257/257 254/254/254 253/253/253 
f 237/237/237 272/272/272 284/284/284 
f 237/237/237 284/284/284 242/242/242 
f 241/241/241 238/238/238 237/237/237 
f 241/241/241 237/237/237 242/242/242 
f 285/285/285 286/286/286 287/287/287 
f 285/285/285 287/287/287 288/288/288 
f 289/289/289 290/290/290 286/286/286 
f 289/289/289 286/286/286 285/285/285 
f 291/291/291 290/290/290 289/289/289 
f 291/291/291 289/289/289 292/292/292 
f 293/293/293 294/294/294 291/291/291 
f 293/293/293 291/291/291 292/292/292 
f 295/295/295 296/296/296 297/297/297 
f 295/295/295 297/297/297 298/298/298 
f 299/299/299 300/300/300 301/301/301 
f 299/299/299 301/301/301 302/302/302 
f 303/303/303 299/299/299 302/302/302 
f 303/303/303 302/302/302 304/304/304 
f 305/305/305 306/306/306 303/303/303 
f 305/305/305 303/303/303 304/304/304 
f 307/307/307 306/306/306 305/305/305 
f 307/307/307 305/305/305 308/308/308 
f 309/309/309 310/310/310 311/311/311 
f 309/309/309 311/311/311 312/312/312 
f 313/313/313 314/314/314 287/287/287 
f 313/313/313 287/287/287 286/286/286 
f 315/315/315 316/316/316 288/288/288 
f 315/315/315 288/288/288 287/287/287 
f 317/317/317 318/318/318 285/285/285 
f 317/317/317 285/285/285 288/288/288 
f 319/319/319 313/313/313 286/286/286 
f 319/319/319 286/286/286 290/290/290 
f 318/318/318 320/320/320 289/289/289 
f 318/318/318 289/289/289 285/285/285 
f 321/321/321 322/322/322 290/290/290 
f 321/321/321 290/290/290 291/291/291 
f 323/323/323 324/324/324 292/292/292 
f 323/323/323 292/292/292 289/289/289 
f 325/325/325 321/321/321 291/291/291 
f 325/325/325 291/291/291 294/294/294 
f 324/324/324 326/326/326 293/293/293 
f 324/324/324 293/293/293 292/292/292 
f 327/327/327 328/328/328 296/296/296 
f 327/327/327 296/296/296 295/295/295 
f 329/329/329 330/330/330 298/298/298 
f 329/329/329 298/298/298 297/297/297 
f 331/331/331 295/295/295 298/298/298 
f 331/331/331 298/298/298 332/332/332 
f 297/297/297 296/296/296 294/294/294 
f 297/297/297 294/294/294 293/293/293 
f 328/328/328 325/325/325 294/294/294 
f 328/328/328 294/294/294 296/296/296 
f 311/311/311 307/307/307 308/308/308 
f 311/311/311 308/308/308 312/312/312 
f 293/293/293 326/326/326 329/329/329 
f 293/293/293 329/329/329 297/297/297 
f 333/333/333 334/334/334 335/335/335 
f 333/333/333 335/335/335 336/336/336 
f 337/337/337 338/338/338 339/339/339 
f 337/337/337 339/339/339 340/340/340 
f 336/336/336 335/335/335 341/341/341 
f 336/336/336 341/341/341 342/342/342 
f 343/343/343 344/344/344 340/340/340 
f 343/343/343 340/340/340 339/339/339 
f 345/345/345 346/346/346 347/347/347 
f 345/345/345 347/347/347 348/348/348 
f 349/349/349 350/350/350 351/351/351 
f 349/349/349 351/351/351 352/352/352 
f 346/346/346 353/353/353 354/354/354 
f 346/346/346 354/354/354 347/347/347 
f 355/355/355 351/351/351 350/350/350 
f 355/355/355 350/350/350 356/356/356 
f 357/357/357 358/358/358 335/335/335 
f 357/357/357 335/335/335 334/334/334 
f 359/359/359 360/360/360 333/333/333 
f 359/359/359 333/333/333 336/336/336 
f 361/361/361 362/362/362 339/339/339 
f 361/361/361 339/339/339 338/338/338 
f 363/363/363 364/364/364 337/337/337 
f 363/363/363 337/337/337 340/340/340 
f 358/358/358 365/365/365 341/341/341 
f 358/358/358 341/341/341 335/335/335 
f 366/366/366 367/367/367 342/342/342 
f 366/366/366 342/342/342 341/341/341 
f 368/368/368 359/359/359 336/336/336 
f 368/368/368 336/336/336 342/342/342 
f 369/369/369 363/363/363 340/340/340 
f 369/369/369 340/340/340 344/344/344 
f 362/362/362 370/370/370 343/343/343 
f 362/362/362 343/343/343 339/339/339 
f 371/371/371 372/372/372 373/373/373 
f 371/371/371 373/373/373 374/374/374 
f 375/375/375 361/361/361 338/338/338 
f 375/375/375 338/338/338 373/373/373 
f 376/376/376 349/349/349 352/352/352 
f 376/376/376 352/352/352 377/377/377 
f 337/337/337 364/364/364 378/378/378 
f 337/337/337 378/378/378 374/374/374 
f 374/374/374 373/373/373 338/338/338 
f 374/374/374 338/338/338 337/337/337 
f 334/334/334 333/333/333 344/344/344 
f 334/334/334 344/344/344 343/343/343 
f 360/360/360 379/379/379 344/344/344 
f 360/360/360 344/344/344 333/333/333 
f 348/348/348 355/355/355 356/356/356 
f 348/348/348 356/356/356 345/345/345 
f 343/343/343 380/380/380 357/357/357 
f 343/343/343 357/357/357 334/334/334 
f 381/381/381 382/382/382 383/383/383 
f 381/381/381 383/383/383 384/384/384 
f 382/382/382 385/385/385 386/386/386 
f 382/382/382 386/386/386 383/383/383 
f 387/387/387 388/388/388 389/389/389 
f 387/387/387 389/389/389 390/390/390 
f 386/386/386 385/385/385 387/387/387 
f 386/386/386 387/387/387 390/390/390 
f 391/391/391 392/392/392 393/393/393 
f 391/391/391 393/393/393 394/394/394 
f 394/394/394 393/393/393 395/395/395 
f 394/394/394 395/395/395 396/396/396 
f 397/397/397 398/398/398 399/399/399 
f 397/397/397 399/399/399 400/400/400 
f 395/395/395 398/398/398 397/397/397 
f 395/395/395 397/397/397 396/396/396 
f 401/401/401 402/402/402 382/382/382 
f 401/401/401 382/382/382 381/381/381 
f 403/403/403 404/404/404 384/384/384 
f 403/403/403 384/384/384 383/383/383 
f 405/405/405 406/406/406 381/381/381 
f 405/405/405 381/381/381 384/384/384 
f 402/402/402 407/407/407 385/385/385 
f 402/402/402 385/385/385 382/382/382 
f 408/408/408 403/403/403 383/383/383 
f 408/408/408 383/383/383 386/386/386 
f 409/409/409 410/410/410 387/387/387 
f 411/411/411 412/412/412 390/390/390 
f 413/413/413 409/409/409 387/387/387 
f 413/413/413 387/387/387 385/385/385 
f 412/412/412 414/414/414 386/386/386 
f 412/412/412 386/386/386 390/390/390 
f 415/415/415 416/416/416 417/417/417 
f 415/415/415 417/417/417 418/418/418 
f 419/419/419 420/420/420 421/421/421 
f 419/419/419 421/421/421 422/422/422 
f 423/423/423 424/424/424 425/425/425 
f 423/423/423 425/425/425 426/426/426 
f 427/427/427 428/428/428 429/429/429 
f 427/427/427 429/429/429 430/430/430 
f 431/431/431 432/432/432 433/433/433 
f 431/431/431 433/433/433 434/434/434 
f 435/435/435 436/436/436 437/437/437 
f 435/435/435 437/437/437 438/438/438 
f 439/439/439 440/440/440 441/441/441 
f 439/439/439 441/441/441 442/442/442 
f 443/443/443 444/444/444 445/445/445 
f 443/443/443 445/445/445 446/446/446 
f 415/415/415 418/418/418 447/447/447 
f 415/415/415 447/447/447 448/448/448 
f 449/449/449 416/416/416 415/415/415 
f 449/449/449 415/415/415 450/450/450 
f 416/416/416 451/451/451 452/452/452 
f 416/416/416 452/452/452 417/417/417 
f 453/453/453 422/422/422 421/421/421 
f 453/453/453 421/421/421 454/454/454 
f 455/455/455 420/420/420 419/419/419 
f 455/455/455 419/419/419 456/456/456 
f 457/457/457 426/426/426 425/425/425 
f 457/457/457 425/425/425 458/458/458 
f 459/459/459 424/424/424 423/423/423 
f 459/459/459 423/423/423 460/460/460 
f 461/461/461 430/430/430 429/429/429 
f 461/461/461 429/429/429 462/462/462 
f 463/463/463 428/428/428 427/427/427 
f 463/463/463 427/427/427 464/464/464 
f 465/465/465 427/427/427 430/430/430 
f 465/465/465 430/430/430 466/466/466 
f 462/462/462 429/429/429 426/426/426 
f 462/462/462 426/426/426 467/467/467 
f 446/446/446 445/445/445 440/440/440 
f 446/446/446 440/440/440 439/439/439 
f 423/423/423 428/428/428 463/463/463 
f 423/423/423 463/463/463 468/468/468 
f 428/428/428 423/423/423 426/426/426 
f 428/428/428 426/426/426 429/429/429 
f 458/458/458 425/425/425 420/420/420 
f 458/458/458 420/420/420 455/455/455 
f 437/437/437 442/442/442 441/441/441 
f 437/437/437 441/441/441 438/438/438 
f 421/421/421 424/424/424 459/459/459 
f 421/421/421 459/459/459 454/454/454 
f 420/420/420 425/425/425 424/424/424 
f 420/420/420 424/424/424 421/421/421 
f 417/417/417 452/452/452 456/456/456 
f 417/417/417 456/456/456 419/419/419 
f 432/432/432 436/436/436 435/435/435 
f 432/432/432 435/435/435 433/433/433 
f 418/418/418 422/422/422 453/453/453 
f 418/418/418 453/453/453 447/447/447 
f 417/417/417 419/419/419 422/422/422 
f 417/417/417 422/422/422 418/418/418 
f 469/469/469 470/470/470 471/471/471 
f 469/469/469 471/471/471 472/472/472 
f 473/473/473 474/474/474 475/475/475 
f 473/473/473 475/475/475 476/476/476 
f 477/477/477 478/478/478 479/479/479 
f 477/477/477 479/479/479 480/480/480 
f 478/478/478 477/477/477 481/481/481 
f 478/478/478 481/481/481 482/482/482 
f 483/483/483 484/484/484 485/485/485 
f 483/483/483 485/485/485 486/486/486 
f 487/487/487 483/483/483 486/486/486 
f 487/487/487 486/486/486 488/488/488 
f 489/489/489 490/490/490 491/491/491 
f 489/489/489 491/491/491 492/492/492 
f 492/492/492 493/493/493 494/494/494 
f 492/492/492 494/494/494 489/489/489 
f 495/495/495 476/476/476 469/469/469 
f 495/495/495 469/469/469 496/496/496 
f 497/497/497 470/470/470 475/475/475 
f 497/497/497 475/475/475 498/498/498 
f 499/499/499 473/473/473 476/476/476 
f 499/499/499 476/476/476 495/495/495 
f 498/498/498 475/475/475 474/474/474 
f 498/498/498 474/474/474 500/500/500 
f 501/501/501 477/477/477 480/480/480 
f 501/501/501 480/480/480 502/502/502 
f 503/503/503 479/479/479 478/478/478 
f 503/503/503 478/478/478 504/504/504 
f 478/478/478 482/482/482 505/505/505 
f 478/478/478 505/505/505 506/506/506 
f 477/477/477 507/507/507 508/508/508 
f 477/477/477 508/508/508 481/481/481 
f 509/509/509 482/482/482 481/481/481 
f 509/509/509 481/481/481 510/510/510 
f 476/476/476 475/475/475 470/470/470 
f 476/476/476 470/470/470 469/469/469 
f 511/511/511 474/474/474 479/479/479 
f 511/511/511 479/479/479 503/503/503 
f 490/490/490 487/487/487 488/488/488 
f 490/490/490 488/488/488 491/491/491 
f 480/480/480 473/473/473 512/512/512 
f 480/480/480 512/512/512 502/502/502 
f 479/479/479 474/474/474 473/473/473 
f 479/479/479 473/473/473 480/480/480 
f 513/513/513 514/514/514 515/515/515 
f 513/513/513 515/515/515 516/516/516 
f 517/517/517 518/518/518 519/519/519 
f 517/517/517 519/519/519 520/520/520 
f 521/521/521 519/519/519 518/518/518 
f 521/521/521 518/518/518 522/522/522 
f 523/523/523 524/524/524 525/525/525 
f 523/523/523 525/525/525 526/526/526 
f 527/527/527 528/528/528 529/529/529 
f 527/527/527 529/529/529 530/530/530 
f 531/531/531 532/532/532 533/533/533 
f 531/531/531 533/533/533 534/534/534 
f 534/534/534 533/533/533 535/535/535 
f 534/534/534 535/535/535 536/536/536 
f 537/537/537 538/538/538 536/536/536 
f 537/537/537 536/536/536 535/535/535 
f 539/539/539 540/540/540 541/541/541 
f 539/539/539 541/541/541 542/542/542 
f 543/543/543 515/515/515 520/520/520 
f 543/543/543 520/520/520 544/544/544 
f 545/545/545 517/517/517 514/514/514 
f 545/545/545 514/514/514 546/546/546 
f 544/544/544 520/520/520 519/519/519 
f 544/544/544 519/519/519 547/547/547 
f 548/548/548 518/518/518 517/517/517 
f 548/548/548 517/517/517 545/545/545 
f 549/549/549 522/522/522 518/518/518 
f 549/549/549 518/518/518 548/548/548 
f 547/547/547 519/519/519 521/521/521 
f 547/547/547 521/521/521 550/550/550 
f 526/526/526 525/525/525 551/551/551 
f 526/526/526 551/551/551 552/552/552 
f 553/553/553 527/527/527 530/530/530 
f 553/553/553 530/530/530 554/554/554 
f 555/555/555 529/529/529 528/528/528 
f 555/555/555 528/528/528 556/556/556 
f 557/557/557 528/528/528 527/527/527 
f 557/557/557 527/527/527 558/558/558 
f 514/514/514 517/517/517 520/520/520 
f 514/514/514 520/520/520 515/515/515 
f 559/559/559 560/560/560 561/561/561 
f 559/559/559 561/561/561 562/562/562 
f 523/523/523 563/563/563 564/564/564 
f 523/523/523 564/564/564 524/524/524 
f 565/565/565 523/523/523 522/522/522 
f 565/565/565 522/522/522 549/549/549 
f 561/561/561 560/560/560 538/538/538 
f 561/561/561 538/538/538 537/537/537 
f 521/521/521 526/526/526 566/566/566 
f 521/521/521 566/566/566 550/550/550 
f 526/526/526 521/521/521 522/522/522 
f 526/526/526 522/522/522 523/523/523 
f 524/524/524 564/564/564 554/554/554 
f 524/524/524 554/554/554 530/530/530 
f 540/540/540 559/559/559 562/562/562 
f 540/540/540 562/562/562 541/541/541 
f 525/525/525 529/529/529 555/555/555 
f 525/525/525 555/555/555 551/551/551 
f 524/524/524 530/530/530 529/529/529 
f 524/524/524 529/529/529 525/525/525 
f 567/567/567 568/568/568 569/569/569 
f 567/567/567 569/569/569 570/570/570 
f 571/571/571 572/572/572 573/573/573 
f 571/571/571 573/573/573 574/574/574 
f 575/575/575 576/576/576 577/577/577 
f 575/575/575 577/577/577 578/578/578 
f 579/579/579 580/580/580 581/581/581 
f 579/579/579 581/581/581 582/582/582 
f 583/583/583 584/584/584 585/585/585 
f 583/583/583 585/585/585 586/586/586 
f 587/587/587 588/588/588 589/589/589 
f 587/587/587 589/589/589 590/590/590 
f 591/591/591 592/592/592 593/593/593 
f 591/591/591 593/593/593 594/594/594 
f 595/595/595 588/588/588 587/587/587 
f 595/595/595 587/587/587 596/596/596 
f 570/570/570 569/569/569 597/597/597 
f 570/570/570 597/597/597 598/598/598 
f 599/599/599 571/571/571 574/574/574 
f 599/599/599 574/574/574 600/600/600 
f 601/601/601 573/573/573 572/572/572 
f 601/601/601 572/572/572 602/602/602 
f 603/603/603 567/567/567 578/578/578 
f 603/603/603 578/578/578 604/604/604 
f 605/605/605 575/575/575 570/570/570 
f 605/605/605 570/570/570 598/598/598 
f 606/606/606 579/579/579 582/582/582 
f 606/606/606 582/582/582 607/607/607 
f 608/608/608 581/581/581 580/580/580 
f 608/608/608 580/580/580 609/609/609 
f 610/610/610 580/580/580 579/579/579 
f 610/610/610 579/579/579 611/611/611 
f 567/567/567 603/603/603 612/612/612 
f 567/567/567 612/612/612 568/568/568 
f 570/570/570 575/575/575 578/578/578 
f 570/570/570 578/578/578 567/567/567 
f 568/568/568 613/613/613 600/600/600 
f 568/568/568 600/600/600 574/574/574 
f 584/584/584 595/595/595 596/596/596 
f 584/584/584 596/596/596 585/585/585 
f 569/569/569 573/573/573 601/601/601 
f 569/569/569 601/601/601 614/614/614 
f 568/568/568 574/574/574 573/573/573 
f 568/568/568 573/573/573 569/569/569 
f 582/582/582 581/581/581 572/572/572 
f 582/582/582 572/572/572 571/571/571 
f 607/607/607 582/582/582 571/571/571 
f 607/607/607 571/571/571 599/599/599 
f 592/592/592 583/583/583 586/586/586 
f 592/592/592 586/586/586 593/593/593 
f 572/572/572 581/581/581 608/608/608 
f 572/572/572 608/608/608 602/602/602 
f 615/615/615 616/616/616 617/617/617 
f 615/615/615 617/617/617 618/618/618 
f 619/619/619 615/615/615 618/618/618 
f 619/619/619 618/618/618 620/620/620 
f 621/621/621 622/622/622 619/619/619 
f 621/621/621 619/619/619 620/620/620 
f 623/623/623 624/624/624 625/625/625 
f 623/623/623 625/625/625 626/626/626 
f 627/627/627 628/628/628 623/623/623 
f 627/627/627 623/623/623 626/626/626 
f 629/629/629 630/630/630 631/631/631 
f 629/629/629 631/631/631 632/632/632 
f 633/633/633 634/634/634 630/630/630 
f 633/633/633 630/630/630 629/629/629 
f 635/635/635 634/634/634 633/633/633 
f 635/635/635 633/633/633 636/636/636 
f 637/637/637 638/638/638 639/639/639 
f 637/637/637 639/639/639 640/640/640 
f 641/641/641 638/638/638 637/637/637 
f 641/641/641 637/637/637 642/642/642 
f 643/643/643 618/618/618 617/617/617 
f 643/643/643 617/617/617 644/644/644 
f 645/645/645 617/617/617 616/616/616 
f 645/645/645 616/616/616 646/646/646 
f 647/647/647 616/616/616 615/615/615 
f 647/647/647 615/615/615 648/648/648 
f 649/649/649 620/620/620 618/618/618 
f 649/649/649 618/618/618 643/643/643 
f 648/648/648 615/615/615 619/619/619 
f 648/648/648 619/619/619 650/650/650 
f 651/651/651 621/621/621 620/620/620 
f 651/651/651 620/620/620 649/649/649 
f 650/650/650 619/619/619 622/622/622 
f 650/650/650 622/622/622 652/652/652 
f 653/653/653 626/626/626 625/625/625 
f 653/653/653 625/625/625 654/654/654 
f 655/655/655 624/624/624 623/623/623 
f 655/655/655 623/623/623 656/656/656 
f 657/657/657 627/627/627 626/626/626 
f 657/657/657 626/626/626 653/653/653 
f 656/656/656 623/623/623 628/628/628 
f 656/656/656 628/628/628 658/658/658 
f 659/659/659 660/660/660 628/628/628 
f 659/659/659 628/628/628 627/627/627 
f 625/625/625 624/624/624 622/622/622 
f 625/625/625 622/622/622 621/621/621 
f 661/661/661 625/625/625 621/621/621 
f 661/661/661 621/621/621 651/651/651 
f 639/639/639 635/635/635 636/636/636 
f 639/639/639 636/636/636 640/640/640 
f 622/622/622 624/624/624 662/662/662 
f 622/622/622 662/662/662 652/652/652 
f 663/663/663 664/664/664 665/665/665 
f 663/663/663 665/665/665 666/666/666 
f 667/667/667 668/668/668 669/669/669 
f 667/667/667 669/669/669 670/670/670 
f 664/664/664 671/671/671 672/672/672 
f 664/664/664 672/672/672 665/665/665 
f 666/666/666 669/669/669 668/668/668 
f 666/666/666 668/668/668 663/663/663 
f 673/673/673 674/674/674 675/675/675 
f 673/673/673 675/675/675 676/676/676 
f 677/677/677 678/678/678 679/679/679 
f 677/677/677 679/679/679 680/680/680 
f 676/676/676 675/675/675 681/681/681 
f 676/676/676 681/681/681 682/682/682 
f 674/674/674 673/673/673 680/680/680 
f 674/674/674 680/680/680 679/679/679 
f 683/683/683 666/666/666 665/665/665 
f 683/683/683 665/665/665 684/684/684 
f 685/685/685 664/664/664 663/663/663 
f 685/685/685 663/663/663 686/686/686 
f 687/687/687 670/670/670 669/669/669 
f 687/687/687 669/669/669 688/688/688 
f 689/689/689 668/668/668 667/667/667 
f 689/689/689 667/667/667 690/690/690 
f 684/684/684 665/665/665 672/672/672 
f 684/684/684 672/672/672 691/691/691 
f 692/692/692 672/672/672 671/671/671 
f 692/692/692 671/671/671 693/693/693 
f 694/694/694 671/671/671 664/664/664 
f 694/694/694 664/664/664 685/685/685 
f 686/686/686 663/663/663 668/668/668 
f 686/686/686 668/668/668 695/695/695 
f 696/696/696 669/669/669 666/666/666 
f 696/696/696 666/666/666 683/683/683 
f 697/697/697 698/698/698 699/699/699 
f 697/697/697 699/699/699 700/700/700 
f 701/701/701 699/699/699 670/670/670 
f 701/701/701 670/670/670 687/687/687 
f 702/702/702 703/703/703 678/678/678 
f 702/702/702 678/678/678 677/677/677 
f 667/667/667 698/698/698 704/704/704 
f 667/667/667 704/704/704 690/690/690 
f 698/698/698 667/667/667 670/670/670 
f 698/698/698 670/670/670 699/699/699 
f 705/705/705 706/706/706 707/707/707 
f 705/705/705 707/707/707 708/708/708 
f 708/708/708 707/707/707 709/709/709 
f 708/708/708 709/709/709 710/710/710 
f 711/711/711 712/712/712 713/713/713 
f 711/711/711 713/713/713 714/714/714 
f 709/709/709 712/712/712 711/711/711 
f 709/709/709 711/711/711 710/710/710 
f 715/715/715 716/716/716 717/717/717 
f 715/715/715 717/717/717 718/718/718 
f 716/716/716 719/719/719 720/720/720 
f 716/716/716 720/720/720 717/717/717 
f 721/721/721 722/722/722 723/723/723 
f 721/721/721 723/723/723 724/724/724 
f 720/720/720 719/719/719 721/721/721 
f 720/720/720 721/721/721 724/724/724 
f 725/725/725 705/705/705 708/708/708 
f 725/725/725 708/708/708 726/726/726 
f 727/727/727 707/707/707 706/706/706 
f 727/727/727 706/706/706 728/728/728 
f 729/729/729 706/706/706 705/705/705 
f 729/729/729 705/705/705 730/730/730 
f 726/726/726 708/708/708 710/710/710 
f 726/726/726 710/710/710 731/731/731 
f 732/732/732 709/709/709 707/707/707 
f 732/732/732 707/707/707 727/727/727 
f 733/733/733 711/711/711 734/734/734 
f 735/735/735 712/712/712 736/736/736 
f 737/737/737 710/710/710 711/711/711 
f 737/737/737 711/711/711 733/733/733 
f 736/736/736 712/712/712 709/709/709 
f 736/736/736 709/709/709 738/738/738 
f 739/739/739 740/740/740 741/741/741 
f 739/739/739 741/741/741 742/742/742 
f 743/743/743 744/744/744 745/745/745 
f 743/743/743 745/745/745 746/746/746 
f 747/747/747 744/744/744 743/743/743 
f 747/747/747 743/743/743 748/748/748 
f 749/749/749 750/750/750 751/751/751 
f 749/749/749 751/751/751 752/752/752 
f 753/753/753 754/754/754 755/755/755 
f 753/753/753 755/755/755 756/756/756 
f 757/757/757 753/753/753 756/756/756 
f 757/757/757 756/756/756 758/758/758 
f 759/759/759 757/757/757 758/758/758 
f 759/759/759 758/758/758 760/760/760 
f 761/761/761 762/762/762 763/763/763 
f 761/761/761 763/763/763 764/764/764 
f 765/765/765 746/746/746 739/739/739 
f 765/765/765 739/739/739 766/766/766 
f 767/767/767 740/740/740 745/745/745 
f 767/767/767 745/745/745 768/768/768 
f 769/769/769 743/743/743 746/746/746 
f 769/769/769 746/746/746 765/765/765 
f 768/768/768 745/745/745 744/744/744 
f 768/768/768 744/744/744 770/770/770 
f 771/771/771 748/748/748 743/743/743 
f 771/771/771 743/743/743 769/769/769 
f 770/770/770 744/744/744 747/747/747 
f 770/770/770 747/747/747 772/772/772 
f 749/749/749 752/752/752 773/773/773 
f 749/749/749 773/773/773 774/774/774 
f 750/750/750 775/775/775 776/776/776 
f 750/750/750 776/776/776 751/751/751 
f 777/777/777 778/778/778 779/779/779 
f 777/777/777 779/779/779 780/780/780 
f 746/746/746 745/745/745 740/740/740 
f 746/746/746 740/740/740 739/739/739 
f 775/775/775 750/750/750 748/748/748 
f 775/775/775 748/748/748 781/781/781 
f 764/764/764 759/759/759 760/760/760 
f 764/764/764 760/760/760 761/761/761 
f 747/747/747 749/749/749 774/774/774 
f 747/747/747 774/774/774 782/782/782 
f 750/750/750 749/749/749 747/747/747 
f 750/750/750 747/747/747 748/748/748 
f 751/751/751 776/776/776 783/783/783 
f 751/751/751 783/783/783 779/779/779 
f 762/762/762 784/784/784 785/785/785 
f 762/762/762 785/785/785 763/763/763 
f 752/752/752 778/778/778 786/786/786 
f 752/752/752 786/786/786 773/773/773 
f 751/751/751 779/779/779 778/778/778 
f 751/751/751 778/778/778 752/752/752 
f 787/787/787 788/788/788 789/789/789 
f 787/787/787 789/789/789 790/790/790 
f 791/791/791 792/792/792 793/793/793 
f 791/791/791 793/793/793 794/794/794 
f 795/795/795 796/796/796 791/791/791 
f 795/795/795 791/791/791 794/794/794 
f 797/797/797 798/798/798 799/799/799 
f 797/797/797 799/799/799 800/800/800 
f 801/801/801 802/802/802 803/803/803 
f 801/801/801 803/803/803 804/804/804 
f 805/805/805 788/788/788 787/787/787 
f 805/805/805 787/787/787 806/806/806 
f 787/787/787 790/790/790 807/807/807 
f 787/787/787 807/807/807 808/808/808 
f 788/788/788 809/809/809 810/810/810 
f 788/788/788 810/810/810 789/789/789 
f 794/794/794 793/793/793 811/811/811 
f 794/794/794 811/811/811 812/812/812 
f 813/813/813 795/795/795 794/794/794 
f 813/813/813 794/794/794 814/814/814 
f 815/815/815 791/791/791 796/796/796 
f 815/815/815 796/796/796 816/816/816 
f 817/817/817 818/818/818 796/796/796 
f 817/817/817 796/796/796 795/795/795 
f 803/803/803 802/802/802 819/819/819 
f 803/803/803 819/819/819 820/820/820 
f 791/791/791 815/815/815 821/821/821 
f 791/791/791 821/821/821 792/792/792 
f 822/822/822 823/823/823 824/824/824 
f 822/822/822 824/824/824 825/825/825 
f 826/826/826 827/827/827 828/828/828 
f 826/826/826 828/828/828 829/829/829 
f 830/830/830 831/831/831 832/832/832 
f 830/830/830 832/832/832 833/833/833 
f 822/822/822 825/825/825 831/831/831 
f 822/822/822 831/831/831 830/830/830 
f 825/825/825 824/824/824 834/834/834 
f 825/825/825 834/834/834 793/793/793 
f 827/827/827 820/820/820 819/819/819 
f 827/827/827 819/819/819 828/828/828 
f 831/831/831 792/792/792 835/835/835 
f 831/831/831 835/835/835 832/832/832 
f 825/825/825 793/793/793 792/792/792 
f 825/825/825 792/792/792 831/831/831 
f 789/789/789 810/810/810 823/823/823 
f 789/789/789 823/823/823 822/822/822 
f 798/798/798 826/826/826 829/829/829 
f 798/798/798 829/829/829 799/799/799 
f 790/790/790 830/830/830 833/833/833 
f 790/790/790 833/833/833 807/807/807 
f 789/789/789 822/822/822 830/830/830 
f 789/789/789 830/830/830 790/790/790 
f 836/836/836 837/837/837 838/838/838 
f 836/836/836 838/838/838 839/839/839 
f 840/840/840 841/841/841 842/842/842 
f 840/840/840 842/842/842 843/843/843 
f 844/844/844 845/845/845 846/846/846 
f 844/844/844 846/846/846 847/847/847 
f 848/848/848 849/849/849 850/850/850 
f 848/848/848 850/850/850 851/851/851 
f 837/837/837 846/846/846 845/845/845 
f 837/837/837 845/845/845 838/838/838 
f 848/848/848 851/851/851 852/852/852 
f 848/848/848 852/852/852 853/853/853 
f 839/839/839 838/838/838 854/854/854 
f 839/839/839 854/854/854 855/855/855 
f 853/853/853 852/852/852 856/856/856 
f 853/853/853 856/856/856 857/857/857 
f 858/858/858 859/859/859 845/845/845 
f 858/858/858 845/845/845 844/844/844 
f 838/838/838 845/845/845 859/859/859 
f 838/838/838 859/859/859 854/854/854 
f 860/860/860 861/861/861 862/862/862 
f 860/860/860 862/862/862 863/863/863 
f 864/864/864 865/865/865 866/866/866 
f 864/864/864 866/866/866 867/867/867 
f 868/868/868 869/869/869 870/870/870 
f 868/868/868 870/870/870 871/871/871 
f 861/861/861 870/870/870 869/869/869 
f 861/861/861 869/869/869 862/862/862 
f 872/872/872 854/854/854 861/861/861 
f 872/872/872 861/861/861 860/860/860 
f 857/857/857 856/856/856 865/865/865 
f 857/857/857 865/865/865 864/864/864 
f 871/871/871 870/870/870 859/859/859 
f 871/871/871 859/859/859 873/873/873 
f 854/854/854 859/859/859 870/870/870 
f 854/854/854 870/870/870 861/861/861 
f 863/863/863 862/862/862 841/841/841 
f 863/863/863 841/841/841 874/874/874 
f 867/867/867 866/866/866 875/875/875 
f 867/867/867 875/875/875 876/876/876 
f 877/877/877 842/842/842 869/869/869 
f 877/877/877 869/869/869 868/868/868 
f 862/862/862 869/869/869 842/842/842 
f 862/862/862 842/842/842 841/841/841 
f 878/878/878 879/879/879 880/880/880 
f 878/878/878 880/880/880 881/881/881 
f 882/882/882 883/883/883 884/884/884 
f 882/882/882 884/884/884 885/885/885 
f 886/886/886 887/887/887 888/888/888 
f 886/886/886 888/888/888 889/889/889 
f 890/890/890 891/891/891 892/892/892 
f 890/890/890 892/892/892 893/893/893 
f 894/894/894 895/895/895 884/884/884 
f 894/894/894 884/884/884 883/883/883 
f 896/896/896 897/897/897 882/882/882 
f 896/896/896 882/882/882 885/885/885 
f 893/893/893 892/892/892 898/898/898 
f 893/893/893 898/898/898 899/899/899 
f 900/900/900 883/883/883 901/901/901 
f 900/900/900 901/901/901 902/902/902 
f 883/883/883 882/882/882 903/903/903 
f 883/883/883 903/903/903 901/901/901 
f 882/882/882 904/904/904 905/905/905 
f 882/882/882 905/905/905 903/903/903 
f 906/906/906 907/907/907 908/908/908 
f 906/906/906 908/908/908 909/909/909 
f 910/910/910 911/911/911 912/912/912 
f 910/910/910 912/912/912 913/913/913 
f 911/911/911 914/914/914 915/915/915 
f 911/911/911 915/915/915 912/912/912 
f 914/914/914 916/916/916 917/917/917 
f 914/914/914 917/917/917 915/915/915 
f 918/918/918 919/919/919 881/881/881 
f 918/918/918 881/881/881 880/880/880 
f 920/920/920 918/918/918 880/880/880 
f 920/920/920 880/880/880 921/921/921 
f 922/922/922 923/923/923 924/924/924 
f 922/922/922 924/924/924 925/925/925 
f 919/919/919 926/926/926 927/927/927 
f 919/919/919 927/927/927 881/881/881 
f 901/901/901 903/903/903 914/914/914 
f 901/901/901 914/914/914 911/911/911 
f 902/902/902 901/901/901 911/911/911 
f 902/902/902 911/911/911 910/910/910 
f 899/899/899 898/898/898 907/907/907 
f 899/899/899 907/907/907 906/906/906 
f 903/903/903 905/905/905 916/916/916 
f 903/903/903 916/916/916 914/914/914 
f 928/928/928 896/896/896 885/885/885 
f 928/928/928 885/885/885 886/886/886 
f 929/929/929 930/930/930 891/891/891 
f 929/929/929 891/891/891 890/890/890 
f 884/884/884 895/895/895 931/931/931 
f 884/884/884 931/931/931 887/887/887 
f 885/885/885 884/884/884 887/887/887 
f 885/885/885 887/887/887 886/886/886 
f 912/912/912 915/915/915 919/919/919 
f 912/912/912 919/919/919 918/918/918 
f 913/913/913 912/912/912 918/918/918 
f 913/913/913 918/918/918 920/920/920 
f 909/909/909 908/908/908 923/923/923 
f 909/909/909 923/923/923 922/922/922 
f 915/915/915 917/917/917 926/926/926 
f 915/915/915 926/926/926 919/919/919 
f 932/932/932 933/933/933 934/934/934 
f 932/932/932 934/934/934 935/935/935 
f 936/936/936 937/937/937 938/938/938 
f 936/936/936 938/938/938 939/939/939 
f 940/940/940 941/941/941 942/942/942 
f 940/940/940 942/942/942 943/943/943 
f 944/944/944 945/945/945 946/946/946 
f 944/944/944 946/946/946 947/947/947 
f 937/937/937 946/946/946 945/945/945 
f 937/937/937 945/945/945 938/938/938 
f 948/948/948 949/949/949 937/937/937 
f 948/948/948 937/937/937 936/936/936 
f 950/950/950 951/951/951 941/941/941 
f 950/950/950 941/941/941 940/940/940 
f 947/947/947 946/946/946 952/952/952 
f 947/947/947 952/952/952 953/953/953 
f 949/949/949 952/952/952 946/946/946 
f 949/949/949 946/946/946 937/937/937 
f 939/939/939 938/938/938 933/933/933 
f 939/939/939 933/933/933 954/954/954 
f 943/943/943 942/942/942 955/955/955 
f 943/943/943 955/955/955 956/956/956 
f 957/957/957 934/934/934 945/945/945 
f 957/957/957 945/945/945 944/944/944 
f 938/938/938 945/945/945 934/934/934 
f 938/938/938 934/934/934 933/933/933 
f 958/958/958 959/959/959 960/960/960 
f 958/958/958 960/960/960 961/961/961 
f 962/962/962 963/963/963 964/964/964 
f 962/962/962 964/964/964 965/965/965 
f 966/966/966 967/967/967 968/968/968 
f 966/966/966 968/968/968 969/969/969 
f 961/961/961 960/960/960 969/969/969 
f 961/961/961 969/969/969 968/968/968 
f 970/970/970 971/971/971 972/972/972 
f 970/970/970 972/972/972 973/973/973 
f 959/959/959 974/974/974 975/975/975 
f 959/959/959 975/975/975 960/960/960 
f 971/971/971 976/976/976 977/977/977 
f 971/971/971 977/977/977 972/972/972 
f 978/978/978 966/966/966 969/969/969 
f 978/978/978 969/969/969 979/979/979 
f 960/960/960 975/975/975 979/979/979 
f 960/960/960 979/979/979 969/969/969 
f 980/980/980 981/981/981 982/982/982 
f 980/980/980 982/982/982 983/983/983 
f 984/984/984 985/985/985 986/986/986 
f 984/984/984 986/986/986 987/987/987 
f 988/988/988 989/989/989 990/990/990 
f 988/988/988 990/990/990 991/991/991 
f 983/983/983 982/982/982 991/991/991 
f 983/983/983 991/991/991 990/990/990 
f 992/992/992 980/980/980 983/983/983 
f 992/992/992 983/983/983 975/975/975 
f 976/976/976 984/984/984 987/987/987 
f 976/976/976 987/987/987 977/977/977 
f 989/989/989 993/993/993 979/979/979 
f 989/989/989 979/979/979 990/990/990 
f 975/975/975 983/983/983 990/990/990 
f 975/975/975 990/990/990 979/979/979 
f 981/981/981 994/994/994 965/965/965 
f 981/981/981 965/965/965 982/982/982 
f 985/985/985 995/995/995 996/996/996 
f 985/985/985 996/996/996 986/986/986 
f 997/997/997 988/988/988 991/991/991 
f 997/997/997 991/991/991 964/964/964 
f 982/982/982 965/965/965 964/964/964 
f 982/982/982 964/964/964 991/991/991 
f 998/998/998 999/999/999 1000/1000/1000 
f 998/998/998 1001/1001/1001 999/999/999 
f 998/998/998 1002/1002/1002 1001/1001/1001 
f 998/998/998 1003/1003/1003 1002/1002/1002 
f 998/998/998 1004/1004/1004 1005/1005/1005 
f 1004/1004/1004 998/998/998 1006/1006/1006 
f 998/998/998 1007/1007/1007 1008/1008/1008 
f 998/998/998 1009/1009/1009 1007/1007/1007 
f 1000/1000/1000 1010/1010/1010 1011/1011/1011 
f 1000/1000/1000 1011/1011/1011 1009/1009/1009 
f 1001/1001/1001 1012/1012/1012 1013/1013/1013 
f 1001/1001/1001 1013/1013/1013 999/999/999 
f 1002/1002/1002 1014/1014/1014 1012/1012/1012 
f 1002/1002/1002 1012/1012/1012 1001/1001/1001 
f 1003/1003/1003 1015/1015/1015 1014/1014/1014 
f 1003/1003/1003 1014/1014/1014 1002/1002/1002 
f 1004/1004/1004 1016/1016/1016 1017/1017/1017 
f 1004/1004/1004 1017/1017/1017 1005/1005/1005 
f 1004/1004/1004 1006/1006/1006 1018/1018/1018 
f 1004/1004/1004 1018/1018/1018 1016/1016/1016 
f 1007/1007/1007 1019/1019/1019 1020/1020/1020 
f 1007/1007/1007 1020/1020/1020 1008/1008/1008 
f 1009/1009/1009 1011/1011/1011 1019/1019/1019 
f 1009/1009/1009 1019/1019/1019 1007/1007/1007 
f 1010/1010/1010 1021/1021/1021 1022/1022/1022 
f 1010/1010/1010 1022/1022/1022 1011/1011/1011 
f 1012/1012/1012 1023/1023/1023 1024/1024/1024 
f 1012/1012/1012 1024/1024/1024 1013/1013/1013 
f 1014/1014/1014 1025/1025/1025 1023/1023/1023 
f 1014/1014/1014 1023/1023/1023 1012/1012/1012 
f 1015/1015/1015 1026/1026/1026 1025/1025/1025 
f 1015/1015/1015 1025/1025/1025 1014/1014/1014 
f 1016/1016/1016 1018/1018/1018 1027/1027/1027 
f 1019/1019/1019 1028/1028/1028 1029/1029/1029 
f 1019/1019/1019 1029/1029/1029 1020/1020/1020 
f 1011/1011/1011 1022/1022/1022 1028/1028/1028 
f 1011/1011/1011 1028/1028/1028 1019/1019/1019 
f 1030/1030/1030 1031/1031/1031 1032/1032/1032 
f 1030/1030/1030 1032/1032/1032 1033/1033/1033 
f 1034/1034/1034 1035/1035/1035 1036/1036/1036 
f 1034/1034/1034 1036/1036/1036 1037/1037/1037 
f 1025/1025/1025 1038/1038/1038 1039/1039/1039 
f 1025/1025/1025 1039/1039/1039 1023/1023/1023 
f 1040/1040/1040 1041/1041/1041 1042/1042/1042 
f 1040/1040/1040 1042/1042/1042 1043/1043/1043 
f 1044/1044/1044 1045/1045/1045 1032/1032/1032 
f 1044/1044/1044 1032/1032/1032 1031/1031/1031 
f 1018/1018/1018 1006/1006/1006 1008/1008/1008 
f 1018/1018/1018 1008/1008/1008 1020/1020/1020 
f 1027/1027/1027 1018/1018/1018 1020/1020/1020 
f 1027/1027/1027 1020/1020/1020 1029/1029/1029 
f 1006/1006/1006 998/998/998 1008/1008/1008 
f 1046/1046/1046 1047/1047/1047 1048/1048/1048 
f 1046/1046/1046 1048/1048/1048 1049/1049/1049 
f 1044/1044/1044 1050/1050/1050 1051/1051/1051 
f 1044/1044/1044 1051/1051/1051 1045/1045/1045 
f 1052/1052/1052 1053/1053/1053 1051/1051/1051 
f 1052/1052/1052 1051/1051/1051 1050/1050/1050 
f 1016/1016/1016 1027/1027/1027 1053/1053/1053 
f 1016/1016/1016 1053/1053/1053 1052/1052/1052 
f 1035/1035/1035 1054/1054/1054 1055/1055/1055 
f 1035/1035/1035 1055/1055/1055 1036/1036/1036 
f 1042/1042/1042 1056/1056/1056 1054/1054/1054 
f 1042/1042/1042 1054/1054/1054 1035/1035/1035 
f 1041/1041/1041 1057/1057/1057 1056/1056/1056 
f 1041/1041/1041 1056/1056/1056 1042/1042/1042 
f 1058/1058/1058 1044/1044/1044 1031/1031/1031 
f 1058/1058/1058 1031/1031/1031 1059/1059/1059 
f 1054/1054/1054 1060/1060/1060 1061/1061/1061 
f 1054/1054/1054 1061/1061/1061 1055/1055/1055 
f 1056/1056/1056 1062/1062/1062 1060/1060/1060 
f 1056/1056/1056 1060/1060/1060 1054/1054/1054 
f 1057/1057/1057 1063/1063/1063 1062/1062/1062 
f 1057/1057/1057 1062/1062/1062 1056/1056/1056 
f 1047/1047/1047 1058/1058/1058 1059/1059/1059 
f 1047/1047/1047 1059/1059/1059 1048/1048/1048 
f 1064/1064/1064 1065/1065/1065 1066/1066/1066 
f 1064/1064/1064 1067/1067/1067 1068/1068/1068 
f 1064/1064/1064 1068/1068/1068 1069/1069/1069 
f 1064/1064/1064 1069/1069/1069 1070/1070/1070 
f 1064/1064/1064 1071/1071/1071 1072/1072/1072 
f 1072/1072/1072 1073/1073/1073 1064/1064/1064 
f 1064/1064/1064 1074/1074/1074 1075/1075/1075 
f 1064/1064/1064 1075/1075/1075 1065/1065/1065 
f 1066/1066/1066 1065/1065/1065 1076/1076/1076 
f 1066/1066/1066 1076/1076/1076 1077/1077/1077 
f 1068/1068/1068 1067/1067/1067 1078/1078/1078 
f 1068/1068/1068 1078/1078/1078 1079/1079/1079 
f 1069/1069/1069 1068/1068/1068 1079/1079/1079 
f 1069/1069/1069 1079/1079/1079 1080/1080/1080 
f 1070/1070/1070 1069/1069/1069 1080/1080/1080 
f 1070/1070/1070 1080/1080/1080 1081/1081/1081 
f 1072/1072/1072 1071/1071/1071 1082/1082/1082 
f 1072/1072/1072 1082/1082/1082 1083/1083/1083 
f 1072/1072/1072 1083/1083/1083 1084/1084/1084 
f 1072/1072/1072 1084/1084/1084 1073/1073/1073 
f 1075/1075/1075 1074/1074/1074 1085/1085/1085 
f 1075/1075/1075 1085/1085/1085 1086/1086/1086 
f 1065/1065/1065 1075/1075/1075 1086/1086/1086 
f 1065/1065/1065 1086/1086/1086 1076/1076/1076 
f 1077/1077/1077 1076/1076/1076 1087/1087/1087 
f 1077/1077/1077 1087/1087/1087 1088/1088/1088 
f 1079/1079/1079 1078/1078/1078 1089/1089/1089 
f 1079/1079/1079 1089/1089/1089 1090/1090/1090 
f 1080/1080/1080 1079/1079/1079 1090/1090/1090 
f 1080/1080/1080 1090/1090/1090 1091/1091/1091 
f 1081/1081/1081 1080/1080/1080 1092/1092/1092 
f 1081/1081/1081 1092/1092/1092 1093/1093/1093 
f 1083/1083/1083 1094/1094/1094 1084/1084/1084 
f 1086/1086/1086 1085/1085/1085 1095/1095/1095 
f 1086/1086/1086 1095/1095/1095 1096/1096/1096 
f 1076/1076/1076 1086/1086/1086 1096/1096/1096 
f 1076/1076/1076 1096/1096/1096 1087/1087/1087 
f 1097/1097/1097 1098/1098/1098 1099/1099/1099 
f 1097/1097/1097 1099/1099/1099 1100/1100/1100 
f 1101/1101/1101 1102/1102/1102 1103/1103/1103 
f 1101/1101/1101 1103/1103/1103 1104/1104/1104 
f 1105/1105/1105 1101/1101/1101 1104/1104/1104 
f 1105/1105/1105 1104/1104/1104 1106/1106/1106 
f 1107/1107/1107 1108/1108/1108 1109/1109/1109 
f 1107/1107/1107 1109/1109/1109 1110/1110/1110 
f 1111/1111/1111 1100/1100/1100 1099/1099/1099 
f 1111/1111/1111 1099/1099/1099 1112/1112/1112 
f 1084/1084/1084 1085/1085/1085 1074/1074/1074 
f 1084/1084/1084 1074/1074/1074 1073/1073/1073 
f 1094/1094/1094 1095/1095/1095 1085/1085/1085 
f 1094/1094/1094 1085/1085/1085 1084/1084/1084 
f 1073/1073/1073 1074/1074/1074 1064/1064/1064 
f 1113/1113/1113 1114/1114/1114 1115/1115/1115 
f 1113/1113/1113 1115/1115/1115 1116/1116/1116 
f 1111/1111/1111 1112/1112/1112 1117/1117/1117 
f 1111/1111/1111 1117/1117/1117 1118/1118/1118 
f 1119/1119/1119 1118/1118/1118 1117/1117/1117 
f 1119/1119/1119 1117/1117/1117 1120/1120/1120 
f 1083/1083/1083 1119/1119/1119 1120/1120/1120 
f 1083/1083/1083 1120/1120/1120 1094/1094/1094 
f 1104/1104/1104 1103/1103/1103 1121/1121/1121 
f 1104/1104/1104 1121/1121/1121 1122/1122/1122 
f 1106/1106/1106 1104/1104/1104 1122/1122/1122 
f 1106/1106/1106 1122/1122/1122 1123/1123/1123 
f 1110/1110/1110 1109/1109/1109 1124/1124/1124 
f 1110/1110/1110 1124/1124/1124 1125/1125/1125 
f 1126/1126/1126 1127/1127/1127 1100/1100/1100 
f 1126/1126/1126 1100/1100/1100 1111/1111/1111 
f 1122/1122/1122 1121/1121/1121 1128/1128/1128 
f 1122/1122/1122 1128/1128/1128 1129/1129/1129 
f 1123/1123/1123 1122/1122/1122 1129/1129/1129 
f 1123/1123/1123 1129/1129/1129 1130/1130/1130 
f 1131/1131/1131 1123/1123/1123 1130/1130/1130 
f 1131/1131/1131 1130/1130/1130 1132/1132/1132 
f 1116/1116/1116 1115/1115/1115 1127/1127/1127 
f 1116/1116/1116 1127/1127/1127 1126/1126/1126 
f 1049/1049/1049 1048/1048/1048 1133/1133/1133 
f 1049/1049/1049 1133/1133/1133 1134/1134/1134 
f 1055/1055/1055 1061/1061/1061 1135/1135/1135 
f 1055/1055/1055 1135/1135/1135 1136/1136/1136 
f 1061/1061/1061 1060/1060/1060 1137/1137/1137 
f 1061/1061/1061 1137/1137/1137 1138/1138/1138 
f 1060/1060/1060 1062/1062/1062 1139/1139/1139 
f 1060/1060/1060 1139/1139/1139 1137/1137/1137 
f 1140/1140/1140 1063/1063/1063 1141/1141/1141 
f 1140/1140/1140 1141/1141/1141 1142/1142/1142 
f 1058/1058/1058 1047/1047/1047 1143/1143/1143 
f 1058/1058/1058 1143/1143/1143 1144/1144/1144 
f 1047/1047/1047 1046/1046/1046 1145/1145/1145 
f 1047/1047/1047 1145/1145/1145 1143/1143/1143 
f 1046/1046/1046 1049/1049/1049 1146/1146/1146 
f 1046/1046/1046 1146/1146/1146 1147/1147/1147 
f 1050/1050/1050 1044/1044/1044 1148/1148/1148 
f 1050/1050/1050 1148/1148/1148 1149/1149/1149 
f 1052/1052/1052 1050/1050/1050 1149/1149/1149 
f 1052/1052/1052 1149/1149/1149 1150/1150/1150 
f 1016/1016/1016 1052/1052/1052 1150/1150/1150 
f 1016/1016/1016 1150/1150/1150 1151/1151/1151 
f 1059/1059/1059 1031/1031/1031 1152/1152/1152 
f 1059/1059/1059 1152/1152/1152 1153/1153/1153 
f 1031/1031/1031 1030/1030/1030 1154/1154/1154 
f 1031/1031/1031 1154/1154/1154 1152/1152/1152 
f 1036/1036/1036 1055/1055/1055 1136/1136/1136 
f 1036/1036/1036 1136/1136/1136 1155/1155/1155 
f 1044/1044/1044 1058/1058/1058 1144/1144/1144 
f 1044/1044/1044 1144/1144/1144 1148/1148/1148 
f 1048/1048/1048 1059/1059/1059 1153/1153/1153 
f 1048/1048/1048 1153/1153/1153 1133/1133/1133 
f 1115/1115/1115 1114/1114/1114 1156/1156/1156 
f 1115/1115/1115 1156/1156/1156 1157/1157/1157 
f 1128/1128/1128 1121/1121/1121 1158/1158/1158 
f 1128/1128/1128 1158/1158/1158 1159/1159/1159 
f 1129/1129/1129 1160/1160/1160 1161/1161/1161 
f 1129/1129/1129 1161/1161/1161 1162/1162/1162 
f 1130/1130/1130 1129/1129/1129 1162/1162/1162 
f 1130/1130/1130 1162/1162/1162 1163/1163/1163 
f 1132/1132/1132 1130/1130/1130 1163/1163/1163 
f 1132/1132/1132 1163/1163/1163 1164/1164/1164 
f 1116/1116/1116 1126/1126/1126 1165/1165/1165 
f 1116/1116/1116 1165/1165/1165 1166/1166/1166 
f 1113/1113/1113 1116/1116/1116 1166/1166/1166 
f 1113/1113/1113 1166/1166/1166 1167/1167/1167 
f 1114/1114/1114 1113/1113/1113 1168/1168/1168 
f 1114/1114/1114 1168/1168/1168 1169/1169/1169 
f 1111/1111/1111 1118/1118/1118 1170/1170/1170 
f 1111/1111/1111 1170/1170/1170 1171/1171/1171 
f 1118/1118/1118 1119/1119/1119 1172/1172/1172 
f 1118/1118/1118 1172/1172/1172 1170/1170/1170 
f 1119/1119/1119 1083/1083/1083 1173/1173/1173 
f 1119/1119/1119 1173/1173/1173 1172/1172/1172 
f 1100/1100/1100 1127/1127/1127 1174/1174/1174 
f 1100/1100/1100 1174/1174/1174 1175/1175/1175 
f 1097/1097/1097 1100/1100/1100 1175/1175/1175 
f 1097/1097/1097 1175/1175/1175 1176/1176/1176 
f 1121/1121/1121 1103/1103/1103 1177/1177/1177 
f 1121/1121/1121 1177/1177/1177 1158/1158/1158 
f 1126/1126/1126 1111/1111/1111 1171/1171/1171 
f 1126/1126/1126 1171/1171/1171 1165/1165/1165 
f 1127/1127/1127 1115/1115/1115 1157/1157/1157 
f 1127/1127/1127 1157/1157/1157 1174/1174/1174 
f 1103/1103/1103 1097/1097/1097 1176/1176/1176 
f 1103/1103/1103 1176/1176/1176 1177/1177/1177 
f 1103/1103/1103 1102/1102/1102 1098/1098/1098 
f 1103/1103/1103 1098/1098/1098 1097/1097/1097 
f 1078/1078/1078 1077/1077/1077 1088/1088/1088 
f 1078/1078/1078 1088/1088/1088 1089/1089/1089 
f 1067/1067/1067 1066/1066/1066 1077/1077/1077 
f 1067/1067/1067 1077/1077/1077 1078/1078/1078 
f 999/999/999 1013/1013/1013 1010/1010/1010 
f 999/999/999 1010/1010/1010 1000/1000/1000 
f 1013/1013/1013 1024/1024/1024 1021/1021/1021 
f 1013/1013/1013 1021/1021/1021 1010/1010/1010 
f 1036/1036/1036 1030/1030/1030 1033/1033/1033 
f 1036/1036/1036 1033/1033/1033 1037/1037/1037 
f 1154/1154/1154 1030/1030/1030 1036/1036/1036 
f 1154/1154/1154 1036/1036/1036 1155/1155/1155 
f 998/998/998 1000/1000/1000 1009/1009/1009 
f 1064/1064/1064 1066/1066/1066 1067/1067/1067 
f 1017/1017/1017 1016/1016/1016 1151/1151/1151 
f 1017/1017/1017 1151/1151/1151 1178/1178/1178 
f 1083/1083/1083 1082/1082/1082 1179/1179/1179 
f 1083/1083/1083 1179/1179/1179 1173/1173/1173 
f 1080/1080/1080 1091/1091/1091 1092/1092/1092 
f 1180/1180/1180 1081/1081/1081 1093/1093/1093 
f 1105/1105/1105 1106/1106/1106 1109/1109/1109 
f 1105/1105/1105 1109/1109/1109 1108/1108/1108 
f 1181/1181/1181 1182/1182/1182 1107/1107/1107 
f 1181/1181/1181 1107/1107/1107 1110/1110/1110 
f 1106/1106/1106 1123/1123/1123 1124/1124/1124 
f 1106/1106/1106 1124/1124/1124 1109/1109/1109 
f 1123/1123/1123 1131/1131/1131 1125/1125/1125 
f 1123/1123/1123 1125/1125/1125 1124/1124/1124 
f 1131/1131/1131 1181/1181/1181 1110/1110/1110 
f 1131/1131/1131 1110/1110/1110 1125/1125/1125 
f 1025/1025/1025 1043/1043/1043 1038/1038/1038 
f 1042/1042/1042 1035/1035/1035 1183/1183/1183 
f 1042/1042/1042 1183/1183/1183 1184/1184/1184 
f 1039/1039/1039 1034/1034/1034 1023/1023/1023 
f 1026/1026/1026 1040/1040/1040 1043/1043/1043 
f 1026/1026/1026 1043/1043/1043 1025/1025/1025 
f 1107/1107/1107 1182/1182/1182 1180/1180/1180 
f 1107/1107/1107 1180/1180/1180 1093/1093/1093 
f 1093/1093/1093 1092/1092/1092 1108/1108/1108 
f 1093/1093/1093 1108/1108/1108 1107/1107/1107 
f 1091/1091/1091 1105/1105/1105 1108/1108/1108 
f 1091/1091/1091 1108/1108/1108 1092/1092/1092 
f 1091/1091/1091 1090/1090/1090 1101/1101/1101 
f 1091/1091/1091 1101/1101/1101 1105/1105/1105 
f 1090/1090/1090 1089/1089/1089 1102/1102/1102 
f 1090/1090/1090 1102/1102/1102 1101/1101/1101 
f 1098/1098/1098 1102/1102/1102 1089/1089/1089 
f 1098/1098/1098 1089/1089/1089 1088/1088/1088 
f 1099/1099/1099 1098/1098/1098 1088/1088/1088 
f 1099/1099/1099 1088/1088/1088 1087/1087/1087 
f 1112/1112/1112 1099/1099/1099 1087/1087/1087 
f 1112/1112/1112 1087/1087/1087 1096/1096/1096 
f 1117/1117/1117 1112/1112/1112 1096/1096/1096 
f 1117/1117/1117 1096/1096/1096 1095/1095/1095 
f 1120/1120/1120 1117/1117/1117 1095/1095/1095 
f 1120/1120/1120 1095/1095/1095 1094/1094/1094 
f 1053/1053/1053 1027/1027/1027 1029/1029/1029 
f 1053/1053/1053 1029/1029/1029 1051/1051/1051 
f 1045/1045/1045 1051/1051/1051 1029/1029/1029 
f 1045/1045/1045 1029/1029/1029 1028/1028/1028 
f 1032/1032/1032 1045/1045/1045 1028/1028/1028 
f 1032/1032/1032 1028/1028/1028 1022/1022/1022 
f 1033/1033/1033 1032/1032/1032 1022/1022/1022 
f 1033/1033/1033 1022/1022/1022 1021/1021/1021 
f 1037/1037/1037 1033/1033/1033 1021/1021/1021 
f 1037/1037/1037 1021/1021/1021 1024/1024/1024 
f 1023/1023/1023 1034/1034/1034 1037/1037/1037 
f 1023/1023/1023 1037/1037/1037 1024/1024/1024 
f 1038/1038/1038 1043/1043/1043 1042/1042/1042 
f 1038/1038/1038 1042/1042/1042 1184/1184/1184 
f 1039/1039/1039 1038/1038/1038 1184/1184/1184 
f 1039/1039/1039 1184/1184/1184 1183/1183/1183 
f 1035/1035/1035 1034/1034/1034 1039/1039/1039 
f 1035/1035/1035 1039/1039/1039 1183/1183/1183 
f 1062/1062/1062 1063/1063/1063 1140/1140/1140 
f 1185/1185/1185 1186/1186/1186 1187/1187/1187 
f 1139/1139/1139 1062/1062/1062 1140/1140/1140 
f 1139/1139/1139 1140/1140/1140 1188/1188/1188 
f 1129/1129/1129 1128/1128/1128 1160/1160/1160 
f 1128/1128/1128 1159/1159/1159 1189/1189/1189 
f 1128/1128/1128 1189/1189/1189 1160/1160/1160 
f 1159/1159/1159 1190/1190/1190 1189/1189/1189 
f 1191/1191/1191 1192/1192/1192 1193/1193/1193 
f 1191/1191/1191 1193/1193/1193 1194/1194/1194 
f 1195/1195/1195 1196/1196/1196 1197/1197/1197 
f 1195/1195/1195 1197/1197/1197 1198/1198/1198 
f 1196/1196/1196 1199/1199/1199 1200/1200/1200 
f 1196/1196/1196 1200/1200/1200 1197/1197/1197 
f 1199/1199/1199 1186/1186/1186 1201/1201/1201 
f 1199/1199/1199 1201/1201/1201 1200/1200/1200 
f 1186/1186/1186 1185/1185/1185 1202/1202/1202 
f 1186/1186/1186 1202/1202/1202 1201/1201/1201 
f 1203/1203/1203 1204/1204/1204 1205/1205/1205 
f 1203/1203/1203 1205/1205/1205 1206/1206/1206 
f 1204/1204/1204 1207/1207/1207 1208/1208/1208 
f 1204/1204/1204 1208/1208/1208 1205/1205/1205 
f 1207/1207/1207 1191/1191/1191 1194/1194/1194 
f 1207/1207/1207 1194/1194/1194 1208/1208/1208 
f 1209/1209/1209 1210/1210/1210 1211/1211/1211 
f 1209/1209/1209 1211/1211/1211 1212/1212/1212 
f 1213/1213/1213 1209/1209/1209 1212/1212/1212 
f 1213/1213/1213 1212/1212/1212 1214/1214/1214 
f 1215/1215/1215 1213/1213/1213 1214/1214/1214 
f 1215/1215/1215 1214/1214/1214 1216/1216/1216 
f 1217/1217/1217 1218/1218/1218 1219/1219/1219 
f 1217/1217/1217 1219/1219/1219 1220/1220/1220 
f 1218/1218/1218 1221/1221/1221 1222/1222/1222 
f 1218/1218/1218 1222/1222/1222 1219/1219/1219 
f 1223/1223/1223 1195/1195/1195 1198/1198/1198 
f 1223/1223/1223 1198/1198/1198 1224/1224/1224 
f 1210/1210/1210 1203/1203/1203 1206/1206/1206 
f 1210/1210/1210 1206/1206/1206 1211/1211/1211 
f 1192/1192/1192 1217/1217/1217 1220/1220/1220 
f 1192/1192/1192 1220/1220/1220 1193/1193/1193 
f 1225/1225/1225 1226/1226/1226 1227/1227/1227 
f 1225/1225/1225 1227/1227/1227 1228/1228/1228 
f 1229/1229/1229 1230/1230/1230 1231/1231/1231 
f 1229/1229/1229 1231/1231/1231 1232/1232/1232 
f 1233/1233/1233 1229/1229/1229 1232/1232/1232 
f 1233/1233/1233 1232/1232/1232 1234/1234/1234 
f 1235/1235/1235 1233/1233/1233 1234/1234/1234 
f 1235/1235/1235 1234/1234/1234 1236/1236/1236 
f 1237/1237/1237 1235/1235/1235 1236/1236/1236 
f 1237/1237/1237 1236/1236/1236 1238/1238/1238 
f 1239/1239/1239 1240/1240/1240 1241/1241/1241 
f 1239/1239/1239 1241/1241/1241 1242/1242/1242 
f 1243/1243/1243 1239/1239/1239 1242/1242/1242 
f 1243/1243/1243 1242/1242/1242 1244/1244/1244 
f 1226/1226/1226 1243/1243/1243 1244/1244/1244 
f 1226/1226/1226 1244/1244/1244 1227/1227/1227 
f 1245/1245/1245 1246/1246/1246 1247/1247/1247 
f 1245/1245/1245 1247/1247/1247 1248/1248/1248 
f 1246/1246/1246 1249/1249/1249 1250/1250/1250 
f 1246/1246/1246 1250/1250/1250 1247/1247/1247 
f 1249/1249/1249 1251/1251/1251 1252/1252/1252 
f 1249/1249/1249 1252/1252/1252 1250/1250/1250 
f 1253/1253/1253 1254/1254/1254 1255/1255/1255 
f 1253/1253/1253 1255/1255/1255 1256/1256/1256 
f 1257/1257/1257 1253/1253/1253 1256/1256/1256 
f 1257/1257/1257 1256/1256/1256 1258/1258/1258 
f 1230/1230/1230 1259/1259/1259 1260/1260/1260 
f 1230/1230/1230 1260/1260/1260 1231/1231/1231 
f 1240/1240/1240 1245/1245/1245 1248/1248/1248 
f 1240/1240/1240 1248/1248/1248 1241/1241/1241 
f 1254/1254/1254 1225/1225/1225 1228/1228/1228 
f 1254/1254/1254 1228/1228/1228 1255/1255/1255 
f 1259/1259/1259 1257/1257/1257 1258/1258/1258 
f 1259/1259/1259 1258/1258/1258 1260/1260/1260 
f 1221/1221/1221 1223/1223/1223 1224/1224/1224 
f 1221/1221/1221 1224/1224/1224 1222/1222/1222 
f 1261/1261/1261 1215/1215/1215 1216/1216/1216 
f 1261/1261/1261 1216/1216/1216 1262/1262/1262 
f 1251/1251/1251 1263/1263/1263 1264/1264/1264 
f 1251/1251/1251 1264/1264/1264 1252/1252/1252 
f 1212/1212/1212 1211/1211/1211 1265/1265/1265 
f 1212/1212/1212 1265/1265/1265 1266/1266/1266 
f 1214/1214/1214 1212/1212/1212 1266/1266/1266 
f 1214/1214/1214 1266/1266/1266 1267/1267/1267 
f 1216/1216/1216 1214/1214/1214 1267/1267/1267 
f 1216/1216/1216 1267/1267/1267 1268/1268/1268 
f 1262/1262/1262 1216/1216/1216 1268/1268/1268 
f 1262/1262/1262 1268/1268/1268 1269/1269/1269 
f 1252/1252/1252 1264/1264/1264 1270/1270/1270 
f 1252/1252/1252 1270/1270/1270 1271/1271/1271 
f 1250/1250/1250 1252/1252/1252 1271/1271/1271 
f 1250/1250/1250 1271/1271/1271 1272/1272/1272 
f 1247/1247/1247 1250/1250/1250 1272/1272/1272 
f 1247/1247/1247 1272/1272/1272 1273/1273/1273 
f 1248/1248/1248 1247/1247/1247 1273/1273/1273 
f 1248/1248/1248 1273/1273/1273 1274/1274/1274 
f 1241/1241/1241 1248/1248/1248 1274/1274/1274 
f 1241/1241/1241 1274/1274/1274 1275/1275/1275 
f 1242/1242/1242 1241/1241/1241 1275/1275/1275 
f 1242/1242/1242 1275/1275/1275 1276/1276/1276 
f 1244/1244/1244 1242/1242/1242 1276/1276/1276 
f 1244/1244/1244 1276/1276/1276 1277/1277/1277 
f 1227/1227/1227 1244/1244/1244 1277/1277/1277 
f 1227/1227/1227 1277/1277/1277 1278/1278/1278 
f 1228/1228/1228 1227/1227/1227 1278/1278/1278 
f 1228/1228/1228 1278/1278/1278 1279/1279/1279 
f 1255/1255/1255 1228/1228/1228 1279/1279/1279 
f 1255/1255/1255 1279/1279/1279 1280/1280/1280 
f 1256/1256/1256 1255/1255/1255 1280/1280/1280 
f 1256/1256/1256 1280/1280/1280 1281/1281/1281 
f 1258/1258/1258 1256/1256/1256 1281/1281/1281 
f 1258/1258/1258 1281/1281/1281 1282/1282/1282 
f 1260/1260/1260 1258/1258/1258 1282/1282/1282 
f 1260/1260/1260 1282/1282/1282 1283/1283/1283 
f 1231/1231/1231 1260/1260/1260 1283/1283/1283 
f 1231/1231/1231 1283/1283/1283 1284/1284/1284 
f 1232/1232/1232 1231/1231/1231 1284/1284/1284 
f 1232/1232/1232 1284/1284/1284 1285/1285/1285 
f 1234/1234/1234 1232/1232/1232 1285/1285/1285 
f 1234/1234/1234 1285/1285/1285 1286/1286/1286 
f 1236/1236/1236 1234/1234/1234 1286/1286/1286 
f 1236/1236/1236 1286/1286/1286 1287/1287/1287 
f 1238/1238/1238 1236/1236/1236 1287/1287/1287 
f 1238/1238/1238 1287/1287/1287 1288/1288/1288 
f 1201/1201/1201 1202/1202/1202 1289/1289/1289 
f 1201/1201/1201 1289/1289/1289 1290/1290/1290 
f 1200/1200/1200 1201/1201/1201 1290/1290/1290 
f 1200/1200/1200 1290/1290/1290 1291/1291/1291 
f 1197/1197/1197 1200/1200/1200 1291/1291/1291 
f 1197/1197/1197 1291/1291/1291 1292/1292/1292 
f 1198/1198/1198 1197/1197/1197 1292/1292/1292 
f 1198/1198/1198 1292/1292/1292 1293/1293/1293 
f 1224/1224/1224 1198/1198/1198 1293/1293/1293 
f 1224/1224/1224 1293/1293/1293 1294/1294/1294 
f 1222/1222/1222 1224/1224/1224 1294/1294/1294 
f 1222/1222/1222 1294/1294/1294 1295/1295/1295 
f 1219/1219/1219 1222/1222/1222 1295/1295/1295 
f 1219/1219/1219 1295/1295/1295 1296/1296/1296 
f 1220/1220/1220 1219/1219/1219 1296/1296/1296 
f 1220/1220/1220 1296/1296/1296 1297/1297/1297 
f 1193/1193/1193 1220/1220/1220 1297/1297/1297 
f 1193/1193/1193 1297/1297/1297 1298/1298/1298 
f 1194/1194/1194 1193/1193/1193 1298/1298/1298 
f 1194/1194/1194 1298/1298/1298 1299/1299/1299 
f 1208/1208/1208 1194/1194/1194 1299/1299/1299 
f 1208/1208/1208 1299/1299/1299 1300/1300/1300 
f 1205/1205/1205 1208/1208/1208 1300/1300/1300 
f 1205/1205/1205 1300/1300/1300 1301/1301/1301 
f 1206/1206/1206 1205/1205/1205 1301/1301/1301 
f 1206/1206/1206 1301/1301/1301 1302/1302/1302 
f 1211/1211/1211 1206/1206/1206 1302/1302/1302 
f 1211/1211/1211 1302/1302/1302 1265/1265/1265 
f 1303/1303/1303 1304/1304/1304 1305/1305/1305 
f 1303/1303/1303 1305/1305/1305 1306/1306/1306 
f 1306/1306/1306 1305/1305/1305 1307/1307/1307 
f 1306/1306/1306 1307/1307/1307 1308/1308/1308 
f 1309/1309/1309 1310/1310/1310 1311/1311/1311 
f 1309/1309/1309 1311/1311/1311 1312/1312/1312 
f 1310/1310/1310 1313/1313/1313 1314/1314/1314 
f 1310/1310/1310 1314/1314/1314 1311/1311/1311 
f 1315/1315/1315 1316/1316/1316 1304/1304/1304 
f 1315/1315/1315 1304/1304/1304 1303/1303/1303 
f 1317/1317/1317 1318/1318/1318 1305/1305/1305 
f 1317/1317/1317 1305/1305/1305 1304/1304/1304 
f 1319/1319/1319 1320/1320/1320 1303/1303/1303 
f 1319/1319/1319 1303/1303/1303 1306/1306/1306 
f 1318/1318/1318 1321/1321/1321 1307/1307/1307 
f 1318/1318/1318 1307/1307/1307 1305/1305/1305 
f 1322/1322/1322 1319/1319/1319 1306/1306/1306 
f 1322/1322/1322 1306/1306/1306 1308/1308/1308 
f 1323/1323/1323 1324/1324/1324 1325/1325/1325 
f 1323/1323/1323 1325/1325/1325 1326/1326/1326 
f 1324/1324/1324 1327/1327/1327 1328/1328/1328 
f 1324/1324/1324 1328/1328/1328 1325/1325/1325 
f 1329/1329/1329 1330/1330/1330 1331/1331/1331 
f 1329/1329/1329 1331/1331/1331 1332/1332/1332 
f 1332/1332/1332 1331/1331/1331 1333/1333/1333 
f 1332/1332/1332 1333/1333/1333 1334/1334/1334 
f 1335/1335/1335 1323/1323/1323 1326/1326/1326 
f 1335/1335/1335 1326/1326/1326 1336/1336/1336 
f 1337/1337/1337 1326/1326/1326 1325/1325/1325 
f 1337/1337/1337 1325/1325/1325 1338/1338/1338 
f 1339/1339/1339 1324/1324/1324 1323/1323/1323 
f 1339/1339/1339 1323/1323/1323 1340/1340/1340 
f 1338/1338/1338 1325/1325/1325 1328/1328/1328 
f 1338/1338/1338 1328/1328/1328 1341/1341/1341 
f 1342/1342/1342 1327/1327/1327 1324/1324/1324 
f 1342/1342/1342 1324/1324/1324 1339/1339/1339 

g R6Bacon1

v -5.907 0.455507 17.5835 
v -5.25243 0.455507 17.5835 
v -5.25243 0.000967979 17.5835 
v -5.90699 0.000969052 17.5835 
v -5.25238 1.4703 18.4371 
v -5.25239 1.42143 18.4371 
v -5.21923 1.42143 18.4098 
v -5.21923 1.4703 18.4099 
v -5.25238 1.4703 18.4371 
v -5.21923 1.4703 18.4099 
v -5.21923 1.8037 18.4099 
v -5.25238 1.8037 18.4371 
v -5.25242 1.80379 17.5835 
v -5.25243 1.47029 17.5835 
v -5.96514 1.47029 17.5835 
v -5.96514 1.80374 17.5835 
v -5.21923 1.8037 18.4099 
v -5.21923 1.4703 18.4099 
v -5.21923 1.47029 17.6115 
v -5.21923 1.80379 17.6115 
v -5.25239 1.42143 18.4371 
v -5.25238 1.4703 18.4371 
v -5.96514 1.4703 18.4371 
v -5.90701 1.42143 18.4371 
v -5.25243 1.42143 17.5835 
v -5.90701 1.42143 17.5835 
v -5.21923 1.42143 17.6115 
v -5.21923 1.47029 17.6115 
v -5.21923 1.4703 18.4099 
v -5.21923 1.42143 18.4098 
v -6 1.8037 18.41 
v -6 2.02951 18.41 
v -6 2.0295 17.6115 
v -6 1.80374 17.6115 
v -5.94062 1.42143 17.6115 
v -5.94062 1.42143 18.4099 
v -6 1.4703 18.41 
v -6 1.47029 17.6115 
v -5.94062 0.478302 18.4099 
v -5.94062 0.478302 17.6115 
v -5.94062 0.03449 17.6115 
v -5.94062 0.03449 18.4099 
v -5.21923 1.47029 17.6115 
v -5.21923 1.42143 17.6115 
v -5.25243 1.42143 17.5835 
v -5.25243 1.47029 17.5835 
v -5.21923 0.47837 17.6115 
v -5.21923 0.478301 18.4099 
v -5.21923 0.03449 18.4099 
v -5.21923 0.034591 17.6115 
v -5.907 0.478302 18.4371 
v -5.94062 0.478302 18.4099 
v -5.94062 0.03449 18.4099 
v -5.90699 0.03449 18.4371 
v -6 1.4703 18.41 
v -5.94062 1.42143 18.4099 
v -5.90701 1.42143 18.4371 
v -5.96514 1.4703 18.4371 
v -6 1.4703 18.41 
v -5.96514 1.4703 18.4371 
v -5.96514 1.8037 18.4371 
v -6 1.8037 18.41 
v -5.94062 1.42143 17.6115 
v -6 1.47029 17.6115 
v -5.96514 1.47029 17.5835 
v -5.90701 1.42143 17.5835 
v -5.96514 1.47029 17.5835 
v -6 1.47029 17.6115 
v -6 1.80374 17.6115 
v -5.96514 1.80374 17.5835 
v -5.94062 0.478302 17.6115 
v -5.907 0.455507 17.5835 
v -5.90699 0.000969052 17.5835 
v -5.94062 0.03449 17.6115 
v -5.21923 0.47837 17.6115 
v -5.21923 0.034591 17.6115 
v -5.25243 0.000967979 17.5835 
v -5.25243 0.455507 17.5835 
v -5.21923 0.478301 18.4099 
v -5.25241 0.478301 18.4371 
v -5.25243 0.03449 18.4371 
v -5.21923 0.03449 18.4099 
v -5.21923 1.47029 17.6115 
v -5.25243 1.47029 17.5835 
v -5.25242 1.80379 17.5835 
v -5.21923 1.80379 17.6115 
v -5.90699 0.000969052 17.5835 
v -5.25243 0.000967979 17.5835 
v -5.25237 0.000969052 18.4099 
v -5.90701 0.000969052 18.4098 
v -5.25238 2.0295 18.4371 
v -5.25238 1.8037 18.4371 
v -5.21923 1.8037 18.4099 
v -5.21923 2.02951 18.4099 
v -5.25241 2.02951 17.5835 
v -5.96515 2.02951 17.5835 
v -5.21923 2.02951 18.4099 
v -5.21924 2.0295 17.6115 
v -6 1.4703 18.41 
v -6 1.8037 18.41 
v -6 1.80374 17.6115 
v -6 1.47029 17.6115 
v -6 2.02951 18.41 
v -6 1.8037 18.41 
v -5.96514 1.8037 18.4371 
v -5.96515 2.0295 18.4371 
v -5.96515 2.02951 17.5835 
v -5.96514 1.80374 17.5835 
v -6 1.80374 17.6115 
v -6 2.0295 17.6115 
v -5.21924 2.0295 17.6115 
v -5.21923 1.80379 17.6115 
v -5.25242 1.80379 17.5835 
v -5.25241 2.02951 17.5835 
v -5.25238 1.8037 18.4371 
v -5.96514 1.8037 18.4371 
v -5.96514 1.4703 18.4371 
v -5.25238 1.4703 18.4371 
v -5.25241 0.478301 18.4371 
v -5.907 0.478302 18.4371 
v -5.90699 0.03449 18.4371 
v -5.25243 0.03449 18.4371 
v -5.96515 2.0295 18.4371 
v -5.25238 2.0295 18.4371 
v -5.21923 0.034591 17.6115 
v -5.21923 0.03449 18.4099 
v -5.25237 0.000969052 18.4099 
v -5.25243 0.000967979 17.5835 
v -5.94062 0.03449 18.4099 
v -5.94062 0.03449 17.6115 
v -5.90699 0.000969052 17.5835 
v -5.90701 0.000969052 18.4098 
v -5.21923 0.03449 18.4099 
v -5.25243 0.03449 18.4371 
v -5.25237 0.000969052 18.4099 
v -5.90699 0.03449 18.4371 
v -5.94062 0.03449 18.4099 
v -5.90701 0.000969052 18.4098 
v -5.25243 0.03449 18.4371 
v -5.90699 0.03449 18.4371 
v -5.90701 0.000969052 18.4098 
v -5.25237 0.000969052 18.4099 
v -5.25241 2.02951 17.5835 
v -5.27277 2.06193 17.6103 
v -5.24314 2.06191 17.6359 
v -5.21924 2.0295 17.6115 
v -5.96515 2.02951 17.5835 
v -5.96515 2.06193 17.6103 
v -5.27277 2.06193 17.6103 
v -5.25241 2.02951 17.5835 
v -5.21924 2.0295 17.6115 
v -5.24314 2.06191 17.6359 
v -5.24314 2.06191 18.0088 
v -5.21923 2.02951 18.4099 
v -6 2.02951 18.41 
v -6 2.06191 18.0088 
v -6 2.06191 17.6359 
v -6 2.0295 17.6115 
v -6 2.0295 17.6115 
v -6 2.06191 17.6359 
v -5.96515 2.06193 17.6103 
v -5.96515 2.02951 17.5835 
v -5.96515 2.0295 18.4371 
v -5.96515 2.06193 18.411 
v -6 2.06191 18.3855 
v -6 2.02951 18.41 
v -5.21923 2.02951 18.4099 
v -5.24314 2.06191 18.3854 
v -5.27277 2.06193 18.411 
v -5.25238 2.0295 18.4371 
v -5.25238 2.0295 18.4371 
v -5.27277 2.06193 18.411 
v -5.96515 2.06193 18.411 
v -5.96515 2.0295 18.4371 
v -5.27273 2.40613 18.161 
v -5.96519 2.40613 18.161 
v -5.96519 2.32538 18.294 
v -5.27273 2.32538 18.294 
v -5.96519 2.20451 18.3802 
v -5.27273 2.20451 18.3802 
v -5.96515 2.06193 18.411 
v -5.27277 2.06193 18.411 
v -5.27277 2.06193 17.6103 
v -5.96515 2.06193 17.6103 
v -5.96519 2.20451 17.6455 
v -5.27273 2.20451 17.6455 
v -5.96519 2.32538 17.7317 
v -5.27273 2.32538 17.7317 
v -5.96519 2.40613 17.8566 
v -5.27273 2.40613 17.8566 
v -5.96519 2.43449 18.0088 
v -5.27273 2.43449 18.0088 
v -5.24314 2.31036 18.2777 
v -5.24314 2.06191 18.0088 
v -5.24314 2.38666 18.1525 
v -5.24314 2.19631 18.3589 
v -5.24314 2.06191 18.3854 
v -5.24314 2.19633 17.6662 
v -5.24314 2.06191 17.6359 
v -5.24314 2.31034 17.7474 
v -5.24314 2.38661 17.8653 
v -5.24314 2.41345 18.0088 
v -6 2.38666 18.1525 
v -6 2.06191 18.0088 
v -6 2.31036 18.2777 
v -6 2.19631 18.3589 
v -6 2.19631 18.3589 
v -6 2.06191 18.0088 
v -6 2.06191 18.3855 
v -6 2.06191 17.6359 
v -6 2.19633 17.6662 
v -6 2.31034 17.7474 
v -6 2.38661 17.8653 
v -6 2.41345 18.0088 
v -5.27273 2.32538 18.294 
v -5.24314 2.31036 18.2777 
v -5.24314 2.38666 18.1525 
v -5.27273 2.40613 18.161 
v -5.27273 2.20451 18.3802 
v -5.24314 2.19631 18.3589 
v -5.27277 2.06193 18.411 
v -5.24314 2.06191 18.3854 
v -5.27273 2.20451 17.6455 
v -5.24314 2.19633 17.6662 
v -5.24314 2.06191 17.6359 
v -5.27277 2.06193 17.6103 
v -5.27273 2.32538 17.7317 
v -5.24314 2.31034 17.7474 
v -5.27273 2.40613 17.8566 
v -5.24314 2.38661 17.8653 
v -5.27273 2.43449 18.0088 
v -5.24314 2.41345 18.0088 
v -5.96519 2.40613 18.161 
v -6 2.38666 18.1525 
v -6 2.31036 18.2777 
v -5.96519 2.32538 18.294 
v -6 2.19631 18.3589 
v -5.96519 2.20451 18.3802 
v -6 2.19633 17.6662 
v -5.96519 2.20451 17.6455 
v -6 2.31034 17.7474 
v -5.96519 2.32538 17.7317 
v -6 2.38661 17.8653 
v -5.96519 2.40613 17.8566 
v -6 2.41345 18.0088 
v -5.96519 2.43449 18.0088 
v -5.24314 2.06191 18.0088 
v -5.24314 2.06191 18.3854 
v -5.21923 2.02951 18.4099 
v -6 2.02951 18.41 
v -6 2.06191 18.3855 
v -6 2.06191 18.0088 
v -5.907 0.955069 17.5835 
v -5.25243 0.955068 17.5835 
v -5.25243 0.455507 17.5835 
v -5.907 0.455507 17.5835 
v -5.94062 0.966074 17.6115 
v -5.907 0.955069 17.5835 
v -5.907 0.455507 17.5835 
v -5.94062 0.478302 17.6115 
v -5.94062 0.966074 18.4099 
v -5.94062 0.966074 17.6115 
v -5.907 0.966074 18.4371 
v -5.94062 0.966074 18.4099 
v -5.94062 0.478302 18.4099 
v -5.907 0.478302 18.4371 
v -5.2524 0.966074 18.4371 
v -5.907 0.966074 18.4371 
v -5.21923 0.966074 18.4099 
v -5.2524 0.966074 18.4371 
v -5.25241 0.478301 18.4371 
v -5.21923 0.478301 18.4099 
v -5.21923 0.966107 17.6115 
v -5.21923 0.966074 18.4099 
v -5.21923 0.966107 17.6115 
v -5.21923 0.47837 17.6115 
v -5.25243 0.455507 17.5835 
v -5.25243 0.955068 17.5835 
v -5.90701 1.42143 17.5835 
v -5.25243 1.42143 17.5835 
v -5.94062 1.42143 17.6115 
v -5.90701 1.42143 17.5835 
v -5.94062 1.42143 18.4099 
v -5.94062 1.42143 17.6115 
v -5.90701 1.42143 18.4371 
v -5.94062 1.42143 18.4099 
v -5.25239 1.42143 18.4371 
v -5.90701 1.42143 18.4371 
v -5.21923 1.42143 18.4098 
v -5.25239 1.42143 18.4371 
v -5.21923 1.42143 17.6115 
v -5.21923 1.42143 18.4098 
v -5.25243 1.42143 17.5835 
v -5.21923 1.42143 17.6115 
v -5.21925 0.03449 17.4896 
v -5.25243 0.03449 17.4007 
v -5.25243 0.114991 17.4167 
v -5.21925 0.079551 17.5005 
v -5.25243 0.183236 17.4623 
v -5.21925 0.113566 17.5241 
v -5.25243 0.228837 17.5305 
v -5.21925 0.141458 17.5653 
v -5.25243 0.244849 17.6115 
v -5.21923 0.147096 17.6115 
v -5.30386 0.03449 17.3162 
v -5.36145 0.03449 17.2624 
v -5.36145 0.166958 17.2897 
v -5.30386 0.14732 17.3386 
v -5.36145 0.279854 17.3645 
v -5.30386 0.242973 17.4026 
v -5.36145 0.355804 17.4774 
v -5.30386 0.306886 17.4982 
v -5.36145 0.381376 17.6115 
v -5.30386 0.32933 17.6115 
v -5.4305 0.03449 17.2258 
v -5.50587 0.03449 17.2036 
v -5.50587 0.190889 17.2343 
v -5.4305 0.18191 17.2551 
v -5.50587 0.322154 17.3217 
v -5.4305 0.306886 17.3386 
v -5.50587 0.412848 17.4545 
v -5.4305 0.390393 17.4636 
v -5.50587 0.441701 17.6115 
v -5.4305 0.419716 17.6115 
v -5.21925 0.079551 17.5005 
v -5.21923 0.03449 17.6115 
v -5.21925 0.03449 17.4896 
v -5.21925 0.113566 17.5241 
v -5.21925 0.141458 17.5653 
v -5.21923 0.147096 17.6115 
v -5.25243 0.228837 17.5305 
v -5.25243 0.244849 17.6115 
v -5.25243 0.183236 17.4623 
v -5.25243 0.114991 17.4167 
v -5.25243 0.03449 17.4007 
v -5.21925 0.03449 17.4896 
v -5.25349 0.000967979 17.5016 
v -5.28352 0.000967979 17.4165 
v -5.25243 0.03449 17.4007 
v -5.30386 0.03449 17.3162 
v -5.33007 0.000967979 17.3371 
v -5.38219 0.000967979 17.2861 
v -5.36145 0.03449 17.2624 
v -5.4305 0.03449 17.2258 
v -5.44469 0.000967979 17.2521 
v -5.5129 0.000967979 17.231 
v -5.50587 0.03449 17.2036 
v -5.21923 0.03449 17.6115 
v -5.25349 0.000967979 17.5835 
v -5.25243 0.03449 17.4007 
v -5.28352 0.000967979 17.4165 
v -5.57989 0.419716 17.4515 
v -5.57989 0.451456 17.6115 
v -5.57989 0.32933 17.3162 
v -5.57989 0.194056 17.2258 
v -5.57989 0.03449 17.1941 
v -5.57989 0.000967979 17.2223 
v -5.57989 0.03449 17.1941 
v -5.94053 0.03449 17.4896 
v -5.94053 0.079551 17.5005 
v -5.90735 0.114991 17.4167 
v -5.90735 0.03449 17.4007 
v -5.94053 0.113566 17.5241 
v -5.90735 0.183236 17.4623 
v -5.94053 0.141458 17.5653 
v -5.90735 0.228837 17.5305 
v -5.94054 0.147096 17.6115 
v -5.90735 0.244849 17.6115 
v -5.85591 0.03449 17.3162 
v -5.85591 0.14732 17.3386 
v -5.79832 0.166958 17.2897 
v -5.79832 0.03449 17.2624 
v -5.85591 0.242973 17.4026 
v -5.79832 0.279854 17.3645 
v -5.85591 0.306886 17.4982 
v -5.79832 0.355804 17.4774 
v -5.85591 0.32933 17.6115 
v -5.79832 0.381376 17.6115 
v -5.72927 0.03449 17.2258 
v -5.72927 0.18191 17.2551 
v -5.6539 0.190889 17.2343 
v -5.6539 0.03449 17.2036 
v -5.72927 0.306886 17.3386 
v -5.6539 0.322154 17.3217 
v -5.72927 0.390393 17.4636 
v -5.6539 0.412848 17.4545 
v -5.72927 0.419716 17.6115 
v -5.6539 0.441701 17.6115 
v -5.94053 0.079551 17.5005 
v -5.94053 0.03449 17.4896 
v -5.94054 0.03449 17.6115 
v -5.94053 0.113566 17.5241 
v -5.94053 0.141458 17.5653 
v -5.94054 0.147096 17.6115 
v -5.90735 0.228837 17.5305 
v -5.90735 0.244849 17.6115 
v -5.90735 0.183236 17.4623 
v -5.90735 0.114991 17.4167 
v -5.90735 0.03449 17.4007 
v -5.94053 0.03449 17.4896 
v -5.90735 0.03449 17.4007 
v -5.87625 0.000967979 17.4165 
v -5.90628 0.000967979 17.5016 
v -5.85591 0.03449 17.3162 
v -5.79832 0.03449 17.2624 
v -5.77758 0.000967979 17.2861 
v -5.8297 0.000967979 17.3371 
v -5.72927 0.03449 17.2258 
v -5.6539 0.03449 17.2036 
v -5.64687 0.000967979 17.231 
v -5.71509 0.000967979 17.2521 
v -5.94054 0.03449 17.6115 
v -5.90628 0.000967979 17.5835 
v -5.90735 0.03449 17.4007 
v -5.87625 0.000967979 17.4165 
v -5.25349 0.000967979 17.5016 
v -5.57989 0.000967979 17.5835 
v -5.28352 0.000967979 17.4165 
v -5.33007 0.000967979 17.3371 
v -5.38219 0.000967979 17.2861 
v -5.44469 0.000967979 17.2521 
v -5.5129 0.000967979 17.231 
v -5.25349 0.000967979 17.5835 
v -5.57989 0.000967979 17.2223 
v -5.87625 0.000967979 17.4165 
v -5.90628 0.000967979 17.5016 
v -5.77758 0.000967979 17.2861 
v -5.8297 0.000967979 17.3371 
v -5.64687 0.000967979 17.231 
v -5.71509 0.000967979 17.2521 
v -5.90628 0.000967979 17.5835 

vn 0 0 -1 
vn 0 0 -1 
vn 0 0 -1 
vn 0 0 -1 
vn 0.637795 0 0.771654 
vn 0.637795 0 0.771654 
vn 0.637795 0 0.771654 
vn 0.637795 0 0.771654 
vn 0.637795 0 0.771654 
vn 0.637795 0 0.771654 
vn 0.637795 0 0.771654 
vn 0.637795 0 0.771654 
vn 0 0 -1 
vn 0 0 -1 
vn 0 0 -1 
vn 0 0 -1 
vn 1 0 0 
vn 1 0 0 
vn 1 0 0 
vn 1 0 0 
vn 0 0 1 
vn 0 0 1 
vn 0 0 1 
vn 0 0 1 
vn 0 0 -1 
vn 0 0 -1 
vn 1 0 0 
vn 1 0 0 
vn 1 0 0 
vn 1 0 0 
vn -1 0 0 
vn -1 0 0 
vn -1 0 0 
vn -1 0 0 
vn -0.637795 -0.771654 0 
vn -0.637795 -0.771654 0 
vn -0.637795 -0.771654 0 
vn -0.637795 -0.771654 0 
vn -1 0 0 
vn -1 0 0 
vn -1 0 0 
vn -1 0 0 
vn 0.645669 0 -0.76378 
vn 0.645669 0 -0.76378 
vn 0.645669 0 -0.76378 
vn 0.645669 0 -0.76378 
vn 1 0 0 
vn 1 0 0 
vn 1 0 0 
vn 1 0 0 
vn -0.629921 0 0.779528 
vn -0.629921 0 0.779528 
vn -0.629921 0 0.779528 
vn -0.629921 0 0.779528 
vn -0.496063 -0.598425 0.629921 
vn -0.496063 -0.598425 0.629921 
vn -0.496063 -0.598425 0.629921 
vn -0.496063 -0.598425 0.629921 
vn -0.614173 0 0.787402 
vn -0.614173 0 0.787402 
vn -0.614173 0 0.787402 
vn -0.614173 0 0.787402 
vn -0.503937 -0.606299 -0.614173 
vn -0.503937 -0.606299 -0.614173 
vn -0.503937 -0.606299 -0.614173 
vn -0.503937 -0.606299 -0.614173 
vn -0.629921 0 -0.779528 
vn -0.629921 0 -0.779528 
vn -0.629921 0 -0.779528 
vn -0.629921 0 -0.779528 
vn -0.637795 0 -0.771654 
vn -0.637795 0 -0.771654 
vn -0.637795 0 -0.771654 
vn -0.637795 0 -0.771654 
vn 0.645669 0 -0.76378 
vn 0.645669 0 -0.76378 
vn 0.645669 0 -0.76378 
vn 0.645669 0 -0.76378 
vn 0.629921 0 0.771654 
vn 0.629921 0 0.771654 
vn 0.629921 0 0.771654 
vn 0.629921 0 0.771654 
vn 0.645669 0 -0.76378 
vn 0.645669 0 -0.76378 
vn 0.645669 0 -0.76378 
vn 0.645669 0 -0.76378 
vn 0 -1 0 
vn 0 -1 0 
vn 0 -1 0 
vn 0 -1 0 
vn 0.637795 0 0.771654 
vn 0.637795 0 0.771654 
vn 0.637795 0 0.771654 
vn 0.637795 0 0.771654 
vn 0 0 -1 
vn 0 0 -1 
vn 1 0 0 
vn 1 0 0 
vn -1 0 0 
vn -1 0 0 
vn -1 0 0 
vn -1 0 0 
vn -0.582677 0.275591 0.76378 
vn -0.614173 0 0.787402 
vn -0.614173 0 0.787402 
vn -0.582677 0.275591 0.76378 
vn -0.598425 0.275591 -0.755906 
vn -0.629921 0 -0.779528 
vn -0.629921 0 -0.779528 
vn -0.598425 0.275591 -0.755906 
vn 0.645669 0 -0.76378 
vn 0.645669 0 -0.76378 
vn 0.645669 0 -0.76378 
vn 0.645669 0 -0.76378 
vn 0 0 1 
vn 0 0 1 
vn 0 0 1 
vn 0 0 1 
vn 0 0 1 
vn 0 0 1 
vn 0 0 1 
vn 0 0 1 
vn 0 0 1 
vn 0 0 1 
vn 0.708661 -0.700787 0 
vn 0.708661 -0.700787 0 
vn 0.708661 -0.700787 0 
vn 0.708661 -0.700787 0 
vn -0.708661 -0.708661 0 
vn -0.708661 -0.708661 0 
vn -0.708661 -0.708661 0 
vn -0.708661 -0.708661 0 
vn 0.535433 -0.527559 0.653543 
vn 0.535433 -0.527559 0.653543 
vn 0.535433 -0.527559 0.653543 
vn -0.527559 -0.535433 0.661417 
vn -0.527559 -0.535433 0.661417 
vn -0.527559 -0.535433 0.661417 
vn 0 -0.629921 0.779528 
vn 0 -0.629921 0.779528 
vn 0 -0.629921 0.779528 
vn 0 -0.629921 0.779528 
vn 0.448819 0.724409 -0.527559 
vn 0.448819 0.724409 -0.527559 
vn 0.448819 0.724409 -0.527559 
vn 0.448819 0.724409 -0.527559 
vn 0 0.637795 -0.771654 
vn 0 0.637795 -0.771654 
vn 0 0.637795 -0.771654 
vn 0 0.637795 -0.771654 
vn 0.80315 0.590551 0 
vn 0.80315 0.590551 0 
vn 0.80315 0.590551 0 
vn 0.80315 0.590551 0 
vn -1 0 0 
vn -1 0 0 
vn -1 0 0 
vn -1 0 0 
vn -0.598425 0.275591 -0.755906 
vn -0.551181 0.370079 -0.748031 
vn -0.551181 0.370079 -0.748031 
vn -0.598425 0.275591 -0.755906 
vn -0.582677 0.275591 0.76378 
vn -0.551181 0.354331 0.755906 
vn -0.551181 0.354331 0.755906 
vn -0.582677 0.275591 0.76378 
vn 0.448819 0.716535 0.535433 
vn 0.448819 0.716535 0.535433 
vn 0.448819 0.716535 0.535433 
vn 0.448819 0.716535 0.535433 
vn 0 0.629921 0.779528 
vn 0 0.629921 0.779528 
vn 0 0.629921 0.779528 
vn 0 0.629921 0.779528 
vn 0 0.937008 0.354331 
vn 0 0.937008 0.354331 
vn 0 0.732283 0.677165 
vn 0 0.732283 0.677165 
vn 0 0.401575 0.913386 
vn 0 0.401575 0.913386 
vn 0 0.212598 0.976378 
vn 0 0.212598 0.976378 
vn 0 0.23622 -0.968504 
vn 0 0.23622 -0.968504 
vn 0 0.417323 -0.905512 
vn 0 0.417323 -0.905512 
vn 0 0.724409 -0.692913 
vn 0 0.724409 -0.692913 
vn 0 0.929134 -0.370079 
vn 0 0.929134 -0.370079 
vn 0 1 0 
vn 0 1 0 
vn 1 0 0 
vn 1 0 0 
vn 1 0 0 
vn 1 0 0 
vn 1 0 0 
vn 1 0 0 
vn 1 0 0 
vn 1 0 0 
vn 1 0 0 
vn 1 0 0 
vn -1 0 0 
vn -1 0 0 
vn -1 0 0 
vn -1 0 0 
vn -1 0 0 
vn -1 0 0 
vn -1 0 0 
vn -1 0 0 
vn -1 0 0 
vn -1 0 0 
vn -1 0 0 
vn -1 0 0 
vn 0.598425 0.590551 0.543307 
vn 0.598425 0.590551 0.543307 
vn 0.582677 0.755906 0.291339 
vn 0.582677 0.755906 0.291339 
vn 0.622047 0.314961 0.716535 
vn 0.622047 0.314961 0.716535 
vn 0.622047 0.15748 0.76378 
vn 0.622047 0.15748 0.76378 
vn 0.614173 0.330709 -0.716535 
vn 0.614173 0.330709 -0.716535 
vn 0.622047 0.181102 -0.76378 
vn 0.622047 0.181102 -0.76378 
vn 0.590551 0.582677 -0.559055 
vn 0.590551 0.582677 -0.559055 
vn 0.582677 0.755906 -0.299213 
vn 0.582677 0.755906 -0.299213 
vn 0.582677 0.811024 0 
vn 0.582677 0.811024 0 
vn -0.519685 0.795276 0.307087 
vn -0.519685 0.795276 0.307087 
vn -0.535433 0.622047 0.574803 
vn -0.535433 0.622047 0.574803 
vn -0.559055 0.330709 0.76378 
vn -0.559055 0.330709 0.76378 
vn -0.551181 0.346457 -0.755906 
vn -0.551181 0.346457 -0.755906 
vn -0.527559 0.614173 -0.582677 
vn -0.527559 0.614173 -0.582677 
vn -0.519685 0.795276 -0.314961 
vn -0.519685 0.795276 -0.314961 
vn -0.519685 0.858268 0 
vn -0.519685 0.858268 0 
vn 0.80315 0.590551 0 
vn 0.80315 0.590551 0 
vn 0.80315 0.590551 0 
vn -1 0 0 
vn -1 0 0 
vn -1 0 0 
vn 0 0 -1 
vn 0 0 -1 
vn 0 0 -1 
vn 0 0 -1 
vn -0.637795 0 -0.771654 
vn -0.637795 0 -0.771654 
vn -0.637795 0 -0.771654 
vn -0.637795 0 -0.771654 
vn -1 0 0 
vn -1 0 0 
vn -0.629921 0 0.779528 
vn -0.629921 0 0.779528 
vn -0.629921 0 0.779528 
vn -0.629921 0 0.779528 
vn 0 0 1 
vn 0 0 1 
vn 0.637795 0 0.771654 
vn 0.637795 0 0.771654 
vn 0.629921 0 0.771654 
vn 0.629921 0 0.771654 
vn 1 0 0 
vn 1 0 0 
vn 0.645669 0 -0.76378 
vn 0.645669 0 -0.76378 
vn 0.645669 0 -0.76378 
vn 0.645669 0 -0.76378 
vn 0 0 -1 
vn 0 0 -1 
vn -0.637795 0 -0.771654 
vn -0.637795 0 -0.771654 
vn -1 0 0 
vn -1 0 0 
vn -0.629921 0 0.779528 
vn -0.629921 0 0.779528 
vn 0 0 1 
vn 0 0 1 
vn 0.637795 0 0.771654 
vn 0.637795 0 0.771654 
vn 1 0 0 
vn 1 0 0 
vn 0.645669 0 -0.76378 
vn 0.645669 0 -0.76378 
vn 0.937008 0.0708661 -0.346457 
vn 0.937008 0.0708661 -0.346457 
vn 0.937008 0.133858 -0.314961 
vn 0.937008 0.133858 -0.314961 
vn 0.944882 0.23622 -0.23622 
vn 0.944882 0.23622 -0.23622 
vn 0.944882 0.307087 -0.125984 
vn 0.944882 0.307087 -0.125984 
vn 0.944882 0.330709 -0.0551181 
vn 0.944882 0.330709 -0.0551181 
vn 0.771654 0.125984 -0.629921 
vn 0.574803 0.165354 -0.80315 
vn 0.582677 0.314961 -0.748031 
vn 0.771654 0.244094 -0.582677 
vn 0.582677 0.574803 -0.574803 
vn 0.771654 0.448819 -0.448819 
vn 0.582677 0.748031 -0.307087 
vn 0.771654 0.582677 -0.244094 
vn 0.574803 0.80315 -0.15748 
vn 0.76378 0.629921 -0.125984 
vn 0.377953 0.181102 -0.905512 
vn 0.204724 0.188976 -0.96063 
vn 0.204724 0.370079 -0.905512 
vn 0.385827 0.354331 -0.850394 
vn 0.204724 0.692913 -0.692913 
vn 0.385827 0.653543 -0.653543 
vn 0.204724 0.905512 -0.370079 
vn 0.385827 0.850394 -0.354331 
vn 0.204724 0.96063 -0.181102 
vn 0.385827 0.905512 -0.173228 
vn 1 0 0 
vn 1 0 0 
vn 1 0 0 
vn 1 0 0 
vn 1 0 0 
vn 1 0 0 
vn 0.858268 0.480315 -0.19685 
vn 0.850394 0.519685 -0.102362 
vn 0.850394 0.370079 -0.370079 
vn 0.858268 0.19685 -0.480315 
vn 0.850394 0.102362 -0.519685 
vn 0.677165 -0.724409 -0.11811 
vn 0.677165 -0.724409 -0.11811 
vn 0.645669 -0.724409 -0.23622 
vn 0.645669 -0.724409 -0.23622 
vn 0.551181 -0.708661 -0.440945 
vn 0.551181 -0.708661 -0.440945 
vn 0.425197 -0.685039 -0.590551 
vn 0.425197 -0.685039 -0.590551 
vn 0.283465 -0.661417 -0.692913 
vn 0.283465 -0.661417 -0.692913 
vn 0.15748 -0.645669 -0.748031 
vn 0.15748 -0.645669 -0.748031 
vn 0.700787 -0.716535 0 
vn 0.700787 -0.716535 0 
vn 0.606299 -0.708661 -0.362205 
vn 0.606299 -0.708661 -0.362205 
vn 0 0.92126 -0.377953 
vn 0 0.984252 -0.188976 
vn 0 0.708661 -0.708661 
vn 0 0.377953 -0.92126 
vn 0 0.19685 -0.984252 
vn 0 -0.645669 -0.76378 
vn 0 -0.645669 -0.76378 
vn -0.937008 0.0708661 -0.346457 
vn -0.937008 0.133858 -0.314961 
vn -0.937008 0.133858 -0.314961 
vn -0.937008 0.0708661 -0.346457 
vn -0.944882 0.23622 -0.23622 
vn -0.944882 0.23622 -0.23622 
vn -0.944882 0.307087 -0.125984 
vn -0.944882 0.307087 -0.125984 
vn -0.944882 0.330709 -0.0551181 
vn -0.944882 0.330709 -0.0551181 
vn -0.771654 0.125984 -0.629921 
vn -0.771654 0.244094 -0.582677 
vn -0.582677 0.314961 -0.748031 
vn -0.574803 0.165354 -0.80315 
vn -0.771654 0.448819 -0.448819 
vn -0.582677 0.574803 -0.574803 
vn -0.771654 0.582677 -0.244094 
vn -0.582677 0.748031 -0.307087 
vn -0.76378 0.629921 -0.125984 
vn -0.574803 0.80315 -0.15748 
vn -0.377953 0.181102 -0.905512 
vn -0.385827 0.354331 -0.850394 
vn -0.204724 0.370079 -0.905512 
vn -0.204724 0.188976 -0.96063 
vn -0.385827 0.653543 -0.653543 
vn -0.204724 0.692913 -0.692913 
vn -0.385827 0.850394 -0.354331 
vn -0.204724 0.905512 -0.370079 
vn -0.385827 0.905512 -0.173228 
vn -0.204724 0.96063 -0.181102 
vn -1 0 0 
vn -1 0 0 
vn -1 0 0 
vn -1 0 0 
vn -1 0 0 
vn -1 0 0 
vn -0.858268 0.480315 -0.19685 
vn -0.850394 0.519685 -0.102362 
vn -0.850394 0.370079 -0.370079 
vn -0.858268 0.19685 -0.480315 
vn -0.850394 0.102362 -0.519685 
vn -0.677165 -0.724409 -0.11811 
vn -0.645669 -0.724409 -0.23622 
vn -0.645669 -0.724409 -0.23622 
vn -0.677165 -0.724409 -0.11811 
vn -0.551181 -0.708661 -0.440945 
vn -0.425197 -0.685039 -0.590551 
vn -0.425197 -0.685039 -0.590551 
vn -0.551181 -0.708661 -0.440945 
vn -0.283465 -0.661417 -0.692913 
vn -0.15748 -0.645669 -0.748031 
vn -0.15748 -0.645669 -0.748031 
vn -0.283465 -0.661417 -0.692913 
vn -0.700787 -0.716535 0 
vn -0.700787 -0.716535 0 
vn -0.606299 -0.708661 -0.362205 
vn -0.606299 -0.708661 -0.362205 
vn 0 -1 0 
vn 0 -1 0 
vn 0 -1 0 
vn 0 -1 0 
vn 0 -1 0 
vn 0 -1 0 
vn 0 -1 0 
vn 0 -1 0 
vn 0 -1 0 
vn 0 -1 0 
vn 0 -1 0 
vn 0 -1 0 
vn 0 -1 0 
vn 0 -1 0 
vn 0 -1 0 
vn 0 -1 0 

vt 0.483389 0.506672 
vt 0.483389 0.618024 
vt 0.463151 0.618024 
vt 0.463151 0.506672 
vt 0.530669 0.757119 
vt 0.527805 0.757119 
vt 0.527805 0.750129 
vt 0.530669 0.750129 
vt 0.530669 0.757119 
vt 0.530669 0.750129 
vt 0.546299 0.750129 
vt 0.546299 0.757119 
vt 0.546299 0.618024 
vt 0.530669 0.618024 
vt 0.530669 0.506672 
vt 0.546299 0.506672 
vt 0.546299 0.750129 
vt 0.530669 0.750129 
vt 0.530669 0.626022 
vt 0.546299 0.626022 
vt 0.527805 0.757119 
vt 0.530669 0.757119 
vt 0.530669 0.868694 
vt 0.527805 0.868694 
vt 0.527805 0.618024 
vt 0.52817 0.506672 
vt 0.527805 0.626022 
vt 0.530669 0.626022 
vt 0.530669 0.750129 
vt 0.527805 0.750129 
vt 0.546299 0.375979 
vt 0.557196 0.375983 
vt 0.557196 0.500083 
vt 0.546299 0.500083 
vt 0.527805 0.500083 
vt 0.527805 0.375988 
vt 0.530669 0.375981 
vt 0.530669 0.500083 
vt 0.483389 0.375989 
vt 0.483389 0.500083 
vt 0.463151 0.500083 
vt 0.463151 0.375989 
vt 0.530669 0.626022 
vt 0.527805 0.626022 
vt 0.527805 0.618024 
vt 0.530669 0.618024 
vt 0.483389 0.626022 
vt 0.483389 0.750129 
vt 0.463151 0.750129 
vt 0.463151 0.626113 
vt 0.483389 0.868694 
vt 0.483389 0.875169 
vt 0.463151 0.875169 
vt 0.463151 0.868694 
vt 0.530669 0.875169 
vt 0.527805 0.875169 
vt 0.527805 0.868694 
vt 0.530669 0.868694 
vt 0.530669 0.875169 
vt 0.530669 0.868694 
vt 0.546299 0.868694 
vt 0.546299 0.875169 
vt 0.52796 0.500083 
vt 0.530669 0.500083 
vt 0.530669 0.506672 
vt 0.52817 0.506672 
vt 0.530669 0.506672 
vt 0.530669 0.500083 
vt 0.546299 0.500083 
vt 0.546299 0.506672 
vt 0.483389 0.500083 
vt 0.483389 0.506672 
vt 0.463151 0.506672 
vt 0.463151 0.500083 
vt 0.483389 0.626022 
vt 0.463151 0.626113 
vt 0.463151 0.618024 
vt 0.483389 0.618024 
vt 0.483389 0.750129 
vt 0.483389 0.757119 
vt 0.463151 0.757119 
vt 0.463151 0.750129 
vt 0.530669 0.626022 
vt 0.530669 0.618024 
vt 0.546299 0.618024 
vt 0.546299 0.626022 
vt 0.495375 0.317931 
vt 0.454329 0.317931 
vt 0.454329 0.238663 
vt 0.495375 0.238663 
vt 0.557196 0.757119 
vt 0.546299 0.757119 
vt 0.546299 0.750129 
vt 0.557196 0.750129 
vt 0.557196 0.618024 
vt 0.557196 0.506672 
vt 0.557196 0.750129 
vt 0.557196 0.626022 
vt 0.530669 0.375981 
vt 0.546299 0.375979 
vt 0.546299 0.500083 
vt 0.530669 0.500083 
vt 0.557196 0.875169 
vt 0.546299 0.875169 
vt 0.546299 0.868694 
vt 0.557196 0.868694 
vt 0.557196 0.506672 
vt 0.546299 0.506672 
vt 0.546299 0.500083 
vt 0.557196 0.500083 
vt 0.557196 0.626022 
vt 0.546299 0.626022 
vt 0.546299 0.618024 
vt 0.557196 0.618024 
vt 0.546299 0.757119 
vt 0.546299 0.868694 
vt 0.530669 0.868694 
vt 0.530669 0.757119 
vt 0.483389 0.757119 
vt 0.483389 0.868694 
vt 0.463151 0.868694 
vt 0.463151 0.757119 
vt 0.557196 0.868694 
vt 0.557196 0.757119 
vt 0.451588 0.317931 
vt 0.451588 0.238663 
vt 0.454329 0.238663 
vt 0.454329 0.317931 
vt 0.498049 0.238663 
vt 0.498093 0.317931 
vt 0.495375 0.317931 
vt 0.495375 0.238663 
vt 0.451588 0.238663 
vt 0.451588 0.234446 
vt 0.454329 0.238663 
vt 0.498049 0.234446 
vt 0.498049 0.238663 
vt 0.495375 0.238663 
vt 0.451588 0.234446 
vt 0.498049 0.234446 
vt 0.495375 0.238663 
vt 0.454329 0.238663 
vt 0.358978 0.23471 
vt 0.358978 0.238651 
vt 0.357812 0.238651 
vt 0.357812 0.23471 
vt 0.380081 0.23471 
vt 0.380081 0.238651 
vt 0.358978 0.238651 
vt 0.358978 0.23471 
vt 0.345917 0.259475 
vt 0.347147 0.261781 
vt 0.347147 0.298104 
vt 0.345917 0.337326 
vt 0.392445 0.335945 
vt 0.391522 0.296722 
vt 0.391522 0.259979 
vt 0.392445 0.257535 
vt 0.381319 0.23471 
vt 0.381319 0.238651 
vt 0.380081 0.238651 
vt 0.380081 0.23471 
vt 0.380081 0.358885 
vt 0.380081 0.354954 
vt 0.381319 0.354954 
vt 0.381319 0.358885 
vt 0.357812 0.358885 
vt 0.357812 0.354954 
vt 0.358978 0.354954 
vt 0.358978 0.358885 
vt 0.358978 0.358885 
vt 0.358978 0.354954 
vt 0.380081 0.354954 
vt 0.380081 0.358885 
vt 0.358978 0.312666 
vt 0.380081 0.312113 
vt 0.380081 0.327169 
vt 0.358978 0.327169 
vt 0.380081 0.341174 
vt 0.358978 0.341174 
vt 0.380081 0.354954 
vt 0.358978 0.354954 
vt 0.358978 0.238651 
vt 0.380081 0.238651 
vt 0.380081 0.253188 
vt 0.358978 0.253188 
vt 0.380081 0.267379 
vt 0.358978 0.267379 
vt 0.380081 0.281344 
vt 0.358978 0.28254 
vt 0.380081 0.296512 
vt 0.358978 0.297778 
vt 0.355353 0.324624 
vt 0.347147 0.298104 
vt 0.357812 0.312367 
vt 0.351884 0.332452 
vt 0.347147 0.334851 
vt 0.351419 0.264071 
vt 0.347147 0.261781 
vt 0.354953 0.271361 
vt 0.357812 0.283023 
vt 0.357812 0.297992 
vt 0.381319 0.311624 
vt 0.391522 0.296722 
vt 0.384029 0.324129 
vt 0.387539 0.331509 
vt 0.387539 0.331509 
vt 0.391522 0.296722 
vt 0.391522 0.333596 
vt 0.391522 0.259979 
vt 0.387365 0.262687 
vt 0.383866 0.270321 
vt 0.381319 0.281736 
vt 0.381319 0.296289 
vt 0.358978 0.327169 
vt 0.357812 0.327169 
vt 0.357812 0.312367 
vt 0.358978 0.312666 
vt 0.358978 0.341174 
vt 0.357812 0.341174 
vt 0.358978 0.354954 
vt 0.357812 0.354954 
vt 0.358978 0.253188 
vt 0.357812 0.253188 
vt 0.357812 0.238651 
vt 0.358978 0.238651 
vt 0.358978 0.267379 
vt 0.357812 0.267379 
vt 0.358978 0.28254 
vt 0.357812 0.283023 
vt 0.358978 0.297778 
vt 0.357812 0.297992 
vt 0.380081 0.312113 
vt 0.381319 0.311624 
vt 0.381319 0.327169 
vt 0.380081 0.327169 
vt 0.381319 0.341174 
vt 0.380081 0.341174 
vt 0.381319 0.253188 
vt 0.380081 0.253188 
vt 0.381319 0.267379 
vt 0.380081 0.267379 
vt 0.381319 0.281736 
vt 0.380081 0.281344 
vt 0.381319 0.296289 
vt 0.380081 0.296512 
vt 0.347147 0.298104 
vt 0.347147 0.334851 
vt 0.345917 0.337326 
vt 0.392445 0.335945 
vt 0.391522 0.333596 
vt 0.391522 0.296722 
vt 0.506351 0.506672 
vt 0.506351 0.618024 
vt 0.483389 0.618024 
vt 0.483389 0.506672 
vt 0.506351 0.500083 
vt 0.506351 0.506672 
vt 0.483389 0.506672 
vt 0.483389 0.500083 
vt 0.506351 0.375989 
vt 0.506351 0.500083 
vt 0.506351 0.868694 
vt 0.506351 0.875169 
vt 0.483389 0.875169 
vt 0.483389 0.868694 
vt 0.506351 0.757119 
vt 0.506351 0.868694 
vt 0.506351 0.750129 
vt 0.506351 0.757119 
vt 0.483389 0.757119 
vt 0.483389 0.750129 
vt 0.506351 0.626022 
vt 0.506351 0.750129 
vt 0.506351 0.626022 
vt 0.483389 0.626022 
vt 0.483389 0.618024 
vt 0.506351 0.618024 
vt 0.52817 0.506672 
vt 0.527805 0.618024 
vt 0.52796 0.500083 
vt 0.52817 0.506672 
vt 0.527805 0.375988 
vt 0.527805 0.500083 
vt 0.527805 0.868694 
vt 0.527805 0.875169 
vt 0.527805 0.757119 
vt 0.527805 0.868694 
vt 0.527805 0.750129 
vt 0.527805 0.757119 
vt 0.527805 0.626022 
vt 0.527805 0.750129 
vt 0.527805 0.618024 
vt 0.527805 0.626022 
vt 0.463151 0.618024 
vt 0.463151 0.609445 
vt 0.466465 0.609445 
vt 0.465074 0.618024 
vt 0.469426 0.609445 
vt 0.466876 0.619929 
vt 0.472552 0.609445 
vt 0.468411 0.623046 
vt 0.476352 0.609445 
vt 0.468529 0.626022 
vt 0.463151 0.599719 
vt 0.463151 0.590927 
vt 0.467248 0.590927 
vt 0.466891 0.599719 
vt 0.470489 0.590927 
vt 0.470097 0.599719 
vt 0.475559 0.590927 
vt 0.474845 0.599719 
vt 0.481714 0.590927 
vt 0.480157 0.599719 
vt 0.463151 0.581985 
vt 0.463151 0.572479 
vt 0.467522 0.572479 
vt 0.467486 0.581985 
vt 0.471199 0.572479 
vt 0.470868 0.581985 
vt 0.47637 0.572479 
vt 0.476108 0.581985 
vt 0.483045 0.572479 
vt 0.482518 0.581985 
vt 0.465074 0.618024 
vt 0.463151 0.626113 
vt 0.463151 0.618024 
vt 0.466876 0.619929 
vt 0.468411 0.623046 
vt 0.468529 0.626022 
vt 0.472552 0.609445 
vt 0.476352 0.609445 
vt 0.469426 0.609445 
vt 0.466465 0.609445 
vt 0.463151 0.609445 
vt 0.451588 0.330226 
vt 0.454444 0.328727 
vt 0.454444 0.339435 
vt 0.451588 0.342941 
vt 0.451588 0.358546 
vt 0.454444 0.354463 
vt 0.459751 0.354463 
vt 0.457703 0.358546 
vt 0.463108 0.358546 
vt 0.464506 0.354463 
vt 0.469694 0.354463 
vt 0.469039 0.358546 
vt 0.451588 0.317931 
vt 0.454367 0.317931 
vt 0.451588 0.342941 
vt 0.454444 0.339435 
vt 0.476471 0.563413 
vt 0.483181 0.563413 
vt 0.471214 0.563413 
vt 0.467541 0.563413 
vt 0.463151 0.563413 
vt 0.474739 0.354463 
vt 0.474832 0.358546 
vt 0.463151 0.506672 
vt 0.465074 0.506672 
vt 0.466264 0.515954 
vt 0.463151 0.515954 
vt 0.466876 0.505904 
vt 0.469291 0.515954 
vt 0.468411 0.503984 
vt 0.472179 0.515954 
vt 0.468529 0.500046 
vt 0.476081 0.515954 
vt 0.463151 0.525419 
vt 0.466923 0.525419 
vt 0.467272 0.534819 
vt 0.463151 0.534819 
vt 0.469999 0.525419 
vt 0.470416 0.534819 
vt 0.474625 0.525419 
vt 0.475413 0.534819 
vt 0.479983 0.525419 
vt 0.481604 0.534819 
vt 0.463151 0.544108 
vt 0.467501 0.544108 
vt 0.467528 0.55356 
vt 0.463151 0.55356 
vt 0.470821 0.544108 
vt 0.471176 0.55356 
vt 0.476007 0.544108 
vt 0.476326 0.55356 
vt 0.482447 0.544108 
vt 0.483011 0.55356 
vt 0.465074 0.506672 
vt 0.463151 0.506672 
vt 0.463151 0.500083 
vt 0.466876 0.505904 
vt 0.468411 0.503984 
vt 0.468529 0.500046 
vt 0.472179 0.515954 
vt 0.476081 0.515954 
vt 0.469291 0.515954 
vt 0.466264 0.515954 
vt 0.463151 0.515954 
vt 0.498093 0.330314 
vt 0.498093 0.343043 
vt 0.495297 0.339446 
vt 0.495297 0.32883 
vt 0.498093 0.358546 
vt 0.491988 0.358546 
vt 0.489964 0.354463 
vt 0.495297 0.354463 
vt 0.48662 0.358546 
vt 0.480625 0.358546 
vt 0.47994 0.354463 
vt 0.48524 0.354463 
vt 0.498093 0.317931 
vt 0.49538 0.317931 
vt 0.498093 0.343043 
vt 0.495297 0.339446 
vt 0.454444 0.328727 
vt 0.474877 0.317931 
vt 0.454444 0.339435 
vt 0.454444 0.354463 
vt 0.459751 0.354463 
vt 0.464506 0.354463 
vt 0.469694 0.354463 
vt 0.454367 0.317931 
vt 0.474739 0.354463 
vt 0.495297 0.339446 
vt 0.495297 0.32883 
vt 0.489964 0.354463 
vt 0.495297 0.354463 
vt 0.47994 0.354463 
vt 0.48524 0.354463 
vt 0.49538 0.317931 

usemtl R6Bacon1Mtl

f 1343/1343/1343 1344/1344/1344 1345/1345/1345 
f 1343/1343/1343 1345/1345/1345 1346/1346/1346 
f 1347/1347/1347 1348/1348/1348 1349/1349/1349 
f 1347/1347/1347 1349/1349/1349 1350/1350/1350 
f 1351/1351/1351 1352/1352/1352 1353/1353/1353 
f 1351/1351/1351 1353/1353/1353 1354/1354/1354 
f 1355/1355/1355 1356/1356/1356 1357/1357/1357 
f 1355/1355/1355 1357/1357/1357 1358/1358/1358 
f 1359/1359/1359 1360/1360/1360 1361/1361/1361 
f 1359/1359/1359 1361/1361/1361 1362/1362/1362 
f 1363/1363/1363 1364/1364/1364 1365/1365/1365 
f 1363/1363/1363 1365/1365/1365 1366/1366/1366 
f 1357/1357/1357 1356/1356/1356 1367/1367/1367 
f 1357/1357/1357 1367/1367/1367 1368/1368/1368 
f 1369/1369/1369 1370/1370/1370 1371/1371/1371 
f 1369/1369/1369 1371/1371/1371 1372/1372/1372 
f 1373/1373/1373 1374/1374/1374 1375/1375/1375 
f 1373/1373/1373 1375/1375/1375 1376/1376/1376 
f 1377/1377/1377 1378/1378/1378 1379/1379/1379 
f 1377/1377/1377 1379/1379/1379 1380/1380/1380 
f 1381/1381/1381 1382/1382/1382 1383/1383/1383 
f 1381/1381/1381 1383/1383/1383 1384/1384/1384 
f 1385/1385/1385 1386/1386/1386 1387/1387/1387 
f 1385/1385/1385 1387/1387/1387 1388/1388/1388 
f 1389/1389/1389 1390/1390/1390 1391/1391/1391 
f 1389/1389/1389 1391/1391/1391 1392/1392/1392 
f 1393/1393/1393 1394/1394/1394 1395/1395/1395 
f 1393/1393/1393 1395/1395/1395 1396/1396/1396 
f 1397/1397/1397 1398/1398/1398 1399/1399/1399 
f 1397/1397/1397 1399/1399/1399 1400/1400/1400 
f 1401/1401/1401 1402/1402/1402 1403/1403/1403 
f 1401/1401/1401 1403/1403/1403 1404/1404/1404 
f 1405/1405/1405 1406/1406/1406 1407/1407/1407 
f 1405/1405/1405 1407/1407/1407 1408/1408/1408 
f 1409/1409/1409 1410/1410/1410 1411/1411/1411 
f 1409/1409/1409 1411/1411/1411 1412/1412/1412 
f 1413/1413/1413 1414/1414/1414 1415/1415/1415 
f 1413/1413/1413 1415/1415/1415 1416/1416/1416 
f 1417/1417/1417 1418/1418/1418 1419/1419/1419 
f 1417/1417/1417 1419/1419/1419 1420/1420/1420 
f 1421/1421/1421 1422/1422/1422 1423/1423/1423 
f 1421/1421/1421 1423/1423/1423 1424/1424/1424 
f 1425/1425/1425 1426/1426/1426 1427/1427/1427 
f 1425/1425/1425 1427/1427/1427 1428/1428/1428 
f 1429/1429/1429 1430/1430/1430 1431/1431/1431 
f 1429/1429/1429 1431/1431/1431 1432/1432/1432 
f 1433/1433/1433 1434/1434/1434 1435/1435/1435 
f 1433/1433/1433 1435/1435/1435 1436/1436/1436 
f 1437/1437/1437 1355/1355/1355 1358/1358/1358 
f 1437/1437/1437 1358/1358/1358 1438/1438/1438 
f 1439/1439/1439 1359/1359/1359 1362/1362/1362 
f 1439/1439/1439 1362/1362/1362 1440/1440/1440 
f 1441/1441/1441 1442/1442/1442 1443/1443/1443 
f 1441/1441/1441 1443/1443/1443 1444/1444/1444 
f 1445/1445/1445 1446/1446/1446 1447/1447/1447 
f 1445/1445/1445 1447/1447/1447 1448/1448/1448 
f 1449/1449/1449 1450/1450/1450 1451/1451/1451 
f 1449/1449/1449 1451/1451/1451 1452/1452/1452 
f 1453/1453/1453 1454/1454/1454 1455/1455/1455 
f 1453/1453/1453 1455/1455/1455 1456/1456/1456 
f 1457/1457/1457 1458/1458/1458 1459/1459/1459 
f 1457/1457/1457 1459/1459/1459 1460/1460/1460 
f 1461/1461/1461 1462/1462/1462 1463/1463/1463 
f 1461/1461/1461 1463/1463/1463 1464/1464/1464 
f 1465/1465/1465 1458/1458/1458 1457/1457/1457 
f 1465/1465/1465 1457/1457/1457 1466/1466/1466 
f 1467/1467/1467 1468/1468/1468 1469/1469/1469 
f 1467/1467/1467 1469/1469/1469 1470/1470/1470 
f 1471/1471/1471 1472/1472/1472 1473/1473/1473 
f 1471/1471/1471 1473/1473/1473 1474/1474/1474 
f 1475/1475/1475 1476/1476/1476 1477/1477/1477 
f 1478/1478/1478 1479/1479/1479 1480/1480/1480 
f 1481/1481/1481 1482/1482/1482 1483/1483/1483 
f 1481/1481/1481 1483/1483/1483 1484/1484/1484 
f 1485/1485/1485 1486/1486/1486 1487/1487/1487 
f 1485/1485/1485 1487/1487/1487 1488/1488/1488 
f 1489/1489/1489 1490/1490/1490 1491/1491/1491 
f 1489/1489/1489 1491/1491/1491 1492/1492/1492 
f 1493/1493/1493 1494/1494/1494 1495/1495/1495 
f 1493/1493/1493 1495/1495/1495 1496/1496/1496 
f 1497/1497/1497 1498/1498/1498 1499/1499/1499 
f 1497/1497/1497 1499/1499/1499 1500/1500/1500 
f 1501/1501/1501 1502/1502/1502 1503/1503/1503 
f 1501/1501/1501 1503/1503/1503 1504/1504/1504 
f 1505/1505/1505 1506/1506/1506 1507/1507/1507 
f 1505/1505/1505 1507/1507/1507 1508/1508/1508 
f 1509/1509/1509 1510/1510/1510 1511/1511/1511 
f 1509/1509/1509 1511/1511/1511 1512/1512/1512 
f 1513/1513/1513 1514/1514/1514 1515/1515/1515 
f 1513/1513/1513 1515/1515/1515 1516/1516/1516 
f 1517/1517/1517 1518/1518/1518 1519/1519/1519 
f 1517/1517/1517 1519/1519/1519 1520/1520/1520 
f 1520/1520/1520 1519/1519/1519 1521/1521/1521 
f 1520/1520/1520 1521/1521/1521 1522/1522/1522 
f 1522/1522/1522 1521/1521/1521 1523/1523/1523 
f 1522/1522/1522 1523/1523/1523 1524/1524/1524 
f 1525/1525/1525 1526/1526/1526 1527/1527/1527 
f 1525/1525/1525 1527/1527/1527 1528/1528/1528 
f 1528/1528/1528 1527/1527/1527 1529/1529/1529 
f 1528/1528/1528 1529/1529/1529 1530/1530/1530 
f 1530/1530/1530 1529/1529/1529 1531/1531/1531 
f 1530/1530/1530 1531/1531/1531 1532/1532/1532 
f 1532/1532/1532 1531/1531/1531 1533/1533/1533 
f 1532/1532/1532 1533/1533/1533 1534/1534/1534 
f 1534/1534/1534 1533/1533/1533 1518/1518/1518 
f 1534/1534/1534 1518/1518/1518 1517/1517/1517 
f 1535/1535/1535 1536/1536/1536 1537/1537/1537 
f 1538/1538/1538 1536/1536/1536 1535/1535/1535 
f 1539/1539/1539 1536/1536/1536 1538/1538/1538 
f 1540/1540/1540 1536/1536/1536 1541/1541/1541 
f 1542/1542/1542 1536/1536/1536 1540/1540/1540 
f 1543/1543/1543 1536/1536/1536 1542/1542/1542 
f 1544/1544/1544 1536/1536/1536 1543/1543/1543 
f 1537/1537/1537 1536/1536/1536 1544/1544/1544 
f 1545/1545/1545 1546/1546/1546 1547/1547/1547 
f 1547/1547/1547 1546/1546/1546 1548/1548/1548 
f 1549/1549/1549 1550/1550/1550 1551/1551/1551 
f 1552/1552/1552 1546/1546/1546 1553/1553/1553 
f 1553/1553/1553 1546/1546/1546 1554/1554/1554 
f 1554/1554/1554 1546/1546/1546 1555/1555/1555 
f 1555/1555/1555 1546/1546/1546 1556/1556/1556 
f 1556/1556/1556 1546/1546/1546 1545/1545/1545 
f 1557/1557/1557 1558/1558/1558 1559/1559/1559 
f 1557/1557/1557 1559/1559/1559 1560/1560/1560 
f 1561/1561/1561 1562/1562/1562 1558/1558/1558 
f 1561/1561/1561 1558/1558/1558 1557/1557/1557 
f 1563/1563/1563 1564/1564/1564 1562/1562/1562 
f 1563/1563/1563 1562/1562/1562 1561/1561/1561 
f 1565/1565/1565 1566/1566/1566 1567/1567/1567 
f 1565/1565/1565 1567/1567/1567 1568/1568/1568 
f 1569/1569/1569 1570/1570/1570 1566/1566/1566 
f 1569/1569/1569 1566/1566/1566 1565/1565/1565 
f 1571/1571/1571 1572/1572/1572 1570/1570/1570 
f 1571/1571/1571 1570/1570/1570 1569/1569/1569 
f 1573/1573/1573 1574/1574/1574 1572/1572/1572 
f 1573/1573/1573 1572/1572/1572 1571/1571/1571 
f 1560/1560/1560 1559/1559/1559 1574/1574/1574 
f 1560/1560/1560 1574/1574/1574 1573/1573/1573 
f 1575/1575/1575 1576/1576/1576 1577/1577/1577 
f 1575/1575/1575 1577/1577/1577 1578/1578/1578 
f 1578/1578/1578 1577/1577/1577 1579/1579/1579 
f 1578/1578/1578 1579/1579/1579 1580/1580/1580 
f 1580/1580/1580 1579/1579/1579 1507/1507/1507 
f 1580/1580/1580 1507/1507/1507 1506/1506/1506 
f 1503/1503/1503 1502/1502/1502 1581/1581/1581 
f 1503/1503/1503 1581/1581/1581 1582/1582/1582 
f 1582/1582/1582 1581/1581/1581 1583/1583/1583 
f 1582/1582/1582 1583/1583/1583 1584/1584/1584 
f 1584/1584/1584 1583/1583/1583 1585/1585/1585 
f 1584/1584/1584 1585/1585/1585 1586/1586/1586 
f 1586/1586/1586 1585/1585/1585 1587/1587/1587 
f 1586/1586/1586 1587/1587/1587 1588/1588/1588 
f 1588/1588/1588 1587/1587/1587 1576/1576/1576 
f 1588/1588/1588 1576/1576/1576 1575/1575/1575 
f 1589/1589/1589 1590/1590/1590 1591/1591/1591 
f 1592/1592/1592 1593/1593/1593 1594/1594/1594 
f 1595/1595/1595 1596/1596/1596 1597/1597/1597 
f 1595/1595/1595 1597/1597/1597 1598/1598/1598 
f 1599/1599/1599 1600/1600/1600 1601/1601/1601 
f 1599/1599/1599 1601/1601/1601 1602/1602/1602 
f 1603/1603/1603 1604/1604/1604 1382/1382/1382 
f 1603/1603/1603 1382/1382/1382 1381/1381/1381 
f 1605/1605/1605 1606/1606/1606 1607/1607/1607 
f 1605/1605/1605 1607/1607/1607 1608/1608/1608 
f 1609/1609/1609 1610/1610/1610 1462/1462/1462 
f 1609/1609/1609 1462/1462/1462 1461/1461/1461 
f 1611/1611/1611 1612/1612/1612 1613/1613/1613 
f 1611/1611/1611 1613/1613/1613 1614/1614/1614 
f 1615/1615/1615 1616/1616/1616 1390/1390/1390 
f 1615/1615/1615 1390/1390/1390 1389/1389/1389 
f 1617/1617/1617 1618/1618/1618 1619/1619/1619 
f 1617/1617/1617 1619/1619/1619 1620/1620/1620 
f 1621/1621/1621 1622/1622/1622 1596/1596/1596 
f 1621/1621/1621 1596/1596/1596 1595/1595/1595 
f 1623/1623/1623 1624/1624/1624 1600/1600/1600 
f 1623/1623/1623 1600/1600/1600 1599/1599/1599 
f 1625/1625/1625 1626/1626/1626 1604/1604/1604 
f 1625/1625/1625 1604/1604/1604 1603/1603/1603 
f 1627/1627/1627 1628/1628/1628 1606/1606/1606 
f 1627/1627/1627 1606/1606/1606 1605/1605/1605 
f 1629/1629/1629 1630/1630/1630 1610/1610/1610 
f 1629/1629/1629 1610/1610/1610 1609/1609/1609 
f 1631/1631/1631 1632/1632/1632 1612/1612/1612 
f 1631/1631/1631 1612/1612/1612 1611/1611/1611 
f 1633/1633/1633 1634/1634/1634 1616/1616/1616 
f 1633/1633/1633 1616/1616/1616 1615/1615/1615 
f 1635/1635/1635 1636/1636/1636 1617/1617/1617 
f 1635/1635/1635 1617/1617/1617 1620/1620/1620 
f 1637/1637/1637 1638/1638/1638 1639/1639/1639 
f 1637/1637/1637 1639/1639/1639 1640/1640/1640 
f 1640/1640/1640 1639/1639/1639 1641/1641/1641 
f 1640/1640/1640 1641/1641/1641 1642/1642/1642 
f 1642/1642/1642 1641/1641/1641 1643/1643/1643 
f 1642/1642/1642 1643/1643/1643 1644/1644/1644 
f 1644/1644/1644 1643/1643/1643 1645/1645/1645 
f 1644/1644/1644 1645/1645/1645 1646/1646/1646 
f 1647/1647/1647 1648/1648/1648 1649/1649/1649 
f 1647/1647/1647 1649/1649/1649 1650/1650/1650 
f 1650/1650/1650 1649/1649/1649 1651/1651/1651 
f 1650/1650/1650 1651/1651/1651 1652/1652/1652 
f 1652/1652/1652 1651/1651/1651 1653/1653/1653 
f 1652/1652/1652 1653/1653/1653 1654/1654/1654 
f 1654/1654/1654 1653/1653/1653 1655/1655/1655 
f 1654/1654/1654 1655/1655/1655 1656/1656/1656 
f 1657/1657/1657 1658/1658/1658 1659/1659/1659 
f 1657/1657/1657 1659/1659/1659 1660/1660/1660 
f 1660/1660/1660 1659/1659/1659 1661/1661/1661 
f 1660/1660/1660 1661/1661/1661 1662/1662/1662 
f 1662/1662/1662 1661/1661/1661 1663/1663/1663 
f 1662/1662/1662 1663/1663/1663 1664/1664/1664 
f 1664/1664/1664 1663/1663/1663 1665/1665/1665 
f 1664/1664/1664 1665/1665/1665 1666/1666/1666 
f 1667/1667/1667 1668/1668/1668 1669/1669/1669 
f 1670/1670/1670 1668/1668/1668 1667/1667/1667 
f 1671/1671/1671 1668/1668/1668 1670/1670/1670 
f 1672/1672/1672 1668/1668/1668 1671/1671/1671 
f 1673/1673/1673 1654/1654/1654 1656/1656/1656 
f 1673/1673/1673 1656/1656/1656 1674/1674/1674 
f 1675/1675/1675 1652/1652/1652 1654/1654/1654 
f 1675/1675/1675 1654/1654/1654 1673/1673/1673 
f 1676/1676/1676 1650/1650/1650 1652/1652/1652 
f 1676/1676/1676 1652/1652/1652 1675/1675/1675 
f 1677/1677/1677 1647/1647/1647 1650/1650/1650 
f 1677/1677/1677 1650/1650/1650 1676/1676/1676 
f 1678/1678/1678 1679/1679/1679 1680/1680/1680 
f 1678/1678/1678 1680/1680/1680 1681/1681/1681 
f 1682/1682/1682 1683/1683/1683 1684/1684/1684 
f 1682/1682/1682 1684/1684/1684 1685/1685/1685 
f 1686/1686/1686 1687/1687/1687 1688/1688/1688 
f 1686/1686/1686 1688/1688/1688 1689/1689/1689 
f 1690/1690/1690 1691/1691/1691 1679/1679/1679 
f 1690/1690/1690 1679/1679/1679 1678/1678/1678 
f 1692/1692/1692 1693/1693/1693 1683/1683/1683 
f 1692/1692/1692 1683/1683/1683 1682/1682/1682 
f 1663/1663/1663 1694/1694/1694 1695/1695/1695 
f 1663/1663/1663 1695/1695/1695 1665/1665/1665 
f 1661/1661/1661 1696/1696/1696 1694/1694/1694 
f 1661/1661/1661 1694/1694/1694 1663/1663/1663 
f 1659/1659/1659 1697/1697/1697 1696/1696/1696 
f 1659/1659/1659 1696/1696/1696 1661/1661/1661 
f 1658/1658/1658 1698/1698/1698 1697/1697/1697 
f 1658/1658/1658 1697/1697/1697 1659/1659/1659 
f 1688/1688/1688 1699/1699/1699 1700/1700/1700 
f 1688/1688/1688 1700/1700/1700 1689/1689/1689 
f 1653/1653/1653 1664/1664/1664 1666/1666/1666 
f 1653/1653/1653 1666/1666/1666 1655/1655/1655 
f 1651/1651/1651 1662/1662/1662 1664/1664/1664 
f 1651/1651/1651 1664/1664/1664 1653/1653/1653 
f 1649/1649/1649 1660/1660/1660 1662/1662/1662 
f 1649/1649/1649 1662/1662/1662 1651/1651/1651 
f 1648/1648/1648 1657/1657/1657 1660/1660/1660 
f 1648/1648/1648 1660/1660/1660 1649/1649/1649 
f 1684/1684/1684 1687/1687/1687 1686/1686/1686 
f 1684/1684/1684 1686/1686/1686 1685/1685/1685 
f 1701/1701/1701 1702/1702/1702 1703/1703/1703 
f 1701/1701/1701 1703/1703/1703 1704/1704/1704 
f 1702/1702/1702 1705/1705/1705 1706/1706/1706 
f 1702/1702/1702 1706/1706/1706 1703/1703/1703 
f 1705/1705/1705 1707/1707/1707 1708/1708/1708 
f 1705/1705/1705 1708/1708/1708 1706/1706/1706 
f 1707/1707/1707 1709/1709/1709 1710/1710/1710 
f 1707/1707/1707 1710/1710/1710 1708/1708/1708 
f 1711/1711/1711 1712/1712/1712 1713/1713/1713 
f 1711/1711/1711 1713/1713/1713 1714/1714/1714 
f 1712/1712/1712 1715/1715/1715 1716/1716/1716 
f 1712/1712/1712 1716/1716/1716 1713/1713/1713 
f 1715/1715/1715 1717/1717/1717 1718/1718/1718 
f 1715/1715/1715 1718/1718/1718 1716/1716/1716 
f 1717/1717/1717 1719/1719/1719 1720/1720/1720 
f 1717/1717/1717 1720/1720/1720 1718/1718/1718 
f 1721/1721/1721 1722/1722/1722 1723/1723/1723 
f 1721/1721/1721 1723/1723/1723 1724/1724/1724 
f 1722/1722/1722 1725/1725/1725 1726/1726/1726 
f 1722/1722/1722 1726/1726/1726 1723/1723/1723 
f 1725/1725/1725 1727/1727/1727 1728/1728/1728 
f 1725/1725/1725 1728/1728/1728 1726/1726/1726 
f 1727/1727/1727 1729/1729/1729 1730/1730/1730 
f 1727/1727/1727 1730/1730/1730 1728/1728/1728 
f 1731/1731/1731 1732/1732/1732 1733/1733/1733 
f 1734/1734/1734 1731/1731/1731 1733/1733/1733 
f 1735/1735/1735 1734/1734/1734 1733/1733/1733 
f 1736/1736/1736 1735/1735/1735 1733/1733/1733 
f 1737/1737/1737 1738/1738/1738 1719/1719/1719 
f 1737/1737/1737 1719/1719/1719 1717/1717/1717 
f 1739/1739/1739 1737/1737/1737 1717/1717/1717 
f 1739/1739/1739 1717/1717/1717 1715/1715/1715 
f 1740/1740/1740 1739/1739/1739 1715/1715/1715 
f 1740/1740/1740 1715/1715/1715 1712/1712/1712 
f 1741/1741/1741 1740/1740/1740 1712/1712/1712 
f 1741/1741/1741 1712/1712/1712 1711/1711/1711 
f 1742/1742/1742 1743/1743/1743 1744/1744/1744 
f 1742/1742/1742 1744/1744/1744 1745/1745/1745 
f 1746/1746/1746 1747/1747/1747 1748/1748/1748 
f 1746/1746/1746 1748/1748/1748 1749/1749/1749 
f 1750/1750/1750 1751/1751/1751 1752/1752/1752 
f 1750/1750/1750 1752/1752/1752 1753/1753/1753 
f 1754/1754/1754 1742/1742/1742 1745/1745/1745 
f 1754/1754/1754 1745/1745/1745 1755/1755/1755 
f 1756/1756/1756 1746/1746/1746 1749/1749/1749 
f 1756/1756/1756 1749/1749/1749 1757/1757/1757 
f 1728/1728/1728 1730/1730/1730 1695/1695/1695 
f 1728/1728/1728 1695/1695/1695 1694/1694/1694 
f 1726/1726/1726 1728/1728/1728 1694/1694/1694 
f 1726/1726/1726 1694/1694/1694 1696/1696/1696 
f 1723/1723/1723 1726/1726/1726 1696/1696/1696 
f 1723/1723/1723 1696/1696/1696 1697/1697/1697 
f 1724/1724/1724 1723/1723/1723 1697/1697/1697 
f 1724/1724/1724 1697/1697/1697 1698/1698/1698 
f 1752/1752/1752 1751/1751/1751 1700/1700/1700 
f 1752/1752/1752 1700/1700/1700 1699/1699/1699 
f 1718/1718/1718 1720/1720/1720 1729/1729/1729 
f 1718/1718/1718 1729/1729/1729 1727/1727/1727 
f 1716/1716/1716 1718/1718/1718 1727/1727/1727 
f 1716/1716/1716 1727/1727/1727 1725/1725/1725 
f 1713/1713/1713 1716/1716/1716 1725/1725/1725 
f 1713/1713/1713 1725/1725/1725 1722/1722/1722 
f 1714/1714/1714 1713/1713/1713 1722/1722/1722 
f 1714/1714/1714 1722/1722/1722 1721/1721/1721 
f 1748/1748/1748 1747/1747/1747 1750/1750/1750 
f 1748/1748/1748 1750/1750/1750 1753/1753/1753 
f 1758/1758/1758 1759/1759/1759 1760/1760/1760 
f 1761/1761/1761 1759/1759/1759 1762/1762/1762 
f 1763/1763/1763 1759/1759/1759 1764/1764/1764 
f 1765/1765/1765 1759/1759/1759 1758/1758/1758 
f 1760/1760/1760 1759/1759/1759 1761/1761/1761 
f 1764/1764/1764 1759/1759/1759 1766/1766/1766 
f 1762/1762/1762 1759/1759/1759 1763/1763/1763 
f 1767/1767/1767 1759/1759/1759 1768/1768/1768 
f 1769/1769/1769 1759/1759/1759 1770/1770/1770 
f 1771/1771/1771 1759/1759/1759 1772/1772/1772 
f 1768/1768/1768 1759/1759/1759 1773/1773/1773 
f 1770/1770/1770 1759/1759/1759 1767/1767/1767 
f 1766/1766/1766 1759/1759/1759 1771/1771/1771 
f 1772/1772/1772 1759/1759/1759 1769/1769/1769 

g R6Bacon2

v -6.093 0.455507 17.5835 
v -6.09301 0.000969052 17.5835 
v -6.74757 0.000967979 17.5835 
v -6.74757 0.455507 17.5835 
v -6.74762 1.4703 18.4371 
v -6.78077 1.4703 18.4099 
v -6.78077 1.42143 18.4098 
v -6.74761 1.42143 18.4371 
v -6.74762 1.4703 18.4371 
v -6.74762 1.8037 18.4371 
v -6.78077 1.8037 18.4099 
v -6.78077 1.4703 18.4099 
v -6.74758 1.80379 17.5835 
v -6.03486 1.80374 17.5835 
v -6.03486 1.47029 17.5835 
v -6.74757 1.47029 17.5835 
v -6.78077 1.8037 18.4099 
v -6.78077 1.80379 17.6115 
v -6.78077 1.47029 17.6115 
v -6.78077 1.4703 18.4099 
v -6.74761 1.42143 18.4371 
v -6.09299 1.42143 18.4371 
v -6.03486 1.4703 18.4371 
v -6.74762 1.4703 18.4371 
v -6.09299 1.42143 17.5835 
v -6.74757 1.42143 17.5835 
v -6.78077 1.42143 17.6115 
v -6.78077 1.42143 18.4098 
v -6.78077 1.4703 18.4099 
v -6.78077 1.47029 17.6115 
v -6 1.8037 18.41 
v -6 1.80374 17.6115 
v -6 2.0295 17.6115 
v -6 2.02951 18.41 
v -6.05938 1.42143 17.6115 
v -6 1.47029 17.6115 
v -6 1.4703 18.41 
v -6.05938 1.42143 18.4099 
v -6.05938 0.478302 18.4099 
v -6.05938 0.03449 18.4099 
v -6.05938 0.03449 17.6115 
v -6.05938 0.478302 17.6115 
v -6.78077 1.47029 17.6115 
v -6.74757 1.47029 17.5835 
v -6.74757 1.42143 17.5835 
v -6.78077 1.42143 17.6115 
v -6.78077 0.47837 17.6115 
v -6.78077 0.034591 17.6115 
v -6.78077 0.03449 18.4099 
v -6.78077 0.478301 18.4099 
v -6.093 0.478302 18.4371 
v -6.09301 0.03449 18.4371 
v -6.05938 0.03449 18.4099 
v -6.05938 0.478302 18.4099 
v -6 1.4703 18.41 
v -6.03486 1.4703 18.4371 
v -6.09299 1.42143 18.4371 
v -6.05938 1.42143 18.4099 
v -6 1.4703 18.41 
v -6 1.8037 18.41 
v -6.03486 1.8037 18.4371 
v -6.03486 1.4703 18.4371 
v -6.05938 1.42143 17.6115 
v -6.09299 1.42143 17.5835 
v -6.03486 1.47029 17.5835 
v -6 1.47029 17.6115 
v -6.03486 1.47029 17.5835 
v -6.03486 1.80374 17.5835 
v -6 1.80374 17.6115 
v -6 1.47029 17.6115 
v -6.05938 0.478302 17.6115 
v -6.05938 0.03449 17.6115 
v -6.09301 0.000969052 17.5835 
v -6.093 0.455507 17.5835 
v -6.78077 0.47837 17.6115 
v -6.74757 0.455507 17.5835 
v -6.74757 0.000967979 17.5835 
v -6.78077 0.034591 17.6115 
v -6.78077 0.478301 18.4099 
v -6.78077 0.03449 18.4099 
v -6.74757 0.03449 18.4371 
v -6.74759 0.478301 18.4371 
v -6.78077 1.47029 17.6115 
v -6.78077 1.80379 17.6115 
v -6.74758 1.80379 17.5835 
v -6.74757 1.47029 17.5835 
v -6.09301 0.000969052 17.5835 
v -6.09299 0.000969052 18.4098 
v -6.74763 0.000969052 18.4099 
v -6.74757 0.000967979 17.5835 
v -6.74762 2.0295 18.4371 
v -6.78077 2.02951 18.4099 
v -6.78077 1.8037 18.4099 
v -6.74762 1.8037 18.4371 
v -6.74759 2.02951 17.5835 
v -6.03485 2.02951 17.5835 
v -6.78077 2.02951 18.4099 
v -6.78076 2.0295 17.6115 
v -6 1.4703 18.41 
v -6 1.47029 17.6115 
v -6 1.80374 17.6115 
v -6 1.8037 18.41 
v -6 2.02951 18.41 
v -6.03485 2.0295 18.4371 
v -6.03486 1.8037 18.4371 
v -6 1.8037 18.41 
v -6.03485 2.02951 17.5835 
v -6 2.0295 17.6115 
v -6 1.80374 17.6115 
v -6.03486 1.80374 17.5835 
v -6.78076 2.0295 17.6115 
v -6.74759 2.02951 17.5835 
v -6.74758 1.80379 17.5835 
v -6.78077 1.80379 17.6115 
v -6.74762 1.8037 18.4371 
v -6.74762 1.4703 18.4371 
v -6.03486 1.4703 18.4371 
v -6.03486 1.8037 18.4371 
v -6.74759 0.478301 18.4371 
v -6.74757 0.03449 18.4371 
v -6.09301 0.03449 18.4371 
v -6.093 0.478302 18.4371 
v -6.03485 2.0295 18.4371 
v -6.74762 2.0295 18.4371 
v -6.78077 0.034591 17.6115 
v -6.74757 0.000967979 17.5835 
v -6.74763 0.000969052 18.4099 
v -6.78077 0.03449 18.4099 
v -6.05938 0.03449 18.4099 
v -6.09299 0.000969052 18.4098 
v -6.09301 0.000969052 17.5835 
v -6.05938 0.03449 17.6115 
v -6.78077 0.03449 18.4099 
v -6.74763 0.000969052 18.4099 
v -6.74757 0.03449 18.4371 
v -6.09301 0.03449 18.4371 
v -6.09299 0.000969052 18.4098 
v -6.05938 0.03449 18.4099 
v -6.74757 0.03449 18.4371 
v -6.74763 0.000969052 18.4099 
v -6.09299 0.000969052 18.4098 
v -6.09301 0.03449 18.4371 
v -6.74759 2.02951 17.5835 
v -6.78076 2.0295 17.6115 
v -6.75686 2.06191 17.6359 
v -6.72723 2.06193 17.6103 
v -6.03485 2.02951 17.5835 
v -6.74759 2.02951 17.5835 
v -6.72723 2.06193 17.6103 
v -6.03485 2.06193 17.6103 
v -6.78076 2.0295 17.6115 
v -6.78077 2.02951 18.4099 
v -6.75686 2.06191 18.0088 
v -6.75686 2.06191 17.6359 
v -6 2.02951 18.41 
v -6 2.0295 17.6115 
v -6 2.06191 17.6359 
v -6 2.06191 18.0088 
v -6 2.0295 17.6115 
v -6.03485 2.02951 17.5835 
v -6.03485 2.06193 17.6103 
v -6 2.06191 17.6359 
v -6.03485 2.0295 18.4371 
v -6 2.02951 18.41 
v -6 2.06191 18.3855 
v -6.03485 2.06193 18.411 
v -6.78077 2.02951 18.4099 
v -6.74762 2.0295 18.4371 
v -6.72723 2.06193 18.411 
v -6.75686 2.06191 18.3854 
v -6.74762 2.0295 18.4371 
v -6.03485 2.0295 18.4371 
v -6.03485 2.06193 18.411 
v -6.72723 2.06193 18.411 
v -6.72727 2.40613 18.161 
v -6.72727 2.32538 18.294 
v -6.03481 2.32538 18.294 
v -6.03481 2.40613 18.161 
v -6.72727 2.20451 18.3802 
v -6.03481 2.20451 18.3802 
v -6.72723 2.06193 18.411 
v -6.03485 2.06193 18.411 
v -6.72723 2.06193 17.6103 
v -6.72727 2.20451 17.6455 
v -6.03481 2.20451 17.6455 
v -6.03485 2.06193 17.6103 
v -6.72727 2.32538 17.7317 
v -6.03481 2.32538 17.7317 
v -6.72727 2.40613 17.8566 
v -6.03481 2.40613 17.8566 
v -6.72727 2.43449 18.0088 
v -6.03481 2.43449 18.0088 
v -6.75686 2.31036 18.2777 
v -6.75686 2.38666 18.1525 
v -6.75686 2.06191 18.0088 
v -6.75686 2.19631 18.3589 
v -6.75686 2.06191 18.3854 
v -6.75686 2.19633 17.6662 
v -6.75686 2.06191 17.6359 
v -6.75686 2.31034 17.7474 
v -6.75686 2.38661 17.8653 
v -6.75686 2.41345 18.0088 
v -6 2.38666 18.1525 
v -6 2.31036 18.2777 
v -6 2.06191 18.0088 
v -6 2.19631 18.3589 
v -6 2.19631 18.3589 
v -6 2.06191 18.3855 
v -6 2.06191 18.0088 
v -6 2.06191 17.6359 
v -6 2.19633 17.6662 
v -6 2.31034 17.7474 
v -6 2.38661 17.8653 
v -6 2.41345 18.0088 
v -6.72727 2.32538 18.294 
v -6.72727 2.40613 18.161 
v -6.75686 2.38666 18.1525 
v -6.75686 2.31036 18.2777 
v -6.72727 2.20451 18.3802 
v -6.75686 2.19631 18.3589 
v -6.72723 2.06193 18.411 
v -6.75686 2.06191 18.3854 
v -6.72727 2.20451 17.6455 
v -6.72723 2.06193 17.6103 
v -6.75686 2.06191 17.6359 
v -6.75686 2.19633 17.6662 
v -6.72727 2.32538 17.7317 
v -6.75686 2.31034 17.7474 
v -6.72727 2.40613 17.8566 
v -6.75686 2.38661 17.8653 
v -6.72727 2.43449 18.0088 
v -6.75686 2.41345 18.0088 
v -6.03481 2.40613 18.161 
v -6.03481 2.32538 18.294 
v -6 2.31036 18.2777 
v -6 2.38666 18.1525 
v -6.03481 2.20451 18.3802 
v -6 2.19631 18.3589 
v -6.03481 2.20451 17.6455 
v -6 2.19633 17.6662 
v -6.03481 2.32538 17.7317 
v -6 2.31034 17.7474 
v -6.03481 2.40613 17.8566 
v -6 2.38661 17.8653 
v -6.03481 2.43449 18.0088 
v -6 2.41345 18.0088 
v -6.75686 2.06191 18.0088 
v -6.78077 2.02951 18.4099 
v -6.75686 2.06191 18.3854 
v -6 2.02951 18.41 
v -6 2.06191 18.0088 
v -6 2.06191 18.3855 
v -6.093 0.955069 17.5835 
v -6.093 0.455507 17.5835 
v -6.74757 0.455507 17.5835 
v -6.74757 0.955068 17.5835 
v -6.05938 0.966074 17.6115 
v -6.05938 0.478302 17.6115 
v -6.093 0.455507 17.5835 
v -6.093 0.955069 17.5835 
v -6.05938 0.966074 18.4099 
v -6.05938 0.966074 17.6115 
v -6.093 0.966074 18.4371 
v -6.093 0.478302 18.4371 
v -6.05938 0.478302 18.4099 
v -6.05938 0.966074 18.4099 
v -6.7476 0.966074 18.4371 
v -6.093 0.966074 18.4371 
v -6.78077 0.966074 18.4099 
v -6.78077 0.478301 18.4099 
v -6.74759 0.478301 18.4371 
v -6.7476 0.966074 18.4371 
v -6.78077 0.966107 17.6115 
v -6.78077 0.966074 18.4099 
v -6.78077 0.966107 17.6115 
v -6.74757 0.955068 17.5835 
v -6.74757 0.455507 17.5835 
v -6.78077 0.47837 17.6115 
v -6.09299 1.42143 17.5835 
v -6.74757 1.42143 17.5835 
v -6.05938 1.42143 17.6115 
v -6.09299 1.42143 17.5835 
v -6.05938 1.42143 18.4099 
v -6.05938 1.42143 17.6115 
v -6.09299 1.42143 18.4371 
v -6.05938 1.42143 18.4099 
v -6.74761 1.42143 18.4371 
v -6.09299 1.42143 18.4371 
v -6.78077 1.42143 18.4098 
v -6.74761 1.42143 18.4371 
v -6.78077 1.42143 17.6115 
v -6.78077 1.42143 18.4098 
v -6.74757 1.42143 17.5835 
v -6.78077 1.42143 17.6115 
v -6.78075 0.03449 17.4896 
v -6.78075 0.079551 17.5005 
v -6.74757 0.114991 17.4167 
v -6.74757 0.03449 17.4007 
v -6.78075 0.113566 17.5241 
v -6.74757 0.183236 17.4623 
v -6.78075 0.141458 17.5653 
v -6.74757 0.228837 17.5305 
v -6.78077 0.147096 17.6115 
v -6.74757 0.244849 17.6115 
v -6.69614 0.03449 17.3162 
v -6.69614 0.14732 17.3386 
v -6.63855 0.166958 17.2897 
v -6.63855 0.03449 17.2624 
v -6.69614 0.242973 17.4026 
v -6.63855 0.279854 17.3645 
v -6.69614 0.306886 17.4982 
v -6.63855 0.355804 17.4774 
v -6.69614 0.32933 17.6115 
v -6.63855 0.381376 17.6115 
v -6.5695 0.03449 17.2258 
v -6.5695 0.18191 17.2551 
v -6.49413 0.190889 17.2343 
v -6.49413 0.03449 17.2036 
v -6.5695 0.306886 17.3386 
v -6.49413 0.322154 17.3217 
v -6.5695 0.390393 17.4636 
v -6.49413 0.412848 17.4545 
v -6.5695 0.419716 17.6115 
v -6.49413 0.441701 17.6115 
v -6.78075 0.079551 17.5005 
v -6.78075 0.03449 17.4896 
v -6.78077 0.03449 17.6115 
v -6.78075 0.113566 17.5241 
v -6.78075 0.141458 17.5653 
v -6.78077 0.147096 17.6115 
v -6.74757 0.228837 17.5305 
v -6.74757 0.244849 17.6115 
v -6.74757 0.183236 17.4623 
v -6.74757 0.114991 17.4167 
v -6.74757 0.03449 17.4007 
v -6.78075 0.03449 17.4896 
v -6.74757 0.03449 17.4007 
v -6.71648 0.000967979 17.4165 
v -6.74651 0.000967979 17.5016 
v -6.69614 0.03449 17.3162 
v -6.63855 0.03449 17.2624 
v -6.61781 0.000967979 17.2861 
v -6.66993 0.000967979 17.3371 
v -6.5695 0.03449 17.2258 
v -6.49413 0.03449 17.2036 
v -6.4871 0.000967979 17.231 
v -6.55531 0.000967979 17.2521 
v -6.78077 0.03449 17.6115 
v -6.74651 0.000967979 17.5835 
v -6.74757 0.03449 17.4007 
v -6.71648 0.000967979 17.4165 
v -6.42011 0.451456 17.6115 
v -6.42011 0.419716 17.4515 
v -6.42011 0.32933 17.3162 
v -6.42011 0.194056 17.2258 
v -6.42011 0.03449 17.1941 
v -6.42011 0.03449 17.1941 
v -6.42011 0.000967979 17.2223 
v -6.05947 0.03449 17.4896 
v -6.09265 0.03449 17.4007 
v -6.09265 0.114991 17.4167 
v -6.05947 0.079551 17.5005 
v -6.09265 0.183236 17.4623 
v -6.05947 0.113566 17.5241 
v -6.09265 0.228837 17.5305 
v -6.05947 0.141458 17.5653 
v -6.09265 0.244849 17.6115 
v -6.05946 0.147096 17.6115 
v -6.14409 0.03449 17.3162 
v -6.20168 0.03449 17.2624 
v -6.20168 0.166958 17.2897 
v -6.14409 0.14732 17.3386 
v -6.20168 0.279854 17.3645 
v -6.14409 0.242973 17.4026 
v -6.20168 0.355804 17.4774 
v -6.14409 0.306886 17.4982 
v -6.20168 0.381376 17.6115 
v -6.14409 0.32933 17.6115 
v -6.27073 0.03449 17.2258 
v -6.3461 0.03449 17.2036 
v -6.3461 0.190889 17.2343 
v -6.27073 0.18191 17.2551 
v -6.3461 0.322154 17.3217 
v -6.27073 0.306886 17.3386 
v -6.3461 0.412848 17.4545 
v -6.27073 0.390393 17.4636 
v -6.3461 0.441701 17.6115 
v -6.27073 0.419716 17.6115 
v -6.05947 0.079551 17.5005 
v -6.05946 0.03449 17.6115 
v -6.05947 0.03449 17.4896 
v -6.05947 0.113566 17.5241 
v -6.05947 0.141458 17.5653 
v -6.05946 0.147096 17.6115 
v -6.09265 0.228837 17.5305 
v -6.09265 0.244849 17.6115 
v -6.09265 0.183236 17.4623 
v -6.09265 0.114991 17.4167 
v -6.09265 0.03449 17.4007 
v -6.05947 0.03449 17.4896 
v -6.09372 0.000967979 17.5016 
v -6.12375 0.000967979 17.4165 
v -6.09265 0.03449 17.4007 
v -6.14409 0.03449 17.3162 
v -6.1703 0.000967979 17.3371 
v -6.22242 0.000967979 17.2861 
v -6.20168 0.03449 17.2624 
v -6.27073 0.03449 17.2258 
v -6.28491 0.000967979 17.2521 
v -6.35313 0.000967979 17.231 
v -6.3461 0.03449 17.2036 
v -6.05946 0.03449 17.6115 
v -6.09372 0.000967979 17.5835 
v -6.09265 0.03449 17.4007 
v -6.12375 0.000967979 17.4165 
v -6.74651 0.000967979 17.5016 
v -6.71648 0.000967979 17.4165 
v -6.42011 0.000967979 17.5835 
v -6.66993 0.000967979 17.3371 
v -6.61781 0.000967979 17.2861 
v -6.55531 0.000967979 17.2521 
v -6.4871 0.000967979 17.231 
v -6.74651 0.000967979 17.5835 
v -6.42011 0.000967979 17.2223 
v -6.12375 0.000967979 17.4165 
v -6.09372 0.000967979 17.5016 
v -6.22242 0.000967979 17.2861 
v -6.1703 0.000967979 17.3371 
v -6.35313 0.000967979 17.231 
v -6.28491 0.000967979 17.2521 
v -6.09372 0.000967979 17.5835 

vn 0 0 -1 
vn 0 0 -1 
vn 0 0 -1 
vn 0 0 -1 
vn -0.637795 0 0.771654 
vn -0.637795 0 0.771654 
vn -0.637795 0 0.771654 
vn -0.637795 0 0.771654 
vn -0.637795 0 0.771654 
vn -0.637795 0 0.771654 
vn -0.637795 0 0.771654 
vn -0.637795 0 0.771654 
vn 0 0 -1 
vn 0 0 -1 
vn 0 0 -1 
vn 0 0 -1 
vn -1 0 0 
vn -1 0 0 
vn -1 0 0 
vn -1 0 0 
vn 0 0 1 
vn 0 0 1 
vn 0 0 1 
vn 0 0 1 
vn 0 0 -1 
vn 0 0 -1 
vn -1 0 0 
vn -1 0 0 
vn -1 0 0 
vn -1 0 0 
vn 1 0 0 
vn 1 0 0 
vn 1 0 0 
vn 1 0 0 
vn 0.637795 -0.771654 0 
vn 0.637795 -0.771654 0 
vn 0.637795 -0.771654 0 
vn 0.637795 -0.771654 0 
vn 1 0 0 
vn 1 0 0 
vn 1 0 0 
vn 1 0 0 
vn -0.645669 0 -0.76378 
vn -0.645669 0 -0.76378 
vn -0.645669 0 -0.76378 
vn -0.645669 0 -0.76378 
vn -1 0 0 
vn -1 0 0 
vn -1 0 0 
vn -1 0 0 
vn 0.629921 0 0.779528 
vn 0.629921 0 0.779528 
vn 0.629921 0 0.779528 
vn 0.629921 0 0.779528 
vn 0.496063 -0.598425 0.629921 
vn 0.496063 -0.598425 0.629921 
vn 0.496063 -0.598425 0.629921 
vn 0.496063 -0.598425 0.629921 
vn 0.614173 0 0.787402 
vn 0.614173 0 0.787402 
vn 0.614173 0 0.787402 
vn 0.614173 0 0.787402 
vn 0.503937 -0.606299 -0.614173 
vn 0.503937 -0.606299 -0.614173 
vn 0.503937 -0.606299 -0.614173 
vn 0.503937 -0.606299 -0.614173 
vn 0.629921 0 -0.779528 
vn 0.629921 0 -0.779528 
vn 0.629921 0 -0.779528 
vn 0.629921 0 -0.779528 
vn 0.637795 0 -0.771654 
vn 0.637795 0 -0.771654 
vn 0.637795 0 -0.771654 
vn 0.637795 0 -0.771654 
vn -0.645669 0 -0.76378 
vn -0.645669 0 -0.76378 
vn -0.645669 0 -0.76378 
vn -0.645669 0 -0.76378 
vn -0.629921 0 0.771654 
vn -0.629921 0 0.771654 
vn -0.629921 0 0.771654 
vn -0.629921 0 0.771654 
vn -0.645669 0 -0.76378 
vn -0.645669 0 -0.76378 
vn -0.645669 0 -0.76378 
vn -0.645669 0 -0.76378 
vn 0 -1 0 
vn 0 -1 0 
vn 0 -1 0 
vn 0 -1 0 
vn -0.637795 0 0.771654 
vn -0.637795 0 0.771654 
vn -0.637795 0 0.771654 
vn -0.637795 0 0.771654 
vn 0 0 -1 
vn 0 0 -1 
vn -1 0 0 
vn -1 0 0 
vn 1 0 0 
vn 1 0 0 
vn 1 0 0 
vn 1 0 0 
vn 0.582677 0.275591 0.76378 
vn 0.582677 0.275591 0.76378 
vn 0.614173 0 0.787402 
vn 0.614173 0 0.787402 
vn 0.598425 0.275591 -0.755906 
vn 0.598425 0.275591 -0.755906 
vn 0.629921 0 -0.779528 
vn 0.629921 0 -0.779528 
vn -0.645669 0 -0.76378 
vn -0.645669 0 -0.76378 
vn -0.645669 0 -0.76378 
vn -0.645669 0 -0.76378 
vn 0 0 1 
vn 0 0 1 
vn 0 0 1 
vn 0 0 1 
vn 0 0 1 
vn 0 0 1 
vn 0 0 1 
vn 0 0 1 
vn 0 0 1 
vn 0 0 1 
vn -0.708661 -0.700787 0 
vn -0.708661 -0.700787 0 
vn -0.708661 -0.700787 0 
vn -0.708661 -0.700787 0 
vn 0.708661 -0.708661 0 
vn 0.708661 -0.708661 0 
vn 0.708661 -0.708661 0 
vn 0.708661 -0.708661 0 
vn -0.535433 -0.527559 0.653543 
vn -0.535433 -0.527559 0.653543 
vn -0.535433 -0.527559 0.653543 
vn 0.527559 -0.535433 0.661417 
vn 0.527559 -0.535433 0.661417 
vn 0.527559 -0.535433 0.661417 
vn 0 -0.629921 0.779528 
vn 0 -0.629921 0.779528 
vn 0 -0.629921 0.779528 
vn 0 -0.629921 0.779528 
vn -0.448819 0.724409 -0.527559 
vn -0.448819 0.724409 -0.527559 
vn -0.448819 0.724409 -0.527559 
vn -0.448819 0.724409 -0.527559 
vn 0 0.637795 -0.771654 
vn 0 0.637795 -0.771654 
vn 0 0.637795 -0.771654 
vn 0 0.637795 -0.771654 
vn -0.80315 0.590551 0 
vn -0.80315 0.590551 0 
vn -0.80315 0.590551 0 
vn -0.80315 0.590551 0 
vn 1 0 0 
vn 1 0 0 
vn 1 0 0 
vn 1 0 0 
vn 0.598425 0.275591 -0.755906 
vn 0.598425 0.275591 -0.755906 
vn 0.551181 0.370079 -0.748031 
vn 0.551181 0.370079 -0.748031 
vn 0.582677 0.275591 0.76378 
vn 0.582677 0.275591 0.76378 
vn 0.551181 0.354331 0.755906 
vn 0.551181 0.354331 0.755906 
vn -0.448819 0.716535 0.535433 
vn -0.448819 0.716535 0.535433 
vn -0.448819 0.716535 0.535433 
vn -0.448819 0.716535 0.535433 
vn 0 0.629921 0.779528 
vn 0 0.629921 0.779528 
vn 0 0.629921 0.779528 
vn 0 0.629921 0.779528 
vn 0 0.937008 0.354331 
vn 0 0.732283 0.677165 
vn 0 0.732283 0.677165 
vn 0 0.937008 0.354331 
vn 0 0.401575 0.913386 
vn 0 0.401575 0.913386 
vn 0 0.212598 0.976378 
vn 0 0.212598 0.976378 
vn 0 0.23622 -0.968504 
vn 0 0.417323 -0.905512 
vn 0 0.417323 -0.905512 
vn 0 0.23622 -0.968504 
vn 0 0.724409 -0.692913 
vn 0 0.724409 -0.692913 
vn 0 0.929134 -0.370079 
vn 0 0.929134 -0.370079 
vn 0 1 0 
vn 0 1 0 
vn -1 0 0 
vn -1 0 0 
vn -1 0 0 
vn -1 0 0 
vn -1 0 0 
vn -1 0 0 
vn -1 0 0 
vn -1 0 0 
vn -1 0 0 
vn -1 0 0 
vn 1 0 0 
vn 1 0 0 
vn 1 0 0 
vn 1 0 0 
vn 1 0 0 
vn 1 0 0 
vn 1 0 0 
vn 1 0 0 
vn 1 0 0 
vn 1 0 0 
vn 1 0 0 
vn 1 0 0 
vn -0.598425 0.590551 0.543307 
vn -0.582677 0.755906 0.291339 
vn -0.582677 0.755906 0.291339 
vn -0.598425 0.590551 0.543307 
vn -0.622047 0.314961 0.716535 
vn -0.622047 0.314961 0.716535 
vn -0.622047 0.15748 0.76378 
vn -0.622047 0.15748 0.76378 
vn -0.614173 0.330709 -0.716535 
vn -0.622047 0.181102 -0.76378 
vn -0.622047 0.181102 -0.76378 
vn -0.614173 0.330709 -0.716535 
vn -0.590551 0.582677 -0.559055 
vn -0.590551 0.582677 -0.559055 
vn -0.582677 0.755906 -0.299213 
vn -0.582677 0.755906 -0.299213 
vn -0.582677 0.811024 0 
vn -0.582677 0.811024 0 
vn 0.519685 0.795276 0.307087 
vn 0.535433 0.622047 0.574803 
vn 0.535433 0.622047 0.574803 
vn 0.519685 0.795276 0.307087 
vn 0.559055 0.330709 0.76378 
vn 0.559055 0.330709 0.76378 
vn 0.551181 0.346457 -0.755906 
vn 0.551181 0.346457 -0.755906 
vn 0.527559 0.614173 -0.582677 
vn 0.527559 0.614173 -0.582677 
vn 0.519685 0.795276 -0.314961 
vn 0.519685 0.795276 -0.314961 
vn 0.519685 0.858268 0 
vn 0.519685 0.858268 0 
vn -0.80315 0.590551 0 
vn -0.80315 0.590551 0 
vn -0.80315 0.590551 0 
vn 1 0 0 
vn 1 0 0 
vn 1 0 0 
vn 0 0 -1 
vn 0 0 -1 
vn 0 0 -1 
vn 0 0 -1 
vn 0.637795 0 -0.771654 
vn 0.637795 0 -0.771654 
vn 0.637795 0 -0.771654 
vn 0.637795 0 -0.771654 
vn 1 0 0 
vn 1 0 0 
vn 0.629921 0 0.779528 
vn 0.629921 0 0.779528 
vn 0.629921 0 0.779528 
vn 0.629921 0 0.779528 
vn 0 0 1 
vn 0 0 1 
vn -0.637795 0 0.771654 
vn -0.629921 0 0.771654 
vn -0.629921 0 0.771654 
vn -0.637795 0 0.771654 
vn -1 0 0 
vn -1 0 0 
vn -0.645669 0 -0.76378 
vn -0.645669 0 -0.76378 
vn -0.645669 0 -0.76378 
vn -0.645669 0 -0.76378 
vn 0 0 -1 
vn 0 0 -1 
vn 0.637795 0 -0.771654 
vn 0.637795 0 -0.771654 
vn 1 0 0 
vn 1 0 0 
vn 0.629921 0 0.779528 
vn 0.629921 0 0.779528 
vn 0 0 1 
vn 0 0 1 
vn -0.637795 0 0.771654 
vn -0.637795 0 0.771654 
vn -1 0 0 
vn -1 0 0 
vn -0.645669 0 -0.76378 
vn -0.645669 0 -0.76378 
vn -0.937008 0.0708661 -0.346457 
vn -0.937008 0.133858 -0.314961 
vn -0.937008 0.133858 -0.314961 
vn -0.937008 0.0708661 -0.346457 
vn -0.944882 0.23622 -0.23622 
vn -0.944882 0.23622 -0.23622 
vn -0.944882 0.307087 -0.125984 
vn -0.944882 0.307087 -0.125984 
vn -0.944882 0.330709 -0.0551181 
vn -0.944882 0.330709 -0.0551181 
vn -0.771654 0.125984 -0.629921 
vn -0.771654 0.244094 -0.582677 
vn -0.582677 0.314961 -0.748031 
vn -0.574803 0.165354 -0.80315 
vn -0.771654 0.448819 -0.448819 
vn -0.582677 0.574803 -0.574803 
vn -0.771654 0.582677 -0.244094 
vn -0.582677 0.748031 -0.307087 
vn -0.76378 0.629921 -0.125984 
vn -0.574803 0.80315 -0.15748 
vn -0.377953 0.181102 -0.905512 
vn -0.385827 0.354331 -0.850394 
vn -0.204724 0.370079 -0.905512 
vn -0.204724 0.188976 -0.96063 
vn -0.385827 0.653543 -0.653543 
vn -0.204724 0.692913 -0.692913 
vn -0.385827 0.850394 -0.354331 
vn -0.204724 0.905512 -0.370079 
vn -0.385827 0.905512 -0.173228 
vn -0.204724 0.96063 -0.181102 
vn -1 0 0 
vn -1 0 0 
vn -1 0 0 
vn -1 0 0 
vn -1 0 0 
vn -1 0 0 
vn -0.858268 0.480315 -0.19685 
vn -0.850394 0.519685 -0.102362 
vn -0.850394 0.370079 -0.370079 
vn -0.858268 0.19685 -0.480315 
vn -0.850394 0.102362 -0.519685 
vn -0.677165 -0.724409 -0.11811 
vn -0.645669 -0.724409 -0.23622 
vn -0.645669 -0.724409 -0.23622 
vn -0.677165 -0.724409 -0.11811 
vn -0.551181 -0.708661 -0.440945 
vn -0.425197 -0.685039 -0.590551 
vn -0.425197 -0.685039 -0.590551 
vn -0.551181 -0.708661 -0.440945 
vn -0.283465 -0.661417 -0.692913 
vn -0.15748 -0.645669 -0.748031 
vn -0.15748 -0.645669 -0.748031 
vn -0.283465 -0.661417 -0.692913 
vn -0.700787 -0.716535 0 
vn -0.700787 -0.716535 0 
vn -0.606299 -0.708661 -0.362205 
vn -0.606299 -0.708661 -0.362205 
vn 0 0.984252 -0.188976 
vn 0 0.92126 -0.377953 
vn 0 0.708661 -0.708661 
vn 0 0.377953 -0.92126 
vn 0 0.19685 -0.984252 
vn 0 -0.645669 -0.76378 
vn 0 -0.645669 -0.76378 
vn 0.937008 0.0708661 -0.346457 
vn 0.937008 0.0708661 -0.346457 
vn 0.937008 0.133858 -0.314961 
vn 0.937008 0.133858 -0.314961 
vn 0.944882 0.23622 -0.23622 
vn 0.944882 0.23622 -0.23622 
vn 0.944882 0.307087 -0.125984 
vn 0.944882 0.307087 -0.125984 
vn 0.944882 0.330709 -0.0551181 
vn 0.944882 0.330709 -0.0551181 
vn 0.771654 0.125984 -0.629921 
vn 0.574803 0.165354 -0.80315 
vn 0.582677 0.314961 -0.748031 
vn 0.771654 0.244094 -0.582677 
vn 0.582677 0.574803 -0.574803 
vn 0.771654 0.448819 -0.448819 
vn 0.582677 0.748031 -0.307087 
vn 0.771654 0.582677 -0.244094 
vn 0.574803 0.80315 -0.15748 
vn 0.76378 0.629921 -0.125984 
vn 0.377953 0.181102 -0.905512 
vn 0.204724 0.188976 -0.96063 
vn 0.204724 0.370079 -0.905512 
vn 0.385827 0.354331 -0.850394 
vn 0.204724 0.692913 -0.692913 
vn 0.385827 0.653543 -0.653543 
vn 0.204724 0.905512 -0.370079 
vn 0.385827 0.850394 -0.354331 
vn 0.204724 0.96063 -0.181102 
vn 0.385827 0.905512 -0.173228 
vn 1 0 0 
vn 1 0 0 
vn 1 0 0 
vn 1 0 0 
vn 1 0 0 
vn 1 0 0 
vn 0.858268 0.480315 -0.19685 
vn 0.850394 0.519685 -0.102362 
vn 0.850394 0.370079 -0.370079 
vn 0.858268 0.19685 -0.480315 
vn 0.850394 0.102362 -0.519685 
vn 0.677165 -0.724409 -0.11811 
vn 0.677165 -0.724409 -0.11811 
vn 0.645669 -0.724409 -0.23622 
vn 0.645669 -0.724409 -0.23622 
vn 0.551181 -0.708661 -0.440945 
vn 0.551181 -0.708661 -0.440945 
vn 0.425197 -0.685039 -0.590551 
vn 0.425197 -0.685039 -0.590551 
vn 0.283465 -0.661417 -0.692913 
vn 0.283465 -0.661417 -0.692913 
vn 0.15748 -0.645669 -0.748031 
vn 0.15748 -0.645669 -0.748031 
vn 0.700787 -0.716535 0 
vn 0.700787 -0.716535 0 
vn 0.606299 -0.708661 -0.362205 
vn 0.606299 -0.708661 -0.362205 
vn 0 -1 0 
vn 0 -1 0 
vn 0 -1 0 
vn 0 -1 0 
vn 0 -1 0 
vn 0 -1 0 
vn 0 -1 0 
vn 0 -1 0 
vn 0 -1 0 
vn 0 -1 0 
vn 0 -1 0 
vn 0 -1 0 
vn 0 -1 0 
vn 0 -1 0 
vn 0 -1 0 
vn 0 -1 0 

vt 0.629735 0.868901 
vt 0.609496 0.868901 
vt 0.609496 0.75755 
vt 0.629735 0.75755 
vt 0.677014 0.618454 
vt 0.677014 0.625444 
vt 0.67415 0.625444 
vt 0.67415 0.618454 
vt 0.677014 0.618454 
vt 0.692643 0.618454 
vt 0.692643 0.625444 
vt 0.677014 0.625444 
vt 0.692643 0.75755 
vt 0.692643 0.868901 
vt 0.677014 0.868901 
vt 0.677014 0.75755 
vt 0.692643 0.625444 
vt 0.692643 0.749551 
vt 0.677014 0.749551 
vt 0.677014 0.625444 
vt 0.67415 0.618454 
vt 0.67415 0.506879 
vt 0.677014 0.506879 
vt 0.677014 0.618454 
vt 0.674515 0.868901 
vt 0.67415 0.75755 
vt 0.67415 0.749551 
vt 0.67415 0.625444 
vt 0.677014 0.625444 
vt 0.677014 0.749551 
vt 0.692643 0.999594 
vt 0.692643 0.87549 
vt 0.703541 0.87549 
vt 0.703541 0.999591 
vt 0.67415 0.87549 
vt 0.677014 0.87549 
vt 0.677014 0.999592 
vt 0.67415 0.999585 
vt 0.629735 0.999585 
vt 0.609496 0.999585 
vt 0.609496 0.87549 
vt 0.629735 0.87549 
vt 0.677014 0.749551 
vt 0.677014 0.75755 
vt 0.67415 0.75755 
vt 0.67415 0.749551 
vt 0.629735 0.749551 
vt 0.609496 0.74946 
vt 0.609496 0.625444 
vt 0.629735 0.625444 
vt 0.629735 0.506879 
vt 0.609496 0.506879 
vt 0.609496 0.500404 
vt 0.629735 0.500404 
vt 0.677014 0.500404 
vt 0.677014 0.506879 
vt 0.67415 0.506879 
vt 0.67415 0.500404 
vt 0.677014 0.500404 
vt 0.692643 0.500404 
vt 0.692643 0.506879 
vt 0.677014 0.506879 
vt 0.674305 0.87549 
vt 0.674515 0.868901 
vt 0.677014 0.868901 
vt 0.677014 0.87549 
vt 0.677014 0.868901 
vt 0.692643 0.868901 
vt 0.692643 0.87549 
vt 0.677014 0.87549 
vt 0.629735 0.87549 
vt 0.609496 0.87549 
vt 0.609496 0.868901 
vt 0.629735 0.868901 
vt 0.629735 0.749551 
vt 0.629735 0.75755 
vt 0.609496 0.75755 
vt 0.609496 0.74946 
vt 0.629735 0.625444 
vt 0.609496 0.625444 
vt 0.609496 0.618454 
vt 0.629735 0.618454 
vt 0.677014 0.749551 
vt 0.692643 0.749551 
vt 0.692643 0.75755 
vt 0.677014 0.75755 
vt 0.506675 0.317931 
vt 0.506675 0.238663 
vt 0.547721 0.238663 
vt 0.547721 0.317931 
vt 0.703541 0.618454 
vt 0.703541 0.625444 
vt 0.692643 0.625444 
vt 0.692643 0.618454 
vt 0.703541 0.75755 
vt 0.703541 0.868901 
vt 0.703541 0.625444 
vt 0.703541 0.749551 
vt 0.677014 0.999592 
vt 0.677014 0.87549 
vt 0.692643 0.87549 
vt 0.692643 0.999594 
vt 0.703541 0.500404 
vt 0.703541 0.506879 
vt 0.692643 0.506879 
vt 0.692643 0.500404 
vt 0.703541 0.868901 
vt 0.703541 0.87549 
vt 0.692643 0.87549 
vt 0.692643 0.868901 
vt 0.703541 0.749551 
vt 0.703541 0.75755 
vt 0.692643 0.75755 
vt 0.692643 0.749551 
vt 0.692643 0.618454 
vt 0.677014 0.618454 
vt 0.677014 0.506879 
vt 0.692643 0.506879 
vt 0.629735 0.618454 
vt 0.609496 0.618454 
vt 0.609496 0.506879 
vt 0.629735 0.506879 
vt 0.703541 0.506879 
vt 0.703541 0.618454 
vt 0.550462 0.317931 
vt 0.547721 0.317931 
vt 0.547721 0.238663 
vt 0.550462 0.238663 
vt 0.504002 0.238663 
vt 0.506675 0.238663 
vt 0.506675 0.317931 
vt 0.503958 0.317931 
vt 0.550462 0.238663 
vt 0.547721 0.238663 
vt 0.550462 0.234446 
vt 0.504002 0.234446 
vt 0.506675 0.238663 
vt 0.504002 0.238663 
vt 0.550462 0.234446 
vt 0.547721 0.238663 
vt 0.506675 0.238663 
vt 0.504002 0.234446 
vt 0.43241 0.23471 
vt 0.433599 0.23471 
vt 0.433599 0.238651 
vt 0.43241 0.238651 
vt 0.410882 0.23471 
vt 0.43241 0.23471 
vt 0.43241 0.238651 
vt 0.410882 0.238651 
vt 0.445733 0.259475 
vt 0.445733 0.337326 
vt 0.444478 0.298104 
vt 0.444478 0.261781 
vt 0.39827 0.335945 
vt 0.39827 0.257535 
vt 0.399212 0.259979 
vt 0.399212 0.296722 
vt 0.40962 0.23471 
vt 0.410882 0.23471 
vt 0.410882 0.238651 
vt 0.40962 0.238651 
vt 0.410882 0.358885 
vt 0.40962 0.358885 
vt 0.40962 0.354954 
vt 0.410882 0.354954 
vt 0.433599 0.358885 
vt 0.43241 0.358885 
vt 0.43241 0.354954 
vt 0.433599 0.354954 
vt 0.43241 0.358885 
vt 0.410882 0.358885 
vt 0.410882 0.354954 
vt 0.43241 0.354954 
vt 0.43241 0.312666 
vt 0.43241 0.327169 
vt 0.410882 0.327169 
vt 0.410882 0.312113 
vt 0.43241 0.341174 
vt 0.410882 0.341174 
vt 0.43241 0.354954 
vt 0.410882 0.354954 
vt 0.43241 0.238651 
vt 0.43241 0.253188 
vt 0.410882 0.253188 
vt 0.410882 0.238651 
vt 0.43241 0.267379 
vt 0.410882 0.267379 
vt 0.43241 0.28254 
vt 0.410882 0.281344 
vt 0.43241 0.297778 
vt 0.410882 0.296512 
vt 0.436107 0.324624 
vt 0.433599 0.312367 
vt 0.444478 0.298104 
vt 0.439645 0.332452 
vt 0.444478 0.334851 
vt 0.44012 0.264071 
vt 0.444478 0.261781 
vt 0.436516 0.271361 
vt 0.433599 0.283023 
vt 0.433599 0.297992 
vt 0.40962 0.311624 
vt 0.406855 0.324129 
vt 0.399212 0.296722 
vt 0.403274 0.331509 
vt 0.403274 0.331509 
vt 0.399212 0.333596 
vt 0.399212 0.296722 
vt 0.399212 0.259979 
vt 0.403453 0.262687 
vt 0.407022 0.270321 
vt 0.40962 0.281736 
vt 0.40962 0.296289 
vt 0.43241 0.327169 
vt 0.43241 0.312666 
vt 0.433599 0.312367 
vt 0.433599 0.327169 
vt 0.43241 0.341174 
vt 0.433599 0.341174 
vt 0.43241 0.354954 
vt 0.433599 0.354954 
vt 0.43241 0.253188 
vt 0.43241 0.238651 
vt 0.433599 0.238651 
vt 0.433599 0.253188 
vt 0.43241 0.267379 
vt 0.433599 0.267379 
vt 0.43241 0.28254 
vt 0.433599 0.283023 
vt 0.43241 0.297778 
vt 0.433599 0.297992 
vt 0.410882 0.312113 
vt 0.410882 0.327169 
vt 0.40962 0.327169 
vt 0.40962 0.311624 
vt 0.410882 0.341174 
vt 0.40962 0.341174 
vt 0.410882 0.253188 
vt 0.40962 0.253188 
vt 0.410882 0.267379 
vt 0.40962 0.267379 
vt 0.410882 0.281344 
vt 0.40962 0.281736 
vt 0.410882 0.296512 
vt 0.40962 0.296289 
vt 0.444478 0.298104 
vt 0.445733 0.337326 
vt 0.444478 0.334851 
vt 0.39827 0.335945 
vt 0.399212 0.296722 
vt 0.399212 0.333596 
vt 0.652695 0.868901 
vt 0.629735 0.868901 
vt 0.629735 0.75755 
vt 0.652695 0.75755 
vt 0.652695 0.87549 
vt 0.629735 0.87549 
vt 0.629735 0.868901 
vt 0.652695 0.868901 
vt 0.652695 0.999585 
vt 0.652695 0.87549 
vt 0.652695 0.506879 
vt 0.629735 0.506879 
vt 0.629735 0.500404 
vt 0.652695 0.500404 
vt 0.652695 0.618454 
vt 0.652695 0.506879 
vt 0.652695 0.625444 
vt 0.629735 0.625444 
vt 0.629735 0.618454 
vt 0.652695 0.618454 
vt 0.652695 0.749551 
vt 0.652695 0.625444 
vt 0.652695 0.749551 
vt 0.652695 0.75755 
vt 0.629735 0.75755 
vt 0.629735 0.749551 
vt 0.674515 0.868901 
vt 0.67415 0.75755 
vt 0.674305 0.87549 
vt 0.674515 0.868901 
vt 0.67415 0.999585 
vt 0.67415 0.87549 
vt 0.67415 0.506879 
vt 0.67415 0.500404 
vt 0.67415 0.618454 
vt 0.67415 0.506879 
vt 0.67415 0.625444 
vt 0.67415 0.618454 
vt 0.67415 0.749551 
vt 0.67415 0.625444 
vt 0.67415 0.75755 
vt 0.67415 0.749551 
vt 0.609496 0.75755 
vt 0.611419 0.75755 
vt 0.61281 0.766128 
vt 0.609496 0.766128 
vt 0.613221 0.755644 
vt 0.615771 0.766128 
vt 0.614756 0.752527 
vt 0.618898 0.766128 
vt 0.614874 0.749551 
vt 0.622697 0.766128 
vt 0.609496 0.775854 
vt 0.613235 0.775854 
vt 0.613593 0.784646 
vt 0.609496 0.784646 
vt 0.616442 0.775854 
vt 0.616835 0.784646 
vt 0.62119 0.775854 
vt 0.621904 0.784646 
vt 0.626502 0.775854 
vt 0.628059 0.784646 
vt 0.609496 0.793588 
vt 0.613831 0.793588 
vt 0.613868 0.803095 
vt 0.609496 0.803095 
vt 0.617213 0.793588 
vt 0.617543 0.803095 
vt 0.622454 0.793588 
vt 0.622715 0.803095 
vt 0.628864 0.793588 
vt 0.62939 0.803095 
vt 0.611419 0.75755 
vt 0.609496 0.75755 
vt 0.609496 0.74946 
vt 0.613221 0.755644 
vt 0.614756 0.752527 
vt 0.614874 0.749551 
vt 0.618898 0.766128 
vt 0.622697 0.766128 
vt 0.615771 0.766128 
vt 0.61281 0.766128 
vt 0.609496 0.766128 
vt 0.550462 0.330226 
vt 0.550462 0.342941 
vt 0.547606 0.339435 
vt 0.547606 0.328727 
vt 0.550462 0.358546 
vt 0.544347 0.358546 
vt 0.542299 0.354463 
vt 0.547606 0.354463 
vt 0.538943 0.358546 
vt 0.533011 0.358546 
vt 0.532356 0.354463 
vt 0.537544 0.354463 
vt 0.550462 0.317931 
vt 0.547684 0.317931 
vt 0.550462 0.342941 
vt 0.547606 0.339435 
vt 0.629526 0.81216 
vt 0.622816 0.81216 
vt 0.617559 0.81216 
vt 0.613886 0.81216 
vt 0.609496 0.81216 
vt 0.527218 0.358546 
vt 0.527312 0.354463 
vt 0.609496 0.868901 
vt 0.609496 0.859619 
vt 0.61261 0.859619 
vt 0.611419 0.868901 
vt 0.615635 0.859619 
vt 0.613221 0.869669 
vt 0.618523 0.859619 
vt 0.614756 0.871589 
vt 0.622427 0.859619 
vt 0.614874 0.875527 
vt 0.609496 0.850154 
vt 0.609496 0.840754 
vt 0.613617 0.840754 
vt 0.613268 0.850154 
vt 0.61676 0.840754 
vt 0.616344 0.850154 
vt 0.621758 0.840754 
vt 0.62097 0.850154 
vt 0.627949 0.840754 
vt 0.626328 0.850154 
vt 0.609496 0.831465 
vt 0.609496 0.822013 
vt 0.613872 0.822013 
vt 0.613845 0.831465 
vt 0.617521 0.822013 
vt 0.617165 0.831465 
vt 0.62267 0.822013 
vt 0.622352 0.831465 
vt 0.629356 0.822013 
vt 0.628793 0.831465 
vt 0.611419 0.868901 
vt 0.609496 0.87549 
vt 0.609496 0.868901 
vt 0.613221 0.869669 
vt 0.614756 0.871589 
vt 0.614874 0.875527 
vt 0.618523 0.859619 
vt 0.622427 0.859619 
vt 0.615635 0.859619 
vt 0.61261 0.859619 
vt 0.609496 0.859619 
vt 0.503958 0.330314 
vt 0.506754 0.32883 
vt 0.506754 0.339446 
vt 0.503958 0.343043 
vt 0.503958 0.358546 
vt 0.506754 0.354463 
vt 0.512087 0.354463 
vt 0.510062 0.358546 
vt 0.51543 0.358546 
vt 0.51681 0.354463 
vt 0.52211 0.354463 
vt 0.521425 0.358546 
vt 0.503958 0.317931 
vt 0.50667 0.317931 
vt 0.503958 0.343043 
vt 0.506754 0.339446 
vt 0.547606 0.328727 
vt 0.547606 0.339435 
vt 0.527174 0.317931 
vt 0.547606 0.354463 
vt 0.542299 0.354463 
vt 0.537544 0.354463 
vt 0.532356 0.354463 
vt 0.547684 0.317931 
vt 0.527312 0.354463 
vt 0.506754 0.339446 
vt 0.506754 0.32883 
vt 0.512087 0.354463 
vt 0.506754 0.354463 
vt 0.52211 0.354463 
vt 0.51681 0.354463 
vt 0.50667 0.317931 

usemtl R6Bacon1Mtl

f 1774/1774/1774 1775/1775/1775 1776/1776/1776 
f 1774/1774/1774 1776/1776/1776 1777/1777/1777 
f 1778/1778/1778 1779/1779/1779 1780/1780/1780 
f 1778/1778/1778 1780/1780/1780 1781/1781/1781 
f 1782/1782/1782 1783/1783/1783 1784/1784/1784 
f 1782/1782/1782 1784/1784/1784 1785/1785/1785 
f 1786/1786/1786 1787/1787/1787 1788/1788/1788 
f 1786/1786/1786 1788/1788/1788 1789/1789/1789 
f 1790/1790/1790 1791/1791/1791 1792/1792/1792 
f 1790/1790/1790 1792/1792/1792 1793/1793/1793 
f 1794/1794/1794 1795/1795/1795 1796/1796/1796 
f 1794/1794/1794 1796/1796/1796 1797/1797/1797 
f 1788/1788/1788 1798/1798/1798 1799/1799/1799 
f 1788/1788/1788 1799/1799/1799 1789/1789/1789 
f 1800/1800/1800 1801/1801/1801 1802/1802/1802 
f 1800/1800/1800 1802/1802/1802 1803/1803/1803 
f 1804/1804/1804 1805/1805/1805 1806/1806/1806 
f 1804/1804/1804 1806/1806/1806 1807/1807/1807 
f 1808/1808/1808 1809/1809/1809 1810/1810/1810 
f 1808/1808/1808 1810/1810/1810 1811/1811/1811 
f 1812/1812/1812 1813/1813/1813 1814/1814/1814 
f 1812/1812/1812 1814/1814/1814 1815/1815/1815 
f 1816/1816/1816 1817/1817/1817 1818/1818/1818 
f 1816/1816/1816 1818/1818/1818 1819/1819/1819 
f 1820/1820/1820 1821/1821/1821 1822/1822/1822 
f 1820/1820/1820 1822/1822/1822 1823/1823/1823 
f 1824/1824/1824 1825/1825/1825 1826/1826/1826 
f 1824/1824/1824 1826/1826/1826 1827/1827/1827 
f 1828/1828/1828 1829/1829/1829 1830/1830/1830 
f 1828/1828/1828 1830/1830/1830 1831/1831/1831 
f 1832/1832/1832 1833/1833/1833 1834/1834/1834 
f 1832/1832/1832 1834/1834/1834 1835/1835/1835 
f 1836/1836/1836 1837/1837/1837 1838/1838/1838 
f 1836/1836/1836 1838/1838/1838 1839/1839/1839 
f 1840/1840/1840 1841/1841/1841 1842/1842/1842 
f 1840/1840/1840 1842/1842/1842 1843/1843/1843 
f 1844/1844/1844 1845/1845/1845 1846/1846/1846 
f 1844/1844/1844 1846/1846/1846 1847/1847/1847 
f 1848/1848/1848 1849/1849/1849 1850/1850/1850 
f 1848/1848/1848 1850/1850/1850 1851/1851/1851 
f 1852/1852/1852 1853/1853/1853 1854/1854/1854 
f 1852/1852/1852 1854/1854/1854 1855/1855/1855 
f 1856/1856/1856 1857/1857/1857 1858/1858/1858 
f 1856/1856/1856 1858/1858/1858 1859/1859/1859 
f 1860/1860/1860 1861/1861/1861 1862/1862/1862 
f 1860/1860/1860 1862/1862/1862 1863/1863/1863 
f 1864/1864/1864 1865/1865/1865 1866/1866/1866 
f 1864/1864/1864 1866/1866/1866 1867/1867/1867 
f 1868/1868/1868 1869/1869/1869 1787/1787/1787 
f 1868/1868/1868 1787/1787/1787 1786/1786/1786 
f 1870/1870/1870 1871/1871/1871 1791/1791/1791 
f 1870/1870/1870 1791/1791/1791 1790/1790/1790 
f 1872/1872/1872 1873/1873/1873 1874/1874/1874 
f 1872/1872/1872 1874/1874/1874 1875/1875/1875 
f 1876/1876/1876 1877/1877/1877 1878/1878/1878 
f 1876/1876/1876 1878/1878/1878 1879/1879/1879 
f 1880/1880/1880 1881/1881/1881 1882/1882/1882 
f 1880/1880/1880 1882/1882/1882 1883/1883/1883 
f 1884/1884/1884 1885/1885/1885 1886/1886/1886 
f 1884/1884/1884 1886/1886/1886 1887/1887/1887 
f 1888/1888/1888 1889/1889/1889 1890/1890/1890 
f 1888/1888/1888 1890/1890/1890 1891/1891/1891 
f 1892/1892/1892 1893/1893/1893 1894/1894/1894 
f 1892/1892/1892 1894/1894/1894 1895/1895/1895 
f 1896/1896/1896 1897/1897/1897 1888/1888/1888 
f 1896/1896/1896 1888/1888/1888 1891/1891/1891 
f 1898/1898/1898 1899/1899/1899 1900/1900/1900 
f 1898/1898/1898 1900/1900/1900 1901/1901/1901 
f 1902/1902/1902 1903/1903/1903 1904/1904/1904 
f 1902/1902/1902 1904/1904/1904 1905/1905/1905 
f 1906/1906/1906 1907/1907/1907 1908/1908/1908 
f 1909/1909/1909 1910/1910/1910 1911/1911/1911 
f 1912/1912/1912 1913/1913/1913 1914/1914/1914 
f 1912/1912/1912 1914/1914/1914 1915/1915/1915 
f 1916/1916/1916 1917/1917/1917 1918/1918/1918 
f 1916/1916/1916 1918/1918/1918 1919/1919/1919 
f 1920/1920/1920 1921/1921/1921 1922/1922/1922 
f 1920/1920/1920 1922/1922/1922 1923/1923/1923 
f 1924/1924/1924 1925/1925/1925 1926/1926/1926 
f 1924/1924/1924 1926/1926/1926 1927/1927/1927 
f 1928/1928/1928 1929/1929/1929 1930/1930/1930 
f 1928/1928/1928 1930/1930/1930 1931/1931/1931 
f 1932/1932/1932 1933/1933/1933 1934/1934/1934 
f 1932/1932/1932 1934/1934/1934 1935/1935/1935 
f 1936/1936/1936 1937/1937/1937 1938/1938/1938 
f 1936/1936/1936 1938/1938/1938 1939/1939/1939 
f 1940/1940/1940 1941/1941/1941 1942/1942/1942 
f 1940/1940/1940 1942/1942/1942 1943/1943/1943 
f 1944/1944/1944 1945/1945/1945 1946/1946/1946 
f 1944/1944/1944 1946/1946/1946 1947/1947/1947 
f 1948/1948/1948 1949/1949/1949 1950/1950/1950 
f 1948/1948/1948 1950/1950/1950 1951/1951/1951 
f 1949/1949/1949 1952/1952/1952 1953/1953/1953 
f 1949/1949/1949 1953/1953/1953 1950/1950/1950 
f 1952/1952/1952 1954/1954/1954 1955/1955/1955 
f 1952/1952/1952 1955/1955/1955 1953/1953/1953 
f 1956/1956/1956 1957/1957/1957 1958/1958/1958 
f 1956/1956/1956 1958/1958/1958 1959/1959/1959 
f 1957/1957/1957 1960/1960/1960 1961/1961/1961 
f 1957/1957/1957 1961/1961/1961 1958/1958/1958 
f 1960/1960/1960 1962/1962/1962 1963/1963/1963 
f 1960/1960/1960 1963/1963/1963 1961/1961/1961 
f 1962/1962/1962 1964/1964/1964 1965/1965/1965 
f 1962/1962/1962 1965/1965/1965 1963/1963/1963 
f 1964/1964/1964 1948/1948/1948 1951/1951/1951 
f 1964/1964/1964 1951/1951/1951 1965/1965/1965 
f 1966/1966/1966 1967/1967/1967 1968/1968/1968 
f 1969/1969/1969 1966/1966/1966 1968/1968/1968 
f 1970/1970/1970 1969/1969/1969 1968/1968/1968 
f 1971/1971/1971 1972/1972/1972 1968/1968/1968 
f 1973/1973/1973 1971/1971/1971 1968/1968/1968 
f 1974/1974/1974 1973/1973/1973 1968/1968/1968 
f 1975/1975/1975 1974/1974/1974 1968/1968/1968 
f 1967/1967/1967 1975/1975/1975 1968/1968/1968 
f 1976/1976/1976 1977/1977/1977 1978/1978/1978 
f 1977/1977/1977 1979/1979/1979 1978/1978/1978 
f 1980/1980/1980 1981/1981/1981 1982/1982/1982 
f 1983/1983/1983 1984/1984/1984 1978/1978/1978 
f 1984/1984/1984 1985/1985/1985 1978/1978/1978 
f 1985/1985/1985 1986/1986/1986 1978/1978/1978 
f 1986/1986/1986 1987/1987/1987 1978/1978/1978 
f 1987/1987/1987 1976/1976/1976 1978/1978/1978 
f 1988/1988/1988 1989/1989/1989 1990/1990/1990 
f 1988/1988/1988 1990/1990/1990 1991/1991/1991 
f 1992/1992/1992 1988/1988/1988 1991/1991/1991 
f 1992/1992/1992 1991/1991/1991 1993/1993/1993 
f 1994/1994/1994 1992/1992/1992 1993/1993/1993 
f 1994/1994/1994 1993/1993/1993 1995/1995/1995 
f 1996/1996/1996 1997/1997/1997 1998/1998/1998 
f 1996/1996/1996 1998/1998/1998 1999/1999/1999 
f 2000/2000/2000 1996/1996/1996 1999/1999/1999 
f 2000/2000/2000 1999/1999/1999 2001/2001/2001 
f 2002/2002/2002 2000/2000/2000 2001/2001/2001 
f 2002/2002/2002 2001/2001/2001 2003/2003/2003 
f 2004/2004/2004 2002/2002/2002 2003/2003/2003 
f 2004/2004/2004 2003/2003/2003 2005/2005/2005 
f 1989/1989/1989 2004/2004/2004 2005/2005/2005 
f 1989/1989/1989 2005/2005/2005 1990/1990/1990 
f 2006/2006/2006 2007/2007/2007 2008/2008/2008 
f 2006/2006/2006 2008/2008/2008 2009/2009/2009 
f 2007/2007/2007 2010/2010/2010 2011/2011/2011 
f 2007/2007/2007 2011/2011/2011 2008/2008/2008 
f 2010/2010/2010 1939/1939/1939 1938/1938/1938 
f 2010/2010/2010 1938/1938/1938 2011/2011/2011 
f 1934/1934/1934 2012/2012/2012 2013/2013/2013 
f 1934/1934/1934 2013/2013/2013 1935/1935/1935 
f 2012/2012/2012 2014/2014/2014 2015/2015/2015 
f 2012/2012/2012 2015/2015/2015 2013/2013/2013 
f 2014/2014/2014 2016/2016/2016 2017/2017/2017 
f 2014/2014/2014 2017/2017/2017 2015/2015/2015 
f 2016/2016/2016 2018/2018/2018 2019/2019/2019 
f 2016/2016/2016 2019/2019/2019 2017/2017/2017 
f 2018/2018/2018 2006/2006/2006 2009/2009/2009 
f 2018/2018/2018 2009/2009/2009 2019/2019/2019 
f 2020/2020/2020 2021/2021/2021 2022/2022/2022 
f 2023/2023/2023 2024/2024/2024 2025/2025/2025 
f 2026/2026/2026 2027/2027/2027 2028/2028/2028 
f 2026/2026/2026 2028/2028/2028 2029/2029/2029 
f 2030/2030/2030 2031/2031/2031 2032/2032/2032 
f 2030/2030/2030 2032/2032/2032 2033/2033/2033 
f 2034/2034/2034 1812/1812/1812 1815/1815/1815 
f 2034/2034/2034 1815/1815/1815 2035/2035/2035 
f 2036/2036/2036 2037/2037/2037 2038/2038/2038 
f 2036/2036/2036 2038/2038/2038 2039/2039/2039 
f 2040/2040/2040 1892/1892/1892 1895/1895/1895 
f 2040/2040/2040 1895/1895/1895 2041/2041/2041 
f 2042/2042/2042 2043/2043/2043 2044/2044/2044 
f 2042/2042/2042 2044/2044/2044 2045/2045/2045 
f 2046/2046/2046 1820/1820/1820 1823/1823/1823 
f 2046/2046/2046 1823/1823/1823 2047/2047/2047 
f 2048/2048/2048 2049/2049/2049 2050/2050/2050 
f 2048/2048/2048 2050/2050/2050 2051/2051/2051 
f 2052/2052/2052 2026/2026/2026 2029/2029/2029 
f 2052/2052/2052 2029/2029/2029 2053/2053/2053 
f 2054/2054/2054 2030/2030/2030 2033/2033/2033 
f 2054/2054/2054 2033/2033/2033 2055/2055/2055 
f 2056/2056/2056 2034/2034/2034 2035/2035/2035 
f 2056/2056/2056 2035/2035/2035 2057/2057/2057 
f 2058/2058/2058 2036/2036/2036 2039/2039/2039 
f 2058/2058/2058 2039/2039/2039 2059/2059/2059 
f 2060/2060/2060 2040/2040/2040 2041/2041/2041 
f 2060/2060/2060 2041/2041/2041 2061/2061/2061 
f 2062/2062/2062 2042/2042/2042 2045/2045/2045 
f 2062/2062/2062 2045/2045/2045 2063/2063/2063 
f 2064/2064/2064 2046/2046/2046 2047/2047/2047 
f 2064/2064/2064 2047/2047/2047 2065/2065/2065 
f 2066/2066/2066 2049/2049/2049 2048/2048/2048 
f 2066/2066/2066 2048/2048/2048 2067/2067/2067 
f 2068/2068/2068 2069/2069/2069 2070/2070/2070 
f 2068/2068/2068 2070/2070/2070 2071/2071/2071 
f 2069/2069/2069 2072/2072/2072 2073/2073/2073 
f 2069/2069/2069 2073/2073/2073 2070/2070/2070 
f 2072/2072/2072 2074/2074/2074 2075/2075/2075 
f 2072/2072/2072 2075/2075/2075 2073/2073/2073 
f 2074/2074/2074 2076/2076/2076 2077/2077/2077 
f 2074/2074/2074 2077/2077/2077 2075/2075/2075 
f 2078/2078/2078 2079/2079/2079 2080/2080/2080 
f 2078/2078/2078 2080/2080/2080 2081/2081/2081 
f 2079/2079/2079 2082/2082/2082 2083/2083/2083 
f 2079/2079/2079 2083/2083/2083 2080/2080/2080 
f 2082/2082/2082 2084/2084/2084 2085/2085/2085 
f 2082/2082/2082 2085/2085/2085 2083/2083/2083 
f 2084/2084/2084 2086/2086/2086 2087/2087/2087 
f 2084/2084/2084 2087/2087/2087 2085/2085/2085 
f 2088/2088/2088 2089/2089/2089 2090/2090/2090 
f 2088/2088/2088 2090/2090/2090 2091/2091/2091 
f 2089/2089/2089 2092/2092/2092 2093/2093/2093 
f 2089/2089/2089 2093/2093/2093 2090/2090/2090 
f 2092/2092/2092 2094/2094/2094 2095/2095/2095 
f 2092/2092/2092 2095/2095/2095 2093/2093/2093 
f 2094/2094/2094 2096/2096/2096 2097/2097/2097 
f 2094/2094/2094 2097/2097/2097 2095/2095/2095 
f 2098/2098/2098 2099/2099/2099 2100/2100/2100 
f 2101/2101/2101 2098/2098/2098 2100/2100/2100 
f 2102/2102/2102 2101/2101/2101 2100/2100/2100 
f 2103/2103/2103 2102/2102/2102 2100/2100/2100 
f 2104/2104/2104 2105/2105/2105 2086/2086/2086 
f 2104/2104/2104 2086/2086/2086 2084/2084/2084 
f 2106/2106/2106 2104/2104/2104 2084/2084/2084 
f 2106/2106/2106 2084/2084/2084 2082/2082/2082 
f 2107/2107/2107 2106/2106/2106 2082/2082/2082 
f 2107/2107/2107 2082/2082/2082 2079/2079/2079 
f 2108/2108/2108 2107/2107/2107 2079/2079/2079 
f 2108/2108/2108 2079/2079/2079 2078/2078/2078 
f 2109/2109/2109 2110/2110/2110 2111/2111/2111 
f 2109/2109/2109 2111/2111/2111 2112/2112/2112 
f 2113/2113/2113 2114/2114/2114 2115/2115/2115 
f 2113/2113/2113 2115/2115/2115 2116/2116/2116 
f 2117/2117/2117 2118/2118/2118 2119/2119/2119 
f 2117/2117/2117 2119/2119/2119 2120/2120/2120 
f 2121/2121/2121 2109/2109/2109 2112/2112/2112 
f 2121/2121/2121 2112/2112/2112 2122/2122/2122 
f 2123/2123/2123 2113/2113/2113 2116/2116/2116 
f 2123/2123/2123 2116/2116/2116 2124/2124/2124 
f 2095/2095/2095 2097/2097/2097 2125/2125/2125 
f 2095/2095/2095 2125/2125/2125 2126/2126/2126 
f 2093/2093/2093 2095/2095/2095 2126/2126/2126 
f 2093/2093/2093 2126/2126/2126 2127/2127/2127 
f 2090/2090/2090 2093/2093/2093 2127/2127/2127 
f 2090/2090/2090 2127/2127/2127 2128/2128/2128 
f 2091/2091/2091 2090/2090/2090 2128/2128/2128 
f 2091/2091/2091 2128/2128/2128 2129/2129/2129 
f 2119/2119/2119 2118/2118/2118 2130/2130/2130 
f 2119/2119/2119 2130/2130/2130 2131/2131/2131 
f 2085/2085/2085 2087/2087/2087 2096/2096/2096 
f 2085/2085/2085 2096/2096/2096 2094/2094/2094 
f 2083/2083/2083 2085/2085/2085 2094/2094/2094 
f 2083/2083/2083 2094/2094/2094 2092/2092/2092 
f 2080/2080/2080 2083/2083/2083 2092/2092/2092 
f 2080/2080/2080 2092/2092/2092 2089/2089/2089 
f 2081/2081/2081 2080/2080/2080 2089/2089/2089 
f 2081/2081/2081 2089/2089/2089 2088/2088/2088 
f 2115/2115/2115 2114/2114/2114 2117/2117/2117 
f 2115/2115/2115 2117/2117/2117 2120/2120/2120 
f 2132/2132/2132 2133/2133/2133 2134/2134/2134 
f 2132/2132/2132 2134/2134/2134 2135/2135/2135 
f 2135/2135/2135 2134/2134/2134 2136/2136/2136 
f 2135/2135/2135 2136/2136/2136 2137/2137/2137 
f 2137/2137/2137 2136/2136/2136 2138/2138/2138 
f 2137/2137/2137 2138/2138/2138 2139/2139/2139 
f 2139/2139/2139 2138/2138/2138 2140/2140/2140 
f 2139/2139/2139 2140/2140/2140 2141/2141/2141 
f 2142/2142/2142 2143/2143/2143 2144/2144/2144 
f 2142/2142/2142 2144/2144/2144 2145/2145/2145 
f 2145/2145/2145 2144/2144/2144 2146/2146/2146 
f 2145/2145/2145 2146/2146/2146 2147/2147/2147 
f 2147/2147/2147 2146/2146/2146 2148/2148/2148 
f 2147/2147/2147 2148/2148/2148 2149/2149/2149 
f 2149/2149/2149 2148/2148/2148 2150/2150/2150 
f 2149/2149/2149 2150/2150/2150 2151/2151/2151 
f 2152/2152/2152 2153/2153/2153 2154/2154/2154 
f 2152/2152/2152 2154/2154/2154 2155/2155/2155 
f 2155/2155/2155 2154/2154/2154 2156/2156/2156 
f 2155/2155/2155 2156/2156/2156 2157/2157/2157 
f 2157/2157/2157 2156/2156/2156 2158/2158/2158 
f 2157/2157/2157 2158/2158/2158 2159/2159/2159 
f 2159/2159/2159 2158/2158/2158 2160/2160/2160 
f 2159/2159/2159 2160/2160/2160 2161/2161/2161 
f 2162/2162/2162 2163/2163/2163 2164/2164/2164 
f 2165/2165/2165 2163/2163/2163 2162/2162/2162 
f 2166/2166/2166 2163/2163/2163 2165/2165/2165 
f 2167/2167/2167 2163/2163/2163 2166/2166/2166 
f 2168/2168/2168 2149/2149/2149 2151/2151/2151 
f 2168/2168/2168 2151/2151/2151 2169/2169/2169 
f 2170/2170/2170 2147/2147/2147 2149/2149/2149 
f 2170/2170/2170 2149/2149/2149 2168/2168/2168 
f 2171/2171/2171 2145/2145/2145 2147/2147/2147 
f 2171/2171/2171 2147/2147/2147 2170/2170/2170 
f 2172/2172/2172 2142/2142/2142 2145/2145/2145 
f 2172/2172/2172 2145/2145/2145 2171/2171/2171 
f 2173/2173/2173 2174/2174/2174 2175/2175/2175 
f 2173/2173/2173 2175/2175/2175 2176/2176/2176 
f 2177/2177/2177 2178/2178/2178 2179/2179/2179 
f 2177/2177/2177 2179/2179/2179 2180/2180/2180 
f 2181/2181/2181 2182/2182/2182 2183/2183/2183 
f 2181/2181/2181 2183/2183/2183 2184/2184/2184 
f 2185/2185/2185 2186/2186/2186 2174/2174/2174 
f 2185/2185/2185 2174/2174/2174 2173/2173/2173 
f 2187/2187/2187 2188/2188/2188 2178/2178/2178 
f 2187/2187/2187 2178/2178/2178 2177/2177/2177 
f 2158/2158/2158 2126/2126/2126 2125/2125/2125 
f 2158/2158/2158 2125/2125/2125 2160/2160/2160 
f 2156/2156/2156 2127/2127/2127 2126/2126/2126 
f 2156/2156/2156 2126/2126/2126 2158/2158/2158 
f 2154/2154/2154 2128/2128/2128 2127/2127/2127 
f 2154/2154/2154 2127/2127/2127 2156/2156/2156 
f 2153/2153/2153 2129/2129/2129 2128/2128/2128 
f 2153/2153/2153 2128/2128/2128 2154/2154/2154 
f 2183/2183/2183 2131/2131/2131 2130/2130/2130 
f 2183/2183/2183 2130/2130/2130 2184/2184/2184 
f 2148/2148/2148 2159/2159/2159 2161/2161/2161 
f 2148/2148/2148 2161/2161/2161 2150/2150/2150 
f 2146/2146/2146 2157/2157/2157 2159/2159/2159 
f 2146/2146/2146 2159/2159/2159 2148/2148/2148 
f 2144/2144/2144 2155/2155/2155 2157/2157/2157 
f 2144/2144/2144 2157/2157/2157 2146/2146/2146 
f 2143/2143/2143 2152/2152/2152 2155/2155/2155 
f 2143/2143/2143 2155/2155/2155 2144/2144/2144 
f 2179/2179/2179 2182/2182/2182 2181/2181/2181 
f 2179/2179/2179 2181/2181/2181 2180/2180/2180 
f 2189/2189/2189 2190/2190/2190 2191/2191/2191 
f 2192/2192/2192 2193/2193/2193 2191/2191/2191 
f 2194/2194/2194 2195/2195/2195 2191/2191/2191 
f 2196/2196/2196 2189/2189/2189 2191/2191/2191 
f 2190/2190/2190 2192/2192/2192 2191/2191/2191 
f 2195/2195/2195 2197/2197/2197 2191/2191/2191 
f 2193/2193/2193 2194/2194/2194 2191/2191/2191 
f 2198/2198/2198 2199/2199/2199 2191/2191/2191 
f 2200/2200/2200 2201/2201/2201 2191/2191/2191 
f 2202/2202/2202 2203/2203/2203 2191/2191/2191 
f 2199/2199/2199 2204/2204/2204 2191/2191/2191 
f 2201/2201/2201 2198/2198/2198 2191/2191/2191 
f 2197/2197/2197 2202/2202/2202 2191/2191/2191 
f 2203/2203/2203 2200/2200/2200 2191/2191/2191 

g R6Bacon3

v -4.3924 2.3519 17.5981 
v -4.7002 2.2919 17.627 
v -4.7066 2.4988 17.7106 
v -4.3993 2.5405 17.6759 
v -4.7248 2.2723 17.6581 
v -4.7326 2.4832 17.7427 
v -4.7066 2.4988 17.7106 
v -4.7002 2.2919 17.627 
v -4.3637 2.5332 17.7011 
v -4.3557 2.3375 17.6181 
v -4.3924 2.3519 17.5981 
v -4.3993 2.5405 17.6759 
v -4.6645 2.1026 17.9128 
v -4.6847 2.3687 18.029 
v -4.7326 2.4832 17.7427 
v -4.7248 2.2723 17.6581 
v -4.316 2.4187 17.9874 
v -4.2953 2.1678 17.8728 
v -4.3557 2.3375 17.6181 
v -4.3637 2.5332 17.7011 
v -4.6278 2.0881 17.9327 
v -4.6492 2.3613 18.0541 
v -4.6847 2.3687 18.029 
v -4.6645 2.1026 17.9128 
v -4.3419 2.403 18.0195 
v -4.3199 2.1482 17.9038 
v -4.2953 2.1678 17.8728 
v -4.316 2.4187 17.9874 
v -4.6278 2.0881 17.9327 
v -4.3199 2.1482 17.9038 
v -4.3419 2.403 18.0195 
v -4.6492 2.3613 18.0541 
v -4.4295 3.1002 18.2578 
v -4.6187 3.5435 18.1948 
v -4.7156 3.5028 18.2993 
v -4.5263 3.0589 18.3622 
v -4.8618 3.4453 18.3692 
v -4.6735 3.0038 18.432 
v -5.1413 3.3401 18.3914 
v -4.9564 2.9075 18.4541 
v -5.0034 2.9465 17.8486 
v -5.1797 3.3534 17.7848 
v -5.138 3.3688 17.7523 
v -4.9611 2.9603 17.8161 
v -4.6887 3.0494 17.8373 
v -4.8694 3.4681 17.7736 
v -4.7214 3.5203 17.8434 
v -4.538 3.0938 17.9071 
v -4.6218 3.5529 17.948 
v -4.4358 3.119 18.0115 
v -4.5979 3.5567 18.0715 
v -4.4098 3.1169 18.1348 
v -4.7853 3.8226 18.1171 
v -5.2683 3.6231 18.0082 
v -4.8708 3.7873 18.2094 
v -4.9987 3.7344 18.2711 
v -5.2683 3.6231 18.2928 
v -5.242 3.6339 18.2906 
v -5.2683 3.6231 17.7595 
v -4.9987 3.7344 17.7454 
v -5.232 3.638 17.7266 
v -4.8708 3.7873 17.807 
v -4.8708 3.7873 17.807 
v -5.2683 3.6231 18.0082 
v -4.7853 3.8226 17.8993 
v -4.7853 3.8226 17.8993 
v -5.2683 3.6231 18.0082 
v -4.766 3.8311 18.0083 
v -4.766 3.8311 18.0083 
v -5.2683 3.6231 18.0082 
v -4.7853 3.8226 18.1171 
v -4.5002 2.9837 18.3529 
v -4.4064 3.0315 18.2485 
v -4.6455 2.9258 18.424 
v -4.9285 2.8332 18.4503 
v -4.9539 2.9378 17.8218 
v -4.9965 2.9251 17.855 
v -4.5266 3.0557 17.9047 
v -4.6801 3.0199 17.8384 
v -4.4207 3.0704 18.006 
v -4.3906 3.0576 18.1269 
v -5.2683 3.6231 17.7595 
v -5.2857 3.5737 17.7276 
v -5.2853 3.5724 18.0142 
v -5.2683 3.6231 18.0082 
v -5.2683 3.6231 18.0082 
v -5.2853 3.5724 18.0142 
v -5.2848 3.5711 18.2983 
v -5.2683 3.6231 18.2928 
v -4.9965 2.9251 17.855 
v -4.9778 2.8742 18.1362 
v -4.9951 2.9218 18.1346 
v -5.0034 2.9465 17.8486 
v -4.9778 2.8742 18.1362 
v -4.9591 2.8232 18.4138 
v -4.9869 2.8972 18.4172 
v -4.9951 2.9218 18.1346 
v -4.323 2.2623 18.0132 
v -4.7866 2.3211 17.862 
v -4.2351 2.3089 17.9077 
v -4.466 2.2255 18.0939 
v -4.7491 2.199 18.1484 
v -4.5448 2.4533 17.5622 
v -4.8289 2.4423 17.5767 
v -4.3833 2.4366 17.6063 
v -4.2678 2.4033 17.6874 
v -4.2276 2.3542 17.7933 
v -4.2004 2.4049 17.8035 
v -4.208 2.3546 17.9302 
v -4.2351 2.3089 17.9077 
v -4.2276 2.3542 17.7933 
v -4.3046 2.3013 18.0474 
v -4.323 2.2623 18.0132 
v -4.4624 2.2579 18.1371 
v -4.466 2.2255 18.0939 
v -4.7791 2.2218 18.1982 
v -4.7491 2.199 18.1484 
v -4.8301 2.3179 17.8668 
v -4.7924 2.2112 18.1194 
v -4.8179 2.2336 18.1693 
v -4.8623 2.3542 17.8865 
v -4.868 2.4258 17.611 
v -4.8301 2.3179 17.8668 
v -4.8623 2.3542 17.8865 
v -4.9089 2.4762 17.6007 
v -4.8626 2.4909 17.5646 
v -4.8289 2.4423 17.5767 
v -4.868 2.4258 17.611 
v -4.9089 2.4762 17.6007 
v -4.3736 2.4925 17.5965 
v -4.3833 2.4366 17.6063 
v -4.5448 2.4533 17.5622 
v -4.5524 2.5077 17.548 
v -4.2453 2.4581 17.6862 
v -4.2678 2.4033 17.6874 
v -4.8179 2.2336 18.1693 
v -4.7924 2.2112 18.1194 
v -4.7491 2.199 18.1484 
v -4.7791 2.2218 18.1982 
v -4.9564 2.9075 18.4541 
v -4.9869 2.8972 18.4172 
v -4.9591 2.8232 18.4138 
v -4.9285 2.8332 18.4503 
v -5.1413 3.3401 18.3914 
v -5.1714 3.3287 18.3545 
v -4.8289 2.4423 17.5767 
v -4.8626 2.4909 17.5646 
v -4.9611 2.9603 17.8161 
v -4.9539 2.9378 17.8218 
v -5.138 3.3688 17.7523 
v -5.242 3.6339 18.2906 
v -5.2683 3.6231 18.2928 
v -5.2848 3.5711 18.2983 
v -5.255 3.5833 18.3352 
v -4.9785 3.6965 18.313 
v -4.9987 3.7344 18.2711 
v -5.242 3.6339 18.2906 
v -5.255 3.5833 18.3352 
v -4.8333 3.7562 18.243 
v -4.8708 3.7873 18.2094 
v -4.7363 3.7964 18.1383 
v -4.7853 3.8226 18.1171 
v -4.7145 3.8064 18.0148 
v -4.766 3.8311 18.0083 
v -4.7366 3.7973 17.8912 
v -4.7853 3.8226 17.8993 
v -4.8339 3.758 17.7864 
v -4.8708 3.7873 17.807 
v -4.9793 3.6989 17.7164 
v -4.9987 3.7344 17.7454 
v -5.232 3.638 17.7266 
v -5.2445 3.5905 17.6952 
v -5.2857 3.5737 17.7276 
v -5.2683 3.6231 17.7595 
v -5.232 3.638 17.7266 
v -5.2445 3.5905 17.6952 
v -5.2853 3.5724 18.0142 
v -4.9869 2.8972 18.4172 
v -5.1714 3.3287 18.3545 
v -5.2848 3.5711 18.2983 
v -5.2853 3.5724 18.0142 
v -4.9951 2.9218 18.1346 
v -4.9869 2.8972 18.4172 
v -5.2853 3.5724 18.0142 
v -5.0034 2.9465 17.8486 
v -4.9951 2.9218 18.1346 
v -5.2857 3.5737 17.7276 
v -5.1797 3.3534 17.7848 
v -5.0034 2.9465 17.8486 
v -5.2853 3.5724 18.0142 
v -4.9157 2.743 17.692 
v -4.9601 2.7292 17.7267 
v -4.9273 2.6424 18.0102 
v -4.9601 2.7292 17.7267 
v -4.8956 2.5564 18.2905 
v -4.9273 2.6424 18.0102 
v -4.8956 2.5564 18.2905 
v -4.8609 2.5554 18.3231 
v -4.8609 2.5554 18.3231 
v -4.5609 2.6194 18.2792 
v -4.4093 2.67 18.1988 
v -4.3141 2.7206 18.0879 
v -4.3024 2.7589 17.9637 
v -4.34 2.7921 17.8446 
v -4.4572 2.8022 17.7492 
v -4.6235 2.7921 17.6919 
v -4.9157 2.743 17.692 
v -4.7866 2.3211 17.862 
v -4.8301 2.3179 17.8668 
v -4.868 2.4258 17.611 
v -4.8289 2.4423 17.5767 
v -4.7924 2.2112 18.1194 
v -4.7491 2.199 18.1484 
v -4.3736 2.4925 17.5965 
v -4.5524 2.5077 17.548 
v -4.2453 2.4581 17.6862 
v -4.2004 2.4049 17.8035 
v -4.208 2.3546 17.9302 
v -4.3046 2.3013 18.0474 
v -4.4624 2.2579 18.1371 
v -4.7791 2.2218 18.1982 
v -4.8179 2.2336 18.1693 
v -4.7791 2.2218 18.1982 
v -4.8179 2.2336 18.1693 
v -4.8623 2.3542 17.8865 
v -4.8623 2.3542 17.8865 
v -4.9089 2.4762 17.6007 
v -4.8626 2.4909 17.5646 
v -4.9089 2.4762 17.6007 
v -4.8626 2.4909 17.5646 
v -5.255 3.5833 18.3352 
v -5.2848 3.5711 18.2983 
v -4.9785 3.6965 18.313 
v -5.255 3.5833 18.3352 
v -4.8333 3.7562 18.243 
v -4.7363 3.7964 18.1383 
v -4.7145 3.8064 18.0148 
v -4.7366 3.7973 17.8912 
v -4.8339 3.758 17.7864 
v -4.9793 3.6989 17.7164 
v -5.2445 3.5905 17.6952 
v -5.2857 3.5737 17.7276 
v -5.2445 3.5905 17.6952 
v -4.822 2.0876 17.7812 
v -4.797 2.0241 17.9277 
v -4.7309 2.1216 18.0238 
v -4.7653 2.2083 17.8239 
v -4.6401 2.1771 18.0324 
v -4.6737 2.2647 17.8326 
v -4.5158 2.2162 18.0281 
v -4.5494 2.3038 17.8283 
v -4.3848 2.2174 18.0062 
v -4.4184 2.3051 17.8064 
v -4.303 2.2677 17.7704 
v -4.2694 2.1802 17.9702 
v -4.1602 2.1009 17.9172 
v -4.1938 2.1884 17.7173 
v -4.1171 1.9889 17.8612 
v -4.1507 2.0765 17.6614 
v -4.123 1.8688 17.8101 
v -4.1566 1.9565 17.6103 
v -4.174 1.762 17.7725 
v -4.2076 1.8496 17.5727 
v -4.2341 1.6974 17.7547 
v -4.2677 1.7849 17.5549 
v -4.3268 1.65 17.75 
v -4.3603 1.7376 17.5503 
v -4.3911 1.6733 17.7711 
v -4.4247 1.7608 17.5714 
v -4.44 1.7898 17.5866 
v -4.4247 1.7608 17.5714 
v -4.3911 1.6733 17.7711 
v -4.4065 1.7024 17.7863 
v -4.7997 1.891 17.6921 
v -4.815 1.9527 17.8184 
v -4.8287 1.9872 17.7388 
v -4.3144 1.6762 17.8096 
v -4.2421 1.9319 17.9083 
v -4.3562 1.6911 17.8232 
v -4.302 1.9208 17.8633 
v -4.3361 2.0076 17.6633 
v -4.44 1.7898 17.5866 
v -4.4065 1.7024 17.7863 
v -4.1557 1.8632 17.8637 
v -4.1491 1.963 17.9059 
v -4.5643 2.015 17.9491 
v -4.5984 2.1018 17.7491 
v -4.467 2.0547 17.7061 
v -4.4329 1.9678 17.9061 
v -4.6437 2.0164 17.7198 
v -4.5984 2.1018 17.7491 
v -4.5643 2.015 17.9491 
v -4.6176 1.9497 17.8718 
v -4.7309 2.1216 18.0238 
v -4.797 2.0241 17.9277 
v -4.7478 1.9928 17.9653 
v -4.6817 2.0883 18.0541 
v -4.6401 2.1771 18.0324 
v -4.6122 2.1294 18.0573 
v -4.5158 2.2162 18.0281 
v -4.5033 2.1618 18.0528 
v -4.3848 2.2174 18.0062 
v -4.3876 2.1619 18.0331 
v -4.2859 2.1296 18.0016 
v -4.2694 2.1802 17.9702 
v -4.1602 2.1009 17.9172 
v -4.1874 2.0524 17.9512 
v -4.1171 1.9889 17.8612 
v -4.1491 1.963 17.9059 
v -4.123 1.8688 17.8101 
v -4.1557 1.8632 17.8637 
v -4.174 1.762 17.7725 
v -4.2051 1.7615 17.828 
v -4.2341 1.6974 17.7547 
v -4.2499 1.7145 17.8152 
v -4.3268 1.65 17.75 
v -4.3144 1.6762 17.8096 
v -4.3911 1.6733 17.7711 
v -4.3268 1.65 17.75 
v -4.3144 1.6762 17.8096 
v -4.3562 1.6911 17.8232 
v -4.7455 1.8718 17.6745 
v -4.7048 1.8811 17.6716 
v -4.69 1.8748 17.7231 
v -4.7344 1.8667 17.7177 
v -4.7997 1.891 17.6921 
v -4.7455 1.8718 17.6745 
v -4.7344 1.8667 17.7177 
v -4.7605 1.8719 17.7353 
v -4.815 1.9527 17.8184 
v -4.7997 1.891 17.6921 
v -4.7605 1.8719 17.7353 
v -4.7682 1.9155 17.8456 
v -4.4065 1.7024 17.7863 
v -4.3911 1.6733 17.7711 
v -4.3562 1.6911 17.8232 
v -4.3562 1.6911 17.8232 
v -4.2421 1.9319 17.9083 
v -4.302 1.9208 17.8633 
v -4.4065 1.7024 17.7863 
v -4.5709 2.0528 18.0198 
v -4.6433 1.9579 17.9033 
v -4.6176 1.9497 17.8718 
v -4.5643 2.015 17.9491 
v -4.4065 1.9914 17.9622 
v -4.5709 2.0528 18.0198 
v -4.5643 2.015 17.9491 
v -4.4329 1.9678 17.9061 
v -4.2499 1.7145 17.8152 
v -4.2051 1.7615 17.828 
v -4.3876 2.1619 18.0331 
v -4.4065 1.9914 17.9622 
v -4.2859 2.1296 18.0016 
v -4.5709 2.0528 18.0198 
v -4.6122 2.1294 18.0573 
v -4.6817 2.0883 18.0541 
v -4.4065 1.9914 17.9622 
v -4.5033 2.1618 18.0528 
v -4.1874 2.0524 17.9512 
v -4.6912 1.902 17.8201 
v -4.6433 1.9579 17.9033 
v -4.7478 1.9928 17.9653 
v -4.7682 1.9155 17.8456 
v -4.3361 2.0076 17.6633 
v -4.302 1.9208 17.8633 
v -4.2421 1.9319 17.9083 
v -4.302 1.9208 17.8633 
v -4.822 2.0876 17.7812 
v -4.7653 2.2083 17.8239 
v -4.8075 2.3136 17.5815 
v -4.8637 2.1928 17.5387 
v -4.6737 2.2647 17.8326 
v -4.716 2.3691 17.5898 
v -4.5494 2.3038 17.8283 
v -4.5917 2.4082 17.5854 
v -4.4184 2.3051 17.8064 
v -4.4607 2.4094 17.5635 
v -4.303 2.2677 17.7704 
v -4.3452 2.3721 17.5275 
v -4.1938 2.1884 17.7173 
v -4.2361 2.2929 17.4745 
v -4.1507 2.0765 17.6614 
v -4.193 2.1809 17.4185 
v -4.1566 1.9565 17.6103 
v -4.1989 2.0608 17.3675 
v -4.2076 1.8496 17.5727 
v -4.2498 1.9539 17.3299 
v -4.2677 1.7849 17.5549 
v -4.3099 1.8893 17.3122 
v -4.3603 1.7376 17.5503 
v -4.4026 1.8418 17.3075 
v -4.4247 1.7608 17.5714 
v -4.4669 1.8652 17.3287 
v -4.44 1.7898 17.5866 
v -4.4823 1.8942 17.3439 
v -4.4669 1.8652 17.3287 
v -4.4247 1.7608 17.5714 
v -4.7048 1.8811 17.6716 
v -4.7455 1.8718 17.6745 
v -4.7871 1.9768 17.432 
v -4.7463 1.9861 17.4291 
v -4.7455 1.8718 17.6745 
v -4.7997 1.891 17.6921 
v -4.8413 1.9961 17.4497 
v -4.7871 1.9768 17.432 
v -4.7997 1.891 17.6921 
v -4.8287 1.9872 17.7388 
v -4.8703 2.0924 17.4964 
v -4.8413 1.9961 17.4497 
v -4.4044 1.904 17.2844 
v -4.4462 1.9189 17.298 
v -4.3321 2.1598 17.3828 
v -4.3778 2.1128 17.4207 
v -4.4823 1.8942 17.3439 
v -4.44 1.7898 17.5866 
v -4.3361 2.0076 17.6633 
v -4.6615 2.2789 17.491 
v -4.7214 2.1552 17.4477 
v -4.83 2.1999 17.4857 
v -4.7721 2.3171 17.5265 
v -4.2457 2.0911 17.3382 
v -4.2392 2.1909 17.3803 
v -4.6401 2.207 17.5065 
v -4.5087 2.1597 17.4635 
v -4.467 2.0547 17.7061 
v -4.5984 2.1018 17.7491 
v -4.6853 2.1216 17.4773 
v -4.6401 2.207 17.5065 
v -4.5984 2.1018 17.7491 
v -4.8075 2.3136 17.5815 
v -4.7721 2.3171 17.5265 
v -4.83 2.1999 17.4857 
v -4.8637 2.1928 17.5387 
v -4.716 2.3691 17.5898 
v -4.7022 2.3573 17.5319 
v -4.5917 2.4082 17.5854 
v -4.5933 2.3897 17.5272 
v -4.4607 2.4094 17.5635 
v -4.4777 2.3899 17.5075 
v -4.3452 2.3721 17.5275 
v -4.376 2.3575 17.476 
v -4.2361 2.2929 17.4745 
v -4.2769 2.2885 17.4291 
v -4.193 2.1809 17.4185 
v -4.2392 2.1909 17.3803 
v -4.1989 2.0608 17.3675 
v -4.2457 2.0911 17.3382 
v -4.2498 1.9539 17.3299 
v -4.2951 1.9894 17.3026 
v -4.3099 1.8893 17.3122 
v -4.3399 1.9423 17.2899 
v -4.4026 1.8418 17.3075 
v -4.4044 1.904 17.2844 
v -4.4669 1.8652 17.3287 
v -4.4462 1.9189 17.298 
v -4.4044 1.904 17.2844 
v -4.4026 1.8418 17.3075 
v -4.7871 1.9768 17.432 
v -4.7795 2.0315 17.4041 
v -4.7463 1.9861 17.4291 
v -4.8413 1.9961 17.4497 
v -4.8154 2.044 17.4157 
v -4.7795 2.0315 17.4041 
v -4.7871 1.9768 17.432 
v -4.8703 2.0924 17.4964 
v -4.8331 2.1207 17.4519 
v -4.8154 2.044 17.4157 
v -4.8413 1.9961 17.4497 
v -4.4823 1.8942 17.3439 
v -4.4462 1.9189 17.298 
v -4.4669 1.8652 17.3287 
v -4.4462 1.9189 17.298 
v -4.4823 1.8942 17.3439 
v -4.3778 2.1128 17.4207 
v -4.3321 2.1598 17.3828 
v -4.6615 2.2789 17.491 
v -4.6401 2.207 17.5065 
v -4.6853 2.1216 17.4773 
v -4.7214 2.1552 17.4477 
v -4.4965 2.2192 17.4368 
v -4.5087 2.1597 17.4635 
v -4.6401 2.207 17.5065 
v -4.6615 2.2789 17.491 
v -4.2951 1.9894 17.3026 
v -4.3399 1.9423 17.2899 
v -4.4777 2.3899 17.5075 
v -4.376 2.3575 17.476 
v -4.4965 2.2192 17.4368 
v -4.7022 2.3573 17.5319 
v -4.4965 2.2192 17.4368 
v -4.2769 2.2885 17.4291 
v -4.3778 2.1128 17.4207 
v -4.3361 2.0076 17.6633 
v -4.3321 2.1598 17.3828 
v -4.3778 2.1128 17.4207 
v -4.5933 2.3897 17.5272 
v -4.5933 2.3897 17.5272 
v -4.2769 2.2885 17.4291 
v -4.1874 2.0524 17.9512 
v -4.4065 1.9914 17.9622 
v -4.5033 2.1618 18.0528 
v -4.7513 2.0934 17.426 
v -4.8331 2.1207 17.4519 
v -4.7158 2.0538 17.4532 
v -4.7513 2.0934 17.426 
v -4.6743 1.9488 17.6957 
v -4.7158 2.0538 17.4532 
v -4.6562 1.9029 17.8013 
v -4.6912 1.902 17.8201 
v -4.6562 1.9029 17.8013 
v -4.7795 2.0315 17.4041 
v -4.8154 2.044 17.4157 
v -4.7463 1.9861 17.4291 
v -4.7795 2.0315 17.4041 
v -4.7048 1.8811 17.6716 
v -4.7463 1.9861 17.4291 
v -4.69 1.8748 17.7231 
v -4.7344 1.8667 17.7177 
v -4.69 1.8748 17.7231 
v -4.7344 1.8667 17.7177 
v -4.7605 1.8719 17.7353 

vn -0.15748 0.370079 -0.913386 
vn -0.15748 0.370079 -0.913386 
vn -0.15748 0.370079 -0.913386 
vn -0.15748 0.370079 -0.913386 
vn -0.818898 0.188976 -0.543307 
vn -0.818898 0.188976 -0.543307 
vn -0.818898 0.188976 -0.543307 
vn -0.818898 0.188976 -0.543307 
vn 0.566929 0.338583 -0.748031 
vn 0.566929 0.338583 -0.748031 
vn 0.566929 0.338583 -0.748031 
vn 0.566929 0.338583 -0.748031 
vn -0.984252 -0.11811 0.133858 
vn -0.984252 -0.11811 0.133858 
vn -0.984252 -0.11811 0.133858 
vn -0.984252 -0.11811 0.133858 
vn 0.984252 0.11811 -0.133858 
vn 0.984252 0.11811 -0.133858 
vn 0.984252 0.11811 -0.133858 
vn 0.984252 0.11811 -0.133858 
vn -0.566929 -0.370079 0.732283 
vn -0.566929 -0.370079 0.732283 
vn -0.566929 -0.370079 0.732283 
vn -0.566929 -0.370079 0.732283 
vn 0.811024 -0.181102 0.551181 
vn 0.811024 -0.181102 0.551181 
vn 0.811024 -0.181102 0.551181 
vn 0.811024 -0.181102 0.551181 
vn 0.15748 -0.393701 0.905512 
vn 0.15748 -0.393701 0.905512 
vn 0.15748 -0.393701 0.905512 
vn 0.15748 -0.393701 0.905512 
vn 0.818898 0.330709 0.472441 
vn 0.771654 0.425197 0.472441 
vn 0.464567 0.346457 0.818898 
vn 0.519685 0.220472 0.826772 
vn 0.165354 0.23622 0.96063 
vn 0.220472 0.11811 0.968504 
vn 0.015748 0.173228 0.984252 
vn 0.0551181 0.0629921 1 
vn -0.488189 -0.370079 -0.787402 
vn -0.480315 -0.370079 -0.795276 
vn -0.480315 -0.370079 -0.795276 
vn -0.488189 -0.370079 -0.787402 
vn 0.259843 -0.015748 -0.968504 
vn 0.275591 -0.0472441 -0.96063 
vn 0.559055 0.110236 -0.818898 
vn 0.543307 0.15748 -0.826772 
vn 0.834646 0.299213 -0.472441 
vn 0.826772 0.299213 -0.472441 
vn 0.913386 0.417323 0 
vn 0.929134 0.362205 0 
vn -0.385827 0.92126 0 
vn -0.385827 0.92126 0 
vn -0.385827 0.92126 0 
vn -0.385827 0.92126 0 
vn -0.385827 0.92126 0 
vn -0.385827 0.92126 0 
vn -0.385827 0.92126 0 
vn -0.385827 0.92126 0 
vn -0.385827 0.92126 0 
vn -0.385827 0.92126 0 
vn -0.385827 0.92126 0 
vn -0.385827 0.92126 0 
vn -0.385827 0.92126 0 
vn -0.385827 0.92126 -0.00787402 
vn -0.385827 0.92126 -0.00787402 
vn -0.385827 0.92126 -0.00787402 
vn -0.385827 0.92126 0.00787402 
vn -0.385827 0.92126 0.00787402 
vn -0.385827 0.92126 0.00787402 
vn 0.606299 -0.015748 0.795276 
vn 0.88189 0.15748 0.440945 
vn 0.307087 -0.125984 0.944882 
vn 0.149606 -0.173228 0.976378 
vn -0.598425 -0.0708661 -0.795276 
vn -0.598425 -0.0708661 -0.795276 
vn 0.480315 0.346457 -0.80315 
vn 0.173228 0.251969 -0.952756 
vn 0.80315 0.370079 -0.464567 
vn 0.952756 0.299213 -0.00787402 
vn -0.944882 0.322835 0 
vn -0.944882 0.322835 0 
vn -0.944882 0.322835 0 
vn -0.944882 0.322835 0 
vn -0.952756 0.314961 0 
vn -0.952756 0.314961 0 
vn -0.952756 0.314961 0 
vn -0.952756 0.314961 0 
vn -0.96063 -0.275591 0.015748 
vn -0.96063 -0.275591 0.015748 
vn -0.944882 -0.330709 0 
vn -0.944882 -0.330709 0 
vn -0.952756 -0.291339 0.015748 
vn -0.952756 -0.291339 0.015748 
vn -0.937008 -0.346457 0 
vn -0.937008 -0.346457 0 
vn 0.015748 -0.92126 -0.393701 
vn 0.00787402 -0.92126 -0.393701 
vn 0.00787402 -0.92126 -0.377953 
vn 0.00787402 -0.92126 -0.393701 
vn 0.00787402 -0.92126 -0.393701 
vn 0.015748 -0.92126 -0.393701 
vn 0.015748 -0.92126 -0.393701 
vn 0.015748 -0.92126 -0.393701 
vn 0.00787402 -0.913386 -0.409449 
vn 0.00787402 -0.92126 -0.393701 
vn 0.866142 -0.409449 -0.299213 
vn 0.826772 -0.551181 0.102362 
vn 0.826772 -0.551181 0.102362 
vn 0.866142 -0.409449 -0.299213 
vn 0.614173 -0.669291 0.425197 
vn 0.614173 -0.669291 0.425197 
vn 0.338583 -0.771654 0.535433 
vn 0.338583 -0.771654 0.535433 
vn 0.188976 -0.818898 0.543307 
vn 0.188976 -0.818898 0.543307 
vn -0.787402 -0.606299 -0.133858 
vn -0.787402 -0.606299 -0.133858 
vn -0.787402 -0.606299 -0.133858 
vn -0.787402 -0.606299 -0.133858 
vn -0.76378 -0.629921 -0.149606 
vn -0.76378 -0.629921 -0.149606 
vn -0.76378 -0.629921 -0.149606 
vn -0.76378 -0.629921 -0.149606 
vn -0.433071 -0.496063 -0.748031 
vn -0.433071 -0.496063 -0.748031 
vn -0.433071 -0.496063 -0.748031 
vn -0.433071 -0.496063 -0.748031 
vn 0.377953 -0.220472 -0.897638 
vn 0.377953 -0.220472 -0.897638 
vn 0.102362 -0.23622 -0.968504 
vn 0.102362 -0.23622 -0.968504 
vn 0.685039 -0.299213 -0.669291 
vn 0.685039 -0.299213 -0.669291 
vn -0.393701 -0.897638 0.188976 
vn -0.393701 -0.897638 0.188976 
vn -0.393701 -0.897638 0.188976 
vn -0.393701 -0.897638 0.188976 
vn -0.708661 -0.251969 0.661417 
vn -0.708661 -0.251969 0.661417 
vn -0.669291 -0.346457 0.661417 
vn -0.669291 -0.346457 0.661417 
vn -0.724409 -0.220472 0.653543 
vn -0.724409 -0.220472 0.653543 
vn -0.0393701 -0.259843 -0.96063 
vn -0.0393701 -0.259843 -0.96063 
vn 0.110236 -0.110236 -0.984252 
vn 0.015748 0.173228 -0.984252 
vn 0.125984 -0.11811 -0.984252 
vn -0.598425 0.488189 0.637795 
vn -0.598425 0.488189 0.637795 
vn -0.598425 0.488189 0.637795 
vn -0.598425 0.488189 0.637795 
vn -0.102362 0.716535 0.692913 
vn -0.102362 0.716535 0.692913 
vn -0.220472 0.669291 0.708661 
vn -0.220472 0.669291 0.708661 
vn 0.11811 0.795276 0.598425 
vn 0.11811 0.795276 0.598425 
vn 0.322835 0.88189 0.338583 
vn 0.322835 0.88189 0.338583 
vn 0.433071 0.905512 0 
vn 0.433071 0.905512 0 
vn 0.377953 0.850394 -0.370079 
vn 0.377953 0.850394 -0.370079 
vn 0.19685 0.716535 -0.669291 
vn 0.19685 0.716535 -0.669291 
vn -0.0393701 0.622047 -0.787402 
vn -0.0393701 0.622047 -0.787402 
vn -0.173228 0.566929 -0.80315 
vn -0.173228 0.566929 -0.80315 
vn -0.661417 0.543307 -0.519685 
vn -0.661417 0.543307 -0.519685 
vn -0.661417 0.543307 -0.519685 
vn -0.661417 0.543307 -0.519685 
vn -0.913386 -0.417323 0 
vn -0.913386 -0.417323 0 
vn -0.913386 -0.417323 0 
vn -0.913386 -0.417323 0 
vn -0.905512 -0.417323 -0.00787402 
vn -0.905512 -0.417323 -0.00787402 
vn -0.905512 -0.417323 -0.00787402 
vn -0.905512 -0.417323 -0.00787402 
vn -0.905512 -0.417323 -0.00787402 
vn -0.905512 -0.417323 -0.00787402 
vn -0.905512 -0.425197 0 
vn -0.905512 -0.425197 0 
vn -0.905512 -0.425197 0 
vn -0.905512 -0.425197 0 
vn -0.645669 0.23622 -0.732283 
vn -0.645669 0.23622 -0.732283 
vn -0.976378 -0.228346 0.0393701 
vn -0.976378 -0.228346 0.0393701 
vn -0.968504 -0.244094 0.0393701 
vn -0.968504 -0.244094 0.0393701 
vn -0.637795 -0.401575 0.661417 
vn -0.637795 -0.401575 0.661417 
vn 0.204724 -0.307087 0.929134 
vn 0.362205 -0.251969 0.897638 
vn 0.645669 -0.125984 0.748031 
vn 0.905512 0.0866142 0.417323 
vn 0.96063 0.283465 -0.015748 
vn 0.779528 0.433071 -0.448819 
vn 0.425197 0.488189 -0.76378 
vn 0.0944882 0.464567 -0.88189 
vn -0.0708661 0.433071 -0.897638 
vn 0.023622 -0.92126 -0.393701 
vn 0.023622 -0.92126 -0.393701 
vn 0.0314961 -0.92126 -0.393701 
vn 0.0314961 -0.92126 -0.393701 
vn 0.015748 -0.92126 -0.393701 
vn 0.015748 -0.92126 -0.393701 
vn 0.433071 0.488189 -0.755906 
vn 0.0944882 0.464567 -0.88189 
vn 0.787402 0.433071 -0.440945 
vn 0.96063 0.283465 -0.023622 
vn 0.905512 0.0866142 0.409449 
vn 0.653543 -0.11811 0.748031 
vn 0.370079 -0.251969 0.897638 
vn 0.204724 -0.307087 0.929134 
vn -0.629921 -0.401575 0.669291 
vn -0.629921 -0.401575 0.669291 
vn -0.968504 -0.244094 0.0393701 
vn -0.968504 -0.244094 0.0393701 
vn -0.968504 -0.228346 0.0472441 
vn -0.968504 -0.228346 0.0472441 
vn -0.645669 0.23622 -0.732283 
vn -0.645669 0.23622 -0.732283 
vn -0.0708661 0.433071 -0.897638 
vn -0.724409 -0.220472 0.653543 
vn -0.724409 -0.220472 0.653543 
vn 0.165354 0.23622 0.96063 
vn 0.00787402 0.173228 0.984252 
vn 0.464567 0.346457 0.818898 
vn 0.771654 0.433071 0.464567 
vn 0.913386 0.417323 0 
vn 0.834646 0.299213 -0.472441 
vn 0.559055 0.11811 -0.818898 
vn 0.275591 -0.0472441 -0.96063 
vn 0.125984 -0.11811 -0.984252 
vn -0.480315 -0.370079 -0.795276 
vn -0.480315 -0.370079 -0.795276 
vn -0.96063 0.15748 0.23622 
vn -0.96063 0.15748 0.23622 
vn -0.740157 0.566929 0.370079 
vn -0.740157 0.566929 0.370079 
vn -0.385827 0.818898 0.425197 
vn -0.385827 0.818898 0.425197 
vn -0.102362 0.905512 0.417323 
vn -0.102362 0.905512 0.417323 
vn 0.220472 0.905512 0.362205 
vn 0.220472 0.905512 0.362205 
vn 0.519685 0.811024 0.267717 
vn 0.519685 0.811024 0.267717 
vn 0.818898 0.566929 0.110236 
vn 0.818898 0.566929 0.110236 
vn 0.976378 0.188976 -0.0787402 
vn 0.976378 0.188976 -0.0787402 
vn 0.96063 -0.15748 -0.228346 
vn 0.96063 -0.15748 -0.228346 
vn 0.826772 -0.456693 -0.338583 
vn 0.826772 -0.456693 -0.338583 
vn 0.590551 -0.700787 -0.401575 
vn 0.590551 -0.700787 -0.401575 
vn 0.00787402 -0.913386 -0.401575 
vn 0.00787402 -0.913386 -0.401575 
vn -0.409449 -0.858268 -0.307087 
vn -0.409449 -0.858268 -0.307087 
vn -0.889764 -0.448819 -0.0472441 
vn -0.889764 -0.448819 -0.0472441 
vn -0.889764 -0.448819 -0.0472441 
vn -0.889764 -0.448819 -0.0472441 
vn -0.952756 -0.299213 0.0314961 
vn -0.984252 -0.15748 0.102362 
vn -0.984252 -0.15748 0.102362 
vn 0.15748 -0.393701 0.905512 
vn 0.15748 -0.393701 0.905512 
vn 0.15748 -0.393701 0.905512 
vn -0.897638 0.322835 0.291339 
vn -0.897638 0.322835 0.291339 
vn -0.897638 0.322835 0.291339 
vn -0.897638 0.322835 0.291339 
vn 0.15748 -0.393701 0.905512 
vn 0.15748 -0.393701 0.905512 
vn -0.409449 -0.858268 -0.307087 
vn -0.409449 -0.858268 -0.307087 
vn -0.409449 -0.858268 -0.307087 
vn -0.409449 -0.858268 -0.307087 
vn 0.897638 -0.330709 -0.299213 
vn 0.88189 -0.362205 -0.307087 
vn 0.88189 -0.362205 -0.307087 
vn 0.897638 -0.330709 -0.299213 
vn -0.496063 0.0551181 0.866142 
vn -0.692913 -0.393701 0.606299 
vn -0.692913 -0.393701 0.606299 
vn -0.496063 0.0551181 0.866142 
vn -0.181102 0.377953 0.905512 
vn -0.181102 0.377953 0.905512 
vn 0.0314961 0.425197 0.905512 
vn 0.0314961 0.425197 0.905512 
vn 0.267717 0.409449 0.874016 
vn 0.267717 0.409449 0.874016 
vn 0.488189 0.322835 0.811024 
vn 0.488189 0.322835 0.811024 
vn 0.700787 0.133858 0.700787 
vn 0.700787 0.133858 0.700787 
vn 0.826772 -0.11811 0.551181 
vn 0.826772 -0.11811 0.551181 
vn 0.811024 -0.385827 0.448819 
vn 0.811024 -0.385827 0.448819 
vn 0.700787 -0.606299 0.385827 
vn 0.700787 -0.606299 0.385827 
vn 0.535433 -0.771654 0.338583 
vn 0.535433 -0.771654 0.338583 
vn 0.440945 -0.84252 0.314961 
vn 0.440945 -0.84252 0.314961 
vn -0.181102 -0.889764 0.425197 
vn -0.181102 -0.889764 0.425197 
vn -0.181102 -0.889764 0.425197 
vn -0.181102 -0.889764 0.425197 
vn 0.204724 -0.96063 -0.173228 
vn 0.204724 -0.96063 -0.173228 
vn 0.204724 -0.96063 -0.173228 
vn 0.204724 -0.96063 -0.173228 
vn -0.322835 -0.944882 -0.0787402 
vn -0.322835 -0.944882 -0.0787402 
vn -0.322835 -0.944882 -0.0787402 
vn -0.322835 -0.944882 -0.0787402 
vn -0.692913 -0.629921 0.362205 
vn -0.661417 -0.708661 0.251969 
vn -0.661417 -0.708661 0.251969 
vn -0.692913 -0.629921 0.362205 
vn -0.559055 -0.598425 0.574803 
vn -0.559055 -0.598425 0.574803 
vn -0.559055 -0.598425 0.574803 
vn -0.598425 0 0.80315 
vn -0.598425 0 0.80315 
vn -0.598425 0 0.80315 
vn -0.598425 0 0.80315 
vn 0.322835 -0.818898 0.472441 
vn 0.291339 -0.84252 0.448819 
vn 0.291339 -0.84252 0.448819 
vn 0.322835 -0.818898 0.472441 
vn -0.173228 -0.88189 0.448819 
vn -0.165354 -0.874016 0.448819 
vn -0.165354 -0.874016 0.448819 
vn -0.173228 -0.88189 0.448819 
vn 0.15748 -0.393701 0.905512 
vn 0.15748 -0.393701 0.905512 
vn 0.15748 -0.393701 0.905512 
vn 0.15748 -0.393701 0.905512 
vn 0.15748 -0.393701 0.905512 
vn 0.133858 -0.511811 0.850394 
vn 0.165354 -0.370079 0.913386 
vn 0.110236 -0.574803 0.811024 
vn 0.165354 -0.377953 0.913386 
vn 0.165354 -0.377953 0.913386 
vn 0.15748 -0.393701 0.905512 
vn 0.00787402 -0.897638 0.448819 
vn 0.0472441 -0.795276 0.598425 
vn 0.0472441 -0.795276 0.598425 
vn 0.00787402 -0.897638 0.448819 
vn -0.409449 -0.858268 -0.307087 
vn -0.409449 -0.858268 -0.307087 
vn -0.173228 -0.88189 0.448819 
vn -0.173228 -0.88189 0.448819 
vn -0.96063 0.15748 0.23622 
vn -0.740157 0.566929 0.370079 
vn -0.740157 0.566929 0.370079 
vn -0.96063 0.15748 0.23622 
vn -0.385827 0.818898 0.425197 
vn -0.385827 0.818898 0.425197 
vn -0.102362 0.905512 0.409449 
vn -0.102362 0.905512 0.409449 
vn 0.220472 0.913386 0.354331 
vn 0.220472 0.913386 0.354331 
vn 0.511811 0.818898 0.259843 
vn 0.511811 0.818898 0.259843 
vn 0.811024 0.574803 0.102362 
vn 0.811024 0.574803 0.102362 
vn 0.976378 0.19685 -0.0866142 
vn 0.976378 0.19685 -0.0866142 
vn 0.96063 -0.15748 -0.23622 
vn 0.96063 -0.15748 -0.23622 
vn 0.826772 -0.456693 -0.338583 
vn 0.826772 -0.456693 -0.338583 
vn 0.590551 -0.700787 -0.401575 
vn 0.590551 -0.700787 -0.401575 
vn 0.00787402 -0.92126 -0.393701 
vn 0.00787402 -0.92126 -0.393701 
vn -0.409449 -0.858268 -0.299213 
vn -0.409449 -0.858268 -0.299213 
vn -0.889764 -0.448819 -0.0393701 
vn -0.889764 -0.448819 -0.0393701 
vn -0.889764 -0.448819 -0.0393701 
vn -0.889764 -0.448819 -0.0393701 
vn 0.173228 -0.889764 -0.417323 
vn 0.173228 -0.889764 -0.417323 
vn 0.173228 -0.889764 -0.417323 
vn 0.173228 -0.889764 -0.417323 
vn -0.401575 -0.866142 -0.307087 
vn -0.401575 -0.866142 -0.307087 
vn -0.401575 -0.866142 -0.307087 
vn -0.401575 -0.866142 -0.307087 
vn -0.952756 -0.299213 0.0314961 
vn -0.984252 -0.15748 0.102362 
vn -0.984252 -0.15748 0.102362 
vn -0.952756 -0.299213 0.0314961 
vn -0.15748 0.393701 -0.905512 
vn -0.15748 0.393701 -0.905512 
vn -0.15748 0.393701 -0.905512 
vn -0.897638 0.322835 0.299213 
vn -0.897638 0.322835 0.299213 
vn -0.897638 0.322835 0.299213 
vn -0.897638 0.322835 0.299213 
vn -0.15748 0.393701 -0.905512 
vn -0.15748 0.393701 -0.905512 
vn -0.15748 0.393701 -0.905512 
vn -0.15748 0.393701 -0.905512 
vn -0.15748 0.393701 -0.905512 
vn -0.15748 0.393701 -0.905512 
vn -0.409449 -0.858268 -0.307087 
vn -0.409449 -0.858268 -0.299213 
vn -0.409449 -0.858268 -0.299213 
vn -0.409449 -0.858268 -0.307087 
vn 0.897638 -0.330709 -0.299213 
vn 0.88189 -0.362205 -0.307087 
vn 0.88189 -0.362205 -0.307087 
vn -0.629921 0.692913 -0.354331 
vn -0.629921 0.692913 -0.354331 
vn -0.795276 0.385827 -0.472441 
vn -0.795276 0.385827 -0.472441 
vn -0.385827 0.88189 -0.267717 
vn -0.385827 0.88189 -0.267717 
vn -0.173228 0.937008 -0.291339 
vn -0.173228 0.937008 -0.291339 
vn 0.0629921 0.937008 -0.338583 
vn 0.0629921 0.937008 -0.338583 
vn 0.275591 0.874016 -0.401575 
vn 0.275591 0.874016 -0.401575 
vn 0.496063 0.685039 -0.527559 
vn 0.496063 0.685039 -0.527559 
vn 0.629921 0.401575 -0.661417 
vn 0.629921 0.401575 -0.661417 
vn 0.598425 0.149606 -0.787402 
vn 0.598425 0.149606 -0.787402 
vn 0.480315 -0.0551181 -0.874016 
vn 0.480315 -0.0551181 -0.874016 
vn 0.322835 -0.228346 -0.92126 
vn 0.322835 -0.228346 -0.92126 
vn 0.228346 -0.307087 -0.929134 
vn 0.228346 -0.307087 -0.929134 
vn -0.401575 -0.330709 -0.858268 
vn -0.401575 -0.330709 -0.858268 
vn -0.401575 -0.330709 -0.858268 
vn -0.401575 -0.330709 -0.858268 
vn 0.0393701 -0.456693 -0.889764 
vn 0.0393701 -0.456693 -0.889764 
vn 0.0393701 -0.456693 -0.889764 
vn -0.401575 -0.370079 -0.834646 
vn -0.401575 -0.370079 -0.834646 
vn -0.401575 -0.370079 -0.834646 
vn -0.401575 -0.370079 -0.834646 
vn -0.818898 0.165354 -0.551181 
vn -0.818898 0.165354 -0.551181 
vn -0.811024 0.0629921 -0.582677 
vn -0.811024 0.0629921 -0.582677 
vn -0.76378 -0.0708661 -0.637795 
vn -0.76378 -0.0708661 -0.637795 
vn -0.76378 -0.0708661 -0.637795 
vn -0.795276 0.496063 -0.346457 
vn -0.795276 0.496063 -0.346457 
vn -0.795276 0.496063 -0.346457 
vn -0.795276 0.496063 -0.346457 
vn 0.598425 -0.023622 -0.80315 
vn 0.598425 -0.023622 -0.80315 
vn 0.606299 -0.015748 -0.795276 
vn 0.606299 -0.015748 -0.795276 
vn -0.393701 -0.307087 -0.866142 
vn -0.393701 -0.307087 -0.866142 
vn -0.393701 -0.307087 -0.866142 
vn -0.393701 -0.307087 -0.866142 
vn -0.15748 0.393701 -0.905512 
vn -0.15748 0.393701 -0.905512 
vn -0.15748 0.393701 -0.905512 
vn -0.15748 0.393701 -0.905512 
vn -0.15748 0.393701 -0.905512 
vn -0.15748 0.393701 -0.905512 
vn -0.15748 0.393701 -0.905512 
vn -0.15748 0.393701 -0.905512 
vn -0.409449 -0.858268 -0.299213 
vn -0.409449 -0.858268 -0.299213 
vn -0.393701 -0.307087 -0.866142 
vn -0.393701 -0.307087 -0.866142 
vn -0.15748 0.393701 -0.905512 
vn -0.15748 0.393701 -0.905512 
vn -0.15748 0.393701 -0.905512 
vn 0.15748 -0.393701 0.905512 
vn 0.15748 -0.393701 0.905512 
vn 0.15748 -0.393701 0.905512 
vn -0.15748 0.393701 -0.905512 
vn -0.15748 0.393701 -0.905512 
vn 0.614173 0 -0.787402 
vn 0.614173 0 -0.787402 
vn 0.905512 -0.307087 -0.291339 
vn 0.905512 -0.307087 -0.291339 
vn 0.905512 -0.307087 -0.291339 
vn 0.204724 -0.913386 0.354331 
vn 0.204724 -0.913386 0.354331 
vn -0.15748 0.393701 -0.905512 
vn -0.15748 0.393701 -0.905512 
vn 0.606299 0.00787402 -0.795276 
vn 0.606299 0.00787402 -0.795276 
vn 0.905512 -0.307087 -0.291339 
vn 0.905512 -0.307087 -0.291339 
vn 0.905512 -0.299213 -0.291339 
vn 0.15748 -0.952756 0.267717 
vn 0.15748 -0.952756 0.267717 
vn -0.023622 -0.937008 0.354331 
vn -0.023622 -0.937008 0.354331 

vt 0.406875 0.1065 
vt 0.4095 0.0731 
vt 0.391725 0.0733 
vt 0.391725 0.1066 
vt 0.409875 0.0684 
vt 0.391725 0.0686 
vt 0.391725 0.0733 
vt 0.4095 0.0731 
vt 0.391725 0.1113 
vt 0.4074 0.1112 
vt 0.406875 0.1065 
vt 0.391725 0.1066 
vt 0.4149 0.0358 
vt 0.391725 0.0353 
vt 0.391725 0.0686 
vt 0.409875 0.0684 
vt 0.391725 0.1446 
vt 0.41235 0.1438 
vt 0.4074 0.1112 
vt 0.391725 0.1113 
vt 0.4149 0.182 
vt 0.391725 0.1826 
vt 0.391725 0.1873 
vt 0.4143 0.1866 
vt 0.391725 0.1493 
vt 0.41265 0.1485 
vt 0.41235 0.1438 
vt 0.391725 0.1446 
vt 0.4149 0.182 
vt 0.41265 0.1485 
vt 0.391725 0.1493 
vt 0.391725 0.1826 
vt 0.21885 0.7162 
vt 0.2415 0.7162 
vt 0.2415 0.7497 
vt 0.21885 0.7497 
vt 0.2415 0.7923 
vt 0.21885 0.7923 
vt 0.2415 0.8631 
vt 0.21885 0.8631 
vt 0.21885 0.4996 
vt 0.2415 0.4996 
vt 0.2415 0.5137 
vt 0.21885 0.5137 
vt 0.21885 0.5839 
vt 0.2415 0.5839 
vt 0.2415 0.6251 
vt 0.21885 0.6251 
vt 0.2415 0.6591 
vt 0.21885 0.6591 
vt 0.2415 0.6877 
vt 0.21885 0.6877 
vt 0.666225 0.3181 
vt 0.7053 0.2976 
vt 0.666225 0.3471 
vt 0.684375 0.3471 
vt 0.7053 0.3471 
vt 0.70275 0.3471 
vt 0.7053 0.2474 
vt 0.684375 0.2474 
vt 0.70275 0.2474 
vt 0.666225 0.2474 
vt 0.666225 0.2474 
vt 0.7053 0.2976 
vt 0.666225 0.2796 
vt 0.666225 0.2796 
vt 0.7053 0.2976 
vt 0.666225 0.2989 
vt 0.666225 0.2989 
vt 0.7053 0.2976 
vt 0.666225 0.3181 
vt 0.215625 0.7497 
vt 0.215625 0.7162 
vt 0.215625 0.7923 
vt 0.215625 0.8631 
vt 0.216 0.5137 
vt 0.216 0.4996 
vt 0.216 0.6251 
vt 0.216 0.5839 
vt 0.215625 0.6591 
vt 0.215625 0.6877 
vt 0.7053 0.2474 
vt 0.708825 0.2346 
vt 0.708825 0.2984 
vt 0.7053 0.2976 
vt 0.7053 0.2976 
vt 0.708825 0.2984 
vt 0.708825 0.3504 
vt 0.7053 0.3471 
vt 0.215625 0.9994 
vt 0.215625 0.9343 
vt 0.21885 0.9343 
vt 0.21885 0.9994 
vt 0.215625 0.9343 
vt 0.215625 0.8747 
vt 0.21885 0.8747 
vt 0.21885 0.9343 
vt 0.566325 0.235 
vt 0.6 0.2969 
vt 0.5565 0.235 
vt 0.578175 0.235 
vt 0.600375 0.235 
vt 0.5781 0.3585 
vt 0.599925 0.3585 
vt 0.56625 0.3585 
vt 0.5565 0.3585 
vt 0.5565 0.2967 
vt 0.17355 0.6877 
vt 0.17355 0.7162 
vt 0.170175 0.7162 
vt 0.170175 0.6877 
vt 0.17355 0.7497 
vt 0.170175 0.7497 
vt 0.17355 0.7923 
vt 0.170175 0.7923 
vt 0.17355 0.8631 
vt 0.170175 0.8631 
vt 0.170175 0.9343 
vt 0.170175 0.8747 
vt 0.17355 0.8747 
vt 0.17355 0.9343 
vt 0.170175 0.9994 
vt 0.170175 0.9343 
vt 0.17355 0.9343 
vt 0.17355 0.9994 
vt 0.17355 0.5137 
vt 0.170175 0.5137 
vt 0.170175 0.4996 
vt 0.17355 0.4996 
vt 0.17355 0.6251 
vt 0.170175 0.6251 
vt 0.170175 0.5839 
vt 0.17355 0.5839 
vt 0.17355 0.6591 
vt 0.170175 0.6591 
vt 0.17355 0.8747 
vt 0.170175 0.8747 
vt 0.170175 0.8631 
vt 0.17355 0.8631 
vt 0.21885 0.8631 
vt 0.21885 0.8747 
vt 0.215625 0.8747 
vt 0.215625 0.8631 
vt 0.2415 0.8631 
vt 0.2415 0.8747 
vt 0.170175 0.5137 
vt 0.17355 0.5137 
vt 0.21885 0.5137 
vt 0.216 0.5137 
vt 0.2415 0.5137 
vt 0.70275 0.3471 
vt 0.7053 0.3471 
vt 0.708825 0.3504 
vt 0.708825 0.3588 
vt 0.680325 0.3588 
vt 0.684375 0.3471 
vt 0.70275 0.3471 
vt 0.708825 0.3588 
vt 0.6621 0.3588 
vt 0.666225 0.3471 
vt 0.6621 0.3231 
vt 0.666225 0.3181 
vt 0.6621 0.3004 
vt 0.666225 0.2989 
vt 0.6621 0.2767 
vt 0.666225 0.2796 
vt 0.6621 0.2346 
vt 0.666225 0.2474 
vt 0.680325 0.2346 
vt 0.684375 0.2474 
vt 0.70275 0.2474 
vt 0.70395 0.2346 
vt 0.708825 0.2346 
vt 0.7053 0.2474 
vt 0.70275 0.2474 
vt 0.70395 0.2346 
vt 0.263625 0.9343 
vt 0.21885 0.8747 
vt 0.241125 0.8747 
vt 0.263625 0.8747 
vt 0.263625 0.9343 
vt 0.21885 0.9343 
vt 0.21885 0.8747 
vt 0.263625 0.9343 
vt 0.21885 0.9994 
vt 0.21885 0.9343 
vt 0.263625 0.9994 
vt 0.2394 0.9994 
vt 0.21885 0.9994 
vt 0.263625 0.9343 
vt 0.192825 0.5137 
vt 0.192825 0.4996 
vt 0.192825 0.9343 
vt 0.192825 0.9994 
vt 0.192825 0.8747 
vt 0.192825 0.9343 
vt 0.192825 0.8747 
vt 0.192825 0.8631 
vt 0.192825 0.8631 
vt 0.192825 0.7923 
vt 0.192825 0.7497 
vt 0.192825 0.7162 
vt 0.192825 0.6877 
vt 0.192825 0.6591 
vt 0.192825 0.6251 
vt 0.192825 0.5839 
vt 0.192825 0.5137 
vt 0.6 0.2969 
vt 0.603375 0.2969 
vt 0.603375 0.3585 
vt 0.599925 0.3585 
vt 0.603375 0.235 
vt 0.600375 0.235 
vt 0.17355 0.6251 
vt 0.17355 0.5839 
vt 0.17355 0.6591 
vt 0.17355 0.6877 
vt 0.17355 0.7162 
vt 0.17355 0.7497 
vt 0.17355 0.7923 
vt 0.17355 0.8631 
vt 0.17355 0.8747 
vt 0.17355 0.8631 
vt 0.17355 0.8747 
vt 0.17355 0.9343 
vt 0.17355 0.9343 
vt 0.17355 0.9994 
vt 0.17355 0.5137 
vt 0.17355 0.4996 
vt 0.17355 0.5137 
vt 0.263625 0.8631 
vt 0.263625 0.8747 
vt 0.263625 0.7923 
vt 0.263625 0.8631 
vt 0.263625 0.7497 
vt 0.263625 0.7162 
vt 0.263625 0.6877 
vt 0.263625 0.6591 
vt 0.263625 0.6251 
vt 0.263625 0.5839 
vt 0.263625 0.5137 
vt 0.263625 0.4996 
vt 0.263625 0.5137 
vt 0.37755 0.1886 
vt 0.386025 0.1886 
vt 0.3891 0.1788 
vt 0.37755 0.1788 
vt 0.3891 0.1713 
vt 0.37755 0.1713 
vt 0.3891 0.1622 
vt 0.37755 0.1621 
vt 0.3891 0.1529 
vt 0.37755 0.1529 
vt 0.37755 0.144 
vt 0.3891 0.144 
vt 0.3891 0.1339 
vt 0.37755 0.1339 
vt 0.3891 0.1246 
vt 0.37755 0.1246 
vt 0.3891 0.1154 
vt 0.37755 0.1155 
vt 0.3891 0.1068 
vt 0.37755 0.1068 
vt 0.389175 0.1005 
vt 0.37755 0.1005 
vt 0.389175 0.0932 
vt 0.37755 0.0932 
vt 0.389175 0.0882 
vt 0.37755 0.0882 
vt 0.37755 0.0856 
vt 0.37755 0.0882 
vt 0.389175 0.0882 
vt 0.389175 0.0856 
vt 0.37755 0.204 
vt 0.382125 0.1962 
vt 0.37755 0.1962 
vt 0.321675 0.189 
vt 0.34245 0.1761 
vt 0.321375 0.1842 
vt 0.3894 0.0666 
vt 0.37785 0.0666 
vt 0.37785 0.0843 
vt 0.3894 0.0844 
vt 0.3414 0.1893 
vt 0.3486 0.1835 
vt 0.3894 0.0462 
vt 0.37785 0.0462 
vt 0.37785 0.0564 
vt 0.3894 0.0564 
vt 0.37785 0.0391 
vt 0.37785 0.0462 
vt 0.3894 0.0462 
vt 0.386625 0.0391 
vt 0.343425 0.1163 
vt 0.330975 0.1142 
vt 0.332925 0.1211 
vt 0.3435 0.1232 
vt 0.35115 0.1228 
vt 0.348225 0.128 
vt 0.3579 0.1341 
vt 0.35355 0.1375 
vt 0.361725 0.148 
vt 0.3567 0.1492 
vt 0.357 0.1611 
vt 0.362025 0.1622 
vt 0.3588 0.1776 
vt 0.354 0.1749 
vt 0.35175 0.1885 
vt 0.3486 0.1835 
vt 0.34275 0.1958 
vt 0.3414 0.1893 
vt 0.333 0.1987 
vt 0.3324 0.192 
vt 0.3258 0.1982 
vt 0.3273 0.1916 
vt 0.318 0.1941 
vt 0.321675 0.189 
vt 0.31635 0.1831 
vt 0.3165 0.1908 
vt 0.321675 0.189 
vt 0.321375 0.1842 
vt 0.308475 0.1297 
vt 0.308925 0.1342 
vt 0.31335 0.1343 
vt 0.312 0.1297 
vt 0.3087 0.1232 
vt 0.308475 0.1297 
vt 0.312 0.1297 
vt 0.3129 0.1265 
vt 0.32025 0.1163 
vt 0.30945 0.1218 
vt 0.3129 0.1265 
vt 0.321975 0.123 
vt 0.317925 0.1795 
vt 0.31635 0.1831 
vt 0.321375 0.1842 
vt 0.321375 0.1842 
vt 0.34245 0.1761 
vt 0.336975 0.1716 
vt 0.317925 0.1795 
vt 0.3432 0.1356 
vt 0.32985 0.1336 
vt 0.328125 0.1375 
vt 0.3372 0.1397 
vt 0.342375 0.1558 
vt 0.3432 0.1356 
vt 0.3372 0.1397 
vt 0.3369 0.1558 
vt 0.3273 0.1916 
vt 0.3324 0.192 
vt 0.3567 0.1492 
vt 0.342375 0.1558 
vt 0.357 0.1611 
vt 0.3432 0.1356 
vt 0.348225 0.128 
vt 0.3435 0.1232 
vt 0.342375 0.1558 
vt 0.35355 0.1375 
vt 0.354 0.1749 
vt 0.32115 0.1315 
vt 0.32985 0.1336 
vt 0.332925 0.1211 
vt 0.321975 0.123 
vt 0.37785 0.0666 
vt 0.3894 0.0666 
vt 0.34245 0.1761 
vt 0.336975 0.1716 
vt 0.37755 0.1886 
vt 0.37755 0.1788 
vt 0.36345 0.1788 
vt 0.36345 0.1886 
vt 0.37755 0.1713 
vt 0.36345 0.1713 
vt 0.37755 0.1621 
vt 0.363525 0.1622 
vt 0.37755 0.1529 
vt 0.363525 0.1529 
vt 0.37755 0.144 
vt 0.363525 0.144 
vt 0.37755 0.1339 
vt 0.363525 0.1339 
vt 0.37755 0.1246 
vt 0.363525 0.1246 
vt 0.37755 0.1155 
vt 0.363525 0.1154 
vt 0.37755 0.1068 
vt 0.363525 0.1067 
vt 0.37755 0.1005 
vt 0.363525 0.1004 
vt 0.37755 0.0932 
vt 0.36345 0.0932 
vt 0.37755 0.0882 
vt 0.36345 0.0881 
vt 0.37755 0.0856 
vt 0.363525 0.0856 
vt 0.36345 0.0881 
vt 0.37755 0.0882 
vt 0.37755 0.2111 
vt 0.37755 0.2082 
vt 0.363525 0.2082 
vt 0.363525 0.2111 
vt 0.37755 0.2082 
vt 0.37755 0.204 
vt 0.363525 0.204 
vt 0.363525 0.2082 
vt 0.37755 0.204 
vt 0.37755 0.1962 
vt 0.363525 0.1962 
vt 0.363525 0.204 
vt 0.320625 0.035 
vt 0.320175 0.0398 
vt 0.3411 0.0486 
vt 0.36375 0.0666 
vt 0.36375 0.0844 
vt 0.37785 0.0843 
vt 0.37785 0.0666 
vt 0.340875 0.0894 
vt 0.32955 0.0938 
vt 0.332325 0.1061 
vt 0.3423 0.1027 
vt 0.3402 0.0354 
vt 0.347325 0.0414 
vt 0.36375 0.0462 
vt 0.36375 0.0564 
vt 0.37785 0.0564 
vt 0.37785 0.0462 
vt 0.363825 0.0391 
vt 0.36375 0.0462 
vt 0.37785 0.0462 
vt 0.343575 0.1094 
vt 0.3423 0.1027 
vt 0.332325 0.1061 
vt 0.33285 0.1126 
vt 0.350025 0.1018 
vt 0.3468 0.097 
vt 0.356175 0.0904 
vt 0.351825 0.0872 
vt 0.36 0.0767 
vt 0.3549 0.0755 
vt 0.36045 0.0627 
vt 0.355425 0.0637 
vt 0.35745 0.0474 
vt 0.3531 0.0505 
vt 0.35055 0.0364 
vt 0.347325 0.0414 
vt 0.3417 0.0289 
vt 0.3402 0.0354 
vt 0.332025 0.0257 
vt 0.33135 0.0323 
vt 0.324825 0.026 
vt 0.32625 0.0325 
vt 0.317025 0.0299 
vt 0.320625 0.035 
vt 0.31515 0.0408 
vt 0.320175 0.0398 
vt 0.320625 0.035 
vt 0.31545 0.0331 
vt 0.3141 0.098 
vt 0.318825 0.098 
vt 0.315675 0.0936 
vt 0.314475 0.1045 
vt 0.31935 0.1021 
vt 0.318825 0.098 
vt 0.3141 0.098 
vt 0.324225 0.1116 
vt 0.325725 0.105 
vt 0.31935 0.1021 
vt 0.315975 0.1074 
vt 0.316575 0.0445 
vt 0.320175 0.0398 
vt 0.31515 0.0408 
vt 0.320175 0.0398 
vt 0.316575 0.0445 
vt 0.335625 0.053 
vt 0.3411 0.0486 
vt 0.340875 0.0894 
vt 0.335475 0.0848 
vt 0.32775 0.088 
vt 0.32955 0.0938 
vt 0.3408 0.069 
vt 0.335475 0.0689 
vt 0.335475 0.0848 
vt 0.340875 0.0894 
vt 0.33135 0.0323 
vt 0.32625 0.0325 
vt 0.3549 0.0755 
vt 0.355425 0.0637 
vt 0.3408 0.069 
vt 0.3468 0.097 
vt 0.3408 0.069 
vt 0.3531 0.0505 
vt 0.36375 0.0666 
vt 0.37785 0.0666 
vt 0.3411 0.0486 
vt 0.335625 0.053 
vt 0.351825 0.0872 
vt 0.351825 0.0872 
vt 0.3531 0.0505 
vt 0.354 0.1749 
vt 0.342375 0.1558 
vt 0.35355 0.1375 
vt 0.324 0.096 
vt 0.325725 0.105 
vt 0.3216 0.0904 
vt 0.324 0.096 
vt 0.37785 0.0337 
vt 0.363825 0.0336 
vt 0.383925 0.0337 
vt 0.32115 0.1315 
vt 0.32055 0.1357 
vt 0.318825 0.098 
vt 0.31935 0.1021 
vt 0.315675 0.0936 
vt 0.318825 0.098 
vt 0.37785 0.0282 
vt 0.363825 0.0282 
vt 0.38055 0.0293 
vt 0.312 0.1297 
vt 0.31335 0.1343 
vt 0.312 0.1297 
vt 0.3129 0.1265 

usemtl R6Bacon1Mtl

f 2205/2205/2205 2206/2206/2206 2207/2207/2207 
f 2205/2205/2205 2207/2207/2207 2208/2208/2208 
f 2209/2209/2209 2210/2210/2210 2211/2211/2211 
f 2209/2209/2209 2211/2211/2211 2212/2212/2212 
f 2213/2213/2213 2214/2214/2214 2215/2215/2215 
f 2213/2213/2213 2215/2215/2215 2216/2216/2216 
f 2217/2217/2217 2218/2218/2218 2219/2219/2219 
f 2217/2217/2217 2219/2219/2219 2220/2220/2220 
f 2221/2221/2221 2222/2222/2222 2223/2223/2223 
f 2221/2221/2221 2223/2223/2223 2224/2224/2224 
f 2225/2225/2225 2226/2226/2226 2227/2227/2227 
f 2225/2225/2225 2227/2227/2227 2228/2228/2228 
f 2229/2229/2229 2230/2230/2230 2231/2231/2231 
f 2229/2229/2229 2231/2231/2231 2232/2232/2232 
f 2233/2233/2233 2234/2234/2234 2235/2235/2235 
f 2233/2233/2233 2235/2235/2235 2236/2236/2236 
f 2237/2237/2237 2238/2238/2238 2239/2239/2239 
f 2237/2237/2237 2239/2239/2239 2240/2240/2240 
f 2240/2240/2240 2239/2239/2239 2241/2241/2241 
f 2240/2240/2240 2241/2241/2241 2242/2242/2242 
f 2242/2242/2242 2241/2241/2241 2243/2243/2243 
f 2242/2242/2242 2243/2243/2243 2244/2244/2244 
f 2245/2245/2245 2246/2246/2246 2247/2247/2247 
f 2245/2245/2245 2247/2247/2247 2248/2248/2248 
f 2249/2249/2249 2250/2250/2250 2251/2251/2251 
f 2249/2249/2249 2251/2251/2251 2252/2252/2252 
f 2252/2252/2252 2251/2251/2251 2253/2253/2253 
f 2252/2252/2252 2253/2253/2253 2254/2254/2254 
f 2254/2254/2254 2253/2253/2253 2255/2255/2255 
f 2254/2254/2254 2255/2255/2255 2256/2256/2256 
f 2256/2256/2256 2255/2255/2255 2238/2238/2238 
f 2256/2256/2256 2238/2238/2238 2237/2237/2237 
f 2257/2257/2257 2258/2258/2258 2259/2259/2259 
f 2259/2259/2259 2258/2258/2258 2260/2260/2260 
f 2260/2260/2260 2258/2258/2258 2261/2261/2261 
f 2260/2260/2260 2261/2261/2261 2262/2262/2262 
f 2263/2263/2263 2258/2258/2258 2264/2264/2264 
f 2263/2263/2263 2264/2264/2264 2265/2265/2265 
f 2264/2264/2264 2258/2258/2258 2266/2266/2266 
f 2267/2267/2267 2268/2268/2268 2269/2269/2269 
f 2270/2270/2270 2271/2271/2271 2272/2272/2272 
f 2273/2273/2273 2274/2274/2274 2275/2275/2275 
f 2237/2237/2237 2240/2240/2240 2276/2276/2276 
f 2237/2237/2237 2276/2276/2276 2277/2277/2277 
f 2240/2240/2240 2242/2242/2242 2278/2278/2278 
f 2240/2240/2240 2278/2278/2278 2276/2276/2276 
f 2242/2242/2242 2244/2244/2244 2279/2279/2279 
f 2242/2242/2242 2279/2279/2279 2278/2278/2278 
f 2245/2245/2245 2248/2248/2248 2280/2280/2280 
f 2245/2245/2245 2280/2280/2280 2281/2281/2281 
f 2249/2249/2249 2252/2252/2252 2282/2282/2282 
f 2249/2249/2249 2282/2282/2282 2283/2283/2283 
f 2252/2252/2252 2254/2254/2254 2284/2284/2284 
f 2252/2252/2252 2284/2284/2284 2282/2282/2282 
f 2254/2254/2254 2256/2256/2256 2285/2285/2285 
f 2254/2254/2254 2285/2285/2285 2284/2284/2284 
f 2256/2256/2256 2237/2237/2237 2277/2277/2277 
f 2256/2256/2256 2277/2277/2277 2285/2285/2285 
f 2286/2286/2286 2287/2287/2287 2288/2288/2288 
f 2286/2286/2286 2288/2288/2288 2289/2289/2289 
f 2290/2290/2290 2291/2291/2291 2292/2292/2292 
f 2290/2290/2290 2292/2292/2292 2293/2293/2293 
f 2294/2294/2294 2295/2295/2295 2296/2296/2296 
f 2294/2294/2294 2296/2296/2296 2297/2297/2297 
f 2298/2298/2298 2299/2299/2299 2300/2300/2300 
f 2298/2298/2298 2300/2300/2300 2301/2301/2301 
f 2302/2302/2302 2303/2303/2303 2304/2304/2304 
f 2305/2305/2305 2303/2303/2303 2302/2302/2302 
f 2303/2303/2303 2305/2305/2305 2306/2306/2306 
f 2307/2307/2307 2303/2303/2303 2308/2308/2308 
f 2309/2309/2309 2303/2303/2303 2307/2307/2307 
f 2310/2310/2310 2303/2303/2303 2309/2309/2309 
f 2311/2311/2311 2303/2303/2303 2310/2310/2310 
f 2304/2304/2304 2303/2303/2303 2311/2311/2311 
f 2312/2312/2312 2313/2313/2313 2314/2314/2314 
f 2312/2312/2312 2314/2314/2314 2315/2315/2315 
f 2316/2316/2316 2317/2317/2317 2314/2314/2314 
f 2316/2316/2316 2314/2314/2314 2313/2313/2313 
f 2318/2318/2318 2319/2319/2319 2317/2317/2317 
f 2318/2318/2318 2317/2317/2317 2316/2316/2316 
f 2320/2320/2320 2321/2321/2321 2319/2319/2319 
f 2320/2320/2320 2319/2319/2319 2318/2318/2318 
f 2322/2322/2322 2323/2323/2323 2324/2324/2324 
f 2322/2322/2322 2324/2324/2324 2325/2325/2325 
f 2326/2326/2326 2327/2327/2327 2328/2328/2328 
f 2326/2326/2326 2328/2328/2328 2329/2329/2329 
f 2330/2330/2330 2331/2331/2331 2332/2332/2332 
f 2330/2330/2330 2332/2332/2332 2333/2333/2333 
f 2334/2334/2334 2335/2335/2335 2336/2336/2336 
f 2334/2334/2334 2336/2336/2336 2337/2337/2337 
f 2338/2338/2338 2339/2339/2339 2335/2335/2335 
f 2338/2338/2338 2335/2335/2335 2334/2334/2334 
f 2312/2312/2312 2315/2315/2315 2339/2339/2339 
f 2312/2312/2312 2339/2339/2339 2338/2338/2338 
f 2340/2340/2340 2341/2341/2341 2342/2342/2342 
f 2340/2340/2340 2342/2342/2342 2343/2343/2343 
f 2344/2344/2344 2345/2345/2345 2346/2346/2346 
f 2344/2344/2344 2346/2346/2346 2347/2347/2347 
f 2348/2348/2348 2349/2349/2349 2345/2345/2345 
f 2348/2348/2348 2345/2345/2345 2344/2344/2344 
f 2337/2337/2337 2336/2336/2336 2350/2350/2350 
f 2337/2337/2337 2350/2350/2350 2351/2351/2351 
f 2352/2352/2352 2249/2249/2249 2283/2283/2283 
f 2352/2352/2352 2283/2283/2283 2353/2353/2353 
f 2354/2354/2354 2250/2250/2250 2249/2249/2249 
f 2354/2354/2354 2249/2249/2249 2352/2352/2352 
f 2355/2355/2355 2356/2356/2356 2357/2357/2357 
f 2355/2355/2355 2357/2357/2357 2358/2358/2358 
f 2359/2359/2359 2360/2360/2360 2361/2361/2361 
f 2359/2359/2359 2361/2361/2361 2362/2362/2362 
f 2363/2363/2363 2364/2364/2364 2360/2360/2360 
f 2363/2363/2363 2360/2360/2360 2359/2359/2359 
f 2365/2365/2365 2366/2366/2366 2364/2364/2364 
f 2365/2365/2365 2364/2364/2364 2363/2363/2363 
f 2367/2367/2367 2368/2368/2368 2366/2366/2366 
f 2367/2367/2367 2366/2366/2366 2365/2365/2365 
f 2369/2369/2369 2370/2370/2370 2368/2368/2368 
f 2369/2369/2369 2368/2368/2368 2367/2367/2367 
f 2371/2371/2371 2372/2372/2372 2370/2370/2370 
f 2371/2371/2371 2370/2370/2370 2369/2369/2369 
f 2373/2373/2373 2374/2374/2374 2372/2372/2372 
f 2373/2373/2373 2372/2372/2372 2371/2371/2371 
f 2375/2375/2375 2374/2374/2374 2373/2373/2373 
f 2375/2375/2375 2373/2373/2373 2376/2376/2376 
f 2377/2377/2377 2378/2378/2378 2379/2379/2379 
f 2377/2377/2377 2379/2379/2379 2380/2380/2380 
f 2381/2381/2381 2382/2382/2382 2383/2383/2383 
f 2381/2381/2381 2383/2383/2383 2384/2384/2384 
f 2385/2385/2385 2386/2386/2386 2387/2387/2387 
f 2388/2388/2388 2389/2389/2389 2390/2390/2390 
f 2391/2391/2391 2392/2392/2392 2393/2393/2393 
f 2391/2391/2391 2393/2393/2393 2394/2394/2394 
f 2280/2280/2280 2395/2395/2395 2396/2396/2396 
f 2280/2280/2280 2396/2396/2396 2281/2281/2281 
f 2397/2397/2397 2295/2295/2295 2294/2294/2294 
f 2397/2397/2397 2294/2294/2294 2398/2398/2398 
f 2399/2399/2399 2299/2299/2299 2298/2298/2298 
f 2399/2399/2399 2298/2298/2298 2400/2400/2400 
f 2346/2346/2346 2401/2401/2401 2402/2402/2402 
f 2346/2346/2346 2402/2402/2402 2347/2347/2347 
f 2279/2279/2279 2403/2403/2403 2404/2404/2404 
f 2279/2279/2279 2404/2404/2404 2278/2278/2278 
f 2278/2278/2278 2404/2404/2404 2405/2405/2405 
f 2278/2278/2278 2405/2405/2405 2276/2276/2276 
f 2276/2276/2276 2405/2405/2405 2406/2406/2406 
f 2276/2276/2276 2406/2406/2406 2277/2277/2277 
f 2285/2285/2285 2277/2277/2277 2406/2406/2406 
f 2285/2285/2285 2406/2406/2406 2407/2407/2407 
f 2285/2285/2285 2407/2407/2407 2408/2408/2408 
f 2285/2285/2285 2408/2408/2408 2284/2284/2284 
f 2284/2284/2284 2408/2408/2408 2409/2409/2409 
f 2284/2284/2284 2409/2409/2409 2282/2282/2282 
f 2282/2282/2282 2409/2409/2409 2410/2410/2410 
f 2282/2282/2282 2410/2410/2410 2283/2283/2283 
f 2283/2283/2283 2410/2410/2410 2411/2411/2411 
f 2283/2283/2283 2411/2411/2411 2353/2353/2353 
f 2412/2412/2412 2413/2413/2413 2414/2414/2414 
f 2412/2412/2412 2414/2414/2414 2415/2415/2415 
f 2416/2416/2416 2413/2413/2413 2412/2412/2412 
f 2416/2416/2416 2412/2412/2412 2417/2417/2417 
f 2409/2409/2409 2418/2418/2418 2419/2419/2419 
f 2409/2409/2409 2419/2419/2419 2410/2410/2410 
f 2408/2408/2408 2420/2420/2420 2418/2418/2418 
f 2408/2408/2408 2418/2418/2418 2409/2409/2409 
f 2407/2407/2407 2421/2421/2421 2420/2420/2420 
f 2407/2407/2407 2420/2420/2420 2408/2408/2408 
f 2406/2406/2406 2422/2422/2422 2421/2421/2421 
f 2406/2406/2406 2421/2421/2421 2407/2407/2407 
f 2405/2405/2405 2423/2423/2423 2422/2422/2422 
f 2405/2405/2405 2422/2422/2422 2406/2406/2406 
f 2404/2404/2404 2424/2424/2424 2423/2423/2423 
f 2404/2404/2404 2423/2423/2423 2405/2405/2405 
f 2403/2403/2403 2425/2425/2425 2424/2424/2424 
f 2403/2403/2403 2424/2424/2424 2404/2404/2404 
f 2401/2401/2401 2426/2426/2426 2427/2427/2427 
f 2401/2401/2401 2427/2427/2427 2402/2402/2402 
f 2428/2428/2428 2399/2399/2399 2400/2400/2400 
f 2428/2428/2428 2400/2400/2400 2429/2429/2429 
f 2430/2430/2430 2397/2397/2397 2398/2398/2398 
f 2430/2430/2430 2398/2398/2398 2431/2431/2431 
f 2395/2395/2395 2432/2432/2432 2433/2433/2433 
f 2395/2395/2395 2433/2433/2433 2396/2396/2396 
f 2410/2410/2410 2419/2419/2419 2434/2434/2434 
f 2410/2410/2410 2434/2434/2434 2411/2411/2411 
f 2435/2435/2435 2436/2436/2436 2349/2349/2349 
f 2435/2435/2435 2349/2349/2349 2348/2348/2348 
f 2241/2241/2241 2437/2437/2437 2438/2438/2438 
f 2241/2241/2241 2438/2438/2438 2243/2243/2243 
f 2239/2239/2239 2439/2439/2439 2437/2437/2437 
f 2239/2239/2239 2437/2437/2437 2241/2241/2241 
f 2238/2238/2238 2440/2440/2440 2439/2439/2439 
f 2238/2238/2238 2439/2439/2439 2239/2239/2239 
f 2255/2255/2255 2441/2441/2441 2440/2440/2440 
f 2255/2255/2255 2440/2440/2440 2238/2238/2238 
f 2253/2253/2253 2442/2442/2442 2441/2441/2441 
f 2253/2253/2253 2441/2441/2441 2255/2255/2255 
f 2251/2251/2251 2443/2443/2443 2442/2442/2442 
f 2251/2251/2251 2442/2442/2442 2253/2253/2253 
f 2250/2250/2250 2444/2444/2444 2443/2443/2443 
f 2250/2250/2250 2443/2443/2443 2251/2251/2251 
f 2445/2445/2445 2444/2444/2444 2250/2250/2250 
f 2445/2445/2445 2250/2250/2250 2354/2354/2354 
f 2246/2246/2246 2446/2446/2446 2447/2447/2447 
f 2246/2246/2246 2447/2447/2447 2247/2247/2247 
f 2448/2448/2448 2449/2449/2449 2450/2450/2450 
f 2448/2448/2448 2450/2450/2450 2451/2451/2451 
f 2451/2451/2451 2450/2450/2450 2452/2452/2452 
f 2451/2451/2451 2452/2452/2452 2453/2453/2453 
f 2453/2453/2453 2452/2452/2452 2454/2454/2454 
f 2453/2453/2453 2454/2454/2454 2455/2455/2455 
f 2455/2455/2455 2454/2454/2454 2456/2456/2456 
f 2455/2455/2455 2456/2456/2456 2457/2457/2457 
f 2458/2458/2458 2457/2457/2457 2456/2456/2456 
f 2458/2458/2458 2456/2456/2456 2459/2459/2459 
f 2458/2458/2458 2459/2459/2459 2460/2460/2460 
f 2458/2458/2458 2460/2460/2460 2461/2461/2461 
f 2461/2461/2461 2460/2460/2460 2462/2462/2462 
f 2461/2461/2461 2462/2462/2462 2463/2463/2463 
f 2463/2463/2463 2462/2462/2462 2464/2464/2464 
f 2463/2463/2463 2464/2464/2464 2465/2465/2465 
f 2465/2465/2465 2464/2464/2464 2466/2466/2466 
f 2465/2465/2465 2466/2466/2466 2467/2467/2467 
f 2467/2467/2467 2466/2466/2466 2468/2468/2468 
f 2467/2467/2467 2468/2468/2468 2469/2469/2469 
f 2469/2469/2469 2468/2468/2468 2470/2470/2470 
f 2469/2469/2469 2470/2470/2470 2471/2471/2471 
f 2471/2471/2471 2470/2470/2470 2472/2472/2472 
f 2471/2471/2471 2472/2472/2472 2473/2473/2473 
f 2474/2474/2474 2475/2475/2475 2476/2476/2476 
f 2474/2474/2474 2476/2476/2476 2477/2477/2477 
f 2478/2478/2478 2479/2479/2479 2480/2480/2480 
f 2480/2480/2480 2479/2479/2479 2449/2449/2449 
f 2480/2480/2480 2449/2449/2449 2448/2448/2448 
f 2481/2481/2481 2482/2482/2482 2483/2483/2483 
f 2484/2484/2484 2485/2485/2485 2486/2486/2486 
f 2484/2484/2484 2486/2486/2486 2487/2487/2487 
f 2488/2488/2488 2489/2489/2489 2482/2482/2482 
f 2490/2490/2490 2491/2491/2491 2492/2492/2492 
f 2490/2490/2490 2492/2492/2492 2493/2493/2493 
f 2494/2494/2494 2495/2495/2495 2496/2496/2496 
f 2494/2494/2494 2496/2496/2496 2497/2497/2497 
f 2498/2498/2498 2499/2499/2499 2500/2500/2500 
f 2498/2498/2498 2500/2500/2500 2501/2501/2501 
f 2502/2502/2502 2498/2498/2498 2501/2501/2501 
f 2502/2502/2502 2501/2501/2501 2503/2503/2503 
f 2504/2504/2504 2502/2502/2502 2503/2503/2503 
f 2504/2504/2504 2503/2503/2503 2505/2505/2505 
f 2506/2506/2506 2504/2504/2504 2505/2505/2505 
f 2506/2506/2506 2505/2505/2505 2507/2507/2507 
f 2506/2506/2506 2507/2507/2507 2508/2508/2508 
f 2506/2506/2506 2508/2508/2508 2509/2509/2509 
f 2510/2510/2510 2509/2509/2509 2508/2508/2508 
f 2510/2510/2510 2508/2508/2508 2511/2511/2511 
f 2512/2512/2512 2510/2510/2510 2511/2511/2511 
f 2512/2512/2512 2511/2511/2511 2513/2513/2513 
f 2514/2514/2514 2512/2512/2512 2513/2513/2513 
f 2514/2514/2514 2513/2513/2513 2515/2515/2515 
f 2516/2516/2516 2514/2514/2514 2515/2515/2515 
f 2516/2516/2516 2515/2515/2515 2517/2517/2517 
f 2518/2518/2518 2516/2516/2516 2517/2517/2517 
f 2518/2518/2518 2517/2517/2517 2519/2519/2519 
f 2520/2520/2520 2518/2518/2518 2519/2519/2519 
f 2520/2520/2520 2519/2519/2519 2521/2521/2521 
f 2522/2522/2522 2523/2523/2523 2524/2524/2524 
f 2522/2522/2522 2524/2524/2524 2525/2525/2525 
f 2526/2526/2526 2527/2527/2527 2528/2528/2528 
f 2526/2526/2526 2528/2528/2528 2529/2529/2529 
f 2530/2530/2530 2531/2531/2531 2532/2532/2532 
f 2530/2530/2530 2532/2532/2532 2533/2533/2533 
f 2534/2534/2534 2535/2535/2535 2536/2536/2536 
f 2534/2534/2534 2536/2536/2536 2537/2537/2537 
f 2499/2499/2499 2534/2534/2534 2537/2537/2537 
f 2499/2499/2499 2537/2537/2537 2500/2500/2500 
f 2538/2538/2538 2539/2539/2539 2540/2540/2540 
f 2541/2541/2541 2542/2542/2542 2543/2543/2543 
f 2541/2541/2541 2543/2543/2543 2544/2544/2544 
f 2545/2545/2545 2546/2546/2546 2547/2547/2547 
f 2545/2545/2545 2547/2547/2547 2548/2548/2548 
f 2549/2549/2549 2550/2550/2550 2551/2551/2551 
f 2549/2549/2549 2551/2551/2551 2552/2552/2552 
f 2488/2488/2488 2482/2482/2482 2553/2553/2553 
f 2488/2488/2488 2553/2553/2553 2554/2554/2554 
f 2555/2555/2555 2556/2556/2556 2557/2557/2557 
f 2558/2558/2558 2559/2559/2559 2560/2560/2560 
f 2558/2558/2558 2561/2561/2561 2562/2562/2562 
f 2558/2558/2558 2562/2562/2562 2559/2559/2559 
f 2563/2563/2563 2557/2557/2557 2556/2556/2556 
f 2553/2553/2553 2482/2482/2482 2481/2481/2481 
f 2564/2564/2564 2565/2565/2565 2566/2566/2566 
f 2564/2564/2564 2566/2566/2566 2567/2567/2567 
f 2493/2493/2493 2492/2492/2492 2568/2568/2568 
f 2493/2493/2493 2568/2568/2568 2569/2569/2569 
f 2570/2570/2570 2549/2549/2549 2552/2552/2552 
f 2570/2570/2570 2552/2552/2552 2571/2571/2571 
f 2572/2572/2572 2573/2573/2573 2574/2574/2574 
f 2572/2572/2572 2574/2574/2574 2575/2575/2575 
f 2573/2573/2573 2576/2576/2576 2577/2577/2577 
f 2573/2573/2573 2577/2577/2577 2574/2574/2574 
f 2576/2576/2576 2578/2578/2578 2579/2579/2579 
f 2576/2576/2576 2579/2579/2579 2577/2577/2577 
f 2578/2578/2578 2580/2580/2580 2581/2581/2581 
f 2578/2578/2578 2581/2581/2581 2579/2579/2579 
f 2582/2582/2582 2583/2583/2583 2581/2581/2581 
f 2582/2582/2582 2581/2581/2581 2580/2580/2580 
f 2582/2582/2582 2584/2584/2584 2585/2585/2585 
f 2582/2582/2582 2585/2585/2585 2583/2583/2583 
f 2584/2584/2584 2586/2586/2586 2587/2587/2587 
f 2584/2584/2584 2587/2587/2587 2585/2585/2585 
f 2586/2586/2586 2588/2588/2588 2589/2589/2589 
f 2586/2586/2586 2589/2589/2589 2587/2587/2587 
f 2588/2588/2588 2590/2590/2590 2591/2591/2591 
f 2588/2588/2588 2591/2591/2591 2589/2589/2589 
f 2590/2590/2590 2592/2592/2592 2593/2593/2593 
f 2590/2590/2590 2593/2593/2593 2591/2591/2591 
f 2592/2592/2592 2594/2594/2594 2595/2595/2595 
f 2592/2592/2592 2595/2595/2595 2593/2593/2593 
f 2594/2594/2594 2596/2596/2596 2597/2597/2597 
f 2594/2594/2594 2597/2597/2597 2595/2595/2595 
f 2598/2598/2598 2599/2599/2599 2600/2600/2600 
f 2598/2598/2598 2600/2600/2600 2601/2601/2601 
f 2602/2602/2602 2603/2603/2603 2604/2604/2604 
f 2602/2602/2602 2604/2604/2604 2605/2605/2605 
f 2606/2606/2606 2607/2607/2607 2608/2608/2608 
f 2606/2606/2606 2608/2608/2608 2609/2609/2609 
f 2610/2610/2610 2611/2611/2611 2612/2612/2612 
f 2610/2610/2610 2612/2612/2612 2613/2613/2613 
f 2611/2611/2611 2572/2572/2572 2575/2575/2575 
f 2611/2611/2611 2575/2575/2575 2612/2612/2612 
f 2614/2614/2614 2615/2615/2615 2616/2616/2616 
f 2617/2617/2617 2618/2618/2618 2619/2619/2619 
f 2617/2617/2617 2619/2619/2619 2620/2620/2620 
f 2621/2621/2621 2622/2622/2622 2623/2623/2623 
f 2621/2621/2621 2623/2623/2623 2624/2624/2624 
f 2625/2625/2625 2616/2616/2616 2626/2626/2626 
f 2627/2627/2627 2628/2628/2628 2629/2629/2629 
f 2627/2627/2627 2629/2629/2629 2630/2630/2630 
f 2494/2494/2494 2631/2631/2631 2632/2632/2632 
f 2494/2494/2494 2632/2632/2632 2633/2633/2633 
f 2634/2634/2634 2635/2635/2635 2636/2636/2636 
f 2634/2634/2634 2636/2636/2636 2637/2637/2637 
f 2638/2638/2638 2639/2639/2639 2635/2635/2635 
f 2638/2638/2638 2635/2635/2635 2634/2634/2634 
f 2640/2640/2640 2641/2641/2641 2639/2639/2639 
f 2640/2640/2640 2639/2639/2639 2638/2638/2638 
f 2642/2642/2642 2643/2643/2643 2641/2641/2641 
f 2642/2642/2642 2641/2641/2641 2640/2640/2640 
f 2642/2642/2642 2644/2644/2644 2645/2645/2645 
f 2642/2642/2642 2645/2645/2645 2643/2643/2643 
f 2646/2646/2646 2647/2647/2647 2645/2645/2645 
f 2646/2646/2646 2645/2645/2645 2644/2644/2644 
f 2648/2648/2648 2649/2649/2649 2647/2647/2647 
f 2648/2648/2648 2647/2647/2647 2646/2646/2646 
f 2650/2650/2650 2651/2651/2651 2649/2649/2649 
f 2650/2650/2650 2649/2649/2649 2648/2648/2648 
f 2652/2652/2652 2653/2653/2653 2651/2651/2651 
f 2652/2652/2652 2651/2651/2651 2650/2650/2650 
f 2654/2654/2654 2655/2655/2655 2653/2653/2653 
f 2654/2654/2654 2653/2653/2653 2652/2652/2652 
f 2656/2656/2656 2657/2657/2657 2655/2655/2655 
f 2656/2656/2656 2655/2655/2655 2654/2654/2654 
f 2658/2658/2658 2659/2659/2659 2660/2660/2660 
f 2658/2658/2658 2660/2660/2660 2661/2661/2661 
f 2662/2662/2662 2663/2663/2663 2664/2664/2664 
f 2665/2665/2665 2666/2666/2666 2667/2667/2667 
f 2665/2665/2665 2667/2667/2667 2668/2668/2668 
f 2669/2669/2669 2670/2670/2670 2671/2671/2671 
f 2669/2669/2669 2671/2671/2671 2672/2672/2672 
f 2637/2637/2637 2636/2636/2636 2670/2670/2670 
f 2637/2637/2637 2670/2670/2670 2669/2669/2669 
f 2673/2673/2673 2674/2674/2674 2675/2675/2675 
f 2676/2676/2676 2677/2677/2677 2678/2678/2678 
f 2676/2676/2676 2678/2678/2678 2679/2679/2679 
f 2680/2680/2680 2681/2681/2681 2682/2682/2682 
f 2680/2680/2680 2682/2682/2682 2683/2683/2683 
f 2684/2684/2684 2685/2685/2685 2686/2686/2686 
f 2684/2684/2684 2686/2686/2686 2687/2687/2687 
f 2625/2625/2625 2688/2688/2688 2689/2689/2689 
f 2625/2625/2625 2689/2689/2689 2616/2616/2616 
f 2690/2690/2690 2691/2691/2691 2692/2692/2692 
f 2621/2621/2621 2624/2624/2624 2693/2693/2693 
f 2616/2616/2616 2694/2694/2694 2695/2695/2695 
f 2616/2616/2616 2695/2695/2695 2626/2626/2626 
f 2689/2689/2689 2614/2614/2614 2616/2616/2616 
f 2628/2628/2628 2696/2696/2696 2697/2697/2697 
f 2628/2628/2628 2697/2697/2697 2629/2629/2629 
f 2698/2698/2698 2699/2699/2699 2685/2685/2685 
f 2698/2698/2698 2685/2685/2685 2684/2684/2684 
f 2700/2700/2700 2690/2690/2690 2692/2692/2692 
f 2621/2621/2621 2693/2693/2693 2701/2701/2701 
f 2621/2621/2621 2701/2701/2701 2692/2692/2692 
f 2692/2692/2692 2691/2691/2691 2702/2702/2702 
f 2482/2482/2482 2489/2489/2489 2703/2703/2703 
f 2482/2482/2482 2703/2703/2703 2704/2704/2704 
f 2556/2556/2556 2555/2555/2555 2705/2705/2705 
f 2558/2558/2558 2560/2560/2560 2566/2566/2566 
f 2558/2558/2558 2566/2566/2566 2565/2565/2565 
f 2622/2622/2622 2706/2706/2706 2707/2707/2707 
f 2622/2622/2622 2707/2707/2707 2623/2623/2623 
f 2682/2682/2682 2708/2708/2708 2709/2709/2709 
f 2682/2682/2682 2709/2709/2709 2683/2683/2683 
f 2710/2710/2710 2711/2711/2711 2631/2631/2631 
f 2710/2710/2710 2631/2631/2631 2494/2494/2494 
f 2710/2710/2710 2494/2494/2494 2497/2497/2497 
f 2710/2710/2710 2497/2497/2497 2712/2712/2712 
f 2546/2546/2546 2713/2713/2713 2714/2714/2714 
f 2546/2546/2546 2714/2714/2714 2547/2547/2547 
f 2706/2706/2706 2715/2715/2715 2716/2716/2716 
f 2706/2706/2706 2716/2716/2716 2707/2707/2707 
f 2708/2708/2708 2717/2717/2717 2718/2718/2718 
f 2708/2708/2708 2718/2718/2718 2709/2709/2709 
f 2719/2719/2719 2720/2720/2720 2711/2711/2711 
f 2719/2719/2719 2711/2711/2711 2710/2710/2710 
f 2719/2719/2719 2710/2710/2710 2712/2712/2712 
f 2719/2719/2719 2712/2712/2712 2721/2721/2721 
f 2713/2713/2713 2722/2722/2722 2723/2723/2723 
f 2713/2713/2713 2723/2723/2723 2714/2714/2714 
f 2724/2724/2724 2564/2564/2564 2567/2567/2567 
f 2724/2724/2724 2567/2567/2567 2725/2725/2725 

g R6Bacon4

v -7.6076 2.3519 17.5981 
v -7.6007 2.5405 17.6759 
v -7.2934 2.4988 17.7106 
v -7.2998 2.2919 17.627 
v -7.2752 2.2723 17.6581 
v -7.2998 2.2919 17.627 
v -7.2934 2.4988 17.7106 
v -7.2674 2.4832 17.7427 
v -7.6363 2.5332 17.7011 
v -7.6007 2.5405 17.6759 
v -7.6076 2.3519 17.5981 
v -7.6443 2.3375 17.6181 
v -7.3355 2.1026 17.9128 
v -7.2752 2.2723 17.6581 
v -7.2674 2.4832 17.7427 
v -7.3153 2.3687 18.029 
v -7.684 2.4187 17.9874 
v -7.6363 2.5332 17.7011 
v -7.6443 2.3375 17.6181 
v -7.7047 2.1678 17.8728 
v -7.3722 2.0881 17.9327 
v -7.3355 2.1026 17.9128 
v -7.3153 2.3687 18.029 
v -7.3508 2.3613 18.0541 
v -7.6581 2.403 18.0195 
v -7.684 2.4187 17.9874 
v -7.7047 2.1678 17.8728 
v -7.6801 2.1482 17.9038 
v -7.3722 2.0881 17.9327 
v -7.3508 2.3613 18.0541 
v -7.6581 2.403 18.0195 
v -7.6801 2.1482 17.9038 
v -7.5707 3.0998 18.2578 
v -7.4739 3.0586 18.3622 
v -7.2844 3.5028 18.2993 
v -7.3813 3.5435 18.1948 
v -7.3267 3.0035 18.432 
v -7.1382 3.4453 18.3692 
v -7.0439 2.9072 18.4541 
v -6.8587 3.3401 18.3914 
v -6.9969 2.9461 17.8486 
v -7.0391 2.96 17.8161 
v -6.862 3.3688 17.7523 
v -6.8203 3.3534 17.7848 
v -7.3115 3.0491 17.8373 
v -7.4622 3.0934 17.9071 
v -7.2786 3.5203 17.8434 
v -7.1306 3.4681 17.7736 
v -7.5644 3.1187 18.0115 
v -7.3782 3.5529 17.948 
v -7.5904 3.1165 18.1348 
v -7.4021 3.5567 18.0715 
v -7.2145 3.8232 18.1171 
v -7.129 3.7879 18.2094 
v -6.7315 3.6237 18.0082 
v -7.0011 3.735 18.2711 
v -6.7578 3.6345 18.2906 
v -6.7315 3.6237 18.2928 
v -6.7315 3.6237 17.7595 
v -6.7677 3.6386 17.7266 
v -7.0011 3.735 17.7454 
v -7.129 3.7879 17.807 
v -7.129 3.7879 17.807 
v -7.2145 3.8232 17.8993 
v -6.7315 3.6237 18.0082 
v -7.2145 3.8232 17.8993 
v -7.2338 3.8317 18.0083 
v -6.7315 3.6237 18.0082 
v -7.2338 3.8317 18.0083 
v -7.2145 3.8232 18.1171 
v -6.7315 3.6237 18.0082 
v -7.5938 3.0311 18.2485 
v -7.5001 2.9833 18.3529 
v -7.3547 2.9254 18.424 
v -7.0717 2.8329 18.4503 
v -7.0038 2.9247 17.855 
v -7.0463 2.9374 17.8218 
v -7.3201 3.0195 17.8384 
v -7.4736 3.0553 17.9047 
v -7.5795 3.0701 18.006 
v -7.6096 3.0572 18.1269 
v -6.7315 3.6237 17.7595 
v -6.7315 3.6237 18.0082 
v -6.7145 3.573 18.0142 
v -6.7141 3.5743 17.7276 
v -6.7315 3.6237 18.0082 
v -6.7315 3.6237 18.2928 
v -6.7149 3.5718 18.2983 
v -6.7145 3.573 18.0142 
v -7.0038 2.9247 17.855 
v -6.9969 2.9461 17.8486 
v -7.0051 2.9215 18.1346 
v -7.0225 2.8738 18.1362 
v -7.0225 2.8738 18.1362 
v -7.0051 2.9215 18.1346 
v -7.0133 2.8968 18.4172 
v -7.0412 2.8229 18.4138 
v -7.677 2.2623 18.0132 
v -7.7649 2.3089 17.9077 
v -7.2134 2.3211 17.862 
v -7.534 2.2255 18.0939 
v -7.2509 2.199 18.1484 
v -7.4552 2.4533 17.5622 
v -7.1711 2.4423 17.5767 
v -7.6167 2.4366 17.6063 
v -7.7322 2.4033 17.6874 
v -7.7724 2.3542 17.7933 
v -7.7996 2.4049 17.8035 
v -7.7724 2.3542 17.7933 
v -7.7649 2.3089 17.9077 
v -7.792 2.3546 17.9302 
v -7.6954 2.3013 18.0474 
v -7.677 2.2623 18.0132 
v -7.5376 2.2579 18.1371 
v -7.534 2.2255 18.0939 
v -7.2209 2.2218 18.1982 
v -7.2509 2.199 18.1484 
v -7.1699 2.3179 17.8668 
v -7.1377 2.3542 17.8865 
v -7.1821 2.2336 18.1693 
v -7.2076 2.2112 18.1194 
v -7.132 2.4258 17.611 
v -7.0911 2.4762 17.6007 
v -7.1377 2.3542 17.8865 
v -7.1699 2.3179 17.8668 
v -7.1374 2.4909 17.5646 
v -7.0911 2.4762 17.6007 
v -7.132 2.4258 17.611 
v -7.1711 2.4423 17.5767 
v -7.6264 2.4925 17.5965 
v -7.4476 2.5077 17.548 
v -7.4552 2.4533 17.5622 
v -7.6167 2.4366 17.6063 
v -7.7547 2.4581 17.6862 
v -7.7322 2.4033 17.6874 
v -7.1821 2.2336 18.1693 
v -7.2209 2.2218 18.1982 
v -7.2509 2.199 18.1484 
v -7.2076 2.2112 18.1194 
v -7.0439 2.9072 18.4541 
v -7.0717 2.8329 18.4503 
v -7.0412 2.8229 18.4138 
v -7.0133 2.8968 18.4172 
v -6.8587 3.3401 18.3914 
v -6.8286 3.3287 18.3545 
v -7.1374 2.4909 17.5646 
v -7.1711 2.4423 17.5767 
v -7.0391 2.96 17.8161 
v -7.0463 2.9374 17.8218 
v -6.862 3.3688 17.7523 
v -6.7578 3.6345 18.2906 
v -6.7448 3.584 18.3352 
v -6.7149 3.5718 18.2983 
v -6.7315 3.6237 18.2928 
v -7.0212 3.6971 18.313 
v -6.7448 3.584 18.3352 
v -6.7578 3.6345 18.2906 
v -7.0011 3.735 18.2711 
v -7.1665 3.7569 18.243 
v -7.129 3.7879 18.2094 
v -7.2635 3.797 18.1383 
v -7.2145 3.8232 18.1171 
v -7.2853 3.8071 18.0148 
v -7.2338 3.8317 18.0083 
v -7.2632 3.798 17.8912 
v -7.2145 3.8232 17.8993 
v -7.1659 3.7586 17.7864 
v -7.129 3.7879 17.807 
v -7.0205 3.6995 17.7164 
v -7.0011 3.735 17.7454 
v -6.7677 3.6386 17.7266 
v -6.7552 3.5911 17.6952 
v -6.7141 3.5743 17.7276 
v -6.7552 3.5911 17.6952 
v -6.7677 3.6386 17.7266 
v -6.7315 3.6237 17.7595 
v -6.7145 3.573 18.0142 
v -6.7149 3.5718 18.2983 
v -6.8286 3.3287 18.3545 
v -7.0133 2.8968 18.4172 
v -6.7145 3.573 18.0142 
v -7.0133 2.8968 18.4172 
v -7.0051 2.9215 18.1346 
v -6.7145 3.573 18.0142 
v -7.0051 2.9215 18.1346 
v -6.9969 2.9461 17.8486 
v -6.7141 3.5743 17.7276 
v -6.7145 3.573 18.0142 
v -6.9969 2.9461 17.8486 
v -6.8203 3.3534 17.7848 
v -7.0399 2.7292 17.7267 
v -7.0843 2.743 17.692 
v -7.0727 2.6424 18.0102 
v -7.0399 2.7292 17.7267 
v -7.1044 2.5564 18.2905 
v -7.0727 2.6424 18.0102 
v -7.1391 2.5554 18.3231 
v -7.1044 2.5564 18.2905 
v -7.4391 2.6194 18.2792 
v -7.1391 2.5554 18.3231 
v -7.5907 2.67 18.1988 
v -7.6859 2.7206 18.0879 
v -7.6976 2.7589 17.9637 
v -7.66 2.7921 17.8446 
v -7.5428 2.8022 17.7492 
v -7.3765 2.7921 17.6919 
v -7.0843 2.743 17.692 
v -7.2134 2.3211 17.862 
v -7.1711 2.4423 17.5767 
v -7.132 2.4258 17.611 
v -7.1699 2.3179 17.8668 
v -7.2076 2.2112 18.1194 
v -7.2509 2.199 18.1484 
v -7.4476 2.5077 17.548 
v -7.6264 2.4925 17.5965 
v -7.7547 2.4581 17.6862 
v -7.7996 2.4049 17.8035 
v -7.792 2.3546 17.9302 
v -7.6954 2.3013 18.0474 
v -7.5376 2.2579 18.1371 
v -7.2209 2.2218 18.1982 
v -7.2209 2.2218 18.1982 
v -7.1821 2.2336 18.1693 
v -7.1821 2.2336 18.1693 
v -7.1377 2.3542 17.8865 
v -7.1377 2.3542 17.8865 
v -7.0911 2.4762 17.6007 
v -7.0911 2.4762 17.6007 
v -7.1374 2.4909 17.5646 
v -7.1374 2.4909 17.5646 
v -6.7448 3.584 18.3352 
v -6.7149 3.5718 18.2983 
v -6.7448 3.584 18.3352 
v -7.0212 3.6971 18.313 
v -7.1665 3.7569 18.243 
v -7.2635 3.797 18.1383 
v -7.2853 3.8071 18.0148 
v -7.2632 3.798 17.8912 
v -7.1659 3.7586 17.7864 
v -7.0205 3.6995 17.7164 
v -6.7552 3.5911 17.6952 
v -6.7552 3.5911 17.6952 
v -6.7141 3.5743 17.7276 
v -7.178 2.0876 17.7812 
v -7.2347 2.2083 17.8239 
v -7.2691 2.1216 18.0238 
v -7.203 2.0241 17.9277 
v -7.3263 2.2647 17.8326 
v -7.3599 2.1771 18.0324 
v -7.4506 2.3038 17.8283 
v -7.4842 2.2162 18.0281 
v -7.5816 2.3051 17.8064 
v -7.6152 2.2174 18.0062 
v -7.697 2.2677 17.7704 
v -7.7306 2.1802 17.9702 
v -7.8062 2.1884 17.7173 
v -7.8398 2.1009 17.9172 
v -7.8493 2.0765 17.6614 
v -7.8829 1.9889 17.8612 
v -7.8434 1.9565 17.6103 
v -7.877 1.8688 17.8101 
v -7.7924 1.8496 17.5727 
v -7.826 1.762 17.7725 
v -7.7323 1.7849 17.5549 
v -7.7659 1.6974 17.7547 
v -7.6397 1.7376 17.5503 
v -7.6732 1.65 17.75 
v -7.5753 1.7608 17.5714 
v -7.6089 1.6733 17.7711 
v -7.56 1.7898 17.5866 
v -7.5935 1.7024 17.7863 
v -7.6089 1.6733 17.7711 
v -7.5753 1.7608 17.5714 
v -7.2003 1.891 17.6921 
v -7.1713 1.9872 17.7388 
v -7.185 1.9527 17.8184 
v -7.6856 1.6762 17.8096 
v -7.6438 1.6911 17.8232 
v -7.7579 1.9319 17.9083 
v -7.698 1.9208 17.8633 
v -7.5935 1.7024 17.7863 
v -7.56 1.7898 17.5866 
v -7.6639 2.0076 17.6633 
v -7.8443 1.8632 17.8637 
v -7.8509 1.963 17.9059 
v -7.4357 2.015 17.9491 
v -7.5671 1.9678 17.9061 
v -7.533 2.0547 17.7061 
v -7.4016 2.1018 17.7491 
v -7.3563 2.0164 17.7198 
v -7.3824 1.9497 17.8718 
v -7.4357 2.015 17.9491 
v -7.4016 2.1018 17.7491 
v -7.2691 2.1216 18.0238 
v -7.3183 2.0883 18.0541 
v -7.2522 1.9928 17.9653 
v -7.203 2.0241 17.9277 
v -7.3599 2.1771 18.0324 
v -7.3878 2.1294 18.0573 
v -7.4842 2.2162 18.0281 
v -7.4967 2.1618 18.0528 
v -7.6152 2.2174 18.0062 
v -7.6124 2.1619 18.0331 
v -7.7306 2.1802 17.9702 
v -7.7141 2.1296 18.0016 
v -7.8398 2.1009 17.9172 
v -7.8126 2.0524 17.9512 
v -7.8829 1.9889 17.8612 
v -7.8509 1.963 17.9059 
v -7.877 1.8688 17.8101 
v -7.8443 1.8632 17.8637 
v -7.826 1.762 17.7725 
v -7.7949 1.7615 17.828 
v -7.7659 1.6974 17.7547 
v -7.7501 1.7145 17.8152 
v -7.6732 1.65 17.75 
v -7.6856 1.6762 17.8096 
v -7.6089 1.6733 17.7711 
v -7.6438 1.6911 17.8232 
v -7.6856 1.6762 17.8096 
v -7.6732 1.65 17.75 
v -7.2545 1.8718 17.6745 
v -7.2656 1.8667 17.7177 
v -7.31 1.8748 17.7231 
v -7.2952 1.8811 17.6716 
v -7.2003 1.891 17.6921 
v -7.2395 1.8719 17.7353 
v -7.2656 1.8667 17.7177 
v -7.2545 1.8718 17.6745 
v -7.185 1.9527 17.8184 
v -7.2318 1.9155 17.8456 
v -7.2395 1.8719 17.7353 
v -7.2003 1.891 17.6921 
v -7.5935 1.7024 17.7863 
v -7.6438 1.6911 17.8232 
v -7.6089 1.6733 17.7711 
v -7.6438 1.6911 17.8232 
v -7.5935 1.7024 17.7863 
v -7.698 1.9208 17.8633 
v -7.7579 1.9319 17.9083 
v -7.4291 2.0528 18.0198 
v -7.4357 2.015 17.9491 
v -7.3824 1.9497 17.8718 
v -7.3567 1.9579 17.9033 
v -7.5935 1.9914 17.9622 
v -7.5671 1.9678 17.9061 
v -7.4357 2.015 17.9491 
v -7.4291 2.0528 18.0198 
v -7.7949 1.7615 17.828 
v -7.7501 1.7145 17.8152 
v -7.6124 2.1619 18.0331 
v -7.7141 2.1296 18.0016 
v -7.5935 1.9914 17.9622 
v -7.4291 2.0528 18.0198 
v -7.3183 2.0883 18.0541 
v -7.3878 2.1294 18.0573 
v -7.4967 2.1618 18.0528 
v -7.5935 1.9914 17.9622 
v -7.8126 2.0524 17.9512 
v -7.3088 1.902 17.8201 
v -7.2318 1.9155 17.8456 
v -7.2522 1.9928 17.9653 
v -7.3567 1.9579 17.9033 
v -7.698 1.9208 17.8633 
v -7.6639 2.0076 17.6633 
v -7.7579 1.9319 17.9083 
v -7.698 1.9208 17.8633 
v -7.178 2.0876 17.7812 
v -7.1363 2.1928 17.5387 
v -7.1925 2.3136 17.5815 
v -7.2347 2.2083 17.8239 
v -7.284 2.3691 17.5898 
v -7.3263 2.2647 17.8326 
v -7.4083 2.4082 17.5854 
v -7.4506 2.3038 17.8283 
v -7.5393 2.4094 17.5635 
v -7.5816 2.3051 17.8064 
v -7.697 2.2677 17.7704 
v -7.6548 2.3721 17.5275 
v -7.7639 2.2929 17.4745 
v -7.8062 2.1884 17.7173 
v -7.807 2.1809 17.4185 
v -7.8493 2.0765 17.6614 
v -7.8011 2.0608 17.3675 
v -7.8434 1.9565 17.6103 
v -7.7502 1.9539 17.3299 
v -7.7924 1.8496 17.5727 
v -7.6901 1.8893 17.3122 
v -7.7323 1.7849 17.5549 
v -7.5974 1.8418 17.3075 
v -7.6397 1.7376 17.5503 
v -7.5331 1.8652 17.3287 
v -7.5753 1.7608 17.5714 
v -7.56 1.7898 17.5866 
v -7.5753 1.7608 17.5714 
v -7.5331 1.8652 17.3287 
v -7.5177 1.8942 17.3439 
v -7.2952 1.8811 17.6716 
v -7.2537 1.9861 17.4291 
v -7.2129 1.9768 17.432 
v -7.2545 1.8718 17.6745 
v -7.2545 1.8718 17.6745 
v -7.2129 1.9768 17.432 
v -7.1587 1.9961 17.4497 
v -7.2003 1.891 17.6921 
v -7.2003 1.891 17.6921 
v -7.1587 1.9961 17.4497 
v -7.1297 2.0924 17.4964 
v -7.1713 1.9872 17.7388 
v -7.5956 1.904 17.2844 
v -7.6679 2.1598 17.3828 
v -7.5538 1.9189 17.298 
v -7.6222 2.1128 17.4207 
v -7.6639 2.0076 17.6633 
v -7.56 1.7898 17.5866 
v -7.5177 1.8942 17.3439 
v -7.3385 2.2789 17.491 
v -7.2279 2.3171 17.5265 
v -7.17 2.1999 17.4857 
v -7.2786 2.1552 17.4477 
v -7.7543 2.0911 17.3382 
v -7.7608 2.1909 17.3803 
v -7.3599 2.207 17.5065 
v -7.4016 2.1018 17.7491 
v -7.533 2.0547 17.7061 
v -7.4913 2.1597 17.4635 
v -7.4016 2.1018 17.7491 
v -7.3599 2.207 17.5065 
v -7.3147 2.1216 17.4773 
v -7.1925 2.3136 17.5815 
v -7.1363 2.1928 17.5387 
v -7.17 2.1999 17.4857 
v -7.2279 2.3171 17.5265 
v -7.284 2.3691 17.5898 
v -7.2978 2.3573 17.5319 
v -7.4083 2.4082 17.5854 
v -7.4067 2.3897 17.5272 
v -7.5393 2.4094 17.5635 
v -7.5223 2.3899 17.5075 
v -7.624 2.3575 17.476 
v -7.6548 2.3721 17.5275 
v -7.7639 2.2929 17.4745 
v -7.7231 2.2885 17.4291 
v -7.807 2.1809 17.4185 
v -7.7608 2.1909 17.3803 
v -7.8011 2.0608 17.3675 
v -7.7543 2.0911 17.3382 
v -7.7502 1.9539 17.3299 
v -7.7049 1.9894 17.3026 
v -7.6901 1.8893 17.3122 
v -7.6601 1.9423 17.2899 
v -7.5974 1.8418 17.3075 
v -7.5956 1.904 17.2844 
v -7.5331 1.8652 17.3287 
v -7.5974 1.8418 17.3075 
v -7.5956 1.904 17.2844 
v -7.5538 1.9189 17.298 
v -7.2129 1.9768 17.432 
v -7.2537 1.9861 17.4291 
v -7.2205 2.0315 17.4041 
v -7.1587 1.9961 17.4497 
v -7.2129 1.9768 17.432 
v -7.2205 2.0315 17.4041 
v -7.1846 2.044 17.4157 
v -7.1297 2.0924 17.4964 
v -7.1587 1.9961 17.4497 
v -7.1846 2.044 17.4157 
v -7.1669 2.1207 17.4519 
v -7.5177 1.8942 17.3439 
v -7.5331 1.8652 17.3287 
v -7.5538 1.9189 17.298 
v -7.5538 1.9189 17.298 
v -7.6679 2.1598 17.3828 
v -7.6222 2.1128 17.4207 
v -7.5177 1.8942 17.3439 
v -7.3385 2.2789 17.491 
v -7.2786 2.1552 17.4477 
v -7.3147 2.1216 17.4773 
v -7.3599 2.207 17.5065 
v -7.5035 2.2192 17.4368 
v -7.3385 2.2789 17.491 
v -7.3599 2.207 17.5065 
v -7.4913 2.1597 17.4635 
v -7.6601 1.9423 17.2899 
v -7.7049 1.9894 17.3026 
v -7.5223 2.3899 17.5075 
v -7.5035 2.2192 17.4368 
v -7.624 2.3575 17.476 
v -7.2978 2.3573 17.5319 
v -7.7231 2.2885 17.4291 
v -7.5035 2.2192 17.4368 
v -7.6639 2.0076 17.6633 
v -7.6222 2.1128 17.4207 
v -7.6679 2.1598 17.3828 
v -7.6222 2.1128 17.4207 
v -7.4067 2.3897 17.5272 
v -7.4067 2.3897 17.5272 
v -7.7231 2.2885 17.4291 
v -7.5935 1.9914 17.9622 
v -7.8126 2.0524 17.9512 
v -7.4967 2.1618 18.0528 
v -7.1669 2.1207 17.4519 
v -7.2487 2.0934 17.426 
v -7.2487 2.0934 17.426 
v -7.2842 2.0538 17.4532 
v -7.3257 1.9488 17.6957 
v -7.2842 2.0538 17.4532 
v -7.3438 1.9029 17.8013 
v -7.3438 1.9029 17.8013 
v -7.3088 1.902 17.8201 
v -7.1846 2.044 17.4157 
v -7.2205 2.0315 17.4041 
v -7.2205 2.0315 17.4041 
v -7.2537 1.9861 17.4291 
v -7.2952 1.8811 17.6716 
v -7.2537 1.9861 17.4291 
v -7.31 1.8748 17.7231 
v -7.31 1.8748 17.7231 
v -7.2656 1.8667 17.7177 
v -7.2656 1.8667 17.7177 
v -7.2395 1.8719 17.7353 

vn 0.15748 0.370079 -0.913386 
vn 0.15748 0.370079 -0.913386 
vn 0.15748 0.370079 -0.913386 
vn 0.15748 0.370079 -0.913386 
vn 0.818898 0.188976 -0.543307 
vn 0.818898 0.188976 -0.543307 
vn 0.818898 0.188976 -0.543307 
vn 0.818898 0.188976 -0.543307 
vn -0.566929 0.338583 -0.748031 
vn -0.566929 0.338583 -0.748031 
vn -0.566929 0.338583 -0.748031 
vn -0.566929 0.338583 -0.748031 
vn 0.984252 -0.11811 0.133858 
vn 0.984252 -0.11811 0.133858 
vn 0.984252 -0.11811 0.133858 
vn 0.984252 -0.11811 0.133858 
vn -0.984252 0.11811 -0.133858 
vn -0.984252 0.11811 -0.133858 
vn -0.984252 0.11811 -0.133858 
vn -0.984252 0.11811 -0.133858 
vn 0.566929 -0.370079 0.732283 
vn 0.566929 -0.370079 0.732283 
vn 0.566929 -0.370079 0.732283 
vn 0.566929 -0.370079 0.732283 
vn -0.811024 -0.181102 0.551181 
vn -0.811024 -0.181102 0.551181 
vn -0.811024 -0.181102 0.551181 
vn -0.811024 -0.181102 0.551181 
vn -0.15748 -0.393701 0.905512 
vn -0.15748 -0.393701 0.905512 
vn -0.15748 -0.393701 0.905512 
vn -0.15748 -0.393701 0.905512 
vn -0.818898 0.330709 0.472441 
vn -0.519685 0.220472 0.826772 
vn -0.464567 0.346457 0.818898 
vn -0.771654 0.425197 0.472441 
vn -0.220472 0.11811 0.968504 
vn -0.165354 0.23622 0.96063 
vn -0.0551181 0.0629921 1 
vn -0.015748 0.173228 0.984252 
vn 0.488189 -0.370079 -0.787402 
vn 0.488189 -0.370079 -0.787402 
vn 0.480315 -0.370079 -0.795276 
vn 0.480315 -0.370079 -0.795276 
vn -0.259843 -0.015748 -0.968504 
vn -0.543307 0.15748 -0.826772 
vn -0.559055 0.110236 -0.818898 
vn -0.275591 -0.0472441 -0.96063 
vn -0.826772 0.299213 -0.472441 
vn -0.826772 0.299213 -0.472441 
vn -0.929134 0.362205 0 
vn -0.913386 0.417323 0 
vn 0.377953 0.92126 0 
vn 0.377953 0.92126 0 
vn 0.377953 0.92126 0 
vn 0.377953 0.92126 0 
vn 0.377953 0.92126 0 
vn 0.377953 0.92126 0 
vn 0.377953 0.92126 0 
vn 0.377953 0.92126 0 
vn 0.377953 0.92126 0 
vn 0.377953 0.92126 0 
vn 0.377953 0.92126 0 
vn 0.377953 0.92126 0 
vn 0.377953 0.92126 0 
vn 0.385827 0.92126 -0.00787402 
vn 0.385827 0.92126 -0.00787402 
vn 0.385827 0.92126 -0.00787402 
vn 0.385827 0.92126 0.00787402 
vn 0.385827 0.92126 0.00787402 
vn 0.385827 0.92126 0.00787402 
vn -0.88189 0.15748 0.440945 
vn -0.606299 -0.015748 0.795276 
vn -0.307087 -0.125984 0.944882 
vn -0.149606 -0.173228 0.976378 
vn 0.598425 -0.0708661 -0.795276 
vn 0.598425 -0.0708661 -0.795276 
vn -0.173228 0.251969 -0.952756 
vn -0.480315 0.346457 -0.80315 
vn -0.80315 0.370079 -0.464567 
vn -0.952756 0.299213 -0.00787402 
vn 0.944882 0.322835 0 
vn 0.944882 0.322835 0 
vn 0.944882 0.322835 0 
vn 0.944882 0.322835 0 
vn 0.952756 0.314961 0 
vn 0.952756 0.314961 0 
vn 0.952756 0.314961 0 
vn 0.952756 0.314961 0 
vn 0.96063 -0.275591 0.015748 
vn 0.944882 -0.330709 0 
vn 0.944882 -0.330709 0 
vn 0.96063 -0.275591 0.015748 
vn 0.952756 -0.291339 0.015748 
vn 0.937008 -0.346457 0 
vn 0.937008 -0.346457 0 
vn 0.952756 -0.291339 0.015748 
vn -0.015748 -0.92126 -0.393701 
vn -0.00787402 -0.92126 -0.377953 
vn -0.00787402 -0.92126 -0.393701 
vn -0.00787402 -0.92126 -0.393701 
vn -0.00787402 -0.92126 -0.393701 
vn -0.015748 -0.92126 -0.393701 
vn -0.015748 -0.92126 -0.393701 
vn -0.015748 -0.92126 -0.393701 
vn -0.00787402 -0.913386 -0.409449 
vn -0.00787402 -0.92126 -0.393701 
vn -0.866142 -0.409449 -0.299213 
vn -0.866142 -0.409449 -0.299213 
vn -0.826772 -0.551181 0.102362 
vn -0.826772 -0.551181 0.102362 
vn -0.614173 -0.669291 0.425197 
vn -0.614173 -0.669291 0.425197 
vn -0.338583 -0.771654 0.535433 
vn -0.338583 -0.771654 0.535433 
vn -0.188976 -0.818898 0.543307 
vn -0.188976 -0.818898 0.543307 
vn 0.787402 -0.606299 -0.133858 
vn 0.787402 -0.606299 -0.133858 
vn 0.787402 -0.606299 -0.133858 
vn 0.787402 -0.606299 -0.133858 
vn 0.76378 -0.629921 -0.149606 
vn 0.76378 -0.629921 -0.149606 
vn 0.76378 -0.629921 -0.149606 
vn 0.76378 -0.629921 -0.149606 
vn 0.433071 -0.496063 -0.748031 
vn 0.433071 -0.496063 -0.748031 
vn 0.433071 -0.496063 -0.748031 
vn 0.433071 -0.496063 -0.748031 
vn -0.377953 -0.220472 -0.897638 
vn -0.102362 -0.23622 -0.968504 
vn -0.102362 -0.23622 -0.968504 
vn -0.377953 -0.220472 -0.897638 
vn -0.685039 -0.299213 -0.669291 
vn -0.685039 -0.299213 -0.669291 
vn 0.393701 -0.897638 0.188976 
vn 0.393701 -0.897638 0.188976 
vn 0.393701 -0.897638 0.188976 
vn 0.393701 -0.897638 0.188976 
vn 0.708661 -0.251969 0.661417 
vn 0.669291 -0.346457 0.661417 
vn 0.669291 -0.346457 0.661417 
vn 0.708661 -0.251969 0.661417 
vn 0.724409 -0.220472 0.653543 
vn 0.724409 -0.220472 0.653543 
vn 0.0393701 -0.259843 -0.96063 
vn 0.0393701 -0.259843 -0.96063 
vn -0.110236 -0.110236 -0.984252 
vn -0.015748 0.173228 -0.984252 
vn -0.125984 -0.11811 -0.984252 
vn 0.598425 0.488189 0.637795 
vn 0.598425 0.488189 0.637795 
vn 0.598425 0.488189 0.637795 
vn 0.598425 0.488189 0.637795 
vn 0.102362 0.716535 0.692913 
vn 0.220472 0.669291 0.708661 
vn 0.220472 0.669291 0.708661 
vn 0.102362 0.716535 0.692913 
vn -0.11811 0.795276 0.598425 
vn -0.11811 0.795276 0.598425 
vn -0.322835 0.88189 0.338583 
vn -0.322835 0.88189 0.338583 
vn -0.433071 0.905512 0 
vn -0.433071 0.905512 0 
vn -0.377953 0.850394 -0.370079 
vn -0.377953 0.850394 -0.370079 
vn -0.19685 0.716535 -0.669291 
vn -0.19685 0.716535 -0.669291 
vn 0.0393701 0.622047 -0.787402 
vn 0.0393701 0.622047 -0.787402 
vn 0.173228 0.566929 -0.80315 
vn 0.173228 0.566929 -0.80315 
vn 0.661417 0.543307 -0.519685 
vn 0.661417 0.543307 -0.519685 
vn 0.661417 0.543307 -0.519685 
vn 0.661417 0.543307 -0.519685 
vn 0.913386 -0.417323 0 
vn 0.913386 -0.417323 0 
vn 0.913386 -0.417323 0 
vn 0.913386 -0.417323 0 
vn 0.905512 -0.417323 -0.00787402 
vn 0.905512 -0.417323 -0.00787402 
vn 0.905512 -0.417323 -0.00787402 
vn 0.905512 -0.417323 -0.00787402 
vn 0.905512 -0.417323 -0.00787402 
vn 0.905512 -0.417323 -0.00787402 
vn 0.905512 -0.425197 0 
vn 0.905512 -0.425197 0 
vn 0.905512 -0.425197 0 
vn 0.905512 -0.425197 0 
vn 0.645669 0.23622 -0.732283 
vn 0.645669 0.23622 -0.732283 
vn 0.976378 -0.228346 0.0393701 
vn 0.976378 -0.228346 0.0393701 
vn 0.968504 -0.244094 0.0393701 
vn 0.968504 -0.244094 0.0393701 
vn 0.629921 -0.401575 0.661417 
vn 0.629921 -0.401575 0.661417 
vn -0.362205 -0.251969 0.897638 
vn -0.204724 -0.307087 0.929134 
vn -0.645669 -0.125984 0.748031 
vn -0.905512 0.0866142 0.417323 
vn -0.96063 0.283465 -0.015748 
vn -0.779528 0.433071 -0.448819 
vn -0.425197 0.488189 -0.76378 
vn -0.0944882 0.464567 -0.88189 
vn 0.0708661 0.433071 -0.897638 
vn -0.023622 -0.92126 -0.393701 
vn -0.0314961 -0.92126 -0.393701 
vn -0.0314961 -0.92126 -0.393701 
vn -0.023622 -0.92126 -0.393701 
vn -0.015748 -0.92126 -0.393701 
vn -0.015748 -0.92126 -0.393701 
vn -0.0944882 0.464567 -0.88189 
vn -0.433071 0.488189 -0.755906 
vn -0.787402 0.433071 -0.440945 
vn -0.96063 0.283465 -0.023622 
vn -0.905512 0.0866142 0.409449 
vn -0.653543 -0.11811 0.748031 
vn -0.370079 -0.251969 0.897638 
vn -0.204724 -0.307087 0.929134 
vn 0.629921 -0.401575 0.669291 
vn 0.629921 -0.401575 0.669291 
vn 0.968504 -0.244094 0.0393701 
vn 0.968504 -0.244094 0.0393701 
vn 0.968504 -0.228346 0.0472441 
vn 0.968504 -0.228346 0.0472441 
vn 0.645669 0.23622 -0.732283 
vn 0.645669 0.23622 -0.732283 
vn 0.0708661 0.433071 -0.897638 
vn 0.724409 -0.220472 0.653543 
vn 0.724409 -0.220472 0.653543 
vn -0.00787402 0.173228 0.984252 
vn -0.165354 0.23622 0.96063 
vn -0.464567 0.346457 0.818898 
vn -0.771654 0.433071 0.464567 
vn -0.913386 0.417323 0 
vn -0.826772 0.299213 -0.472441 
vn -0.559055 0.110236 -0.818898 
vn -0.275591 -0.0472441 -0.96063 
vn -0.125984 -0.11811 -0.984252 
vn 0.480315 -0.370079 -0.795276 
vn 0.480315 -0.370079 -0.795276 
vn 0.96063 0.15748 0.23622 
vn 0.740157 0.566929 0.370079 
vn 0.740157 0.566929 0.370079 
vn 0.96063 0.15748 0.23622 
vn 0.385827 0.818898 0.425197 
vn 0.385827 0.818898 0.425197 
vn 0.102362 0.905512 0.417323 
vn 0.102362 0.905512 0.417323 
vn -0.220472 0.905512 0.362205 
vn -0.220472 0.905512 0.362205 
vn -0.519685 0.811024 0.267717 
vn -0.519685 0.811024 0.267717 
vn -0.818898 0.566929 0.110236 
vn -0.818898 0.566929 0.110236 
vn -0.976378 0.188976 -0.0787402 
vn -0.976378 0.188976 -0.0787402 
vn -0.96063 -0.15748 -0.228346 
vn -0.96063 -0.15748 -0.228346 
vn -0.826772 -0.456693 -0.338583 
vn -0.826772 -0.456693 -0.338583 
vn -0.590551 -0.700787 -0.401575 
vn -0.590551 -0.700787 -0.401575 
vn -0.00787402 -0.913386 -0.401575 
vn -0.00787402 -0.913386 -0.401575 
vn 0.409449 -0.858268 -0.307087 
vn 0.409449 -0.858268 -0.307087 
vn 0.889764 -0.448819 -0.0472441 
vn 0.889764 -0.448819 -0.0472441 
vn 0.889764 -0.448819 -0.0472441 
vn 0.889764 -0.448819 -0.0472441 
vn 0.952756 -0.299213 0.0314961 
vn 0.984252 -0.15748 0.102362 
vn 0.984252 -0.15748 0.102362 
vn -0.15748 -0.393701 0.905512 
vn -0.15748 -0.393701 0.905512 
vn -0.15748 -0.393701 0.905512 
vn 0.897638 0.322835 0.291339 
vn 0.897638 0.322835 0.291339 
vn 0.897638 0.322835 0.291339 
vn 0.897638 0.322835 0.291339 
vn -0.15748 -0.393701 0.905512 
vn -0.15748 -0.393701 0.905512 
vn 0.409449 -0.858268 -0.307087 
vn 0.409449 -0.858268 -0.307087 
vn 0.409449 -0.858268 -0.307087 
vn 0.409449 -0.858268 -0.307087 
vn -0.897638 -0.330709 -0.299213 
vn -0.897638 -0.330709 -0.299213 
vn -0.88189 -0.362205 -0.307087 
vn -0.88189 -0.362205 -0.307087 
vn 0.496063 0.0551181 0.866142 
vn 0.496063 0.0551181 0.866142 
vn 0.692913 -0.393701 0.606299 
vn 0.692913 -0.393701 0.606299 
vn 0.181102 0.377953 0.905512 
vn 0.181102 0.377953 0.905512 
vn -0.0314961 0.425197 0.905512 
vn -0.0314961 0.425197 0.905512 
vn -0.267717 0.409449 0.874016 
vn -0.267717 0.409449 0.874016 
vn -0.488189 0.322835 0.811024 
vn -0.488189 0.322835 0.811024 
vn -0.700787 0.133858 0.700787 
vn -0.700787 0.133858 0.700787 
vn -0.826772 -0.11811 0.551181 
vn -0.826772 -0.11811 0.551181 
vn -0.811024 -0.385827 0.448819 
vn -0.811024 -0.385827 0.448819 
vn -0.700787 -0.606299 0.385827 
vn -0.700787 -0.606299 0.385827 
vn -0.535433 -0.771654 0.338583 
vn -0.535433 -0.771654 0.338583 
vn -0.440945 -0.84252 0.314961 
vn -0.440945 -0.84252 0.314961 
vn 0.181102 -0.889764 0.425197 
vn 0.181102 -0.889764 0.425197 
vn 0.181102 -0.889764 0.425197 
vn 0.181102 -0.889764 0.425197 
vn -0.204724 -0.96063 -0.173228 
vn -0.204724 -0.96063 -0.173228 
vn -0.204724 -0.96063 -0.173228 
vn -0.204724 -0.96063 -0.173228 
vn 0.322835 -0.944882 -0.0787402 
vn 0.322835 -0.944882 -0.0787402 
vn 0.322835 -0.944882 -0.0787402 
vn 0.322835 -0.944882 -0.0787402 
vn 0.692913 -0.629921 0.362205 
vn 0.692913 -0.629921 0.362205 
vn 0.661417 -0.700787 0.251969 
vn 0.661417 -0.700787 0.251969 
vn 0.559055 -0.598425 0.574803 
vn 0.559055 -0.598425 0.574803 
vn 0.559055 -0.598425 0.574803 
vn 0.598425 0 0.80315 
vn 0.598425 0 0.80315 
vn 0.598425 0 0.80315 
vn 0.598425 0 0.80315 
vn -0.322835 -0.818898 0.472441 
vn -0.322835 -0.818898 0.472441 
vn -0.291339 -0.84252 0.448819 
vn -0.291339 -0.84252 0.448819 
vn 0.173228 -0.88189 0.448819 
vn 0.173228 -0.88189 0.448819 
vn 0.173228 -0.874016 0.448819 
vn 0.173228 -0.874016 0.448819 
vn -0.15748 -0.393701 0.905512 
vn -0.15748 -0.393701 0.905512 
vn -0.15748 -0.393701 0.905512 
vn -0.15748 -0.393701 0.905512 
vn -0.15748 -0.393701 0.905512 
vn -0.133858 -0.511811 0.850394 
vn -0.110236 -0.574803 0.811024 
vn -0.165354 -0.370079 0.913386 
vn -0.165354 -0.377953 0.913386 
vn -0.165354 -0.377953 0.913386 
vn -0.15748 -0.393701 0.905512 
vn -0.00787402 -0.897638 0.448819 
vn -0.00787402 -0.897638 0.448819 
vn -0.0472441 -0.795276 0.598425 
vn -0.0472441 -0.795276 0.598425 
vn 0.409449 -0.858268 -0.307087 
vn 0.409449 -0.858268 -0.307087 
vn 0.173228 -0.88189 0.448819 
vn 0.173228 -0.88189 0.448819 
vn 0.96063 0.15748 0.23622 
vn 0.96063 0.15748 0.23622 
vn 0.740157 0.566929 0.370079 
vn 0.740157 0.566929 0.370079 
vn 0.385827 0.818898 0.425197 
vn 0.385827 0.818898 0.425197 
vn 0.102362 0.905512 0.409449 
vn 0.102362 0.905512 0.409449 
vn -0.220472 0.913386 0.354331 
vn -0.220472 0.913386 0.354331 
vn -0.511811 0.818898 0.259843 
vn -0.511811 0.818898 0.259843 
vn -0.811024 0.574803 0.102362 
vn -0.811024 0.574803 0.102362 
vn -0.976378 0.19685 -0.0866142 
vn -0.976378 0.19685 -0.0866142 
vn -0.96063 -0.15748 -0.23622 
vn -0.96063 -0.15748 -0.23622 
vn -0.826772 -0.456693 -0.338583 
vn -0.826772 -0.456693 -0.338583 
vn -0.590551 -0.700787 -0.401575 
vn -0.590551 -0.700787 -0.401575 
vn -0.00787402 -0.92126 -0.393701 
vn -0.00787402 -0.92126 -0.393701 
vn 0.409449 -0.858268 -0.299213 
vn 0.409449 -0.858268 -0.299213 
vn 0.889764 -0.448819 -0.0393701 
vn 0.889764 -0.448819 -0.0393701 
vn 0.889764 -0.448819 -0.0393701 
vn 0.889764 -0.448819 -0.0393701 
vn -0.173228 -0.889764 -0.417323 
vn -0.173228 -0.889764 -0.417323 
vn -0.173228 -0.889764 -0.417323 
vn -0.173228 -0.889764 -0.417323 
vn 0.401575 -0.866142 -0.307087 
vn 0.401575 -0.866142 -0.307087 
vn 0.401575 -0.866142 -0.307087 
vn 0.401575 -0.866142 -0.307087 
vn 0.952756 -0.299213 0.0314961 
vn 0.952756 -0.299213 0.0314961 
vn 0.984252 -0.15748 0.102362 
vn 0.984252 -0.15748 0.102362 
vn 0.15748 0.393701 -0.905512 
vn 0.15748 0.393701 -0.905512 
vn 0.15748 0.393701 -0.905512 
vn 0.897638 0.322835 0.299213 
vn 0.897638 0.322835 0.299213 
vn 0.897638 0.322835 0.299213 
vn 0.897638 0.322835 0.299213 
vn 0.15748 0.393701 -0.905512 
vn 0.15748 0.393701 -0.905512 
vn 0.15748 0.393701 -0.905512 
vn 0.15748 0.393701 -0.905512 
vn 0.15748 0.393701 -0.905512 
vn 0.15748 0.393701 -0.905512 
vn 0.409449 -0.858268 -0.307087 
vn 0.409449 -0.858268 -0.307087 
vn 0.409449 -0.858268 -0.299213 
vn 0.409449 -0.858268 -0.299213 
vn -0.88189 -0.362205 -0.307087 
vn -0.88189 -0.362205 -0.307087 
vn -0.897638 -0.330709 -0.299213 
vn 0.629921 0.692913 -0.354331 
vn 0.795276 0.385827 -0.472441 
vn 0.795276 0.385827 -0.472441 
vn 0.629921 0.692913 -0.354331 
vn 0.385827 0.88189 -0.267717 
vn 0.385827 0.88189 -0.267717 
vn 0.173228 0.937008 -0.291339 
vn 0.173228 0.937008 -0.291339 
vn -0.0629921 0.937008 -0.338583 
vn -0.0629921 0.937008 -0.338583 
vn -0.275591 0.874016 -0.401575 
vn -0.275591 0.874016 -0.401575 
vn -0.496063 0.685039 -0.527559 
vn -0.496063 0.685039 -0.527559 
vn -0.629921 0.401575 -0.661417 
vn -0.629921 0.401575 -0.661417 
vn -0.598425 0.149606 -0.787402 
vn -0.598425 0.149606 -0.787402 
vn -0.480315 -0.0551181 -0.874016 
vn -0.480315 -0.0551181 -0.874016 
vn -0.322835 -0.228346 -0.92126 
vn -0.322835 -0.228346 -0.92126 
vn -0.228346 -0.307087 -0.929134 
vn -0.228346 -0.307087 -0.929134 
vn 0.401575 -0.330709 -0.858268 
vn 0.401575 -0.330709 -0.858268 
vn 0.401575 -0.330709 -0.858268 
vn 0.401575 -0.330709 -0.858268 
vn -0.0393701 -0.456693 -0.889764 
vn -0.0393701 -0.456693 -0.889764 
vn -0.0393701 -0.456693 -0.889764 
vn 0.401575 -0.370079 -0.834646 
vn 0.401575 -0.370079 -0.834646 
vn 0.401575 -0.370079 -0.834646 
vn 0.401575 -0.370079 -0.834646 
vn 0.818898 0.165354 -0.551181 
vn 0.811024 0.0629921 -0.582677 
vn 0.811024 0.0629921 -0.582677 
vn 0.818898 0.165354 -0.551181 
vn 0.76378 -0.0708661 -0.637795 
vn 0.76378 -0.0708661 -0.637795 
vn 0.76378 -0.0708661 -0.637795 
vn 0.795276 0.496063 -0.346457 
vn 0.795276 0.496063 -0.346457 
vn 0.795276 0.496063 -0.346457 
vn 0.795276 0.496063 -0.346457 
vn -0.598425 -0.023622 -0.80315 
vn -0.606299 -0.015748 -0.795276 
vn -0.606299 -0.015748 -0.795276 
vn -0.598425 -0.023622 -0.80315 
vn 0.393701 -0.307087 -0.866142 
vn 0.393701 -0.307087 -0.866142 
vn 0.393701 -0.307087 -0.866142 
vn 0.393701 -0.307087 -0.866142 
vn 0.15748 0.393701 -0.905512 
vn 0.15748 0.393701 -0.905512 
vn 0.15748 0.393701 -0.905512 
vn 0.15748 0.393701 -0.905512 
vn 0.15748 0.393701 -0.905512 
vn 0.15748 0.393701 -0.905512 
vn 0.15748 0.393701 -0.905512 
vn 0.15748 0.393701 -0.905512 
vn 0.409449 -0.858268 -0.299213 
vn 0.409449 -0.858268 -0.299213 
vn 0.393701 -0.307087 -0.866142 
vn 0.393701 -0.307087 -0.866142 
vn 0.15748 0.393701 -0.905512 
vn 0.15748 0.393701 -0.905512 
vn 0.15748 0.393701 -0.905512 
vn -0.15748 -0.393701 0.905512 
vn -0.15748 -0.393701 0.905512 
vn -0.15748 -0.393701 0.905512 
vn 0.15748 0.393701 -0.905512 
vn 0.15748 0.393701 -0.905512 
vn -0.614173 0 -0.787402 
vn -0.614173 0 -0.787402 
vn -0.905512 -0.307087 -0.291339 
vn -0.905512 -0.307087 -0.291339 
vn -0.905512 -0.307087 -0.291339 
vn -0.204724 -0.913386 0.354331 
vn -0.204724 -0.913386 0.354331 
vn 0.15748 0.393701 -0.905512 
vn 0.15748 0.393701 -0.905512 
vn -0.606299 0.00787402 -0.795276 
vn -0.606299 0.00787402 -0.795276 
vn -0.905512 -0.307087 -0.291339 
vn -0.905512 -0.307087 -0.291339 
vn -0.905512 -0.299213 -0.291339 
vn -0.15748 -0.952756 0.267717 
vn -0.15748 -0.952756 0.267717 
vn 0.023622 -0.937008 0.354331 
vn 0.023622 -0.937008 0.354331 

vt 0.5154 0.1065 
vt 0.50025 0.1066 
vt 0.50025 0.0733 
vt 0.518025 0.0731 
vt 0.518475 0.0684 
vt 0.518025 0.0731 
vt 0.50025 0.0733 
vt 0.50025 0.0686 
vt 0.50025 0.1113 
vt 0.50025 0.1066 
vt 0.5154 0.1065 
vt 0.516 0.1112 
vt 0.523425 0.0358 
vt 0.518475 0.0684 
vt 0.50025 0.0686 
vt 0.50025 0.0353 
vt 0.50025 0.1446 
vt 0.50025 0.1113 
vt 0.516 0.1112 
vt 0.520875 0.1438 
vt 0.523425 0.182 
vt 0.522825 0.1866 
vt 0.50025 0.1873 
vt 0.50025 0.1826 
vt 0.50025 0.1493 
vt 0.50025 0.1446 
vt 0.520875 0.1438 
vt 0.52125 0.1485 
vt 0.523425 0.182 
vt 0.50025 0.1826 
vt 0.50025 0.1493 
vt 0.52125 0.1485 
vt 0.3651 0.6583 
vt 0.3651 0.6248 
vt 0.38775 0.6248 
vt 0.38775 0.6583 
vt 0.3651 0.5822 
vt 0.38775 0.5822 
vt 0.3651 0.5114 
vt 0.38775 0.5114 
vt 0.3651 0.8749 
vt 0.3651 0.8607 
vt 0.38775 0.8607 
vt 0.38775 0.8749 
vt 0.3651 0.7906 
vt 0.3651 0.7494 
vt 0.38775 0.7494 
vt 0.38775 0.7906 
vt 0.3651 0.7154 
vt 0.38775 0.7154 
vt 0.3651 0.6868 
vt 0.38775 0.6868 
vt 0.1893 0.1742 
vt 0.1893 0.2031 
vt 0.15015 0.1537 
vt 0.171075 0.2031 
vt 0.1527 0.2031 
vt 0.15015 0.2031 
vt 0.15015 0.1034 
vt 0.1527 0.1034 
vt 0.171075 0.1034 
vt 0.1893 0.1034 
vt 0.1893 0.1034 
vt 0.1893 0.1357 
vt 0.15015 0.1537 
vt 0.1893 0.1357 
vt 0.1893 0.155 
vt 0.15015 0.1537 
vt 0.1893 0.155 
vt 0.1893 0.1742 
vt 0.15015 0.1537 
vt 0.361875 0.6583 
vt 0.361875 0.6248 
vt 0.361875 0.5822 
vt 0.361875 0.5114 
vt 0.36225 0.8749 
vt 0.36225 0.8607 
vt 0.36225 0.7906 
vt 0.36225 0.7494 
vt 0.361875 0.7154 
vt 0.361875 0.6868 
vt 0.15015 0.1034 
vt 0.15015 0.1537 
vt 0.1467 0.1545 
vt 0.1467 0.0906 
vt 0.15015 0.1537 
vt 0.15015 0.2031 
vt 0.1467 0.2065 
vt 0.1467 0.1545 
vt 0.361875 0.3751 
vt 0.3651 0.3751 
vt 0.3651 0.4401 
vt 0.361875 0.4401 
vt 0.361875 0.4401 
vt 0.3651 0.4401 
vt 0.3651 0.4998 
vt 0.361875 0.4998 
vt 0.646275 0.235 
vt 0.6561 0.235 
vt 0.6126 0.2969 
vt 0.634425 0.235 
vt 0.612225 0.235 
vt 0.6345 0.3585 
vt 0.612675 0.3585 
vt 0.64635 0.3585 
vt 0.6561 0.3585 
vt 0.6561 0.2967 
vt 0.3198 0.6868 
vt 0.316425 0.6868 
vt 0.316425 0.6583 
vt 0.3198 0.6583 
vt 0.3198 0.6248 
vt 0.316425 0.6248 
vt 0.3198 0.5822 
vt 0.316425 0.5822 
vt 0.3198 0.5114 
vt 0.316425 0.5114 
vt 0.316425 0.4401 
vt 0.3198 0.4401 
vt 0.3198 0.4998 
vt 0.316425 0.4998 
vt 0.316425 0.3751 
vt 0.3198 0.3751 
vt 0.3198 0.4401 
vt 0.316425 0.4401 
vt 0.3198 0.8607 
vt 0.3198 0.8749 
vt 0.316425 0.8749 
vt 0.316425 0.8607 
vt 0.3198 0.7494 
vt 0.3198 0.7906 
vt 0.316425 0.7906 
vt 0.316425 0.7494 
vt 0.3198 0.7154 
vt 0.316425 0.7154 
vt 0.3198 0.4998 
vt 0.3198 0.5114 
vt 0.316425 0.5114 
vt 0.316425 0.4998 
vt 0.3651 0.5114 
vt 0.361875 0.5114 
vt 0.361875 0.4998 
vt 0.3651 0.4998 
vt 0.38775 0.5114 
vt 0.38775 0.4998 
vt 0.3198 0.8607 
vt 0.316425 0.8607 
vt 0.3651 0.8607 
vt 0.36225 0.8607 
vt 0.38775 0.8607 
vt 0.1527 0.2031 
vt 0.1467 0.2149 
vt 0.1467 0.2065 
vt 0.15015 0.2031 
vt 0.1752 0.2149 
vt 0.1467 0.2149 
vt 0.1527 0.2031 
vt 0.171075 0.2031 
vt 0.19335 0.2149 
vt 0.1893 0.2031 
vt 0.19335 0.1792 
vt 0.1893 0.1742 
vt 0.19335 0.1565 
vt 0.1893 0.155 
vt 0.19335 0.1328 
vt 0.1893 0.1357 
vt 0.19335 0.0906 
vt 0.1893 0.1034 
vt 0.1752 0.0906 
vt 0.171075 0.1034 
vt 0.1527 0.1034 
vt 0.1515 0.0906 
vt 0.1467 0.0906 
vt 0.1515 0.0906 
vt 0.1527 0.1034 
vt 0.15015 0.1034 
vt 0.4098 0.4401 
vt 0.4098 0.4998 
vt 0.387375 0.4998 
vt 0.3651 0.4998 
vt 0.4098 0.4401 
vt 0.3651 0.4998 
vt 0.3651 0.4401 
vt 0.4098 0.4401 
vt 0.3651 0.4401 
vt 0.3651 0.3751 
vt 0.4098 0.3751 
vt 0.4098 0.4401 
vt 0.3651 0.3751 
vt 0.38565 0.3751 
vt 0.339075 0.8749 
vt 0.339075 0.8607 
vt 0.339075 0.4401 
vt 0.339075 0.3751 
vt 0.339075 0.4998 
vt 0.339075 0.4401 
vt 0.339075 0.5114 
vt 0.339075 0.4998 
vt 0.339075 0.5822 
vt 0.339075 0.5114 
vt 0.339075 0.6248 
vt 0.339075 0.6583 
vt 0.339075 0.6868 
vt 0.339075 0.7154 
vt 0.339075 0.7494 
vt 0.339075 0.7906 
vt 0.339075 0.8607 
vt 0.6126 0.2969 
vt 0.612675 0.3585 
vt 0.609225 0.3585 
vt 0.609225 0.2969 
vt 0.609225 0.235 
vt 0.612225 0.235 
vt 0.3198 0.7906 
vt 0.3198 0.7494 
vt 0.3198 0.7154 
vt 0.3198 0.6868 
vt 0.3198 0.6583 
vt 0.3198 0.6248 
vt 0.3198 0.5822 
vt 0.3198 0.5114 
vt 0.3198 0.5114 
vt 0.3198 0.4998 
vt 0.3198 0.4998 
vt 0.3198 0.4401 
vt 0.3198 0.4401 
vt 0.3198 0.3751 
vt 0.3198 0.8749 
vt 0.3198 0.8607 
vt 0.3198 0.8607 
vt 0.4098 0.5114 
vt 0.4098 0.4998 
vt 0.4098 0.5114 
vt 0.4098 0.5822 
vt 0.4098 0.6248 
vt 0.4098 0.6583 
vt 0.4098 0.6868 
vt 0.4098 0.7154 
vt 0.4098 0.7494 
vt 0.4098 0.7906 
vt 0.4098 0.8607 
vt 0.4098 0.8607 
vt 0.4098 0.8749 
vt 0.486075 0.1886 
vt 0.486075 0.1788 
vt 0.497625 0.1788 
vt 0.49455 0.1886 
vt 0.486075 0.1713 
vt 0.497625 0.1713 
vt 0.486075 0.1621 
vt 0.4977 0.1622 
vt 0.486075 0.1529 
vt 0.4977 0.1529 
vt 0.486075 0.144 
vt 0.4977 0.144 
vt 0.486075 0.1339 
vt 0.4977 0.1339 
vt 0.486075 0.1246 
vt 0.4977 0.1246 
vt 0.486075 0.1155 
vt 0.4977 0.1154 
vt 0.486075 0.1068 
vt 0.4977 0.1068 
vt 0.486075 0.1005 
vt 0.4977 0.1005 
vt 0.486075 0.0932 
vt 0.4977 0.0932 
vt 0.486075 0.0882 
vt 0.4977 0.0882 
vt 0.486075 0.0856 
vt 0.4977 0.0856 
vt 0.4977 0.0882 
vt 0.486075 0.0882 
vt 0.486075 0.204 
vt 0.486075 0.1962 
vt 0.490725 0.1962 
vt 0.430275 0.189 
vt 0.4299 0.1842 
vt 0.45105 0.1761 
vt 0.498 0.0666 
vt 0.497925 0.0844 
vt 0.486375 0.0843 
vt 0.486375 0.0666 
vt 0.449925 0.1893 
vt 0.457125 0.1835 
vt 0.498 0.0462 
vt 0.498 0.0564 
vt 0.486375 0.0564 
vt 0.486375 0.0462 
vt 0.486375 0.0391 
vt 0.495225 0.0391 
vt 0.498 0.0462 
vt 0.486375 0.0462 
vt 0.452025 0.1163 
vt 0.452025 0.1232 
vt 0.44145 0.1211 
vt 0.4395 0.1142 
vt 0.45975 0.1228 
vt 0.456825 0.128 
vt 0.466425 0.1341 
vt 0.46215 0.1375 
vt 0.47025 0.148 
vt 0.465225 0.1492 
vt 0.47055 0.1622 
vt 0.4656 0.1611 
vt 0.467325 0.1776 
vt 0.462525 0.1749 
vt 0.460275 0.1885 
vt 0.457125 0.1835 
vt 0.451275 0.1958 
vt 0.449925 0.1893 
vt 0.441525 0.1987 
vt 0.441 0.192 
vt 0.434325 0.1982 
vt 0.435825 0.1916 
vt 0.426525 0.1941 
vt 0.430275 0.189 
vt 0.424875 0.1831 
vt 0.4299 0.1842 
vt 0.430275 0.189 
vt 0.425025 0.1908 
vt 0.417 0.1297 
vt 0.420525 0.1297 
vt 0.421875 0.1343 
vt 0.417525 0.1342 
vt 0.417225 0.1232 
vt 0.421425 0.1265 
vt 0.420525 0.1297 
vt 0.417 0.1297 
vt 0.42885 0.1163 
vt 0.4305 0.123 
vt 0.421425 0.1265 
vt 0.417975 0.1218 
vt 0.42645 0.1795 
vt 0.4299 0.1842 
vt 0.424875 0.1831 
vt 0.4299 0.1842 
vt 0.42645 0.1795 
vt 0.4455 0.1716 
vt 0.45105 0.1761 
vt 0.451725 0.1356 
vt 0.4458 0.1397 
vt 0.43665 0.1375 
vt 0.438375 0.1336 
vt 0.450975 0.1558 
vt 0.445425 0.1558 
vt 0.4458 0.1397 
vt 0.451725 0.1356 
vt 0.441 0.192 
vt 0.435825 0.1916 
vt 0.465225 0.1492 
vt 0.4656 0.1611 
vt 0.450975 0.1558 
vt 0.451725 0.1356 
vt 0.452025 0.1232 
vt 0.456825 0.128 
vt 0.46215 0.1375 
vt 0.450975 0.1558 
vt 0.462525 0.1749 
vt 0.429675 0.1315 
vt 0.4305 0.123 
vt 0.44145 0.1211 
vt 0.438375 0.1336 
vt 0.498 0.0666 
vt 0.486375 0.0666 
vt 0.45105 0.1761 
vt 0.4455 0.1716 
vt 0.486075 0.1886 
vt 0.47205 0.1886 
vt 0.47205 0.1788 
vt 0.486075 0.1788 
vt 0.47205 0.1713 
vt 0.486075 0.1713 
vt 0.47205 0.1622 
vt 0.486075 0.1621 
vt 0.47205 0.1529 
vt 0.486075 0.1529 
vt 0.486075 0.144 
vt 0.47205 0.144 
vt 0.47205 0.1339 
vt 0.486075 0.1339 
vt 0.47205 0.1246 
vt 0.486075 0.1246 
vt 0.47205 0.1154 
vt 0.486075 0.1155 
vt 0.47205 0.1067 
vt 0.486075 0.1068 
vt 0.47205 0.1004 
vt 0.486075 0.1005 
vt 0.47205 0.0932 
vt 0.486075 0.0932 
vt 0.47205 0.0881 
vt 0.486075 0.0882 
vt 0.486075 0.0856 
vt 0.486075 0.0882 
vt 0.47205 0.0881 
vt 0.47205 0.0856 
vt 0.486075 0.2111 
vt 0.47205 0.2111 
vt 0.47205 0.2082 
vt 0.486075 0.2082 
vt 0.486075 0.2082 
vt 0.47205 0.2082 
vt 0.47205 0.204 
vt 0.486075 0.204 
vt 0.486075 0.204 
vt 0.47205 0.204 
vt 0.47205 0.1962 
vt 0.486075 0.1962 
vt 0.42915 0.035 
vt 0.449625 0.0486 
vt 0.428775 0.0398 
vt 0.47235 0.0666 
vt 0.486375 0.0666 
vt 0.486375 0.0843 
vt 0.47235 0.0844 
vt 0.449475 0.0894 
vt 0.450825 0.1027 
vt 0.440925 0.1061 
vt 0.43815 0.0938 
vt 0.448725 0.0354 
vt 0.45585 0.0414 
vt 0.47235 0.0462 
vt 0.486375 0.0462 
vt 0.486375 0.0564 
vt 0.47235 0.0564 
vt 0.486375 0.0462 
vt 0.47235 0.0462 
vt 0.47235 0.0391 
vt 0.4521 0.1094 
vt 0.441375 0.1126 
vt 0.440925 0.1061 
vt 0.450825 0.1027 
vt 0.458625 0.1018 
vt 0.455325 0.097 
vt 0.4647 0.0904 
vt 0.46035 0.0872 
vt 0.468525 0.0767 
vt 0.4635 0.0755 
vt 0.46395 0.0637 
vt 0.468975 0.0627 
vt 0.465975 0.0474 
vt 0.461625 0.0505 
vt 0.45915 0.0364 
vt 0.45585 0.0414 
vt 0.450225 0.0289 
vt 0.448725 0.0354 
vt 0.44055 0.0257 
vt 0.43995 0.0323 
vt 0.43335 0.026 
vt 0.43485 0.0325 
vt 0.42555 0.0299 
vt 0.42915 0.035 
vt 0.423675 0.0408 
vt 0.423975 0.0331 
vt 0.42915 0.035 
vt 0.428775 0.0398 
vt 0.4227 0.098 
vt 0.4242 0.0936 
vt 0.427425 0.098 
vt 0.423 0.1045 
vt 0.4227 0.098 
vt 0.427425 0.098 
vt 0.427875 0.1021 
vt 0.432825 0.1116 
vt 0.424575 0.1074 
vt 0.427875 0.1021 
vt 0.43425 0.105 
vt 0.425175 0.0445 
vt 0.423675 0.0408 
vt 0.428775 0.0398 
vt 0.428775 0.0398 
vt 0.449625 0.0486 
vt 0.44415 0.053 
vt 0.425175 0.0445 
vt 0.449475 0.0894 
vt 0.43815 0.0938 
vt 0.43635 0.088 
vt 0.444 0.0848 
vt 0.4494 0.069 
vt 0.449475 0.0894 
vt 0.444 0.0848 
vt 0.444 0.0689 
vt 0.43485 0.0325 
vt 0.43995 0.0323 
vt 0.4635 0.0755 
vt 0.4494 0.069 
vt 0.46395 0.0637 
vt 0.455325 0.097 
vt 0.461625 0.0505 
vt 0.4494 0.069 
vt 0.486375 0.0666 
vt 0.47235 0.0666 
vt 0.449625 0.0486 
vt 0.44415 0.053 
vt 0.46035 0.0872 
vt 0.46035 0.0872 
vt 0.461625 0.0505 
vt 0.450975 0.1558 
vt 0.462525 0.1749 
vt 0.46215 0.1375 
vt 0.43425 0.105 
vt 0.432525 0.096 
vt 0.432525 0.096 
vt 0.4302 0.0904 
vt 0.486375 0.0337 
vt 0.47235 0.0336 
vt 0.492525 0.0337 
vt 0.42915 0.1357 
vt 0.429675 0.1315 
vt 0.427875 0.1021 
vt 0.427425 0.098 
vt 0.427425 0.098 
vt 0.4242 0.0936 
vt 0.486375 0.0282 
vt 0.47235 0.0282 
vt 0.489075 0.0293 
vt 0.421875 0.1343 
vt 0.420525 0.1297 
vt 0.420525 0.1297 
vt 0.421425 0.1265 

usemtl R6Bacon1Mtl

f 2726/2726/2726 2727/2727/2727 2728/2728/2728 
f 2726/2726/2726 2728/2728/2728 2729/2729/2729 
f 2730/2730/2730 2731/2731/2731 2732/2732/2732 
f 2730/2730/2730 2732/2732/2732 2733/2733/2733 
f 2734/2734/2734 2735/2735/2735 2736/2736/2736 
f 2734/2734/2734 2736/2736/2736 2737/2737/2737 
f 2738/2738/2738 2739/2739/2739 2740/2740/2740 
f 2738/2738/2738 2740/2740/2740 2741/2741/2741 
f 2742/2742/2742 2743/2743/2743 2744/2744/2744 
f 2742/2742/2742 2744/2744/2744 2745/2745/2745 
f 2746/2746/2746 2747/2747/2747 2748/2748/2748 
f 2746/2746/2746 2748/2748/2748 2749/2749/2749 
f 2750/2750/2750 2751/2751/2751 2752/2752/2752 
f 2750/2750/2750 2752/2752/2752 2753/2753/2753 
f 2754/2754/2754 2755/2755/2755 2756/2756/2756 
f 2754/2754/2754 2756/2756/2756 2757/2757/2757 
f 2758/2758/2758 2759/2759/2759 2760/2760/2760 
f 2758/2758/2758 2760/2760/2760 2761/2761/2761 
f 2759/2759/2759 2762/2762/2762 2763/2763/2763 
f 2759/2759/2759 2763/2763/2763 2760/2760/2760 
f 2762/2762/2762 2764/2764/2764 2765/2765/2765 
f 2762/2762/2762 2765/2765/2765 2763/2763/2763 
f 2766/2766/2766 2767/2767/2767 2768/2768/2768 
f 2766/2766/2766 2768/2768/2768 2769/2769/2769 
f 2770/2770/2770 2771/2771/2771 2772/2772/2772 
f 2770/2770/2770 2772/2772/2772 2773/2773/2773 
f 2771/2771/2771 2774/2774/2774 2775/2775/2775 
f 2771/2771/2771 2775/2775/2775 2772/2772/2772 
f 2774/2774/2774 2776/2776/2776 2777/2777/2777 
f 2774/2774/2774 2777/2777/2777 2775/2775/2775 
f 2776/2776/2776 2758/2758/2758 2761/2761/2761 
f 2776/2776/2776 2761/2761/2761 2777/2777/2777 
f 2778/2778/2778 2779/2779/2779 2780/2780/2780 
f 2779/2779/2779 2781/2781/2781 2780/2780/2780 
f 2781/2781/2781 2782/2782/2782 2783/2783/2783 
f 2781/2781/2781 2783/2783/2783 2780/2780/2780 
f 2784/2784/2784 2785/2785/2785 2786/2786/2786 
f 2784/2784/2784 2786/2786/2786 2780/2780/2780 
f 2786/2786/2786 2787/2787/2787 2780/2780/2780 
f 2788/2788/2788 2789/2789/2789 2790/2790/2790 
f 2791/2791/2791 2792/2792/2792 2793/2793/2793 
f 2794/2794/2794 2795/2795/2795 2796/2796/2796 
f 2758/2758/2758 2797/2797/2797 2798/2798/2798 
f 2758/2758/2758 2798/2798/2798 2759/2759/2759 
f 2759/2759/2759 2798/2798/2798 2799/2799/2799 
f 2759/2759/2759 2799/2799/2799 2762/2762/2762 
f 2762/2762/2762 2799/2799/2799 2800/2800/2800 
f 2762/2762/2762 2800/2800/2800 2764/2764/2764 
f 2766/2766/2766 2801/2801/2801 2802/2802/2802 
f 2766/2766/2766 2802/2802/2802 2767/2767/2767 
f 2770/2770/2770 2803/2803/2803 2804/2804/2804 
f 2770/2770/2770 2804/2804/2804 2771/2771/2771 
f 2771/2771/2771 2804/2804/2804 2805/2805/2805 
f 2771/2771/2771 2805/2805/2805 2774/2774/2774 
f 2774/2774/2774 2805/2805/2805 2806/2806/2806 
f 2774/2774/2774 2806/2806/2806 2776/2776/2776 
f 2776/2776/2776 2806/2806/2806 2797/2797/2797 
f 2776/2776/2776 2797/2797/2797 2758/2758/2758 
f 2807/2807/2807 2808/2808/2808 2809/2809/2809 
f 2807/2807/2807 2809/2809/2809 2810/2810/2810 
f 2811/2811/2811 2812/2812/2812 2813/2813/2813 
f 2811/2811/2811 2813/2813/2813 2814/2814/2814 
f 2815/2815/2815 2816/2816/2816 2817/2817/2817 
f 2815/2815/2815 2817/2817/2817 2818/2818/2818 
f 2819/2819/2819 2820/2820/2820 2821/2821/2821 
f 2819/2819/2819 2821/2821/2821 2822/2822/2822 
f 2823/2823/2823 2824/2824/2824 2825/2825/2825 
f 2826/2826/2826 2823/2823/2823 2825/2825/2825 
f 2825/2825/2825 2827/2827/2827 2826/2826/2826 
f 2828/2828/2828 2829/2829/2829 2825/2825/2825 
f 2830/2830/2830 2828/2828/2828 2825/2825/2825 
f 2831/2831/2831 2830/2830/2830 2825/2825/2825 
f 2832/2832/2832 2831/2831/2831 2825/2825/2825 
f 2824/2824/2824 2832/2832/2832 2825/2825/2825 
f 2833/2833/2833 2834/2834/2834 2835/2835/2835 
f 2833/2833/2833 2835/2835/2835 2836/2836/2836 
f 2837/2837/2837 2836/2836/2836 2835/2835/2835 
f 2837/2837/2837 2835/2835/2835 2838/2838/2838 
f 2839/2839/2839 2837/2837/2837 2838/2838/2838 
f 2839/2839/2839 2838/2838/2838 2840/2840/2840 
f 2841/2841/2841 2839/2839/2839 2840/2840/2840 
f 2841/2841/2841 2840/2840/2840 2842/2842/2842 
f 2843/2843/2843 2844/2844/2844 2845/2845/2845 
f 2843/2843/2843 2845/2845/2845 2846/2846/2846 
f 2847/2847/2847 2848/2848/2848 2849/2849/2849 
f 2847/2847/2847 2849/2849/2849 2850/2850/2850 
f 2851/2851/2851 2852/2852/2852 2853/2853/2853 
f 2851/2851/2851 2853/2853/2853 2854/2854/2854 
f 2855/2855/2855 2856/2856/2856 2857/2857/2857 
f 2855/2855/2855 2857/2857/2857 2858/2858/2858 
f 2859/2859/2859 2855/2855/2855 2858/2858/2858 
f 2859/2859/2859 2858/2858/2858 2860/2860/2860 
f 2833/2833/2833 2859/2859/2859 2860/2860/2860 
f 2833/2833/2833 2860/2860/2860 2834/2834/2834 
f 2861/2861/2861 2862/2862/2862 2863/2863/2863 
f 2861/2861/2861 2863/2863/2863 2864/2864/2864 
f 2865/2865/2865 2866/2866/2866 2867/2867/2867 
f 2865/2865/2865 2867/2867/2867 2868/2868/2868 
f 2869/2869/2869 2865/2865/2865 2868/2868/2868 
f 2869/2869/2869 2868/2868/2868 2870/2870/2870 
f 2856/2856/2856 2871/2871/2871 2872/2872/2872 
f 2856/2856/2856 2872/2872/2872 2857/2857/2857 
f 2873/2873/2873 2874/2874/2874 2803/2803/2803 
f 2873/2873/2873 2803/2803/2803 2770/2770/2770 
f 2875/2875/2875 2873/2873/2873 2770/2770/2770 
f 2875/2875/2875 2770/2770/2770 2773/2773/2773 
f 2876/2876/2876 2877/2877/2877 2878/2878/2878 
f 2876/2876/2876 2878/2878/2878 2879/2879/2879 
f 2880/2880/2880 2881/2881/2881 2882/2882/2882 
f 2880/2880/2880 2882/2882/2882 2883/2883/2883 
f 2884/2884/2884 2880/2880/2880 2883/2883/2883 
f 2884/2884/2884 2883/2883/2883 2885/2885/2885 
f 2886/2886/2886 2884/2884/2884 2885/2885/2885 
f 2886/2886/2886 2885/2885/2885 2887/2887/2887 
f 2888/2888/2888 2886/2886/2886 2887/2887/2887 
f 2888/2888/2888 2887/2887/2887 2889/2889/2889 
f 2890/2890/2890 2888/2888/2888 2889/2889/2889 
f 2890/2890/2890 2889/2889/2889 2891/2891/2891 
f 2892/2892/2892 2890/2890/2890 2891/2891/2891 
f 2892/2892/2892 2891/2891/2891 2893/2893/2893 
f 2894/2894/2894 2892/2892/2892 2893/2893/2893 
f 2894/2894/2894 2893/2893/2893 2895/2895/2895 
f 2896/2896/2896 2897/2897/2897 2894/2894/2894 
f 2896/2896/2896 2894/2894/2894 2895/2895/2895 
f 2898/2898/2898 2899/2899/2899 2900/2900/2900 
f 2898/2898/2898 2900/2900/2900 2901/2901/2901 
f 2902/2902/2902 2903/2903/2903 2904/2904/2904 
f 2902/2902/2902 2904/2904/2904 2905/2905/2905 
f 2906/2906/2906 2907/2907/2907 2908/2908/2908 
f 2909/2909/2909 2910/2910/2910 2911/2911/2911 
f 2912/2912/2912 2913/2913/2913 2914/2914/2914 
f 2912/2912/2912 2914/2914/2914 2915/2915/2915 
f 2802/2802/2802 2801/2801/2801 2916/2916/2916 
f 2802/2802/2802 2916/2916/2916 2917/2917/2917 
f 2918/2918/2918 2919/2919/2919 2815/2815/2815 
f 2918/2918/2918 2815/2815/2815 2818/2818/2818 
f 2920/2920/2920 2921/2921/2921 2819/2819/2819 
f 2920/2920/2920 2819/2819/2819 2822/2822/2822 
f 2867/2867/2867 2866/2866/2866 2922/2922/2922 
f 2867/2867/2867 2922/2922/2922 2923/2923/2923 
f 2800/2800/2800 2799/2799/2799 2924/2924/2924 
f 2800/2800/2800 2924/2924/2924 2925/2925/2925 
f 2799/2799/2799 2798/2798/2798 2926/2926/2926 
f 2799/2799/2799 2926/2926/2926 2924/2924/2924 
f 2798/2798/2798 2797/2797/2797 2927/2927/2927 
f 2798/2798/2798 2927/2927/2927 2926/2926/2926 
f 2806/2806/2806 2928/2928/2928 2927/2927/2927 
f 2806/2806/2806 2927/2927/2927 2797/2797/2797 
f 2806/2806/2806 2805/2805/2805 2929/2929/2929 
f 2806/2806/2806 2929/2929/2929 2928/2928/2928 
f 2805/2805/2805 2804/2804/2804 2930/2930/2930 
f 2805/2805/2805 2930/2930/2930 2929/2929/2929 
f 2804/2804/2804 2803/2803/2803 2931/2931/2931 
f 2804/2804/2804 2931/2931/2931 2930/2930/2930 
f 2803/2803/2803 2874/2874/2874 2932/2932/2932 
f 2803/2803/2803 2932/2932/2932 2931/2931/2931 
f 2933/2933/2933 2934/2934/2934 2935/2935/2935 
f 2933/2933/2933 2935/2935/2935 2936/2936/2936 
f 2937/2937/2937 2938/2938/2938 2933/2933/2933 
f 2937/2937/2937 2933/2933/2933 2936/2936/2936 
f 2930/2930/2930 2931/2931/2931 2939/2939/2939 
f 2930/2930/2930 2939/2939/2939 2940/2940/2940 
f 2929/2929/2929 2930/2930/2930 2940/2940/2940 
f 2929/2929/2929 2940/2940/2940 2941/2941/2941 
f 2928/2928/2928 2929/2929/2929 2941/2941/2941 
f 2928/2928/2928 2941/2941/2941 2942/2942/2942 
f 2927/2927/2927 2928/2928/2928 2942/2942/2942 
f 2927/2927/2927 2942/2942/2942 2943/2943/2943 
f 2926/2926/2926 2927/2927/2927 2943/2943/2943 
f 2926/2926/2926 2943/2943/2943 2944/2944/2944 
f 2924/2924/2924 2926/2926/2926 2944/2944/2944 
f 2924/2924/2924 2944/2944/2944 2945/2945/2945 
f 2925/2925/2925 2924/2924/2924 2945/2945/2945 
f 2925/2925/2925 2945/2945/2945 2946/2946/2946 
f 2923/2923/2923 2922/2922/2922 2947/2947/2947 
f 2923/2923/2923 2947/2947/2947 2948/2948/2948 
f 2949/2949/2949 2950/2950/2950 2921/2921/2921 
f 2949/2949/2949 2921/2921/2921 2920/2920/2920 
f 2951/2951/2951 2952/2952/2952 2919/2919/2919 
f 2951/2951/2951 2919/2919/2919 2918/2918/2918 
f 2917/2917/2917 2916/2916/2916 2953/2953/2953 
f 2917/2917/2917 2953/2953/2953 2954/2954/2954 
f 2931/2931/2931 2932/2932/2932 2955/2955/2955 
f 2931/2931/2931 2955/2955/2955 2939/2939/2939 
f 2956/2956/2956 2869/2869/2869 2870/2870/2870 
f 2956/2956/2956 2870/2870/2870 2957/2957/2957 
f 2763/2763/2763 2765/2765/2765 2958/2958/2958 
f 2763/2763/2763 2958/2958/2958 2959/2959/2959 
f 2760/2760/2760 2763/2763/2763 2959/2959/2959 
f 2760/2760/2760 2959/2959/2959 2960/2960/2960 
f 2761/2761/2761 2760/2760/2760 2960/2960/2960 
f 2761/2761/2761 2960/2960/2960 2961/2961/2961 
f 2777/2777/2777 2761/2761/2761 2961/2961/2961 
f 2777/2777/2777 2961/2961/2961 2962/2962/2962 
f 2775/2775/2775 2777/2777/2777 2962/2962/2962 
f 2775/2775/2775 2962/2962/2962 2963/2963/2963 
f 2772/2772/2772 2775/2775/2775 2963/2963/2963 
f 2772/2772/2772 2963/2963/2963 2964/2964/2964 
f 2773/2773/2773 2772/2772/2772 2964/2964/2964 
f 2773/2773/2773 2964/2964/2964 2965/2965/2965 
f 2966/2966/2966 2875/2875/2875 2773/2773/2773 
f 2966/2966/2966 2773/2773/2773 2965/2965/2965 
f 2769/2769/2769 2768/2768/2768 2967/2967/2967 
f 2769/2769/2769 2967/2967/2967 2968/2968/2968 
f 2969/2969/2969 2970/2970/2970 2971/2971/2971 
f 2969/2969/2969 2971/2971/2971 2972/2972/2972 
f 2970/2970/2970 2973/2973/2973 2974/2974/2974 
f 2970/2970/2970 2974/2974/2974 2971/2971/2971 
f 2973/2973/2973 2975/2975/2975 2976/2976/2976 
f 2973/2973/2973 2976/2976/2976 2974/2974/2974 
f 2975/2975/2975 2977/2977/2977 2978/2978/2978 
f 2975/2975/2975 2978/2978/2978 2976/2976/2976 
f 2979/2979/2979 2980/2980/2980 2978/2978/2978 
f 2979/2979/2979 2978/2978/2978 2977/2977/2977 
f 2979/2979/2979 2981/2981/2981 2982/2982/2982 
f 2979/2979/2979 2982/2982/2982 2980/2980/2980 
f 2981/2981/2981 2983/2983/2983 2984/2984/2984 
f 2981/2981/2981 2984/2984/2984 2982/2982/2982 
f 2983/2983/2983 2985/2985/2985 2986/2986/2986 
f 2983/2983/2983 2986/2986/2986 2984/2984/2984 
f 2985/2985/2985 2987/2987/2987 2988/2988/2988 
f 2985/2985/2985 2988/2988/2988 2986/2986/2986 
f 2987/2987/2987 2989/2989/2989 2990/2990/2990 
f 2987/2987/2987 2990/2990/2990 2988/2988/2988 
f 2989/2989/2989 2991/2991/2991 2992/2992/2992 
f 2989/2989/2989 2992/2992/2992 2990/2990/2990 
f 2991/2991/2991 2993/2993/2993 2994/2994/2994 
f 2991/2991/2991 2994/2994/2994 2992/2992/2992 
f 2995/2995/2995 2996/2996/2996 2997/2997/2997 
f 2995/2995/2995 2997/2997/2997 2998/2998/2998 
f 2999/2999/2999 3000/3000/3000 3001/3001/3001 
f 3000/3000/3000 2969/2969/2969 2972/2972/2972 
f 3000/3000/3000 2972/2972/2972 3001/3001/3001 
f 3002/3002/3002 3003/3003/3003 3004/3004/3004 
f 3005/3005/3005 3006/3006/3006 3007/3007/3007 
f 3005/3005/3005 3007/3007/3007 3008/3008/3008 
f 3009/3009/3009 3004/3004/3004 3010/3010/3010 
f 3011/3011/3011 3012/3012/3012 3013/3013/3013 
f 3011/3011/3011 3013/3013/3013 3014/3014/3014 
f 3015/3015/3015 3016/3016/3016 3017/3017/3017 
f 3015/3015/3015 3017/3017/3017 3018/3018/3018 
f 3019/3019/3019 3020/3020/3020 3021/3021/3021 
f 3019/3019/3019 3021/3021/3021 3022/3022/3022 
f 3023/3023/3023 3024/3024/3024 3020/3020/3020 
f 3023/3023/3023 3020/3020/3020 3019/3019/3019 
f 3025/3025/3025 3026/3026/3026 3024/3024/3024 
f 3025/3025/3025 3024/3024/3024 3023/3023/3023 
f 3027/3027/3027 3028/3028/3028 3026/3026/3026 
f 3027/3027/3027 3026/3026/3026 3025/3025/3025 
f 3027/3027/3027 3029/3029/3029 3030/3030/3030 
f 3027/3027/3027 3030/3030/3030 3028/3028/3028 
f 3031/3031/3031 3032/3032/3032 3030/3030/3030 
f 3031/3031/3031 3030/3030/3030 3029/3029/3029 
f 3033/3033/3033 3034/3034/3034 3032/3032/3032 
f 3033/3033/3033 3032/3032/3032 3031/3031/3031 
f 3035/3035/3035 3036/3036/3036 3034/3034/3034 
f 3035/3035/3035 3034/3034/3034 3033/3033/3033 
f 3037/3037/3037 3038/3038/3038 3036/3036/3036 
f 3037/3037/3037 3036/3036/3036 3035/3035/3035 
f 3039/3039/3039 3040/3040/3040 3038/3038/3038 
f 3039/3039/3039 3038/3038/3038 3037/3037/3037 
f 3041/3041/3041 3042/3042/3042 3040/3040/3040 
f 3041/3041/3041 3040/3040/3040 3039/3039/3039 
f 3043/3043/3043 3044/3044/3044 3045/3045/3045 
f 3043/3043/3043 3045/3045/3045 3046/3046/3046 
f 3047/3047/3047 3048/3048/3048 3049/3049/3049 
f 3047/3047/3047 3049/3049/3049 3050/3050/3050 
f 3051/3051/3051 3052/3052/3052 3053/3053/3053 
f 3051/3051/3051 3053/3053/3053 3054/3054/3054 
f 3055/3055/3055 3056/3056/3056 3057/3057/3057 
f 3055/3055/3055 3057/3057/3057 3058/3058/3058 
f 3022/3022/3022 3021/3021/3021 3056/3056/3056 
f 3022/3022/3022 3056/3056/3056 3055/3055/3055 
f 3059/3059/3059 3060/3060/3060 3061/3061/3061 
f 3062/3062/3062 3063/3063/3063 3064/3064/3064 
f 3062/3062/3062 3064/3064/3064 3065/3065/3065 
f 3066/3066/3066 3067/3067/3067 3068/3068/3068 
f 3066/3066/3066 3068/3068/3068 3069/3069/3069 
f 3070/3070/3070 3071/3071/3071 3072/3072/3072 
f 3070/3070/3070 3072/3072/3072 3073/3073/3073 
f 3009/3009/3009 3074/3074/3074 3075/3075/3075 
f 3009/3009/3009 3075/3075/3075 3004/3004/3004 
f 3076/3076/3076 3077/3077/3077 3078/3078/3078 
f 3079/3079/3079 3080/3080/3080 3081/3081/3081 
f 3079/3079/3079 3081/3081/3081 3082/3082/3082 
f 3079/3079/3079 3082/3082/3082 3083/3083/3083 
f 3084/3084/3084 3078/3078/3078 3077/3077/3077 
f 3075/3075/3075 3002/3002/3002 3004/3004/3004 
f 3085/3085/3085 3086/3086/3086 3087/3087/3087 
f 3085/3085/3085 3087/3087/3087 3088/3088/3088 
f 3012/3012/3012 3089/3089/3089 3090/3090/3090 
f 3012/3012/3012 3090/3090/3090 3013/3013/3013 
f 3091/3091/3091 3092/3092/3092 3071/3071/3071 
f 3091/3091/3091 3071/3071/3071 3070/3070/3070 
f 3093/3093/3093 3094/3094/3094 3095/3095/3095 
f 3093/3093/3093 3095/3095/3095 3096/3096/3096 
f 3096/3096/3096 3095/3095/3095 3097/3097/3097 
f 3096/3096/3096 3097/3097/3097 3098/3098/3098 
f 3098/3098/3098 3097/3097/3097 3099/3099/3099 
f 3098/3098/3098 3099/3099/3099 3100/3100/3100 
f 3100/3100/3100 3099/3099/3099 3101/3101/3101 
f 3100/3100/3100 3101/3101/3101 3102/3102/3102 
f 3103/3103/3103 3102/3102/3102 3101/3101/3101 
f 3103/3103/3103 3101/3101/3101 3104/3104/3104 
f 3103/3103/3103 3104/3104/3104 3105/3105/3105 
f 3103/3103/3103 3105/3105/3105 3106/3106/3106 
f 3106/3106/3106 3105/3105/3105 3107/3107/3107 
f 3106/3106/3106 3107/3107/3107 3108/3108/3108 
f 3108/3108/3108 3107/3107/3107 3109/3109/3109 
f 3108/3108/3108 3109/3109/3109 3110/3110/3110 
f 3110/3110/3110 3109/3109/3109 3111/3111/3111 
f 3110/3110/3110 3111/3111/3111 3112/3112/3112 
f 3112/3112/3112 3111/3111/3111 3113/3113/3113 
f 3112/3112/3112 3113/3113/3113 3114/3114/3114 
f 3114/3114/3114 3113/3113/3113 3115/3115/3115 
f 3114/3114/3114 3115/3115/3115 3116/3116/3116 
f 3116/3116/3116 3115/3115/3115 3117/3117/3117 
f 3116/3116/3116 3117/3117/3117 3118/3118/3118 
f 3119/3119/3119 3120/3120/3120 3121/3121/3121 
f 3119/3119/3119 3121/3121/3121 3122/3122/3122 
f 3123/3123/3123 3124/3124/3124 3125/3125/3125 
f 3123/3123/3123 3125/3125/3125 3126/3126/3126 
f 3127/3127/3127 3128/3128/3128 3129/3129/3129 
f 3127/3127/3127 3129/3129/3129 3130/3130/3130 
f 3131/3131/3131 3132/3132/3132 3133/3133/3133 
f 3131/3131/3131 3133/3133/3133 3134/3134/3134 
f 3134/3134/3134 3133/3133/3133 3094/3094/3094 
f 3134/3134/3134 3094/3094/3094 3093/3093/3093 
f 3135/3135/3135 3136/3136/3136 3137/3137/3137 
f 3138/3138/3138 3139/3139/3139 3140/3140/3140 
f 3138/3138/3138 3140/3140/3140 3141/3141/3141 
f 3142/3142/3142 3143/3143/3143 3144/3144/3144 
f 3142/3142/3142 3144/3144/3144 3145/3145/3145 
f 3146/3146/3146 3147/3147/3147 3136/3136/3136 
f 3148/3148/3148 3149/3149/3149 3150/3150/3150 
f 3148/3148/3148 3150/3150/3150 3151/3151/3151 
f 3015/3015/3015 3152/3152/3152 3153/3153/3153 
f 3015/3015/3015 3153/3153/3153 3154/3154/3154 
f 3155/3155/3155 3156/3156/3156 3157/3157/3157 
f 3155/3155/3155 3157/3157/3157 3158/3158/3158 
f 3159/3159/3159 3155/3155/3155 3158/3158/3158 
f 3159/3159/3159 3158/3158/3158 3160/3160/3160 
f 3161/3161/3161 3159/3159/3159 3160/3160/3160 
f 3161/3161/3161 3160/3160/3160 3162/3162/3162 
f 3163/3163/3163 3161/3161/3161 3162/3162/3162 
f 3163/3163/3163 3162/3162/3162 3164/3164/3164 
f 3163/3163/3163 3164/3164/3164 3165/3165/3165 
f 3163/3163/3163 3165/3165/3165 3166/3166/3166 
f 3167/3167/3167 3166/3166/3166 3165/3165/3165 
f 3167/3167/3167 3165/3165/3165 3168/3168/3168 
f 3169/3169/3169 3167/3167/3167 3168/3168/3168 
f 3169/3169/3169 3168/3168/3168 3170/3170/3170 
f 3171/3171/3171 3169/3169/3169 3170/3170/3170 
f 3171/3171/3171 3170/3170/3170 3172/3172/3172 
f 3173/3173/3173 3171/3171/3171 3172/3172/3172 
f 3173/3173/3173 3172/3172/3172 3174/3174/3174 
f 3175/3175/3175 3173/3173/3173 3174/3174/3174 
f 3175/3175/3175 3174/3174/3174 3176/3176/3176 
f 3177/3177/3177 3175/3175/3175 3176/3176/3176 
f 3177/3177/3177 3176/3176/3176 3178/3178/3178 
f 3179/3179/3179 3180/3180/3180 3181/3181/3181 
f 3179/3179/3179 3181/3181/3181 3182/3182/3182 
f 3183/3183/3183 3184/3184/3184 3185/3185/3185 
f 3186/3186/3186 3187/3187/3187 3188/3188/3188 
f 3186/3186/3186 3188/3188/3188 3189/3189/3189 
f 3190/3190/3190 3191/3191/3191 3192/3192/3192 
f 3190/3190/3190 3192/3192/3192 3193/3193/3193 
f 3156/3156/3156 3190/3190/3190 3193/3193/3193 
f 3156/3156/3156 3193/3193/3193 3157/3157/3157 
f 3194/3194/3194 3195/3195/3195 3196/3196/3196 
f 3197/3197/3197 3198/3198/3198 3199/3199/3199 
f 3197/3197/3197 3199/3199/3199 3200/3200/3200 
f 3201/3201/3201 3202/3202/3202 3203/3203/3203 
f 3201/3201/3201 3203/3203/3203 3204/3204/3204 
f 3205/3205/3205 3206/3206/3206 3207/3207/3207 
f 3205/3205/3205 3207/3207/3207 3208/3208/3208 
f 3146/3146/3146 3136/3136/3136 3209/3209/3209 
f 3146/3146/3146 3209/3209/3209 3210/3210/3210 
f 3211/3211/3211 3212/3212/3212 3213/3213/3213 
f 3142/3142/3142 3214/3214/3214 3143/3143/3143 
f 3136/3136/3136 3147/3147/3147 3215/3215/3215 
f 3136/3136/3136 3215/3215/3215 3216/3216/3216 
f 3209/3209/3209 3136/3136/3136 3135/3135/3135 
f 3151/3151/3151 3150/3150/3150 3217/3217/3217 
f 3151/3151/3151 3217/3217/3217 3218/3218/3218 
f 3219/3219/3219 3205/3205/3205 3208/3208/3208 
f 3219/3219/3219 3208/3208/3208 3220/3220/3220 
f 3221/3221/3221 3212/3212/3212 3211/3211/3211 
f 3142/3142/3142 3212/3212/3212 3222/3222/3222 
f 3142/3142/3142 3222/3222/3222 3214/3214/3214 
f 3212/3212/3212 3223/3223/3223 3213/3213/3213 
f 3004/3004/3004 3224/3224/3224 3225/3225/3225 
f 3004/3004/3004 3225/3225/3225 3010/3010/3010 
f 3078/3078/3078 3226/3226/3226 3076/3076/3076 
f 3079/3079/3079 3088/3088/3088 3087/3087/3087 
f 3079/3079/3079 3087/3087/3087 3080/3080/3080 
f 3145/3145/3145 3144/3144/3144 3227/3227/3227 
f 3145/3145/3145 3227/3227/3227 3228/3228/3228 
f 3203/3203/3203 3202/3202/3202 3229/3229/3229 
f 3203/3203/3203 3229/3229/3229 3230/3230/3230 
f 3231/3231/3231 3015/3015/3015 3154/3154/3154 
f 3231/3231/3231 3154/3154/3154 3232/3232/3232 
f 3231/3231/3231 3233/3233/3233 3016/3016/3016 
f 3231/3231/3231 3016/3016/3016 3015/3015/3015 
f 3069/3069/3069 3068/3068/3068 3234/3234/3234 
f 3069/3069/3069 3234/3234/3234 3235/3235/3235 
f 3228/3228/3228 3227/3227/3227 3236/3236/3236 
f 3228/3228/3228 3236/3236/3236 3237/3237/3237 
f 3230/3230/3230 3229/3229/3229 3238/3238/3238 
f 3230/3230/3230 3238/3238/3238 3239/3239/3239 
f 3240/3240/3240 3231/3231/3231 3232/3232/3232 
f 3240/3240/3240 3232/3232/3232 3241/3241/3241 
f 3240/3240/3240 3242/3242/3242 3233/3233/3233 
f 3240/3240/3240 3233/3233/3233 3231/3231/3231 
f 3235/3235/3235 3234/3234/3234 3243/3243/3243 
f 3235/3235/3235 3243/3243/3243 3244/3244/3244 
f 3245/3245/3245 3246/3246/3246 3086/3086/3086 
f 3245/3245/3245 3086/3086/3086 3085/3085/3085 

g R6Bacon5

v -5.2865 2.0111 17.5014 
v -5.2865 2.2852 17.5014 
v -5.2034 2.2852 17.5014 
v -5.2034 2.0111 17.5014 
v -5.1643 2.0111 18.5061 
v -5.1639 2.0112 17.5337 
v -5.1644 2.2852 17.5335 
v -5.1642 2.2852 18.5061 
v -5.712 2.0111 18.5388 
v -5.712 2.2853 18.5388 
v -6 2.2853 18.5388 
v -6 2.0111 18.5388 
v -5.2034 2.0111 17.5014 
v -5.2034 2.2852 17.5014 
v -5.1644 2.2852 17.5335 
v -5.1639 2.0112 17.5337 
v -5.1643 2.0111 18.5061 
v -5.1642 2.2852 18.5061 
v -5.2035 2.2852 18.5387 
v -5.2035 2.0111 18.5387 
v -5.475 2.2853 17.5014 
v -5.475 2.0111 17.5014 
v -5.712 2.0111 17.5014 
v -5.712 2.2853 17.5014 
v -5.2866 2.2853 18.5388 
v -5.2866 2.0111 18.5388 
v -5.2035 2.0111 18.5387 
v -5.2035 2.2852 18.5387 
v -5.475 2.2853 18.5388 
v -5.475 2.0111 18.5388 
v -6 2.0111 17.5014 
v -6 2.2853 17.5014 
v -5.2865 2.3568 17.5252 
v -5.2304 2.3568 17.5252 
v -5.1925 2.3568 17.5573 
v -5.1925 2.3568 18.4552 
v -5.1642 2.2852 18.5061 
v -5.1644 2.2852 17.5335 
v -5.712 2.3568 18.4898 
v -6 2.3568 18.4898 
v -6 2.2853 18.5388 
v -5.712 2.2853 18.5388 
v -5.2304 2.3568 17.5252 
v -5.1925 2.3568 17.5573 
v -5.1644 2.2852 17.5335 
v -5.2034 2.2852 17.5014 
v -5.1925 2.3568 18.4552 
v -5.2304 2.3568 18.4898 
v -5.2035 2.2852 18.5387 
v -5.1642 2.2852 18.5061 
v -5.712 2.3568 17.5252 
v -5.475 2.3568 17.5252 
v -5.2304 2.3568 18.4898 
v -5.2866 2.3568 18.4898 
v -5.2866 2.2853 18.5388 
v -5.2035 2.2852 18.5387 
v -5.475 2.3568 18.4898 
v -5.475 2.2853 18.5388 
v -6 2.3568 17.5252 
v -6.7135 2.0111 17.5014 
v -6.7966 2.0111 17.5014 
v -6.7966 2.2852 17.5014 
v -6.7135 2.2852 17.5014 
v -6.8357 2.0111 18.5061 
v -6.8358 2.2852 18.5061 
v -6.8356 2.2852 17.5335 
v -6.8361 2.0112 17.5337 
v -6.288 2.0111 18.5388 
v -6.288 2.2853 18.5388 
v -6.7966 2.0111 17.5014 
v -6.8361 2.0112 17.5337 
v -6.8356 2.2852 17.5335 
v -6.7966 2.2852 17.5014 
v -6.8357 2.0111 18.5061 
v -6.7965 2.0111 18.5387 
v -6.7965 2.2852 18.5387 
v -6.8358 2.2852 18.5061 
v -6.525 2.2853 17.5014 
v -6.288 2.2853 17.5014 
v -6.288 2.0111 17.5014 
v -6.525 2.0111 17.5014 
v -6.7134 2.2853 18.5388 
v -6.7965 2.2852 18.5387 
v -6.7965 2.0111 18.5387 
v -6.7134 2.0111 18.5388 
v -6.525 2.2853 18.5388 
v -6.525 2.0111 18.5388 
v -6.7135 2.3568 17.5252 
v -6.7696 2.3568 17.5252 
v -6.8075 2.3568 17.5573 
v -6.8356 2.2852 17.5335 
v -6.8358 2.2852 18.5061 
v -6.8075 2.3568 18.4552 
v -6.288 2.3568 18.4898 
v -6.288 2.2853 18.5388 
v -6.7696 2.3568 17.5252 
v -6.7966 2.2852 17.5014 
v -6.8356 2.2852 17.5335 
v -6.8075 2.3568 17.5573 
v -6.8075 2.3568 18.4552 
v -6.8358 2.2852 18.5061 
v -6.7965 2.2852 18.5387 
v -6.7696 2.3568 18.4898 
v -6.288 2.3568 17.5252 
v -6.525 2.3568 17.5252 
v -6.7696 2.3568 18.4898 
v -6.7965 2.2852 18.5387 
v -6.7134 2.2853 18.5388 
v -6.7134 2.3568 18.4898 
v -6.525 2.2853 18.5388 
v -6.525 2.3568 18.4898 
v -6 2.8101 17.5252 
v -5.712 2.8101 17.5252 
v -5.1925 2.3568 18.4552 
v -5.1925 2.3568 17.5573 
v -5.1925 2.6791 17.5573 
v -5.1925 2.6791 18.4552 
v -5.2866 2.3568 18.4898 
v -5.2304 2.3568 18.4898 
v -5.2304 2.6942 18.4898 
v -5.2866 2.6942 18.4898 
v -5.2304 2.3568 18.4898 
v -5.1925 2.3568 18.4552 
v -5.1925 2.6791 18.4552 
v -5.2304 2.6942 18.4898 
v -5.1925 2.3568 17.5573 
v -5.2304 2.3568 17.5252 
v -5.2304 2.781 17.5252 
v -5.1925 2.6791 17.5573 
v -5.2865 2.797 17.5252 
v -5.2304 2.781 17.5252 
v -5.712 2.3568 18.4898 
v -5.475 2.3568 18.4898 
v -5.475 2.6942 18.4898 
v -5.712 2.6942 18.4898 
v -5.475 2.8101 17.5252 
v -6 2.3568 18.4898 
v -6 2.6942 18.4898 
v -6.288 2.8101 17.5252 
v -6.8075 2.3568 17.5573 
v -6.8075 2.3568 18.4552 
v -6.8075 2.6791 18.4552 
v -6.8075 2.6791 17.5573 
v -6.7696 2.3568 18.4898 
v -6.7134 2.3568 18.4898 
v -6.7134 2.6942 18.4898 
v -6.7696 2.6942 18.4898 
v -6.8075 2.3568 18.4552 
v -6.7696 2.3568 18.4898 
v -6.7696 2.6942 18.4898 
v -6.8075 2.6791 18.4552 
v -6.7696 2.3568 17.5252 
v -6.8075 2.3568 17.5573 
v -6.8075 2.6791 17.5573 
v -6.7696 2.781 17.5252 
v -6.7696 2.781 17.5252 
v -6.7135 2.797 17.5252 
v -6.525 2.3568 18.4898 
v -6.288 2.3568 18.4898 
v -6.288 2.6942 18.4898 
v -6.525 2.6942 18.4898 
v -6.525 2.8101 17.5252 
v -5.712 2.8101 17.5252 
v -6 2.8101 17.5252 
v -6 2.8836 17.4746 
v -5.7121 2.8836 17.4746 
v -5.1925 2.6791 18.4552 
v -5.1925 2.6791 17.5573 
v -5.0805 2.8192 17.5067 
v -5.0805 2.8191 18.4828 
v -5.1189 2.8191 18.5174 
v -5.2867 2.8191 18.5174 
v -5.2304 2.6942 18.4898 
v -5.1925 2.6791 18.4552 
v -5.0805 2.8191 18.4828 
v -5.1189 2.8191 18.5174 
v -5.1925 2.6791 17.5573 
v -5.2304 2.781 17.5252 
v -5.1189 2.8589 17.4746 
v -5.0805 2.8192 17.5067 
v -5.2865 2.797 17.5252 
v -5.2867 2.8759 17.4746 
v -5.475 2.8191 18.5174 
v -5.712 2.8191 18.5174 
v -5.475 2.8101 17.5252 
v -5.475 2.8805 17.4746 
v -6 2.8191 18.5174 
v -6.288 2.8101 17.5252 
v -6.2879 2.8836 17.4746 
v -6.8075 2.6791 17.5573 
v -6.8075 2.6791 18.4552 
v -6.9195 2.8191 18.4828 
v -6.9195 2.8192 17.5067 
v -6.7133 2.8191 18.5174 
v -6.8811 2.8191 18.5174 
v -6.8075 2.6791 18.4552 
v -6.7696 2.6942 18.4898 
v -6.8811 2.8191 18.5174 
v -6.9195 2.8191 18.4828 
v -6.7696 2.781 17.5252 
v -6.8075 2.6791 17.5573 
v -6.9195 2.8192 17.5067 
v -6.8811 2.8589 17.4746 
v -6.7135 2.797 17.5252 
v -6.7696 2.781 17.5252 
v -6.7133 2.8759 17.4746 
v -6.288 2.8191 18.5174 
v -6.525 2.8191 18.5174 
v -6.525 2.8101 17.5252 
v -6.525 2.8805 17.4746 
v -5.7121 2.8836 17.4746 
v -6 2.8836 17.4746 
v -6 3.057 17.4479 
v -5.7121 3.057 17.4479 
v -5.0805 2.8191 18.4828 
v -5.0805 2.8192 17.5067 
v -5.0805 3.0249 17.48 
v -5.0805 3.0249 18.4828 
v -5.1189 3.0249 18.5174 
v -5.2867 3.0249 18.5174 
v -5.1189 2.8191 18.5174 
v -5.0805 2.8191 18.4828 
v -5.0805 3.0249 18.4828 
v -5.1189 3.0249 18.5174 
v -5.0805 2.8192 17.5067 
v -5.1189 2.8589 17.4746 
v -5.1189 3.0447 17.4479 
v -5.0805 3.0249 17.48 
v -5.1189 2.8589 17.4746 
v -5.2867 2.8759 17.4746 
v -5.2867 3.0531 17.4479 
v -5.1189 3.0447 17.4479 
v -5.475 3.0249 18.5174 
v -5.712 3.0249 18.5174 
v -5.475 2.8805 17.4746 
v -5.475 3.0554 17.4479 
v -6 3.0249 18.5174 
v -6.2879 2.8836 17.4746 
v -6.2879 3.057 17.4479 
v -6.9195 2.8192 17.5067 
v -6.9195 2.8191 18.4828 
v -6.9195 3.0249 18.4828 
v -6.9195 3.0249 17.48 
v -6.7133 3.0249 18.5174 
v -6.8811 3.0249 18.5174 
v -6.9195 2.8191 18.4828 
v -6.8811 2.8191 18.5174 
v -6.8811 3.0249 18.5174 
v -6.9195 3.0249 18.4828 
v -6.8811 2.8589 17.4746 
v -6.9195 2.8192 17.5067 
v -6.9195 3.0249 17.48 
v -6.8811 3.0447 17.4479 
v -6.7133 2.8759 17.4746 
v -6.8811 2.8589 17.4746 
v -6.8811 3.0447 17.4479 
v -6.7133 3.0531 17.4479 
v -6.288 3.0249 18.5174 
v -6.525 3.0249 18.5174 
v -6.525 2.8805 17.4746 
v -6.525 3.0554 17.4479 
v -6.8811 3.5017 17.4746 
v -6.9195 3.5017 17.5067 
v -6.9195 3.6049 17.5582 
v -6.8811 3.6208 17.5303 
v -6.7133 3.5349 17.4746 
v -6.8811 3.5017 17.4746 
v -6.8811 3.6208 17.5303 
v -6.7133 3.654 17.5303 
v -6.525 3.5565 17.4746 
v -6.525 3.6756 17.5303 
v -6.2879 3.5663 17.4746 
v -6.2879 3.6854 17.5303 
v -6 3.5663 17.4746 
v -6 3.6854 17.5303 
v -5.7121 3.5663 17.4746 
v -5.7121 3.6854 17.5303 
v -5.475 3.5565 17.4746 
v -5.475 3.6756 17.5303 
v -5.2867 3.5349 17.4746 
v -5.2867 3.654 17.5303 
v -5.1189 3.5017 17.4746 
v -5.1189 3.6208 17.5303 
v -5.0805 3.5017 17.5067 
v -5.1189 3.5017 17.4746 
v -5.1189 3.6208 17.5303 
v -5.0805 3.6049 17.5582 
v -5.0805 3.5423 18.4828 
v -5.0805 3.5017 17.5067 
v -5.0805 3.6049 17.5582 
v -5.0805 3.6658 18.4718 
v -5.1189 3.5423 18.5174 
v -5.0805 3.5423 18.4828 
v -5.0805 3.6658 18.4718 
v -5.1189 3.6658 18.5065 
v -5.2867 3.5756 18.5174 
v -5.1189 3.5423 18.5174 
v -5.1189 3.6658 18.5065 
v -5.2867 3.699 18.5065 
v -5.475 3.5971 18.5174 
v -5.475 3.7206 18.5065 
v -5.712 3.6069 18.5174 
v -5.712 3.7304 18.5065 
v -6 3.6069 18.5174 
v -6 3.7304 18.5065 
v -6.288 3.6069 18.5174 
v -6.288 3.7304 18.5065 
v -6.525 3.5971 18.5174 
v -6.525 3.7206 18.5065 
v -6.7133 3.5756 18.5174 
v -6.7133 3.699 18.5065 
v -6.8811 3.5423 18.5174 
v -6.8811 3.6658 18.5065 
v -6.9195 3.5423 18.4828 
v -6.8811 3.5423 18.5174 
v -6.8811 3.6658 18.5065 
v -6.9195 3.6658 18.4718 
v -6.9195 3.5017 17.5067 
v -6.9195 3.5423 18.4828 
v -6.9195 3.6658 18.4718 
v -6.9195 3.6049 17.5582 
v -6 3.797 17.6109 
v -5.7121 3.797 17.6109 
v -5.0805 3.708 17.6317 
v -5.0805 3.7422 18.4416 
v -5.1189 3.7532 18.4762 
v -5.2867 3.7865 18.4762 
v -5.0805 3.7422 18.4416 
v -5.1189 3.7532 18.4762 
v -5.1189 3.7324 17.6109 
v -5.0805 3.708 17.6317 
v -5.2867 3.7656 17.6109 
v -5.1189 3.7324 17.6109 
v -5.475 3.808 18.4762 
v -5.712 3.8178 18.4762 
v -5.475 3.7872 17.6109 
v -6 3.8178 18.4762 
v -6.2879 3.797 17.6109 
v -6.9195 3.7422 18.4416 
v -6.9195 3.708 17.6317 
v -6.7133 3.7865 18.4762 
v -6.8811 3.7532 18.4762 
v -6.8811 3.7532 18.4762 
v -6.9195 3.7422 18.4416 
v -6.9195 3.708 17.6317 
v -6.8811 3.7324 17.6109 
v -6.8811 3.7324 17.6109 
v -6.7133 3.7656 17.6109 
v -6.288 3.8178 18.4762 
v -6.525 3.808 18.4762 
v -6.525 3.7872 17.6109 
v -6 3.8783 17.7233 
v -5.7121 3.8783 17.7233 
v -5.0805 3.7889 17.7429 
v -5.0805 3.7889 18.3984 
v -5.2867 3.7865 18.4762 
v -5.1189 3.7532 18.4762 
v -5.1189 3.8137 18.4224 
v -5.2867 3.8469 18.4224 
v -5.0805 3.7889 18.3984 
v -5.1189 3.8137 18.4224 
v -5.1189 3.8138 17.7233 
v -5.0805 3.7889 17.7429 
v -5.2867 3.847 17.7233 
v -5.1189 3.8138 17.7233 
v -5.712 3.8178 18.4762 
v -5.475 3.808 18.4762 
v -5.475 3.8685 18.4224 
v -5.712 3.8782 18.4224 
v -5.475 3.8685 17.7233 
v -6 3.8178 18.4762 
v -6 3.8782 18.4224 
v -6.2879 3.8783 17.7233 
v -6.9195 3.7889 18.3984 
v -6.9195 3.7889 17.7429 
v -6.8811 3.7532 18.4762 
v -6.7133 3.7865 18.4762 
v -6.7133 3.8469 18.4224 
v -6.8811 3.8137 18.4224 
v -6.8811 3.8137 18.4224 
v -6.9195 3.7889 18.3984 
v -6.9195 3.7889 17.7429 
v -6.8811 3.8138 17.7233 
v -6.8811 3.8138 17.7233 
v -6.7133 3.847 17.7233 
v -6.525 3.808 18.4762 
v -6.288 3.8178 18.4762 
v -6.288 3.8782 18.4224 
v -6.525 3.8685 18.4224 
v -6.525 3.8685 17.7233 
v -6.8811 3.8138 17.7233 
v -6.9195 3.7889 17.7429 
v -6.9195 3.7889 18.3984 
v -6.8811 3.8137 18.4224 
v -5.0805 3.7889 17.7429 
v -5.1189 3.8138 17.7233 
v -5.1189 3.8137 18.4224 
v -5.0805 3.7889 18.3984 
v -5.1189 3.8138 17.7233 
v -5.2867 3.847 17.7233 
v -5.2867 3.8469 18.4224 
v -5.1189 3.8137 18.4224 
v -5.475 3.8685 17.7233 
v -5.475 3.8685 18.4224 
v -5.7121 3.8783 17.7233 
v -5.712 3.8782 18.4224 
v -6 3.8783 17.7233 
v -6 3.8782 18.4224 
v -6.2879 3.8783 17.7233 
v -6.288 3.8782 18.4224 
v -6.525 3.8685 17.7233 
v -6.525 3.8685 18.4224 
v -6.7133 3.847 17.7233 
v -6.7133 3.8469 18.4224 
v -6.8811 3.8137 18.4224 
v -6.8811 3.8138 17.7233 
v -6.8811 3.2288 17.4441 
v -6.9195 3.2288 17.4762 
v -6.9195 3.3699 17.4851 
v -6.8811 3.3699 17.453 
v -6.7133 3.2288 17.4441 
v -6.8811 3.2288 17.4441 
v -6.8811 3.3699 17.453 
v -6.7133 3.3871 17.453 
v -6.525 3.2288 17.4441 
v -6.525 3.3983 17.453 
v -6.2879 3.2288 17.4441 
v -6.2879 3.4033 17.453 
v -6 3.2288 17.4441 
v -6 3.4033 17.453 
v -5.7121 3.2288 17.4441 
v -5.7121 3.4033 17.453 
v -5.475 3.2288 17.4441 
v -5.475 3.3983 17.453 
v -5.2867 3.2288 17.4441 
v -5.2867 3.3871 17.453 
v -5.1189 3.2288 17.4441 
v -5.1189 3.3699 17.453 
v -5.0805 3.2288 17.4762 
v -5.1189 3.2288 17.4441 
v -5.1189 3.3699 17.453 
v -5.0805 3.3699 17.4851 
v -5.0805 3.2288 18.4828 
v -5.0805 3.2288 17.4762 
v -5.0805 3.3699 17.4851 
v -5.0805 3.3699 18.4828 
v -5.1189 3.2288 18.5174 
v -5.0805 3.2288 18.4828 
v -5.0805 3.3699 18.4828 
v -5.1189 3.3699 18.5174 
v -5.2867 3.2288 18.5174 
v -5.1189 3.2288 18.5174 
v -5.1189 3.3699 18.5174 
v -5.2867 3.3871 18.5174 
v -5.475 3.2288 18.5174 
v -5.475 3.3983 18.5174 
v -5.712 3.2288 18.5174 
v -5.712 3.4033 18.5174 
v -6 3.2288 18.5174 
v -6 3.4033 18.5174 
v -6.288 3.2288 18.5174 
v -6.288 3.4033 18.5174 
v -6.525 3.2288 18.5174 
v -6.525 3.3983 18.5174 
v -6.7133 3.2288 18.5174 
v -6.7133 3.3871 18.5174 
v -6.8811 3.2288 18.5174 
v -6.8811 3.3699 18.5174 
v -6.9195 3.2288 18.4828 
v -6.8811 3.2288 18.5174 
v -6.8811 3.3699 18.5174 
v -6.9195 3.3699 18.4828 
v -6.9195 3.2288 17.4762 
v -6.9195 3.2288 18.4828 
v -6.9195 3.3699 18.4828 
v -6.9195 3.3699 17.4851 
v -5.2865 2.0111 17.5014 
v -5.2034 2.0111 17.5014 
v -6 2.0111 18.0201 
v -5.1639 2.0112 17.5337 
v -5.1643 2.0111 18.5061 
v -5.712 2.0111 18.5388 
v -6 2.0111 18.5388 
v -5.2035 2.0111 18.5387 
v -5.712 2.0111 17.5014 
v -5.475 2.0111 17.5014 
v -5.2866 2.0111 18.5388 
v -5.475 2.0111 18.5388 
v -6 2.0111 17.5014 
v -6.7966 2.0111 17.5014 
v -6.7135 2.0111 17.5014 
v -6.8357 2.0111 18.5061 
v -6.8361 2.0112 17.5337 
v -6.288 2.0111 18.5388 
v -6.7965 2.0111 18.5387 
v -6.525 2.0111 17.5014 
v -6.288 2.0111 17.5014 
v -6.7134 2.0111 18.5388 
v -6.525 2.0111 18.5388 
v -6.29 3.6503 18.0403 
v -6.2511 3.6503 18.1853 
v -6.2511 4.2518 18.1853 
v -6.29 4.2518 18.0403 
v -6.145 3.6503 18.2915 
v -6.145 4.2518 18.2915 
v -6 3.6503 18.3303 
v -6 4.2518 18.3303 
v -6 3.6503 18.3303 
v -5.855 3.6503 18.2915 
v -5.855 4.2518 18.2915 
v -6 4.2518 18.3303 
v -5.7489 3.6503 18.1853 
v -5.7489 4.2518 18.1853 
v -5.71 3.6503 18.0403 
v -5.71 4.2518 18.0403 
v -5.7489 3.6503 17.8953 
v -5.7489 4.2518 17.8953 
v -5.855 3.6503 17.7892 
v -5.855 4.2518 17.7892 
v -6 3.6503 17.7503 
v -6 4.2518 17.7503 
v -6.145 3.6503 17.7892 
v -6.145 4.2518 17.7892 
v -6.2511 3.6503 17.8953 
v -6.2511 4.2518 17.8953 
v -6.29 4.2518 18.0403 
v -6.2511 4.2518 18.1853 
v -6.1948 4.3203 18.1528 
v -6.225 4.3203 18.0403 
v -6.145 4.2518 18.2915 
v -6.1125 4.3203 18.2352 
v -6 4.2518 18.3303 
v -6 4.3203 18.2653 
v -5.855 4.2518 18.2915 
v -5.8875 4.3203 18.2352 
v -5.7489 4.2518 18.1853 
v -5.8052 4.3203 18.1528 
v -5.71 4.2518 18.0403 
v -5.775 4.3203 18.0403 
v -5.7489 4.2518 17.8953 
v -5.8052 4.3203 17.9279 
v -5.855 4.2518 17.7892 
v -5.8875 4.3203 17.8455 
v -6 4.2518 17.7503 
v -6 4.3203 17.8154 
v -6.145 4.2518 17.7892 
v -6.1125 4.3203 17.8455 
v -6.2511 4.2518 17.8953 
v -6.1948 4.3203 17.9279 
v -6.225 4.3203 18.0403 
v -6.1948 4.3203 18.1528 
v -6 4.3203 18.0403 
v -6.1125 4.3203 18.2352 
v -6 4.3203 18.2653 
v -5.8875 4.3203 18.2352 
v -5.8052 4.3203 18.1528 
v -5.775 4.3203 18.0403 
v -5.8052 4.3203 17.9279 
v -5.8875 4.3203 17.8455 
v -6 4.3203 17.8154 
v -6.1125 4.3203 17.8455 
v -6.1948 4.3203 17.9279 

vn 0 0 -1 
vn 0 0.15748 -0.984252 
vn 0 0.141732 -0.992126 
vn 0 0 -1 
vn 1 0 0 
vn 1 0 0 
vn 1 0 0 
vn 1 0 0 
vn 0 0 1 
vn 0 0 1 
vn 0 0 1 
vn 0 0 1 
vn 0.629921 0 -0.771654 
vn 0.637795 0 -0.771654 
vn 0.637795 0 -0.771654 
vn 0.629921 0 -0.771654 
vn 0.637795 0 0.771654 
vn 0.637795 0 0.771654 
vn 0.637795 0 0.771654 
vn 0.637795 0 0.771654 
vn 0 0.15748 -0.984252 
vn 0 0 -1 
vn 0 0 -1 
vn 0 0.15748 -0.984252 
vn 0 0 1 
vn 0 0 1 
vn 0 0 1 
vn 0 0 1 
vn 0 0 1 
vn 0 0 1 
vn 0 0 -1 
vn 0 0.15748 -0.984252 
vn 0 0.15748 -0.984252 
vn 0 0.173228 -0.984252 
vn 0.929134 0.362205 0 
vn 0.929134 0.370079 0 
vn 0.929134 0.370079 0 
vn 0.929134 0.362205 0 
vn 0 0.566929 0.826772 
vn 0 0.566929 0.826772 
vn 0 0.566929 0.826772 
vn 0 0.566929 0.826772 
vn 0.574803 0.448819 -0.685039 
vn 0.574803 0.448819 -0.685039 
vn 0.574803 0.448819 -0.685039 
vn 0.566929 0.448819 -0.692913 
vn 0.527559 0.614173 0.590551 
vn 0.535433 0.606299 0.590551 
vn 0.511811 0.622047 0.598425 
vn 0.496063 0.622047 0.598425 
vn 0 0.15748 -0.984252 
vn 0 0.15748 -0.984252 
vn 0 0.566929 0.826772 
vn 0 0.566929 0.826772 
vn 0 0.566929 0.826772 
vn 0 0.566929 0.826772 
vn 0 0.566929 0.826772 
vn 0 0.566929 0.826772 
vn 0 0.15748 -0.984252 
vn 0 0 -1 
vn 0 0 -1 
vn 0 0.141732 -0.992126 
vn 0 0.15748 -0.984252 
vn -1 0 0 
vn -1 0 0 
vn -1 0 0 
vn -1 0 0 
vn 0 0 1 
vn 0 0 1 
vn -0.629921 0 -0.771654 
vn -0.629921 0 -0.771654 
vn -0.637795 0 -0.771654 
vn -0.637795 0 -0.771654 
vn -0.637795 0 0.771654 
vn -0.637795 0 0.771654 
vn -0.637795 0 0.771654 
vn -0.637795 0 0.771654 
vn 0 0.15748 -0.984252 
vn 0 0.15748 -0.984252 
vn 0 0 -1 
vn 0 0 -1 
vn 0 0 1 
vn 0 0 1 
vn 0 0 1 
vn 0 0 1 
vn 0 0 1 
vn 0 0 1 
vn 0 0.15748 -0.984252 
vn 0 0.173228 -0.984252 
vn -0.929134 0.362205 0 
vn -0.929134 0.362205 0 
vn -0.929134 0.370079 0 
vn -0.929134 0.370079 0 
vn 0 0.566929 0.826772 
vn 0 0.566929 0.826772 
vn -0.574803 0.448819 -0.685039 
vn -0.566929 0.448819 -0.692913 
vn -0.574803 0.448819 -0.685039 
vn -0.574803 0.448819 -0.685039 
vn -0.527559 0.614173 0.590551 
vn -0.496063 0.622047 0.598425 
vn -0.511811 0.622047 0.598425 
vn -0.535433 0.606299 0.590551 
vn 0 0.15748 -0.984252 
vn 0 0.15748 -0.984252 
vn 0 0.566929 0.826772 
vn 0 0.566929 0.826772 
vn 0 0.566929 0.826772 
vn 0 0.566929 0.826772 
vn 0 0.566929 0.826772 
vn 0 0.566929 0.826772 
vn 0 0 -1 
vn 0 0 -1 
vn 1 0 0 
vn 1 0 0 
vn 1 0 0 
vn 1 0 0 
vn 0 0 1 
vn 0 0 1 
vn 0 -0.125984 0.992126 
vn 0 -0.110236 0.992126 
vn 0.677165 0 0.740157 
vn 0.677165 0 0.740157 
vn 0.677165 0 0.740157 
vn 0.677165 0 0.740157 
vn 0.645669 0 -0.76378 
vn 0.645669 0 -0.76378 
vn 0.645669 0 -0.76378 
vn 0.645669 0 -0.76378 
vn 0 0 -1 
vn 0 0 -1 
vn 0 0 1 
vn 0 0 1 
vn 0 -0.110236 0.992126 
vn 0 -0.110236 0.992126 
vn 0 0 -1 
vn 0 0 1 
vn 0 -0.110236 0.992126 
vn 0 0 -1 
vn -1 0 0 
vn -1 0 0 
vn -1 0 0 
vn -1 0 0 
vn 0 0 1 
vn 0 0 1 
vn 0 -0.110236 0.992126 
vn 0 -0.125984 0.992126 
vn -0.677165 0 0.740157 
vn -0.677165 0 0.740157 
vn -0.677165 0 0.740157 
vn -0.677165 0 0.740157 
vn -0.645669 0 -0.76378 
vn -0.645669 0 -0.76378 
vn -0.645669 0 -0.76378 
vn -0.645669 0 -0.76378 
vn 0 0 -1 
vn 0 0 -1 
vn 0 0 1 
vn 0 0 1 
vn 0 -0.110236 0.992126 
vn 0 -0.110236 0.992126 
vn 0 0 -1 
vn 0 -0.566929 -0.826772 
vn 0 -0.566929 -0.826772 
vn 0 -0.566929 -0.826772 
vn 0 -0.566929 -0.818898 
vn 0.779528 -0.622047 0 
vn 0.779528 -0.622047 0 
vn 0.779528 -0.622047 0 
vn 0.779528 -0.622047 0 
vn 0 -0.0787402 1 
vn 0 -0.110236 0.992126 
vn 0.472441 -0.527559 0.700787 
vn 0.456693 -0.511811 0.724409 
vn 0.519685 -0.582677 0.622047 
vn 0.535433 -0.606299 0.590551 
vn -0.173228 -0.354331 -0.92126 
vn -0.125984 -0.440945 -0.889764 
vn -0.102362 -0.440945 -0.889764 
vn 0.212598 -0.480315 -0.850394 
vn -0.0944882 -0.543307 -0.834646 
vn -0.0472441 -0.527559 -0.850394 
vn 0 -0.110236 0.992126 
vn 0 -0.110236 0.992126 
vn -0.023622 -0.582677 -0.811024 
vn -0.023622 -0.574803 -0.818898 
vn 0 -0.110236 0.992126 
vn 0 -0.566929 -0.818898 
vn 0 -0.566929 -0.826772 
vn -0.779528 -0.622047 0 
vn -0.779528 -0.622047 0 
vn -0.779528 -0.622047 0 
vn -0.779528 -0.622047 0 
vn 0 -0.110236 0.992126 
vn 0 -0.0787402 1 
vn -0.456693 -0.551181 0.700787 
vn -0.433071 -0.543307 0.716535 
vn -0.535433 -0.559055 0.629921 
vn -0.551181 -0.566929 0.614173 
vn 0.0393701 -0.314961 -0.952756 
vn 0.0393701 -0.314961 -0.952756 
vn 0.0393701 -0.314961 -0.952756 
vn -0.00787402 -0.566929 -0.826772 
vn 0.0629921 -0.511811 -0.858268 
vn 0.0944882 -0.448819 -0.889764 
vn 0.0393701 -0.543307 -0.834646 
vn 0 -0.110236 0.992126 
vn 0 -0.110236 0.992126 
vn 0.00787402 -0.574803 -0.818898 
vn 0.00787402 -0.582677 -0.811024 
vn 0 -0.149606 -0.992126 
vn 0 -0.149606 -0.992126 
vn 0 -0.0866142 -1 
vn 0 -0.0866142 -1 
vn 1 0 0 
vn 1 0 0 
vn 1 0 0 
vn 1 0 0 
vn 0 0 1 
vn 0 0 1 
vn 0.669291 0 0.740157 
vn 0.669291 0 0.740157 
vn 0.669291 0 0.740157 
vn 0.669291 0 0.740157 
vn 0.574803 -0.110236 -0.811024 
vn 0.559055 -0.11811 -0.818898 
vn 0.622047 -0.0472441 -0.779528 
vn 0.614173 -0.0708661 -0.779528 
vn -0.00787402 -0.141732 -0.992126 
vn -0.00787402 -0.149606 -0.992126 
vn 0 -0.0866142 -1 
vn -0.00787402 -0.0866142 -1 
vn 0 0 1 
vn 0 0 1 
vn 0 -0.149606 -0.992126 
vn 0 -0.0866142 -1 
vn 0 0 1 
vn 0 -0.149606 -0.992126 
vn 0 -0.0866142 -1 
vn -1 0 0 
vn -1 0 0 
vn -1 0 0 
vn -1 0 0 
vn 0 0 1 
vn 0 0 1 
vn -0.669291 0 0.740157 
vn -0.669291 0 0.740157 
vn -0.669291 0 0.740157 
vn -0.669291 0 0.740157 
vn -0.574803 -0.110236 -0.811024 
vn -0.566929 -0.102362 -0.811024 
vn -0.614173 -0.0787402 -0.787402 
vn -0.622047 -0.0472441 -0.779528 
vn 0.00787402 -0.149606 -0.992126 
vn 0.015748 -0.141732 -0.992126 
vn 0.00787402 -0.0866142 -1 
vn 0 -0.0866142 -1 
vn 0 0 1 
vn 0 0 1 
vn 0 -0.149606 -0.992126 
vn 0 -0.0866142 -1 
vn -0.629921 0.220472 -0.748031 
vn -0.622047 0.259843 -0.740157 
vn -0.637795 0.393701 -0.661417 
vn -0.637795 0.385827 -0.661417 
vn -0.0472441 0.291339 -0.952756 
vn -0.0472441 0.275591 -0.96063 
vn -0.0944882 0.496063 -0.866142 
vn -0.0787402 0.503937 -0.858268 
vn -0.023622 0.283465 -0.96063 
vn -0.0393701 0.503937 -0.858268 
vn -0.00787402 0.283465 -0.96063 
vn -0.00787402 0.503937 -0.858268 
vn 0 0.283465 -0.96063 
vn 0 0.503937 -0.858268 
vn 0.00787402 0.283465 -0.96063 
vn 0.00787402 0.503937 -0.858268 
vn 0.023622 0.283465 -0.96063 
vn 0.0393701 0.503937 -0.858268 
vn 0.0472441 0.291339 -0.952756 
vn 0.0787402 0.503937 -0.858268 
vn 0.0551181 0.275591 -0.96063 
vn 0.0944882 0.496063 -0.866142 
vn 0.622047 0.244094 -0.740157 
vn 0.622047 0.220472 -0.748031 
vn 0.637795 0.393701 -0.661417 
vn 0.637795 0.401575 -0.661417 
vn 1 0 0 
vn 1 0 0 
vn 1 0 0 
vn 1 0 0 
vn 0.669291 0.0314961 0.740157 
vn 0.669291 0.0314961 0.740157 
vn 0.661417 0.188976 0.732283 
vn 0.669291 0.15748 0.724409 
vn 0.00787402 0.0472441 1 
vn 0.00787402 0.0393701 1 
vn 0.0393701 0.19685 0.976378 
vn 0.0314961 0.212598 0.976378 
vn 0 0.0472441 1 
vn 0.015748 0.212598 0.976378 
vn 0 0.0472441 1 
vn 0.00787402 0.212598 0.976378 
vn 0 0.0472441 1 
vn 0 0.212598 0.976378 
vn 0 0.0472441 1 
vn -0.00787402 0.212598 0.976378 
vn 0 0.0472441 1 
vn -0.015748 0.212598 0.976378 
vn -0.00787402 0.0472441 1 
vn -0.0314961 0.212598 0.976378 
vn -0.00787402 0.0393701 1 
vn -0.0393701 0.19685 0.976378 
vn -0.669291 0.0314961 0.740157 
vn -0.669291 0.0314961 0.740157 
vn -0.661417 0.149606 0.732283 
vn -0.669291 0.173228 0.724409 
vn -1 0 0 
vn -1 0 0 
vn -1 0 0 
vn -1 0 0 
vn 0 0.708661 -0.708661 
vn 0.015748 0.708661 -0.708661 
vn 1 0 0 
vn 1 0 0 
vn 0.0629921 0.322835 0.944882 
vn 0.0472441 0.330709 0.944882 
vn 0.669291 0.401575 0.629921 
vn 0.685039 0.362205 0.637795 
vn 0.637795 0.543307 -0.543307 
vn 0.637795 0.535433 -0.551181 
vn 0.110236 0.700787 -0.700787 
vn 0.133858 0.692913 -0.708661 
vn 0.023622 0.330709 0.944882 
vn 0.00787402 0.322835 0.944882 
vn 0.0551181 0.708661 -0.700787 
vn 0 0.322835 0.944882 
vn -0.015748 0.708661 -0.708661 
vn -1 0 0 
vn -1 0 0 
vn -0.0472441 0.330709 0.944882 
vn -0.0629921 0.322835 0.944882 
vn -0.669291 0.370079 0.637795 
vn -0.677165 0.401575 0.614173 
vn -0.637795 0.535433 -0.551181 
vn -0.637795 0.543307 -0.543307 
vn -0.133858 0.692913 -0.708661 
vn -0.110236 0.700787 -0.700787 
vn -0.00787402 0.322835 0.944882 
vn -0.023622 0.330709 0.944882 
vn -0.0551181 0.708661 -0.700787 
vn 0 0.811024 -0.582677 
vn 0.015748 0.811024 -0.582677 
vn 1 0 0 
vn 1 0 0 
vn 0.102362 0.661417 0.740157 
vn 0.133858 0.661417 0.740157 
vn 0.133858 0.661417 0.740157 
vn 0.102362 0.661417 0.740157 
vn 0.661417 0.503937 0.559055 
vn 0.669291 0.496063 0.559055 
vn 0.637795 0.622047 -0.456693 
vn 0.637795 0.622047 -0.456693 
vn 0.125984 0.80315 -0.582677 
vn 0.15748 0.80315 -0.582677 
vn 0.015748 0.661417 0.748031 
vn 0.0551181 0.661417 0.748031 
vn 0.0472441 0.661417 0.748031 
vn 0.015748 0.661417 0.748031 
vn 0.0629921 0.811024 -0.582677 
vn 0 0.661417 0.748031 
vn 0 0.661417 0.748031 
vn -0.015748 0.811024 -0.582677 
vn -1 0 0 
vn -1 0 0 
vn -0.133858 0.661417 0.740157 
vn -0.102362 0.661417 0.740157 
vn -0.102362 0.661417 0.740157 
vn -0.133858 0.661417 0.740157 
vn -0.661417 0.503937 0.559055 
vn -0.669291 0.503937 0.551181 
vn -0.637795 0.622047 -0.456693 
vn -0.637795 0.622047 -0.456693 
vn -0.15748 0.80315 -0.582677 
vn -0.125984 0.80315 -0.582677 
vn -0.0551181 0.661417 0.748031 
vn -0.015748 0.661417 0.748031 
vn -0.015748 0.661417 0.748031 
vn -0.0472441 0.661417 0.748031 
vn -0.0629921 0.811024 -0.582677 
vn -0.543307 0.84252 0 
vn -0.543307 0.84252 0 
vn -0.543307 0.84252 0 
vn -0.543307 0.84252 0 
vn 0.543307 0.84252 0 
vn 0.543307 0.84252 0 
vn 0.543307 0.84252 0 
vn 0.543307 0.84252 0 
vn 0.19685 0.984252 0 
vn 0.15748 0.984252 0 
vn 0.15748 0.984252 0 
vn 0.19685 0.984252 0 
vn 0.0787402 1 0 
vn 0.0787402 1 0 
vn 0.023622 1 0 
vn 0.023622 1 0 
vn 0 1 0 
vn 0 1 0 
vn -0.023622 1 0 
vn -0.023622 1 0 
vn -0.0787402 1 0 
vn -0.0787402 1 0 
vn -0.15748 0.984252 0 
vn -0.15748 0.984252 0 
vn -0.19685 0.984252 0 
vn -0.19685 0.984252 0 
vn -0.637795 0.015748 -0.76378 
vn -0.637795 0.015748 -0.771654 
vn -0.637795 0.0866142 -0.76378 
vn -0.637795 0.0866142 -0.76378 
vn 0 0.015748 -1 
vn 0 0.023622 -1 
vn -0.00787402 0.110236 -0.992126 
vn -0.00787402 0.102362 -0.992126 
vn 0 0.015748 -1 
vn -0.00787402 0.0944882 -0.992126 
vn 0 0.015748 -1 
vn 0 0.0944882 -0.992126 
vn 0 0.015748 -1 
vn 0 0.0944882 -0.992126 
vn 0 0.015748 -1 
vn 0 0.0944882 -0.992126 
vn 0 0.015748 -1 
vn 0 0.0944882 -0.992126 
vn 0 0.015748 -1 
vn 0.00787402 0.102362 -0.992126 
vn 0 0.023622 -1 
vn 0.015748 0.102362 -0.992126 
vn 0.637795 0.015748 -0.76378 
vn 0.637795 0.015748 -0.771654 
vn 0.637795 0.0866142 -0.76378 
vn 0.637795 0.0866142 -0.76378 
vn 1 0 0 
vn 1 0 0 
vn 1 0 0 
vn 1 0 0 
vn 0.669291 0 0.740157 
vn 0.669291 0 0.740157 
vn 0.669291 0 0.740157 
vn 0.669291 0 0.740157 
vn 0 0 1 
vn 0 0 1 
vn 0 0 1 
vn 0 0 1 
vn 0 0 1 
vn 0 0 1 
vn 0 0 1 
vn 0 0 1 
vn 0 0 1 
vn 0 0 1 
vn 0 0 1 
vn 0 0 1 
vn 0 0 1 
vn 0 0 1 
vn 0 0 1 
vn 0 0 1 
vn 0 0 1 
vn 0 0 1 
vn -0.669291 0 0.740157 
vn -0.669291 0 0.740157 
vn -0.669291 0 0.740157 
vn -0.669291 0 0.740157 
vn -1 0 0 
vn -1 0 0 
vn -1 0 0 
vn -1 0 0 
vn 0 -1 0 
vn 0 -1 0 
vn 0 -1 0 
vn 0 -1 0 
vn 0 -1 0 
vn 0 -1 0 
vn 0 -1 0 
vn 0 -1 0 
vn 0 -1 0 
vn 0 -1 0 
vn 0 -1 0 
vn 0 -1 0 
vn 0 -1 0 
vn 0 -1 0 
vn 0 -1 0 
vn 0 -1 0 
vn 0 -1 0 
vn 0 -1 0 
vn 0 -1 0 
vn 0 -1 0 
vn 0 -1 0 
vn 0 -1 0 
vn 0 -1 0 
vn -1 0 0 
vn -0.866142 0 0.496063 
vn -0.866142 0 0.496063 
vn -1 0 0 
vn -0.496063 0 0.866142 
vn -0.496063 0 0.866142 
vn 0 0 1 
vn 0 0 1 
vn 0 0 1 
vn 0.496063 0 0.866142 
vn 0.496063 0 0.866142 
vn 0 0 1 
vn 0.866142 0 0.496063 
vn 0.866142 0 0.496063 
vn 1 0 0 
vn 1 0 0 
vn 0.866142 0 -0.496063 
vn 0.866142 0 -0.496063 
vn 0.496063 0 -0.866142 
vn 0.496063 0 -0.866142 
vn 0 0 -1 
vn 0 0 -1 
vn -0.496063 0 -0.866142 
vn -0.496063 0 -0.866142 
vn -0.866142 0 -0.496063 
vn -0.866142 0 -0.496063 
vn -0.724409 0.685039 0 
vn -0.629921 0.685039 0.362205 
vn -0.629921 0.685039 0.362205 
vn -0.724409 0.685039 0 
vn -0.362205 0.685039 0.629921 
vn -0.362205 0.685039 0.629921 
vn 0 0.685039 0.724409 
vn 0 0.685039 0.724409 
vn 0.362205 0.685039 0.629921 
vn 0.362205 0.685039 0.629921 
vn 0.629921 0.685039 0.362205 
vn 0.629921 0.685039 0.362205 
vn 0.724409 0.685039 0 
vn 0.724409 0.685039 0 
vn 0.629921 0.685039 -0.362205 
vn 0.629921 0.685039 -0.362205 
vn 0.362205 0.685039 -0.629921 
vn 0.362205 0.685039 -0.629921 
vn 0 0.685039 -0.724409 
vn 0 0.685039 -0.724409 
vn -0.362205 0.685039 -0.629921 
vn -0.362205 0.685039 -0.629921 
vn -0.629921 0.685039 -0.362205 
vn -0.629921 0.685039 -0.362205 
vn 0 1 0 
vn 0 1 0 
vn 0 1 0 
vn 0 1 0 
vn 0 1 0 
vn 0 1 0 
vn 0 1 0 
vn 0 1 0 
vn 0 1 0 
vn 0 1 0 
vn 0 1 0 
vn 0 1 0 
vn 0 1 0 

vt 0.023625 0.8447 
vt 0.03585 0.8452 
vt 0.03585 0.8617 
vt 0.023625 0.8618 
vt 0.023625 0.9998 
vt 0.023625 0.875 
vt 0.03585 0.875 
vt 0.03585 0.9998 
vt 0.023625 0.3353 
vt 0.03585 0.3352 
vt 0.03585 0.3738 
vt 0.023625 0.3735 
vt 0.023625 0.8618 
vt 0.03585 0.8617 
vt 0.03585 0.875 
vt 0.023625 0.875 
vt 0.023625 0.2499 
vt 0.03585 0.2499 
vt 0.03585 0.2581 
vt 0.023625 0.2581 
vt 0.03585 0.8199 
vt 0.023625 0.8193 
vt 0.023625 0.7872 
vt 0.03585 0.7877 
vt 0.03585 0.2785 
vt 0.023625 0.2789 
vt 0.023625 0.2581 
vt 0.03585 0.2581 
vt 0.03585 0.3035 
vt 0.023625 0.3038 
vt 0.023625 0.7482 
vt 0.03585 0.7486 
vt 0.04005 0.8458 
vt 0.04005 0.8603 
vt 0.04005 0.875 
vt 0.04005 0.9998 
vt 0.03585 0.9998 
vt 0.03585 0.875 
vt 0.04005 0.3352 
vt 0.04005 0.3739 
vt 0.03585 0.3738 
vt 0.03585 0.3352 
vt 0.04005 0.8603 
vt 0.04005 0.875 
vt 0.03585 0.875 
vt 0.03585 0.8617 
vt 0.04005 0.2499 
vt 0.04005 0.2589 
vt 0.03585 0.2581 
vt 0.03585 0.2499 
vt 0.04005 0.7879 
vt 0.04005 0.8201 
vt 0.04005 0.2589 
vt 0.04005 0.2775 
vt 0.03585 0.2785 
vt 0.03585 0.2581 
vt 0.04005 0.3033 
vt 0.03585 0.3035 
vt 0.04005 0.7487 
vt 0.023625 0.6516 
vt 0.023625 0.6345 
vt 0.03585 0.6349 
vt 0.03585 0.652 
vt 0.023625 0.4996 
vt 0.03585 0.4996 
vt 0.03585 0.6251 
vt 0.023625 0.6251 
vt 0.023625 0.4118 
vt 0.03585 0.4124 
vt 0.023625 0.6345 
vt 0.023625 0.6251 
vt 0.03585 0.6251 
vt 0.03585 0.6349 
vt 0.023625 0.4996 
vt 0.023625 0.4892 
vt 0.03585 0.4894 
vt 0.03585 0.4996 
vt 0.03585 0.6774 
vt 0.03585 0.7095 
vt 0.023625 0.7091 
vt 0.023625 0.6771 
vt 0.03585 0.4689 
vt 0.03585 0.4894 
vt 0.023625 0.4892 
vt 0.023625 0.4679 
vt 0.03585 0.4441 
vt 0.023625 0.4431 
vt 0.04005 0.6516 
vt 0.04005 0.636 
vt 0.04005 0.6251 
vt 0.03585 0.6251 
vt 0.03585 0.4996 
vt 0.04005 0.4996 
vt 0.04005 0.4126 
vt 0.03585 0.4124 
vt 0.04005 0.636 
vt 0.03585 0.6349 
vt 0.03585 0.6251 
vt 0.04005 0.6251 
vt 0.04005 0.4996 
vt 0.03585 0.4996 
vt 0.03585 0.4894 
vt 0.04005 0.4889 
vt 0.04005 0.7096 
vt 0.04005 0.6774 
vt 0.04005 0.4889 
vt 0.03585 0.4894 
vt 0.03585 0.4689 
vt 0.04005 0.4701 
vt 0.03585 0.4441 
vt 0.04005 0.4445 
vt 0.0672 0.7496 
vt 0.067125 0.7884 
vt 0.04005 0.9998 
vt 0.04005 0.875 
vt 0.06105 0.875 
vt 0.06105 0.9998 
vt 0.04005 0.2775 
vt 0.04005 0.2589 
vt 0.06105 0.259 
vt 0.06105 0.2777 
vt 0.04005 0.2589 
vt 0.04005 0.2499 
vt 0.06105 0.2499 
vt 0.06105 0.259 
vt 0.04005 0.875 
vt 0.04005 0.8603 
vt 0.065925 0.8603 
vt 0.06105 0.875 
vt 0.066525 0.8458 
vt 0.065925 0.8603 
vt 0.04005 0.3352 
vt 0.04005 0.3033 
vt 0.06105 0.3036 
vt 0.06105 0.3356 
vt 0.06705 0.8203 
vt 0.04005 0.3739 
vt 0.06105 0.3744 
vt 0.067425 0.7109 
vt 0.04005 0.6251 
vt 0.04005 0.4996 
vt 0.06105 0.4996 
vt 0.06105 0.6251 
vt 0.04005 0.4889 
vt 0.04005 0.4701 
vt 0.06105 0.4711 
vt 0.06105 0.4894 
vt 0.04005 0.4996 
vt 0.04005 0.4889 
vt 0.06105 0.4894 
vt 0.06105 0.4996 
vt 0.04005 0.636 
vt 0.04005 0.6251 
vt 0.06105 0.6251 
vt 0.06675 0.6368 
vt 0.06675 0.6368 
vt 0.06735 0.6534 
vt 0.04005 0.4445 
vt 0.04005 0.4126 
vt 0.06105 0.4132 
vt 0.06105 0.4452 
vt 0.06765 0.679 
vt 0.067125 0.7884 
vt 0.0672 0.7496 
vt 0.0705 0.7498 
vt 0.0705 0.7885 
vt 0.06105 0.9998 
vt 0.06105 0.875 
vt 0.0684 0.875 
vt 0.0684 0.9998 
vt 0.06945 0.2529 
vt 0.06945 0.2789 
vt 0.06105 0.259 
vt 0.06105 0.2499 
vt 0.06945 0.2499 
vt 0.06945 0.2529 
vt 0.06105 0.875 
vt 0.065925 0.8603 
vt 0.0705 0.8691 
vt 0.0684 0.875 
vt 0.066525 0.8458 
vt 0.0705 0.8457 
vt 0.06945 0.304 
vt 0.06945 0.3359 
vt 0.06705 0.8203 
vt 0.0705 0.8203 
vt 0.06945 0.3745 
vt 0.067425 0.7109 
vt 0.0705 0.7111 
vt 0.06105 0.6251 
vt 0.06105 0.4996 
vt 0.06945 0.4996 
vt 0.06945 0.6251 
vt 0.06945 0.4703 
vt 0.06945 0.4948 
vt 0.06105 0.4996 
vt 0.06105 0.4894 
vt 0.06945 0.4948 
vt 0.06945 0.4996 
vt 0.06675 0.6368 
vt 0.06105 0.6251 
vt 0.06945 0.6251 
vt 0.0705 0.6306 
vt 0.06735 0.6534 
vt 0.06675 0.6368 
vt 0.0705 0.6539 
vt 0.06945 0.4132 
vt 0.06945 0.445 
vt 0.06765 0.679 
vt 0.0705 0.6793 
vt 0.0705 0.7885 
vt 0.0705 0.7498 
vt 0.07785 0.7501 
vt 0.07785 0.7886 
vt 0.0684 0.9998 
vt 0.0684 0.875 
vt 0.07785 0.875 
vt 0.07785 0.9998 
vt 0.07785 0.2528 
vt 0.07785 0.2798 
vt 0.06945 0.2529 
vt 0.06945 0.2499 
vt 0.07785 0.2499 
vt 0.07785 0.2528 
vt 0.0684 0.875 
vt 0.0705 0.8691 
vt 0.07785 0.8688 
vt 0.07785 0.875 
vt 0.0705 0.8691 
vt 0.0705 0.8457 
vt 0.07785 0.8453 
vt 0.07785 0.8688 
vt 0.07785 0.3048 
vt 0.07785 0.3363 
vt 0.0705 0.8203 
vt 0.07785 0.8202 
vt 0.07785 0.3747 
vt 0.0705 0.7111 
vt 0.07785 0.7116 
vt 0.06945 0.6251 
vt 0.06945 0.4996 
vt 0.07785 0.4996 
vt 0.07785 0.6251 
vt 0.07785 0.4699 
vt 0.07785 0.4951 
vt 0.06945 0.4996 
vt 0.06945 0.4948 
vt 0.07785 0.4951 
vt 0.07785 0.4996 
vt 0.0705 0.6306 
vt 0.06945 0.6251 
vt 0.07785 0.6251 
vt 0.07785 0.6311 
vt 0.0705 0.6539 
vt 0.0705 0.6306 
vt 0.07785 0.6311 
vt 0.07785 0.6548 
vt 0.07785 0.4132 
vt 0.07785 0.4448 
vt 0.0705 0.6793 
vt 0.07785 0.68 
vt 0.0993 0.632 
vt 0.0993 0.6251 
vt 0.105 0.6251 
vt 0.105 0.632 
vt 0.0993 0.6566 
vt 0.0993 0.632 
vt 0.105 0.632 
vt 0.105 0.6566 
vt 0.0993 0.6814 
vt 0.105 0.6814 
vt 0.0993 0.7127 
vt 0.105 0.7128 
vt 0.0993 0.7509 
vt 0.105 0.7512 
vt 0.0993 0.7891 
vt 0.105 0.7895 
vt 0.0993 0.8204 
vt 0.105 0.8208 
vt 0.0993 0.845 
vt 0.105 0.8455 
vt 0.0993 0.8684 
vt 0.105 0.8687 
vt 0.0993 0.875 
vt 0.0993 0.8684 
vt 0.105 0.8687 
vt 0.105 0.875 
vt 0.0993 0.9998 
vt 0.0993 0.875 
vt 0.105 0.875 
vt 0.105 0.9998 
vt 0.0993 0.2537 
vt 0.0993 0.2499 
vt 0.105 0.2499 
vt 0.105 0.2541 
vt 0.0993 0.2813 
vt 0.0993 0.2537 
vt 0.105 0.2541 
vt 0.105 0.2815 
vt 0.0993 0.306 
vt 0.105 0.3061 
vt 0.0993 0.3373 
vt 0.105 0.3374 
vt 0.0993 0.3754 
vt 0.105 0.3755 
vt 0.0993 0.4135 
vt 0.105 0.4137 
vt 0.0993 0.4448 
vt 0.105 0.4449 
vt 0.0993 0.4694 
vt 0.105 0.4695 
vt 0.0993 0.4948 
vt 0.105 0.4945 
vt 0.0993 0.4996 
vt 0.0993 0.4948 
vt 0.105 0.4945 
vt 0.105 0.4996 
vt 0.0993 0.6251 
vt 0.0993 0.4996 
vt 0.105 0.4996 
vt 0.105 0.6251 
vt 0.110775 0.7514 
vt 0.110775 0.7899 
vt 0.110775 0.875 
vt 0.110775 0.9998 
vt 0.110775 0.2541 
vt 0.110775 0.2814 
vt 0.110775 0.2499 
vt 0.110775 0.2541 
vt 0.110775 0.8692 
vt 0.110775 0.875 
vt 0.110775 0.8463 
vt 0.110775 0.8692 
vt 0.110775 0.3061 
vt 0.110775 0.3374 
vt 0.110775 0.8215 
vt 0.110775 0.3756 
vt 0.110775 0.7128 
vt 0.110775 0.4996 
vt 0.110775 0.6251 
vt 0.110775 0.4698 
vt 0.110775 0.4946 
vt 0.110775 0.4946 
vt 0.110775 0.4996 
vt 0.110775 0.6251 
vt 0.110775 0.6318 
vt 0.110775 0.6318 
vt 0.110775 0.6562 
vt 0.110775 0.4138 
vt 0.110775 0.4452 
vt 0.110775 0.6812 
vt 0.117 0.7516 
vt 0.117 0.7906 
vt 0.117 0.875 
vt 0.117 0.9998 
vt 0.110775 0.2814 
vt 0.110775 0.2541 
vt 0.117 0.2535 
vt 0.117 0.2808 
vt 0.117 0.2499 
vt 0.117 0.2535 
vt 0.117 0.8708 
vt 0.117 0.875 
vt 0.117 0.848 
vt 0.117 0.8708 
vt 0.110775 0.3374 
vt 0.110775 0.3061 
vt 0.117 0.3058 
vt 0.117 0.3374 
vt 0.117 0.8226 
vt 0.110775 0.3756 
vt 0.117 0.3757 
vt 0.117 0.7126 
vt 0.117 0.4996 
vt 0.117 0.6251 
vt 0.110775 0.4946 
vt 0.110775 0.4698 
vt 0.117 0.4705 
vt 0.117 0.4952 
vt 0.117 0.4952 
vt 0.117 0.4996 
vt 0.117 0.6251 
vt 0.117 0.6309 
vt 0.117 0.6309 
vt 0.117 0.655 
vt 0.110775 0.4452 
vt 0.110775 0.4138 
vt 0.117 0.414 
vt 0.117 0.4455 
vt 0.117 0.6805 
vt 0.23775 0.2351 
vt 0.240075 0.2351 
vt 0.240075 0.3592 
vt 0.23775 0.3592 
vt 0.146625 0.2351 
vt 0.14895 0.2351 
vt 0.14895 0.3592 
vt 0.146625 0.3592 
vt 0.14895 0.2351 
vt 0.1575 0.2351 
vt 0.1575 0.3592 
vt 0.14895 0.3592 
vt 0.167025 0.2351 
vt 0.167025 0.3592 
vt 0.178875 0.2351 
vt 0.178875 0.3592 
vt 0.19335 0.2351 
vt 0.19335 0.3592 
vt 0.207825 0.2351 
vt 0.207825 0.3592 
vt 0.219675 0.2351 
vt 0.219675 0.3592 
vt 0.2292 0.2351 
vt 0.2292 0.3592 
vt 0.23775 0.3592 
vt 0.23775 0.2351 
vt 0.086925 0.6314 
vt 0.086925 0.6251 
vt 0.093375 0.6251 
vt 0.093375 0.6317 
vt 0.086925 0.6555 
vt 0.086925 0.6314 
vt 0.093375 0.6317 
vt 0.093375 0.6561 
vt 0.086925 0.6805 
vt 0.093375 0.681 
vt 0.086925 0.712 
vt 0.093375 0.7124 
vt 0.086925 0.7504 
vt 0.093375 0.7507 
vt 0.086925 0.7887 
vt 0.093375 0.7889 
vt 0.086925 0.8202 
vt 0.093375 0.8202 
vt 0.086925 0.8451 
vt 0.093375 0.845 
vt 0.086925 0.8687 
vt 0.093375 0.8686 
vt 0.086925 0.875 
vt 0.086925 0.8687 
vt 0.093375 0.8686 
vt 0.093375 0.875 
vt 0.086925 0.9998 
vt 0.086925 0.875 
vt 0.093375 0.875 
vt 0.093375 0.9998 
vt 0.086925 0.253 
vt 0.086925 0.2499 
vt 0.093375 0.2499 
vt 0.093375 0.2532 
vt 0.086925 0.2803 
vt 0.086925 0.253 
vt 0.093375 0.2532 
vt 0.093375 0.2807 
vt 0.086925 0.3052 
vt 0.093375 0.3056 
vt 0.086925 0.3367 
vt 0.093375 0.337 
vt 0.086925 0.375 
vt 0.093375 0.3752 
vt 0.086925 0.4133 
vt 0.093375 0.4134 
vt 0.086925 0.4448 
vt 0.093375 0.4447 
vt 0.086925 0.4698 
vt 0.093375 0.4696 
vt 0.086925 0.4951 
vt 0.093375 0.495 
vt 0.086925 0.4996 
vt 0.086925 0.4951 
vt 0.093375 0.495 
vt 0.093375 0.4996 
vt 0.086925 0.6251 
vt 0.086925 0.4996 
vt 0.093375 0.4996 
vt 0.093375 0.6251 
vt 0.253125 0.3588 
vt 0.2463 0.3588 
vt 0.29295 0.2967 
vt 0.2463 0.3549 
vt 0.2463 0.2386 
vt 0.2769 0.2347 
vt 0.29295 0.2347 
vt 0.2463 0.2347 
vt 0.2769 0.3588 
vt 0.263625 0.3588 
vt 0.253125 0.2347 
vt 0.263625 0.2347 
vt 0.29295 0.3588 
vt 0.339525 0.3588 
vt 0.339525 0.3588 
vt 0.339525 0.2386 
vt 0.339525 0.3549 
vt 0.309 0.2347 
vt 0.339525 0.2347 
vt 0.3222 0.3588 
vt 0.309 0.3588 
vt 0.3327 0.2347 
vt 0.3222 0.2347 
vt 0.1407 0.7395 
vt 0.1407 0.7434 
vt 0.11925 0.7434 
vt 0.11925 0.7395 
vt 0.1407 0.7473 
vt 0.11925 0.7473 
vt 0.1407 0.7512 
vt 0.11925 0.7512 
vt 0.1407 0.7044 
vt 0.1407 0.7083 
vt 0.11925 0.7083 
vt 0.11925 0.7044 
vt 0.1407 0.7122 
vt 0.11925 0.7122 
vt 0.1407 0.7161 
vt 0.11925 0.7161 
vt 0.1407 0.72 
vt 0.11925 0.72 
vt 0.1407 0.7239 
vt 0.11925 0.7239 
vt 0.1407 0.7278 
vt 0.11925 0.7278 
vt 0.1407 0.7317 
vt 0.11925 0.7317 
vt 0.1407 0.7356 
vt 0.11925 0.7356 
vt 0.119475 0.7758 
vt 0.1209 0.7642 
vt 0.12555 0.77 
vt 0.1248 0.7758 
vt 0.1248 0.7556 
vt 0.1275 0.7657 
vt 0.1302 0.7525 
vt 0.1302 0.7642 
vt 0.135525 0.7556 
vt 0.132825 0.7657 
vt 0.139425 0.7642 
vt 0.134775 0.77 
vt 0.14085 0.7758 
vt 0.135525 0.7758 
vt 0.139425 0.7875 
vt 0.134775 0.7817 
vt 0.135525 0.7961 
vt 0.132825 0.786 
vt 0.1302 0.7992 
vt 0.1302 0.7875 
vt 0.1248 0.7961 
vt 0.1275 0.786 
vt 0.1209 0.7875 
vt 0.12555 0.7817 
vt 0.1248 0.7758 
vt 0.12555 0.77 
vt 0.1302 0.7758 
vt 0.1275 0.7657 
vt 0.1302 0.7642 
vt 0.132825 0.7657 
vt 0.134775 0.77 
vt 0.135525 0.7758 
vt 0.134775 0.7817 
vt 0.132825 0.786 
vt 0.1302 0.7875 
vt 0.1275 0.786 
vt 0.12555 0.7817 

usemtl R6Bacon1Mtl

f 3247/3247/3247 3248/3248/3248 3249/3249/3249 
f 3247/3247/3247 3249/3249/3249 3250/3250/3250 
f 3251/3251/3251 3252/3252/3252 3253/3253/3253 
f 3251/3251/3251 3253/3253/3253 3254/3254/3254 
f 3255/3255/3255 3256/3256/3256 3257/3257/3257 
f 3255/3255/3255 3257/3257/3257 3258/3258/3258 
f 3259/3259/3259 3260/3260/3260 3261/3261/3261 
f 3259/3259/3259 3261/3261/3261 3262/3262/3262 
f 3263/3263/3263 3264/3264/3264 3265/3265/3265 
f 3263/3263/3263 3265/3265/3265 3266/3266/3266 
f 3267/3267/3267 3268/3268/3268 3269/3269/3269 
f 3267/3267/3267 3269/3269/3269 3270/3270/3270 
f 3271/3271/3271 3272/3272/3272 3273/3273/3273 
f 3271/3271/3271 3273/3273/3273 3274/3274/3274 
f 3275/3275/3275 3276/3276/3276 3272/3272/3272 
f 3275/3275/3275 3272/3272/3272 3271/3271/3271 
f 3268/3268/3268 3267/3267/3267 3248/3248/3248 
f 3268/3268/3268 3248/3248/3248 3247/3247/3247 
f 3256/3256/3256 3255/3255/3255 3276/3276/3276 
f 3256/3256/3256 3276/3276/3276 3275/3275/3275 
f 3270/3270/3270 3269/3269/3269 3277/3277/3277 
f 3270/3270/3270 3277/3277/3277 3278/3278/3278 
f 3279/3279/3279 3280/3280/3280 3249/3249/3249 
f 3279/3279/3279 3249/3249/3249 3248/3248/3248 
f 3281/3281/3281 3282/3282/3282 3283/3283/3283 
f 3281/3281/3281 3283/3283/3283 3284/3284/3284 
f 3285/3285/3285 3286/3286/3286 3287/3287/3287 
f 3285/3285/3285 3287/3287/3287 3288/3288/3288 
f 3289/3289/3289 3290/3290/3290 3291/3291/3291 
f 3289/3289/3289 3291/3291/3291 3292/3292/3292 
f 3293/3293/3293 3294/3294/3294 3295/3295/3295 
f 3293/3293/3293 3295/3295/3295 3296/3296/3296 
f 3297/3297/3297 3298/3298/3298 3267/3267/3267 
f 3297/3297/3297 3267/3267/3267 3270/3270/3270 
f 3299/3299/3299 3300/3300/3300 3301/3301/3301 
f 3299/3299/3299 3301/3301/3301 3302/3302/3302 
f 3300/3300/3300 3303/3303/3303 3304/3304/3304 
f 3300/3300/3300 3304/3304/3304 3301/3301/3301 
f 3298/3298/3298 3279/3279/3279 3248/3248/3248 
f 3298/3298/3298 3248/3248/3248 3267/3267/3267 
f 3303/3303/3303 3285/3285/3285 3288/3288/3288 
f 3303/3303/3303 3288/3288/3288 3304/3304/3304 
f 3305/3305/3305 3297/3297/3297 3270/3270/3270 
f 3305/3305/3305 3270/3270/3270 3278/3278/3278 
f 3306/3306/3306 3307/3307/3307 3308/3308/3308 
f 3306/3306/3306 3308/3308/3308 3309/3309/3309 
f 3310/3310/3310 3311/3311/3311 3312/3312/3312 
f 3310/3310/3310 3312/3312/3312 3313/3313/3313 
f 3314/3314/3314 3258/3258/3258 3257/3257/3257 
f 3314/3314/3314 3257/3257/3257 3315/3315/3315 
f 3316/3316/3316 3317/3317/3317 3318/3318/3318 
f 3316/3316/3316 3318/3318/3318 3319/3319/3319 
f 3320/3320/3320 3321/3321/3321 3322/3322/3322 
f 3320/3320/3320 3322/3322/3322 3323/3323/3323 
f 3324/3324/3324 3325/3325/3325 3326/3326/3326 
f 3324/3324/3324 3326/3326/3326 3327/3327/3327 
f 3328/3328/3328 3329/3329/3329 3330/3330/3330 
f 3328/3328/3328 3330/3330/3330 3331/3331/3331 
f 3332/3332/3332 3328/3328/3328 3331/3331/3331 
f 3332/3332/3332 3331/3331/3331 3333/3333/3333 
f 3327/3327/3327 3306/3306/3306 3309/3309/3309 
f 3327/3327/3327 3309/3309/3309 3324/3324/3324 
f 3315/3315/3315 3332/3332/3332 3333/3333/3333 
f 3315/3315/3315 3333/3333/3333 3314/3314/3314 
f 3325/3325/3325 3278/3278/3278 3277/3277/3277 
f 3325/3325/3325 3277/3277/3277 3326/3326/3326 
f 3334/3334/3334 3309/3309/3309 3308/3308/3308 
f 3334/3334/3334 3308/3308/3308 3335/3335/3335 
f 3336/3336/3336 3337/3337/3337 3338/3338/3338 
f 3336/3336/3336 3338/3338/3338 3339/3339/3339 
f 3340/3340/3340 3341/3341/3341 3287/3287/3287 
f 3340/3340/3340 3287/3287/3287 3286/3286/3286 
f 3342/3342/3342 3343/3343/3343 3344/3344/3344 
f 3342/3342/3342 3344/3344/3344 3345/3345/3345 
f 3346/3346/3346 3347/3347/3347 3348/3348/3348 
f 3346/3346/3346 3348/3348/3348 3349/3349/3349 
f 3350/3350/3350 3325/3325/3325 3324/3324/3324 
f 3350/3350/3350 3324/3324/3324 3351/3351/3351 
f 3352/3352/3352 3353/3353/3353 3354/3354/3354 
f 3352/3352/3352 3354/3354/3354 3355/3355/3355 
f 3355/3355/3355 3354/3354/3354 3356/3356/3356 
f 3355/3355/3355 3356/3356/3356 3357/3357/3357 
f 3351/3351/3351 3324/3324/3324 3309/3309/3309 
f 3351/3351/3351 3309/3309/3309 3334/3334/3334 
f 3357/3357/3357 3356/3356/3356 3341/3341/3341 
f 3357/3357/3357 3341/3341/3341 3340/3340/3340 
f 3305/3305/3305 3278/3278/3278 3325/3325/3325 
f 3305/3305/3305 3325/3325/3325 3350/3350/3350 
f 3297/3297/3297 3305/3305/3305 3358/3358/3358 
f 3297/3297/3297 3358/3358/3358 3359/3359/3359 
f 3360/3360/3360 3361/3361/3361 3362/3362/3362 
f 3360/3360/3360 3362/3362/3362 3363/3363/3363 
f 3364/3364/3364 3365/3365/3365 3366/3366/3366 
f 3364/3364/3364 3366/3366/3366 3367/3367/3367 
f 3368/3368/3368 3369/3369/3369 3370/3370/3370 
f 3368/3368/3368 3370/3370/3370 3371/3371/3371 
f 3372/3372/3372 3373/3373/3373 3374/3374/3374 
f 3372/3372/3372 3374/3374/3374 3375/3375/3375 
f 3280/3280/3280 3279/3279/3279 3376/3376/3376 
f 3280/3280/3280 3376/3376/3376 3377/3377/3377 
f 3378/3378/3378 3379/3379/3379 3380/3380/3380 
f 3378/3378/3378 3380/3380/3380 3381/3381/3381 
f 3279/3279/3279 3298/3298/3298 3382/3382/3382 
f 3279/3279/3279 3382/3382/3382 3376/3376/3376 
f 3298/3298/3298 3297/3297/3297 3359/3359/3359 
f 3298/3298/3298 3359/3359/3359 3382/3382/3382 
f 3383/3383/3383 3378/3378/3378 3381/3381/3381 
f 3383/3383/3383 3381/3381/3381 3384/3384/3384 
f 3379/3379/3379 3364/3364/3364 3367/3367/3367 
f 3379/3379/3379 3367/3367/3367 3380/3380/3380 
f 3305/3305/3305 3350/3350/3350 3385/3385/3385 
f 3305/3305/3305 3385/3385/3385 3358/3358/3358 
f 3386/3386/3386 3387/3387/3387 3388/3388/3388 
f 3386/3386/3386 3388/3388/3388 3389/3389/3389 
f 3390/3390/3390 3391/3391/3391 3392/3392/3392 
f 3390/3390/3390 3392/3392/3392 3393/3393/3393 
f 3394/3394/3394 3395/3395/3395 3396/3396/3396 
f 3394/3394/3394 3396/3396/3396 3397/3397/3397 
f 3398/3398/3398 3399/3399/3399 3400/3400/3400 
f 3398/3398/3398 3400/3400/3400 3401/3401/3401 
f 3334/3334/3334 3335/3335/3335 3402/3402/3402 
f 3334/3334/3334 3402/3402/3402 3403/3403/3403 
f 3404/3404/3404 3405/3405/3405 3406/3406/3406 
f 3404/3404/3404 3406/3406/3406 3407/3407/3407 
f 3351/3351/3351 3334/3334/3334 3403/3403/3403 
f 3351/3351/3351 3403/3403/3403 3408/3408/3408 
f 3350/3350/3350 3351/3351/3351 3408/3408/3408 
f 3350/3350/3350 3408/3408/3408 3385/3385/3385 
f 3405/3405/3405 3383/3383/3383 3384/3384/3384 
f 3405/3405/3405 3384/3384/3384 3406/3406/3406 
f 3391/3391/3391 3404/3404/3404 3407/3407/3407 
f 3391/3391/3391 3407/3407/3407 3392/3392/3392 
f 3409/3409/3409 3410/3410/3410 3411/3411/3411 
f 3409/3409/3409 3411/3411/3411 3412/3412/3412 
f 3413/3413/3413 3414/3414/3414 3415/3415/3415 
f 3413/3413/3413 3415/3415/3415 3416/3416/3416 
f 3367/3367/3367 3366/3366/3366 3417/3417/3417 
f 3367/3367/3367 3417/3417/3417 3418/3418/3418 
f 3419/3419/3419 3420/3420/3420 3421/3421/3421 
f 3419/3419/3419 3421/3421/3421 3422/3422/3422 
f 3423/3423/3423 3424/3424/3424 3425/3425/3425 
f 3423/3423/3423 3425/3425/3425 3426/3426/3426 
f 3424/3424/3424 3427/3427/3427 3428/3428/3428 
f 3424/3424/3424 3428/3428/3428 3425/3425/3425 
f 3381/3381/3381 3380/3380/3380 3429/3429/3429 
f 3381/3381/3381 3429/3429/3429 3430/3430/3430 
f 3427/3427/3427 3431/3431/3431 3432/3432/3432 
f 3427/3427/3427 3432/3432/3432 3428/3428/3428 
f 3431/3431/3431 3409/3409/3409 3412/3412/3412 
f 3431/3431/3431 3412/3412/3412 3432/3432/3432 
f 3384/3384/3384 3381/3381/3381 3430/3430/3430 
f 3384/3384/3384 3430/3430/3430 3433/3433/3433 
f 3380/3380/3380 3367/3367/3367 3418/3418/3418 
f 3380/3380/3380 3418/3418/3418 3429/3429/3429 
f 3410/3410/3410 3434/3434/3434 3435/3435/3435 
f 3410/3410/3410 3435/3435/3435 3411/3411/3411 
f 3436/3436/3436 3437/3437/3437 3438/3438/3438 
f 3436/3436/3436 3438/3438/3438 3439/3439/3439 
f 3393/3393/3393 3392/3392/3392 3440/3440/3440 
f 3393/3393/3393 3440/3440/3440 3441/3441/3441 
f 3442/3442/3442 3443/3443/3443 3444/3444/3444 
f 3442/3442/3442 3444/3444/3444 3445/3445/3445 
f 3446/3446/3446 3447/3447/3447 3448/3448/3448 
f 3446/3446/3446 3448/3448/3448 3449/3449/3449 
f 3450/3450/3450 3451/3451/3451 3449/3449/3449 
f 3450/3450/3450 3449/3449/3449 3452/3452/3452 
f 3407/3407/3407 3406/3406/3406 3453/3453/3453 
f 3407/3407/3407 3453/3453/3453 3454/3454/3454 
f 3455/3455/3455 3450/3450/3450 3452/3452/3452 
f 3455/3455/3455 3452/3452/3452 3456/3456/3456 
f 3434/3434/3434 3455/3455/3455 3456/3456/3456 
f 3434/3434/3434 3456/3456/3456 3435/3435/3435 
f 3406/3406/3406 3384/3384/3384 3433/3433/3433 
f 3406/3406/3406 3433/3433/3433 3453/3453/3453 
f 3392/3392/3392 3407/3407/3407 3454/3454/3454 
f 3392/3392/3392 3454/3454/3454 3440/3440/3440 
f 3457/3457/3457 3458/3458/3458 3459/3459/3459 
f 3457/3457/3457 3459/3459/3459 3460/3460/3460 
f 3461/3461/3461 3462/3462/3462 3463/3463/3463 
f 3461/3461/3461 3463/3463/3463 3464/3464/3464 
f 3418/3418/3418 3417/3417/3417 3465/3465/3465 
f 3418/3418/3418 3465/3465/3465 3466/3466/3466 
f 3467/3467/3467 3468/3468/3468 3469/3469/3469 
f 3467/3467/3467 3469/3469/3469 3470/3470/3470 
f 3471/3471/3471 3472/3472/3472 3473/3473/3473 
f 3471/3471/3471 3473/3473/3473 3474/3474/3474 
f 3475/3475/3475 3476/3476/3476 3477/3477/3477 
f 3475/3475/3475 3477/3477/3477 3478/3478/3478 
f 3430/3430/3430 3429/3429/3429 3479/3479/3479 
f 3430/3430/3430 3479/3479/3479 3480/3480/3480 
f 3476/3476/3476 3481/3481/3481 3482/3482/3482 
f 3476/3476/3476 3482/3482/3482 3477/3477/3477 
f 3481/3481/3481 3457/3457/3457 3460/3460/3460 
f 3481/3481/3481 3460/3460/3460 3482/3482/3482 
f 3433/3433/3433 3430/3430/3430 3480/3480/3480 
f 3433/3433/3433 3480/3480/3480 3483/3483/3483 
f 3429/3429/3429 3418/3418/3418 3466/3466/3466 
f 3429/3429/3429 3466/3466/3466 3479/3479/3479 
f 3458/3458/3458 3484/3484/3484 3485/3485/3485 
f 3458/3458/3458 3485/3485/3485 3459/3459/3459 
f 3486/3486/3486 3487/3487/3487 3488/3488/3488 
f 3486/3486/3486 3488/3488/3488 3489/3489/3489 
f 3441/3441/3441 3440/3440/3440 3490/3490/3490 
f 3441/3441/3441 3490/3490/3490 3491/3491/3491 
f 3492/3492/3492 3493/3493/3493 3494/3494/3494 
f 3492/3492/3492 3494/3494/3494 3495/3495/3495 
f 3496/3496/3496 3497/3497/3497 3498/3498/3498 
f 3496/3496/3496 3498/3498/3498 3499/3499/3499 
f 3500/3500/3500 3501/3501/3501 3502/3502/3502 
f 3500/3500/3500 3502/3502/3502 3503/3503/3503 
f 3454/3454/3454 3453/3453/3453 3504/3504/3504 
f 3454/3454/3454 3504/3504/3504 3505/3505/3505 
f 3506/3506/3506 3500/3500/3500 3503/3503/3503 
f 3506/3506/3506 3503/3503/3503 3507/3507/3507 
f 3484/3484/3484 3506/3506/3506 3507/3507/3507 
f 3484/3484/3484 3507/3507/3507 3485/3485/3485 
f 3453/3453/3453 3433/3433/3433 3483/3483/3483 
f 3453/3453/3453 3483/3483/3483 3504/3504/3504 
f 3440/3440/3440 3454/3454/3454 3505/3505/3505 
f 3440/3440/3440 3505/3505/3505 3490/3490/3490 
f 3508/3508/3508 3509/3509/3509 3510/3510/3510 
f 3508/3508/3508 3510/3510/3510 3511/3511/3511 
f 3512/3512/3512 3513/3513/3513 3514/3514/3514 
f 3512/3512/3512 3514/3514/3514 3515/3515/3515 
f 3516/3516/3516 3512/3512/3512 3515/3515/3515 
f 3516/3516/3516 3515/3515/3515 3517/3517/3517 
f 3518/3518/3518 3516/3516/3516 3517/3517/3517 
f 3518/3518/3518 3517/3517/3517 3519/3519/3519 
f 3520/3520/3520 3518/3518/3518 3519/3519/3519 
f 3520/3520/3520 3519/3519/3519 3521/3521/3521 
f 3522/3522/3522 3520/3520/3520 3521/3521/3521 
f 3522/3522/3522 3521/3521/3521 3523/3523/3523 
f 3524/3524/3524 3522/3522/3522 3523/3523/3523 
f 3524/3524/3524 3523/3523/3523 3525/3525/3525 
f 3526/3526/3526 3524/3524/3524 3525/3525/3525 
f 3526/3526/3526 3525/3525/3525 3527/3527/3527 
f 3528/3528/3528 3526/3526/3526 3527/3527/3527 
f 3528/3528/3528 3527/3527/3527 3529/3529/3529 
f 3530/3530/3530 3531/3531/3531 3532/3532/3532 
f 3530/3530/3530 3532/3532/3532 3533/3533/3533 
f 3534/3534/3534 3535/3535/3535 3536/3536/3536 
f 3534/3534/3534 3536/3536/3536 3537/3537/3537 
f 3538/3538/3538 3539/3539/3539 3540/3540/3540 
f 3538/3538/3538 3540/3540/3540 3541/3541/3541 
f 3542/3542/3542 3543/3543/3543 3544/3544/3544 
f 3542/3542/3542 3544/3544/3544 3545/3545/3545 
f 3546/3546/3546 3542/3542/3542 3545/3545/3545 
f 3546/3546/3546 3545/3545/3545 3547/3547/3547 
f 3548/3548/3548 3546/3546/3546 3547/3547/3547 
f 3548/3548/3548 3547/3547/3547 3549/3549/3549 
f 3550/3550/3550 3548/3548/3548 3549/3549/3549 
f 3550/3550/3550 3549/3549/3549 3551/3551/3551 
f 3552/3552/3552 3550/3550/3550 3551/3551/3551 
f 3552/3552/3552 3551/3551/3551 3553/3553/3553 
f 3554/3554/3554 3552/3552/3552 3553/3553/3553 
f 3554/3554/3554 3553/3553/3553 3555/3555/3555 
f 3556/3556/3556 3554/3554/3554 3555/3555/3555 
f 3556/3556/3556 3555/3555/3555 3557/3557/3557 
f 3558/3558/3558 3556/3556/3556 3557/3557/3557 
f 3558/3558/3558 3557/3557/3557 3559/3559/3559 
f 3560/3560/3560 3561/3561/3561 3562/3562/3562 
f 3560/3560/3560 3562/3562/3562 3563/3563/3563 
f 3564/3564/3564 3565/3565/3565 3566/3566/3566 
f 3564/3564/3564 3566/3566/3566 3567/3567/3567 
f 3523/3523/3523 3521/3521/3521 3568/3568/3568 
f 3523/3523/3523 3568/3568/3568 3569/3569/3569 
f 3537/3537/3537 3536/3536/3536 3570/3570/3570 
f 3537/3537/3537 3570/3570/3570 3571/3571/3571 
f 3545/3545/3545 3544/3544/3544 3572/3572/3572 
f 3545/3545/3545 3572/3572/3572 3573/3573/3573 
f 3541/3541/3541 3540/3540/3540 3574/3574/3574 
f 3541/3541/3541 3574/3574/3574 3575/3575/3575 
f 3533/3533/3533 3532/3532/3532 3576/3576/3576 
f 3533/3533/3533 3576/3576/3576 3577/3577/3577 
f 3529/3529/3529 3527/3527/3527 3578/3578/3578 
f 3529/3529/3529 3578/3578/3578 3579/3579/3579 
f 3549/3549/3549 3547/3547/3547 3580/3580/3580 
f 3549/3549/3549 3580/3580/3580 3581/3581/3581 
f 3527/3527/3527 3525/3525/3525 3582/3582/3582 
f 3527/3527/3527 3582/3582/3582 3578/3578/3578 
f 3525/3525/3525 3523/3523/3523 3569/3569/3569 
f 3525/3525/3525 3569/3569/3569 3582/3582/3582 
f 3551/3551/3551 3549/3549/3549 3581/3581/3581 
f 3551/3551/3551 3581/3581/3581 3583/3583/3583 
f 3547/3547/3547 3545/3545/3545 3573/3573/3573 
f 3547/3547/3547 3573/3573/3573 3580/3580/3580 
f 3521/3521/3521 3519/3519/3519 3584/3584/3584 
f 3521/3521/3521 3584/3584/3584 3568/3568/3568 
f 3567/3567/3567 3566/3566/3566 3585/3585/3585 
f 3567/3567/3567 3585/3585/3585 3586/3586/3586 
f 3559/3559/3559 3557/3557/3557 3587/3587/3587 
f 3559/3559/3559 3587/3587/3587 3588/3588/3588 
f 3563/3563/3563 3562/3562/3562 3589/3589/3589 
f 3563/3563/3563 3589/3589/3589 3590/3590/3590 
f 3511/3511/3511 3510/3510/3510 3591/3591/3591 
f 3511/3511/3511 3591/3591/3591 3592/3592/3592 
f 3515/3515/3515 3514/3514/3514 3593/3593/3593 
f 3515/3515/3515 3593/3593/3593 3594/3594/3594 
f 3555/3555/3555 3553/3553/3553 3595/3595/3595 
f 3555/3555/3555 3595/3595/3595 3596/3596/3596 
f 3517/3517/3517 3515/3515/3515 3594/3594/3594 
f 3517/3517/3517 3594/3594/3594 3597/3597/3597 
f 3519/3519/3519 3517/3517/3517 3597/3597/3597 
f 3519/3519/3519 3597/3597/3597 3584/3584/3584 
f 3553/3553/3553 3551/3551/3551 3583/3583/3583 
f 3553/3553/3553 3583/3583/3583 3595/3595/3595 
f 3557/3557/3557 3555/3555/3555 3596/3596/3596 
f 3557/3557/3557 3596/3596/3596 3587/3587/3587 
f 3569/3569/3569 3568/3568/3568 3598/3598/3598 
f 3569/3569/3569 3598/3598/3598 3599/3599/3599 
f 3571/3571/3571 3570/3570/3570 3600/3600/3600 
f 3571/3571/3571 3600/3600/3600 3601/3601/3601 
f 3602/3602/3602 3603/3603/3603 3604/3604/3604 
f 3602/3602/3602 3604/3604/3604 3605/3605/3605 
f 3575/3575/3575 3574/3574/3574 3606/3606/3606 
f 3575/3575/3575 3606/3606/3606 3607/3607/3607 
f 3577/3577/3577 3576/3576/3576 3608/3608/3608 
f 3577/3577/3577 3608/3608/3608 3609/3609/3609 
f 3579/3579/3579 3578/3578/3578 3610/3610/3610 
f 3579/3579/3579 3610/3610/3610 3611/3611/3611 
f 3612/3612/3612 3613/3613/3613 3614/3614/3614 
f 3612/3612/3612 3614/3614/3614 3615/3615/3615 
f 3578/3578/3578 3582/3582/3582 3616/3616/3616 
f 3578/3578/3578 3616/3616/3616 3610/3610/3610 
f 3582/3582/3582 3569/3569/3569 3599/3599/3599 
f 3582/3582/3582 3599/3599/3599 3616/3616/3616 
f 3617/3617/3617 3612/3612/3612 3615/3615/3615 
f 3617/3617/3617 3615/3615/3615 3618/3618/3618 
f 3613/3613/3613 3602/3602/3602 3605/3605/3605 
f 3613/3613/3613 3605/3605/3605 3614/3614/3614 
f 3568/3568/3568 3584/3584/3584 3619/3619/3619 
f 3568/3568/3568 3619/3619/3619 3598/3598/3598 
f 3586/3586/3586 3585/3585/3585 3620/3620/3620 
f 3586/3586/3586 3620/3620/3620 3621/3621/3621 
f 3622/3622/3622 3623/3623/3623 3624/3624/3624 
f 3622/3622/3622 3624/3624/3624 3625/3625/3625 
f 3590/3590/3590 3589/3589/3589 3626/3626/3626 
f 3590/3590/3590 3626/3626/3626 3627/3627/3627 
f 3592/3592/3592 3591/3591/3591 3628/3628/3628 
f 3592/3592/3592 3628/3628/3628 3629/3629/3629 
f 3594/3594/3594 3593/3593/3593 3630/3630/3630 
f 3594/3594/3594 3630/3630/3630 3631/3631/3631 
f 3632/3632/3632 3633/3633/3633 3634/3634/3634 
f 3632/3632/3632 3634/3634/3634 3635/3635/3635 
f 3597/3597/3597 3594/3594/3594 3631/3631/3631 
f 3597/3597/3597 3631/3631/3631 3636/3636/3636 
f 3584/3584/3584 3597/3597/3597 3636/3636/3636 
f 3584/3584/3584 3636/3636/3636 3619/3619/3619 
f 3633/3633/3633 3617/3617/3617 3618/3618/3618 
f 3633/3633/3633 3618/3618/3618 3634/3634/3634 
f 3623/3623/3623 3632/3632/3632 3635/3635/3635 
f 3623/3623/3623 3635/3635/3635 3624/3624/3624 
f 3637/3637/3637 3638/3638/3638 3639/3639/3639 
f 3637/3637/3637 3639/3639/3639 3640/3640/3640 
f 3641/3641/3641 3642/3642/3642 3643/3643/3643 
f 3641/3641/3641 3643/3643/3643 3644/3644/3644 
f 3645/3645/3645 3646/3646/3646 3647/3647/3647 
f 3645/3645/3645 3647/3647/3647 3648/3648/3648 
f 3646/3646/3646 3649/3649/3649 3650/3650/3650 
f 3646/3646/3646 3650/3650/3650 3647/3647/3647 
f 3649/3649/3649 3651/3651/3651 3652/3652/3652 
f 3649/3649/3649 3652/3652/3652 3650/3650/3650 
f 3651/3651/3651 3653/3653/3653 3654/3654/3654 
f 3651/3651/3651 3654/3654/3654 3652/3652/3652 
f 3653/3653/3653 3655/3655/3655 3656/3656/3656 
f 3653/3653/3653 3656/3656/3656 3654/3654/3654 
f 3655/3655/3655 3657/3657/3657 3658/3658/3658 
f 3655/3655/3655 3658/3658/3658 3656/3656/3656 
f 3657/3657/3657 3659/3659/3659 3660/3660/3660 
f 3657/3657/3657 3660/3660/3660 3658/3658/3658 
f 3661/3661/3661 3660/3660/3660 3659/3659/3659 
f 3661/3661/3661 3659/3659/3659 3662/3662/3662 
f 3663/3663/3663 3664/3664/3664 3665/3665/3665 
f 3663/3663/3663 3665/3665/3665 3666/3666/3666 
f 3667/3667/3667 3668/3668/3668 3669/3669/3669 
f 3667/3667/3667 3669/3669/3669 3670/3670/3670 
f 3671/3671/3671 3667/3667/3667 3670/3670/3670 
f 3671/3671/3671 3670/3670/3670 3672/3672/3672 
f 3673/3673/3673 3671/3671/3671 3672/3672/3672 
f 3673/3673/3673 3672/3672/3672 3674/3674/3674 
f 3675/3675/3675 3673/3673/3673 3674/3674/3674 
f 3675/3675/3675 3674/3674/3674 3676/3676/3676 
f 3677/3677/3677 3675/3675/3675 3676/3676/3676 
f 3677/3677/3677 3676/3676/3676 3678/3678/3678 
f 3679/3679/3679 3677/3677/3677 3678/3678/3678 
f 3679/3679/3679 3678/3678/3678 3680/3680/3680 
f 3681/3681/3681 3679/3679/3679 3680/3680/3680 
f 3681/3681/3681 3680/3680/3680 3682/3682/3682 
f 3683/3683/3683 3681/3681/3681 3682/3682/3682 
f 3683/3683/3683 3682/3682/3682 3684/3684/3684 
f 3685/3685/3685 3686/3686/3686 3687/3687/3687 
f 3685/3685/3685 3687/3687/3687 3688/3688/3688 
f 3689/3689/3689 3690/3690/3690 3691/3691/3691 
f 3689/3689/3689 3691/3691/3691 3692/3692/3692 
f 3693/3693/3693 3694/3694/3694 3695/3695/3695 
f 3693/3693/3693 3695/3695/3695 3696/3696/3696 
f 3697/3697/3697 3698/3698/3698 3699/3699/3699 
f 3697/3697/3697 3699/3699/3699 3700/3700/3700 
f 3701/3701/3701 3697/3697/3697 3700/3700/3700 
f 3701/3701/3701 3700/3700/3700 3702/3702/3702 
f 3703/3703/3703 3701/3701/3701 3702/3702/3702 
f 3703/3703/3703 3702/3702/3702 3704/3704/3704 
f 3705/3705/3705 3703/3703/3703 3704/3704/3704 
f 3705/3705/3705 3704/3704/3704 3706/3706/3706 
f 3707/3707/3707 3705/3705/3705 3706/3706/3706 
f 3707/3707/3707 3706/3706/3706 3708/3708/3708 
f 3709/3709/3709 3707/3707/3707 3708/3708/3708 
f 3709/3709/3709 3708/3708/3708 3710/3710/3710 
f 3711/3711/3711 3709/3709/3709 3710/3710/3710 
f 3711/3711/3711 3710/3710/3710 3712/3712/3712 
f 3713/3713/3713 3711/3711/3711 3712/3712/3712 
f 3713/3713/3713 3712/3712/3712 3714/3714/3714 
f 3715/3715/3715 3716/3716/3716 3717/3717/3717 
f 3715/3715/3715 3717/3717/3717 3718/3718/3718 
f 3719/3719/3719 3720/3720/3720 3721/3721/3721 
f 3719/3719/3719 3721/3721/3721 3722/3722/3722 
f 3666/3666/3666 3665/3665/3665 3509/3509/3509 
f 3666/3666/3666 3509/3509/3509 3508/3508/3508 
f 3670/3670/3670 3669/3669/3669 3513/3513/3513 
f 3670/3670/3670 3513/3513/3513 3512/3512/3512 
f 3672/3672/3672 3670/3670/3670 3512/3512/3512 
f 3672/3672/3672 3512/3512/3512 3516/3516/3516 
f 3674/3674/3674 3672/3672/3672 3516/3516/3516 
f 3674/3674/3674 3516/3516/3516 3518/3518/3518 
f 3676/3676/3676 3674/3674/3674 3518/3518/3518 
f 3676/3676/3676 3518/3518/3518 3520/3520/3520 
f 3678/3678/3678 3676/3676/3676 3520/3520/3520 
f 3678/3678/3678 3520/3520/3520 3522/3522/3522 
f 3680/3680/3680 3678/3678/3678 3522/3522/3522 
f 3680/3680/3680 3522/3522/3522 3524/3524/3524 
f 3682/3682/3682 3680/3680/3680 3524/3524/3524 
f 3682/3682/3682 3524/3524/3524 3526/3526/3526 
f 3684/3684/3684 3682/3682/3682 3526/3526/3526 
f 3684/3684/3684 3526/3526/3526 3528/3528/3528 
f 3688/3688/3688 3687/3687/3687 3531/3531/3531 
f 3688/3688/3688 3531/3531/3531 3530/3530/3530 
f 3692/3692/3692 3691/3691/3691 3535/3535/3535 
f 3692/3692/3692 3535/3535/3535 3534/3534/3534 
f 3696/3696/3696 3695/3695/3695 3539/3539/3539 
f 3696/3696/3696 3539/3539/3539 3538/3538/3538 
f 3700/3700/3700 3699/3699/3699 3543/3543/3543 
f 3700/3700/3700 3543/3543/3543 3542/3542/3542 
f 3702/3702/3702 3700/3700/3700 3542/3542/3542 
f 3702/3702/3702 3542/3542/3542 3546/3546/3546 
f 3704/3704/3704 3702/3702/3702 3546/3546/3546 
f 3704/3704/3704 3546/3546/3546 3548/3548/3548 
f 3706/3706/3706 3704/3704/3704 3548/3548/3548 
f 3706/3706/3706 3548/3548/3548 3550/3550/3550 
f 3708/3708/3708 3706/3706/3706 3550/3550/3550 
f 3708/3708/3708 3550/3550/3550 3552/3552/3552 
f 3710/3710/3710 3708/3708/3708 3552/3552/3552 
f 3710/3710/3710 3552/3552/3552 3554/3554/3554 
f 3712/3712/3712 3710/3710/3710 3554/3554/3554 
f 3712/3712/3712 3554/3554/3554 3556/3556/3556 
f 3714/3714/3714 3712/3712/3712 3556/3556/3556 
f 3714/3714/3714 3556/3556/3556 3558/3558/3558 
f 3718/3718/3718 3717/3717/3717 3561/3561/3561 
f 3718/3718/3718 3561/3561/3561 3560/3560/3560 
f 3722/3722/3722 3721/3721/3721 3565/3565/3565 
f 3722/3722/3722 3565/3565/3565 3564/3564/3564 
f 3499/3499/3499 3498/3498/3498 3664/3664/3664 
f 3499/3499/3499 3664/3664/3664 3663/3663/3663 
f 3503/3503/3503 3502/3502/3502 3668/3668/3668 
f 3503/3503/3503 3668/3668/3668 3667/3667/3667 
f 3507/3507/3507 3503/3503/3503 3667/3667/3667 
f 3507/3507/3507 3667/3667/3667 3671/3671/3671 
f 3485/3485/3485 3507/3507/3507 3671/3671/3671 
f 3485/3485/3485 3671/3671/3671 3673/3673/3673 
f 3459/3459/3459 3485/3485/3485 3673/3673/3673 
f 3459/3459/3459 3673/3673/3673 3675/3675/3675 
f 3460/3460/3460 3459/3459/3459 3675/3675/3675 
f 3460/3460/3460 3675/3675/3675 3677/3677/3677 
f 3482/3482/3482 3460/3460/3460 3677/3677/3677 
f 3482/3482/3482 3677/3677/3677 3679/3679/3679 
f 3477/3477/3477 3482/3482/3482 3679/3679/3679 
f 3477/3477/3477 3679/3679/3679 3681/3681/3681 
f 3478/3478/3478 3477/3477/3477 3681/3681/3681 
f 3478/3478/3478 3681/3681/3681 3683/3683/3683 
f 3474/3474/3474 3473/3473/3473 3686/3686/3686 
f 3474/3474/3474 3686/3686/3686 3685/3685/3685 
f 3464/3464/3464 3463/3463/3463 3690/3690/3690 
f 3464/3464/3464 3690/3690/3690 3689/3689/3689 
f 3470/3470/3470 3469/3469/3469 3694/3694/3694 
f 3470/3470/3470 3694/3694/3694 3693/3693/3693 
f 3466/3466/3466 3465/3465/3465 3698/3698/3698 
f 3466/3466/3466 3698/3698/3698 3697/3697/3697 
f 3479/3479/3479 3466/3466/3466 3697/3697/3697 
f 3479/3479/3479 3697/3697/3697 3701/3701/3701 
f 3480/3480/3480 3479/3479/3479 3701/3701/3701 
f 3480/3480/3480 3701/3701/3701 3703/3703/3703 
f 3483/3483/3483 3480/3480/3480 3703/3703/3703 
f 3483/3483/3483 3703/3703/3703 3705/3705/3705 
f 3504/3504/3504 3483/3483/3483 3705/3705/3705 
f 3504/3504/3504 3705/3705/3705 3707/3707/3707 
f 3505/3505/3505 3504/3504/3504 3707/3707/3707 
f 3505/3505/3505 3707/3707/3707 3709/3709/3709 
f 3490/3490/3490 3505/3505/3505 3709/3709/3709 
f 3490/3490/3490 3709/3709/3709 3711/3711/3711 
f 3491/3491/3491 3490/3490/3490 3711/3711/3711 
f 3491/3491/3491 3711/3711/3711 3713/3713/3713 
f 3495/3495/3495 3494/3494/3494 3716/3716/3716 
f 3495/3495/3495 3716/3716/3716 3715/3715/3715 
f 3489/3489/3489 3488/3488/3488 3720/3720/3720 
f 3489/3489/3489 3720/3720/3720 3719/3719/3719 
f 3723/3723/3723 3724/3724/3724 3725/3725/3725 
f 3726/3726/3726 3727/3727/3727 3725/3725/3725 
f 3728/3728/3728 3729/3729/3729 3725/3725/3725 
f 3724/3724/3724 3726/3726/3726 3725/3725/3725 
f 3727/3727/3727 3730/3730/3730 3725/3725/3725 
f 3731/3731/3731 3732/3732/3732 3725/3725/3725 
f 3730/3730/3730 3733/3733/3733 3725/3725/3725 
f 3733/3733/3733 3734/3734/3734 3725/3725/3725 
f 3732/3732/3732 3723/3723/3723 3725/3725/3725 
f 3734/3734/3734 3728/3728/3728 3725/3725/3725 
f 3735/3735/3735 3731/3731/3731 3725/3725/3725 
f 3736/3736/3736 3737/3737/3737 3725/3725/3725 
f 3738/3738/3738 3739/3739/3739 3725/3725/3725 
f 3729/3729/3729 3740/3740/3740 3725/3725/3725 
f 3739/3739/3739 3736/3736/3736 3725/3725/3725 
f 3741/3741/3741 3738/3738/3738 3725/3725/3725 
f 3742/3742/3742 3743/3743/3743 3725/3725/3725 
f 3744/3744/3744 3741/3741/3741 3725/3725/3725 
f 3745/3745/3745 3744/3744/3744 3725/3725/3725 
f 3737/3737/3737 3742/3742/3742 3725/3725/3725 
f 3740/3740/3740 3745/3745/3745 3725/3725/3725 
f 3743/3743/3743 3735/3735/3735 3725/3725/3725 
f 3746/3746/3746 3747/3747/3747 3748/3748/3748 
f 3746/3746/3746 3748/3748/3748 3749/3749/3749 
f 3747/3747/3747 3750/3750/3750 3751/3751/3751 
f 3747/3747/3747 3751/3751/3751 3748/3748/3748 
f 3750/3750/3750 3752/3752/3752 3753/3753/3753 
f 3750/3750/3750 3753/3753/3753 3751/3751/3751 
f 3754/3754/3754 3755/3755/3755 3756/3756/3756 
f 3754/3754/3754 3756/3756/3756 3757/3757/3757 
f 3755/3755/3755 3758/3758/3758 3759/3759/3759 
f 3755/3755/3755 3759/3759/3759 3756/3756/3756 
f 3758/3758/3758 3760/3760/3760 3761/3761/3761 
f 3758/3758/3758 3761/3761/3761 3759/3759/3759 
f 3760/3760/3760 3762/3762/3762 3763/3763/3763 
f 3760/3760/3760 3763/3763/3763 3761/3761/3761 
f 3762/3762/3762 3764/3764/3764 3765/3765/3765 
f 3762/3762/3762 3765/3765/3765 3763/3763/3763 
f 3764/3764/3764 3766/3766/3766 3767/3767/3767 
f 3764/3764/3764 3767/3767/3767 3765/3765/3765 
f 3766/3766/3766 3768/3768/3768 3769/3769/3769 
f 3766/3766/3766 3769/3769/3769 3767/3767/3767 
f 3768/3768/3768 3770/3770/3770 3771/3771/3771 
f 3768/3768/3768 3771/3771/3771 3769/3769/3769 
f 3770/3770/3770 3746/3746/3746 3749/3749/3749 
f 3770/3770/3770 3749/3749/3749 3771/3771/3771 
f 3772/3772/3772 3773/3773/3773 3774/3774/3774 
f 3772/3772/3772 3774/3774/3774 3775/3775/3775 
f 3773/3773/3773 3776/3776/3776 3777/3777/3777 
f 3773/3773/3773 3777/3777/3777 3774/3774/3774 
f 3776/3776/3776 3778/3778/3778 3779/3779/3779 
f 3776/3776/3776 3779/3779/3779 3777/3777/3777 
f 3778/3778/3778 3780/3780/3780 3781/3781/3781 
f 3778/3778/3778 3781/3781/3781 3779/3779/3779 
f 3780/3780/3780 3782/3782/3782 3783/3783/3783 
f 3780/3780/3780 3783/3783/3783 3781/3781/3781 
f 3782/3782/3782 3784/3784/3784 3785/3785/3785 
f 3782/3782/3782 3785/3785/3785 3783/3783/3783 
f 3784/3784/3784 3786/3786/3786 3787/3787/3787 
f 3784/3784/3784 3787/3787/3787 3785/3785/3785 
f 3786/3786/3786 3788/3788/3788 3789/3789/3789 
f 3786/3786/3786 3789/3789/3789 3787/3787/3787 
f 3788/3788/3788 3790/3790/3790 3791/3791/3791 
f 3788/3788/3788 3791/3791/3791 3789/3789/3789 
f 3790/3790/3790 3792/3792/3792 3793/3793/3793 
f 3790/3790/3790 3793/3793/3793 3791/3791/3791 
f 3792/3792/3792 3794/3794/3794 3795/3795/3795 
f 3792/3792/3792 3795/3795/3795 3793/3793/3793 
f 3794/3794/3794 3772/3772/3772 3775/3775/3775 
f 3794/3794/3794 3775/3775/3775 3795/3795/3795 
f 3796/3796/3796 3797/3797/3797 3798/3798/3798 
f 3797/3797/3797 3799/3799/3799 3798/3798/3798 
f 3799/3799/3799 3800/3800/3800 3798/3798/3798 
f 3800/3800/3800 3801/3801/3801 3798/3798/3798 
f 3801/3801/3801 3802/3802/3802 3798/3798/3798 
f 3802/3802/3802 3803/3803/3803 3798/3798/3798 
f 3803/3803/3803 3804/3804/3804 3798/3798/3798 
f 3804/3804/3804 3805/3805/3805 3798/3798/3798 
f 3805/3805/3805 3806/3806/3806 3798/3798/3798 
f 3806/3806/3806 3807/3807/3807 3798/3798/3798 
f 3807/3807/3807 3808/3808/3808 3798/3798/3798 
f 3808/3808/3808 3796/3796/3796 3798/3798/3798 

g R6Bacon6

v -6.24624 3.8988 17.8276 
v -6.21256 3.8988 17.7874 
v -6 3.8988 18 
v -6.18455 3.8988 17.7627 
v -6.27244 3.8988 17.873 
v -6.14599 3.8988 17.7373 
v -6.29036 3.8988 17.9222 
v -6.09506 3.8988 17.7149 
v -6.29946 3.8988 17.9739 
v -6.0332 3.8988 17.7012 
v -6.29946 3.8988 18.0262 
v -5.9668 3.8988 17.7012 
v -6.29036 3.8988 18.0779 
v -5.90494 3.8988 17.7149 
v -6.27244 3.8988 18.127 
v -5.85401 3.8988 17.7373 
v -6.24624 3.8988 18.1725 
v -5.81545 3.8988 17.7627 
v -6.21256 3.8988 18.2126 
v -5.78744 3.8988 17.7874 
v -6.17242 3.8988 18.2463 
v -5.75376 3.8988 17.8276 
v -6.12704 3.8988 18.2724 
v -5.72756 3.8988 17.873 
v -6.0778 3.8988 18.2903 
v -5.70964 3.8988 17.9222 
v -6.0262 3.8988 18.2994 
v -5.70054 3.8988 17.9739 
v -5.9738 3.8988 18.2994 
v -5.70054 3.8988 18.0262 
v -5.9222 3.8988 18.2903 
v -5.70964 3.8988 18.0779 
v -5.87296 3.8988 18.2724 
v -5.72756 3.8988 18.127 
v -5.82758 3.8988 18.2463 
v -5.75376 3.8988 18.1725 
v -5.78744 3.8988 18.2126 
v -6 5.1012 18 
v -5.70964 5.1012 17.9222 
v -5.72756 5.1012 17.873 
v -5.78744 5.1012 17.7874 
v -5.81545 5.1012 17.7627 
v -5.59852 5.0783 17.8925 
v -5.70054 5.1012 17.9739 
v -5.58594 5.0783 17.9637 
v -5.85401 5.1012 17.7373 
v -5.90494 5.1012 17.7149 
v -5.9668 5.1012 17.7012 
v -6.0332 5.1012 17.7012 
v -6.09506 5.1012 17.7149 
v -6.14599 5.1012 17.7373 
v -6.18455 5.1012 17.7627 
v -6.21256 5.1012 17.7874 
v -5.70054 5.1012 18.0262 
v -5.58594 5.0783 18.0363 
v -5.48879 5.0132 17.9552 
v -5.70964 5.1012 18.0779 
v -5.48879 5.0132 18.0448 
v -5.42387 4.9156 17.9496 
v -5.59852 5.0783 18.1076 
v -5.72756 5.1012 18.127 
v -5.50432 5.0132 18.1329 
v -5.42387 4.9156 18.0504 
v -5.40108 4.8006 17.9477 
v -5.6233 5.0783 18.1757 
v -5.40108 4.8006 18.0524 
v -5.40108 4.1994 17.9477 
v -5.44138 4.9156 18.1497 
v -5.53491 5.0132 18.2169 
v -5.75376 5.1012 18.1725 
v -5.65953 5.0783 18.2384 
v -5.78744 5.1012 18.2126 
v -5.57964 5.0132 18.2943 
v -5.47586 4.9156 18.2444 
v -5.7061 5.0783 18.2939 
v -5.52626 4.9156 18.3317 
v -5.81545 5.1012 18.2374 
v -5.63714 5.0132 18.3629 
v -5.7616 5.0783 18.3405 
v -5.85401 5.1012 18.2627 
v -5.70566 5.0132 18.4203 
v -5.59106 4.9156 18.409 
v -5.82434 5.0783 18.3768 
v -5.66828 4.9156 18.4738 
v -5.90494 5.1012 18.2853 
v -5.78313 5.0132 18.4651 
v -5.89242 5.0783 18.4016 
v -5.9668 5.1012 18.2987 
v -5.86718 5.0132 18.4958 
v -5.75559 4.9156 18.5242 
v -5.96377 5.0783 18.4141 
v -5.85032 4.9156 18.5587 
v -6.0332 5.1012 18.2987 
v -5.95527 5.0132 18.5112 
v -6.03623 5.0783 18.4141 
v -6.09506 5.1012 18.2853 
v -6.04473 5.0132 18.5112 
v -5.9496 4.9156 18.5761 
v -6.10758 5.0783 18.4016 
v -6.0504 4.9156 18.5761 
v -6.14599 5.1012 18.2627 
v -6.13282 5.0132 18.4958 
v -6.17566 5.0783 18.3768 
v -6.18455 5.1012 18.2374 
v -6.21687 5.0132 18.4651 
v -6.14968 4.9156 18.5587 
v -6.2384 5.0783 18.3405 
v -6.24441 4.9156 18.5242 
v -6.21256 5.1012 18.2126 
v -6.29434 5.0132 18.4203 
v -6.2939 5.0783 18.2939 
v -6.23728 5.1012 18.1846 
v -6.36286 5.0132 18.3629 
v -6.33172 4.9156 18.4738 
v -6.34048 5.0783 18.2384 
v -6.40894 4.9156 18.409 
v -6.26278 5.1012 18.146 
v -6.42036 5.0132 18.2943 
v -6.3767 5.0783 18.1757 
v -6.28518 5.1012 18.0951 
v -6.46509 5.0132 18.2169 
v -6.47374 4.9156 18.3317 
v -6.40148 5.0783 18.1076 
v -6.52415 4.9156 18.2444 
v -6.29877 5.1012 18.0332 
v -6.49568 5.0132 18.1329 
v -6.41406 5.0783 18.0363 
v -6.29877 5.1012 17.9669 
v -6.51121 5.0132 18.0448 
v -6.55862 4.9156 18.1497 
v -6.41406 5.0783 17.9637 
v -6.28518 5.1012 17.9049 
v -6.26278 5.1012 17.854 
v -6.40148 5.0783 17.8925 
v -6.51121 5.0132 17.9552 
v -6.57613 4.9156 18.0504 
v -6.23728 5.1012 17.8154 
v -6.3767 5.0783 17.8243 
v -6.34048 5.0783 17.7617 
v -6.2939 5.0783 17.7062 
v -6.49568 5.0132 17.8672 
v -6.46509 5.0132 17.7831 
v -6.42036 5.0132 17.7057 
v -6.36286 5.0132 17.6371 
v -6.57613 4.9156 17.9496 
v -6.55862 4.9156 17.8503 
v -6.52415 4.9156 17.7556 
v -6.47374 4.9156 17.6684 
v -6.40894 4.9156 17.591 
v -6.49248 4.8006 17.6552 
v -6.42512 4.8006 17.575 
v -6.54488 4.8006 17.7459 
v -6.58073 4.8006 17.8444 
v -6.59892 4.8006 17.9477 
v -6.49248 4.1994 17.6552 
v -6.42512 4.1994 17.575 
v -6.54488 4.1994 17.7459 
v -6.58073 4.1994 17.8444 
v -6.59892 4.1994 17.9477 
v -5.7061 3.9217 18.2939 
v -5.78744 3.8988 18.2126 
v -5.75376 3.8988 18.1725 
v -5.7616 3.9217 18.3405 
v -5.82758 3.8988 18.2463 
v -5.65953 3.9217 18.2384 
v -5.72756 3.8988 18.127 
v -5.70566 3.9868 18.4203 
v -5.63714 3.9868 18.3629 
v -5.6233 3.9217 18.1757 
v -5.70964 3.8988 18.0779 
v -5.57964 3.9868 18.2943 
v -5.66828 4.0843 18.4738 
v -5.59106 4.0843 18.409 
v -5.59852 3.9217 18.1076 
v -5.70054 3.8988 18.0262 
v -5.53491 3.9868 18.2169 
v -5.52626 4.0843 18.3317 
v -5.58594 3.9217 18.0363 
v -5.70054 3.8988 17.9739 
v -5.50432 3.9868 18.1329 
v -5.47586 4.0843 18.2444 
v -5.58594 3.9217 17.9637 
v -5.70964 3.8988 17.9222 
v -5.48879 3.9868 18.0448 
v -5.44138 4.0843 18.1497 
v -5.59852 3.9217 17.8925 
v -5.72756 3.8988 17.873 
v -5.48879 3.9868 17.9552 
v -5.42387 4.0843 18.0504 
v -5.6233 3.9217 17.8243 
v -5.75376 3.8988 17.8276 
v -5.50432 3.9868 17.8672 
v -5.42387 4.0843 17.9496 
v -5.65953 3.9217 17.7617 
v -5.78744 3.8988 17.7874 
v -5.7061 3.9217 17.7062 
v -5.53491 3.9868 17.7831 
v -5.57964 3.9868 17.7057 
v -5.63714 3.9868 17.6371 
v -5.44138 4.0843 17.8503 
v -5.47586 4.0843 17.7556 
v -5.52626 4.0843 17.6684 
v -5.59106 4.0843 17.591 
v -5.50752 4.1994 17.6552 
v -5.57488 4.1994 17.575 
v -5.45512 4.1994 17.7459 
v -5.41927 4.1994 17.8444 
v -5.50752 4.8006 17.6552 
v -5.57488 4.8006 17.575 
v -5.45512 4.8006 17.7459 
v -5.41927 4.8006 17.8444 
v -5.52626 4.9156 17.6684 
v -5.59106 4.9156 17.591 
v -5.47586 4.9156 17.7556 
v -5.44138 4.9156 17.8503 
v -5.57964 5.0132 17.7057 
v -5.63714 5.0132 17.6371 
v -5.53491 5.0132 17.7831 
v -5.50432 5.0132 17.8672 
v -5.65953 5.0783 17.7617 
v -5.7061 5.0783 17.7062 
v -5.6233 5.0783 17.8243 
v -5.75376 5.1012 17.8276 
v -5.7061 3.9217 17.7062 
v -5.78744 3.8988 17.7874 
v -5.81545 3.8988 17.7627 
v -5.7616 3.9217 17.6595 
v -5.63714 3.9868 17.6371 
v -5.85401 3.8988 17.7373 
v -5.70566 3.9868 17.5797 
v -5.59106 4.0843 17.591 
v -5.82434 3.9217 17.6233 
v -5.90494 3.8988 17.7149 
v -5.66828 4.0843 17.5262 
v -5.57488 4.1994 17.575 
v -5.78313 3.9868 17.535 
v -5.89242 3.9217 17.5985 
v -5.9668 3.8988 17.7012 
v -5.65516 4.1994 17.5075 
v -5.57488 4.8006 17.575 
v -5.75559 4.0843 17.4758 
v -5.86718 3.9868 17.5043 
v -5.96377 3.9217 17.5859 
v -6.0332 3.8988 17.7012 
v -5.65516 4.8006 17.5075 
v -5.59106 4.9156 17.591 
v -5.74592 4.1994 17.4552 
v -5.85032 4.0843 17.4413 
v -5.95527 3.9868 17.4888 
v -6.03623 3.9217 17.5859 
v -6.09506 3.8988 17.7149 
v -6.10758 3.9217 17.5985 
v -6.14599 3.8988 17.7373 
v -6.04473 3.9868 17.4888 
v -5.9496 4.0843 17.4239 
v -5.84439 4.1994 17.4193 
v -6.17566 3.9217 17.6233 
v -6.18455 3.8988 17.7627 
v -6.13282 3.9868 17.5043 
v -6.0504 4.0843 17.4239 
v -5.9476 4.1994 17.4011 
v -6.2384 3.9217 17.6595 
v -6.21256 3.8988 17.7874 
v -6.2939 3.9217 17.7062 
v -6.21687 3.9868 17.535 
v -6.29434 3.9868 17.5797 
v -6.36286 3.9868 17.6371 
v -6.14968 4.0843 17.4413 
v -6.24441 4.0843 17.4758 
v -6.33172 4.0843 17.5262 
v -6.40894 4.0843 17.591 
v -6.0524 4.1994 17.4011 
v -6.15561 4.1994 17.4193 
v -6.25408 4.1994 17.4552 
v -6.34484 4.1994 17.5075 
v -6.42512 4.1994 17.575 
v -6.34484 4.8006 17.5075 
v -6.42512 4.8006 17.575 
v -6.25408 4.8006 17.4552 
v -6.15561 4.8006 17.4193 
v -6.0524 4.8006 17.4011 
v -6.33172 4.9156 17.5262 
v -6.40894 4.9156 17.591 
v -6.24441 4.9156 17.4758 
v -6.14968 4.9156 17.4413 
v -6.0504 4.9156 17.4239 
v -6.29434 5.0132 17.5797 
v -6.36286 5.0132 17.6371 
v -6.21687 5.0132 17.535 
v -6.13282 5.0132 17.5043 
v -6.04473 5.0132 17.4888 
v -6.2384 5.0783 17.6595 
v -6.2939 5.0783 17.7062 
v -6.18455 5.1012 17.7627 
v -6.21256 5.1012 17.7874 
v -6.14599 5.1012 17.7373 
v -6.17566 5.0783 17.6233 
v -6.09506 5.1012 17.7149 
v -6.10758 5.0783 17.5985 
v -6.0332 5.1012 17.7012 
v -6.03623 5.0783 17.5859 
v -5.9668 5.1012 17.7012 
v -5.96377 5.0783 17.5859 
v -5.90494 5.1012 17.7149 
v -5.95527 5.0132 17.4888 
v -5.89242 5.0783 17.5985 
v -5.85401 5.1012 17.7373 
v -5.9496 4.9156 17.4239 
v -5.86718 5.0132 17.5043 
v -5.82434 5.0783 17.6233 
v -5.81545 5.1012 17.7627 
v -5.9476 4.8006 17.4011 
v -5.85032 4.9156 17.4413 
v -5.84439 4.8006 17.4193 
v -5.78313 5.0132 17.535 
v -5.75559 4.9156 17.4758 
v -5.74592 4.8006 17.4552 
v -5.66828 4.9156 17.5262 
v -5.63714 5.0132 17.6371 
v -5.70566 5.0132 17.5797 
v -5.7061 5.0783 17.7062 
v -5.7616 5.0783 17.6595 
v -5.78744 5.1012 17.7874 
v -6.47374 4.0843 17.6684 
v -6.40894 4.0843 17.591 
v -6.52415 4.0843 17.7556 
v -6.55862 4.0843 17.8503 
v -6.57613 4.0843 17.9496 
v -6.42036 3.9868 17.7057 
v -6.36286 3.9868 17.6371 
v -6.46509 3.9868 17.7831 
v -6.49568 3.9868 17.8672 
v -6.51121 3.9868 17.9552 
v -6.34048 3.9217 17.7617 
v -6.2939 3.9217 17.7062 
v -6.24624 3.8988 17.8276 
v -6.21256 3.8988 17.7874 
v -6.27244 3.8988 17.873 
v -6.3767 3.9217 17.8243 
v -6.29036 3.8988 17.9222 
v -6.40148 3.9217 17.8925 
v -6.29946 3.8988 17.9739 
v -6.41406 3.9217 17.9637 
v -6.29946 3.8988 18.0262 
v -6.41406 3.9217 18.0363 
v -6.29036 3.8988 18.0779 
v -6.51121 3.9868 18.0448 
v -6.40148 3.9217 18.1076 
v -6.27244 3.8988 18.127 
v -6.57613 4.0843 18.0504 
v -6.49568 3.9868 18.1329 
v -6.3767 3.9217 18.1757 
v -6.24624 3.8988 18.1725 
v -6.59892 4.1994 18.0524 
v -6.55862 4.0843 18.1497 
v -6.46509 3.9868 18.2169 
v -6.34048 3.9217 18.2384 
v -6.21256 3.8988 18.2126 
v -6.59892 4.8006 18.0524 
v -6.58073 4.1994 18.1557 
v -6.58073 4.8006 18.1557 
v -6.52415 4.0843 18.2444 
v -6.54488 4.1994 18.2542 
v -6.54488 4.8006 18.2542 
v -6.42036 3.9868 18.2943 
v -6.47374 4.0843 18.3317 
v -6.49248 4.1994 18.3448 
v -6.49248 4.8006 18.3448 
v -6.2939 3.9217 18.2939 
v -6.17242 3.8988 18.2463 
v -6.36286 3.9868 18.3629 
v -6.2384 3.9217 18.3405 
v -6.12704 3.8988 18.2724 
v -6.40894 4.0843 18.409 
v -6.29434 3.9868 18.4203 
v -6.17566 3.9217 18.3768 
v -6.0778 3.8988 18.2903 
v -6.42512 4.1994 18.4251 
v -6.33172 4.0843 18.4738 
v -6.21687 3.9868 18.4651 
v -6.10758 3.9217 18.4016 
v -6.0262 3.8988 18.2994 
v -6.42512 4.8006 18.4251 
v -6.34484 4.1994 18.4925 
v -6.34484 4.8006 18.4925 
v -6.24441 4.0843 18.5242 
v -6.25408 4.1994 18.5449 
v -6.25408 4.8006 18.5449 
v -6.13282 3.9868 18.4958 
v -6.14968 4.0843 18.5587 
v -6.15561 4.1994 18.5807 
v -6.15561 4.8006 18.5807 
v -6.03623 3.9217 18.4141 
v -5.9738 3.8988 18.2994 
v -6.04473 3.9868 18.5112 
v -5.96377 3.9217 18.4141 
v -5.9222 3.8988 18.2903 
v -6.0504 4.0843 18.5761 
v -5.95527 3.9868 18.5112 
v -5.89242 3.9217 18.4016 
v -5.87296 3.8988 18.2724 
v -6.0524 4.1994 18.5989 
v -5.9496 4.0843 18.5761 
v -5.86718 3.9868 18.4958 
v -5.82434 3.9217 18.3768 
v -5.78313 3.9868 18.4651 
v -5.85032 4.0843 18.5587 
v -5.75559 4.0843 18.5242 
v -5.9476 4.1994 18.5989 
v -5.84439 4.1994 18.5807 
v -5.74592 4.1994 18.5449 
v -5.65516 4.1994 18.4925 
v -6.0524 4.8006 18.5989 
v -5.9476 4.8006 18.5989 
v -5.84439 4.8006 18.5807 
v -5.74592 4.8006 18.5449 
v -5.65516 4.8006 18.4925 
v -5.57488 4.1994 18.4251 
v -5.57488 4.8006 18.4251 
v -5.50752 4.1994 18.3448 
v -5.50752 4.8006 18.3448 
v -5.45512 4.1994 18.2542 
v -5.45512 4.8006 18.2542 
v -5.41927 4.1994 18.1557 
v -5.41927 4.8006 18.1557 
v -5.40108 4.1994 18.0524 

vn 0 -1 0 
vn 0 -1 0 
vn 0 -1 0 
vn 0 -1 0 
vn 0 -1 0 
vn 0 -1 0 
vn 0 -1 0 
vn 0 -1 0 
vn 0 -1 0 
vn 0 -1 0 
vn 0 -1 0 
vn 0 -1 0 
vn 0 -1 0 
vn 0 -1 0 
vn 0 -1 0 
vn 0 -1 0 
vn 0 -1 0 
vn 0 -1 0 
vn 0 -1 0 
vn 0 -1 0 
vn 0 -1 0 
vn 0 -1 0 
vn 0 -1 0 
vn 0 -1 0 
vn 0 -1 0 
vn 0 -1 0 
vn 0 -1 0 
vn 0 -1 0 
vn 0 -1 0 
vn 0 -1 0 
vn 0 -1 0 
vn 0 -1 0 
vn 0 -1 0 
vn 0 -1 0 
vn 0 -1 0 
vn 0 -1 0 
vn 0 -1 0 
vn 0 1 0 
vn 0 1 0 
vn 0 1 0 
vn 0 1 0 
vn 0 1 0 
vn 0.370079 0.92126 -0.102362 
vn 0 1 0 
vn 0.377953 0.92126 -0.0314961 
vn 0 1 0 
vn 0 1 0 
vn 0 1 0 
vn 0 1 0 
vn 0 1 0 
vn 0 1 0 
vn 0 1 0 
vn 0 1 0 
vn 0 1 0 
vn 0.377953 0.92126 0.0314961 
vn 0.700787 0.708661 -0.0629921 
vn 0 1 0 
vn 0.700787 0.708661 0.0629921 
vn 0.92126 0.385827 -0.0787402 
vn 0.370079 0.92126 0.102362 
vn 0 1 0 
vn 0.685039 0.708661 0.181102 
vn 0.92126 0.385827 0.0787402 
vn 1 0 -0.0866142 
vn 0.346457 0.92126 0.165354 
vn 1 0 0.0866142 
vn 1 0 -0.0866142 
vn 0.889764 0.385827 0.23622 
vn 0.637795 0.708661 0.299213 
vn 0 1 0 
vn 0.314961 0.92126 0.220472 
vn 0 1 0 
vn 0.582677 0.708661 0.409449 
vn 0.834646 0.385827 0.393701 
vn 0.267717 0.92126 0.267717 
vn 0.755906 0.385827 0.527559 
vn 0 1 0 
vn 0.503937 0.708661 0.503937 
vn 0.220472 0.92126 0.314961 
vn 0 1 0 
vn 0.409449 0.708661 0.582677 
vn 0.653543 0.385827 0.653543 
vn 0.165354 0.92126 0.346457 
vn 0.527559 0.385827 0.755906 
vn 0 1 0 
vn 0.299213 0.708661 0.637795 
vn 0.102362 0.92126 0.370079 
vn 0 1 0 
vn 0.181102 0.708661 0.685039 
vn 0.393701 0.385827 0.834646 
vn 0.0314961 0.92126 0.377953 
vn 0.23622 0.385827 0.889764 
vn 0 1 0 
vn 0.0629921 0.708661 0.700787 
vn -0.0314961 0.92126 0.377953 
vn 0 1 0 
vn -0.0629921 0.708661 0.700787 
vn 0.0787402 0.385827 0.92126 
vn -0.102362 0.92126 0.370079 
vn -0.0787402 0.385827 0.92126 
vn 0 1 0 
vn -0.181102 0.708661 0.685039 
vn -0.165354 0.92126 0.346457 
vn 0 1 0 
vn -0.299213 0.708661 0.637795 
vn -0.23622 0.385827 0.889764 
vn -0.220472 0.92126 0.314961 
vn -0.393701 0.385827 0.834646 
vn 0 1 0 
vn -0.409449 0.708661 0.582677 
vn -0.267717 0.92126 0.267717 
vn 0 1 0 
vn -0.496063 0.708661 0.503937 
vn -0.527559 0.385827 0.755906 
vn -0.314961 0.92126 0.220472 
vn -0.653543 0.385827 0.653543 
vn 0 1 0 
vn -0.582677 0.708661 0.409449 
vn -0.346457 0.92126 0.165354 
vn 0 1 0 
vn -0.637795 0.708661 0.299213 
vn -0.755906 0.385827 0.527559 
vn -0.370079 0.92126 0.102362 
vn -0.834646 0.385827 0.393701 
vn 0 1 0 
vn -0.685039 0.708661 0.181102 
vn -0.377953 0.92126 0.0314961 
vn 0 1 0 
vn -0.700787 0.708661 0.0629921 
vn -0.889764 0.385827 0.23622 
vn -0.377953 0.92126 -0.0314961 
vn 0 1 0 
vn 0 1 0 
vn -0.370079 0.92126 -0.102362 
vn -0.700787 0.708661 -0.0629921 
vn -0.92126 0.385827 0.0787402 
vn 0 1 0 
vn -0.346457 0.92126 -0.165354 
vn -0.314961 0.92126 -0.220472 
vn -0.267717 0.92126 -0.267717 
vn -0.685039 0.708661 -0.181102 
vn -0.637795 0.708661 -0.299213 
vn -0.582677 0.708661 -0.409449 
vn -0.496063 0.708661 -0.496063 
vn -0.92126 0.385827 -0.0787402 
vn -0.889764 0.385827 -0.23622 
vn -0.834646 0.385827 -0.393701 
vn -0.755906 0.385827 -0.527559 
vn -0.653543 0.385827 -0.653543 
vn -0.818898 0 -0.574803 
vn -0.708661 0 -0.708661 
vn -0.905512 0 -0.425197 
vn -0.968504 0 -0.259843 
vn -1 0 -0.0866142 
vn -0.818898 0 -0.574803 
vn -0.708661 0 -0.708661 
vn -0.905512 0 -0.425197 
vn -0.968504 0 -0.259843 
vn -1 0 -0.0866142 
vn 0.267717 -0.92126 0.267717 
vn 0 -1 0 
vn 0 -1 0 
vn 0.220472 -0.92126 0.314961 
vn 0 -1 0 
vn 0.314961 -0.92126 0.220472 
vn 0 -1 0 
vn 0.409449 -0.708661 0.582677 
vn 0.503937 -0.708661 0.503937 
vn 0.346457 -0.92126 0.165354 
vn 0 -1 0 
vn 0.582677 -0.708661 0.409449 
vn 0.527559 -0.385827 0.755906 
vn 0.653543 -0.385827 0.653543 
vn 0.370079 -0.92126 0.102362 
vn 0 -1 0 
vn 0.637795 -0.708661 0.299213 
vn 0.755906 -0.385827 0.527559 
vn 0.377953 -0.92126 0.0314961 
vn 0 -1 0 
vn 0.685039 -0.708661 0.181102 
vn 0.834646 -0.385827 0.393701 
vn 0.377953 -0.92126 -0.0314961 
vn 0 -1 0 
vn 0.700787 -0.708661 0.0629921 
vn 0.889764 -0.385827 0.23622 
vn 0.370079 -0.92126 -0.102362 
vn 0 -1 0 
vn 0.700787 -0.708661 -0.0629921 
vn 0.92126 -0.385827 0.0787402 
vn 0.346457 -0.92126 -0.165354 
vn 0 -1 0 
vn 0.685039 -0.708661 -0.181102 
vn 0.92126 -0.385827 -0.0787402 
vn 0.314961 -0.92126 -0.220472 
vn 0 -1 0 
vn 0.267717 -0.92126 -0.267717 
vn 0.637795 -0.708661 -0.299213 
vn 0.582677 -0.708661 -0.409449 
vn 0.503937 -0.708661 -0.496063 
vn 0.889764 -0.385827 -0.23622 
vn 0.834646 -0.385827 -0.393701 
vn 0.755906 -0.385827 -0.527559 
vn 0.653543 -0.385827 -0.653543 
vn 0.818898 0 -0.574803 
vn 0.708661 0 -0.708661 
vn 0.905512 0 -0.425197 
vn 0.968504 0 -0.259843 
vn 0.818898 0 -0.574803 
vn 0.708661 0 -0.708661 
vn 0.905512 0 -0.425197 
vn 0.968504 0 -0.259843 
vn 0.755906 0.385827 -0.527559 
vn 0.653543 0.385827 -0.653543 
vn 0.834646 0.385827 -0.393701 
vn 0.889764 0.385827 -0.23622 
vn 0.582677 0.708661 -0.409449 
vn 0.503937 0.708661 -0.496063 
vn 0.637795 0.708661 -0.299213 
vn 0.685039 0.708661 -0.181102 
vn 0.314961 0.92126 -0.220472 
vn 0.267717 0.92126 -0.267717 
vn 0.346457 0.92126 -0.165354 
vn 0 1 0 
vn 0.267717 -0.92126 -0.267717 
vn 0 -1 0 
vn 0 -1 0 
vn 0.220472 -0.92126 -0.314961 
vn 0.503937 -0.708661 -0.496063 
vn 0 -1 0 
vn 0.409449 -0.708661 -0.582677 
vn 0.653543 -0.385827 -0.653543 
vn 0.165354 -0.92126 -0.346457 
vn 0 -1 0 
vn 0.527559 -0.385827 -0.755906 
vn 0.708661 0 -0.708661 
vn 0.299213 -0.708661 -0.637795 
vn 0.102362 -0.92126 -0.370079 
vn 0 -1 0 
vn 0.574803 0 -0.818898 
vn 0.708661 0 -0.708661 
vn 0.393701 -0.385827 -0.834646 
vn 0.181102 -0.708661 -0.685039 
vn 0.0314961 -0.92126 -0.377953 
vn 0 -1 0 
vn 0.574803 0 -0.818898 
vn 0.653543 0.385827 -0.653543 
vn 0.425197 0 -0.905512 
vn 0.23622 -0.385827 -0.889764 
vn 0.0629921 -0.708661 -0.700787 
vn -0.0314961 -0.92126 -0.377953 
vn 0 -1 0 
vn -0.102362 -0.92126 -0.370079 
vn 0 -1 0 
vn -0.0629921 -0.708661 -0.700787 
vn 0.0787402 -0.385827 -0.92126 
vn 0.259843 0 -0.968504 
vn -0.165354 -0.92126 -0.346457 
vn 0 -1 0 
vn -0.181102 -0.708661 -0.685039 
vn -0.0787402 -0.385827 -0.92126 
vn 0.0866142 0 -1 
vn -0.220472 -0.92126 -0.314961 
vn 0 -1 0 
vn -0.267717 -0.92126 -0.267717 
vn -0.299213 -0.708661 -0.637795 
vn -0.409449 -0.708661 -0.582677 
vn -0.496063 -0.708661 -0.496063 
vn -0.23622 -0.385827 -0.889764 
vn -0.393701 -0.385827 -0.834646 
vn -0.527559 -0.385827 -0.755906 
vn -0.653543 -0.385827 -0.653543 
vn -0.0866142 0 -1 
vn -0.259843 0 -0.968504 
vn -0.425197 0 -0.905512 
vn -0.574803 0 -0.818898 
vn -0.708661 0 -0.708661 
vn -0.574803 0 -0.818898 
vn -0.708661 0 -0.708661 
vn -0.425197 0 -0.905512 
vn -0.259843 0 -0.968504 
vn -0.0866142 0 -1 
vn -0.527559 0.385827 -0.755906 
vn -0.653543 0.385827 -0.653543 
vn -0.393701 0.385827 -0.834646 
vn -0.23622 0.385827 -0.889764 
vn -0.0787402 0.385827 -0.92126 
vn -0.409449 0.708661 -0.582677 
vn -0.496063 0.708661 -0.496063 
vn -0.299213 0.708661 -0.637795 
vn -0.181102 0.708661 -0.685039 
vn -0.0629921 0.708661 -0.700787 
vn -0.220472 0.92126 -0.314961 
vn -0.267717 0.92126 -0.267717 
vn 0 1 0 
vn 0 1 0 
vn 0 1 0 
vn -0.165354 0.92126 -0.346457 
vn 0 1 0 
vn -0.102362 0.92126 -0.370079 
vn 0 1 0 
vn -0.0314961 0.92126 -0.377953 
vn 0 1 0 
vn 0.0314961 0.92126 -0.377953 
vn 0 1 0 
vn 0.0629921 0.708661 -0.700787 
vn 0.102362 0.92126 -0.370079 
vn 0 1 0 
vn 0.0787402 0.385827 -0.92126 
vn 0.181102 0.708661 -0.685039 
vn 0.165354 0.92126 -0.346457 
vn 0 1 0 
vn 0.0866142 0 -1 
vn 0.23622 0.385827 -0.889764 
vn 0.259843 0 -0.968504 
vn 0.299213 0.708661 -0.637795 
vn 0.393701 0.385827 -0.834646 
vn 0.425197 0 -0.905512 
vn 0.527559 0.385827 -0.755906 
vn 0.503937 0.708661 -0.496063 
vn 0.409449 0.708661 -0.582677 
vn 0.267717 0.92126 -0.267717 
vn 0.220472 0.92126 -0.314961 
vn 0 1 0 
vn -0.755906 -0.385827 -0.527559 
vn -0.653543 -0.385827 -0.653543 
vn -0.834646 -0.385827 -0.393701 
vn -0.889764 -0.385827 -0.23622 
vn -0.92126 -0.385827 -0.0787402 
vn -0.582677 -0.708661 -0.409449 
vn -0.496063 -0.708661 -0.496063 
vn -0.637795 -0.708661 -0.299213 
vn -0.685039 -0.708661 -0.181102 
vn -0.700787 -0.708661 -0.0629921 
vn -0.314961 -0.92126 -0.220472 
vn -0.267717 -0.92126 -0.267717 
vn 0 -1 0 
vn 0 -1 0 
vn 0 -1 0 
vn -0.346457 -0.92126 -0.165354 
vn 0 -1 0 
vn -0.370079 -0.92126 -0.102362 
vn 0 -1 0 
vn -0.377953 -0.92126 -0.0314961 
vn 0 -1 0 
vn -0.377953 -0.92126 0.0314961 
vn 0 -1 0 
vn -0.700787 -0.708661 0.0629921 
vn -0.370079 -0.92126 0.102362 
vn 0 -1 0 
vn -0.92126 -0.385827 0.0787402 
vn -0.685039 -0.708661 0.181102 
vn -0.346457 -0.92126 0.165354 
vn 0 -1 0 
vn -1 0 0.0866142 
vn -0.889764 -0.385827 0.23622 
vn -0.637795 -0.708661 0.299213 
vn -0.314961 -0.92126 0.220472 
vn 0 -1 0 
vn -1 0 0.0866142 
vn -0.968504 0 0.259843 
vn -0.968504 0 0.259843 
vn -0.834646 -0.385827 0.393701 
vn -0.905512 0 0.425197 
vn -0.905512 0 0.425197 
vn -0.582677 -0.708661 0.409449 
vn -0.755906 -0.385827 0.527559 
vn -0.818898 0 0.574803 
vn -0.818898 0 0.574803 
vn -0.267717 -0.92126 0.267717 
vn 0 -1 0 
vn -0.496063 -0.708661 0.503937 
vn -0.220472 -0.92126 0.314961 
vn 0 -1 0 
vn -0.653543 -0.385827 0.653543 
vn -0.409449 -0.708661 0.582677 
vn -0.165354 -0.92126 0.346457 
vn 0 -1 0 
vn -0.708661 0 0.708661 
vn -0.527559 -0.385827 0.755906 
vn -0.299213 -0.708661 0.637795 
vn -0.102362 -0.92126 0.370079 
vn 0 -1 0 
vn -0.708661 0 0.708661 
vn -0.574803 0 0.818898 
vn -0.574803 0 0.818898 
vn -0.393701 -0.385827 0.834646 
vn -0.425197 0 0.905512 
vn -0.425197 0 0.905512 
vn -0.181102 -0.708661 0.685039 
vn -0.23622 -0.385827 0.889764 
vn -0.259843 0 0.968504 
vn -0.259843 0 0.968504 
vn -0.0314961 -0.92126 0.377953 
vn 0 -1 0 
vn -0.0629921 -0.708661 0.700787 
vn 0.0314961 -0.92126 0.377953 
vn 0 -1 0 
vn -0.0787402 -0.385827 0.92126 
vn 0.0629921 -0.708661 0.700787 
vn 0.102362 -0.92126 0.370079 
vn 0 -1 0 
vn -0.0866142 0 1 
vn 0.0787402 -0.385827 0.92126 
vn 0.181102 -0.708661 0.685039 
vn 0.165354 -0.92126 0.346457 
vn 0.299213 -0.708661 0.637795 
vn 0.23622 -0.385827 0.889764 
vn 0.393701 -0.385827 0.834646 
vn 0.0866142 0 1 
vn 0.259843 0 0.968504 
vn 0.425197 0 0.905512 
vn 0.574803 0 0.818898 
vn -0.0866142 0 1 
vn 0.0866142 0 1 
vn 0.259843 0 0.968504 
vn 0.425197 0 0.905512 
vn 0.574803 0 0.818898 
vn 0.708661 0 0.708661 
vn 0.708661 0 0.708661 
vn 0.818898 0 0.574803 
vn 0.818898 0 0.574803 
vn 0.905512 0 0.425197 
vn 0.905512 0 0.425197 
vn 0.968504 0 0.259843 
vn 0.968504 0 0.259843 
vn 1 0 0.0866142 

vt 0.897702 0.911538 
vt 0.897702 0.911538 
vt 0.897702 0.911538 
vt 0.897702 0.911538 
vt 0.897702 0.911538 
vt 0.897702 0.911538 
vt 0.897702 0.911538 
vt 0.897702 0.911538 
vt 0.897702 0.911538 
vt 0.897702 0.911538 
vt 0.897702 0.911538 
vt 0.897702 0.911538 
vt 0.897702 0.911538 
vt 0.897702 0.911538 
vt 0.897702 0.911538 
vt 0.897702 0.911538 
vt 0.897702 0.911538 
vt 0.897702 0.911538 
vt 0.897702 0.911538 
vt 0.897702 0.911538 
vt 0.897702 0.911538 
vt 0.897702 0.911538 
vt 0.897702 0.911538 
vt 0.897702 0.911538 
vt 0.897702 0.911538 
vt 0.897702 0.911538 
vt 0.897702 0.911538 
vt 0.897702 0.911538 
vt 0.897702 0.911538 
vt 0.897702 0.911538 
vt 0.897702 0.911538 
vt 0.897702 0.911538 
vt 0.897702 0.911538 
vt 0.897702 0.911538 
vt 0.897702 0.911538 
vt 0.897702 0.911538 
vt 0.897702 0.911538 
vt 0.897702 0.911538 
vt 0.897702 0.911538 
vt 0.897702 0.911538 
vt 0.897702 0.911538 
vt 0.897702 0.911538 
vt 0.897702 0.911538 
vt 0.897702 0.911538 
vt 0.897702 0.911538 
vt 0.897702 0.911538 
vt 0.897702 0.911538 
vt 0.897702 0.911538 
vt 0.897702 0.911538 
vt 0.897702 0.911538 
vt 0.897702 0.911538 
vt 0.897702 0.911538 
vt 0.897702 0.911538 
vt 0.897702 0.911538 
vt 0.897702 0.911538 
vt 0.897702 0.911538 
vt 0.897702 0.911538 
vt 0.897702 0.911538 
vt 0.897702 0.911538 
vt 0.897702 0.911538 
vt 0.897702 0.911538 
vt 0.897702 0.911538 
vt 0.897702 0.911538 
vt 0.897702 0.911538 
vt 0.897702 0.911538 
vt 0.897702 0.911538 
vt 0.897702 0.911538 
vt 0.897702 0.911538 
vt 0.897702 0.911538 
vt 0.897702 0.911538 
vt 0.897702 0.911538 
vt 0.897702 0.911538 
vt 0.897702 0.911538 
vt 0.897702 0.911538 
vt 0.897702 0.911538 
vt 0.897702 0.911538 
vt 0.897702 0.911538 
vt 0.897702 0.911538 
vt 0.897702 0.911538 
vt 0.897702 0.911538 
vt 0.897702 0.911538 
vt 0.897702 0.911538 
vt 0.897702 0.911538 
vt 0.897702 0.911538 
vt 0.897702 0.911538 
vt 0.897702 0.911538 
vt 0.897702 0.911538 
vt 0.897702 0.911538 
vt 0.897702 0.911538 
vt 0.897702 0.911538 
vt 0.897702 0.911538 
vt 0.897702 0.911538 
vt 0.897702 0.911538 
vt 0.897702 0.911538 
vt 0.897702 0.911538 
vt 0.897702 0.911538 
vt 0.897702 0.911538 
vt 0.897702 0.911538 
vt 0.897702 0.911538 
vt 0.897702 0.911538 
vt 0.897702 0.911538 
vt 0.897702 0.911538 
vt 0.897702 0.911538 
vt 0.897702 0.911538 
vt 0.897702 0.911538 
vt 0.897702 0.911538 
vt 0.897702 0.911538 
vt 0.897702 0.911538 
vt 0.897702 0.911538 
vt 0.897702 0.911538 
vt 0.897702 0.911538 
vt 0.897702 0.911538 
vt 0.897702 0.911538 
vt 0.897702 0.911538 
vt 0.897702 0.911538 
vt 0.897702 0.911538 
vt 0.897702 0.911538 
vt 0.897702 0.911538 
vt 0.897702 0.911538 
vt 0.897702 0.911538 
vt 0.897702 0.911538 
vt 0.897702 0.911538 
vt 0.897702 0.911538 
vt 0.897702 0.911538 
vt 0.897702 0.911538 
vt 0.897702 0.911538 
vt 0.897702 0.911538 
vt 0.897702 0.911538 
vt 0.897702 0.911538 
vt 0.897702 0.911538 
vt 0.897702 0.911538 
vt 0.897702 0.911538 
vt 0.897702 0.911538 
vt 0.897702 0.911538 
vt 0.897702 0.911538 
vt 0.897702 0.911538 
vt 0.897702 0.911538 
vt 0.897702 0.911538 
vt 0.897702 0.911538 
vt 0.897702 0.911538 
vt 0.897702 0.911538 
vt 0.897702 0.911538 
vt 0.897702 0.911538 
vt 0.897702 0.911538 
vt 0.897702 0.911538 
vt 0.897702 0.911538 
vt 0.897702 0.911538 
vt 0.897702 0.911538 
vt 0.897702 0.911538 
vt 0.897702 0.911538 
vt 0.897702 0.911538 
vt 0.897702 0.911538 
vt 0.897702 0.911538 
vt 0.897702 0.911538 
vt 0.897702 0.911538 
vt 0.897702 0.911538 
vt 0.897702 0.911538 
vt 0.897702 0.911538 
vt 0.897702 0.911538 
vt 0.897702 0.911538 
vt 0.897702 0.911538 
vt 0.897702 0.911538 
vt 0.897702 0.911538 
vt 0.897702 0.911538 
vt 0.897702 0.911538 
vt 0.897702 0.911538 
vt 0.897702 0.911538 
vt 0.897702 0.911538 
vt 0.897702 0.911538 
vt 0.897702 0.911538 
vt 0.897702 0.911538 
vt 0.897702 0.911538 
vt 0.897702 0.911538 
vt 0.897702 0.911538 
vt 0.897702 0.911538 
vt 0.897702 0.911538 
vt 0.897702 0.911538 
vt 0.897702 0.911538 
vt 0.897702 0.911538 
vt 0.897702 0.911538 
vt 0.897702 0.911538 
vt 0.897702 0.911538 
vt 0.897702 0.911538 
vt 0.897702 0.911538 
vt 0.897702 0.911538 
vt 0.897702 0.911538 
vt 0.897702 0.911538 
vt 0.897702 0.911538 
vt 0.897702 0.911538 
vt 0.897702 0.911538 
vt 0.897702 0.911538 
vt 0.897702 0.911538 
vt 0.897702 0.911538 
vt 0.897702 0.911538 
vt 0.897702 0.911538 
vt 0.897702 0.911538 
vt 0.897702 0.911538 
vt 0.897702 0.911538 
vt 0.897702 0.911538 
vt 0.897702 0.911538 
vt 0.897702 0.911538 
vt 0.897702 0.911538 
vt 0.897702 0.911538 
vt 0.897702 0.911538 
vt 0.897702 0.911538 
vt 0.897702 0.911538 
vt 0.897702 0.911538 
vt 0.897702 0.911538 
vt 0.897702 0.911538 
vt 0.897702 0.911538 
vt 0.897702 0.911538 
vt 0.897702 0.911538 
vt 0.897702 0.911538 
vt 0.897702 0.911538 
vt 0.897702 0.911538 
vt 0.897702 0.911538 
vt 0.897702 0.911538 
vt 0.897702 0.911538 
vt 0.897702 0.911538 
vt 0.897702 0.911538 
vt 0.897702 0.911538 
vt 0.897702 0.911538 
vt 0.897702 0.911538 
vt 0.913604 0.769787 
vt 0.920218 0.765625 
vt 0.923481 0.765625 
vt 0.918116 0.769787 
vt 0.907997 0.781643 
vt 0.927171 0.765625 
vt 0.913569 0.781643 
vt 0.904251 0.799385 
vt 0.923218 0.769787 
vt 0.931174 0.765625 
vt 0.91053 0.799385 
vt 0.902936 0.820312 
vt 0.919867 0.781643 
vt 0.928753 0.769787 
vt 0.93537 0.765625 
vt 0.909463 0.820312 
vt 0.902936 0.929688 
vt 0.917628 0.799385 
vt 0.926701 0.781643 
vt 0.934555 0.769787 
vt 0.93963 0.765625 
vt 0.909463 0.929688 
vt 0.904251 0.950615 
vt 0.916842 0.820312 
vt 0.92533 0.799385 
vt 0.933863 0.781643 
vt 0.940445 0.769787 
vt 0.943826 0.765625 
vt 0.946247 0.769787 
vt 0.947829 0.765625 
vt 0.941137 0.781643 
vt 0.933402 0.799385 
vt 0.924848 0.820312 
vt 0.951782 0.769787 
vt 0.951519 0.765625 
vt 0.948299 0.781643 
vt 0.941598 0.799385 
vt 0.93324 0.820312 
vt 0.956884 0.769787 
vt 0.954782 0.765625 
vt 0.961396 0.769787 
vt 0.955133 0.781643 
vt 0.961431 0.781643 
vt 0.967003 0.781643 
vt 0.94967 0.799385 
vt 0.957372 0.799385 
vt 0.96447 0.799385 
vt 0.970749 0.799385 
vt 0.94176 0.820312 
vt 0.950152 0.820312 
vt 0.958158 0.820312 
vt 0.965537 0.820312 
vt 0.972064 0.820312 
vt 0.965537 0.929688 
vt 0.972064 0.929688 
vt 0.958158 0.929688 
vt 0.950152 0.929688 
vt 0.94176 0.929688 
vt 0.96447 0.950615 
vt 0.970749 0.950615 
vt 0.957372 0.950615 
vt 0.94967 0.950615 
vt 0.941598 0.950615 
vt 0.961431 0.968357 
vt 0.967003 0.968357 
vt 0.955133 0.968357 
vt 0.948299 0.968357 
vt 0.941137 0.968357 
vt 0.956884 0.980212 
vt 0.961396 0.980212 
vt 0.951519 0.984375 
vt 0.954782 0.984375 
vt 0.947829 0.984375 
vt 0.951782 0.980212 
vt 0.943826 0.984375 
vt 0.946247 0.980212 
vt 0.93963 0.984375 
vt 0.940445 0.980212 
vt 0.93537 0.984375 
vt 0.934555 0.980212 
vt 0.931174 0.984375 
vt 0.933863 0.968357 
vt 0.928753 0.980212 
vt 0.927171 0.984375 
vt 0.933402 0.950615 
vt 0.926701 0.968357 
vt 0.923218 0.980212 
vt 0.923481 0.984375 
vt 0.93324 0.929688 
vt 0.92533 0.950615 
vt 0.924848 0.929688 
vt 0.919867 0.968357 
vt 0.917628 0.950615 
vt 0.916842 0.929688 
vt 0.91053 0.950615 
vt 0.907997 0.968357 
vt 0.913569 0.968357 
vt 0.913604 0.980212 
vt 0.918116 0.980212 
vt 0.920218 0.984375 
vt 0.897702 0.911538 
vt 0.897702 0.911538 
vt 0.897702 0.911538 
vt 0.897702 0.911538 
vt 0.897702 0.911538 
vt 0.897702 0.911538 
vt 0.897702 0.911538 
vt 0.897702 0.911538 
vt 0.897702 0.911538 
vt 0.897702 0.911538 
vt 0.897702 0.911538 
vt 0.897702 0.911538 
vt 0.897702 0.911538 
vt 0.897702 0.911538 
vt 0.897702 0.911538 
vt 0.897702 0.911538 
vt 0.897702 0.911538 
vt 0.897702 0.911538 
vt 0.897702 0.911538 
vt 0.897702 0.911538 
vt 0.897702 0.911538 
vt 0.897702 0.911538 
vt 0.897702 0.911538 
vt 0.897702 0.911538 
vt 0.897702 0.911538 
vt 0.897702 0.911538 
vt 0.897702 0.911538 
vt 0.897702 0.911538 
vt 0.897702 0.911538 
vt 0.897702 0.911538 
vt 0.897702 0.911538 
vt 0.897702 0.911538 
vt 0.897702 0.911538 
vt 0.897702 0.911538 
vt 0.897702 0.911538 
vt 0.897702 0.911538 
vt 0.897702 0.911538 
vt 0.897702 0.911538 
vt 0.897702 0.911538 
vt 0.897702 0.911538 
vt 0.897702 0.911538 
vt 0.897702 0.911538 
vt 0.897702 0.911538 
vt 0.897702 0.911538 
vt 0.897702 0.911538 
vt 0.897702 0.911538 
vt 0.897702 0.911538 
vt 0.897702 0.911538 
vt 0.897702 0.911538 
vt 0.897702 0.911538 
vt 0.897702 0.911538 
vt 0.897702 0.911538 
vt 0.897702 0.911538 
vt 0.897702 0.911538 
vt 0.897702 0.911538 
vt 0.897702 0.911538 
vt 0.897702 0.911538 
vt 0.897702 0.911538 
vt 0.897702 0.911538 
vt 0.897702 0.911538 
vt 0.897702 0.911538 
vt 0.897702 0.911538 
vt 0.897702 0.911538 
vt 0.897702 0.911538 
vt 0.897702 0.911538 
vt 0.897702 0.911538 
vt 0.897702 0.911538 
vt 0.897702 0.911538 
vt 0.897702 0.911538 
vt 0.897702 0.911538 
vt 0.897702 0.911538 
vt 0.897702 0.911538 
vt 0.897702 0.911538 
vt 0.897702 0.911538 
vt 0.897702 0.911538 
vt 0.897702 0.911538 
vt 0.897702 0.911538 
vt 0.897702 0.911538 
vt 0.897702 0.911538 
vt 0.897702 0.911538 
vt 0.897702 0.911538 
vt 0.897702 0.911538 
vt 0.897702 0.911538 
vt 0.897702 0.911538 
vt 0.897702 0.911538 
vt 0.897702 0.911538 
vt 0.897702 0.911538 
vt 0.897702 0.911538 
vt 0.897702 0.911538 
vt 0.897702 0.911538 
vt 0.897702 0.911538 
vt 0.897702 0.911538 
vt 0.897702 0.911538 
vt 0.897702 0.911538 
vt 0.897702 0.911538 
vt 0.897702 0.911538 
vt 0.897702 0.911538 
vt 0.897702 0.911538 
vt 0.897702 0.911538 
vt 0.897702 0.911538 
vt 0.897702 0.911538 
vt 0.897702 0.911538 
vt 0.897702 0.911538 

usemtl R6Bacon1Mtl

f 3809/3809/3809 3810/3810/3810 3811/3811/3811 
f 3811/3811/3811 3810/3810/3810 3812/3812/3812 
f 3813/3813/3813 3809/3809/3809 3811/3811/3811 
f 3811/3811/3811 3812/3812/3812 3814/3814/3814 
f 3815/3815/3815 3813/3813/3813 3811/3811/3811 
f 3811/3811/3811 3814/3814/3814 3816/3816/3816 
f 3817/3817/3817 3815/3815/3815 3811/3811/3811 
f 3811/3811/3811 3816/3816/3816 3818/3818/3818 
f 3819/3819/3819 3817/3817/3817 3811/3811/3811 
f 3811/3811/3811 3818/3818/3818 3820/3820/3820 
f 3821/3821/3821 3819/3819/3819 3811/3811/3811 
f 3811/3811/3811 3820/3820/3820 3822/3822/3822 
f 3823/3823/3823 3821/3821/3821 3811/3811/3811 
f 3811/3811/3811 3822/3822/3822 3824/3824/3824 
f 3825/3825/3825 3823/3823/3823 3811/3811/3811 
f 3811/3811/3811 3824/3824/3824 3826/3826/3826 
f 3827/3827/3827 3825/3825/3825 3811/3811/3811 
f 3811/3811/3811 3826/3826/3826 3828/3828/3828 
f 3811/3811/3811 3829/3829/3829 3827/3827/3827 
f 3828/3828/3828 3830/3830/3830 3811/3811/3811 
f 3811/3811/3811 3831/3831/3831 3829/3829/3829 
f 3830/3830/3830 3832/3832/3832 3811/3811/3811 
f 3811/3811/3811 3833/3833/3833 3831/3831/3831 
f 3832/3832/3832 3834/3834/3834 3811/3811/3811 
f 3811/3811/3811 3835/3835/3835 3833/3833/3833 
f 3834/3834/3834 3836/3836/3836 3811/3811/3811 
f 3811/3811/3811 3837/3837/3837 3835/3835/3835 
f 3836/3836/3836 3838/3838/3838 3811/3811/3811 
f 3811/3811/3811 3839/3839/3839 3837/3837/3837 
f 3838/3838/3838 3840/3840/3840 3811/3811/3811 
f 3811/3811/3811 3841/3841/3841 3839/3839/3839 
f 3840/3840/3840 3842/3842/3842 3811/3811/3811 
f 3811/3811/3811 3843/3843/3843 3841/3841/3841 
f 3842/3842/3842 3844/3844/3844 3811/3811/3811 
f 3843/3843/3843 3811/3811/3811 3845/3845/3845 
f 3845/3845/3845 3811/3811/3811 3844/3844/3844 
f 3846/3846/3846 3847/3847/3847 3848/3848/3848 
f 3846/3846/3846 3849/3849/3849 3850/3850/3850 
f 3851/3851/3851 3847/3847/3847 3852/3852/3852 
f 3852/3852/3852 3853/3853/3853 3851/3851/3851 
f 3846/3846/3846 3852/3852/3852 3847/3847/3847 
f 3846/3846/3846 3850/3850/3850 3854/3854/3854 
f 3846/3846/3846 3854/3854/3854 3855/3855/3855 
f 3846/3846/3846 3855/3855/3855 3856/3856/3856 
f 3846/3846/3846 3856/3856/3856 3857/3857/3857 
f 3846/3846/3846 3857/3857/3857 3858/3858/3858 
f 3846/3846/3846 3858/3858/3858 3859/3859/3859 
f 3846/3846/3846 3859/3859/3859 3860/3860/3860 
f 3846/3846/3846 3860/3860/3860 3861/3861/3861 
f 3853/3853/3853 3852/3852/3852 3862/3862/3862 
f 3846/3846/3846 3862/3862/3862 3852/3852/3852 
f 3862/3862/3862 3863/3863/3863 3853/3853/3853 
f 3864/3864/3864 3853/3853/3853 3863/3863/3863 
f 3863/3863/3863 3862/3862/3862 3865/3865/3865 
f 3846/3846/3846 3865/3865/3865 3862/3862/3862 
f 3863/3863/3863 3866/3866/3866 3864/3864/3864 
f 3867/3867/3867 3864/3864/3864 3866/3866/3866 
f 3865/3865/3865 3868/3868/3868 3863/3863/3863 
f 3866/3866/3866 3863/3863/3863 3868/3868/3868 
f 3868/3868/3868 3865/3865/3865 3869/3869/3869 
f 3846/3846/3846 3869/3869/3869 3865/3865/3865 
f 3868/3868/3868 3870/3870/3870 3866/3866/3866 
f 3866/3866/3866 3871/3871/3871 3867/3867/3867 
f 3871/3871/3871 3866/3866/3866 3870/3870/3870 
f 3872/3872/3872 3867/3867/3867 3871/3871/3871 
f 3870/3870/3870 3868/3868/3868 3873/3873/3873 
f 3869/3869/3869 3873/3873/3873 3868/3868/3868 
f 3871/3871/3871 3874/3874/3874 3872/3872/3872 
f 3875/3875/3875 3872/3872/3872 3874/3874/3874 
f 3870/3870/3870 3876/3876/3876 3871/3871/3871 
f 3874/3874/3874 3871/3871/3871 3876/3876/3876 
f 3873/3873/3873 3877/3877/3877 3870/3870/3870 
f 3876/3876/3876 3870/3870/3870 3877/3877/3877 
f 3873/3873/3873 3869/3869/3869 3878/3878/3878 
f 3846/3846/3846 3878/3878/3878 3869/3869/3869 
f 3877/3877/3877 3873/3873/3873 3879/3879/3879 
f 3878/3878/3878 3879/3879/3879 3873/3873/3873 
f 3879/3879/3879 3878/3878/3878 3880/3880/3880 
f 3846/3846/3846 3880/3880/3880 3878/3878/3878 
f 3879/3879/3879 3881/3881/3881 3877/3877/3877 
f 3877/3877/3877 3882/3882/3882 3876/3876/3876 
f 3882/3882/3882 3877/3877/3877 3881/3881/3881 
f 3881/3881/3881 3879/3879/3879 3883/3883/3883 
f 3880/3880/3880 3883/3883/3883 3879/3879/3879 
f 3881/3881/3881 3884/3884/3884 3882/3882/3882 
f 3883/3883/3883 3880/3880/3880 3885/3885/3885 
f 3846/3846/3846 3885/3885/3885 3880/3880/3880 
f 3883/3883/3883 3886/3886/3886 3881/3881/3881 
f 3884/3884/3884 3881/3881/3881 3886/3886/3886 
f 3885/3885/3885 3887/3887/3887 3883/3883/3883 
f 3886/3886/3886 3883/3883/3883 3887/3887/3887 
f 3887/3887/3887 3885/3885/3885 3888/3888/3888 
f 3846/3846/3846 3888/3888/3888 3885/3885/3885 
f 3887/3887/3887 3889/3889/3889 3886/3886/3886 
f 3886/3886/3886 3890/3890/3890 3884/3884/3884 
f 3890/3890/3890 3886/3886/3886 3889/3889/3889 
f 3889/3889/3889 3887/3887/3887 3891/3891/3891 
f 3888/3888/3888 3891/3891/3891 3887/3887/3887 
f 3889/3889/3889 3892/3892/3892 3890/3890/3890 
f 3891/3891/3891 3888/3888/3888 3893/3893/3893 
f 3846/3846/3846 3893/3893/3893 3888/3888/3888 
f 3891/3891/3891 3894/3894/3894 3889/3889/3889 
f 3892/3892/3892 3889/3889/3889 3894/3894/3894 
f 3893/3893/3893 3895/3895/3895 3891/3891/3891 
f 3894/3894/3894 3891/3891/3891 3895/3895/3895 
f 3895/3895/3895 3893/3893/3893 3896/3896/3896 
f 3846/3846/3846 3896/3896/3896 3893/3893/3893 
f 3895/3895/3895 3897/3897/3897 3894/3894/3894 
f 3894/3894/3894 3898/3898/3898 3892/3892/3892 
f 3898/3898/3898 3894/3894/3894 3897/3897/3897 
f 3897/3897/3897 3895/3895/3895 3899/3899/3899 
f 3896/3896/3896 3899/3899/3899 3895/3895/3895 
f 3897/3897/3897 3900/3900/3900 3898/3898/3898 
f 3899/3899/3899 3896/3896/3896 3901/3901/3901 
f 3846/3846/3846 3901/3901/3901 3896/3896/3896 
f 3899/3899/3899 3902/3902/3902 3897/3897/3897 
f 3900/3900/3900 3897/3897/3897 3902/3902/3902 
f 3901/3901/3901 3903/3903/3903 3899/3899/3899 
f 3902/3902/3902 3899/3899/3899 3903/3903/3903 
f 3903/3903/3903 3901/3901/3901 3904/3904/3904 
f 3846/3846/3846 3904/3904/3904 3901/3901/3901 
f 3903/3903/3903 3905/3905/3905 3902/3902/3902 
f 3902/3902/3902 3906/3906/3906 3900/3900/3900 
f 3906/3906/3906 3902/3902/3902 3905/3905/3905 
f 3905/3905/3905 3903/3903/3903 3907/3907/3907 
f 3904/3904/3904 3907/3907/3907 3903/3903/3903 
f 3905/3905/3905 3908/3908/3908 3906/3906/3906 
f 3907/3907/3907 3904/3904/3904 3909/3909/3909 
f 3846/3846/3846 3909/3909/3909 3904/3904/3904 
f 3907/3907/3907 3910/3910/3910 3905/3905/3905 
f 3908/3908/3908 3905/3905/3905 3910/3910/3910 
f 3909/3909/3909 3911/3911/3911 3907/3907/3907 
f 3910/3910/3910 3907/3907/3907 3911/3911/3911 
f 3911/3911/3911 3909/3909/3909 3912/3912/3912 
f 3846/3846/3846 3912/3912/3912 3909/3909/3909 
f 3911/3911/3911 3913/3913/3913 3910/3910/3910 
f 3910/3910/3910 3914/3914/3914 3908/3908/3908 
f 3914/3914/3914 3910/3910/3910 3913/3913/3913 
f 3913/3913/3913 3911/3911/3911 3915/3915/3915 
f 3912/3912/3912 3915/3915/3915 3911/3911/3911 
f 3913/3913/3913 3916/3916/3916 3914/3914/3914 
f 3915/3915/3915 3912/3912/3912 3917/3917/3917 
f 3846/3846/3846 3917/3917/3917 3912/3912/3912 
f 3915/3915/3915 3918/3918/3918 3913/3913/3913 
f 3916/3916/3916 3913/3913/3913 3918/3918/3918 
f 3917/3917/3917 3919/3919/3919 3915/3915/3915 
f 3918/3918/3918 3915/3915/3915 3919/3919/3919 
f 3919/3919/3919 3917/3917/3917 3920/3920/3920 
f 3846/3846/3846 3920/3920/3920 3917/3917/3917 
f 3919/3919/3919 3921/3921/3921 3918/3918/3918 
f 3918/3918/3918 3922/3922/3922 3916/3916/3916 
f 3922/3922/3922 3918/3918/3918 3921/3921/3921 
f 3921/3921/3921 3919/3919/3919 3923/3923/3923 
f 3920/3920/3920 3923/3923/3923 3919/3919/3919 
f 3921/3921/3921 3924/3924/3924 3922/3922/3922 
f 3923/3923/3923 3920/3920/3920 3925/3925/3925 
f 3846/3846/3846 3925/3925/3925 3920/3920/3920 
f 3923/3923/3923 3926/3926/3926 3921/3921/3921 
f 3924/3924/3924 3921/3921/3921 3926/3926/3926 
f 3925/3925/3925 3927/3927/3927 3923/3923/3923 
f 3926/3926/3926 3923/3923/3923 3927/3927/3927 
f 3927/3927/3927 3925/3925/3925 3928/3928/3928 
f 3846/3846/3846 3928/3928/3928 3925/3925/3925 
f 3927/3927/3927 3929/3929/3929 3926/3926/3926 
f 3926/3926/3926 3930/3930/3930 3924/3924/3924 
f 3930/3930/3930 3926/3926/3926 3929/3929/3929 
f 3929/3929/3929 3927/3927/3927 3931/3931/3931 
f 3928/3928/3928 3931/3931/3931 3927/3927/3927 
f 3929/3929/3929 3932/3932/3932 3930/3930/3930 
f 3931/3931/3931 3928/3928/3928 3933/3933/3933 
f 3846/3846/3846 3933/3933/3933 3928/3928/3928 
f 3931/3931/3931 3934/3934/3934 3929/3929/3929 
f 3932/3932/3932 3929/3929/3929 3934/3934/3934 
f 3933/3933/3933 3935/3935/3935 3931/3931/3931 
f 3934/3934/3934 3931/3931/3931 3935/3935/3935 
f 3935/3935/3935 3933/3933/3933 3936/3936/3936 
f 3846/3846/3846 3936/3936/3936 3933/3933/3933 
f 3935/3935/3935 3937/3937/3937 3934/3934/3934 
f 3934/3934/3934 3938/3938/3938 3932/3932/3932 
f 3938/3938/3938 3934/3934/3934 3937/3937/3937 
f 3937/3937/3937 3935/3935/3935 3939/3939/3939 
f 3936/3936/3936 3939/3939/3939 3935/3935/3935 
f 3846/3846/3846 3940/3940/3940 3936/3936/3936 
f 3939/3939/3939 3936/3936/3936 3940/3940/3940 
f 3846/3846/3846 3941/3941/3941 3940/3940/3940 
f 3940/3940/3940 3942/3942/3942 3939/3939/3939 
f 3942/3942/3942 3940/3940/3940 3941/3941/3941 
f 3939/3939/3939 3943/3943/3943 3937/3937/3937 
f 3943/3943/3943 3939/3939/3939 3942/3942/3942 
f 3937/3937/3937 3944/3944/3944 3938/3938/3938 
f 3944/3944/3944 3937/3937/3937 3943/3943/3943 
f 3846/3846/3846 3945/3945/3945 3941/3941/3941 
f 3846/3846/3846 3861/3861/3861 3945/3945/3945 
f 3941/3941/3941 3946/3946/3946 3942/3942/3942 
f 3946/3946/3946 3941/3941/3941 3945/3945/3945 
f 3947/3947/3947 3945/3945/3945 3861/3861/3861 
f 3945/3945/3945 3947/3947/3947 3946/3946/3946 
f 3861/3861/3861 3948/3948/3948 3947/3947/3947 
f 3949/3949/3949 3942/3942/3942 3946/3946/3946 
f 3942/3942/3942 3949/3949/3949 3943/3943/3943 
f 3950/3950/3950 3946/3946/3946 3947/3947/3947 
f 3946/3946/3946 3950/3950/3950 3949/3949/3949 
f 3951/3951/3951 3947/3947/3947 3948/3948/3948 
f 3947/3947/3947 3951/3951/3951 3950/3950/3950 
f 3948/3948/3948 3952/3952/3952 3951/3951/3951 
f 3953/3953/3953 3943/3943/3943 3949/3949/3949 
f 3943/3943/3943 3953/3953/3953 3944/3944/3944 
f 3954/3954/3954 3949/3949/3949 3950/3950/3950 
f 3949/3949/3949 3954/3954/3954 3953/3953/3953 
f 3955/3955/3955 3950/3950/3950 3951/3951/3951 
f 3950/3950/3950 3955/3955/3955 3954/3954/3954 
f 3956/3956/3956 3951/3951/3951 3952/3952/3952 
f 3951/3951/3951 3956/3956/3956 3955/3955/3955 
f 3952/3952/3952 3957/3957/3957 3956/3956/3956 
f 3958/3958/3958 3956/3956/3956 3957/3957/3957 
f 3957/3957/3957 3959/3959/3959 3958/3958/3958 
f 3960/3960/3960 3955/3955/3955 3956/3956/3956 
f 3956/3956/3956 3958/3958/3958 3960/3960/3960 
f 3961/3961/3961 3954/3954/3954 3955/3955/3955 
f 3955/3955/3955 3960/3960/3960 3961/3961/3961 
f 3954/3954/3954 3961/3961/3961 3962/3962/3962 
f 3962/3962/3962 3953/3953/3953 3954/3954/3954 
f 3963/3963/3963 3958/3958/3958 3959/3959/3959 
f 3959/3959/3959 3964/3964/3964 3963/3963/3963 
f 3965/3965/3965 3960/3960/3960 3958/3958/3958 
f 3958/3958/3958 3963/3963/3963 3965/3965/3965 
f 3966/3966/3966 3961/3961/3961 3960/3960/3960 
f 3960/3960/3960 3965/3965/3965 3966/3966/3966 
f 3967/3967/3967 3962/3962/3962 3961/3961/3961 
f 3961/3961/3961 3966/3966/3966 3967/3967/3967 
f 3968/3968/3968 3969/3969/3969 3970/3970/3970 
f 3969/3969/3969 3968/3968/3968 3971/3971/3971 
f 3971/3971/3971 3972/3972/3972 3969/3969/3969 
f 3970/3970/3970 3973/3973/3973 3968/3968/3968 
f 3973/3973/3973 3970/3970/3970 3974/3974/3974 
f 3975/3975/3975 3971/3971/3971 3968/3968/3968 
f 3976/3976/3976 3968/3968/3968 3973/3973/3973 
f 3968/3968/3968 3976/3976/3976 3975/3975/3975 
f 3974/3974/3974 3977/3977/3977 3973/3973/3973 
f 3977/3977/3977 3974/3974/3974 3978/3978/3978 
f 3973/3973/3973 3979/3979/3979 3976/3976/3976 
f 3979/3979/3979 3973/3973/3973 3977/3977/3977 
f 3980/3980/3980 3975/3975/3975 3976/3976/3976 
f 3981/3981/3981 3976/3976/3976 3979/3979/3979 
f 3976/3976/3976 3981/3981/3981 3980/3980/3980 
f 3978/3978/3978 3982/3982/3982 3977/3977/3977 
f 3982/3982/3982 3978/3978/3978 3983/3983/3983 
f 3977/3977/3977 3984/3984/3984 3979/3979/3979 
f 3984/3984/3984 3977/3977/3977 3982/3982/3982 
f 3979/3979/3979 3985/3985/3985 3981/3981/3981 
f 3985/3985/3985 3979/3979/3979 3984/3984/3984 
f 3983/3983/3983 3986/3986/3986 3982/3982/3982 
f 3986/3986/3986 3983/3983/3983 3987/3987/3987 
f 3982/3982/3982 3988/3988/3988 3984/3984/3984 
f 3988/3988/3988 3982/3982/3982 3986/3986/3986 
f 3984/3984/3984 3989/3989/3989 3985/3985/3985 
f 3989/3989/3989 3984/3984/3984 3988/3988/3988 
f 3987/3987/3987 3990/3990/3990 3986/3986/3986 
f 3990/3990/3990 3987/3987/3987 3991/3991/3991 
f 3986/3986/3986 3992/3992/3992 3988/3988/3988 
f 3992/3992/3992 3986/3986/3986 3990/3990/3990 
f 3988/3988/3988 3993/3993/3993 3989/3989/3989 
f 3993/3993/3993 3988/3988/3988 3992/3992/3992 
f 3991/3991/3991 3994/3994/3994 3990/3990/3990 
f 3994/3994/3994 3991/3991/3991 3995/3995/3995 
f 3990/3990/3990 3996/3996/3996 3992/3992/3992 
f 3996/3996/3996 3990/3990/3990 3994/3994/3994 
f 3992/3992/3992 3997/3997/3997 3993/3993/3993 
f 3997/3997/3997 3992/3992/3992 3996/3996/3996 
f 3995/3995/3995 3998/3998/3998 3994/3994/3994 
f 3998/3998/3998 3995/3995/3995 3999/3999/3999 
f 3994/3994/3994 4000/4000/4000 3996/3996/3996 
f 4000/4000/4000 3994/3994/3994 3998/3998/3998 
f 3996/3996/3996 4001/4001/4001 3997/3997/3997 
f 4001/4001/4001 3996/3996/3996 4000/4000/4000 
f 3999/3999/3999 4002/4002/4002 3998/3998/3998 
f 4002/4002/4002 3999/3999/3999 4003/4003/4003 
f 4003/4003/4003 4004/4004/4004 4002/4002/4002 
f 4005/4005/4005 3998/3998/3998 4002/4002/4002 
f 3998/3998/3998 4005/4005/4005 4000/4000/4000 
f 4006/4006/4006 4002/4002/4002 4004/4004/4004 
f 4002/4002/4002 4006/4006/4006 4005/4005/4005 
f 4004/4004/4004 4007/4007/4007 4006/4006/4006 
f 4008/4008/4008 4000/4000/4000 4005/4005/4005 
f 4000/4000/4000 4008/4008/4008 4001/4001/4001 
f 4009/4009/4009 4005/4005/4005 4006/4006/4006 
f 4005/4005/4005 4009/4009/4009 4008/4008/4008 
f 4010/4010/4010 4006/4006/4006 4007/4007/4007 
f 4006/4006/4006 4010/4010/4010 4009/4009/4009 
f 4007/4007/4007 4011/4011/4011 4010/4010/4010 
f 4012/4012/4012 4010/4010/4010 4011/4011/4011 
f 4011/4011/4011 4013/4013/4013 4012/4012/4012 
f 4014/4014/4014 4009/4009/4009 4010/4010/4010 
f 4010/4010/4010 4012/4012/4012 4014/4014/4014 
f 4015/4015/4015 4008/4008/4008 4009/4009/4009 
f 4009/4009/4009 4014/4014/4014 4015/4015/4015 
f 4008/4008/4008 4015/4015/4015 3875/3875/3875 
f 3875/3875/3875 4001/4001/4001 4008/4008/4008 
f 4016/4016/4016 4012/4012/4012 4013/4013/4013 
f 4013/4013/4013 4017/4017/4017 4016/4016/4016 
f 4018/4018/4018 4014/4014/4014 4012/4012/4012 
f 4012/4012/4012 4016/4016/4016 4018/4018/4018 
f 4019/4019/4019 4015/4015/4015 4014/4014/4014 
f 4014/4014/4014 4018/4018/4018 4019/4019/4019 
f 3872/3872/3872 3875/3875/3875 4015/4015/4015 
f 4015/4015/4015 4019/4019/4019 3872/3872/3872 
f 4020/4020/4020 4016/4016/4016 4017/4017/4017 
f 4017/4017/4017 4021/4021/4021 4020/4020/4020 
f 4022/4022/4022 4018/4018/4018 4016/4016/4016 
f 4016/4016/4016 4020/4020/4020 4022/4022/4022 
f 4023/4023/4023 4019/4019/4019 4018/4018/4018 
f 4018/4018/4018 4022/4022/4022 4023/4023/4023 
f 3867/3867/3867 3872/3872/3872 4019/4019/4019 
f 4019/4019/4019 4023/4023/4023 3867/3867/3867 
f 4024/4024/4024 4020/4020/4020 4021/4021/4021 
f 4021/4021/4021 4025/4025/4025 4024/4024/4024 
f 4026/4026/4026 4022/4022/4022 4020/4020/4020 
f 4020/4020/4020 4024/4024/4024 4026/4026/4026 
f 4027/4027/4027 4023/4023/4023 4022/4022/4022 
f 4022/4022/4022 4026/4026/4026 4027/4027/4027 
f 3864/3864/3864 3867/3867/3867 4023/4023/4023 
f 4023/4023/4023 4027/4027/4027 3864/3864/3864 
f 4028/4028/4028 4024/4024/4024 4025/4025/4025 
f 4025/4025/4025 4029/4029/4029 4028/4028/4028 
f 4030/4030/4030 4026/4026/4026 4024/4024/4024 
f 4024/4024/4024 4028/4028/4028 4030/4030/4030 
f 3851/3851/3851 4027/4027/4027 4026/4026/4026 
f 4026/4026/4026 4030/4030/4030 3851/3851/3851 
f 3853/3853/3853 3864/3864/3864 4027/4027/4027 
f 4027/4027/4027 3851/3851/3851 3853/3853/3853 
f 4031/4031/4031 4028/4028/4028 4029/4029/4029 
f 4029/4029/4029 3849/3849/3849 4031/4031/4031 
f 3848/3848/3848 4030/4030/4030 4028/4028/4028 
f 4028/4028/4028 4031/4031/4031 3848/3848/3848 
f 3847/3847/3847 3851/3851/3851 4030/4030/4030 
f 4030/4030/4030 3848/3848/3848 3847/3847/3847 
f 3846/3846/3846 3848/3848/3848 4031/4031/4031 
f 3846/3846/3846 4031/4031/4031 3849/3849/3849 
f 4032/4032/4032 4033/4033/4033 4034/4034/4034 
f 4034/4034/4034 4035/4035/4035 4032/4032/4032 
f 4036/4036/4036 4032/4032/4032 4035/4035/4035 
f 4035/4035/4035 4034/4034/4034 4037/4037/4037 
f 4035/4035/4035 4038/4038/4038 4036/4036/4036 
f 4039/4039/4039 4036/4036/4036 4038/4038/4038 
f 4037/4037/4037 4040/4040/4040 4035/4035/4035 
f 4038/4038/4038 4035/4035/4035 4040/4040/4040 
f 4040/4040/4040 4037/4037/4037 4041/4041/4041 
f 4038/4038/4038 4042/4042/4042 4039/4039/4039 
f 4043/4043/4043 4039/4039/4039 4042/4042/4042 
f 4040/4040/4040 4044/4044/4044 4038/4038/4038 
f 4042/4042/4042 4038/4038/4038 4044/4044/4044 
f 4041/4041/4041 4045/4045/4045 4040/4040/4040 
f 4044/4044/4044 4040/4040/4040 4045/4045/4045 
f 4045/4045/4045 4041/4041/4041 4046/4046/4046 
f 4042/4042/4042 4047/4047/4047 4043/4043/4043 
f 4048/4048/4048 4043/4043/4043 4047/4047/4047 
f 4044/4044/4044 4049/4049/4049 4042/4042/4042 
f 4047/4047/4047 4042/4042/4042 4049/4049/4049 
f 4045/4045/4045 4050/4050/4050 4044/4044/4044 
f 4049/4049/4049 4044/4044/4044 4050/4050/4050 
f 4046/4046/4046 4051/4051/4051 4045/4045/4045 
f 4050/4050/4050 4045/4045/4045 4051/4051/4051 
f 4051/4051/4051 4046/4046/4046 4052/4052/4052 
f 4047/4047/4047 4053/4053/4053 4048/4048/4048 
f 4054/4054/4054 4048/4048/4048 4053/4053/4053 
f 4049/4049/4049 4055/4055/4055 4047/4047/4047 
f 4053/4053/4053 4047/4047/4047 4055/4055/4055 
f 4050/4050/4050 4056/4056/4056 4049/4049/4049 
f 4055/4055/4055 4049/4049/4049 4056/4056/4056 
f 4051/4051/4051 4057/4057/4057 4050/4050/4050 
f 4056/4056/4056 4050/4050/4050 4057/4057/4057 
f 4052/4052/4052 4058/4058/4058 4051/4051/4051 
f 4057/4057/4057 4051/4051/4051 4058/4058/4058 
f 4058/4058/4058 4052/4052/4052 4059/4059/4059 
f 4059/4059/4059 4060/4060/4060 4058/4058/4058 
f 4060/4060/4060 4059/4059/4059 4061/4061/4061 
f 4058/4058/4058 4062/4062/4062 4057/4057/4057 
f 4062/4062/4062 4058/4058/4058 4060/4060/4060 
f 4057/4057/4057 4063/4063/4063 4056/4056/4056 
f 4063/4063/4063 4057/4057/4057 4062/4062/4062 
f 4064/4064/4064 4056/4056/4056 4063/4063/4063 
f 4056/4056/4056 4064/4064/4064 4055/4055/4055 
f 4061/4061/4061 4065/4065/4065 4060/4060/4060 
f 4065/4065/4065 4061/4061/4061 4066/4066/4066 
f 4060/4060/4060 4067/4067/4067 4062/4062/4062 
f 4067/4067/4067 4060/4060/4060 4065/4065/4065 
f 4062/4062/4062 4068/4068/4068 4063/4063/4063 
f 4068/4068/4068 4062/4062/4062 4067/4067/4067 
f 4063/4063/4063 4069/4069/4069 4064/4064/4064 
f 4069/4069/4069 4063/4063/4063 4068/4068/4068 
f 4066/4066/4066 4070/4070/4070 4065/4065/4065 
f 4070/4070/4070 4066/4066/4066 4071/4071/4071 
f 4071/4071/4071 4072/4072/4072 4070/4070/4070 
f 4073/4073/4073 4065/4065/4065 4070/4070/4070 
f 4065/4065/4065 4073/4073/4073 4067/4067/4067 
f 4074/4074/4074 4070/4070/4070 4072/4072/4072 
f 4070/4070/4070 4074/4074/4074 4073/4073/4073 
f 4072/4072/4072 4075/4075/4075 4074/4074/4074 
f 4076/4076/4076 4067/4067/4067 4073/4073/4073 
f 4067/4067/4067 4076/4076/4076 4068/4068/4068 
f 4077/4077/4077 4073/4073/4073 4074/4074/4074 
f 4073/4073/4073 4077/4077/4077 4076/4076/4076 
f 4078/4078/4078 4074/4074/4074 4075/4075/4075 
f 4074/4074/4074 4078/4078/4078 4077/4077/4077 
f 4075/4075/4075 4079/4079/4079 4078/4078/4078 
f 4080/4080/4080 4068/4068/4068 4076/4076/4076 
f 4068/4068/4068 4080/4080/4080 4069/4069/4069 
f 4081/4081/4081 4076/4076/4076 4077/4077/4077 
f 4076/4076/4076 4081/4081/4081 4080/4080/4080 
f 4082/4082/4082 4077/4077/4077 4078/4078/4078 
f 4077/4077/4077 4082/4082/4082 4081/4081/4081 
f 4083/4083/4083 4078/4078/4078 4079/4079/4079 
f 4078/4078/4078 4083/4083/4083 4082/4082/4082 
f 4079/4079/4079 4084/4084/4084 4083/4083/4083 
f 4085/4085/4085 4083/4083/4083 4084/4084/4084 
f 4084/4084/4084 4086/4086/4086 4085/4085/4085 
f 4087/4087/4087 4082/4082/4082 4083/4083/4083 
f 4083/4083/4083 4085/4085/4085 4087/4087/4087 
f 4088/4088/4088 4081/4081/4081 4082/4082/4082 
f 4082/4082/4082 4087/4087/4087 4088/4088/4088 
f 4081/4081/4081 4088/4088/4088 4089/4089/4089 
f 4089/4089/4089 4080/4080/4080 4081/4081/4081 
f 4090/4090/4090 4085/4085/4085 4086/4086/4086 
f 4086/4086/4086 4091/4091/4091 4090/4090/4090 
f 4092/4092/4092 4087/4087/4087 4085/4085/4085 
f 4085/4085/4085 4090/4090/4090 4092/4092/4092 
f 4093/4093/4093 4088/4088/4088 4087/4087/4087 
f 4087/4087/4087 4092/4092/4092 4093/4093/4093 
f 4094/4094/4094 4089/4089/4089 4088/4088/4088 
f 4088/4088/4088 4093/4093/4093 4094/4094/4094 
f 4095/4095/4095 4090/4090/4090 4091/4091/4091 
f 4091/4091/4091 4096/4096/4096 4095/4095/4095 
f 4097/4097/4097 4092/4092/4092 4090/4090/4090 
f 4090/4090/4090 4095/4095/4095 4097/4097/4097 
f 4098/4098/4098 4093/4093/4093 4092/4092/4092 
f 4092/4092/4092 4097/4097/4097 4098/4098/4098 
f 4099/4099/4099 4094/4094/4094 4093/4093/4093 
f 4093/4093/4093 4098/4098/4098 4099/4099/4099 
f 4100/4100/4100 4095/4095/4095 4096/4096/4096 
f 4096/4096/4096 4101/4101/4101 4100/4100/4100 
f 4102/4102/4102 4100/4100/4100 4101/4101/4101 
f 4101/4101/4101 4103/4103/4103 4102/4102/4102 
f 4100/4100/4100 4102/4102/4102 4104/4104/4104 
f 4095/4095/4095 4100/4100/4100 4105/4105/4105 
f 4104/4104/4104 4105/4105/4105 4100/4100/4100 
f 4105/4105/4105 4097/4097/4097 4095/4095/4095 
f 4105/4105/4105 4104/4104/4104 4106/4106/4106 
f 4097/4097/4097 4105/4105/4105 4107/4107/4107 
f 4106/4106/4106 4107/4107/4107 4105/4105/4105 
f 4107/4107/4107 4098/4098/4098 4097/4097/4097 
f 4107/4107/4107 4106/4106/4106 4108/4108/4108 
f 4098/4098/4098 4107/4107/4107 4109/4109/4109 
f 4108/4108/4108 4109/4109/4109 4107/4107/4107 
f 4109/4109/4109 4099/4099/4099 4098/4098/4098 
f 4109/4109/4109 4108/4108/4108 4110/4110/4110 
f 4110/4110/4110 4111/4111/4111 4109/4109/4109 
f 4099/4099/4099 4109/4109/4109 4111/4111/4111 
f 4111/4111/4111 4110/4110/4110 4112/4112/4112 
f 4111/4111/4111 4113/4113/4113 4099/4099/4099 
f 4094/4094/4094 4099/4099/4099 4113/4113/4113 
f 4112/4112/4112 4114/4114/4114 4111/4111/4111 
f 4113/4113/4113 4111/4111/4111 4114/4114/4114 
f 4114/4114/4114 4112/4112/4112 4115/4115/4115 
f 4113/4113/4113 4116/4116/4116 4094/4094/4094 
f 4089/4089/4089 4094/4094/4094 4116/4116/4116 
f 4114/4114/4114 4117/4117/4117 4113/4113/4113 
f 4116/4116/4116 4113/4113/4113 4117/4117/4117 
f 4115/4115/4115 4118/4118/4118 4114/4114/4114 
f 4117/4117/4117 4114/4114/4114 4118/4118/4118 
f 4118/4118/4118 4115/4115/4115 4119/4119/4119 
f 4116/4116/4116 4120/4120/4120 4089/4089/4089 
f 4080/4080/4080 4089/4089/4089 4120/4120/4120 
f 4120/4120/4120 4069/4069/4069 4080/4080/4080 
f 4120/4120/4120 4116/4116/4116 4121/4121/4121 
f 4117/4117/4117 4121/4121/4121 4116/4116/4116 
f 4069/4069/4069 4120/4120/4120 4122/4122/4122 
f 4121/4121/4121 4122/4122/4122 4120/4120/4120 
f 4122/4122/4122 4064/4064/4064 4069/4069/4069 
f 4121/4121/4121 4117/4117/4117 4123/4123/4123 
f 4118/4118/4118 4123/4123/4123 4117/4117/4117 
f 4122/4122/4122 4121/4121/4121 4124/4124/4124 
f 4123/4123/4123 4124/4124/4124 4121/4121/4121 
f 4064/4064/4064 4122/4122/4122 4125/4125/4125 
f 4124/4124/4124 4125/4125/4125 4122/4122/4122 
f 4125/4125/4125 4055/4055/4055 4064/4064/4064 
f 4055/4055/4055 4125/4125/4125 4053/4053/4053 
f 4126/4126/4126 4053/4053/4053 4125/4125/4125 
f 4125/4125/4125 4124/4124/4124 4126/4126/4126 
f 4053/4053/4053 4126/4126/4126 4054/4054/4054 
f 4127/4127/4127 4054/4054/4054 4126/4126/4126 
f 4128/4128/4128 4126/4126/4126 4124/4124/4124 
f 4126/4126/4126 4128/4128/4128 4127/4127/4127 
f 4124/4124/4124 4123/4123/4123 4128/4128/4128 
f 4129/4129/4129 4127/4127/4127 4128/4128/4128 
f 4130/4130/4130 4128/4128/4128 4123/4123/4123 
f 4128/4128/4128 4130/4130/4130 4129/4129/4129 
f 4123/4123/4123 4118/4118/4118 4130/4130/4130 
f 4131/4131/4131 4129/4129/4129 4130/4130/4130 
f 4119/4119/4119 4130/4130/4130 4118/4118/4118 
f 4130/4130/4130 4119/4119/4119 4131/4131/4131 
f 4132/4132/4132 3963/3963/3963 3964/3964/3964 
f 3964/3964/3964 4133/4133/4133 4132/4132/4132 
f 4134/4134/4134 3965/3965/3965 3963/3963/3963 
f 3963/3963/3963 4132/4132/4132 4134/4134/4134 
f 4135/4135/4135 3966/3966/3966 3965/3965/3965 
f 3965/3965/3965 4134/4134/4134 4135/4135/4135 
f 4136/4136/4136 3967/3967/3967 3966/3966/3966 
f 3966/3966/3966 4135/4135/4135 4136/4136/4136 
f 4137/4137/4137 4132/4132/4132 4133/4133/4133 
f 4133/4133/4133 4138/4138/4138 4137/4137/4137 
f 4139/4139/4139 4134/4134/4134 4132/4132/4132 
f 4132/4132/4132 4137/4137/4137 4139/4139/4139 
f 4140/4140/4140 4135/4135/4135 4134/4134/4134 
f 4134/4134/4134 4139/4139/4139 4140/4140/4140 
f 4141/4141/4141 4136/4136/4136 4135/4135/4135 
f 4135/4135/4135 4140/4140/4140 4141/4141/4141 
f 4142/4142/4142 4137/4137/4137 4138/4138/4138 
f 4138/4138/4138 4143/4143/4143 4142/4142/4142 
f 4144/4144/4144 4142/4142/4142 4143/4143/4143 
f 4143/4143/4143 4145/4145/4145 4144/4144/4144 
f 4142/4142/4142 4144/4144/4144 4146/4146/4146 
f 4137/4137/4137 4142/4142/4142 4147/4147/4147 
f 4146/4146/4146 4147/4147/4147 4142/4142/4142 
f 4147/4147/4147 4139/4139/4139 4137/4137/4137 
f 4147/4147/4147 4146/4146/4146 4148/4148/4148 
f 4139/4139/4139 4147/4147/4147 4149/4149/4149 
f 4148/4148/4148 4149/4149/4149 4147/4147/4147 
f 4149/4149/4149 4140/4140/4140 4139/4139/4139 
f 4149/4149/4149 4148/4148/4148 4150/4150/4150 
f 4140/4140/4140 4149/4149/4149 4151/4151/4151 
f 4150/4150/4150 4151/4151/4151 4149/4149/4149 
f 4151/4151/4151 4141/4141/4141 4140/4140/4140 
f 4151/4151/4151 4150/4150/4150 4152/4152/4152 
f 4152/4152/4152 4153/4153/4153 4151/4151/4151 
f 4141/4141/4141 4151/4151/4151 4153/4153/4153 
f 4153/4153/4153 4152/4152/4152 4154/4154/4154 
f 4153/4153/4153 4155/4155/4155 4141/4141/4141 
f 4136/4136/4136 4141/4141/4141 4155/4155/4155 
f 4154/4154/4154 4156/4156/4156 4153/4153/4153 
f 4155/4155/4155 4153/4153/4153 4156/4156/4156 
f 4156/4156/4156 4154/4154/4154 4157/4157/4157 
f 4155/4155/4155 4158/4158/4158 4136/4136/4136 
f 3967/3967/3967 4136/4136/4136 4158/4158/4158 
f 4156/4156/4156 4159/4159/4159 4155/4155/4155 
f 4158/4158/4158 4155/4155/4155 4159/4159/4159 
f 4157/4157/4157 4160/4160/4160 4156/4156/4156 
f 4159/4159/4159 4156/4156/4156 4160/4160/4160 
f 4160/4160/4160 4157/4157/4157 4161/4161/4161 
f 4158/4158/4158 4162/4162/4162 3967/3967/3967 
f 3962/3962/3962 3967/3967/3967 4162/4162/4162 
f 4159/4159/4159 4163/4163/4163 4158/4158/4158 
f 4162/4162/4162 4158/4158/4158 4163/4163/4163 
f 4160/4160/4160 4164/4164/4164 4159/4159/4159 
f 4163/4163/4163 4159/4159/4159 4164/4164/4164 
f 4161/4161/4161 4165/4165/4165 4160/4160/4160 
f 4164/4164/4164 4160/4160/4160 4165/4165/4165 
f 4165/4165/4165 4161/4161/4161 4166/4166/4166 
f 4162/4162/4162 4167/4167/4167 3962/3962/3962 
f 3953/3953/3953 3962/3962/3962 4167/4167/4167 
f 4167/4167/4167 3944/3944/3944 3953/3953/3953 
f 4167/4167/4167 4162/4162/4162 4168/4168/4168 
f 4163/4163/4163 4168/4168/4168 4162/4162/4162 
f 3944/3944/3944 4167/4167/4167 4169/4169/4169 
f 4168/4168/4168 4169/4169/4169 4167/4167/4167 
f 4169/4169/4169 3938/3938/3938 3944/3944/3944 
f 4168/4168/4168 4163/4163/4163 4170/4170/4170 
f 4164/4164/4164 4170/4170/4170 4163/4163/4163 
f 4169/4169/4169 4168/4168/4168 4171/4171/4171 
f 4170/4170/4170 4171/4171/4171 4168/4168/4168 
f 3938/3938/3938 4169/4169/4169 4172/4172/4172 
f 4171/4171/4171 4172/4172/4172 4169/4169/4169 
f 4172/4172/4172 3932/3932/3932 3938/3938/3938 
f 4170/4170/4170 4164/4164/4164 4173/4173/4173 
f 4165/4165/4165 4173/4173/4173 4164/4164/4164 
f 4171/4171/4171 4170/4170/4170 4174/4174/4174 
f 4173/4173/4173 4174/4174/4174 4170/4170/4170 
f 4172/4172/4172 4171/4171/4171 4175/4175/4175 
f 4174/4174/4174 4175/4175/4175 4171/4171/4171 
f 3932/3932/3932 4172/4172/4172 4176/4176/4176 
f 4175/4175/4175 4176/4176/4176 4172/4172/4172 
f 4176/4176/4176 3930/3930/3930 3932/3932/3932 
f 4173/4173/4173 4165/4165/4165 4177/4177/4177 
f 4166/4166/4166 4177/4177/4177 4165/4165/4165 
f 4177/4177/4177 4166/4166/4166 4178/4178/4178 
f 4177/4177/4177 4179/4179/4179 4173/4173/4173 
f 4174/4174/4174 4173/4173/4173 4179/4179/4179 
f 4178/4178/4178 4180/4180/4180 4177/4177/4177 
f 4179/4179/4179 4177/4177/4177 4180/4180/4180 
f 4180/4180/4180 4178/4178/4178 4181/4181/4181 
f 4179/4179/4179 4182/4182/4182 4174/4174/4174 
f 4175/4175/4175 4174/4174/4174 4182/4182/4182 
f 4180/4180/4180 4183/4183/4183 4179/4179/4179 
f 4182/4182/4182 4179/4179/4179 4183/4183/4183 
f 4181/4181/4181 4184/4184/4184 4180/4180/4180 
f 4183/4183/4183 4180/4180/4180 4184/4184/4184 
f 4184/4184/4184 4181/4181/4181 4185/4185/4185 
f 4182/4182/4182 4186/4186/4186 4175/4175/4175 
f 4176/4176/4176 4175/4175/4175 4186/4186/4186 
f 4183/4183/4183 4187/4187/4187 4182/4182/4182 
f 4186/4186/4186 4182/4182/4182 4187/4187/4187 
f 4184/4184/4184 4188/4188/4188 4183/4183/4183 
f 4187/4187/4187 4183/4183/4183 4188/4188/4188 
f 4185/4185/4185 4189/4189/4189 4184/4184/4184 
f 4188/4188/4188 4184/4184/4184 4189/4189/4189 
f 4189/4189/4189 4185/4185/4185 4190/4190/4190 
f 4186/4186/4186 4191/4191/4191 4176/4176/4176 
f 3930/3930/3930 4176/4176/4176 4191/4191/4191 
f 4191/4191/4191 3924/3924/3924 3930/3930/3930 
f 4191/4191/4191 4186/4186/4186 4192/4192/4192 
f 4187/4187/4187 4192/4192/4192 4186/4186/4186 
f 3924/3924/3924 4191/4191/4191 4193/4193/4193 
f 4192/4192/4192 4193/4193/4193 4191/4191/4191 
f 4193/4193/4193 3922/3922/3922 3924/3924/3924 
f 4192/4192/4192 4187/4187/4187 4194/4194/4194 
f 4188/4188/4188 4194/4194/4194 4187/4187/4187 
f 4193/4193/4193 4192/4192/4192 4195/4195/4195 
f 4194/4194/4194 4195/4195/4195 4192/4192/4192 
f 3922/3922/3922 4193/4193/4193 4196/4196/4196 
f 4195/4195/4195 4196/4196/4196 4193/4193/4193 
f 4196/4196/4196 3916/3916/3916 3922/3922/3922 
f 4194/4194/4194 4188/4188/4188 4197/4197/4197 
f 4189/4189/4189 4197/4197/4197 4188/4188/4188 
f 4195/4195/4195 4194/4194/4194 4198/4198/4198 
f 4197/4197/4197 4198/4198/4198 4194/4194/4194 
f 4196/4196/4196 4195/4195/4195 4199/4199/4199 
f 4198/4198/4198 4199/4199/4199 4195/4195/4195 
f 3916/3916/3916 4196/4196/4196 4200/4200/4200 
f 4199/4199/4199 4200/4200/4200 4196/4196/4196 
f 4200/4200/4200 3914/3914/3914 3916/3916/3916 
f 4197/4197/4197 4189/4189/4189 4201/4201/4201 
f 4190/4190/4190 4201/4201/4201 4189/4189/4189 
f 4201/4201/4201 4190/4190/4190 4202/4202/4202 
f 4201/4201/4201 4203/4203/4203 4197/4197/4197 
f 4198/4198/4198 4197/4197/4197 4203/4203/4203 
f 4202/4202/4202 4204/4204/4204 4201/4201/4201 
f 4203/4203/4203 4201/4201/4201 4204/4204/4204 
f 4204/4204/4204 4202/4202/4202 4205/4205/4205 
f 4203/4203/4203 4206/4206/4206 4198/4198/4198 
f 4199/4199/4199 4198/4198/4198 4206/4206/4206 
f 4204/4204/4204 4207/4207/4207 4203/4203/4203 
f 4206/4206/4206 4203/4203/4203 4207/4207/4207 
f 4205/4205/4205 4208/4208/4208 4204/4204/4204 
f 4207/4207/4207 4204/4204/4204 4208/4208/4208 
f 4208/4208/4208 4205/4205/4205 4209/4209/4209 
f 4206/4206/4206 4210/4210/4210 4199/4199/4199 
f 4200/4200/4200 4199/4199/4199 4210/4210/4210 
f 4207/4207/4207 4211/4211/4211 4206/4206/4206 
f 4210/4210/4210 4206/4206/4206 4211/4211/4211 
f 4208/4208/4208 4212/4212/4212 4207/4207/4207 
f 4211/4211/4211 4207/4207/4207 4212/4212/4212 
f 4209/4209/4209 4213/4213/4213 4208/4208/4208 
f 4212/4212/4212 4208/4208/4208 4213/4213/4213 
f 4213/4213/4213 4209/4209/4209 3972/3972/3972 
f 3972/3972/3972 3971/3971/3971 4213/4213/4213 
f 4214/4214/4214 4213/4213/4213 3971/3971/3971 
f 4213/4213/4213 4214/4214/4214 4212/4212/4212 
f 3971/3971/3971 3975/3975/3975 4214/4214/4214 
f 4212/4212/4212 4215/4215/4215 4211/4211/4211 
f 4215/4215/4215 4212/4212/4212 4214/4214/4214 
f 4216/4216/4216 4214/4214/4214 3975/3975/3975 
f 4214/4214/4214 4216/4216/4216 4215/4215/4215 
f 3975/3975/3975 3980/3980/3980 4216/4216/4216 
f 4217/4217/4217 4211/4211/4211 4215/4215/4215 
f 4211/4211/4211 4217/4217/4217 4210/4210/4210 
f 4218/4218/4218 4215/4215/4215 4216/4216/4216 
f 4215/4215/4215 4218/4218/4218 4217/4217/4217 
f 4219/4219/4219 4216/4216/4216 3980/3980/3980 
f 4216/4216/4216 4219/4219/4219 4218/4218/4218 
f 3980/3980/3980 4220/4220/4220 4219/4219/4219 
f 4220/4220/4220 3980/3980/3980 3981/3981/3981 
f 4221/4221/4221 4210/4210/4210 4217/4217/4217 
f 4210/4210/4210 4221/4221/4221 4200/4200/4200 
f 3914/3914/3914 4200/4200/4200 4221/4221/4221 
f 4221/4221/4221 3908/3908/3908 3914/3914/3914 
f 4217/4217/4217 4222/4222/4222 4221/4221/4221 
f 3908/3908/3908 4221/4221/4221 4222/4222/4222 
f 4222/4222/4222 4217/4217/4217 4218/4218/4218 
f 4222/4222/4222 3906/3906/3906 3908/3908/3908 
f 4218/4218/4218 4223/4223/4223 4222/4222/4222 
f 3906/3906/3906 4222/4222/4222 4223/4223/4223 
f 4223/4223/4223 4218/4218/4218 4219/4219/4219 
f 4223/4223/4223 3900/3900/3900 3906/3906/3906 
f 4219/4219/4219 4224/4224/4224 4223/4223/4223 
f 3900/3900/3900 4223/4223/4223 4224/4224/4224 
f 4224/4224/4224 4219/4219/4219 4220/4220/4220 
f 4224/4224/4224 3898/3898/3898 3900/3900/3900 
f 3898/3898/3898 4224/4224/4224 4225/4225/4225 
f 4220/4220/4220 4225/4225/4225 4224/4224/4224 
f 4225/4225/4225 3892/3892/3892 3898/3898/3898 
f 4225/4225/4225 4220/4220/4220 4226/4226/4226 
f 3981/3981/3981 4226/4226/4226 4220/4220/4220 
f 4226/4226/4226 3981/3981/3981 3985/3985/3985 
f 3892/3892/3892 4225/4225/4225 4227/4227/4227 
f 4226/4226/4226 4227/4227/4227 4225/4225/4225 
f 4227/4227/4227 3890/3890/3890 3892/3892/3892 
f 3985/3985/3985 4228/4228/4228 4226/4226/4226 
f 4227/4227/4227 4226/4226/4226 4228/4228/4228 
f 4228/4228/4228 3985/3985/3985 3989/3989/3989 
f 3890/3890/3890 4227/4227/4227 4229/4229/4229 
f 4228/4228/4228 4229/4229/4229 4227/4227/4227 
f 4229/4229/4229 3884/3884/3884 3890/3890/3890 
f 3989/3989/3989 4230/4230/4230 4228/4228/4228 
f 4229/4229/4229 4228/4228/4228 4230/4230/4230 
f 4230/4230/4230 3989/3989/3989 3993/3993/3993 
f 3884/3884/3884 4229/4229/4229 4231/4231/4231 
f 4230/4230/4230 4231/4231/4231 4229/4229/4229 
f 4231/4231/4231 3882/3882/3882 3884/3884/3884 
f 3993/3993/3993 4232/4232/4232 4230/4230/4230 
f 4231/4231/4231 4230/4230/4230 4232/4232/4232 
f 4232/4232/4232 3993/3993/3993 3997/3997/3997 
f 3882/3882/3882 4231/4231/4231 4233/4233/4233 
f 4232/4232/4232 4233/4233/4233 4231/4231/4231 
f 4233/4233/4233 3876/3876/3876 3882/3882/3882 
f 3876/3876/3876 4233/4233/4233 3874/3874/3874 
f 4233/4233/4233 4232/4232/4232 4234/4234/4234 
f 3997/3997/3997 4234/4234/4234 4232/4232/4232 
f 4234/4234/4234 3874/3874/3874 4233/4233/4233 
f 4234/4234/4234 3997/3997/3997 4001/4001/4001 
f 3874/3874/3874 4234/4234/4234 3875/3875/3875 
f 4001/4001/4001 3875/3875/3875 4234/4234/4234 

