# This file is brought to you by Roblox Corporation
# Generated by Roblox Studio

mtllib R6 Builderman.mtl

g Handle1

v -16.5 5.1534 17.6136 
v -16.5 5.1344 17.3503 
v -16.7438 5.13914 17.6808 
v -16.7565 5.11266 17.3924 
v -16.9461 5.09129 17.5311 
v -16.9505 5.11231 17.8328 
v -17.0422 5.08297 17.8034 
v -17.0886 5.10397 18.0429 
v -17.1424 5.08297 18.0231 
v -17.1371 5.10397 18.2932 
v -17.1912 5.08297 18.3041 
v -17.0886 5.10397 18.5312 
v -17.1289 5.08297 18.5704 
v -16.9505 5.10397 18.733 
v -16.9793 5.08297 18.7848 
v -16.7438 5.10397 18.8678 
v -16.7686 5.08297 18.9375 
v -16.5 5.10397 18.9152 
v -16.5 5.08297 18.9888 
v -16.7573 5.05422 17.3919 
v -16.5 5.06499 17.352 
v -16.9457 5.03759 17.5301 
v -17.0416 5.02179 17.8012 
v -17.1427 5.02179 18.0249 
v -17.1904 5.02179 18.3048 
v -17.1255 5.02179 18.5719 
v -16.9815 5.02179 18.784 
v -16.7693 5.02179 18.9364 
v -16.5 5.02179 18.982 
v -16.2562 5.13914 17.6808 
v -16.2435 5.11266 17.3924 
v -16.2427 5.05422 17.3919 
v -16.054 5.09129 17.5311 
v -16.0543 5.03759 17.5301 
v -16.0495 5.11231 17.8328 
v -15.9578 5.08297 17.8034 
v -15.9114 5.10397 18.0429 
v -15.8576 5.08297 18.0231 
v -15.8573 5.02179 18.0249 
v -15.8629 5.10397 18.2932 
v -15.8088 5.08297 18.3041 
v -15.8096 5.02179 18.3048 
v -15.9114 5.10397 18.5312 
v -15.8711 5.08297 18.5704 
v -15.8745 5.02179 18.5719 
v -16.0495 5.10397 18.733 
v -16.0207 5.08297 18.7848 
v -16.0185 5.02179 18.784 
v -16.2562 5.10397 18.8678 
v -16.2314 5.08297 18.9375 
v -16.2307 5.02179 18.9364 
v -16.5 5.10397 18.9152 
v -15.9584 5.02179 17.8012 
v -16.7438 5.13914 17.6808 
v -16.5 5.30852 17.645 
v -16.5 5.1534 17.6136 
v -16.9505 5.11231 17.8328 
v -16.7335 5.30852 17.6943 
v -17.0886 5.10397 18.0429 
v -16.9315 5.30852 17.8349 
v -17.1371 5.10397 18.2932 
v -17.0637 5.30852 18.0451 
v -17.0886 5.10397 18.5312 
v -17.1102 5.30852 18.2932 
v -16.9505 5.10397 18.733 
v -17.0637 5.30852 18.5242 
v -16.7438 5.10397 18.8678 
v -16.9315 5.30852 18.72 
v -16.5 5.10397 18.9152 
v -16.7335 5.30852 18.8509 
v -16.5 5.30852 18.8968 
v -16.5 5.4975 17.7437 
v -16.698 5.4975 17.7855 
v -16.8658 5.4975 17.9046 
v -16.9779 5.4975 18.0829 
v -17.0173 5.4975 18.2932 
v -16.9779 5.4975 18.4891 
v -16.8658 5.4975 18.6551 
v -16.698 5.4975 18.766 
v -16.5 5.4975 18.8049 
v -16.5 5.64215 17.926 
v -16.6019 5.64606 17.9432 
v -16.7444 5.64215 18.0336 
v -16.8193 5.64215 18.1527 
v -16.8456 5.64215 18.2932 
v -16.8193 5.64215 18.4241 
v -16.7444 5.64215 18.535 
v -16.605 5.64606 18.6204 
v -16.5858 5.72042 18.2107 
v -16.6004 5.72694 18.2932 
v -16.5858 5.72042 18.3781 
v -16.9145 5.30045 17.7099 
v -16.9749 5.30045 17.7804 
v -16.8282 5.3706 17.8125 
v -16.8325 5.30045 17.6674 
v -16.761 5.29989 17.7344 
v -16.7585 5.09979 17.7324 
v -16.8302 5.09865 17.6656 
v -16.9131 5.0981 17.7088 
v -16.9758 5.0981 17.7812 
v -16.9264 5.09923 17.8656 
v -16.925 5.30102 17.8645 
v -17.1773 5.28146 18.3242 
v -17.1532 5.28146 18.4139 
v -17.0439 5.35162 18.311 
v -17.1659 5.28146 18.2325 
v -17.0703 5.2809 18.2114 
v -17.0705 5.08081 18.2082 
v -17.1661 5.07967 18.2296 
v -17.1774 5.07911 18.3224 
v -17.1531 5.07911 18.4151 
v -17.0555 5.08025 18.4221 
v -17.0557 5.28204 18.4203 
v -16.2665 5.30852 17.6943 
v -16.2562 5.13914 17.6808 
v -16.0685 5.30852 17.8349 
v -16.0495 5.11231 17.8328 
v -15.9363 5.30852 18.0451 
v -15.9114 5.10397 18.0429 
v -15.8898 5.30852 18.2932 
v -15.8629 5.10397 18.2932 
v -15.9363 5.30852 18.5242 
v -15.9114 5.10397 18.5312 
v -16.0685 5.30852 18.72 
v -16.0495 5.10397 18.733 
v -16.2665 5.30852 18.8509 
v -16.2562 5.10397 18.8678 
v -16.5 5.30852 18.8968 
v -16.5 5.10397 18.9152 
v -16.302 5.4975 17.7855 
v -16.1342 5.4975 17.9046 
v -16.0221 5.4975 18.0829 
v -15.9827 5.4975 18.2932 
v -16.0221 5.4975 18.4891 
v -16.1342 5.4975 18.6551 
v -16.302 5.4975 18.766 
v -16.5 5.4975 18.8049 
v -16.3981 5.64606 17.9432 
v -16.2556 5.64215 18.0336 
v -16.1807 5.64215 18.1527 
v -16.1544 5.64215 18.2932 
v -16.1807 5.64215 18.4241 
v -16.2556 5.64215 18.535 
v -16.395 5.64606 18.6204 
v -16.4142 5.72042 18.2107 
v -16.3996 5.72694 18.2932 
v -16.4142 5.72042 18.3781 
v -16.0855 5.30045 17.7099 
v -16.0869 5.0981 17.7088 
v -16.1675 5.30045 17.6674 
v -16.1718 5.3706 17.8125 
v -16.0251 5.30045 17.7804 
v -16.239 5.29989 17.7344 
v -16.1698 5.09865 17.6656 
v -16.2415 5.09979 17.7324 
v -16.0242 5.0981 17.7812 
v -16.075 5.30102 17.8645 
v -16.0736 5.09923 17.8656 
v -15.8227 5.28146 18.3242 
v -15.8226 5.07911 18.3224 
v -15.8341 5.28146 18.2325 
v -15.9561 5.35162 18.311 
v -15.8468 5.28146 18.4139 
v -15.9297 5.2809 18.2114 
v -15.8339 5.07967 18.2296 
v -15.9295 5.08081 18.2082 
v -15.8469 5.07911 18.4151 
v -15.9443 5.28204 18.4203 
v -15.9445 5.08025 18.4221 
v -16.4988 5.64168 18.3222 
v -16.7311 5.34706 17.8449 
v -16.4864 5.34706 17.7862 
v -16.9099 5.34706 18.0212 
v -16.9853 5.35305 18.2916 
v -16.91 5.34706 18.546 
v -16.7336 5.34706 18.7462 
v -16.4863 5.34706 18.8027 
v -16.2464 5.34706 18.7228 
v -16.0696 5.34706 18.5251 
v -16.0598 5.34706 18.021 
v -16.0294 5.34706 18.2872 
v -16.2365 5.34706 17.852 
v -17.0799 5.02375 18.2791 
v -16.9781 5.02375 18.6328 
v -17.0195 5.02375 17.9778 
v -16.7783 5.02375 17.7524 
v -16.5223 5.02375 17.6669 
v -16.2399 5.02375 17.7413 
v -16.0082 5.02375 17.9509 
v -15.9212 5.02375 18.2853 
v -15.969 5.02375 18.5447 
v -16.1718 5.02375 18.7881 
v -16.4964 5.02375 18.8987 
v -16.7684 5.02375 18.8207 
v -16.5 5.32828 18.9435 
v -16.6045 5.32552 18.9364 
v -16.6045 5.08621 18.9602 
v -16.5 5.08414 18.9738 
v -16.5 5.52852 18.842 
v -16.6045 5.5218 18.8325 
v -16.5 5.69735 18.6364 
v -16.6045 5.68729 18.6297 
v -16.5 5.76802 18.3878 
v -16.6045 5.75656 18.3813 
v -16.5 5.77588 18.1488 
v -16.6045 5.76426 18.157 
v -16.5 5.74688 17.9018 
v -16.6045 5.73584 17.9145 
v -16.6045 5.58147 17.8746 
v -16.5 5.58147 17.8588 
v -16.6045 5.76426 18.157 
v -16.6045 5.58147 17.8746 
v -16.6045 5.75656 18.3813 
v -16.6045 5.32552 18.9364 
v -16.6045 5.5218 18.8325 
v -16.6045 5.08621 18.9602 
v -16.6044 5.10477 18.8882 
v -16.6045 5.68729 18.6297 
v -16.6045 5.68729 18.6297 
v -16.6045 5.68729 18.6297 
v -16.6044 5.64888 18.3464 
v -16.6044 5.41584 18.7517 
v -16.3955 5.08621 18.9602 
v -16.3955 5.32552 18.9364 
v -16.3955 5.5218 18.8325 
v -16.3955 5.68729 18.6297 
v -16.3955 5.75656 18.3813 
v -16.3955 5.76426 18.157 
v -16.3955 5.73584 17.9145 
v -16.3955 5.58147 17.8746 
v -16.3955 5.75656 18.3813 
v -16.3955 5.58147 17.8746 
v -16.3955 5.76426 18.157 
v -16.3955 5.08621 18.9602 
v -16.3955 5.5218 18.8325 
v -16.3955 5.32552 18.9364 
v -16.3956 5.10477 18.8882 
v -16.3955 5.68729 18.6297 
v -16.3955 5.68729 18.6297 
v -16.3956 5.41584 18.7517 
v -16.3956 5.64888 18.3464 
v -16.3955 5.68729 18.6297 
v -16.5 5.02179 18.982 
v -16.7693 5.02179 18.9364 
v -16.9815 5.02179 18.784 
v -17.1255 5.02179 18.5719 
v -17.1904 5.02179 18.3048 
v -17.1427 5.02179 18.0249 
v -17.0416 5.02179 17.8012 
v -16.7573 5.05422 17.3919 
v -16.5 5.06499 17.352 
v -16.9457 5.03759 17.5301 
v -16.2427 5.05422 17.3919 
v -16.0543 5.03759 17.5301 
v -15.9584 5.02179 17.8012 
v -15.8573 5.02179 18.0249 
v -15.8096 5.02179 18.3048 
v -15.8745 5.02179 18.5719 
v -16.0185 5.02179 18.784 
v -16.2307 5.02179 18.9364 

vn 0 1 -0.0708661 
vn 0 0.677165 -0.732283 
vn -0.133858 0.992126 -0.0787402 
vn -0.425197 0.527559 -0.732283 
vn -0.677165 0.637795 -0.370079 
vn -0.244094 0.968504 -0.0944882 
vn -0.748031 0.590551 -0.307087 
vn -0.307087 0.944882 -0.11811 
vn -0.795276 0.566929 -0.212598 
vn -0.354331 0.937008 -0.023622 
vn -0.826772 0.551181 0.0787402 
vn -0.346457 0.929134 0.11811 
vn -0.740157 0.559055 0.377953 
vn -0.259843 0.937008 0.228346 
vn -0.543307 0.590551 0.598425 
vn -0.133858 0.952756 0.259843 
vn -0.259843 0.590551 0.76378 
vn -0.0551181 0.96063 0.275591 
vn 0 0.566929 0.826772 
vn -0.307087 0 -0.952756 
vn 0 -0.023622 -1 
vn -0.740157 0.00787402 -0.677165 
vn -0.937008 0 -0.362205 
vn -0.944882 0 -0.330709 
vn -1 -0.00787402 -0.0314961 
vn -0.937008 -0.0314961 0.346457 
vn -0.755906 0 0.653543 
vn -0.456693 -0.00787402 0.889764 
vn 0 -0.0629921 1 
vn 0.133858 0.992126 -0.0787402 
vn 0.425197 0.527559 -0.732283 
vn 0.307087 0 -0.952756 
vn 0.677165 0.637795 -0.370079 
vn 0.740157 0.00787402 -0.677165 
vn 0.244094 0.968504 -0.0944882 
vn 0.748031 0.590551 -0.307087 
vn 0.307087 0.944882 -0.11811 
vn 0.795276 0.566929 -0.212598 
vn 0.944882 0 -0.330709 
vn 0.354331 0.937008 -0.023622 
vn 0.826772 0.551181 0.0787402 
vn 1 -0.00787402 -0.0314961 
vn 0.346457 0.929134 0.11811 
vn 0.740157 0.559055 0.377953 
vn 0.937008 -0.0314961 0.346457 
vn 0.259843 0.937008 0.228346 
vn 0.543307 0.590551 0.598425 
vn 0.755906 0 0.653543 
vn 0.133858 0.952756 0.259843 
vn 0.259843 0.590551 0.76378 
vn 0.456693 -0.00787402 0.889764 
vn 0.0551181 0.96063 0.275591 
vn 0.937008 0 -0.362205 
vn -0.362205 0.125984 -0.92126 
vn 0 0.251969 -0.968504 
vn 0 0.19685 -0.976378 
vn -0.677165 0.0866142 -0.732283 
vn -0.393701 0.283465 -0.874016 
vn -0.897638 0.110236 -0.425197 
vn -0.700787 0.275591 -0.661417 
vn -0.992126 0.125984 -0.0551181 
vn -0.889764 0.291339 -0.346457 
vn -0.937008 0.125984 0.322835 
vn -0.96063 0.291339 0.00787402 
vn -0.740157 0.110236 0.661417 
vn -0.88189 0.283465 0.370079 
vn -0.433071 0.0944882 0.897638 
vn -0.669291 0.275591 0.685039 
vn -0.188976 0.0866142 0.976378 
vn -0.362205 0.267717 0.889764 
vn -0.181102 0.322835 0.929134 
vn 0 0.582677 -0.811024 
vn -0.307087 0.629921 -0.708661 
vn -0.566929 0.629921 -0.527559 
vn -0.732283 0.622047 -0.275591 
vn -0.787402 0.614173 0.015748 
vn -0.724409 0.614173 0.314961 
vn -0.551181 0.614173 0.566929 
vn -0.291339 0.606299 0.740157 
vn -0.15748 0.590551 0.787402 
vn 0 0.771654 -0.637795 
vn -0.251969 0.826772 -0.496063 
vn -0.393701 0.858268 -0.338583 
vn -0.464567 0.874016 -0.15748 
vn -0.527559 0.850394 0.0314961 
vn -0.448819 0.866142 0.212598 
vn -0.354331 0.850394 0.393701 
vn -0.228346 0.826772 0.503937 
vn -0.251969 0.952756 -0.181102 
vn -0.307087 0.952756 0 
vn -0.259843 0.944882 0.19685 
vn -0.598425 0.417323 -0.685039 
vn -0.88189 0.464567 0.0866142 
vn -0.181102 0.952756 -0.244094 
vn -0.015748 0.456693 -0.889764 
vn 0.645669 0.314961 -0.692913 
vn 0.685039 0.015748 -0.732283 
vn 0.362205 0.015748 -0.937008 
vn -0.566929 0 -0.826772 
vn -0.944882 0 -0.314961 
vn -0.858268 0.00787402 0.511811 
vn -0.755906 0.488189 0.440945 
vn -0.905512 0.417323 0.110236 
vn -0.425197 0.464567 0.779528 
vn -0.299213 0.952756 0.00787402 
vn -0.740157 0.456693 -0.488189 
vn -0.204724 0.314961 -0.929134 
vn -0.220472 0.015748 -0.976378 
vn -0.566929 0.015748 -0.826772 
vn -1 0 0 
vn -0.795276 0 0.598425 
vn -0.0708661 0.00787402 1 
vn -0.0629921 0.488189 0.874016 
vn 0.393701 0.283465 -0.874016 
vn 0.362205 0.125984 -0.92126 
vn 0.700787 0.275591 -0.661417 
vn 0.677165 0.0866142 -0.732283 
vn 0.889764 0.291339 -0.346457 
vn 0.897638 0.110236 -0.425197 
vn 0.96063 0.291339 0.00787402 
vn 0.992126 0.125984 -0.0551181 
vn 0.88189 0.283465 0.370079 
vn 0.937008 0.125984 0.322835 
vn 0.669291 0.275591 0.685039 
vn 0.740157 0.110236 0.661417 
vn 0.362205 0.267717 0.889764 
vn 0.433071 0.0944882 0.897638 
vn 0.181102 0.322835 0.929134 
vn 0.188976 0.0866142 0.976378 
vn 0.307087 0.629921 -0.708661 
vn 0.566929 0.629921 -0.527559 
vn 0.732283 0.622047 -0.275591 
vn 0.787402 0.614173 0.015748 
vn 0.724409 0.614173 0.314961 
vn 0.551181 0.614173 0.566929 
vn 0.291339 0.606299 0.740157 
vn 0.15748 0.590551 0.787402 
vn 0.251969 0.826772 -0.496063 
vn 0.393701 0.858268 -0.338583 
vn 0.464567 0.874016 -0.15748 
vn 0.527559 0.850394 0.0314961 
vn 0.448819 0.866142 0.212598 
vn 0.354331 0.850394 0.393701 
vn 0.228346 0.826772 0.503937 
vn 0.251969 0.952756 -0.181102 
vn 0.307087 0.952756 0 
vn 0.259843 0.944882 0.19685 
vn 0.598425 0.417323 -0.685039 
vn 0.566929 0 -0.826772 
vn 0.015748 0.456693 -0.889764 
vn 0.181102 0.952756 -0.244094 
vn 0.88189 0.464567 0.0866142 
vn -0.645669 0.314961 -0.692913 
vn -0.362205 0.015748 -0.937008 
vn -0.685039 0.015748 -0.732283 
vn 0.944882 0 -0.314961 
vn 0.755906 0.488189 0.440945 
vn 0.858268 0.00787402 0.511811 
vn 0.905512 0.417323 0.110236 
vn 1 0 0 
vn 0.740157 0.456693 -0.488189 
vn 0.299213 0.952756 0.00787402 
vn 0.425197 0.464567 0.779528 
vn 0.204724 0.314961 -0.929134 
vn 0.566929 0.015748 -0.826772 
vn 0.220472 0.015748 -0.976378 
vn 0.795276 0 0.598425 
vn 0.0629921 0.488189 0.874016 
vn 0.0708661 0.00787402 1 
vn -0.00787402 -1 -0.015748 
vn 0.362205 -0.582677 0.724409 
vn -0.0629921 -0.590551 0.80315 
vn 0.669291 -0.582677 0.464567 
vn 0.826772 -0.559055 0.0314961 
vn 0.755906 -0.543307 -0.370079 
vn 0.464567 -0.543307 -0.700787 
vn 0.023622 -0.543307 -0.84252 
vn -0.417323 -0.543307 -0.732283 
vn -0.724409 -0.551181 -0.409449 
vn -0.76378 -0.559055 0.330709 
vn -0.826772 -0.559055 -0.0551181 
vn -0.448819 -0.559055 0.700787 
vn 0.511811 -0.858268 -0.0629921 
vn 0.488189 -0.80315 -0.346457 
vn 0.527559 -0.818898 0.244094 
vn 0.291339 -0.88189 0.370079 
vn 0.0472441 -0.905512 0.417323 
vn -0.204724 -0.88189 0.425197 
vn -0.496063 -0.795276 0.362205 
vn -0.511811 -0.858268 0.0314961 
vn -0.653543 -0.716535 -0.23622 
vn -0.322835 -0.858268 -0.393701 
vn -0.0708661 -0.80315 -0.590551 
vn 0.212598 -0.850394 -0.480315 
vn 0 0.228346 0.976378 
vn -0.0866142 0.346457 0.937008 
vn -0.0944882 0.110236 0.992126 
vn 0 0.125984 0.992126 
vn 0 0.574803 0.818898 
vn -0.110236 0.677165 0.724409 
vn 0 0.850394 0.519685 
vn -0.11811 0.913386 0.393701 
vn 0 0.984252 0.19685 
vn -0.110236 0.984252 0.110236 
vn 0 1 -0.015748 
vn -0.409449 0.905512 -0.0629921 
vn 0 0.88189 -0.472441 
vn -0.488189 0.511811 -0.708661 
vn -0.755906 0.165354 -0.629921 
vn 0 0.251969 -0.968504 
vn -1 0 0 
vn -1 0 0 
vn -1 0 0 
vn -1 0 0 
vn -1 0 0 
vn -1 0 0 
vn -1 0 0 
vn -1 0 0 
vn -1 0 0 
vn -1 0 0 
vn -1 0 0 
vn -1 0 0 
vn 0.0944882 0.110236 0.992126 
vn 0.0866142 0.346457 0.937008 
vn 0.110236 0.677165 0.724409 
vn 0.11811 0.913386 0.393701 
vn 0.110236 0.984252 0.110236 
vn 0.409449 0.905512 -0.0629921 
vn 0.488189 0.511811 -0.708661 
vn 0.755906 0.165354 -0.629921 
vn 1 0 0 
vn 1 0 0 
vn 1 0 0 
vn 1 0 0 
vn 1 0 0 
vn 1 0 0 
vn 1 0 0 
vn 1 0 0 
vn 1 0 0 
vn 1 0 0 
vn 1 0 0 
vn 1 0 0 
vn 0 -1 -0.023622 
vn 0.00787402 -1 -0.015748 
vn 0.015748 -1 -0.015748 
vn 0.015748 -1 -0.00787402 
vn 0.015748 -1 0 
vn 0.015748 -1 0.00787402 
vn 0.00787402 -1 -0.015748 
vn 0.00787402 -0.992126 -0.102362 
vn 0 -0.992126 -0.133858 
vn 0.015748 -1 -0.0708661 
vn -0.00787402 -0.992126 -0.102362 
vn -0.00787402 -1 -0.0708661 
vn -0.00787402 -1 -0.015748 
vn -0.015748 -1 0.00787402 
vn -0.015748 -1 0 
vn -0.015748 -1 -0.00787402 
vn -0.015748 -1 -0.015748 
vn -0.00787402 -1 -0.015748 

vt 0.819629 0.104198 
vt 0.975326 0.0929647 
vt 0.77995 0.0957672 
vt 0.950435 0.0801172 
vt 0.868443 0.06748 
vt 0.690088 0.0799045 
vt 0.707483 0.062565 
vt 0.565884 0.0749761 
vt 0.577588 0.062565 
vt 0.41789 0.0749761 
vt 0.411435 0.062565 
vt 0.277192 0.0749761 
vt 0.25406 0.062565 
vt 0.157914 0.0749761 
vt 0.127278 0.062565 
vt 0.0782153 0.0749761 
vt 0.0369986 0.062565 
vt 0.0502288 0.0749761 
vt 0.00671747 0.062565 
vt 0.950689 0.0455678 
vt 0.974316 0.051935 
vt 0.869019 0.0357373 
vt 0.708748 0.026396 
vt 0.576499 0.026396 
vt 0.411051 0.026396 
vt 0.253126 0.026396 
vt 0.127761 0.026396 
vt 0.0376599 0.026396 
vt 0.0107195 0.026396 
vt 0.77995 0.0957672 
vt 0.950435 0.0801172 
vt 0.950689 0.0455678 
vt 0.868443 0.06748 
vt 0.869019 0.0357373 
vt 0.690088 0.0799045 
vt 0.707483 0.062565 
vt 0.565884 0.0749761 
vt 0.577588 0.062565 
vt 0.576499 0.026396 
vt 0.41789 0.0749761 
vt 0.411435 0.062565 
vt 0.411051 0.026396 
vt 0.277192 0.0749761 
vt 0.25406 0.062565 
vt 0.253126 0.026396 
vt 0.157914 0.0749761 
vt 0.127278 0.062565 
vt 0.127761 0.026396 
vt 0.0782153 0.0749761 
vt 0.0369986 0.062565 
vt 0.0376599 0.026396 
vt 0.0502288 0.0749761 
vt 0.708748 0.026396 
vt 0.916322 0.568891 
vt 0.940956 0.685565 
vt 0.962556 0.578714 
vt 0.811616 0.550407 
vt 0.90697 0.685565 
vt 0.666894 0.544665 
vt 0.810187 0.685565 
vt 0.494452 0.544665 
vt 0.66534 0.685565 
vt 0.330511 0.544665 
vt 0.494452 0.685565 
vt 0.191529 0.544665 
vt 0.335339 0.685565 
vt 0.0986643 0.544665 
vt 0.200468 0.685565 
vt 0.0660544 0.544665 
vt 0.11035 0.685565 
vt 0.0787042 0.685565 
vt 0.872984 0.815738 
vt 0.844172 0.815738 
vt 0.762123 0.815738 
vt 0.639328 0.815738 
vt 0.494452 0.815738 
vt 0.35956 0.815738 
vt 0.245221 0.815738 
vt 0.168822 0.815738 
vt 0.141995 0.815738 
vt 0.747389 0.91537 
vt 0.735523 0.918063 
vt 0.673314 0.91537 
vt 0.591265 0.91537 
vt 0.494452 0.91537 
vt 0.404313 0.91537 
vt 0.327914 0.91537 
vt 0.269121 0.918063 
vt 0.551306 0.969287 
vt 0.494452 0.973775 
vt 0.435958 0.969287 
vt 0.896289 0.680003 
vt 0.847661 0.680003 
vt 0.825597 0.728327 
vt 0.925502 0.680003 
vt 0.879397 0.679617 
vt 0.880784 0.541786 
vt 0.926747 0.541003 
vt 0.897037 0.54062 
vt 0.847141 0.54062 
vt 0.788987 0.541403 
vt 0.789756 0.6804 
vt 0.473146 0.666926 
vt 0.411357 0.666926 
vt 0.482199 0.71525 
vt 0.536274 0.666926 
vt 0.5508 0.66654 
vt 0.553026 0.52871 
vt 0.538273 0.527927 
vt 0.474345 0.527544 
vt 0.410522 0.527544 
vt 0.405711 0.528326 
vt 0.406945 0.667323 
vt 0.90697 0.685565 
vt 0.916322 0.568891 
vt 0.810187 0.685565 
vt 0.811616 0.550407 
vt 0.66534 0.685565 
vt 0.666894 0.544665 
vt 0.494452 0.685565 
vt 0.494452 0.544665 
vt 0.335339 0.685565 
vt 0.330511 0.544665 
vt 0.200468 0.685565 
vt 0.191529 0.544665 
vt 0.11035 0.685565 
vt 0.0986643 0.544665 
vt 0.0787042 0.685565 
vt 0.0660544 0.544665 
vt 0.844172 0.815738 
vt 0.762123 0.815738 
vt 0.639328 0.815738 
vt 0.494452 0.815738 
vt 0.35956 0.815738 
vt 0.245221 0.815738 
vt 0.168822 0.815738 
vt 0.141995 0.815738 
vt 0.735523 0.918063 
vt 0.673314 0.91537 
vt 0.591265 0.91537 
vt 0.494452 0.91537 
vt 0.404313 0.91537 
vt 0.327914 0.91537 
vt 0.269121 0.918063 
vt 0.551306 0.969287 
vt 0.494452 0.973775 
vt 0.435958 0.969287 
vt 0.896289 0.680003 
vt 0.897037 0.54062 
vt 0.925502 0.680003 
vt 0.825597 0.728327 
vt 0.847661 0.680003 
vt 0.879397 0.679617 
vt 0.926747 0.541003 
vt 0.880784 0.541786 
vt 0.847141 0.54062 
vt 0.789756 0.6804 
vt 0.788987 0.541403 
vt 0.473146 0.666926 
vt 0.474345 0.527544 
vt 0.536274 0.666926 
vt 0.482199 0.71525 
vt 0.411357 0.666926 
vt 0.5508 0.66654 
vt 0.538273 0.527927 
vt 0.553026 0.52871 
vt 0.410522 0.527544 
vt 0.406945 0.667323 
vt 0.405711 0.528326 
vt 0.400648 0.392952 
vt 0.682833 0.21876 
vt 0.717572 0.21876 
vt 0.578612 0.21876 
vt 0.418774 0.222304 
vt 0.268347 0.21876 
vt 0.150001 0.21876 
vt 0.116578 0.21876 
vt 0.163839 0.21876 
vt 0.280676 0.21876 
vt 0.578756 0.21876 
vt 0.421384 0.21876 
vt 0.678643 0.21876 
vt 0.426163 0.0276108 
vt 0.217031 0.0276108 
vt 0.604264 0.0276108 
vt 0.737544 0.0276108 
vt 0.788107 0.0276108 
vt 0.74414 0.0276108 
vt 0.620218 0.0276108 
vt 0.422481 0.0276108 
vt 0.269102 0.0276108 
vt 0.125205 0.0276108 
vt 0.0598395 0.0276108 
vt 0.105957 0.0276108 
vt 0.033493 0.207579 
vt 0.0376472 0.205947 
vt 0.0236027 0.0644771 
vt 0.0155503 0.0632542 
vt 0.0934619 0.325954 
vt 0.0990874 0.321979 
vt 0.21505 0.425759 
vt 0.21901 0.419811 
vt 0.362004 0.467538 
vt 0.365837 0.460763 
vt 0.503294 0.472181 
vt 0.498429 0.465313 
vt 0.649286 0.45504 
vt 0.641764 0.448513 
vt 0.665376 0.357258 
vt 0.674698 0.357258 
vt 0.498345 0.465427 
vt 0.665314 0.357356 
vt 0.365735 0.460876 
vt 0.0375014 0.206025 
vt 0.0989496 0.322073 
vt 0.0234551 0.0645366 
vt 0.0660377 0.0755113 
vt 0.218888 0.419918 
vt 0.218888 0.419918 
vt 0.218888 0.419918 
vt 0.386331 0.397208 
vt 0.146711 0.259431 
vt 0.0236027 0.0644771 
vt 0.0376472 0.205947 
vt 0.0990874 0.321979 
vt 0.21901 0.419811 
vt 0.365837 0.460763 
vt 0.498429 0.465313 
vt 0.641764 0.448513 
vt 0.665376 0.357258 
vt 0.365735 0.460876 
vt 0.665314 0.357356 
vt 0.498345 0.465427 
vt 0.0234551 0.0645366 
vt 0.0989496 0.322073 
vt 0.0375014 0.206025 
vt 0.0660377 0.0755113 
vt 0.218888 0.419918 
vt 0.218888 0.419918 
vt 0.146711 0.259431 
vt 0.386331 0.397208 
vt 0.218888 0.419918 
vt 0.0105701 0.0264505 
vt 0.0375141 0.0264505 
vt 0.127627 0.0264505 
vt 0.253009 0.0264505 
vt 0.410955 0.0264505 
vt 0.576425 0.0264505 
vt 0.708692 0.0264505 
vt 0.950666 0.045625 
vt 0.974296 0.0519924 
vt 0.868985 0.0357929 
vt 0.950666 0.045625 
vt 0.868985 0.0357929 
vt 0.708692 0.0264505 
vt 0.576425 0.0264505 
vt 0.410955 0.0264505 
vt 0.253009 0.0264505 
vt 0.127627 0.0264505 
vt 0.0375141 0.0264505 

usemtl Handle1Mtl

f 1/1/1 2/2/2 3/3/3 
f 2/2/2 4/4/4 3/3/3 
f 4/4/4 5/5/5 3/3/3 
f 5/5/5 6/6/6 3/3/3 
f 6/6/6 7/7/7 8/8/8 
f 7/7/7 6/6/6 5/5/5 
f 7/7/7 9/9/9 8/8/8 
f 9/9/9 10/10/10 8/8/8 
f 9/9/9 11/11/11 10/10/10 
f 11/11/11 12/12/12 10/10/10 
f 11/11/11 13/13/13 12/12/12 
f 13/13/13 14/14/14 12/12/12 
f 13/13/13 15/15/15 14/14/14 
f 15/15/15 16/16/16 14/14/14 
f 15/15/15 17/17/17 16/16/16 
f 17/17/17 18/18/18 16/16/16 
f 18/18/18 17/17/17 19/19/19 
f 20/20/20 4/4/4 2/2/2 
f 2/2/2 21/21/21 20/20/20 
f 22/22/22 5/5/5 4/4/4 
f 4/4/4 20/20/20 22/22/22 
f 23/23/23 7/7/7 5/5/5 
f 5/5/5 22/22/22 23/23/23 
f 24/24/24 9/9/9 7/7/7 
f 7/7/7 23/23/23 24/24/24 
f 25/25/25 11/11/11 9/9/9 
f 9/9/9 24/24/24 25/25/25 
f 26/26/26 13/13/13 11/11/11 
f 11/11/11 25/25/25 26/26/26 
f 27/27/27 15/15/15 13/13/13 
f 13/13/13 26/26/26 27/27/27 
f 28/28/28 17/17/17 15/15/15 
f 15/15/15 27/27/27 28/28/28 
f 29/29/29 19/19/19 17/17/17 
f 17/17/17 28/28/28 29/29/29 
f 30/30/30 2/2/2 1/1/1 
f 31/31/31 32/32/32 2/2/2 
f 2/2/2 30/30/30 31/31/31 
f 33/33/33 34/34/34 31/31/31 
f 31/31/31 30/30/30 33/33/33 
f 30/30/30 35/35/35 33/33/33 
f 36/36/36 33/33/33 35/35/35 
f 35/35/35 37/37/37 36/36/36 
f 38/38/38 39/39/39 36/36/36 
f 36/36/36 37/37/37 38/38/38 
f 37/37/37 40/40/40 38/38/38 
f 41/41/41 42/42/42 38/38/38 
f 38/38/38 40/40/40 41/41/41 
f 40/40/40 43/43/43 41/41/41 
f 44/44/44 45/45/45 41/41/41 
f 41/41/41 43/43/43 44/44/44 
f 43/43/43 46/46/46 44/44/44 
f 47/47/47 48/48/48 44/44/44 
f 44/44/44 46/46/46 47/47/47 
f 46/46/46 49/49/49 47/47/47 
f 50/50/50 51/51/51 47/47/47 
f 47/47/47 49/49/49 50/50/50 
f 52/52/52 19/19/19 50/50/50 
f 50/50/50 49/49/49 52/52/52 
f 2/2/2 32/32/32 21/21/21 
f 31/31/31 34/34/34 32/32/32 
f 33/33/33 53/53/53 34/34/34 
f 53/53/53 33/33/33 36/36/36 
f 36/36/36 39/39/39 53/53/53 
f 38/38/38 42/42/42 39/39/39 
f 41/41/41 45/45/45 42/42/42 
f 44/44/44 48/48/48 45/45/45 
f 47/47/47 51/51/51 48/48/48 
f 50/50/50 29/29/29 51/51/51 
f 29/29/29 50/50/50 19/19/19 
f 54/54/54 55/55/55 56/56/56 
f 54/54/54 57/57/57 58/58/58 
f 58/58/58 55/55/55 54/54/54 
f 57/57/57 59/59/59 60/60/60 
f 60/60/60 58/58/58 57/57/57 
f 59/59/59 61/61/61 62/62/62 
f 62/62/62 60/60/60 59/59/59 
f 61/61/61 63/63/63 64/64/64 
f 64/64/64 62/62/62 61/61/61 
f 63/63/63 65/65/65 66/66/66 
f 66/66/66 64/64/64 63/63/63 
f 65/65/65 67/67/67 68/68/68 
f 68/68/68 66/66/66 65/65/65 
f 67/67/67 69/69/69 70/70/70 
f 70/70/70 68/68/68 67/67/67 
f 70/70/70 69/69/69 71/71/71 
f 58/58/58 72/72/72 55/55/55 
f 58/58/58 60/60/60 73/73/73 
f 73/73/73 72/72/72 58/58/58 
f 60/60/60 62/62/62 74/74/74 
f 74/74/74 73/73/73 60/60/60 
f 62/62/62 64/64/64 75/75/75 
f 75/75/75 74/74/74 62/62/62 
f 64/64/64 66/66/66 76/76/76 
f 76/76/76 75/75/75 64/64/64 
f 66/66/66 68/68/68 77/77/77 
f 77/77/77 76/76/76 66/66/66 
f 68/68/68 70/70/70 78/78/78 
f 78/78/78 77/77/77 68/68/68 
f 70/70/70 71/71/71 79/79/79 
f 79/79/79 78/78/78 70/70/70 
f 79/79/79 71/71/71 80/80/80 
f 73/73/73 81/81/81 72/72/72 
f 73/73/73 74/74/74 82/82/82 
f 82/82/82 81/81/81 73/73/73 
f 74/74/74 75/75/75 83/83/83 
f 83/83/83 82/82/82 74/74/74 
f 75/75/75 76/76/76 84/84/84 
f 84/84/84 83/83/83 75/75/75 
f 76/76/76 77/77/77 85/85/85 
f 85/85/85 84/84/84 76/76/76 
f 77/77/77 78/78/78 86/86/86 
f 86/86/86 85/85/85 77/77/77 
f 78/78/78 79/79/79 87/87/87 
f 87/87/87 86/86/86 78/78/78 
f 79/79/79 80/80/80 88/88/88 
f 88/88/88 87/87/87 79/79/79 
f 84/84/84 89/89/89 83/83/83 
f 86/86/86 90/90/90 85/85/85 
f 88/88/88 91/91/91 87/87/87 
f 87/87/87 91/91/91 86/86/86 
f 91/91/91 90/90/90 86/86/86 
f 90/90/90 84/84/84 85/85/85 
f 90/90/90 89/89/89 84/84/84 
f 89/89/89 82/82/82 83/83/83 
f 92/92/92 93/93/93 94/94/94 
f 94/94/94 95/95/95 92/92/92 
f 94/94/94 96/96/96 95/95/95 
f 97/97/97 98/98/98 96/96/96 
f 96/96/96 98/98/98 95/95/95 
f 99/99/99 92/92/92 95/95/95 
f 95/95/95 98/98/98 99/99/99 
f 100/100/100 92/92/92 99/99/99 
f 100/100/100 101/101/101 93/93/93 
f 93/93/93 92/92/92 100/100/100 
f 93/93/93 101/101/101 102/102/102 
f 102/102/102 94/94/94 93/93/93 
f 103/103/103 104/104/104 105/105/105 
f 105/105/105 106/106/106 103/103/103 
f 105/105/105 107/107/107 106/106/106 
f 108/108/108 109/109/109 107/107/107 
f 107/107/107 109/109/109 106/106/106 
f 110/110/110 103/103/103 106/106/106 
f 106/106/106 109/109/109 110/110/110 
f 111/111/111 103/103/103 110/110/110 
f 111/111/111 112/112/112 104/104/104 
f 104/104/104 103/103/103 111/111/111 
f 104/104/104 112/112/112 113/113/113 
f 113/113/113 105/105/105 104/104/104 
f 55/55/55 114/114/114 115/115/115 
f 115/115/115 56/56/56 55/55/55 
f 114/114/114 116/116/116 117/117/117 
f 117/117/117 115/115/115 114/114/114 
f 116/116/116 118/118/118 119/119/119 
f 119/119/119 117/117/117 116/116/116 
f 118/118/118 120/120/120 121/121/121 
f 121/121/121 119/119/119 118/118/118 
f 120/120/120 122/122/122 123/123/123 
f 123/123/123 121/121/121 120/120/120 
f 122/122/122 124/124/124 125/125/125 
f 125/125/125 123/123/123 122/122/122 
f 124/124/124 126/126/126 127/127/127 
f 127/127/127 125/125/125 124/124/124 
f 126/126/126 128/128/128 129/129/129 
f 129/129/129 127/127/127 126/126/126 
f 72/72/72 130/130/130 114/114/114 
f 114/114/114 55/55/55 72/72/72 
f 130/130/130 131/131/131 116/116/116 
f 116/116/116 114/114/114 130/130/130 
f 131/131/131 132/132/132 118/118/118 
f 118/118/118 116/116/116 131/131/131 
f 132/132/132 133/133/133 120/120/120 
f 120/120/120 118/118/118 132/132/132 
f 133/133/133 134/134/134 122/122/122 
f 122/122/122 120/120/120 133/133/133 
f 134/134/134 135/135/135 124/124/124 
f 124/124/124 122/122/122 134/134/134 
f 135/135/135 136/136/136 126/126/126 
f 126/126/126 124/124/124 135/135/135 
f 136/136/136 137/137/137 128/128/128 
f 128/128/128 126/126/126 136/136/136 
f 81/81/81 138/138/138 130/130/130 
f 130/130/130 72/72/72 81/81/81 
f 138/138/138 139/139/139 131/131/131 
f 131/131/131 130/130/130 138/138/138 
f 139/139/139 140/140/140 132/132/132 
f 132/132/132 131/131/131 139/139/139 
f 140/140/140 141/141/141 133/133/133 
f 133/133/133 132/132/132 140/140/140 
f 141/141/141 142/142/142 134/134/134 
f 134/134/134 133/133/133 141/141/141 
f 142/142/142 143/143/143 135/135/135 
f 135/135/135 134/134/134 142/142/142 
f 143/143/143 144/144/144 136/136/136 
f 136/136/136 135/135/135 143/143/143 
f 136/136/136 144/144/144 137/137/137 
f 139/139/139 145/145/145 140/140/140 
f 141/141/141 146/146/146 142/142/142 
f 143/143/143 147/147/147 144/144/144 
f 142/142/142 147/147/147 143/143/143 
f 142/142/142 146/146/146 147/147/147 
f 141/141/141 140/140/140 146/146/146 
f 140/140/140 145/145/145 146/146/146 
f 139/139/139 138/138/138 145/145/145 
f 148/148/148 149/149/149 150/150/150 
f 150/150/150 151/151/151 148/148/148 
f 148/148/148 151/151/151 152/152/152 
f 150/150/150 153/153/153 151/151/151 
f 153/153/153 154/154/154 155/155/155 
f 150/150/150 154/154/154 153/153/153 
f 150/150/150 149/149/149 154/154/154 
f 148/148/148 152/152/152 156/156/156 
f 156/156/156 149/149/149 148/148/148 
f 152/152/152 157/157/157 158/158/158 
f 158/158/158 156/156/156 152/152/152 
f 152/152/152 151/151/151 157/157/157 
f 159/159/159 160/160/160 161/161/161 
f 161/161/161 162/162/162 159/159/159 
f 159/159/159 162/162/162 163/163/163 
f 161/161/161 164/164/164 162/162/162 
f 164/164/164 165/165/165 166/166/166 
f 161/161/161 165/165/165 164/164/164 
f 161/161/161 160/160/160 165/165/165 
f 159/159/159 163/163/163 167/167/167 
f 167/167/167 160/160/160 159/159/159 
f 163/163/163 168/168/168 169/169/169 
f 169/169/169 167/167/167 163/163/163 
f 163/163/163 162/162/162 168/168/168 
f 170/170/170 171/171/171 172/172/172 
f 171/171/171 170/170/170 173/173/173 
f 170/170/170 174/174/174 173/173/173 
f 170/170/170 175/175/175 174/174/174 
f 170/170/170 176/176/176 175/175/175 
f 176/176/176 170/170/170 177/177/177 
f 170/170/170 178/178/178 177/177/177 
f 170/170/170 179/179/179 178/178/178 
f 170/170/170 180/180/180 181/181/181 
f 181/181/181 179/179/179 170/170/170 
f 170/170/170 182/182/182 180/180/180 
f 182/182/182 170/170/170 172/172/172 
f 183/183/183 174/174/174 175/175/175 
f 175/175/175 184/184/184 183/183/183 
f 185/185/185 173/173/173 174/174/174 
f 174/174/174 183/183/183 185/185/185 
f 186/186/186 173/173/173 185/185/185 
f 173/173/173 186/186/186 171/171/171 
f 187/187/187 172/172/172 171/171/171 
f 171/171/171 186/186/186 187/187/187 
f 188/188/188 182/182/182 172/172/172 
f 172/172/172 187/187/187 188/188/188 
f 189/189/189 180/180/180 182/182/182 
f 182/182/182 188/188/188 189/189/189 
f 190/190/190 181/181/181 180/180/180 
f 180/180/180 189/189/189 190/190/190 
f 191/191/191 179/179/179 181/181/181 
f 181/181/181 190/190/190 191/191/191 
f 192/192/192 178/178/178 179/179/179 
f 179/179/179 191/191/191 192/192/192 
f 193/193/193 177/177/177 178/178/178 
f 178/178/178 192/192/192 193/193/193 
f 194/194/194 176/176/176 177/177/177 
f 177/177/177 193/193/193 194/194/194 
f 184/184/184 175/175/175 176/176/176 
f 176/176/176 194/194/194 184/184/184 
f 195/195/195 196/196/196 197/197/197 
f 197/197/197 198/198/198 195/195/195 
f 195/195/195 199/199/199 196/196/196 
f 199/199/199 200/200/200 196/196/196 
f 199/199/199 201/201/201 200/200/200 
f 201/201/201 202/202/202 200/200/200 
f 201/201/201 203/203/203 202/202/202 
f 203/203/203 204/204/204 202/202/202 
f 203/203/203 205/205/205 204/204/204 
f 205/205/205 206/206/206 204/204/204 
f 205/205/205 207/207/207 206/206/206 
f 208/208/208 209/209/209 206/206/206 
f 206/206/206 207/207/207 208/208/208 
f 210/210/210 209/209/209 208/208/208 
f 208/208/208 207/207/207 210/210/210 
f 211/211/211 212/212/212 213/213/213 
f 214/214/214 215/215/215 216/216/216 
f 216/216/216 215/215/215 217/217/217 
f 215/215/215 218/218/218 217/217/217 
f 213/213/213 212/212/212 219/219/219 
f 220/220/220 221/221/221 222/222/222 
f 223/223/223 195/195/195 198/198/198 
f 195/195/195 223/223/223 224/224/224 
f 224/224/224 199/199/199 195/195/195 
f 224/224/224 225/225/225 199/199/199 
f 225/225/225 201/201/201 199/199/199 
f 225/225/225 226/226/226 201/201/201 
f 226/226/226 203/203/203 201/201/201 
f 226/226/226 227/227/227 203/203/203 
f 227/227/227 205/205/205 203/203/203 
f 227/227/227 228/228/228 205/205/205 
f 228/228/228 207/207/207 205/205/205 
f 228/228/228 229/229/229 207/207/207 
f 229/229/229 210/210/210 207/207/207 
f 210/210/210 229/229/229 230/230/230 
f 229/229/229 228/228/228 230/230/230 
f 231/231/231 232/232/232 233/233/233 
f 234/234/234 235/235/235 236/236/236 
f 237/237/237 235/235/235 234/234/234 
f 237/237/237 238/238/238 235/235/235 
f 239/239/239 232/232/232 231/231/231 
f 240/240/240 241/241/241 242/242/242 
f 243/243/243 194/194/194 193/193/193 
f 194/194/194 243/243/243 244/244/244 
f 245/245/245 184/184/184 194/194/194 
f 194/194/194 244/244/244 245/245/245 
f 245/245/245 246/246/246 184/184/184 
f 246/246/246 183/183/183 184/184/184 
f 247/247/247 248/248/248 183/183/183 
f 183/183/183 246/246/246 247/247/247 
f 183/183/183 248/248/248 185/185/185 
f 249/249/249 186/186/186 185/185/185 
f 185/185/185 248/248/248 249/249/249 
f 187/187/187 250/250/250 251/251/251 
f 187/187/187 186/186/186 250/250/250 
f 186/186/186 252/252/252 250/250/250 
f 252/252/252 186/186/186 249/249/249 
f 251/251/251 253/253/253 187/187/187 
f 253/253/253 188/188/188 187/187/187 
f 254/254/254 255/255/255 188/188/188 
f 188/188/188 253/253/253 254/254/254 
f 188/188/188 255/255/255 189/189/189 
f 255/255/255 256/256/256 189/189/189 
f 256/256/256 190/190/190 189/189/189 
f 190/190/190 256/256/256 257/257/257 
f 258/258/258 191/191/191 190/190/190 
f 190/190/190 257/257/257 258/258/258 
f 258/258/258 192/192/192 191/191/191 
f 192/192/192 258/258/258 259/259/259 
f 260/260/260 193/193/193 192/192/192 
f 192/192/192 259/259/259 260/260/260 
f 193/193/193 260/260/260 243/243/243 

g R6Builderman1

v -15.7311 2.09125 18.0926 
v -15.8734 2.28816 18.1031 
v -15.8734 2.28816 18.5081 
v -15.7311 2.09125 18.5315 
v -15.874 2.08627 17.9429 
v -15.9981 2.28816 18.064 
v -15.9981 2.28816 18.5081 
v -15.874 2.09438 18.6606 
v -15.9983 2.09012 18.7025 
v -16.1258 2.28816 18.5081 
v -15.9983 2.08721 17.9038 
v -16.1258 2.28816 18.064 
v -16.1256 2.08817 17.9038 
v -16.2622 2.28816 18.5081 
v -16.2615 2.08113 18.6595 
v -16.1256 2.08578 18.7021 
v -16.2622 2.28816 18.1031 
v -16.2616 2.08919 17.9429 
v -16.3985 2.09125 18.0926 
v -16.3985 2.09125 18.5315 
v -15.743 1.11039 18.108 
v -15.7659 1.07326 18.136 
v -15.8869 1.05318 17.9942 
v -15.869 1.11039 17.9388 
v -15.743 1.11039 18.4288 
v -15.7657 1.07323 18.3958 
v -15.7842 1.04366 18.2025 
v -15.7837 1.04362 18.326 
v -16.0027 1.04653 17.9665 
v -15.9011 1.00757 18.1303 
v -15.9965 1.11039 17.9084 
v -16.1213 1.04653 17.9665 
v -16.0077 0.995638 18.1142 
v -15.8087 1.01628 18.2705 
v -15.9135 0.984288 18.2705 
v -15.9041 1.00782 18.4125 
v -16.012 0.970704 18.2705 
v -16.1169 0.995638 18.1142 
v -16.1269 1.11039 17.9084 
v -16.248 1.05318 17.9942 
v -16.2334 1.00757 18.1303 
v -16.1129 0.970704 18.2705 
v -16.0086 0.999397 18.4302 
v -15.8935 1.05332 18.5428 
v -16.1161 0.999397 18.4302 
v -16.005 1.04863 18.5651 
v -16.2207 0.984288 18.2705 
v -16.3455 1.04366 18.2025 
v -16.3637 1.07326 18.136 
v -16.2663 1.11039 17.9388 
v -16.3866 1.11039 18.108 
v -16.364 1.07323 18.3958 
v -16.3866 1.11039 18.4288 
v -16.3459 1.04362 18.326 
v -16.3209 1.01628 18.2705 
v -16.2305 1.00782 18.4125 
v -16.1194 1.04863 18.5651 
v -16.2414 1.05332 18.5428 
v -16.2551 1.11039 18.5893 
v -16.1236 1.11039 18.6081 
v -16.0005 1.11039 18.6081 
v -15.8802 1.11039 18.5893 
v -15.8908 1.37353 18.6001 
v -16.0042 1.37353 18.6152 
v -15.9994 1.21424 18.5769 
v -15.8772 1.21424 18.5769 
v -16.0007 1.79756 18.6297 
v -15.8809 1.80008 18.5988 
v -16.1202 1.37353 18.6152 
v -16.1246 1.21424 18.5769 
v -16.1234 1.79498 18.6295 
v -16.0005 1.11039 18.6081 
v -15.8802 1.11039 18.5893 
v -16.1236 1.11039 18.6081 
v -16.2583 1.21424 18.5769 
v -16.2551 1.11039 18.5893 
v -16.2442 1.37353 18.6001 
v -16.2545 1.79224 18.5981 
v -16.2615 2.08113 18.6595 
v -16.1256 2.08578 18.7021 
v -15.9983 2.09012 18.7025 
v -15.874 2.09438 18.6606 
v -16.3985 2.09125 18.5315 
v -16.2545 1.79224 18.5981 
v -16.2615 2.08113 18.6595 
v -16.3682 1.37353 18.4288 
v -16.3861 1.79822 18.4525 
v -16.3861 1.79822 18.1016 
v -16.3682 1.37353 18.1147 
v -16.392 1.21424 18.4288 
v -16.2583 1.21424 18.5769 
v -16.2442 1.37353 18.6001 
v -16.3985 2.09125 18.0926 
v -16.2442 1.37353 17.9584 
v -16.2545 1.79701 17.9492 
v -16.2616 2.08919 17.9429 
v -16.392 1.21424 18.1004 
v -16.3866 1.11039 18.4288 
v -16.3866 1.11039 18.108 
v -16.2551 1.11039 18.5893 
v -16.2822 1.21424 17.9166 
v -16.2663 1.11039 17.9388 
v -16.1317 1.21424 17.8785 
v -16.1269 1.11039 17.9084 
v -16.1202 1.37353 17.9348 
v -16.0042 1.37353 17.9348 
v -15.9909 1.21424 17.8785 
v -15.9965 1.11039 17.9084 
v -16.1234 1.79641 17.9164 
v -16.0007 1.79583 17.9164 
v -15.8908 1.37353 17.9584 
v -15.8532 1.21424 17.9166 
v -15.869 1.11039 17.9388 
v -15.7377 1.21424 18.1004 
v -15.7615 1.37353 18.1147 
v -15.8809 1.79527 17.9492 
v -15.9983 2.08721 17.9038 
v -16.1256 2.08817 17.9038 
v -15.874 2.08627 17.9429 
v -15.7435 1.79822 18.1016 
v -15.7615 1.37353 18.4288 
v -15.7377 1.21424 18.4288 
v -15.7435 1.79822 18.4525 
v -15.7311 2.09125 18.0926 
v -15.8908 1.37353 18.6001 
v -15.8772 1.21424 18.5769 
v -15.743 1.11039 18.4288 
v -15.8802 1.11039 18.5893 
v -15.743 1.11039 18.108 
v -15.8809 1.80008 18.5988 
v -15.7311 2.09125 18.5315 
v -15.874 2.09438 18.6606 

vn 0.952756 0.228346 -0.19685 
vn 0.551181 0.818898 -0.165354 
vn 0.559055 0.811024 0.181102 
vn 0.952756 0.204724 0.23622 
vn 0.535433 0.188976 -0.826772 
vn 0.0551181 0.937008 -0.354331 
vn 0.023622 0.952756 0.307087 
vn 0.480315 0.110236 0.874016 
vn 0.110236 0.220472 0.968504 
vn -0.0314961 0.952756 0.314961 
vn 0.141732 0.283465 -0.952756 
vn -0.0551181 0.937008 -0.346457 
vn -0.133858 0.283465 -0.952756 
vn -0.543307 0.811024 0.188976 
vn -0.472441 0.102362 0.874016 
vn -0.110236 0.212598 0.968504 
vn -0.543307 0.826772 -0.173228 
vn -0.519685 0.19685 -0.834646 
vn -0.96063 0.220472 -0.188976 
vn -0.952756 0.19685 0.220472 
vn 0.724409 -0.629921 -0.291339 
vn 0.661417 -0.724409 -0.212598 
vn 0.346457 -0.826772 -0.433071 
vn 0.401575 -0.692913 -0.598425 
vn 0.716535 -0.614173 0.322835 
vn 0.661417 -0.716535 0.220472 
vn 0.543307 -0.826772 -0.15748 
vn 0.559055 -0.818898 0.15748 
vn 0.0787402 -0.866142 -0.496063 
vn 0.259843 -0.937008 -0.228346 
vn 0.0944882 -0.685039 -0.724409 
vn -0.0708661 -0.866142 -0.496063 
vn 0.0629921 -0.968504 -0.244094 
vn 0.385827 -0.92126 0.00787402 
vn 0.220472 -0.976378 0.00787402 
vn 0.267717 -0.937008 0.244094 
vn 0.0629921 -1 0.00787402 
vn -0.0629921 -0.968504 -0.244094 
vn -0.0866142 -0.685039 -0.724409 
vn -0.338583 -0.834646 -0.440945 
vn -0.251969 -0.937008 -0.228346 
vn -0.0551181 -1 0.00787402 
vn 0.0551181 -0.968504 0.259843 
vn 0.346457 -0.811024 0.464567 
vn -0.0551181 -0.968504 0.259843 
vn 0.0629921 -0.84252 0.535433 
vn -0.212598 -0.976378 0.00787402 
vn -0.559055 -0.818898 -0.149606 
vn -0.669291 -0.716535 -0.204724 
vn -0.385827 -0.700787 -0.598425 
vn -0.732283 -0.622047 -0.283465 
vn -0.669291 -0.708661 0.212598 
vn -0.724409 -0.614173 0.314961 
vn -0.566929 -0.811024 0.149606 
vn -0.393701 -0.92126 0.00787402 
vn -0.259843 -0.937008 0.244094 
vn -0.0629921 -0.84252 0.535433 
vn -0.338583 -0.818898 0.472441 
vn -0.401575 -0.645669 0.645669 
vn -0.0708661 -0.590551 0.80315 
vn 0.0787402 -0.590551 0.80315 
vn 0.409449 -0.645669 0.645669 
vn 0.566929 -0.0393701 0.818898 
vn 0.0787402 -0.0787402 0.992126 
vn 0.0314961 -0.023622 1 
vn 0.566929 0.015748 0.826772 
vn 0.11811 -0.11811 0.984252 
vn 0.574803 -0.110236 0.811024 
vn -0.0787402 -0.0787402 0.992126 
vn -0.0314961 -0.023622 1 
vn -0.110236 -0.11811 0.984252 
vn 0.0393701 0.244094 0.968504 
vn 0.511811 0.0944882 0.850394 
vn -0.0314961 0.244094 0.968504 
vn -0.559055 0.015748 0.826772 
vn -0.503937 0.102362 0.858268 
vn -0.559055 -0.0393701 0.826772 
vn -0.566929 -0.110236 0.811024 
vn -0.472441 0.102362 0.874016 
vn -0.110236 0.212598 0.968504 
vn 0.110236 0.220472 0.968504 
vn 0.480315 0.110236 0.874016 
vn -0.952756 0.19685 0.220472 
vn -0.566929 -0.110236 0.811024 
vn -0.472441 0.102362 0.874016 
vn -0.968504 0 0.251969 
vn -0.968504 -0.0629921 0.228346 
vn -0.968504 -0.0472441 -0.244094 
vn -0.968504 0.023622 -0.244094 
vn -0.968504 0.0551181 0.251969 
vn -0.559055 0.015748 0.826772 
vn -0.559055 -0.0393701 0.826772 
vn -0.96063 0.220472 -0.188976 
vn -0.590551 0.0629921 -0.80315 
vn -0.574803 -0.0393701 -0.811024 
vn -0.519685 0.19685 -0.834646 
vn -0.968504 0.0787402 -0.23622 
vn -0.96063 -0.0314961 0.267717 
vn -0.968504 -0.0944882 -0.212598 
vn -0.503937 0.102362 0.858268 
vn -0.622047 0.0944882 -0.771654 
vn -0.614173 -0.220472 -0.755906 
vn -0.11811 0.0866142 -0.992126 
vn -0.11811 -0.267717 -0.952756 
vn -0.110236 0.0708661 -0.992126 
vn 0.11811 0.0708661 -0.992126 
vn 0.125984 0.0866142 -0.984252 
vn 0.11811 -0.267717 -0.952756 
vn -0.125984 -0.0393701 -0.992126 
vn 0.125984 -0.0393701 -0.992126 
vn 0.598425 0.0629921 -0.80315 
vn 0.629921 0.0944882 -0.771654 
vn 0.622047 -0.212598 -0.748031 
vn 0.968504 0.0787402 -0.244094 
vn 0.968504 0.023622 -0.251969 
vn 0.590551 -0.0393701 -0.811024 
vn 0.141732 0.283465 -0.952756 
vn -0.133858 0.283465 -0.952756 
vn 0.535433 0.188976 -0.826772 
vn 0.968504 -0.0472441 -0.259843 
vn 0.968504 0 0.259843 
vn 0.96063 0.0551181 0.267717 
vn 0.968504 -0.0629921 0.244094 
vn 0.952756 0.228346 -0.19685 
vn 0.566929 -0.0393701 0.818898 
vn 0.566929 0.015748 0.826772 
vn 0.96063 -0.0314961 0.283465 
vn 0.511811 0.0944882 0.850394 
vn 0.968504 -0.102362 -0.220472 
vn 0.574803 -0.110236 0.811024 
vn 0.952756 0.204724 0.23622 
vn 0.480315 0.110236 0.874016 

vt 0.767081 0.383696 
vt 0.767081 0.406561 
vt 0.727319 0.406561 
vt 0.727319 0.383696 
vt 0.783233 0.406561 
vt 0.767081 0.426012 
vt 0.727319 0.426012 
vt 0.714961 0.406561 
vt 0.714961 0.426012 
vt 0.727319 0.451057 
vt 0.783233 0.426012 
vt 0.767081 0.451057 
vt 0.783233 0.451057 
vt 0.727319 0.474358 
vt 0.714961 0.474358 
vt 0.714961 0.451057 
vt 0.767081 0.474358 
vt 0.783233 0.474358 
vt 0.767081 0.495866 
vt 0.727319 0.495866 
vt 0.788761 0.446415 
vt 0.789765 0.43818 
vt 0.796109 0.438181 
vt 0.79543 0.446416 
vt 0.788761 0.391756 
vt 0.789742 0.39913 
vt 0.790566 0.431616 
vt 0.790525 0.405008 
vt 0.802414 0.438182 
vt 0.796651 0.431617 
vt 0.802177 0.446417 
vt 0.808868 0.438182 
vt 0.802604 0.431618 
vt 0.792239 0.417892 
vt 0.797782 0.417893 
vt 0.796916 0.405007 
vt 0.803 0.417894 
vt 0.808697 0.431618 
vt 0.809082 0.446417 
vt 0.815763 0.438181 
vt 0.815207 0.431617 
vt 0.80834 0.417894 
vt 0.802699 0.405008 
vt 0.79652 0.39913 
vt 0.808618 0.405008 
vt 0.802562 0.39913 
vt 0.814045 0.417893 
vt 0.821021 0.431616 
vt 0.821822 0.43818 
vt 0.81646 0.446416 
vt 0.822826 0.446415 
vt 0.821845 0.39913 
vt 0.822826 0.391756 
vt 0.821063 0.405008 
vt 0.819348 0.417892 
vt 0.814943 0.405007 
vt 0.808745 0.39913 
vt 0.815352 0.39913 
vt 0.815866 0.391755 
vt 0.808905 0.391755 
vt 0.802389 0.391755 
vt 0.796024 0.391755 
vt 0.99314 0.299514 
vt 0.969561 0.299514 
vt 0.969772 0.283358 
vt 0.993037 0.283358 
vt 0.972428 0.354946 
vt 0.99314 0.354946 
vt 0.949171 0.299514 
vt 0.947528 0.283358 
vt 0.950627 0.354946 
vt 0.969069 0.271322 
vt 0.99314 0.271322 
vt 0.947253 0.271322 
vt 0.923494 0.283358 
vt 0.923494 0.271322 
vt 0.923494 0.299514 
vt 0.923494 0.354946 
vt 0.923494 0.382896 
vt 0.951732 0.382896 
vt 0.974032 0.382896 
vt 0.99314 0.382896 
vt 0.902404 0.382896 
vt 0.923494 0.354946 
vt 0.923494 0.382896 
vt 0.89541 0.299514 
vt 0.897142 0.354946 
vt 0.853609 0.354946 
vt 0.853609 0.299514 
vt 0.894544 0.283358 
vt 0.923494 0.283358 
vt 0.923494 0.299514 
vt 0.853609 0.382896 
vt 0.837171 0.299514 
vt 0.836353 0.354946 
vt 0.837509 0.382896 
vt 0.853609 0.283358 
vt 0.894577 0.271322 
vt 0.853609 0.271322 
vt 0.923494 0.271322 
vt 0.838375 0.283358 
vt 0.837657 0.271322 
vt 0.825783 0.283358 
vt 0.825013 0.271322 
vt 0.825951 0.299514 
vt 0.815007 0.299514 
vt 0.813715 0.283358 
vt 0.813904 0.271322 
vt 0.824782 0.354946 
vt 0.814164 0.354946 
vt 0.803998 0.299514 
vt 0.802518 0.283358 
vt 0.803262 0.271322 
vt 0.784196 0.283358 
vt 0.784016 0.299514 
vt 0.803554 0.354946 
vt 0.813975 0.382896 
vt 0.825061 0.382896 
vt 0.802431 0.382896 
vt 0.784016 0.354946 
vt 0.747714 0.299514 
vt 0.748432 0.283358 
vt 0.746018 0.354946 
vt 0.784016 0.382896 
vt 0.715394 0.299514 
vt 0.715291 0.283358 
vt 0.748305 0.271322 
vt 0.715394 0.271322 
vt 0.784016 0.271322 
vt 0.715394 0.354946 
vt 0.741016 0.382896 
vt 0.715394 0.382896 

usemtl R6Builderman1Mtl

f 261/261/261 262/262/262 263/263/263 
f 261/261/261 263/263/263 264/264/264 
f 262/262/262 261/261/261 265/265/265 
f 262/262/262 266/266/266 267/267/267 
f 262/262/262 267/267/267 263/263/263 
f 266/266/266 262/262/262 265/265/265 
f 263/263/263 268/268/268 264/264/264 
f 267/267/267 268/268/268 263/263/263 
f 267/267/267 269/269/269 268/268/268 
f 270/270/270 269/269/269 267/267/267 
f 266/266/266 270/270/270 267/267/267 
f 266/266/266 265/265/265 271/271/271 
f 266/266/266 272/272/272 270/270/270 
f 273/273/273 272/272/272 266/266/266 
f 273/273/273 266/266/266 271/271/271 
f 270/270/270 274/274/274 275/275/275 
f 270/270/270 275/275/275 276/276/276 
f 277/277/277 274/274/274 270/270/270 
f 277/277/277 270/270/270 272/272/272 
f 270/270/270 276/276/276 269/269/269 
f 278/278/278 277/277/277 272/272/272 
f 278/278/278 272/272/272 273/273/273 
f 279/279/279 274/274/274 277/277/277 
f 279/279/279 277/277/277 278/278/278 
f 280/280/280 275/275/275 274/274/274 
f 279/279/279 280/280/280 274/274/274 
f 281/281/281 282/282/282 283/283/283 
f 281/281/281 283/283/283 284/284/284 
f 285/285/285 282/282/282 281/281/281 
f 285/285/285 286/286/286 282/282/282 
f 283/283/283 282/282/282 287/287/287 
f 282/282/282 286/286/286 288/288/288 
f 282/282/282 288/288/288 287/287/287 
f 284/284/284 283/283/283 289/289/289 
f 283/283/283 287/287/287 290/290/290 
f 289/289/289 283/283/283 290/290/290 
f 284/284/284 289/289/289 291/291/291 
f 291/291/291 289/289/289 292/292/292 
f 289/289/289 290/290/290 293/293/293 
f 292/292/292 289/289/289 293/293/293 
f 290/290/290 287/287/287 294/294/294 
f 290/290/290 294/294/294 295/295/295 
f 293/293/293 290/290/290 295/295/295 
f 287/287/287 288/288/288 294/294/294 
f 288/288/288 296/296/296 295/295/295 
f 288/288/288 295/295/295 294/294/294 
f 286/286/286 296/296/296 288/288/288 
f 293/293/293 295/295/295 297/297/297 
f 296/296/296 297/297/297 295/295/295 
f 298/298/298 293/293/293 297/297/297 
f 292/292/292 293/293/293 298/298/298 
f 299/299/299 292/292/292 300/300/300 
f 291/291/291 292/292/292 299/299/299 
f 300/300/300 292/292/292 298/298/298 
f 301/301/301 298/298/298 302/302/302 
f 298/298/298 297/297/297 302/302/302 
f 300/300/300 298/298/298 301/301/301 
f 296/296/296 303/303/303 297/297/297 
f 303/303/303 302/302/302 297/297/297 
f 286/286/286 304/304/304 296/296/296 
f 304/304/304 303/303/303 296/296/296 
f 303/303/303 305/305/305 302/302/302 
f 304/304/304 306/306/306 303/303/303 
f 306/306/306 305/305/305 303/303/303 
f 301/301/301 302/302/302 307/307/307 
f 305/305/305 307/307/307 302/302/302 
f 308/308/308 301/301/301 307/307/307 
f 309/309/309 300/300/300 301/301/301 
f 309/309/309 301/301/301 308/308/308 
f 310/310/310 300/300/300 309/309/309 
f 299/299/299 300/300/300 310/310/310 
f 310/310/310 309/309/309 311/311/311 
f 308/308/308 312/312/312 309/309/309 
f 309/309/309 312/312/312 313/313/313 
f 309/309/309 313/313/313 311/311/311 
f 314/314/314 308/308/308 315/315/315 
f 308/308/308 307/307/307 315/315/315 
f 308/308/308 314/314/314 312/312/312 
f 316/316/316 315/315/315 307/307/307 
f 305/305/305 316/316/316 307/307/307 
f 317/317/317 316/316/316 305/305/305 
f 306/306/306 317/317/317 305/305/305 
f 316/316/316 314/314/314 315/315/315 
f 318/318/318 314/314/314 316/316/316 
f 317/317/317 318/318/318 316/316/316 
f 318/318/318 312/312/312 314/314/314 
f 313/313/313 312/312/312 318/318/318 
f 313/313/313 318/318/318 319/319/319 
f 319/319/319 318/318/318 317/317/317 
f 319/319/319 317/317/317 320/320/320 
f 320/320/320 317/317/317 306/306/306 
f 320/320/320 306/306/306 321/321/321 
f 321/321/321 306/306/306 304/304/304 
f 321/321/321 304/304/304 322/322/322 
f 322/322/322 304/304/304 286/286/286 
f 322/322/322 286/286/286 285/285/285 
f 323/323/323 324/324/324 325/325/325 
f 323/323/323 325/325/325 326/326/326 
f 327/327/327 324/324/324 323/323/323 
f 327/327/327 323/323/323 328/328/328 
f 324/324/324 329/329/329 330/330/330 
f 324/324/324 330/330/330 325/325/325 
f 331/331/331 329/329/329 324/324/324 
f 331/331/331 324/324/324 327/327/327 
f 325/325/325 332/332/332 333/333/333 
f 325/325/325 333/333/333 326/326/326 
f 325/325/325 330/330/330 334/334/334 
f 325/325/325 334/334/334 332/332/332 
f 330/330/330 335/335/335 336/336/336 
f 330/330/330 336/336/336 334/334/334 
f 337/337/337 335/335/335 330/330/330 
f 337/337/337 330/330/330 329/329/329 
f 331/331/331 337/337/337 329/329/329 
f 331/331/331 338/338/338 337/337/337 
f 339/339/339 338/338/338 331/331/331 
f 339/339/339 331/331/331 340/340/340 
f 340/340/340 331/331/331 327/327/327 
f 340/340/340 327/327/327 341/341/341 
f 342/342/342 341/341/341 327/327/327 
f 342/342/342 327/327/327 328/328/328 
f 343/343/343 344/344/344 345/345/345 
f 346/346/346 347/347/347 348/348/348 
f 346/346/346 348/348/348 349/349/349 
f 350/350/350 346/346/346 349/349/349 
f 346/346/346 350/350/350 351/351/351 
f 346/346/346 351/351/351 352/352/352 
f 344/344/344 347/347/347 346/346/346 
f 344/344/344 346/346/346 352/352/352 
f 347/347/347 343/343/343 353/353/353 
f 347/347/347 353/353/353 348/348/348 
f 343/343/343 347/347/347 344/344/344 
f 354/354/354 349/349/349 348/348/348 
f 354/354/354 348/348/348 355/355/355 
f 348/348/348 353/353/353 356/356/356 
f 348/348/348 356/356/356 355/355/355 
f 350/350/350 349/349/349 357/357/357 
f 357/357/357 349/349/349 354/354/354 
f 351/351/351 350/350/350 358/358/358 
f 359/359/359 358/358/358 350/350/350 
f 359/359/359 350/350/350 357/357/357 
f 351/351/351 358/358/358 360/360/360 
f 357/357/357 354/354/354 361/361/361 
f 362/362/362 359/359/359 357/357/357 
f 362/362/362 357/357/357 361/361/361 
f 363/363/363 361/361/361 354/354/354 
f 364/364/364 362/362/362 361/361/361 
f 364/364/364 361/361/361 363/363/363 
f 363/363/363 354/354/354 365/365/365 
f 363/363/363 365/365/365 366/366/366 
f 363/363/363 366/366/366 367/367/367 
f 368/368/368 364/364/364 363/363/363 
f 368/368/368 363/363/363 367/367/367 
f 369/369/369 365/365/365 354/354/354 
f 370/370/370 366/366/366 365/365/365 
f 370/370/370 365/365/365 369/369/369 
f 367/367/367 366/366/366 371/371/371 
f 370/370/370 371/371/371 366/366/366 
f 367/367/367 371/371/371 372/372/372 
f 373/373/373 368/368/368 367/367/367 
f 373/373/373 367/367/367 372/372/372 
f 374/374/374 372/372/372 371/371/371 
f 374/374/374 371/371/371 375/375/375 
f 370/370/370 376/376/376 371/371/371 
f 376/376/376 375/375/375 371/371/371 
f 377/377/377 376/376/376 370/370/370 
f 370/370/370 369/369/369 378/378/378 
f 370/370/370 378/378/378 377/377/377 
f 369/369/369 354/354/354 355/355/355 
f 355/355/355 378/378/378 369/369/369 
f 355/355/355 356/356/356 378/378/378 
f 377/377/377 379/379/379 376/376/376 
f 376/376/376 380/380/380 375/375/375 
f 379/379/379 380/380/380 376/376/376 
f 381/381/381 375/375/375 380/380/380 
f 382/382/382 374/374/374 375/375/375 
f 382/382/382 375/375/375 381/381/381 
f 381/381/381 380/380/380 383/383/383 
f 379/379/379 384/384/384 380/380/380 
f 383/383/383 380/380/380 384/384/384 
f 381/381/381 385/385/385 386/386/386 
f 381/381/381 386/386/386 382/382/382 
f 383/383/383 385/385/385 381/381/381 
f 386/386/386 387/387/387 382/382/382 
f 387/387/387 374/374/374 382/382/382 
f 386/386/386 388/388/388 387/387/387 
f 387/387/387 389/389/389 374/374/374 
f 389/389/389 372/372/372 374/374/374 
f 389/389/389 373/373/373 372/372/372 
f 383/383/383 390/390/390 385/385/385 
f 391/391/391 390/390/390 383/383/383 
f 383/383/383 384/384/384 391/391/391 
f 391/391/391 392/392/392 390/390/390 

g R6Builderman2

v -15.7095 0.536764 18.0797 
v -15.7172 0.488986 18.1017 
v -15.8559 0.489216 17.9381 
v -15.8541 0.536601 17.9124 
v -15.7096 0.537186 18.5123 
v -15.7173 0.488984 18.4946 
v -15.738 0.43992 18.1451 
v -15.7383 0.439351 18.4573 
v -15.991 0.489319 17.891 
v -15.8651 0.440637 18.0004 
v -15.9907 0.536563 17.8737 
v -16.1323 0.489319 17.891 
v -15.9939 0.44091 17.9476 
v -15.7588 0.393065 18.3054 
v -15.885 0.3668 18.3054 
v -15.8673 0.43864 18.6005 
v -16.0018 0.353171 18.3055 
v -16.1296 0.44091 17.9476 
v -16.1326 0.536563 17.8737 
v -16.2802 0.489216 17.9381 
v -16.2707 0.440637 18.0004 
v -16.1224 0.353171 18.3055 
v -15.9952 0.438313 18.6682 
v -15.8591 0.488766 18.6665 
v -16.1285 0.438313 18.6682 
v -15.9927 0.488651 18.7328 
v -16.2503 0.3668 18.3054 
v -16.3917 0.43992 18.1451 
v -16.4125 0.488986 18.1017 
v -16.2821 0.536601 17.9124 
v -16.4201 0.536764 18.0797 
v -16.4123 0.488984 18.4946 
v -16.3914 0.439351 18.4573 
v -16.3708 0.393065 18.3054 
v -16.2684 0.43864 18.6005 
v -16.1307 0.488651 18.7328 
v -16.277 0.488766 18.6665 
v -16.4201 0.537186 18.5123 
v -16.2782 0.537365 18.6956 
v -16.1307 0.537424 18.7557 
v -15.9927 0.537424 18.7557 
v -15.8579 0.537365 18.6956 
v -16.0014 1.01895 18.6354 
v -15.9927 0.537424 18.7557 
v -15.8579 0.537365 18.6956 
v -15.8829 1.01895 18.6 
v -16.1227 1.01895 18.6354 
v -16.1307 0.537424 18.7557 
v -15.8802 1.11039 18.5892 
v -16.0005 1.11039 18.608 
v -16.2523 1.01895 18.6 
v -16.2782 0.537365 18.6956 
v -16.1236 1.11039 18.608 
v -16.2551 1.11039 18.5892 
v -15.869 1.11039 17.9387 
v -15.8794 1.15595 17.9866 
v -15.7776 1.15613 18.1471 
v -15.743 1.11039 18.1079 
v -15.9965 1.11039 17.9083 
v -16 1.1559 17.9554 
v -15.8952 1.20601 18.0644 
v -16.0055 1.20592 18.0385 
v -15.7777 1.15621 18.3858 
v -15.8141 1.20632 18.2079 
v -15.743 1.11039 18.4287 
v -15.8867 1.15638 18.5401 
v -15.8142 1.20645 18.3214 
v -15.9116 1.24206 18.2634 
v -15.8392 1.21986 18.2632 
v -16.0114 1.25728 18.2634 
v -16.1189 1.20592 18.0385 
v -16.1135 1.25728 18.2634 
v -16.0073 1.20683 18.4796 
v -16.1173 1.20683 18.4796 
v -15.8997 1.20675 18.4615 
v -15.8802 1.11039 18.5892 
v -16.0028 1.15642 18.5611 
v -16.1215 1.15642 18.5611 
v -16.2349 1.20675 18.4614 
v -16.2484 1.15638 18.5401 
v -16.2226 1.24206 18.2634 
v -16.3155 1.20645 18.3214 
v -16.352 1.15621 18.3858 
v -16.2551 1.11039 18.5892 
v -16.1236 1.11039 18.608 
v -16.0005 1.11039 18.608 
v -16.3866 1.11039 18.4287 
v -16.352 1.15613 18.1471 
v -16.2904 1.21986 18.2632 
v -16.3155 1.20632 18.2079 
v -16.2395 1.20601 18.0644 
v -16.2557 1.15595 17.9866 
v -16.3866 1.11039 18.1079 
v -16.2663 1.11039 17.9387 
v -16.1238 1.1559 17.9554 
v -16.1269 1.11039 17.9083 
v -15.7477 1.01895 18.4287 
v -15.8829 1.01895 18.6 
v -15.8579 0.537365 18.6956 
v -15.7096 0.537186 18.5123 
v -15.7477 1.01895 18.1146 
v -15.743 1.11039 18.4287 
v -15.8802 1.11039 18.5892 
v -15.743 1.11039 18.1079 
v -15.8829 1.01895 17.9583 
v -15.7095 0.536764 18.0797 
v -15.869 1.11039 17.9387 
v -16.0014 1.01895 17.9346 
v -15.9965 1.11039 17.9083 
v -15.8541 0.536601 17.9124 
v -16.1227 1.01895 17.9346 
v -16.1269 1.11039 17.9083 
v -15.9907 0.536563 17.8737 
v -16.2523 1.01895 17.9583 
v -16.1326 0.536563 17.8737 
v -16.2663 1.11039 17.9387 
v -16.3819 1.01895 18.1146 
v -16.3866 1.11039 18.1079 
v -16.2821 0.536601 17.9124 
v -16.3819 1.01895 18.4287 
v -16.3866 1.11039 18.4287 
v -16.4201 0.536764 18.0797 
v -16.4201 0.537186 18.5123 
v -16.2782 0.537365 18.6956 
v -16.2523 1.01895 18.6 
v -16.2551 1.11039 18.5892 

vn 0.913386 -0.275591 -0.299213 
vn 0.889764 -0.401575 -0.23622 
vn 0.488189 -0.582677 -0.653543 
vn 0.519685 -0.401575 -0.755906 
vn 0.92126 -0.259843 0.291339 
vn 0.889764 -0.393701 0.244094 
vn 0.551181 -0.811024 -0.204724 
vn 0.559055 -0.80315 0.212598 
vn 0.125984 -0.614173 -0.779528 
vn 0.228346 -0.92126 -0.322835 
vn 0.141732 -0.377953 -0.913386 
vn -0.125984 -0.614173 -0.779528 
vn 0.0629921 -0.944882 -0.330709 
vn 0.354331 -0.937008 0 
vn 0.15748 -0.984252 0 
vn 0.244094 -0.913386 0.322835 
vn 0.0551181 -1 -0.00787402 
vn -0.0629921 -0.944882 -0.330709 
vn -0.133858 -0.377953 -0.913386 
vn -0.480315 -0.590551 -0.653543 
vn -0.220472 -0.92126 -0.322835 
vn -0.0472441 -1 -0.00787402 
vn 0.0787402 -0.944882 0.322835 
vn 0.527559 -0.582677 0.622047 
vn -0.0708661 -0.944882 0.322835 
vn 0.173228 -0.645669 0.740157 
vn -0.15748 -0.984252 0 
vn -0.559055 -0.80315 -0.19685 
vn -0.889764 -0.393701 -0.228346 
vn -0.503937 -0.401575 -0.76378 
vn -0.92126 -0.267717 -0.291339 
vn -0.889764 -0.385827 0.228346 
vn -0.566929 -0.795276 0.204724 
vn -0.370079 -0.929134 0 
vn -0.23622 -0.92126 0.314961 
vn -0.165354 -0.653543 0.740157 
vn -0.519685 -0.582677 0.622047 
vn -0.929134 -0.259843 0.275591 
vn -0.551181 -0.409449 0.724409 
vn -0.181102 -0.440945 0.874016 
vn 0.188976 -0.440945 0.874016 
vn 0.566929 -0.401575 0.716535 
vn 0.165354 0.23622 0.96063 
vn 0.173228 0.23622 0.96063 
vn 0.622047 0.188976 0.76378 
vn 0.629921 0.173228 0.755906 
vn -0.165354 0.23622 0.96063 
vn -0.165354 0.23622 0.96063 
vn 0.614173 0.0787402 0.787402 
vn 0.110236 0.244094 0.96063 
vn -0.622047 0.181102 0.76378 
vn -0.614173 0.19685 0.76378 
vn -0.102362 0.244094 0.968504 
vn -0.606299 0.0787402 0.795276 
vn 0.393701 0.732283 -0.559055 
vn 0.401575 0.771654 -0.488189 
vn 0.708661 0.685039 -0.188976 
vn 0.700787 0.669291 -0.244094 
vn 0.0787402 0.724409 -0.685039 
vn 0.0708661 0.80315 -0.598425 
vn 0.275591 0.913386 -0.307087 
vn 0.0472441 0.944882 -0.322835 
vn 0.692913 0.692913 0.19685 
vn 0.566929 0.811024 -0.141732 
vn 0.685039 0.677165 0.267717 
vn 0.377953 0.779528 0.503937 
vn 0.566929 0.811024 0.141732 
vn 0.149606 0.992126 0 
vn 0.283465 0.96063 0 
vn 0.0472441 1 0 
vn -0.0472441 0.944882 -0.322835 
vn -0.0393701 1 0 
vn 0.0393701 0.944882 0.322835 
vn -0.0393701 0.944882 0.322835 
vn 0.267717 0.913386 0.314961 
vn 0.362205 0.732283 0.574803 
vn 0.0472441 0.795276 0.606299 
vn -0.0472441 0.795276 0.606299 
vn -0.251969 0.913386 0.314961 
vn -0.370079 0.779528 0.503937 
vn -0.141732 0.992126 0 
vn -0.574803 0.80315 0.133858 
vn -0.700787 0.685039 0.188976 
vn -0.346457 0.732283 0.582677 
vn -0.0551181 0.716535 0.692913 
vn 0.0551181 0.716535 0.692913 
vn -0.685039 0.677165 0.259843 
vn -0.708661 0.677165 -0.181102 
vn -0.299213 0.952756 0 
vn -0.582677 0.80315 -0.133858 
vn -0.267717 0.913386 -0.307087 
vn -0.393701 0.779528 -0.488189 
vn -0.708661 0.669291 -0.23622 
vn -0.385827 0.732283 -0.566929 
vn -0.0708661 0.80315 -0.598425 
vn -0.0787402 0.724409 -0.685039 
vn 0.968504 0.0944882 0.228346 
vn 0.629921 0.173228 0.755906 
vn 0.622047 0.188976 0.76378 
vn 0.952756 0.11811 0.275591 
vn 0.968504 0.0629921 -0.244094 
vn 0.96063 -0.0314961 0.267717 
vn 0.614173 0.0787402 0.787402 
vn 0.952756 -0.102362 -0.267717 
vn 0.582677 0.0629921 -0.811024 
vn 0.96063 0.0944882 -0.259843 
vn 0.590551 -0.212598 -0.779528 
vn 0.11811 0.0629921 -0.992126 
vn 0.102362 -0.267717 -0.96063 
vn 0.582677 0.11811 -0.80315 
vn -0.110236 0.0629921 -0.992126 
vn -0.102362 -0.267717 -0.96063 
vn 0.11811 0.11811 -0.984252 
vn -0.574803 0.0629921 -0.811024 
vn -0.110236 0.11811 -0.984252 
vn -0.574803 -0.212598 -0.787402 
vn -0.968504 0.0629921 -0.23622 
vn -0.96063 -0.102362 -0.259843 
vn -0.574803 0.11811 -0.811024 
vn -0.968504 0.0944882 0.220472 
vn -0.968504 -0.0314961 0.259843 
vn -0.96063 0.0944882 -0.251969 
vn -0.96063 0.11811 0.259843 
vn -0.614173 0.19685 0.76378 
vn -0.622047 0.181102 0.76378 
vn -0.606299 0.0787402 0.795276 

vt 0.753848 0.178475 
vt 0.75468 0.169218 
vt 0.761135 0.171939 
vt 0.760767 0.178476 
vt 0.75385 0.124044 
vt 0.754687 0.134055 
vt 0.755648 0.158448 
vt 0.755662 0.145703 
vt 0.767418 0.172808 
vt 0.761563 0.164334 
vt 0.767302 0.178476 
vt 0.773988 0.172808 
vt 0.767552 0.166213 
vt 0.756208 0.152224 
vt 0.762244 0.152223 
vt 0.761665 0.139624 
vt 0.767837 0.152221 
vt 0.773866 0.166213 
vt 0.774094 0.178476 
vt 0.780868 0.171939 
vt 0.780427 0.164334 
vt 0.773606 0.152221 
vt 0.767612 0.137659 
vt 0.76128 0.131245 
vt 0.773811 0.137659 
vt 0.767498 0.130337 
vt 0.779725 0.152223 
vt 0.786054 0.158448 
vt 0.787022 0.169218 
vt 0.781247 0.178476 
vt 0.787854 0.178475 
vt 0.787015 0.134055 
vt 0.78604 0.145703 
vt 0.785495 0.152224 
vt 0.780321 0.139624 
vt 0.773915 0.130337 
vt 0.780718 0.131245 
vt 0.787852 0.124044 
vt 0.78106 0.124043 
vt 0.774004 0.124043 
vt 0.767401 0.124043 
vt 0.760949 0.124043 
vt 0.968449 0.259569 
vt 0.967718 0.187795 
vt 0.99314 0.187795 
vt 0.99314 0.259569 
vt 0.94701 0.259569 
vt 0.943443 0.187795 
vt 0.99314 0.271322 
vt 0.969069 0.271322 
vt 0.923494 0.259569 
vt 0.923494 0.187795 
vt 0.947253 0.271322 
vt 0.923494 0.271322 
vt 0.721192 0.123894 
vt 0.721367 0.132716 
vt 0.715791 0.137378 
vt 0.714539 0.12393 
vt 0.727922 0.123887 
vt 0.727978 0.131754 
vt 0.721493 0.139069 
vt 0.728017 0.137418 
vt 0.715793 0.16559 
vt 0.716693 0.147062 
vt 0.714539 0.178946 
vt 0.72177 0.170119 
vt 0.716697 0.155972 
vt 0.721741 0.151558 
vt 0.717111 0.151558 
vt 0.728117 0.151557 
vt 0.734729 0.137418 
vt 0.734643 0.151557 
vt 0.728126 0.165379 
vt 0.734639 0.165379 
vt 0.72176 0.163762 
vt 0.721785 0.178948 
vt 0.72813 0.171059 
vt 0.734637 0.171059 
vt 0.7416 0.163762 
vt 0.741591 0.170119 
vt 0.741616 0.151558 
vt 0.746365 0.155972 
vt 0.747269 0.16559 
vt 0.74158 0.178948 
vt 0.734635 0.178948 
vt 0.728135 0.178948 
vt 0.748523 0.178946 
vt 0.747271 0.137378 
vt 0.745951 0.151558 
vt 0.74637 0.147062 
vt 0.741867 0.139069 
vt 0.741995 0.132716 
vt 0.748523 0.12393 
vt 0.742172 0.123894 
vt 0.734764 0.131754 
vt 0.734811 0.123887 
vt 0.748193 0.259569 
vt 0.715394 0.259569 
vt 0.715394 0.187795 
vt 0.74363 0.187795 
vt 0.784016 0.259569 
vt 0.748305 0.271322 
vt 0.715394 0.271322 
vt 0.784016 0.271322 
vt 0.803917 0.259569 
vt 0.784016 0.187795 
vt 0.803262 0.271322 
vt 0.813877 0.259569 
vt 0.813904 0.271322 
vt 0.798398 0.187794 
vt 0.824204 0.259569 
vt 0.825013 0.271322 
vt 0.813606 0.187794 
vt 0.837025 0.259569 
vt 0.828908 0.187794 
vt 0.837657 0.271322 
vt 0.853609 0.259569 
vt 0.853609 0.271322 
vt 0.843623 0.187794 
vt 0.894605 0.259569 
vt 0.894577 0.271322 
vt 0.853609 0.187795 
vt 0.898831 0.187795 
vt 0.923494 0.187795 
vt 0.923494 0.259569 
vt 0.923494 0.271322 

usemtl R6Builderman1Mtl

f 393/393/393 394/394/394 395/395/395 
f 393/393/393 395/395/395 396/396/396 
f 397/397/397 394/394/394 393/393/393 
f 397/397/397 398/398/398 394/394/394 
f 395/395/395 394/394/394 399/399/399 
f 394/394/394 398/398/398 400/400/400 
f 394/394/394 400/400/400 399/399/399 
f 396/396/396 395/395/395 401/401/401 
f 395/395/395 399/399/399 402/402/402 
f 401/401/401 395/395/395 402/402/402 
f 396/396/396 401/401/401 403/403/403 
f 403/403/403 401/401/401 404/404/404 
f 401/401/401 402/402/402 405/405/405 
f 404/404/404 401/401/401 405/405/405 
f 402/402/402 399/399/399 406/406/406 
f 402/402/402 406/406/406 407/407/407 
f 405/405/405 402/402/402 407/407/407 
f 399/399/399 400/400/400 406/406/406 
f 400/400/400 408/408/408 407/407/407 
f 400/400/400 407/407/407 406/406/406 
f 398/398/398 408/408/408 400/400/400 
f 405/405/405 407/407/407 409/409/409 
f 408/408/408 409/409/409 407/407/407 
f 410/410/410 405/405/405 409/409/409 
f 404/404/404 405/405/405 410/410/410 
f 411/411/411 404/404/404 412/412/412 
f 403/403/403 404/404/404 411/411/411 
f 412/412/412 404/404/404 410/410/410 
f 413/413/413 410/410/410 414/414/414 
f 410/410/410 409/409/409 414/414/414 
f 412/412/412 410/410/410 413/413/413 
f 408/408/408 415/415/415 409/409/409 
f 415/415/415 414/414/414 409/409/409 
f 398/398/398 416/416/416 408/408/408 
f 416/416/416 415/415/415 408/408/408 
f 415/415/415 417/417/417 414/414/414 
f 416/416/416 418/418/418 415/415/415 
f 418/418/418 417/417/417 415/415/415 
f 417/417/417 419/419/419 414/414/414 
f 413/413/413 414/414/414 419/419/419 
f 420/420/420 413/413/413 419/419/419 
f 421/421/421 412/412/412 413/413/413 
f 421/421/421 413/413/413 420/420/420 
f 422/422/422 412/412/412 421/421/421 
f 411/411/411 412/412/412 422/422/422 
f 423/423/423 421/421/421 424/424/424 
f 422/422/422 421/421/421 423/423/423 
f 424/424/424 421/421/421 420/420/420 
f 425/425/425 420/420/420 426/426/426 
f 420/420/420 419/419/419 426/426/426 
f 424/424/424 420/420/420 425/425/425 
f 427/427/427 426/426/426 419/419/419 
f 417/417/417 427/427/427 419/419/419 
f 428/428/428 427/427/427 417/417/417 
f 418/418/418 428/428/428 417/417/417 
f 427/427/427 425/425/425 426/426/426 
f 429/429/429 425/425/425 427/427/427 
f 428/428/428 429/429/429 427/427/427 
f 429/429/429 424/424/424 425/425/425 
f 423/423/423 424/424/424 430/430/430 
f 430/430/430 424/424/424 429/429/429 
f 430/430/430 429/429/429 431/431/431 
f 431/431/431 429/429/429 428/428/428 
f 431/431/431 428/428/428 432/432/432 
f 432/432/432 428/428/428 418/418/418 
f 432/432/432 418/418/418 433/433/433 
f 433/433/433 418/418/418 416/416/416 
f 433/433/433 416/416/416 434/434/434 
f 434/434/434 416/416/416 398/398/398 
f 434/434/434 398/398/398 397/397/397 
f 435/435/435 436/436/436 437/437/437 
f 435/435/435 437/437/437 438/438/438 
f 435/435/435 439/439/439 440/440/440 
f 435/435/435 440/440/440 436/436/436 
f 441/441/441 442/442/442 435/435/435 
f 441/441/441 435/435/435 438/438/438 
f 442/442/442 439/439/439 435/435/435 
f 439/439/439 443/443/443 444/444/444 
f 439/439/439 444/444/444 440/440/440 
f 445/445/445 443/443/443 439/439/439 
f 442/442/442 445/445/445 439/439/439 
f 445/445/445 446/446/446 443/443/443 
f 447/447/447 448/448/448 449/449/449 
f 447/447/447 449/449/449 450/450/450 
f 451/451/451 448/448/448 447/447/447 
f 451/451/451 452/452/452 448/448/448 
f 449/449/449 448/448/448 453/453/453 
f 448/448/448 452/452/452 454/454/454 
f 448/448/448 454/454/454 453/453/453 
f 450/450/450 449/449/449 455/455/455 
f 449/449/449 453/453/453 456/456/456 
f 455/455/455 449/449/449 456/456/456 
f 450/450/450 455/455/455 457/457/457 
f 457/457/457 455/455/455 458/458/458 
f 455/455/455 456/456/456 459/459/459 
f 458/458/458 455/455/455 459/459/459 
f 456/456/456 453/453/453 460/460/460 
f 456/456/456 460/460/460 461/461/461 
f 459/459/459 456/456/456 461/461/461 
f 453/453/453 454/454/454 462/462/462 
f 453/453/453 462/462/462 460/460/460 
f 454/454/454 463/463/463 464/464/464 
f 454/454/454 464/464/464 462/462/462 
f 452/452/452 463/463/463 454/454/454 
f 465/465/465 460/460/460 462/462/462 
f 466/466/466 465/465/465 462/462/462 
f 466/466/466 462/462/462 464/464/464 
f 467/467/467 461/461/461 460/460/460 
f 465/465/465 467/467/467 460/460/460 
f 467/467/467 459/459/459 461/461/461 
f 458/458/458 459/459/459 467/467/467 
f 457/457/457 458/458/458 468/468/468 
f 468/468/468 458/458/458 469/469/469 
f 469/469/469 458/458/458 467/467/467 
f 469/469/469 467/467/467 465/465/465 
f 470/470/470 469/469/469 465/465/465 
f 470/470/470 465/465/465 466/466/466 
f 471/471/471 466/466/466 464/464/464 
f 472/472/472 470/470/470 466/466/466 
f 472/472/472 466/466/466 471/471/471 
f 471/471/471 464/464/464 473/473/473 
f 463/463/463 473/473/473 464/464/464 
f 474/474/474 471/471/471 473/473/473 
f 475/475/475 472/472/472 471/471/471 
f 475/475/475 471/471/471 474/474/474 
f 476/476/476 472/472/472 475/475/475 
f 477/477/477 470/470/470 472/472/472 
f 477/477/477 472/472/472 476/476/476 
f 478/478/478 469/469/469 470/470/470 
f 478/478/478 470/470/470 477/477/477 
f 468/468/468 469/469/469 478/478/478 
f 476/476/476 475/475/475 479/479/479 
f 479/479/479 475/475/475 480/480/480 
f 480/480/480 475/475/475 474/474/474 
f 474/474/474 473/473/473 481/481/481 
f 482/482/482 474/474/474 481/481/481 
f 480/480/480 474/474/474 482/482/482 
f 483/483/483 481/481/481 473/473/473 
f 463/463/463 483/483/483 473/473/473 
f 483/483/483 482/482/482 481/481/481 
f 484/484/484 480/480/480 482/482/482 
f 484/484/484 482/482/482 483/483/483 
f 479/479/479 480/480/480 485/485/485 
f 485/485/485 480/480/480 484/484/484 
f 485/485/485 484/484/484 486/486/486 
f 486/486/486 484/484/484 487/487/487 
f 487/487/487 484/484/484 483/483/483 
f 487/487/487 483/483/483 463/463/463 
f 452/452/452 487/487/487 463/463/463 
f 486/486/486 487/487/487 488/488/488 
f 488/488/488 487/487/487 452/452/452 
f 488/488/488 452/452/452 451/451/451 
f 489/489/489 490/490/490 491/491/491 
f 489/489/489 491/491/491 492/492/492 
f 493/493/493 494/494/494 489/489/489 
f 494/494/494 490/490/490 489/489/489 
f 492/492/492 493/493/493 489/489/489 
f 494/494/494 495/495/495 490/490/490 
f 493/493/493 496/496/496 494/494/494 
f 497/497/497 496/496/496 493/493/493 
f 498/498/498 497/497/497 493/493/493 
f 492/492/492 498/498/498 493/493/493 
f 497/497/497 499/499/499 496/496/496 
f 497/497/497 500/500/500 501/501/501 
f 497/497/497 501/501/501 499/499/499 
f 498/498/498 502/502/502 497/497/497 
f 502/502/502 500/500/500 497/497/497 
f 500/500/500 503/503/503 504/504/504 
f 500/500/500 504/504/504 501/501/501 
f 502/502/502 505/505/505 500/500/500 
f 505/505/505 503/503/503 500/500/500 
f 506/506/506 504/504/504 503/503/503 
f 507/507/507 506/506/506 503/503/503 
f 505/505/505 507/507/507 503/503/503 
f 506/506/506 508/508/508 504/504/504 
f 506/506/506 509/509/509 510/510/510 
f 506/506/506 510/510/510 508/508/508 
f 511/511/511 509/509/509 506/506/506 
f 507/507/507 511/511/511 506/506/506 
f 509/509/509 512/512/512 513/513/513 
f 509/509/509 513/513/513 510/510/510 
f 514/514/514 512/512/512 509/509/509 
f 511/511/511 514/514/514 509/509/509 
f 512/512/512 515/515/515 516/516/516 
f 512/512/512 516/516/516 517/517/517 
f 518/518/518 513/513/513 512/512/512 
f 518/518/518 512/512/512 517/517/517 
f 514/514/514 515/515/515 512/512/512 

g R6Builderman3

v -15.8514 0.412226 18.7192 
v -15.9905 0.412226 18.7857 
v -15.9836 0.088862 18.8162 
v -15.8317 0.0888622 18.7497 
v -15.8579 0.537365 18.6943 
v -16.1328 0.412226 18.7857 
v -16.1391 0.0888618 18.8162 
v -15.9927 0.537424 18.7544 
v -16.2849 0.412226 18.7192 
v -16.3052 0.0888618 18.7497 
v -16.1307 0.537424 18.7544 
v -16.2782 0.537365 18.6943 
v -15.6692 0.0888622 18.0547 
v -15.6927 0.325018 18.0631 
v -15.6927 0.325018 18.5478 
v -15.7095 0.536764 18.0784 
v -15.7096 0.537186 18.511 
v -15.6692 0.0888622 18.5783 
v -15.8514 0.412226 18.7192 
v -15.8317 0.0888622 18.7497 
v -15.8579 0.537365 18.6943 
v -15.6692 0.0888622 18.5783 
v -15.8317 0.0888622 18.7497 
v -15.8317 0.0888622 18.0547 
v -15.6692 0.0888622 18.0547 
v -15.9836 0.088862 18.8162 
v -15.9836 0.088862 18.0547 
v -15.8317 0.0888622 17.6601 
v -15.7062 0.0888622 17.7938 
v -15.9836 0.0888622 17.6216 
v -16.1391 0.088862 18.0547 
v -16.1391 0.088862 17.6216 
v -16.1391 0.0888618 18.8162 
v -16.3052 0.088862 18.0547 
v -16.3052 0.088862 17.6601 
v -16.3052 0.0888618 18.7497 
v -16.4605 0.0888618 18.0547 
v -16.4235 0.0888618 17.7938 
v -16.4605 0.0888618 18.5783 
v -15.8317 0.0888622 17.6601 
v -15.8415 0.35891 17.6601 
v -15.7212 0.270407 17.7938 
v -15.7062 0.0888622 17.7938 
v -15.9836 0.0888622 17.6216 
v -15.8514 0.491479 17.9068 
v -15.987 0.394525 17.6216 
v -15.9905 0.527094 17.8713 
v -15.8541 0.536601 17.9111 
v -15.9907 0.536563 17.8725 
v -16.1359 0.394525 17.6216 
v -16.1328 0.527094 17.8713 
v -16.1391 0.088862 17.6216 
v -16.2951 0.35891 17.6601 
v -16.2849 0.491478 17.9068 
v -16.2821 0.536601 17.9111 
v -16.1326 0.536563 17.8725 
v -16.4084 0.270407 17.7938 
v -16.3052 0.088862 17.6601 
v -16.4369 0.325017 18.0631 
v -16.4201 0.536764 18.0784 
v -16.4605 0.0888618 18.0547 
v -16.4235 0.0888618 17.7938 
v -16.4369 0.325017 18.5478 
v -16.4201 0.537186 18.511 
v -16.4605 0.0888618 18.5783 
v -16.3052 0.0888618 18.7497 
v -16.2849 0.412226 18.7192 
v -16.2782 0.537365 18.6943 
v -15.8541 0.536601 17.9111 
v -15.8903 0.536731 18.0682 
v -15.7687 0.53653 18.1847 
v -15.7095 0.536764 18.0784 
v -15.9907 0.536563 17.8725 
v -16.0036 0.536766 18.0516 
v -15.9021 0.536846 18.3019 
v -16.0079 0.536881 18.3019 
v -15.788 0.536571 18.3043 
v -15.7699 0.53654 18.4027 
v -15.7096 0.537186 18.511 
v -15.8919 0.536743 18.5258 
v -16.0044 0.536778 18.55 
v -16.1201 0.536778 18.55 
v -16.1169 0.536881 18.3019 
v -16.1326 0.536563 17.8725 
v -16.1208 0.536766 18.0516 
v -16.2431 0.536743 18.5258 
v -16.2326 0.536846 18.3019 
v -16.1307 0.537424 18.7544 
v -15.9927 0.537424 18.7544 
v -15.8579 0.537365 18.6943 
v -16.2782 0.537365 18.6943 
v -16.3598 0.53654 18.4027 
v -16.3417 0.536571 18.3043 
v -16.2448 0.536731 18.0682 
v -16.2821 0.536601 17.9111 
v -16.4201 0.536764 18.0784 
v -16.361 0.53653 18.1847 
v -16.4201 0.537186 18.511 

vn 0.622047 0.141732 0.771654 
vn 0.220472 0.133858 0.968504 
vn 0.220472 0.102362 0.968504 
vn 0.606299 0.11811 0.787402 
vn 0.669291 0.181102 0.716535 
vn -0.212598 0.133858 0.968504 
vn -0.212598 0.102362 0.968504 
vn 0.220472 0.228346 0.944882 
vn -0.614173 0.141732 0.779528 
vn -0.598425 0.11811 0.795276 
vn -0.212598 0.228346 0.952756 
vn -0.669291 0.188976 0.716535 
vn 0.992126 0.0944882 -0.0393701 
vn 0.984252 0.15748 -0.0866142 
vn 0.968504 0.11811 0.23622 
vn 0.984252 0.0866142 -0.149606 
vn 0.976378 0.110236 0.173228 
vn 0.952756 0.11811 0.267717 
vn 0.622047 0.141732 0.771654 
vn 0.606299 0.11811 0.787402 
vn 0.669291 0.181102 0.716535 
vn 0 -1 0 
vn 0 -1 0 
vn 0 -1 0 
vn 0 -1 0 
vn 0 -1 0 
vn 0 -1 0 
vn 0 -1 0 
vn 0 -1 0 
vn 0 -1 0 
vn 0 -1 0 
vn 0 -1 0 
vn 0 -1 0 
vn 0 -1 0 
vn 0 -1 0 
vn 0 -1 0 
vn 0 -1 0 
vn 0 -1 0 
vn 0 -1 0 
vn 0.511811 0.023622 -0.858268 
vn 0.574803 0.448819 -0.685039 
vn 0.889764 0.307087 -0.338583 
vn 0.929134 0.0787402 -0.370079 
vn 0.125984 0 -0.992126 
vn 0.692913 0.559055 -0.456693 
vn 0.15748 0.496063 -0.850394 
vn 0.181102 0.84252 -0.503937 
vn 0.708661 0.110236 -0.700787 
vn 0.204724 0.11811 -0.976378 
vn -0.149606 0.496063 -0.850394 
vn -0.173228 0.84252 -0.503937 
vn -0.11811 0 -0.992126 
vn -0.559055 0.448819 -0.692913 
vn -0.692913 0.566929 -0.448819 
vn -0.716535 0.110236 -0.692913 
vn -0.188976 0.11811 -0.976378 
vn -0.897638 0.291339 -0.330709 
vn -0.503937 0.023622 -0.866142 
vn -0.984252 0.15748 -0.0866142 
vn -0.984252 0.0866142 -0.141732 
vn -0.992126 0.0944882 -0.0393701 
vn -0.929134 0.0787402 -0.354331 
vn -0.968504 0.110236 0.228346 
vn -0.984252 0.102362 0.165354 
vn -0.96063 0.11811 0.259843 
vn -0.598425 0.11811 0.795276 
vn -0.614173 0.141732 0.779528 
vn -0.669291 0.188976 0.716535 
vn 0 1 0 
vn 0 1 0 
vn 0 1 0 
vn 0 1 0 
vn 0 1 0 
vn 0 1 0 
vn 0 1 0 
vn 0 1 0 
vn 0 1 0 
vn 0 1 0 
vn 0 1 0 
vn 0 1 0 
vn 0 1 0 
vn 0 1 0 
vn 0 1 0 
vn 0 1 0 
vn 0 1 0 
vn 0 1 0 
vn 0 1 0 
vn 0 1 0 
vn 0 1 0 
vn 0 1 0 
vn 0 1 0 
vn 0 1 0 
vn 0 1 0 
vn 0 1 0 
vn 0 1 0 
vn 0 1 0 
vn 0 1 0 
vn 0 1 0 

vt 0.783697 0.0750126 
vt 0.758389 0.0750126 
vt 0.758226 0.0537522 
vt 0.783697 0.0537522 
vt 0.783697 0.0802208 
vt 0.733675 0.0750126 
vt 0.730833 0.0537522 
vt 0.758577 0.0802237 
vt 0.714915 0.0750126 
vt 0.714915 0.0537522 
vt 0.734591 0.0802237 
vt 0.714915 0.0802208 
vt 0.777348 0.0889464 
vt 0.784453 0.104748 
vt 0.741687 0.104748 
vt 0.784453 0.115456 
vt 0.741687 0.115456 
vt 0.741687 0.0889465 
vt 0.715211 0.109774 
vt 0.715211 0.0889465 
vt 0.715211 0.115456 
vt 0.928849 0.00408161 
vt 0.943056 0.00408161 
vt 0.942849 0.0748448 
vt 0.928849 0.0747928 
vt 0.956162 0.00408161 
vt 0.955936 0.0748932 
vt 0.942731 0.115359 
vt 0.928849 0.115359 
vt 0.955808 0.115359 
vt 0.969331 0.0749434 
vt 0.969201 0.115359 
vt 0.969557 0.00408161 
vt 0.983643 0.0749972 
vt 0.983526 0.115359 
vt 0.98385 0.00408161 
vt 0.997178 0.0750474 
vt 0.997178 0.115359 
vt 0.997178 0.00408161 
vt 0.798401 0.0889464 
vt 0.7984 0.102916 
vt 0.784573 0.09855 
vt 0.784573 0.0889464 
vt 0.812542 0.0889464 
vt 0.7984 0.110731 
vt 0.812542 0.102916 
vt 0.812542 0.110731 
vt 0.7984 0.11545 
vt 0.812542 0.115449 
vt 0.827034 0.102916 
vt 0.827034 0.110731 
vt 0.827034 0.0889464 
vt 0.842272 0.102916 
vt 0.842272 0.110731 
vt 0.842272 0.11545 
vt 0.827034 0.115449 
vt 0.854235 0.09855 
vt 0.842272 0.0889464 
vt 0.854235 0.104748 
vt 0.854235 0.115456 
vt 0.864362 0.0889464 
vt 0.854235 0.0889464 
vt 0.900242 0.104748 
vt 0.900242 0.115456 
vt 0.900242 0.0889464 
vt 0.923277 0.0889464 
vt 0.923277 0.109774 
vt 0.923277 0.115456 
vt 0.896144 0.02499 
vt 0.89786 0.0361558 
vt 0.892092 0.0396688 
vt 0.889287 0.024991 
vt 0.90262 0.0249897 
vt 0.903234 0.0356548 
vt 0.898421 0.0522773 
vt 0.903435 0.0522776 
vt 0.893008 0.0524228 
vt 0.892151 0.0647303 
vt 0.889289 0.0800755 
vt 0.897937 0.0679849 
vt 0.90327 0.0686255 
vt 0.908757 0.0686255 
vt 0.908607 0.0522776 
vt 0.90935 0.0249897 
vt 0.90879 0.0356548 
vt 0.914591 0.0679849 
vt 0.914093 0.0522773 
vt 0.909261 0.0800771 
vt 0.902718 0.0800771 
vt 0.896324 0.0800767 
vt 0.916253 0.0800767 
vt 0.920123 0.0647303 
vt 0.919266 0.0524228 
vt 0.91467 0.0361558 
vt 0.916439 0.02499 
vt 0.922986 0.024991 
vt 0.920182 0.0396688 
vt 0.922985 0.0800755 

usemtl R6Builderman1Mtl

f 519/519/519 520/520/520 521/521/521 
f 519/519/519 521/521/521 522/522/522 
f 523/523/523 520/520/520 519/519/519 
f 520/520/520 524/524/524 525/525/525 
f 520/520/520 525/525/525 521/521/521 
f 523/523/523 526/526/526 520/520/520 
f 526/526/526 524/524/524 520/520/520 
f 524/524/524 527/527/527 528/528/528 
f 524/524/524 528/528/528 525/525/525 
f 529/529/529 527/527/527 524/524/524 
f 526/526/526 529/529/529 524/524/524 
f 529/529/529 530/530/530 527/527/527 
f 531/531/531 532/532/532 533/533/533 
f 532/532/532 534/534/534 535/535/535 
f 532/532/532 535/535/535 533/533/533 
f 531/531/531 533/533/533 536/536/536 
f 533/533/533 537/537/537 538/538/538 
f 533/533/533 538/538/538 536/536/536 
f 535/535/535 537/537/537 533/533/533 
f 535/535/535 539/539/539 537/537/537 
f 540/540/540 541/541/541 542/542/542 
f 540/540/540 542/542/542 543/543/543 
f 541/541/541 544/544/544 545/545/545 
f 541/541/541 545/545/545 542/542/542 
f 542/542/542 546/546/546 547/547/547 
f 542/542/542 547/547/547 543/543/543 
f 545/545/545 546/546/546 542/542/542 
f 545/545/545 548/548/548 546/546/546 
f 545/545/545 549/549/549 550/550/550 
f 545/545/545 550/550/550 548/548/548 
f 544/544/544 549/549/549 545/545/545 
f 544/544/544 551/551/551 549/549/549 
f 549/549/549 552/552/552 553/553/553 
f 549/549/549 553/553/553 550/550/550 
f 554/554/554 552/552/552 549/549/549 
f 554/554/554 549/549/549 551/551/551 
f 552/552/552 555/555/555 556/556/556 
f 552/552/552 556/556/556 553/553/553 
f 557/557/557 555/555/555 552/552/552 
f 557/557/557 552/552/552 554/554/554 
f 558/558/558 559/559/559 560/560/560 
f 558/558/558 560/560/560 561/561/561 
f 562/562/562 559/559/559 558/558/558 
f 563/563/563 560/560/560 559/559/559 
f 559/559/559 564/564/564 565/565/565 
f 559/559/559 565/565/565 563/563/563 
f 562/562/562 564/564/564 559/559/559 
f 531/531/531 561/561/561 560/560/560 
f 531/531/531 560/560/560 532/532/532 
f 563/563/563 532/532/532 560/560/560 
f 563/563/563 566/566/566 534/534/534 
f 563/563/563 534/534/534 532/532/532 
f 565/565/565 566/566/566 563/563/563 
f 565/565/565 567/567/567 566/566/566 
f 565/565/565 564/564/564 568/568/568 
f 565/565/565 568/568/568 569/569/569 
f 569/569/569 567/567/567 565/565/565 
f 562/562/562 568/568/568 564/564/564 
f 562/562/562 570/570/570 568/568/568 
f 569/569/569 568/568/568 571/571/571 
f 570/570/570 571/571/571 568/568/568 
f 569/569/569 571/571/571 572/572/572 
f 569/569/569 572/572/572 573/573/573 
f 569/569/569 573/573/573 574/574/574 
f 569/569/569 574/574/574 567/567/567 
f 572/572/572 571/571/571 575/575/575 
f 576/576/576 575/575/575 571/571/571 
f 570/570/570 576/576/576 571/571/571 
f 572/572/572 577/577/577 578/578/578 
f 572/572/572 578/578/578 573/573/573 
f 572/572/572 575/575/575 577/577/577 
f 579/579/579 577/577/577 575/575/575 
f 579/579/579 575/575/575 580/580/580 
f 576/576/576 580/580/580 575/575/575 
f 579/579/579 581/581/581 577/577/577 
f 577/577/577 581/581/581 582/582/582 
f 577/577/577 582/582/582 578/578/578 
f 579/579/579 583/583/583 581/581/581 
f 581/581/581 583/583/583 584/584/584 
f 581/581/581 584/584/584 585/585/585 
f 586/586/586 582/582/582 581/581/581 
f 586/586/586 581/581/581 585/585/585 
f 587/587/587 588/588/588 589/589/589 
f 587/587/587 589/589/589 590/590/590 
f 591/591/591 588/588/588 587/587/587 
f 591/591/591 592/592/592 588/588/588 
f 589/589/589 588/588/588 593/593/593 
f 588/588/588 592/592/592 594/594/594 
f 588/588/588 594/594/594 593/593/593 
f 590/590/590 589/589/589 595/595/595 
f 589/589/589 593/593/593 595/595/595 
f 590/590/590 595/595/595 596/596/596 
f 590/590/590 596/596/596 597/597/597 
f 598/598/598 596/596/596 595/595/595 
f 598/598/598 595/595/595 593/593/593 
f 599/599/599 598/598/598 593/593/593 
f 599/599/599 593/593/593 594/594/594 
f 600/600/600 599/599/599 594/594/594 
f 600/600/600 594/594/594 601/601/601 
f 592/592/592 601/601/601 594/594/594 
f 602/602/602 603/603/603 592/592/592 
f 602/602/602 592/592/592 591/591/591 
f 592/592/592 603/603/603 601/601/601 
f 604/604/604 600/600/600 601/601/601 
f 604/604/604 601/601/601 605/605/605 
f 603/603/603 605/605/605 601/601/601 
f 606/606/606 600/600/600 604/604/604 
f 607/607/607 599/599/599 600/600/600 
f 607/607/607 600/600/600 606/606/606 
f 608/608/608 598/598/598 599/599/599 
f 608/608/608 599/599/599 607/607/607 
f 597/597/597 596/596/596 598/598/598 
f 597/597/597 598/598/598 608/608/608 
f 606/606/606 604/604/604 609/609/609 
f 609/609/609 604/604/604 610/610/610 
f 610/610/610 604/604/604 605/605/605 
f 610/610/610 605/605/605 611/611/611 
f 612/612/612 611/611/611 605/605/605 
f 603/603/603 612/612/612 605/605/605 
f 613/613/613 612/612/612 603/603/603 
f 613/613/613 603/603/603 602/602/602 
f 614/614/614 615/615/615 612/612/612 
f 614/614/614 612/612/612 613/613/613 
f 612/612/612 615/615/615 611/611/611 
f 616/616/616 610/610/610 611/611/611 
f 616/616/616 611/611/611 615/615/615 
f 609/609/609 610/610/610 616/616/616 
f 616/616/616 615/615/615 614/614/614 

g R6Builderman4

v -17.2689 2.09125 18.0926 
v -17.2689 2.09125 18.5315 
v -17.1266 2.28816 18.5081 
v -17.1266 2.28816 18.1031 
v -17.126 2.08627 17.9429 
v -17.126 2.09438 18.6606 
v -17.0019 2.28816 18.5081 
v -17.0019 2.28816 18.064 
v -17.0017 2.08721 17.9038 
v -16.8742 2.28816 18.5081 
v -16.8742 2.28816 18.064 
v -16.8744 2.08817 17.9038 
v -17.0017 2.09012 18.7025 
v -16.8744 2.08578 18.7021 
v -16.7385 2.08113 18.6594 
v -16.7378 2.28816 18.5081 
v -16.7378 2.28816 18.1031 
v -16.7384 2.08919 17.9428 
v -16.6015 2.09125 18.0926 
v -16.6015 2.09125 18.5315 
v -17.257 1.11039 18.108 
v -17.131 1.11039 17.9388 
v -17.1131 1.05318 17.9942 
v -17.2341 1.07326 18.136 
v -17.257 1.11039 18.4288 
v -17.0035 1.11039 17.9084 
v -16.9973 1.04653 17.9665 
v -17.0989 1.00757 18.1303 
v -17.2158 1.04366 18.2025 
v -17.2343 1.07323 18.3958 
v -17.2163 1.04362 18.326 
v -17.1198 1.11039 18.5893 
v -17.1065 1.05332 18.5428 
v -17.0959 1.00782 18.4125 
v -17.1913 1.01628 18.2705 
v -17.0865 0.984288 18.2705 
v -16.9924 0.995638 18.1142 
v -16.8787 1.04653 17.9665 
v -16.8731 1.11039 17.9084 
v -16.752 1.05318 17.9942 
v -16.8831 0.995638 18.1142 
v -16.988 0.970704 18.2705 
v -16.9914 0.999397 18.4302 
v -16.8871 0.970704 18.2705 
v -16.7666 1.00757 18.1303 
v -16.7337 1.11039 17.9388 
v -16.6363 1.07326 18.136 
v -16.6545 1.04366 18.2025 
v -16.7793 0.984288 18.2705 
v -16.8839 0.999397 18.4302 
v -16.995 1.04863 18.5651 
v -16.7695 1.00782 18.4125 
v -16.8806 1.04863 18.5651 
v -16.6791 1.01628 18.2705 
v -16.6541 1.04362 18.326 
v -16.636 1.07323 18.3958 
v -16.7586 1.05332 18.5428 
v -16.7449 1.11039 18.5893 
v -16.8764 1.11039 18.6081 
v -16.9995 1.11039 18.6081 
v -16.6134 1.11039 18.4288 
v -16.6134 1.11039 18.108 
v -17.0017 2.08721 17.9038 
v -17.1191 1.79527 17.9492 
v -17.126 2.08627 17.9429 
v -16.6318 1.37353 18.4288 
v -16.6318 1.37353 18.1147 
v -16.6139 1.79822 18.1016 
v -16.6139 1.79822 18.4525 
v -16.6081 1.21424 18.4288 
v -16.7558 1.37353 18.6001 
v -16.7417 1.21424 18.5769 
v -16.7455 1.79224 18.5981 
v -16.6081 1.21424 18.1004 
v -16.7558 1.37353 17.9584 
v -16.7455 1.79701 17.9492 
v -16.7384 2.08919 17.9428 
v -16.6015 2.09125 18.0926 
v -16.6015 2.09125 18.5315 
v -16.7385 2.08113 18.6594 
v -16.8744 2.08817 17.9038 
v -16.8766 1.79641 17.9164 
v -16.7178 1.21424 17.9166 
v -16.8798 1.37353 17.9348 
v -16.8683 1.21424 17.8785 
v -16.9993 1.79583 17.9164 
v -16.9958 1.37353 17.9348 
v -17.1092 1.37353 17.9584 
v -17.0092 1.21424 17.8785 
v -16.8731 1.11039 17.9084 
v -17.0035 1.11039 17.9084 
v -16.7337 1.11039 17.9388 
v -16.6134 1.11039 18.108 
v -16.6134 1.11039 18.4288 
v -16.7449 1.11039 18.5893 
v -17.131 1.11039 17.9388 
v -17.257 1.11039 18.108 
v -17.1468 1.21424 17.9166 
v -17.2623 1.21424 18.1004 
v -17.257 1.11039 18.4288 
v -17.2386 1.37353 18.1147 
v -17.2623 1.21424 18.4288 
v -17.1228 1.21424 18.5769 
v -17.1198 1.11039 18.5893 
v -17.2386 1.37353 18.4288 
v -17.2565 1.79822 18.1016 
v -17.2565 1.79822 18.4525 
v -17.2689 2.09125 18.0926 
v -17.1092 1.37353 18.6001 
v -17.0006 1.21424 18.5769 
v -16.9995 1.11039 18.6081 
v -16.9958 1.37353 18.6152 
v -16.8764 1.11039 18.6081 
v -16.8754 1.21424 18.5769 
v -17.1191 1.80008 18.5988 
v -16.9993 1.79756 18.6297 
v -17.2689 2.09125 18.5315 
v -17.126 2.09438 18.6606 
v -16.8766 1.79498 18.6295 
v -16.8744 2.08578 18.7021 
v -17.0017 2.09012 18.7025 
v -16.8798 1.37353 18.6152 
v -16.7558 1.37353 18.6001 
v -16.7455 1.79224 18.5981 
v -16.7385 2.08113 18.6594 
v -16.7417 1.21424 18.5769 
v -16.7449 1.11039 18.5893 

vn -0.952756 0.228346 -0.19685 
vn -0.952756 0.19685 0.23622 
vn -0.559055 0.811024 0.181102 
vn -0.551181 0.818898 -0.165354 
vn -0.535433 0.188976 -0.826772 
vn -0.480315 0.110236 0.874016 
vn -0.023622 0.952756 0.307087 
vn -0.0629921 0.937008 -0.354331 
vn -0.141732 0.283465 -0.952756 
vn 0.0314961 0.952756 0.314961 
vn 0.0551181 0.937008 -0.346457 
vn 0.133858 0.283465 -0.952756 
vn -0.110236 0.220472 0.968504 
vn 0.110236 0.212598 0.968504 
vn 0.472441 0.102362 0.874016 
vn 0.551181 0.811024 0.188976 
vn 0.543307 0.826772 -0.173228 
vn 0.519685 0.19685 -0.834646 
vn 0.96063 0.220472 -0.188976 
vn 0.952756 0.19685 0.220472 
vn -0.724409 -0.629921 -0.291339 
vn -0.401575 -0.692913 -0.598425 
vn -0.346457 -0.826772 -0.433071 
vn -0.661417 -0.724409 -0.212598 
vn -0.716535 -0.622047 0.322835 
vn -0.0944882 -0.685039 -0.724409 
vn -0.0787402 -0.866142 -0.496063 
vn -0.259843 -0.937008 -0.228346 
vn -0.543307 -0.826772 -0.15748 
vn -0.661417 -0.716535 0.220472 
vn -0.559055 -0.818898 0.15748 
vn -0.409449 -0.645669 0.645669 
vn -0.346457 -0.811024 0.464567 
vn -0.259843 -0.937008 0.244094 
vn -0.385827 -0.92126 0.00787402 
vn -0.220472 -0.976378 0.00787402 
vn -0.0708661 -0.968504 -0.244094 
vn 0.0787402 -0.866142 -0.496063 
vn 0.0866142 -0.685039 -0.724409 
vn 0.338583 -0.834646 -0.440945 
vn 0.0629921 -0.968504 -0.244094 
vn -0.0629921 -1 0.00787402 
vn -0.0551181 -0.968504 0.259843 
vn 0.0551181 -1 0.00787402 
vn 0.251969 -0.937008 -0.228346 
vn 0.385827 -0.700787 -0.598425 
vn 0.669291 -0.716535 -0.204724 
vn 0.559055 -0.818898 -0.149606 
vn 0.212598 -0.976378 0.00787402 
vn 0.0551181 -0.968504 0.259843 
vn -0.0629921 -0.84252 0.535433 
vn 0.251969 -0.937008 0.244094 
vn 0.0629921 -0.84252 0.535433 
vn 0.393701 -0.92126 0.00787402 
vn 0.566929 -0.811024 0.149606 
vn 0.669291 -0.708661 0.212598 
vn 0.338583 -0.818898 0.472441 
vn 0.401575 -0.645669 0.645669 
vn 0.0708661 -0.590551 0.80315 
vn -0.0787402 -0.590551 0.80315 
vn 0.724409 -0.614173 0.314961 
vn 0.732283 -0.622047 -0.283465 
vn -0.141732 0.283465 -0.952756 
vn -0.582677 -0.0393701 -0.811024 
vn -0.535433 0.188976 -0.826772 
vn 0.968504 0 0.251969 
vn 0.968504 0.023622 -0.244094 
vn 0.968504 -0.0472441 -0.244094 
vn 0.968504 -0.0629921 0.228346 
vn 0.968504 0.0551181 0.251969 
vn 0.559055 -0.0393701 0.826772 
vn 0.559055 0.015748 0.826772 
vn 0.566929 -0.110236 0.811024 
vn 0.968504 0.0787402 -0.23622 
vn 0.590551 0.0629921 -0.80315 
vn 0.574803 -0.0393701 -0.811024 
vn 0.519685 0.19685 -0.834646 
vn 0.96063 0.220472 -0.188976 
vn 0.952756 0.19685 0.220472 
vn 0.472441 0.102362 0.874016 
vn 0.133858 0.283465 -0.952756 
vn 0.125984 -0.0393701 -0.992126 
vn 0.622047 0.0944882 -0.779528 
vn 0.110236 0.0708661 -0.992126 
vn 0.11811 0.0866142 -0.992126 
vn -0.125984 -0.0393701 -0.992126 
vn -0.11811 0.0708661 -0.992126 
vn -0.598425 0.0629921 -0.80315 
vn -0.125984 0.0866142 -0.984252 
vn 0.11811 -0.267717 -0.952756 
vn -0.11811 -0.267717 -0.952756 
vn 0.614173 -0.220472 -0.755906 
vn 0.968504 -0.0944882 -0.212598 
vn 0.96063 -0.0314961 0.267717 
vn 0.503937 0.102362 0.858268 
vn -0.622047 -0.212598 -0.755906 
vn -0.968504 -0.102362 -0.220472 
vn -0.637795 0.0944882 -0.771654 
vn -0.968504 0.0787402 -0.244094 
vn -0.96063 -0.0314961 0.283465 
vn -0.968504 0.023622 -0.251969 
vn -0.96063 0.0551181 0.267717 
vn -0.566929 0.015748 0.826772 
vn -0.511811 0.0944882 0.850394 
vn -0.968504 0 0.259843 
vn -0.968504 -0.0472441 -0.259843 
vn -0.968504 -0.0629921 0.244094 
vn -0.952756 0.228346 -0.19685 
vn -0.566929 -0.0393701 0.818898 
vn -0.0314961 -0.023622 1 
vn -0.0393701 0.244094 0.968504 
vn -0.0787402 -0.0787402 0.992126 
vn 0.0314961 0.244094 0.968504 
vn 0.0314961 -0.023622 1 
vn -0.574803 -0.110236 0.811024 
vn -0.11811 -0.11811 0.984252 
vn -0.952756 0.19685 0.23622 
vn -0.480315 0.110236 0.874016 
vn 0.110236 -0.11811 0.984252 
vn 0.110236 0.212598 0.968504 
vn -0.110236 0.220472 0.968504 
vn 0.0787402 -0.0787402 0.992126 
vn 0.559055 -0.0393701 0.826772 
vn 0.566929 -0.110236 0.811024 
vn 0.472441 0.102362 0.874016 
vn 0.559055 0.015748 0.826772 
vn 0.503937 0.102362 0.858268 

vt 0.478871 0.495866 
vt 0.439109 0.495866 
vt 0.439109 0.473001 
vt 0.478871 0.473001 
vt 0.495023 0.473001 
vt 0.426752 0.473001 
vt 0.439109 0.45355 
vt 0.478871 0.45355 
vt 0.495023 0.45355 
vt 0.439109 0.428505 
vt 0.478871 0.428505 
vt 0.495023 0.428505 
vt 0.426752 0.45355 
vt 0.426752 0.428505 
vt 0.426752 0.405204 
vt 0.439109 0.405204 
vt 0.478871 0.405204 
vt 0.495023 0.405204 
vt 0.478871 0.383696 
vt 0.439109 0.383696 
vt 0.534617 0.446415 
vt 0.527948 0.446416 
vt 0.527269 0.438181 
vt 0.533612 0.43818 
vt 0.534617 0.391756 
vt 0.521201 0.446417 
vt 0.520964 0.438182 
vt 0.526727 0.431617 
vt 0.532812 0.431616 
vt 0.533635 0.39913 
vt 0.532853 0.405008 
vt 0.527354 0.391755 
vt 0.526858 0.39913 
vt 0.526462 0.405007 
vt 0.531139 0.417892 
vt 0.525595 0.417893 
vt 0.520774 0.431618 
vt 0.51451 0.438182 
vt 0.514296 0.446417 
vt 0.507615 0.438181 
vt 0.514681 0.431618 
vt 0.520378 0.417894 
vt 0.520679 0.405008 
vt 0.515038 0.417894 
vt 0.508171 0.431617 
vt 0.506918 0.446416 
vt 0.501556 0.43818 
vt 0.502356 0.431616 
vt 0.509333 0.417893 
vt 0.51476 0.405008 
vt 0.520816 0.39913 
vt 0.508435 0.405007 
vt 0.514633 0.39913 
vt 0.50403 0.417892 
vt 0.502315 0.405008 
vt 0.501533 0.39913 
vt 0.508026 0.39913 
vt 0.507512 0.391755 
vt 0.514473 0.391755 
vt 0.520988 0.391755 
vt 0.500552 0.391756 
vt 0.500552 0.446415 
vt 0.536487 0.382896 
vt 0.546907 0.354946 
vt 0.54803 0.382896 
vt 0.455052 0.299514 
vt 0.496043 0.299514 
vt 0.496043 0.354946 
vt 0.453319 0.354946 
vt 0.455918 0.283358 
vt 0.427002 0.299514 
vt 0.427002 0.283358 
vt 0.427002 0.354946 
vt 0.496043 0.283358 
vt 0.51329 0.299514 
vt 0.514109 0.354946 
vt 0.512952 0.382896 
vt 0.496043 0.382896 
vt 0.448057 0.382896 
vt 0.427002 0.382896 
vt 0.5254 0.382896 
vt 0.52568 0.354946 
vt 0.512087 0.283358 
vt 0.524511 0.299514 
vt 0.524678 0.283358 
vt 0.536298 0.354946 
vt 0.535455 0.299514 
vt 0.546464 0.299514 
vt 0.536747 0.283358 
vt 0.525449 0.271322 
vt 0.536558 0.271322 
vt 0.512805 0.271322 
vt 0.496043 0.271322 
vt 0.455885 0.271322 
vt 0.427002 0.271322 
vt 0.5472 0.271322 
vt 0.565826 0.271322 
vt 0.547943 0.283358 
vt 0.565646 0.283358 
vt 0.602157 0.271322 
vt 0.565826 0.299514 
vt 0.60203 0.283358 
vt 0.635171 0.283358 
vt 0.635067 0.271322 
vt 0.602747 0.299514 
vt 0.565826 0.354946 
vt 0.604444 0.354946 
vt 0.565826 0.382896 
vt 0.635067 0.299514 
vt 0.658436 0.283358 
vt 0.659139 0.271322 
vt 0.658647 0.299514 
vt 0.680955 0.271322 
vt 0.68068 0.283358 
vt 0.635067 0.354946 
vt 0.65578 0.354946 
vt 0.609445 0.382896 
vt 0.635067 0.382896 
vt 0.677581 0.354946 
vt 0.676476 0.382896 
vt 0.654176 0.382896 
vt 0.679036 0.299514 
vt 0.704679 0.299514 
vt 0.704679 0.354946 
vt 0.704679 0.382896 
vt 0.704679 0.283358 
vt 0.704679 0.271322 

usemtl R6Builderman1Mtl

f 617/617/617 618/618/618 619/619/619 
f 617/617/617 619/619/619 620/620/620 
f 620/620/620 621/621/621 617/617/617 
f 619/619/619 618/618/618 622/622/622 
f 623/623/623 619/619/619 622/622/622 
f 620/620/620 619/619/619 623/623/623 
f 620/620/620 623/623/623 624/624/624 
f 624/624/624 621/621/621 620/620/620 
f 624/624/624 625/625/625 621/621/621 
f 624/624/624 623/623/623 626/626/626 
f 624/624/624 626/626/626 627/627/627 
f 628/628/628 625/625/625 624/624/624 
f 628/628/628 624/624/624 627/627/627 
f 623/623/623 622/622/622 629/629/629 
f 626/626/626 623/623/623 629/629/629 
f 626/626/626 630/630/630 631/631/631 
f 626/626/626 631/631/631 632/632/632 
f 633/633/633 627/627/627 626/626/626 
f 633/633/633 626/626/626 632/632/632 
f 626/626/626 629/629/629 630/630/630 
f 634/634/634 628/628/628 627/627/627 
f 634/634/634 627/627/627 633/633/633 
f 635/635/635 633/633/633 632/632/632 
f 635/635/635 634/634/634 633/633/633 
f 636/636/636 632/632/632 631/631/631 
f 635/635/635 632/632/632 636/636/636 
f 637/637/637 638/638/638 639/639/639 
f 637/637/637 639/639/639 640/640/640 
f 641/641/641 637/637/637 640/640/640 
f 638/638/638 642/642/642 643/643/643 
f 638/638/638 643/643/643 639/639/639 
f 639/639/639 644/644/644 645/645/645 
f 639/639/639 645/645/645 640/640/640 
f 643/643/643 644/644/644 639/639/639 
f 641/641/641 640/640/640 646/646/646 
f 640/640/640 645/645/645 647/647/647 
f 640/640/640 647/647/647 646/646/646 
f 648/648/648 641/641/641 646/646/646 
f 648/648/648 646/646/646 649/649/649 
f 646/646/646 647/647/647 650/650/650 
f 646/646/646 650/650/650 649/649/649 
f 647/647/647 651/651/651 652/652/652 
f 647/647/647 652/652/652 650/650/650 
f 645/645/645 651/651/651 647/647/647 
f 644/644/644 651/651/651 645/645/645 
f 644/644/644 652/652/652 651/651/651 
f 653/653/653 652/652/652 644/644/644 
f 643/643/643 653/653/653 644/644/644 
f 642/642/642 654/654/654 643/643/643 
f 654/654/654 653/653/653 643/643/643 
f 642/642/642 655/655/655 654/654/654 
f 655/655/655 656/656/656 654/654/654 
f 656/656/656 657/657/657 654/654/654 
f 654/654/654 657/657/657 653/653/653 
f 653/653/653 658/658/658 652/652/652 
f 657/657/657 658/658/658 653/653/653 
f 650/650/650 652/652/652 658/658/658 
f 650/650/650 658/658/658 659/659/659 
f 649/649/649 650/650/650 659/659/659 
f 657/657/657 660/660/660 658/658/658 
f 659/659/659 658/658/658 660/660/660 
f 661/661/661 660/660/660 657/657/657 
f 656/656/656 661/661/661 657/657/657 
f 662/662/662 663/663/663 656/656/656 
f 655/655/655 662/662/662 656/656/656 
f 663/663/663 661/661/661 656/656/656 
f 664/664/664 665/665/665 661/661/661 
f 661/661/661 665/665/665 660/660/660 
f 663/663/663 664/664/664 661/661/661 
f 666/666/666 660/660/660 665/665/665 
f 659/659/659 660/660/660 666/666/666 
f 649/649/649 659/659/659 667/667/667 
f 667/667/667 659/659/659 666/666/666 
f 666/666/666 665/665/665 668/668/668 
f 669/669/669 666/666/666 668/668/668 
f 667/667/667 666/666/666 669/669/669 
f 664/664/664 670/670/670 665/665/665 
f 668/668/668 665/665/665 670/670/670 
f 671/671/671 670/670/670 664/664/664 
f 664/664/664 663/663/663 672/672/672 
f 664/664/664 672/672/672 671/671/671 
f 668/668/668 670/670/670 671/671/671 
f 673/673/673 668/668/668 671/671/671 
f 669/669/669 668/668/668 673/673/673 
f 674/674/674 675/675/675 669/669/669 
f 674/674/674 669/669/669 673/673/673 
f 675/675/675 667/667/667 669/669/669 
f 676/676/676 649/649/649 667/667/667 
f 675/675/675 676/676/676 667/667/667 
f 676/676/676 648/648/648 649/649/649 
f 677/677/677 674/674/674 673/673/673 
f 677/677/677 673/673/673 672/672/672 
f 673/673/673 671/671/671 672/672/672 
f 663/663/663 677/677/677 672/672/672 
f 663/663/663 678/678/678 677/677/677 
f 662/662/662 678/678/678 663/663/663 
f 679/679/679 680/680/680 681/681/681 
f 682/682/682 683/683/683 684/684/684 
f 682/682/682 684/684/684 685/685/685 
f 686/686/686 683/683/683 682/682/682 
f 682/682/682 687/687/687 688/688/688 
f 682/682/682 688/688/688 686/686/686 
f 689/689/689 687/687/687 682/682/682 
f 689/689/689 682/682/682 685/685/685 
f 686/686/686 690/690/690 683/683/683 
f 690/690/690 691/691/691 683/683/683 
f 691/691/691 684/684/684 683/683/683 
f 691/691/691 692/692/692 684/684/684 
f 684/684/684 692/692/692 693/693/693 
f 684/684/684 693/693/693 694/694/694 
f 685/685/685 684/684/684 694/694/694 
f 685/685/685 694/694/694 695/695/695 
f 695/695/695 689/689/689 685/685/685 
f 695/695/695 696/696/696 689/689/689 
f 692/692/692 697/697/697 693/693/693 
f 698/698/698 692/692/692 691/691/691 
f 692/692/692 698/698/698 697/697/697 
f 690/690/690 699/699/699 691/691/691 
f 698/698/698 691/691/691 700/700/700 
f 701/701/701 700/700/700 691/691/691 
f 701/701/701 691/691/691 699/699/699 
f 702/702/702 698/698/698 700/700/700 
f 702/702/702 697/697/697 698/698/698 
f 702/702/702 679/679/679 697/697/697 
f 702/702/702 703/703/703 704/704/704 
f 702/702/702 704/704/704 680/680/680 
f 702/702/702 700/700/700 703/703/703 
f 679/679/679 702/702/702 680/680/680 
f 701/701/701 703/703/703 700/700/700 
f 701/701/701 705/705/705 703/703/703 
f 706/706/706 701/701/701 699/699/699 
f 707/707/707 705/705/705 701/701/701 
f 707/707/707 701/701/701 706/706/706 
f 708/708/708 699/699/699 690/690/690 
f 706/706/706 699/699/699 708/708/708 
f 708/708/708 690/690/690 709/709/709 
f 709/709/709 690/690/690 686/686/686 
f 709/709/709 686/686/686 710/710/710 
f 688/688/688 710/710/710 686/686/686 
f 688/688/688 711/711/711 710/710/710 
f 712/712/712 705/705/705 707/707/707 
f 713/713/713 714/714/714 712/712/712 
f 712/712/712 714/714/714 705/705/705 
f 713/713/713 715/715/715 714/714/714 
f 716/716/716 715/715/715 713/713/713 
f 715/715/715 704/704/704 714/714/714 
f 705/705/705 714/714/714 704/704/704 
f 715/715/715 717/717/717 704/704/704 
f 718/718/718 717/717/717 715/715/715 
f 716/716/716 718/718/718 715/715/715 
f 719/719/719 718/718/718 716/716/716 
f 719/719/719 716/716/716 720/720/720 
f 721/721/721 718/718/718 719/719/719 
f 718/718/718 721/721/721 717/717/717 
f 721/721/721 722/722/722 717/717/717 
f 680/680/680 704/704/704 717/717/717 
f 680/680/680 717/717/717 722/722/722 
f 705/705/705 704/704/704 703/703/703 
f 721/721/721 723/723/723 722/722/722 
f 681/681/681 680/680/680 722/722/722 
f 681/681/681 722/722/722 724/724/724 
f 723/723/723 724/724/724 722/722/722 
f 721/721/721 719/719/719 725/725/725 
f 723/723/723 721/721/721 725/725/725 
f 725/725/725 719/719/719 726/726/726 
f 726/726/726 719/719/719 720/720/720 
f 726/726/726 720/720/720 727/727/727 
f 725/725/725 726/726/726 728/728/728 
f 726/726/726 727/727/727 729/729/729 
f 726/726/726 729/729/729 730/730/730 
f 728/728/728 726/726/726 730/730/730 
f 723/723/723 725/725/725 731/731/731 
f 732/732/732 731/731/731 725/725/725 
f 732/732/732 725/725/725 728/728/728 
f 733/733/733 723/723/723 731/731/731 
f 723/723/723 733/733/733 724/724/724 
f 734/734/734 731/731/731 732/732/732 
f 733/733/733 731/731/731 734/734/734 
f 735/735/735 732/732/732 728/728/728 
f 736/736/736 737/737/737 732/732/732 
f 736/736/736 732/732/732 735/735/735 
f 734/734/734 732/732/732 737/737/737 
f 728/728/728 730/730/730 738/738/738 
f 735/735/735 728/728/728 738/738/738 
f 735/735/735 738/738/738 739/739/739 
f 735/735/735 739/739/739 740/740/740 
f 741/741/741 736/736/736 735/735/735 
f 741/741/741 735/735/735 740/740/740 
f 739/739/739 738/738/738 730/730/730 
f 739/739/739 730/730/730 742/742/742 
f 730/730/730 743/743/743 742/742/742 
f 730/730/730 729/729/729 743/743/743 

g R6Builderman5

v -17.2905 0.536764 18.0797 
v -17.1459 0.536601 17.9124 
v -17.1441 0.489216 17.9381 
v -17.2828 0.488986 18.1017 
v -17.2904 0.537186 18.5123 
v -17.0093 0.536563 17.8737 
v -17.009 0.489319 17.891 
v -17.1349 0.440637 18.0004 
v -17.262 0.43992 18.1451 
v -17.2827 0.488984 18.4946 
v -17.2617 0.439351 18.4573 
v -17.1421 0.537365 18.6956 
v -17.141 0.488766 18.6664 
v -17.1327 0.43864 18.6005 
v -17.2412 0.393065 18.3054 
v -17.115 0.3668 18.3054 
v -17.0061 0.44091 17.9476 
v -16.8677 0.489319 17.891 
v -16.8674 0.536563 17.8737 
v -16.7198 0.489216 17.9381 
v -16.8704 0.44091 17.9476 
v -16.9982 0.353171 18.3055 
v -17.0048 0.438313 18.6682 
v -16.8776 0.353171 18.3055 
v -16.7293 0.440637 18.0004 
v -16.7179 0.536601 17.9124 
v -16.5875 0.488986 18.1017 
v -16.6083 0.43992 18.1451 
v -16.7497 0.3668 18.3054 
v -16.8715 0.438313 18.6682 
v -17.0073 0.488651 18.7328 
v -16.7316 0.43864 18.6005 
v -16.8693 0.488651 18.7328 
v -16.6292 0.393065 18.3054 
v -16.6086 0.439351 18.4573 
v -16.5877 0.488984 18.4946 
v -16.5799 0.536764 18.0797 
v -16.5799 0.537186 18.5123 
v -16.723 0.488766 18.6664 
v -16.7219 0.537365 18.6956 
v -16.8693 0.537424 18.7557 
v -17.0073 0.537424 18.7557 
v -17.131 1.11039 17.9387 
v -17.257 1.11039 18.1079 
v -17.2224 1.15613 18.1471 
v -17.1206 1.15595 17.9866 
v -17.0035 1.11039 17.9083 
v -17.257 1.11039 18.4287 
v -17.2223 1.15621 18.3858 
v -17.1859 1.20632 18.2079 
v -17.1048 1.20601 18.0644 
v -17 1.1559 17.9554 
v -16.9945 1.20592 18.0385 
v -16.8731 1.11039 17.9083 
v -16.8762 1.1559 17.9554 
v -16.8811 1.20592 18.0385 
v -16.9886 1.25728 18.2634 
v -16.8865 1.25728 18.2634 
v -17.0884 1.24206 18.2634 
v -17.1608 1.21986 18.2632 
v -17.1858 1.20645 18.3214 
v -17.1003 1.20675 18.4614 
v -16.9927 1.20683 18.4796 
v -16.8827 1.20683 18.4796 
v -16.7651 1.20675 18.4614 
v -16.7774 1.24206 18.2634 
v -16.7605 1.20601 18.0644 
v -16.6845 1.20645 18.3214 
v -16.7096 1.21986 18.2632 
v -16.648 1.15621 18.3858 
v -16.7516 1.15638 18.5401 
v -16.8785 1.15642 18.5611 
v -16.9972 1.15642 18.5611 
v -16.8764 1.11039 18.608 
v -16.9995 1.11039 18.608 
v -16.7449 1.11039 18.5892 
v -16.6134 1.11039 18.4287 
v -16.648 1.15613 18.1471 
v -16.6845 1.20632 18.2079 
v -16.7443 1.15595 17.9866 
v -16.6134 1.11039 18.1079 
v -16.7337 1.11039 17.9387 
v -17.1198 1.11039 18.5892 
v -17.1133 1.15638 18.5401 
v -17.2523 1.01895 18.4287 
v -17.2904 0.537186 18.5123 
v -17.1421 0.537365 18.6956 
v -17.1171 1.01895 18.6 
v -17.2523 1.01895 18.1146 
v -17.257 1.11039 18.4287 
v -17.2905 0.536764 18.0797 
v -17.1171 1.01895 17.9583 
v -17.257 1.11039 18.1079 
v -17.1198 1.11039 18.5892 
v -16.9986 1.01895 18.6354 
v -17.0073 0.537424 18.7557 
v -16.8693 0.537424 18.7557 
v -16.8773 1.01895 18.6354 
v -16.9995 1.11039 18.608 
v -16.7219 0.537365 18.6956 
v -16.7477 1.01895 18.6 
v -16.8764 1.11039 18.608 
v -16.7449 1.11039 18.5892 
v -17.131 1.11039 17.9387 
v -17.0035 1.11039 17.9083 
v -16.9986 1.01895 17.9346 
v -17.1459 0.536601 17.9124 
v -16.8731 1.11039 17.9083 
v -16.8773 1.01895 17.9346 
v -17.0093 0.536563 17.8737 
v -16.7477 1.01895 17.9583 
v -16.7337 1.11039 17.9387 
v -16.8674 0.536563 17.8737 
v -16.6134 1.11039 18.1079 
v -16.6181 1.01895 18.1146 
v -16.7179 0.536601 17.9124 
v -16.6134 1.11039 18.4287 
v -16.6181 1.01895 18.4287 
v -16.5799 0.536764 18.0797 
v -16.7449 1.11039 18.5892 
v -16.7477 1.01895 18.6 
v -16.7219 0.537365 18.6956 
v -16.5799 0.537186 18.5123 

vn -0.913386 -0.275591 -0.299213 
vn -0.519685 -0.401575 -0.755906 
vn -0.488189 -0.582677 -0.653543 
vn -0.889764 -0.401575 -0.23622 
vn -0.92126 -0.259843 0.291339 
vn -0.141732 -0.377953 -0.913386 
vn -0.125984 -0.614173 -0.779528 
vn -0.228346 -0.92126 -0.322835 
vn -0.551181 -0.811024 -0.204724 
vn -0.889764 -0.393701 0.244094 
vn -0.559055 -0.80315 0.212598 
vn -0.566929 -0.401575 0.716535 
vn -0.527559 -0.582677 0.622047 
vn -0.244094 -0.913386 0.322835 
vn -0.354331 -0.937008 0 
vn -0.15748 -0.984252 0 
vn -0.0629921 -0.944882 -0.330709 
vn 0.125984 -0.614173 -0.779528 
vn 0.133858 -0.377953 -0.913386 
vn 0.480315 -0.590551 -0.653543 
vn 0.0629921 -0.944882 -0.330709 
vn -0.0551181 -1 -0.00787402 
vn -0.0787402 -0.944882 0.322835 
vn 0.0472441 -1 -0.00787402 
vn 0.220472 -0.92126 -0.322835 
vn 0.503937 -0.401575 -0.76378 
vn 0.889764 -0.393701 -0.228346 
vn 0.559055 -0.80315 -0.19685 
vn 0.15748 -0.984252 0 
vn 0.0708661 -0.944882 0.322835 
vn -0.173228 -0.645669 0.740157 
vn 0.23622 -0.92126 0.314961 
vn 0.165354 -0.653543 0.740157 
vn 0.370079 -0.929134 0 
vn 0.566929 -0.795276 0.204724 
vn 0.889764 -0.385827 0.228346 
vn 0.92126 -0.267717 -0.291339 
vn 0.929134 -0.259843 0.275591 
vn 0.519685 -0.582677 0.622047 
vn 0.551181 -0.409449 0.724409 
vn 0.181102 -0.440945 0.874016 
vn -0.188976 -0.440945 0.874016 
vn -0.393701 0.732283 -0.559055 
vn -0.700787 0.669291 -0.244094 
vn -0.708661 0.685039 -0.188976 
vn -0.401575 0.771654 -0.488189 
vn -0.0787402 0.724409 -0.685039 
vn -0.685039 0.677165 0.267717 
vn -0.692913 0.692913 0.19685 
vn -0.566929 0.811024 -0.141732 
vn -0.275591 0.913386 -0.307087 
vn -0.0708661 0.80315 -0.598425 
vn -0.0472441 0.944882 -0.322835 
vn 0.0787402 0.724409 -0.685039 
vn 0.0708661 0.80315 -0.598425 
vn 0.0472441 0.944882 -0.322835 
vn -0.0472441 1 0 
vn 0.0393701 1 0 
vn -0.149606 0.992126 0 
vn -0.283465 0.96063 0 
vn -0.566929 0.811024 0.141732 
vn -0.267717 0.913386 0.314961 
vn -0.0393701 0.944882 0.322835 
vn 0.0393701 0.944882 0.322835 
vn 0.251969 0.913386 0.314961 
vn 0.141732 0.992126 0 
vn 0.267717 0.913386 -0.307087 
vn 0.574803 0.80315 0.133858 
vn 0.299213 0.952756 0 
vn 0.700787 0.685039 0.188976 
vn 0.370079 0.779528 0.503937 
vn 0.0472441 0.795276 0.606299 
vn -0.0472441 0.795276 0.606299 
vn 0.0551181 0.716535 0.692913 
vn -0.0551181 0.716535 0.692913 
vn 0.346457 0.732283 0.582677 
vn 0.685039 0.677165 0.259843 
vn 0.708661 0.677165 -0.181102 
vn 0.582677 0.80315 -0.133858 
vn 0.393701 0.779528 -0.488189 
vn 0.708661 0.669291 -0.23622 
vn 0.385827 0.732283 -0.566929 
vn -0.362205 0.732283 0.574803 
vn -0.377953 0.779528 0.503937 
vn -0.968504 0.0944882 0.228346 
vn -0.952756 0.11811 0.275591 
vn -0.622047 0.188976 0.76378 
vn -0.629921 0.173228 0.755906 
vn -0.968504 0.0629921 -0.244094 
vn -0.96063 -0.0314961 0.267717 
vn -0.96063 0.0944882 -0.259843 
vn -0.582677 0.0629921 -0.811024 
vn -0.952756 -0.102362 -0.267717 
vn -0.614173 0.0787402 0.787402 
vn -0.165354 0.23622 0.96063 
vn -0.173228 0.23622 0.96063 
vn 0.165354 0.23622 0.96063 
vn 0.165354 0.23622 0.96063 
vn -0.110236 0.244094 0.96063 
vn 0.614173 0.19685 0.76378 
vn 0.622047 0.181102 0.76378 
vn 0.102362 0.244094 0.968504 
vn 0.606299 0.0787402 0.795276 
vn -0.590551 -0.212598 -0.779528 
vn -0.102362 -0.267717 -0.96063 
vn -0.11811 0.0629921 -0.992126 
vn -0.582677 0.11811 -0.80315 
vn 0.102362 -0.267717 -0.96063 
vn 0.110236 0.0629921 -0.992126 
vn -0.11811 0.11811 -0.984252 
vn 0.574803 0.0629921 -0.811024 
vn 0.574803 -0.212598 -0.787402 
vn 0.110236 0.11811 -0.984252 
vn 0.96063 -0.102362 -0.259843 
vn 0.968504 0.0629921 -0.23622 
vn 0.574803 0.11811 -0.811024 
vn 0.968504 -0.0314961 0.259843 
vn 0.968504 0.0944882 0.220472 
vn 0.96063 0.0944882 -0.251969 
vn 0.606299 0.0787402 0.795276 
vn 0.622047 0.181102 0.76378 
vn 0.614173 0.19685 0.76378 
vn 0.96063 0.11811 0.259843 

vt 0.499644 0.178475 
vt 0.492726 0.178476 
vt 0.492358 0.171939 
vt 0.498812 0.169218 
vt 0.499643 0.124044 
vt 0.48619 0.178476 
vt 0.486075 0.172808 
vt 0.49193 0.164334 
vt 0.497844 0.158448 
vt 0.498805 0.134055 
vt 0.497831 0.145703 
vt 0.492543 0.124043 
vt 0.492212 0.131245 
vt 0.491827 0.139624 
vt 0.497285 0.152224 
vt 0.491248 0.152223 
vt 0.48594 0.166213 
vt 0.479504 0.172808 
vt 0.479399 0.178476 
vt 0.472624 0.171939 
vt 0.479627 0.166213 
vt 0.485655 0.152221 
vt 0.485881 0.137659 
vt 0.479887 0.152221 
vt 0.473065 0.164334 
vt 0.472245 0.178476 
vt 0.46647 0.169218 
vt 0.467438 0.158448 
vt 0.473768 0.152223 
vt 0.479681 0.137659 
vt 0.485994 0.130337 
vt 0.473171 0.139624 
vt 0.479577 0.130337 
vt 0.467998 0.152224 
vt 0.467452 0.145703 
vt 0.466478 0.134055 
vt 0.465639 0.178475 
vt 0.46564 0.124044 
vt 0.472774 0.131245 
vt 0.472433 0.124043 
vt 0.479488 0.124043 
vt 0.486092 0.124043 
vt 0.453661 0.123894 
vt 0.460314 0.12393 
vt 0.459062 0.137378 
vt 0.453486 0.132716 
vt 0.44693 0.123887 
vt 0.460314 0.178946 
vt 0.459059 0.16559 
vt 0.45816 0.147062 
vt 0.45336 0.139069 
vt 0.446875 0.131754 
vt 0.446835 0.137418 
vt 0.440041 0.123887 
vt 0.440089 0.131754 
vt 0.440124 0.137418 
vt 0.446736 0.151557 
vt 0.44021 0.151557 
vt 0.453112 0.151558 
vt 0.457741 0.151558 
vt 0.458156 0.155972 
vt 0.453093 0.163762 
vt 0.446727 0.165379 
vt 0.440214 0.165379 
vt 0.433253 0.163762 
vt 0.433237 0.151558 
vt 0.432986 0.139069 
vt 0.428487 0.155972 
vt 0.428902 0.151558 
vt 0.427584 0.16559 
vt 0.433261 0.170119 
vt 0.440216 0.171059 
vt 0.446723 0.171059 
vt 0.440218 0.178948 
vt 0.446718 0.178948 
vt 0.433273 0.178948 
vt 0.426329 0.178946 
vt 0.427582 0.137378 
vt 0.428483 0.147062 
vt 0.432858 0.132716 
vt 0.426329 0.12393 
vt 0.432681 0.123894 
vt 0.453068 0.178948 
vt 0.453082 0.170119 
vt 0.602269 0.259569 
vt 0.606831 0.187795 
vt 0.635067 0.187795 
vt 0.635067 0.259569 
vt 0.565826 0.259569 
vt 0.602157 0.271322 
vt 0.565826 0.187795 
vt 0.546545 0.259569 
vt 0.565826 0.271322 
vt 0.635067 0.271322 
vt 0.659759 0.259569 
vt 0.66049 0.187795 
vt 0.684765 0.187795 
vt 0.681198 0.259569 
vt 0.659139 0.271322 
vt 0.704679 0.187795 
vt 0.704679 0.259569 
vt 0.680955 0.271322 
vt 0.704679 0.271322 
vt 0.5472 0.271322 
vt 0.536558 0.271322 
vt 0.536584 0.259569 
vt 0.552064 0.187794 
vt 0.525449 0.271322 
vt 0.526258 0.259569 
vt 0.536856 0.187794 
vt 0.513437 0.259569 
vt 0.512805 0.271322 
vt 0.521553 0.187794 
vt 0.496043 0.271322 
vt 0.496043 0.259569 
vt 0.506838 0.187794 
vt 0.455885 0.271322 
vt 0.455856 0.259569 
vt 0.496043 0.187795 
vt 0.427002 0.271322 
vt 0.427002 0.259569 
vt 0.427002 0.187795 
vt 0.451631 0.187795 

usemtl R6Builderman1Mtl

f 744/744/744 745/745/745 746/746/746 
f 744/744/744 746/746/746 747/747/747 
f 748/748/748 744/744/744 747/747/747 
f 745/745/745 749/749/749 750/750/750 
f 745/745/745 750/750/750 746/746/746 
f 746/746/746 751/751/751 752/752/752 
f 746/746/746 752/752/752 747/747/747 
f 750/750/750 751/751/751 746/746/746 
f 748/748/748 747/747/747 753/753/753 
f 747/747/747 752/752/752 754/754/754 
f 747/747/747 754/754/754 753/753/753 
f 755/755/755 748/748/748 753/753/753 
f 755/755/755 753/753/753 756/756/756 
f 753/753/753 754/754/754 757/757/757 
f 753/753/753 757/757/757 756/756/756 
f 754/754/754 758/758/758 759/759/759 
f 754/754/754 759/759/759 757/757/757 
f 752/752/752 758/758/758 754/754/754 
f 751/751/751 758/758/758 752/752/752 
f 751/751/751 759/759/759 758/758/758 
f 760/760/760 759/759/759 751/751/751 
f 750/750/750 760/760/760 751/751/751 
f 749/749/749 761/761/761 750/750/750 
f 761/761/761 760/760/760 750/750/750 
f 749/749/749 762/762/762 761/761/761 
f 762/762/762 763/763/763 761/761/761 
f 763/763/763 764/764/764 761/761/761 
f 761/761/761 764/764/764 760/760/760 
f 760/760/760 765/765/765 759/759/759 
f 764/764/764 765/765/765 760/760/760 
f 757/757/757 759/759/759 765/765/765 
f 757/757/757 765/765/765 766/766/766 
f 756/756/756 757/757/757 766/766/766 
f 766/766/766 765/765/765 767/767/767 
f 764/764/764 767/767/767 765/765/765 
f 768/768/768 767/767/767 764/764/764 
f 763/763/763 768/768/768 764/764/764 
f 769/769/769 770/770/770 763/763/763 
f 762/762/762 769/769/769 763/763/763 
f 770/770/770 768/768/768 763/763/763 
f 771/771/771 772/772/772 768/768/768 
f 768/768/768 772/772/772 767/767/767 
f 770/770/770 771/771/771 768/768/768 
f 773/773/773 767/767/767 772/772/772 
f 766/766/766 767/767/767 773/773/773 
f 756/756/756 766/766/766 774/774/774 
f 774/774/774 766/766/766 773/773/773 
f 773/773/773 772/772/772 775/775/775 
f 776/776/776 773/773/773 775/775/775 
f 774/774/774 773/773/773 776/776/776 
f 771/771/771 777/777/777 772/772/772 
f 775/775/775 772/772/772 777/777/777 
f 778/778/778 777/777/777 771/771/771 
f 779/779/779 778/778/778 771/771/771 
f 779/779/779 771/771/771 770/770/770 
f 780/780/780 779/779/779 770/770/770 
f 769/769/769 780/780/780 770/770/770 
f 780/780/780 781/781/781 779/779/779 
f 781/781/781 782/782/782 779/779/779 
f 782/782/782 778/778/778 779/779/779 
f 775/775/775 777/777/777 778/778/778 
f 782/782/782 775/775/775 778/778/778 
f 776/776/776 775/775/775 782/782/782 
f 783/783/783 784/784/784 776/776/776 
f 783/783/783 776/776/776 782/782/782 
f 784/784/784 774/774/774 776/776/776 
f 785/785/785 756/756/756 774/774/774 
f 784/784/784 785/785/785 774/774/774 
f 785/785/785 755/755/755 756/756/756 
f 781/781/781 783/783/783 782/782/782 
f 786/786/786 787/787/787 788/788/788 
f 786/786/786 788/788/788 789/789/789 
f 790/790/790 786/786/786 789/789/789 
f 787/787/787 791/791/791 792/792/792 
f 787/787/787 792/792/792 788/788/788 
f 788/788/788 793/793/793 794/794/794 
f 788/788/788 794/794/794 789/789/789 
f 792/792/792 793/793/793 788/788/788 
f 790/790/790 789/789/789 795/795/795 
f 789/789/789 794/794/794 796/796/796 
f 789/789/789 796/796/796 795/795/795 
f 797/797/797 790/790/790 795/795/795 
f 797/797/797 795/795/795 798/798/798 
f 795/795/795 796/796/796 799/799/799 
f 795/795/795 799/799/799 798/798/798 
f 794/794/794 800/800/800 796/796/796 
f 796/796/796 800/800/800 801/801/801 
f 796/796/796 801/801/801 799/799/799 
f 793/793/793 802/802/802 794/794/794 
f 794/794/794 802/802/802 800/800/800 
f 793/793/793 803/803/803 802/802/802 
f 804/804/804 803/803/803 793/793/793 
f 792/792/792 804/804/804 793/793/793 
f 805/805/805 802/802/802 803/803/803 
f 806/806/806 800/800/800 802/802/802 
f 806/806/806 802/802/802 805/805/805 
f 807/807/807 801/801/801 800/800/800 
f 807/807/807 800/800/800 806/806/806 
f 808/808/808 809/809/809 801/801/801 
f 808/808/808 801/801/801 807/807/807 
f 799/799/799 801/801/801 809/809/809 
f 799/799/799 809/809/809 810/810/810 
f 798/798/798 799/799/799 810/810/810 
f 811/811/811 812/812/812 809/809/809 
f 811/811/811 809/809/809 808/808/808 
f 810/810/810 809/809/809 812/812/812 
f 813/813/813 811/811/811 808/808/808 
f 813/813/813 808/808/808 814/814/814 
f 814/814/814 808/808/808 807/807/807 
f 814/814/814 807/807/807 815/815/815 
f 815/815/815 807/807/807 806/806/806 
f 816/816/816 806/806/806 805/805/805 
f 815/815/815 806/806/806 816/816/816 
f 817/817/817 814/814/814 815/815/815 
f 818/818/818 817/817/817 815/815/815 
f 818/818/818 815/815/815 816/816/816 
f 819/819/819 813/813/813 814/814/814 
f 817/817/817 819/819/819 814/814/814 
f 819/819/819 820/820/820 813/813/813 
f 820/820/820 821/821/821 813/813/813 
f 821/821/821 811/811/811 813/813/813 
f 822/822/822 812/812/812 811/811/811 
f 821/821/821 822/822/822 811/811/811 
f 810/810/810 812/812/812 822/822/822 
f 823/823/823 810/810/810 822/822/822 
f 823/823/823 822/822/822 821/821/821 
f 798/798/798 810/810/810 823/823/823 
f 824/824/824 825/825/825 823/823/823 
f 824/824/824 823/823/823 821/821/821 
f 825/825/825 798/798/798 823/823/823 
f 820/820/820 824/824/824 821/821/821 
f 825/825/825 797/797/797 798/798/798 
f 826/826/826 818/818/818 816/816/816 
f 826/826/826 816/816/816 827/827/827 
f 816/816/816 805/805/805 827/827/827 
f 791/791/791 826/826/826 827/827/827 
f 791/791/791 827/827/827 792/792/792 
f 827/827/827 805/805/805 804/804/804 
f 827/827/827 804/804/804 792/792/792 
f 805/805/805 803/803/803 804/804/804 
f 828/828/828 829/829/829 830/830/830 
f 828/828/828 830/830/830 831/831/831 
f 832/832/832 828/828/828 833/833/833 
f 833/833/833 828/828/828 831/831/831 
f 829/829/829 828/828/828 832/832/832 
f 829/829/829 832/832/832 834/834/834 
f 835/835/835 832/832/832 836/836/836 
f 832/832/832 833/833/833 836/836/836 
f 834/834/834 832/832/832 835/835/835 
f 833/833/833 831/831/831 837/837/837 
f 838/838/838 831/831/831 830/830/830 
f 837/837/837 831/831/831 838/838/838 
f 838/838/838 830/830/830 839/839/839 
f 838/838/838 839/839/839 840/840/840 
f 838/838/838 840/840/840 841/841/841 
f 837/837/837 838/838/838 842/842/842 
f 842/842/842 838/838/838 841/841/841 
f 841/841/841 840/840/840 843/843/843 
f 841/841/841 843/843/843 844/844/844 
f 845/845/845 841/841/841 844/844/844 
f 842/842/842 841/841/841 845/845/845 
f 845/845/845 844/844/844 846/846/846 
f 835/835/835 836/836/836 847/847/847 
f 835/835/835 847/847/847 848/848/848 
f 835/835/835 848/848/848 849/849/849 
f 834/834/834 835/835/835 850/850/850 
f 850/850/850 835/835/835 849/849/849 
f 849/849/849 848/848/848 851/851/851 
f 849/849/849 851/851/851 852/852/852 
f 850/850/850 849/849/849 853/853/853 
f 853/853/853 849/849/849 852/852/852 
f 854/854/854 852/852/852 851/851/851 
f 854/854/854 851/851/851 855/855/855 
f 856/856/856 852/852/852 854/854/854 
f 853/853/853 852/852/852 856/856/856 
f 854/854/854 855/855/855 857/857/857 
f 854/854/854 857/857/857 858/858/858 
f 859/859/859 854/854/854 858/858/858 
f 856/856/856 854/854/854 859/859/859 
f 858/858/858 857/857/857 860/860/860 
f 858/858/858 860/860/860 861/861/861 
f 862/862/862 858/858/858 861/861/861 
f 859/859/859 858/858/858 862/862/862 
f 863/863/863 861/861/861 860/860/860 
f 861/861/861 864/864/864 865/865/865 
f 861/861/861 865/865/865 866/866/866 
f 863/863/863 864/864/864 861/861/861 
f 862/862/862 861/861/861 866/866/866 

g R6Builderman6

v -17.1486 0.412226 18.7192 
v -17.1683 0.0888622 18.7497 
v -17.0164 0.088862 18.8162 
v -17.0095 0.412226 18.7857 
v -17.1421 0.537365 18.6943 
v -16.8609 0.0888622 18.8162 
v -16.8672 0.412226 18.7857 
v -17.0073 0.537424 18.7544 
v -16.6948 0.088862 18.7497 
v -16.7151 0.412226 18.7192 
v -16.8693 0.537424 18.7544 
v -16.7218 0.537365 18.6943 
v -17.3308 0.0888622 18.5783 
v -17.3308 0.0888622 18.0547 
v -17.1683 0.088862 18.0547 
v -17.1683 0.0888622 18.7497 
v -17.2938 0.0888622 17.7938 
v -17.1683 0.0888622 17.6601 
v -17.0164 0.0888622 18.0547 
v -17.0164 0.088862 18.8162 
v -17.0164 0.0888622 17.6216 
v -16.8609 0.088862 17.6216 
v -16.8609 0.088862 18.0547 
v -16.8609 0.0888622 18.8162 
v -16.6948 0.0888618 17.6601 
v -16.6948 0.0888618 18.0547 
v -16.6948 0.088862 18.7497 
v -16.5766 0.0888618 17.7938 
v -16.5395 0.0888618 18.0547 
v -16.5395 0.0888618 18.5783 
v -17.1459 0.536601 17.9111 
v -17.2905 0.536764 18.0784 
v -17.2313 0.53653 18.1847 
v -17.1097 0.536731 18.0682 
v -17.0093 0.536563 17.8725 
v -17.2904 0.537186 18.511 
v -17.2301 0.53654 18.4027 
v -17.212 0.536571 18.3043 
v -17.0979 0.536846 18.3019 
v -16.9964 0.536766 18.0516 
v -16.9922 0.53688 18.3019 
v -16.8674 0.536563 17.8725 
v -16.8792 0.536766 18.0516 
v -16.8831 0.536881 18.3019 
v -16.9956 0.536778 18.55 
v -16.8799 0.536778 18.55 
v -17.1081 0.536743 18.5258 
v -17.1421 0.537365 18.6943 
v -17.0073 0.537424 18.7544 
v -16.8693 0.537424 18.7544 
v -16.7569 0.536743 18.5258 
v -16.7674 0.536846 18.3019 
v -16.7179 0.5366 17.9111 
v -16.7552 0.536731 18.0682 
v -16.6402 0.53654 18.4027 
v -16.6583 0.53657 18.3043 
v -16.7218 0.537365 18.6943 
v -16.5799 0.537186 18.511 
v -16.639 0.53653 18.1847 
v -16.5799 0.536764 18.0784 
v -17.1683 0.0888622 17.6601 
v -17.2938 0.0888622 17.7938 
v -17.2788 0.270407 17.7938 
v -17.1585 0.35891 17.6601 
v -17.0164 0.0888622 17.6216 
v -17.3308 0.0888622 18.0547 
v -17.3073 0.325017 18.0631 
v -17.1486 0.491478 17.9068 
v -17.0095 0.527094 17.8713 
v -17.013 0.394525 17.6216 
v -16.8641 0.394525 17.6216 
v -16.8609 0.088862 17.6216 
v -17.1459 0.536601 17.9111 
v -17.0093 0.536563 17.8725 
v -16.8672 0.527094 17.8713 
v -17.2905 0.536764 18.0784 
v -17.3073 0.325017 18.5478 
v -17.2904 0.537186 18.511 
v -17.3308 0.0888622 18.5783 
v -17.1683 0.0888622 18.7497 
v -17.1486 0.412226 18.7192 
v -17.1421 0.537365 18.6943 
v -16.8674 0.536563 17.8725 
v -16.7179 0.5366 17.9111 
v -16.7151 0.491478 17.9068 
v -16.7049 0.35891 17.6601 
v -16.5799 0.536764 18.0784 
v -16.5631 0.325017 18.0631 
v -16.5916 0.270407 17.7938 
v -16.6948 0.0888618 17.6601 
v -16.5395 0.0888618 18.0547 
v -16.5766 0.0888618 17.7938 
v -16.5631 0.325017 18.5478 
v -16.5799 0.537186 18.511 
v -16.5395 0.0888618 18.5783 
v -16.7151 0.412226 18.7192 
v -16.6948 0.088862 18.7497 
v -16.7218 0.537365 18.6943 

vn -0.622047 0.141732 0.771654 
vn -0.606299 0.11811 0.787402 
vn -0.220472 0.102362 0.968504 
vn -0.220472 0.133858 0.968504 
vn -0.669291 0.181102 0.716535 
vn 0.212598 0.102362 0.976378 
vn 0.204724 0.133858 0.968504 
vn -0.220472 0.228346 0.944882 
vn 0.598425 0.11811 0.795276 
vn 0.614173 0.141732 0.779528 
vn 0.212598 0.228346 0.952756 
vn 0.669291 0.188976 0.716535 
vn 0 -1 0 
vn 0 -1 0 
vn 0 -1 0 
vn 0 -1 0 
vn 0 -1 0 
vn 0 -1 0 
vn 0 -1 0 
vn 0 -1 0 
vn 0 -1 0 
vn 0 -1 0 
vn 0 -1 0 
vn 0 -1 0 
vn 0 -1 0 
vn 0 -1 0 
vn 0 -1 0 
vn 0 -1 0 
vn 0 -1 0 
vn 0 -1 0 
vn 0 1 0 
vn 0 1 0 
vn 0 1 0 
vn 0 1 0 
vn 0 1 0 
vn 0 1 0 
vn 0 1 0 
vn 0 1 0 
vn 0 1 0 
vn 0 1 0 
vn 0 1 0 
vn 0 1 0 
vn 0 1 0 
vn 0 1 0 
vn 0 1 0 
vn 0 1 0 
vn 0 1 0 
vn 0 1 0 
vn 0 1 0 
vn 0 1 0 
vn 0 1 0 
vn 0 1 0 
vn 0 1 0 
vn 0 1 0 
vn 0 1 0 
vn 0 1 0 
vn 0 1 0 
vn 0 1 0 
vn 0 1 0 
vn 0 1 0 
vn -0.511811 0.023622 -0.858268 
vn -0.929134 0.0787402 -0.370079 
vn -0.889764 0.307087 -0.338583 
vn -0.574803 0.448819 -0.685039 
vn -0.125984 0 -0.992126 
vn -0.992126 0.0944882 -0.0393701 
vn -0.984252 0.15748 -0.0866142 
vn -0.692913 0.559055 -0.456693 
vn -0.181102 0.84252 -0.503937 
vn -0.15748 0.496063 -0.850394 
vn 0.149606 0.496063 -0.850394 
vn 0.11811 0 -0.992126 
vn -0.708661 0.110236 -0.700787 
vn -0.204724 0.11811 -0.976378 
vn 0.173228 0.84252 -0.503937 
vn -0.984252 0.0866142 -0.149606 
vn -0.968504 0.11811 0.23622 
vn -0.976378 0.110236 0.173228 
vn -0.952756 0.11811 0.267717 
vn -0.606299 0.11811 0.787402 
vn -0.622047 0.141732 0.771654 
vn -0.669291 0.181102 0.716535 
vn 0.188976 0.11811 -0.976378 
vn 0.716535 0.110236 -0.692913 
vn 0.692913 0.566929 -0.448819 
vn 0.559055 0.448819 -0.692913 
vn 0.984252 0.0866142 -0.141732 
vn 0.984252 0.15748 -0.0866142 
vn 0.897638 0.291339 -0.330709 
vn 0.503937 0.023622 -0.866142 
vn 0.992126 0.0944882 -0.0393701 
vn 0.929134 0.0787402 -0.354331 
vn 0.968504 0.110236 0.228346 
vn 0.984252 0.102362 0.165354 
vn 0.96063 0.11811 0.259843 
vn 0.614173 0.141732 0.779528 
vn 0.598425 0.11811 0.795276 
vn 0.669291 0.188976 0.716535 

vt 0.426705 0.0750126 
vt 0.426705 0.0537522 
vt 0.452176 0.0537522 
vt 0.452013 0.0750126 
vt 0.426705 0.0802208 
vt 0.479569 0.0537522 
vt 0.476727 0.0750126 
vt 0.451825 0.0802237 
vt 0.495487 0.0537522 
vt 0.495487 0.0750126 
vt 0.475811 0.0802237 
vt 0.495487 0.0802208 
vt 0.708968 0.00408161 
vt 0.708968 0.0747928 
vt 0.694968 0.0748448 
vt 0.694761 0.00408161 
vt 0.708968 0.115359 
vt 0.695086 0.115359 
vt 0.681881 0.0748932 
vt 0.681655 0.00408161 
vt 0.682009 0.115359 
vt 0.668616 0.115359 
vt 0.668486 0.0749434 
vt 0.66826 0.00408161 
vt 0.654291 0.115359 
vt 0.654173 0.0749972 
vt 0.653967 0.00408161 
vt 0.640639 0.115359 
vt 0.640639 0.0750474 
vt 0.640639 0.00408161 
vt 0.627921 0.02499 
vt 0.634777 0.024991 
vt 0.631972 0.0396688 
vt 0.626204 0.0361558 
vt 0.621444 0.0249897 
vt 0.634775 0.0800755 
vt 0.631913 0.0647303 
vt 0.631056 0.0524228 
vt 0.625643 0.0522773 
vt 0.62083 0.0356548 
vt 0.620629 0.0522776 
vt 0.614714 0.0249897 
vt 0.615274 0.0356548 
vt 0.615458 0.0522776 
vt 0.620795 0.0686255 
vt 0.615307 0.0686255 
vt 0.626127 0.0679849 
vt 0.62774 0.0800767 
vt 0.621346 0.0800771 
vt 0.614803 0.0800771 
vt 0.609473 0.0679849 
vt 0.609971 0.0522773 
vt 0.607625 0.02499 
vt 0.609394 0.0361558 
vt 0.603941 0.0647303 
vt 0.604798 0.0524228 
vt 0.607811 0.0800767 
vt 0.601079 0.0800755 
vt 0.603882 0.0396688 
vt 0.601078 0.024991 
vt 0.551878 0.0889464 
vt 0.565705 0.0889464 
vt 0.565705 0.09855 
vt 0.551878 0.102916 
vt 0.537737 0.0889464 
vt 0.572931 0.0889464 
vt 0.565826 0.104748 
vt 0.551879 0.110731 
vt 0.537737 0.110731 
vt 0.537737 0.102916 
vt 0.523245 0.102916 
vt 0.523245 0.0889464 
vt 0.551879 0.11545 
vt 0.537737 0.115449 
vt 0.523245 0.110731 
vt 0.565826 0.115456 
vt 0.608592 0.104748 
vt 0.608592 0.115456 
vt 0.608592 0.0889465 
vt 0.635067 0.0889465 
vt 0.635067 0.109774 
vt 0.635067 0.115456 
vt 0.523245 0.115449 
vt 0.508007 0.11545 
vt 0.508007 0.110731 
vt 0.508007 0.102916 
vt 0.496043 0.115456 
vt 0.496043 0.104748 
vt 0.496043 0.09855 
vt 0.508007 0.0889464 
vt 0.485917 0.0889464 
vt 0.496043 0.0889464 
vt 0.450037 0.104748 
vt 0.450037 0.115456 
vt 0.450037 0.0889464 
vt 0.427002 0.109774 
vt 0.427002 0.0889464 
vt 0.427002 0.115456 

usemtl R6Builderman1Mtl

f 867/867/867 868/868/868 869/869/869 
f 867/867/867 869/869/869 870/870/870 
f 871/871/871 867/867/867 870/870/870 
f 870/870/870 869/869/869 872/872/872 
f 870/870/870 872/872/872 873/873/873 
f 871/871/871 870/870/870 874/874/874 
f 874/874/874 870/870/870 873/873/873 
f 873/873/873 872/872/872 875/875/875 
f 873/873/873 875/875/875 876/876/876 
f 877/877/877 873/873/873 876/876/876 
f 874/874/874 873/873/873 877/877/877 
f 877/877/877 876/876/876 878/878/878 
f 879/879/879 880/880/880 881/881/881 
f 879/879/879 881/881/881 882/882/882 
f 881/881/881 880/880/880 883/883/883 
f 881/881/881 883/883/883 884/884/884 
f 885/885/885 881/881/881 884/884/884 
f 882/882/882 881/881/881 885/885/885 
f 882/882/882 885/885/885 886/886/886 
f 885/885/885 884/884/884 887/887/887 
f 885/885/885 887/887/887 888/888/888 
f 885/885/885 888/888/888 889/889/889 
f 886/886/886 885/885/885 889/889/889 
f 886/886/886 889/889/889 890/890/890 
f 889/889/889 888/888/888 891/891/891 
f 889/889/889 891/891/891 892/892/892 
f 893/893/893 890/890/890 889/889/889 
f 893/893/893 889/889/889 892/892/892 
f 892/892/892 891/891/891 894/894/894 
f 892/892/892 894/894/894 895/895/895 
f 896/896/896 893/893/893 892/892/892 
f 896/896/896 892/892/892 895/895/895 
f 897/897/897 898/898/898 899/899/899 
f 897/897/897 899/899/899 900/900/900 
f 901/901/901 897/897/897 900/900/900 
f 898/898/898 902/902/902 903/903/903 
f 898/898/898 903/903/903 904/904/904 
f 898/898/898 904/904/904 899/899/899 
f 899/899/899 904/904/904 905/905/905 
f 899/899/899 905/905/905 900/900/900 
f 901/901/901 900/900/900 906/906/906 
f 900/900/900 905/905/905 907/907/907 
f 900/900/900 907/907/907 906/906/906 
f 908/908/908 901/901/901 906/906/906 
f 908/908/908 906/906/906 909/909/909 
f 906/906/906 907/907/907 910/910/910 
f 906/906/906 910/910/910 909/909/909 
f 911/911/911 907/907/907 905/905/905 
f 912/912/912 910/910/910 907/907/907 
f 912/912/912 907/907/907 911/911/911 
f 913/913/913 905/905/905 904/904/904 
f 911/911/911 905/905/905 913/913/913 
f 913/913/913 904/904/904 903/903/903 
f 902/902/902 913/913/913 903/903/903 
f 902/902/902 914/914/914 913/913/913 
f 914/914/914 911/911/911 913/913/913 
f 914/914/914 915/915/915 911/911/911 
f 915/915/915 912/912/912 911/911/911 
f 916/916/916 917/917/917 912/912/912 
f 915/915/915 916/916/916 912/912/912 
f 917/917/917 910/910/910 912/912/912 
f 917/917/917 918/918/918 910/910/910 
f 909/909/909 910/910/910 918/918/918 
f 919/919/919 908/908/908 909/909/909 
f 919/919/919 909/909/909 920/920/920 
f 909/909/909 918/918/918 920/920/920 
f 921/921/921 922/922/922 918/918/918 
f 921/921/921 918/918/918 917/917/917 
f 920/920/920 918/918/918 922/922/922 
f 923/923/923 921/921/921 917/917/917 
f 916/916/916 923/923/923 917/917/917 
f 924/924/924 922/922/922 921/921/921 
f 923/923/923 924/924/924 921/921/921 
f 924/924/924 925/925/925 922/922/922 
f 920/920/920 922/922/922 925/925/925 
f 926/926/926 919/919/919 920/920/920 
f 926/926/926 920/920/920 925/925/925 
f 924/924/924 926/926/926 925/925/925 
f 927/927/927 928/928/928 929/929/929 
f 927/927/927 929/929/929 930/930/930 
f 931/931/931 927/927/927 930/930/930 
f 932/932/932 929/929/929 928/928/928 
f 932/932/932 933/933/933 929/929/929 
f 934/934/934 930/930/930 929/929/929 
f 934/934/934 929/929/929 933/933/933 
f 930/930/930 934/934/934 935/935/935 
f 930/930/930 935/935/935 936/936/936 
f 931/931/931 930/930/930 936/936/936 
f 931/931/931 936/936/936 937/937/937 
f 931/931/931 937/937/937 938/938/938 
f 935/935/935 937/937/937 936/936/936 
f 935/935/935 934/934/934 939/939/939 
f 935/935/935 939/939/939 940/940/940 
f 935/935/935 941/941/941 937/937/937 
f 941/941/941 935/935/935 940/940/940 
f 934/934/934 933/933/933 942/942/942 
f 934/934/934 942/942/942 939/939/939 
f 932/932/932 943/943/943 933/933/933 
f 933/933/933 943/943/943 944/944/944 
f 933/933/933 944/944/944 942/942/942 
f 932/932/932 945/945/945 943/943/943 
f 943/943/943 945/945/945 946/946/946 
f 943/943/943 946/946/946 947/947/947 
f 944/944/944 943/943/943 947/947/947 
f 944/944/944 947/947/947 948/948/948 
f 941/941/941 940/940/940 949/949/949 
f 941/941/941 949/949/949 950/950/950 
f 941/941/941 951/951/951 952/952/952 
f 941/941/941 952/952/952 937/937/937 
f 941/941/941 950/950/950 951/951/951 
f 951/951/951 950/950/950 953/953/953 
f 951/951/951 953/953/953 954/954/954 
f 951/951/951 954/954/954 955/955/955 
f 951/951/951 955/955/955 952/952/952 
f 956/956/956 952/952/952 955/955/955 
f 938/938/938 937/937/937 952/952/952 
f 938/938/938 952/952/952 956/956/956 
f 957/957/957 958/958/958 955/955/955 
f 957/957/957 955/955/955 954/954/954 
f 956/956/956 955/955/955 958/958/958 
f 957/957/957 954/954/954 959/959/959 
f 954/954/954 953/953/953 960/960/960 
f 954/954/954 960/960/960 959/959/959 
f 957/957/957 959/959/959 961/961/961 
f 959/959/959 962/962/962 963/963/963 
f 959/959/959 963/963/963 961/961/961 
f 964/964/964 962/962/962 959/959/959 
f 964/964/964 959/959/959 960/960/960 

g R6Builderman7

v -18.0759 2.67664 18.5226 
v -17.9957 2.64464 18.6154 
v -17.8705 2.68475 18.3562 
v -18.1255 2.68158 18.3483 
v -17.9261 2.62331 18.6485 
v -17.8204 2.59094 18.6198 
v -17.7412 2.56665 18.5606 
v -17.6646 2.54318 18.3483 
v -17.665 2.55943 18.2241 
v -17.8441 2.59573 18.1058 
v -17.9261 2.62331 18.0481 
v -18.0186 2.65164 18.0591 
v -18.0722 2.67629 18.1739 
v -17.6931 2.48423 18.5721 
v -17.6646 2.54318 18.3483 
v -17.7412 2.56665 18.5606 
v -17.6692 2.40899 18.5502 
v -17.6032 2.45516 18.3236 
v -17.665 2.55943 18.2241 
v -17.6109 2.46886 18.2009 
v -17.6109 2.46886 18.2009 
v -17.7971 2.41172 17.9909 
v -17.8441 2.59573 18.1058 
v -17.665 2.55943 18.2241 
v -17.6166 2.26235 18.0607 
v -17.6714 2.21257 18.0025 
v -18.1403 1.75519 18.0416 
v -18.0874 1.76008 18.0317 
v -18.0793 1.74592 18.257 
v -18.1194 1.74633 18.2557 
v -18.0393 1.79671 18.0675 
v -18.0564 1.75964 18.5363 
v -18.0503 1.78338 18.2589 
v -18.0227 1.8003 18.5194 
v -18.1016 1.75137 18.5478 
v -18.1209 2.35017 18.6982 
v -17.9957 2.64464 18.6154 
v -18.0759 2.67664 18.5226 
v -18.3053 2.33219 18.6094 
v -18.1744 2.12375 18.6729 
v -17.8946 2.40316 18.6982 
v -17.8816 2.29018 18.6993 
v -17.9261 2.62331 18.6485 
v -17.7721 2.44137 18.6509 
v -17.8204 2.59094 18.6198 
v -17.7496 2.35135 18.6438 
v -18.0522 2.11015 18.5822 
v -17.9126 2.18979 18.5761 
v -17.8258 2.24544 18.5446 
v -18.3508 2.04546 18.5979 
v -18.1448 1.86997 18.6056 
v -18.0507 1.90201 18.5454 
v -18.2803 1.84578 18.5725 
v -18.1016 1.75137 18.5478 
v -18.0564 1.75964 18.5363 
v -18.0227 1.8003 18.5194 
v -17.8855 2.34257 17.9615 
v -18.1685 2.31462 17.9517 
v -18.0186 2.65164 18.0591 
v -17.9261 2.62331 18.0481 
v -17.9052 2.20693 17.9652 
v -17.765 2.1852 17.9736 
v -17.7971 2.41172 17.9909 
v -18.2093 2.14197 17.9575 
v -18.3153 2.33315 18.0427 
v -18.0722 2.67629 18.1739 
v -17.9269 2.17105 18.0483 
v -18.0741 2.11879 18.0163 
v -18.3659 2.09261 18.0305 
v -18.1645 1.88848 17.989 
v -18.0692 1.91652 18.0389 
v -18.2993 1.88204 18.0441 
v -18.1403 1.75519 18.0416 
v -18.0874 1.76008 18.0317 
v -18.0393 1.79671 18.0675 
v -17.8441 2.59573 18.1058 
v -17.6714 2.21257 18.0025 
v -18.3267 2.31971 18.3265 
v -18.1255 2.68158 18.3483 
v -18.0722 2.67629 18.1739 
v -18.3153 2.33315 18.0427 
v -18.3053 2.33219 18.6094 
v -18.3659 2.09261 18.0305 
v -18.3648 2.05693 18.3167 
v -18.3508 2.04546 18.5979 
v -18.0759 2.67664 18.5226 
v -18.2803 1.84578 18.5725 
v -18.2993 1.88204 18.0441 
v -18.2989 1.86076 18.2858 
v -18.1016 1.75137 18.5478 
v -18.1194 1.74633 18.2557 
v -18.1403 1.75519 18.0416 
v -17.7721 2.44137 18.6509 
v -17.6931 2.48423 18.5721 
v -17.7412 2.56665 18.5606 
v -17.8204 2.59094 18.6198 
v -17.6692 2.40899 18.5502 
v -17.7496 2.35135 18.6438 
v -17.7287 2.31276 18.4255 
v -17.6032 2.45516 18.3236 
v -17.8258 2.24544 18.5446 
v -17.6988 2.31111 18.2977 
v -17.6109 2.46886 18.2009 
v -17.6706 2.26979 18.1975 
v -17.6166 2.26235 18.0607 
v -17.6605 2.23384 18.1574 
v -17.6166 2.26235 18.0607 
v -17.7068 2.18973 18.123 
v -17.6714 2.21257 18.0025 
v -17.7974 2.17072 18.0844 
v -17.765 2.1852 17.9736 
v -17.9269 2.17105 18.0483 
v -17.9052 2.20693 17.9652 
v -17.6706 2.26979 18.1975 
v -17.6988 2.31111 18.2977 
v -17.8103 2.22647 18.2597 
v -17.8068 2.22997 18.1549 
v -17.7068 2.18973 18.123 
v -17.6605 2.23384 18.1574 
v -17.7287 2.31276 18.4255 
v -17.8258 2.24544 18.5446 
v -17.9277 2.18358 18.264 
v -17.9269 2.17105 18.0483 
v -17.7974 2.17072 18.0844 
v -17.9126 2.18979 18.5761 
v -18.0522 2.11015 18.5822 
v -18.0789 2.12064 18.2723 
v -18.0741 2.11879 18.0163 
v -18.0507 1.90201 18.5454 
v -18.0849 1.90484 18.2666 
v -18.0692 1.91652 18.0389 
v -18.0227 1.8003 18.5194 
v -18.0503 1.78338 18.2589 
v -18.0393 1.79671 18.0675 

vn -0.692913 0.708661 0.133858 
vn 0.15748 0.96063 0.228346 
vn 0.299213 0.952756 -0.00787402 
vn -0.76378 0.645669 0.00787402 
vn 0.275591 0.929134 0.251969 
vn 0.385827 0.889764 0.244094 
vn 0.598425 0.779528 0.188976 
vn 0.748031 0.645669 0.15748 
vn 0.598425 0.685039 -0.409449 
vn 0.496063 0.724409 -0.480315 
vn 0.330709 0.913386 -0.244094 
vn 0.19685 0.96063 -0.204724 
vn -0.669291 0.732283 -0.11811 
vn 0.866142 0.425197 0.267717 
vn 0.748031 0.645669 0.15748 
vn 0.598425 0.779528 0.188976 
vn 0.88189 0.385827 0.275591 
vn 0.874016 0.456693 0.173228 
vn 0.598425 0.685039 -0.409449 
vn 0.645669 0.511811 -0.574803 
vn 0.645669 0.511811 -0.574803 
vn 0.574803 0.456693 -0.677165 
vn 0.496063 0.724409 -0.480315 
vn 0.598425 0.685039 -0.409449 
vn 0.598425 0.401575 -0.692913 
vn 0.598425 0.401575 -0.692913 
vn -0.19685 -0.692913 -0.692913 
vn 0.307087 -0.637795 -0.708661 
vn 0.448819 -0.897638 -0.023622 
vn 0.0708661 -1 -0.015748 
vn 0.724409 -0.440945 -0.527559 
vn 0.464567 -0.748031 0.472441 
vn 0.748031 -0.669291 -0.0393701 
vn 0.787402 -0.433071 0.440945 
vn 0.015748 -0.732283 0.677165 
vn -0.307087 0.204724 0.929134 
vn -0.362205 0.401575 0.84252 
vn -0.480315 0.464567 0.740157 
vn -0.456693 0.212598 0.866142 
vn -0.102362 -0.173228 0.976378 
vn 0.0472441 0.125984 0.992126 
vn 0.251969 -0.362205 0.897638 
vn -0.023622 0.275591 0.96063 
vn 0.456693 0.19685 0.866142 
vn 0.377953 0.299213 0.88189 
vn 0.677165 -0.472441 0.559055 
vn 0.496063 -0.511811 0.700787 
vn 0.440945 -0.732283 0.519685 
vn 0.629921 -0.716535 0.307087 
vn -0.322835 -0.133858 0.937008 
vn 0.11811 -0.251969 0.96063 
vn 0.566929 -0.125984 0.811024 
vn -0.220472 -0.267717 0.937008 
vn 0.015748 -0.732283 0.677165 
vn 0.464567 -0.748031 0.472441 
vn 0.787402 -0.433071 0.440945 
vn 0.0866142 0.188976 -0.976378 
vn -0.275591 0.275591 -0.92126 
vn -0.299213 0.448819 -0.84252 
vn 0.0708661 0.330709 -0.944882 
vn 0.0708661 -0.362205 -0.929134 
vn 0.23622 -0.488189 -0.84252 
vn 0.299213 0.299213 -0.905512 
vn -0.173228 -0.0629921 -0.984252 
vn -0.535433 0.377953 -0.755906 
vn -0.543307 0.543307 -0.645669 
vn 0.141732 -0.889764 -0.433071 
vn 0.377953 -0.456693 -0.80315 
vn -0.417323 -0.0629921 -0.905512 
vn -0.015748 -0.181102 -0.984252 
vn 0.456693 -0.0472441 -0.889764 
vn -0.354331 -0.212598 -0.913386 
vn -0.19685 -0.692913 -0.692913 
vn 0.307087 -0.637795 -0.708661 
vn 0.724409 -0.440945 -0.527559 
vn 0.330709 0.425197 -0.84252 
vn 0.472441 -0.559055 -0.685039 
vn -0.929134 0.370079 0.015748 
vn -0.76378 0.645669 0.00787402 
vn -0.669291 0.732283 -0.11811 
vn -0.92126 0.377953 -0.0629921 
vn -0.929134 0.362205 0.0944882 
vn -1 -0.015748 -0.015748 
vn -1 -0.0551181 0.023622 
vn -1 -0.0551181 0.0551181 
vn -0.692913 0.708661 0.133858 
vn -0.779528 -0.629921 0.0314961 
vn -0.834646 -0.551181 -0.0314961 
vn -0.795276 -0.606299 0 
vn -0.503937 -0.866142 0.015748 
vn -0.543307 -0.84252 0 
vn -0.582677 -0.811024 -0.023622 
vn 0.456693 0.19685 0.866142 
vn 0.645669 0.244094 0.724409 
vn 0.582677 0.377953 0.716535 
vn 0.377953 0.299213 0.88189 
vn 0.787402 -0.543307 0.291339 
vn 0.677165 -0.472441 0.559055 
vn 0.76378 -0.629921 0.15748 
vn 0.84252 -0.519685 0.141732 
vn 0.629921 -0.716535 0.307087 
vn 0.84252 -0.519685 0.133858 
vn 0.905512 -0.377953 0.19685 
vn 0.905512 -0.322835 0.275591 
vn 0.834646 -0.496063 0.251969 
vn 0.858268 -0.417323 0.291339 
vn 0.834646 -0.496063 0.251969 
vn 0.464567 -0.889764 -0.015748 
vn 0.472441 -0.559055 -0.685039 
vn 0.110236 -0.976378 -0.173228 
vn 0.23622 -0.488189 -0.84252 
vn 0.141732 -0.889764 -0.433071 
vn 0.0708661 -0.362205 -0.929134 
vn 0.283465 -0.874016 0.393701 
vn 0.543307 -0.826772 0.141732 
vn 0.456693 -0.88189 0.0866142 
vn 0.251969 -0.929134 0.275591 
vn -0.0551181 -0.716535 0.692913 
vn 0.00787402 -0.685039 0.732283 
vn 0.614173 -0.787402 0.110236 
vn 0.480315 -0.874016 0.0551181 
vn 0.409449 -0.913386 0.00787402 
vn 0.338583 -0.937008 0.0708661 
vn -0.149606 -0.76378 0.622047 
vn 0.440945 -0.897638 -0.00787402 
vn 0.866142 -0.496063 -0.0866142 
vn 0.88189 -0.472441 -0.0314961 
vn 0.88189 -0.464567 0.0472441 
vn 0.992126 0.0787402 -0.110236 
vn 0.992126 0.0944882 -0.0393701 
vn 0.992126 0.0708661 0.0551181 
vn 0.952756 0.283465 -0.11811 
vn 0.96063 0.275591 -0.023622 
vn 0.96063 0.259843 0.0787402 

vt 0.552174 0.52058 
vt 0.550385 0.522447 
vt 0.547589 0.51723 
vt 0.553282 0.51707 
vt 0.548831 0.523113 
vt 0.546472 0.522535 
vt 0.544703 0.521343 
vt 0.542993 0.51707 
vt 0.543004 0.514572 
vt 0.547 0.51219 
vt 0.548831 0.511027 
vt 0.550895 0.51125 
vt 0.552093 0.51356 
vt 0.574076 0.538052 
vt 0.577209 0.532454 
vt 0.576043 0.539331 
vt 0.572196 0.536794 
vt 0.575065 0.531226 
vt 0.57869 0.528775 
vt 0.576144 0.528175 
vt 0.578813 0.57839 
vt 0.572559 0.573011 
vt 0.578011 0.570549 
vt 0.580811 0.576932 
vt 0.571224 0.579483 
vt 0.56864 0.578327 
vt 0.543115 0.53828 
vt 0.544811 0.538426 
vt 0.544392 0.532202 
vt 0.543147 0.532319 
vt 0.546652 0.537348 
vt 0.54457 0.524477 
vt 0.545861 0.532077 
vt 0.546257 0.524843 
vt 0.543115 0.524246 
vt 0.568457 0.514695 
vt 0.578102 0.515483 
vt 0.578121 0.519461 
vt 0.565532 0.519464 
vt 0.562021 0.512908 
vt 0.572679 0.509859 
vt 0.569761 0.508464 
vt 0.578479 0.513019 
vt 0.575202 0.507016 
vt 0.578922 0.509461 
vt 0.572902 0.505553 
vt 0.562357 0.508676 
vt 0.565697 0.506502 
vt 0.568071 0.504392 
vt 0.557385 0.516881 
vt 0.555035 0.509963 
vt 0.556566 0.507098 
vt 0.552727 0.513203 
vt 0.551618 0.507723 
vt 0.552173 0.506513 
vt 0.553601 0.505661 
vt 0.569474 0.57154 
vt 0.565413 0.564951 
vt 0.57661 0.564379 
vt 0.576944 0.567423 
vt 0.565463 0.572525 
vt 0.566605 0.576241 
vt 0.572559 0.573011 
vt 0.560637 0.566118 
vt 0.564169 0.560441 
vt 0.577135 0.560379 
vt 0.562781 0.573365 
vt 0.560971 0.570164 
vt 0.557373 0.562206 
vt 0.554022 0.569095 
vt 0.555479 0.571733 
vt 0.552271 0.565564 
vt 0.550053 0.570632 
vt 0.550706 0.571969 
vt 0.552123 0.573376 
vt 0.578011 0.570549 
vt 0.56864 0.578327 
vt 0.557254 0.551612 
vt 0.544884 0.552065 
vt 0.54437 0.546404 
vt 0.55706 0.54399 
vt 0.556588 0.559203 
vt 0.564133 0.543852 
vt 0.564914 0.551544 
vt 0.56504 0.559087 
vt 0.544187 0.557669 
vt 0.571164 0.558601 
vt 0.570489 0.544406 
vt 0.570825 0.550903 
vt 0.577374 0.55813 
vt 0.577287 0.550225 
vt 0.576712 0.544433 
vt 0.571972 0.54062 
vt 0.574076 0.538052 
vt 0.576043 0.539331 
vt 0.576035 0.542489 
vt 0.572196 0.536794 
vt 0.569471 0.539345 
vt 0.569074 0.533339 
vt 0.575065 0.531226 
vt 0.565583 0.536619 
vt 0.569951 0.529726 
vt 0.576144 0.528175 
vt 0.569903 0.526474 
vt 0.571833 0.522728 
vt 0.569533 0.524924 
vt 0.570854 0.522154 
vt 0.567633 0.524044 
vt 0.568242 0.52077 
vt 0.564856 0.523534 
vt 0.565158 0.520473 
vt 0.560829 0.523462 
vt 0.560822 0.520939 
vt 0.569903 0.526474 
vt 0.569951 0.529726 
vt 0.565436 0.528778 
vt 0.565235 0.525996 
vt 0.567633 0.524044 
vt 0.569533 0.524924 
vt 0.569074 0.533339 
vt 0.565583 0.536619 
vt 0.561621 0.529231 
vt 0.560829 0.523462 
vt 0.564856 0.523534 
vt 0.562512 0.537602 
vt 0.558465 0.537932 
vt 0.557515 0.529713 
vt 0.556763 0.52295 
vt 0.55241 0.537635 
vt 0.551519 0.530167 
vt 0.551069 0.524063 
vt 0.549106 0.537345 
vt 0.547714 0.530369 
vt 0.547398 0.525179 

usemtl R6Builderman1Mtl

f 965/965/965 966/966/966 967/967/967 
f 968/968/968 965/965/965 967/967/967 
f 966/966/966 969/969/969 967/967/967 
f 969/969/969 970/970/970 967/967/967 
f 970/970/970 971/971/971 967/967/967 
f 971/971/971 972/972/972 967/967/967 
f 972/972/972 973/973/973 967/967/967 
f 973/973/973 974/974/974 967/967/967 
f 975/975/975 976/976/976 967/967/967 
f 977/977/977 968/968/968 967/967/967 
f 974/974/974 975/975/975 967/967/967 
f 976/976/976 977/977/977 967/967/967 
f 978/978/978 979/979/979 980/980/980 
f 981/981/981 979/979/979 978/978/978 
f 982/982/982 983/983/983 979/979/979 
f 981/981/981 982/982/982 979/979/979 
f 982/982/982 984/984/984 983/983/983 
f 985/985/985 986/986/986 987/987/987 
f 985/985/985 987/987/987 988/988/988 
f 986/986/986 985/985/985 989/989/989 
f 986/986/986 989/989/989 990/990/990 
f 991/991/991 992/992/992 993/993/993 
f 991/991/991 993/993/993 994/994/994 
f 993/993/993 992/992/992 995/995/995 
f 994/994/994 993/993/993 996/996/996 
f 993/993/993 995/995/995 997/997/997 
f 993/993/993 997/997/997 998/998/998 
f 993/993/993 998/998/998 996/996/996 
f 994/994/994 996/996/996 999/999/999 
f 1000/1000/1000 1001/1001/1001 1002/1002/1002 
f 1000/1000/1000 1002/1002/1002 1003/1003/1003 
f 1003/1003/1003 1004/1004/1004 1000/1000/1000 
f 1005/1005/1005 1001/1001/1001 1000/1000/1000 
f 1006/1006/1006 1005/1005/1005 1000/1000/1000 
f 1006/1006/1006 1000/1000/1000 1004/1004/1004 
f 1005/1005/1005 1007/1007/1007 1001/1001/1001 
f 1005/1005/1005 1008/1008/1008 1009/1009/1009 
f 1005/1005/1005 1009/1009/1009 1007/1007/1007 
f 1010/1010/1010 1008/1008/1008 1005/1005/1005 
f 1010/1010/1010 1005/1005/1005 1006/1006/1006 
f 1011/1011/1011 1012/1012/1012 1006/1006/1006 
f 1011/1011/1011 1006/1006/1006 1004/1004/1004 
f 1013/1013/1013 1010/1010/1010 1006/1006/1006 
f 1013/1013/1013 1006/1006/1006 1012/1012/1012 
f 1003/1003/1003 1014/1014/1014 1004/1004/1004 
f 1015/1015/1015 1011/1011/1011 1004/1004/1004 
f 1014/1014/1014 1015/1015/1015 1004/1004/1004 
f 1015/1015/1015 1016/1016/1016 1011/1011/1011 
f 1015/1015/1015 1017/1017/1017 1018/1018/1018 
f 1015/1015/1015 1018/1018/1018 1019/1019/1019 
f 1014/1014/1014 1017/1017/1017 1015/1015/1015 
f 1019/1019/1019 1016/1016/1016 1015/1015/1015 
f 1019/1019/1019 1020/1020/1020 1016/1016/1016 
f 1021/1021/1021 1022/1022/1022 1023/1023/1023 
f 1021/1021/1021 1023/1023/1023 1024/1024/1024 
f 1022/1022/1022 1021/1021/1021 1025/1025/1025 
f 1026/1026/1026 1025/1025/1025 1021/1021/1021 
f 1027/1027/1027 1026/1026/1026 1021/1021/1021 
f 1027/1027/1027 1021/1021/1021 1024/1024/1024 
f 1022/1022/1022 1025/1025/1025 1028/1028/1028 
f 1028/1028/1028 1029/1029/1029 1022/1022/1022 
f 1022/1022/1022 1029/1029/1029 1030/1030/1030 
f 1022/1022/1022 1030/1030/1030 1023/1023/1023 
f 1025/1025/1025 1031/1031/1031 1032/1032/1032 
f 1025/1025/1025 1032/1032/1032 1028/1028/1028 
f 1033/1033/1033 1028/1028/1028 1034/1034/1034 
f 1034/1034/1034 1028/1028/1028 1032/1032/1032 
f 1028/1028/1028 1033/1033/1033 1029/1029/1029 
f 1034/1034/1034 1032/1032/1032 1035/1035/1035 
f 1033/1033/1033 1034/1034/1034 1036/1036/1036 
f 1037/1037/1037 1036/1036/1036 1034/1034/1034 
f 1037/1037/1037 1034/1034/1034 1038/1038/1038 
f 1038/1038/1038 1034/1034/1034 1035/1035/1035 
f 1038/1038/1038 1035/1035/1035 1039/1039/1039 
f 1027/1027/1027 1024/1024/1024 1040/1040/1040 
f 1027/1027/1027 1041/1041/1041 1026/1026/1026 
f 1042/1042/1042 1043/1043/1043 1044/1044/1044 
f 1042/1042/1042 1044/1044/1044 1045/1045/1045 
f 1046/1046/1046 1043/1043/1043 1042/1042/1042 
f 1042/1042/1042 1045/1045/1045 1047/1047/1047 
f 1042/1042/1042 1047/1047/1047 1048/1048/1048 
f 1042/1042/1042 1048/1048/1048 1049/1049/1049 
f 1042/1042/1042 1049/1049/1049 1046/1046/1046 
f 1046/1046/1046 1050/1050/1050 1043/1043/1043 
f 1048/1048/1048 1051/1051/1051 1049/1049/1049 
f 1048/1048/1048 1047/1047/1047 1052/1052/1052 
f 1048/1048/1048 1052/1052/1052 1053/1053/1053 
f 1048/1048/1048 1053/1053/1053 1051/1051/1051 
f 1053/1053/1053 1054/1054/1054 1051/1051/1051 
f 1053/1053/1053 1055/1055/1055 1054/1054/1054 
f 1056/1056/1056 1055/1055/1055 1053/1053/1053 
f 1056/1056/1056 1053/1053/1053 1052/1052/1052 
f 1057/1057/1057 1058/1058/1058 1059/1059/1059 
f 1057/1057/1057 1059/1059/1059 1060/1060/1060 
f 1061/1061/1061 1058/1058/1058 1057/1057/1057 
f 1061/1061/1061 1057/1057/1057 1062/1062/1062 
f 1063/1063/1063 1061/1061/1061 1062/1062/1062 
f 1064/1064/1064 1061/1061/1061 1063/1063/1063 
f 1063/1063/1063 1062/1062/1062 1065/1065/1065 
f 1064/1064/1064 1063/1063/1063 1066/1066/1066 
f 1066/1066/1066 1067/1067/1067 1064/1064/1064 
f 1066/1066/1066 1068/1068/1068 1067/1067/1067 
f 1068/1068/1068 1069/1069/1069 1067/1067/1067 
f 1068/1068/1068 1070/1070/1070 1069/1069/1069 
f 1071/1071/1071 1070/1070/1070 1072/1072/1072 
f 1071/1071/1071 1072/1072/1072 1073/1073/1073 
f 1073/1073/1073 1072/1072/1072 1074/1074/1074 
f 1073/1073/1073 1074/1074/1074 1075/1075/1075 
f 1074/1074/1074 1076/1076/1076 1077/1077/1077 
f 1074/1074/1074 1077/1077/1077 1075/1075/1075 
f 1078/1078/1078 1079/1079/1079 1080/1080/1080 
f 1078/1078/1078 1080/1080/1080 1081/1081/1081 
f 1078/1078/1078 1081/1081/1081 1082/1082/1082 
f 1078/1078/1078 1082/1082/1082 1083/1083/1083 
f 1080/1080/1080 1079/1079/1079 1084/1084/1084 
f 1080/1080/1080 1084/1084/1084 1085/1085/1085 
f 1086/1086/1086 1080/1080/1080 1085/1085/1085 
f 1081/1081/1081 1080/1080/1080 1086/1086/1086 
f 1081/1081/1081 1086/1086/1086 1087/1087/1087 
f 1081/1081/1081 1087/1087/1087 1088/1088/1088 
f 1081/1081/1081 1088/1088/1088 1082/1082/1082 
f 1086/1086/1086 1089/1089/1089 1090/1090/1090 
f 1086/1086/1086 1090/1090/1090 1091/1091/1091 
f 1091/1091/1091 1087/1087/1087 1086/1086/1086 
f 1086/1086/1086 1085/1085/1085 1089/1089/1089 
f 1091/1091/1091 1092/1092/1092 1087/1087/1087 
f 1091/1091/1091 1090/1090/1090 1093/1093/1093 
f 1091/1091/1091 1093/1093/1093 1094/1094/1094 
f 1091/1091/1091 1094/1094/1094 1095/1095/1095 
f 1091/1091/1091 1095/1095/1095 1092/1092/1092 
f 1094/1094/1094 1093/1093/1093 1096/1096/1096 
f 1094/1094/1094 1096/1096/1096 1097/1097/1097 
f 1094/1094/1094 1097/1097/1097 1098/1098/1098 
f 1094/1094/1094 1098/1098/1098 1095/1095/1095 

g R6Builderman8

v -17.8095 2.29135 18.1097 
v -17.8445 2.2962 17.8884 
v -17.6836 2.27394 17.9653 
v -17.5751 2.25893 18.1097 
v -17.8095 2.29135 18.5313 
v -18.1308 2.3358 18.1097 
v -18.065 2.32671 17.8884 
v -17.5751 2.25893 18.5313 
v -17.6836 2.27394 18.6736 
v -17.8445 2.2962 18.7505 
v -18.065 2.32671 18.7505 
v -18.1308 2.3358 18.5313 
v -18.3457 2.36552 18.1097 
v -18.2125 2.3471 17.9653 
v -18.2125 2.3471 18.6736 
v -18.3457 2.36552 18.5313 
v -17.7259 3.026 18.75 
v -17.61 3.0259 18.6633 
v -17.6328 3.1108 18.5834 
v -17.7246 3.11972 18.6142 
v -17.903 3.02624 18.7445 
v -17.5319 3.02581 18.5212 
v -17.5599 3.10019 18.4676 
v -17.6696 3.15943 18.3839 
v -17.7405 3.16836 18.3829 
v -17.8786 3.11972 18.6132 
v -17.8586 3.16835 18.3829 
v -18.0071 3.02634 18.6592 
v -17.9759 3.1108 18.5826 
v -17.9364 3.15943 18.3839 
v -17.8796 3.11972 18.1732 
v -17.9796 3.1108 18.1945 
v -17.7262 3.11972 18.1723 
v -17.6303 3.1108 18.1925 
v -17.6297 3.1488 18.3849 
v -17.7342 3.02604 18.0474 
v -17.61 3.0259 18.1014 
v -17.8985 3.02622 18.0512 
v -18.0071 3.02634 18.1101 
v -18.0697 3.10018 18.2807 
v -17.9794 3.1488 18.3849 
v -18.0633 3.10019 18.4677 
v -18.0633 3.10019 18.4677 
v -18.1222 3.02647 18.2289 
v -18.1222 3.02647 18.5221 
v -17.5319 3.02581 18.2192 
v -17.5564 3.10018 18.2784 
v -17.5564 3.10018 18.2784 
v -17.6836 2.27394 17.9653 
v -17.8445 2.2962 17.8884 
v -17.7628 2.87023 18.0641 
v -17.6359 2.85241 18.12 
v -17.5751 2.25893 18.1097 
v -17.9332 2.89415 18.067 
v -18.065 2.32671 17.8884 
v -17.8985 3.02622 18.0512 
v -17.7342 3.02604 18.0474 
v -17.61 3.0259 18.1014 
v -17.5547 2.84101 18.2455 
v -17.5319 3.02581 18.2192 
v -17.5751 2.25893 18.5313 
v -17.5547 2.84101 18.5218 
v -17.5319 3.02581 18.5212 
v -17.6836 2.27394 18.6736 
v -17.6359 2.85241 18.6719 
v -17.61 3.0259 18.6633 
v -18.0071 3.02634 18.1101 
v -18.0444 2.90976 18.1244 
v -18.2125 2.3471 17.9653 
v -18.1222 3.02647 18.2289 
v -18.3457 2.36552 18.1097 
v -18.1559 2.92541 18.2457 
v -18.1559 2.92541 18.5216 
v -18.1222 3.02647 18.5221 
v -18.3457 2.36552 18.5313 
v -18.0444 2.90976 18.6674 
v -18.2125 2.3471 18.6736 
v -18.0071 3.02634 18.6592 
v -18.065 2.32671 18.7505 
v -17.9147 2.8904 18.7248 
v -17.903 3.02624 18.7445 
v -17.8445 2.2962 18.7505 
v -17.7813 2.87399 18.7277 
v -17.7259 3.026 18.75 
v -17.61 3.0259 18.6633 
v -17.6359 2.85241 18.6719 
v -17.6836 2.27394 18.6736 

vn -0.133858 -0.992126 0 
vn -0.133858 -0.992126 0 
vn -0.133858 -0.992126 0 
vn -0.133858 -0.992126 0 
vn -0.133858 -0.992126 0 
vn -0.133858 -0.992126 0 
vn -0.133858 -0.992126 0 
vn -0.133858 -0.992126 0 
vn -0.133858 -0.992126 0 
vn -0.133858 -0.992126 0 
vn -0.133858 -0.992126 0 
vn -0.133858 -0.992126 0 
vn -0.133858 -0.992126 0 
vn -0.133858 -0.992126 0 
vn -0.133858 -0.992126 0 
vn -0.133858 -0.992126 0 
vn 0.0944882 0.811024 0.582677 
vn 0.496063 0.692913 0.527559 
vn 0.425197 0.826772 0.377953 
vn 0.0944882 0.913386 0.401575 
vn -0.11811 0.811024 0.574803 
vn 0.834646 0.488189 0.251969 
vn 0.779528 0.606299 0.141732 
vn 0.204724 0.976378 0 
vn 0.0472441 1 0 
vn -0.0944882 0.913386 0.393701 
vn -0.0472441 1 0 
vn -0.456693 0.732283 0.503937 
vn -0.362205 0.850394 0.377953 
vn -0.188976 0.984252 0 
vn -0.0787402 0.905512 -0.417323 
vn -0.314961 0.858268 -0.409449 
vn 0.0708661 0.905512 -0.417323 
vn 0.346457 0.84252 -0.417323 
vn 0.385827 0.92126 0.00787402 
vn 0.0708661 0.787402 -0.614173 
vn 0.385827 0.724409 -0.574803 
vn -0.102362 0.787402 -0.606299 
vn -0.377953 0.740157 -0.559055 
vn -0.629921 0.755906 -0.173228 
vn -0.330709 0.944882 0.00787402 
vn -0.314961 0.929134 0.181102 
vn -0.795276 0.606299 0.00787402 
vn -0.685039 0.677165 -0.259843 
vn -0.700787 0.669291 0.251969 
vn 0.811024 0.519685 -0.275591 
vn 0.314961 0.929134 -0.181102 
vn 0.944882 0.330709 0.00787402 
vn 0.629921 0.15748 -0.755906 
vn 0.204724 0.259843 -0.944882 
vn 0.212598 0.188976 -0.96063 
vn 0.669291 0.0866142 -0.740157 
vn 0.976378 0.015748 -0.228346 
vn -0.165354 0.267717 -0.944882 
vn -0.15748 0.330709 -0.929134 
vn -0.165354 -0.0629921 -0.984252 
vn 0.19685 -0.141732 -0.968504 
vn 0.653543 -0.181102 -0.740157 
vn 0.984252 -0.0314961 -0.165354 
vn 0.968504 -0.149606 -0.204724 
vn 0.984252 -0.0393701 0.188976 
vn 0.984252 -0.0551181 0.188976 
vn 0.976378 -0.11811 0.173228 
vn 0.653543 -0.0314961 0.755906 
vn 0.661417 -0.0393701 0.748031 
vn 0.787402 -0.125984 0.598425 
vn -0.582677 0.0787402 -0.811024 
vn -0.559055 0.338583 -0.755906 
vn -0.543307 0.377953 -0.755906 
vn -0.905512 0.251969 -0.330709 
vn -0.889764 0.370079 -0.267717 
vn -0.913386 0.346457 -0.220472 
vn -0.92126 0.307087 0.244094 
vn -0.905512 0.307087 0.283465 
vn -0.92126 0.307087 0.228346 
vn -0.598425 0.204724 0.771654 
vn -0.614173 0.204724 0.76378 
vn -0.677165 0.19685 0.708661 
vn -0.212598 0.0944882 0.968504 
vn -0.181102 0.0629921 0.984252 
vn -0.19685 -0.11811 0.976378 
vn 0.19685 0.015748 0.984252 
vn 0.181102 -0.00787402 0.984252 
vn 0.23622 -0.228346 0.944882 
vn 0.787402 -0.125984 0.598425 
vn 0.661417 -0.0393701 0.748031 
vn 0.653543 -0.0314961 0.755906 

vt 0.476011 0.664598 
vt 0.477536 0.678509 
vt 0.465729 0.678509 
vt 0.465729 0.664581 
vt 0.476033 0.638135 
vt 0.490104 0.664623 
vt 0.487208 0.678509 
vt 0.465729 0.638117 
vt 0.465729 0.624381 
vt 0.47758 0.624381 
vt 0.487253 0.624381 
vt 0.490126 0.638159 
vt 0.49955 0.664639 
vt 0.49955 0.678509 
vt 0.49955 0.624381 
vt 0.49955 0.638175 
vt 0.437668 0.678716 
vt 0.431019 0.678715 
vt 0.433584 0.668567 
vt 0.43818 0.669341 
vt 0.447829 0.678716 
vt 0.426539 0.678714 
vt 0.42993 0.665655 
vt 0.434117 0.650334 
vt 0.438344 0.650226 
vt 0.445885 0.669315 
vt 0.445387 0.650226 
vt 0.453798 0.678715 
vt 0.450761 0.668548 
vt 0.450021 0.650334 
vt 0.445939 0.63106 
vt 0.450942 0.631889 
vt 0.438257 0.631026 
vt 0.433459 0.63181 
vt 0.43062 0.650442 
vt 0.438146 0.624176 
vt 0.431019 0.624176 
vt 0.447568 0.624176 
vt 0.453798 0.624176 
vt 0.455454 0.635232 
vt 0.453704 0.650443 
vt 0.455133 0.665659 
vt 0.455133 0.665659 
vt 0.460398 0.624176 
vt 0.460398 0.678714 
vt 0.426539 0.624176 
vt 0.42976 0.635145 
vt 0.42976 0.635145 
vt 0.496187 0.687113 
vt 0.516198 0.687113 
vt 0.519155 0.753553 
vt 0.496187 0.754624 
vt 0.481736 0.687113 
vt 0.545343 0.752211 
vt 0.546833 0.687113 
vt 0.544196 0.770635 
vt 0.519771 0.770635 
vt 0.496187 0.770635 
vt 0.470582 0.753503 
vt 0.471837 0.770635 
vt 0.440148 0.687113 
vt 0.440142 0.754062 
vt 0.439094 0.770635 
vt 0.426402 0.687113 
vt 0.426402 0.753971 
vt 0.426402 0.770635 
vt 0.566097 0.770635 
vt 0.566097 0.7515 
vt 0.566097 0.687113 
vt 0.593964 0.770634 
vt 0.584655 0.687113 
vt 0.59539 0.749763 
vt 0.624987 0.751019 
vt 0.626141 0.770634 
vt 0.62603 0.687113 
vt 0.636352 0.75238 
vt 0.636352 0.687113 
vt 0.636352 0.770635 
vt 0.664231 0.687113 
vt 0.667583 0.753553 
vt 0.666875 0.770635 
vt 0.685685 0.687113 
vt 0.683534 0.753561 
vt 0.685423 0.770635 
vt 0.705593 0.770635 
vt 0.705593 0.753971 
vt 0.705593 0.687113 

usemtl R6Builderman1Mtl

f 1099/1099/1099 1100/1100/1100 1101/1101/1101 
f 1099/1099/1099 1101/1101/1101 1102/1102/1102 
f 1103/1103/1103 1099/1099/1099 1102/1102/1102 
f 1103/1103/1103 1104/1104/1104 1099/1099/1099 
f 1099/1099/1099 1104/1104/1104 1105/1105/1105 
f 1099/1099/1099 1105/1105/1105 1100/1100/1100 
f 1103/1103/1103 1102/1102/1102 1106/1106/1106 
f 1107/1107/1107 1108/1108/1108 1103/1103/1103 
f 1107/1107/1107 1103/1103/1103 1106/1106/1106 
f 1103/1103/1103 1108/1108/1108 1109/1109/1109 
f 1103/1103/1103 1109/1109/1109 1110/1110/1110 
f 1103/1103/1103 1110/1110/1110 1104/1104/1104 
f 1110/1110/1110 1111/1111/1111 1104/1104/1104 
f 1104/1104/1104 1111/1111/1111 1112/1112/1112 
f 1104/1104/1104 1112/1112/1112 1105/1105/1105 
f 1110/1110/1110 1109/1109/1109 1113/1113/1113 
f 1110/1110/1110 1113/1113/1113 1114/1114/1114 
f 1110/1110/1110 1114/1114/1114 1111/1111/1111 
f 1115/1115/1115 1116/1116/1116 1117/1117/1117 
f 1115/1115/1115 1117/1117/1117 1118/1118/1118 
f 1119/1119/1119 1115/1115/1115 1118/1118/1118 
f 1116/1116/1116 1120/1120/1120 1121/1121/1121 
f 1116/1116/1116 1121/1121/1121 1117/1117/1117 
f 1117/1117/1117 1122/1122/1122 1123/1123/1123 
f 1117/1117/1117 1123/1123/1123 1118/1118/1118 
f 1121/1121/1121 1122/1122/1122 1117/1117/1117 
f 1119/1119/1119 1118/1118/1118 1124/1124/1124 
f 1118/1118/1118 1123/1123/1123 1125/1125/1125 
f 1118/1118/1118 1125/1125/1125 1124/1124/1124 
f 1126/1126/1126 1119/1119/1119 1124/1124/1124 
f 1126/1126/1126 1124/1124/1124 1127/1127/1127 
f 1124/1124/1124 1125/1125/1125 1128/1128/1128 
f 1124/1124/1124 1128/1128/1128 1127/1127/1127 
f 1129/1129/1129 1125/1125/1125 1123/1123/1123 
f 1130/1130/1130 1128/1128/1128 1125/1125/1125 
f 1130/1130/1130 1125/1125/1125 1129/1129/1129 
f 1129/1129/1129 1123/1123/1123 1131/1131/1131 
f 1131/1131/1131 1123/1123/1123 1122/1122/1122 
f 1131/1131/1131 1122/1122/1122 1132/1132/1132 
f 1132/1132/1132 1122/1122/1122 1133/1133/1133 
f 1121/1121/1121 1133/1133/1133 1122/1122/1122 
f 1134/1134/1134 1129/1129/1129 1131/1131/1131 
f 1135/1135/1135 1134/1134/1134 1131/1131/1131 
f 1135/1135/1135 1131/1131/1131 1132/1132/1132 
f 1134/1134/1134 1136/1136/1136 1129/1129/1129 
f 1136/1136/1136 1130/1130/1130 1129/1129/1129 
f 1136/1136/1136 1137/1137/1137 1130/1130/1130 
f 1137/1137/1137 1138/1138/1138 1130/1130/1130 
f 1138/1138/1138 1128/1128/1128 1130/1130/1130 
f 1138/1138/1138 1139/1139/1139 1128/1128/1128 
f 1127/1127/1127 1128/1128/1128 1139/1139/1139 
f 1140/1140/1140 1139/1139/1139 1138/1138/1138 
f 1140/1140/1140 1138/1138/1138 1141/1141/1141 
f 1137/1137/1137 1142/1142/1142 1138/1138/1138 
f 1138/1138/1138 1142/1142/1142 1143/1143/1143 
f 1138/1138/1138 1143/1143/1143 1141/1141/1141 
f 1127/1127/1127 1139/1139/1139 1140/1140/1140 
f 1143/1143/1143 1127/1127/1127 1140/1140/1140 
f 1143/1143/1143 1140/1140/1140 1141/1141/1141 
f 1143/1143/1143 1126/1126/1126 1127/1127/1127 
f 1144/1144/1144 1135/1135/1135 1132/1132/1132 
f 1144/1144/1144 1132/1132/1132 1145/1145/1145 
f 1132/1132/1132 1133/1133/1133 1145/1145/1145 
f 1144/1144/1144 1145/1145/1145 1146/1146/1146 
f 1121/1121/1121 1120/1120/1120 1144/1144/1144 
f 1121/1121/1121 1144/1144/1144 1146/1146/1146 
f 1145/1145/1145 1133/1133/1133 1121/1121/1121 
f 1145/1145/1145 1121/1121/1121 1146/1146/1146 
f 1147/1147/1147 1148/1148/1148 1149/1149/1149 
f 1147/1147/1147 1149/1149/1149 1150/1150/1150 
f 1151/1151/1151 1147/1147/1147 1150/1150/1150 
f 1152/1152/1152 1149/1149/1149 1148/1148/1148 
f 1152/1152/1152 1148/1148/1148 1153/1153/1153 
f 1154/1154/1154 1155/1155/1155 1149/1149/1149 
f 1154/1154/1154 1149/1149/1149 1152/1152/1152 
f 1149/1149/1149 1155/1155/1155 1156/1156/1156 
f 1149/1149/1149 1156/1156/1156 1150/1150/1150 
f 1151/1151/1151 1150/1150/1150 1157/1157/1157 
f 1150/1150/1150 1156/1156/1156 1158/1158/1158 
f 1150/1150/1150 1158/1158/1158 1157/1157/1157 
f 1159/1159/1159 1151/1151/1151 1157/1157/1157 
f 1159/1159/1159 1157/1157/1157 1160/1160/1160 
f 1157/1157/1157 1158/1158/1158 1161/1161/1161 
f 1157/1157/1157 1161/1161/1161 1160/1160/1160 
f 1162/1162/1162 1159/1159/1159 1160/1160/1160 
f 1162/1162/1162 1160/1160/1160 1163/1163/1163 
f 1163/1163/1163 1160/1160/1160 1161/1161/1161 
f 1163/1163/1163 1161/1161/1161 1164/1164/1164 
f 1165/1165/1165 1154/1154/1154 1152/1152/1152 
f 1165/1165/1165 1152/1152/1152 1166/1166/1166 
f 1152/1152/1152 1153/1153/1153 1167/1167/1167 
f 1152/1152/1152 1167/1167/1167 1166/1166/1166 
f 1166/1166/1166 1168/1168/1168 1165/1165/1165 
f 1169/1169/1169 1170/1170/1170 1166/1166/1166 
f 1169/1169/1169 1166/1166/1166 1167/1167/1167 
f 1166/1166/1166 1170/1170/1170 1168/1168/1168 
f 1168/1168/1168 1170/1170/1170 1171/1171/1171 
f 1168/1168/1168 1171/1171/1171 1172/1172/1172 
f 1170/1170/1170 1169/1169/1169 1173/1173/1173 
f 1170/1170/1170 1173/1173/1173 1171/1171/1171 
f 1172/1172/1172 1171/1171/1171 1174/1174/1174 
f 1171/1171/1171 1173/1173/1173 1175/1175/1175 
f 1171/1171/1171 1175/1175/1175 1174/1174/1174 
f 1172/1172/1172 1174/1174/1174 1176/1176/1176 
f 1177/1177/1177 1178/1178/1178 1174/1174/1174 
f 1177/1177/1177 1174/1174/1174 1175/1175/1175 
f 1174/1174/1174 1178/1178/1178 1176/1176/1176 
f 1176/1176/1176 1178/1178/1178 1179/1179/1179 
f 1180/1180/1180 1181/1181/1181 1178/1178/1178 
f 1180/1180/1180 1178/1178/1178 1177/1177/1177 
f 1181/1181/1181 1179/1179/1179 1178/1178/1178 
f 1181/1181/1181 1182/1182/1182 1179/1179/1179 
f 1183/1183/1183 1182/1182/1182 1181/1181/1181 
f 1184/1184/1184 1181/1181/1181 1180/1180/1180 
f 1183/1183/1183 1181/1181/1181 1184/1184/1184 
f 1184/1184/1184 1180/1180/1180 1185/1185/1185 

g R6Builderman9

v -17.4987 3.88608 18.0059 
v -17.6436 3.84997 17.9568 
v -17.6783 3.93542 18.1525 
v -17.4987 3.97628 18.1525 
v -17.8249 3.76709 17.9568 
v -17.6783 3.93542 18.4879 
v -17.4987 3.97628 18.4879 
v -17.9128 3.83767 18.1525 
v -17.9128 3.83767 18.4879 
v -17.9335 3.68729 18.0059 
v -18.0427 3.68244 18.1525 
v -18.0427 3.68244 18.4879 
v -17.8249 3.76709 18.6816 
v -17.9335 3.68729 18.6326 
v -17.6436 3.84997 18.6816 
v -17.4987 3.88608 18.6326 
v -17.61 3.01716 18.6631 
v -17.7259 3.01726 18.7498 
v -17.7457 2.95409 18.6532 
v -17.6423 2.96162 18.6055 
v -17.5319 3.01707 18.521 
v -17.903 3.01748 18.7443 
v -17.8983 2.95409 18.6502 
v -17.7722 2.90763 18.3843 
v -17.7008 2.91519 18.384 
v -17.5739 2.97504 18.511 
v -17.6543 2.92863 18.3839 
v -17.5319 3.01707 18.219 
v -17.5701 2.97503 18.2511 
v -17.6396 2.96159 18.1685 
v -17.7486 2.95406 18.1365 
v -17.8736 2.90763 18.3843 
v -17.9905 2.9616 18.6033 
v -18.0071 3.01758 18.659 
v -18.0914 2.97505 18.5114 
v -17.9369 2.91515 18.3841 
v -17.8972 2.95407 18.1388 
v -17.8985 3.01746 18.051 
v -17.7342 3.01729 18.0472 
v -17.61 3.01716 18.1012 
v -18.0071 3.01758 18.1099 
v -17.993 2.96158 18.1737 
v -18.0053 2.92864 18.3839 
v -18.1222 3.01771 18.5219 
v -18.0954 2.97503 18.2569 
v -18.1222 3.01771 18.2287 
v -17.61 3.01716 18.6631 
v -17.4987 3.41695 18.6326 
v -17.6453 3.36791 18.6816 
v -17.7259 3.01726 18.7498 
v -17.6369 3.65061 18.7016 
v -17.4987 3.71288 18.6499 
v -17.8182 3.5761 18.7016 
v -17.8266 3.30071 18.6816 
v -17.903 3.01748 18.7443 
v -17.9656 3.49546 18.6499 
v -17.9478 3.25577 18.6326 
v -17.8249 3.76709 18.6816 
v -17.9335 3.68729 18.6326 
v -17.4987 3.41695 18.0059 
v -17.4987 3.71288 17.9773 
v -17.4987 3.70036 18.1433 
v -17.4987 3.35081 18.1525 
v -17.458 3.27473 18.1525 
v -17.4987 3.88608 18.0059 
v -17.4987 3.35324 18.4879 
v -17.4987 3.70166 18.4972 
v -17.4987 3.97628 18.1525 
v -17.4987 3.97628 18.4879 
v -17.458 3.27473 18.4879 
v -17.4987 3.41695 18.6326 
v -17.4987 3.71288 18.6499 
v -17.4987 3.88608 18.6326 
v -17.6436 3.84997 18.6816 
v -17.4987 3.88608 18.6326 
v -18.0427 3.68244 18.4879 
v -17.9656 3.49546 18.6499 
v -18.0847 3.49321 18.4972 
v -18.0847 3.49321 18.1433 
v -18.0427 3.68244 18.1525 
v -17.9478 3.25577 18.6326 
v -18.0756 3.25577 18.1525 
v -18.0756 3.25577 18.4879 
v -17.9478 3.25577 18.0305 
v -17.9656 3.49546 18.0025 
v -17.9335 3.68729 18.0059 
v -17.8182 3.5761 17.9369 
v -17.9656 3.49546 18.0025 
v -17.8249 3.76709 17.9568 
v -17.6453 3.36791 17.9568 
v -17.8266 3.30071 17.9568 
v -17.6369 3.65061 17.9369 
v -17.9478 3.25577 18.0305 
v -17.7342 3.01729 18.0472 
v -17.8985 3.01746 18.051 
v -17.4987 3.41695 18.0059 
v -17.61 3.01716 18.1012 
v -17.4987 3.71288 17.9773 
v -17.6436 3.84997 17.9568 
v -17.4987 3.88608 18.0059 
v -17.4987 3.41695 18.0059 
v -17.458 3.27473 18.1525 
v -17.5319 3.01707 18.219 
v -17.458 3.27473 18.4879 
v -17.5319 3.01707 18.521 
v -17.61 3.01716 18.6631 
v -17.4987 3.41695 18.6326 
v -18.0071 3.01758 18.1099 
v -18.1222 3.01771 18.2287 
v -18.1222 3.01771 18.5219 
v -18.0071 3.01758 18.659 

vn 0.00787402 0.685039 -0.724409 
vn -0.125984 0.614173 -0.779528 
vn -0.307087 0.937008 -0.165354 
vn -0.19685 0.968504 -0.15748 
vn -0.362205 0.519685 -0.771654 
vn -0.307087 0.937008 0.165354 
vn -0.19685 0.968504 0.15748 
vn -0.559055 0.811024 -0.15748 
vn -0.559055 0.811024 0.15748 
vn -0.653543 0.314961 -0.685039 
vn -0.889764 0.425197 -0.188976 
vn -0.889764 0.425197 0.188976 
vn -0.354331 0.519685 0.771654 
vn -0.653543 0.330709 0.685039 
vn -0.110236 0.606299 0.787402 
vn 0.0314961 0.677165 0.740157 
vn 0.440945 -0.779528 0.448819 
vn 0.11811 -0.834646 0.543307 
vn 0.0787402 -0.944882 0.330709 
vn 0.307087 -0.905512 0.275591 
vn 0.637795 -0.76378 0.0944882 
vn -0.125984 -0.818898 0.559055 
vn -0.0944882 -0.937008 0.330709 
vn 0.0472441 -1 0 
vn 0.181102 -0.984252 0 
vn 0.566929 -0.818898 0.0944882 
vn 0.472441 -0.88189 0 
vn 0.614173 -0.779528 -0.11811 
vn 0.559055 -0.826772 -0.0708661 
vn 0.267717 -0.913386 -0.307087 
vn 0.0629921 -0.937008 -0.338583 
vn -0.0472441 -1 0 
vn -0.307087 -0.897638 0.314961 
vn -0.464567 -0.708661 0.535433 
vn -0.559055 -0.811024 0.141732 
vn -0.181102 -0.984252 0 
vn -0.0787402 -0.937008 -0.346457 
vn -0.102362 -0.80315 -0.582677 
vn 0.0866142 -0.818898 -0.574803 
vn 0.346457 -0.80315 -0.488189 
vn -0.377953 -0.740157 -0.551181 
vn -0.275591 -0.905512 -0.330709 
vn -0.409449 -0.913386 0 
vn -0.669291 -0.724409 0.149606 
vn -0.559055 -0.818898 -0.11811 
vn -0.637795 -0.740157 -0.188976 
vn 0.677165 -0.0944882 0.732283 
vn 0.559055 -0.0866142 0.826772 
vn 0.228346 0 0.976378 
vn 0.15748 0.133858 0.976378 
vn 0.165354 0 0.984252 
vn 0.330709 0.023622 0.944882 
vn -0.149606 0 0.992126 
vn -0.173228 0.0944882 0.984252 
vn -0.275591 0.251969 0.929134 
vn -0.614173 0.015748 0.787402 
vn -0.637795 0.110236 0.76378 
vn -0.354331 0.519685 0.771654 
vn -0.653543 0.330709 0.685039 
vn 1 0.00787402 0.00787402 
vn 1 0 0 
vn 1 0 0 
vn 0.992126 0.0944882 0.00787402 
vn 0.88189 0.464567 0.023622 
vn 1 0 0 
vn 0.992126 0.0866142 -0.00787402 
vn 1 0 0 
vn 1 0 0 
vn 1 0 0 
vn 0.88189 0.464567 -0.023622 
vn 1 0.015748 -0.00787402 
vn 1 0 0 
vn 1 0 0 
vn -0.110236 0.606299 0.787402 
vn 0.0314961 0.677165 0.740157 
vn -0.889764 0.425197 0.188976 
vn -0.614173 0.015748 0.787402 
vn -0.968504 0.0629921 0.23622 
vn -0.968504 0.0629921 -0.244094 
vn -0.889764 0.425197 -0.188976 
vn -0.637795 0.110236 0.76378 
vn -0.952756 0 -0.291339 
vn -0.968504 0.0866142 0.244094 
vn -0.590551 -0.11811 -0.80315 
vn -0.622047 -0.00787402 -0.787402 
vn -0.653543 0.314961 -0.685039 
vn -0.173228 -0.00787402 -0.984252 
vn -0.622047 -0.00787402 -0.787402 
vn -0.362205 0.519685 -0.771654 
vn 0.212598 -0.204724 -0.952756 
vn -0.141732 -0.181102 -0.976378 
vn 0.149606 0 -0.992126 
vn -0.590551 -0.11811 -0.80315 
vn 0.204724 -0.307087 -0.929134 
vn -0.19685 -0.244094 -0.952756 
vn 0.448819 -0.220472 -0.866142 
vn 0.582677 -0.338583 -0.740157 
vn 0.291339 0.023622 -0.952756 
vn -0.125984 0.614173 -0.779528 
vn 0.00787402 0.685039 -0.724409 
vn 0.448819 -0.220472 -0.866142 
vn 0.897638 -0.322835 -0.283465 
vn 0.937008 -0.307087 -0.181102 
vn 0.944882 -0.244094 0.212598 
vn 0.944882 -0.251969 0.212598 
vn 0.677165 -0.0944882 0.732283 
vn 0.559055 -0.0866142 0.826772 
vn -0.629921 -0.110236 -0.771654 
vn -0.968504 0.133858 -0.19685 
vn -0.937008 0.228346 0.267717 
vn -0.661417 0.259843 0.708661 

vt 0.495134 0.884417 
vt 0.495134 0.914966 
vt 0.475624 0.913301 
vt 0.475897 0.884417 
vt 0.495134 0.958469 
vt 0.445352 0.913515 
vt 0.444887 0.884417 
vt 0.475693 0.966696 
vt 0.446544 0.965972 
vt 0.495134 0.995958 
vt 0.476455 0.995958 
vt 0.445875 0.995958 
vt 0.426381 0.959627 
vt 0.426381 0.995958 
vt 0.426381 0.91583 
vt 0.426381 0.884417 
vt 0.505225 0.891465 
vt 0.511872 0.891465 
vt 0.512955 0.89768 
vt 0.507479 0.901693 
vt 0.500746 0.891466 
vt 0.522031 0.891465 
vt 0.521045 0.897934 
vt 0.513231 0.920323 
vt 0.50797 0.920342 
vt 0.50385 0.909656 
vt 0.504548 0.920357 
vt 0.500746 0.946322 
vt 0.503653 0.931533 
vt 0.507336 0.938492 
vt 0.51311 0.941185 
vt 0.52071 0.920324 
vt 0.525929 0.90188 
vt 0.527999 0.891465 
vt 0.531275 0.909615 
vt 0.52537 0.920339 
vt 0.520985 0.940995 
vt 0.52177 0.946323 
vt 0.512351 0.946323 
vt 0.505225 0.946323 
vt 0.527999 0.946323 
vt 0.52606 0.938054 
vt 0.530411 0.92035 
vt 0.534597 0.891466 
vt 0.531485 0.931046 
vt 0.534597 0.946322 
vt 0.705593 0.770635 
vt 0.705593 0.812253 
vt 0.687054 0.808259 
vt 0.685423 0.770635 
vt 0.68197 0.85405 
vt 0.705593 0.856398 
vt 0.663897 0.851222 
vt 0.667914 0.803192 
vt 0.666875 0.770635 
vt 0.636352 0.848486 
vt 0.636352 0.799362 
vt 0.659331 0.883097 
vt 0.636352 0.883096 
vt 0.496187 0.812371 
vt 0.496187 0.856739 
vt 0.481475 0.856685 
vt 0.479933 0.809154 
vt 0.47981 0.804373 
vt 0.496187 0.8831 
vt 0.443466 0.809268 
vt 0.442208 0.856617 
vt 0.480286 0.883101 
vt 0.442977 0.883101 
vt 0.443571 0.804092 
vt 0.426402 0.812424 
vt 0.426402 0.856602 
vt 0.426402 0.883099 
vt 0.677482 0.883099 
vt 0.705593 0.883099 
vt 0.620409 0.883096 
vt 0.636352 0.848448 
vt 0.621542 0.847738 
vt 0.584554 0.847735 
vt 0.584406 0.883096 
vt 0.636352 0.798977 
vt 0.585156 0.797822 
vt 0.622883 0.79759 
vt 0.566097 0.798492 
vt 0.566097 0.848223 
vt 0.566097 0.883096 
vt 0.54737 0.851578 
vt 0.566097 0.848578 
vt 0.554075 0.883098 
vt 0.515818 0.808402 
vt 0.540749 0.80319 
vt 0.522329 0.854306 
vt 0.566097 0.799503 
vt 0.519771 0.770635 
vt 0.544196 0.770635 
vt 0.496187 0.812453 
vt 0.496187 0.770635 
vt 0.496187 0.856605 
vt 0.528595 0.883099 
vt 0.496187 0.8831 
vt 0.496187 0.812371 
vt 0.47981 0.804373 
vt 0.471837 0.770635 
vt 0.443571 0.804092 
vt 0.439094 0.770635 
vt 0.426402 0.770635 
vt 0.426402 0.812424 
vt 0.566097 0.770635 
vt 0.593964 0.770634 
vt 0.626141 0.770634 
vt 0.636352 0.770635 

usemtl R6Builderman1Mtl

f 1186/1186/1186 1187/1187/1187 1188/1188/1188 
f 1186/1186/1186 1188/1188/1188 1189/1189/1189 
f 1190/1190/1190 1188/1188/1188 1187/1187/1187 
f 1188/1188/1188 1191/1191/1191 1192/1192/1192 
f 1188/1188/1188 1192/1192/1192 1189/1189/1189 
f 1190/1190/1190 1193/1193/1193 1188/1188/1188 
f 1188/1188/1188 1193/1193/1193 1194/1194/1194 
f 1188/1188/1188 1194/1194/1194 1191/1191/1191 
f 1195/1195/1195 1193/1193/1193 1190/1190/1190 
f 1195/1195/1195 1196/1196/1196 1193/1193/1193 
f 1193/1193/1193 1196/1196/1196 1197/1197/1197 
f 1193/1193/1193 1197/1197/1197 1194/1194/1194 
f 1191/1191/1191 1194/1194/1194 1198/1198/1198 
f 1194/1194/1194 1197/1197/1197 1199/1199/1199 
f 1194/1194/1194 1199/1199/1199 1198/1198/1198 
f 1191/1191/1191 1200/1200/1200 1201/1201/1201 
f 1191/1191/1191 1201/1201/1201 1192/1192/1192 
f 1191/1191/1191 1198/1198/1198 1200/1200/1200 
f 1202/1202/1202 1203/1203/1203 1204/1204/1204 
f 1202/1202/1202 1204/1204/1204 1205/1205/1205 
f 1206/1206/1206 1202/1202/1202 1205/1205/1205 
f 1203/1203/1203 1207/1207/1207 1208/1208/1208 
f 1203/1203/1203 1208/1208/1208 1204/1204/1204 
f 1204/1204/1204 1209/1209/1209 1210/1210/1210 
f 1204/1204/1204 1210/1210/1210 1205/1205/1205 
f 1208/1208/1208 1209/1209/1209 1204/1204/1204 
f 1206/1206/1206 1205/1205/1205 1211/1211/1211 
f 1205/1205/1205 1210/1210/1210 1212/1212/1212 
f 1205/1205/1205 1212/1212/1212 1211/1211/1211 
f 1213/1213/1213 1206/1206/1206 1211/1211/1211 
f 1213/1213/1213 1211/1211/1211 1212/1212/1212 
f 1213/1213/1213 1212/1212/1212 1214/1214/1214 
f 1214/1214/1214 1212/1212/1212 1210/1210/1210 
f 1215/1215/1215 1210/1210/1210 1209/1209/1209 
f 1214/1214/1214 1210/1210/1210 1215/1215/1215 
f 1216/1216/1216 1209/1209/1209 1217/1217/1217 
f 1215/1215/1215 1209/1209/1209 1216/1216/1216 
f 1208/1208/1208 1217/1217/1217 1209/1209/1209 
f 1207/1207/1207 1218/1218/1218 1208/1208/1208 
f 1218/1218/1218 1217/1217/1217 1208/1208/1208 
f 1207/1207/1207 1219/1219/1219 1218/1218/1218 
f 1219/1219/1219 1220/1220/1220 1218/1218/1218 
f 1220/1220/1220 1221/1221/1221 1218/1218/1218 
f 1218/1218/1218 1221/1221/1221 1217/1217/1217 
f 1216/1216/1216 1217/1217/1217 1222/1222/1222 
f 1222/1222/1222 1217/1217/1217 1221/1221/1221 
f 1223/1223/1223 1224/1224/1224 1216/1216/1216 
f 1223/1223/1223 1216/1216/1216 1222/1222/1222 
f 1224/1224/1224 1215/1215/1215 1216/1216/1216 
f 1224/1224/1224 1225/1225/1225 1215/1215/1215 
f 1225/1225/1225 1214/1214/1214 1215/1215/1215 
f 1225/1225/1225 1213/1213/1213 1214/1214/1214 
f 1226/1226/1226 1223/1223/1223 1222/1222/1222 
f 1226/1226/1226 1222/1222/1222 1227/1227/1227 
f 1222/1222/1222 1221/1221/1221 1227/1227/1227 
f 1227/1227/1227 1221/1221/1221 1228/1228/1228 
f 1220/1220/1220 1228/1228/1228 1221/1221/1221 
f 1229/1229/1229 1228/1228/1228 1220/1220/1220 
f 1219/1219/1219 1229/1229/1229 1220/1220/1220 
f 1229/1229/1229 1230/1230/1230 1228/1228/1228 
f 1227/1227/1227 1228/1228/1228 1230/1230/1230 
f 1231/1231/1231 1226/1226/1226 1227/1227/1227 
f 1231/1231/1231 1227/1227/1227 1230/1230/1230 
f 1229/1229/1229 1231/1231/1231 1230/1230/1230 
f 1232/1232/1232 1233/1233/1233 1234/1234/1234 
f 1232/1232/1232 1234/1234/1234 1235/1235/1235 
f 1236/1236/1236 1234/1234/1234 1233/1233/1233 
f 1236/1236/1236 1233/1233/1233 1237/1237/1237 
f 1234/1234/1234 1236/1236/1236 1238/1238/1238 
f 1234/1234/1234 1238/1238/1238 1239/1239/1239 
f 1235/1235/1235 1234/1234/1234 1239/1239/1239 
f 1235/1235/1235 1239/1239/1239 1240/1240/1240 
f 1239/1239/1239 1238/1238/1238 1241/1241/1241 
f 1239/1239/1239 1241/1241/1241 1242/1242/1242 
f 1240/1240/1240 1239/1239/1239 1242/1242/1242 
f 1236/1236/1236 1243/1243/1243 1238/1238/1238 
f 1238/1238/1238 1243/1243/1243 1244/1244/1244 
f 1238/1238/1238 1244/1244/1244 1241/1241/1241 
f 1245/1245/1245 1246/1246/1246 1247/1247/1247 
f 1245/1245/1245 1247/1247/1247 1248/1248/1248 
f 1249/1249/1249 1245/1245/1245 1248/1248/1248 
f 1247/1247/1247 1246/1246/1246 1250/1250/1250 
f 1251/1251/1251 1248/1248/1248 1247/1247/1247 
f 1251/1251/1251 1247/1247/1247 1252/1252/1252 
f 1247/1247/1247 1250/1250/1250 1253/1253/1253 
f 1247/1247/1247 1253/1253/1253 1254/1254/1254 
f 1247/1247/1247 1254/1254/1254 1252/1252/1252 
f 1249/1249/1249 1248/1248/1248 1251/1251/1251 
f 1249/1249/1249 1251/1251/1251 1255/1255/1255 
f 1256/1256/1256 1251/1251/1251 1252/1252/1252 
f 1256/1256/1256 1255/1255/1255 1251/1251/1251 
f 1256/1256/1256 1252/1252/1252 1257/1257/1257 
f 1252/1252/1252 1254/1254/1254 1258/1258/1258 
f 1252/1252/1252 1258/1258/1258 1257/1257/1257 
f 1259/1259/1259 1236/1236/1236 1237/1237/1237 
f 1236/1236/1236 1259/1259/1259 1243/1243/1243 
f 1259/1259/1259 1237/1237/1237 1260/1260/1260 
f 1261/1261/1261 1262/1262/1262 1244/1244/1244 
f 1261/1261/1261 1263/1263/1263 1262/1262/1262 
f 1264/1264/1264 1263/1263/1263 1261/1261/1261 
f 1264/1264/1264 1261/1261/1261 1265/1265/1265 
f 1263/1263/1263 1266/1266/1266 1262/1262/1262 
f 1267/1267/1267 1268/1268/1268 1263/1263/1263 
f 1267/1267/1267 1263/1263/1263 1264/1264/1264 
f 1263/1263/1263 1268/1268/1268 1266/1266/1266 
f 1269/1269/1269 1267/1267/1267 1264/1264/1264 
f 1269/1269/1269 1264/1264/1264 1270/1270/1270 
f 1270/1270/1270 1264/1264/1264 1265/1265/1265 
f 1270/1270/1270 1265/1265/1265 1271/1271/1271 
f 1272/1272/1272 1273/1273/1273 1271/1271/1271 
f 1272/1272/1272 1271/1271/1271 1274/1274/1274 
f 1275/1275/1275 1276/1276/1276 1272/1272/1272 
f 1275/1275/1275 1272/1272/1272 1277/1277/1277 
f 1276/1276/1276 1273/1273/1273 1272/1272/1272 
f 1277/1277/1277 1272/1272/1272 1274/1274/1274 
f 1276/1276/1276 1278/1278/1278 1273/1273/1273 
f 1279/1279/1279 1280/1280/1280 1276/1276/1276 
f 1279/1279/1279 1276/1276/1276 1275/1275/1275 
f 1280/1280/1280 1278/1278/1278 1276/1276/1276 
f 1281/1281/1281 1275/1275/1275 1277/1277/1277 
f 1282/1282/1282 1279/1279/1279 1275/1275/1275 
f 1282/1282/1282 1275/1275/1275 1281/1281/1281 
f 1281/1281/1281 1277/1277/1277 1283/1283/1283 
f 1277/1277/1277 1274/1274/1274 1284/1284/1284 
f 1283/1283/1283 1277/1277/1277 1284/1284/1284 
f 1283/1283/1283 1284/1284/1284 1285/1285/1285 
f 1282/1282/1282 1286/1286/1286 1287/1287/1287 
f 1282/1282/1282 1287/1287/1287 1288/1288/1288 
f 1288/1288/1288 1287/1287/1287 1289/1289/1289 
f 1288/1288/1288 1289/1289/1289 1290/1290/1290 
f 1291/1291/1291 1290/1290/1290 1289/1289/1289 
f 1291/1291/1291 1289/1289/1289 1292/1292/1292 
f 1280/1280/1280 1293/1293/1293 1278/1278/1278 
f 1293/1293/1293 1294/1294/1294 1267/1267/1267 
f 1293/1293/1293 1267/1267/1267 1269/1269/1269 
f 1294/1294/1294 1295/1295/1295 1268/1268/1268 
f 1294/1294/1294 1268/1268/1268 1267/1267/1267 
f 1295/1295/1295 1296/1296/1296 1266/1266/1266 
f 1295/1295/1295 1266/1266/1266 1268/1268/1268 
f 1240/1240/1240 1242/1242/1242 1296/1296/1296 

g R6Builderman10

v -16.6681 4.30192 17.753 
v -16.6684 4.28874 17.754 
v -16.7055 4.29243 17.7669 
v -16.6432 4.29878 17.7452 
v -16.6631 4.26681 17.7549 
v -16.6373 4.28532 17.7437 
v -16.6787 4.30834 17.7572 
v -16.7059 4.2709 17.7701 
v -16.6595 4.23484 17.7619 
v -16.7173 4.24215 17.7841 
v -16.7187 4.31105 17.7716 
v -16.66 4.32078 17.75 
v -16.6787 4.30834 17.7572 
v -16.6621 4.32072 17.7507 
v -16.6551 4.32089 17.7484 
v -16.6681 4.30192 17.753 
v -16.6432 4.29878 17.7452 
v -16.684 4.32026 17.7593 
v -16.684 4.32026 17.7593 
v -16.6223 4.26334 17.7431 
v -16.5993 4.28431 17.7337 
v -16.6146 4.29788 17.7365 
v -16.6008 4.22773 17.7467 
v -16.6177 4.20294 17.7608 
v -16.6343 4.32099 17.742 
v -16.6146 4.29788 17.7365 
v -16.6066 4.32099 17.7339 
v -16.6343 4.32099 17.742 
v -16.6093 4.32167 17.7533 
v -16.6066 4.32099 17.7339 
v -16.6093 4.32167 17.7533 
v -16.6343 4.32098 17.742 
v -16.6066 4.32098 17.7339 
v -16.6366 4.2496 17.7893 
v -16.6093 4.32167 17.7533 
v -16.6352 4.32254 17.7612 
v -16.6928 4.20973 17.7829 
v -16.7663 4.25629 17.8063 
v -16.7713 4.21959 17.8162 
v -16.7038 4.17291 17.8117 
v -16.7607 4.29532 17.7928 
v -16.7799 4.32537 17.7986 
v -16.8094 4.29448 17.8177 
v -16.8352 4.33481 17.8259 
v -16.6966 4.25656 17.8104 
v -16.6626 4.32365 17.7707 
v -16.7077 4.28119 17.8135 
v -16.6221 4.16947 17.7846 
v -16.6235 4.27133 17.8244 
v -16.6043 4.24674 17.7807 
v -16.6552 4.2729 17.8312 
v -16.6705 4.25299 17.7998 
v -16.6801 4.27413 17.8367 
v -16.6966 4.25656 17.8104 
v -16.6291 4.12273 17.8294 
v -16.6577 4.32367 17.7687 
v -16.6577 4.32367 17.7687 
v -16.6653 4.32379 17.7719 
v -16.6551 4.32089 17.7484 
v -16.6352 4.32254 17.7612 
v -16.684 4.32026 17.7593 
v -16.6795 4.33386 17.7581 
v -16.66 4.32078 17.75 
v -16.6621 4.32072 17.7507 
v -16.6626 4.32365 17.7707 
v -16.66 4.32078 17.75 
v -16.6626 4.32365 17.7707 
v -16.66 4.32078 17.75 
v -16.6577 4.32367 17.7687 
v -16.6577 4.32367 17.7687 
v -16.6692 4.34152 17.7536 
v -16.6551 4.32089 17.7484 
v -16.6692 4.34152 17.7536 
v -16.6955 4.40328 17.7619 
v -16.6448 4.34661 17.7457 
v -16.6593 4.41164 17.7485 
v -16.7023 4.48752 17.7583 
v -16.7138 4.38024 17.7701 
v -16.6795 4.33386 17.7581 
v -16.7201 4.35863 17.7735 
v -16.6352 4.32254 17.7612 
v -16.6551 4.32089 17.7484 
v -16.6448 4.34661 17.7457 
v -16.6343 4.32098 17.742 
v -16.6382 4.49306 17.7374 
v -16.6136 4.41416 17.7337 
v -16.6157 4.34817 17.7366 
v -16.6157 4.34817 17.7366 
v -16.6066 4.32098 17.7339 
v -16.7265 4.33326 17.7752 
v -16.7956 4.36836 17.8043 
v -16.7896 4.39772 17.7983 
v -16.7709 4.44403 17.7873 
v -16.7443 4.47079 17.7764 
v -16.8454 4.37454 17.8304 
v -16.8389 4.42344 17.8231 
v -16.6577 4.32367 17.7687 
v -16.708 4.41697 17.8069 
v -16.6626 4.32365 17.7707 
v -16.6653 4.32379 17.7719 
v -16.6621 4.32072 17.7507 
v -16.6626 4.32365 17.7707 
v -16.6653 4.32379 17.7719 
v -16.7188 4.35981 17.8115 
v -16.6384 4.46633 17.7811 
v -16.6352 4.32254 17.7612 
v -16.6093 4.32167 17.7533 
v -16.6719 4.46607 17.7915 
v -16.6025 4.46664 17.7723 
v -16.6972 4.46494 17.8026 
v -16.6801 4.44339 17.8295 
v -16.6235 4.35925 17.8214 
v -16.6235 4.44104 17.8172 
v -16.5922 4.43984 17.8119 
v -16.5784 4.26435 17.7328 
v -16.5655 4.2835 17.7272 
v -16.5352 4.2624 17.7265 
v -16.5433 4.22482 17.7368 
v -16.5494 4.20257 17.7502 
v -16.5791 4.32099 17.7274 
v -16.5575 4.29764 17.7243 
v -16.5853 4.29764 17.7294 
v -16.5853 4.29764 17.7294 
v -16.5575 4.29764 17.7243 
v -16.5314 4.28688 17.7225 
v -16.554 4.32099 17.7232 
v -16.5286 4.2976 17.7213 
v -16.5 4.26316 17.7251 
v -16.5 4.22439 17.7349 
v -16.5 4.20268 17.7489 
v -16.5 4.28652 17.7213 
v -16.5286 4.2976 17.7213 
v -16.5275 4.32099 17.7207 
v -16.5 4.29749 17.7198 
v -16.5 4.29749 17.7198 
v -16.5418 4.24512 17.7745 
v -16.5308 4.32034 17.7411 
v -16.5586 4.32061 17.7436 
v -16.5 4.24501 17.7741 
v -16.5 4.32027 17.7407 
v -16.5842 4.32101 17.7471 
v -16.5726 4.24542 17.7756 
v -16.5539 4.16931 17.7721 
v -16.5637 4.26926 17.8152 
v -16.557 4.12201 17.8154 
v -16.5922 4.27013 17.8191 
v -16.5637 4.28574 17.8165 
v -16.5637 4.35717 17.8122 
v -16.5922 4.28662 17.8204 
v -16.5365 4.2852 17.8141 
v -16.5 4.17083 17.7701 
v -16.4999 4.12258 17.8111 
v -16.5365 4.26872 17.8128 
v -16.5 4.2686 17.8123 
v -16.5 4.28508 17.8136 
v -16.4999 4.3565 17.8093 
v -16.5365 4.35663 17.8098 
v -16.5 4.32099 17.7191 
v -16.585 4.34866 17.7286 
v -16.5791 4.32098 17.7274 
v -16.557 4.34868 17.7236 
v -16.554 4.32098 17.7232 
v -16.554 4.32099 17.7232 
v -16.5791 4.32099 17.7274 
v -16.5586 4.32061 17.7436 
v -16.5586 4.32062 17.7436 
v -16.5791 4.32098 17.7274 
v -16.554 4.32098 17.7232 
v -16.585 4.34866 17.7286 
v -16.5717 4.41437 17.7253 
v -16.557 4.34868 17.7236 
v -16.5334 4.4145 17.7207 
v -16.5815 4.49471 17.7264 
v -16.5378 4.4954 17.7209 
v -16.5 4.34872 17.7192 
v -16.5 4.32098 17.7191 
v -16.5275 4.32098 17.7207 
v -16.5275 4.32099 17.7207 
v -16.5 4.32027 17.7407 
v -16.5 4.32099 17.7191 
v -16.5 4.32029 17.7407 
v -16.5275 4.32098 17.7207 
v -16.5 4.32098 17.7191 
v -16.5308 4.32034 17.7411 
v -16.5308 4.32034 17.7411 
v -16.5284 4.34877 17.7207 
v -16.5 4.49549 17.7191 
v -16.5 4.41416 17.7192 
v -16.5284 4.34877 17.7207 
v -16.5 4.34872 17.7192 
v -16.5842 4.32101 17.7471 
v -16.5842 4.32101 17.7471 
v -16.5922 4.35805 17.8161 
v -16.5842 4.32101 17.7471 
v -16.5704 4.46529 17.7672 
v -16.5586 4.32062 17.7436 
v -16.5637 4.43895 17.8079 
v -16.5 4.46477 17.7653 
v -16.5308 4.32034 17.7411 
v -16.5 4.32029 17.7407 
v -16.5348 4.46493 17.7658 
v -16.5 4.43829 17.805 
v -16.5365 4.43842 17.8056 
v -16.9088 4.13523 18.0124 
v -17.0119 4.18633 18.1138 
v -16.9382 4.18597 17.9849 
v -16.8397 4.13222 17.94 
v -16.9088 4.13523 18.0124 
v -16.9382 4.18597 17.9849 
v -16.8621 4.18131 17.9048 
v -16.9747 4.13532 18.1277 
v -17.0119 4.13532 18.2692 
v -17.0515 4.18633 18.2666 
v -16.8828 4.07215 18.1585 
v -16.9161 4.07215 18.2768 
v -17.034 4.23237 18.1045 
v -16.9544 4.23178 17.9663 
v -16.9544 4.23178 17.9663 
v -16.8646 4.22513 17.8744 
v -17.0753 4.23237 18.2652 
v -16.8306 4.07215 18.0685 
v -16.7478 4.05688 18.0769 
v -16.7788 4.05835 18.1025 
v -16.7782 4.07145 18.012 
v -16.8397 4.13222 17.94 
v -16.7341 4.06979 17.9772 
v -16.8261 4.05316 18.2826 
v -16.8051 4.05431 18.1836 
v -16.7871 4.1767 17.8512 
v -16.776 4.12836 17.893 
v -16.9934 4.13532 18.4645 
v -16.9 4.07215 18.4389 
v -17.031 4.18633 18.4762 
v -16.9283 4.13532 18.6047 
v -16.9611 4.18633 18.6257 
v -17.0535 4.23237 18.4838 
v -16.9797 4.23237 18.6406 
v -16.8214 4.18633 18.7731 
v -16.8493 4.07215 18.5552 
v -16.8161 4.0536 18.4168 
v -16.7653 4.04751 18.2864 
v -16.8161 4.0536 18.4168 
v -16.8261 4.05316 18.2826 
v -16.8051 4.05431 18.1836 
v -16.7575 4.04751 18.4088 
v -16.7801 4.05484 18.5077 
v -16.7801 4.05484 18.5077 
v -16.7255 4.0548 18.5697 
v -16.7939 4.13532 18.741 
v -16.742 4.07215 18.6613 
v -16.8328 4.23237 18.7916 
v -16.9007 4.28155 17.8813 
v -16.9785 4.33482 17.9601 
v -17.0512 4.28979 18.0975 
v -17.0547 4.34481 18.0954 
v -16.9742 4.28832 17.9611 
v -17.0977 4.3462 18.2632 
v -17.0934 4.29133 18.2633 
v -16.98 4.39461 17.9607 
v -17.0553 4.40419 18.095 
v -16.9808 4.46438 17.9616 
v -16.904 4.37911 17.8777 
v -16.9785 4.33482 17.9601 
v -16.98 4.39461 17.9607 
v -16.9004 4.45027 17.8746 
v -16.9808 4.46438 17.9616 
v -17.098 4.47376 18.263 
v -17.0981 4.40435 18.2632 
v -16.9043 4.32851 17.8793 
v -16.9742 4.28832 17.9611 
v -17.0712 4.28873 18.4862 
v -16.9959 4.28929 18.6483 
v -17.0756 4.34482 18.4882 
v -17.0753 4.40392 18.4909 
v -16.9997 4.34483 18.6516 
v -16.9985 4.40401 18.6549 
v -17.0747 4.47389 18.4926 
v -16.8452 4.2885 18.8049 
v -16.6754 4.34412 18.8931 
v -16.8481 4.34412 18.8092 
v -16.674 4.28771 18.8878 
v -16.8462 4.40409 18.8119 
v -16.9976 4.47388 18.6564 
v -16.6748 4.40371 18.8942 
v -16.8446 4.47389 18.8131 
v -16.776 4.12836 17.893 
v -16.6789 4.05559 18.026 
v -16.634 4.04751 18.1215 
v -16.7182 4.05688 18.0497 
v -16.6793 4.06765 17.9494 
v -16.6294 4.05268 18.0149 
v -16.6789 4.05559 18.026 
v -16.6026 4.04739 18.0597 
v -16.7478 4.05688 18.0769 
v -16.7376 4.04751 18.1962 
v -16.7788 4.05835 18.1025 
v -16.7182 4.05688 18.0497 
v -16.7063 4.12491 17.8563 
v -16.6176 4.06592 17.9263 
v -16.6294 4.05268 18.0149 
v -16.5738 4.05097 18.0042 
v -16.5557 4.06513 17.9118 
v -16.5 4.05108 17.9961 
v -16.5738 4.05097 18.0042 
v -16.5 4.04736 18.0469 
v -16.5 4.05108 17.9961 
v -16.5 4.04751 18.1042 
v -16.6291 4.12273 17.8294 
v -16.557 4.12201 17.8154 
v -16.5 4.06545 17.9055 
v -16.4999 4.12258 17.8111 
v -16.6339 4.04751 18.2859 
v -16.6352 4.04751 18.4127 
v -16.727 4.04751 18.5008 
v -16.7255 4.0548 18.5697 
v -16.6351 4.04751 18.5398 
v -16.6317 4.05237 18.6171 
v -16.6137 4.07215 18.7232 
v -16.6432 4.13532 18.8117 
v -16.5 4.04751 18.281 
v -16.5 4.04751 18.4214 
v -16.5 4.04751 18.5546 
v -16.6317 4.05237 18.6171 
v -16.5 4.05128 18.6387 
v -16.5 4.05128 18.6387 
v -16.5 4.13532 18.8324 
v -16.5 4.07215 18.7397 
v -16.6801 4.27413 17.8367 
v -16.6902 4.28936 17.8404 
v -16.7001 4.35059 17.8388 
v -16.7063 4.12491 17.8563 
v -16.6902 4.39036 17.8346 
v -16.6801 4.36172 17.8337 
v -16.6537 4.44133 17.824 
v -16.6902 4.39036 17.8346 
v -16.6801 4.29039 17.838 
v -16.6537 4.35955 17.8283 
v -16.6552 4.28936 17.8326 
v -16.6235 4.28781 17.8257 
v -16.7001 4.35059 17.8388 
v -16.658 4.18633 18.8527 
v -16.665 4.23237 18.8731 
v -16.6902 4.28936 17.8404 
v -16.5 4.18633 18.8753 
v -16.5 4.23237 18.8964 
v -16.5 4.28866 18.9133 
v -16.5 4.34479 18.9187 
v -16.5 4.40383 18.9194 
v -16.6741 4.47292 18.8945 
v -17.0551 4.47377 18.0944 
v -16.7436 4.58892 17.7718 
v -16.6654 4.66362 17.7432 
v -16.6598 4.58852 17.7412 
v -16.7445 4.76755 17.7721 
v -16.6645 4.76755 17.7429 
v -16.7468 4.66437 17.7729 
v -16.5979 4.76755 17.7295 
v -16.6491 4.86987 17.7354 
v -16.6421 4.84045 17.7381 
v -16.6503 4.86977 17.7395 
v -16.6416 4.84048 17.7341 
v -16.6398 4.87002 17.7337 
v -16.6522 4.90141 17.7399 
v -16.738 4.87935 17.7707 
v -16.6604 4.87937 17.7411 
v -16.6248 4.81753 17.7309 
v -16.632 4.82305 17.7362 
v -16.6325 4.82311 17.7323 
v -16.6269 4.82312 17.7313 
v -16.6139 4.82312 17.7289 
v -16.6233 4.8165 17.7346 
v -16.5971 4.66314 17.7293 
v -16.5899 4.5887 17.7281 
v -16.6342 4.84049 17.7327 
v -16.6139 4.87012 17.7289 
v -16.6139 4.8405 17.7289 
v -16.817 4.50575 17.81 
v -16.8906 4.52449 17.8664 
v -16.8102 4.58904 17.8079 
v -16.8826 4.66478 17.8597 
v -16.8829 4.5879 17.86 
v -16.8095 4.66478 17.8076 
v -16.8807 4.87935 17.858 
v -16.812 4.76755 17.809 
v -16.8821 4.76755 17.8592 
v -16.8123 4.87935 17.8092 
v -16.9761 4.76755 17.9561 
v -16.9732 4.87935 17.9527 
v -16.6413 4.90165 17.734 
v -16.6514 4.90152 17.7358 
v -16.6491 4.93321 17.7354 
v -16.6398 4.93328 17.7337 
v -16.6499 4.93311 17.7395 
v -16.6437 4.96051 17.7384 
v -16.6423 4.96052 17.7342 
v -16.6349 4.96055 17.7329 
v -16.6314 4.98007 17.7361 
v -16.6642 5.02985 17.75 
v -16.6031 5.02982 17.7377 
v -16.663 5.00042 17.7422 
v -16.6028 5.00037 17.7305 
v -16.6305 4.98007 17.732 
v -16.6139 4.93332 17.7289 
v -16.6139 4.90172 17.7289 
v -16.6013 4.87937 17.7297 
v -16.6139 4.96055 17.7289 
v -16.6258 4.98007 17.7311 
v -16.6239 4.98445 17.7308 
v -16.6225 4.98673 17.7345 
v -16.604 5.06581 17.7542 
v -16.8733 5.00538 17.8672 
v -16.8061 5.00538 17.8184 
v -16.737 5.00538 17.7825 
v -16.8642 5.06581 17.8762 
v -16.798 5.06581 17.8276 
v -16.7544 5.16294 17.8807 
v -16.734 5.06581 17.7927 
v -16.7021 5.16294 17.854 
v -16.8109 5.16294 17.9227 
v -16.7117 5.00018 17.761 
v -16.7021 5.02805 17.7665 
v -16.6677 5.06581 17.7683 
v -16.6463 5.16294 17.8331 
v -16.7021 5.16294 17.854 
v -16.6281 5.2267 17.9319 
v -16.6463 5.16294 17.8331 
v -16.5953 4.82317 17.7256 
v -16.5934 4.8405 17.7252 
v -16.586 4.84053 17.7239 
v -16.5831 4.84052 17.7273 
v -16.5423 4.58867 17.7215 
v -16.6009 4.82312 17.7265 
v -16.603 4.81755 17.7269 
v -16.5477 4.76755 17.7215 
v -16.5461 4.66292 17.7215 
v -16.5746 4.86979 17.7257 
v -16.5876 4.87003 17.7241 
v -16.5783 4.86989 17.7225 
v -16.586 4.90165 17.7238 
v -16.576 4.90152 17.722 
v -16.5485 4.87937 17.7214 
v -16.5 4.58882 17.7191 
v -16.5 4.6629 17.7191 
v -16.5 4.76755 17.7191 
v -16.5 4.87935 17.7203 
v -16.6139 4.81642 17.7289 
v -16.6127 4.81534 17.7327 
v -16.6021 4.81655 17.7308 
v -16.5934 4.82315 17.7292 
v -16.5726 4.90134 17.7252 
v -16.5876 4.93328 17.7241 
v -16.5861 4.96047 17.7239 
v -16.5935 4.96054 17.7251 
v -16.5493 5.00037 17.7222 
v -16.594 4.97993 17.7288 
v -16.5822 4.96038 17.7268 
v -16.5974 4.97999 17.726 
v -16.602 4.98006 17.7267 
v -16.6039 4.98441 17.7272 
v -16.6139 4.98007 17.7289 
v -16.5783 4.93318 17.7225 
v -16.5747 4.93299 17.7256 
v -16.5492 5.02982 17.7292 
v -16.5 5.00125 17.7201 
v -16.5 5.03074 17.7273 
v -16.6139 4.98539 17.729 
v -16.6028 4.98662 17.7312 
v -16.6127 4.98808 17.7328 
v -16.5914 5.16294 17.8201 
v -16.5842 5.2267 17.9178 
v -16.5914 5.16294 17.8201 
v -16.549 5.06581 17.7454 
v -16.5 5.06581 17.7437 
v -16.5387 5.16294 17.8119 
v -16.5001 5.16294 17.8104 
v -16.5387 5.16294 17.8119 
v -16.5 5.2267 17.9056 
v -16.5001 5.16294 17.8104 
v -16.541 5.2267 17.9095 
v -16.9789 4.66478 17.9594 
v -17.098 4.54777 18.2629 
v -17.0549 4.5478 18.0939 
v -16.9811 4.53845 17.962 
v -17.098 4.5953 18.2628 
v -17.074 4.54776 18.4946 
v -16.9804 4.58752 17.9612 
v -17.0547 4.59689 18.0934 
v -17.098 4.66478 18.2628 
v -17.0546 4.66478 18.093 
v -17.098 4.76755 18.2629 
v -17.0543 4.76755 18.0923 
v -17.0981 4.87935 18.2634 
v -16.9789 4.66478 17.9594 
v -16.9811 4.53845 17.962 
v -16.9804 4.58752 17.9612 
v -16.9761 4.76755 17.9561 
v -17.0529 4.87935 18.0885 
v -17.0734 4.59531 18.4961 
v -16.9969 4.54782 18.6576 
v -17.0729 4.66478 18.4975 
v -17.0732 4.87935 18.4968 
v -17.0725 4.76755 18.4988 
v -16.9966 4.59532 18.6582 
v -16.9962 4.66478 18.6589 
v -16.8438 4.54788 18.8136 
v -16.8436 4.59539 18.8137 
v -16.9968 4.87935 18.6578 
v -16.9958 4.76755 18.6596 
v -16.8434 4.66478 18.8138 
v -16.8459 4.87935 18.8121 
v -16.8436 4.76755 18.8137 
v -16.9649 5.00538 17.9609 
v -17.0417 5.00538 18.0918 
v -16.9732 4.87935 17.9527 
v -17.0873 5.00538 18.2653 
v -17.0297 5.06581 18.0956 
v -16.9545 5.06581 17.968 
v -16.898 5.16294 18.0042 
v -16.971 5.16294 18.1221 
v -17.0754 5.06581 18.2666 
v -17.011 5.16294 18.2714 
v -16.9144 5.2267 18.2777 
v -16.9649 5.00538 17.9609 
v -16.898 5.16294 18.0042 
v -16.9545 5.06581 17.968 
v -16.8791 5.2267 18.152 
v -16.8106 5.2267 18.0444 
v -16.8109 5.16294 17.9227 
v -16.7991 5.25027 18.286 
v -16.7729 5.25027 18.1917 
v -16.788 5.25027 18.4118 
v -16.9011 5.2267 18.4428 
v -17.0637 5.00538 18.491 
v -17.0525 5.06581 18.487 
v -16.9894 5.00538 18.6482 
v -16.9793 5.06581 18.6413 
v -16.9927 5.16294 18.4662 
v -16.9276 5.16294 18.6042 
v -16.8412 5.00538 18.8004 
v -16.8344 5.06581 18.7893 
v -16.7953 5.16294 18.7379 
v -16.7574 5.25027 18.4985 
v -16.8504 5.2267 18.5598 
v -16.7335 5.25027 18.1111 
v -16.6728 5.00538 18.8827 
v -16.7465 5.2267 17.9897 
v -16.7544 5.16294 17.8807 
v -16.6699 5.06581 18.8706 
v -16.6745 4.87935 18.8943 
v -16.6463 5.16294 18.809 
v -16.7428 5.2267 18.6659 
v -16.7076 5.2267 17.966 
v -16.6694 5.2267 17.9485 
v -16.6924 5.25027 18.0716 
v -16.6682 5.25027 18.0574 
v -16.6224 5.2267 18.7223 
v -16.5 5.2267 18.74 
v -16.5 5.16294 18.8313 
v -16.6039 5.25027 18.0354 
v -16.5415 5.25027 18.025 
v -16.5 5.25027 18.0212 
v -16.5939 5.25027 18.6067 
v -16.5 5.25027 18.6166 
v -16.6735 4.54717 18.8947 
v -16.6733 4.59539 18.8947 
v -16.6733 4.66478 18.8947 
v -16.5 4.47295 18.9194 
v -16.6736 4.76755 18.8946 
v -16.5 4.87935 18.9194 
v -16.5 4.76755 18.9194 
v -16.5 4.54722 18.9194 
v -16.5 4.59542 18.9194 
v -16.5 4.66478 18.9194 
v -16.5 5.00538 18.9083 
v -16.5 5.06581 18.8962 
v -16.7024 5.25027 18.114 
v -16.6464 5.24991 18.1962 
v -16.6357 5.24991 18.087 
v -16.7236 5.24991 18.193 
v -16.6547 5.24991 18.2894 
v -16.7729 5.25027 18.1917 
v -16.7379 5.24991 18.2885 
v -16.6924 5.25027 18.0716 
v -16.7335 5.25027 18.1111 
v -16.6682 5.25027 18.0574 
v -16.7991 5.25027 18.286 
v -16.569 5.24991 18.1993 
v -16.557 5.24991 18.0691 
v -16.5 5.24991 18.1987 
v -16.5713 5.24991 18.2883 
v -16.5 5.24991 18.2899 
v -16.5415 5.25027 18.025 
v -16.6039 5.25027 18.0354 
v -16.5 5.24991 18.0661 
v -16.5 5.25027 18.0212 
v -16.6595 5.24991 18.3995 
v -16.746 5.24991 18.4005 
v -16.7325 5.24991 18.4785 
v -16.6749 5.24991 18.5231 
v -16.6802 5.25027 18.5709 
v -16.788 5.25027 18.4118 
v -16.7574 5.25027 18.4985 
v -16.6802 5.25027 18.5709 
v -16.5879 5.24991 18.5586 
v -16.5726 5.24991 18.398 
v -16.5 5.24991 18.3985 
v -16.5 5.24991 18.5707 
v -16.5939 5.25027 18.6067 
v -16.5 5.25027 18.6166 
v -16.4726 4.32098 17.7207 
v -16.4686 4.28687 17.7225 
v -16.4647 4.26239 17.7265 
v -16.4345 4.2835 17.7272 
v -16.4567 4.2248 17.7368 
v -16.4507 4.20257 17.7503 
v -16.4714 4.2976 17.7213 
v -16.4726 4.32099 17.7207 
v -16.4714 4.2976 17.7213 
v -16.4425 4.29764 17.7243 
v -16.446 4.32099 17.7232 
v -16.4425 4.29764 17.7243 
v -16.4692 4.32034 17.7411 
v -16.4582 4.24509 17.7745 
v -16.4414 4.3206 17.7436 
v -16.4217 4.26435 17.7328 
v -16.3994 4.22783 17.7468 
v -16.3777 4.26334 17.7431 
v -16.3825 4.20294 17.7612 
v -16.4007 4.28431 17.7337 
v -16.4147 4.29764 17.7294 
v -16.4209 4.32099 17.7274 
v -16.4147 4.29764 17.7294 
v -16.3854 4.29788 17.7365 
v -16.3934 4.32099 17.7339 
v -16.3854 4.29788 17.7365 
v -16.4274 4.24539 17.7756 
v -16.4158 4.32101 17.7471 
v -16.446 4.16931 17.7722 
v -16.4635 4.2687 17.8128 
v -16.443 4.12201 17.8149 
v -16.4363 4.26924 17.8152 
v -16.4635 4.28519 17.8141 
v -16.4635 4.35662 17.8098 
v -16.4363 4.28573 17.8165 
v -16.3777 4.16947 17.7846 
v -16.4078 4.27015 17.8191 
v -16.3957 4.24676 17.7807 
v -16.3708 4.12273 17.8293 
v -16.3907 4.32167 17.7533 
v -16.3765 4.27135 17.8244 
v -16.4363 4.35716 17.8122 
v -16.4078 4.28663 17.8204 
v -16.4726 4.32098 17.7207 
v -16.4726 4.32099 17.7207 
v -16.446 4.32098 17.7232 
v -16.4692 4.32043 17.7411 
v -16.446 4.32099 17.7232 
v -16.4692 4.32034 17.7411 
v -16.4716 4.34877 17.7207 
v -16.446 4.32098 17.7232 
v -16.4716 4.34877 17.7207 
v -16.4668 4.41451 17.7207 
v -16.4431 4.34868 17.7236 
v -16.4431 4.34868 17.7236 
v -16.4626 4.4954 17.7209 
v -16.4285 4.41438 17.7252 
v -16.4209 4.32098 17.7274 
v -16.415 4.34866 17.7286 
v -16.3934 4.32098 17.7339 
v -16.4209 4.32098 17.7274 
v -16.4414 4.32061 17.7436 
v -16.4414 4.3206 17.7436 
v -16.4209 4.32099 17.7274 
v -16.3843 4.34817 17.7366 
v -16.415 4.34866 17.7286 
v -16.4188 4.49472 17.7264 
v -16.3864 4.41416 17.7337 
v -16.3843 4.34817 17.7366 
v -16.4692 4.32043 17.7411 
v -16.4414 4.32061 17.7436 
v -16.4652 4.46493 17.7658 
v -16.4635 4.43842 17.8056 
v -16.4296 4.46529 17.7672 
v -16.4363 4.43895 17.8079 
v -16.4158 4.32101 17.7471 
v -16.4158 4.32101 17.7471 
v -16.4158 4.32101 17.7471 
v -16.3934 4.32099 17.7339 
v -16.3934 4.32098 17.7339 
v -16.3907 4.32167 17.7533 
v -16.3907 4.32167 17.7533 
v -16.4078 4.35806 17.8161 
v -16.4078 4.43984 17.8119 
v -16.3975 4.46664 17.7723 
v -16.3907 4.32167 17.7533 
v -16.3765 4.35925 17.8214 
v -16.3765 4.44104 17.8172 
v -16.3657 4.32099 17.742 
v -16.3627 4.28532 17.7437 
v -16.3369 4.26681 17.7549 
v -16.3568 4.29878 17.7452 
v -16.3316 4.28874 17.754 
v -16.3406 4.23484 17.762 
v -16.3657 4.32098 17.742 
v -16.3657 4.32099 17.742 
v -16.3568 4.29878 17.7452 
v -16.3449 4.32089 17.7484 
v -16.3634 4.24962 17.7893 
v -16.3648 4.32254 17.7612 
v -16.3449 4.32089 17.7484 
v -16.3648 4.32254 17.7612 
v -16.3319 4.30192 17.753 
v -16.3319 4.30192 17.753 
v -16.2945 4.29243 17.7669 
v -16.2941 4.2709 17.7701 
v -16.2826 4.24225 17.7841 
v -16.3213 4.30834 17.7573 
v -16.34 4.32078 17.75 
v -16.3213 4.30834 17.7573 
v -16.3379 4.32072 17.7508 
v -16.316 4.32026 17.7594 
v -16.316 4.32026 17.7594 
v -16.2813 4.31104 17.7716 
v -16.3075 4.20973 17.7834 
v -16.2964 4.17291 17.8115 
v -16.3448 4.2729 17.8312 
v -16.3295 4.25299 17.7998 
v -16.3199 4.27411 17.8367 
v -16.3034 4.25654 17.8104 
v -16.3423 4.32367 17.7687 
v -16.3034 4.25654 17.8104 
v -16.3374 4.32365 17.7707 
v -16.3423 4.32367 17.7687 
v -16.2923 4.28119 17.8135 
v -16.3347 4.32379 17.7719 
v -16.2336 4.25629 17.8063 
v -16.2282 4.21959 17.8164 
v -16.2393 4.29532 17.7928 
v -16.2201 4.32537 17.7986 
v -16.1907 4.29448 17.8177 
v -16.1648 4.33481 17.8259 
v -16.3449 4.32089 17.7484 
v -16.3648 4.32254 17.7612 
v -16.3423 4.32367 17.7687 
v -16.34 4.32078 17.75 
v -16.34 4.32078 17.75 
v -16.3423 4.32367 17.7687 
v -16.3449 4.32089 17.7484 
v -16.3657 4.32098 17.742 
v -16.3552 4.34661 17.7457 
v -16.3407 4.41165 17.7485 
v -16.3618 4.49306 17.7374 
v -16.3552 4.34661 17.7457 
v -16.3308 4.34152 17.7536 
v -16.3374 4.32365 17.7707 
v -16.34 4.32078 17.75 
v -16.3205 4.33386 17.7582 
v -16.316 4.32026 17.7594 
v -16.3379 4.32072 17.7508 
v -16.3374 4.32365 17.7707 
v -16.3205 4.33386 17.7582 
v -16.2736 4.33326 17.7752 
v -16.3045 4.40328 17.7619 
v -16.3308 4.34152 17.7536 
v -16.2977 4.48752 17.7583 
v -16.2799 4.35863 17.7735 
v -16.2862 4.38024 17.7701 
v -16.3347 4.32379 17.7719 
v -16.2919 4.41741 17.8068 
v -16.3423 4.32367 17.7687 
v -16.3374 4.32365 17.7707 
v -16.2812 4.35983 17.8115 
v -16.3648 4.32254 17.7612 
v -16.3616 4.46633 17.7811 
v -16.3281 4.46607 17.7915 
v -16.3028 4.46494 17.8026 
v -16.3199 4.44339 17.8295 
v -16.2044 4.36836 17.8043 
v -16.2104 4.39772 17.7983 
v -16.2291 4.44403 17.7873 
v -16.2557 4.47079 17.7764 
v -16.1611 4.42344 17.8231 
v -16.1546 4.37454 17.8304 
v -16.3099 4.39076 17.8345 
v -16.4263 4.05109 18.0042 
v -16.4442 4.06513 17.9116 
v -16.4263 4.05109 18.0042 
v -16.3706 4.05292 18.0151 
v -16.3974 4.04739 18.0597 
v -16.3212 4.05588 18.0261 
v -16.366 4.04751 18.1215 
v -16.3823 4.06592 17.9258 
v -16.3706 4.05292 18.0151 
v -16.443 4.12201 17.8149 
v -16.3708 4.12273 17.8293 
v -16.3204 4.06765 17.949 
v -16.3212 4.05588 18.0261 
v -16.2817 4.05695 18.0498 
v -16.2658 4.06979 17.9772 
v -16.2817 4.05695 18.0498 
v -16.2522 4.05689 18.0769 
v -16.2623 4.04751 18.1962 
v -16.2211 4.05835 18.1025 
v -16.2216 4.07145 18.0117 
v -16.2522 4.05689 18.0769 
v -16.2935 4.12491 17.8561 
v -16.2238 4.12836 17.8929 
v -16.1948 4.05432 18.1836 
v -16.3661 4.04751 18.2859 
v -16.3641 4.04751 18.4127 
v -16.3645 4.04751 18.5398 
v -16.3683 4.05237 18.6171 
v -16.386 4.07215 18.7235 
v -16.5 4.05128 18.6387 
v -16.3683 4.05237 18.6171 
v -16.2745 4.05479 18.5697 
v -16.258 4.07215 18.6615 
v -16.5 4.13532 18.8324 
v -16.5 4.07215 18.7397 
v -16.2729 4.04751 18.5008 
v -16.2347 4.04751 18.2864 
v -16.2425 4.04751 18.4088 
v -16.184 4.0536 18.4168 
v -16.2199 4.05485 18.5077 
v -16.2745 4.05479 18.5697 
v -16.1502 4.07215 18.5552 
v -16.3565 4.13532 18.812 
v -16.3765 4.28783 17.8257 
v -16.3448 4.28938 17.8326 
v -16.3463 4.35957 17.8283 
v -16.3463 4.44133 17.824 
v -16.3199 4.36229 17.8337 
v -16.3199 4.29073 17.838 
v -16.3199 4.27411 17.8367 
v -16.2129 4.1767 17.8511 
v -16.3099 4.28936 17.8404 
v -16.2935 4.12491 17.8561 
v -16.2999 4.3506 17.8388 
v -16.3099 4.39076 17.8345 
v -16.2999 4.3506 17.8388 
v -16.5 4.18633 18.8753 
v -16.342 4.18633 18.8527 
v -16.335 4.23237 18.8731 
v -16.5 4.23237 18.8964 
v -16.5 4.28866 18.9133 
v -16.326 4.28766 18.8878 
v -16.3246 4.34409 18.8931 
v -16.5 4.34479 18.9187 
v -16.3252 4.4037 18.8942 
v -16.3099 4.28936 17.8404 
v -16.5 4.40383 18.9194 
v -16.3259 4.47292 18.8945 
v -16.2238 4.12836 17.8929 
v -16.1603 4.13222 17.9399 
v -16.206 4.13532 18.741 
v -16.1784 4.18633 18.7731 
v -16.1673 4.23237 18.7916 
v -16.1546 4.28849 18.8047 
v -16.1538 4.40409 18.8118 
v -16.1695 4.07215 18.0684 
v -16.2211 4.05835 18.1025 
v -16.1166 4.07215 18.1584 
v -16.1948 4.05432 18.1836 
v -16.1739 4.05316 18.2826 
v -16.0912 4.13523 18.0126 
v -16.1351 4.22513 17.8748 
v -16.1379 4.18131 17.9048 
v -16.1603 4.13222 17.9399 
v -16.0618 4.18597 17.985 
v -16.0912 4.13523 18.0126 
v -16.0618 4.18597 17.985 
v -15.9882 4.18633 18.1137 
v -16.0252 4.13532 18.1277 
v -16.0836 4.07215 18.2768 
v -15.9484 4.18633 18.2666 
v -15.988 4.13532 18.2691 
v -16.0452 4.23178 17.9669 
v -16.0452 4.23178 17.9669 
v -15.966 4.23237 18.1045 
v -15.9248 4.23237 18.2648 
v -16.1739 4.05316 18.2826 
v -16.184 4.0536 18.4168 
v -16.2199 4.05485 18.5077 
v -16.1002 4.07215 18.439 
v -16.0716 4.13532 18.6048 
v -16.0202 4.23237 18.6406 
v -16.0067 4.13532 18.4644 
v -16.0389 4.18633 18.6258 
v -15.969 4.18633 18.4762 
v -15.9466 4.23237 18.4838 
v -16.0989 4.28159 17.8816 
v -16.0957 4.32851 17.8793 
v -16.0258 4.28824 17.9612 
v -16.096 4.37914 17.8776 
v -16.0996 4.45027 17.8746 
v -16.0199 4.39458 17.9608 
v -16.0215 4.33471 17.9601 
v -16.0258 4.28824 17.9612 
v -15.9487 4.28982 18.0978 
v -16.0215 4.33471 17.9601 
v -15.9452 4.34473 18.0955 
v -15.9061 4.29128 18.2634 
v -15.9023 4.34614 18.2632 
v -16.0199 4.39458 17.9608 
v -16.0194 4.46437 17.9614 
v -16.0194 4.46437 17.9614 
v -15.9447 4.40415 18.0949 
v -15.9449 4.47377 18.0944 
v -15.902 4.47377 18.2631 
v -15.9019 4.40433 18.2633 
v -16.0041 4.28928 18.6482 
v -16.0003 4.3448 18.6514 
v -15.9288 4.28876 18.4861 
v -16.1518 4.34412 18.8091 
v -15.9244 4.34485 18.4881 
v -16.0023 4.47389 18.6563 
v -16.0015 4.40401 18.6548 
v -15.9247 4.40392 18.4909 
v -16.1549 4.4739 18.8127 
v -15.9253 4.47391 18.4927 
v -16.4577 4.58867 17.7215 
v -16.4539 4.66292 17.7215 
v -16.4101 4.5887 17.7281 
v -16.4524 4.76755 17.7215 
v -16.4514 4.87937 17.7214 
v -16.403 4.66314 17.7293 
v -16.4021 4.76755 17.7295 
v -16.4046 4.82311 17.7249 
v -16.4169 4.84045 17.7266 
v -16.4139 4.84048 17.7232 
v -16.4065 4.84049 17.7246 
v -16.3989 4.82312 17.7259 
v -16.3968 4.81753 17.7263 
v -16.386 4.8405 17.7284 
v -16.4216 4.86987 17.7217 
v -16.4254 4.86977 17.7249 
v -16.4239 4.90152 17.7212 
v -16.4139 4.90165 17.7231 
v -16.4123 4.87002 17.7234 
v -16.386 4.87012 17.7284 
v -16.4066 4.82305 17.7284 
v -16.3986 4.87937 17.7297 
v -16.386 4.90173 17.7284 
v -16.386 4.82312 17.7284 
v -16.3979 4.8165 17.7301 
v -16.3873 4.81534 17.7321 
v -16.386 4.81642 17.7284 
v -16.3767 4.81655 17.7341 
v -16.3402 4.58852 17.7412 
v -16.3347 4.66362 17.7432 
v -16.3751 4.81755 17.7304 
v -16.373 4.82312 17.7308 
v -16.3397 4.87937 17.7411 
v -16.3657 4.8405 17.7322 
v -16.4274 4.90134 17.7252 
v -16.4508 5.00039 17.7222 
v -16.4216 4.93321 17.7217 
v -16.4253 4.93299 17.7256 
v -16.4123 4.93328 17.7234 
v -16.4508 5.02983 17.7292 
v -16.4138 4.96052 17.7231 
v -16.4178 4.96038 17.7268 
v -16.3972 5.00037 17.7305 
v -16.4064 4.96055 17.7245 
v -16.386 4.93332 17.7284 
v -16.386 4.96055 17.7284 
v -16.406 4.97993 17.7288 
v -16.4025 4.98007 17.7253 
v -16.3979 4.98007 17.7261 
v -16.3959 4.98445 17.7265 
v -16.386 4.98007 17.7284 
v -16.3971 4.98673 17.7303 
v -16.4508 5.06581 17.7454 
v -16.3971 5.02982 17.7376 
v -16.4614 5.16294 17.8119 
v -16.4087 5.16294 17.8201 
v -16.3967 5.06581 17.7541 
v -16.4614 5.16294 17.8119 
v -16.459 5.2267 17.9095 
v -16.4087 5.16294 17.8201 
v -16.4158 5.2267 17.9178 
v -16.376 4.9844 17.7303 
v -16.386 4.98539 17.7284 
v -16.374 4.98006 17.7306 
v -16.365 4.96054 17.7324 
v -16.3873 4.98815 17.7321 
v -16.3775 4.98669 17.734 
v -16.3537 5.16294 17.8331 
v -16.3537 5.16294 17.8331 
v -16.3674 4.82318 17.7319 
v -16.368 4.82315 17.7357 
v -16.3601 4.87003 17.7332 
v -16.3583 4.84053 17.7337 
v -16.358 4.84052 17.7377 
v -16.3355 4.76755 17.7429 
v -16.2564 4.58891 17.7717 
v -16.2533 4.66437 17.7729 
v -16.2555 4.76755 17.7721 
v -16.3509 4.86989 17.735 
v -16.3498 4.86979 17.7392 
v -16.262 4.87935 17.7707 
v -16.183 4.50575 17.81 
v -16.1899 4.58903 17.8079 
v -16.1877 4.87935 17.8092 
v -16.1905 4.66478 17.8075 
v -16.188 4.76755 17.809 
v -16.1094 4.52447 17.8664 
v -16.1174 4.66478 17.8597 
v -16.117 4.58789 17.86 
v -16.1193 4.87935 17.858 
v -16.1179 4.76755 17.8592 
v -16.0268 4.87935 17.9526 
v -16.0239 4.76755 17.9561 
v -16.3477 4.90134 17.7389 
v -16.3601 4.93328 17.7332 
v -16.3585 4.90165 17.7335 
v -16.3695 4.97999 17.7315 
v -16.3577 4.96047 17.7339 
v -16.3685 4.97993 17.7354 
v -16.3368 5.00042 17.7422 
v -16.3509 4.93318 17.735 
v -16.3486 4.90152 17.7354 
v -16.3501 4.93299 17.7385 
v -16.3562 4.96038 17.7375 
v -16.3356 5.02985 17.75 
v -16.2978 5.02807 17.7665 
v -16.2883 5.00019 17.7611 
v -16.263 5.00538 17.7825 
v -16.2659 5.06581 17.7927 
v -16.332 5.06581 17.7685 
v -16.2979 5.16294 17.8541 
v -16.3719 5.2267 17.9319 
v -16.2979 5.16294 17.8541 
v -16.1938 5.00538 17.8185 
v -16.1268 5.00538 17.8671 
v -16.1358 5.06581 17.8761 
v -16.2019 5.06581 17.8276 
v -16.2455 5.16294 17.8808 
v -16.1889 5.16294 17.9229 
v -16.0211 4.66478 17.9594 
v -16.3307 5.2267 17.9485 
v -16.3538 5.16294 18.809 
v -16.2572 5.2267 18.6659 
v -16.3777 5.2267 18.7223 
v -16.5 5.2267 18.74 
v -16.5 5.16294 18.8313 
v -16.3302 5.06581 18.8706 
v -16.2046 5.16294 18.7379 
v -16.5 5.25027 18.6166 
v -16.4585 5.25027 18.025 
v -16.3962 5.25027 18.0354 
v -16.3318 5.25027 18.0574 
v -16.2925 5.2267 17.966 
v -16.4062 5.25027 18.6067 
v -16.2535 5.2267 17.9897 
v -16.2455 5.16294 17.8808 
v -16.1657 5.06581 18.7894 
v -16.3273 5.00538 18.8827 
v -16.1589 5.00538 18.8005 
v -16.3255 4.87935 18.8943 
v -16.1542 4.87935 18.8121 
v -16.1562 4.54788 18.8136 
v -16.1564 4.76755 18.8137 
v -16.1889 5.16294 17.9229 
v -16.1894 5.2267 18.0444 
v -16.3077 5.25027 18.0716 
v -16.1496 5.2267 18.5598 
v -16.2427 5.25027 18.4985 
v -16.1565 4.59539 18.8137 
v -16.3265 4.54717 18.8947 
v -16.5 4.47295 18.9194 
v -16.3267 4.66478 18.8947 
v -16.5 4.59542 18.9194 
v -16.3267 4.59539 18.8947 
v -16.5 4.54722 18.9194 
v -16.5 4.66478 18.9194 
v -16.5 4.76755 18.9194 
v -16.5 5.06581 18.8962 
v -16.5 5.00538 18.9083 
v -16.5 4.87935 18.9194 
v -16.3264 4.76755 18.8946 
v -16.1566 4.66478 18.8138 
v -16.2665 5.25027 18.1111 
v -16.121 5.2267 18.152 
v -16.4431 5.24991 18.0691 
v -16.431 5.24991 18.1993 
v -16.3643 5.24991 18.087 
v -16.3537 5.24991 18.1962 
v -16.4288 5.24991 18.2883 
v -16.4585 5.25027 18.025 
v -16.3962 5.25027 18.0354 
v -16.3318 5.25027 18.0574 
v -16.2976 5.25031 18.114 
v -16.2271 5.25027 18.1916 
v -16.3453 5.24991 18.2894 
v -16.2765 5.24991 18.193 
v -16.2622 5.24991 18.2885 
v -16.2271 5.25027 18.1916 
v -16.3077 5.25027 18.0716 
v -16.2665 5.25027 18.1111 
v -16.2009 5.25027 18.286 
v -16.4274 5.24991 18.398 
v -16.4122 5.24991 18.5586 
v -16.3251 5.24991 18.5231 
v -16.3406 5.24991 18.3995 
v -16.4062 5.25027 18.6067 
v -16.3198 5.25027 18.5708 
v -16.2676 5.24991 18.4785 
v -16.2541 5.24991 18.4005 
v -16.3198 5.25027 18.5708 
v -16.212 5.25027 18.4118 
v -16.2427 5.25027 18.4985 
v -16.0989 5.2267 18.4428 
v -16.212 5.25027 18.4118 
v -16.0188 4.53843 17.9621 
v -16.0196 4.58751 17.9613 
v -16.0196 4.58751 17.9613 
v -15.9451 4.5478 18.0939 
v -16.0188 4.53843 17.9621 
v -16.0211 4.66478 17.9594 
v -16.0239 4.76755 17.9561 
v -15.9457 4.76755 18.0924 
v -15.9453 4.59688 18.0934 
v -15.9471 4.87935 18.0885 
v -15.9455 4.66478 18.0928 
v -15.902 4.54778 18.263 
v -15.902 4.59528 18.2629 
v -15.902 4.76755 18.263 
v -15.902 4.66478 18.2629 
v -15.9019 4.87935 18.2634 
v -15.9261 4.54778 18.4947 
v -16.0034 4.59532 18.6581 
v -16.003 4.54783 18.6574 
v -15.9266 4.59531 18.4962 
v -16.0038 4.66478 18.6588 
v -16.0042 4.76755 18.6596 
v -15.9276 4.76755 18.4988 
v -15.9271 4.66478 18.4975 
v -15.9268 4.87935 18.4969 
v -16.0032 4.87935 18.6578 
v -16.1012 5.16294 18.005 
v -16.0349 5.00538 17.9611 
v -16.0451 5.06581 17.9685 
v -16.1012 5.16294 18.005 
v -15.9703 5.06581 18.0956 
v -16.0451 5.06581 17.9685 
v -16.029 5.16294 18.1221 
v -16.0855 5.2267 18.2777 
v -16.2009 5.25027 18.286 
v -15.989 5.16294 18.2714 
v -16.0349 5.00538 17.9611 
v -16.0268 4.87935 17.9526 
v -15.9583 5.00538 18.0918 
v -15.9127 5.00538 18.2653 
v -15.9246 5.06581 18.2666 
v -16.0106 5.00538 18.6482 
v -16.0207 5.06581 18.6412 
v -16.0723 5.16294 18.6041 
v -16.0073 5.16294 18.4662 
v -15.9475 5.06581 18.4871 
v -15.9363 5.00538 18.491 

vn -0.322835 -0.0314961 -0.944882 
vn -0.338583 -0.102362 -0.937008 
vn -0.385827 -0.0944882 -0.913386 
vn -0.299213 -0.023622 -0.952756 
vn -0.338583 -0.204724 -0.92126 
vn -0.291339 -0.11811 -0.952756 
vn -0.346457 0.015748 -0.937008 
vn -0.409449 -0.212598 -0.889764 
vn -0.314961 -0.283465 -0.905512 
vn -0.409449 -0.244094 -0.874016 
vn -0.393701 -0.0393701 -0.913386 
vn -0.354331 0 -0.937008 
vn -0.346457 0.015748 -0.937008 
vn -0.362205 0.023622 -0.929134 
vn -0.307087 -0.015748 -0.952756 
vn -0.322835 -0.0314961 -0.944882 
vn -0.299213 -0.023622 -0.952756 
vn -0.346457 0.023622 -0.937008 
vn -0.346457 0.023622 -0.937008 
vn -0.267717 -0.220472 -0.937008 
vn -0.228346 -0.141732 -0.96063 
vn -0.259843 -0.0393701 -0.96063 
vn -0.212598 -0.322835 -0.92126 
vn -0.228346 -0.480315 -0.850394 
vn -0.291339 -0.015748 -0.96063 
vn -0.259843 -0.0393701 -0.96063 
vn -0.251969 -0.023622 -0.968504 
vn -0.00787402 1 -0.0787402 
vn 0.259843 0.377953 0.889764 
vn 0.00787402 1 -0.0314961 
vn 0.259843 -0.149606 0.952756 
vn 0.00787402 -1 0.0787402 
vn -0.00787402 -1 0.0314961 
vn 0.228346 0.80315 0.559055 
vn 0.259843 0.377953 0.889764 
vn 0.307087 0.362205 0.88189 
vn -0.346457 -0.433071 -0.834646 
vn -0.488189 -0.212598 -0.84252 
vn -0.464567 -0.362205 -0.811024 
vn -0.330709 -0.582677 -0.740157 
vn -0.440945 -0.173228 -0.88189 
vn -0.433071 -0.0629921 -0.897638 
vn -0.511811 -0.212598 -0.834646 
vn -0.551181 -0.0866142 -0.826772 
vn 0.535433 0.76378 0.362205 
vn 0.456693 0.149606 0.874016 
vn 0.96063 0.23622 0.133858 
vn -0.212598 -0.614173 -0.76378 
vn -0.0708661 0.811024 -0.582677 
vn 0.165354 0.811024 0.559055 
vn -0.0866142 0.811024 -0.582677 
vn 0.275591 0.771654 0.566929 
vn 0.291339 0.748031 -0.598425 
vn 0.535433 0.76378 0.362205 
vn -0.181102 -0.787402 -0.590551 
vn 0.370079 0.275591 0.889764 
vn 0.370079 0.275591 0.889764 
vn 0.448819 0.0472441 0.889764 
vn -0.015748 0.992126 -0.110236 
vn 0.307087 0.362205 0.88189 
vn -0.346457 0.023622 -0.937008 
vn -0.362205 -0.00787402 -0.929134 
vn -0.370079 0 -0.929134 
vn -0.511811 0.84252 -0.173228 
vn 0.456693 0.149606 0.874016 
vn -0.0629921 0.984252 -0.141732 
vn 0.409449 -0.0393701 0.913386 
vn 0.0629921 -0.984252 0.141732 
vn 0.370079 0.275591 0.889764 
vn 0.370079 -0.0866142 0.92126 
vn -0.346457 -0.015748 -0.937008 
vn -0.314961 0.015748 -0.952756 
vn -0.346457 -0.015748 -0.937008 
vn -0.346457 -0.0472441 -0.937008 
vn -0.322835 -0.015748 -0.944882 
vn -0.314961 -0.0472441 -0.944882 
vn -0.362205 -0.0393701 -0.929134 
vn -0.354331 -0.0472441 -0.937008 
vn -0.362205 -0.00787402 -0.929134 
vn -0.370079 -0.0393701 -0.929134 
vn 0.314961 -0.133858 0.937008 
vn 0.015748 -0.992126 0.110236 
vn -0.322835 -0.015748 -0.944882 
vn -0.291339 0.00787402 -0.952756 
vn -0.259843 -0.023622 -0.968504 
vn -0.244094 -0.0314961 -0.968504 
vn -0.291339 -0.023622 -0.96063 
vn -0.291339 -0.023622 -0.96063 
vn -0.259843 0.00787402 -0.968504 
vn -0.377953 -0.015748 -0.92126 
vn -0.433071 -0.0472441 -0.897638 
vn -0.425197 -0.0472441 -0.905512 
vn -0.409449 -0.023622 -0.913386 
vn -0.409449 -0.023622 -0.913386 
vn -0.582677 -0.0314961 -0.811024 
vn -0.574803 -0.00787402 -0.818898 
vn 0.370079 -0.0866142 0.92126 
vn 0.944882 -0.181102 0.267717 
vn 0.409449 -0.0393701 0.913386 
vn 0.448819 0.0472441 0.889764 
vn -0.511811 0.84252 -0.173228 
vn 0.409449 -0.0393701 0.913386 
vn 0.448819 0.0472441 0.889764 
vn 0.984252 -0.023622 0.181102 
vn 0.244094 -0.456693 0.850394 
vn 0.314961 -0.133858 0.937008 
vn 0.259843 -0.149606 0.952756 
vn 0.307087 -0.425197 0.850394 
vn 0.165354 -0.480315 0.858268 
vn 0.692913 -0.464567 0.551181 
vn 0.362205 -0.433071 -0.826772 
vn -0.19685 -0.0551181 -0.976378 
vn -0.181102 -0.496063 -0.850394 
vn -0.149606 -0.496063 -0.858268 
vn -0.188976 -0.220472 -0.952756 
vn -0.15748 -0.149606 -0.976378 
vn -0.102362 -0.220472 -0.968504 
vn -0.110236 -0.354331 -0.929134 
vn -0.0944882 -0.519685 -0.850394 
vn -0.19685 -0.023622 -0.976378 
vn -0.141732 -0.0629921 -0.992126 
vn -0.204724 -0.0551181 -0.976378 
vn -0.204724 -0.0551181 -0.976378 
vn -0.141732 -0.0629921 -0.992126 
vn -0.0866142 -0.149606 -0.984252 
vn -0.133858 -0.023622 -0.992126 
vn -0.0787402 -0.0551181 -0.992126 
vn 0 -0.220472 -0.976378 
vn 0 -0.377953 -0.929134 
vn 0 -0.543307 -0.84252 
vn 0 -0.141732 -0.992126 
vn -0.0787402 -0.0551181 -0.992126 
vn -0.0708661 -0.023622 -1 
vn 0 -0.0551181 -1 
vn 0 -0.0551181 -1 
vn 0.0314961 0.818898 0.566929 
vn 0.0314961 0.433071 0.905512 
vn 0.0944882 0.417323 0.905512 
vn 0 0.834646 0.551181 
vn 0 0.433071 0.905512 
vn 0.181102 0.393701 0.897638 
vn 0.0866142 0.80315 0.590551 
vn -0.0944882 -0.622047 -0.779528 
vn -0.0393701 0.818898 -0.574803 
vn -0.0866142 -0.795276 -0.598425 
vn -0.0551181 0.811024 -0.574803 
vn -0.110236 -0.0314961 -0.992126 
vn -0.110236 -0.0551181 -0.992126 
vn -0.149606 -0.0314961 -0.984252 
vn -0.0472441 -0.0314961 -1 
vn 0 -0.622047 -0.787402 
vn 0 -0.795276 -0.606299 
vn -0.015748 0.811024 -0.582677 
vn 0 0.811024 -0.582677 
vn 0 -0.0314961 -1 
vn 0 -0.0551181 -1 
vn -0.0472441 -0.0551181 -1 
vn 0 -0.023622 -1 
vn -0.220472 -0.015748 -0.976378 
vn -0.204724 0 -0.976378 
vn -0.141732 -0.00787402 -0.992126 
vn -0.133858 0 -0.992126 
vn 0.00787402 1 0.023622 
vn 0.00787402 1 0 
vn 0.0944882 0.417323 0.905512 
vn 0.0944882 -0.173228 0.976378 
vn -0.00787402 -1 0 
vn -0.00787402 -1 -0.023622 
vn -0.220472 -0.015748 -0.976378 
vn -0.15748 -0.00787402 -0.984252 
vn -0.141732 -0.00787402 -0.992126 
vn -0.0866142 0 -1 
vn -0.165354 0 -0.984252 
vn -0.0944882 0 -0.992126 
vn 0 0 -1 
vn 0 0 -1 
vn -0.0787402 0 -1 
vn 0.00787402 1 0.0314961 
vn 0 0.433071 0.905512 
vn 0 1 0.0314961 
vn 0 -0.19685 0.976378 
vn -0.00787402 -1 -0.0314961 
vn 0 -1 -0.0314961 
vn 0.0314961 0.433071 0.905512 
vn 0.0393701 -0.188976 0.984252 
vn -0.0787402 0 -1 
vn 0 0 -1 
vn 0 0 -1 
vn -0.0787402 0 -1 
vn 0 0 -1 
vn 0.181102 0.393701 0.897638 
vn 0.188976 -0.165354 0.968504 
vn -0.15748 -0.0551181 -0.984252 
vn 0.188976 -0.165354 0.968504 
vn 0.0787402 -0.464567 0.88189 
vn 0.0944882 -0.173228 0.976378 
vn -0.110236 -0.503937 -0.858268 
vn 0 -0.503937 0.858268 
vn 0.0393701 -0.188976 0.984252 
vn 0 -0.19685 0.976378 
vn 0.0314961 -0.488189 0.874016 
vn 0 -0.472441 -0.88189 
vn -0.0393701 -0.488189 -0.874016 
vn -0.543307 -0.755906 -0.377953 
vn -0.779528 -0.543307 -0.314961 
vn -0.685039 -0.543307 -0.480315 
vn -0.456693 -0.755906 -0.464567 
vn -0.543307 -0.755906 -0.377953 
vn -0.685039 -0.543307 -0.480315 
vn -0.574803 -0.551181 -0.606299 
vn -0.614173 -0.748031 -0.244094 
vn -0.661417 -0.755906 -0.0393701 
vn -0.84252 -0.543307 -0.0472441 
vn -0.409449 -0.897638 -0.165354 
vn -0.433071 -0.897638 -0.023622 
vn -0.858268 -0.377953 -0.346457 
vn -0.748031 -0.385827 -0.535433 
vn -0.748031 -0.385827 -0.535433 
vn -0.582677 -0.370079 -0.724409 
vn -0.929134 -0.370079 -0.0472441 
vn -0.377953 -0.889764 -0.259843 
vn -0.0944882 -0.992126 -0.0944882 
vn -0.149606 -0.984252 -0.102362 
vn -0.330709 -0.889764 -0.322835 
vn -0.456693 -0.755906 -0.464567 
vn -0.259843 -0.897638 -0.354331 
vn -0.173228 -0.984252 -0.00787402 
vn -0.15748 -0.984252 -0.0629921 
vn -0.448819 -0.566929 -0.692913 
vn -0.362205 -0.76378 -0.527559 
vn -0.645669 -0.748031 0.15748 
vn -0.425197 -0.897638 0.102362 
vn -0.818898 -0.535433 0.204724 
vn -0.543307 -0.748031 0.385827 
vn -0.685039 -0.535433 0.488189 
vn -0.897638 -0.370079 0.228346 
vn -0.755906 -0.362205 0.543307 
vn -0.503937 -0.543307 0.669291 
vn -0.370079 -0.889764 0.267717 
vn -0.173228 -0.984252 0.0393701 
vn -0.0314961 -1 0 
vn -0.173228 -0.984252 0.0393701 
vn -0.173228 -0.984252 -0.00787402 
vn -0.15748 -0.984252 -0.0629921 
vn -0.0393701 -1 0.00787402 
vn -0.15748 -0.984252 0.102362 
vn -0.15748 -0.984252 0.102362 
vn -0.110236 -0.984252 0.141732 
vn -0.385827 -0.748031 0.535433 
vn -0.259843 -0.889764 0.370079 
vn -0.551181 -0.362205 0.748031 
vn -0.653543 -0.23622 -0.724409 
vn -0.826772 -0.0472441 -0.566929 
vn -0.913386 -0.204724 -0.354331 
vn -0.929134 -0.0393701 -0.362205 
vn -0.80315 -0.220472 -0.551181 
vn -1 -0.0393701 -0.0551181 
vn -0.976378 -0.188976 -0.0551181 
vn -0.818898 -0.00787402 -0.574803 
vn -0.929134 -0.00787402 -0.362205 
vn -0.818898 0 -0.574803 
vn -0.700787 -0.015748 -0.716535 
vn -0.826772 -0.0472441 -0.566929 
vn -0.818898 -0.00787402 -0.574803 
vn -0.692913 0.00787402 -0.724409 
vn -0.818898 0 -0.574803 
vn -1 0 -0.0472441 
vn -1 0 -0.0472441 
vn -0.685039 -0.0708661 -0.732283 
vn -0.80315 -0.220472 -0.551181 
vn -0.952756 -0.19685 0.23622 
vn -0.80315 -0.19685 0.566929 
vn -0.968504 -0.0472441 0.244094 
vn -0.968504 0 0.244094 
vn -0.818898 -0.0472441 0.574803 
vn -0.811024 -0.00787402 0.582677 
vn -0.968504 0 0.244094 
vn -0.590551 -0.19685 0.787402 
vn -0.299213 -0.0551181 0.952756 
vn -0.598425 -0.0551181 0.80315 
vn -0.299213 -0.19685 0.937008 
vn -0.590551 -0.00787402 0.80315 
vn -0.811024 0 0.582677 
vn -0.299213 -0.00787402 0.952756 
vn -0.590551 0 0.80315 
vn -0.362205 -0.76378 -0.527559 
vn -0.0944882 -0.992126 -0.102362 
vn -0.015748 -1 -0.015748 
vn -0.0866142 -0.992126 -0.0944882 
vn -0.188976 -0.913386 -0.362205 
vn -0.0708661 -0.992126 -0.133858 
vn -0.0944882 -0.992126 -0.102362 
vn -0.0314961 -1 -0.0314961 
vn -0.0944882 -0.992126 -0.0944882 
vn -0.0314961 -1 -0.023622 
vn -0.149606 -0.984252 -0.102362 
vn -0.0866142 -0.992126 -0.0944882 
vn -0.275591 -0.779528 -0.566929 
vn -0.125984 -0.92126 -0.370079 
vn -0.0708661 -0.992126 -0.133858 
vn -0.0314961 -0.992126 -0.125984 
vn -0.0629921 -0.929134 -0.362205 
vn 0 -0.992126 -0.11811 
vn -0.0314961 -0.992126 -0.125984 
vn 0 -1 -0.0314961 
vn 0 -0.992126 -0.11811 
vn 0 -1 0 
vn -0.181102 -0.787402 -0.590551 
vn -0.0866142 -0.795276 -0.598425 
vn 0 -0.937008 -0.354331 
vn 0 -0.795276 -0.606299 
vn 0 -1 0 
vn 0 -1 0 
vn -0.0393701 -1 0.0314961 
vn -0.110236 -0.984252 0.141732 
vn -0.015748 -1 0.0314961 
vn -0.0551181 -0.992126 0.141732 
vn -0.125984 -0.905512 0.409449 
vn -0.19685 -0.755906 0.622047 
vn 0 -1 0 
vn 0 -1 0 
vn 0 -1 0.023622 
vn -0.0551181 -0.992126 0.141732 
vn 0 -0.992126 0.141732 
vn 0 -0.992126 0.141732 
vn 0 -0.755906 0.661417 
vn 0 -0.913386 0.417323 
vn 0.291339 0.748031 -0.598425 
vn 0.76378 0.181102 -0.622047 
vn 0.779528 -0.00787402 -0.622047 
vn -0.275591 -0.779528 -0.566929 
vn 0.76378 -0.220472 -0.614173 
vn -0.212598 -0.0551181 -0.976378 
vn -0.204724 -0.456693 -0.866142 
vn 0.76378 -0.220472 -0.614173 
vn -0.212598 -0.0393701 -0.976378 
vn -0.212598 -0.0551181 -0.976378 
vn -0.212598 -0.0314961 -0.976378 
vn -0.188976 -0.0314961 -0.984252 
vn 0.779528 -0.00787402 -0.622047 
vn -0.251969 -0.543307 0.80315 
vn -0.275591 -0.346457 0.897638 
vn 0.76378 0.181102 -0.622047 
vn 0 -0.543307 0.84252 
vn 0 -0.346457 0.937008 
vn 0 -0.188976 0.984252 
vn 0 -0.0551181 1 
vn 0 -0.00787402 1 
vn -0.299213 0 0.952756 
vn -0.929134 0 -0.362205 
vn -0.401575 -0.015748 -0.913386 
vn -0.283465 0 -0.96063 
vn -0.275591 -0.00787402 -0.96063 
vn -0.409449 0 -0.913386 
vn -0.283465 0 -0.96063 
vn -0.409449 0 -0.913386 
vn -0.181102 0 -0.984252 
vn -0.511811 -0.0629921 -0.858268 
vn -0.937008 -0.330709 -0.133858 
vn -0.96063 -0.149606 -0.228346 
vn -0.543307 -0.149606 -0.826772 
vn -0.181102 0 -0.984252 
vn -0.976378 0 -0.220472 
vn -0.417323 0.0314961 -0.905512 
vn -0.283465 0 -0.96063 
vn -0.370079 -0.535433 -0.755906 
vn -0.795276 -0.606299 0.015748 
vn -0.582677 -0.338583 -0.740157 
vn -0.181102 0 -0.984252 
vn -0.181102 0 -0.984252 
vn -0.322835 -0.937008 -0.125984 
vn -0.181102 0 -0.984252 
vn -0.165354 0 -0.984252 
vn -0.181102 0 -0.984252 
vn -0.181102 0 -0.984252 
vn -0.181102 0 -0.984252 
vn -0.527559 0.015748 -0.850394 
vn -0.677165 0.015748 -0.740157 
vn -0.527559 0 -0.850394 
vn -0.669291 0 -0.748031 
vn -0.661417 0.00787402 -0.748031 
vn -0.535433 0 -0.84252 
vn -0.669291 0.0472441 -0.748031 
vn -0.535433 0 -0.84252 
vn -0.669291 0 -0.748031 
vn -0.527559 0.0472441 -0.850394 
vn -0.80315 0 -0.598425 
vn -0.80315 0.0472441 -0.598425 
vn -0.181102 0 -0.984252 
vn -0.496063 0 -0.866142 
vn -0.511811 0.0551181 -0.858268 
vn -0.181102 0 -0.984252 
vn -0.968504 0.133858 -0.212598 
vn -0.913386 0.322835 -0.23622 
vn -0.551181 0.165354 -0.818898 
vn -0.181102 0 -0.984252 
vn -0.795276 0.566929 -0.220472 
vn -0.259843 0.338583 -0.905512 
vn -0.165354 0.338583 -0.929134 
vn -0.275591 0.0472441 -0.96063 
vn -0.173228 0.0551181 -0.984252 
vn -0.527559 0.322835 -0.787402 
vn -0.181102 0 -0.984252 
vn -0.181102 0 -0.984252 
vn -0.173228 0 -0.984252 
vn -0.181102 0 -0.984252 
vn -0.181102 0 -0.984252 
vn -0.370079 0.543307 -0.755906 
vn -0.338583 0.850394 -0.401575 
vn -0.15748 0.527559 -0.834646 
vn -0.661417 0.125984 -0.740157 
vn -0.527559 0.11811 -0.84252 
vn -0.480315 0.125984 -0.866142 
vn -0.590551 0.448819 -0.669291 
vn -0.480315 0.440945 -0.755906 
vn -0.377953 0.692913 -0.614173 
vn -0.377953 0.472441 -0.795276 
vn -0.291339 0.700787 -0.653543 
vn -0.472441 0.692913 -0.551181 
vn -0.425197 0.0629921 -0.905512 
vn -0.409449 0.291339 -0.866142 
vn -0.244094 0.527559 -0.811024 
vn -0.212598 0.700787 -0.677165 
vn -0.291339 0.700787 -0.653543 
vn -0.133858 0.913386 -0.385827 
vn -0.212598 0.700787 -0.677165 
vn 0.23622 -0.322835 -0.913386 
vn -0.181102 0 -0.984252 
vn 0.188976 -0.149606 -0.968504 
vn 0.708661 -0.307087 -0.637795 
vn -0.0944882 0 -0.992126 
vn -0.181102 0 -0.984252 
vn 0.0472441 -0.527559 -0.850394 
vn -0.102362 0 -0.992126 
vn -0.102362 0 -0.992126 
vn 0.685039 -0.133858 -0.716535 
vn -0.181102 0 -0.984252 
vn 0.15748 -0.0629921 -0.984252 
vn -0.181102 0 -0.984252 
vn 0.125984 0 -0.992126 
vn -0.0944882 0 -0.992126 
vn 0 0 -1 
vn 0 0 -1 
vn 0 0 -1 
vn 0 0 -1 
vn -0.165354 -0.472441 -0.866142 
vn -0.0393701 -0.968504 -0.251969 
vn 0.291339 -0.905512 -0.307087 
vn 0.685039 -0.559055 -0.464567 
vn 0.669291 0 -0.740157 
vn -0.181102 0 -0.984252 
vn 0.149606 0.141732 -0.976378 
vn -0.181102 0 -0.984252 
vn -0.0944882 0.0472441 -0.992126 
vn 0.543307 0.472441 -0.692913 
vn 0.598425 0.275591 -0.748031 
vn 0.15748 0.291339 -0.944882 
vn -0.181102 0 -0.984252 
vn 0.0472441 0.527559 -0.850394 
vn -0.181102 0 -0.984252 
vn 0.133858 0.0551181 -0.992126 
vn 0.645669 0.11811 -0.755906 
vn -0.0944882 0.330709 -0.937008 
vn 0 0.0472441 -1 
vn 0 0.338583 -0.937008 
vn -0.15748 0.488189 -0.858268 
vn 0.181102 0.826772 -0.535433 
vn -0.0787402 0.850394 -0.519685 
vn -0.141732 0.700787 -0.692913 
vn -0.0866142 0.92126 -0.377953 
vn -0.141732 0.700787 -0.692913 
vn -0.0866142 0.527559 -0.84252 
vn 0 0.527559 -0.850394 
vn -0.0787402 0.700787 -0.708661 
vn 0 0.700787 -0.708661 
vn -0.0787402 0.700787 -0.708661 
vn 0 0.92126 -0.385827 
vn 0 0.700787 -0.708661 
vn -0.0472441 0.92126 -0.377953 
vn -0.80315 0 -0.590551 
vn -1 0 -0.0472441 
vn -0.929134 0 -0.362205 
vn -0.811024 0.00787402 -0.582677 
vn -1 0 -0.0472441 
vn -0.968504 0 0.251969 
vn -0.80315 0 -0.598425 
vn -0.929134 0 -0.370079 
vn -1 0 -0.0472441 
vn -0.929134 0 -0.370079 
vn -1 0 -0.0472441 
vn -0.929134 0 -0.370079 
vn -1 0.0472441 -0.0472441 
vn -0.80315 0 -0.590551 
vn -0.811024 0.00787402 -0.582677 
vn -0.80315 0 -0.598425 
vn -0.80315 0 -0.598425 
vn -0.929134 0.0472441 -0.370079 
vn -0.968504 0 0.251969 
vn -0.811024 0 0.582677 
vn -0.968504 0 0.251969 
vn -0.968504 0.0472441 0.251969 
vn -0.968504 0 0.251969 
vn -0.811024 0 0.582677 
vn -0.811024 0 0.590551 
vn -0.590551 0 0.80315 
vn -0.590551 0 0.811024 
vn -0.811024 0.0472441 0.582677 
vn -0.811024 0 0.590551 
vn -0.590551 0 0.811024 
vn -0.590551 0.0472441 0.80315 
vn -0.590551 0 0.811024 
vn -0.795276 0.125984 -0.598425 
vn -0.92126 0.125984 -0.370079 
vn -0.80315 0.0472441 -0.598425 
vn -0.992126 0.11811 -0.0551181 
vn -0.834646 0.433071 -0.338583 
vn -0.716535 0.440945 -0.543307 
vn -0.566929 0.692913 -0.440945 
vn -0.669291 0.692913 -0.275591 
vn -0.905512 0.425197 -0.0551181 
vn -0.724409 0.685039 -0.0472441 
vn -0.417323 0.905512 -0.0314961 
vn -0.795276 0.125984 -0.598425 
vn -0.566929 0.692913 -0.440945 
vn -0.716535 0.440945 -0.543307 
vn -0.385827 0.905512 -0.165354 
vn -0.338583 0.897638 -0.283465 
vn -0.472441 0.692913 -0.551181 
vn -0.149606 0.992126 -0.00787402 
vn -0.141732 0.984252 -0.0629921 
vn -0.15748 0.984252 0.0314961 
vn -0.409449 0.905512 0.0944882 
vn -0.96063 0.11811 0.244094 
vn -0.88189 0.417323 0.228346 
vn -0.80315 0.125984 0.574803 
vn -0.732283 0.425197 0.527559 
vn -0.716535 0.677165 0.173228 
vn -0.598425 0.669291 0.433071 
vn -0.590551 0.125984 0.795276 
vn -0.535433 0.433071 0.724409 
vn -0.440945 0.669291 0.598425 
vn -0.141732 0.984252 0.0944882 
vn -0.354331 0.897638 0.259843 
vn -0.141732 0.984252 -0.110236 
vn -0.299213 0.125984 0.944882 
vn -0.283465 0.889764 -0.354331 
vn -0.377953 0.692913 -0.614173 
vn -0.275591 0.433071 0.858268 
vn -0.299213 0.0472441 0.952756 
vn -0.220472 0.677165 0.700787 
vn -0.251969 0.897638 0.362205 
vn -0.204724 0.905512 -0.370079 
vn -0.15748 0.913386 -0.370079 
vn -0.125984 0.976378 -0.15748 
vn -0.0629921 0.984252 -0.141732 
vn -0.125984 0.905512 0.409449 
vn 0 0.905512 0.417323 
vn 0 0.677165 0.740157 
vn -0.0393701 0.992126 -0.141732 
vn -0.023622 0.992126 -0.141732 
vn 0 0.992126 -0.141732 
vn -0.0393701 0.992126 0.149606 
vn 0 0.992126 0.149606 
vn -0.291339 0 0.952756 
vn -0.291339 0 0.952756 
vn -0.291339 0 0.952756 
vn 0 0 1 
vn -0.291339 0 0.952756 
vn 0 0.0472441 1 
vn 0 0 1 
vn 0 0 1 
vn 0 0 1 
vn 0 0 1 
vn 0 0.125984 0.992126 
vn 0 0.425197 0.905512 
vn 0 1 0 
vn 0 1 0 
vn 0 1 0 
vn 0 1 0 
vn 0 1 0 
vn -0.141732 0.984252 -0.0629921 
vn 0 1 0 
vn -0.125984 0.976378 -0.15748 
vn -0.141732 0.984252 -0.110236 
vn -0.0629921 0.984252 -0.141732 
vn -0.149606 0.992126 -0.00787402 
vn 0 1 0 
vn 0 1 0 
vn 0 1 0 
vn 0 1 0 
vn 0 1 0 
vn -0.023622 0.992126 -0.141732 
vn -0.0393701 0.992126 -0.141732 
vn 0 1 0 
vn 0 0.992126 -0.141732 
vn 0 1 0 
vn 0 1 0 
vn 0 1 0 
vn 0 1 0 
vn -0.0944882 0.984252 0.133858 
vn -0.15748 0.984252 0.0314961 
vn -0.141732 0.984252 0.0944882 
vn -0.0944882 0.984252 0.133858 
vn 0 1 0 
vn 0 1 0 
vn 0 1 0 
vn 0 1 0 
vn -0.0393701 0.992126 0.149606 
vn 0 0.992126 0.149606 
vn 0.00787402 -1 -0.0314961 
vn 0.0866142 -0.141732 -0.984252 
vn 0.102362 -0.220472 -0.968504 
vn 0.15748 -0.149606 -0.976378 
vn 0.110236 -0.354331 -0.929134 
vn 0.0944882 -0.519685 -0.850394 
vn 0.0787402 -0.0551181 -0.992126 
vn 0.0708661 -0.023622 -1 
vn 0.0787402 -0.0551181 -0.992126 
vn 0.141732 -0.0629921 -0.992126 
vn 0.133858 -0.023622 -0.992126 
vn 0.141732 -0.0629921 -0.992126 
vn -0.0314961 0.433071 0.905512 
vn -0.0314961 0.818898 0.566929 
vn -0.0944882 0.417323 0.905512 
vn 0.188976 -0.220472 -0.952756 
vn 0.212598 -0.330709 -0.92126 
vn 0.259843 -0.220472 -0.937008 
vn 0.228346 -0.472441 -0.850394 
vn 0.228346 -0.141732 -0.96063 
vn 0.204724 -0.0551181 -0.976378 
vn 0.19685 -0.023622 -0.976378 
vn 0.204724 -0.0551181 -0.976378 
vn 0.259843 -0.0393701 -0.96063 
vn 0.251969 -0.023622 -0.968504 
vn 0.259843 -0.0393701 -0.96063 
vn -0.0866142 0.80315 0.590551 
vn -0.181102 0.393701 0.897638 
vn 0.0944882 -0.622047 -0.779528 
vn 0.015748 0.811024 -0.582677 
vn 0.0866142 -0.795276 -0.598425 
vn 0.0393701 0.818898 -0.574803 
vn 0.0472441 -0.0314961 -1 
vn 0.0472441 -0.0551181 -1 
vn 0.110236 -0.0314961 -0.992126 
vn 0.212598 -0.606299 -0.76378 
vn 0.0551181 0.811024 -0.574803 
vn -0.165354 0.811024 0.559055 
vn 0.181102 -0.787402 -0.590551 
vn -0.259843 0.377953 0.889764 
vn 0.0708661 0.811024 -0.582677 
vn 0.110236 -0.0551181 -0.992126 
vn 0.149606 -0.0314961 -0.984252 
vn 0.0708661 0 -1 
vn -0.00787402 1 0.0314961 
vn 0.00787402 -1 -0.015748 
vn -0.0393701 -0.188976 0.984252 
vn -0.00787402 1 0.023622 
vn -0.0314961 0.433071 0.905512 
vn 0.0787402 0 -1 
vn 0.133858 0 -0.992126 
vn 0.0787402 0 -1 
vn 0.0866142 0 -1 
vn 0.141732 -0.00787402 -0.992126 
vn 0.141732 -0.00787402 -0.992126 
vn 0.0866142 0 -0.992126 
vn 0.15748 -0.00787402 -0.984252 
vn 0.204724 0 -0.976378 
vn 0.220472 -0.015748 -0.976378 
vn 0.259843 0.00787402 -0.968504 
vn 0.00787402 -1 0 
vn -0.0944882 -0.173228 0.976378 
vn -0.0944882 0.417323 0.905512 
vn -0.00787402 1 0 
vn 0.291339 -0.023622 -0.96063 
vn 0.220472 -0.015748 -0.976378 
vn 0.165354 0 -0.984252 
vn 0.244094 -0.0314961 -0.968504 
vn 0.291339 -0.023622 -0.96063 
vn -0.0393701 -0.188976 0.984252 
vn -0.0944882 -0.173228 0.976378 
vn -0.0314961 -0.488189 0.874016 
vn 0.0393701 -0.488189 -0.866142 
vn -0.0787402 -0.464567 0.88189 
vn 0.110236 -0.503937 -0.858268 
vn -0.188976 -0.165354 0.968504 
vn -0.188976 -0.165354 0.968504 
vn -0.181102 0.393701 0.897638 
vn -0.00787402 1 -0.0314961 
vn 0.00787402 -1 0.0314961 
vn -0.259843 0.377953 0.889764 
vn -0.259843 -0.149606 0.952756 
vn 0.15748 -0.0551181 -0.984252 
vn 0.149606 -0.496063 -0.858268 
vn -0.165354 -0.480315 0.858268 
vn -0.259843 -0.149606 0.952756 
vn 0.19685 -0.0551181 -0.976378 
vn 0.181102 -0.496063 -0.850394 
vn 0.00787402 1 -0.0787402 
vn 0.291339 -0.11811 -0.952756 
vn 0.338583 -0.204724 -0.92126 
vn 0.299213 -0.023622 -0.952756 
vn 0.338583 -0.102362 -0.937008 
vn 0.314961 -0.291339 -0.905512 
vn -0.00787402 -1 0.0787402 
vn 0.291339 -0.015748 -0.96063 
vn 0.299213 -0.023622 -0.952756 
vn 0.307087 -0.015748 -0.952756 
vn -0.228346 0.80315 0.559055 
vn -0.307087 0.362205 0.88189 
vn 0.015748 0.992126 -0.110236 
vn -0.307087 0.362205 0.88189 
vn 0.322835 -0.0314961 -0.944882 
vn 0.322835 -0.0314961 -0.944882 
vn 0.385827 -0.0944882 -0.913386 
vn 0.409449 -0.212598 -0.889764 
vn 0.409449 -0.251969 -0.874016 
vn 0.346457 0.015748 -0.937008 
vn 0.354331 0.00787402 -0.937008 
vn 0.346457 0.015748 -0.937008 
vn 0.370079 0.023622 -0.929134 
vn 0.338583 0.023622 -0.937008 
vn 0.338583 0.023622 -0.937008 
vn 0.393701 -0.0393701 -0.92126 
vn 0.346457 -0.433071 -0.834646 
vn 0.330709 -0.582677 -0.740157 
vn 0.0866142 0.80315 -0.582677 
vn -0.275591 0.771654 0.566929 
vn -0.291339 0.740157 -0.606299 
vn -0.535433 0.76378 0.362205 
vn -0.370079 0.275591 0.889764 
vn -0.535433 0.76378 0.362205 
vn -0.456693 0.149606 0.874016 
vn -0.370079 0.275591 0.889764 
vn -0.96063 0.23622 0.133858 
vn -0.448819 0.0472441 0.889764 
vn 0.488189 -0.212598 -0.84252 
vn 0.464567 -0.354331 -0.811024 
vn 0.440945 -0.173228 -0.88189 
vn 0.433071 -0.0629921 -0.897638 
vn 0.511811 -0.212598 -0.834646 
vn 0.551181 -0.0866142 -0.826772 
vn -0.015748 -0.992126 0.110236 
vn -0.314961 -0.133858 0.937008 
vn -0.370079 0.275591 0.889764 
vn 0.0629921 0.984252 -0.141732 
vn -0.0629921 -0.984252 0.141732 
vn -0.370079 -0.0866142 0.92126 
vn 0.314961 0.015748 -0.952756 
vn 0.291339 0.00787402 -0.952756 
vn 0.322835 -0.015748 -0.944882 
vn 0.314961 -0.0472441 -0.944882 
vn 0.259843 -0.023622 -0.968504 
vn 0.322835 -0.015748 -0.944882 
vn 0.346457 -0.015748 -0.937008 
vn -0.456693 0.149606 0.874016 
vn 0.377953 0 -0.929134 
vn 0.362205 -0.00787402 -0.929134 
vn 0.338583 0.023622 -0.937008 
vn -0.944882 0.283465 -0.173228 
vn -0.409449 -0.0393701 0.913386 
vn 0.362205 -0.00787402 -0.929134 
vn 0.377953 -0.015748 -0.92126 
vn 0.346457 -0.0472441 -0.937008 
vn 0.346457 -0.015748 -0.937008 
vn 0.362205 -0.0393701 -0.929134 
vn 0.370079 -0.0472441 -0.929134 
vn 0.354331 -0.0472441 -0.937008 
vn -0.448819 0.0472441 0.889764 
vn -0.944882 -0.181102 0.267717 
vn -0.370079 -0.0866142 0.92126 
vn -0.409449 -0.0393701 0.913386 
vn -0.984252 -0.023622 0.181102 
vn -0.314961 -0.133858 0.937008 
vn -0.244094 -0.456693 0.850394 
vn -0.307087 -0.425197 0.850394 
vn -0.692913 -0.464567 0.551181 
vn -0.362205 -0.433071 -0.826772 
vn 0.433071 -0.0472441 -0.897638 
vn 0.425197 -0.0472441 -0.905512 
vn 0.409449 -0.023622 -0.913386 
vn 0.409449 -0.023622 -0.913386 
vn 0.574803 -0.00787402 -0.818898 
vn 0.582677 -0.0314961 -0.811024 
vn -0.76378 -0.220472 -0.606299 
vn 0.0314961 -0.992126 -0.125984 
vn 0.0629921 -0.929134 -0.362205 
vn 0.0314961 -0.992126 -0.125984 
vn 0.0708661 -0.992126 -0.133858 
vn 0.0314961 -1 -0.0314961 
vn 0.0866142 -0.992126 -0.102362 
vn 0.015748 -1 -0.015748 
vn 0.125984 -0.92126 -0.370079 
vn 0.0708661 -0.992126 -0.133858 
vn 0.0866142 -0.795276 -0.598425 
vn 0.181102 -0.787402 -0.590551 
vn 0.188976 -0.913386 -0.362205 
vn 0.0866142 -0.992126 -0.102362 
vn 0.0866142 -0.992126 -0.0944882 
vn 0.259843 -0.897638 -0.346457 
vn 0.0866142 -0.992126 -0.0944882 
vn 0.0944882 -0.992126 -0.0944882 
vn 0.0314961 -1 -0.023622 
vn 0.149606 -0.984252 -0.102362 
vn 0.330709 -0.889764 -0.322835 
vn 0.0944882 -0.992126 -0.0944882 
vn 0.275591 -0.779528 -0.566929 
vn 0.370079 -0.76378 -0.527559 
vn 0.15748 -0.984252 -0.0629921 
vn 0 -1 0 
vn 0 -1 0 
vn 0.015748 -1 0.0314961 
vn 0.0551181 -0.992126 0.141732 
vn 0.125984 -0.905512 0.409449 
vn 0 -0.992126 0.141732 
vn 0.0551181 -0.992126 0.141732 
vn 0.110236 -0.984252 0.141732 
vn 0.259843 -0.889764 0.370079 
vn 0 -0.755906 0.661417 
vn 0 -0.913386 0.417323 
vn 0.0393701 -1 0.0314961 
vn 0.0314961 -1 0 
vn 0.0393701 -1 0.00787402 
vn 0.173228 -0.984252 0.0393701 
vn 0.15748 -0.984252 0.102362 
vn 0.110236 -0.984252 0.141732 
vn 0.370079 -0.889764 0.267717 
vn 0.19685 -0.755906 0.622047 
vn 0.188976 -0.0314961 -0.984252 
vn 0.212598 -0.0314961 -0.976378 
vn 0.212598 -0.0551181 -0.976378 
vn 0.204724 -0.456693 -0.866142 
vn 0.212598 -0.0551181 -0.976378 
vn 0.212598 -0.0393701 -0.976378 
vn -0.291339 0.740157 -0.606299 
vn 0.448819 -0.559055 -0.692913 
vn -0.76378 0.181102 -0.622047 
vn 0.275591 -0.779528 -0.566929 
vn -0.779528 -0.00787402 -0.629921 
vn -0.76378 -0.220472 -0.606299 
vn -0.779528 -0.00787402 -0.629921 
vn 0 -0.543307 0.84252 
vn 0.251969 -0.543307 0.80315 
vn 0.275591 -0.346457 0.897638 
vn 0 -0.346457 0.937008 
vn 0 -0.188976 0.984252 
vn 0.299213 -0.19685 0.937008 
vn 0.299213 -0.0551181 0.952756 
vn 0 -0.0551181 1 
vn 0.299213 -0.00787402 0.952756 
vn -0.76378 0.181102 -0.622047 
vn 0 -0.00787402 1 
vn 0.299213 0 0.952756 
vn 0.370079 -0.76378 -0.527559 
vn 0.456693 -0.755906 -0.464567 
vn 0.385827 -0.748031 0.535433 
vn 0.503937 -0.543307 0.677165 
vn 0.551181 -0.362205 0.748031 
vn 0.590551 -0.19685 0.787402 
vn 0.590551 -0.00787402 0.80315 
vn 0.377953 -0.889764 -0.259843 
vn 0.149606 -0.984252 -0.102362 
vn 0.409449 -0.897638 -0.165354 
vn 0.15748 -0.984252 -0.0629921 
vn 0.173228 -0.984252 -0.00787402 
vn 0.543307 -0.748031 -0.377953 
vn 0.582677 -0.370079 -0.724409 
vn 0.574803 -0.551181 -0.606299 
vn 0.456693 -0.755906 -0.464567 
vn 0.685039 -0.543307 -0.480315 
vn 0.543307 -0.748031 -0.377953 
vn 0.685039 -0.543307 -0.480315 
vn 0.779528 -0.543307 -0.314961 
vn 0.614173 -0.748031 -0.244094 
vn 0.433071 -0.897638 -0.023622 
vn 0.84252 -0.543307 -0.0472441 
vn 0.661417 -0.748031 -0.0393701 
vn 0.748031 -0.385827 -0.535433 
vn 0.748031 -0.385827 -0.535433 
vn 0.858268 -0.377953 -0.346457 
vn 0.929134 -0.370079 -0.0472441 
vn 0.173228 -0.984252 -0.00787402 
vn 0.173228 -0.984252 0.0393701 
vn 0.15748 -0.984252 0.102362 
vn 0.425197 -0.897638 0.102362 
vn 0.543307 -0.748031 0.385827 
vn 0.755906 -0.362205 0.543307 
vn 0.645669 -0.748031 0.15748 
vn 0.685039 -0.535433 0.488189 
vn 0.818898 -0.535433 0.204724 
vn 0.897638 -0.370079 0.228346 
vn 0.653543 -0.23622 -0.724409 
vn 0.685039 -0.0708661 -0.732283 
vn 0.80315 -0.220472 -0.551181 
vn 0.700787 -0.015748 -0.716535 
vn 0.692913 0.00787402 -0.724409 
vn 0.818898 -0.00787402 -0.574803 
vn 0.826772 -0.0472441 -0.566929 
vn 0.80315 -0.220472 -0.551181 
vn 0.913386 -0.204724 -0.354331 
vn 0.826772 -0.0472441 -0.566929 
vn 0.929134 -0.0393701 -0.362205 
vn 0.976378 -0.188976 -0.0551181 
vn 1 -0.0393701 -0.0551181 
vn 0.818898 -0.00787402 -0.574803 
vn 0.818898 0 -0.582677 
vn 0.818898 0 -0.582677 
vn 0.929134 -0.00787402 -0.362205 
vn 0.929134 0 -0.362205 
vn 1 0 -0.0472441 
vn 1 0 -0.0472441 
vn 0.80315 -0.19685 0.566929 
vn 0.818898 -0.0472441 0.574803 
vn 0.952756 -0.19685 0.23622 
vn 0.598425 -0.0551181 0.80315 
vn 0.968504 -0.0393701 0.244094 
vn 0.811024 0 0.582677 
vn 0.811024 -0.00787402 0.582677 
vn 0.968504 0 0.244094 
vn 0.590551 0 0.80315 
vn 0.968504 0 0.244094 
vn 0.0944882 0 -0.992126 
vn 0.102362 0 -0.992126 
vn 0.165354 0 -0.984252 
vn 0.102362 0 -0.992126 
vn 0.0944882 0 -0.992126 
vn 0.181102 0 -0.984252 
vn 0.181102 0 -0.984252 
vn -0.220472 -0.314961 -0.92126 
vn -0.692913 -0.299213 -0.653543 
vn -0.173228 -0.141732 -0.976378 
vn 0.181102 0 -0.984252 
vn 0.181102 0 -0.984252 
vn -0.0393701 -0.527559 -0.850394 
vn 0.181102 0 -0.984252 
vn -0.15748 -0.0551181 -0.984252 
vn -0.692913 -0.125984 -0.708661 
vn -0.165354 0 -0.984252 
vn 0.181102 0 -0.984252 
vn 0.181102 0 -0.984252 
vn 0.181102 0 -0.984252 
vn -0.677165 -0.559055 -0.480315 
vn 0.173228 0 -0.984252 
vn 0.181102 0 -0.984252 
vn 0.181102 0 -0.984252 
vn -0.275591 -0.905512 -0.314961 
vn 0.0393701 -0.968504 -0.251969 
vn 0.165354 -0.480315 -0.866142 
vn 0.330709 -0.937008 -0.110236 
vn 0.275591 -0.00787402 -0.96063 
vn 0.283465 0 -0.96063 
vn 0.377953 -0.543307 -0.748031 
vn 0.188976 0 -0.984252 
vn 0.283465 0 -0.96063 
vn 0.188976 0 -0.984252 
vn -0.724409 0.00787402 -0.692913 
vn 0.0944882 0.0472441 -0.992126 
vn -0.188976 0.0629921 -0.984252 
vn -0.716535 0.133858 -0.685039 
vn 0.181102 0 -0.984252 
vn 0.0944882 0.330709 -0.937008 
vn -0.204724 0.165354 -0.968504 
vn -0.669291 0.299213 -0.677165 
vn 0.173228 0.0551181 -0.984252 
vn 0.181102 0 -0.984252 
vn 0.181102 0 -0.984252 
vn 0.188976 0 -0.984252 
vn -0.598425 0.496063 -0.622047 
vn -0.19685 0.307087 -0.929134 
vn 0.181102 0 -0.984252 
vn -0.0472441 0.519685 -0.850394 
vn 0.188976 0 -0.984252 
vn -0.19685 0.811024 -0.543307 
vn 0.0866142 0.527559 -0.84252 
vn 0.165354 0.338583 -0.929134 
vn 0.0787402 0.700787 -0.708661 
vn 0.141732 0.700787 -0.692913 
vn 0.15748 0.527559 -0.834646 
vn 0.0787402 0.700787 -0.708661 
vn 0.0472441 0.92126 -0.377953 
vn 0.141732 0.700787 -0.692913 
vn 0.0866142 0.92126 -0.377953 
vn 0.370079 0.535433 -0.755906 
vn 0.165354 0.472441 -0.866142 
vn 0.188976 0 -0.984252 
vn 0.188976 0 -0.984252 
vn 0.0944882 0.84252 -0.535433 
vn 0.338583 0.84252 -0.409449 
vn 0.212598 0.700787 -0.677165 
vn 0.212598 0.700787 -0.677165 
vn 0.598425 -0.346457 -0.724409 
vn 0.795276 -0.606299 0.0393701 
vn 0.188976 0 -0.984252 
vn 0.559055 -0.15748 -0.818898 
vn 0.937008 -0.330709 -0.102362 
vn 0.283465 0 -0.96063 
vn 0.401575 -0.015748 -0.913386 
vn 0.409449 0 -0.913386 
vn 0.409449 0 -0.913386 
vn 0.511811 -0.0629921 -0.858268 
vn 0.96063 -0.15748 -0.220472 
vn 0.417323 0.0314961 -0.905512 
vn 0.527559 0.015748 -0.850394 
vn 0.527559 0 -0.850394 
vn 0.527559 0.0472441 -0.850394 
vn 0.535433 0 -0.84252 
vn 0.535433 0 -0.84252 
vn 0.677165 0.015748 -0.740157 
vn 0.669291 0 -0.748031 
vn 0.661417 0.00787402 -0.748031 
vn 0.669291 0.0472441 -0.748031 
vn 0.669291 0 -0.748031 
vn 0.80315 0.0472441 -0.598425 
vn 0.80315 0 -0.598425 
vn 0.968504 -0.00787402 -0.251969 
vn 0.188976 0 -0.984252 
vn 0.188976 0 -0.984252 
vn 0.519685 0.307087 -0.795276 
vn 0.519685 0.15748 -0.834646 
vn 0.787402 0.559055 -0.244094 
vn 0.275591 0.0472441 -0.96063 
vn 0.480315 0.0472441 -0.874016 
vn 0.480315 0 -0.88189 
vn 0.952756 0.133858 -0.267717 
vn 0.905512 0.322835 -0.283465 
vn 0.259843 0.338583 -0.905512 
vn 0.409449 0.291339 -0.866142 
vn 0.425197 0.0629921 -0.905512 
vn 0.488189 0.125984 -0.866142 
vn 0.377953 0.472441 -0.795276 
vn 0.244094 0.527559 -0.811024 
vn 0.291339 0.700787 -0.653543 
vn 0.133858 0.913386 -0.385827 
vn 0.291339 0.700787 -0.653543 
vn 0.527559 0.11811 -0.84252 
vn 0.661417 0.125984 -0.740157 
vn 0.590551 0.448819 -0.669291 
vn 0.480315 0.440945 -0.755906 
vn 0.377953 0.692913 -0.614173 
vn 0.472441 0.692913 -0.551181 
vn 0.80315 0 -0.590551 
vn 0.15748 0.913386 -0.370079 
vn 0.220472 0.677165 0.700787 
vn 0.251969 0.897638 0.362205 
vn 0.125984 0.905512 0.409449 
vn 0 0.905512 0.417323 
vn 0 0.677165 0.740157 
vn 0.275591 0.433071 0.858268 
vn 0.440945 0.669291 0.598425 
vn 0 0.992126 0.149606 
vn 0.023622 0.992126 -0.141732 
vn 0.0393701 0.992126 -0.141732 
vn 0.0629921 0.984252 -0.141732 
vn 0.204724 0.905512 -0.370079 
vn 0.0393701 0.992126 0.149606 
vn 0.283465 0.889764 -0.354331 
vn 0.377953 0.692913 -0.614173 
vn 0.535433 0.433071 0.724409 
vn 0.299213 0.125984 0.944882 
vn 0.590551 0.125984 0.795276 
vn 0.299213 0.0472441 0.952756 
vn 0.590551 0.0472441 0.80315 
vn 0.590551 0 0.811024 
vn 0.590551 0 0.811024 
vn 0.472441 0.692913 -0.551181 
vn 0.338583 0.897638 -0.283465 
vn 0.125984 0.976378 -0.15748 
vn 0.354331 0.897638 0.259843 
vn 0.141732 0.984252 0.0944882 
vn 0.590551 0 0.811024 
vn 0.291339 0 0.952756 
vn 0 0 1 
vn 0.291339 0 0.952756 
vn 0 0 1 
vn 0.291339 0 0.952756 
vn 0 0 1 
vn 0 0 1 
vn 0 0 1 
vn 0 0.425197 0.905512 
vn 0 0.125984 0.992126 
vn 0 0.0472441 1 
vn 0.291339 0 0.952756 
vn 0.590551 0 0.811024 
vn 0.141732 0.984252 -0.110236 
vn 0.385827 0.905512 -0.165354 
vn 0 1 0 
vn 0 1 0 
vn 0 1 0 
vn 0 1 0 
vn 0 1 0 
vn 0.023622 0.992126 -0.141732 
vn 0.0393701 0.992126 -0.141732 
vn 0.0629921 0.984252 -0.141732 
vn 0 1 0 
vn 0.141732 0.984252 -0.0629921 
vn 0 1 0 
vn 0 1 0 
vn 0 1 0 
vn 0.141732 0.984252 -0.0629921 
vn 0.125984 0.976378 -0.15748 
vn 0.141732 0.984252 -0.110236 
vn 0.149606 0.992126 -0.00787402 
vn 0 1 0 
vn 0 1 0 
vn 0 1 0 
vn 0 1 0 
vn 0.0393701 0.992126 0.149606 
vn 0.0944882 0.984252 0.133858 
vn 0 1 0 
vn 0 1 0 
vn 0.0944882 0.984252 0.133858 
vn 0.15748 0.984252 0.0314961 
vn 0.141732 0.984252 0.0944882 
vn 0.409449 0.905512 0.0944882 
vn 0.15748 0.984252 0.0314961 
vn 0.811024 0.00787402 -0.582677 
vn 0.80315 0 -0.598425 
vn 0.80315 0 -0.598425 
vn 0.929134 0 -0.362205 
vn 0.811024 0.00787402 -0.582677 
vn 0.80315 0 -0.590551 
vn 0.80315 0 -0.598425 
vn 0.929134 0 -0.370079 
vn 0.929134 0 -0.370079 
vn 0.929134 0.0472441 -0.370079 
vn 0.929134 0 -0.370079 
vn 1 0 -0.0472441 
vn 1 0 -0.0472441 
vn 1 0 -0.0472441 
vn 1 0 -0.0472441 
vn 1 0.0472441 -0.0472441 
vn 0.968504 0 0.251969 
vn 0.811024 0 0.582677 
vn 0.811024 0 0.582677 
vn 0.968504 0 0.251969 
vn 0.811024 0 0.590551 
vn 0.811024 0 0.590551 
vn 0.968504 0 0.251969 
vn 0.968504 0 0.251969 
vn 0.968504 0.0472441 0.251969 
vn 0.811024 0.0472441 0.582677 
vn 0.566929 0.692913 -0.440945 
vn 0.795276 0.125984 -0.598425 
vn 0.708661 0.440945 -0.543307 
vn 0.566929 0.692913 -0.440945 
vn 0.834646 0.433071 -0.346457 
vn 0.708661 0.440945 -0.543307 
vn 0.669291 0.692913 -0.275591 
vn 0.417323 0.905512 -0.0314961 
vn 0.149606 0.992126 -0.00787402 
vn 0.724409 0.685039 -0.0472441 
vn 0.795276 0.125984 -0.598425 
vn 0.80315 0.0472441 -0.598425 
vn 0.92126 0.125984 -0.370079 
vn 0.992126 0.11811 -0.0551181 
vn 0.905512 0.425197 -0.0551181 
vn 0.80315 0.125984 0.574803 
vn 0.732283 0.425197 0.527559 
vn 0.598425 0.669291 0.433071 
vn 0.716535 0.677165 0.173228 
vn 0.88189 0.417323 0.228346 
vn 0.96063 0.11811 0.244094 

vt 0.204402 0.06998 
vt 0.199174 0.0622703 
vt 0.197297 0.0649473 
vt 0.206336 0.0700281 
vt 0.192484 0.0470568 
vt 0.201898 0.059835 
vt 0.202662 0.0712103 
vt 0.188168 0.0508426 
vt 0.192952 0.0330799 
vt 0.185446 0.0360292 
vt 0.195375 0.068392 
vt 0.290489 0.356741 
vt 0.289336 0.358181 
vt 0.29026 0.356584 
vt 0.290889 0.357031 
vt 0.289751 0.358628 
vt 0.291617 0.360395 
vt 0.201826 0.0742947 
vt 0.28884 0.357912 
vt 0.19819 0.0448378 
vt 0.206011 0.0584223 
vt 0.208144 0.0700457 
vt 0.201155 0.0315369 
vt 0.19935 0.0237443 
vt 0.29234 0.358125 
vt 0.293937 0.361814 
vt 0.294553 0.359389 
vt 0.343583 0.417268 
vt 0.34793 0.4215 
vt 0.348293 0.417268 
vt 0.347654 0.424192 
vt 0.342924 0.428714 
vt 0.347915 0.428714 
vt 0.299797 0.285413 
vt 0.30057 0.282599 
vt 0.300441 0.282624 
vt 0.188903 0.0237443 
vt 0.180364 0.0397902 
vt 0.178683 0.0237443 
vt 0.187351 0.0124766 
vt 0.184754 0.0559679 
vt 0.182601 0.0624022 
vt 0.174822 0.0474584 
vt 0.172767 0.0575398 
vt 0.297607 0.302656 
vt 0.300059 0.302995 
vt 0.298086 0.301788 
vt 0.198657 0.0124766 
vt 0.299557 0.29063 
vt 0.300146 0.285287 
vt 0.299142 0.290772 
vt 0.29941 0.285581 
vt 0.298816 0.290913 
vt 0.299089 0.285729 
vt 0.196636 0.00308257 
vt 0.300141 0.303138 
vt 0.30035 0.282645 
vt 0.300021 0.302945 
vt 0.339906 0.417268 
vt 0.343632 0.4215 
vt 0.288789 0.35543 
vt 0.289243 0.355124 
vt 0.290487 0.356426 
vt 0.335585 0.422852 
vt 0.339106 0.422209 
vt 0.336297 0.417268 
vt 0.338988 0.423684 
vt 0.336206 0.428714 
vt 0.340889 0.4215 
vt 0.340615 0.424192 
vt 0.289762 0.354423 
vt 0.29087 0.356137 
vt 0.204247 0.0788605 
vt 0.201078 0.0864213 
vt 0.206155 0.0790624 
vt 0.204255 0.0885185 
vt 0.19556 0.106867 
vt 0.198111 0.0832281 
vt 0.202632 0.0777462 
vt 0.195637 0.0787146 
vt 0.343175 0.424192 
vt 0.339416 0.428714 
vt 0.291529 0.35259 
vt 0.29231 0.355052 
vt 0.20171 0.108116 
vt 0.207407 0.0895827 
vt 0.208076 0.0791463 
vt 0.293863 0.351116 
vt 0.294515 0.35379 
vt 0.194529 0.0730737 
vt 0.18152 0.0706084 
vt 0.181971 0.0826365 
vt 0.185272 0.0951082 
vt 0.189439 0.102416 
vt 0.171228 0.0703501 
vt 0.17267 0.0865402 
vt 0.300147 0.303026 
vt 0.298958 0.300439 
vt 0.300053 0.302976 
vt 0.338752 0.423058 
vt 0.335585 0.422852 
vt 0.338988 0.423684 
vt 0.338752 0.423058 
vt 0.2985 0.30096 
vt 0.299948 0.30034 
vt 0.300244 0.303072 
vt 0.300399 0.303139 
vt 0.299634 0.300124 
vt 0.300272 0.300527 
vt 0.299384 0.299944 
vt 0.298742 0.295279 
vt 0.299681 0.293656 
vt 0.299536 0.295399 
vt 0.299981 0.295443 
vt 0.203988 0.0429237 
vt 0.209236 0.0575891 
vt 0.210396 0.0414723 
vt 0.209464 0.0309318 
vt 0.208687 0.0237443 
vt 0.296776 0.360477 
vt 0.298436 0.363805 
vt 0.296321 0.36298 
vt 0.209898 0.0700773 
vt 0.211772 0.0701042 
vt 0.212773 0.05706 
vt 0.298843 0.361299 
vt 0.300581 0.364244 
vt 0.21452 0.0409734 
vt 0.21452 0.0307196 
vt 0.21452 0.0237443 
vt 0.21452 0.056854 
vt 0.213719 0.0701508 
vt 0.30072 0.361628 
vt 0.302654 0.364406 
vt 0.21452 0.0701814 
vt 0.30078 0.285134 
vt 0.301036 0.282548 
vt 0.300873 0.282558 
vt 0.301194 0.285121 
vt 0.301188 0.282548 
vt 0.300715 0.282576 
vt 0.300473 0.285162 
vt 0.208671 0.0124766 
vt 0.300329 0.290433 
vt 0.207293 0.00308257 
vt 0.299949 0.290537 
vt 0.300399 0.29181 
vt 0.300412 0.293662 
vt 0.300055 0.291849 
vt 0.300733 0.291792 
vt 0.21452 0.0124766 
vt 0.21452 0.00308257 
vt 0.300693 0.290427 
vt 0.301184 0.290434 
vt 0.301182 0.291791 
vt 0.30118 0.293669 
vt 0.300739 0.293664 
vt 0.302653 0.361759 
vt 0.296265 0.349955 
vt 0.296748 0.352701 
vt 0.298498 0.349119 
vt 0.298827 0.351883 
vt 0.358942 0.417268 
vt 0.353412 0.417268 
vt 0.358606 0.4215 
vt 0.358756 0.424192 
vt 0.35342 0.428714 
vt 0.359045 0.428714 
vt 0.209926 0.0791737 
vt 0.210327 0.0902593 
vt 0.211812 0.0791748 
vt 0.213349 0.0906687 
vt 0.206593 0.108832 
vt 0.211029 0.10929 
vt 0.30266 0.348573 
vt 0.302661 0.351433 
vt 0.300715 0.35156 
vt 0.364648 0.417268 
vt 0.370497 0.4215 
vt 0.370497 0.417268 
vt 0.370497 0.424192 
vt 0.364834 0.428714 
vt 0.370497 0.428714 
vt 0.364463 0.4215 
vt 0.364716 0.424192 
vt 0.300566 0.348699 
vt 0.21452 0.109487 
vt 0.21452 0.0907878 
vt 0.213751 0.0791571 
vt 0.21452 0.0791411 
vt 0.352994 0.4215 
vt 0.353075 0.424192 
vt 0.300066 0.293659 
vt 0.300582 0.303203 
vt 0.300556 0.300694 
vt 0.300773 0.303251 
vt 0.300366 0.295522 
vt 0.301167 0.300791 
vt 0.300973 0.303277 
vt 0.301154 0.303279 
vt 0.300863 0.300759 
vt 0.301176 0.295521 
vt 0.300716 0.295521 
vt 0.331734 0.0863834 
vt 0.32613 0.0896153 
vt 0.331734 0.0896153 
vt 0.161599 0.00308257 
vt 0.152226 0.00308257 
vt 0.152226 0.0124766 
vt 0.165136 0.0122737 
vt 0.32613 0.0863834 
vt 0.319731 0.0863834 
vt 0.319721 0.0896153 
vt 0.32613 0.0798424 
vt 0.319691 0.0798424 
vt 0.32613 0.0934917 
vt 0.331734 0.0934917 
vt 0.152226 0.0237443 
vt 0.166269 0.0237314 
vt 0.319712 0.0934917 
vt 0.331734 0.0798424 
vt 0.334895 0.0760758 
vt 0.331734 0.0760758 
vt 0.334915 0.0798424 
vt 0.334959 0.0863834 
vt 0.338494 0.0798424 
vt 0.319725 0.0760758 
vt 0.32613 0.0760758 
vt 0.17634 0.0124766 
vt 0.173308 0.00308257 
vt 0.311636 0.0863834 
vt 0.311636 0.0798424 
vt 0.311636 0.0896153 
vt 0.305255 0.0863834 
vt 0.305255 0.0896153 
vt 0.311636 0.0934917 
vt 0.305255 0.0934917 
vt 0.297676 0.0896153 
vt 0.305255 0.0798424 
vt 0.311636 0.0760758 
vt 0.307673 0.036684 
vt 0.305519 0.0267993 
vt 0.305171 0.0370209 
vt 0.306089 0.0445439 
vt 0.307935 0.0273459 
vt 0.306951 0.0198375 
vt 0.305255 0.0760758 
vt 0.297676 0.0760758 
vt 0.297676 0.0863834 
vt 0.297676 0.0798424 
vt 0.297676 0.0934917 
vt 0.162457 0.0389811 
vt 0.331734 0.103909 
vt 0.32613 0.0989504 
vt 0.32613 0.103902 
vt 0.331734 0.0988784 
vt 0.319762 0.103969 
vt 0.319751 0.0990518 
vt 0.331734 0.109272 
vt 0.32613 0.109214 
vt 0.331734 0.115533 
vt 0.16208 0.0697812 
vt 0.152226 0.0540233 
vt 0.152226 0.069612 
vt 0.162378 0.088104 
vt 0.152226 0.0878094 
vt 0.319825 0.115326 
vt 0.319786 0.109148 
vt 0.162186 0.0537246 
vt 0.152226 0.0394003 
vt 0.311636 0.0987889 
vt 0.305255 0.0988867 
vt 0.311636 0.103811 
vt 0.311636 0.109071 
vt 0.305255 0.103875 
vt 0.305255 0.10914 
vt 0.311636 0.115279 
vt 0.297676 0.0988805 
vt 0.291437 0.103833 
vt 0.297676 0.103891 
vt 0.291437 0.0987547 
vt 0.297676 0.109231 
vt 0.305255 0.115319 
vt 0.291437 0.109056 
vt 0.297676 0.115379 
vt 0.338987 0.0863834 
vt 0.311344 0.0565502 
vt 0.31313 0.0492054 
vt 0.30973 0.0547473 
vt 0.342343 0.0798424 
vt 0.346334 0.0760758 
vt 0.34225 0.0760758 
vt 0.314446 0.0539037 
vt 0.308509 0.0526764 
vt 0.308852 0.0435542 
vt 0.307221 0.050739 
vt 0.338348 0.0760758 
vt 0.34295 0.0863834 
vt 0.346382 0.0798424 
vt 0.313367 0.057368 
vt 0.315647 0.0581486 
vt 0.350186 0.0798424 
vt 0.353166 0.0760758 
vt 0.350105 0.0760758 
vt 0.318647 0.0547867 
vt 0.318675 0.058705 
vt 0.31861 0.0504057 
vt 0.347013 0.0863834 
vt 0.350679 0.0863834 
vt 0.353166 0.0798424 
vt 0.353166 0.0863834 
vt 0.313037 0.0366518 
vt 0.312909 0.0269638 
vt 0.30914 0.0203121 
vt 0.309152 0.0150258 
vt 0.312856 0.0172562 
vt 0.291437 0.0760758 
vt 0.291437 0.0798424 
vt 0.291437 0.0863834 
vt 0.318508 0.0369034 
vt 0.318427 0.0261662 
vt 0.318347 0.0159725 
vt 0.312949 0.0113167 
vt 0.286147 0.0760758 
vt 0.318293 0.00951695 
vt 0.286147 0.0863834 
vt 0.286147 0.0798424 
vt 0.296185 0.29747 
vt 0.296787 0.296786 
vt 0.297429 0.29611 
vt 0.184827 0.00308257 
vt 0.298067 0.295653 
vt 0.298993 0.293638 
vt 0.299095 0.295343 
vt 0.298636 0.294242 
vt 0.298999 0.292049 
vt 0.299295 0.293652 
vt 0.299302 0.291988 
vt 0.299677 0.291913 
vt 0.298532 0.293173 
vt 0.291437 0.0896153 
vt 0.291437 0.0934917 
vt 0.298635 0.292002 
vt 0.286147 0.0896153 
vt 0.286147 0.0934917 
vt 0.286147 0.098735 
vt 0.286147 0.103902 
vt 0.286147 0.10902 
vt 0.291437 0.11513 
vt 0.32613 0.115427 
vt 0.184725 0.121391 
vt 0.194798 0.137897 
vt 0.19551 0.121391 
vt 0.184709 0.164249 
vt 0.19501 0.164249 
vt 0.184319 0.137897 
vt 0.203219 0.164249 
vt 0.162075 0.405732 
vt 0.161979 0.378719 
vt 0.157216 0.404026 
vt 0.166358 0.382542 
vt 0.166733 0.406161 
vt 0.155977 0.430989 
vt 0.185648 0.192528 
vt 0.195636 0.192528 
vt 0.174666 0.365998 
vt 0.167905 0.363269 
vt 0.171117 0.369998 
vt 0.173699 0.370233 
vt 0.179735 0.37012 
vt 0.173513 0.3577 
vt 0.203251 0.137897 
vt 0.204161 0.121391 
vt 0.169995 0.383188 
vt 0.179734 0.406675 
vt 0.179739 0.383689 
vt 0.174963 0.103998 
vt 0.163697 0.107381 
vt 0.175611 0.121391 
vt 0.164845 0.137897 
vt 0.164793 0.121003 
vt 0.175681 0.137897 
vt 0.165726 0.192528 
vt 0.175465 0.164249 
vt 0.165161 0.164249 
vt 0.175665 0.192528 
vt 0.152226 0.164166 
vt 0.152226 0.192675 
vt 0.165879 0.431201 
vt 0.16085 0.431087 
vt 0.162134 0.456423 
vt 0.166779 0.45626 
vt 0.157318 0.458 
vt 0.161697 0.481466 
vt 0.166277 0.477989 
vt 0.169937 0.47757 
vt 0.168384 0.498405 
vt 0.194862 0.218262 
vt 0.202407 0.218725 
vt 0.195198 0.210175 
vt 0.202699 0.210175 
vt 0.171979 0.49255 
vt 0.179746 0.455979 
vt 0.179736 0.431309 
vt 0.202929 0.192528 
vt 0.179757 0.47715 
vt 0.174149 0.492287 
vt 0.175098 0.495551 
vt 0.173941 0.504396 
vt 0.201537 0.239875 
vt 0.165827 0.210175 
vt 0.175578 0.210175 
vt 0.185377 0.210175 
vt 0.16625 0.239875 
vt 0.175636 0.239875 
vt 0.176015 0.257082 
vt 0.184354 0.239875 
vt 0.184387 0.257082 
vt 0.166872 0.257082 
vt 0.188986 0.210175 
vt 0.189775 0.217757 
vt 0.193077 0.239875 
vt 0.192955 0.257082 
vt 0.342799 0.173771 
vt 0.34545 0.179093 
vt 0.345747 0.173771 
vt 0.188354 0.369981 
vt 0.18949 0.383172 
vt 0.193131 0.382526 
vt 0.197501 0.37864 
vt 0.210013 0.121391 
vt 0.185771 0.370223 
vt 0.184801 0.365989 
vt 0.209356 0.164249 
vt 0.209498 0.137897 
vt 0.202473 0.403977 
vt 0.19297 0.406147 
vt 0.197621 0.405727 
vt 0.193836 0.431182 
vt 0.198867 0.431058 
vt 0.20938 0.192528 
vt 0.21452 0.121391 
vt 0.21452 0.137897 
vt 0.21452 0.164249 
vt 0.21452 0.192528 
vt 0.179733 0.364779 
vt 0.179729 0.356363 
vt 0.185946 0.357687 
vt 0.191555 0.36324 
vt 0.203739 0.430946 
vt 0.192951 0.456239 
vt 0.193247 0.477979 
vt 0.189582 0.477564 
vt 0.209386 0.210175 
vt 0.191121 0.49841 
vt 0.19782 0.481508 
vt 0.187532 0.49255 
vt 0.185362 0.492285 
vt 0.184412 0.49555 
vt 0.179755 0.492398 
vt 0.197591 0.456381 
vt 0.202438 0.457951 
vt 0.20935 0.218899 
vt 0.21452 0.210175 
vt 0.21452 0.219086 
vt 0.179755 0.496732 
vt 0.185565 0.504397 
vt 0.179754 0.505534 
vt 0.200932 0.257082 
vt 0.348237 0.179093 
vt 0.348491 0.173771 
vt 0.209491 0.239875 
vt 0.21452 0.239875 
vt 0.209682 0.257082 
vt 0.21452 0.257082 
vt 0.351502 0.173771 
vt 0.353166 0.179093 
vt 0.353166 0.173771 
vt 0.350909 0.179093 
vt 0.152226 0.13763 
vt 0.31986 0.1219 
vt 0.32613 0.122025 
vt 0.331734 0.122187 
vt 0.319882 0.126117 
vt 0.311636 0.121814 
vt 0.331734 0.126596 
vt 0.32613 0.12639 
vt 0.319918 0.132268 
vt 0.32613 0.132415 
vt 0.31995 0.141336 
vt 0.32613 0.141492 
vt 0.319946 0.151181 
vt 0.331734 0.132673 
vt 0.152226 0.10715 
vt 0.152226 0.119965 
vt 0.331734 0.141804 
vt 0.32613 0.151309 
vt 0.311636 0.126011 
vt 0.305255 0.121824 
vt 0.311636 0.132133 
vt 0.311636 0.151039 
vt 0.311636 0.141175 
vt 0.305255 0.12599 
vt 0.305255 0.132074 
vt 0.297676 0.12185 
vt 0.297676 0.12599 
vt 0.305255 0.150932 
vt 0.305255 0.141077 
vt 0.297676 0.132027 
vt 0.297676 0.150824 
vt 0.297676 0.141007 
vt 0.331734 0.157698 
vt 0.32613 0.157466 
vt 0.331734 0.151612 
vt 0.319928 0.157392 
vt 0.32613 0.16785 
vt 0.331734 0.16785 
vt 0.331734 0.173771 
vt 0.32613 0.173771 
vt 0.319863 0.16785 
vt 0.319861 0.173771 
vt 0.319838 0.179093 
vt 0.152226 0.210366 
vt 0.152226 0.257082 
vt 0.152226 0.239875 
vt 0.32613 0.179093 
vt 0.331734 0.179093 
vt 0.336773 0.173771 
vt 0.319725 0.184071 
vt 0.32613 0.184071 
vt 0.311636 0.184071 
vt 0.311636 0.179093 
vt 0.311636 0.157278 
vt 0.311636 0.16785 
vt 0.305255 0.157189 
vt 0.305255 0.16785 
vt 0.311636 0.173771 
vt 0.305255 0.173771 
vt 0.297676 0.157076 
vt 0.297676 0.16785 
vt 0.297676 0.173771 
vt 0.305255 0.184071 
vt 0.305255 0.179093 
vt 0.331734 0.184071 
vt 0.291437 0.157231 
vt 0.337651 0.179093 
vt 0.339919 0.173771 
vt 0.291437 0.16785 
vt 0.291437 0.151063 
vt 0.291437 0.173771 
vt 0.297676 0.179093 
vt 0.340336 0.179093 
vt 0.342817 0.179093 
vt 0.337096 0.184071 
vt 0.340195 0.184071 
vt 0.291437 0.179093 
vt 0.286147 0.179093 
vt 0.286147 0.173771 
vt 0.344976 0.184071 
vt 0.350047 0.184071 
vt 0.353166 0.184071 
vt 0.291437 0.184071 
vt 0.286147 0.184071 
vt 0.291437 0.121687 
vt 0.291437 0.125952 
vt 0.291437 0.132118 
vt 0.286147 0.115077 
vt 0.291437 0.141241 
vt 0.286147 0.151069 
vt 0.286147 0.14119 
vt 0.286147 0.121667 
vt 0.286147 0.125841 
vt 0.286147 0.13217 
vt 0.286147 0.156974 
vt 0.286147 0.16785 
vt 0.360331 0.0154694 
vt 0.363186 0.0234224 
vt 0.363722 0.0155781 
vt 0.359302 0.0230777 
vt 0.362817 0.0323381 
vt 0.356803 0.0228624 
vt 0.35868 0.0322082 
vt 0.360831 0.0113441 
vt 0.358753 0.015134 
vt 0.362059 0.0099802 
vt 0.355634 0.0319158 
vt 0.367068 0.0237578 
vt 0.367714 0.0151159 
vt 0.370532 0.0237371 
vt 0.366963 0.0322694 
vt 0.370496 0.0324639 
vt 0.368511 0.00695425 
vt 0.365349 0.0078963 
vt 0.37058 0.0148607 
vt 0.370598 0.00661987 
vt 0.362655 0.0422529 
vt 0.35842 0.0423119 
vt 0.359146 0.0491692 
vt 0.361942 0.0519466 
vt 0.297676 0.184071 
vt 0.356389 0.0433254 
vt 0.35796 0.0509859 
vt 0.361697 0.057411 
vt 0.366152 0.0535098 
vt 0.366905 0.042168 
vt 0.37046 0.0422596 
vt 0.370391 0.0539777 
vt 0.365851 0.0606512 
vt 0.370376 0.061602 
vt 0.375522 0.428714 
vt 0.216266 0.05706 
vt 0.218643 0.0414723 
vt 0.219803 0.0575891 
vt 0.219576 0.0309318 
vt 0.220353 0.0237443 
vt 0.215321 0.0701508 
vt 0.304587 0.361632 
vt 0.304726 0.364249 
vt 0.217267 0.0701042 
vt 0.306464 0.36131 
vt 0.306872 0.363816 
vt 0.30134 0.28255 
vt 0.301608 0.28514 
vt 0.301504 0.282562 
vt 0.225051 0.0429237 
vt 0.227884 0.0315369 
vt 0.230849 0.0448378 
vt 0.22969 0.0237443 
vt 0.223028 0.0584223 
vt 0.219142 0.0700773 
vt 0.308532 0.360492 
vt 0.308989 0.362994 
vt 0.220895 0.0700457 
vt 0.310759 0.359406 
vt 0.311375 0.361831 
vt 0.301914 0.285172 
vt 0.301663 0.282581 
vt 0.220368 0.0124766 
vt 0.301675 0.290433 
vt 0.221746 0.00308257 
vt 0.302039 0.290443 
vt 0.301632 0.291798 
vt 0.301618 0.293669 
vt 0.301966 0.29182 
vt 0.230383 0.0124766 
vt 0.302418 0.290551 
vt 0.30224 0.285301 
vt 0.232404 0.00308257 
vt 0.301818 0.282609 
vt 0.30281 0.290649 
vt 0.301946 0.29367 
vt 0.30231 0.291864 
vt 0.304606 0.351563 
vt 0.375287 0.417268 
vt 0.381235 0.428714 
vt 0.375764 0.424192 
vt 0.381036 0.417268 
vt 0.375471 0.4215 
vt 0.304753 0.348702 
vt 0.306494 0.351891 
vt 0.215288 0.0791571 
vt 0.21569 0.0906687 
vt 0.217228 0.0791748 
vt 0.306821 0.349127 
vt 0.21801 0.10929 
vt 0.218712 0.0902593 
vt 0.308574 0.352712 
vt 0.309055 0.349964 
vt 0.310804 0.3538 
vt 0.386796 0.428714 
vt 0.381518 0.424192 
vt 0.381366 0.4215 
vt 0.386614 0.417268 
vt 0.311455 0.351128 
vt 0.219114 0.0791737 
vt 0.222447 0.108832 
vt 0.221633 0.0895827 
vt 0.220963 0.0791463 
vt 0.301342 0.30328 
vt 0.301535 0.303258 
vt 0.30147 0.300761 
vt 0.301637 0.295527 
vt 0.301778 0.300701 
vt 0.301987 0.295532 
vt 0.301723 0.303213 
vt 0.387128 0.424192 
vt 0.387027 0.4215 
vt 0.392106 0.417268 
vt 0.392701 0.428714 
vt 0.392469 0.4215 
vt 0.392943 0.424192 
vt 0.302291 0.293672 
vt 0.302372 0.295457 
vt 0.302063 0.300538 
vt 0.301918 0.303147 
vt 0.302679 0.293675 
vt 0.302818 0.295418 
vt 0.396968 0.417268 
vt 0.227141 0.059835 
vt 0.236556 0.0470568 
vt 0.222703 0.0700281 
vt 0.229866 0.0622703 
vt 0.236087 0.0330799 
vt 0.397795 0.428714 
vt 0.312976 0.358146 
vt 0.3137 0.360417 
vt 0.31443 0.357057 
vt 0.30259 0.285432 
vt 0.301951 0.282636 
vt 0.400754 0.417268 
vt 0.396906 0.4215 
vt 0.315572 0.358652 
vt 0.224638 0.06998 
vt 0.231742 0.0649473 
vt 0.240871 0.0508426 
vt 0.243593 0.0360292 
vt 0.226378 0.0712103 
vt 0.314831 0.356782 
vt 0.315986 0.358199 
vt 0.315059 0.356611 
vt 0.316481 0.357922 
vt 0.227214 0.0742947 
vt 0.233664 0.068392 
vt 0.240136 0.0237443 
vt 0.241688 0.0124766 
vt 0.303223 0.290795 
vt 0.302976 0.285605 
vt 0.303549 0.29094 
vt 0.303296 0.285757 
vt 0.302045 0.282658 
vt 0.304721 0.3027 
vt 0.30227 0.30301 
vt 0.302185 0.303159 
vt 0.304246 0.301826 
vt 0.30231 0.302962 
vt 0.248675 0.0397902 
vt 0.250356 0.0237443 
vt 0.244285 0.0559679 
vt 0.246438 0.0624022 
vt 0.254217 0.0474584 
vt 0.256272 0.0575398 
vt 0.401341 0.428714 
vt 0.397569 0.424192 
vt 0.399707 0.4215 
vt 0.404553 0.417268 
vt 0.404828 0.428714 
vt 0.400277 0.424192 
vt 0.314439 0.356163 
vt 0.313007 0.355069 
vt 0.313787 0.352609 
vt 0.224784 0.0885185 
vt 0.227329 0.108116 
vt 0.222884 0.0790624 
vt 0.315552 0.354442 
vt 0.401751 0.422206 
vt 0.314833 0.356453 
vt 0.316072 0.355138 
vt 0.316527 0.355438 
vt 0.405298 0.422847 
vt 0.401371 0.42344 
vt 0.226407 0.0777462 
vt 0.234511 0.0730737 
vt 0.227961 0.0864213 
vt 0.224792 0.0788605 
vt 0.233479 0.106867 
vt 0.233402 0.0787146 
vt 0.230928 0.0832281 
vt 0.401783 0.423107 
vt 0.303375 0.300463 
vt 0.302177 0.303037 
vt 0.302279 0.302985 
vt 0.303834 0.300993 
vt 0.302077 0.303082 
vt 0.302387 0.300354 
vt 0.302702 0.300143 
vt 0.302953 0.299967 
vt 0.303613 0.295308 
vt 0.24752 0.0706084 
vt 0.247069 0.0826365 
vt 0.243768 0.0951082 
vt 0.2396 0.102416 
vt 0.256369 0.0865402 
vt 0.257811 0.0703501 
vt 0.304282 0.295687 
vt 0.321695 0.0579849 
vt 0.356146 0.0798424 
vt 0.356227 0.0760758 
vt 0.323963 0.0570756 
vt 0.32283 0.053677 
vt 0.325971 0.0561521 
vt 0.324076 0.0489124 
vt 0.35995 0.0798424 
vt 0.359998 0.0760758 
vt 0.355652 0.0863834 
vt 0.359319 0.0863834 
vt 0.363989 0.0798424 
vt 0.364082 0.0760758 
vt 0.327559 0.0542619 
vt 0.367838 0.0798424 
vt 0.367984 0.0760758 
vt 0.328747 0.0521303 
vt 0.328261 0.043035 
vt 0.330004 0.0501246 
vt 0.371417 0.0798424 
vt 0.371437 0.0760758 
vt 0.363382 0.0863834 
vt 0.367344 0.0863834 
vt 0.331039 0.043874 
vt 0.323976 0.0363605 
vt 0.323976 0.0266693 
vt 0.323868 0.0169627 
vt 0.323674 0.0110283 
vt 0.414895 0.0798424 
vt 0.420185 0.0760758 
vt 0.414895 0.0760758 
vt 0.327523 0.0145299 
vt 0.408656 0.0798424 
vt 0.420185 0.0863834 
vt 0.420185 0.0798424 
vt 0.327619 0.0198188 
vt 0.329335 0.0361074 
vt 0.328928 0.0267863 
vt 0.331332 0.0261098 
vt 0.329792 0.0192199 
vt 0.408656 0.0760758 
vt 0.401077 0.0798424 
vt 0.414895 0.0863834 
vt 0.302685 0.29193 
vt 0.303061 0.292009 
vt 0.303064 0.293675 
vt 0.30326 0.295367 
vt 0.303369 0.293674 
vt 0.30336 0.29208 
vt 0.306163 0.297533 
vt 0.2527 0.0124766 
vt 0.305562 0.296841 
vt 0.244213 0.00308257 
vt 0.304923 0.296156 
vt 0.303724 0.294277 
vt 0.30383 0.293197 
vt 0.420185 0.0896153 
vt 0.414895 0.0896153 
vt 0.414895 0.0934917 
vt 0.420185 0.0934917 
vt 0.420185 0.098735 
vt 0.414895 0.0987547 
vt 0.414895 0.103833 
vt 0.420185 0.103902 
vt 0.414895 0.109056 
vt 0.303724 0.292028 
vt 0.420185 0.10902 
vt 0.414895 0.11513 
vt 0.255731 0.00308257 
vt 0.371373 0.0863834 
vt 0.408656 0.0863834 
vt 0.408656 0.0896153 
vt 0.408656 0.0934917 
vt 0.408656 0.0988805 
vt 0.408656 0.109231 
vt 0.374598 0.0798424 
vt 0.374598 0.0760758 
vt 0.380201 0.0798424 
vt 0.380201 0.0760758 
vt 0.386607 0.0760758 
vt 0.374598 0.0863834 
vt 0.26277 0.0237314 
vt 0.263903 0.0122737 
vt 0.26744 0.00308257 
vt 0.276814 0.0124766 
vt 0.276814 0.00308257 
vt 0.374598 0.0896153 
vt 0.380201 0.0896153 
vt 0.380201 0.0863834 
vt 0.386641 0.0798424 
vt 0.386611 0.0896153 
vt 0.386601 0.0863834 
vt 0.276814 0.0237443 
vt 0.374598 0.0934917 
vt 0.380201 0.0934917 
vt 0.38662 0.0934917 
vt 0.331838 0.0363087 
vt 0.394696 0.0760758 
vt 0.401077 0.0760758 
vt 0.394696 0.0798424 
vt 0.401077 0.0863834 
vt 0.401077 0.0934917 
vt 0.394696 0.0863834 
vt 0.401077 0.0896153 
vt 0.394696 0.0896153 
vt 0.394696 0.0934917 
vt 0.266582 0.0389811 
vt 0.266853 0.0537246 
vt 0.276814 0.0394003 
vt 0.266959 0.0697812 
vt 0.266661 0.088104 
vt 0.276814 0.069612 
vt 0.276814 0.0540233 
vt 0.374598 0.0988784 
vt 0.380201 0.0989504 
vt 0.374598 0.103909 
vt 0.380201 0.103902 
vt 0.386581 0.0990518 
vt 0.38657 0.103969 
vt 0.374598 0.109272 
vt 0.276814 0.0878094 
vt 0.374598 0.115533 
vt 0.380201 0.109214 
vt 0.380201 0.115427 
vt 0.386507 0.115326 
vt 0.386546 0.109148 
vt 0.401077 0.0988867 
vt 0.401077 0.103875 
vt 0.394696 0.0987889 
vt 0.408656 0.103891 
vt 0.394696 0.103811 
vt 0.401077 0.115319 
vt 0.401077 0.10914 
vt 0.394696 0.109071 
vt 0.408656 0.115379 
vt 0.394696 0.115279 
vt 0.219026 0.121391 
vt 0.219541 0.137897 
vt 0.224878 0.121391 
vt 0.219684 0.164249 
vt 0.219659 0.192528 
vt 0.225788 0.137897 
vt 0.22582 0.164249 
vt 0.240686 0.369724 
vt 0.231539 0.378382 
vt 0.235908 0.382269 
vt 0.239549 0.382915 
vt 0.243268 0.369966 
vt 0.244239 0.365732 
vt 0.2493 0.383432 
vt 0.231419 0.40547 
vt 0.226566 0.40372 
vt 0.230172 0.430801 
vt 0.235203 0.430924 
vt 0.23607 0.40589 
vt 0.249306 0.406418 
vt 0.237484 0.362983 
vt 0.22611 0.192528 
vt 0.249304 0.431051 
vt 0.249304 0.369863 
vt 0.243093 0.35743 
vt 0.24931 0.356106 
vt 0.249306 0.364522 
vt 0.255527 0.357443 
vt 0.23353 0.121391 
vt 0.234241 0.137897 
vt 0.254373 0.365741 
vt 0.25534 0.369975 
vt 0.233403 0.192528 
vt 0.259045 0.382931 
vt 0.2253 0.430689 
vt 0.219653 0.210175 
vt 0.231448 0.456124 
vt 0.226601 0.457694 
vt 0.236088 0.455982 
vt 0.21969 0.218899 
vt 0.235793 0.477722 
vt 0.231219 0.481251 
vt 0.22634 0.210175 
vt 0.239457 0.477307 
vt 0.249293 0.455722 
vt 0.249282 0.476893 
vt 0.237918 0.498154 
vt 0.241507 0.492293 
vt 0.243677 0.492028 
vt 0.244627 0.495293 
vt 0.249284 0.492142 
vt 0.243474 0.50414 
vt 0.219549 0.239875 
vt 0.226633 0.218725 
vt 0.219357 0.257082 
vt 0.228107 0.257082 
vt 0.227502 0.239875 
vt 0.35483 0.173771 
vt 0.355423 0.179093 
vt 0.357841 0.173771 
vt 0.358095 0.179093 
vt 0.253941 0.495294 
vt 0.249284 0.496475 
vt 0.25489 0.492029 
vt 0.259102 0.477313 
vt 0.249286 0.505276 
vt 0.255098 0.504139 
vt 0.360585 0.173771 
vt 0.236084 0.257082 
vt 0.257922 0.36974 
vt 0.261134 0.363012 
vt 0.262306 0.405903 
vt 0.262682 0.382285 
vt 0.26706 0.378462 
vt 0.23403 0.164249 
vt 0.244314 0.121391 
vt 0.244721 0.137897 
vt 0.24433 0.164249 
vt 0.266964 0.405475 
vt 0.271823 0.403768 
vt 0.243392 0.192528 
vt 0.254076 0.103998 
vt 0.253429 0.121391 
vt 0.253374 0.192528 
vt 0.253359 0.137897 
vt 0.253575 0.164249 
vt 0.265342 0.107381 
vt 0.264194 0.137897 
vt 0.264246 0.121003 
vt 0.263314 0.192528 
vt 0.263879 0.164249 
vt 0.276814 0.192675 
vt 0.276814 0.164166 
vt 0.273062 0.430731 
vt 0.26226 0.456003 
vt 0.26316 0.430945 
vt 0.25706 0.492293 
vt 0.262762 0.477733 
vt 0.260655 0.498149 
vt 0.233842 0.210175 
vt 0.266905 0.456166 
vt 0.268189 0.430831 
vt 0.271721 0.457743 
vt 0.267342 0.481208 
vt 0.234177 0.218262 
vt 0.239265 0.217757 
vt 0.240053 0.210175 
vt 0.243662 0.210175 
vt 0.244685 0.239875 
vt 0.235963 0.239875 
vt 0.244652 0.257082 
vt 0.360882 0.179093 
vt 0.363533 0.173771 
vt 0.253461 0.210175 
vt 0.263213 0.210175 
vt 0.262789 0.239875 
vt 0.253403 0.239875 
vt 0.253025 0.257082 
vt 0.262167 0.257082 
vt 0.276814 0.13763 
vt 0.363515 0.179093 
vt 0.414895 0.173771 
vt 0.408656 0.179093 
vt 0.414895 0.179093 
vt 0.420185 0.179093 
vt 0.420185 0.173771 
vt 0.414895 0.16785 
vt 0.408656 0.173771 
vt 0.420185 0.184071 
vt 0.356285 0.184071 
vt 0.361356 0.184071 
vt 0.366137 0.184071 
vt 0.365996 0.179093 
vt 0.414895 0.184071 
vt 0.368681 0.179093 
vt 0.366413 0.173771 
vt 0.408656 0.16785 
vt 0.414895 0.157231 
vt 0.408656 0.157076 
vt 0.414895 0.151063 
vt 0.408656 0.150824 
vt 0.408656 0.12185 
vt 0.408656 0.141007 
vt 0.369559 0.173771 
vt 0.374598 0.179093 
vt 0.369236 0.184071 
vt 0.401077 0.179093 
vt 0.401077 0.184071 
vt 0.408656 0.12599 
vt 0.414895 0.121687 
vt 0.420185 0.115077 
vt 0.414895 0.132118 
vt 0.420185 0.125841 
vt 0.414895 0.125952 
vt 0.420185 0.121667 
vt 0.420185 0.13217 
vt 0.420185 0.14119 
vt 0.420185 0.16785 
vt 0.420185 0.156974 
vt 0.420185 0.151069 
vt 0.414895 0.141241 
vt 0.408656 0.132027 
vt 0.374598 0.184071 
vt 0.380201 0.179093 
vt 0.373444 0.0151826 
vt 0.373991 0.0238391 
vt 0.377421 0.0157391 
vt 0.377877 0.0235943 
vt 0.374035 0.0323532 
vt 0.372683 0.00701225 
vt 0.375834 0.00804126 
vt 0.379106 0.0102152 
vt 0.380793 0.0157106 
vt 0.380201 0.184071 
vt 0.378174 0.0325209 
vt 0.381762 0.0233427 
vt 0.382313 0.0324882 
vt 0.38426 0.0232397 
vt 0.380325 0.0116122 
vt 0.382374 0.0154591 
vt 0.38536 0.0323273 
vt 0.374002 0.0422529 
vt 0.374644 0.0536128 
vt 0.378878 0.0521531 
vt 0.378259 0.0424412 
vt 0.374902 0.0607816 
vt 0.379091 0.0576605 
vt 0.381709 0.0494429 
vt 0.38249 0.0426023 
vt 0.408656 0.184071 
vt 0.384516 0.0437219 
vt 0.382878 0.0513415 
vt 0.394696 0.179093 
vt 0.394696 0.184071 
vt 0.276814 0.10715 
vt 0.276814 0.119965 
vt 0.374598 0.126596 
vt 0.380201 0.122025 
vt 0.374598 0.122187 
vt 0.374598 0.132673 
vt 0.374598 0.141804 
vt 0.380201 0.141492 
vt 0.380201 0.12639 
vt 0.380201 0.151309 
vt 0.380201 0.132415 
vt 0.386472 0.1219 
vt 0.38645 0.126117 
vt 0.386382 0.141336 
vt 0.386414 0.132268 
vt 0.386386 0.151181 
vt 0.394696 0.121814 
vt 0.401077 0.12599 
vt 0.401077 0.121824 
vt 0.394696 0.126011 
vt 0.401077 0.132074 
vt 0.401077 0.141077 
vt 0.394696 0.141175 
vt 0.394696 0.132133 
vt 0.394696 0.151039 
vt 0.401077 0.150932 
vt 0.276814 0.257082 
vt 0.276814 0.210366 
vt 0.276814 0.239875 
vt 0.374598 0.173771 
vt 0.380201 0.16785 
vt 0.374598 0.16785 
vt 0.380201 0.173771 
vt 0.386494 0.179093 
vt 0.386607 0.184071 
vt 0.386471 0.173771 
vt 0.374598 0.157698 
vt 0.374598 0.151612 
vt 0.380201 0.157466 
vt 0.386404 0.157392 
vt 0.386469 0.16785 
vt 0.401077 0.157189 
vt 0.401077 0.16785 
vt 0.401077 0.173771 
vt 0.394696 0.173771 
vt 0.394696 0.16785 
vt 0.394696 0.157278 

usemtl R6Builderman1Mtl

f 2338/2338/2338 2339/2339/2339 2340/2340/2340 
f 2340/2340/2340 2339/2339/2339 2350/2350/2350 
f 2345/2345/2345 2340/2340/2340 2350/2350/2350 
f 2340/2340/2340 2345/2345/2345 2341/2341/2341 
f 2341/2341/2341 2338/2338/2338 2340/2340/2340 
f 2350/2350/2350 2339/2339/2339 2406/2406/2406 
f 2338/2338/2338 2341/2341/2341 2342/2342/2342 
f 2339/2339/2339 2364/2364/2364 2406/2406/2406 
f 2374/2374/2374 2338/2338/2338 2342/2342/2342 
f 2339/2339/2339 2363/2363/2363 2364/2364/2364 
f 2409/2409/2409 2364/2364/2364 2363/2363/2363 
f 2339/2339/2339 2338/2338/2338 2344/2344/2344 
f 2344/2344/2344 2363/2363/2363 2339/2339/2339 
f 2338/2338/2338 2374/2374/2374 2343/2343/2343 
f 2343/2343/2343 2344/2344/2344 2338/2338/2338 
f 2375/2375/2375 2343/2343/2343 2374/2374/2374 
f 2454/2454/2454 2409/2409/2409 2363/2363/2363 
f 2363/2363/2363 2344/2344/2344 2454/2454/2454 
f 2409/2409/2409 2454/2454/2454 2455/2455/2455 
f 2456/2456/2456 2455/2455/2455 2454/2454/2454 
f 2456/2456/2456 2454/2454/2454 2453/2453/2453 
f 2453/2453/2453 2454/2454/2454 2344/2344/2344 
f 2453/2453/2453 2457/2457/2457 2456/2456/2456 
f 2343/2343/2343 2375/2375/2375 2354/2354/2354 
f 2344/2344/2344 2343/2343/2343 2353/2353/2353 
f 2453/2453/2453 2344/2344/2344 2353/2353/2353 
f 2354/2354/2354 2353/2353/2353 2343/2343/2343 
f 2376/2376/2376 2354/2354/2354 2375/2375/2375 
f 2353/2353/2353 2452/2452/2452 2453/2453/2453 
f 2457/2457/2457 2453/2453/2453 2452/2452/2452 
f 2353/2353/2353 2354/2354/2354 2355/2355/2355 
f 2452/2452/2452 2353/2353/2353 2355/2355/2355 
f 2354/2354/2354 2376/2376/2376 2356/2356/2356 
f 2356/2356/2356 2355/2355/2355 2354/2354/2354 
f 2377/2377/2377 2356/2356/2356 2376/2376/2376 
f 2373/2373/2373 2377/2377/2377 2376/2376/2376 
f 2355/2355/2355 2356/2356/2356 2357/2357/2357 
f 2373/2373/2373 2368/2368/2368 2377/2377/2377 
f 2368/2368/2368 2373/2373/2373 2372/2372/2372 
f 2369/2369/2369 2368/2368/2368 2372/2372/2372 
f 2377/2377/2377 2359/2359/2359 2356/2356/2356 
f 2359/2359/2359 2357/2357/2357 2356/2356/2356 
f 2378/2378/2378 2377/2377/2377 2368/2368/2368 
f 2377/2377/2377 2378/2378/2378 2359/2359/2359 
f 2368/2368/2368 2369/2369/2369 2370/2370/2370 
f 2370/2370/2370 2378/2378/2378 2368/2368/2368 
f 2371/2371/2371 2370/2370/2370 2369/2369/2369 
f 2371/2371/2371 2366/2366/2366 2370/2370/2370 
f 2366/2366/2366 2365/2365/2365 2370/2370/2370 
f 2378/2378/2378 2370/2370/2370 2365/2365/2365 
f 2365/2365/2365 2366/2366/2366 2358/2358/2358 
f 2358/2358/2358 2428/2428/2428 2365/2365/2365 
f 2431/2431/2431 2365/2365/2365 2428/2428/2428 
f 2365/2365/2365 2431/2431/2431 2378/2378/2378 
f 2428/2428/2428 2434/2434/2434 2431/2431/2431 
f 2378/2378/2378 2432/2432/2432 2359/2359/2359 
f 2432/2432/2432 2378/2378/2378 2431/2431/2431 
f 2432/2432/2432 2357/2357/2357 2359/2359/2359 
f 2433/2433/2433 2431/2431/2431 2434/2434/2434 
f 2431/2431/2431 2433/2433/2433 2432/2432/2432 
f 2434/2434/2434 2424/2424/2424 2433/2433/2433 
f 2436/2436/2436 2357/2357/2357 2432/2432/2432 
f 2433/2433/2433 2436/2436/2436 2432/2432/2432 
f 2436/2436/2436 2355/2355/2355 2357/2357/2357 
f 2452/2452/2452 2355/2355/2355 2436/2436/2436 
f 2435/2435/2435 2436/2436/2436 2433/2433/2433 
f 2435/2435/2435 2452/2452/2452 2436/2436/2436 
f 2424/2424/2424 2435/2435/2435 2433/2433/2433 
f 2457/2457/2457 2452/2452/2452 2435/2435/2435 
f 2435/2435/2435 2424/2424/2424 2426/2426/2426 
f 2426/2426/2426 2457/2457/2457 2435/2435/2435 
f 1781/1781/1781 1795/1795/1795 1794/1794/1794 
f 1580/1580/1580 1644/1644/1644 1645/1645/1645 
f 1581/1581/1581 1580/1580/1580 1645/1645/1645 
f 1863/1863/1863 1645/1645/1645 1644/1644/1644 
f 1795/1795/1795 1581/1581/1581 1801/1801/1801 
f 1645/1645/1645 1801/1801/1801 1581/1581/1581 
f 1645/1645/1645 1863/1863/1863 1860/1860/1860 
f 1801/1801/1801 1645/1645/1645 1860/1860/1860 
f 1867/1867/1867 1860/1860/1860 1863/1863/1863 
f 1795/1795/1795 1801/1801/1801 1799/1799/1799 
f 1794/1794/1794 1795/1795/1795 1799/1799/1799 
f 1860/1860/1860 1802/1802/1802 1801/1801/1801 
f 1799/1799/1799 1801/1801/1801 1802/1802/1802 
f 1860/1860/1860 1867/1867/1867 1861/1861/1861 
f 1802/1802/1802 1860/1860/1860 1861/1861/1861 
f 1868/1868/1868 1861/1861/1861 1867/1867/1867 
f 1861/1861/1861 1805/1805/1805 1802/1802/1802 
f 1868/1868/1868 1862/1862/1862 1861/1861/1861 
f 1805/1805/1805 1861/1861/1861 1862/1862/1862 
f 1862/1862/1862 1868/1868/1868 1869/1869/1869 
f 1866/1866/1866 1862/1862/1862 1869/1869/1869 
f 1862/1862/1862 1866/1866/1866 1864/1864/1864 
f 1864/1864/1864 1805/1805/1805 1862/1862/1862 
f 1865/1865/1865 1864/1864/1864 1866/1866/1866 
f 1800/1800/1800 1802/1802/1802 1805/1805/1805 
f 1799/1799/1799 1802/1802/1802 1800/1800/1800 
f 1805/1805/1805 1864/1864/1864 1807/1807/1807 
f 1796/1796/1796 1799/1799/1799 1800/1800/1800 
f 1794/1794/1794 1799/1799/1799 1796/1796/1796 
f 1784/1784/1784 1794/1794/1794 1796/1796/1796 
f 1784/1784/1784 1796/1796/1796 1786/1786/1786 
f 1786/1786/1786 1796/1796/1796 1798/1798/1798 
f 1796/1796/1796 1800/1800/1800 1798/1798/1798 
f 1800/1800/1800 1805/1805/1805 1804/1804/1804 
f 1798/1798/1798 1800/1800/1800 1804/1804/1804 
f 1804/1804/1804 1805/1805/1805 1807/1807/1807 
f 1803/1803/1803 1798/1798/1798 1804/1804/1804 
f 1798/1798/1798 1803/1803/1803 1797/1797/1797 
f 1806/1806/1806 1804/1804/1804 1807/1807/1807 
f 1804/1804/1804 1806/1806/1806 1803/1803/1803 
f 1845/1845/1845 1807/1807/1807 1864/1864/1864 
f 1807/1807/1807 1845/1845/1845 1806/1806/1806 
f 1864/1864/1864 1865/1865/1865 1845/1845/1845 
f 1831/1831/1831 1797/1797/1797 1803/1803/1803 
f 1835/1835/1835 1803/1803/1803 1806/1806/1806 
f 1845/1845/1845 1835/1835/1835 1806/1806/1806 
f 1803/1803/1803 1835/1835/1835 1831/1831/1831 
f 1797/1797/1797 1831/1831/1831 1829/1829/1829 
f 1845/1845/1845 1865/1865/1865 1841/1841/1841 
f 1835/1835/1835 1845/1845/1845 1841/1841/1841 
f 1865/1865/1865 1870/1870/1870 1841/1841/1841 
f 1836/1836/1836 1831/1831/1831 1835/1835/1835 
f 1841/1841/1841 1836/1836/1836 1835/1835/1835 
f 1832/1832/1832 1829/1829/1829 1831/1831/1831 
f 1831/1831/1831 1836/1836/1836 1832/1832/1832 
f 1829/1829/1829 1832/1832/1832 1830/1830/1830 
f 1834/1834/1834 1830/1830/1830 1832/1832/1832 
f 1841/1841/1841 1870/1870/1870 1844/1844/1844 
f 1836/1836/1836 1841/1841/1841 1844/1844/1844 
f 1871/1871/1871 1844/1844/1844 1870/1870/1870 
f 1837/1837/1837 1832/1832/1832 1836/1836/1836 
f 1832/1832/1832 1837/1837/1837 1834/1834/1834 
f 1844/1844/1844 1837/1837/1837 1836/1836/1836 
f 1871/1871/1871 1846/1846/1846 1844/1844/1844 
f 1837/1837/1837 1844/1844/1844 1846/1846/1846 
f 1846/1846/1846 1871/1871/1871 1854/1854/1854 
f 1853/1853/1853 1846/1846/1846 1854/1854/1854 
f 1837/1837/1837 1839/1839/1839 1834/1834/1834 
f 1828/1828/1828 1834/1834/1834 1839/1839/1839 
f 1838/1838/1838 1828/1828/1828 1839/1839/1839 
f 1839/1839/1839 1837/1837/1837 1847/1847/1847 
f 1839/1839/1839 1847/1847/1847 1838/1838/1838 
f 1846/1846/1846 1847/1847/1847 1837/1837/1837 
f 1896/1896/1896 1838/1838/1838 1847/1847/1847 
f 1858/1858/1858 1896/1896/1896 1847/1847/1847 
f 1852/1852/1852 1847/1847/1847 1846/1846/1846 
f 1852/1852/1852 1858/1858/1858 1847/1847/1847 
f 1846/1846/1846 1853/1853/1853 1852/1852/1852 
f 1852/1852/1852 1859/1859/1859 1858/1858/1858 
f 1859/1859/1859 1852/1852/1852 1853/1853/1853 
f 1528/1528/1528 1543/1543/1543 1535/1535/1535 
f 1530/1530/1530 1528/1528/1528 1535/1535/1535 
f 1544/1544/1544 1535/1535/1535 1543/1543/1543 
f 1516/1516/1516 1529/1529/1529 1532/1532/1532 
f 1567/1567/1567 1516/1516/1516 1532/1532/1532 
f 1529/1529/1529 1530/1530/1530 1531/1531/1531 
f 1531/1531/1531 1532/1532/1532 1529/1529/1529 
f 1533/1533/1533 1567/1567/1567 1532/1532/1532 
f 1532/1532/1532 1531/1531/1531 1533/1533/1533 
f 1535/1535/1535 1544/1544/1544 1546/1546/1546 
f 1613/1613/1613 1546/1546/1546 1544/1544/1544 
f 1535/1535/1535 1545/1545/1545 1530/1530/1530 
f 1545/1545/1545 1535/1535/1535 1546/1546/1546 
f 1534/1534/1534 1531/1531/1531 1530/1530/1530 
f 1534/1534/1534 1530/1530/1530 1545/1545/1545 
f 1531/1531/1531 1534/1534/1534 1533/1533/1533 
f 1546/1546/1546 1613/1613/1613 1614/1614/1614 
f 1620/1620/1620 1614/1614/1614 1613/1613/1613 
f 1614/1614/1614 1620/1620/1620 1623/1623/1623 
f 1622/1622/1622 1614/1614/1614 1623/1623/1623 
f 1546/1546/1546 1614/1614/1614 1615/1615/1615 
f 1614/1614/1614 1622/1622/1622 1615/1615/1615 
f 1615/1615/1615 1545/1545/1545 1546/1546/1546 
f 1615/1615/1615 1622/1622/1622 1640/1640/1640 
f 1637/1637/1637 1545/1545/1545 1615/1615/1615 
f 1615/1615/1615 1640/1640/1640 1637/1637/1637 
f 1545/1545/1545 1637/1637/1637 1534/1534/1534 
f 1637/1637/1637 1640/1640/1640 1641/1641/1641 
f 1637/1637/1637 1641/1641/1641 1638/1638/1638 
f 1638/1638/1638 1534/1534/1534 1637/1637/1637 
f 1638/1638/1638 1641/1641/1641 1642/1642/1642 
f 1534/1534/1534 1638/1638/1638 1547/1547/1547 
f 1547/1547/1547 1533/1533/1533 1534/1534/1534 
f 1638/1638/1638 1642/1642/1642 1577/1577/1577 
f 1577/1577/1577 1547/1547/1547 1638/1638/1638 
f 1643/1643/1643 1577/1577/1577 1642/1642/1642 
f 1547/1547/1547 1568/1568/1568 1533/1533/1533 
f 1567/1567/1567 1533/1533/1533 1568/1568/1568 
f 1568/1568/1568 1569/1569/1569 1567/1567/1567 
f 1568/1568/1568 1547/1547/1547 1574/1574/1574 
f 1547/1547/1547 1577/1577/1577 1574/1574/1574 
f 1569/1569/1569 1568/1568/1568 1571/1571/1571 
f 1574/1574/1574 1571/1571/1571 1568/1568/1568 
f 1569/1569/1569 1571/1571/1571 1570/1570/1570 
f 1575/1575/1575 1574/1574/1574 1577/1577/1577 
f 1577/1577/1577 1643/1643/1643 1575/1575/1575 
f 1571/1571/1571 1574/1574/1574 1576/1576/1576 
f 1574/1574/1574 1575/1575/1575 1576/1576/1576 
f 1570/1570/1570 1571/1571/1571 1572/1572/1572 
f 1571/1571/1571 1576/1576/1576 1572/1572/1572 
f 1570/1570/1570 1572/1572/1572 1573/1573/1573 
f 1575/1575/1575 1643/1643/1643 1580/1580/1580 
f 1575/1575/1575 1578/1578/1578 1576/1576/1576 
f 1572/1572/1572 1576/1576/1576 1578/1578/1578 
f 1578/1578/1578 1575/1575/1575 1580/1580/1580 
f 1644/1644/1644 1580/1580/1580 1643/1643/1643 
f 1572/1572/1572 1578/1578/1578 1579/1579/1579 
f 1573/1573/1573 1572/1572/1572 1579/1579/1579 
f 1573/1573/1573 1579/1579/1579 1781/1781/1781 
f 1579/1579/1579 1578/1578/1578 1581/1581/1581 
f 1580/1580/1580 1581/1581/1581 1578/1578/1578 
f 1781/1781/1781 1579/1579/1579 1795/1795/1795 
f 1579/1579/1579 1581/1581/1581 1795/1795/1795 
f 1872/1872/1872 1873/1873/1873 1874/1874/1874 
f 1881/1881/1881 1872/1872/1872 1874/1874/1874 
f 1872/1872/1872 1881/1881/1881 1879/1879/1879 
f 1889/1889/1889 1881/1881/1881 1874/1874/1874 
f 1879/1879/1879 1880/1880/1880 1872/1872/1872 
f 1875/1875/1875 1872/1872/1872 1880/1880/1880 
f 1873/1873/1873 1872/1872/1872 1875/1875/1875 
f 1880/1880/1880 1877/1877/1877 1875/1875/1875 
f 1889/1889/1889 1874/1874/1874 1884/1884/1884 
f 1888/1888/1888 1889/1889/1889 1884/1884/1884 
f 1883/1883/1883 1874/1874/1874 1873/1873/1873 
f 1874/1874/1874 1883/1883/1883 1884/1884/1884 
f 1888/1888/1888 1884/1884/1884 1890/1890/1890 
f 1891/1891/1891 1888/1888/1888 1890/1890/1890 
f 1891/1891/1891 1890/1890/1890 2386/2386/2386 
f 1885/1885/1885 1890/1890/1890 1884/1884/1884 
f 1884/1884/1884 1883/1883/1883 1885/1885/1885 
f 2386/2386/2386 1890/1890/1890 2381/2381/2381 
f 1890/1890/1890 1885/1885/1885 2381/2381/2381 
f 2381/2381/2381 2387/2387/2387 2386/2386/2386 
f 2387/2387/2387 2381/2381/2381 2383/2383/2383 
f 2388/2388/2388 2387/2387/2387 2383/2383/2383 
f 2381/2381/2381 1885/1885/1885 2382/2382/2382 
f 2381/2381/2381 2382/2382/2382 2383/2383/2383 
f 1883/1883/1883 1887/1887/1887 1885/1885/1885 
f 1887/1887/1887 2382/2382/2382 1885/1885/1885 
f 2383/2383/2383 2389/2389/2389 2388/2388/2388 
f 2388/2388/2388 2389/2389/2389 2395/2395/2395 
f 2396/2396/2396 2395/2395/2395 2389/2389/2389 
f 2383/2383/2383 2384/2384/2384 2389/2389/2389 
f 2383/2383/2383 2382/2382/2382 2384/2384/2384 
f 2392/2392/2392 2396/2396/2396 2389/2389/2389 
f 2389/2389/2389 2384/2384/2384 2392/2392/2392 
f 2396/2396/2396 2392/2392/2392 2394/2394/2394 
f 2384/2384/2384 2382/2382/2382 2385/2385/2385 
f 2382/2382/2382 1887/1887/1887 2385/2385/2385 
f 2391/2391/2391 2392/2392/2392 2384/2384/2384 
f 2384/2384/2384 2385/2385/2385 2391/2391/2391 
f 2392/2392/2392 2393/2393/2393 2394/2394/2394 
f 2392/2392/2392 2391/2391/2391 2393/2393/2393 
f 2394/2394/2394 2393/2393/2393 2397/2397/2397 
f 2398/2398/2398 2391/2391/2391 2385/2385/2385 
f 1887/1887/1887 2398/2398/2398 2385/2385/2385 
f 2401/2401/2401 2393/2393/2393 2391/2391/2391 
f 2391/2391/2391 2398/2398/2398 2401/2401/2401 
f 2393/2393/2393 2405/2405/2405 2397/2397/2397 
f 2393/2393/2393 2401/2401/2401 2405/2405/2405 
f 2397/2397/2397 2405/2405/2405 2407/2407/2407 
f 2404/2404/2404 2407/2407/2407 2405/2405/2405 
f 2401/2401/2401 2404/2404/2404 2405/2405/2405 
f 2407/2407/2407 2404/2404/2404 2408/2408/2408 
f 2404/2404/2404 2401/2401/2401 2400/2400/2400 
f 2400/2400/2400 2408/2408/2408 2404/2404/2404 
f 2398/2398/2398 2400/2400/2400 2401/2401/2401 
f 2408/2408/2408 2400/2400/2400 2403/2403/2403 
f 2399/2399/2399 2403/2403/2403 2400/2400/2400 
f 2400/2400/2400 2398/2398/2398 2399/2399/2399 
f 2403/2403/2403 2399/2399/2399 2402/2402/2402 
f 1902/1902/1902 2399/2399/2399 2398/2398/2398 
f 2398/2398/2398 1887/1887/1887 1902/1902/1902 
f 1903/1903/1903 2402/2402/2402 2399/2399/2399 
f 2399/2399/2399 1902/1902/1902 1903/1903/1903 
f 2402/2402/2402 1903/1903/1903 1905/1905/1905 
f 1903/1903/1903 1904/1904/1904 1905/1905/1905 
f 1903/1903/1903 1900/1900/1900 1904/1904/1904 
f 1902/1902/1902 1900/1900/1900 1903/1903/1903 
f 1900/1900/1900 1899/1899/1899 1904/1904/1904 
f 1887/1887/1887 1901/1901/1901 1902/1902/1902 
f 1901/1901/1901 1900/1900/1900 1902/1902/1902 
f 1899/1899/1899 1900/1900/1900 1895/1895/1895 
f 1901/1901/1901 1895/1895/1895 1900/1900/1900 
f 1898/1898/1898 1899/1899/1899 1895/1895/1895 
f 1901/1901/1901 1887/1887/1887 1886/1886/1886 
f 1887/1887/1887 1883/1883/1883 1886/1886/1886 
f 1883/1883/1883 1873/1873/1873 1886/1886/1886 
f 1873/1873/1873 1876/1876/1876 1886/1886/1886 
f 1886/1886/1886 1876/1876/1876 1901/1901/1901 
f 1875/1875/1875 1876/1876/1876 1873/1873/1873 
f 1898/1898/1898 1895/1895/1895 1894/1894/1894 
f 1897/1897/1897 1898/1898/1898 1894/1894/1894 
f 1895/1895/1895 1901/1901/1901 1892/1892/1892 
f 1876/1876/1876 1892/1892/1892 1901/1901/1901 
f 1892/1892/1892 1894/1894/1894 1895/1895/1895 
f 1876/1876/1876 1875/1875/1875 1878/1878/1878 
f 1878/1878/1878 1892/1892/1892 1876/1876/1876 
f 1877/1877/1877 1878/1878/1878 1875/1875/1875 
f 1878/1878/1878 1877/1877/1877 1882/1882/1882 
f 1892/1892/1892 1878/1878/1878 1893/1893/1893 
f 1892/1892/1892 1893/1893/1893 1894/1894/1894 
f 1882/1882/1882 1893/1893/1893 1878/1878/1878 
f 1897/1897/1897 1894/1894/1894 1893/1893/1893 
f 1893/1893/1893 1882/1882/1882 1897/1897/1897 
f 1537/1537/1537 1538/1538/1538 1539/1539/1539 
f 1537/1537/1537 1539/1539/1539 1540/1540/1540 
f 1538/1538/1538 1537/1537/1537 1541/1541/1541 
f 1541/1541/1541 1542/1542/1542 1538/1538/1538 
f 1591/1591/1591 1537/1537/1537 1540/1540/1540 
f 1592/1592/1592 1591/1591/1591 1540/1540/1540 
f 1591/1591/1591 1592/1592/1592 1590/1590/1590 
f 1591/1591/1591 1608/1608/1608 1537/1537/1537 
f 1537/1537/1537 1608/1608/1608 1541/1541/1541 
f 1590/1590/1590 1584/1584/1584 1591/1591/1591 
f 1584/1584/1584 1608/1608/1608 1591/1591/1591 
f 1584/1584/1584 1590/1590/1590 1585/1585/1585 
f 1583/1583/1583 1584/1584/1584 1585/1585/1585 
f 1542/1542/1542 1541/1541/1541 1610/1610/1610 
f 1610/1610/1610 1611/1611/1611 1542/1542/1542 
f 1608/1608/1608 1609/1609/1609 1541/1541/1541 
f 1609/1609/1609 1610/1610/1610 1541/1541/1541 
f 1610/1610/1610 1612/1612/1612 1611/1611/1611 
f 1610/1610/1610 1609/1609/1609 1612/1612/1612 
f 1619/1619/1619 1611/1611/1611 1612/1612/1612 
f 1608/1608/1608 1616/1616/1616 1609/1609/1609 
f 1584/1584/1584 1616/1616/1616 1608/1608/1608 
f 1617/1617/1617 1612/1612/1612 1609/1609/1609 
f 1616/1616/1616 1617/1617/1617 1609/1609/1609 
f 1618/1618/1618 1619/1619/1619 1612/1612/1612 
f 1612/1612/1612 1617/1617/1617 1618/1618/1618 
f 1619/1619/1619 1618/1618/1618 1621/1621/1621 
f 1618/1618/1618 2108/2108/2108 1621/1621/1621 
f 2108/2108/2108 1618/1618/1618 2107/2107/2107 
f 1617/1617/1617 2107/2107/2107 1618/1618/1618 
f 2107/2107/2107 2112/2112/2112 2108/2108/2108 
f 2107/2107/2107 1617/1617/1617 2106/2106/2106 
f 1616/1616/1616 2106/2106/2106 1617/1617/1617 
f 2112/2112/2112 2107/2107/2107 2116/2116/2116 
f 2106/2106/2106 2116/2116/2116 2107/2107/2107 
f 2116/2116/2116 2120/2120/2120 2112/2112/2112 
f 2118/2118/2118 2120/2120/2120 2116/2116/2116 
f 2116/2116/2116 2106/2106/2106 2118/2118/2118 
f 2120/2120/2120 2118/2118/2118 2119/2119/2119 
f 1616/1616/1616 2105/2105/2105 2106/2106/2106 
f 2105/2105/2105 2118/2118/2118 2106/2106/2106 
f 2117/2117/2117 2119/2119/2119 2118/2118/2118 
f 2105/2105/2105 2117/2117/2117 2118/2118/2118 
f 2119/2119/2119 2117/2117/2117 2177/2177/2177 
f 2117/2117/2117 2104/2104/2104 2177/2177/2177 
f 2104/2104/2104 2117/2117/2117 2098/2098/2098 
f 2105/2105/2105 2098/2098/2098 2117/2117/2117 
f 2098/2098/2098 2099/2099/2099 2104/2104/2104 
f 2099/2099/2099 2098/2098/2098 2097/2097/2097 
f 2098/2098/2098 2105/2105/2105 2087/2087/2087 
f 2098/2098/2098 2087/2087/2087 2097/2097/2097 
f 1616/1616/1616 2087/2087/2087 2105/2105/2105 
f 2097/2097/2097 2087/2087/2087 2094/2094/2094 
f 2094/2094/2094 2087/2087/2087 2086/2086/2086 
f 2087/2087/2087 1616/1616/1616 1603/1603/1603 
f 1616/1616/1616 1584/1584/1584 1603/1603/1603 
f 2086/2086/2086 2087/2087/2087 2085/2085/2085 
f 2087/2087/2087 1603/1603/1603 2085/2085/2085 
f 2086/2086/2086 2085/2085/2085 2084/2084/2084 
f 2081/2081/2081 2084/2084/2084 2085/2085/2085 
f 2085/2085/2085 1601/1601/1601 2081/2081/2081 
f 1601/1601/1601 2085/2085/2085 1603/1603/1603 
f 1602/1602/1602 2081/2081/2081 1601/1601/1601 
f 1601/1601/1601 1597/1597/1597 1602/1602/1602 
f 1603/1603/1603 1589/1589/1589 1601/1601/1601 
f 1597/1597/1597 1601/1601/1601 1589/1589/1589 
f 1589/1589/1589 1603/1603/1603 1584/1584/1584 
f 1597/1597/1597 1589/1589/1589 1596/1596/1596 
f 1584/1584/1584 1583/1583/1583 1589/1589/1589 
f 1589/1589/1589 1583/1583/1583 1596/1596/1596 
f 2216/2216/2216 2422/2422/2422 2427/2427/2427 
f 2422/2422/2422 2216/2216/2216 2205/2205/2205 
f 2197/2197/2197 2200/2200/2200 2203/2203/2203 
f 2200/2200/2200 2197/2197/2197 2196/2196/2196 
f 2195/2195/2195 2196/2196/2196 2197/2197/2197 
f 2196/2196/2196 2195/2195/2195 2194/2194/2194 
f 2203/2203/2203 2199/2199/2199 2197/2197/2197 
f 2197/2197/2197 2199/2199/2199 2195/2195/2195 
f 2194/2194/2194 2195/2195/2195 2174/2174/2174 
f 2174/2174/2174 2195/2195/2195 2175/2175/2175 
f 2174/2174/2174 2175/2175/2175 2167/2167/2167 
f 2195/2195/2195 2198/2198/2198 2175/2175/2175 
f 2195/2195/2195 2199/2199/2199 2198/2198/2198 
f 2167/2167/2167 2175/2175/2175 2168/2168/2168 
f 2199/2199/2199 2203/2203/2203 2206/2206/2206 
f 2203/2203/2203 2205/2205/2205 2206/2206/2206 
f 2167/2167/2167 2168/2168/2168 2161/2161/2161 
f 2175/2175/2175 2198/2198/2198 2176/2176/2176 
f 2176/2176/2176 2168/2168/2168 2175/2175/2175 
f 2205/2205/2205 2214/2214/2214 2206/2206/2206 
f 2214/2214/2214 2205/2205/2205 2216/2216/2216 
f 2206/2206/2206 2214/2214/2214 2211/2211/2211 
f 2211/2211/2211 2199/2199/2199 2206/2206/2206 
f 2199/2199/2199 2209/2209/2209 2198/2198/2198 
f 2209/2209/2209 2199/2199/2199 2211/2211/2211 
f 2186/2186/2186 2176/2176/2176 2198/2198/2198 
f 2198/2198/2198 2209/2209/2209 2186/2186/2186 
f 2185/2185/2185 2176/2176/2176 2186/2186/2186 
f 2214/2214/2214 2208/2208/2208 2211/2211/2211 
f 2211/2211/2211 2207/2207/2207 2209/2209/2209 
f 2207/2207/2207 2211/2211/2211 2208/2208/2208 
f 2209/2209/2209 2182/2182/2182 2186/2186/2186 
f 2182/2182/2182 2209/2209/2209 2207/2207/2207 
f 2184/2184/2184 2186/2186/2186 2182/2182/2182 
f 2186/2186/2186 2184/2184/2184 2185/2185/2185 
f 2208/2208/2208 2214/2214/2214 2213/2213/2213 
f 2216/2216/2216 2213/2213/2213 2214/2214/2214 
f 2208/2208/2208 2154/2154/2154 2207/2207/2207 
f 2213/2213/2213 2216/2216/2216 2212/2212/2212 
f 2427/2427/2427 2212/2212/2212 2216/2216/2216 
f 2213/2213/2213 2210/2210/2210 2208/2208/2208 
f 2154/2154/2154 2208/2208/2208 2210/2210/2210 
f 2212/2212/2212 2155/2155/2155 2213/2213/2213 
f 2210/2210/2210 2213/2213/2213 2155/2155/2155 
f 2212/2212/2212 2427/2427/2427 2429/2429/2429 
f 2430/2430/2430 2429/2429/2429 2427/2427/2427 
f 2155/2155/2155 2212/2212/2212 2215/2215/2215 
f 2429/2429/2429 2215/2215/2215 2212/2212/2212 
f 2143/2143/2143 2210/2210/2210 2155/2155/2155 
f 2143/2143/2143 2154/2154/2154 2210/2210/2210 
f 2215/2215/2215 2145/2145/2145 2155/2155/2155 
f 2143/2143/2143 2155/2155/2155 2145/2145/2145 
f 2429/2429/2429 2430/2430/2430 2428/2428/2428 
f 2434/2434/2434 2428/2428/2428 2430/2430/2430 
f 2215/2215/2215 2429/2429/2429 2358/2358/2358 
f 2428/2428/2428 2358/2358/2358 2429/2429/2429 
f 2145/2145/2145 2144/2144/2144 2143/2143/2143 
f 2358/2358/2358 2148/2148/2148 2215/2215/2215 
f 2145/2145/2145 2215/2215/2215 2148/2148/2148 
f 2144/2144/2144 2145/2145/2145 2147/2147/2147 
f 2147/2147/2147 2145/2145/2145 2148/2148/2148 
f 2147/2147/2147 2148/2148/2148 2367/2367/2367 
f 2143/2143/2143 2144/2144/2144 2142/2142/2142 
f 2154/2154/2154 2143/2143/2143 2142/2142/2142 
f 2141/2141/2141 2142/2142/2142 2144/2144/2144 
f 2366/2366/2366 2367/2367/2367 2148/2148/2148 
f 2148/2148/2148 2358/2358/2358 2366/2366/2366 
f 2367/2367/2367 2366/2366/2366 2371/2371/2371 
f 2142/2142/2142 2153/2153/2153 2154/2154/2154 
f 2153/2153/2153 2207/2207/2207 2154/2154/2154 
f 2207/2207/2207 2153/2153/2153 2182/2182/2182 
f 2142/2142/2142 2141/2141/2141 2139/2139/2139 
f 2153/2153/2153 2142/2142/2142 2139/2139/2139 
f 2140/2140/2140 2139/2139/2139 2141/2141/2141 
f 2152/2152/2152 2182/2182/2182 2153/2153/2153 
f 2139/2139/2139 2152/2152/2152 2153/2153/2153 
f 2182/2182/2182 2152/2152/2152 2184/2184/2184 
f 2139/2139/2139 2140/2140/2140 2138/2138/2138 
f 2152/2152/2152 2139/2139/2139 2138/2138/2138 
f 2137/2137/2137 2138/2138/2138 2140/2140/2140 
f 2152/2152/2152 2181/2181/2181 2184/2184/2184 
f 2138/2138/2138 2137/2137/2137 2123/2123/2123 
f 2138/2138/2138 2151/2151/2151 2152/2152/2152 
f 2151/2151/2151 2138/2138/2138 2123/2123/2123 
f 2151/2151/2151 2181/2181/2181 2152/2152/2152 
f 2114/2114/2114 2123/2123/2123 2137/2137/2137 
f 2181/2181/2181 2185/2185/2185 2184/2184/2184 
f 2114/2114/2114 2109/2109/2109 2123/2123/2123 
f 2109/2109/2109 2114/2114/2114 2115/2115/2115 
f 2110/2110/2110 2109/2109/2109 2115/2115/2115 
f 2109/2109/2109 2110/2110/2110 2111/2111/2111 
f 2113/2113/2113 2123/2123/2123 2109/2109/2109 
f 2113/2113/2113 2109/2109/2109 2111/2111/2111 
f 2123/2123/2123 2113/2113/2113 2151/2151/2151 
f 2113/2113/2113 2111/2111/2111 2121/2121/2121 
f 2122/2122/2122 2151/2151/2151 2113/2113/2113 
f 2121/2121/2121 2122/2122/2122 2113/2113/2113 
f 2151/2151/2151 2122/2122/2122 2181/2181/2181 
f 2122/2122/2122 2121/2121/2121 2179/2179/2179 
f 2122/2122/2122 2179/2179/2179 2180/2180/2180 
f 2180/2180/2180 2181/2181/2181 2122/2122/2122 
f 2180/2180/2180 2179/2179/2179 2178/2178/2178 
f 2181/2181/2181 2180/2180/2180 2183/2183/2183 
f 2185/2185/2185 2181/2181/2181 2183/2183/2183 
f 2178/2178/2178 2170/2170/2170 2180/2180/2180 
f 2170/2170/2170 2183/2183/2183 2180/2180/2180 
f 2170/2170/2170 2178/2178/2178 2160/2160/2160 
f 2172/2172/2172 2183/2183/2183 2170/2170/2170 
f 2171/2171/2171 2185/2185/2185 2183/2183/2183 
f 2183/2183/2183 2172/2172/2172 2171/2171/2171 
f 2176/2176/2176 2185/2185/2185 2171/2171/2171 
f 2168/2168/2168 2176/2176/2176 2171/2171/2171 
f 2169/2169/2169 2171/2171/2171 2172/2172/2172 
f 2168/2168/2168 2171/2171/2171 2169/2169/2169 
f 2170/2170/2170 2169/2169/2169 2172/2172/2172 
f 2161/2161/2161 2168/2168/2168 2169/2169/2169 
f 2158/2158/2158 2170/2170/2170 2160/2160/2160 
f 2169/2169/2169 2170/2170/2170 2158/2158/2158 
f 2158/2158/2158 2161/2161/2161 2169/2169/2169 
f 2160/2160/2160 2159/2159/2159 2158/2158/2158 
f 2157/2157/2157 2158/2158/2158 2159/2159/2159 
f 2161/2161/2161 2158/2158/2158 2156/2156/2156 
f 2158/2158/2158 2157/2157/2157 2156/2156/2156 
f 2156/2156/2156 2150/2150/2150 2161/2161/2161 
f 2101/2101/2101 2156/2156/2156 2157/2157/2157 
f 2156/2156/2156 2101/2101/2101 2100/2100/2100 
f 2100/2100/2100 2150/2150/2150 2156/2156/2156 
f 2096/2096/2096 2100/2100/2100 2101/2101/2101 
f 2095/2095/2095 2150/2150/2150 2100/2100/2100 
f 2100/2100/2100 2096/2096/2096 2095/2095/2095 
f 2150/2150/2150 2095/2095/2095 2103/2103/2103 
f 2093/2093/2093 2095/2095/2095 2096/2096/2096 
f 2092/2092/2092 2103/2103/2103 2095/2095/2095 
f 2095/2095/2095 2093/2093/2093 2092/2092/2092 
f 2103/2103/2103 2092/2092/2092 2102/2102/2102 
f 2089/2089/2089 2092/2092/2092 2093/2093/2093 
f 2088/2088/2088 2102/2102/2102 2092/2092/2092 
f 2092/2092/2092 2089/2089/2089 2088/2088/2088 
f 2102/2102/2102 2088/2088/2088 2091/2091/2091 
f 2083/2083/2083 2088/2088/2088 2089/2089/2089 
f 2082/2082/2082 2091/2091/2091 2088/2088/2088 
f 2088/2088/2088 2083/2083/2083 2082/2082/2082 
f 2091/2091/2091 2082/2082/2082 2090/2090/2090 
f 1599/1599/1599 2082/2082/2082 2083/2083/2083 
f 1606/1606/1606 2090/2090/2090 2082/2082/2082 
f 2082/2082/2082 1599/1599/1599 1606/1606/1606 
f 2090/2090/2090 1606/1606/1606 1607/1607/1607 
f 1606/1606/1606 1605/1605/1605 1607/1607/1607 
f 1599/1599/1599 1598/1598/1598 1606/1606/1606 
f 1605/1605/1605 1606/1606/1606 1598/1598/1598 
f 1598/1598/1598 1599/1599/1599 1600/1600/1600 
f 1604/1604/1604 1605/1605/1605 1598/1598/1598 
f 1598/1598/1598 1600/1600/1600 1595/1595/1595 
f 1604/1604/1604 1598/1598/1598 1595/1595/1595 
f 1600/1600/1600 1587/1587/1587 1595/1595/1595 
f 1594/1594/1594 1604/1604/1604 1595/1595/1595 
f 1586/1586/1586 1595/1595/1595 1587/1587/1587 
f 1594/1594/1594 1595/1595/1595 1586/1586/1586 
f 1586/1586/1586 1587/1587/1587 1588/1588/1588 
f 1586/1586/1586 1582/1582/1582 1594/1594/1594 
f 1522/1522/1522 1586/1586/1586 1588/1588/1588 
f 1582/1582/1582 1586/1586/1586 1522/1522/1522 
f 1522/1522/1522 1588/1588/1588 1593/1593/1593 
f 1521/1521/1521 1582/1582/1582 1522/1522/1522 
f 1593/1593/1593 1520/1520/1520 1522/1522/1522 
f 1520/1520/1520 1521/1521/1521 1522/1522/1522 
f 1520/1520/1520 1593/1593/1593 1518/1518/1518 
f 1517/1517/1517 1521/1521/1521 1520/1520/1520 
f 1518/1518/1518 1517/1517/1517 1520/1520/1520 
f 1521/1521/1521 1517/1517/1517 1500/1500/1500 
f 1517/1517/1517 1518/1518/1518 1519/1519/1519 
f 1519/1519/1519 1510/1510/1510 1517/1517/1517 
f 1510/1510/1510 1500/1500/1500 1517/1517/1517 
f 1510/1510/1510 1519/1519/1519 1524/1524/1524 
f 1523/1523/1523 1510/1510/1510 1524/1524/1524 
f 1500/1500/1500 1510/1510/1510 1507/1507/1507 
f 1510/1510/1510 1523/1523/1523 1511/1511/1511 
f 1510/1510/1510 1511/1511/1511 1507/1507/1507 
f 1501/1501/1501 1500/1500/1500 1507/1507/1507 
f 1536/1536/1536 1511/1511/1511 1523/1523/1523 
f 1509/1509/1509 1501/1501/1501 1507/1507/1507 
f 1511/1511/1511 1508/1508/1508 1507/1507/1507 
f 1507/1507/1507 1508/1508/1508 1509/1509/1509 
f 1516/1516/1516 1501/1501/1501 1509/1509/1509 
f 1511/1511/1511 1527/1527/1527 1508/1508/1508 
f 1527/1527/1527 1509/1509/1509 1508/1508/1508 
f 1511/1511/1511 1536/1536/1536 1528/1528/1528 
f 1527/1527/1527 1511/1511/1511 1528/1528/1528 
f 1543/1543/1543 1528/1528/1528 1536/1536/1536 
f 1509/1509/1509 1527/1527/1527 1529/1529/1529 
f 1529/1529/1529 1516/1516/1516 1509/1509/1509 
f 1528/1528/1528 1530/1530/1530 1527/1527/1527 
f 1530/1530/1530 1529/1529/1529 1527/1527/1527 
f 2411/2411/2411 2305/2305/2305 2412/2412/2412 
f 2305/2305/2305 2336/2336/2336 2412/2412/2412 
f 2305/2305/2305 2304/2304/2304 2336/2336/2336 
f 2304/2304/2304 2305/2305/2305 2299/2299/2299 
f 2304/2304/2304 2309/2309/2309 2336/2336/2336 
f 2077/2077/2077 2292/2292/2292 2299/2299/2299 
f 2292/2292/2292 2077/2077/2077 2061/2061/2061 
f 2061/2061/2061 2245/2245/2245 2292/2292/2292 
f 2246/2246/2246 2292/2292/2292 2245/2245/2245 
f 2222/2222/2222 2246/2246/2246 2245/2245/2245 
f 2293/2293/2293 2299/2299/2299 2292/2292/2292 
f 2246/2246/2246 2293/2293/2293 2292/2292/2292 
f 2301/2301/2301 2304/2304/2304 2299/2299/2299 
f 2299/2299/2299 2293/2293/2293 2301/2301/2301 
f 2246/2246/2246 2294/2294/2294 2293/2293/2293 
f 2294/2294/2294 2301/2301/2301 2293/2293/2293 
f 2223/2223/2223 2246/2246/2246 2222/2222/2222 
f 2302/2302/2302 2304/2304/2304 2301/2301/2301 
f 2294/2294/2294 2302/2302/2302 2301/2301/2301 
f 2304/2304/2304 2307/2307/2307 2309/2309/2309 
f 2307/2307/2307 2304/2304/2304 2302/2302/2302 
f 2307/2307/2307 2308/2308/2308 2309/2309/2309 
f 2302/2302/2302 2306/2306/2306 2307/2307/2307 
f 2308/2308/2308 2307/2307/2307 2306/2306/2306 
f 2294/2294/2294 2300/2300/2300 2302/2302/2302 
f 2306/2306/2306 2302/2302/2302 2300/2300/2300 
f 2331/2331/2331 2308/2308/2308 2306/2306/2306 
f 2300/2300/2300 2331/2331/2331 2306/2306/2306 
f 2308/2308/2308 2331/2331/2331 2438/2438/2438 
f 2332/2332/2332 2438/2438/2438 2331/2331/2331 
f 2438/2438/2438 2332/2332/2332 2439/2439/2439 
f 2437/2437/2437 2439/2439/2439 2332/2332/2332 
f 2332/2332/2332 2335/2335/2335 2437/2437/2437 
f 2332/2332/2332 2331/2331/2331 2330/2330/2330 
f 2331/2331/2331 2300/2300/2300 2330/2330/2330 
f 2335/2335/2335 2332/2332/2332 2333/2333/2333 
f 2333/2333/2333 2332/2332/2332 2330/2330/2330 
f 2333/2333/2333 2334/2334/2334 2335/2335/2335 
f 2330/2330/2330 2300/2300/2300 2297/2297/2297 
f 2300/2300/2300 2294/2294/2294 2297/2297/2297 
f 2324/2324/2324 2333/2333/2333 2330/2330/2330 
f 2297/2297/2297 2324/2324/2324 2330/2330/2330 
f 2334/2334/2334 2333/2333/2333 2325/2325/2325 
f 2333/2333/2333 2324/2324/2324 2325/2325/2325 
f 2325/2325/2325 2327/2327/2327 2334/2334/2334 
f 2291/2291/2291 2297/2297/2297 2294/2294/2294 
f 2294/2294/2294 2246/2246/2246 2291/2291/2291 
f 2246/2246/2246 2223/2223/2223 2291/2291/2291 
f 2297/2297/2297 2291/2291/2291 2249/2249/2249 
f 2223/2223/2223 2249/2249/2249 2291/2291/2291 
f 2327/2327/2327 2325/2325/2325 2326/2326/2326 
f 2326/2326/2326 2285/2285/2285 2327/2327/2327 
f 2325/2325/2325 2322/2322/2322 2326/2326/2326 
f 2322/2322/2322 2325/2325/2325 2324/2324/2324 
f 2323/2323/2323 2324/2324/2324 2297/2297/2297 
f 2322/2322/2322 2324/2324/2324 2323/2323/2323 
f 2249/2249/2249 2323/2323/2323 2297/2297/2297 
f 2316/2316/2316 2322/2322/2322 2323/2323/2323 
f 2323/2323/2323 2249/2249/2249 2316/2316/2316 
f 2326/2326/2326 2322/2322/2322 2321/2321/2321 
f 2322/2322/2322 2316/2316/2316 2321/2321/2321 
f 2285/2285/2285 2326/2326/2326 2273/2273/2273 
f 2321/2321/2321 2273/2273/2273 2326/2326/2326 
f 2273/2273/2273 2272/2272/2272 2285/2285/2285 
f 2316/2316/2316 2270/2270/2270 2321/2321/2321 
f 2273/2273/2273 2321/2321/2321 2270/2270/2270 
f 2272/2272/2272 2273/2273/2273 2269/2269/2269 
f 2273/2273/2273 2270/2270/2270 2269/2269/2269 
f 2269/2269/2269 2271/2271/2271 2272/2272/2272 
f 2270/2270/2270 2316/2316/2316 2259/2259/2259 
f 2249/2249/2249 2259/2259/2259 2316/2316/2316 
f 2269/2269/2269 2270/2270/2270 2256/2256/2256 
f 2259/2259/2259 2256/2256/2256 2270/2270/2270 
f 2271/2271/2271 2269/2269/2269 1769/1769/1769 
f 1769/1769/1769 1771/1771/1771 2271/2271/2271 
f 1769/1769/1769 1770/1770/1770 1771/1771/1771 
f 2269/2269/2269 1761/1761/1761 1769/1769/1769 
f 1761/1761/1761 2269/2269/2269 2256/2256/2256 
f 1770/1770/1770 1769/1769/1769 1768/1768/1768 
f 1761/1761/1761 1768/1768/1768 1769/1769/1769 
f 1768/1768/1768 1765/1765/1765 1770/1770/1770 
f 2256/2256/2256 1760/1760/1760 1761/1761/1761 
f 1765/1765/1765 1768/1768/1768 1706/1706/1706 
f 1706/1706/1706 1719/1719/1719 1765/1765/1765 
f 1768/1768/1768 1761/1761/1761 1759/1759/1759 
f 1760/1760/1760 1759/1759/1759 1761/1761/1761 
f 1768/1768/1768 1695/1695/1695 1706/1706/1706 
f 1695/1695/1695 1768/1768/1768 1759/1759/1759 
f 1719/1719/1719 1706/1706/1706 1718/1718/1718 
f 1718/1718/1718 1714/1714/1714 1719/1719/1719 
f 1694/1694/1694 1706/1706/1706 1695/1695/1695 
f 1706/1706/1706 1694/1694/1694 1718/1718/1718 
f 1714/1714/1714 1718/1718/1718 1713/1713/1713 
f 1713/1713/1713 1712/1712/1712 1714/1714/1714 
f 1717/1717/1717 1718/1718/1718 1694/1694/1694 
f 1718/1718/1718 1717/1717/1717 1713/1713/1713 
f 1694/1694/1694 1695/1695/1695 1696/1696/1696 
f 1696/1696/1696 1717/1717/1717 1694/1694/1694 
f 1697/1697/1697 1696/1696/1696 1695/1695/1695 
f 1695/1695/1695 1759/1759/1759 1697/1697/1697 
f 1712/1712/1712 1713/1713/1713 1711/1711/1711 
f 1711/1711/1711 1715/1715/1715 1712/1712/1712 
f 1717/1717/1717 1709/1709/1709 1713/1713/1713 
f 1709/1709/1709 1711/1711/1711 1713/1713/1713 
f 1717/1717/1717 1696/1696/1696 1716/1716/1716 
f 1709/1709/1709 1717/1717/1717 1716/1716/1716 
f 1661/1661/1661 1716/1716/1716 1696/1696/1696 
f 1697/1697/1697 1661/1661/1661 1696/1696/1696 
f 1660/1660/1660 1709/1709/1709 1716/1716/1716 
f 1716/1716/1716 1661/1661/1661 1660/1660/1660 
f 1711/1711/1711 1709/1709/1709 1708/1708/1708 
f 1709/1709/1709 1660/1660/1660 1708/1708/1708 
f 1715/1715/1715 1711/1711/1711 1710/1710/1710 
f 1710/1710/1710 1711/1711/1711 1708/1708/1708 
f 1710/1710/1710 1820/1820/1820 1715/1715/1715 
f 1820/1820/1820 1710/1710/1710 1821/1821/1821 
f 1710/1710/1710 1819/1819/1819 1821/1821/1821 
f 1707/1707/1707 1819/1819/1819 1710/1710/1710 
f 1710/1710/1710 1708/1708/1708 1707/1707/1707 
f 1707/1707/1707 1684/1684/1684 1819/1819/1819 
f 1684/1684/1684 1707/1707/1707 1679/1679/1679 
f 1682/1682/1682 1707/1707/1707 1708/1708/1708 
f 1707/1707/1707 1682/1682/1682 1679/1679/1679 
f 1708/1708/1708 1660/1660/1660 1682/1682/1682 
f 1682/1682/1682 1680/1680/1680 1679/1679/1679 
f 1682/1682/1682 1650/1650/1650 1680/1680/1680 
f 1650/1650/1650 1682/1682/1682 1660/1660/1660 
f 1660/1660/1660 1651/1651/1651 1650/1650/1650 
f 1648/1648/1648 1650/1650/1650 1651/1651/1651 
f 1651/1651/1651 1660/1660/1660 1661/1661/1661 
f 1651/1651/1651 1653/1653/1653 1648/1648/1648 
f 1661/1661/1661 1653/1653/1653 1651/1651/1651 
f 1653/1653/1653 1668/1668/1668 1648/1648/1648 
f 1701/1701/1701 1653/1653/1653 1661/1661/1661 
f 1661/1661/1661 1697/1697/1697 1701/1701/1701 
f 1668/1668/1668 1653/1653/1653 1730/1730/1730 
f 1730/1730/1730 1731/1731/1731 1668/1668/1668 
f 1653/1653/1653 1701/1701/1701 1737/1737/1737 
f 1737/1737/1737 1730/1730/1730 1653/1653/1653 
f 1750/1750/1750 1701/1701/1701 1697/1697/1697 
f 1701/1701/1701 1750/1750/1750 1737/1737/1737 
f 1750/1750/1750 1697/1697/1697 1759/1759/1759 
f 1759/1759/1759 1760/1760/1760 1750/1750/1750 
f 1750/1750/1750 1741/1741/1741 1737/1737/1737 
f 1730/1730/1730 1737/1737/1737 1741/1741/1741 
f 1741/1741/1741 1750/1750/1750 1760/1760/1760 
f 1731/1731/1731 1730/1730/1730 1740/1740/1740 
f 1741/1741/1741 1740/1740/1740 1730/1730/1730 
f 1740/1740/1740 1739/1739/1739 1731/1731/1731 
f 1740/1740/1740 2218/2218/2218 1739/1739/1739 
f 2218/2218/2218 1740/1740/1740 2220/2220/2220 
f 1741/1741/1741 2220/2220/2220 1740/1740/1740 
f 2220/2220/2220 2222/2222/2222 2218/2218/2218 
f 2222/2222/2222 2220/2220/2220 2223/2223/2223 
f 2221/2221/2221 2220/2220/2220 1741/1741/1741 
f 2221/2221/2221 2223/2223/2223 2220/2220/2220 
f 2252/2252/2252 1741/1741/1741 1760/1760/1760 
f 1741/1741/1741 2252/2252/2252 2221/2221/2221 
f 1760/1760/1760 2256/2256/2256 2252/2252/2252 
f 2256/2256/2256 2259/2259/2259 2252/2252/2252 
f 2252/2252/2252 2238/2238/2238 2221/2221/2221 
f 2223/2223/2223 2221/2221/2221 2238/2238/2238 
f 2238/2238/2238 2252/2252/2252 2259/2259/2259 
f 2249/2249/2249 2223/2223/2223 2238/2238/2238 
f 2259/2259/2259 2249/2249/2249 2238/2238/2238 
f 1297/1297/1297 1298/1298/1298 1299/1299/1299 
f 1298/1298/1298 1297/1297/1297 1300/1300/1300 
f 1303/1303/1303 1297/1297/1297 1299/1299/1299 
f 1300/1300/1300 1302/1302/1302 1298/1298/1298 
f 1302/1302/1302 1300/1300/1300 1318/1318/1318 
f 1307/1307/1307 1303/1303/1303 1299/1299/1299 
f 1307/1307/1307 1314/1314/1314 1303/1303/1303 
f 1318/1318/1318 1317/1317/1317 1302/1302/1302 
f 1317/1317/1317 1318/1318/1318 1419/1419/1419 
f 1314/1314/1314 1307/1307/1307 1386/1386/1386 
f 1386/1386/1386 1375/1375/1375 1314/1314/1314 
f 1419/1419/1419 1412/1412/1412 1317/1317/1317 
f 1412/1412/1412 1419/1419/1419 1420/1420/1420 
f 1375/1375/1375 1386/1386/1386 1376/1376/1376 
f 1375/1375/1375 1376/1376/1376 1369/1369/1369 
f 1420/1420/1420 1421/1421/1421 1412/1412/1412 
f 1421/1421/1421 1420/1420/1420 1428/1428/1428 
f 1411/1411/1411 1317/1317/1317 1412/1412/1412 
f 1428/1428/1428 1427/1427/1427 1421/1421/1421 
f 1427/1427/1427 1428/1428/1428 1431/1431/1431 
f 1912/1912/1912 1427/1427/1427 1431/1431/1431 
f 1413/1413/1413 1412/1412/1412 1421/1421/1421 
f 1412/1412/1412 1413/1413/1413 1411/1411/1411 
f 1424/1424/1424 1421/1421/1421 1427/1427/1427 
f 1421/1421/1421 1424/1424/1424 1413/1413/1413 
f 1427/1427/1427 1912/1912/1912 1907/1907/1907 
f 1907/1907/1907 1424/1424/1424 1427/1427/1427 
f 1915/1915/1915 1907/1907/1907 1912/1912/1912 
f 1907/1907/1907 1915/1915/1915 1909/1909/1909 
f 1926/1926/1926 1909/1909/1909 1915/1915/1915 
f 1424/1424/1424 1907/1907/1907 1908/1908/1908 
f 1909/1909/1909 1908/1908/1908 1907/1907/1907 
f 1425/1425/1425 1413/1413/1413 1424/1424/1424 
f 1424/1424/1424 1908/1908/1908 1425/1425/1425 
f 1413/1413/1413 1425/1425/1425 1414/1414/1414 
f 1414/1414/1414 1411/1411/1411 1413/1413/1413 
f 1909/1909/1909 1926/1926/1926 1925/1925/1925 
f 1929/1929/1929 1925/1925/1925 1926/1926/1926 
f 1908/1908/1908 1909/1909/1909 1921/1921/1921 
f 1925/1925/1925 1921/1921/1921 1909/1909/1909 
f 1908/1908/1908 1910/1910/1910 1425/1425/1425 
f 1908/1908/1908 1921/1921/1921 1910/1910/1910 
f 1414/1414/1414 1425/1425/1425 1426/1426/1426 
f 1425/1425/1425 1910/1910/1910 1426/1426/1426 
f 1925/1925/1925 1929/1929/1929 1995/1995/1995 
f 1997/1997/1997 1995/1995/1995 1929/1929/1929 
f 1921/1921/1921 1925/1925/1925 1923/1923/1923 
f 1995/1995/1995 1923/1923/1923 1925/1925/1925 
f 1921/1921/1921 1922/1922/1922 1910/1910/1910 
f 1921/1921/1921 1923/1923/1923 1922/1922/1922 
f 1911/1911/1911 1426/1426/1426 1910/1910/1910 
f 1922/1922/1922 1911/1911/1911 1910/1910/1910 
f 1995/1995/1995 1997/1997/1997 1998/1998/1998 
f 1998/1998/1998 1997/1997/1997 2009/2009/2009 
f 1923/1923/1923 1995/1995/1995 1996/1996/1996 
f 1998/1998/1998 1996/1996/1996 1995/1995/1995 
f 1923/1923/1923 1999/1999/1999 1922/1922/1922 
f 1999/1999/1999 1923/1923/1923 1996/1996/1996 
f 1911/1911/1911 1922/1922/1922 1924/1924/1924 
f 1922/1922/1922 1999/1999/1999 1924/1924/1924 
f 2009/2009/2009 2010/2010/2010 1998/1998/1998 
f 2013/2013/2013 2010/2010/2010 2009/2009/2009 
f 1996/1996/1996 1998/1998/1998 2011/2011/2011 
f 2011/2011/2011 1998/1998/1998 2010/2010/2010 
f 1996/1996/1996 2012/2012/2012 1999/1999/1999 
f 2012/2012/2012 1996/1996/1996 2011/2011/2011 
f 1924/1924/1924 1999/1999/1999 2020/2020/2020 
f 2012/2012/2012 2020/2020/2020 1999/1999/1999 
f 2010/2010/2010 2013/2013/2013 2019/2019/2019 
f 2018/2018/2018 2019/2019/2019 2013/2013/2013 
f 2034/2034/2034 2011/2011/2011 2010/2010/2010 
f 2034/2034/2034 2010/2010/2010 2019/2019/2019 
f 2011/2011/2011 2032/2032/2032 2012/2012/2012 
f 2032/2032/2032 2011/2011/2011 2034/2034/2034 
f 2020/2020/2020 2012/2012/2012 2033/2033/2033 
f 2033/2033/2033 2012/2012/2012 2032/2032/2032 
f 2019/2019/2019 2018/2018/2018 2058/2058/2058 
f 2057/2057/2057 2058/2058/2058 2018/2018/2018 
f 2019/2019/2019 2035/2035/2035 2034/2034/2034 
f 2058/2058/2058 2035/2035/2035 2019/2019/2019 
f 2036/2036/2036 2032/2032/2032 2034/2034/2034 
f 2035/2035/2035 2036/2036/2036 2034/2034/2034 
f 2162/2162/2162 2033/2033/2033 2032/2032/2032 
f 2162/2162/2162 2032/2032/2032 2036/2036/2036 
f 2058/2058/2058 2057/2057/2057 2062/2062/2062 
f 2060/2060/2060 2062/2062/2062 2057/2057/2057 
f 2035/2035/2035 2058/2058/2058 2074/2074/2074 
f 2062/2062/2062 2074/2074/2074 2058/2058/2058 
f 2036/2036/2036 2035/2035/2035 2037/2037/2037 
f 2074/2074/2074 2037/2037/2037 2035/2035/2035 
f 2037/2037/2037 2187/2187/2187 2036/2036/2036 
f 2036/2036/2036 2187/2187/2187 2162/2162/2162 
f 2319/2319/2319 2318/2318/2318 2317/2317/2317 
f 2312/2312/2312 2317/2317/2317 2318/2318/2318 
f 2317/2317/2317 2320/2320/2320 2319/2319/2319 
f 2239/2239/2239 2311/2311/2311 2312/2312/2312 
f 2317/2317/2317 2312/2312/2312 2311/2311/2311 
f 2320/2320/2320 2317/2317/2317 2314/2314/2314 
f 2311/2311/2311 2314/2314/2314 2317/2317/2317 
f 2314/2314/2314 2315/2315/2315 2320/2320/2320 
f 2314/2314/2314 2313/2313/2313 2315/2315/2315 
f 2313/2313/2313 2283/2283/2283 2315/2315/2315 
f 2314/2314/2314 2311/2311/2311 2281/2281/2281 
f 2281/2281/2281 2313/2313/2313 2314/2314/2314 
f 2311/2311/2311 2239/2239/2239 2261/2261/2261 
f 2261/2261/2261 2281/2281/2281 2311/2311/2311 
f 2261/2261/2261 2239/2239/2239 2255/2255/2255 
f 2255/2255/2255 2239/2239/2239 2234/2234/2234 
f 2255/2255/2255 2234/2234/2234 2253/2253/2253 
f 2257/2257/2257 2255/2255/2255 2253/2253/2253 
f 2257/2257/2257 2253/2253/2253 2258/2258/2258 
f 2263/2263/2263 2257/2257/2257 2258/2258/2258 
f 2255/2255/2255 2257/2257/2257 2260/2260/2260 
f 2260/2260/2260 2261/2261/2261 2255/2255/2255 
f 2257/2257/2257 2263/2263/2263 2264/2264/2264 
f 2264/2264/2264 2260/2260/2260 2257/2257/2257 
f 2268/2268/2268 2264/2264/2264 2263/2263/2263 
f 2261/2261/2261 2260/2260/2260 2262/2262/2262 
f 2281/2281/2281 2261/2261/2261 2262/2262/2262 
f 2260/2260/2260 2264/2264/2264 2265/2265/2265 
f 2265/2265/2265 2262/2262/2262 2260/2260/2260 
f 2264/2264/2264 2268/2268/2268 2266/2266/2266 
f 2264/2264/2264 2266/2266/2266 2265/2265/2265 
f 2282/2282/2282 2266/2266/2266 2268/2268/2268 
f 2262/2262/2262 2265/2265/2265 2267/2267/2267 
f 2266/2266/2266 2267/2267/2267 2265/2265/2265 
f 2262/2262/2262 2280/2280/2280 2281/2281/2281 
f 2280/2280/2280 2262/2262/2262 2267/2267/2267 
f 2313/2313/2313 2281/2281/2281 2280/2280/2280 
f 2266/2266/2266 2282/2282/2282 2279/2279/2279 
f 2267/2267/2267 2266/2266/2266 2279/2279/2279 
f 2283/2283/2283 2279/2279/2279 2282/2282/2282 
f 2267/2267/2267 2278/2278/2278 2280/2280/2280 
f 2280/2280/2280 2278/2278/2278 2313/2313/2313 
f 2278/2278/2278 2267/2267/2267 2279/2279/2279 
f 2313/2313/2313 2278/2278/2278 2283/2283/2283 
f 2279/2279/2279 2283/2283/2283 2278/2278/2278 
f 1654/1654/1654 1655/1655/1655 1656/1656/1656 
f 1659/1659/1659 1654/1654/1654 1656/1656/1656 
f 1654/1654/1654 1657/1657/1657 1655/1655/1655 
f 1657/1657/1657 1663/1663/1663 1655/1655/1655 
f 1654/1654/1654 1659/1659/1659 1686/1686/1686 
f 1689/1689/1689 1686/1686/1686 1659/1659/1659 
f 1658/1658/1658 1657/1657/1657 1654/1654/1654 
f 1686/1686/1686 1689/1689/1689 1687/1687/1687 
f 1690/1690/1690 1687/1687/1687 1689/1689/1689 
f 1685/1685/1685 1654/1654/1654 1686/1686/1686 
f 1687/1687/1687 1685/1685/1685 1686/1686/1686 
f 1654/1654/1654 1685/1685/1685 1658/1658/1658 
f 1687/1687/1687 1690/1690/1690 1691/1691/1691 
f 1690/1690/1690 1693/1693/1693 1691/1691/1691 
f 1685/1685/1685 1687/1687/1687 1688/1688/1688 
f 1688/1688/1688 1687/1687/1687 1691/1691/1691 
f 1700/1700/1700 1658/1658/1658 1685/1685/1685 
f 1688/1688/1688 1700/1700/1700 1685/1685/1685 
f 1698/1698/1698 1691/1691/1691 1693/1693/1693 
f 1693/1693/1693 1705/1705/1705 1698/1698/1698 
f 1692/1692/1692 1688/1688/1688 1691/1691/1691 
f 1691/1691/1691 1698/1698/1698 1692/1692/1692 
f 1699/1699/1699 1688/1688/1688 1692/1692/1692 
f 1700/1700/1700 1688/1688/1688 1699/1699/1699 
f 1703/1703/1703 1692/1692/1692 1698/1698/1698 
f 1698/1698/1698 1705/1705/1705 1704/1704/1704 
f 1703/1703/1703 1698/1698/1698 1704/1704/1704 
f 1705/1705/1705 1762/1762/1762 1704/1704/1704 
f 1762/1762/1762 1705/1705/1705 1764/1764/1764 
f 1756/1756/1756 1703/1703/1703 1704/1704/1704 
f 1704/1704/1704 1762/1762/1762 1756/1756/1756 
f 1702/1702/1702 1692/1692/1692 1703/1703/1703 
f 1756/1756/1756 1702/1702/1702 1703/1703/1703 
f 1692/1692/1692 1702/1702/1702 1699/1699/1699 
f 1764/1764/1764 1755/1755/1755 1762/1762/1762 
f 1755/1755/1755 1756/1756/1756 1762/1762/1762 
f 1755/1755/1755 1764/1764/1764 1763/1763/1763 
f 1754/1754/1754 1702/1702/1702 1756/1756/1756 
f 1756/1756/1756 1755/1755/1755 1754/1754/1754 
f 1749/1749/1749 1699/1699/1699 1702/1702/1702 
f 1702/1702/1702 1754/1754/1754 1749/1749/1749 
f 1753/1753/1753 1754/1754/1754 1755/1755/1755 
f 1763/1763/1763 1753/1753/1753 1755/1755/1755 
f 1753/1753/1753 1749/1749/1749 1754/1754/1754 
f 1753/1753/1753 1763/1763/1763 1751/1751/1751 
f 1699/1699/1699 1749/1749/1749 1747/1747/1747 
f 1749/1749/1749 1753/1753/1753 1748/1748/1748 
f 1751/1751/1751 1748/1748/1748 1753/1753/1753 
f 1748/1748/1748 1747/1747/1747 1749/1749/1749 
f 1748/1748/1748 1751/1751/1751 1752/1752/1752 
f 1699/1699/1699 1747/1747/1747 1700/1700/1700 
f 1752/1752/1752 1757/1757/1757 1748/1748/1748 
f 1747/1747/1747 1748/1748/1748 1757/1757/1757 
f 1757/1757/1757 1752/1752/1752 1758/1758/1758 
f 1747/1747/1747 1735/1735/1735 1700/1700/1700 
f 1735/1735/1735 1747/1747/1747 1757/1757/1757 
f 1758/1758/1758 1736/1736/1736 1757/1757/1757 
f 1757/1757/1757 1736/1736/1736 1735/1735/1735 
f 1308/1308/1308 1309/1309/1309 1310/1310/1310 
f 1309/1309/1309 1315/1315/1315 1310/1310/1310 
f 1312/1312/1312 1309/1309/1309 1308/1308/1308 
f 1311/1311/1311 1312/1312/1312 1308/1308/1308 
f 1311/1311/1311 1313/1313/1313 1312/1312/1312 
f 1321/1321/1321 1313/1313/1313 1311/1311/1311 
f 1321/1321/1321 1322/1322/1322 1313/1313/1313 
f 1322/1322/1322 1321/1321/1321 1323/1323/1323 
f 1323/1323/1323 1418/1418/1418 1322/1322/1322 
f 1418/1418/1418 1323/1323/1323 1416/1416/1416 
f 1416/1416/1416 1417/1417/1417 1418/1418/1418 
f 1422/1422/1422 1417/1417/1417 1416/1416/1416 
f 1422/1422/1422 1423/1423/1423 1417/1417/1417 
f 1423/1423/1423 1422/1422/1422 1429/1429/1429 
f 1429/1429/1429 1430/1430/1430 1423/1423/1423 
f 1430/1430/1430 1429/1429/1429 1454/1454/1454 
f 1913/1913/1913 1430/1430/1430 1454/1454/1454 
f 1430/1430/1430 1913/1913/1913 1914/1914/1914 
f 1916/1916/1916 1914/1914/1914 1913/1913/1913 
f 1914/1914/1914 1916/1916/1916 1917/1917/1917 
f 1927/1927/1927 1917/1917/1917 1916/1916/1916 
f 1484/1484/1484 1485/1485/1485 1468/1468/1468 
f 1485/1485/1485 1484/1484/1484 1486/1486/1486 
f 1484/1484/1484 1957/1957/1957 1486/1486/1486 
f 1468/1468/1468 1483/1483/1483 1484/1484/1484 
f 1483/1483/1483 1468/1468/1468 1470/1470/1470 
f 1958/1958/1958 1957/1957/1957 1484/1484/1484 
f 1483/1483/1483 1958/1958/1958 1484/1484/1484 
f 1958/1958/1958 1959/1959/1959 1957/1957/1957 
f 1738/1738/1738 1483/1483/1483 1470/1470/1470 
f 1470/1470/1470 1727/1727/1727 1738/1738/1738 
f 1961/1961/1961 1958/1958/1958 1483/1483/1483 
f 1738/1738/1738 1961/1961/1961 1483/1483/1483 
f 1962/1962/1962 1959/1959/1959 1958/1958/1958 
f 1961/1961/1961 1962/1962/1962 1958/1958/1958 
f 1971/1971/1971 1959/1959/1959 1962/1962/1962 
f 1727/1727/1727 1739/1739/1739 1738/1738/1738 
f 1739/1739/1739 1727/1727/1727 1731/1731/1731 
f 2217/2217/2217 1961/1961/1961 1738/1738/1738 
f 1739/1739/1739 2217/2217/2217 1738/1738/1738 
f 1962/1962/1962 1961/1961/1961 1972/1972/1972 
f 2217/2217/2217 1972/1972/1972 1961/1961/1961 
f 1973/1973/1973 1971/1971/1971 1962/1962/1962 
f 1972/1972/1972 1973/1973/1973 1962/1962/1962 
f 1974/1974/1974 1971/1971/1971 1973/1973/1973 
f 2047/2047/2047 1974/1974/1974 1973/1973/1973 
f 2047/2047/2047 2049/2049/2049 1974/1974/1974 
f 2048/2048/2048 1973/1973/1973 1972/1972/1972 
f 2047/2047/2047 1973/1973/1973 2048/2048/2048 
f 1972/1972/1972 2217/2217/2217 2219/2219/2219 
f 2219/2219/2219 2048/2048/2048 1972/1972/1972 
f 2049/2049/2049 2047/2047/2047 2059/2059/2059 
f 2218/2218/2218 2219/2219/2219 2217/2217/2217 
f 2217/2217/2217 1739/1739/1739 2218/2218/2218 
f 2059/2059/2059 2060/2060/2060 2049/2049/2049 
f 2061/2061/2061 2047/2047/2047 2048/2048/2048 
f 2061/2061/2061 2059/2059/2059 2047/2047/2047 
f 2048/2048/2048 2219/2219/2219 2245/2245/2245 
f 2245/2245/2245 2061/2061/2061 2048/2048/2048 
f 2222/2222/2222 2245/2245/2245 2219/2219/2219 
f 2219/2219/2219 2218/2218/2218 2222/2222/2222 
f 2060/2060/2060 2059/2059/2059 2063/2063/2063 
f 2062/2062/2062 2060/2060/2060 2063/2063/2063 
f 2059/2059/2059 2061/2061/2061 2077/2077/2077 
f 2063/2063/2063 2075/2075/2075 2062/2062/2062 
f 2074/2074/2074 2062/2062/2062 2075/2075/2075 
f 2075/2075/2075 2079/2079/2079 2074/2074/2074 
f 2059/2059/2059 2076/2076/2076 2063/2063/2063 
f 2075/2075/2075 2063/2063/2063 2076/2076/2076 
f 2076/2076/2076 2059/2059/2059 2077/2077/2077 
f 2079/2079/2079 2075/2075/2075 2078/2078/2078 
f 2075/2075/2075 2076/2076/2076 2078/2078/2078 
f 2078/2078/2078 2190/2190/2190 2079/2079/2079 
f 2298/2298/2298 2076/2076/2076 2077/2077/2077 
f 2076/2076/2076 2298/2298/2298 2078/2078/2078 
f 2190/2190/2190 2078/2078/2078 2191/2191/2191 
f 2078/2078/2078 2298/2298/2298 2191/2191/2191 
f 2191/2191/2191 2192/2192/2192 2190/2190/2190 
f 2192/2192/2192 2191/2191/2191 2201/2201/2201 
f 2191/2191/2191 2303/2303/2303 2201/2201/2201 
f 2303/2303/2303 2191/2191/2191 2298/2298/2298 
f 2303/2303/2303 2411/2411/2411 2201/2201/2201 
f 2077/2077/2077 2299/2299/2299 2298/2298/2298 
f 2299/2299/2299 2303/2303/2303 2298/2298/2298 
f 2305/2305/2305 2411/2411/2411 2303/2303/2303 
f 2303/2303/2303 2299/2299/2299 2305/2305/2305 
f 2224/2224/2224 2225/2225/2225 2226/2226/2226 
f 2225/2225/2225 2224/2224/2224 2237/2237/2237 
f 2241/2241/2241 2237/2237/2237 2224/2224/2224 
f 2225/2225/2225 2231/2231/2231 2226/2226/2226 
f 2231/2231/2231 2225/2225/2225 2232/2232/2232 
f 2224/2224/2224 2229/2229/2229 2241/2241/2241 
f 2229/2229/2229 2242/2242/2242 2241/2241/2241 
f 2232/2232/2232 2233/2233/2233 2231/2231/2231 
f 2233/2233/2233 2232/2232/2232 2251/2251/2251 
f 2251/2251/2251 2254/2254/2254 2233/2233/2233 
f 2242/2242/2242 2229/2229/2229 2243/2243/2243 
f 2243/2243/2243 2244/2244/2244 2242/2242/2242 
f 2253/2253/2253 2233/2233/2233 2254/2254/2254 
f 2254/2254/2254 2258/2258/2258 2253/2253/2253 
f 2234/2234/2234 2231/2231/2231 2233/2233/2233 
f 2253/2253/2253 2234/2234/2234 2233/2233/2233 
f 2244/2244/2244 2243/2243/2243 2247/2247/2247 
f 2287/2287/2287 2244/2244/2244 2247/2247/2247 
f 2240/2240/2240 2247/2247/2247 2243/2243/2243 
f 2229/2229/2229 2240/2240/2240 2243/2243/2243 
f 2247/2247/2247 2286/2286/2286 2287/2287/2287 
f 2240/2240/2240 2229/2229/2229 2228/2228/2228 
f 2229/2229/2229 2224/2224/2224 2228/2228/2228 
f 2240/2240/2240 2248/2248/2248 2247/2247/2247 
f 2286/2286/2286 2247/2247/2247 2248/2248/2248 
f 2228/2228/2228 2230/2230/2230 2240/2240/2240 
f 2230/2230/2230 2248/2248/2248 2240/2240/2240 
f 2224/2224/2224 2227/2227/2227 2228/2228/2228 
f 2230/2230/2230 2228/2228/2228 2227/2227/2227 
f 2227/2227/2227 2224/2224/2224 2226/2226/2226 
f 2250/2250/2250 2248/2248/2248 2230/2230/2230 
f 2250/2250/2250 2286/2286/2286 2248/2248/2248 
f 2227/2227/2227 2236/2236/2236 2230/2230/2230 
f 2236/2236/2236 2250/2250/2250 2230/2230/2230 
f 2226/2226/2226 2235/2235/2235 2227/2227/2227 
f 2236/2236/2236 2227/2227/2227 2235/2235/2235 
f 2235/2235/2235 2226/2226/2226 2231/2231/2231 
f 2231/2231/2231 2234/2234/2234 2235/2235/2235 
f 2235/2235/2235 2239/2239/2239 2236/2236/2236 
f 2239/2239/2239 2235/2235/2235 2234/2234/2234 
f 2236/2236/2236 2288/2288/2288 2250/2250/2250 
f 2239/2239/2239 2288/2288/2288 2236/2236/2236 
f 2289/2289/2289 2286/2286/2286 2250/2250/2250 
f 2288/2288/2288 2289/2289/2289 2250/2250/2250 
f 2289/2289/2289 2287/2287/2287 2286/2286/2286 
f 2287/2287/2287 2289/2289/2289 2290/2290/2290 
f 2289/2289/2289 2295/2295/2295 2290/2290/2290 
f 2289/2289/2289 2288/2288/2288 2295/2295/2295 
f 2296/2296/2296 2290/2290/2290 2295/2295/2295 
f 2295/2295/2295 2310/2310/2310 2296/2296/2296 
f 2310/2310/2310 2295/2295/2295 2318/2318/2318 
f 2318/2318/2318 2319/2319/2319 2310/2310/2310 
f 2312/2312/2312 2295/2295/2295 2288/2288/2288 
f 2318/2318/2318 2295/2295/2295 2312/2312/2312 
f 2239/2239/2239 2312/2312/2312 2288/2288/2288 
f 1917/1917/1917 1927/1927/1927 1928/1928/1928 
f 1927/1927/1927 1930/1930/1930 1928/1928/1928 
f 1930/1930/1930 1931/1931/1931 1928/1928/1928 
f 2001/2001/2001 1931/1931/1931 1930/1930/1930 
f 1931/1931/1931 2001/2001/2001 2002/2002/2002 
f 2003/2003/2003 2002/2002/2002 2001/2001/2001 
f 2002/2002/2002 2003/2003/2003 2008/2008/2008 
f 2008/2008/2008 2003/2003/2003 2014/2014/2014 
f 2008/2008/2008 2014/2014/2014 2015/2015/2015 
f 2015/2015/2015 2014/2014/2014 2016/2016/2016 
f 2017/2017/2017 2015/2015/2015 2016/2016/2016 
f 2016/2016/2016 2053/2053/2053 2054/2054/2054 
f 2053/2053/2053 2016/2016/2016 2052/2052/2052 
f 2053/2053/2053 2052/2052/2052 2050/2050/2050 
f 2044/2044/2044 2050/2050/2050 2052/2052/2052 
f 2050/2050/2050 2044/2044/2044 2046/2046/2046 
f 2044/2044/2044 2045/2045/2045 2046/2046/2046 
f 2045/2045/2045 1970/1970/1970 2046/2046/2046 
f 1970/1970/1970 2045/2045/2045 1965/1965/1965 
f 1965/1965/1965 1964/1964/1964 1970/1970/1970 
f 1964/1964/1964 1965/1965/1965 1963/1963/1963 
f 1960/1960/1960 1964/1964/1964 1963/1963/1963 
f 1960/1960/1960 1963/1963/1963 1956/1956/1956 
f 1955/1955/1955 1960/1960/1960 1956/1956/1956 
f 1955/1955/1955 1956/1956/1956 1949/1949/1949 
f 1949/1949/1949 1471/1471/1471 1955/1955/1955 
f 1471/1471/1471 1949/1949/1949 1472/1472/1472 
f 1471/1471/1471 1472/1472/1472 1473/1473/1473 
f 1482/1482/1482 1471/1471/1471 1473/1473/1473 
f 1458/1458/1458 1482/1482/1482 1473/1473/1473 
f 1482/1482/1482 1458/1458/1458 1457/1457/1457 
f 1457/1457/1457 1458/1458/1458 1456/1456/1456 
f 1455/1455/1455 1457/1457/1457 1456/1456/1456 
f 1385/1385/1385 1455/1455/1455 1456/1456/1456 
f 1455/1455/1455 1385/1385/1385 1384/1384/1384 
f 1384/1384/1384 1385/1385/1385 1380/1380/1380 
f 1379/1379/1379 1384/1384/1384 1380/1380/1380 
f 1368/1368/1368 1379/1379/1379 1380/1380/1380 
f 1379/1379/1379 1368/1368/1368 1367/1367/1367 
f 1359/1359/1359 1367/1367/1367 1368/1368/1368 
f 1359/1359/1359 1358/1358/1358 1367/1367/1367 
f 1358/1358/1358 1359/1359/1359 1310/1310/1310 
f 1310/1310/1310 1357/1357/1357 1358/1358/1358 
f 1736/1736/1736 1758/1758/1758 1746/1746/1746 
f 1732/1732/1732 1736/1736/1736 1746/1746/1746 
f 1734/1734/1734 1735/1735/1735 1736/1736/1736 
f 1736/1736/1736 1732/1732/1732 1734/1734/1734 
f 1733/1733/1733 1700/1700/1700 1735/1735/1735 
f 1735/1735/1735 1734/1734/1734 1733/1733/1733 
f 1725/1725/1725 1734/1734/1734 1732/1732/1732 
f 1725/1725/1725 1733/1733/1733 1734/1734/1734 
f 1725/1725/1725 1732/1732/1732 1726/1726/1726 
f 1700/1700/1700 1733/1733/1733 1671/1671/1671 
f 1726/1726/1726 1723/1723/1723 1725/1725/1725 
f 1723/1723/1723 1726/1726/1726 1745/1745/1745 
f 1733/1733/1733 1725/1725/1725 1724/1724/1724 
f 1723/1723/1723 1724/1724/1724 1725/1725/1725 
f 1724/1724/1724 1671/1671/1671 1733/1733/1733 
f 1744/1744/1744 1723/1723/1723 1745/1745/1745 
f 1658/1658/1658 1700/1700/1700 1671/1671/1671 
f 1723/1723/1723 1744/1744/1744 1729/1729/1729 
f 1743/1743/1743 1729/1729/1729 1744/1744/1744 
f 1724/1724/1724 1723/1723/1723 1728/1728/1728 
f 1729/1729/1729 1728/1728/1728 1723/1723/1723 
f 1671/1671/1671 1724/1724/1724 1672/1672/1672 
f 1728/1728/1728 1672/1672/1672 1724/1724/1724 
f 1671/1671/1671 1670/1670/1670 1658/1658/1658 
f 1670/1670/1670 1671/1671/1671 1672/1672/1672 
f 1657/1657/1657 1658/1658/1658 1670/1670/1670 
f 1729/1729/1729 1743/1743/1743 1742/1742/1742 
f 1667/1667/1667 1742/1742/1742 1743/1743/1743 
f 1729/1729/1729 1666/1666/1666 1728/1728/1728 
f 1672/1672/1672 1728/1728/1728 1666/1666/1666 
f 1666/1666/1666 1729/1729/1729 1742/1742/1742 
f 1742/1742/1742 1667/1667/1667 1662/1662/1662 
f 1662/1662/1662 1666/1666/1666 1742/1742/1742 
f 1663/1663/1663 1662/1662/1662 1667/1667/1667 
f 1672/1672/1672 1666/1666/1666 1665/1665/1665 
f 1666/1666/1666 1662/1662/1662 1665/1665/1665 
f 1670/1670/1670 1672/1672/1672 1665/1665/1665 
f 1662/1662/1662 1663/1663/1663 1664/1664/1664 
f 1664/1664/1664 1665/1665/1665 1662/1662/1662 
f 1670/1670/1670 1665/1665/1665 1664/1664/1664 
f 1663/1663/1663 1657/1657/1657 1664/1664/1664 
f 1664/1664/1664 1657/1657/1657 1670/1670/1670 
f 2079/2079/2079 2037/2037/2037 2074/2074/2074 
f 2173/2173/2173 2162/2162/2162 2187/2187/2187 
f 2187/2187/2187 2189/2189/2189 2173/2173/2173 
f 2187/2187/2187 2037/2037/2037 2188/2188/2188 
f 2188/2188/2188 2189/2189/2189 2187/2187/2187 
f 2079/2079/2079 2188/2188/2188 2037/2037/2037 
f 2189/2189/2189 2188/2188/2188 2193/2193/2193 
f 2193/2193/2193 2188/2188/2188 2190/2190/2190 
f 2190/2190/2190 2188/2188/2188 2079/2079/2079 
f 2190/2190/2190 2192/2192/2192 2193/2193/2193 
f 2162/2162/2162 2173/2173/2173 2163/2163/2163 
f 2165/2165/2165 2163/2163/2163 2173/2173/2173 
f 2165/2165/2165 2164/2164/2164 2163/2163/2163 
f 2164/2164/2164 2165/2165/2165 2166/2166/2166 
f 2164/2164/2164 2149/2149/2149 2163/2163/2163 
f 2131/2131/2131 2162/2162/2162 2163/2163/2163 
f 2149/2149/2149 2131/2131/2131 2163/2163/2163 
f 2162/2162/2162 2131/2131/2131 2033/2033/2033 
f 2149/2149/2149 2021/2021/2021 2131/2131/2131 
f 2021/2021/2021 2033/2033/2033 2131/2131/2131 
f 2021/2021/2021 2149/2149/2149 2133/2133/2133 
f 2033/2033/2033 2021/2021/2021 2020/2020/2020 
f 2021/2021/2021 2133/2133/2133 1944/1944/1944 
f 1941/1941/1941 2020/2020/2020 2021/2021/2021 
f 1941/1941/1941 2021/2021/2021 1944/1944/1944 
f 2020/2020/2020 1941/1941/1941 1924/1924/1924 
f 1941/1941/1941 1944/1944/1944 1936/1936/1936 
f 1934/1934/1934 1924/1924/1924 1941/1941/1941 
f 1934/1934/1934 1941/1941/1941 1936/1936/1936 
f 1924/1924/1924 1934/1934/1934 1911/1911/1911 
f 1448/1448/1448 1934/1934/1934 1936/1936/1936 
f 1447/1447/1447 1911/1911/1911 1934/1934/1934 
f 1934/1934/1934 1448/1448/1448 1447/1447/1447 
f 1911/1911/1911 1447/1447/1447 1426/1426/1426 
f 1448/1448/1448 1439/1439/1439 1447/1447/1447 
f 1439/1439/1439 1448/1448/1448 1441/1441/1441 
f 1447/1447/1447 1415/1415/1415 1426/1426/1426 
f 1415/1415/1415 1447/1447/1447 1439/1439/1439 
f 1426/1426/1426 1415/1415/1415 1414/1414/1414 
f 1344/1344/1344 1439/1439/1439 1441/1441/1441 
f 1344/1344/1344 1441/1441/1441 1351/1351/1351 
f 1439/1439/1439 1320/1320/1320 1415/1415/1415 
f 1320/1320/1320 1439/1439/1439 1344/1344/1344 
f 1415/1415/1415 1319/1319/1319 1414/1414/1414 
f 1319/1319/1319 1415/1415/1415 1320/1320/1320 
f 1411/1411/1411 1414/1414/1414 1319/1319/1319 
f 1351/1351/1351 1336/1336/1336 1344/1344/1344 
f 1336/1336/1336 1351/1351/1351 1627/1627/1627 
f 1344/1344/1344 1333/1333/1333 1320/1320/1320 
f 1333/1333/1333 1344/1344/1344 1336/1336/1336 
f 1526/1526/1526 1336/1336/1336 1627/1627/1627 
f 1305/1305/1305 1320/1320/1320 1333/1333/1333 
f 1320/1320/1320 1305/1305/1305 1319/1319/1319 
f 1319/1319/1319 1316/1316/1316 1411/1411/1411 
f 1316/1316/1316 1319/1319/1319 1305/1305/1305 
f 1317/1317/1317 1411/1411/1411 1316/1316/1316 
f 1316/1316/1316 1302/1302/1302 1317/1317/1317 
f 1302/1302/1302 1316/1316/1316 1301/1301/1301 
f 1316/1316/1316 1305/1305/1305 1301/1301/1301 
f 1301/1301/1301 1298/1298/1298 1302/1302/1302 
f 1333/1333/1333 1306/1306/1306 1305/1305/1305 
f 1305/1305/1305 1306/1306/1306 1301/1301/1301 
f 1298/1298/1298 1301/1301/1301 1304/1304/1304 
f 1306/1306/1306 1304/1304/1304 1301/1301/1301 
f 1304/1304/1304 1299/1299/1299 1298/1298/1298 
f 1306/1306/1306 1333/1333/1333 1335/1335/1335 
f 1336/1336/1336 1335/1335/1335 1333/1333/1333 
f 1304/1304/1304 1306/1306/1306 1334/1334/1334 
f 1335/1335/1335 1334/1334/1334 1306/1306/1306 
f 1299/1299/1299 1304/1304/1304 1337/1337/1337 
f 1334/1334/1334 1337/1337/1337 1304/1304/1304 
f 1337/1337/1337 1307/1307/1307 1299/1299/1299 
f 1334/1334/1334 1335/1335/1335 1515/1515/1515 
f 1335/1335/1335 1336/1336/1336 1525/1525/1525 
f 1525/1525/1525 1515/1515/1515 1335/1335/1335 
f 1336/1336/1336 1526/1526/1526 1525/1525/1525 
f 1526/1526/1526 1506/1506/1506 1525/1525/1525 
f 1515/1515/1515 1525/1525/1525 1506/1506/1506 
f 1506/1506/1506 1526/1526/1526 1503/1503/1503 
f 1505/1505/1505 1506/1506/1506 1503/1503/1503 
f 1503/1503/1503 1504/1504/1504 1505/1505/1505 
f 1514/1514/1514 1506/1506/1506 1505/1505/1505 
f 1506/1506/1506 1514/1514/1514 1515/1515/1515 
f 1515/1515/1515 1514/1514/1514 1548/1548/1548 
f 1548/1548/1548 1514/1514/1514 1566/1566/1566 
f 1515/1515/1515 1339/1339/1339 1334/1334/1334 
f 1548/1548/1548 1339/1339/1339 1515/1515/1515 
f 1337/1337/1337 1334/1334/1334 1339/1339/1339 
f 1566/1566/1566 1565/1565/1565 1548/1548/1548 
f 1565/1565/1565 1566/1566/1566 1559/1559/1559 
f 1548/1548/1548 1340/1340/1340 1339/1339/1339 
f 1340/1340/1340 1548/1548/1548 1565/1565/1565 
f 1339/1339/1339 1338/1338/1338 1337/1337/1337 
f 1338/1338/1338 1339/1339/1339 1340/1340/1340 
f 1338/1338/1338 1307/1307/1307 1337/1337/1337 
f 1338/1338/1338 1386/1386/1386 1307/1307/1307 
f 1386/1386/1386 1338/1338/1338 1387/1387/1387 
f 1340/1340/1340 1387/1387/1387 1338/1338/1338 
f 1387/1387/1387 1376/1376/1376 1386/1386/1386 
f 1565/1565/1565 1391/1391/1391 1340/1340/1340 
f 1387/1387/1387 1340/1340/1340 1391/1391/1391 
f 1565/1565/1565 1559/1559/1559 1558/1558/1558 
f 1391/1391/1391 1565/1565/1565 1558/1558/1558 
f 1558/1558/1558 1559/1559/1559 1560/1560/1560 
f 1391/1391/1391 1388/1388/1388 1387/1387/1387 
f 1376/1376/1376 1387/1387/1387 1388/1388/1388 
f 1558/1558/1558 1392/1392/1392 1391/1391/1391 
f 1388/1388/1388 1391/1391/1391 1392/1392/1392 
f 1560/1560/1560 1561/1561/1561 1558/1558/1558 
f 1392/1392/1392 1558/1558/1558 1561/1561/1561 
f 1561/1561/1561 1560/1560/1560 1562/1562/1562 
f 1376/1376/1376 1388/1388/1388 1374/1374/1374 
f 1376/1376/1376 1374/1374/1374 1369/1369/1369 
f 1389/1389/1389 1388/1388/1388 1392/1392/1392 
f 1388/1388/1388 1389/1389/1389 1374/1374/1374 
f 1370/1370/1370 1369/1369/1369 1374/1374/1374 
f 1374/1374/1374 1389/1389/1389 1370/1370/1370 
f 1369/1369/1369 1370/1370/1370 1371/1371/1371 
f 1673/1673/1673 1392/1392/1392 1561/1561/1561 
f 1392/1392/1392 1673/1673/1673 1389/1389/1389 
f 1562/1562/1562 1674/1674/1674 1561/1561/1561 
f 1673/1673/1673 1561/1561/1561 1674/1674/1674 
f 1674/1674/1674 1562/1562/1562 1790/1790/1790 
f 1673/1673/1673 1390/1390/1390 1389/1389/1389 
f 1389/1389/1389 1390/1390/1390 1370/1370/1370 
f 1674/1674/1674 1675/1675/1675 1673/1673/1673 
f 1390/1390/1390 1673/1673/1673 1675/1675/1675 
f 1790/1790/1790 1677/1677/1677 1674/1674/1674 
f 1675/1675/1675 1674/1674/1674 1677/1677/1677 
f 1677/1677/1677 1790/1790/1790 1791/1791/1791 
f 1677/1677/1677 1791/1791/1791 1776/1776/1776 
f 1676/1676/1676 1677/1677/1677 1776/1776/1776 
f 1676/1676/1676 1675/1675/1675 1677/1677/1677 
f 1676/1676/1676 1776/1776/1776 1683/1683/1683 
f 1681/1681/1681 1676/1676/1676 1683/1683/1683 
f 1684/1684/1684 1681/1681/1681 1683/1683/1683 
f 1675/1675/1675 1676/1676/1676 1678/1678/1678 
f 1680/1680/1680 1676/1676/1676 1681/1681/1681 
f 1676/1676/1676 1680/1680/1680 1678/1678/1678 
f 1679/1679/1679 1680/1680/1680 1681/1681/1681 
f 1681/1681/1681 1684/1684/1684 1679/1679/1679 
f 1650/1650/1650 1678/1678/1678 1680/1680/1680 
f 1652/1652/1652 1675/1675/1675 1678/1678/1678 
f 1678/1678/1678 1650/1650/1650 1652/1652/1652 
f 1675/1675/1675 1652/1652/1652 1647/1647/1647 
f 1675/1675/1675 1647/1647/1647 1390/1390/1390 
f 1648/1648/1648 1647/1647/1647 1652/1652/1652 
f 1650/1650/1650 1648/1648/1648 1652/1652/1652 
f 1390/1390/1390 1647/1647/1647 1373/1373/1373 
f 1373/1373/1373 1370/1370/1370 1390/1390/1390 
f 1373/1373/1373 1647/1647/1647 1649/1649/1649 
f 1647/1647/1647 1648/1648/1648 1649/1649/1649 
f 1370/1370/1370 1373/1373/1373 1372/1372/1372 
f 1371/1371/1371 1370/1370/1370 1372/1372/1372 
f 1372/1372/1372 1383/1383/1383 1371/1371/1371 
f 1373/1373/1373 1381/1381/1381 1372/1372/1372 
f 1649/1649/1649 1381/1381/1381 1373/1373/1373 
f 1372/1372/1372 1382/1382/1382 1383/1383/1383 
f 1372/1372/1372 1381/1381/1381 1382/1382/1382 
f 1383/1383/1383 1382/1382/1382 1465/1465/1465 
f 1466/1466/1466 1465/1465/1465 1382/1382/1382 
f 1465/1465/1465 1466/1466/1466 1467/1467/1467 
f 1469/1469/1469 1382/1382/1382 1381/1381/1381 
f 1382/1382/1382 1469/1469/1469 1466/1466/1466 
f 1381/1381/1381 1649/1649/1649 1669/1669/1669 
f 1669/1669/1669 1469/1469/1469 1381/1381/1381 
f 1649/1649/1649 1668/1668/1668 1669/1669/1669 
f 1668/1668/1668 1649/1649/1649 1648/1648/1648 
f 1467/1467/1467 1466/1466/1466 1468/1468/1468 
f 1468/1468/1468 1485/1485/1485 1467/1467/1467 
f 1470/1470/1470 1466/1466/1466 1469/1469/1469 
f 1466/1466/1466 1470/1470/1470 1468/1468/1468 
f 1727/1727/1727 1469/1469/1469 1669/1669/1669 
f 1469/1469/1469 1727/1727/1727 1470/1470/1470 
f 1731/1731/1731 1669/1669/1669 1668/1668/1668 
f 1669/1669/1669 1731/1731/1731 1727/1727/1727 
f 1942/1942/1942 1940/1940/1940 1948/1948/1948 
f 1948/1948/1948 1946/1946/1946 1942/1942/1942 
f 1940/1940/1940 1939/1939/1939 1947/1947/1947 
f 1947/1947/1947 1948/1948/1948 1940/1940/1940 
f 2005/2005/2005 2004/2004/2004 2023/2023/2023 
f 2023/2023/2023 2026/2026/2026 2005/2005/2005 
f 2026/2026/2026 2023/2023/2023 2025/2025/2025 
f 2024/2024/2024 2025/2025/2025 2023/2023/2023 
f 2022/2022/2022 2023/2023/2023 2004/2004/2004 
f 2023/2023/2023 2022/2022/2022 2024/2024/2024 
f 2004/2004/2004 1946/1946/1946 2022/2022/2022 
f 1946/1946/1946 1948/1948/1948 2124/2124/2124 
f 2124/2124/2124 2022/2022/2022 1946/1946/1946 
f 1988/1988/1988 2124/2124/2124 1948/1948/1948 
f 1948/1948/1948 1947/1947/1947 1988/1988/1988 
f 2022/2022/2022 2124/2124/2124 2125/2125/2125 
f 2125/2125/2125 2024/2024/2024 2022/2022/2022 
f 2124/2124/2124 1988/1988/1988 1992/1992/1992 
f 1992/1992/1992 2125/2125/2125 2124/2124/2124 
f 1980/1980/1980 1988/1988/1988 1947/1947/1947 
f 1989/1989/1989 1992/1992/1992 1988/1988/1988 
f 1988/1988/1988 1980/1980/1980 1989/1989/1989 
f 1947/1947/1947 1978/1978/1978 1980/1980/1980 
f 1978/1978/1978 1947/1947/1947 1939/1939/1939 
f 1979/1979/1979 1989/1989/1989 1980/1980/1980 
f 1979/1979/1979 1980/1980/1980 1978/1978/1978 
f 1992/1992/1992 1989/1989/1989 1993/1993/1993 
f 2125/2125/2125 1992/1992/1992 2126/2126/2126 
f 1993/1993/1993 2126/2126/2126 1992/1992/1992 
f 2024/2024/2024 2125/2125/2125 2129/2129/2129 
f 2126/2126/2126 2129/2129/2129 2125/2125/2125 
f 2146/2146/2146 2024/2024/2024 2129/2129/2129 
f 2129/2129/2129 2136/2136/2136 2146/2146/2146 
f 2136/2136/2136 2129/2129/2129 2128/2128/2128 
f 2129/2129/2129 2126/2126/2126 2128/2128/2128 
f 2135/2135/2135 2136/2136/2136 2128/2128/2128 
f 2073/2073/2073 2135/2135/2135 2128/2128/2128 
f 2127/2127/2127 2128/2128/2128 2126/2126/2126 
f 2126/2126/2126 1993/1993/1993 2127/2127/2127 
f 2128/2128/2128 2127/2127/2127 2073/2073/2073 
f 1990/1990/1990 1993/1993/1993 1989/1989/1989 
f 1989/1989/1989 1979/1979/1979 1990/1990/1990 
f 2070/2070/2070 2127/2127/2127 1993/1993/1993 
f 1993/1993/1993 1990/1990/1990 2070/2070/2070 
f 2071/2071/2071 2073/2073/2073 2127/2127/2127 
f 2127/2127/2127 2070/2070/2070 2071/2071/2071 
f 2073/2073/2073 2071/2071/2071 2072/2072/2072 
f 1990/1990/1990 1991/1991/1991 2070/2070/2070 
f 2069/2069/2069 2070/2070/2070 1991/1991/1991 
f 2070/2070/2070 2069/2069/2069 2071/2071/2071 
f 1991/1991/1991 1990/1990/1990 1981/1981/1981 
f 1979/1979/1979 1981/1981/1981 1990/1990/1990 
f 2066/2066/2066 2071/2071/2071 2069/2069/2069 
f 2071/2071/2071 2066/2066/2066 2072/2072/2072 
f 1981/1981/1981 1979/1979/1979 1976/1976/1976 
f 2072/2072/2072 2066/2066/2066 2065/2065/2065 
f 2065/2065/2065 2073/2073/2073 2072/2072/2072 
f 2065/2065/2065 2066/2066/2066 2067/2067/2067 
f 2073/2073/2073 2065/2065/2065 2080/2080/2080 
f 2031/2031/2031 2065/2065/2065 2067/2067/2067 
f 1977/1977/1977 1976/1976/1976 1979/1979/1979 
f 2065/2065/2065 2068/2068/2068 2080/2080/2080 
f 2065/2065/2065 2031/2031/2031 2068/2068/2068 
f 2068/2068/2068 2134/2134/2134 2080/2080/2080 
f 2030/2030/2030 2068/2068/2068 2031/2031/2031 
f 2030/2030/2030 2134/2134/2134 2068/2068/2068 
f 2134/2134/2134 2030/2030/2030 2132/2132/2132 
f 2030/2030/2030 2130/2130/2130 2132/2132/2132 
f 2028/2028/2028 2030/2030/2030 2031/2031/2031 
f 2130/2130/2130 2030/2030/2030 2027/2027/2027 
f 2028/2028/2028 2027/2027/2027 2030/2030/2030 
f 2027/2027/2027 2028/2028/2028 2029/2029/2029 
f 1976/1976/1976 1977/1977/1977 1975/1975/1975 
f 1977/1977/1977 1979/1979/1979 1978/1978/1978 
f 1494/1494/1494 1975/1975/1975 1977/1977/1977 
f 1975/1975/1975 1494/1494/1494 1496/1496/1496 
f 1494/1494/1494 1495/1495/1495 1496/1496/1496 
f 1977/1977/1977 1978/1978/1978 1498/1498/1498 
f 1494/1494/1494 1977/1977/1977 1498/1498/1498 
f 1939/1939/1939 1498/1498/1498 1978/1978/1978 
f 1495/1495/1495 1494/1494/1494 1497/1497/1497 
f 1498/1498/1498 1497/1497/1497 1494/1494/1494 
f 1497/1497/1497 1492/1492/1492 1495/1495/1495 
f 1498/1498/1498 1939/1939/1939 1452/1452/1452 
f 1492/1492/1492 1497/1497/1497 1491/1491/1491 
f 1491/1491/1491 1490/1490/1490 1492/1492/1492 
f 1497/1497/1497 1498/1498/1498 1499/1499/1499 
f 1499/1499/1499 1491/1491/1491 1497/1497/1497 
f 1498/1498/1498 1452/1452/1452 1453/1453/1453 
f 1453/1453/1453 1499/1499/1499 1498/1498/1498 
f 1446/1446/1446 1453/1453/1453 1452/1452/1452 
f 1453/1453/1453 1446/1446/1446 1443/1443/1443 
f 1443/1443/1443 1446/1446/1446 1440/1440/1440 
f 1440/1440/1440 1442/1442/1442 1443/1443/1443 
f 1443/1443/1443 1444/1444/1444 1453/1453/1453 
f 1499/1499/1499 1453/1453/1453 1444/1444/1444 
f 1445/1445/1445 1443/1443/1443 1442/1442/1442 
f 1444/1444/1444 1443/1443/1443 1445/1445/1445 
f 1442/1442/1442 1345/1345/1345 1445/1445/1445 
f 1444/1444/1444 1493/1493/1493 1499/1499/1499 
f 1491/1491/1491 1499/1499/1499 1493/1493/1493 
f 1445/1445/1445 1489/1489/1489 1444/1444/1444 
f 1493/1493/1493 1444/1444/1444 1489/1489/1489 
f 1635/1635/1635 1445/1445/1445 1345/1345/1345 
f 1489/1489/1489 1445/1445/1445 1635/1635/1635 
f 1345/1345/1345 1347/1347/1347 1635/1635/1635 
f 1489/1489/1489 1410/1410/1410 1493/1493/1493 
f 1491/1491/1491 1493/1493/1493 1410/1410/1410 
f 1635/1635/1635 1408/1408/1408 1489/1489/1489 
f 1410/1410/1410 1489/1489/1489 1408/1408/1408 
f 1634/1634/1634 1635/1635/1635 1347/1347/1347 
f 1408/1408/1408 1635/1635/1635 1634/1634/1634 
f 1634/1634/1634 1347/1347/1347 1349/1349/1349 
f 1410/1410/1410 1405/1405/1405 1491/1491/1491 
f 1490/1490/1490 1491/1491/1491 1405/1405/1405 
f 1405/1405/1405 1403/1403/1403 1490/1490/1490 
f 1405/1405/1405 1410/1410/1410 1409/1409/1409 
f 1408/1408/1408 1409/1409/1409 1410/1410/1410 
f 1403/1403/1403 1405/1405/1405 1401/1401/1401 
f 1409/1409/1409 1401/1401/1401 1405/1405/1405 
f 1401/1401/1401 1402/1402/1402 1403/1403/1403 
f 1409/1409/1409 1408/1408/1408 1633/1633/1633 
f 1634/1634/1634 1633/1633/1633 1408/1408/1408 
f 1401/1401/1401 1409/1409/1409 1630/1630/1630 
f 1633/1633/1633 1630/1630/1630 1409/1409/1409 
f 1402/1402/1402 1401/1401/1401 1404/1404/1404 
f 1630/1630/1630 1404/1404/1404 1401/1401/1401 
f 1404/1404/1404 1393/1393/1393 1402/1402/1402 
f 1393/1393/1393 1404/1404/1404 1406/1406/1406 
f 1404/1404/1404 1630/1630/1630 1407/1407/1407 
f 1407/1407/1407 1406/1406/1406 1404/1404/1404 
f 1393/1393/1393 1406/1406/1406 1394/1394/1394 
f 1407/1407/1407 1394/1394/1394 1406/1406/1406 
f 1393/1393/1393 1394/1394/1394 1395/1395/1395 
f 1394/1394/1394 1354/1354/1354 1395/1395/1395 
f 1394/1394/1394 1407/1407/1407 1628/1628/1628 
f 1629/1629/1629 1407/1407/1407 1630/1630/1630 
f 1630/1630/1630 1633/1633/1633 1629/1629/1629 
f 1631/1631/1631 1407/1407/1407 1629/1629/1629 
f 1629/1629/1629 1636/1636/1636 1631/1631/1631 
f 1400/1400/1400 1394/1394/1394 1628/1628/1628 
f 1354/1354/1354 1394/1394/1394 1400/1400/1400 
f 1628/1628/1628 1626/1626/1626 1400/1400/1400 
f 1354/1354/1354 1400/1400/1400 1343/1343/1343 
f 1626/1626/1626 1343/1343/1343 1400/1400/1400 
f 1343/1343/1343 1626/1626/1626 1625/1625/1625 
f 1624/1624/1624 1343/1343/1343 1625/1625/1625 
f 1343/1343/1343 1342/1342/1342 1354/1354/1354 
f 1343/1343/1343 1624/1624/1624 1341/1341/1341 
f 1341/1341/1341 1342/1342/1342 1343/1343/1343 
f 1341/1341/1341 1352/1352/1352 1342/1342/1342 
f 1632/1632/1632 1636/1636/1636 1629/1629/1629 
f 1636/1636/1636 1632/1632/1632 1639/1639/1639 
f 1632/1632/1632 1629/1629/1629 1633/1633/1633 
f 1349/1349/1349 1639/1639/1639 1632/1632/1632 
f 1633/1633/1633 1634/1634/1634 1632/1632/1632 
f 1632/1632/1632 1634/1634/1634 1349/1349/1349 
f 1994/1994/1994 1986/1986/1986 2007/2007/2007 
f 2006/2006/2006 1994/1994/1994 2007/2007/2007 
f 2006/2006/2006 2007/2007/2007 2040/2040/2040 
f 2006/2006/2006 2040/2040/2040 2041/2041/2041 
f 2040/2040/2040 2051/2051/2051 2041/2041/2041 
f 2041/2041/2041 2051/2051/2051 2055/2055/2055 
f 2064/2064/2064 2055/2055/2055 2051/2051/2051 
f 2056/2056/2056 2055/2055/2055 2064/2064/2064 
f 2055/2055/2055 2056/2056/2056 2042/2042/2042 
f 2043/2043/2043 2042/2042/2042 2056/2056/2056 
f 2042/2042/2042 2043/2043/2043 2038/2038/2038 
f 2039/2039/2039 2038/2038/2038 2043/2043/2043 
f 2038/2038/2038 2039/2039/2039 2000/2000/2000 
f 1987/1987/1987 2000/2000/2000 2039/2039/2039 
f 2000/2000/2000 1987/1987/1987 1985/1985/1985 
f 1982/1982/1982 1985/1985/1985 1987/1987/1987 
f 1985/1985/1985 1982/1982/1982 1966/1966/1966 
f 1967/1967/1967 1966/1966/1966 1982/1982/1982 
f 1966/1966/1966 1967/1967/1967 1951/1951/1951 
f 1952/1952/1952 1951/1951/1951 1967/1967/1967 
f 1951/1951/1951 1952/1952/1952 1906/1906/1906 
f 1477/1477/1477 1906/1906/1906 1952/1952/1952 
f 1906/1906/1906 1477/1477/1477 1479/1479/1479 
f 1477/1477/1477 1478/1478/1478 1479/1479/1479 
f 1478/1478/1478 1477/1477/1477 1481/1481/1481 
f 1481/1481/1481 1464/1464/1464 1478/1478/1478 
f 1464/1464/1464 1481/1481/1481 1462/1462/1462 
f 1462/1462/1462 1463/1463/1463 1464/1464/1464 
f 1463/1463/1463 1462/1462/1462 1488/1488/1488 
f 1488/1488/1488 1329/1329/1329 1463/1463/1463 
f 1329/1329/1329 1488/1488/1488 1327/1327/1327 
f 1327/1327/1327 1328/1328/1328 1329/1329/1329 
f 1328/1328/1328 1327/1327/1327 1377/1377/1377 
f 1377/1377/1377 1378/1378/1378 1328/1328/1328 
f 1378/1378/1378 1377/1377/1377 1366/1366/1366 
f 1378/1378/1378 1366/1366/1366 1364/1364/1364 
f 1363/1363/1363 1364/1364/1364 1366/1366/1366 
f 1363/1363/1363 1360/1360/1360 1364/1364/1364 
f 1397/1397/1397 1398/1398/1398 1399/1399/1399 
f 1500/1500/1500 1501/1501/1501 1502/1502/1502 
f 1512/1512/1512 1502/1502/1502 1501/1501/1501 
f 1502/1502/1502 1512/1512/1512 1513/1513/1513 
f 1550/1550/1550 1513/1513/1513 1512/1512/1512 
f 1513/1513/1513 1550/1550/1550 1552/1552/1552 
f 1552/1552/1552 1550/1550/1550 1549/1549/1549 
f 1549/1549/1549 1550/1550/1550 1551/1551/1551 
f 1549/1549/1549 1551/1551/1551 1555/1555/1555 
f 1555/1555/1555 1551/1551/1551 1556/1556/1556 
f 1553/1553/1553 1551/1551/1551 1550/1550/1550 
f 1551/1551/1551 1553/1553/1553 1556/1556/1556 
f 1555/1555/1555 1556/1556/1556 1557/1557/1557 
f 1554/1554/1554 1550/1550/1550 1512/1512/1512 
f 1550/1550/1550 1554/1554/1554 1553/1553/1553 
f 1512/1512/1512 1516/1516/1516 1554/1554/1554 
f 1501/1501/1501 1516/1516/1516 1512/1512/1512 
f 1567/1567/1567 1553/1553/1553 1554/1554/1554 
f 1516/1516/1516 1567/1567/1567 1554/1554/1554 
f 1557/1557/1557 1556/1556/1556 1646/1646/1646 
f 1557/1557/1557 1646/1646/1646 1779/1779/1779 
f 1556/1556/1556 1553/1553/1553 1564/1564/1564 
f 1779/1779/1779 1646/1646/1646 1778/1778/1778 
f 1779/1779/1779 1778/1778/1778 1782/1782/1782 
f 1556/1556/1556 1563/1563/1563 1646/1646/1646 
f 1563/1563/1563 1556/1556/1556 1564/1564/1564 
f 1646/1646/1646 1777/1777/1777 1778/1778/1778 
f 1777/1777/1777 1646/1646/1646 1563/1563/1563 
f 1782/1782/1782 1778/1778/1778 1783/1783/1783 
f 1783/1783/1783 1789/1789/1789 1782/1782/1782 
f 1780/1780/1780 1778/1778/1778 1777/1777/1777 
f 1778/1778/1778 1780/1780/1780 1783/1783/1783 
f 1573/1573/1573 1777/1777/1777 1563/1563/1563 
f 1781/1781/1781 1780/1780/1780 1777/1777/1777 
f 1777/1777/1777 1573/1573/1573 1781/1781/1781 
f 1563/1563/1563 1570/1570/1570 1573/1573/1573 
f 1570/1570/1570 1563/1563/1563 1564/1564/1564 
f 1789/1789/1789 1783/1783/1783 1785/1785/1785 
f 1564/1564/1564 1569/1569/1569 1570/1570/1570 
f 1569/1569/1569 1564/1564/1564 1553/1553/1553 
f 1553/1553/1553 1567/1567/1567 1569/1569/1569 
f 1783/1783/1783 1784/1784/1784 1785/1785/1785 
f 1784/1784/1784 1783/1783/1783 1780/1780/1780 
f 1787/1787/1787 1789/1789/1789 1785/1785/1785 
f 1789/1789/1789 1787/1787/1787 1792/1792/1792 
f 1786/1786/1786 1785/1785/1785 1784/1784/1784 
f 1785/1785/1785 1786/1786/1786 1787/1787/1787 
f 1794/1794/1794 1784/1784/1784 1780/1780/1780 
f 1780/1780/1780 1781/1781/1781 1794/1794/1794 
f 1793/1793/1793 1792/1792/1792 1787/1787/1787 
f 1792/1792/1792 1793/1793/1793 1810/1810/1810 
f 1808/1808/1808 1810/1810/1810 1793/1793/1793 
f 1787/1787/1787 1788/1788/1788 1793/1793/1793 
f 1788/1788/1788 1787/1787/1787 1786/1786/1786 
f 1808/1808/1808 1793/1793/1793 1809/1809/1809 
f 1793/1793/1793 1788/1788/1788 1809/1809/1809 
f 1809/1809/1809 1813/1813/1813 1808/1808/1808 
f 1813/1813/1813 1809/1809/1809 1812/1812/1812 
f 1809/1809/1809 1788/1788/1788 1811/1811/1811 
f 1809/1809/1809 1811/1811/1811 1812/1812/1812 
f 1813/1813/1813 1812/1812/1812 1814/1814/1814 
f 1788/1788/1788 1829/1829/1829 1811/1811/1811 
f 1786/1786/1786 1797/1797/1797 1788/1788/1788 
f 1829/1829/1829 1788/1788/1788 1797/1797/1797 
f 1797/1797/1797 1786/1786/1786 1798/1798/1798 
f 1830/1830/1830 1811/1811/1811 1829/1829/1829 
f 1812/1812/1812 1811/1811/1811 1816/1816/1816 
f 1811/1811/1811 1830/1830/1830 1816/1816/1816 
f 1812/1812/1812 1816/1816/1816 1815/1815/1815 
f 1814/1814/1814 1812/1812/1812 1815/1815/1815 
f 1833/1833/1833 1816/1816/1816 1830/1830/1830 
f 1822/1822/1822 1814/1814/1814 1815/1815/1815 
f 1816/1816/1816 1833/1833/1833 1817/1817/1817 
f 1815/1815/1815 1816/1816/1816 1817/1817/1817 
f 1828/1828/1828 1817/1817/1817 1833/1833/1833 
f 1818/1818/1818 1815/1815/1815 1817/1817/1817 
f 1817/1817/1817 1828/1828/1828 1818/1818/1818 
f 1815/1815/1815 1818/1818/1818 1822/1822/1822 
f 1830/1830/1830 1834/1834/1834 1833/1833/1833 
f 1834/1834/1834 1828/1828/1828 1833/1833/1833 
f 1827/1827/1827 1818/1818/1818 1828/1828/1828 
f 1818/1818/1818 1827/1827/1827 1825/1825/1825 
f 1825/1825/1825 1822/1822/1822 1818/1818/1818 
f 1828/1828/1828 1838/1838/1838 1827/1827/1827 
f 1822/1822/1822 1825/1825/1825 1826/1826/1826 
f 1840/1840/1840 1822/1822/1822 1826/1826/1826 
f 1822/1822/1822 1840/1840/1840 1823/1823/1823 
f 1814/1814/1814 1822/1822/1822 1823/1823/1823 
f 1850/1850/1850 1823/1823/1823 1840/1840/1840 
f 1823/1823/1823 1824/1824/1824 1814/1814/1814 
f 1823/1823/1823 1850/1850/1850 1842/1842/1842 
f 1823/1823/1823 1842/1842/1842 1824/1824/1824 
f 1842/1842/1842 1850/1850/1850 1851/1851/1851 
f 1824/1824/1824 1842/1842/1842 1843/1843/1843 
f 1842/1842/1842 1851/1851/1851 1848/1848/1848 
f 1848/1848/1848 1843/1843/1843 1842/1842/1842 
f 1851/1851/1851 1849/1849/1849 1848/1848/1848 
f 1849/1849/1849 1843/1843/1843 1848/1848/1848 
f 1849/1849/1849 1851/1851/1851 1855/1855/1855 
f 1843/1843/1843 1849/1849/1849 1720/1720/1720 
f 1721/1721/1721 1720/1720/1720 1849/1849/1849 
f 1849/1849/1849 1855/1855/1855 1721/1721/1721 
f 1720/1720/1720 1721/1721/1721 1722/1722/1722 
f 1721/1721/1721 1855/1855/1855 1766/1766/1766 
f 1766/1766/1766 1722/1722/1722 1721/1721/1721 
f 1856/1856/1856 1766/1766/1766 1855/1855/1855 
f 1722/1722/1722 1766/1766/1766 1767/1767/1767 
f 1766/1766/1766 1856/1856/1856 1775/1775/1775 
f 1775/1775/1775 1767/1767/1767 1766/1766/1766 
f 1857/1857/1857 1775/1775/1775 1856/1856/1856 
f 1767/1767/1767 1775/1775/1775 1772/1772/1772 
f 1773/1773/1773 1772/1772/1772 1775/1775/1775 
f 1775/1775/1775 1857/1857/1857 1773/1773/1773 
f 1772/1772/1772 1773/1773/1773 1774/1774/1774 
f 1774/1774/1774 1773/1773/1773 2274/2274/2274 
f 1773/1773/1773 1857/1857/1857 2275/2275/2275 
f 2274/2274/2274 1773/1773/1773 2275/2275/2275 
f 2275/2275/2275 1857/1857/1857 2346/2346/2346 
f 2274/2274/2274 2275/2275/2275 2276/2276/2276 
f 2275/2275/2275 2346/2346/2346 2277/2277/2277 
f 2276/2276/2276 2275/2275/2275 2277/2277/2277 
f 2346/2346/2346 2347/2347/2347 2277/2277/2277 
f 2277/2277/2277 2284/2284/2284 2276/2276/2276 
f 2284/2284/2284 2277/2277/2277 2328/2328/2328 
f 2277/2277/2277 2347/2347/2347 2328/2328/2328 
f 2328/2328/2328 2329/2329/2329 2284/2284/2284 
f 2347/2347/2347 2337/2337/2337 2328/2328/2328 
f 2329/2329/2329 2328/2328/2328 2337/2337/2337 
f 2348/2348/2348 2337/2337/2337 2347/2347/2347 
f 2337/2337/2337 2352/2352/2352 2329/2329/2329 
f 2337/2337/2337 2348/2348/2348 2349/2349/2349 
f 2352/2352/2352 2337/2337/2337 2349/2349/2349 
f 2348/2348/2348 2351/2351/2351 2349/2349/2349 
f 2351/2351/2351 2352/2352/2352 2349/2349/2349 
f 2351/2351/2351 2348/2348/2348 2362/2362/2362 
f 2352/2352/2352 2351/2351/2351 2360/2360/2360 
f 2362/2362/2362 2361/2361/2361 2351/2351/2351 
f 2361/2361/2361 2360/2360/2360 2351/2351/2351 
f 2361/2361/2361 2362/2362/2362 2379/2379/2379 
f 2440/2440/2440 2360/2360/2360 2361/2361/2361 
f 2379/2379/2379 2380/2380/2380 2361/2361/2361 
f 2380/2380/2380 2440/2440/2440 2361/2361/2361 
f 2380/2380/2380 2379/2379/2379 2390/2390/2390 
f 2445/2445/2445 2380/2380/2380 2390/2390/2390 
f 2380/2380/2380 2445/2445/2445 2444/2444/2444 
f 2444/2444/2444 2445/2445/2445 2410/2410/2410 
f 2440/2440/2440 2380/2380/2380 2443/2443/2443 
f 2380/2380/2380 2444/2444/2444 2443/2443/2443 
f 2441/2441/2441 2440/2440/2440 2443/2443/2443 
f 2440/2440/2440 2441/2441/2441 2442/2442/2442 
f 2444/2444/2444 2410/2410/2410 2409/2409/2409 
f 2364/2364/2364 2409/2409/2409 2410/2410/2410 
f 2444/2444/2444 2446/2446/2446 2443/2443/2443 
f 2409/2409/2409 2446/2446/2446 2444/2444/2444 
f 2443/2443/2443 2451/2451/2451 2441/2441/2441 
f 2451/2451/2451 2443/2443/2443 2446/2446/2446 
f 2449/2449/2449 2442/2442/2442 2441/2441/2441 
f 2442/2442/2442 2449/2449/2449 2447/2447/2447 
f 2441/2441/2441 2451/2451/2451 2450/2450/2450 
f 2450/2450/2450 2449/2449/2449 2441/2441/2441 
f 2446/2446/2446 2455/2455/2455 2451/2451/2451 
f 2446/2446/2446 2409/2409/2409 2455/2455/2455 
f 2451/2451/2451 2456/2456/2456 2450/2450/2450 
f 2451/2451/2451 2455/2455/2455 2456/2456/2456 
f 2426/2426/2426 2449/2449/2449 2450/2450/2450 
f 2420/2420/2420 2447/2447/2447 2449/2449/2449 
f 2449/2449/2449 2426/2426/2426 2420/2420/2420 
f 2447/2447/2447 2420/2420/2420 2448/2448/2448 
f 2448/2448/2448 2420/2420/2420 2417/2417/2417 
f 2417/2417/2417 2420/2420/2420 2418/2418/2418 
f 2420/2420/2420 2426/2426/2426 2418/2418/2418 
f 2416/2416/2416 2417/2417/2417 2418/2418/2418 
f 2450/2450/2450 2457/2457/2457 2426/2426/2426 
f 2450/2450/2450 2456/2456/2456 2457/2457/2457 
f 2418/2418/2418 2426/2426/2426 2424/2424/2424 
f 2416/2416/2416 2418/2418/2418 2421/2421/2421 
f 2421/2421/2421 2418/2418/2418 2424/2424/2424 
f 2419/2419/2419 2416/2416/2416 2421/2421/2421 
f 2416/2416/2416 2419/2419/2419 2413/2413/2413 
f 2421/2421/2421 2425/2425/2425 2419/2419/2419 
f 2421/2421/2421 2424/2424/2424 2425/2425/2425 
f 2414/2414/2414 2413/2413/2413 2419/2419/2419 
f 2413/2413/2413 2414/2414/2414 2415/2415/2415 
f 2419/2419/2419 2425/2425/2425 2423/2423/2423 
f 2423/2423/2423 2414/2414/2414 2419/2419/2419 
f 2424/2424/2424 2434/2434/2434 2425/2425/2425 
f 2204/2204/2204 2415/2415/2415 2414/2414/2414 
f 2415/2415/2415 2204/2204/2204 2202/2202/2202 
f 2414/2414/2414 2423/2423/2423 2422/2422/2422 
f 2414/2414/2414 2422/2422/2422 2204/2204/2204 
f 2425/2425/2425 2430/2430/2430 2423/2423/2423 
f 2430/2430/2430 2425/2425/2425 2434/2434/2434 
f 2203/2203/2203 2202/2202/2202 2204/2204/2204 
f 2427/2427/2427 2423/2423/2423 2430/2430/2430 
f 2423/2423/2423 2427/2427/2427 2422/2422/2422 
f 2202/2202/2202 2203/2203/2203 2200/2200/2200 
f 2204/2204/2204 2422/2422/2422 2205/2205/2205 
f 2205/2205/2205 2203/2203/2203 2204/2204/2204 
f 1324/1324/1324 1325/1325/1325 1326/1326/1326 
f 1326/1326/1326 1325/1325/1325 1487/1487/1487 
f 1325/1325/1325 1324/1324/1324 1356/1356/1356 
f 1460/1460/1460 1326/1326/1326 1487/1487/1487 
f 1355/1355/1355 1356/1356/1356 1324/1324/1324 
f 1460/1460/1460 1487/1487/1487 1461/1461/1461 
f 1356/1356/1356 1355/1355/1355 1365/1365/1365 
f 1459/1459/1459 1460/1460/1460 1461/1461/1461 
f 1362/1362/1362 1365/1365/1365 1355/1355/1355 
f 1480/1480/1480 1459/1459/1459 1461/1461/1461 
f 1362/1362/1362 1361/1361/1361 1365/1365/1365 
f 1459/1459/1459 1480/1480/1480 1474/1474/1474 
f 1360/1360/1360 1361/1361/1361 1362/1362/1362 
f 1361/1361/1361 1360/1360/1360 1396/1396/1396 
f 1475/1475/1475 1474/1474/1474 1480/1480/1480 
f 1474/1474/1474 1475/1475/1475 1476/1476/1476 
f 1950/1950/1950 1476/1476/1476 1475/1475/1475 
f 1950/1950/1950 1475/1475/1475 1954/1954/1954 
f 1953/1953/1953 1950/1950/1950 1954/1954/1954 
f 1954/1954/1954 1968/1968/1968 1953/1953/1953 
f 1953/1953/1953 1968/1968/1968 1969/1969/1969 
f 1969/1969/1969 1968/1968/1968 1983/1983/1983 
f 1969/1969/1969 1983/1983/1983 1984/1984/1984 
f 1984/1984/1984 1983/1983/1983 1986/1986/1986 
f 1994/1994/1994 1984/1984/1984 1986/1986/1986 
f 1330/1330/1330 1331/1331/1331 1332/1332/1332 
f 1346/1346/1346 1331/1331/1331 1330/1330/1330 
f 1331/1331/1331 1346/1346/1346 1437/1437/1437 
f 1332/1332/1332 1348/1348/1348 1330/1330/1330 
f 1348/1348/1348 1332/1332/1332 1353/1353/1353 
f 1353/1353/1353 1350/1350/1350 1348/1348/1348 
f 1349/1349/1349 1348/1348/1348 1350/1350/1350 
f 1438/1438/1438 1437/1437/1437 1346/1346/1346 
f 1437/1437/1437 1438/1438/1438 1434/1434/1434 
f 1348/1348/1348 1349/1349/1349 1347/1347/1347 
f 1347/1347/1347 1330/1330/1330 1348/1348/1348 
f 1345/1345/1345 1346/1346/1346 1330/1330/1330 
f 1330/1330/1330 1347/1347/1347 1345/1345/1345 
f 1442/1442/1442 1438/1438/1438 1346/1346/1346 
f 1346/1346/1346 1345/1345/1345 1442/1442/1442 
f 1434/1434/1434 1438/1438/1438 1432/1432/1432 
f 1432/1432/1432 1433/1433/1433 1434/1434/1434 
f 1438/1438/1438 1442/1442/1442 1440/1440/1440 
f 1440/1440/1440 1432/1432/1432 1438/1438/1438 
f 1433/1433/1433 1432/1432/1432 1435/1435/1435 
f 1435/1435/1435 1436/1436/1436 1433/1433/1433 
f 1432/1432/1432 1440/1440/1440 1449/1449/1449 
f 1449/1449/1449 1435/1435/1435 1432/1432/1432 
f 1435/1435/1435 1918/1918/1918 1436/1436/1436 
f 1435/1435/1435 1449/1449/1449 1450/1450/1450 
f 1918/1918/1918 1435/1435/1435 1919/1919/1919 
f 1919/1919/1919 1920/1920/1920 1918/1918/1918 
f 1435/1435/1435 1450/1450/1450 1935/1935/1935 
f 1919/1919/1919 1435/1435/1435 1935/1935/1935 
f 1450/1450/1450 1449/1449/1449 1451/1451/1451 
f 1451/1451/1451 1935/1935/1935 1450/1450/1450 
f 1446/1446/1446 1451/1451/1451 1449/1449/1449 
f 1446/1446/1446 1449/1449/1449 1440/1440/1440 
f 1932/1932/1932 1920/1920/1920 1919/1919/1919 
f 1932/1932/1932 1933/1933/1933 1920/1920/1920 
f 1919/1919/1919 1935/1935/1935 1937/1937/1937 
f 1937/1937/1937 1932/1932/1932 1919/1919/1919 
f 1935/1935/1935 1451/1451/1451 1938/1938/1938 
f 1938/1938/1938 1937/1937/1937 1935/1935/1935 
f 1452/1452/1452 1451/1451/1451 1446/1446/1446 
f 1452/1452/1452 1938/1938/1938 1451/1451/1451 
f 1933/1933/1933 1932/1932/1932 1943/1943/1943 
f 1943/1943/1943 1945/1945/1945 1933/1933/1933 
f 1932/1932/1932 1937/1937/1937 1942/1942/1942 
f 1942/1942/1942 1943/1943/1943 1932/1932/1932 
f 1937/1937/1937 1938/1938/1938 1940/1940/1940 
f 1940/1940/1940 1942/1942/1942 1937/1937/1937 
f 1938/1938/1938 1452/1452/1452 1939/1939/1939 
f 1939/1939/1939 1940/1940/1940 1938/1938/1938 
f 1945/1945/1945 1943/1943/1943 2004/2004/2004 
f 2004/2004/2004 2005/2005/2005 1945/1945/1945 
f 1943/1943/1943 1942/1942/1942 1946/1946/1946 
f 1946/1946/1946 2004/2004/2004 1943/1943/1943 

g R6Builderman11

v -14.9241 2.67664 18.5226 
v -15.1295 2.68475 18.3562 
v -15.0043 2.64464 18.6154 
v -14.8745 2.68158 18.3483 
v -15.0739 2.62331 18.6485 
v -15.1796 2.59094 18.6198 
v -15.2588 2.56665 18.5605 
v -15.3354 2.54318 18.3483 
v -15.335 2.55943 18.2241 
v -15.1559 2.59573 18.1058 
v -15.0739 2.62331 18.0481 
v -14.9814 2.65164 18.0591 
v -14.9278 2.67629 18.1739 
v -15.3069 2.48423 18.5721 
v -15.2588 2.56665 18.5605 
v -15.3354 2.54318 18.3483 
v -15.3308 2.40899 18.5502 
v -15.3968 2.45516 18.3236 
v -15.335 2.55943 18.2241 
v -15.3891 2.46886 18.2009 
v -15.3891 2.46886 18.2009 
v -15.335 2.55943 18.2241 
v -15.1559 2.59573 18.1058 
v -15.2029 2.41172 17.9909 
v -15.3834 2.26235 18.0607 
v -15.3286 2.21257 18.0025 
v -14.8597 1.75519 18.0416 
v -14.8806 1.74633 18.2557 
v -14.9207 1.74592 18.257 
v -14.9127 1.76008 18.0317 
v -14.8984 1.75137 18.5478 
v -14.9436 1.75964 18.5363 
v -14.9497 1.78338 18.2589 
v -14.9607 1.79671 18.0675 
v -14.9773 1.8003 18.5194 
v -14.8791 2.35017 18.6982 
v -14.6947 2.33219 18.6094 
v -14.9241 2.67664 18.5226 
v -15.0043 2.64464 18.6154 
v -14.8256 2.12375 18.6729 
v -15.1055 2.40316 18.6982 
v -15.1184 2.29018 18.6993 
v -14.6492 2.04546 18.5979 
v -14.9478 2.11015 18.5822 
v -14.8552 1.86997 18.6056 
v -15.0874 2.18979 18.5761 
v -15.1742 2.24544 18.5446 
v -15.2504 2.35135 18.6438 
v -15.0739 2.62331 18.6485 
v -15.1796 2.59094 18.6198 
v -15.2279 2.44137 18.6509 
v -14.9493 1.90201 18.5454 
v -14.9436 1.75964 18.5363 
v -14.8984 1.75137 18.5478 
v -14.7197 1.84578 18.5725 
v -14.9773 1.8003 18.5194 
v -15.1145 2.34257 17.9615 
v -15.0739 2.62331 18.0481 
v -14.9814 2.65164 18.0591 
v -14.8315 2.31462 17.9517 
v -15.0948 2.20693 17.9652 
v -15.235 2.1852 17.9736 
v -15.2029 2.41172 17.9909 
v -15.1559 2.59573 18.1058 
v -15.3286 2.21257 18.0025 
v -14.7907 2.14197 17.9575 
v -14.9259 2.11879 18.0163 
v -15.0732 2.17105 18.0483 
v -14.6847 2.33315 18.0427 
v -14.9278 2.67629 18.1739 
v -14.6341 2.09261 18.0305 
v -14.8355 1.88848 17.989 
v -14.9308 1.91652 18.0389 
v -14.7007 1.88204 18.0441 
v -14.8597 1.75519 18.0416 
v -14.9127 1.76008 18.0317 
v -14.9607 1.79671 18.0675 
v -14.6733 2.31971 18.3265 
v -14.6847 2.33315 18.0427 
v -14.9278 2.67629 18.1739 
v -14.8745 2.68158 18.3483 
v -14.6947 2.33219 18.6094 
v -14.6352 2.05693 18.3167 
v -14.6341 2.09261 18.0305 
v -14.6492 2.04546 18.5979 
v -14.9241 2.67664 18.5226 
v -14.7011 1.86076 18.2858 
v -14.7007 1.88204 18.0441 
v -14.7197 1.84578 18.5725 
v -14.8984 1.75137 18.5478 
v -14.8806 1.74633 18.2557 
v -14.8597 1.75519 18.0416 
v -15.2279 2.44137 18.6509 
v -15.1796 2.59094 18.6198 
v -15.2588 2.56665 18.5605 
v -15.3069 2.48423 18.5721 
v -15.3308 2.40899 18.5502 
v -15.2504 2.35135 18.6438 
v -15.2713 2.31276 18.4255 
v -15.3968 2.45516 18.3236 
v -15.1742 2.24544 18.5446 
v -15.3012 2.31111 18.2977 
v -15.3891 2.46886 18.2009 
v -15.3294 2.26979 18.1975 
v -15.3834 2.26235 18.0607 
v -15.3395 2.23384 18.1574 
v -15.3834 2.26235 18.0607 
v -15.2932 2.18973 18.123 
v -15.3286 2.21257 18.0025 
v -15.2026 2.17072 18.0844 
v -15.235 2.1852 17.9736 
v -15.0948 2.20693 17.9652 
v -15.0732 2.17105 18.0483 
v -15.3294 2.26979 18.1975 
v -15.1932 2.22997 18.1549 
v -15.1897 2.22647 18.2597 
v -15.3012 2.31111 18.2977 
v -15.3395 2.23384 18.1574 
v -15.2932 2.18973 18.123 
v -15.0732 2.17105 18.0483 
v -15.0723 2.18358 18.264 
v -15.2026 2.17072 18.0844 
v -15.1742 2.24544 18.5446 
v -15.2713 2.31276 18.4255 
v -14.9211 2.12064 18.2723 
v -14.9478 2.11015 18.5822 
v -15.0874 2.18979 18.5761 
v -14.9259 2.11879 18.0163 
v -14.9151 1.90484 18.2666 
v -14.9493 1.90201 18.5454 
v -14.9308 1.91652 18.0389 
v -14.9497 1.78338 18.2589 
v -14.9773 1.8003 18.5194 
v -14.9607 1.79671 18.0675 

vn 0.692913 0.708661 0.133858 
vn -0.299213 0.952756 -0.00787402 
vn -0.15748 0.96063 0.228346 
vn 0.76378 0.645669 0.00787402 
vn -0.275591 0.929134 0.251969 
vn -0.385827 0.889764 0.244094 
vn -0.598425 0.779528 0.188976 
vn -0.748031 0.645669 0.15748 
vn -0.598425 0.685039 -0.409449 
vn -0.496063 0.724409 -0.480315 
vn -0.330709 0.913386 -0.244094 
vn -0.19685 0.96063 -0.204724 
vn 0.669291 0.732283 -0.11811 
vn -0.866142 0.425197 0.267717 
vn -0.598425 0.779528 0.188976 
vn -0.748031 0.645669 0.15748 
vn -0.88189 0.385827 0.275591 
vn -0.874016 0.456693 0.173228 
vn -0.598425 0.685039 -0.409449 
vn -0.645669 0.511811 -0.574803 
vn -0.645669 0.511811 -0.574803 
vn -0.598425 0.685039 -0.409449 
vn -0.496063 0.724409 -0.480315 
vn -0.574803 0.456693 -0.677165 
vn -0.598425 0.401575 -0.692913 
vn -0.598425 0.401575 -0.692913 
vn 0.19685 -0.692913 -0.692913 
vn -0.0708661 -1 -0.015748 
vn -0.448819 -0.897638 -0.023622 
vn -0.307087 -0.637795 -0.708661 
vn -0.015748 -0.732283 0.677165 
vn -0.464567 -0.748031 0.472441 
vn -0.748031 -0.669291 -0.0393701 
vn -0.724409 -0.440945 -0.527559 
vn -0.787402 -0.433071 0.440945 
vn 0.307087 0.204724 0.929134 
vn 0.456693 0.212598 0.866142 
vn 0.480315 0.464567 0.740157 
vn 0.362205 0.401575 0.84252 
vn 0.102362 -0.173228 0.976378 
vn -0.0472441 0.125984 0.992126 
vn -0.251969 -0.362205 0.897638 
vn 0.322835 -0.133858 0.937008 
vn -0.496063 -0.511811 0.700787 
vn -0.11811 -0.251969 0.96063 
vn -0.440945 -0.732283 0.519685 
vn -0.629921 -0.716535 0.307087 
vn -0.677165 -0.472441 0.559055 
vn 0.023622 0.275591 0.96063 
vn -0.377953 0.299213 0.88189 
vn -0.456693 0.19685 0.866142 
vn -0.566929 -0.125984 0.811024 
vn -0.464567 -0.748031 0.472441 
vn -0.015748 -0.732283 0.677165 
vn 0.220472 -0.267717 0.937008 
vn -0.787402 -0.433071 0.440945 
vn -0.0866142 0.188976 -0.976378 
vn -0.0708661 0.330709 -0.944882 
vn 0.299213 0.448819 -0.84252 
vn 0.275591 0.275591 -0.92126 
vn -0.0708661 -0.362205 -0.929134 
vn -0.23622 -0.488189 -0.84252 
vn -0.299213 0.299213 -0.905512 
vn -0.330709 0.425197 -0.84252 
vn -0.472441 -0.559055 -0.685039 
vn 0.173228 -0.0629921 -0.984252 
vn -0.377953 -0.456693 -0.80315 
vn -0.141732 -0.889764 -0.433071 
vn 0.535433 0.377953 -0.755906 
vn 0.543307 0.543307 -0.645669 
vn 0.417323 -0.0629921 -0.905512 
vn 0.015748 -0.181102 -0.984252 
vn -0.456693 -0.0472441 -0.889764 
vn 0.354331 -0.212598 -0.913386 
vn 0.19685 -0.692913 -0.692913 
vn -0.307087 -0.637795 -0.708661 
vn -0.724409 -0.440945 -0.527559 
vn 0.929134 0.370079 0.015748 
vn 0.92126 0.377953 -0.0629921 
vn 0.669291 0.732283 -0.11811 
vn 0.76378 0.645669 0.00787402 
vn 0.929134 0.362205 0.0944882 
vn 1 -0.0551181 0.023622 
vn 1 -0.015748 -0.015748 
vn 1 -0.0551181 0.0551181 
vn 0.692913 0.708661 0.133858 
vn 0.795276 -0.606299 0 
vn 0.834646 -0.551181 -0.0314961 
vn 0.779528 -0.629921 0.0314961 
vn 0.503937 -0.866142 0.015748 
vn 0.543307 -0.84252 0 
vn 0.582677 -0.811024 -0.023622 
vn -0.456693 0.19685 0.866142 
vn -0.377953 0.299213 0.88189 
vn -0.582677 0.377953 0.716535 
vn -0.645669 0.244094 0.724409 
vn -0.787402 -0.543307 0.291339 
vn -0.677165 -0.472441 0.559055 
vn -0.76378 -0.629921 0.15748 
vn -0.84252 -0.519685 0.141732 
vn -0.629921 -0.716535 0.307087 
vn -0.84252 -0.519685 0.133858 
vn -0.905512 -0.377953 0.19685 
vn -0.905512 -0.322835 0.275591 
vn -0.834646 -0.496063 0.251969 
vn -0.858268 -0.417323 0.291339 
vn -0.834646 -0.496063 0.251969 
vn -0.464567 -0.889764 -0.015748 
vn -0.472441 -0.559055 -0.685039 
vn -0.110236 -0.976378 -0.173228 
vn -0.23622 -0.488189 -0.84252 
vn -0.0708661 -0.362205 -0.929134 
vn -0.141732 -0.889764 -0.433071 
vn -0.283465 -0.874016 0.393701 
vn -0.251969 -0.929134 0.275591 
vn -0.456693 -0.88189 0.0866142 
vn -0.543307 -0.826772 0.141732 
vn -0.00787402 -0.685039 0.732283 
vn 0.0551181 -0.716535 0.692913 
vn -0.338583 -0.937008 0.0708661 
vn -0.409449 -0.913386 0.00787402 
vn 0.149606 -0.76378 0.622047 
vn -0.480315 -0.874016 0.0551181 
vn -0.614173 -0.787402 0.110236 
vn -0.88189 -0.472441 -0.0314961 
vn -0.866142 -0.496063 -0.0866142 
vn -0.440945 -0.897638 -0.00787402 
vn -0.88189 -0.464567 0.0472441 
vn -0.992126 0.0944882 -0.0393701 
vn -0.992126 0.0787402 -0.110236 
vn -0.992126 0.0708661 0.0551181 
vn -0.96063 0.275591 -0.023622 
vn -0.952756 0.283465 -0.11811 
vn -0.96063 0.259843 0.0787402 

vt 0.840384 0.52058 
vt 0.835799 0.51723 
vt 0.838594 0.522447 
vt 0.841492 0.51707 
vt 0.83704 0.523113 
vt 0.834682 0.522535 
vt 0.832913 0.521343 
vt 0.831203 0.51707 
vt 0.831213 0.514572 
vt 0.83521 0.51219 
vt 0.83704 0.511027 
vt 0.839105 0.51125 
vt 0.840302 0.51356 
vt 0.862285 0.538052 
vt 0.864252 0.539331 
vt 0.865419 0.532454 
vt 0.860406 0.536794 
vt 0.863275 0.531226 
vt 0.8669 0.528775 
vt 0.864353 0.528175 
vt 0.867022 0.57839 
vt 0.86902 0.576932 
vt 0.86622 0.570549 
vt 0.860768 0.573011 
vt 0.859434 0.579483 
vt 0.85685 0.578327 
vt 0.831325 0.53828 
vt 0.831357 0.532319 
vt 0.832602 0.532202 
vt 0.833021 0.538426 
vt 0.831325 0.524246 
vt 0.83278 0.524477 
vt 0.834071 0.532077 
vt 0.834862 0.537348 
vt 0.834467 0.524843 
vt 0.856667 0.514695 
vt 0.853742 0.519464 
vt 0.866331 0.519461 
vt 0.866312 0.515483 
vt 0.850231 0.512908 
vt 0.860888 0.509859 
vt 0.85797 0.508464 
vt 0.845595 0.516881 
vt 0.850566 0.508676 
vt 0.843244 0.509963 
vt 0.853907 0.506502 
vt 0.85628 0.504392 
vt 0.861112 0.505553 
vt 0.866689 0.513019 
vt 0.867131 0.509461 
vt 0.863412 0.507016 
vt 0.844776 0.507098 
vt 0.840383 0.506513 
vt 0.839827 0.507723 
vt 0.840937 0.513203 
vt 0.841811 0.505661 
vt 0.857684 0.57154 
vt 0.865153 0.567423 
vt 0.86482 0.564379 
vt 0.853622 0.564951 
vt 0.853672 0.572525 
vt 0.854814 0.576241 
vt 0.860768 0.573011 
vt 0.86622 0.570549 
vt 0.85685 0.578327 
vt 0.848846 0.566118 
vt 0.84918 0.570164 
vt 0.850991 0.573365 
vt 0.852379 0.560441 
vt 0.865345 0.560379 
vt 0.845582 0.562206 
vt 0.842231 0.569095 
vt 0.843689 0.571733 
vt 0.840481 0.565564 
vt 0.838262 0.570632 
vt 0.838915 0.571969 
vt 0.840332 0.573376 
vt 0.845464 0.551612 
vt 0.845269 0.54399 
vt 0.832579 0.546404 
vt 0.833094 0.552065 
vt 0.844798 0.559203 
vt 0.853123 0.551544 
vt 0.852343 0.543852 
vt 0.85325 0.559087 
vt 0.832397 0.557669 
vt 0.859034 0.550903 
vt 0.858699 0.544406 
vt 0.859374 0.558601 
vt 0.865583 0.55813 
vt 0.865497 0.550225 
vt 0.864921 0.544433 
vt 0.860182 0.54062 
vt 0.864244 0.542489 
vt 0.864252 0.539331 
vt 0.862285 0.538052 
vt 0.860406 0.536794 
vt 0.857681 0.539345 
vt 0.857284 0.533339 
vt 0.863275 0.531226 
vt 0.853793 0.536619 
vt 0.858161 0.529726 
vt 0.864353 0.528175 
vt 0.858112 0.526474 
vt 0.860043 0.522728 
vt 0.857743 0.524924 
vt 0.859063 0.522154 
vt 0.855843 0.524044 
vt 0.856452 0.52077 
vt 0.853065 0.523534 
vt 0.853368 0.520473 
vt 0.849031 0.520939 
vt 0.849039 0.523462 
vt 0.858112 0.526474 
vt 0.853445 0.525996 
vt 0.853645 0.528778 
vt 0.858161 0.529726 
vt 0.857743 0.524924 
vt 0.855843 0.524044 
vt 0.849039 0.523462 
vt 0.84983 0.529231 
vt 0.853065 0.523534 
vt 0.853793 0.536619 
vt 0.857284 0.533339 
vt 0.845724 0.529713 
vt 0.846675 0.537932 
vt 0.850721 0.537602 
vt 0.844973 0.52295 
vt 0.839728 0.530167 
vt 0.840619 0.537635 
vt 0.839279 0.524063 
vt 0.835924 0.530369 
vt 0.837316 0.537345 
vt 0.835608 0.525179 

usemtl R6Builderman1Mtl

f 2458/2458/2458 2459/2459/2459 2460/2460/2460 
f 2461/2461/2461 2459/2459/2459 2458/2458/2458 
f 2460/2460/2460 2459/2459/2459 2462/2462/2462 
f 2462/2462/2462 2459/2459/2459 2463/2463/2463 
f 2463/2463/2463 2459/2459/2459 2464/2464/2464 
f 2464/2464/2464 2459/2459/2459 2465/2465/2465 
f 2465/2465/2465 2459/2459/2459 2466/2466/2466 
f 2466/2466/2466 2459/2459/2459 2467/2467/2467 
f 2467/2467/2467 2459/2459/2459 2468/2468/2468 
f 2468/2468/2468 2459/2459/2459 2469/2469/2469 
f 2470/2470/2470 2459/2459/2459 2461/2461/2461 
f 2469/2469/2469 2459/2459/2459 2470/2470/2470 
f 2471/2471/2471 2472/2472/2472 2473/2473/2473 
f 2474/2474/2474 2471/2471/2471 2473/2473/2473 
f 2475/2475/2475 2473/2473/2473 2476/2476/2476 
f 2474/2474/2474 2473/2473/2473 2475/2475/2475 
f 2475/2475/2475 2476/2476/2476 2477/2477/2477 
f 2478/2478/2478 2479/2479/2479 2480/2480/2480 
f 2478/2478/2478 2480/2480/2480 2481/2481/2481 
f 2481/2481/2481 2482/2482/2482 2478/2478/2478 
f 2481/2481/2481 2483/2483/2483 2482/2482/2482 
f 2484/2484/2484 2485/2485/2485 2486/2486/2486 
f 2484/2484/2484 2486/2486/2486 2487/2487/2487 
f 2485/2485/2485 2488/2488/2488 2489/2489/2489 
f 2485/2485/2485 2489/2489/2489 2486/2486/2486 
f 2486/2486/2486 2490/2490/2490 2491/2491/2491 
f 2486/2486/2486 2491/2491/2491 2487/2487/2487 
f 2486/2486/2486 2489/2489/2489 2492/2492/2492 
f 2486/2486/2486 2492/2492/2492 2490/2490/2490 
f 2493/2493/2493 2494/2494/2494 2495/2495/2495 
f 2493/2493/2493 2495/2495/2495 2496/2496/2496 
f 2494/2494/2494 2493/2493/2493 2497/2497/2497 
f 2498/2498/2498 2493/2493/2493 2496/2496/2496 
f 2499/2499/2499 2497/2497/2497 2493/2493/2493 
f 2499/2499/2499 2493/2493/2493 2498/2498/2498 
f 2494/2494/2494 2497/2497/2497 2500/2500/2500 
f 2501/2501/2501 2497/2497/2497 2499/2499/2499 
f 2502/2502/2502 2497/2497/2497 2501/2501/2501 
f 2500/2500/2500 2497/2497/2497 2502/2502/2502 
f 2501/2501/2501 2499/2499/2499 2503/2503/2503 
f 2504/2504/2504 2503/2503/2503 2499/2499/2499 
f 2504/2504/2504 2499/2499/2499 2505/2505/2505 
f 2505/2505/2505 2499/2499/2499 2498/2498/2498 
f 2498/2498/2498 2506/2506/2506 2507/2507/2507 
f 2498/2498/2498 2507/2507/2507 2508/2508/2508 
f 2498/2498/2498 2496/2496/2496 2506/2506/2506 
f 2505/2505/2505 2498/2498/2498 2508/2508/2508 
f 2502/2502/2502 2501/2501/2501 2509/2509/2509 
f 2502/2502/2502 2510/2510/2510 2511/2511/2511 
f 2502/2502/2502 2511/2511/2511 2512/2512/2512 
f 2500/2500/2500 2502/2502/2502 2512/2512/2512 
f 2510/2510/2510 2502/2502/2502 2509/2509/2509 
f 2510/2510/2510 2509/2509/2509 2513/2513/2513 
f 2514/2514/2514 2515/2515/2515 2516/2516/2516 
f 2514/2514/2514 2516/2516/2516 2517/2517/2517 
f 2517/2517/2517 2518/2518/2518 2514/2514/2514 
f 2519/2519/2519 2514/2514/2514 2518/2518/2518 
f 2520/2520/2520 2514/2514/2514 2519/2519/2519 
f 2520/2520/2520 2515/2515/2515 2514/2514/2514 
f 2520/2520/2520 2521/2521/2521 2515/2515/2515 
f 2520/2520/2520 2519/2519/2519 2522/2522/2522 
f 2517/2517/2517 2523/2523/2523 2518/2518/2518 
f 2518/2518/2518 2523/2523/2523 2524/2524/2524 
f 2518/2518/2518 2524/2524/2524 2525/2525/2525 
f 2523/2523/2523 2517/2517/2517 2526/2526/2526 
f 2517/2517/2517 2516/2516/2516 2527/2527/2527 
f 2517/2517/2517 2527/2527/2527 2526/2526/2526 
f 2528/2528/2528 2529/2529/2529 2523/2523/2523 
f 2529/2529/2529 2524/2524/2524 2523/2523/2523 
f 2523/2523/2523 2526/2526/2526 2528/2528/2528 
f 2529/2529/2529 2530/2530/2530 2524/2524/2524 
f 2528/2528/2528 2531/2531/2531 2529/2529/2529 
f 2532/2532/2532 2533/2533/2533 2529/2529/2529 
f 2532/2532/2532 2529/2529/2529 2531/2531/2531 
f 2533/2533/2533 2530/2530/2530 2529/2529/2529 
f 2533/2533/2533 2534/2534/2534 2530/2530/2530 
f 2535/2535/2535 2536/2536/2536 2537/2537/2537 
f 2535/2535/2535 2537/2537/2537 2538/2538/2538 
f 2539/2539/2539 2535/2535/2535 2538/2538/2538 
f 2535/2535/2535 2540/2540/2540 2541/2541/2541 
f 2535/2535/2535 2541/2541/2541 2536/2536/2536 
f 2535/2535/2535 2539/2539/2539 2542/2542/2542 
f 2535/2535/2535 2542/2542/2542 2540/2540/2540 
f 2539/2539/2539 2538/2538/2538 2543/2543/2543 
f 2540/2540/2540 2544/2544/2544 2545/2545/2545 
f 2540/2540/2540 2545/2545/2545 2541/2541/2541 
f 2540/2540/2540 2542/2542/2542 2546/2546/2546 
f 2540/2540/2540 2546/2546/2546 2544/2544/2544 
f 2544/2544/2544 2546/2546/2546 2547/2547/2547 
f 2544/2544/2544 2547/2547/2547 2548/2548/2548 
f 2549/2549/2549 2545/2545/2545 2544/2544/2544 
f 2549/2549/2549 2544/2544/2544 2548/2548/2548 
f 2550/2550/2550 2551/2551/2551 2552/2552/2552 
f 2550/2550/2550 2552/2552/2552 2553/2553/2553 
f 2554/2554/2554 2555/2555/2555 2550/2550/2550 
f 2554/2554/2554 2550/2550/2550 2553/2553/2553 
f 2556/2556/2556 2555/2555/2555 2554/2554/2554 
f 2557/2557/2557 2556/2556/2556 2554/2554/2554 
f 2556/2556/2556 2558/2558/2558 2555/2555/2555 
f 2557/2557/2557 2559/2559/2559 2556/2556/2556 
f 2559/2559/2559 2557/2557/2557 2560/2560/2560 
f 2559/2559/2559 2560/2560/2560 2561/2561/2561 
f 2561/2561/2561 2560/2560/2560 2562/2562/2562 
f 2561/2561/2561 2562/2562/2562 2563/2563/2563 
f 2564/2564/2564 2565/2565/2565 2563/2563/2563 
f 2564/2564/2564 2566/2566/2566 2565/2565/2565 
f 2566/2566/2566 2567/2567/2567 2565/2565/2565 
f 2566/2566/2566 2568/2568/2568 2567/2567/2567 
f 2567/2567/2567 2568/2568/2568 2569/2569/2569 
f 2567/2567/2567 2569/2569/2569 2570/2570/2570 
f 2571/2571/2571 2572/2572/2572 2573/2573/2573 
f 2571/2571/2571 2573/2573/2573 2574/2574/2574 
f 2571/2571/2571 2575/2575/2575 2576/2576/2576 
f 2571/2571/2571 2576/2576/2576 2572/2572/2572 
f 2572/2572/2572 2577/2577/2577 2578/2578/2578 
f 2572/2572/2572 2578/2578/2578 2573/2573/2573 
f 2572/2572/2572 2576/2576/2576 2579/2579/2579 
f 2572/2572/2572 2579/2579/2579 2577/2577/2577 
f 2573/2573/2573 2580/2580/2580 2581/2581/2581 
f 2573/2573/2573 2581/2581/2581 2574/2574/2574 
f 2578/2578/2578 2580/2580/2580 2573/2573/2573 
f 2578/2578/2578 2582/2582/2582 2583/2583/2583 
f 2578/2578/2578 2583/2583/2583 2584/2584/2584 
f 2582/2582/2582 2578/2578/2578 2577/2577/2577 
f 2578/2578/2578 2584/2584/2584 2580/2580/2580 
f 2582/2582/2582 2577/2577/2577 2585/2585/2585 
f 2582/2582/2582 2586/2586/2586 2587/2587/2587 
f 2582/2582/2582 2587/2587/2587 2583/2583/2583 
f 2582/2582/2582 2585/2585/2585 2588/2588/2588 
f 2582/2582/2582 2588/2588/2588 2586/2586/2586 
f 2586/2586/2586 2589/2589/2589 2590/2590/2590 
f 2586/2586/2586 2590/2590/2590 2587/2587/2587 
f 2586/2586/2586 2588/2588/2588 2591/2591/2591 
f 2586/2586/2586 2591/2591/2591 2589/2589/2589 

g R6Builderman12

v -15.1905 2.29135 18.1097 
v -15.4249 2.25893 18.1097 
v -15.3164 2.27394 17.9653 
v -15.1555 2.2962 17.8884 
v -15.1905 2.29135 18.5313 
v -14.8692 2.3358 18.1097 
v -14.935 2.32671 17.8884 
v -15.4249 2.25893 18.5313 
v -15.3164 2.27394 18.6736 
v -15.1555 2.2962 18.7505 
v -14.8692 2.3358 18.5313 
v -14.935 2.32671 18.7505 
v -14.6543 2.36552 18.1097 
v -14.7875 2.3471 17.9653 
v -14.6543 2.36552 18.5313 
v -14.7875 2.3471 18.6736 
v -15.1555 2.2962 18.7505 
v -14.935 2.32671 18.7505 
v -15.0853 2.8904 18.7248 
v -15.2187 2.87399 18.7277 
v -15.3641 2.85241 18.6719 
v -15.3164 2.27394 18.6736 
v -14.7875 2.3471 18.6736 
v -14.9556 2.90976 18.6674 
v -15.097 3.02624 18.7445 
v -14.9929 3.02634 18.6592 
v -15.39 3.0259 18.6633 
v -15.2741 3.026 18.75 
v -15.4453 2.84101 18.2455 
v -15.4681 3.02581 18.5212 
v -15.4681 3.02581 18.2192 
v -15.4249 2.25893 18.5313 
v -15.4453 2.84101 18.5218 
v -15.4249 2.25893 18.1097 
v -15.3641 2.85241 18.6719 
v -15.39 3.0259 18.6633 
v -15.3164 2.27394 18.6736 
v -15.2741 3.026 18.75 
v -15.2754 3.11972 18.6142 
v -15.3672 3.1108 18.5834 
v -15.39 3.0259 18.6633 
v -15.097 3.02624 18.7445 
v -15.1215 3.11972 18.6132 
v -15.2595 3.16836 18.3829 
v -15.1414 3.16835 18.3829 
v -15.4401 3.10019 18.4676 
v -15.3304 3.15943 18.3839 
v -15.4681 3.02581 18.5212 
v -15.4436 3.10018 18.2784 
v -15.4436 3.10018 18.2784 
v -15.3703 3.1488 18.3849 
v -15.4681 3.02581 18.2192 
v -15.2738 3.11972 18.1723 
v -15.3697 3.1108 18.1925 
v -15.1204 3.11972 18.1732 
v -15.2658 3.02604 18.0474 
v -15.39 3.0259 18.1014 
v -15.1015 3.02622 18.0512 
v -15.0204 3.1108 18.1945 
v -14.9929 3.02634 18.1101 
v -14.9303 3.10018 18.2807 
v -15.0637 3.15943 18.3839 
v -14.8778 3.02647 18.2289 
v -14.9367 3.10019 18.4677 
v -14.9367 3.10019 18.4677 
v -15.0206 3.1488 18.3849 
v -14.8778 3.02647 18.5221 
v -15.0241 3.1108 18.5826 
v -14.9929 3.02634 18.6592 
v -15.3164 2.27394 17.9653 
v -15.3641 2.85241 18.12 
v -15.2372 2.87023 18.0641 
v -15.1555 2.2962 17.8884 
v -15.39 3.0259 18.1014 
v -15.1015 3.02622 18.0512 
v -15.0668 2.89415 18.067 
v -15.2658 3.02604 18.0474 
v -14.935 2.32671 17.8884 
v -14.9929 3.02634 18.1101 
v -14.9556 2.90976 18.1244 
v -14.7875 2.3471 17.9653 
v -14.8778 3.02647 18.2289 
v -14.6543 2.36552 18.1097 
v -14.8441 2.92541 18.2457 
v -14.8778 3.02647 18.5221 
v -14.8441 2.92541 18.5216 
v -14.6543 2.36552 18.5313 
v -14.9556 2.90976 18.6674 
v -14.7875 2.3471 18.6736 
v -14.9929 3.02634 18.6592 

vn 0.133858 -0.992126 0 
vn 0.133858 -0.992126 0 
vn 0.133858 -0.992126 0 
vn 0.133858 -0.992126 0 
vn 0.133858 -0.992126 0 
vn 0.133858 -0.992126 0 
vn 0.133858 -0.992126 0 
vn 0.133858 -0.992126 0 
vn 0.133858 -0.992126 0 
vn 0.133858 -0.992126 0 
vn 0.133858 -0.992126 0 
vn 0.133858 -0.992126 0 
vn 0.133858 -0.992126 0 
vn 0.133858 -0.992126 0 
vn 0.133858 -0.992126 0 
vn 0.133858 -0.992126 0 
vn -0.19685 0.015748 0.984252 
vn 0.212598 0.0944882 0.968504 
vn 0.181102 0.0629921 0.984252 
vn -0.181102 -0.00787402 0.984252 
vn -0.661417 -0.0393701 0.748031 
vn -0.653543 -0.0314961 0.755906 
vn 0.606299 0.204724 0.76378 
vn 0.598425 0.204724 0.771654 
vn 0.19685 -0.11811 0.976378 
vn 0.677165 0.19685 0.708661 
vn -0.787402 -0.125984 0.598425 
vn -0.23622 -0.228346 0.944882 
vn -0.984252 -0.0314961 -0.165354 
vn -0.976378 -0.11811 0.173228 
vn -0.968504 -0.149606 -0.204724 
vn -0.984252 -0.0393701 0.188976 
vn -0.984252 -0.0551181 0.188976 
vn -0.976378 0.015748 -0.228346 
vn -0.661417 -0.0393701 0.748031 
vn -0.787402 -0.125984 0.598425 
vn -0.653543 -0.0314961 0.755906 
vn -0.0944882 0.811024 0.582677 
vn -0.0944882 0.913386 0.401575 
vn -0.425197 0.818898 0.377953 
vn -0.496063 0.692913 0.527559 
vn 0.11811 0.811024 0.574803 
vn 0.0944882 0.913386 0.393701 
vn -0.0472441 1 0 
vn 0.0472441 1 0 
vn -0.779528 0.606299 0.141732 
vn -0.204724 0.976378 0 
vn -0.834646 0.488189 0.251969 
vn -0.314961 0.929134 -0.181102 
vn -0.944882 0.330709 0.00787402 
vn -0.385827 0.92126 0.00787402 
vn -0.811024 0.519685 -0.275591 
vn -0.0708661 0.905512 -0.417323 
vn -0.346457 0.84252 -0.417323 
vn 0.0787402 0.905512 -0.417323 
vn -0.0708661 0.787402 -0.614173 
vn -0.385827 0.724409 -0.574803 
vn 0.102362 0.787402 -0.606299 
vn 0.314961 0.858268 -0.409449 
vn 0.377953 0.740157 -0.559055 
vn 0.629921 0.755906 -0.173228 
vn 0.188976 0.984252 0 
vn 0.685039 0.677165 -0.259843 
vn 0.314961 0.929134 0.181102 
vn 0.795276 0.606299 0.00787402 
vn 0.338583 0.944882 0.00787402 
vn 0.700787 0.669291 0.251969 
vn 0.362205 0.850394 0.377953 
vn 0.456693 0.732283 0.503937 
vn -0.637795 0.15748 -0.755906 
vn -0.669291 0.0866142 -0.740157 
vn -0.220472 0.188976 -0.96063 
vn -0.204724 0.259843 -0.944882 
vn -0.653543 -0.181102 -0.740157 
vn 0.165354 -0.0629921 -0.984252 
vn 0.165354 0.267717 -0.944882 
vn -0.19685 -0.141732 -0.968504 
vn 0.15748 0.330709 -0.929134 
vn 0.582677 0.0787402 -0.811024 
vn 0.559055 0.338583 -0.755906 
vn 0.543307 0.377953 -0.755906 
vn 0.905512 0.251969 -0.330709 
vn 0.889764 0.370079 -0.267717 
vn 0.913386 0.346457 -0.220472 
vn 0.905512 0.307087 0.283465 
vn 0.92126 0.307087 0.244094 
vn 0.92126 0.307087 0.228346 
vn 0.598425 0.204724 0.771654 
vn 0.606299 0.204724 0.76378 
vn 0.677165 0.19685 0.708661 

vt 0.777477 0.664598 
vt 0.787759 0.664581 
vt 0.787759 0.678509 
vt 0.775953 0.678509 
vt 0.777455 0.638135 
vt 0.763384 0.664623 
vt 0.76628 0.678509 
vt 0.787759 0.638117 
vt 0.787759 0.624381 
vt 0.775908 0.624381 
vt 0.763363 0.638159 
vt 0.766236 0.624381 
vt 0.753939 0.664639 
vt 0.753939 0.678509 
vt 0.753939 0.638175 
vt 0.753939 0.624381 
vt 0.943849 0.687113 
vt 0.965302 0.687113 
vt 0.961951 0.753553 
vt 0.945999 0.753561 
vt 0.923941 0.753971 
vt 0.923941 0.687113 
vt 0.993181 0.687113 
vt 0.993181 0.75238 
vt 0.962659 0.770635 
vt 0.993181 0.770635 
vt 0.923941 0.770635 
vt 0.94411 0.770635 
vt 0.879743 0.753503 
vt 0.911232 0.770635 
vt 0.878488 0.770635 
vt 0.910177 0.687113 
vt 0.910184 0.754062 
vt 0.86859 0.687113 
vt 0.923923 0.753971 
vt 0.923923 0.770635 
vt 0.923923 0.687113 
vt 0.737479 0.678716 
vt 0.736967 0.669341 
vt 0.741562 0.668567 
vt 0.744128 0.678715 
vt 0.727318 0.678716 
vt 0.729261 0.669315 
vt 0.736803 0.650226 
vt 0.72976 0.650226 
vt 0.745216 0.665655 
vt 0.74103 0.650334 
vt 0.748608 0.678714 
vt 0.745387 0.635145 
vt 0.745387 0.635145 
vt 0.744527 0.650442 
vt 0.748608 0.624176 
vt 0.73689 0.631026 
vt 0.741687 0.63181 
vt 0.729207 0.63106 
vt 0.737001 0.624176 
vt 0.744128 0.624176 
vt 0.727579 0.624176 
vt 0.724205 0.631889 
vt 0.721348 0.624176 
vt 0.719692 0.635232 
vt 0.725125 0.650334 
vt 0.714749 0.624176 
vt 0.720013 0.665659 
vt 0.720013 0.665659 
vt 0.721443 0.650443 
vt 0.714749 0.678714 
vt 0.724386 0.668548 
vt 0.721348 0.678715 
vt 0.854138 0.687113 
vt 0.854138 0.754624 
vt 0.83117 0.753553 
vt 0.834127 0.687113 
vt 0.854138 0.770635 
vt 0.80613 0.770635 
vt 0.804982 0.752211 
vt 0.830554 0.770635 
vt 0.803493 0.687113 
vt 0.784228 0.770635 
vt 0.784228 0.7515 
vt 0.784228 0.687113 
vt 0.756362 0.770634 
vt 0.76567 0.687113 
vt 0.754935 0.749763 
vt 0.724184 0.770634 
vt 0.725338 0.751019 
vt 0.724296 0.687113 
vt 0.714295 0.75238 
vt 0.714295 0.687113 
vt 0.714295 0.770635 

usemtl R6Builderman1Mtl

f 2592/2592/2592 2593/2593/2593 2594/2594/2594 
f 2592/2592/2592 2594/2594/2594 2595/2595/2595 
f 2596/2596/2596 2593/2593/2593 2592/2592/2592 
f 2596/2596/2596 2592/2592/2592 2597/2597/2597 
f 2592/2592/2592 2595/2595/2595 2598/2598/2598 
f 2592/2592/2592 2598/2598/2598 2597/2597/2597 
f 2596/2596/2596 2599/2599/2599 2593/2593/2593 
f 2600/2600/2600 2599/2599/2599 2596/2596/2596 
f 2600/2600/2600 2596/2596/2596 2601/2601/2601 
f 2596/2596/2596 2602/2602/2602 2603/2603/2603 
f 2596/2596/2596 2603/2603/2603 2601/2601/2601 
f 2596/2596/2596 2597/2597/2597 2602/2602/2602 
f 2602/2602/2602 2597/2597/2597 2604/2604/2604 
f 2597/2597/2597 2598/2598/2598 2605/2605/2605 
f 2597/2597/2597 2605/2605/2605 2604/2604/2604 
f 2602/2602/2602 2606/2606/2606 2607/2607/2607 
f 2602/2602/2602 2607/2607/2607 2603/2603/2603 
f 2602/2602/2602 2604/2604/2604 2606/2606/2606 
f 2608/2608/2608 2609/2609/2609 2610/2610/2610 
f 2608/2608/2608 2610/2610/2610 2611/2611/2611 
f 2612/2612/2612 2613/2613/2613 2608/2608/2608 
f 2612/2612/2612 2608/2608/2608 2611/2611/2611 
f 2609/2609/2609 2614/2614/2614 2615/2615/2615 
f 2609/2609/2609 2615/2615/2615 2610/2610/2610 
f 2611/2611/2611 2610/2610/2610 2616/2616/2616 
f 2617/2617/2617 2616/2616/2616 2610/2610/2610 
f 2615/2615/2615 2617/2617/2617 2610/2610/2610 
f 2618/2618/2618 2611/2611/2611 2619/2619/2619 
f 2611/2611/2611 2616/2616/2616 2619/2619/2619 
f 2618/2618/2618 2612/2612/2612 2611/2611/2611 
f 2620/2620/2620 2621/2621/2621 2622/2622/2622 
f 2623/2623/2623 2624/2624/2624 2620/2620/2620 
f 2623/2623/2623 2620/2620/2620 2625/2625/2625 
f 2620/2620/2620 2624/2624/2624 2621/2621/2621 
f 2626/2626/2626 2627/2627/2627 2621/2621/2621 
f 2626/2626/2626 2621/2621/2621 2624/2624/2624 
f 2628/2628/2628 2626/2626/2626 2624/2624/2624 
f 2628/2628/2628 2624/2624/2624 2623/2623/2623 
f 2629/2629/2629 2630/2630/2630 2631/2631/2631 
f 2629/2629/2629 2631/2631/2631 2632/2632/2632 
f 2633/2633/2633 2630/2630/2630 2629/2629/2629 
f 2633/2633/2633 2634/2634/2634 2630/2630/2630 
f 2631/2631/2631 2630/2630/2630 2635/2635/2635 
f 2630/2630/2630 2634/2634/2634 2636/2636/2636 
f 2630/2630/2630 2636/2636/2636 2635/2635/2635 
f 2632/2632/2632 2631/2631/2631 2637/2637/2637 
f 2631/2631/2631 2635/2635/2635 2638/2638/2638 
f 2637/2637/2637 2631/2631/2631 2638/2638/2638 
f 2632/2632/2632 2637/2637/2637 2639/2639/2639 
f 2640/2640/2640 2641/2641/2641 2637/2637/2637 
f 2640/2640/2640 2637/2637/2637 2642/2642/2642 
f 2637/2637/2637 2638/2638/2638 2642/2642/2642 
f 2637/2637/2637 2641/2641/2641 2643/2643/2643 
f 2637/2637/2637 2643/2643/2643 2639/2639/2639 
f 2644/2644/2644 2645/2645/2645 2638/2638/2638 
f 2644/2644/2644 2638/2638/2638 2635/2635/2635 
f 2645/2645/2645 2642/2642/2642 2638/2638/2638 
f 2646/2646/2646 2644/2644/2644 2635/2635/2635 
f 2646/2646/2646 2635/2635/2635 2636/2636/2636 
f 2647/2647/2647 2644/2644/2644 2646/2646/2646 
f 2648/2648/2648 2645/2645/2645 2644/2644/2644 
f 2648/2648/2648 2644/2644/2644 2647/2647/2647 
f 2643/2643/2643 2640/2640/2640 2645/2645/2645 
f 2643/2643/2643 2645/2645/2645 2648/2648/2648 
f 2645/2645/2645 2640/2640/2640 2642/2642/2642 
f 2643/2643/2643 2641/2641/2641 2640/2640/2640 
f 2647/2647/2647 2646/2646/2646 2649/2649/2649 
f 2649/2649/2649 2646/2646/2646 2650/2650/2650 
f 2650/2650/2650 2646/2646/2646 2636/2636/2636 
f 2649/2649/2649 2650/2650/2650 2651/2651/2651 
f 2651/2651/2651 2650/2650/2650 2652/2652/2652 
f 2650/2650/2650 2636/2636/2636 2653/2653/2653 
f 2652/2652/2652 2650/2650/2650 2653/2653/2653 
f 2651/2651/2651 2652/2652/2652 2654/2654/2654 
f 2655/2655/2655 2656/2656/2656 2652/2652/2652 
f 2655/2655/2655 2652/2652/2652 2657/2657/2657 
f 2652/2652/2652 2653/2653/2653 2657/2657/2657 
f 2652/2652/2652 2656/2656/2656 2658/2658/2658 
f 2652/2652/2652 2658/2658/2658 2654/2654/2654 
f 2659/2659/2659 2657/2657/2657 2653/2653/2653 
f 2634/2634/2634 2659/2659/2659 2653/2653/2653 
f 2634/2634/2634 2653/2653/2653 2636/2636/2636 
f 2659/2659/2659 2655/2655/2655 2657/2657/2657 
f 2658/2658/2658 2656/2656/2656 2655/2655/2655 
f 2658/2658/2658 2655/2655/2655 2659/2659/2659 
f 2658/2658/2658 2659/2659/2659 2660/2660/2660 
f 2660/2660/2660 2659/2659/2659 2634/2634/2634 
f 2660/2660/2660 2634/2634/2634 2633/2633/2633 
f 2661/2661/2661 2662/2662/2662 2663/2663/2663 
f 2661/2661/2661 2663/2663/2663 2664/2664/2664 
f 2625/2625/2625 2662/2662/2662 2661/2661/2661 
f 2625/2625/2625 2620/2620/2620 2662/2662/2662 
f 2663/2663/2663 2662/2662/2662 2665/2665/2665 
f 2662/2662/2662 2620/2620/2620 2622/2622/2622 
f 2662/2662/2662 2622/2622/2622 2665/2665/2665 
f 2666/2666/2666 2667/2667/2667 2663/2663/2663 
f 2666/2666/2666 2663/2663/2663 2668/2668/2668 
f 2663/2663/2663 2665/2665/2665 2668/2668/2668 
f 2667/2667/2667 2664/2664/2664 2663/2663/2663 
f 2667/2667/2667 2669/2669/2669 2664/2664/2664 
f 2670/2670/2670 2671/2671/2671 2667/2667/2667 
f 2670/2670/2670 2667/2667/2667 2666/2666/2666 
f 2667/2667/2667 2671/2671/2671 2672/2672/2672 
f 2667/2667/2667 2672/2672/2672 2669/2669/2669 
f 2671/2671/2671 2670/2670/2670 2673/2673/2673 
f 2674/2674/2674 2672/2672/2672 2671/2671/2671 
f 2674/2674/2674 2671/2671/2671 2675/2675/2675 
f 2671/2671/2671 2673/2673/2673 2675/2675/2675 
f 2673/2673/2673 2676/2676/2676 2677/2677/2677 
f 2673/2673/2673 2677/2677/2677 2675/2675/2675 
f 2675/2675/2675 2677/2677/2677 2678/2678/2678 
f 2675/2675/2675 2678/2678/2678 2674/2674/2674 
f 2676/2676/2676 2679/2679/2679 2677/2677/2677 
f 2677/2677/2677 2679/2679/2679 2680/2680/2680 
f 2677/2677/2677 2680/2680/2680 2678/2678/2678 
f 2676/2676/2676 2681/2681/2681 2679/2679/2679 

g R6Builderman13

v -15.5013 3.88608 18.0059 
v -15.5013 3.97628 18.1525 
v -15.3217 3.93542 18.1525 
v -15.3564 3.84997 17.9568 
v -15.5013 3.97628 18.4879 
v -15.3217 3.93542 18.4879 
v -15.1751 3.76709 17.9568 
v -15.0872 3.83767 18.1525 
v -15.0872 3.83767 18.4879 
v -15.5013 3.88608 18.6326 
v -15.3564 3.84997 18.6816 
v -15.1751 3.76709 18.6816 
v -14.9573 3.68244 18.4879 
v -15.0665 3.68729 18.6326 
v -15.0665 3.68729 18.0059 
v -14.9573 3.68244 18.1525 
v -15.39 3.01716 18.6631 
v -15.3577 2.96162 18.6055 
v -15.2543 2.95409 18.6532 
v -15.2741 3.01726 18.7498 
v -15.4681 3.01707 18.521 
v -15.4262 2.97504 18.511 
v -15.2992 2.91519 18.384 
v -15.3457 2.92863 18.3839 
v -15.1017 2.95409 18.6502 
v -15.2278 2.90763 18.3843 
v -15.097 3.01748 18.7443 
v -15.0095 2.9616 18.6033 
v -15.1264 2.90763 18.3843 
v -15.2514 2.95406 18.1365 
v -15.3604 2.96159 18.1685 
v -15.4299 2.97503 18.2511 
v -15.4681 3.01707 18.219 
v -15.39 3.01716 18.1012 
v -15.2658 3.01729 18.0472 
v -15.1015 3.01746 18.051 
v -15.1028 2.95407 18.1388 
v -15.0631 2.91515 18.3841 
v -14.9929 3.01758 18.1099 
v -15.007 2.96158 18.1737 
v -14.9947 2.92864 18.3839 
v -14.9086 2.97505 18.5114 
v -14.8778 3.01771 18.2287 
v -14.9046 2.97503 18.2569 
v -14.8778 3.01771 18.5219 
v -14.9929 3.01758 18.659 
v -15.39 3.01716 18.6631 
v -15.2741 3.01726 18.7498 
v -15.3547 3.36791 18.6816 
v -15.5013 3.41695 18.6326 
v -15.097 3.01748 18.7443 
v -15.1735 3.30071 18.6816 
v -15.3631 3.65061 18.7016 
v -15.1819 3.5761 18.7016 
v -15.5013 3.71288 18.6499 
v -15.3564 3.84997 18.6816 
v -15.1751 3.76709 18.6816 
v -15.0344 3.49546 18.6499 
v -15.0665 3.68729 18.6326 
v -15.0522 3.25577 18.6326 
v -14.9929 3.01758 18.659 
v -15.5013 3.88608 18.6326 
v -14.8778 3.01771 18.2287 
v -14.9244 3.25577 18.4879 
v -14.8778 3.01771 18.5219 
v -15.0522 3.25577 18.6326 
v -14.9153 3.49321 18.4972 
v -14.9929 3.01758 18.659 
v -15.0344 3.49546 18.6499 
v -14.9573 3.68244 18.4879 
v -15.0665 3.68729 18.6326 
v -15.5013 3.41695 18.0059 
v -15.5013 3.35081 18.1525 
v -15.5013 3.70036 18.1433 
v -15.5013 3.71288 17.9773 
v -15.542 3.27473 18.1525 
v -15.5013 3.35324 18.4879 
v -15.5013 3.70166 18.4972 
v -15.5013 3.97628 18.1525 
v -15.5013 3.88608 18.0059 
v -15.5013 3.97628 18.4879 
v -15.5013 3.41695 18.6326 
v -15.542 3.27473 18.4879 
v -15.5013 3.71288 18.6499 
v -15.5013 3.88608 18.6326 
v -15.0522 3.25577 18.0305 
v -15.0344 3.49546 18.0025 
v -14.9153 3.49321 18.1433 
v -14.9244 3.25577 18.1525 
v -14.9929 3.01758 18.1099 
v -15.0665 3.68729 18.0059 
v -14.9573 3.68244 18.1525 
v -15.1015 3.01746 18.051 
v -15.0522 3.25577 18.0305 
v -15.2658 3.01729 18.0472 
v -15.1735 3.30071 17.9568 
v -15.0344 3.49546 18.0025 
v -15.3547 3.36791 17.9568 
v -15.1819 3.5761 17.9369 
v -15.39 3.01716 18.1012 
v -15.5013 3.41695 18.0059 
v -15.3631 3.65061 17.9369 
v -15.1751 3.76709 17.9568 
v -15.5013 3.71288 17.9773 
v -15.3564 3.84997 17.9568 
v -15.5013 3.88608 18.0059 
v -15.4681 3.01707 18.219 
v -15.542 3.27473 18.1525 
v -15.5013 3.41695 18.0059 
v -15.4681 3.01707 18.521 
v -15.542 3.27473 18.4879 
v -15.39 3.01716 18.6631 
v -15.5013 3.41695 18.6326 

vn -0.00787402 0.685039 -0.724409 
vn 0.19685 0.968504 -0.15748 
vn 0.307087 0.937008 -0.165354 
vn 0.125984 0.614173 -0.779528 
vn 0.19685 0.968504 0.15748 
vn 0.307087 0.937008 0.165354 
vn 0.362205 0.519685 -0.771654 
vn 0.559055 0.811024 -0.15748 
vn 0.559055 0.811024 0.15748 
vn -0.0314961 0.677165 0.740157 
vn 0.110236 0.606299 0.787402 
vn 0.354331 0.519685 0.771654 
vn 0.889764 0.425197 0.188976 
vn 0.653543 0.330709 0.685039 
vn 0.653543 0.314961 -0.685039 
vn 0.889764 0.425197 -0.188976 
vn -0.440945 -0.779528 0.448819 
vn -0.307087 -0.913386 0.275591 
vn -0.0787402 -0.944882 0.330709 
vn -0.11811 -0.834646 0.543307 
vn -0.637795 -0.76378 0.0944882 
vn -0.566929 -0.818898 0.0944882 
vn -0.181102 -0.984252 0 
vn -0.472441 -0.88189 0 
vn 0.0944882 -0.937008 0.330709 
vn -0.0472441 -1 0 
vn 0.125984 -0.818898 0.559055 
vn 0.307087 -0.897638 0.314961 
vn 0.0472441 -1 0 
vn -0.0629921 -0.937008 -0.338583 
vn -0.267717 -0.913386 -0.307087 
vn -0.559055 -0.826772 -0.0708661 
vn -0.614173 -0.779528 -0.11811 
vn -0.346457 -0.80315 -0.488189 
vn -0.0866142 -0.818898 -0.574803 
vn 0.102362 -0.80315 -0.582677 
vn 0.0787402 -0.937008 -0.346457 
vn 0.181102 -0.984252 0 
vn 0.377953 -0.740157 -0.551181 
vn 0.275591 -0.905512 -0.330709 
vn 0.409449 -0.913386 0 
vn 0.559055 -0.811024 0.141732 
vn 0.637795 -0.740157 -0.188976 
vn 0.559055 -0.818898 -0.11811 
vn 0.669291 -0.724409 0.149606 
vn 0.464567 -0.708661 0.535433 
vn -0.677165 -0.0944882 0.732283 
vn -0.15748 0.133858 0.976378 
vn -0.228346 0 0.976378 
vn -0.559055 -0.0866142 0.826772 
vn 0.267717 0.251969 0.929134 
vn 0.173228 0.0944882 0.984252 
vn -0.165354 0 0.984252 
vn 0.149606 0 0.992126 
vn -0.330709 0.023622 0.944882 
vn 0.110236 0.606299 0.787402 
vn 0.354331 0.519685 0.771654 
vn 0.614173 0.015748 0.787402 
vn 0.653543 0.330709 0.685039 
vn 0.637795 0.110236 0.76378 
vn 0.661417 0.259843 0.708661 
vn -0.0314961 0.677165 0.740157 
vn 0.968504 0.133858 -0.19685 
vn 0.968504 0.0866142 0.244094 
vn 0.937008 0.228346 0.267717 
vn 0.637795 0.110236 0.76378 
vn 0.968504 0.0629921 0.23622 
vn 0.661417 0.259843 0.708661 
vn 0.614173 0.015748 0.787402 
vn 0.889764 0.425197 0.188976 
vn 0.653543 0.330709 0.685039 
vn -1 0.00787402 0.00787402 
vn -0.992126 0.0944882 0.00787402 
vn -1 0 0 
vn -1 0 0 
vn -0.88189 0.464567 0.015748 
vn -0.992126 0.0866142 -0.00787402 
vn -1 0 0 
vn -1 0 0 
vn -1 0 0 
vn -1 0 0 
vn -1 0.015748 -0.00787402 
vn -0.88189 0.464567 -0.023622 
vn -1 0 0 
vn -1 0 0 
vn 0.590551 -0.11811 -0.80315 
vn 0.622047 -0.00787402 -0.779528 
vn 0.968504 0.0629921 -0.244094 
vn 0.952756 0 -0.291339 
vn 0.629921 -0.110236 -0.771654 
vn 0.653543 0.314961 -0.685039 
vn 0.889764 0.425197 -0.188976 
vn 0.19685 -0.244094 -0.952756 
vn 0.590551 -0.11811 -0.80315 
vn -0.204724 -0.307087 -0.929134 
vn 0.141732 -0.181102 -0.968504 
vn 0.622047 -0.00787402 -0.779528 
vn -0.212598 -0.204724 -0.952756 
vn 0.173228 -0.00787402 -0.984252 
vn -0.582677 -0.338583 -0.740157 
vn -0.448819 -0.220472 -0.866142 
vn -0.149606 0 -0.992126 
vn 0.362205 0.519685 -0.771654 
vn -0.291339 0.023622 -0.952756 
vn 0.125984 0.614173 -0.779528 
vn -0.00787402 0.685039 -0.724409 
vn -0.937008 -0.307087 -0.181102 
vn -0.897638 -0.322835 -0.283465 
vn -0.448819 -0.220472 -0.866142 
vn -0.944882 -0.251969 0.212598 
vn -0.944882 -0.244094 0.212598 
vn -0.677165 -0.0944882 0.732283 
vn -0.559055 -0.0866142 0.826772 

vt 0.783344 0.995958 
vt 0.764107 0.995958 
vt 0.763834 0.967073 
vt 0.783344 0.965408 
vt 0.733096 0.995958 
vt 0.733562 0.966859 
vt 0.783344 0.921906 
vt 0.763903 0.913678 
vt 0.734753 0.914403 
vt 0.71459 0.995958 
vt 0.71459 0.964544 
vt 0.71459 0.920748 
vt 0.734084 0.884417 
vt 0.71459 0.884417 
vt 0.783344 0.884417 
vt 0.764665 0.884417 
vt 0.818328 0.891465 
vt 0.816074 0.901693 
vt 0.810598 0.89768 
vt 0.81168 0.891465 
vt 0.822806 0.891466 
vt 0.819703 0.909656 
vt 0.815583 0.920342 
vt 0.819005 0.920357 
vt 0.802508 0.897934 
vt 0.810321 0.920323 
vt 0.801522 0.891465 
vt 0.797624 0.90188 
vt 0.802842 0.920324 
vt 0.810443 0.941185 
vt 0.816217 0.938492 
vt 0.819899 0.931533 
vt 0.822806 0.946322 
vt 0.818328 0.946323 
vt 0.811202 0.946323 
vt 0.801783 0.946323 
vt 0.802568 0.940995 
vt 0.798183 0.920339 
vt 0.795554 0.946323 
vt 0.797492 0.938054 
vt 0.793142 0.92035 
vt 0.792278 0.909615 
vt 0.788956 0.946322 
vt 0.792067 0.931046 
vt 0.788956 0.891466 
vt 0.795554 0.891465 
vt 0.923941 0.770635 
vt 0.94411 0.770635 
vt 0.94248 0.808259 
vt 0.923941 0.812253 
vt 0.962659 0.770635 
vt 0.961619 0.803192 
vt 0.947564 0.85405 
vt 0.965637 0.851222 
vt 0.923941 0.856398 
vt 0.952052 0.883099 
vt 0.970202 0.883097 
vt 0.993181 0.848486 
vt 0.993181 0.883096 
vt 0.993181 0.799362 
vt 0.993181 0.770635 
vt 0.923941 0.883099 
vt 0.756362 0.770634 
vt 0.727443 0.79759 
vt 0.724184 0.770634 
vt 0.714295 0.798977 
vt 0.728784 0.847738 
vt 0.714295 0.770635 
vt 0.714295 0.848448 
vt 0.729916 0.883096 
vt 0.714295 0.883096 
vt 0.854138 0.812371 
vt 0.870392 0.809154 
vt 0.86885 0.856685 
vt 0.854138 0.856739 
vt 0.870515 0.804373 
vt 0.90686 0.809268 
vt 0.908117 0.856617 
vt 0.87004 0.883101 
vt 0.854138 0.8831 
vt 0.907348 0.883101 
vt 0.923923 0.812424 
vt 0.906755 0.804092 
vt 0.923923 0.856602 
vt 0.923923 0.883099 
vt 0.784228 0.798492 
vt 0.784228 0.848223 
vt 0.765772 0.847735 
vt 0.765169 0.797822 
vt 0.784228 0.770635 
vt 0.784228 0.883096 
vt 0.76592 0.883096 
vt 0.80613 0.770635 
vt 0.784228 0.799503 
vt 0.830554 0.770635 
vt 0.809576 0.80319 
vt 0.784228 0.848578 
vt 0.834507 0.808402 
vt 0.802956 0.851578 
vt 0.854138 0.770635 
vt 0.854138 0.812453 
vt 0.827997 0.854306 
vt 0.796251 0.883098 
vt 0.854138 0.856605 
vt 0.821731 0.883099 
vt 0.854138 0.8831 
vt 0.878488 0.770635 
vt 0.870515 0.804373 
vt 0.854138 0.812371 
vt 0.911232 0.770635 
vt 0.906755 0.804092 
vt 0.923923 0.770635 
vt 0.923923 0.812424 

usemtl R6Builderman1Mtl

f 2682/2682/2682 2683/2683/2683 2684/2684/2684 
f 2682/2682/2682 2684/2684/2684 2685/2685/2685 
f 2684/2684/2684 2683/2683/2683 2686/2686/2686 
f 2684/2684/2684 2686/2686/2686 2687/2687/2687 
f 2688/2688/2688 2685/2685/2685 2684/2684/2684 
f 2688/2688/2688 2684/2684/2684 2689/2689/2689 
f 2684/2684/2684 2687/2687/2687 2690/2690/2690 
f 2684/2684/2684 2690/2690/2690 2689/2689/2689 
f 2687/2687/2687 2686/2686/2686 2691/2691/2691 
f 2687/2687/2687 2691/2691/2691 2692/2692/2692 
f 2687/2687/2687 2692/2692/2692 2693/2693/2693 
f 2687/2687/2687 2693/2693/2693 2690/2690/2690 
f 2689/2689/2689 2690/2690/2690 2694/2694/2694 
f 2690/2690/2690 2693/2693/2693 2695/2695/2695 
f 2690/2690/2690 2695/2695/2695 2694/2694/2694 
f 2696/2696/2696 2688/2688/2688 2689/2689/2689 
f 2696/2696/2696 2689/2689/2689 2697/2697/2697 
f 2689/2689/2689 2694/2694/2694 2697/2697/2697 
f 2698/2698/2698 2699/2699/2699 2700/2700/2700 
f 2698/2698/2698 2700/2700/2700 2701/2701/2701 
f 2702/2702/2702 2699/2699/2699 2698/2698/2698 
f 2702/2702/2702 2703/2703/2703 2699/2699/2699 
f 2700/2700/2700 2699/2699/2699 2704/2704/2704 
f 2699/2699/2699 2703/2703/2703 2705/2705/2705 
f 2699/2699/2699 2705/2705/2705 2704/2704/2704 
f 2701/2701/2701 2700/2700/2700 2706/2706/2706 
f 2700/2700/2700 2704/2704/2704 2707/2707/2707 
f 2706/2706/2706 2700/2700/2700 2707/2707/2707 
f 2701/2701/2701 2706/2706/2706 2708/2708/2708 
f 2708/2708/2708 2706/2706/2706 2709/2709/2709 
f 2706/2706/2706 2707/2707/2707 2710/2710/2710 
f 2709/2709/2709 2706/2706/2706 2710/2710/2710 
f 2711/2711/2711 2710/2710/2710 2707/2707/2707 
f 2712/2712/2712 2711/2711/2711 2707/2707/2707 
f 2712/2712/2712 2707/2707/2707 2704/2704/2704 
f 2713/2713/2713 2712/2712/2712 2704/2704/2704 
f 2713/2713/2713 2704/2704/2704 2705/2705/2705 
f 2714/2714/2714 2713/2713/2713 2705/2705/2705 
f 2714/2714/2714 2705/2705/2705 2703/2703/2703 
f 2714/2714/2714 2703/2703/2703 2702/2702/2702 
f 2715/2715/2715 2713/2713/2713 2714/2714/2714 
f 2715/2715/2715 2712/2712/2712 2713/2713/2713 
f 2716/2716/2716 2711/2711/2711 2712/2712/2712 
f 2716/2716/2716 2712/2712/2712 2715/2715/2715 
f 2717/2717/2717 2718/2718/2718 2711/2711/2711 
f 2717/2717/2717 2711/2711/2711 2716/2716/2716 
f 2711/2711/2711 2718/2718/2718 2710/2710/2710 
f 2718/2718/2718 2719/2719/2719 2710/2710/2710 
f 2709/2709/2709 2710/2710/2710 2719/2719/2719 
f 2720/2720/2720 2721/2721/2721 2718/2718/2718 
f 2720/2720/2720 2718/2718/2718 2717/2717/2717 
f 2718/2718/2718 2721/2721/2721 2719/2719/2719 
f 2721/2721/2721 2722/2722/2722 2719/2719/2719 
f 2723/2723/2723 2709/2709/2709 2719/2719/2719 
f 2723/2723/2723 2719/2719/2719 2722/2722/2722 
f 2724/2724/2724 2725/2725/2725 2721/2721/2721 
f 2724/2724/2724 2721/2721/2721 2720/2720/2720 
f 2721/2721/2721 2725/2725/2725 2722/2722/2722 
f 2726/2726/2726 2723/2723/2723 2722/2722/2722 
f 2726/2726/2726 2722/2722/2722 2725/2725/2725 
f 2727/2727/2727 2709/2709/2709 2723/2723/2723 
f 2727/2727/2727 2723/2723/2723 2726/2726/2726 
f 2726/2726/2726 2725/2725/2725 2724/2724/2724 
f 2708/2708/2708 2709/2709/2709 2727/2727/2727 
f 2728/2728/2728 2729/2729/2729 2730/2730/2730 
f 2728/2728/2728 2730/2730/2730 2731/2731/2731 
f 2729/2729/2729 2732/2732/2732 2733/2733/2733 
f 2729/2729/2729 2733/2733/2733 2730/2730/2730 
f 2734/2734/2734 2731/2731/2731 2730/2730/2730 
f 2730/2730/2730 2733/2733/2733 2735/2735/2735 
f 2730/2730/2730 2735/2735/2735 2734/2734/2734 
f 2734/2734/2734 2736/2736/2736 2731/2731/2731 
f 2737/2737/2737 2736/2736/2736 2734/2734/2734 
f 2734/2734/2734 2735/2735/2735 2738/2738/2738 
f 2734/2734/2734 2738/2738/2738 2737/2737/2737 
f 2733/2733/2733 2739/2739/2739 2735/2735/2735 
f 2735/2735/2735 2739/2739/2739 2740/2740/2740 
f 2735/2735/2735 2740/2740/2740 2738/2738/2738 
f 2733/2733/2733 2741/2741/2741 2739/2739/2739 
f 2732/2732/2732 2741/2741/2741 2733/2733/2733 
f 2732/2732/2732 2742/2742/2742 2741/2741/2741 
f 2737/2737/2737 2743/2743/2743 2736/2736/2736 
f 2744/2744/2744 2745/2745/2745 2746/2746/2746 
f 2746/2746/2746 2745/2745/2745 2747/2747/2747 
f 2748/2748/2748 2747/2747/2747 2745/2745/2745 
f 2746/2746/2746 2747/2747/2747 2749/2749/2749 
f 2748/2748/2748 2750/2750/2750 2747/2747/2747 
f 2751/2751/2751 2750/2750/2750 2748/2748/2748 
f 2751/2751/2751 2752/2752/2752 2750/2750/2750 
f 2753/2753/2753 2754/2754/2754 2755/2755/2755 
f 2753/2753/2753 2755/2755/2755 2756/2756/2756 
f 2757/2757/2757 2754/2754/2754 2753/2753/2753 
f 2758/2758/2758 2755/2755/2755 2754/2754/2754 
f 2757/2757/2757 2758/2758/2758 2754/2754/2754 
f 2758/2758/2758 2759/2759/2759 2755/2755/2755 
f 2755/2755/2755 2760/2760/2760 2761/2761/2761 
f 2755/2755/2755 2761/2761/2761 2756/2756/2756 
f 2755/2755/2755 2759/2759/2759 2762/2762/2762 
f 2755/2755/2755 2762/2762/2762 2760/2760/2760 
f 2763/2763/2763 2759/2759/2759 2758/2758/2758 
f 2763/2763/2763 2758/2758/2758 2764/2764/2764 
f 2757/2757/2757 2764/2764/2764 2758/2758/2758 
f 2763/2763/2763 2765/2765/2765 2759/2759/2759 
f 2759/2759/2759 2765/2765/2765 2766/2766/2766 
f 2759/2759/2759 2766/2766/2766 2762/2762/2762 
f 2767/2767/2767 2768/2768/2768 2769/2769/2769 
f 2767/2767/2767 2769/2769/2769 2770/2770/2770 
f 2771/2771/2771 2767/2767/2767 2770/2770/2770 
f 2768/2768/2768 2772/2772/2772 2773/2773/2773 
f 2768/2768/2768 2773/2773/2773 2769/2769/2769 
f 2770/2770/2770 2769/2769/2769 2748/2748/2748 
f 2769/2769/2769 2773/2773/2773 2751/2751/2751 
f 2769/2769/2769 2751/2751/2751 2748/2748/2748 
f 2744/2744/2744 2770/2770/2770 2745/2745/2745 
f 2770/2770/2770 2748/2748/2748 2745/2745/2745 
f 2771/2771/2771 2770/2770/2770 2744/2744/2744 
f 2774/2774/2774 2775/2775/2775 2771/2771/2771 
f 2776/2776/2776 2777/2777/2777 2774/2774/2774 
f 2774/2774/2774 2777/2777/2777 2775/2775/2775 
f 2777/2777/2777 2778/2778/2778 2775/2775/2775 
f 2776/2776/2776 2779/2779/2779 2777/2777/2777 
f 2779/2779/2779 2780/2780/2780 2777/2777/2777 
f 2777/2777/2777 2780/2780/2780 2778/2778/2778 
f 2781/2781/2781 2779/2779/2779 2776/2776/2776 
f 2782/2782/2782 2783/2783/2783 2779/2779/2779 
f 2779/2779/2779 2783/2783/2783 2780/2780/2780 
f 2781/2781/2781 2782/2782/2782 2779/2779/2779 
f 2780/2780/2780 2784/2784/2784 2772/2772/2772 
f 2780/2780/2780 2772/2772/2772 2778/2778/2778 
f 2783/2783/2783 2784/2784/2784 2780/2780/2780 
f 2782/2782/2782 2785/2785/2785 2783/2783/2783 
f 2783/2783/2783 2786/2786/2786 2784/2784/2784 
f 2785/2785/2785 2786/2786/2786 2783/2783/2783 
f 2785/2785/2785 2787/2787/2787 2786/2786/2786 
f 2781/2781/2781 2788/2788/2788 2789/2789/2789 
f 2781/2781/2781 2789/2789/2789 2790/2790/2790 
f 2788/2788/2788 2791/2791/2791 2792/2792/2792 
f 2788/2788/2788 2792/2792/2792 2789/2789/2789 
f 2793/2793/2793 2792/2792/2792 2791/2791/2791 
f 2793/2793/2793 2794/2794/2794 2792/2792/2792 

g R6Builderman14

v -16.5 2.25628 17.785 
v -16.5 2.41777 17.7793 
v -16.1269 2.42362 17.8339 
v -16.1192 2.2703 17.8396 
v -16.1182 2.09125 17.8267 
v -16.5 2.09125 17.7721 
v -16.8808 2.2703 17.8396 
v -16.8731 2.42362 17.8339 
v -16.8818 2.09125 17.8267 
v -15.8999 2.4332 17.9598 
v -15.8367 2.29385 17.9467 
v -15.8034 2.09125 17.9276 
v -17.1633 2.29385 17.9467 
v -17.1966 2.09125 17.9276 
v -17.1001 2.4332 17.9598 
v -16.1182 2.09125 17.8267 
v -16.1182 2.09125 18.0465 
v -16.5 2.09125 18.0465 
v -16.5 2.09125 17.7721 
v -15.8034 2.09125 17.9276 
v -15.674 2.09125 18.1396 
v -16.1182 2.09125 18.5448 
v -16.5 2.09125 18.5448 
v -15.674 2.09125 18.4538 
v -16.8818 2.09125 18.0465 
v -16.8818 2.09125 17.8267 
v -16.5 2.09125 18.7705 
v -16.8818 2.09125 18.5448 
v -16.1182 2.09125 18.7705 
v -15.7405 2.09125 18.62 
v -16.8818 2.09125 18.7705 
v -17.326 2.09125 18.4538 
v -17.2595 2.09125 18.62 
v -17.326 2.09125 18.1396 
v -17.1966 2.09125 17.9276 
v -15.7948 2.44376 18.1339 
v -15.8999 2.4332 17.9598 
v -15.9374 2.49396 18.0152 
v -15.8465 2.48755 18.1573 
v -15.8044 2.4447 18.4071 
v -16.1269 2.42362 17.8339 
v -16.1545 2.50292 17.9125 
v -15.9631 2.53554 18.1335 
v -15.8819 2.51752 18.2072 
v -15.8514 2.48798 18.3802 
v -15.8835 2.51759 18.3229 
v -15.878 2.45081 18.5557 
v -15.9265 2.50195 18.5014 
v -15.9597 2.53695 18.3857 
v -15.9289 2.53873 18.261 
v -16.1734 2.55719 18.0802 
v -16.5 2.50595 17.8676 
v -16.5 2.41777 17.7793 
v -16.8456 2.50292 17.9125 
v -16.5 2.56629 18.056 
v -16.1777 2.57892 18.261 
v -16.1745 2.55998 18.446 
v -16.1333 2.4583 18.698 
v -16.1578 2.51867 18.6175 
v -16.5 2.57011 18.4469 
v -16.5 2.59135 18.261 
v -16.8267 2.55718 18.0802 
v -16.8731 2.42362 17.8339 
v -17.0628 2.49397 18.0152 
v -17.0372 2.53555 18.1335 
v -16.8223 2.57892 18.261 
v -16.5 2.52469 18.6178 
v -16.8254 2.55999 18.446 
v -16.5 2.4583 18.698 
v -16.8667 2.4583 18.698 
v -16.8422 2.51867 18.6176 
v -17.04 2.53695 18.3857 
v -17.0843 2.53476 18.261 
v -17.1535 2.48755 18.1573 
v -17.1181 2.51752 18.2072 
v -17.1001 2.4332 17.9598 
v -17.2052 2.44376 18.1339 
v -17.1486 2.48798 18.3802 
v -17.1165 2.51759 18.3229 
v -17.0733 2.50195 18.5014 
v -17.122 2.45081 18.5557 
v -17.1956 2.4447 18.4071 
v -15.8367 2.29385 17.9467 
v -15.8999 2.4332 17.9598 
v -15.7948 2.44376 18.1339 
v -15.7355 2.3196 18.1341 
v -15.8034 2.09125 17.9276 
v -15.8044 2.4447 18.4071 
v -15.674 2.09125 18.1396 
v -15.7335 2.32297 18.4297 
v -15.878 2.45081 18.5557 
v -15.674 2.09125 18.4538 
v -15.7405 2.09125 18.62 
v -15.8093 2.33811 18.585 
v -16.1182 2.35665 18.7278 
v -15.8093 2.33811 18.585 
v -16.1333 2.4583 18.698 
v -16.5 2.35665 18.7278 
v -16.1182 2.09125 18.7705 
v -15.7405 2.09125 18.62 
v -16.5 2.09125 18.7705 
v -16.5 2.4583 18.698 
v -16.8667 2.4583 18.698 
v -16.8818 2.35665 18.7278 
v -16.8818 2.09125 18.7705 
v -17.122 2.45081 18.5557 
v -17.1907 2.33811 18.585 
v -17.2595 2.09125 18.62 
v -17.2665 2.32297 18.4297 
v -17.1956 2.4447 18.4071 
v -17.326 2.09125 18.4538 
v -17.2645 2.3196 18.1341 
v -17.326 2.09125 18.1396 
v -17.2052 2.44376 18.1339 
v -17.1633 2.29385 17.9467 
v -17.1966 2.09125 17.9276 
v -17.1001 2.4332 17.9598 

vn 0 0.023622 -1 
vn 0 -0.0314961 -1 
vn 0.251969 0.0314961 -0.968504 
vn 0.244094 0.0629921 -0.968504 
vn 0.228346 0.0866142 -0.968504 
vn 0 0.0708661 -1 
vn -0.244094 0.0629921 -0.968504 
vn -0.251969 0.0314961 -0.968504 
vn -0.228346 0.0866142 -0.968504 
vn 0.566929 0.228346 -0.787402 
vn 0.606299 0.19685 -0.771654 
vn 0.606299 0.165354 -0.779528 
vn -0.606299 0.19685 -0.771654 
vn -0.606299 0.165354 -0.779528 
vn -0.566929 0.228346 -0.787402 
vn 0 -1 0 
vn 0 -1 0 
vn 0 -1 0 
vn 0 -1 0 
vn 0 -1 0 
vn 0 -1 0 
vn 0 -1 0 
vn 0 -1 0 
vn 0 -1 0 
vn 0 -1 0 
vn 0 -1 0 
vn 0 -1 0 
vn 0 -1 0 
vn 0 -1 0 
vn 0 -1 0 
vn 0 -1 0 
vn 0 -1 0 
vn 0 -1 0 
vn 0 -1 0 
vn 0 -1 0 
vn 0.622047 0.76378 -0.181102 
vn 0.393701 0.748031 -0.535433 
vn 0.314961 0.858268 -0.409449 
vn 0.574803 0.80315 -0.165354 
vn 0.614173 0.771654 0.133858 
vn 0.173228 0.724409 -0.669291 
vn 0.125984 0.866142 -0.472441 
vn 0.19685 0.96063 -0.181102 
vn 0.503937 0.858268 -0.102362 
vn 0.574803 0.811024 0.11811 
vn 0.519685 0.850394 0.0866142 
vn 0.385827 0.811024 0.433071 
vn 0.299213 0.897638 0.330709 
vn 0.19685 0.968504 0.149606 
vn 0.173228 0.984252 -0.00787402 
vn 0.0866142 0.976378 -0.212598 
vn 0 0.874016 -0.488189 
vn 0 0.716535 -0.700787 
vn -0.125984 0.874016 -0.472441 
vn 0 0.976378 -0.220472 
vn 0.0787402 1 -0.00787402 
vn 0.0787402 0.984252 0.173228 
vn 0.141732 0.80315 0.574803 
vn 0.102362 0.913386 0.401575 
vn 0 0.984252 0.173228 
vn 0 1 -0.00787402 
vn -0.0866142 0.976378 -0.204724 
vn -0.173228 0.724409 -0.669291 
vn -0.314961 0.858268 -0.409449 
vn -0.19685 0.96063 -0.181102 
vn -0.0787402 1 -0.00787402 
vn 0 0.92126 0.393701 
vn -0.0787402 0.984252 0.173228 
vn 0 0.787402 0.622047 
vn -0.141732 0.80315 0.574803 
vn -0.102362 0.913386 0.401575 
vn -0.19685 0.968504 0.141732 
vn -0.173228 0.984252 -0.00787402 
vn -0.574803 0.80315 -0.165354 
vn -0.511811 0.850394 -0.102362 
vn -0.393701 0.748031 -0.535433 
vn -0.622047 0.76378 -0.181102 
vn -0.574803 0.811024 0.11811 
vn -0.519685 0.850394 0.0866142 
vn -0.299213 0.897638 0.322835 
vn -0.385827 0.811024 0.433071 
vn -0.622047 0.771654 0.133858 
vn 0.606299 0.19685 -0.771654 
vn 0.566929 0.228346 -0.787402 
vn 0.866142 0.448819 -0.228346 
vn 0.92126 0.314961 -0.212598 
vn 0.606299 0.165354 -0.779528 
vn 0.858268 0.503937 0.133858 
vn 0.952756 0.244094 -0.204724 
vn 0.929134 0.346457 0.141732 
vn 0.566929 0.456693 0.685039 
vn 0.952756 0.267717 0.149606 
vn 0.590551 0.23622 0.771654 
vn 0.574803 0.291339 0.76378 
vn 0.204724 0.220472 0.952756 
vn 0.574803 0.291339 0.76378 
vn 0.204724 0.338583 0.92126 
vn 0 0.19685 0.984252 
vn 0.188976 0.181102 0.968504 
vn 0.590551 0.23622 0.771654 
vn 0 0.15748 0.984252 
vn 0 0.283465 0.96063 
vn -0.204724 0.338583 0.92126 
vn -0.204724 0.220472 0.952756 
vn -0.188976 0.181102 0.968504 
vn -0.566929 0.456693 0.685039 
vn -0.574803 0.291339 0.76378 
vn -0.590551 0.23622 0.771654 
vn -0.929134 0.346457 0.141732 
vn -0.858268 0.503937 0.133858 
vn -0.952756 0.267717 0.149606 
vn -0.92126 0.314961 -0.212598 
vn -0.952756 0.244094 -0.204724 
vn -0.866142 0.448819 -0.228346 
vn -0.606299 0.19685 -0.771654 
vn -0.606299 0.165354 -0.779528 
vn -0.566929 0.228346 -0.787402 

vt 0.0711998 0.670694 
vt 0.0712348 0.700481 
vt 0.0355929 0.700481 
vt 0.0346042 0.672325 
vt 0.0346888 0.64514 
vt 0.0711278 0.64514 
vt 0.107775 0.671834 
vt 0.106895 0.700481 
vt 0.107556 0.64514 
vt 0.0030807 0.700481 
vt 0.0030807 0.674264 
vt 0.0030807 0.64514 
vt 0.14175 0.666292 
vt 0.14175 0.64514 
vt 0.14175 0.70048 
vt 0.0406429 0.644041 
vt 0.0406429 0.61117 
vt 0.072557 0.61117 
vt 0.072557 0.644041 
vt 0.00351684 0.64408 
vt 0.00351684 0.61117 
vt 0.0406429 0.561498 
vt 0.072557 0.561498 
vt 0.00351684 0.561498 
vt 0.104471 0.61117 
vt 0.104471 0.644041 
vt 0.072557 0.532171 
vt 0.104471 0.561498 
vt 0.0406417 0.532171 
vt 0.00351684 0.532171 
vt 0.104471 0.532171 
vt 0.141597 0.561498 
vt 0.141597 0.532171 
vt 0.141597 0.61117 
vt 0.141597 0.644041 
vt 0.146416 0.593114 
vt 0.146416 0.581491 
vt 0.153509 0.592566 
vt 0.149021 0.596882 
vt 0.146416 0.628975 
vt 0.162859 0.58149 
vt 0.164222 0.589445 
vt 0.154778 0.602715 
vt 0.150766 0.607197 
vt 0.149262 0.623446 
vt 0.150848 0.614229 
vt 0.146416 0.637022 
vt 0.15297 0.626875 
vt 0.154607 0.618049 
vt 0.155649 0.610467 
vt 0.165154 0.599475 
vt 0.181275 0.588081 
vt 0.181275 0.58149 
vt 0.198331 0.589444 
vt 0.181275 0.598007 
vt 0.165873 0.610467 
vt 0.165211 0.621715 
vt 0.163176 0.637023 
vt 0.164384 0.630161 
vt 0.181275 0.62177 
vt 0.181304 0.610466 
vt 0.197401 0.599473 
vt 0.199691 0.58149 
vt 0.209051 0.592566 
vt 0.207788 0.602717 
vt 0.196735 0.610467 
vt 0.181275 0.63017 
vt 0.197335 0.621717 
vt 0.181275 0.637023 
vt 0.199375 0.637023 
vt 0.198164 0.630161 
vt 0.207927 0.618048 
vt 0.207553 0.610467 
vt 0.213529 0.596882 
vt 0.211784 0.607197 
vt 0.215688 0.581491 
vt 0.215688 0.594494 
vt 0.213289 0.623446 
vt 0.211702 0.614229 
vt 0.209571 0.626875 
vt 0.215688 0.637022 
vt 0.215688 0.627595 
vt 0.421198 0.674264 
vt 0.421198 0.700481 
vt 0.401993 0.700481 
vt 0.400327 0.673693 
vt 0.421198 0.64514 
vt 0.370805 0.700481 
vt 0.398542 0.64514 
vt 0.368406 0.674345 
vt 0.351717 0.700481 
vt 0.364373 0.64514 
vt 0.351717 0.64514 
vt 0.351717 0.672449 
vt 0.319715 0.674013 
vt 0.351717 0.672449 
vt 0.31896 0.700481 
vt 0.282245 0.675203 
vt 0.319267 0.64514 
vt 0.351717 0.64514 
vt 0.282169 0.64514 
vt 0.282326 0.700481 
vt 0.245682 0.700481 
vt 0.244827 0.674133 
vt 0.245162 0.64514 
vt 0.212155 0.700481 
vt 0.212155 0.672719 
vt 0.212155 0.64514 
vt 0.192587 0.668741 
vt 0.190333 0.700481 
vt 0.196288 0.64514 
vt 0.162084 0.668317 
vt 0.163664 0.64514 
vt 0.160581 0.700481 
vt 0.14175 0.666292 
vt 0.14175 0.64514 
vt 0.14175 0.70048 

usemtl R6Builderman1Mtl

f 2795/2795/2795 2796/2796/2796 2797/2797/2797 
f 2795/2795/2795 2797/2797/2797 2798/2798/2798 
f 2795/2795/2795 2798/2798/2798 2799/2799/2799 
f 2795/2795/2795 2799/2799/2799 2800/2800/2800 
f 2795/2795/2795 2801/2801/2801 2802/2802/2802 
f 2795/2795/2795 2802/2802/2802 2796/2796/2796 
f 2803/2803/2803 2801/2801/2801 2795/2795/2795 
f 2803/2803/2803 2795/2795/2795 2800/2800/2800 
f 2804/2804/2804 2798/2798/2798 2797/2797/2797 
f 2805/2805/2805 2799/2799/2799 2798/2798/2798 
f 2804/2804/2804 2805/2805/2805 2798/2798/2798 
f 2805/2805/2805 2806/2806/2806 2799/2799/2799 
f 2807/2807/2807 2801/2801/2801 2803/2803/2803 
f 2807/2807/2807 2803/2803/2803 2808/2808/2808 
f 2801/2801/2801 2807/2807/2807 2809/2809/2809 
f 2801/2801/2801 2809/2809/2809 2802/2802/2802 
f 2810/2810/2810 2811/2811/2811 2812/2812/2812 
f 2810/2810/2810 2812/2812/2812 2813/2813/2813 
f 2814/2814/2814 2811/2811/2811 2810/2810/2810 
f 2814/2814/2814 2815/2815/2815 2811/2811/2811 
f 2811/2811/2811 2816/2816/2816 2817/2817/2817 
f 2811/2811/2811 2817/2817/2817 2812/2812/2812 
f 2818/2818/2818 2816/2816/2816 2811/2811/2811 
f 2818/2818/2818 2811/2811/2811 2815/2815/2815 
f 2812/2812/2812 2819/2819/2819 2820/2820/2820 
f 2812/2812/2812 2820/2820/2820 2813/2813/2813 
f 2817/2817/2817 2819/2819/2819 2812/2812/2812 
f 2816/2816/2816 2821/2821/2821 2817/2817/2817 
f 2817/2817/2817 2822/2822/2822 2819/2819/2819 
f 2821/2821/2821 2822/2822/2822 2817/2817/2817 
f 2816/2816/2816 2823/2823/2823 2821/2821/2821 
f 2824/2824/2824 2823/2823/2823 2816/2816/2816 
f 2824/2824/2824 2816/2816/2816 2818/2818/2818 
f 2821/2821/2821 2825/2825/2825 2822/2822/2822 
f 2819/2819/2819 2822/2822/2822 2826/2826/2826 
f 2822/2822/2822 2825/2825/2825 2827/2827/2827 
f 2822/2822/2822 2827/2827/2827 2826/2826/2826 
f 2819/2819/2819 2828/2828/2828 2829/2829/2829 
f 2819/2819/2819 2829/2829/2829 2820/2820/2820 
f 2819/2819/2819 2826/2826/2826 2828/2828/2828 
f 2830/2830/2830 2831/2831/2831 2832/2832/2832 
f 2830/2830/2830 2832/2832/2832 2833/2833/2833 
f 2834/2834/2834 2830/2830/2830 2833/2833/2833 
f 2831/2831/2831 2835/2835/2835 2836/2836/2836 
f 2831/2831/2831 2836/2836/2836 2832/2832/2832 
f 2832/2832/2832 2837/2837/2837 2838/2838/2838 
f 2832/2832/2832 2838/2838/2838 2833/2833/2833 
f 2836/2836/2836 2837/2837/2837 2832/2832/2832 
f 2834/2834/2834 2833/2833/2833 2839/2839/2839 
f 2833/2833/2833 2838/2838/2838 2840/2840/2840 
f 2833/2833/2833 2840/2840/2840 2839/2839/2839 
f 2841/2841/2841 2834/2834/2834 2839/2839/2839 
f 2841/2841/2841 2839/2839/2839 2842/2842/2842 
f 2839/2839/2839 2840/2840/2840 2843/2843/2843 
f 2839/2839/2839 2843/2843/2843 2842/2842/2842 
f 2838/2838/2838 2844/2844/2844 2840/2840/2840 
f 2840/2840/2840 2844/2844/2844 2843/2843/2843 
f 2837/2837/2837 2844/2844/2844 2838/2838/2838 
f 2836/2836/2836 2845/2845/2845 2837/2837/2837 
f 2845/2845/2845 2844/2844/2844 2837/2837/2837 
f 2835/2835/2835 2846/2846/2846 2836/2836/2836 
f 2846/2846/2846 2845/2845/2845 2836/2836/2836 
f 2835/2835/2835 2847/2847/2847 2846/2846/2846 
f 2847/2847/2847 2848/2848/2848 2846/2846/2846 
f 2846/2846/2846 2849/2849/2849 2845/2845/2845 
f 2848/2848/2848 2849/2849/2849 2846/2846/2846 
f 2849/2849/2849 2850/2850/2850 2845/2845/2845 
f 2845/2845/2845 2850/2850/2850 2844/2844/2844 
f 2843/2843/2843 2844/2844/2844 2850/2850/2850 
f 2842/2842/2842 2843/2843/2843 2851/2851/2851 
f 2843/2843/2843 2850/2850/2850 2851/2851/2851 
f 2852/2852/2852 2841/2841/2841 2842/2842/2842 
f 2852/2852/2852 2842/2842/2842 2853/2853/2853 
f 2842/2842/2842 2851/2851/2851 2853/2853/2853 
f 2853/2853/2853 2851/2851/2851 2854/2854/2854 
f 2851/2851/2851 2850/2850/2850 2855/2855/2855 
f 2851/2851/2851 2855/2855/2855 2854/2854/2854 
f 2849/2849/2849 2855/2855/2855 2850/2850/2850 
f 2848/2848/2848 2856/2856/2856 2849/2849/2849 
f 2856/2856/2856 2855/2855/2855 2849/2849/2849 
f 2847/2847/2847 2857/2857/2857 2848/2848/2848 
f 2857/2857/2857 2858/2858/2858 2848/2848/2848 
f 2858/2858/2858 2856/2856/2856 2848/2848/2848 
f 2858/2858/2858 2859/2859/2859 2856/2856/2856 
f 2856/2856/2856 2860/2860/2860 2855/2855/2855 
f 2859/2859/2859 2860/2860/2860 2856/2856/2856 
f 2854/2854/2854 2855/2855/2855 2860/2860/2860 
f 2853/2853/2853 2854/2854/2854 2861/2861/2861 
f 2861/2861/2861 2854/2854/2854 2862/2862/2862 
f 2854/2854/2854 2860/2860/2860 2862/2862/2862 
f 2863/2863/2863 2852/2852/2852 2853/2853/2853 
f 2863/2863/2863 2853/2853/2853 2861/2861/2861 
f 2864/2864/2864 2863/2863/2863 2861/2861/2861 
f 2864/2864/2864 2861/2861/2861 2865/2865/2865 
f 2861/2861/2861 2862/2862/2862 2865/2865/2865 
f 2865/2865/2865 2862/2862/2862 2866/2866/2866 
f 2862/2862/2862 2860/2860/2860 2867/2867/2867 
f 2862/2862/2862 2867/2867/2867 2866/2866/2866 
f 2859/2859/2859 2867/2867/2867 2860/2860/2860 
f 2868/2868/2868 2869/2869/2869 2859/2859/2859 
f 2868/2868/2868 2859/2859/2859 2858/2858/2858 
f 2869/2869/2869 2867/2867/2867 2859/2859/2859 
f 2870/2870/2870 2868/2868/2868 2858/2858/2858 
f 2857/2857/2857 2870/2870/2870 2858/2858/2858 
f 2870/2870/2870 2871/2871/2871 2868/2868/2868 
f 2871/2871/2871 2872/2872/2872 2868/2868/2868 
f 2872/2872/2872 2869/2869/2869 2868/2868/2868 
f 2872/2872/2872 2873/2873/2873 2869/2869/2869 
f 2873/2873/2873 2867/2867/2867 2869/2869/2869 
f 2866/2866/2866 2867/2867/2867 2873/2873/2873 
f 2865/2865/2865 2866/2866/2866 2874/2874/2874 
f 2874/2874/2874 2866/2866/2866 2873/2873/2873 
f 2875/2875/2875 2864/2864/2864 2865/2865/2865 
f 2875/2875/2875 2865/2865/2865 2874/2874/2874 
f 2876/2876/2876 2875/2875/2875 2874/2874/2874 
f 2876/2876/2876 2874/2874/2874 2872/2872/2872 
f 2874/2874/2874 2873/2873/2873 2872/2872/2872 
f 2871/2871/2871 2876/2876/2876 2872/2872/2872 
f 2877/2877/2877 2878/2878/2878 2879/2879/2879 
f 2877/2877/2877 2879/2879/2879 2880/2880/2880 
f 2881/2881/2881 2877/2877/2877 2880/2880/2880 
f 2882/2882/2882 2880/2880/2880 2879/2879/2879 
f 2881/2881/2881 2880/2880/2880 2883/2883/2883 
f 2884/2884/2884 2883/2883/2883 2880/2880/2880 
f 2882/2882/2882 2884/2884/2884 2880/2880/2880 
f 2885/2885/2885 2884/2884/2884 2882/2882/2882 
f 2884/2884/2884 2886/2886/2886 2883/2883/2883 
f 2887/2887/2887 2886/2886/2886 2884/2884/2884 
f 2887/2887/2887 2884/2884/2884 2888/2888/2888 
f 2885/2885/2885 2888/2888/2888 2884/2884/2884 
f 2889/2889/2889 2890/2890/2890 2885/2885/2885 
f 2889/2889/2889 2885/2885/2885 2891/2891/2891 
f 2892/2892/2892 2889/2889/2889 2891/2891/2891 
f 2893/2893/2893 2890/2890/2890 2889/2889/2889 
f 2893/2893/2893 2889/2889/2889 2892/2892/2892 
f 2893/2893/2893 2894/2894/2894 2890/2890/2890 
f 2893/2893/2893 2892/2892/2892 2895/2895/2895 
f 2892/2892/2892 2891/2891/2891 2896/2896/2896 
f 2892/2892/2892 2896/2896/2896 2897/2897/2897 
f 2892/2892/2892 2897/2897/2897 2898/2898/2898 
f 2892/2892/2892 2898/2898/2898 2899/2899/2899 
f 2892/2892/2892 2899/2899/2899 2895/2895/2895 
f 2898/2898/2898 2897/2897/2897 2900/2900/2900 
f 2898/2898/2898 2900/2900/2900 2901/2901/2901 
f 2899/2899/2899 2898/2898/2898 2901/2901/2901 
f 2899/2899/2899 2901/2901/2901 2902/2902/2902 
f 2903/2903/2903 2902/2902/2902 2901/2901/2901 
f 2904/2904/2904 2903/2903/2903 2901/2901/2901 
f 2904/2904/2904 2901/2901/2901 2900/2900/2900 
f 2903/2903/2903 2905/2905/2905 2902/2902/2902 
f 2906/2906/2906 2903/2903/2903 2904/2904/2904 
f 2903/2903/2903 2906/2906/2906 2907/2907/2907 
f 2903/2903/2903 2907/2907/2907 2905/2905/2905 
f 2906/2906/2906 2904/2904/2904 2908/2908/2908 
f 2909/2909/2909 2906/2906/2906 2908/2908/2908 
f 2910/2910/2910 2907/2907/2907 2906/2906/2906 
f 2910/2910/2910 2906/2906/2906 2909/2909/2909 
f 2909/2909/2909 2908/2908/2908 2911/2911/2911 

g R6Builderman15

v -15.5013 4.01887 18.4835 
v -15.5013 4.01887 18.151 
v -16.1087 4.09363 17.9947 
v -16.1087 4.09363 18.6375 
v -16.5 4.09363 18.6773 
v -16.5 4.09363 17.9003 
v -16.8913 4.09363 17.9947 
v -16.8913 4.09363 18.6375 
v -17.4987 4.01887 18.151 
v -17.4987 4.01887 18.4835 
v -15.5013 3.4345 18.0044 
v -15.5013 3.7458 17.9773 
v -15.5013 3.71034 18.1517 
v -15.5013 3.32023 18.1525 
v -15.5013 3.928 18.0044 
v -15.5013 3.71034 18.4854 
v -15.5013 4.01887 18.4835 
v -15.5013 4.01887 18.151 
v -15.5013 3.32023 18.4879 
v -15.5013 3.7458 18.6525 
v -15.5013 3.4345 18.6341 
v -15.5013 3.928 18.6341 
v -17.4987 3.4345 18.0044 
v -17.4987 3.32023 18.1525 
v -17.4987 3.71034 18.1517 
v -17.4987 3.7458 17.9773 
v -17.4987 3.32023 18.4879 
v -17.4987 3.71034 18.4854 
v -17.4987 4.01887 18.4835 
v -17.4987 4.01887 18.151 
v -17.4987 3.928 18.0044 
v -17.4987 3.4345 18.6341 
v -17.4987 3.7458 18.6525 
v -17.4987 3.928 18.6341 
v -15.878 2.45081 18.5557 
v -16.1333 2.4583 18.698 
v -16.1318 2.35962 18.6458 
v -15.8836 2.37963 18.5205 
v -15.8928 2.33527 18.405 
v -15.8044 2.4447 18.4071 
v -15.8019 2.40204 18.3897 
v -15.8069 2.37588 18.3323 
v -15.8122 2.36785 18.261 
v -15.8999 2.4332 17.9598 
v -15.7948 2.44376 18.1339 
v -15.7973 2.40162 18.1491 
v -15.8942 2.37168 17.9958 
v -16.1269 2.42362 17.8339 
v -15.8053 2.37578 18.1987 
v -15.8964 2.33333 18.1136 
v -16.1284 2.34394 17.8849 
v -16.1327 2.29387 18.052 
v -16.5 2.41777 17.7793 
v -16.5 2.32961 17.8365 
v -16.5 2.27406 18.0245 
v -16.1367 2.27767 18.261 
v -16.5 2.25612 18.261 
v -15.8999 2.32112 18.261 
v -16.1343 2.29771 18.4746 
v -16.5 2.2803 18.4781 
v -16.8633 2.27767 18.261 
v -16.8659 2.2977 18.4746 
v -16.8671 2.29388 18.052 
v -17.1075 2.33527 18.405 
v -17.1001 2.32112 18.261 
v -16.8683 2.35962 18.6458 
v -17.1165 2.37964 18.5205 
v -16.5 2.35431 18.6511 
v -16.5 2.4583 18.698 
v -16.8667 2.4583 18.698 
v -17.122 2.45081 18.5557 
v -17.198 2.40204 18.3897 
v -17.1931 2.37588 18.3323 
v -17.1956 2.4447 18.4071 
v -17.2027 2.40162 18.1491 
v -17.1947 2.37578 18.1987 
v -17.1878 2.36785 18.261 
v -17.2052 2.44376 18.1339 
v -17.1056 2.37168 17.9957 
v -17.1033 2.33333 18.1136 
v -16.8715 2.34395 17.8849 
v -17.1001 2.4332 17.9598 
v -16.8731 2.42362 17.8339 
v -16.1087 4.09363 17.9947 
v -15.9967 3.98719 17.8199 
v -16.5 3.98719 17.7653 
v -16.5 4.09363 17.9003 
v -15.5013 4.01887 18.151 
v -15.5013 3.928 18.0044 
v -15.9863 3.74417 17.7748 
v -16.5 3.74417 17.7202 
v -17.0034 3.98719 17.8199 
v -16.8913 4.09363 17.9947 
v -17.0137 3.74417 17.7748 
v -16.5 3.4369 17.7042 
v -15.9731 3.4369 17.7588 
v -15.5013 3.7458 17.9773 
v -17.0269 3.4369 17.7588 
v -17.4987 3.7458 17.9773 
v -17.4987 3.928 18.0044 
v -17.4987 4.01887 18.151 
v -17.4987 3.4345 18.0044 
v -16.8818 3.05885 17.844 
v -17.069 3.02244 17.9814 
v -16.1182 3.05885 17.844 
v -16.5 3.05885 17.7894 
v -17.062 2.75847 17.9753 
v -16.8747 2.75937 17.8369 
v -16.1253 2.75937 17.8369 
v -16.5 2.75937 17.7823 
v -15.5013 3.4345 18.0044 
v -15.931 3.02244 17.9814 
v -17.2052 2.44376 18.1339 
v -17.0548 2.53326 17.9692 
v -17.1001 2.4332 17.9598 
v -15.938 2.75847 17.9753 
v -16.1324 2.53371 17.8298 
v -16.5 2.53371 17.7752 
v -16.8676 2.53371 17.8298 
v -17.1817 2.75775 18.1334 
v -17.069 3.02244 17.9814 
v -17.0548 2.53326 17.9692 
v -16.8731 2.42362 17.8339 
v -17.1001 2.4332 17.9598 
v -16.5 2.41777 17.7793 
v -15.9452 2.53326 17.9692 
v -16.1269 2.42362 17.8339 
v -15.8999 2.4332 17.9598 
v -17.1728 2.75612 18.3916 
v -17.2006 2.99352 18.1331 
v -17.1625 2.5329 18.1337 
v -17.4987 3.4345 18.0044 
v -17.4987 3.32023 18.1525 
v -17.2006 2.92794 18.3923 
v -17.0969 2.75538 18.5395 
v -17.1447 2.5321 18.3909 
v -17.1956 2.4447 18.4071 
v -17.122 2.45081 18.5557 
v -17.0726 2.53173 18.5346 
v -16.8689 2.75676 18.6808 
v -17.121 2.89825 18.5444 
v -16.8559 2.53129 18.6766 
v -17.4987 3.32023 18.4879 
v -16.8818 2.95467 18.6849 
v -17.4987 3.4345 18.6341 
v -16.5 2.95467 18.6849 
v -16.5 2.75676 18.6808 
v -16.5 2.53129 18.6766 
v -16.5 2.4583 18.698 
v -16.8667 2.4583 18.698 
v -16.1333 2.4583 18.698 
v -16.1441 2.53129 18.6766 
v -16.1311 2.75676 18.6808 
v -16.1182 2.95467 18.6849 
v -16.5 3.64249 18.8149 
v -17.0269 3.64249 18.8149 
v -17.4987 3.7458 18.6525 
v -17.0137 3.83497 18.8115 
v -15.9731 3.64249 18.8149 
v -15.9863 3.83497 18.8115 
v -16.5 3.83497 18.8115 
v -15.879 2.89825 18.5444 
v -15.5013 3.4345 18.6341 
v -15.5013 3.7458 18.6525 
v -15.9967 3.98719 18.7838 
v -15.5013 3.928 18.6341 
v -16.5 3.98719 18.7838 
v -17.0034 3.98719 18.7838 
v -17.4987 3.928 18.6341 
v -16.8913 4.09363 18.6375 
v -17.4987 4.01887 18.4835 
v -16.1087 4.09363 18.6375 
v -16.5 4.09363 18.6773 
v -15.5013 4.01887 18.4835 
v -15.9031 2.75538 18.5395 
v -15.9274 2.53173 18.5346 
v -15.879 2.89825 18.5444 
v -15.8272 2.75612 18.3916 
v -15.9274 2.53173 18.5346 
v -15.8553 2.5321 18.3909 
v -15.5013 3.32023 18.4879 
v -15.5013 3.4345 18.6341 
v -15.7994 2.92794 18.3923 
v -15.8183 2.75775 18.1334 
v -15.8375 2.5329 18.1337 
v -15.8044 2.4447 18.4071 
v -15.7948 2.44376 18.1339 
v -15.878 2.45081 18.5557 
v -15.9452 2.53326 17.9692 
v -15.8999 2.4332 17.9598 
v -15.7994 2.99352 18.1331 
v -15.938 2.75847 17.9753 
v -15.5013 3.32023 18.1525 
v -15.5013 3.4345 18.0044 
v -15.931 3.02244 17.9814 

vn 0.149606 0.984252 0.102362 
vn 0.149606 0.984252 -0.102362 
vn 0.0866142 0.984252 -0.125984 
vn 0.0708661 0.984252 0.141732 
vn 0 0.984252 0.15748 
vn 0 0.984252 -0.165354 
vn -0.0866142 0.984252 -0.125984 
vn -0.0708661 0.984252 0.141732 
vn -0.149606 0.984252 -0.102362 
vn -0.149606 0.984252 0.102362 
vn 1 0 0 
vn 1 0 0 
vn 1 0 0 
vn 1 0 0 
vn 1 0 0 
vn 1 0 0 
vn 1 0 0 
vn 1 0 0 
vn 1 0 0 
vn 1 0 0 
vn 1 0 0 
vn 1 0 0 
vn -1 0 0 
vn -1 0 0 
vn -1 0 0 
vn -1 0 0 
vn -1 0 0 
vn -1 0 0 
vn -1 0 0 
vn -1 0 0 
vn -1 0 0 
vn -1 0 0 
vn -1 0 0 
vn -1 0 0 
vn 0.527559 -0.393701 0.748031 
vn 0.15748 -0.440945 0.88189 
vn 0.141732 -0.779528 0.614173 
vn 0.425197 -0.740157 0.519685 
vn 0.275591 -0.944882 0.19685 
vn 0.944882 -0.149606 0.299213 
vn 0.889764 -0.393701 0.23622 
vn 0.685039 -0.716535 0.110236 
vn 0.488189 -0.874016 0 
vn 0.543307 -0.417323 -0.724409 
vn 0.944882 -0.133858 -0.291339 
vn 0.889764 -0.393701 -0.228346 
vn 0.440945 -0.76378 -0.464567 
vn 0.228346 -0.519685 -0.818898 
vn 0.685039 -0.724409 -0.102362 
vn 0.283465 -0.944882 -0.165354 
vn 0.181102 -0.84252 -0.511811 
vn 0.11811 -0.976378 -0.173228 
vn 0 -0.543307 -0.84252 
vn 0 -0.850394 -0.519685 
vn 0 -0.984252 -0.173228 
vn 0.102362 -0.992126 0.00787402 
vn 0 -1 0.00787402 
vn 0.23622 -0.968504 0.00787402 
vn 0.102362 -0.968504 0.228346 
vn 0 -0.976378 0.228346 
vn -0.102362 -0.992126 0.00787402 
vn -0.102362 -0.968504 0.228346 
vn -0.11811 -0.976378 -0.173228 
vn -0.275591 -0.944882 0.19685 
vn -0.23622 -0.968504 0.00787402 
vn -0.141732 -0.779528 0.614173 
vn -0.425197 -0.740157 0.519685 
vn 0 -0.795276 0.606299 
vn 0 -0.440945 0.897638 
vn -0.15748 -0.440945 0.88189 
vn -0.527559 -0.393701 0.748031 
vn -0.889764 -0.393701 0.23622 
vn -0.685039 -0.716535 0.110236 
vn -0.944882 -0.141732 0.299213 
vn -0.889764 -0.393701 -0.228346 
vn -0.685039 -0.724409 -0.102362 
vn -0.488189 -0.874016 0 
vn -0.944882 -0.133858 -0.291339 
vn -0.440945 -0.76378 -0.464567 
vn -0.283465 -0.944882 -0.165354 
vn -0.181102 -0.84252 -0.511811 
vn -0.543307 -0.417323 -0.724409 
vn -0.228346 -0.519685 -0.818898 
vn 0.0866142 0.984252 -0.125984 
vn 0.23622 0.535433 -0.811024 
vn 0 0.480315 -0.874016 
vn 0 0.984252 -0.165354 
vn 0.149606 0.984252 -0.102362 
vn 0.338583 0.590551 -0.740157 
vn 0.251969 0.0866142 -0.96063 
vn 0 0.110236 -0.992126 
vn -0.23622 0.535433 -0.811024 
vn -0.0866142 0.984252 -0.125984 
vn -0.251969 0.0866142 -0.96063 
vn 0 -0.102362 -0.992126 
vn 0.299213 -0.15748 -0.944882 
vn 0.401575 0.0629921 -0.913386 
vn -0.299213 -0.15748 -0.944882 
vn -0.401575 0.0629921 -0.913386 
vn -0.338583 0.590551 -0.740157 
vn -0.149606 0.984252 -0.102362 
vn -0.488189 -0.251969 -0.834646 
vn -0.283465 -0.212598 -0.937008 
vn -0.559055 -0.322835 -0.76378 
vn 0.283465 -0.212598 -0.937008 
vn 0 -0.141732 -0.992126 
vn -0.692913 -0.015748 -0.724409 
vn -0.322835 0.015748 -0.944882 
vn 0.322835 0.015748 -0.944882 
vn 0 0.023622 -1 
vn 0.488189 -0.251969 -0.834646 
vn 0.559055 -0.322835 -0.76378 
vn -0.874016 0.456693 -0.188976 
vn -0.685039 0.0708661 -0.724409 
vn -0.677165 0.275591 -0.685039 
vn 0.692913 -0.015748 -0.724409 
vn 0.314961 0.023622 -0.952756 
vn 0 0.00787402 -1 
vn -0.314961 0.023622 -0.952756 
vn -0.952756 -0.0787402 -0.283465 
vn -0.559055 -0.322835 -0.76378 
vn -0.685039 0.0708661 -0.724409 
vn -0.307087 0.0393701 -0.952756 
vn -0.677165 0.275591 -0.685039 
vn 0 -0.0314961 -1 
vn 0.685039 0.0708661 -0.724409 
vn 0.307087 0.0393701 -0.952756 
vn 0.677165 0.275591 -0.685039 
vn -0.976378 -0.11811 0.181102 
vn -0.811024 -0.496063 -0.314961 
vn -0.968504 0.0944882 -0.23622 
vn -0.488189 -0.251969 -0.834646 
vn -0.724409 -0.622047 -0.291339 
vn -0.850394 -0.519685 0.125984 
vn -0.685039 -0.0944882 0.724409 
vn -0.976378 0.0944882 0.204724 
vn -0.850394 0.503937 0.173228 
vn -0.637795 0.480315 0.598425 
vn -0.685039 0.0866142 0.724409 
vn -0.220472 -0.0393701 0.976378 
vn -0.448819 -0.322835 0.834646 
vn -0.228346 0.0708661 0.968504 
vn -0.76378 -0.629921 0.15748 
vn -0.149606 -0.212598 0.968504 
vn -0.377953 -0.283465 0.88189 
vn 0 -0.15748 0.984252 
vn 0 -0.023622 1 
vn 0 0.0551181 1 
vn 0 0.283465 0.96063 
vn -0.23622 0.354331 0.905512 
vn 0.23622 0.354331 0.905512 
vn 0.228346 0.0708661 0.968504 
vn 0.220472 -0.0393701 0.976378 
vn 0.149606 -0.212598 0.968504 
vn 0 -0.133858 0.992126 
vn -0.165354 -0.15748 0.976378 
vn -0.322835 0.0393701 0.944882 
vn -0.173228 0.0708661 0.984252 
vn 0.165354 -0.15748 0.976378 
vn 0.173228 0.0708661 0.984252 
vn 0 0.0866142 1 
vn 0.448819 -0.322835 0.834646 
vn 0.377953 -0.283465 0.88189 
vn 0.322835 0.0393701 0.944882 
vn 0.188976 0.566929 0.80315 
vn 0.299213 0.598425 0.748031 
vn 0 0.496063 0.866142 
vn -0.188976 0.566929 0.80315 
vn -0.299213 0.598425 0.748031 
vn -0.0708661 0.984252 0.141732 
vn -0.149606 0.984252 0.102362 
vn 0.0708661 0.984252 0.141732 
vn 0 0.984252 0.15748 
vn 0.149606 0.984252 0.102362 
vn 0.685039 -0.0944882 0.724409 
vn 0.685039 0.0866142 0.724409 
vn 0.448819 -0.322835 0.834646 
vn 0.976378 -0.11811 0.181102 
vn 0.685039 0.0866142 0.724409 
vn 0.976378 0.0944882 0.204724 
vn 0.76378 -0.629921 0.15748 
vn 0.377953 -0.283465 0.88189 
vn 0.850394 -0.519685 0.125984 
vn 0.952756 -0.0787402 -0.283465 
vn 0.968504 0.0944882 -0.23622 
vn 0.850394 0.503937 0.173228 
vn 0.874016 0.456693 -0.188976 
vn 0.637795 0.480315 0.598425 
vn 0.685039 0.0708661 -0.724409 
vn 0.677165 0.275591 -0.685039 
vn 0.811024 -0.496063 -0.314961 
vn 0.692913 -0.015748 -0.724409 
vn 0.724409 -0.622047 -0.291339 
vn 0.488189 -0.251969 -0.834646 
vn 0.559055 -0.322835 -0.76378 

vt 0.00251129 0.981568 
vt 0.00247012 0.87057 
vt 0.0448998 0.87057 
vt 0.0449799 0.981568 
vt 0.0721214 0.981568 
vt 0.0720246 0.87057 
vt 0.0991727 0.87057 
vt 0.0992528 0.981568 
vt 0.141641 0.87057 
vt 0.141683 0.981568 
vt 0.421198 0.791082 
vt 0.421198 0.824685 
vt 0.403118 0.835004 
vt 0.402504 0.793434 
vt 0.421198 0.84407 
vt 0.364506 0.835185 
vt 0.363868 0.868492 
vt 0.403128 0.868492 
vt 0.36616 0.79405 
vt 0.351717 0.838776 
vt 0.351717 0.799059 
vt 0.351717 0.853196 
vt 0.14175 0.793149 
vt 0.160356 0.788164 
vt 0.159801 0.829294 
vt 0.14175 0.826525 
vt 0.194267 0.788458 
vt 0.196013 0.829519 
vt 0.196681 0.868492 
vt 0.159851 0.868492 
vt 0.14175 0.845935 
vt 0.212155 0.799769 
vt 0.212155 0.838813 
vt 0.212155 0.853196 
vt 0.153148 0.877378 
vt 0.165233 0.877377 
vt 0.165169 0.881258 
vt 0.154516 0.884288 
vt 0.15491 0.894301 
vt 0.146504 0.877379 
vt 0.148554 0.88802 
vt 0.15122 0.899001 
vt 0.151684 0.903619 
vt 0.154125 0.932861 
vt 0.146504 0.93286 
vt 0.148337 0.92203 
vt 0.154971 0.925578 
vt 0.164957 0.932862 
vt 0.151154 0.907649 
vt 0.155062 0.913161 
vt 0.165021 0.927758 
vt 0.165208 0.917149 
vt 0.180975 0.932862 
vt 0.180975 0.928826 
vt 0.180975 0.918927 
vt 0.16538 0.90362 
vt 0.180975 0.903621 
vt 0.155214 0.90362 
vt 0.165276 0.889791 
vt 0.180975 0.889568 
vt 0.196571 0.90362 
vt 0.196683 0.889794 
vt 0.196735 0.917146 
vt 0.207053 0.8943 
vt 0.206737 0.90362 
vt 0.196787 0.881258 
vt 0.207443 0.884288 
vt 0.180975 0.881114 
vt 0.180975 0.877377 
vt 0.196718 0.877377 
vt 0.208803 0.877378 
vt 0.213583 0.88802 
vt 0.210728 0.899001 
vt 0.216057 0.877379 
vt 0.213803 0.92203 
vt 0.210799 0.907649 
vt 0.210352 0.903619 
vt 0.216057 0.93286 
vt 0.206972 0.925578 
vt 0.206877 0.913162 
vt 0.196925 0.927757 
vt 0.207826 0.932861 
vt 0.196993 0.932862 
vt 0.0345519 0.868492 
vt 0.0270887 0.845377 
vt 0.0719795 0.844982 
vt 0.0721805 0.868492 
vt 0.0030807 0.868492 
vt 0.0030807 0.84407 
vt 0.0258326 0.819817 
vt 0.0718014 0.818444 
vt 0.116824 0.845003 
vt 0.109761 0.868492 
vt 0.117852 0.819129 
vt 0.0715576 0.800184 
vt 0.0240461 0.80217 
vt 0.0030807 0.824685 
vt 0.119308 0.801737 
vt 0.14175 0.826525 
vt 0.14175 0.845935 
vt 0.14175 0.868492 
vt 0.14175 0.793149 
vt 0.108841 0.762442 
vt 0.14175 0.7545 
vt 0.0340533 0.762912 
vt 0.0714555 0.762951 
vt 0.14175 0.733901 
vt 0.107558 0.733902 
vt 0.0351731 0.733902 
vt 0.0713581 0.733902 
vt 0.0030807 0.791082 
vt 0.0030807 0.751766 
vt 0.160581 0.700481 
vt 0.14175 0.708459 
vt 0.14175 0.70048 
vt 0.0030807 0.733902 
vt 0.0363027 0.717406 
vt 0.0712599 0.717237 
vt 0.106264 0.716911 
vt 0.157457 0.733901 
vt 0.14175 0.7545 
vt 0.14175 0.708459 
vt 0.106895 0.700481 
vt 0.14175 0.70048 
vt 0.0712348 0.700481 
vt 0.0030807 0.71739 
vt 0.0355929 0.700481 
vt 0.0030807 0.700481 
vt 0.186996 0.733901 
vt 0.155431 0.757525 
vt 0.159502 0.710631 
vt 0.14175 0.793149 
vt 0.160356 0.788164 
vt 0.185293 0.751494 
vt 0.212155 0.733901 
vt 0.188715 0.712229 
vt 0.190333 0.700481 
vt 0.212155 0.700481 
vt 0.212155 0.712324 
vt 0.245258 0.733901 
vt 0.212155 0.746103 
vt 0.246296 0.710854 
vt 0.194267 0.788458 
vt 0.244229 0.752138 
vt 0.212155 0.799769 
vt 0.282382 0.751508 
vt 0.282383 0.733901 
vt 0.282385 0.711209 
vt 0.282326 0.700481 
vt 0.245682 0.700481 
vt 0.31896 0.700481 
vt 0.318418 0.710822 
vt 0.319439 0.733901 
vt 0.32045 0.751795 
vt 0.282387 0.817949 
vt 0.232386 0.81867 
vt 0.212155 0.838813 
vt 0.233838 0.841174 
vt 0.332373 0.818396 
vt 0.330719 0.841151 
vt 0.28232 0.841275 
vt 0.351717 0.745507 
vt 0.351717 0.799059 
vt 0.351717 0.838776 
vt 0.329438 0.853359 
vt 0.351717 0.853196 
vt 0.282363 0.853378 
vt 0.234955 0.853362 
vt 0.212155 0.853196 
vt 0.244071 0.868492 
vt 0.212155 0.868492 
vt 0.320711 0.868492 
vt 0.282451 0.868492 
vt 0.351717 0.868492 
vt 0.351717 0.733901 
vt 0.351717 0.711953 
vt 0.351717 0.745507 
vt 0.374252 0.733901 
vt 0.351717 0.711953 
vt 0.372527 0.717365 
vt 0.36616 0.79405 
vt 0.351717 0.799059 
vt 0.375961 0.756461 
vt 0.405443 0.733902 
vt 0.403189 0.715595 
vt 0.370805 0.700481 
vt 0.401993 0.700481 
vt 0.351717 0.700481 
vt 0.421198 0.71739 
vt 0.421198 0.700481 
vt 0.407677 0.762506 
vt 0.421198 0.733902 
vt 0.402504 0.793434 
vt 0.421198 0.791082 
vt 0.421198 0.757415 

usemtl R6Builderman1Mtl

f 2912/2912/2912 2913/2913/2913 2914/2914/2914 
f 2912/2912/2912 2914/2914/2914 2915/2915/2915 
f 2916/2916/2916 2915/2915/2915 2914/2914/2914 
f 2916/2916/2916 2914/2914/2914 2917/2917/2917 
f 2916/2916/2916 2917/2917/2917 2918/2918/2918 
f 2916/2916/2916 2918/2918/2918 2919/2919/2919 
f 2918/2918/2918 2920/2920/2920 2921/2921/2921 
f 2918/2918/2918 2921/2921/2921 2919/2919/2919 
f 2922/2922/2922 2923/2923/2923 2924/2924/2924 
f 2922/2922/2922 2924/2924/2924 2925/2925/2925 
f 2926/2926/2926 2924/2924/2924 2923/2923/2923 
f 2927/2927/2927 2925/2925/2925 2924/2924/2924 
f 2928/2928/2928 2927/2927/2927 2924/2924/2924 
f 2928/2928/2928 2924/2924/2924 2929/2929/2929 
f 2926/2926/2926 2929/2929/2929 2924/2924/2924 
f 2927/2927/2927 2930/2930/2930 2925/2925/2925 
f 2927/2927/2927 2931/2931/2931 2932/2932/2932 
f 2927/2927/2927 2932/2932/2932 2930/2930/2930 
f 2933/2933/2933 2931/2931/2931 2927/2927/2927 
f 2933/2933/2933 2927/2927/2927 2928/2928/2928 
f 2934/2934/2934 2935/2935/2935 2936/2936/2936 
f 2934/2934/2934 2936/2936/2936 2937/2937/2937 
f 2935/2935/2935 2938/2938/2938 2939/2939/2939 
f 2935/2935/2935 2939/2939/2939 2936/2936/2936 
f 2936/2936/2936 2939/2939/2939 2940/2940/2940 
f 2936/2936/2936 2940/2940/2940 2941/2941/2941 
f 2936/2936/2936 2941/2941/2941 2942/2942/2942 
f 2936/2936/2936 2942/2942/2942 2937/2937/2937 
f 2939/2939/2939 2938/2938/2938 2943/2943/2943 
f 2939/2939/2939 2943/2943/2943 2944/2944/2944 
f 2939/2939/2939 2944/2944/2944 2945/2945/2945 
f 2939/2939/2939 2945/2945/2945 2940/2940/2940 
f 2946/2946/2946 2947/2947/2947 2948/2948/2948 
f 2946/2946/2946 2948/2948/2948 2949/2949/2949 
f 2948/2948/2948 2950/2950/2950 2949/2949/2949 
f 2951/2951/2951 2946/2946/2946 2949/2949/2949 
f 2951/2951/2951 2949/2949/2949 2952/2952/2952 
f 2949/2949/2949 2950/2950/2950 2953/2953/2953 
f 2949/2949/2949 2953/2953/2953 2952/2952/2952 
f 2950/2950/2950 2954/2954/2954 2953/2953/2953 
f 2955/2955/2955 2956/2956/2956 2957/2957/2957 
f 2955/2955/2955 2957/2957/2957 2958/2958/2958 
f 2959/2959/2959 2955/2955/2955 2958/2958/2958 
f 2956/2956/2956 2951/2951/2951 2952/2952/2952 
f 2956/2956/2956 2952/2952/2952 2957/2957/2957 
f 2957/2957/2957 2960/2960/2960 2961/2961/2961 
f 2957/2957/2957 2961/2961/2961 2958/2958/2958 
f 2952/2952/2952 2960/2960/2960 2957/2957/2957 
f 2959/2959/2959 2958/2958/2958 2962/2962/2962 
f 2958/2958/2958 2961/2961/2961 2963/2963/2963 
f 2958/2958/2958 2963/2963/2963 2962/2962/2962 
f 2964/2964/2964 2959/2959/2959 2962/2962/2962 
f 2964/2964/2964 2962/2962/2962 2965/2965/2965 
f 2962/2962/2962 2963/2963/2963 2966/2966/2966 
f 2962/2962/2962 2966/2966/2966 2965/2965/2965 
f 2963/2963/2963 2967/2967/2967 2968/2968/2968 
f 2963/2963/2963 2968/2968/2968 2966/2966/2966 
f 2961/2961/2961 2967/2967/2967 2963/2963/2963 
f 2960/2960/2960 2969/2969/2969 2961/2961/2961 
f 2961/2961/2961 2969/2969/2969 2967/2967/2967 
f 2952/2952/2952 2953/2953/2953 2960/2960/2960 
f 2960/2960/2960 2954/2954/2954 2969/2969/2969 
f 2953/2953/2953 2954/2954/2954 2960/2960/2960 
f 2970/2970/2970 2967/2967/2967 2969/2969/2969 
f 2970/2970/2970 2969/2969/2969 2950/2950/2950 
f 2950/2950/2950 2969/2969/2969 2954/2954/2954 
f 2971/2971/2971 2968/2968/2968 2967/2967/2967 
f 2971/2971/2971 2967/2967/2967 2970/2970/2970 
f 2966/2966/2966 2968/2968/2968 2972/2972/2972 
f 2973/2973/2973 2972/2972/2972 2968/2968/2968 
f 2973/2973/2973 2968/2968/2968 2971/2971/2971 
f 2965/2965/2965 2966/2966/2966 2974/2974/2974 
f 2966/2966/2966 2972/2972/2972 2974/2974/2974 
f 2975/2975/2975 2976/2976/2976 2972/2972/2972 
f 2975/2975/2975 2972/2972/2972 2973/2973/2973 
f 2974/2974/2974 2972/2972/2972 2976/2976/2976 
f 2977/2977/2977 2973/2973/2973 2971/2971/2971 
f 2978/2978/2978 2975/2975/2975 2973/2973/2973 
f 2978/2978/2978 2973/2973/2973 2977/2977/2977 
f 2979/2979/2979 2971/2971/2971 2970/2970/2970 
f 2977/2977/2977 2971/2971/2971 2979/2979/2979 
f 2979/2979/2979 2970/2970/2970 2948/2948/2948 
f 2948/2948/2948 2970/2970/2970 2950/2950/2950 
f 2947/2947/2947 2980/2980/2980 2979/2979/2979 
f 2947/2947/2947 2979/2979/2979 2948/2948/2948 
f 2980/2980/2980 2977/2977/2977 2979/2979/2979 
f 2980/2980/2980 2981/2981/2981 2977/2977/2977 
f 2981/2981/2981 2978/2978/2978 2977/2977/2977 
f 2981/2981/2981 2982/2982/2982 2978/2978/2978 
f 2982/2982/2982 2983/2983/2983 2978/2978/2978 
f 2983/2983/2983 2975/2975/2975 2978/2978/2978 
f 2983/2983/2983 2984/2984/2984 2975/2975/2975 
f 2984/2984/2984 2976/2976/2976 2975/2975/2975 
f 2985/2985/2985 2986/2986/2986 2983/2983/2983 
f 2982/2982/2982 2985/2985/2985 2983/2983/2983 
f 2986/2986/2986 2984/2984/2984 2983/2983/2983 
f 2986/2986/2986 2987/2987/2987 2984/2984/2984 
f 2987/2987/2987 2988/2988/2988 2984/2984/2984 
f 2984/2984/2984 2988/2988/2988 2976/2976/2976 
f 2989/2989/2989 2990/2990/2990 2986/2986/2986 
f 2985/2985/2985 2989/2989/2989 2986/2986/2986 
f 2990/2990/2990 2987/2987/2987 2986/2986/2986 
f 2990/2990/2990 2991/2991/2991 2987/2987/2987 
f 2991/2991/2991 2988/2988/2988 2987/2987/2987 
f 2991/2991/2991 2976/2976/2976 2988/2988/2988 
f 2992/2992/2992 2974/2974/2974 2991/2991/2991 
f 2992/2992/2992 2991/2991/2991 2990/2990/2990 
f 2974/2974/2974 2976/2976/2976 2991/2991/2991 
f 2989/2989/2989 2993/2993/2993 2990/2990/2990 
f 2993/2993/2993 2992/2992/2992 2990/2990/2990 
f 2994/2994/2994 2965/2965/2965 2992/2992/2992 
f 2993/2993/2993 2994/2994/2994 2992/2992/2992 
f 2965/2965/2965 2974/2974/2974 2992/2992/2992 
f 2994/2994/2994 2964/2964/2964 2965/2965/2965 
f 2995/2995/2995 2996/2996/2996 2997/2997/2997 
f 2995/2995/2995 2997/2997/2997 2998/2998/2998 
f 2999/2999/2999 2996/2996/2996 2995/2995/2995 
f 2999/2999/2999 3000/3000/3000 2996/2996/2996 
f 2997/2997/2997 2996/2996/2996 3001/3001/3001 
f 3000/3000/3000 3001/3001/3001 2996/2996/2996 
f 2997/2997/2997 3001/3001/3001 3002/3002/3002 
f 2997/2997/2997 3003/3003/3003 3004/3004/3004 
f 2997/2997/2997 3004/3004/3004 2998/2998/2998 
f 3005/3005/3005 3003/3003/3003 2997/2997/2997 
f 3005/3005/3005 2997/2997/2997 3002/3002/3002 
f 3006/3006/3006 3002/3002/3002 3001/3001/3001 
f 3006/3006/3006 3001/3001/3001 3007/3007/3007 
f 3008/3008/3008 3007/3007/3007 3001/3001/3001 
f 3000/3000/3000 3008/3008/3008 3001/3001/3001 
f 3006/3006/3006 3005/3005/3005 3002/3002/3002 
f 3006/3006/3006 3009/3009/3009 3005/3005/3005 
f 3010/3010/3010 3005/3005/3005 3009/3009/3009 
f 3005/3005/3005 3010/3010/3010 3011/3011/3011 
f 3005/3005/3005 3011/3011/3011 3003/3003/3003 
f 3003/3003/3003 3011/3011/3011 3012/3012/3012 
f 3003/3003/3003 3012/3012/3012 3004/3004/3004 
f 3010/3010/3010 3009/3009/3009 3013/3013/3013 
f 3014/3014/3014 3009/3009/3009 3006/3006/3006 
f 3009/3009/3009 3014/3014/3014 3015/3015/3015 
f 3009/3009/3009 3015/3015/3015 3013/3013/3013 
f 3006/3006/3006 3007/3007/3007 3016/3016/3016 
f 3006/3006/3006 3016/3016/3016 3017/3017/3017 
f 3014/3014/3014 3006/3006/3006 3017/3017/3017 
f 3018/3018/3018 3015/3015/3015 3014/3014/3014 
f 3018/3018/3018 3014/3014/3014 3019/3019/3019 
f 3019/3019/3019 3014/3014/3014 3017/3017/3017 
f 3017/3017/3017 3016/3016/3016 3020/3020/3020 
f 3017/3017/3017 3020/3020/3020 3021/3021/3021 
f 3019/3019/3019 3017/3017/3017 3021/3021/3021 
f 3007/3007/3007 3022/3022/3022 3023/3023/3023 
f 3008/3008/3008 3022/3022/3022 3007/3007/3007 
f 3024/3024/3024 3025/3025/3025 3026/3026/3026 
f 3007/3007/3007 3023/3023/3023 3016/3016/3016 
f 3023/3023/3023 3020/3020/3020 3016/3016/3016 
f 3023/3023/3023 3027/3027/3027 3020/3020/3020 
f 3027/3027/3027 3028/3028/3028 3020/3020/3020 
f 3020/3020/3020 3028/3028/3028 3029/3029/3029 
f 3020/3020/3020 3029/3029/3029 3021/3021/3021 
f 3030/3030/3030 3019/3019/3019 3021/3021/3021 
f 3030/3030/3030 3021/3021/3021 3029/3029/3029 
f 3030/3030/3030 3018/3018/3018 3019/3019/3019 
f 3031/3031/3031 3032/3032/3032 3018/3018/3018 
f 3025/3025/3025 3031/3031/3031 3018/3018/3018 
f 3030/3030/3030 3033/3033/3033 3018/3018/3018 
f 3034/3034/3034 3030/3030/3030 3029/3029/3029 
f 3035/3035/3035 3033/3033/3033 3030/3030/3030 
f 3035/3035/3035 3030/3030/3030 3034/3034/3034 
f 3036/3036/3036 3029/3029/3029 3028/3028/3028 
f 3034/3034/3034 3029/3029/3029 3036/3036/3036 
f 3037/3037/3037 3038/3038/3038 3028/3028/3028 
f 3027/3027/3027 3037/3037/3037 3028/3028/3028 
f 3036/3036/3036 3028/3028/3028 3038/3038/3038 
f 3037/3037/3037 3039/3039/3039 3038/3038/3038 
f 3040/3040/3040 3041/3041/3041 3031/3031/3031 
f 3031/3031/3031 3041/3041/3041 3032/3032/3032 
f 3042/3042/3042 3040/3040/3040 3031/3031/3031 
f 3025/3025/3025 3042/3042/3042 3031/3031/3031 
f 3041/3041/3041 3043/3043/3043 3032/3032/3032 
f 3041/3041/3041 3044/3044/3044 3043/3043/3043 
f 3044/3044/3044 3041/3041/3041 3045/3045/3045 
f 3040/3040/3040 3045/3045/3045 3041/3041/3041 
f 3046/3046/3046 3045/3045/3045 3040/3040/3040 
f 3047/3047/3047 3046/3046/3046 3040/3040/3040 
f 3042/3042/3042 3047/3047/3047 3040/3040/3040 
f 3024/3024/3024 3042/3042/3042 3025/3025/3025 
f 3048/3048/3048 3047/3047/3047 3042/3042/3042 
f 3048/3048/3048 3042/3042/3042 3024/3024/3024 
f 3047/3047/3047 3048/3048/3048 3049/3049/3049 
f 3047/3047/3047 3049/3049/3049 3050/3050/3050 
f 3047/3047/3047 3050/3050/3050 3046/3046/3046 
f 3051/3051/3051 3052/3052/3052 3046/3046/3046 
f 3046/3046/3046 3052/3052/3052 3045/3045/3045 
f 3053/3053/3053 3051/3051/3051 3046/3046/3046 
f 3053/3053/3053 3046/3046/3046 3050/3050/3050 
f 3044/3044/3044 3045/3045/3045 3054/3054/3054 
f 3054/3054/3054 3045/3045/3045 3052/3052/3052 
f 3055/3055/3055 3056/3056/3056 3052/3052/3052 
f 3054/3054/3054 3052/3052/3052 3056/3056/3056 
f 3051/3051/3051 3055/3055/3055 3052/3052/3052 
f 3057/3057/3057 3055/3055/3055 3051/3051/3051 
f 3057/3057/3057 3051/3051/3051 3058/3058/3058 
f 3051/3051/3051 3053/3053/3053 3059/3059/3059 
f 3051/3051/3051 3059/3059/3059 3058/3058/3058 
f 3060/3060/3060 3059/3059/3059 3053/3053/3053 
f 3060/3060/3060 3053/3053/3053 3061/3061/3061 
f 3061/3061/3061 3053/3053/3053 3050/3050/3050 
f 3061/3061/3061 3050/3050/3050 3049/3049/3049 
f 3062/3062/3062 3059/3059/3059 3060/3060/3060 
f 3063/3063/3063 3058/3058/3058 3059/3059/3059 
f 3062/3062/3062 3063/3063/3063 3059/3059/3059 
f 3064/3064/3064 3057/3057/3057 3058/3058/3058 
f 3063/3063/3063 3064/3064/3064 3058/3058/3058 
f 3065/3065/3065 3066/3066/3066 3057/3057/3057 
f 3066/3066/3066 3055/3055/3055 3057/3057/3057 
f 3064/3064/3064 3065/3065/3065 3057/3057/3057 
f 3066/3066/3066 3067/3067/3067 3055/3055/3055 
f 3055/3055/3055 3067/3067/3067 3056/3056/3056 
f 3067/3067/3067 3068/3068/3068 3056/3056/3056 
f 3066/3066/3066 3069/3069/3069 3067/3067/3067 
f 3067/3067/3067 3069/3069/3069 3068/3068/3068 
f 3066/3066/3066 3070/3070/3070 3071/3071/3071 
f 3066/3066/3066 3071/3071/3071 3072/3072/3072 
f 3065/3065/3065 3070/3070/3070 3066/3066/3066 
f 3066/3066/3066 3072/3072/3072 3069/3069/3069 
f 3065/3065/3065 3073/3073/3073 3074/3074/3074 
f 3065/3065/3065 3074/3074/3074 3070/3070/3070 
f 3073/3073/3073 3065/3065/3065 3064/3064/3064 
f 3070/3070/3070 3074/3074/3074 3075/3075/3075 
f 3070/3070/3070 3075/3075/3075 3071/3071/3071 
f 3076/3076/3076 3072/3072/3072 3071/3071/3071 
f 3077/3077/3077 3076/3076/3076 3071/3071/3071 
f 3077/3077/3077 3071/3071/3071 3075/3075/3075 
f 3076/3076/3076 3078/3078/3078 3072/3072/3072 
f 3072/3072/3072 3078/3078/3078 3079/3079/3079 
f 3072/3072/3072 3079/3079/3079 3069/3069/3069 
f 3069/3069/3069 3079/3079/3079 3080/3080/3080 
f 3069/3069/3069 3080/3080/3080 3068/3068/3068 
f 3079/3079/3079 3081/3081/3081 3082/3082/3082 
f 3079/3079/3079 3082/3082/3082 3080/3080/3080 
f 3078/3078/3078 3081/3081/3081 3079/3079/3079 
f 3078/3078/3078 3076/3076/3076 3083/3083/3083 
f 3078/3078/3078 3083/3083/3083 3084/3084/3084 
f 3078/3078/3078 3084/3084/3084 3081/3081/3081 
f 3076/3076/3076 3077/3077/3077 3085/3085/3085 
f 3076/3076/3076 3085/3085/3085 3083/3083/3083 
f 3073/3073/3073 3064/3064/3064 3086/3086/3086 
f 3064/3064/3064 3063/3063/3063 3087/3087/3087 
f 3064/3064/3064 3087/3087/3087 3086/3086/3086 
f 3088/3088/3088 3086/3086/3086 3089/3089/3089 
f 3086/3086/3086 3090/3090/3090 3091/3091/3091 
f 3086/3086/3086 3091/3091/3091 3089/3089/3089 
f 3092/3092/3092 3093/3093/3093 3088/3088/3088 
f 3092/3092/3092 3088/3088/3088 3094/3094/3094 
f 3088/3088/3088 3089/3089/3089 3094/3094/3094 
f 3094/3094/3094 3089/3089/3089 3095/3095/3095 
f 3089/3089/3089 3091/3091/3091 3096/3096/3096 
f 3089/3089/3089 3096/3096/3096 3095/3095/3095 
f 3091/3091/3091 3097/3097/3097 3098/3098/3098 
f 3091/3091/3091 3098/3098/3098 3096/3096/3096 
f 3091/3091/3091 3090/3090/3090 3099/3099/3099 
f 3091/3091/3091 3099/3099/3099 3097/3097/3097 
f 3100/3100/3100 3095/3095/3095 3096/3096/3096 
f 3101/3101/3101 3100/3100/3100 3096/3096/3096 
f 3101/3101/3101 3096/3096/3096 3098/3098/3098 
f 3094/3094/3094 3095/3095/3095 3102/3102/3102 
f 3103/3103/3103 3102/3102/3102 3095/3095/3095 
f 3100/3100/3100 3103/3103/3103 3095/3095/3095 
f 3104/3104/3104 3092/3092/3092 3094/3094/3094 
f 3104/3104/3104 3094/3094/3094 3102/3102/3102 
f 3105/3105/3105 3104/3104/3104 3102/3102/3102 
f 3105/3105/3105 3102/3102/3102 3106/3106/3106 
f 3103/3103/3103 3106/3106/3106 3102/3102/3102 
f 3099/3099/3099 3087/3087/3087 3063/3063/3063 
f 3099/3099/3099 3063/3063/3063 3062/3062/3062 

