# This file is brought to you by Roblox Corporation
# Generated by Roblox Studio

mtllib R15 Bacon.mtl

g Handle1

v -6.729 4.49648 15.9403 
v -6.74947 4.8577 16.0081 
v -6.66728 4.82454 15.7667 
v -6.64295 4.46114 15.7556 
v -6.72745 5.08187 16.011 
v -6.6663 5.06436 15.7658 
v -6.5692 5.29724 15.7543 
v -6.60992 5.29955 15.9974 
v -6.36898 5.41569 15.952 
v -6.35314 5.40916 15.7086 
v -5.81379 5.46659 15.8277 
v -5.81776 5.42298 15.5989 
v -6.13669 5.45455 15.6653 
v -6.13354 5.46429 15.909 
v -5.69302 5.37932 15.7759 
v -5.70138 5.32266 15.5708 
v -6.58052 4.49589 15.9452 
v -6.49447 4.46054 15.7864 
v -6.51847 4.81561 15.7842 
v -6.60066 4.84877 16.0147 
v -6.51856 4.98607 15.7816 
v -6.57972 5.00358 16.0263 
v -6.4589 5.1516 15.7685 
v -6.28737 5.24158 15.7234 
v -6.32296 5.2481 15.971 
v -6.49963 5.15391 16.0212 
v -5.8808 5.26563 15.8353 
v -6.12582 5.27998 15.9243 
v -6.09414 5.27023 15.6806 
v -5.84625 5.25109 15.6065 
v -5.6854 5.25397 15.7568 
v -5.68599 5.22767 15.5556 
v -6.58052 4.49589 15.9452 
v -6.60066 4.84877 16.0147 
v -6.51847 4.81561 15.7842 
v -6.49447 4.46054 15.7864 
v -6.49447 4.46054 15.7864 
v -6.58052 4.49589 15.9452 
v -6.57972 5.00358 16.0263 
v -6.51856 4.98607 15.7816 
v -6.49963 5.15391 16.0212 
v -6.32296 5.2481 15.971 
v -6.28737 5.24158 15.7234 
v -6.4589 5.1516 15.7685 
v -5.84625 5.25109 15.6065 
v -6.09414 5.27023 15.6806 
v -6.12582 5.27998 15.9243 
v -5.8808 5.26563 15.8353 
v -5.68599 5.22767 15.5556 
v -5.6854 5.25397 15.7568 
v -5.6854 5.25397 15.7568 
v -5.68599 5.22767 15.5556 
v -6.4589 5.1516 15.7685 
v -6.49963 5.15391 16.0212 
v -5.71982 5.32512 15.5352 
v -5.68599 5.22767 15.5556 
v -5.67747 5.18138 15.4506 
v -5.71026 5.27384 15.4047 
v -6.11807 5.40973 15.4712 
v -5.94488 5.43712 15.499 
v -5.9162 5.3781 15.2977 
v -6.06527 5.34799 15.2476 
v -6.47145 5.14631 15.4012 
v -6.2738 5.34154 15.4417 
v -6.18404 5.28339 15.221 
v -6.35748 5.09863 15.1981 
v -6.62122 4.75802 15.4079 
v -6.57819 4.93744 15.3964 
v -6.45116 4.90675 15.1914 
v -6.48503 4.73898 15.2049 
v -6.61362 4.61843 15.4383 
v -6.48518 4.53741 15.2643 
v -5.83772 5.24229 15.5519 
v -5.82695 5.26008 15.3788 
v -5.67747 5.18138 15.4506 
v -5.68599 5.22767 15.5556 
v -6.0757 5.23464 15.5282 
v -6.02291 5.2224 15.3046 
v -5.91046 5.26391 15.341 
v -5.93914 5.24813 15.5423 
v -6.3524 5.05138 15.4611 
v -6.27926 5.02525 15.2659 
v -6.12949 5.17829 15.2811 
v -6.21924 5.18695 15.5018 
v -6.48616 4.75463 15.4721 
v -6.39116 4.73559 15.2822 
v -6.36339 4.86865 15.2574 
v -6.44917 4.87769 15.4624 
v -6.47568 4.63724 15.4949 
v -6.38844 4.55622 15.3412 
v -5.83772 5.24229 15.5519 
v -5.68599 5.22767 15.5556 
v -5.81626 5.4228 15.5189 
v -5.67747 5.18138 15.4506 
v -5.82695 5.26008 15.3788 
v -5.80549 5.3658 15.3458 
v -6.0757 5.23464 15.5282 
v -5.93914 5.24813 15.5423 
v -5.91046 5.26391 15.341 
v -6.02291 5.2224 15.3046 
v -6.3524 5.05138 15.4611 
v -6.21924 5.18695 15.5018 
v -6.12949 5.17829 15.2811 
v -6.27926 5.02525 15.2659 
v -6.48616 4.75463 15.4721 
v -6.44917 4.87769 15.4624 
v -6.36339 4.86865 15.2574 
v -6.39116 4.73559 15.2822 
v -6.47568 4.63724 15.4949 
v -6.38844 4.55622 15.3412 
v -6.38844 4.55622 15.3412 
v -6.47568 4.63724 15.4949 
v -6.02291 5.2224 15.3046 
v -6.0757 5.23464 15.5282 
v -5.67346 5.27197 16.0207 
v -5.68537 5.2321 15.7001 
v -5.71291 5.35084 15.6927 
v -5.71471 5.40304 16.0138 
v -5.88374 5.47749 16.0149 
v -5.86339 5.42882 15.698 
v -6.17604 5.43817 15.7739 
v -6.17921 5.4743 16.0983 
v -6.41674 5.36932 15.877 
v -6.39079 5.38616 16.1852 
v -6.72502 5.08093 16.0407 
v -6.66238 5.07896 16.322 
v -6.57477 5.24564 16.2606 
v -6.62604 5.24558 15.9666 
v -6.74632 4.44229 16.4259 
v -6.73899 4.5504 16.3946 
v -6.81048 4.54359 16.1436 
v -6.81907 4.44044 16.1815 
v -5.67346 5.27197 16.0207 
v -5.89086 5.34631 16.0408 
v -5.87051 5.29764 15.7238 
v -5.68537 5.2321 15.7001 
v -6.14887 5.34285 16.1132 
v -6.14569 5.30671 15.7888 
v -6.36261 5.26203 15.8807 
v -6.33667 5.27887 16.1889 
v -6.61113 5.02767 16.0158 
v -6.55124 5.1593 15.9606 
v -6.49996 5.15936 16.2547 
v -6.54848 5.02571 16.2971 
v -6.6325 4.39326 16.3824 
v -6.70524 4.39141 16.138 
v -6.69257 4.51144 16.1012 
v -6.62108 4.51825 16.3521 
v -5.68537 5.2321 15.7001 
v -5.87051 5.29764 15.7238 
v -5.89086 5.34631 16.0408 
v -5.67346 5.27197 16.0207 
v -6.14569 5.30671 15.7888 
v -6.14887 5.34285 16.1132 
v -6.33667 5.27887 16.1889 
v -6.36261 5.26203 15.8807 
v -6.54848 5.02571 16.2971 
v -6.49996 5.15936 16.2547 
v -6.55124 5.1593 15.9606 
v -6.61113 5.02767 16.0158 
v -6.6325 4.39326 16.3824 
v -6.62108 4.51825 16.3521 
v -6.69257 4.51144 16.1012 
v -6.70524 4.39141 16.138 
v -6.70524 4.39141 16.138 
v -6.6325 4.39326 16.3824 
v -6.65502 4.8776 16.0655 
v -6.67545 4.64063 16.0857 
v -6.79732 4.65634 16.1271 
v -6.77591 4.90232 16.1048 
v -6.60518 4.65226 16.3431 
v -6.67545 4.64063 16.0857 
v -6.65502 4.8776 16.0655 
v -6.58255 4.87388 16.3358 
v -6.72705 4.66798 16.3845 
v -6.60518 4.65226 16.3431 
v -6.58255 4.87388 16.3358 
v -6.70344 4.89859 16.3751 
v -6.14778 5.45464 16.3195 
v -5.83317 5.44627 16.2264 
v -5.86844 5.46102 15.9958 
v -6.19608 5.45391 16.0907 
v -6.45704 5.12756 16.5443 
v -6.39789 5.2782 16.4738 
v -6.53752 5.29199 16.3026 
v -6.6106 5.12437 16.3828 
v -5.73337 5.39447 15.9768 
v -5.74216 5.3894 16.2181 
v -5.68861 5.26426 16.2094 
v -5.67346 5.27197 15.9602 
v -6.4486 4.77285 16.6837 
v -6.47439 4.97732 16.6146 
v -6.64185 4.95718 16.4629 
v -6.61452 4.73899 16.5248 
v -6.38694 5.40232 16.187 
v -6.2904 5.39538 16.3855 
v -6.1318 5.35172 16.3067 
v -6.1801 5.35099 16.0778 
v -5.88949 5.35754 15.9924 
v -5.85422 5.34278 16.223 
v -6.39841 5.07429 16.4888 
v -6.55197 5.0711 16.3273 
v -6.48745 5.21758 16.2602 
v -6.34782 5.20379 16.4314 
v -5.67346 5.27197 15.9602 
v -5.68861 5.26426 16.2094 
v -6.37912 4.75892 16.6096 
v -6.54503 4.72506 16.4507 
v -6.57469 4.92501 16.3943 
v -6.40723 4.94514 16.546 
v -6.35296 5.31446 16.1586 
v -6.25642 5.30752 16.357 
v -6.1318 5.35172 16.3067 
v -5.85422 5.34278 16.223 
v -5.88949 5.35754 15.9924 
v -6.1801 5.35099 16.0778 
v -6.39841 5.07429 16.4888 
v -6.34782 5.20379 16.4314 
v -6.48745 5.21758 16.2602 
v -6.55197 5.0711 16.3273 
v -5.68861 5.26426 16.2094 
v -5.67346 5.27197 15.9602 
v -6.37912 4.75892 16.6096 
v -6.40723 4.94514 16.546 
v -6.57469 4.92501 16.3943 
v -6.54503 4.72506 16.4507 
v -6.54503 4.72506 16.4507 
v -6.37912 4.75892 16.6096 
v -6.25642 5.30752 16.357 
v -6.35296 5.31446 16.1586 
v -6.19587 4.91828 16.7795 
v -6.3689 4.91934 16.6588 
v -6.33754 4.6168 16.7264 
v -6.14574 4.60732 16.842 
v -6.19907 5.18759 16.6917 
v -6.34341 5.19477 16.5547 
v -6.14496 5.29744 16.6228 
v -6.27093 5.31099 16.4633 
v -5.90157 5.40913 16.5193 
v -5.97617 5.43955 16.3188 
v -6.15863 5.38725 16.3924 
v -6.05327 5.36653 16.577 
v -5.73065 5.36053 16.2269 
v -5.80835 5.43456 16.2511 
v -5.76203 5.39523 16.4661 
v -5.7077 5.32968 16.4506 
v -6.13789 4.9029 16.6998 
v -6.09094 4.60521 16.7576 
v -6.28274 4.6147 16.642 
v -6.31092 4.90396 16.5791 
v -6.14486 5.13235 16.6329 
v -6.2892 5.13953 16.4959 
v -6.22992 5.23797 16.4184 
v -6.10395 5.2244 16.5779 
v -5.90016 5.31332 16.4994 
v -6.02708 5.27353 16.5478 
v -6.13244 5.29425 16.3631 
v -5.97476 5.34374 16.2989 
v -5.68861 5.26426 16.2094 
v -5.69168 5.24137 16.4432 
v -5.78341 5.29682 16.4548 
v -5.82973 5.33616 16.2398 
v -6.31092 4.90396 16.5791 
v -6.28274 4.6147 16.642 
v -6.28274 4.6147 16.642 
v -6.09094 4.60521 16.7576 
v -6.09094 4.60521 16.7576 
v -6.13789 4.9029 16.6998 
v -6.2892 5.13953 16.4959 
v -6.14486 5.13235 16.6329 
v -6.22992 5.23797 16.4184 
v -6.10395 5.2244 16.5779 
v -5.97476 5.34374 16.2989 
v -6.13244 5.29425 16.3631 
v -6.02708 5.27353 16.5478 
v -5.90016 5.31332 16.4994 
v -5.68861 5.26426 16.2094 
v -5.82973 5.33616 16.2398 
v -5.78341 5.29682 16.4548 
v -5.69168 5.24137 16.4432 
v -5.68861 5.26426 16.2094 
v -5.69168 5.24137 16.4432 
v -6.13244 5.29425 16.3631 
v -6.02708 5.27353 16.5478 
v -6.05455 4.90017 16.8255 
v -6.21505 4.90116 16.7136 
v -6.18596 4.62052 16.7762 
v -6.00805 4.61173 16.8835 
v -6.07596 5.09475 16.8331 
v -6.20985 5.10141 16.7061 
v -6.08044 5.28226 16.5698 
v -5.98271 5.26305 16.7411 
v -5.85719 5.33439 16.673 
v -5.92693 5.36243 16.4873 
v -5.70801 5.30302 16.4422 
v -5.78008 5.3717 16.4351 
v -5.73711 5.3352 16.6345 
v -5.68672 5.27441 16.6161 
v -6.00076 4.88591 16.7516 
v -5.95721 4.60977 16.8052 
v -6.13513 4.61857 16.698 
v -6.16127 4.8869 16.6397 
v -6.02567 5.04351 16.7786 
v -6.15956 5.05017 16.6515 
v -6.05615 5.196 16.5426 
v -5.95842 5.17679 16.7139 
v -5.85545 5.24556 16.6544 
v -5.92519 5.27361 16.4687 
v -5.69168 5.24137 16.4432 
v -5.67186 5.19249 16.6133 
v -5.75695 5.24392 16.624 
v -5.79991 5.28042 16.4246 
v -6.16127 4.8869 16.6397 
v -6.13513 4.61857 16.698 
v -6.13513 4.61857 16.698 
v -5.95721 4.60977 16.8052 
v -5.95721 4.60977 16.8052 
v -6.00076 4.88591 16.7516 
v -6.15956 5.05017 16.6515 
v -6.02567 5.04351 16.7786 
v -6.05615 5.196 16.5426 
v -6.15956 5.05017 16.6515 
v -6.02567 5.04351 16.7786 
v -5.95842 5.17679 16.7139 
v -5.92519 5.27361 16.4687 
v -5.85545 5.24556 16.6544 
v -5.69168 5.24137 16.4432 
v -5.79991 5.28042 16.4246 
v -5.75695 5.24392 16.624 
v -5.67186 5.19249 16.6133 
v -5.69168 5.24137 16.4432 
v -5.67186 5.19249 16.6133 
v -5.90636 5.01803 16.9259 
v -6.05247 5.07764 16.8417 
v -6.0778 4.91241 16.8771 
v -5.93418 4.87346 16.9571 
v -5.79714 5.21219 16.8342 
v -5.884 5.28915 16.7143 
v -5.96044 5.25171 16.7638 
v -5.82972 5.18187 16.8538 
v -6.0662 4.70372 16.9044 
v -5.91351 4.64601 16.9853 
v -6.01825 5.18043 16.8161 
v -5.88058 5.1152 16.9035 
v -5.8684 4.97574 16.8352 
v -5.88783 4.8541 16.863 
v -6.03145 4.89305 16.7829 
v -6.01451 5.03535 16.751 
v -5.76862 5.14609 16.763 
v -5.81417 5.10458 16.7853 
v -5.9449 5.17442 16.6953 
v -5.84958 5.20202 16.6701 
v -5.86458 4.63725 16.8904 
v -6.01726 4.69495 16.8095 
v -5.99258 5.11894 16.7376 
v -5.85491 5.05372 16.825 
v -6.01451 5.03535 16.751 
v -6.03145 4.89305 16.7829 
v -5.88783 4.8541 16.863 
v -5.8684 4.97574 16.8352 
v -5.84958 5.20202 16.6701 
v -5.9449 5.17442 16.6953 
v -5.81417 5.10458 16.7853 
v -5.76862 5.14609 16.763 
v -6.01726 4.69495 16.8095 
v -6.01726 4.69495 16.8095 
v -5.86458 4.63725 16.8904 
v -5.86458 4.63725 16.8904 
v -5.85491 5.05372 16.825 
v -5.99258 5.11894 16.7376 
v -5.68368 5.1625 16.7116 
v -5.67186 5.19249 16.6133 
v -5.74146 5.29798 16.612 
v -5.73639 5.20775 16.7878 
v -5.67186 5.19249 16.6133 
v -5.68368 5.1625 16.7116 
v -5.67186 5.19249 16.6133 
v -5.68368 5.1625 16.7116 
v -5.85491 5.05372 16.825 
v -5.99258 5.11894 16.7376 
v -5.68177 4.60571 16.9108 
v -5.68854 4.85562 16.9119 
v -5.87781 4.84452 16.8977 
v -5.86665 4.61257 16.8921 
v -5.68509 5.03258 16.8928 
v -5.87084 5.03714 16.8853 
v -5.68519 5.19121 16.81 
v -5.68368 5.1625 16.7116 
v -5.86473 5.14151 16.7237 
v -5.8601 5.19078 16.8153 
v -5.67418 4.60744 16.8243 
v -5.85906 4.61429 16.8056 
v -5.87145 4.84182 16.8113 
v -5.68218 4.85292 16.8255 
v -5.86821 5.01518 16.8023 
v -5.68247 5.01062 16.8099 
v -5.68509 5.13047 16.7542 
v -5.86001 5.13004 16.7595 
v -5.86473 5.14151 16.7237 
v -5.68368 5.1625 16.7116 
v -5.67418 4.60744 16.8243 
v -5.68218 4.85292 16.8255 
v -5.87145 4.84182 16.8113 
v -5.85906 4.61429 16.8056 
v -5.85906 4.61429 16.8056 
v -5.67418 4.60744 16.8243 
v -5.68247 5.01062 16.8099 
v -5.86821 5.01518 16.8023 
v -5.68509 5.13047 16.7542 
v -5.68368 5.1625 16.7116 
v -5.86473 5.14151 16.7237 
v -5.86001 5.13004 16.7595 
v -5.68247 5.01062 16.8099 
v -5.86821 5.01518 16.8023 
v -5.15946 4.63884 16.0189 
v -5.19876 4.6035 15.8013 
v -5.14338 4.83087 15.7992 
v -5.10748 4.83735 16.0141 
v -5.12856 5.09118 15.773 
v -5.1747 5.25975 15.724 
v -5.16027 5.25133 15.9447 
v -5.09656 5.06461 15.9848 
v -5.40583 5.45053 15.8521 
v -5.28864 5.39537 15.891 
v -5.28549 5.38563 15.6729 
v -5.40331 5.42507 15.6324 
v -5.67183 5.37932 15.7759 
v -5.54116 5.46659 15.8073 
v -5.53936 5.42298 15.5989 
v -5.66772 5.32266 15.5708 
v -5.26533 4.63824 16.0163 
v -5.23388 4.81441 16.0133 
v -5.26977 4.80793 15.7853 
v -5.30462 4.6029 15.7826 
v -5.27844 5.04266 15.7647 
v -5.24645 5.0161 15.9861 
v -5.28784 5.1614 15.953 
v -5.30979 5.16983 15.7275 
v -5.44773 5.28684 15.8906 
v -5.4554 5.27487 15.6638 
v -5.40574 5.25421 15.6883 
v -5.39386 5.26395 15.9064 
v -5.69226 5.25397 15.8139 
v -5.69168 5.22767 15.6043 
v -5.51273 5.25109 15.6486 
v -5.50992 5.26563 15.8724 
v -5.23388 4.81441 16.0133 
v -5.26533 4.63824 16.0163 
v -5.30462 4.6029 15.7826 
v -5.26533 4.63824 16.0163 
v -5.30462 4.6029 15.7826 
v -5.26977 4.80793 15.7853 
v -5.24645 5.0161 15.9861 
v -5.28784 5.1614 15.953 
v -5.30979 5.16983 15.7275 
v -5.27844 5.04266 15.7647 
v -5.4554 5.27487 15.6638 
v -5.40574 5.25421 15.6883 
v -5.39386 5.26395 15.9064 
v -5.44773 5.28684 15.8906 
v -5.69168 5.22767 15.6043 
v -5.51273 5.25109 15.6486 
v -5.50992 5.26563 15.8724 
v -5.69226 5.25397 15.8139 
v -5.69226 5.25397 15.8139 
v -5.69168 5.22767 15.6043 
v -5.4554 5.27487 15.6638 
v -5.44773 5.28684 15.8906 
v -5.67682 5.32512 15.5352 
v -5.67484 5.27384 15.4047 
v -5.67747 5.18138 15.4506 
v -5.68599 5.22767 15.5556 
v -5.40638 5.36608 15.4733 
v -5.45917 5.30435 15.268 
v -5.59486 5.30215 15.3549 
v -5.5841 5.35915 15.5226 
v -5.26093 5.19384 15.4086 
v -5.30788 5.14108 15.2093 
v -5.36154 5.2397 15.2205 
v -5.31151 5.29718 15.4313 
v -5.25562 4.83197 15.4529 
v -5.31897 4.75095 15.3075 
v -5.56264 5.19612 15.5556 
v -5.68599 5.22767 15.5556 
v -5.67747 5.18138 15.4506 
v -5.5734 5.19642 15.3775 
v -5.44874 5.1832 15.5303 
v -5.50154 5.17876 15.3331 
v -5.36756 5.04826 15.4975 
v -5.38433 5.12456 15.5034 
v -5.43504 5.13875 15.299 
v -5.41594 5.06748 15.3026 
v -5.41571 4.76976 15.3519 
v -5.35236 4.85078 15.5038 
v -5.56264 5.19612 15.5556 
v -5.68599 5.22767 15.5556 
v -5.67747 5.18138 15.4506 
v -5.5734 5.19642 15.3775 
v -5.44874 5.1832 15.5303 
v -5.50154 5.17876 15.3331 
v -5.36756 5.04826 15.4975 
v -5.38433 5.12456 15.5034 
v -5.43504 5.13875 15.299 
v -5.41594 5.06748 15.3026 
v -5.41571 4.76976 15.3519 
v -5.41594 5.06748 15.3026 
v -5.36756 5.04826 15.4975 
v -5.35236 4.85078 15.5038 
v -5.41571 4.76976 15.3519 
v -5.35236 4.85078 15.5038 
v -5.50154 5.17876 15.3331 
v -5.44874 5.1832 15.5303 
v -5.68252 5.28027 16.0788 
v -5.64023 5.40304 16.0682 
v -5.64204 5.35084 15.8077 
v -5.68873 5.2321 15.8151 
v -5.52519 5.46615 16.104 
v -5.33228 5.42953 16.1604 
v -5.33546 5.39339 15.8973 
v -5.54554 5.41749 15.8305 
v -5.22439 5.31666 15.9344 
v -5.18079 5.37458 16.1988 
v -5.10773 5.24608 16.2327 
v -5.08717 5.05567 16.2692 
v -5.13602 5.01821 15.9999 
v -5.14794 5.18745 15.9665 
v -5.06755 4.59343 16.337 
v -5.05924 4.59282 16.0754 
v -5.15677 4.809 16.0412 
v -5.15987 4.82028 16.3142 
v -5.68252 5.28027 16.0788 
v -5.68873 5.2321 15.8151 
v -5.53842 5.2863 15.8563 
v -5.51806 5.33497 16.1298 
v -5.3856 5.25627 15.9121 
v -5.38242 5.29241 16.1752 
v -5.30372 5.20251 15.944 
v -5.27277 5.24104 16.2085 
v -5.1814 4.52657 16.3334 
v -5.28511 4.78535 16.3153 
v -5.28201 4.77406 16.0422 
v -5.17309 4.52596 16.0718 
v -5.68873 5.2321 15.8151 
v -5.53842 5.2863 15.8563 
v -5.51806 5.33497 16.1298 
v -5.68252 5.28027 16.0788 
v -5.3856 5.25627 15.9121 
v -5.38242 5.29241 16.1752 
v -5.27277 5.24104 16.2085 
v -5.30372 5.20251 15.944 
v -5.25722 4.95627 16.0018 
v -5.27914 5.10367 15.9692 
v -5.1814 4.52657 16.3334 
v -5.28511 4.78535 16.3153 
v -5.28201 4.77406 16.0422 
v -5.17309 4.52596 16.0718 
v -5.17309 4.52596 16.0718 
v -5.1814 4.52657 16.3334 
v -5.22119 4.98437 16.2711 
v -5.21147 5.14536 16.2355 
v -5.27914 5.10367 15.9692 
v -5.25722 4.95627 16.0018 
v -5.21147 5.14536 16.2355 
v -5.22119 4.98437 16.2711 
v -5.21147 5.14536 16.2355 
v -5.27914 5.10367 15.9692 
v -5.52177 5.44627 16.2487 
v -5.35332 5.42406 16.3097 
v -5.32631 5.39408 16.0787 
v -5.4865 5.4296 15.9958 
v -5.15087 5.12252 16.456 
v -5.09407 5.09138 16.2588 
v -5.15926 5.28007 16.1974 
v -5.20384 5.32299 16.3975 
v -5.62158 5.39447 15.9768 
v -5.67346 5.27197 15.9602 
v -5.68861 5.26426 16.2094 
v -5.61279 5.3894 16.2181 
v -5.23403 4.77285 16.5407 
v -5.1435 4.73899 16.3481 
v -5.08715 4.95718 16.3104 
v -5.17923 4.97732 16.4957 
v -5.28517 5.06996 16.4 
v -5.30369 5.24858 16.3648 
v -5.20932 5.20566 16.155 
v -5.15298 5.03883 16.2203 
v -5.46546 5.32611 15.9924 
v -5.50073 5.34278 16.2453 
v -5.68861 5.26426 16.2094 
v -5.67346 5.27197 15.9602 
v -5.30352 4.75892 16.4665 
v -5.32177 4.94514 16.4271 
v -5.15432 4.92501 16.2754 
v -5.21299 4.72506 16.3076 
v -5.40656 5.33532 16.2866 
v -5.34133 5.30534 16.0555 
v -5.34133 5.30534 16.0555 
v -5.46546 5.32611 15.9924 
v -5.28517 5.06996 16.4 
v -5.30369 5.24858 16.3648 
v -5.20932 5.20566 16.155 
v -5.15298 5.03883 16.2203 
v -5.50073 5.34278 16.2453 
v -5.68861 5.26426 16.2094 
v -5.67346 5.27197 15.9602 
v -5.30352 4.75892 16.4665 
v -5.32177 4.94514 16.4271 
v -5.15432 4.92501 16.2754 
v -5.21299 4.72506 16.3076 
v -5.21299 4.72506 16.3076 
v -5.30352 4.75892 16.4665 
v -5.40656 5.33532 16.2866 
v -5.40656 5.33532 16.2866 
v -5.34133 5.30534 16.0555 
v -5.30953 4.91828 16.626 
v -5.34052 4.60732 16.6416 
v -5.14872 4.6168 16.526 
v -5.1365 4.91934 16.5054 
v -5.32902 5.18759 16.5924 
v -5.18468 5.19477 16.4203 
v -5.23647 5.30928 16.3708 
v -5.38299 5.28402 16.5526 
v -5.64913 5.30766 16.4531 
v -5.47613 5.34566 16.4997 
v -5.32763 5.38725 16.3091 
v -5.5574 5.42017 16.2394 
v -5.6472 5.32282 16.2221 
v -5.68573 5.25322 16.4442 
v -5.38469 4.9029 16.5463 
v -5.19449 4.90396 16.4257 
v -5.20353 4.6147 16.4417 
v -5.39532 4.60521 16.5573 
v -5.40361 5.13235 16.5335 
v -5.23889 5.13953 16.3614 
v -5.27595 5.2342 16.3275 
v -5.44916 5.21441 16.5105 
v -5.66757 5.2525 16.4456 
v -5.55393 5.31981 16.247 
v -5.35382 5.29425 16.2799 
v -5.5347 5.26309 16.4729 
v -5.68861 5.26426 16.2061 
v -5.69168 5.24137 16.4432 
v -5.19449 4.90396 16.4257 
v -5.20353 4.6147 16.4417 
v -5.20353 4.6147 16.4417 
v -5.39532 4.60521 16.5573 
v -5.39532 4.60521 16.5573 
v -5.38469 4.9029 16.5463 
v -5.23889 5.13953 16.3614 
v -5.40361 5.13235 16.5335 
v -5.27595 5.2342 16.3275 
v -5.44916 5.21441 16.5105 
v -5.55393 5.31981 16.247 
v -5.35382 5.29425 16.2799 
v -5.5347 5.26309 16.4729 
v -5.66757 5.2525 16.4456 
v -5.68861 5.26426 16.2061 
v -5.69168 5.24137 16.4432 
v -5.68861 5.26426 16.2061 
v -5.69168 5.24137 16.4432 
v -5.35382 5.29425 16.2799 
v -5.5347 5.26309 16.4729 
v -5.47216 5.03894 16.7937 
v -5.44434 4.89437 16.8249 
v -5.29069 4.93331 16.7449 
v -5.31602 5.09855 16.7095 
v -5.58423 5.2365 16.6942 
v -5.54881 5.20277 16.7215 
v -5.41808 5.27261 16.6315 
v -5.52149 5.31736 16.5782 
v -5.46501 4.66692 16.8531 
v -5.31233 4.72462 16.7722 
v -5.51013 4.99665 16.703 
v -5.35398 5.05626 16.6187 
v -5.33704 4.91396 16.6507 
v -5.49069 4.87501 16.7307 
v -5.61988 5.17654 16.6216 
v -5.55818 5.23995 16.5066 
v -5.43363 5.19533 16.563 
v -5.56435 5.12549 16.653 
v -5.36126 4.71586 16.6773 
v -5.51394 4.65815 16.7582 
v -5.35398 5.05626 16.6187 
v -5.33704 4.91396 16.6507 
v -5.49069 4.87501 16.7307 
v -5.51013 4.99665 16.703 
v -5.55818 5.23995 16.5066 
v -5.43363 5.19533 16.563 
v -5.56435 5.12549 16.653 
v -5.61988 5.17654 16.6216 
v -5.36126 4.71586 16.6773 
v -5.36126 4.71586 16.6773 
v -5.51394 4.65815 16.7582 
v -5.51394 4.65815 16.7582 
v -5.56435 5.12549 16.653 
v -5.43363 5.19533 16.563 
v -5.69484 5.1834 16.5794 
v -5.64214 5.22866 16.6555 
v -5.63706 5.31888 16.5174 
v -5.69168 5.24137 16.4432 
v -5.69168 5.24137 16.4432 
v -5.69484 5.1834 16.5794 
v -5.69168 5.24137 16.4432 
v -5.69484 5.1834 16.5794 
v -5.72163 4.58098 16.8301 
v -5.52897 4.58783 16.7453 
v -5.5166 4.81978 16.747 
v -5.71486 4.83088 16.829 
v -5.5272 5.0124 16.7375 
v -5.72423 5.00784 16.812 
v -5.75064 5.16647 16.7335 
v -5.5964 5.16605 16.687 
v -5.67186 5.19249 16.6133 
v -5.78354 5.13776 16.6407 
v -5.75649 4.5827 16.7506 
v -5.74855 4.82819 16.7491 
v -5.55029 4.81708 16.6672 
v -5.56383 4.58956 16.6658 
v -5.75326 4.98589 16.7342 
v -5.55622 4.99045 16.6597 
v -5.76859 5.10573 16.6806 
v -5.78354 5.13776 16.6407 
v -5.67186 5.19249 16.6133 
v -5.61436 5.1053 16.6341 
v -5.75649 4.5827 16.7506 
v -5.74855 4.82819 16.7491 
v -5.55029 4.81708 16.6672 
v -5.56383 4.58956 16.6658 
v -5.56383 4.58956 16.6658 
v -5.75649 4.5827 16.7506 
v -5.75326 4.98589 16.7342 
v -5.55622 4.99045 16.6597 
v -5.76859 5.10573 16.6806 
v -5.78354 5.13776 16.6407 
v -5.67186 5.19249 16.6133 
v -5.61436 5.1053 16.6341 
v -5.75326 4.98589 16.7342 
v -5.55622 4.99045 16.6597 
v -5.67682 5.32512 15.6923 
v -5.67484 5.27384 15.5438 
v -5.68599 5.22767 15.5556 
v -5.68537 5.2321 15.7001 
v -5.40638 5.36608 15.6589 
v -5.42595 5.30435 15.4926 
v -5.59486 5.30215 15.512 
v -5.5841 5.35915 15.6797 
v -5.34891 5.25931 15.4829 
v -5.31555 5.2996 15.6593 
v -5.30788 5.1747 15.4733 
v -5.26093 5.19384 15.6598 
v -5.27877 4.99899 15.6876 
v -5.33455 4.94653 15.5064 
v -5.56264 5.25342 15.7127 
v -5.68537 5.2321 15.7001 
v -5.68599 5.22767 15.5556 
v -5.5734 5.19642 15.5345 
v -5.44874 5.24049 15.7159 
v -5.46832 5.17876 15.5333 
v -5.3733 5.19988 15.7043 
v -5.40738 5.15989 15.5257 
v -5.38224 5.1011 15.5182 
v -5.42096 4.92269 15.5379 
v -5.36452 4.97487 15.7134 
v -5.33386 5.11964 15.6928 
v -5.56264 5.25342 15.7127 
v -5.68537 5.2321 15.7001 
v -5.68599 5.22767 15.5556 
v -5.5734 5.19642 15.5345 
v -5.44874 5.24049 15.7159 
v -5.46832 5.17876 15.5333 
v -5.3733 5.19988 15.7043 
v -5.40738 5.15989 15.5257 
v -5.42096 4.92269 15.5379 
v -5.38224 5.1011 15.5182 
v -5.33386 5.11964 15.6928 
v -5.36452 4.97487 15.7134 
v -5.41571 4.76976 15.5549 
v -5.31897 4.75095 15.5348 
v -5.25562 4.83197 15.7114 
v -5.35236 4.85078 15.7311 
v -5.3733 5.19988 15.7043 
v -5.40738 5.15989 15.5257 
v -5.35236 4.85078 15.7311 
v -5.41571 4.76976 15.5549 
v -5.35236 4.85078 15.7311 
v -5.41571 4.76976 15.5549 
v -6.58246 4.81237 15.4218 
v -6.62641 4.82186 15.6414 
v -6.5639 4.99793 15.6289 
v -6.52443 4.98106 15.4065 
v -5.71405 5.30766 15.4995 
v -6.04009 5.38661 15.4416 
v -6.06307 5.43066 15.6742 
v -5.77879 5.42017 15.7229 
v -5.68754 5.32282 15.729 
v -5.67664 5.25322 15.5038 
v -6.48322 4.81027 15.4382 
v -6.43184 4.94513 15.416 
v -6.47609 4.94638 15.6414 
v -6.52717 4.81975 15.6578 
v -5.64448 5.26426 15.7398 
v -5.78317 5.28087 15.7157 
v -5.69482 5.21356 15.5047 
v -5.6706 5.24137 15.5041 
v -6.52717 4.81975 15.6578 
v -6.48322 4.81027 15.4382 
v -6.43184 4.94513 15.416 
v -6.48322 4.81027 15.4382 
v -6.52717 4.81975 15.6578 
v -6.47609 4.94638 15.6414 
v -6.01727 5.19728 15.6725 
v -5.78317 5.28087 15.7157 
v -5.64448 5.26426 15.7398 
v -5.78317 5.28087 15.7157 
v -5.69482 5.21356 15.5047 
v -5.6706 5.24137 15.5041 
v -5.64448 5.26426 15.7398 
v -5.6706 5.24137 15.5041 
v -6.01727 5.19728 15.6725 
v -5.97191 5.22629 15.4255 
v -5.97191 5.22629 15.4255 
v -6.44999 5.22369 15.6376 
v -6.375 5.11666 15.6458 
v -6.18476 5.19959 15.6584 
v -6.24489 5.37093 15.6552 
v -6.33041 5.12464 15.4138 
v -6.13977 5.21828 15.4187 
v -6.18476 5.19959 15.6584 
v -6.375 5.11666 15.6458 
v -6.41556 5.19852 15.4122 
v -6.21629 5.33616 15.4261 
v -6.13977 5.21828 15.4187 
v -6.33041 5.12464 15.4138 
v -6.01727 5.19728 15.6725 
v -5.97191 5.22629 15.4255 
v -5.59165 5.25923 16.096 
v -5.69373 5.25923 16.082 
v -5.60204 5.42664 16.0946 
v -5.52828 5.35184 16.1048 
v -5.18153 5.36453 16.1526 
v -5.17808 5.47266 16.153 
v -5.20199 5.47266 16.3265 
v -5.20543 5.36453 16.326 
v -5.55219 5.35184 16.2782 
v -5.62594 5.42664 16.268 
v -5.71763 5.25923 16.2554 
v -5.61555 5.25923 16.2695 
v -5.61555 5.25923 16.2695 
v -5.71763 5.25923 16.2554 
v -5.69373 5.25923 16.082 
v -5.59165 5.25923 16.096 
v -5.52828 5.35184 16.1048 
v -5.55219 5.35184 16.2782 
v -5.50722 5.47772 16.1077 
v -5.47526 5.38842 16.1121 
v -5.47526 5.38842 16.1121 
v -5.49916 5.38842 16.2855 
v -5.49916 5.38842 16.2855 
v -5.53113 5.47772 16.2811 
v -5.39959 5.39433 16.1225 
v -5.39259 5.49715 16.1235 
v -5.28752 5.49338 16.1379 
v -5.29278 5.38795 16.1372 
v -5.42349 5.39433 16.2959 
v -5.39959 5.39433 16.1225 
v -5.29278 5.38795 16.1372 
v -5.31668 5.38795 16.3107 
v -5.31668 5.38795 16.3107 
v -5.31142 5.49338 16.3114 
v -5.41649 5.49715 16.2969 
v -5.42349 5.39433 16.2959 
v -5.47526 5.38842 16.1121 
v -5.49916 5.38842 16.2855 
v -5.18153 5.36453 16.1526 
v -5.18153 5.36453 16.1526 
v -5.20543 5.36453 16.326 
v -5.20543 5.36453 16.326 
v -5.9382 4.72298 15.1401 
v -6.05661 4.72498 15.2733 
v -6.14216 4.76864 15.1892 
v -6.02375 4.76664 15.056 
v -5.76225 5.40285 15.2587 
v -5.94277 5.40285 15.3317 
v -5.91028 5.40197 15.3824 
v -5.7427 5.36891 15.3488 
v -5.71026 5.27384 15.4047 
v -5.87856 5.32503 15.4498 
v -5.87856 5.1912 15.4498 
v -5.67747 5.18138 15.4506 
v -5.71106 5.18608 15.3721 
v -5.91028 5.19108 15.3824 
v -5.94277 5.19096 15.3317 
v -5.76948 5.19096 15.2774 
v -5.94277 5.19096 15.3317 
v -5.91028 5.19108 15.3824 
v -5.71106 5.18608 15.3721 
v -5.76948 5.19096 15.2774 
v -5.98256 5.17856 15.2973 
v -5.80366 5.17755 15.212 
v -5.94277 5.19096 15.3317 
v -6.01622 5.35018 15.2267 
v -5.98256 5.17856 15.2973 
v -5.83733 5.34918 15.1414 
v -5.76948 5.19096 15.2774 
v -5.80366 5.17755 15.212 
v -5.86793 5.12901 15.1594 
v -6.03306 5.13101 15.2695 
v -6.05981 5.00198 15.2572 
v -5.91623 4.99998 15.1277 
v -6.03306 5.13101 15.2695 
v -6.09955 5.21636 15.169 
v -6.13913 5.06836 15.1667 
v -6.05981 5.00198 15.2572 
v -5.93441 5.21436 15.0589 
v -5.99555 5.06636 15.0371 
v -5.86793 5.12901 15.1594 
v -5.91623 4.99998 15.1277 
v -6.15071 4.89113 15.1776 
v -6.02459 4.88913 15.0391 
v -6.06417 4.84747 15.261 
v -6.05661 4.72498 15.2733 
v -5.93804 4.84547 15.1225 
v -6.06417 4.84747 15.261 
v -6.05661 4.72498 15.2733 
v -5.9382 4.72298 15.1401 
v -5.93804 4.84547 15.1225 
v -5.9382 4.72298 15.1401 
v -5.67747 5.18138 15.4506 
v -5.67747 5.18138 15.4506 
v -5.87856 5.1912 15.4498 
v -5.87856 5.1912 15.4498 
v -5.38953 5.48077 15.9338 
v -5.42892 5.58009 15.9229 
v -5.47991 5.57805 16.0904 
v -5.44052 5.47873 16.1012 
v -5.58726 5.32131 15.8718 
v -5.65378 5.39434 15.8524 
v -5.55409 5.51153 15.884 
v -5.49769 5.42581 15.9002 
v -5.63825 5.31928 16.0393 
v -5.58726 5.32131 15.8718 
v -5.49769 5.42581 15.9002 
v -5.54868 5.42378 16.0677 
v -5.54868 5.42378 16.0677 
v -5.60508 5.50949 16.0515 
v -5.70477 5.3923 16.0198 
v -5.63825 5.31928 16.0393 
v -5.62385 5.25017 15.8599 
v -5.70562 5.28315 15.8354 
v -5.67484 5.24813 16.0274 
v -5.62385 5.25017 15.8599 
v -5.75661 5.28111 16.0028 
v -5.67484 5.24813 16.0274 
v -5.38953 5.48077 15.9338 
v -5.38953 5.48077 15.9338 
v -5.44052 5.47873 16.1012 
v -5.44052 5.47873 16.1012 
v -5.7987 5.25346 16.2488 
v -5.83304 5.3557 16.2836 
v -5.75144 5.41366 16.2535 
v -5.70937 5.23336 16.2013 
v -6.13361 5.43628 16.4459 
v -6.05719 5.40647 16.6008 
v -6.03555 5.51194 16.6086 
v -6.11197 5.54174 16.4536 
v -5.75663 5.32589 16.4385 
v -5.72229 5.22365 16.4038 
v -5.63296 5.20356 16.3562 
v -5.67503 5.38385 16.4084 
v -5.72229 5.22365 16.4038 
v -5.75663 5.32589 16.4385 
v -5.83304 5.3557 16.2836 
v -5.7987 5.25346 16.2488 
v -5.87111 5.40158 16.3104 
v -5.82278 5.48183 16.3006 
v -5.79469 5.37178 16.4653 
v -5.87111 5.40158 16.3104 
v -5.79469 5.37178 16.4653 
v -5.74636 5.45203 16.4555 
v -5.93598 5.42221 16.346 
v -6.03091 5.43707 16.3954 
v -6.01148 5.54027 16.4038 
v -5.91867 5.52323 16.3551 
v -5.85957 5.39241 16.5009 
v -5.95449 5.40726 16.5503 
v -6.03091 5.43707 16.3954 
v -5.93598 5.42221 16.346 
v -5.95449 5.40726 16.5503 
v -5.85957 5.39241 16.5009 
v -5.84225 5.49343 16.51 
v -5.93506 5.51047 16.5588 
v -5.87111 5.40158 16.3104 
v -5.79469 5.37178 16.4653 
v -6.13361 5.43628 16.4459 
v -6.05719 5.40647 16.6008 
v -6.13361 5.43628 16.4459 
v -6.05719 5.40647 16.6008 
v -5.92203 5.31713 16.0388 
v -5.50188 5.26843 16.2117 
v -5.48457 5.26843 16.1247 
v -5.60051 5.26843 16.3592 
v -5.74805 5.26843 16.4579 
v -5.92203 5.26843 16.4925 
v -5.74805 5.26843 15.6174 
v -5.92203 5.26843 15.5829 
v -5.66643 5.26843 15.6721 
v -5.50188 5.26843 15.8636 
v -5.60051 5.26843 15.7161 
v -5.46726 5.26843 16.0377 
v -5.31556 5.19764 16.1594 
v -5.29158 5.19764 16.0388 
v -5.47624 5.19764 16.4846 
v -5.33953 5.19764 16.28 
v -5.68073 5.19764 16.6213 
v -5.92203 5.19764 16.6693 
v -5.67747 5.18138 15.4506 
v -5.92203 5.19764 15.4083 
v -5.56771 5.19764 15.5318 
v -5.33953 5.19764 15.7974 
v -5.47624 5.19764 15.5929 
v -5.26566 5.09798 16.1693 
v -5.2397 5.09798 16.0388 
v -5.4395 5.09798 16.5212 
v -5.29161 5.09798 16.2999 
v -5.66091 5.09798 16.6691 
v -5.92203 5.09798 16.7211 
v -5.53855 5.09798 15.4901 
v -5.29161 5.09798 15.7776 
v -5.4395 5.09798 15.5563 
v -5.26527 4.76398 16.1885 
v -5.23936 4.72805 16.077 
v -5.23953 4.91828 16.0574 
v -5.26547 4.93573 16.1786 
v -5.43982 4.85449 16.5212 
v -5.44014 4.59674 16.5212 
v -5.29117 4.7025 16.2999 
v -5.2914 4.90587 16.2999 
v -5.64523 4.83496 16.6926 
v -5.42414 4.84735 16.5447 
v -5.92203 4.83318 16.7211 
v -5.92203 4.57196 16.7211 
v -5.66091 4.54521 16.6691 
v -5.66091 4.83318 16.6691 
v -5.29521 4.72254 15.7776 
v -5.29336 4.9156 15.7776 
v -5.29865 4.36331 15.7776 
v -5.29714 4.52128 15.799 
v -5.23918 4.53643 16.051 
v -5.23904 4.3826 15.999 
v -5.43581 4.99091 15.5563 
v -5.43771 5.04597 15.5563 
v -5.53532 5.05219 15.4901 
v -5.53698 5.07573 15.4901 
v -5.44029 4.51095 16.5212 
v -5.29964 4.60899 16.3127 
v -5.66091 4.44758 16.6691 
v -5.92203 4.44758 16.7211 
v -5.29617 4.62273 15.7882 
v -5.23927 4.63302 16.0663 
v -5.44046 4.39422 16.5212 
v -5.32709 4.51694 16.3535 
v -5.66091 4.31809 16.6691 
v -5.92325 4.3058 16.7237 
v -5.92203 5.31713 16.0388 
v -6.37681 5.26843 16.0377 
v -6.3595 5.26843 16.1247 
v -6.34218 5.26843 16.2117 
v -6.24355 5.26843 16.3592 
v -6.09601 5.26843 16.4579 
v -5.92203 5.26843 16.4925 
v -5.92203 5.26843 15.5829 
v -6.09601 5.26843 15.6174 
v -6.17764 5.26843 15.6721 
v -6.24355 5.26843 15.7161 
v -6.34218 5.26843 15.8636 
v -6.55249 5.19764 16.0388 
v -6.52851 5.19764 16.1594 
v -6.50453 5.19764 16.28 
v -6.36782 5.19764 16.4846 
v -6.16334 5.19764 16.6213 
v -5.92203 5.19764 16.6693 
v -5.92203 5.19764 15.4083 
v -6.16334 5.19764 15.4562 
v -6.27635 5.19764 15.5318 
v -6.36782 5.19764 15.5929 
v -6.50453 5.19764 15.7974 
v -6.60436 5.09798 16.0388 
v -6.57841 5.09798 16.1693 
v -6.55245 5.09798 16.2999 
v -6.40456 5.09798 16.5212 
v -6.18315 5.09798 16.6691 
v -6.18627 5.10317 16.6848 
v -5.92515 5.10317 16.7368 
v -6.30552 5.09798 15.4901 
v -6.40456 5.09798 15.5563 
v -6.55245 5.09798 15.7776 
v -6.5788 4.76398 16.1885 
v -6.5786 4.92985 16.179 
v -6.60454 4.91176 16.058 
v -6.6047 4.72805 16.077 
v -6.40424 4.84566 16.5212 
v -6.55267 4.8989 16.2999 
v -6.55289 4.7025 16.2999 
v -6.40392 4.59674 16.5212 
v -6.18315 4.83318 16.6691 
v -6.18315 4.57196 16.6691 
v -5.92899 4.83576 16.7561 
v -6.19011 4.83576 16.704 
v -6.1939 4.57196 16.711 
v -5.93278 4.57196 16.763 
v -6.54885 4.72254 15.7776 
v -6.55064 4.90899 15.7776 
v -6.54541 4.36331 15.7776 
v -6.60502 4.3826 15.999 
v -6.60488 4.53643 16.051 
v -6.54693 4.52128 15.799 
v -6.40642 5.04408 15.5563 
v -6.40826 4.99091 15.5563 
v -6.30874 5.05219 15.4901 
v -6.30714 5.07493 15.4901 
v -6.51325 4.62339 16.3378 
v -6.40378 4.51095 16.5212 
v -6.18315 4.4205 16.6691 
v -6.1939 4.4205 16.723 
v -5.93278 4.44758 16.7751 
v -6.5479 4.62273 15.7882 
v -6.60479 4.63302 16.0663 
v -6.51697 4.51694 16.3535 
v -6.4036 4.39422 16.5212 
v -6.18315 4.31809 16.6691 
v -5.92203 4.44758 16.7211 
v -5.92325 4.3058 16.7237 
v -5.34161 4.5305 16.0492 
v -5.34149 4.39974 16.0049 
v -5.41633 4.51393 16.3063 
v -5.393 4.59218 16.2716 
v -5.5127 4.40962 16.4488 
v -5.41633 4.51393 16.3063 
v -5.70008 4.34491 16.5745 
v -5.66091 4.25514 16.6691 
v -5.92325 4.33285 16.6213 
v -5.70008 4.28196 16.5745 
v -5.39087 4.51762 15.835 
v -5.39005 4.60385 15.8258 
v -5.39216 4.38334 15.8168 
v -5.34149 4.39974 16.0049 
v -5.39216 4.38334 15.8168 
v -5.38923 4.68869 15.8168 
v -5.50874 4.9168 15.6287 
v -5.59333 4.96889 15.5724 
v -5.70008 5.10509 15.5029 
v -5.34176 4.69338 16.0713 
v -5.34169 4.6126 16.0622 
v -5.36378 4.73122 16.166 
v -5.3858 4.67166 16.2608 
v -6.50257 4.39974 16.0049 
v -6.50245 4.5305 16.0492 
v -6.41989 4.60657 16.2967 
v -6.42773 4.51393 16.3063 
v -6.51697 4.47654 16.3535 
v -6.42773 4.47353 16.3063 
v -6.33137 4.40962 16.4488 
v -6.14399 4.34491 16.5745 
v -5.92325 4.33285 16.6213 
v -6.45402 4.60385 15.8258 
v -6.45319 4.51762 15.835 
v -6.45191 4.38334 15.8168 
v -6.45191 4.38334 15.8168 
v -6.50257 4.39974 16.0049 
v -6.33533 4.9168 15.6287 
v -6.45483 4.68869 15.8168 
v -6.25074 4.96889 15.5724 
v -6.14398 5.12968 15.475 
v -6.50238 4.6126 16.0622 
v -6.5023 4.69338 16.0713 
v -6.48028 4.73122 16.166 
v -6.45826 4.67166 16.2608 
v -5.92423 5.11624 15.4519 
v -5.92423 5.11624 15.4519 
v -5.92203 5.09798 16.7211 
v -5.92203 4.57196 16.7211 
v -5.92203 4.83318 16.7211 
v -5.40878 4.59671 16.5681 
v -5.62954 4.54519 16.716 
v -5.92325 4.33285 16.6213 
v -5.70008 4.34491 16.5745 
v -5.70008 4.28196 16.5745 
v -5.70008 4.28196 16.5745 
v -6.42773 4.47353 16.3063 
v -6.33137 4.40962 16.4488 
v -5.34149 4.39974 16.0049 
v -5.34161 4.5305 16.0492 
v -5.51041 4.8142 16.1005 
v -5.51032 4.72146 16.0691 
v -5.393 4.59218 16.2716 
v -5.41633 4.51393 16.3063 
v -5.5634 4.80245 16.2828 
v -5.54685 4.85794 16.2582 
v -5.5127 4.40962 16.4488 
v -5.63174 4.72847 16.3839 
v -5.76463 4.68258 16.4731 
v -5.92289 4.67403 16.5062 
v -5.39005 4.60385 15.8258 
v -5.39087 4.51762 15.835 
v -5.54534 4.80507 15.9486 
v -5.54475 4.86622 15.9421 
v -5.39216 4.38334 15.8168 
v -5.54625 4.70984 15.9357 
v -5.50874 4.9168 15.6287 
v -5.38923 4.68869 15.8168 
v -5.54418 4.92639 15.9357 
v -5.62893 5.08816 15.8022 
v -5.59333 4.96889 15.5724 
v -5.68892 5.1251 15.7623 
v -5.70008 5.10509 15.5029 
v -5.76463 5.2217 15.713 
v -5.34169 4.6126 16.0622 
v -5.34176 4.69338 16.0713 
v -5.51051 4.92971 16.1162 
v -5.51046 4.87242 16.1097 
v -5.36378 4.73122 16.166 
v -5.52613 4.95655 16.1834 
v -5.3858 4.67166 16.2608 
v -5.54175 4.91431 16.2505 
v -6.50245 4.5305 16.0492 
v -6.50257 4.39974 16.0049 
v -6.33374 4.72146 16.0691 
v -6.33366 4.8142 16.1005 
v -6.42773 4.51393 16.3063 
v -6.41989 4.60657 16.2967 
v -6.27511 4.86815 16.276 
v -6.28067 4.80245 16.2828 
v -6.33137 4.40962 16.4488 
v -6.21233 4.72847 16.3839 
v -6.14399 4.34491 16.5745 
v -6.07944 4.68258 16.4731 
v -5.92325 4.33285 16.6213 
v -5.92289 4.67403 16.5062 
v -6.45319 4.51762 15.835 
v -6.45402 4.60385 15.8258 
v -6.29931 4.86622 15.9421 
v -6.29872 4.80507 15.9486 
v -6.45191 4.38334 15.8168 
v -6.29781 4.70984 15.9357 
v -6.45483 4.68869 15.8168 
v -6.33533 4.9168 15.6287 
v -6.21513 5.08816 15.8022 
v -6.29989 4.92639 15.9357 
v -6.25074 4.96889 15.5724 
v -6.15514 5.1251 15.7623 
v -6.14398 5.12968 15.475 
v -6.07944 5.23914 15.6933 
v -6.5023 4.69338 16.0713 
v -6.50238 4.6126 16.0622 
v -6.33361 4.87242 16.1097 
v -6.33355 4.92971 16.1162 
v -6.48028 4.73122 16.166 
v -6.31794 4.95655 16.1834 
v -6.45826 4.67166 16.2608 
v -6.30232 4.91431 16.2505 
v -5.92423 5.11624 15.4519 
v -5.92359 5.2296 15.6769 
v -5.92423 5.11624 15.4519 
v -5.92359 5.2296 15.6769 
v -5.92208 5.19436 16.2256 
v -5.92207 5.19435 16.2256 
v -5.92206 5.19435 16.2256 
v -5.92205 5.19435 16.2256 
v -5.92203 5.19435 16.2256 
v -5.92203 5.19435 16.2256 
v -5.92201 5.19435 16.2256 
v -5.92201 5.19435 16.2256 
v -5.922 5.19435 16.2256 
v -5.92199 5.19436 16.2256 
v -5.92199 5.19437 16.2256 
v -5.92199 5.19437 16.2256 
v -5.92199 5.19437 16.2256 
v -5.92198 5.19437 16.2256 
v -5.92198 5.19437 16.2256 
v -5.92198 5.19437 16.2256 
v -5.92198 5.19436 16.2256 
v -5.92199 5.19436 16.2256 
v -5.92199 5.19436 16.2256 
v -5.92199 5.19437 16.2256 
v -5.92199 5.19437 16.2256 
v -5.922 5.19437 16.2256 
v -5.92201 5.19438 16.2256 
v -5.92203 5.19438 16.2256 
v -5.92203 5.19438 16.2256 
v -5.92205 5.19438 16.2256 
v -5.92207 5.19437 16.2256 
v -5.92207 5.19437 16.2256 
v -5.92208 5.19437 16.2256 
v -5.92208 5.19436 16.2256 
v -5.92208 5.19436 16.2256 
v -5.92208 5.19436 16.2256 
v -5.92208 5.19437 16.2256 
v -5.92208 5.19437 16.2256 
v -5.92208 5.19437 16.2256 
v -5.92208 5.19437 16.2256 
v -5.92208 5.19437 16.2256 
v -5.92208 5.19437 16.2256 
v -6.58406 4.44047 16.0097 
v -6.59327 4.48963 16.1045 
v -6.59309 4.64379 16.0864 
v -6.58723 4.59448 15.9775 
v -6.59441 4.7382 16.0684 
v -6.5792 4.68971 15.9449 
v -6.53557 4.44156 16.0128 
v -6.5387 4.59595 15.9796 
v -6.54456 4.64526 16.0885 
v -6.54478 4.49071 16.1076 
v -6.53063 4.69146 15.9456 
v -6.54584 4.73994 16.0691 
v -6.53557 4.44156 16.0128 
v -6.54478 4.49071 16.1076 
v -6.54478 4.49071 16.1076 
v -6.54456 4.64526 16.0885 
v -6.5387 4.59595 15.9796 
v -6.53557 4.44156 16.0128 
v -6.54584 4.73994 16.0691 
v -6.53063 4.69146 15.9456 
v -5.26 4.44047 16.0097 
v -5.25684 4.59448 15.9775 
v -5.25098 4.64379 16.0864 
v -5.25079 4.48963 16.1045 
v -5.26487 4.68971 15.9449 
v -5.24966 4.7382 16.0684 
v -5.3085 4.44156 16.0128 
v -5.29929 4.49071 16.1076 
v -5.2995 4.64526 16.0885 
v -5.30536 4.59595 15.9796 
v -5.29822 4.73994 16.0691 
v -5.31343 4.69146 15.9456 
v -5.3085 4.44156 16.0128 
v -5.29929 4.49071 16.1076 
v -5.29929 4.49071 16.1076 
v -5.2995 4.64526 16.0885 
v -5.30536 4.59595 15.9796 
v -5.3085 4.44156 16.0128 
v -5.29822 4.73994 16.0691 
v -5.31343 4.69146 15.9456 

vn -0.944882 0.00787402 -0.322835 
vn -0.944882 0.00787402 -0.322835 
vn -0.944882 0.00787402 -0.322835 
vn -0.905512 -0.0472441 -0.417323 
vn -0.937008 0.0944882 -0.330709 
vn -0.968504 0 -0.244094 
vn -0.448819 0.889764 -0.0866142 
vn -0.448819 0.889764 -0.0866142 
vn -0.448819 0.889764 -0.0866142 
vn -0.464567 0.88189 -0.0551181 
vn 0.0551181 0.984252 -0.188976 
vn 0.0551181 0.984252 -0.188976 
vn 0.0551181 0.984252 -0.188976 
vn -0.015748 1 -0.0393701 
vn 0.598425 0.76378 -0.23622 
vn 0.598425 0.76378 -0.23622 
vn 0.88189 0.0629921 0.464567 
vn 0.88189 0.0629921 0.464567 
vn 0.88189 0.0629921 0.464567 
vn 0.944882 -0.015748 0.338583 
vn 0.968504 0.00787402 0.244094 
vn 0.968504 0.00787402 0.244094 
vn 0.480315 -0.874016 0.0944882 
vn 0.480315 -0.874016 0.0944882 
vn 0.480315 -0.874016 0.0944882 
vn 0.488189 -0.866142 0.0866142 
vn -0.0472441 -1 0.0314961 
vn -0.0472441 -1 0.0314961 
vn -0.0472441 -1 0.0314961 
vn -0.0629921 -1 0.0551181 
vn -0.0393701 -1 0.0551181 
vn -0.102362 -0.984252 0.125984 
vn 0.88189 0.0629921 0.464567 
vn 0.944882 -0.015748 0.338583 
vn 0.88189 0.0629921 0.464567 
vn 0.88189 0.0629921 0.464567 
vn 0.88189 0.0629921 0.464567 
vn 0.88189 0.0629921 0.464567 
vn 0.968504 0.00787402 0.244094 
vn 0.968504 0.00787402 0.244094 
vn 0.488189 -0.866142 0.0866142 
vn 0.480315 -0.874016 0.0944882 
vn 0.480315 -0.874016 0.0944882 
vn 0.480315 -0.874016 0.0944882 
vn -0.0629921 -1 0.0551181 
vn -0.0472441 -1 0.0314961 
vn -0.0472441 -1 0.0314961 
vn -0.0472441 -1 0.0314961 
vn -0.102362 -0.984252 0.125984 
vn -0.0393701 -1 0.0551181 
vn -0.0393701 -1 0.0551181 
vn -0.102362 -0.984252 0.125984 
vn 0.480315 -0.874016 0.0944882 
vn 0.488189 -0.866142 0.0866142 
vn 0.944882 0.314961 -0.0629921 
vn 0.944882 0.314961 -0.0629921 
vn 0.944882 0.314961 -0.0629921 
vn 0.952756 0.307087 -0.0551181 
vn -0.102362 0.952756 -0.291339 
vn -0.102362 0.952756 -0.291339 
vn -0.102362 0.952756 -0.291339 
vn -0.0944882 0.952756 -0.283465 
vn -0.590551 0.685039 -0.425197 
vn -0.590551 0.685039 -0.425197 
vn -0.590551 0.685039 -0.425197 
vn -0.606299 0.629921 -0.488189 
vn -0.826772 0.165354 -0.535433 
vn -0.826772 0.165354 -0.535433 
vn -0.826772 0.165354 -0.535433 
vn -0.818898 0.11811 -0.559055 
vn -0.826772 -0.165354 -0.535433 
vn -0.826772 -0.15748 -0.535433 
vn -0.417323 -0.897638 -0.11811 
vn -0.417323 -0.897638 -0.11811 
vn 0.944882 0.314961 -0.0629921 
vn 0.944882 0.314961 -0.0629921 
vn 0.307087 -0.944882 0.125984 
vn 0.307087 -0.944882 0.125984 
vn 0.307087 -0.944882 0.125984 
vn 0.102362 -0.992126 -0.0629921 
vn 0.653543 -0.677165 0.338583 
vn 0.653543 -0.677165 0.338583 
vn 0.653543 -0.677165 0.338583 
vn 0.637795 -0.716535 0.291339 
vn 0.88189 -0.102362 0.456693 
vn 0.88189 -0.102362 0.456693 
vn 0.88189 -0.102362 0.456693 
vn 0.889764 -0.23622 0.385827 
vn 0.889764 0.149606 0.425197 
vn 0.889764 0.149606 0.425197 
vn -0.417323 -0.897638 -0.11811 
vn 0.944882 0.314961 -0.0629921 
vn 0.015748 0.181102 0.984252 
vn 0.944882 0.314961 -0.0629921 
vn -0.417323 -0.897638 -0.11811 
vn 0.259843 -0.338583 -0.905512 
vn 0.307087 -0.944882 0.125984 
vn 0.102362 -0.992126 -0.0629921 
vn 0.307087 -0.944882 0.125984 
vn 0.307087 -0.944882 0.125984 
vn 0.653543 -0.677165 0.338583 
vn 0.637795 -0.716535 0.291339 
vn 0.653543 -0.677165 0.338583 
vn 0.653543 -0.677165 0.338583 
vn 0.88189 -0.102362 0.456693 
vn 0.889764 -0.23622 0.385827 
vn 0.88189 -0.102362 0.456693 
vn 0.88189 -0.102362 0.456693 
vn 0.889764 0.149606 0.425197 
vn 0.889764 0.149606 0.425197 
vn 0.889764 0.149606 0.425197 
vn 0.889764 0.149606 0.425197 
vn 0.307087 -0.944882 0.125984 
vn 0.307087 -0.944882 0.125984 
vn 0.976378 0.220472 -0.0629921 
vn 0.976378 0.220472 -0.0629921 
vn 0.976378 0.220472 -0.0629921 
vn 0.952756 0.299213 -0.0393701 
vn -0.00787402 0.992126 -0.149606 
vn -0.00787402 0.992126 -0.149606 
vn -0.00787402 0.992126 -0.149606 
vn -0.0393701 0.992126 -0.110236 
vn -0.393701 0.92126 -0.015748 
vn -0.393701 0.92126 -0.015748 
vn -0.84252 0.511811 0.188976 
vn -0.84252 0.511811 0.188976 
vn -0.84252 0.511811 0.188976 
vn -0.818898 0.559055 0.141732 
vn -0.952756 0.141732 0.267717 
vn -0.952756 0.141732 0.267717 
vn -0.952756 0.141732 0.267717 
vn -0.944882 0.181102 0.275591 
vn 0.976378 0.220472 -0.0629921 
vn -0.307087 -0.944882 0.125984 
vn -0.307087 -0.944882 0.125984 
vn 0.976378 0.220472 -0.0629921 
vn 0.0472441 -0.992126 0.110236 
vn 0.0472441 -0.992126 0.110236 
vn 0.244094 -0.96063 0.110236 
vn 0.330709 -0.944882 0.023622 
vn 0.874016 -0.464567 -0.149606 
vn 0.874016 -0.464567 -0.149606 
vn 0.874016 -0.464567 -0.149606 
vn 0.897638 -0.393701 -0.204724 
vn 0.944882 -0.181102 -0.275591 
vn 0.944882 -0.181102 -0.275591 
vn 0.944882 -0.181102 -0.275591 
vn 0.952756 -0.149606 -0.267717 
vn 0.976378 0.220472 -0.0629921 
vn -0.307087 -0.944882 0.125984 
vn -0.307087 -0.944882 0.125984 
vn 0.976378 0.220472 -0.0629921 
vn 0.0472441 -0.992126 0.110236 
vn 0.0472441 -0.992126 0.110236 
vn 0.330709 -0.944882 0.023622 
vn 0.244094 -0.96063 0.110236 
vn 0.897638 -0.393701 -0.204724 
vn 0.874016 -0.464567 -0.149606 
vn 0.874016 -0.464567 -0.149606 
vn 0.874016 -0.464567 -0.149606 
vn 0.944882 -0.181102 -0.275591 
vn 0.952756 -0.149606 -0.267717 
vn 0.944882 -0.181102 -0.275591 
vn 0.944882 -0.181102 -0.275591 
vn 0.944882 -0.181102 -0.275591 
vn 0.944882 -0.181102 -0.275591 
vn -0.330709 -0.0551181 -0.944882 
vn -0.330709 -0.0551181 -0.944882 
vn -0.330709 -0.0551181 -0.944882 
vn -0.322835 -0.0551181 -0.944882 
vn 0.96063 -0.102362 -0.259843 
vn -0.330709 -0.0551181 -0.944882 
vn -0.330709 -0.0551181 -0.944882 
vn 0.96063 -0.110236 -0.259843 
vn 0.322835 0 0.944882 
vn 0.96063 -0.102362 -0.259843 
vn 0.96063 -0.110236 -0.259843 
vn 0.307087 0.00787402 0.952756 
vn 0.0472441 1 0.0551181 
vn 0.0472441 1 0.0551181 
vn 0.0472441 1 0.0551181 
vn -0.023622 1 0 
vn -0.645669 0.519685 0.566929 
vn -0.645669 0.519685 0.566929 
vn -0.645669 0.519685 0.566929 
vn -0.614173 0.543307 0.574803 
vn 0.92126 0.393701 0.0393701 
vn 0.92126 0.393701 0.0393701 
vn 0.92126 0.393701 0.0393701 
vn 0.897638 0.433071 0.0708661 
vn -0.677165 0.15748 0.724409 
vn -0.677165 0.15748 0.724409 
vn -0.677165 0.15748 0.724409 
vn -0.700787 0.110236 0.708661 
vn -0.307087 0.937008 0.181102 
vn -0.307087 0.937008 0.181102 
vn 0.023622 -1 0 
vn 0.023622 -1 0 
vn 0.023622 -1 0 
vn -0.0472441 -1 -0.0551181 
vn 0.614173 -0.535433 -0.574803 
vn 0.614173 -0.535433 -0.574803 
vn 0.614173 -0.535433 -0.574803 
vn 0.645669 -0.503937 -0.566929 
vn 0.897638 0.433071 0.0708661 
vn 0.92126 0.393701 0.0393701 
vn 0.700787 -0.0944882 -0.708661 
vn 0.700787 -0.0944882 -0.708661 
vn 0.700787 -0.0944882 -0.708661 
vn 0.677165 -0.149606 -0.724409 
vn 0.188976 -0.984252 -0.0393701 
vn 0.267717 -0.944882 -0.165354 
vn 0.023622 -1 0 
vn -0.0472441 -1 -0.0551181 
vn 0.023622 -1 0 
vn 0.023622 -1 0 
vn 0.614173 -0.535433 -0.574803 
vn 0.645669 -0.503937 -0.566929 
vn 0.614173 -0.535433 -0.574803 
vn 0.614173 -0.535433 -0.574803 
vn 0.92126 0.393701 0.0393701 
vn 0.897638 0.433071 0.0708661 
vn 0.700787 -0.0944882 -0.708661 
vn 0.677165 -0.149606 -0.724409 
vn 0.700787 -0.0944882 -0.708661 
vn 0.700787 -0.0944882 -0.708661 
vn 0.700787 -0.0944882 -0.708661 
vn 0.700787 -0.0944882 -0.708661 
vn 0.267717 -0.944882 -0.165354 
vn 0.188976 -0.984252 -0.0393701 
vn -0.566929 0.125984 0.811024 
vn -0.566929 0.125984 0.811024 
vn -0.566929 0.125984 0.811024 
vn -0.511811 0.0866142 0.858268 
vn -0.645669 0.322835 0.692913 
vn -0.645669 0.322835 0.692913 
vn -0.527559 0.700787 0.480315 
vn -0.527559 0.700787 0.480315 
vn -0.188976 0.96063 0.212598 
vn -0.188976 0.96063 0.212598 
vn -0.188976 0.96063 0.212598 
vn -0.188976 0.96063 0.212598 
vn 0.685039 0.724409 -0.015748 
vn 0.685039 0.724409 -0.015748 
vn 0.685039 0.724409 -0.015748 
vn 0.771654 0.637795 0.00787402 
vn 0.511811 -0.0866142 -0.858268 
vn 0.511811 -0.0866142 -0.858268 
vn 0.511811 -0.0866142 -0.858268 
vn 0.566929 -0.11811 -0.811024 
vn 0.559055 -0.220472 -0.80315 
vn 0.645669 -0.307087 -0.700787 
vn 0.606299 -0.590551 -0.535433 
vn 0.606299 -0.590551 -0.535433 
vn 0.212598 -0.952756 -0.228346 
vn 0.212598 -0.952756 -0.228346 
vn 0.212598 -0.952756 -0.228346 
vn 0.212598 -0.952756 -0.220472 
vn -0.527559 -0.850394 -0.0866142 
vn -0.527559 -0.850394 -0.0866142 
vn -0.527559 -0.850394 -0.0866142 
vn -0.464567 -0.88189 -0.0629921 
vn 0.566929 -0.11811 -0.811024 
vn 0.511811 -0.0866142 -0.858268 
vn 0.511811 -0.0866142 -0.858268 
vn 0.511811 -0.0866142 -0.858268 
vn 0.511811 -0.0866142 -0.858268 
vn 0.511811 -0.0866142 -0.858268 
vn 0.645669 -0.307087 -0.700787 
vn 0.559055 -0.220472 -0.80315 
vn 0.606299 -0.590551 -0.535433 
vn 0.606299 -0.590551 -0.535433 
vn 0.212598 -0.952756 -0.220472 
vn 0.212598 -0.952756 -0.228346 
vn 0.212598 -0.952756 -0.228346 
vn 0.212598 -0.952756 -0.228346 
vn -0.527559 -0.850394 -0.0866142 
vn -0.464567 -0.88189 -0.0629921 
vn -0.527559 -0.850394 -0.0866142 
vn -0.527559 -0.850394 -0.0866142 
vn -0.527559 -0.850394 -0.0866142 
vn -0.527559 -0.850394 -0.0866142 
vn 0.212598 -0.952756 -0.228346 
vn 0.212598 -0.952756 -0.228346 
vn -0.566929 0.125984 0.811024 
vn -0.566929 0.125984 0.811024 
vn -0.566929 0.125984 0.811024 
vn -0.511811 0.0866142 0.858268 
vn -0.685039 0.0472441 0.724409 
vn -0.685039 0.0472441 0.724409 
vn -0.456693 0.716535 0.519685 
vn -0.661417 0.606299 0.440945 
vn -0.330709 0.905512 0.259843 
vn -0.330709 0.905512 0.259843 
vn 0.692913 0.724409 -0.015748 
vn 0.692913 0.724409 -0.015748 
vn 0.692913 0.724409 -0.015748 
vn 0.771654 0.637795 0.00787402 
vn 0.511811 -0.0866142 -0.858268 
vn 0.511811 -0.0866142 -0.858268 
vn 0.511811 -0.0866142 -0.858268 
vn 0.566929 -0.11811 -0.811024 
vn 0.559055 0.228346 -0.795276 
vn 0.692913 0.0472441 -0.724409 
vn 0.685039 -0.566929 -0.456693 
vn 0.685039 -0.566929 -0.456693 
vn 0.393701 -0.866142 -0.322835 
vn 0.370079 -0.889764 -0.275591 
vn -0.527559 -0.834646 -0.181102 
vn -0.527559 -0.834646 -0.181102 
vn -0.527559 -0.834646 -0.181102 
vn -0.322835 -0.944882 -0.102362 
vn 0.566929 -0.11811 -0.811024 
vn 0.511811 -0.0866142 -0.858268 
vn 0.511811 -0.0866142 -0.858268 
vn 0.511811 -0.0866142 -0.858268 
vn 0.511811 -0.0866142 -0.858268 
vn 0.511811 -0.0866142 -0.858268 
vn 0.692913 0.0472441 -0.724409 
vn 0.559055 0.228346 -0.795276 
vn 0.685039 -0.566929 -0.456693 
vn 0.692913 0.0472441 -0.724409 
vn 0.559055 0.228346 -0.795276 
vn 0.685039 -0.566929 -0.456693 
vn 0.370079 -0.889764 -0.275591 
vn 0.393701 -0.866142 -0.322835 
vn -0.527559 -0.834646 -0.181102 
vn -0.322835 -0.944882 -0.102362 
vn -0.527559 -0.834646 -0.181102 
vn -0.527559 -0.834646 -0.181102 
vn -0.527559 -0.834646 -0.181102 
vn -0.527559 -0.834646 -0.181102 
vn -0.401575 0.251969 0.88189 
vn -0.401575 0.251969 0.88189 
vn -0.401575 0.251969 0.88189 
vn -0.409449 0.267717 0.874016 
vn -0.0393701 0.826772 0.559055 
vn -0.0393701 0.826772 0.559055 
vn -0.0393701 0.826772 0.559055 
vn -0.15748 0.653543 0.740157 
vn -0.464567 0.0866142 0.88189 
vn -0.448819 0.0708661 0.889764 
vn -0.149606 0.661417 0.732283 
vn -0.149606 0.661417 0.732283 
vn 0.409449 -0.267717 -0.874016 
vn 0.409449 -0.267717 -0.874016 
vn 0.409449 -0.267717 -0.874016 
vn 0.409449 -0.244094 -0.88189 
vn 0.188976 -0.622047 -0.76378 
vn 0.188976 -0.622047 -0.76378 
vn 0.188976 -0.622047 -0.76378 
vn 0.0866142 -0.818898 -0.566929 
vn 0.448819 -0.0629921 -0.889764 
vn 0.448819 -0.0629921 -0.889764 
vn 0.141732 -0.669291 -0.724409 
vn 0.141732 -0.677165 -0.724409 
vn 0.409449 -0.244094 -0.88189 
vn 0.409449 -0.267717 -0.874016 
vn 0.409449 -0.267717 -0.874016 
vn 0.409449 -0.267717 -0.874016 
vn 0.0866142 -0.818898 -0.566929 
vn 0.188976 -0.622047 -0.76378 
vn 0.188976 -0.622047 -0.76378 
vn 0.188976 -0.622047 -0.76378 
vn 0.448819 -0.0629921 -0.889764 
vn 0.448819 -0.0629921 -0.889764 
vn 0.448819 -0.0629921 -0.889764 
vn 0.448819 -0.0629921 -0.889764 
vn 0.141732 -0.677165 -0.724409 
vn 0.141732 -0.669291 -0.724409 
vn 0.80315 0.535433 0.259843 
vn 0.80315 0.535433 0.259843 
vn 0.80315 0.535433 0.259843 
vn 0.811024 0.527559 0.244094 
vn 0.80315 0.535433 0.259843 
vn 0.80315 0.535433 0.259843 
vn 0.80315 0.535433 0.259843 
vn 0.80315 0.535433 0.259843 
vn 0.141732 -0.677165 -0.724409 
vn 0.141732 -0.669291 -0.724409 
vn -0.0708661 -0.00787402 1 
vn -0.0708661 -0.00787402 1 
vn -0.0708661 -0.00787402 1 
vn -0.102362 -0.0314961 0.992126 
vn -0.0393701 0.110236 0.992126 
vn -0.0393701 0.110236 0.992126 
vn -0.125984 0.952756 -0.275591 
vn -0.125984 0.952756 -0.275591 
vn -0.125984 0.952756 -0.275591 
vn -0.015748 0.88189 -0.472441 
vn 0.102362 0.0314961 -0.992126 
vn 0.102362 0.0314961 -0.992126 
vn 0.102362 0.0314961 -0.992126 
vn 0.0787402 0.00787402 -1 
vn 0.0787402 -0.0551181 -0.992126 
vn 0.0393701 -0.0944882 -0.992126 
vn -0.00787402 -0.952756 -0.307087 
vn -0.00787402 -0.952756 -0.307087 
vn -0.125984 0.952756 -0.275591 
vn -0.125984 0.952756 -0.275591 
vn 0.102362 0.0314961 -0.992126 
vn 0.0787402 0.00787402 -1 
vn 0.102362 0.0314961 -0.992126 
vn 0.102362 0.0314961 -0.992126 
vn 0.102362 0.0314961 -0.992126 
vn 0.102362 0.0314961 -0.992126 
vn 0.0393701 -0.0944882 -0.992126 
vn 0.0787402 -0.0551181 -0.992126 
vn -0.00787402 -0.952756 -0.307087 
vn -0.125984 0.952756 -0.275591 
vn -0.125984 0.952756 -0.275591 
vn -0.00787402 -0.952756 -0.307087 
vn 0.0393701 -0.0944882 -0.992126 
vn 0.0787402 -0.0551181 -0.992126 
vn 0.708661 -0.165354 0.692913 
vn 0.96063 -0.23622 -0.133858 
vn 0.96063 -0.244094 -0.141732 
vn 0.755906 -0.0551181 0.653543 
vn 0.96063 0.275591 -0.0787402 
vn 0.968504 0.251969 -0.0551181 
vn 0.80315 0.488189 0.346457 
vn 0.76378 0.188976 0.622047 
vn 0.307087 0.952756 -0.0787402 
vn 0.629921 0.771654 -0.023622 
vn 0.551181 0.834646 -0.0551181 
vn 0.188976 0.968504 -0.141732 
vn -0.818898 0.551181 -0.149606 
vn -0.15748 0.976378 -0.165354 
vn -0.322835 0.92126 -0.220472 
vn -0.850394 0.503937 -0.133858 
vn -0.716535 0.133858 0.685039 
vn -0.614173 0.0944882 0.779528 
vn -0.976378 0.165354 0.141732 
vn -0.976378 0.165354 0.141732 
vn -0.968504 -0.228346 0.0944882 
vn -0.645669 0.0314961 0.76378 
vn -0.771654 -0.244094 0.590551 
vn -0.976378 -0.212598 0.0866142 
vn -0.125984 -0.992126 0.0551181 
vn 0.0787402 -0.992126 0.0629921 
vn -0.519685 -0.850394 0.0551181 
vn -0.598425 -0.795276 0.0708661 
vn -0.622047 -0.779528 0.0472441 
vn -0.889764 -0.448819 0.0551181 
vn 0.19685 -0.976378 0.0787402 
vn 0.212598 -0.976378 0.0551181 
vn -0.614173 0.0944882 0.779528 
vn -0.716535 0.133858 0.685039 
vn -0.976378 0.165354 0.141732 
vn -0.716535 0.133858 0.685039 
vn -0.976378 0.165354 0.141732 
vn -0.976378 0.165354 0.141732 
vn -0.645669 0.0314961 0.76378 
vn -0.771654 -0.244094 0.590551 
vn -0.976378 -0.212598 0.0866142 
vn -0.968504 -0.228346 0.0944882 
vn 0.0787402 -0.992126 0.0629921 
vn -0.519685 -0.850394 0.0551181 
vn -0.598425 -0.795276 0.0708661 
vn -0.125984 -0.992126 0.0551181 
vn -0.889764 -0.448819 0.0551181 
vn 0.19685 -0.976378 0.0787402 
vn 0.212598 -0.976378 0.0551181 
vn -0.622047 -0.779528 0.0472441 
vn -0.622047 -0.779528 0.0472441 
vn -0.889764 -0.448819 0.0551181 
vn 0.0787402 -0.992126 0.0629921 
vn -0.125984 -0.992126 0.0551181 
vn -0.795276 0.551181 -0.251969 
vn -0.795276 0.574803 -0.204724 
vn -0.637795 -0.76378 0.0866142 
vn -0.874016 -0.464567 0.133858 
vn 0.338583 0.937008 0.110236 
vn -0.110236 0.724409 -0.677165 
vn -0.267717 0.92126 -0.267717 
vn -0.275591 0.905512 -0.314961 
vn 0.937008 0.23622 0.259843 
vn 0.393701 0.0393701 -0.913386 
vn 0.149606 0.385827 -0.913386 
vn 0.76378 0.574803 0.291339 
vn 0.968504 0 0.259843 
vn 0.299213 -0.244094 -0.92126 
vn -0.0787402 -0.992126 0.102362 
vn -0.874016 -0.464567 0.133858 
vn -0.637795 -0.76378 0.0866142 
vn -0.0708661 -1 0.0314961 
vn -0.0472441 -0.755906 0.653543 
vn -0.527559 -0.80315 -0.267717 
vn -0.314961 -0.0551181 0.944882 
vn -0.0866142 -0.322835 0.944882 
vn -0.748031 -0.417323 -0.511811 
vn -0.913386 -0.181102 -0.362205 
vn -0.897638 -0.110236 -0.433071 
vn -0.401575 0.0866142 0.913386 
vn -0.0787402 -0.992126 0.102362 
vn -0.874016 -0.464567 0.133858 
vn -0.637795 -0.76378 0.0866142 
vn -0.0708661 -1 0.0314961 
vn -0.0472441 -0.755906 0.653543 
vn -0.527559 -0.80315 -0.267717 
vn -0.314961 -0.0551181 0.944882 
vn -0.0866142 -0.322835 0.944882 
vn -0.748031 -0.417323 -0.511811 
vn -0.913386 -0.181102 -0.362205 
vn -0.897638 -0.110236 -0.433071 
vn -0.913386 -0.181102 -0.362205 
vn -0.314961 -0.0551181 0.944882 
vn -0.401575 0.0866142 0.913386 
vn -0.897638 -0.110236 -0.433071 
vn -0.401575 0.0866142 0.913386 
vn -0.527559 -0.80315 -0.267717 
vn -0.0472441 -0.755906 0.653543 
vn -0.645669 -0.748031 0.125984 
vn -0.732283 0.677165 -0.110236 
vn -0.80315 0.582677 -0.102362 
vn -0.858268 -0.503937 0.110236 
vn -0.0472441 0.984252 -0.149606 
vn 0.354331 0.913386 -0.188976 
vn 0.370079 0.92126 -0.149606 
vn -0.267717 0.944882 -0.173228 
vn 0.527559 0.834646 -0.165354 
vn 0.385827 0.88189 -0.259843 
vn 0.984252 0.0629921 -0.181102 
vn 0.976378 0.0708661 -0.188976 
vn 0.984252 0.0472441 -0.165354 
vn 0.984252 0.0393701 -0.15748 
vn 0.92126 0.393701 0.00787402 
vn 0.913386 0.417323 0.0314961 
vn 0.92126 0.393701 0.015748 
vn 0.929134 0.377953 -0.00787402 
vn -0.645669 -0.748031 0.125984 
vn -0.858268 -0.503937 0.110236 
vn 0.0866142 -0.984252 0.173228 
vn -0.0944882 -0.984252 0.15748 
vn -0.409449 -0.897638 0.149606 
vn -0.425197 -0.889764 0.15748 
vn -0.787402 -0.598425 0.149606 
vn -0.464567 -0.866142 0.181102 
vn -0.92126 -0.385827 -0.00787402 
vn -0.929134 -0.370079 0.00787402 
vn -0.92126 -0.385827 -0.00787402 
vn -0.913386 -0.401575 -0.0314961 
vn -0.858268 -0.503937 0.110236 
vn 0.0866142 -0.984252 0.173228 
vn -0.0944882 -0.984252 0.15748 
vn -0.645669 -0.748031 0.125984 
vn -0.409449 -0.897638 0.149606 
vn -0.425197 -0.889764 0.15748 
vn -0.464567 -0.866142 0.181102 
vn -0.787402 -0.598425 0.149606 
vn 0.0944882 -0.19685 -0.976378 
vn 0.110236 -0.19685 -0.976378 
vn -0.92126 -0.385827 -0.00787402 
vn -0.929134 -0.370079 0.00787402 
vn -0.92126 -0.385827 -0.00787402 
vn -0.913386 -0.401575 -0.0314961 
vn -0.913386 -0.401575 -0.0314961 
vn -0.92126 -0.385827 -0.00787402 
vn -0.976378 0.0393701 0.204724 
vn -0.968504 0.110236 0.228346 
vn 0.110236 -0.19685 -0.976378 
vn 0.0944882 -0.19685 -0.976378 
vn -0.968504 0.110236 0.228346 
vn -0.976378 0.0393701 0.204724 
vn -0.968504 0.110236 0.228346 
vn 0.110236 -0.19685 -0.976378 
vn -0.11811 0.984252 -0.102362 
vn 0.141732 0.913386 0.377953 
vn 0.527559 0.779528 -0.338583 
vn -0.0787402 1 -0.023622 
vn 0.488189 0.244094 0.834646 
vn 0.96063 0.0472441 -0.283465 
vn 0.834646 0.409449 -0.370079 
vn 0.385827 0.582677 0.716535 
vn -0.677165 0.740157 0.00787402 
vn -0.779528 -0.622047 -0.0629921 
vn -0.740157 -0.669291 0.0944882 
vn -0.653543 0.755906 -0.023622 
vn 0.00787402 0.204724 0.976378 
vn 0.913386 -0.291339 -0.275591 
vn 0.976378 -0.133858 -0.181102 
vn 0.322835 0.149606 0.937008 
vn -0.952756 0.125984 0.267717 
vn -0.80315 -0.173228 0.574803 
vn 0.0393701 -0.440945 -0.897638 
vn 0.015748 -0.385827 -0.92126 
vn 0.0944882 -0.992126 0.0551181 
vn 0.110236 -0.992126 0.0787402 
vn -0.740157 -0.669291 0.0944882 
vn -0.779528 -0.622047 -0.0629921 
vn -0.984252 0.15748 0.0944882 
vn -0.992126 0.0629921 0.133858 
vn -0.0472441 -0.322835 -0.944882 
vn -0.377953 -0.0393701 -0.92126 
vn -0.590551 -0.724409 0.354331 
vn 0.0314961 -0.88189 -0.472441 
vn 0.0314961 -0.88189 -0.472441 
vn 0.0944882 -0.992126 0.0551181 
vn -0.952756 0.125984 0.267717 
vn -0.80315 -0.173228 0.574803 
vn 0.0393701 -0.440945 -0.897638 
vn 0.015748 -0.385827 -0.92126 
vn 0.110236 -0.992126 0.0787402 
vn -0.740157 -0.669291 0.0944882 
vn -0.779528 -0.622047 -0.0629921 
vn -0.984252 0.15748 0.0944882 
vn -0.992126 0.0629921 0.133858 
vn -0.0472441 -0.322835 -0.944882 
vn -0.377953 -0.0393701 -0.92126 
vn -0.377953 -0.0393701 -0.92126 
vn -0.984252 0.15748 0.0944882 
vn -0.590551 -0.724409 0.354331 
vn -0.590551 -0.724409 0.354331 
vn 0.0314961 -0.88189 -0.472441 
vn -0.0866142 0.0866142 0.992126 
vn -0.283465 0.0787402 0.96063 
vn 0.968504 -0.0314961 0.251969 
vn 0.984252 0.0629921 0.173228 
vn 0.0866142 0.291339 0.952756 
vn 0.96063 0.283465 -0.0393701 
vn 0.755906 0.629921 0.181102 
vn 0.181102 0.606299 0.771654 
vn -0.582677 0.80315 0.133858 
vn 0.015748 0.976378 0.220472 
vn 0.173228 0.905512 0.393701 
vn -0.346457 0.88189 0.314961 
vn -0.787402 0.614173 0.0393701 
vn -0.866142 0.503937 0.0314961 
vn -0.992126 -0.015748 -0.11811 
vn 0.228346 -0.110236 -0.968504 
vn 0.19685 -0.0551181 -0.976378 
vn -0.984252 0.0629921 -0.181102 
vn -0.944882 -0.283465 0.149606 
vn 0.11811 -0.283465 -0.952756 
vn -0.00787402 -0.527559 -0.850394 
vn -0.700787 -0.708661 -0.0629921 
vn 0.275591 -0.952756 -0.125984 
vn 0.125984 -0.96063 -0.251969 
vn -0.228346 -0.897638 -0.377953 
vn -0.0629921 -0.976378 -0.212598 
vn -0.858268 -0.511811 -0.0708661 
vn -0.716535 -0.692913 -0.0787402 
vn 0.228346 -0.110236 -0.968504 
vn 0.19685 -0.0551181 -0.976378 
vn 0.19685 -0.0551181 -0.976378 
vn -0.984252 0.0629921 -0.181102 
vn -0.984252 0.0629921 -0.181102 
vn -0.992126 -0.015748 -0.11811 
vn 0.11811 -0.283465 -0.952756 
vn -0.944882 -0.283465 0.149606 
vn -0.00787402 -0.527559 -0.850394 
vn -0.700787 -0.708661 -0.0629921 
vn 0.125984 -0.96063 -0.251969 
vn -0.228346 -0.897638 -0.377953 
vn -0.0629921 -0.976378 -0.212598 
vn 0.275591 -0.952756 -0.125984 
vn -0.858268 -0.511811 -0.0708661 
vn -0.716535 -0.692913 -0.0787402 
vn -0.858268 -0.511811 -0.0708661 
vn -0.716535 -0.692913 -0.0787402 
vn -0.228346 -0.897638 -0.377953 
vn -0.0629921 -0.976378 -0.212598 
vn -0.330709 0.181102 0.929134 
vn -0.267717 0.141732 0.952756 
vn 0.937008 0.0866142 0.330709 
vn 0.866142 0.401575 0.299213 
vn -0.464567 0.385827 0.795276 
vn -0.370079 0.259843 0.889764 
vn 0.637795 0.76378 0.0787402 
vn 0.267717 0.952756 -0.141732 
vn -0.464567 0.149606 0.874016 
vn 0.897638 -0.0393701 0.440945 
vn -0.889764 -0.338583 -0.307087 
vn 0.456693 -0.110236 -0.88189 
vn 0.393701 -0.173228 -0.905512 
vn -0.944882 -0.0787402 -0.330709 
vn -0.401575 -0.905512 0.125984 
vn 0.370079 -0.204724 -0.905512 
vn 0.417323 -0.0551181 -0.905512 
vn -0.76378 -0.606299 -0.212598 
vn 0.173228 -0.149606 -0.976378 
vn -0.984252 0.0787402 -0.15748 
vn 0.456693 -0.110236 -0.88189 
vn 0.393701 -0.173228 -0.905512 
vn -0.944882 -0.0787402 -0.330709 
vn -0.889764 -0.338583 -0.307087 
vn 0.370079 -0.204724 -0.905512 
vn 0.417323 -0.0551181 -0.905512 
vn -0.76378 -0.606299 -0.212598 
vn -0.401575 -0.905512 0.125984 
vn 0.173228 -0.149606 -0.976378 
vn 0.173228 -0.149606 -0.976378 
vn -0.984252 0.0787402 -0.15748 
vn -0.984252 0.0787402 -0.15748 
vn -0.76378 -0.606299 -0.212598 
vn 0.417323 -0.0551181 -0.905512 
vn -0.818898 -0.566929 0.0787402 
vn -0.653543 0.0944882 0.755906 
vn -0.275591 0.92126 -0.275591 
vn -0.535433 -0.0787402 -0.84252 
vn -0.535433 -0.0787402 -0.84252 
vn -0.818898 -0.566929 0.0787402 
vn -0.535433 -0.0787402 -0.84252 
vn -0.818898 -0.566929 0.0787402 
vn -0.307087 -0.566929 0.76378 
vn 0.76378 -0.574803 0.299213 
vn 0.92126 0.00787402 0.385827 
vn -0.362205 0.0393701 0.929134 
vn 0.716535 0.23622 0.653543 
vn -0.0944882 0.259843 0.96063 
vn 0.023622 0.84252 0.535433 
vn 0.220472 0.661417 0.716535 
vn -0.307087 0.637795 -0.700787 
vn -0.220472 -0.0472441 -0.976378 
vn -0.771654 -0.551181 -0.307087 
vn -0.929134 -0.015748 -0.370079 
vn 0.401575 -0.023622 -0.913386 
vn 0.283465 -0.551181 -0.787402 
vn -0.755906 -0.220472 -0.622047 
vn 0.212598 -0.15748 -0.96063 
vn -0.141732 -0.519685 -0.84252 
vn -0.220472 -0.0472441 -0.976378 
vn -0.307087 0.637795 -0.700787 
vn -0.267717 -0.354331 -0.897638 
vn -0.771654 -0.551181 -0.307087 
vn -0.929134 -0.015748 -0.370079 
vn 0.401575 -0.023622 -0.913386 
vn 0.283465 -0.551181 -0.787402 
vn 0.283465 -0.551181 -0.787402 
vn -0.771654 -0.551181 -0.307087 
vn -0.755906 -0.220472 -0.622047 
vn 0.212598 -0.15748 -0.96063 
vn -0.141732 -0.519685 -0.84252 
vn -0.220472 -0.0472441 -0.976378 
vn -0.307087 0.637795 -0.700787 
vn -0.267717 -0.354331 -0.897638 
vn -0.755906 -0.220472 -0.622047 
vn 0.212598 -0.15748 -0.96063 
vn -0.771654 0.598425 -0.19685 
vn -0.755906 0.622047 -0.212598 
vn -0.811024 -0.574803 0.110236 
vn -0.653543 -0.755906 0.023622 
vn 0.23622 0.913386 -0.330709 
vn 0.212598 0.905512 -0.362205 
vn -0.228346 0.92126 -0.307087 
vn -0.228346 0.92126 -0.307087 
vn 0.708661 0.629921 -0.307087 
vn 0.732283 0.622047 -0.283465 
vn 0.952756 0.15748 -0.259843 
vn 0.952756 0.15748 -0.259843 
vn 0.952756 -0.0472441 -0.291339 
vn 0.96063 -0.0551181 -0.283465 
vn -0.0629921 -0.968504 0.244094 
vn -0.653543 -0.755906 0.023622 
vn -0.811024 -0.574803 0.110236 
vn -0.165354 -0.937008 0.314961 
vn -0.267717 -0.905512 0.330709 
vn -0.228346 -0.92126 0.307087 
vn -0.622047 -0.716535 0.307087 
vn -0.637795 -0.708661 0.291339 
vn -0.96063 -0.0787402 0.275591 
vn -0.952756 0.0944882 0.291339 
vn -0.952756 0.102362 0.275591 
vn -0.952756 -0.125984 0.267717 
vn -0.0629921 -0.968504 0.244094 
vn -0.653543 -0.755906 0.023622 
vn -0.811024 -0.574803 0.110236 
vn -0.165354 -0.937008 0.314961 
vn -0.267717 -0.905512 0.330709 
vn -0.228346 -0.92126 0.307087 
vn -0.622047 -0.716535 0.307087 
vn -0.637795 -0.708661 0.291339 
vn -0.952756 0.0944882 0.291339 
vn -0.96063 -0.0787402 0.275591 
vn -0.952756 -0.125984 0.267717 
vn -0.952756 0.102362 0.275591 
vn -0.0866142 -0.897638 0.440945 
vn -0.0866142 -0.897638 0.440945 
vn -0.0866142 -0.897638 0.440945 
vn -0.0866142 -0.889764 0.440945 
vn -0.622047 -0.716535 0.307087 
vn -0.637795 -0.708661 0.291339 
vn -0.0866142 -0.889764 0.440945 
vn -0.0866142 -0.897638 0.440945 
vn -0.0866142 -0.889764 0.440945 
vn -0.0866142 -0.897638 0.440945 
vn -0.929134 0.307087 -0.19685 
vn -0.929134 0.314961 -0.19685 
vn -0.905512 0.377953 -0.188976 
vn -0.905512 0.377953 -0.188976 
vn 0.590551 0.779528 -0.212598 
vn -0.00787402 0.984252 -0.181102 
vn -0.0314961 0.968504 -0.244094 
vn 0.377953 0.866142 -0.322835 
vn 0.771654 0.614173 -0.133858 
vn 0.850394 0.503937 -0.133858 
vn 0.92126 -0.330709 0.188976 
vn 0.889764 -0.417323 0.173228 
vn 0.889764 -0.417323 0.181102 
vn 0.92126 -0.346457 0.19685 
vn 0.929134 -0.362205 0.0708661 
vn 0.0708661 -0.944882 0.330709 
vn 0.354331 -0.929134 0.102362 
vn 0.984252 -0.149606 -0.0944882 
vn 0.92126 -0.346457 0.19685 
vn 0.92126 -0.330709 0.188976 
vn 0.889764 -0.417323 0.173228 
vn 0.92126 -0.330709 0.188976 
vn 0.92126 -0.346457 0.19685 
vn 0.889764 -0.417323 0.181102 
vn -0.173228 -0.0393701 0.984252 
vn 0.0708661 -0.944882 0.330709 
vn 0.929134 -0.362205 0.0708661 
vn 0.0708661 -0.944882 0.330709 
vn 0.354331 -0.929134 0.102362 
vn 0.984252 -0.149606 -0.0944882 
vn 0.929134 -0.362205 0.0708661 
vn 0.984252 -0.149606 -0.0944882 
vn -0.173228 -0.0393701 0.984252 
vn 0.015748 -0.992126 -0.110236 
vn 0.015748 -0.992126 -0.110236 
vn -0.0787402 0.023622 1 
vn -0.0787402 0.023622 1 
vn -0.0787402 0.023622 1 
vn -0.0787402 -0.00787402 1 
vn 0.653543 -0.748031 0.0866142 
vn 0.220472 -0.976378 -0.0472441 
vn -0.0787402 0.023622 1 
vn -0.0787402 0.023622 1 
vn 0.015748 0.0787402 -1 
vn 0.015748 0.0787402 -1 
vn 0.220472 -0.976378 -0.0472441 
vn 0.653543 -0.748031 0.0866142 
vn -0.173228 -0.0393701 0.984252 
vn 0.015748 -0.992126 -0.110236 
vn 0.133858 0 -0.992126 
vn 0.133858 0 -0.992126 
vn 0.133858 0 -0.992126 
vn 0.133858 0 -0.992126 
vn 0.992126 -0.0314961 0.133858 
vn 0.992126 -0.0314961 0.133858 
vn 0.992126 -0.0314961 0.133858 
vn 0.992126 -0.0314961 0.133858 
vn -0.133858 0 0.992126 
vn -0.133858 0 0.992126 
vn -0.133858 0 0.992126 
vn -0.133858 0 0.992126 
vn -0.133858 0 0.992126 
vn -0.133858 0 0.992126 
vn 0.133858 0 -0.992126 
vn 0.133858 0 -0.992126 
vn 0.133858 0 -0.992126 
vn -0.133858 0 0.992126 
vn 0.133858 0 -0.992126 
vn 0.133858 0 -0.992126 
vn 0.133858 0 -0.992126 
vn 0.559055 -0.826772 0.0787402 
vn 0.559055 -0.826772 0.0787402 
vn -0.133858 0 0.992126 
vn 0.133858 0 -0.992126 
vn 0.133858 0 -0.992126 
vn 0.133858 0 -0.992126 
vn 0.133858 0 -0.992126 
vn -0.0551181 -1 -0.00787402 
vn 0.133858 0 -0.992126 
vn 0.133858 0 -0.992126 
vn -0.0551181 -1 -0.00787402 
vn -0.0551181 -1 -0.00787402 
vn -0.133858 0 0.992126 
vn -0.133858 0 0.992126 
vn -0.0551181 -1 -0.00787402 
vn 0.133858 0 -0.992126 
vn 0.559055 -0.826772 0.0787402 
vn 0.992126 -0.0314961 0.133858 
vn 0.992126 -0.0314961 0.133858 
vn 0.992126 -0.0314961 0.133858 
vn 0.992126 -0.0314961 0.133858 
vn -0.259843 -0.937008 -0.220472 
vn -0.259843 -0.937008 -0.220472 
vn -0.259843 -0.937008 -0.220472 
vn -0.259843 -0.937008 -0.220472 
vn 0.00787402 1 0.015748 
vn 0.00787402 1 0.015748 
vn 0.00787402 1 0.015748 
vn 0.244094 0.92126 0.299213 
vn 0.259843 0 0.968504 
vn 0.259843 0 0.968504 
vn 0.259843 0 0.968504 
vn 0.015748 0.448819 0.889764 
vn -0.023622 -1 0.015748 
vn -0.023622 -1 0.015748 
vn -0.023622 -1 0.015748 
vn -0.015748 -1 -0.0393701 
vn -0.023622 -1 0.015748 
vn -0.023622 -1 0.015748 
vn -0.023622 -1 0.015748 
vn -0.015748 -1 -0.0393701 
vn 0.0787402 -0.96063 0.251969 
vn 0.0708661 -0.984252 0.165354 
vn -0.023622 -1 0.015748 
vn -0.818898 0 0.574803 
vn 0.0787402 -0.96063 0.251969 
vn -0.133858 0.929134 -0.338583 
vn -0.015748 -1 -0.0393701 
vn 0.0708661 -0.984252 0.165354 
vn 0.543307 -0.188976 0.818898 
vn 0.543307 -0.188976 0.818898 
vn 0.543307 -0.188976 0.818898 
vn 0.614173 -0.393701 0.685039 
vn 0.543307 -0.188976 0.818898 
vn -0.740157 0.188976 0.645669 
vn -0.740157 0.188976 0.645669 
vn 0.543307 -0.188976 0.818898 
vn -0.519685 0.330709 -0.787402 
vn -0.519685 0.330709 -0.787402 
vn 0.543307 -0.188976 0.818898 
vn 0.614173 -0.393701 0.685039 
vn -0.740157 -0.0944882 -0.669291 
vn -0.740157 -0.0944882 -0.669291 
vn -0.685039 0.023622 0.724409 
vn -0.259843 -0.937008 -0.220472 
vn 0.732283 0.110236 0.669291 
vn -0.685039 0.023622 0.724409 
vn -0.259843 -0.937008 -0.220472 
vn -0.259843 -0.937008 -0.220472 
vn 0.732283 0.110236 0.669291 
vn -0.259843 -0.937008 -0.220472 
vn 0.015748 0.448819 0.889764 
vn 0.015748 0.448819 0.889764 
vn 0.259843 0 0.968504 
vn 0.259843 0 0.968504 
vn 0.88189 0.377953 0.275591 
vn 0.88189 0.377953 0.275591 
vn 0.88189 0.377953 0.275591 
vn 0.88189 0.377953 0.275591 
vn 0.291339 0.00787402 -0.952756 
vn 0.291339 0.00787402 -0.952756 
vn 0.291339 0.00787402 -0.952756 
vn 0.291339 0.00787402 -0.952756 
vn 0.716535 -0.669291 0.212598 
vn 0.291339 0.00787402 -0.952756 
vn 0.291339 0.00787402 -0.952756 
vn 0.716535 -0.669291 0.212598 
vn 0.716535 -0.669291 0.212598 
vn -0.291339 -0.00787402 0.952756 
vn -0.291339 -0.00787402 0.952756 
vn 0.716535 -0.669291 0.212598 
vn 0.291339 0.00787402 -0.952756 
vn 0.291339 0.00787402 -0.952756 
vn 0.84252 -0.472441 0.251969 
vn 0.291339 0.00787402 -0.952756 
vn -0.291339 -0.00787402 0.952756 
vn 0.84252 -0.472441 0.251969 
vn 0.88189 0.377953 0.275591 
vn 0.88189 0.377953 0.275591 
vn 0.88189 0.377953 0.275591 
vn 0.88189 0.377953 0.275591 
vn -0.433071 0.15748 -0.889764 
vn -0.433071 0.15748 -0.889764 
vn -0.433071 0.15748 -0.889764 
vn -0.433071 0.15748 -0.889764 
vn -0.874016 0.149606 0.456693 
vn -0.874016 0.149606 0.456693 
vn -0.874016 0.149606 0.456693 
vn -0.874016 0.149606 0.456693 
vn 0.433071 -0.15748 0.889764 
vn 0.433071 -0.15748 0.889764 
vn 0.433071 -0.15748 0.889764 
vn 0.433071 -0.15748 0.889764 
vn 0.433071 -0.15748 0.889764 
vn 0.433071 -0.15748 0.889764 
vn -0.433071 0.15748 -0.889764 
vn -0.433071 0.15748 -0.889764 
vn -0.433071 0.15748 -0.889764 
vn -0.433071 0.15748 -0.889764 
vn -0.519685 -0.850394 0.0944882 
vn -0.433071 0.15748 -0.889764 
vn -0.519685 -0.850394 0.0944882 
vn 0.433071 -0.15748 0.889764 
vn -0.433071 0.15748 -0.889764 
vn -0.433071 0.15748 -0.889764 
vn -0.433071 0.15748 -0.889764 
vn -0.433071 0.15748 -0.889764 
vn -0.259843 -0.96063 -0.0551181 
vn -0.133858 -0.984252 -0.125984 
vn -0.433071 0.15748 -0.889764 
vn -0.433071 0.15748 -0.889764 
vn -0.133858 -0.984252 -0.125984 
vn -0.259843 -0.96063 -0.0551181 
vn 0.433071 -0.15748 0.889764 
vn 0.433071 -0.15748 0.889764 
vn -0.433071 0.15748 -0.889764 
vn -0.519685 -0.850394 0.0944882 
vn -0.874016 0.149606 0.456693 
vn -0.874016 0.149606 0.456693 
vn -0.874016 0.149606 0.456693 
vn -0.874016 0.149606 0.456693 
vn 0.102362 0.992126 0.023622 
vn 0.102362 0.992126 0.023622 
vn 0.102362 0.992126 0.023622 
vn 0.0944882 0.992126 0.0629921 
vn 0.0629921 0.992126 0.0866142 
vn 0.023622 0.992126 0.110236 
vn 0.023622 0.992126 -0.110236 
vn 0.023622 0.992126 -0.110236 
vn 0.0629921 0.992126 -0.0866142 
vn 0.0866142 0.992126 -0.0629921 
vn 0.0866142 0.992126 -0.0629921 
vn 0.102362 0.992126 -0.023622 
vn 0.370079 0.92126 0.0708661 
vn 0.370079 0.92126 0.0708661 
vn 0.314961 0.929134 0.212598 
vn 0.314961 0.929134 0.212598 
vn 0.212598 0.929134 0.314961 
vn 0.0708661 0.929134 0.370079 
vn 0.133858 0.897638 -0.417323 
vn 0.133858 0.897638 -0.417323 
vn 0.212598 0.92126 -0.314961 
vn 0.314961 0.92126 -0.212598 
vn 0.314961 0.92126 -0.212598 
vn 0.874016 0.456693 0.173228 
vn 0.874016 0.456693 0.173228 
vn 0.740157 0.456693 0.496063 
vn 0.740157 0.456693 0.496063 
vn 0.496063 0.456693 0.740157 
vn 0.173228 0.456693 0.874016 
vn 0.488189 0.456693 -0.748031 
vn 0.740157 0.456693 -0.496063 
vn 0.740157 0.456693 -0.496063 
vn 0.976378 0.023622 0.220472 
vn 0.976378 0.023622 0.220472 
vn 0.976378 0.023622 0.220472 
vn 0.976378 0.015748 0.204724 
vn 0.826772 0 0.559055 
vn 0.826772 0 0.559055 
vn 0.826772 0 0.559055 
vn 0.826772 0 0.559055 
vn 0.551181 0.110236 0.826772 
vn 0.551181 0.110236 0.826772 
vn 0.19685 0 0.984252 
vn 0.19685 0 0.984252 
vn 0.19685 0 0.984252 
vn 0.19685 0 0.984252 
vn 0.984252 -0.00787402 -0.188976 
vn 0.984252 -0.00787402 -0.188976 
vn 0.976378 0.023622 -0.228346 
vn 0.976378 0.023622 -0.228346 
vn 0.976378 0.023622 -0.228346 
vn 0.96063 0.0944882 -0.267717 
vn 0.858268 0.0314961 -0.511811 
vn 0.858268 0.0314961 -0.511811 
vn 0.559055 0.0393701 -0.826772 
vn 0.559055 0.0393701 -0.826772 
vn 0.826772 0 0.559055 
vn 0.826772 0 0.559055 
vn 0.559055 0 0.834646 
vn 0.19685 0 0.984252 
vn 0.984252 -0.0314961 -0.181102 
vn 0.976378 0.023622 -0.204724 
vn 0.826772 0 0.559055 
vn 0.826772 0 0.559055 
vn 0.559055 0 0.826772 
vn 0.204724 0.015748 0.976378 
vn 0.102362 0.992126 0.023622 
vn -0.102362 0.992126 0.023622 
vn -0.102362 0.992126 0.023622 
vn -0.0944882 0.992126 0.0629921 
vn -0.0944882 0.992126 0.0629921 
vn -0.0629921 0.992126 0.0866142 
vn 0.023622 0.992126 0.110236 
vn 0.023622 0.992126 -0.110236 
vn -0.023622 0.992126 -0.110236 
vn -0.0629921 0.992126 -0.0866142 
vn -0.0866142 0.992126 -0.0629921 
vn -0.0866142 0.992126 -0.0629921 
vn -0.370079 0.92126 0.0708661 
vn -0.370079 0.929134 0.0708661 
vn -0.314961 0.929134 0.212598 
vn -0.314961 0.929134 0.212598 
vn -0.212598 0.929134 0.314961 
vn 0.0708661 0.929134 0.370079 
vn 0.133858 0.897638 -0.417323 
vn -0.0708661 0.92126 -0.377953 
vn -0.212598 0.92126 -0.314961 
vn -0.314961 0.92126 -0.212598 
vn -0.314961 0.92126 -0.212598 
vn -0.874016 0.456693 0.173228 
vn -0.874016 0.456693 0.173228 
vn -0.740157 0.456693 0.496063 
vn -0.740157 0.456693 0.496063 
vn -0.496063 0.456693 0.740157 
vn -0.15748 0.574803 0.80315 
vn -0.15748 0.574803 0.80315 
vn -0.496063 0.456693 -0.740157 
vn -0.740157 0.456693 -0.496063 
vn -0.740157 0.456693 -0.496063 
vn -0.976378 0.015748 0.204724 
vn -0.976378 0.015748 0.204724 
vn -0.976378 0.015748 0.204724 
vn -0.976378 0.023622 0.220472 
vn -0.826772 0 0.559055 
vn -0.826772 0 0.559055 
vn -0.826772 0 0.559055 
vn -0.826772 0 0.559055 
vn -0.559055 0 0.834646 
vn -0.559055 0 0.834646 
vn -0.19685 0.0314961 0.976378 
vn -0.19685 0.0314961 0.976378 
vn -0.19685 0.0314961 0.976378 
vn -0.19685 0.0314961 0.976378 
vn -0.984252 -0.015748 -0.181102 
vn -0.984252 -0.00787402 -0.188976 
vn -0.96063 0.0944882 -0.267717 
vn -0.96063 0.0944882 -0.267717 
vn -0.96063 0.0944882 -0.267717 
vn -0.976378 0.023622 -0.228346 
vn -0.834646 -0.00787402 -0.551181 
vn -0.858268 0.0314961 -0.511811 
vn -0.559055 0.015748 -0.826772 
vn -0.566929 0.0393701 -0.826772 
vn -0.850394 -0.19685 0.480315 
vn -0.858268 0 0.511811 
vn -0.559055 0 0.826772 
vn -0.19685 0.0787402 0.976378 
vn -0.204724 0.0944882 0.976378 
vn -0.976378 0.023622 -0.204724 
vn -0.976378 0.023622 -0.204724 
vn -0.818898 0.110236 0.559055 
vn -0.826772 0 0.559055 
vn -0.559055 0 0.826772 
vn 0.19685 0 0.984252 
vn 0.204724 0.015748 0.976378 
vn 0 -0.322835 0.944882 
vn 0 -0.322835 0.944882 
vn 0.425197 -0.472441 -0.771654 
vn 0.425197 -0.472441 -0.771654 
vn 0.267717 -0.858268 -0.448819 
vn 0.425197 -0.472441 -0.771654 
vn 0.110236 -0.944882 -0.314961 
vn -0.23622 -0.937008 -0.251969 
vn -0.23622 -0.937008 -0.251969 
vn -0.251969 -0.952756 -0.165354 
vn -0.354331 -0.0944882 -0.929134 
vn -0.354331 -0.0944882 -0.929134 
vn -0.362205 0.125984 -0.92126 
vn 0 -0.322835 0.944882 
vn -0.362205 0.125984 -0.92126 
vn -0.0787402 -0.661417 -0.748031 
vn -0.0787402 -0.661417 -0.748031 
vn 0.0314961 -0.708661 -0.700787 
vn -0.133858 -0.535433 -0.834646 
vn -0.015748 -0.110236 0.992126 
vn -0.015748 -0.110236 0.992126 
vn 0.220472 -0.913386 0.346457 
vn 0.417323 -0.15748 -0.889764 
vn 0 -0.322835 0.944882 
vn 0 -0.322835 0.944882 
vn -0.417323 -0.11811 -0.897638 
vn -0.464567 -0.0551181 -0.88189 
vn -0.19685 -0.929134 -0.322835 
vn -0.19685 -0.929134 -0.322835 
vn -0.133858 -0.937008 -0.330709 
vn -0.11811 -0.944882 -0.314961 
vn -0.23622 -0.937008 -0.251969 
vn 0.354331 -0.0944882 -0.929134 
vn 0.354331 -0.0944882 -0.929134 
vn 0.362205 0.125984 -0.92126 
vn 0.362205 0.125984 -0.92126 
vn 0 -0.322835 0.944882 
vn 0.0787402 -0.661417 -0.748031 
vn 0.0787402 -0.661417 -0.748031 
vn -0.023622 -0.708661 -0.700787 
vn 0.0314961 -0.259843 -0.968504 
vn 0.015748 -0.110236 0.992126 
vn 0.015748 -0.110236 0.992126 
vn -0.204724 -0.889764 0.401575 
vn -0.464567 -0.559055 -0.685039 
vn 0.173228 -0.472441 -0.866142 
vn 0.173228 -0.472441 -0.866142 
vn 0.173228 0.456693 0.874016 
vn 0.19685 0 0.984252 
vn 0.19685 0 0.984252 
vn 0.15748 -0.984252 -0.110236 
vn 0.15748 -0.984252 -0.110236 
vn -0.23622 -0.937008 -0.251969 
vn 0.110236 -0.944882 -0.314961 
vn -0.251969 -0.952756 -0.165354 
vn -0.251969 -0.952756 -0.165354 
vn -0.19685 -0.929134 -0.322835 
vn -0.133858 -0.937008 -0.330709 
vn 0 -0.322835 0.944882 
vn 0 -0.322835 0.944882 
vn -0.244094 -0.307087 0.92126 
vn -0.244094 -0.307087 0.92126 
vn 0.425197 -0.472441 -0.771654 
vn 0.425197 -0.472441 -0.771654 
vn -0.393701 -0.275591 -0.88189 
vn -0.393701 -0.275591 -0.88189 
vn 0.267717 -0.858268 -0.448819 
vn -0.622047 -0.370079 -0.692913 
vn -0.440945 -0.330709 -0.834646 
vn -0.181102 -0.314961 -0.929134 
vn -0.354331 -0.0944882 -0.929134 
vn -0.354331 -0.0944882 -0.929134 
vn -0.677165 -0.0708661 -0.732283 
vn -0.677165 -0.0708661 -0.732283 
vn -0.362205 0.125984 -0.92126 
vn -0.425197 0.125984 -0.897638 
vn -0.0787402 -0.661417 -0.748031 
vn -0.0787402 -0.661417 -0.748031 
vn -0.850394 -0.511811 -0.0787402 
vn -0.850394 -0.511811 -0.0787402 
vn 0.0314961 -0.708661 -0.700787 
vn -0.629921 -0.724409 0.275591 
vn -0.133858 -0.535433 -0.834646 
vn -0.80315 -0.590551 0.0787402 
vn -0.015748 -0.110236 0.992126 
vn -0.015748 -0.110236 0.992126 
vn 0.110236 -0.110236 0.984252 
vn 0.110236 -0.110236 0.984252 
vn 0.220472 -0.913386 0.346457 
vn -0.811024 -0.582677 0.0472441 
vn 0.417323 -0.15748 -0.889764 
vn -0.125984 -0.125984 -0.984252 
vn 0 -0.322835 0.944882 
vn 0 -0.322835 0.944882 
vn 0.244094 -0.307087 0.92126 
vn 0.244094 -0.307087 0.92126 
vn -0.464567 -0.0551181 -0.88189 
vn -0.417323 -0.11811 -0.897638 
vn 0.0551181 -0.110236 -0.992126 
vn 0.0551181 -0.110236 -0.992126 
vn -0.133858 -0.937008 -0.330709 
vn 0.622047 -0.370079 -0.692913 
vn -0.11811 -0.944882 -0.314961 
vn 0.440945 -0.330709 -0.834646 
vn -0.23622 -0.937008 -0.251969 
vn -0.181102 -0.314961 -0.929134 
vn 0.354331 -0.0944882 -0.929134 
vn 0.354331 -0.0944882 -0.929134 
vn 0.677165 -0.0708661 -0.732283 
vn 0.677165 -0.0708661 -0.732283 
vn 0.362205 0.125984 -0.92126 
vn 0.425197 0.125984 -0.897638 
vn 0.0787402 -0.661417 -0.748031 
vn 0.0787402 -0.661417 -0.748031 
vn 0.850394 -0.511811 -0.0787402 
vn 0.850394 -0.511811 -0.0787402 
vn -0.023622 -0.708661 -0.700787 
vn 0.629921 -0.724409 0.275591 
vn 0.0314961 -0.259843 -0.968504 
vn 0.84252 -0.543307 0.023622 
vn 0.015748 -0.110236 0.992126 
vn 0.015748 -0.110236 0.992126 
vn -0.110236 -0.110236 0.984252 
vn -0.110236 -0.110236 0.984252 
vn -0.204724 -0.889764 0.401575 
vn 0.811024 -0.582677 0.0472441 
vn -0.464567 -0.559055 -0.685039 
vn 0.370079 -0.275591 -0.889764 
vn 0.173228 -0.472441 -0.866142 
vn -0.141732 -0.88189 0.448819 
vn 0.173228 -0.472441 -0.866142 
vn -0.141732 -0.88189 0.448819 
vn -0.700787 -0.637795 -0.322835 
vn 0.629921 0.732283 0.251969 
vn 0.212598 0.976378 -0.0393701 
vn 0.503937 0.84252 0.19685 
vn 0.0314961 1 0.0629921 
vn 0.0314961 1 0.0629921 
vn 0.0314961 1 0.0787402 
vn -0.574803 0.80315 0.165354 
vn -0.212598 0.976378 -0.0944882 
vn -0.637795 0.755906 0.141732 
vn -0.551181 -0.0866142 0.834646 
vn -0.590551 0 0.80315 
vn -0.614173 0 0.795276 
vn 0.228346 0.11811 -0.968504 
vn 0.291339 0 -0.96063 
vn 0.267717 0 -0.96063 
vn 0.259843 0 -0.968504 
vn 0.503937 -0.755906 -0.417323 
vn 0.133858 -0.0944882 0.984252 
vn 0.0629921 0.0866142 0.992126 
vn 0.181102 -0.023622 0.984252 
vn 0.212598 0.19685 0.96063 
vn 0.0944882 0.409449 0.905512 
vn 0 0.472441 0.88189 
vn 0 0.472441 0.88189 
vn 0 0.433071 0.897638 
vn -0.0787402 0.275591 0.96063 
vn -0.133858 0.023622 0.992126 
vn -0.0551181 0.0314961 1 
vn -0.0551181 0.00787402 1 
vn -0.00787402 -0.181102 0.984252 
vn -0.566929 -0.787402 -0.23622 
vn -0.267717 0 -0.96063 
vn -0.291339 0 -0.96063 
vn -0.354331 0 -0.937008 
vn -0.244094 0.354331 -0.905512 
vn 0.590551 0 0.80315 
vn 0.598425 0 0.80315 
vn -0.992126 -0.00787402 -0.0944882 
vn -0.992126 -0.00787402 -0.0944882 
vn -0.992126 -0.00787402 -0.0944882 
vn -1 -0.0314961 -0.0393701 
vn -1 -0.023622 -0.0472441 
vn -0.992126 0.0393701 -0.133858 
vn 1 0.0314961 0.0393701 
vn 1 0.0314961 0.0393701 
vn 1 0.0314961 0.0393701 
vn 0.992126 0.00787402 0.0944882 
vn 0.992126 -0.0314961 0.133858 
vn 0.992126 -0.0314961 0.133858 
vn 1 0.0314961 0.0393701 
vn 0.992126 0.00787402 0.0944882 
vn 0.992126 0.00787402 0.0944882 
vn 1 0.0314961 0.0393701 
vn 1 0.0314961 0.0393701 
vn 1 0.0314961 0.0393701 
vn 0.992126 -0.0314961 0.133858 
vn 0.992126 -0.0314961 0.133858 
vn 1 -0.0314961 -0.0393701 
vn 1 -0.0314961 -0.0393701 
vn 1 -0.0314961 -0.0393701 
vn 0.992126 -0.00787402 -0.0944882 
vn 0.992126 0.0393701 -0.133858 
vn 0.992126 0.0393701 -0.133858 
vn -0.992126 0.00787402 0.0944882 
vn -0.992126 0.00787402 0.0944882 
vn -0.992126 0.00787402 0.0944882 
vn -1 0.0314961 0.0393701 
vn -1 0.023622 0.0393701 
vn -0.992126 -0.0314961 0.133858 
vn -0.992126 0.00787402 0.0944882 
vn -0.992126 0.00787402 0.0944882 
vn -0.992126 0.00787402 0.0944882 
vn -0.992126 0.00787402 0.0944882 
vn -1 0.0314961 0.0393701 
vn -0.992126 0.00787402 0.0944882 
vn -1 0.023622 0.0393701 
vn -0.992126 -0.0314961 0.133858 

vt 0.408468 0.285749 
vt 0.392687 0.370979 
vt 0.437404 0.371711 
vt 0.44555 0.283545 
vt 0.389621 0.403722 
vt 0.430747 0.407923 
vt 0.431321 0.447088 
vt 0.38453 0.442931 
vt 0.394152 0.484454 
vt 0.436113 0.486042 
vt 0.411224 0.574926 
vt 0.446199 0.576914 
vt 0.441459 0.524862 
vt 0.399333 0.525186 
vt 0.413995 0.601381 
vt 0.453731 0.599246 
vt 0.216857 0.847997 
vt 0.234728 0.849154 
vt 0.221589 0.89577 
vt 0.197716 0.892819 
vt 0.217876 0.911155 
vt 0.193625 0.906793 
vt 0.216705 0.927593 
vt 0.220009 0.946506 
vt 0.195988 0.942297 
vt 0.192235 0.922731 
vt 0.207847 0.986038 
vt 0.199825 0.961891 
vt 0.223493 0.965667 
vt 0.230077 0.990078 
vt 0.214981 1.00532 
vt 0.234728 1.00594 
vt 0.382807 0.281711 
vt 0.366849 0.367834 
vt 0.46293 0.373963 
vt 0.471942 0.286364 
vt 0.448568 0.257136 
vt 0.416308 0.261116 
vt 0.362551 0.395683 
vt 0.458028 0.402185 
vt 0.356099 0.457976 
vt 0.365837 0.491278 
vt 0.465271 0.489956 
vt 0.464257 0.453393 
vt 0.471942 0.572107 
vt 0.470491 0.52738 
vt 0.369979 0.528982 
vt 0.378574 0.576524 
vt 0.468602 0.601808 
vt 0.396866 0.611389 
vt 0.422457 0.618767 
vt 0.459192 0.612142 
vt 0.459069 0.432608 
vt 0.355196 0.425614 
vt 0.176568 0.602019 
vt 0.167605 0.619056 
vt 0.146068 0.610633 
vt 0.147766 0.59131 
vt 0.197207 0.531721 
vt 0.187256 0.560199 
vt 0.153595 0.551363 
vt 0.150701 0.52467 
vt 0.197277 0.464904 
vt 0.19541 0.504692 
vt 0.154074 0.500898 
vt 0.156884 0.463627 
vt 0.201067 0.399021 
vt 0.199552 0.430429 
vt 0.159002 0.431708 
vt 0.159472 0.400304 
vt 0.204118 0.309498 
vt 0.163649 0.299567 
vt 0.185024 0.861027 
vt 0.168285 0.863928 
vt 0.172147 0.846614 
vt 0.183274 0.846273 
vt 0.188186 0.884196 
vt 0.165778 0.884823 
vt 0.166558 0.872707 
vt 0.186348 0.870885 
vt 0.187634 0.917516 
vt 0.167185 0.916614 
vt 0.166041 0.896221 
vt 0.189109 0.899065 
vt 0.188338 0.950657 
vt 0.167666 0.948665 
vt 0.166812 0.933321 
vt 0.188301 0.936185 
vt 0.184066 1.00092 
vt 0.165778 1.00528 
vt 0.20685 0.591217 
vt 0.186045 0.619401 
vt 0.181532 0.578668 
vt 0.137155 0.605926 
vt 0.13535 0.571147 
vt 0.153615 0.56891 
vt 0.226871 0.551866 
vt 0.217455 0.574293 
vt 0.133314 0.555094 
vt 0.126843 0.53411 
vt 0.225495 0.465661 
vt 0.2254 0.500573 
vt 0.131721 0.496205 
vt 0.135102 0.460262 
vt 0.225844 0.401344 
vt 0.225923 0.429203 
vt 0.138687 0.429604 
vt 0.138724 0.400128 
vt 0.22924 0.313521 
vt 0.142231 0.301401 
vt 0.171062 0.279738 
vt 0.20517 0.284514 
vt 0.125688 0.516962 
vt 0.229241 0.527205 
vt 0.562189 0.599573 
vt 0.504058 0.609255 
vt 0.501843 0.589157 
vt 0.561023 0.577125 
vt 0.554684 0.546528 
vt 0.503513 0.561382 
vt 0.502128 0.509615 
vt 0.554286 0.495534 
vt 0.503447 0.466042 
vt 0.555734 0.456712 
vt 0.508258 0.394588 
vt 0.555391 0.387161 
vt 0.554392 0.418248 
vt 0.506885 0.426093 
vt 0.557772 0.280156 
vt 0.558358 0.30227 
vt 0.508702 0.304853 
vt 0.51261 0.284031 
vt 0.123774 1.00103 
vt 0.12707 0.978901 
vt 0.15657 0.989331 
vt 0.154394 1.00839 
vt 0.127246 0.952779 
vt 0.157745 0.961785 
vt 0.155556 0.93855 
vt 0.126043 0.932204 
vt 0.15246 0.902018 
vt 0.154459 0.916449 
vt 0.12574 0.911771 
vt 0.124668 0.897906 
vt 0.127356 0.836168 
vt 0.152057 0.838945 
vt 0.15272 0.852428 
vt 0.127401 0.849901 
vt 0.483718 0.597616 
vt 0.482316 0.561819 
vt 0.5762 0.544577 
vt 0.582217 0.586205 
vt 0.479875 0.510859 
vt 0.576781 0.494815 
vt 0.575237 0.455496 
vt 0.483452 0.466763 
vt 0.576657 0.39049 
vt 0.572929 0.417449 
vt 0.487659 0.424972 
vt 0.486977 0.397013 
vt 0.580647 0.279896 
vt 0.582217 0.304339 
vt 0.485162 0.305197 
vt 0.489641 0.281744 
vt 0.508834 0.26149 
vt 0.554205 0.257905 
vt 0.487673 0.367655 
vt 0.485439 0.327458 
vt 0.50835 0.323864 
vt 0.510437 0.363197 
vt 0.12627 0.862418 
vt 0.152203 0.86462 
vt 0.15079 0.886752 
vt 0.123774 0.88297 
vt 0.55796 0.321862 
vt 0.580637 0.326538 
vt 0.578641 0.363021 
vt 0.557674 0.358322 
vt 0.643787 0.474122 
vt 0.650971 0.528871 
vt 0.612968 0.539341 
vt 0.604416 0.485143 
vt 0.646726 0.389905 
vt 0.643641 0.418274 
vt 0.606905 0.418143 
vt 0.607978 0.388481 
vt 0.615586 0.564028 
vt 0.657393 0.545641 
vt 0.664142 0.567236 
vt 0.621911 0.585814 
vt 0.660469 0.329257 
vt 0.651004 0.363158 
vt 0.613178 0.359927 
vt 0.617473 0.324766 
vt 0.60414 0.450926 
vt 0.642345 0.44756 
vt 0.243485 0.913298 
vt 0.22208 0.905445 
vt 0.230014 0.877002 
vt 0.250935 0.886025 
vt 0.245098 0.955623 
vt 0.22364 0.959002 
vt 0.22087 0.942893 
vt 0.242415 0.941736 
vt 0.239498 0.856353 
vt 0.259381 0.870401 
vt 0.259381 0.984014 
vt 0.237784 0.990723 
vt 0.228938 0.973264 
vt 0.250357 0.967786 
vt 0.219689 0.924198 
vt 0.241049 0.926807 
vt 0.660378 0.472692 
vt 0.667195 0.524621 
vt 0.595217 0.540693 
vt 0.587707 0.487341 
vt 0.662899 0.392058 
vt 0.659664 0.419062 
vt 0.589881 0.417395 
vt 0.591786 0.387161 
vt 0.677635 0.555639 
vt 0.601854 0.581815 
vt 0.677635 0.335875 
vt 0.667699 0.367839 
vt 0.59539 0.359744 
vt 0.598903 0.324377 
vt 0.61816 0.307178 
vt 0.66082 0.310746 
vt 0.658535 0.446968 
vt 0.587904 0.451955 
vt 0.735191 0.374241 
vt 0.698593 0.375216 
vt 0.704841 0.325858 
vt 0.745631 0.324103 
vt 0.727002 0.420035 
vt 0.6943 0.42087 
vt 0.726201 0.442235 
vt 0.691052 0.445299 
vt 0.734905 0.488682 
vt 0.700606 0.500737 
vt 0.68986 0.470436 
vt 0.730324 0.462013 
vt 0.713049 0.54581 
vt 0.708697 0.528662 
vt 0.740821 0.513202 
vt 0.74925 0.523814 
vt 0.277236 0.896773 
vt 0.287475 0.870096 
vt 0.265706 0.868242 
vt 0.256809 0.894456 
vt 0.27041 0.917987 
vt 0.251025 0.917153 
vt 0.249066 0.930193 
vt 0.268854 0.928723 
vt 0.276207 0.950517 
vt 0.271586 0.937564 
vt 0.251275 0.942101 
vt 0.256712 0.958441 
vt 0.27084 0.985627 
vt 0.287475 0.969898 
vt 0.280925 0.96184 
vt 0.262104 0.972734 
vt 0.681674 0.376605 
vt 0.686579 0.327251 
vt 0.70414 0.308525 
vt 0.744472 0.30604 
vt 0.762676 0.329531 
vt 0.751692 0.379544 
vt 0.67791 0.419434 
vt 0.743008 0.419806 
vt 0.675715 0.444499 
vt 0.742566 0.440061 
vt 0.685386 0.506624 
vt 0.675301 0.47759 
vt 0.747668 0.46239 
vt 0.750614 0.486713 
vt 0.707224 0.563429 
vt 0.695729 0.533649 
vt 0.755609 0.510234 
vt 0.762676 0.527866 
vt 0.721096 0.560887 
vt 0.755851 0.535952 
vt 0.672998 0.46649 
vt 0.746603 0.456172 
vt 0.813597 0.388073 
vt 0.777804 0.38811 
vt 0.784986 0.341963 
vt 0.820279 0.338005 
vt 0.809161 0.42006 
vt 0.775046 0.419386 
vt 0.775671 0.459605 
vt 0.807533 0.453202 
vt 0.810939 0.480349 
vt 0.779454 0.490828 
vt 0.793061 0.527929 
vt 0.787229 0.511738 
vt 0.815118 0.500741 
vt 0.82261 0.509452 
vt 0.372908 0.88964 
vt 0.381512 0.864565 
vt 0.361275 0.863575 
vt 0.353896 0.888172 
vt 0.371404 0.904625 
vt 0.353445 0.903367 
vt 0.351292 0.923187 
vt 0.37032 0.919942 
vt 0.371893 0.933089 
vt 0.353422 0.939378 
vt 0.366544 0.95872 
vt 0.381512 0.950064 
vt 0.375715 0.942379 
vt 0.35777 0.951593 
vt 0.761574 0.386277 
vt 0.768661 0.341393 
vt 0.783301 0.326108 
vt 0.818749 0.322004 
vt 0.836663 0.340637 
vt 0.830391 0.388886 
vt 0.762011 0.413345 
vt 0.82243 0.413516 
vt 0.761362 0.461553 
vt 0.760429 0.426813 
vt 0.824133 0.424305 
vt 0.821572 0.450789 
vt 0.765683 0.490978 
vt 0.824203 0.475733 
vt 0.787218 0.537271 
vt 0.774108 0.516498 
vt 0.829231 0.495162 
vt 0.836663 0.51079 
vt 0.799973 0.535156 
vt 0.829765 0.520049 
vt 0.883185 0.421008 
vt 0.853043 0.425933 
vt 0.85593 0.400077 
vt 0.883696 0.395766 
vt 0.885538 0.46205 
vt 0.861408 0.47399 
vt 0.856635 0.459471 
vt 0.884364 0.45386 
vt 0.859546 0.366296 
vt 0.890096 0.35861 
vt 0.852095 0.443533 
vt 0.882683 0.437163 
vt 0.258182 0.800702 
vt 0.25965 0.789023 
vt 0.243257 0.789993 
vt 0.241059 0.803484 
vt 0.261107 0.82111 
vt 0.258688 0.815312 
vt 0.242468 0.819579 
vt 0.249312 0.826793 
vt 0.266169 0.769658 
vt 0.248676 0.772172 
vt 0.24102 0.811642 
vt 0.257653 0.808104 
vt 0.835385 0.422209 
vt 0.838339 0.398528 
vt 0.901666 0.397937 
vt 0.90129 0.419353 
vt 0.84874 0.484527 
vt 0.841281 0.466745 
vt 0.901754 0.452221 
vt 0.901782 0.464177 
vt 0.841301 0.365866 
vt 0.854742 0.348895 
vt 0.885001 0.340762 
vt 0.90815 0.36237 
vt 0.90054 0.438967 
vt 0.835697 0.45252 
vt 0.899133 0.489527 
vt 0.891749 0.506053 
vt 0.87058 0.501781 
vt 0.892128 0.473102 
vt 0.855512 0.516462 
vt 0.266169 0.829482 
vt 0.262855 0.838969 
vt 0.90815 0.481115 
vt 0.899584 0.432466 
vt 0.835385 0.436842 
vt 0.929605 0.10461 
vt 0.928003 0.145049 
vt 0.896301 0.142964 
vt 0.897396 0.105439 
vt 0.928324 0.174011 
vt 0.896062 0.174391 
vt 0.927272 0.20341 
vt 0.927451 0.220962 
vt 0.896032 0.219694 
vt 0.89721 0.202036 
vt 0.216331 0.713766 
vt 0.234432 0.714784 
vt 0.235126 0.735935 
vt 0.216608 0.736564 
vt 0.234527 0.752047 
vt 0.21642 0.751276 
vt 0.216604 0.763658 
vt 0.233665 0.763491 
vt 0.234053 0.767145 
vt 0.216331 0.768756 
vt 0.944328 0.105819 
vt 0.942581 0.145482 
vt 0.881681 0.142489 
vt 0.882586 0.105279 
vt 0.896797 0.090684 
vt 0.928891 0.089802 
vt 0.942849 0.171411 
vt 0.88142 0.171151 
vt 0.940686 0.199681 
vt 0.944328 0.207869 
vt 0.879398 0.202224 
vt 0.88401 0.197662 
vt 0.942449 0.177825 
vt 0.881732 0.177561 
vt 0.244831 0.025993 
vt 0.286596 0.027306 
vt 0.279283 0.063538 
vt 0.241477 0.057636 
vt 0.273273 0.103757 
vt 0.271506 0.131186 
vt 0.238705 0.120957 
vt 0.239978 0.091185 
vt 0.235092 0.173187 
vt 0.237238 0.150753 
vt 0.272319 0.158301 
vt 0.278397 0.17845 
vt 0.241959 0.222089 
vt 0.242772 0.196082 
vt 0.27629 0.202087 
vt 0.283159 0.227294 
vt 0.070375 0.891482 
vt 0.066442 0.90765 
vt 0.088492 0.912141 
vt 0.093618 0.893495 
vt 0.085647 0.933845 
vt 0.06495 0.926542 
vt 0.065427 0.940976 
vt 0.08682 0.946511 
vt 0.068461 0.961386 
vt 0.090369 0.964634 
vt 0.088711 0.95916 
vt 0.067705 0.955568 
vt 0.073195 0.986247 
vt 0.093618 0.98871 
vt 0.091255 0.970764 
vt 0.069587 0.967905 
vt 0.221204 0.052874 
vt 0.226303 0.02227 
vt 0.292872 0.010351 
vt 0.249294 0.00872201 
vt 0.305773 0.028572 
vt 0.301166 0.063399 
vt 0.214718 0.088545 
vt 0.213184 0.117597 
vt 0.298532 0.128909 
vt 0.299598 0.104416 
vt 0.304303 0.163853 
vt 0.301562 0.153603 
vt 0.211253 0.145621 
vt 0.208838 0.15603 
vt 0.299918 0.233674 
vt 0.305773 0.199418 
vt 0.208568 0.196189 
vt 0.22079 0.230369 
vt 0.237704 0.243874 
vt 0.278045 0.245395 
vt 0.304316 0.188084 
vt 0.207992 0.18347 
vt 0.058112 0.215836 
vt 0.035426 0.209102 
vt 0.032939 0.225592 
vt 0.05157 0.230727 
vt 0.067533 0.17017 
vt 0.028895 0.165769 
vt 0.034501 0.192643 
vt 0.061172 0.200325 
vt 0.061663 0.130492 
vt 0.024002 0.127424 
vt 0.028633 0.144532 
vt 0.062393 0.149764 
vt 0.059989 0.071136 
vt 0.03069 0.061447 
vt 0.236157 0.827395 
vt 0.234068 0.839591 
vt 0.223552 0.83594 
vt 0.219038 0.824311 
vt 0.236405 0.815964 
vt 0.216501 0.816311 
vt 0.235163 0.800035 
vt 0.235229 0.807328 
vt 0.21468 0.808336 
vt 0.215567 0.801513 
vt 0.220484 0.773891 
vt 0.236405 0.781675 
vt 0.085601 0.206989 
vt 0.071645 0.223936 
vt 0.021218 0.217641 
vt 0.017166 0.195821 
vt 0.09439 0.188864 
vt 0.01063 0.182369 
vt 0.096 0.124518 
vt 0.09179 0.136709 
vt 0.005533 0.148633 
vt -0.001899 0.138882 
vt 0.011898 0.06056 
vt 0.003441 0.109583 
vt 0.083518 0.105613 
vt 0.079279 0.073192 
vt 0.038196 0.044673 
vt 0.068528 0.054117 
vt 0.003759 0.163706 
vt 0.096 0.152519 
vt 0.350257 0.258795 
vt 0.349903 0.237428 
vt 0.397775 0.241279 
vt 0.397608 0.261394 
vt 0.348471 0.216041 
vt 0.343047 0.183044 
vt 0.385543 0.187531 
vt 0.390944 0.222889 
vt 0.385164 0.163776 
vt 0.34302 0.158202 
vt 0.338622 0.135859 
vt 0.344176 0.105935 
vt 0.389264 0.113085 
vt 0.388163 0.139526 
vt 0.354649 0.026009 
vt 0.396684 0.038571 
vt 0.395537 0.07849 
vt 0.342495 0.066526 
vt 0.294141 0.866332 
vt 0.320176 0.864495 
vt 0.316094 0.879969 
vt 0.28917 0.883145 
vt 0.311912 0.895517 
vt 0.28612 0.897317 
vt 0.31005 0.905255 
vt 0.284175 0.909307 
vt 0.296286 0.980231 
vt 0.288426 0.955317 
vt 0.313603 0.946602 
vt 0.320176 0.971264 
vt 0.419621 0.247542 
vt 0.412631 0.216377 
vt 0.327573 0.215051 
vt 0.331184 0.249151 
vt 0.408524 0.185455 
vt 0.321507 0.186487 
vt 0.318435 0.164737 
vt 0.407296 0.164853 
vt 0.410326 0.108272 
vt 0.411956 0.133037 
vt 0.334752 0.016878 
vt 0.319877 0.059865 
vt 0.419621 0.079531 
vt 0.418374 0.035609 
vt 0.403532 0.016792 
vt 0.360735 0.00484902 
vt 0.285446 0.935578 
vt 0.283592 0.920317 
vt 0.310129 0.91506 
vt 0.311284 0.929219 
vt 0.321931 0.121931 
vt 0.324903 0.094687 
vt 0.313522 0.145247 
vt 0.415653 0.150487 
vt 0.543335 0.19372 
vt 0.545035 0.164145 
vt 0.500693 0.177294 
vt 0.506906 0.207281 
vt 0.537222 0.100575 
vt 0.50259 0.106675 
vt 0.506417 0.139702 
vt 0.538175 0.132928 
vt 0.510586 0.230115 
vt 0.51831 0.251445 
vt 0.557361 0.233088 
vt 0.548811 0.211697 
vt 0.541688 0.043333 
vt 0.501995 0.047342 
vt 0.503927 0.083557 
vt 0.539356 0.076617 
vt 0.344794 0.896526 
vt 0.345402 0.913542 
vt 0.322629 0.913623 
vt 0.322858 0.896004 
vt 0.320517 0.945819 
vt 0.344348 0.938476 
vt 0.34891 0.95797 
vt 0.326005 0.96622 
vt 0.34891 0.866812 
vt 0.348213 0.884598 
vt 0.326105 0.884603 
vt 0.330853 0.865513 
vt 0.344067 0.928433 
vt 0.320789 0.932111 
vt 0.485734 0.182046 
vt 0.490141 0.207489 
vt 0.562016 0.098899 
vt 0.558838 0.132374 
vt 0.489913 0.138171 
vt 0.488591 0.104156 
vt 0.559551 0.190826 
vt 0.566654 0.226887 
vt 0.494864 0.245253 
vt 0.560597 0.043 
vt 0.566654 0.076159 
vt 0.490795 0.080764 
vt 0.487107 0.045178 
vt 0.499009 0.033665 
vt 0.532088 0.02691 
vt 0.560506 0.172745 
vt 0.563322 0.160094 
vt 0.485986 0.17156 
vt 0.703721 0.099063 
vt 0.710192 0.048778 
vt 0.669075 0.049364 
vt 0.66688 0.097774 
vt 0.6993 0.142525 
vt 0.661614 0.14462 
vt 0.661808 0.164796 
vt 0.700611 0.160437 
vt 0.719482 0.208962 
vt 0.707114 0.177155 
vt 0.661127 0.189008 
vt 0.683789 0.215492 
vt 0.690601 0.236686 
vt 0.726706 0.216309 
vt 0.05619 0.918161 
vt 0.034653 0.913895 
vt 0.041537 0.887877 
vt 0.063107 0.891364 
vt 0.052814 0.939309 
vt 0.029747 0.936521 
vt 0.0284 0.946494 
vt 0.052963 0.948405 
vt 0.06148 0.969896 
vt 0.038764 0.974343 
vt 0.029014 0.956974 
vt 0.054922 0.958382 
vt 0.045689 0.987244 
vt 0.063107 0.971895 
vt 0.649827 0.098787 
vt 0.650959 0.050093 
vt 0.66929 0.031805 
vt 0.710006 0.030642 
vt 0.728312 0.05103 
vt 0.722683 0.101465 
vt 0.645497 0.142089 
vt 0.717184 0.141219 
vt 0.646008 0.162266 
vt 0.718396 0.158707 
vt 0.674871 0.227699 
vt 0.650829 0.201781 
vt 0.723257 0.188617 
vt 0.727382 0.213256 
vt 0.693021 0.24889 
vt 0.728312 0.217585 
vt 0.696986 0.247005 
vt 0.727843 0.217891 
vt 0.643092 0.18294 
vt 0.725589 0.176234 
vt 0.781389 0.138803 
vt 0.782352 0.113684 
vt 0.753625 0.117426 
vt 0.751914 0.142687 
vt 0.78314 0.180733 
vt 0.782444 0.171252 
vt 0.750275 0.176899 
vt 0.761333 0.195229 
vt 0.788321 0.07709 
vt 0.757557 0.084386 
vt 0.282164 0.796579 
vt 0.264173 0.799051 
vt 0.266412 0.785558 
vt 0.283665 0.784914 
vt 0.285556 0.817781 
vt 0.274447 0.826336 
vt 0.266451 0.814897 
vt 0.282639 0.810529 
vt 0.272821 0.767976 
vt 0.290339 0.765602 
vt 0.734553 0.140825 
vt 0.736361 0.11677 
vt 0.799976 0.116655 
vt 0.798906 0.138421 
vt 0.751646 0.210035 
vt 0.736315 0.187926 
vt 0.800753 0.169533 
vt 0.799907 0.184322 
vt 0.739444 0.084226 
vt 0.752612 0.067537 
vt 0.782903 0.059412 
vt 0.806147 0.081388 
vt 0.799242 0.164096 
vt 0.732981 0.169048 
vt 0.798468 0.206048 
vt 0.789767 0.190492 
vt 0.771628 0.214211 
vt 0.785543 0.229178 
vt 0.764004 0.234107 
vt 0.290339 0.824699 
vt 0.283697 0.837385 
vt 0.806147 0.198564 
vt 0.860932 0.111729 
vt 0.824415 0.112569 
vt 0.823318 0.150303 
vt 0.859152 0.15238 
vt 0.823148 0.18144 
vt 0.859532 0.181307 
vt 0.858713 0.210539 
vt 0.831017 0.209274 
vt 0.839054 0.226075 
vt 0.86071 0.227936 
vt 0.347583 0.856195 
vt 0.347089 0.833396 
vt 0.326166 0.834176 
vt 0.327081 0.855312 
vt 0.347152 0.818682 
vt 0.326618 0.818057 
vt 0.34687 0.806301 
vt 0.347583 0.801246 
vt 0.335799 0.797681 
vt 0.331167 0.806602 
vt 0.875718 0.112767 
vt 0.873875 0.152878 
vt 0.80874 0.149758 
vt 0.809566 0.112343 
vt 0.824073 0.097722 
vt 0.86047 0.096805 
vt 0.874072 0.178838 
vt 0.808603 0.178319 
vt 0.872031 0.206759 
vt 0.875718 0.21497 
vt 0.821699 0.225386 
vt 0.817205 0.208159 
vt 0.873729 0.185171 
vt 0.810029 0.187736 
vt 0.16499 0.233525 
vt 0.137187 0.225234 
vt 0.13511 0.232624 
vt 0.157278 0.24658 
vt 0.170787 0.188791 
vt 0.144613 0.182382 
vt 0.139873 0.209669 
vt 0.167749 0.218024 
vt 0.143684 0.168427 
vt 0.176887 0.172751 
vt 0.14537 0.15374 
vt 0.174704 0.154304 
vt 0.177273 0.122278 
vt 0.140465 0.117588 
vt 0.317498 0.801994 
vt 0.312921 0.790698 
vt 0.299366 0.794542 
vt 0.299783 0.806073 
vt 0.320582 0.812733 
vt 0.302112 0.816181 
vt 0.320644 0.821074 
vt 0.302584 0.822402 
vt 0.30164 0.828355 
vt 0.299848 0.845348 
vt 0.318338 0.843314 
vt 0.319356 0.829431 
vt 0.184908 0.218122 
vt 0.17814 0.239222 
vt 0.129709 0.226761 
vt 0.123732 0.205578 
vt 0.191023 0.198123 
vt 0.122516 0.186478 
vt 0.195343 0.184026 
vt 0.123277 0.175249 
vt 0.123483 0.116126 
vt 0.130424 0.145977 
vt 0.188175 0.145651 
vt 0.194425 0.120656 
vt 0.143108 0.067947 
vt 0.14067 0.085912 
vt 0.176708 0.094482 
vt 0.17998 0.075581 
vt 0.193018 0.161462 
vt 0.127445 0.156595 
vt 0.194819 0.098246 
vt 0.299366 0.859651 
vt 0.318562 0.855021 
vt 0.122516 0.089848 
vt 0.323831 0.401448 
vt 0.283166 0.399663 
vt 0.285066 0.428927 
vt 0.324332 0.429548 
vt 0.326438 0.592373 
vt 0.327182 0.535519 
vt 0.282461 0.540165 
vt 0.282466 0.589336 
vt 0.291834 0.611114 
vt 0.332005 0.601512 
vt 0.097215 0.884796 
vt 0.09499 0.898274 
vt 0.117353 0.896916 
vt 0.119053 0.88416 
vt 0.119053 0.99021 
vt 0.117997 0.976444 
vt 0.0956 0.982339 
vt 0.096263 0.985773 
vt 0.284939 0.383025 
vt 0.324822 0.384567 
vt 0.340494 0.432653 
vt 0.34069 0.408279 
vt 0.266621 0.40796 
vt 0.267565 0.430483 
vt 0.24356 0.546737 
vt 0.259119 0.588654 
vt 0.295617 0.62343 
vt 0.273151 0.610857 
vt 0.339678 0.600932 
vt 0.333497 0.603239 
vt 0.296034 0.622701 
vt 0.333046 0.603437 
vt 0.116399 0.952032 
vt 0.091886 0.95447 
vt 0.350859 0.55161 
vt 0.286281 0.46892 
vt 0.266015 0.464897 
vt 0.255607 0.50106 
vt 0.285088 0.508835 
vt 0.094133 0.917628 
vt 0.092646 0.938094 
vt 0.116353 0.935648 
vt 0.117081 0.915545 
vt 0.322929 0.467175 
vt 0.324574 0.505265 
vt 0.346899 0.50621 
vt 0.341131 0.468112 
vt 0.243525 0.527726 
vt 0.356855 0.534194 
vt 0.633916 0.238242 
vt 0.618212 0.251179 
vt 0.615752 0.220419 
vt 0.632184 0.218977 
vt 0.61544 0.128626 
vt 0.61607 0.145739 
vt 0.584877 0.146473 
vt 0.584849 0.1294 
vt 0.571554 0.219412 
vt 0.587923 0.221111 
vt 0.585734 0.251082 
vt 0.570181 0.239002 
vt 0.368306 0.83978 
vt 0.368303 0.849824 
vt 0.351244 0.849823 
vt 0.35124 0.839782 
vt 0.351238 0.829166 
vt 0.368308 0.82916 
vt 0.617436 0.202845 
vt 0.632936 0.207901 
vt 0.351243 0.82294 
vt 0.368306 0.822935 
vt 0.570281 0.207978 
vt 0.585404 0.20323 
vt 0.632293 0.18489 
vt 0.615932 0.182675 
vt 0.615677 0.164989 
vt 0.632922 0.165647 
vt 0.368317 0.815467 
vt 0.351251 0.815465 
vt 0.351244 0.804944 
vt 0.368305 0.804947 
vt 0.568954 0.166345 
vt 0.585828 0.165396 
vt 0.586202 0.18308 
vt 0.570147 0.185314 
vt 0.632683 0.198623 
vt 0.570194 0.198712 
vt 0.633916 0.145477 
vt 0.351238 0.793792 
vt 0.368312 0.793779 
vt 0.567476 0.146727 
vt 0.054564 0.374666 
vt 0.087378 0.375637 
vt 0.086018 0.39733 
vt 0.052124 0.396342 
vt 0.036124 0.538786 
vt 0.074145 0.538118 
vt 0.070584 0.547377 
vt 0.042747 0.555616 
vt 0.041347 0.573514 
vt 0.073129 0.563084 
vt 0.074704 0.585371 
vt 0.038456 0.591752 
vt 0.19419 0.848448 
vt 0.209907 0.836996 
vt 0.209259 0.831161 
vt 0.192811 0.837684 
vt 0.106994 0.550775 
vt 0.101429 0.560943 
vt 0.026584 0.580611 
vt 0.011305 0.564502 
vt 0.210128 0.825989 
vt 0.191355 0.830537 
vt 0.105764 0.511292 
vt 0.072047 0.515154 
vt 0.102173 0.503241 
vt 0.041678 0.517523 
vt 0.009455 0.510583 
vt 0.016525 0.501141 
vt 0.192639 0.821348 
vt 0.211861 0.819055 
vt 0.211958 0.806733 
vt 0.193164 0.808131 
vt 0.100004 0.489012 
vt 0.075652 0.490756 
vt 0.081084 0.468069 
vt 0.103676 0.464177 
vt 0.045477 0.491474 
vt 0.047717 0.465773 
vt 0.022361 0.485795 
vt 0.026993 0.458976 
vt 0.084811 0.441233 
vt 0.050801 0.438842 
vt 0.105647 0.437199 
vt 0.106994 0.390277 
vt 0.193189 0.79362 
vt 0.211413 0.792399 
vt 0.208675 0.767384 
vt 0.191355 0.768583 
vt 0.031304 0.432978 
vt 0.03254 0.388632 
vt 0.038059 0.592282 
vt 0.196451 0.856463 
vt 0.211648 0.844054 
vt 0.094364 0.573448 
vt 0.462837 0.163262 
vt 0.464458 0.180829 
vt 0.432467 0.182936 
vt 0.431964 0.165242 
vt 0.481985 0.231565 
vt 0.465739 0.230889 
vt 0.464164 0.206061 
vt 0.48136 0.206717 
vt 0.209654 0.743389 
vt 0.192597 0.743391 
vt 0.19259 0.730053 
vt 0.209649 0.730044 
vt 0.418545 0.209563 
vt 0.435169 0.207249 
vt 0.436204 0.232228 
vt 0.420507 0.234341 
vt 0.482969 0.244955 
vt 0.467578 0.250491 
vt 0.209663 0.750979 
vt 0.192597 0.750989 
vt 0.436508 0.252297 
vt 0.420762 0.248147 
vt 0.482969 0.184357 
vt 0.192582 0.717891 
vt 0.209663 0.717878 
vt 0.414819 0.188172 
vt 0.983366 0.467301 
vt 0.981556 0.448157 
vt 0.965197 0.449772 
vt 0.968235 0.479731 
vt 0.964688 0.357508 
vt 0.934171 0.358509 
vt 0.934446 0.375511 
vt 0.96554 0.374625 
vt 0.920858 0.447714 
vt 0.919504 0.467888 
vt 0.93552 0.480385 
vt 0.937384 0.449578 
vt 0.387005 0.839618 
vt 0.387017 0.828997 
vt 0.369949 0.828995 
vt 0.369948 0.839621 
vt 0.982489 0.436895 
vt 0.967048 0.431655 
vt 0.387013 0.822777 
vt 0.369949 0.822774 
vt 0.919848 0.436407 
vt 0.935148 0.432118 
vt 0.98191 0.413536 
vt 0.982491 0.394327 
vt 0.965394 0.393872 
vt 0.965629 0.411446 
vt 0.387011 0.815312 
vt 0.387015 0.804788 
vt 0.369951 0.804793 
vt 0.369947 0.815313 
vt 0.918611 0.395461 
vt 0.919847 0.414352 
vt 0.93598 0.412012 
vt 0.935582 0.394269 
vt 0.982302 0.427267 
vt 0.919889 0.427668 
vt 0.983366 0.374122 
vt 0.387017 0.793633 
vt 0.369953 0.793638 
vt 0.916983 0.375983 
vt 0.706924 0.848584 
vt 0.785582 0.817435 
vt 0.78858 0.83249 
vt 0.768697 0.790386 
vt 0.74529 0.767747 
vt 0.715679 0.753622 
vt 0.749308 0.928373 
vt 0.721015 0.939827 
vt 0.762087 0.915991 
vt 0.786207 0.877273 
vt 0.771549 0.905327 
vt 0.791901 0.84776 
vt 0.824591 0.827926 
vt 0.828413 0.847815 
vt 0.798309 0.771532 
vt 0.820114 0.808208 
vt 0.766483 0.738993 
vt 0.731648 0.71563 
vt 0.777163 0.958789 
vt 0.736339 0.9761 
vt 0.78909 0.940123 
vt 0.821384 0.887843 
vt 0.802074 0.925434 
vt 0.847047 0.825936 
vt 0.850294 0.848632 
vt 0.816231 0.762938 
vt 0.840608 0.804294 
vt 0.781332 0.724419 
vt 0.743708 0.695845 
vt 0.805811 0.950141 
vt 0.841027 0.892937 
vt 0.820349 0.936054 
vt 0.906727 0.813036 
vt 0.917392 0.840175 
vt 0.88228 0.844271 
vt 0.875437 0.821264 
vt 0.854787 0.747364 
vt 0.887703 0.720102 
vt 0.906915 0.783406 
vt 0.873047 0.797237 
vt 0.819169 0.696656 
vt 0.852557 0.742191 
vt 0.782146 0.65756 
vt 0.82559 0.629099 
vt 0.866003 0.668476 
vt 0.816009 0.692269 
vt 0.906881 0.908714 
vt 0.873868 0.900407 
vt 0.97501 0.91681 
vt 0.944123 0.909919 
vt 0.950468 0.858504 
vt 0.976481 0.871874 
vt 0.83624 0.943512 
vt 0.828453 0.940112 
vt 0.812845 0.954054 
vt 0.809219 0.952039 
vt 0.898812 0.711725 
vt 0.91476 0.766636 
vt 0.881859 0.657894 
vt 0.844303 0.616996 
vt 0.925192 0.908694 
vt 0.933691 0.85044 
vt 0.913922 0.699888 
vt 0.922196 0.747102 
vt 0.905735 0.643532 
vt 0.862146 0.60119 
vt 0.703179 0.852819 
vt 0.614674 0.853271 
vt 0.617717 0.838408 
vt 0.620848 0.82328 
vt 0.637237 0.796158 
vt 0.661598 0.772105 
vt 0.691997 0.756746 
vt 0.690485 0.945752 
vt 0.661527 0.934885 
vt 0.64749 0.921786 
vt 0.635175 0.911971 
vt 0.620673 0.881766 
vt 0.575307 0.85479 
vt 0.579324 0.834442 
vt 0.583915 0.814527 
vt 0.606356 0.778973 
vt 0.638519 0.745458 
vt 0.676468 0.718735 
vt 0.674654 0.983539 
vt 0.635237 0.963806 
vt 0.61818 0.945919 
vt 0.60409 0.9322 
vt 0.583509 0.89365 
vt 0.554668 0.855545 
vt 0.558225 0.832639 
vt 0.564399 0.810695 
vt 0.587973 0.769982 
vt 0.623324 0.731698 
vt 0.625753 0.729527 
vt 0.658562 0.700728 
vt 0.601562 0.956818 
vt 0.586995 0.940747 
vt 0.56255 0.899887 
vt 0.50027 0.819833 
vt 0.527335 0.828387 
vt 0.520493 0.851913 
vt 0.489635 0.846809 
vt 0.549484 0.754813 
vt 0.529521 0.804197 
vt 0.500019 0.7914 
vt 0.51571 0.732792 
vt 0.583323 0.710601 
vt 0.546617 0.688099 
vt 0.622769 0.663203 
vt 0.588384 0.704888 
vt 0.552602 0.681613 
vt 0.579553 0.635684 
vt 0.499966 0.915665 
vt 0.531389 0.906216 
vt 0.431466 0.926565 
vt 0.430039 0.880572 
vt 0.457718 0.866595 
vt 0.462871 0.917978 
vt 0.57886 0.94449 
vt 0.57061 0.948425 
vt 0.595104 0.96059 
vt 0.598307 0.958734 
vt 0.493189 0.772463 
vt 0.505197 0.723158 
vt 0.525871 0.666968 
vt 0.539206 0.664693 
vt 0.560904 0.632883 
vt 0.48239 0.914473 
vt 0.473214 0.857323 
vt 0.482068 0.749466 
vt 0.492469 0.707566 
vt 0.510151 0.659594 
vt 0.558297 0.622514 
vt 0.536069 0.614611 
vt 0.960323 0.840105 
vt 0.983545 0.851491 
vt 0.939252 0.753853 
vt 0.932599 0.771168 
vt 0.931749 0.699346 
vt 0.939599 0.740145 
vt 0.927427 0.654626 
vt 0.911395 0.632752 
vt 0.876672 0.586473 
vt 0.918149 0.612975 
vt 0.941987 0.932104 
vt 0.926929 0.930321 
vt 0.968239 0.936311 
vt 0.997986 0.875875 
vt 0.996433 0.915166 
vt 0.91195 0.929721 
vt 0.849691 0.958089 
vt 0.827643 0.971906 
vt 0.788258 0.97391 
vt 0.933935 0.826199 
vt 0.946709 0.833353 
vt 0.925278 0.808166 
vt 0.926651 0.785735 
vt 0.422379 0.859069 
vt 0.448066 0.848007 
vt 0.474253 0.776389 
vt 0.468397 0.758785 
vt 0.477894 0.742706 
vt 0.462986 0.728996 
vt 0.477138 0.69701 
vt 0.494965 0.653214 
vt 0.514985 0.612044 
vt 0.480872 0.937198 
vt 0.464998 0.940372 
vt 0.438794 0.945499 
vt 0.408404 0.925742 
vt 0.407292 0.884278 
vt 0.557026 0.964942 
vt 0.495156 0.93721 
vt 0.581071 0.9794 
vt 0.627186 0.975625 
vt 0.461108 0.840378 
vt 0.472996 0.83229 
vt 0.481678 0.813501 
vt 0.481839 0.790816 
vt 0.74838 0.991019 
vt 0.66242 0.997641 
vt 0.660807 0.698795 
vt 0.582999 0.627294 
vt 0.626668 0.657958 
vt 0.877606 0.716373 
vt 0.860162 0.681973 
vt 0.186497 0.754934 
vt 0.181963 0.732295 
vt 0.187721 0.731358 
vt 0.929182 0.644049 
vt 0.46439 0.751936 
vt 0.431989 0.760431 
vt 0.098474 0.662396 
vt 0.104489 0.673094 
vt 0.103189 0.705274 
vt 0.097409 0.697533 
vt 0.142637 0.698345 
vt 0.151348 0.699064 
vt 0.130044 0.721161 
vt 0.124047 0.720383 
vt 0.168851 0.711558 
vt 0.141946 0.728585 
vt 0.150165 0.74266 
vt 0.152536 0.758333 
vt 0.070888 0.677325 
vt 0.075415 0.670568 
vt 0.078392 0.702944 
vt 0.075009 0.707374 
vt 0.080574 0.659248 
vt 0.082894 0.695141 
vt 0.042601 0.705731 
vt 0.066422 0.684053 
vt 0.071663 0.711892 
vt 0.056954 0.725996 
vt 0.035661 0.714785 
vt 0.052623 0.732213 
vt 0.027968 0.731264 
vt 0.04728 0.743272 
vt 0.108519 0.680072 
vt 0.112552 0.687241 
vt 0.108964 0.714211 
vt 0.106258 0.709899 
vt 0.122033 0.69584 
vt 0.112809 0.718899 
vt 0.135014 0.699778 
vt 0.118963 0.720934 
vt 0.105157 0.844909 
vt 0.099368 0.855972 
vt 0.098939 0.82156 
vt 0.104278 0.813564 
vt 0.15082 0.817693 
vt 0.143513 0.815483 
vt 0.124187 0.797084 
vt 0.130397 0.798334 
vt 0.168841 0.804993 
vt 0.141506 0.789997 
vt 0.181759 0.784155 
vt 0.149035 0.775706 
vt 0.185134 0.761827 
vt 0.151186 0.759445 
vt 0.075795 0.848148 
vt 0.071778 0.841522 
vt 0.075947 0.811627 
vt 0.080221 0.816004 
vt 0.081071 0.85994 
vt 0.085811 0.823707 
vt 0.067785 0.835036 
vt 0.043264 0.813948 
vt 0.057153 0.793506 
vt 0.071819 0.807414 
vt 0.0357 0.80523 
vt 0.052767 0.786824 
vt 0.024783 0.786121 
vt 0.044792 0.774316 
vt 0.112568 0.832031 
vt 0.108836 0.838514 
vt 0.10723 0.809048 
vt 0.109771 0.805112 
vt 0.12151 0.823937 
vt 0.113241 0.80089 
vt 0.134601 0.819111 
vt 0.1194 0.799196 
vt 0.019347 0.752239 
vt 0.04235 0.758394 
vt 0.017228 0.764234 
vt 0.042384 0.759445 
vt 0.096819 0.75839 
vt 0.096818 0.75839 
vt 0.096817 0.758391 
vt 0.096816 0.758391 
vt 0.096816 0.758393 
vt 0.096856 0.760525 
vt 0.096856 0.760527 
vt 0.096857 0.760529 
vt 0.096858 0.760529 
vt 0.096859 0.760529 
vt 0.096859 0.760529 
vt 0.096859 0.760529 
vt 0.09686 0.760529 
vt 0.09686 0.760528 
vt 0.09686 0.760528 
vt 0.096861 0.760529 
vt 0.096861 0.760529 
vt 0.096861 0.760529 
vt 0.096861 0.760529 
vt 0.096861 0.760529 
vt 0.096861 0.760529 
vt 0.096862 0.760529 
vt 0.096863 0.760527 
vt 0.096863 0.760525 
vt 0.096823 0.758394 
vt 0.096823 0.758392 
vt 0.096822 0.758391 
vt 0.096822 0.758391 
vt 0.096821 0.758391 
vt 0.096821 0.75839 
vt 0.096821 0.75839 
vt 0.096821 0.75839 
vt 0.096821 0.75839 
vt 0.096821 0.75839 
vt 0.09682 0.75839 
vt 0.096819 0.75839 
vt 0.096819 0.75839 
vt 0.096819 0.75839 
vt 0.957195 0.154123 
vt 0.974475 0.159422 
vt 0.975338 0.184577 
vt 0.955625 0.179906 
vt 0.975299 0.200164 
vt 0.952909 0.19628 
vt 0.295495 0.786874 
vt 0.295655 0.799925 
vt 0.285575 0.801957 
vt 0.286589 0.789147 
vt 0.296946 0.808268 
vt 0.285575 0.809945 
vt 0.959472 0.146142 
vt 0.976763 0.15144 
vt 0.982779 0.159247 
vt 0.983599 0.184573 
vt 0.94734 0.179369 
vt 0.948888 0.153517 
vt 0.983599 0.200313 
vt 0.944598 0.195826 
vt 0.957195 0.154123 
vt 0.955625 0.179906 
vt 0.975338 0.184577 
vt 0.974475 0.159422 
vt 0.952909 0.19628 
vt 0.975299 0.200164 
vt 0.295495 0.786874 
vt 0.286589 0.789147 
vt 0.285575 0.801957 
vt 0.295655 0.799925 
vt 0.285575 0.809945 
vt 0.296946 0.808268 
vt 0.959472 0.146142 
vt 0.976763 0.15144 
vt 0.982779 0.159247 
vt 0.983599 0.184573 
vt 0.94734 0.179369 
vt 0.948888 0.153517 
vt 0.983599 0.200313 
vt 0.944598 0.195826 

usemtl Handle1Mtl

f 1/1/1 2/2/2 3/3/3 
f 1/1/1 3/3/3 4/4/4 
f 3/3/3 2/2/2 5/5/5 
f 3/3/3 5/5/5 6/6/6 
f 7/7/7 8/8/8 9/9/9 
f 7/7/7 9/9/9 10/10/10 
f 11/11/11 12/12/12 13/13/13 
f 11/11/11 13/13/13 14/14/14 
f 15/15/15 16/16/16 12/12/12 
f 15/15/15 12/12/12 11/11/11 
f 17/17/17 18/18/18 19/19/19 
f 17/17/17 19/19/19 20/20/20 
f 19/19/19 21/21/21 22/22/22 
f 19/19/19 22/22/22 20/20/20 
f 23/23/23 24/24/24 25/25/25 
f 23/23/23 25/25/25 26/26/26 
f 27/27/27 28/28/28 29/29/29 
f 27/27/27 29/29/29 30/30/30 
f 31/31/31 27/27/27 30/30/30 
f 31/31/31 30/30/30 32/32/32 
f 33/33/33 34/34/34 2/2/2 
f 33/33/33 2/2/2 1/1/1 
f 35/35/35 36/36/36 4/4/4 
f 35/35/35 4/4/4 3/3/3 
f 37/37/37 38/38/38 1/1/1 
f 37/37/37 1/1/1 4/4/4 
f 34/34/34 39/39/39 5/5/5 
f 34/34/34 5/5/5 2/2/2 
f 40/40/40 35/35/35 3/3/3 
f 40/40/40 3/3/3 6/6/6 
f 41/41/41 42/42/42 9/9/9 
f 41/41/41 9/9/9 8/8/8 
f 43/43/43 44/44/44 7/7/7 
f 43/43/43 7/7/7 10/10/10 
f 45/45/45 46/46/46 13/13/13 
f 45/45/45 13/13/13 12/12/12 
f 47/47/47 48/48/48 11/11/11 
f 47/47/47 11/11/11 14/14/14 
f 49/49/49 45/45/45 12/12/12 
f 49/49/49 12/12/12 16/16/16 
f 48/48/48 50/50/50 15/15/15 
f 48/48/48 15/15/15 11/11/11 
f 51/51/51 52/52/52 16/16/16 
f 51/51/51 16/16/16 15/15/15 
f 46/46/46 43/43/43 10/10/10 
f 46/46/46 10/10/10 13/13/13 
f 25/25/25 24/24/24 29/29/29 
f 25/25/25 29/29/29 28/28/28 
f 9/9/9 42/42/42 47/47/47 
f 9/9/9 47/47/47 14/14/14 
f 10/10/10 9/9/9 14/14/14 
f 10/10/10 14/14/14 13/13/13 
f 53/53/53 40/40/40 6/6/6 
f 53/53/53 6/6/6 7/7/7 
f 22/22/22 21/21/21 23/23/23 
f 22/22/22 23/23/23 26/26/26 
f 5/5/5 39/39/39 54/54/54 
f 5/5/5 54/54/54 8/8/8 
f 6/6/6 5/5/5 8/8/8 
f 6/6/6 8/8/8 7/7/7 
f 55/55/55 56/56/56 57/57/57 
f 55/55/55 57/57/57 58/58/58 
f 59/59/59 60/60/60 61/61/61 
f 59/59/59 61/61/61 62/62/62 
f 63/63/63 64/64/64 65/65/65 
f 63/63/63 65/65/65 66/66/66 
f 67/67/67 68/68/68 69/69/69 
f 67/67/67 69/69/69 70/70/70 
f 71/71/71 67/67/67 70/70/70 
f 71/71/71 70/70/70 72/72/72 
f 73/73/73 74/74/74 75/75/75 
f 73/73/73 75/75/75 76/76/76 
f 77/77/77 78/78/78 79/79/79 
f 77/77/77 79/79/79 80/80/80 
f 81/81/81 82/82/82 83/83/83 
f 81/81/81 83/83/83 84/84/84 
f 85/85/85 86/86/86 87/87/87 
f 85/85/85 87/87/87 88/88/88 
f 89/89/89 90/90/90 86/86/86 
f 89/89/89 86/86/86 85/85/85 
f 91/91/91 92/92/92 55/55/55 
f 91/91/91 55/55/55 93/93/93 
f 94/94/94 95/95/95 96/96/96 
f 94/94/94 96/96/96 58/58/58 
f 97/97/97 98/98/98 60/60/60 
f 97/97/97 60/60/60 59/59/59 
f 99/99/99 100/100/100 62/62/62 
f 99/99/99 62/62/62 61/61/61 
f 101/101/101 102/102/102 64/64/64 
f 101/101/101 64/64/64 63/63/63 
f 103/103/103 104/104/104 66/66/66 
f 103/103/103 66/66/66 65/65/65 
f 105/105/105 106/106/106 68/68/68 
f 105/105/105 68/68/68 67/67/67 
f 107/107/107 108/108/108 70/70/70 
f 107/107/107 70/70/70 69/69/69 
f 109/109/109 105/105/105 67/67/67 
f 109/109/109 67/67/67 71/71/71 
f 108/108/108 110/110/110 72/72/72 
f 108/108/108 72/72/72 70/70/70 
f 111/111/111 112/112/112 71/71/71 
f 111/111/111 71/71/71 72/72/72 
f 93/93/93 55/55/55 58/58/58 
f 93/93/93 58/58/58 96/96/96 
f 95/95/95 99/99/99 61/61/61 
f 95/95/95 61/61/61 96/96/96 
f 80/80/80 79/79/79 74/74/74 
f 80/80/80 74/74/74 73/73/73 
f 60/60/60 98/98/98 91/91/91 
f 60/60/60 91/91/91 93/93/93 
f 61/61/61 60/60/60 93/93/93 
f 61/61/61 93/93/93 96/96/96 
f 113/113/113 103/103/103 65/65/65 
f 113/113/113 65/65/65 62/62/62 
f 84/84/84 83/83/83 78/78/78 
f 84/84/84 78/78/78 77/77/77 
f 64/64/64 102/102/102 114/114/114 
f 64/64/64 114/114/114 59/59/59 
f 65/65/65 64/64/64 59/59/59 
f 65/65/65 59/59/59 62/62/62 
f 104/104/104 107/107/107 69/69/69 
f 104/104/104 69/69/69 66/66/66 
f 88/88/88 87/87/87 82/82/82 
f 88/88/88 82/82/82 81/81/81 
f 68/68/68 106/106/106 101/101/101 
f 68/68/68 101/101/101 63/63/63 
f 69/69/69 68/68/68 63/63/63 
f 69/69/69 63/63/63 66/66/66 
f 115/115/115 116/116/116 117/117/117 
f 115/115/115 117/117/117 118/118/118 
f 119/119/119 120/120/120 121/121/121 
f 119/119/119 121/121/121 122/122/122 
f 123/123/123 124/124/124 122/122/122 
f 123/123/123 122/122/122 121/121/121 
f 125/125/125 126/126/126 127/127/127 
f 125/125/125 127/127/127 128/128/128 
f 129/129/129 130/130/130 131/131/131 
f 129/129/129 131/131/131 132/132/132 
f 133/133/133 134/134/134 135/135/135 
f 133/133/133 135/135/135 136/136/136 
f 134/134/134 137/137/137 138/138/138 
f 134/134/134 138/138/138 135/135/135 
f 139/139/139 138/138/138 137/137/137 
f 139/139/139 137/137/137 140/140/140 
f 141/141/141 142/142/142 143/143/143 
f 141/141/141 143/143/143 144/144/144 
f 145/145/145 146/146/146 147/147/147 
f 145/145/145 147/147/147 148/148/148 
f 149/149/149 150/150/150 120/120/120 
f 149/149/149 120/120/120 117/117/117 
f 151/151/151 152/152/152 118/118/118 
f 151/151/151 118/118/118 119/119/119 
f 150/150/150 153/153/153 121/121/121 
f 150/150/150 121/121/121 120/120/120 
f 154/154/154 151/151/151 119/119/119 
f 154/154/154 119/119/119 122/122/122 
f 155/155/155 154/154/154 122/122/122 
f 155/155/155 122/122/122 124/124/124 
f 153/153/153 156/156/156 123/123/123 
f 153/153/153 123/123/123 121/121/121 
f 157/157/157 158/158/158 127/127/127 
f 157/157/157 127/127/127 126/126/126 
f 159/159/159 160/160/160 125/125/125 
f 159/159/159 125/125/125 128/128/128 
f 161/161/161 162/162/162 130/130/130 
f 161/161/161 130/130/130 129/129/129 
f 163/163/163 164/164/164 132/132/132 
f 163/163/163 132/132/132 131/131/131 
f 165/165/165 166/166/166 129/129/129 
f 165/165/165 129/129/129 132/132/132 
f 118/118/118 117/117/117 120/120/120 
f 118/118/118 120/120/120 119/119/119 
f 167/167/167 168/168/168 169/169/169 
f 167/167/167 169/169/169 170/170/170 
f 171/171/171 172/172/172 173/173/173 
f 171/171/171 173/173/173 174/174/174 
f 175/175/175 176/176/176 177/177/177 
f 175/175/175 177/177/177 178/178/178 
f 169/169/169 175/175/175 178/178/178 
f 169/169/169 178/178/178 170/170/170 
f 177/177/177 157/157/157 126/126/126 
f 177/177/177 126/126/126 178/178/178 
f 173/173/173 141/141/141 144/144/144 
f 173/173/173 144/144/144 174/174/174 
f 125/125/125 160/160/160 167/167/167 
f 125/125/125 167/167/167 170/170/170 
f 170/170/170 178/178/178 126/126/126 
f 170/170/170 126/126/126 125/125/125 
f 158/158/158 155/155/155 124/124/124 
f 158/158/158 124/124/124 127/127/127 
f 142/142/142 139/139/139 140/140/140 
f 142/142/142 140/140/140 143/143/143 
f 123/123/123 156/156/156 159/159/159 
f 123/123/123 159/159/159 128/128/128 
f 128/128/128 127/127/127 124/124/124 
f 128/128/128 124/124/124 123/123/123 
f 168/168/168 163/163/163 131/131/131 
f 168/168/168 131/131/131 169/169/169 
f 148/148/148 147/147/147 172/172/172 
f 148/148/148 172/172/172 171/171/171 
f 130/130/130 162/162/162 176/176/176 
f 130/130/130 176/176/176 175/175/175 
f 131/131/131 130/130/130 175/175/175 
f 131/131/131 175/175/175 169/169/169 
f 179/179/179 180/180/180 181/181/181 
f 179/179/179 181/181/181 182/182/182 
f 183/183/183 184/184/184 185/185/185 
f 183/183/183 185/185/185 186/186/186 
f 187/187/187 188/188/188 189/189/189 
f 187/187/187 189/189/189 190/190/190 
f 191/191/191 192/192/192 193/193/193 
f 191/191/191 193/193/193 194/194/194 
f 195/195/195 196/196/196 179/179/179 
f 195/195/195 179/179/179 182/182/182 
f 197/197/197 198/198/198 199/199/199 
f 197/197/197 199/199/199 200/200/200 
f 201/201/201 202/202/202 203/203/203 
f 201/201/201 203/203/203 204/204/204 
f 199/199/199 205/205/205 206/206/206 
f 199/199/199 206/206/206 200/200/200 
f 207/207/207 208/208/208 209/209/209 
f 207/207/207 209/209/209 210/210/210 
f 211/211/211 198/198/198 197/197/197 
f 211/211/211 197/197/197 212/212/212 
f 213/213/213 214/214/214 180/180/180 
f 213/213/213 180/180/180 179/179/179 
f 215/215/215 216/216/216 182/182/182 
f 215/215/215 182/182/182 181/181/181 
f 217/217/217 218/218/218 184/184/184 
f 217/217/217 184/184/184 183/183/183 
f 219/219/219 220/220/220 186/186/186 
f 219/219/219 186/186/186 185/185/185 
f 214/214/214 221/221/221 188/188/188 
f 214/214/214 188/188/188 180/180/180 
f 222/222/222 215/215/215 181/181/181 
f 222/222/222 181/181/181 187/187/187 
f 223/223/223 224/224/224 192/192/192 
f 223/223/223 192/192/192 191/191/191 
f 225/225/225 226/226/226 194/194/194 
f 225/225/225 194/194/194 193/193/193 
f 227/227/227 228/228/228 191/191/191 
f 227/227/227 191/191/191 194/194/194 
f 229/229/229 213/213/213 179/179/179 
f 229/229/229 179/179/179 196/196/196 
f 216/216/216 230/230/230 195/195/195 
f 216/216/216 195/195/195 182/182/182 
f 181/181/181 180/180/180 188/188/188 
f 181/181/181 188/188/188 187/187/187 
f 185/185/185 184/184/184 196/196/196 
f 185/185/185 196/196/196 195/195/195 
f 218/218/218 229/229/229 196/196/196 
f 218/218/218 196/196/196 184/184/184 
f 203/203/203 211/211/211 212/212/212 
f 203/203/203 212/212/212 204/204/204 
f 195/195/195 230/230/230 219/219/219 
f 195/195/195 219/219/219 185/185/185 
f 192/192/192 183/183/183 186/186/186 
f 192/192/192 186/186/186 193/193/193 
f 224/224/224 217/217/217 183/183/183 
f 224/224/224 183/183/183 192/192/192 
f 210/210/210 209/209/209 202/202/202 
f 210/210/210 202/202/202 201/201/201 
f 186/186/186 220/220/220 225/225/225 
f 186/186/186 225/225/225 193/193/193 
f 231/231/231 232/232/232 233/233/233 
f 231/231/231 233/233/233 234/234/234 
f 235/235/235 236/236/236 232/232/232 
f 235/235/235 232/232/232 231/231/231 
f 237/237/237 238/238/238 236/236/236 
f 237/237/237 236/236/236 235/235/235 
f 239/239/239 240/240/240 241/241/241 
f 239/239/239 241/241/241 242/242/242 
f 243/243/243 244/244/244 245/245/245 
f 243/243/243 245/245/245 246/246/246 
f 247/247/247 248/248/248 249/249/249 
f 247/247/247 249/249/249 250/250/250 
f 251/251/251 247/247/247 250/250/250 
f 251/251/251 250/250/250 252/252/252 
f 253/253/253 254/254/254 251/251/251 
f 253/253/253 251/251/251 252/252/252 
f 255/255/255 256/256/256 257/257/257 
f 255/255/255 257/257/257 258/258/258 
f 259/259/259 260/260/260 261/261/261 
f 259/259/259 261/261/261 262/262/262 
f 263/263/263 264/264/264 233/233/233 
f 263/263/263 233/233/233 232/232/232 
f 265/265/265 266/266/266 234/234/234 
f 265/265/265 234/234/234 233/233/233 
f 267/267/267 268/268/268 231/231/231 
f 267/267/267 231/231/231 234/234/234 
f 269/269/269 263/263/263 232/232/232 
f 269/269/269 232/232/232 236/236/236 
f 268/268/268 270/270/270 235/235/235 
f 268/268/268 235/235/235 231/231/231 
f 271/271/271 269/269/269 236/236/236 
f 271/271/271 236/236/236 238/238/238 
f 270/270/270 272/272/272 237/237/237 
f 270/270/270 237/237/237 235/235/235 
f 273/273/273 274/274/274 241/241/241 
f 273/273/273 241/241/241 240/240/240 
f 275/275/275 276/276/276 239/239/239 
f 275/275/275 239/239/239 242/242/242 
f 277/277/277 278/278/278 244/244/244 
f 277/277/277 244/244/244 243/243/243 
f 279/279/279 280/280/280 246/246/246 
f 279/279/279 246/246/246 245/245/245 
f 281/281/281 243/243/243 246/246/246 
f 281/281/281 246/246/246 282/282/282 
f 278/278/278 273/273/273 240/240/240 
f 278/278/278 240/240/240 244/244/244 
f 261/261/261 255/255/255 258/258/258 
f 261/261/261 258/258/258 262/262/262 
f 239/239/239 276/276/276 279/279/279 
f 239/239/239 279/279/279 245/245/245 
f 245/245/245 244/244/244 240/240/240 
f 245/245/245 240/240/240 239/239/239 
f 283/283/283 271/271/271 238/238/238 
f 283/283/283 238/238/238 241/241/241 
f 257/257/257 256/256/256 254/254/254 
f 257/257/257 254/254/254 253/253/253 
f 237/237/237 272/272/272 284/284/284 
f 237/237/237 284/284/284 242/242/242 
f 241/241/241 238/238/238 237/237/237 
f 241/241/241 237/237/237 242/242/242 
f 285/285/285 286/286/286 287/287/287 
f 285/285/285 287/287/287 288/288/288 
f 289/289/289 290/290/290 286/286/286 
f 289/289/289 286/286/286 285/285/285 
f 291/291/291 290/290/290 289/289/289 
f 291/291/291 289/289/289 292/292/292 
f 293/293/293 294/294/294 291/291/291 
f 293/293/293 291/291/291 292/292/292 
f 295/295/295 296/296/296 297/297/297 
f 295/295/295 297/297/297 298/298/298 
f 299/299/299 300/300/300 301/301/301 
f 299/299/299 301/301/301 302/302/302 
f 303/303/303 299/299/299 302/302/302 
f 303/303/303 302/302/302 304/304/304 
f 305/305/305 306/306/306 303/303/303 
f 305/305/305 303/303/303 304/304/304 
f 307/307/307 306/306/306 305/305/305 
f 307/307/307 305/305/305 308/308/308 
f 309/309/309 310/310/310 311/311/311 
f 309/309/309 311/311/311 312/312/312 
f 313/313/313 314/314/314 287/287/287 
f 313/313/313 287/287/287 286/286/286 
f 315/315/315 316/316/316 288/288/288 
f 315/315/315 288/288/288 287/287/287 
f 317/317/317 318/318/318 285/285/285 
f 317/317/317 285/285/285 288/288/288 
f 319/319/319 313/313/313 286/286/286 
f 319/319/319 286/286/286 290/290/290 
f 318/318/318 320/320/320 289/289/289 
f 318/318/318 289/289/289 285/285/285 
f 321/321/321 322/322/322 290/290/290 
f 321/321/321 290/290/290 291/291/291 
f 323/323/323 324/324/324 292/292/292 
f 323/323/323 292/292/292 289/289/289 
f 325/325/325 321/321/321 291/291/291 
f 325/325/325 291/291/291 294/294/294 
f 324/324/324 326/326/326 293/293/293 
f 324/324/324 293/293/293 292/292/292 
f 327/327/327 328/328/328 296/296/296 
f 327/327/327 296/296/296 295/295/295 
f 329/329/329 330/330/330 298/298/298 
f 329/329/329 298/298/298 297/297/297 
f 331/331/331 295/295/295 298/298/298 
f 331/331/331 298/298/298 332/332/332 
f 297/297/297 296/296/296 294/294/294 
f 297/297/297 294/294/294 293/293/293 
f 328/328/328 325/325/325 294/294/294 
f 328/328/328 294/294/294 296/296/296 
f 311/311/311 307/307/307 308/308/308 
f 311/311/311 308/308/308 312/312/312 
f 293/293/293 326/326/326 329/329/329 
f 293/293/293 329/329/329 297/297/297 
f 333/333/333 334/334/334 335/335/335 
f 333/333/333 335/335/335 336/336/336 
f 337/337/337 338/338/338 339/339/339 
f 337/337/337 339/339/339 340/340/340 
f 336/336/336 335/335/335 341/341/341 
f 336/336/336 341/341/341 342/342/342 
f 343/343/343 344/344/344 340/340/340 
f 343/343/343 340/340/340 339/339/339 
f 345/345/345 346/346/346 347/347/347 
f 345/345/345 347/347/347 348/348/348 
f 349/349/349 350/350/350 351/351/351 
f 349/349/349 351/351/351 352/352/352 
f 346/346/346 353/353/353 354/354/354 
f 346/346/346 354/354/354 347/347/347 
f 355/355/355 351/351/351 350/350/350 
f 355/355/355 350/350/350 356/356/356 
f 357/357/357 358/358/358 335/335/335 
f 357/357/357 335/335/335 334/334/334 
f 359/359/359 360/360/360 333/333/333 
f 359/359/359 333/333/333 336/336/336 
f 361/361/361 362/362/362 339/339/339 
f 361/361/361 339/339/339 338/338/338 
f 363/363/363 364/364/364 337/337/337 
f 363/363/363 337/337/337 340/340/340 
f 358/358/358 365/365/365 341/341/341 
f 358/358/358 341/341/341 335/335/335 
f 366/366/366 367/367/367 342/342/342 
f 366/366/366 342/342/342 341/341/341 
f 368/368/368 359/359/359 336/336/336 
f 368/368/368 336/336/336 342/342/342 
f 369/369/369 363/363/363 340/340/340 
f 369/369/369 340/340/340 344/344/344 
f 362/362/362 370/370/370 343/343/343 
f 362/362/362 343/343/343 339/339/339 
f 371/371/371 372/372/372 373/373/373 
f 371/371/371 373/373/373 374/374/374 
f 375/375/375 361/361/361 338/338/338 
f 375/375/375 338/338/338 373/373/373 
f 376/376/376 349/349/349 352/352/352 
f 376/376/376 352/352/352 377/377/377 
f 337/337/337 364/364/364 378/378/378 
f 337/337/337 378/378/378 374/374/374 
f 374/374/374 373/373/373 338/338/338 
f 374/374/374 338/338/338 337/337/337 
f 334/334/334 333/333/333 344/344/344 
f 334/334/334 344/344/344 343/343/343 
f 360/360/360 379/379/379 344/344/344 
f 360/360/360 344/344/344 333/333/333 
f 348/348/348 355/355/355 356/356/356 
f 348/348/348 356/356/356 345/345/345 
f 343/343/343 380/380/380 357/357/357 
f 343/343/343 357/357/357 334/334/334 
f 381/381/381 382/382/382 383/383/383 
f 381/381/381 383/383/383 384/384/384 
f 382/382/382 385/385/385 386/386/386 
f 382/382/382 386/386/386 383/383/383 
f 387/387/387 388/388/388 389/389/389 
f 387/387/387 389/389/389 390/390/390 
f 386/386/386 385/385/385 387/387/387 
f 386/386/386 387/387/387 390/390/390 
f 391/391/391 392/392/392 393/393/393 
f 391/391/391 393/393/393 394/394/394 
f 394/394/394 393/393/393 395/395/395 
f 394/394/394 395/395/395 396/396/396 
f 397/397/397 398/398/398 399/399/399 
f 397/397/397 399/399/399 400/400/400 
f 395/395/395 398/398/398 397/397/397 
f 395/395/395 397/397/397 396/396/396 
f 401/401/401 402/402/402 382/382/382 
f 401/401/401 382/382/382 381/381/381 
f 403/403/403 404/404/404 384/384/384 
f 403/403/403 384/384/384 383/383/383 
f 405/405/405 406/406/406 381/381/381 
f 405/405/405 381/381/381 384/384/384 
f 402/402/402 407/407/407 385/385/385 
f 402/402/402 385/385/385 382/382/382 
f 408/408/408 403/403/403 383/383/383 
f 408/408/408 383/383/383 386/386/386 
f 409/409/409 410/410/410 387/387/387 
f 411/411/411 412/412/412 390/390/390 
f 413/413/413 409/409/409 387/387/387 
f 413/413/413 387/387/387 385/385/385 
f 412/412/412 414/414/414 386/386/386 
f 412/412/412 386/386/386 390/390/390 
f 415/415/415 416/416/416 417/417/417 
f 415/415/415 417/417/417 418/418/418 
f 419/419/419 420/420/420 421/421/421 
f 419/419/419 421/421/421 422/422/422 
f 423/423/423 424/424/424 425/425/425 
f 423/423/423 425/425/425 426/426/426 
f 427/427/427 428/428/428 429/429/429 
f 427/427/427 429/429/429 430/430/430 
f 431/431/431 432/432/432 433/433/433 
f 431/431/431 433/433/433 434/434/434 
f 435/435/435 436/436/436 437/437/437 
f 435/435/435 437/437/437 438/438/438 
f 439/439/439 440/440/440 441/441/441 
f 439/439/439 441/441/441 442/442/442 
f 443/443/443 444/444/444 445/445/445 
f 443/443/443 445/445/445 446/446/446 
f 415/415/415 418/418/418 447/447/447 
f 415/415/415 447/447/447 448/448/448 
f 449/449/449 416/416/416 415/415/415 
f 449/449/449 415/415/415 450/450/450 
f 416/416/416 451/451/451 452/452/452 
f 416/416/416 452/452/452 417/417/417 
f 453/453/453 422/422/422 421/421/421 
f 453/453/453 421/421/421 454/454/454 
f 455/455/455 420/420/420 419/419/419 
f 455/455/455 419/419/419 456/456/456 
f 457/457/457 426/426/426 425/425/425 
f 457/457/457 425/425/425 458/458/458 
f 459/459/459 424/424/424 423/423/423 
f 459/459/459 423/423/423 460/460/460 
f 461/461/461 430/430/430 429/429/429 
f 461/461/461 429/429/429 462/462/462 
f 463/463/463 428/428/428 427/427/427 
f 463/463/463 427/427/427 464/464/464 
f 465/465/465 427/427/427 430/430/430 
f 465/465/465 430/430/430 466/466/466 
f 462/462/462 429/429/429 426/426/426 
f 462/462/462 426/426/426 467/467/467 
f 446/446/446 445/445/445 440/440/440 
f 446/446/446 440/440/440 439/439/439 
f 423/423/423 428/428/428 463/463/463 
f 423/423/423 463/463/463 468/468/468 
f 428/428/428 423/423/423 426/426/426 
f 428/428/428 426/426/426 429/429/429 
f 458/458/458 425/425/425 420/420/420 
f 458/458/458 420/420/420 455/455/455 
f 437/437/437 442/442/442 441/441/441 
f 437/437/437 441/441/441 438/438/438 
f 421/421/421 424/424/424 459/459/459 
f 421/421/421 459/459/459 454/454/454 
f 420/420/420 425/425/425 424/424/424 
f 420/420/420 424/424/424 421/421/421 
f 417/417/417 452/452/452 456/456/456 
f 417/417/417 456/456/456 419/419/419 
f 432/432/432 436/436/436 435/435/435 
f 432/432/432 435/435/435 433/433/433 
f 418/418/418 422/422/422 453/453/453 
f 418/418/418 453/453/453 447/447/447 
f 417/417/417 419/419/419 422/422/422 
f 417/417/417 422/422/422 418/418/418 
f 469/469/469 470/470/470 471/471/471 
f 469/469/469 471/471/471 472/472/472 
f 473/473/473 474/474/474 475/475/475 
f 473/473/473 475/475/475 476/476/476 
f 477/477/477 478/478/478 479/479/479 
f 477/477/477 479/479/479 480/480/480 
f 478/478/478 477/477/477 481/481/481 
f 478/478/478 481/481/481 482/482/482 
f 483/483/483 484/484/484 485/485/485 
f 483/483/483 485/485/485 486/486/486 
f 487/487/487 483/483/483 486/486/486 
f 487/487/487 486/486/486 488/488/488 
f 489/489/489 490/490/490 491/491/491 
f 489/489/489 491/491/491 492/492/492 
f 492/492/492 493/493/493 494/494/494 
f 492/492/492 494/494/494 489/489/489 
f 495/495/495 476/476/476 469/469/469 
f 495/495/495 469/469/469 496/496/496 
f 497/497/497 470/470/470 475/475/475 
f 497/497/497 475/475/475 498/498/498 
f 499/499/499 473/473/473 476/476/476 
f 499/499/499 476/476/476 495/495/495 
f 498/498/498 475/475/475 474/474/474 
f 498/498/498 474/474/474 500/500/500 
f 501/501/501 477/477/477 480/480/480 
f 501/501/501 480/480/480 502/502/502 
f 503/503/503 479/479/479 478/478/478 
f 503/503/503 478/478/478 504/504/504 
f 478/478/478 482/482/482 505/505/505 
f 478/478/478 505/505/505 506/506/506 
f 477/477/477 507/507/507 508/508/508 
f 477/477/477 508/508/508 481/481/481 
f 509/509/509 482/482/482 481/481/481 
f 509/509/509 481/481/481 510/510/510 
f 476/476/476 475/475/475 470/470/470 
f 476/476/476 470/470/470 469/469/469 
f 511/511/511 474/474/474 479/479/479 
f 511/511/511 479/479/479 503/503/503 
f 490/490/490 487/487/487 488/488/488 
f 490/490/490 488/488/488 491/491/491 
f 480/480/480 473/473/473 512/512/512 
f 480/480/480 512/512/512 502/502/502 
f 479/479/479 474/474/474 473/473/473 
f 479/479/479 473/473/473 480/480/480 
f 513/513/513 514/514/514 515/515/515 
f 513/513/513 515/515/515 516/516/516 
f 517/517/517 518/518/518 519/519/519 
f 517/517/517 519/519/519 520/520/520 
f 521/521/521 519/519/519 518/518/518 
f 521/521/521 518/518/518 522/522/522 
f 523/523/523 524/524/524 525/525/525 
f 523/523/523 525/525/525 526/526/526 
f 527/527/527 528/528/528 529/529/529 
f 527/527/527 529/529/529 530/530/530 
f 531/531/531 532/532/532 533/533/533 
f 531/531/531 533/533/533 534/534/534 
f 534/534/534 533/533/533 535/535/535 
f 534/534/534 535/535/535 536/536/536 
f 537/537/537 538/538/538 536/536/536 
f 537/537/537 536/536/536 535/535/535 
f 539/539/539 540/540/540 541/541/541 
f 539/539/539 541/541/541 542/542/542 
f 543/543/543 515/515/515 520/520/520 
f 543/543/543 520/520/520 544/544/544 
f 545/545/545 517/517/517 514/514/514 
f 545/545/545 514/514/514 546/546/546 
f 544/544/544 520/520/520 519/519/519 
f 544/544/544 519/519/519 547/547/547 
f 548/548/548 518/518/518 517/517/517 
f 548/548/548 517/517/517 545/545/545 
f 549/549/549 522/522/522 518/518/518 
f 549/549/549 518/518/518 548/548/548 
f 547/547/547 519/519/519 521/521/521 
f 547/547/547 521/521/521 550/550/550 
f 526/526/526 525/525/525 551/551/551 
f 526/526/526 551/551/551 552/552/552 
f 553/553/553 527/527/527 530/530/530 
f 553/553/553 530/530/530 554/554/554 
f 555/555/555 529/529/529 528/528/528 
f 555/555/555 528/528/528 556/556/556 
f 557/557/557 528/528/528 527/527/527 
f 557/557/557 527/527/527 558/558/558 
f 514/514/514 517/517/517 520/520/520 
f 514/514/514 520/520/520 515/515/515 
f 559/559/559 560/560/560 561/561/561 
f 559/559/559 561/561/561 562/562/562 
f 523/523/523 563/563/563 564/564/564 
f 523/523/523 564/564/564 524/524/524 
f 565/565/565 523/523/523 522/522/522 
f 565/565/565 522/522/522 549/549/549 
f 561/561/561 560/560/560 538/538/538 
f 561/561/561 538/538/538 537/537/537 
f 521/521/521 526/526/526 566/566/566 
f 521/521/521 566/566/566 550/550/550 
f 526/526/526 521/521/521 522/522/522 
f 526/526/526 522/522/522 523/523/523 
f 524/524/524 564/564/564 554/554/554 
f 524/524/524 554/554/554 530/530/530 
f 540/540/540 559/559/559 562/562/562 
f 540/540/540 562/562/562 541/541/541 
f 525/525/525 529/529/529 555/555/555 
f 525/525/525 555/555/555 551/551/551 
f 524/524/524 530/530/530 529/529/529 
f 524/524/524 529/529/529 525/525/525 
f 567/567/567 568/568/568 569/569/569 
f 567/567/567 569/569/569 570/570/570 
f 571/571/571 572/572/572 573/573/573 
f 571/571/571 573/573/573 574/574/574 
f 575/575/575 576/576/576 577/577/577 
f 575/575/575 577/577/577 578/578/578 
f 579/579/579 580/580/580 581/581/581 
f 579/579/579 581/581/581 582/582/582 
f 583/583/583 584/584/584 585/585/585 
f 583/583/583 585/585/585 586/586/586 
f 587/587/587 588/588/588 589/589/589 
f 587/587/587 589/589/589 590/590/590 
f 591/591/591 592/592/592 593/593/593 
f 591/591/591 593/593/593 594/594/594 
f 595/595/595 588/588/588 587/587/587 
f 595/595/595 587/587/587 596/596/596 
f 570/570/570 569/569/569 597/597/597 
f 570/570/570 597/597/597 598/598/598 
f 599/599/599 571/571/571 574/574/574 
f 599/599/599 574/574/574 600/600/600 
f 601/601/601 573/573/573 572/572/572 
f 601/601/601 572/572/572 602/602/602 
f 603/603/603 567/567/567 578/578/578 
f 603/603/603 578/578/578 604/604/604 
f 605/605/605 575/575/575 570/570/570 
f 605/605/605 570/570/570 598/598/598 
f 606/606/606 579/579/579 582/582/582 
f 606/606/606 582/582/582 607/607/607 
f 608/608/608 581/581/581 580/580/580 
f 608/608/608 580/580/580 609/609/609 
f 610/610/610 580/580/580 579/579/579 
f 610/610/610 579/579/579 611/611/611 
f 567/567/567 603/603/603 612/612/612 
f 567/567/567 612/612/612 568/568/568 
f 570/570/570 575/575/575 578/578/578 
f 570/570/570 578/578/578 567/567/567 
f 568/568/568 613/613/613 600/600/600 
f 568/568/568 600/600/600 574/574/574 
f 584/584/584 595/595/595 596/596/596 
f 584/584/584 596/596/596 585/585/585 
f 569/569/569 573/573/573 601/601/601 
f 569/569/569 601/601/601 614/614/614 
f 568/568/568 574/574/574 573/573/573 
f 568/568/568 573/573/573 569/569/569 
f 582/582/582 581/581/581 572/572/572 
f 582/582/582 572/572/572 571/571/571 
f 607/607/607 582/582/582 571/571/571 
f 607/607/607 571/571/571 599/599/599 
f 592/592/592 583/583/583 586/586/586 
f 592/592/592 586/586/586 593/593/593 
f 572/572/572 581/581/581 608/608/608 
f 572/572/572 608/608/608 602/602/602 
f 615/615/615 616/616/616 617/617/617 
f 615/615/615 617/617/617 618/618/618 
f 619/619/619 615/615/615 618/618/618 
f 619/619/619 618/618/618 620/620/620 
f 621/621/621 622/622/622 619/619/619 
f 621/621/621 619/619/619 620/620/620 
f 623/623/623 624/624/624 625/625/625 
f 623/623/623 625/625/625 626/626/626 
f 627/627/627 628/628/628 623/623/623 
f 627/627/627 623/623/623 626/626/626 
f 629/629/629 630/630/630 631/631/631 
f 629/629/629 631/631/631 632/632/632 
f 633/633/633 634/634/634 630/630/630 
f 633/633/633 630/630/630 629/629/629 
f 635/635/635 634/634/634 633/633/633 
f 635/635/635 633/633/633 636/636/636 
f 637/637/637 638/638/638 639/639/639 
f 637/637/637 639/639/639 640/640/640 
f 641/641/641 638/638/638 637/637/637 
f 641/641/641 637/637/637 642/642/642 
f 643/643/643 618/618/618 617/617/617 
f 643/643/643 617/617/617 644/644/644 
f 645/645/645 617/617/617 616/616/616 
f 645/645/645 616/616/616 646/646/646 
f 647/647/647 616/616/616 615/615/615 
f 647/647/647 615/615/615 648/648/648 
f 649/649/649 620/620/620 618/618/618 
f 649/649/649 618/618/618 643/643/643 
f 648/648/648 615/615/615 619/619/619 
f 648/648/648 619/619/619 650/650/650 
f 651/651/651 621/621/621 620/620/620 
f 651/651/651 620/620/620 649/649/649 
f 650/650/650 619/619/619 622/622/622 
f 650/650/650 622/622/622 652/652/652 
f 653/653/653 626/626/626 625/625/625 
f 653/653/653 625/625/625 654/654/654 
f 655/655/655 624/624/624 623/623/623 
f 655/655/655 623/623/623 656/656/656 
f 657/657/657 627/627/627 626/626/626 
f 657/657/657 626/626/626 653/653/653 
f 656/656/656 623/623/623 628/628/628 
f 656/656/656 628/628/628 658/658/658 
f 659/659/659 660/660/660 628/628/628 
f 659/659/659 628/628/628 627/627/627 
f 625/625/625 624/624/624 622/622/622 
f 625/625/625 622/622/622 621/621/621 
f 661/661/661 625/625/625 621/621/621 
f 661/661/661 621/621/621 651/651/651 
f 639/639/639 635/635/635 636/636/636 
f 639/639/639 636/636/636 640/640/640 
f 622/622/622 624/624/624 662/662/662 
f 622/622/622 662/662/662 652/652/652 
f 663/663/663 664/664/664 665/665/665 
f 663/663/663 665/665/665 666/666/666 
f 667/667/667 668/668/668 669/669/669 
f 667/667/667 669/669/669 670/670/670 
f 664/664/664 671/671/671 672/672/672 
f 664/664/664 672/672/672 665/665/665 
f 666/666/666 669/669/669 668/668/668 
f 666/666/666 668/668/668 663/663/663 
f 673/673/673 674/674/674 675/675/675 
f 673/673/673 675/675/675 676/676/676 
f 677/677/677 678/678/678 679/679/679 
f 677/677/677 679/679/679 680/680/680 
f 676/676/676 675/675/675 681/681/681 
f 676/676/676 681/681/681 682/682/682 
f 674/674/674 673/673/673 680/680/680 
f 674/674/674 680/680/680 679/679/679 
f 683/683/683 666/666/666 665/665/665 
f 683/683/683 665/665/665 684/684/684 
f 685/685/685 664/664/664 663/663/663 
f 685/685/685 663/663/663 686/686/686 
f 687/687/687 670/670/670 669/669/669 
f 687/687/687 669/669/669 688/688/688 
f 689/689/689 668/668/668 667/667/667 
f 689/689/689 667/667/667 690/690/690 
f 684/684/684 665/665/665 672/672/672 
f 684/684/684 672/672/672 691/691/691 
f 692/692/692 672/672/672 671/671/671 
f 692/692/692 671/671/671 693/693/693 
f 694/694/694 671/671/671 664/664/664 
f 694/694/694 664/664/664 685/685/685 
f 686/686/686 663/663/663 668/668/668 
f 686/686/686 668/668/668 695/695/695 
f 696/696/696 669/669/669 666/666/666 
f 696/696/696 666/666/666 683/683/683 
f 697/697/697 698/698/698 699/699/699 
f 697/697/697 699/699/699 700/700/700 
f 701/701/701 699/699/699 670/670/670 
f 701/701/701 670/670/670 687/687/687 
f 702/702/702 703/703/703 678/678/678 
f 702/702/702 678/678/678 677/677/677 
f 667/667/667 698/698/698 704/704/704 
f 667/667/667 704/704/704 690/690/690 
f 698/698/698 667/667/667 670/670/670 
f 698/698/698 670/670/670 699/699/699 
f 705/705/705 706/706/706 707/707/707 
f 705/705/705 707/707/707 708/708/708 
f 708/708/708 707/707/707 709/709/709 
f 708/708/708 709/709/709 710/710/710 
f 711/711/711 712/712/712 713/713/713 
f 711/711/711 713/713/713 714/714/714 
f 709/709/709 712/712/712 711/711/711 
f 709/709/709 711/711/711 710/710/710 
f 715/715/715 716/716/716 717/717/717 
f 715/715/715 717/717/717 718/718/718 
f 716/716/716 719/719/719 720/720/720 
f 716/716/716 720/720/720 717/717/717 
f 721/721/721 722/722/722 723/723/723 
f 721/721/721 723/723/723 724/724/724 
f 720/720/720 719/719/719 721/721/721 
f 720/720/720 721/721/721 724/724/724 
f 725/725/725 705/705/705 708/708/708 
f 725/725/725 708/708/708 726/726/726 
f 727/727/727 707/707/707 706/706/706 
f 727/727/727 706/706/706 728/728/728 
f 729/729/729 706/706/706 705/705/705 
f 729/729/729 705/705/705 730/730/730 
f 726/726/726 708/708/708 710/710/710 
f 726/726/726 710/710/710 731/731/731 
f 732/732/732 709/709/709 707/707/707 
f 732/732/732 707/707/707 727/727/727 
f 733/733/733 711/711/711 734/734/734 
f 735/735/735 712/712/712 736/736/736 
f 737/737/737 710/710/710 711/711/711 
f 737/737/737 711/711/711 733/733/733 
f 736/736/736 712/712/712 709/709/709 
f 736/736/736 709/709/709 738/738/738 
f 739/739/739 740/740/740 741/741/741 
f 739/739/739 741/741/741 742/742/742 
f 743/743/743 744/744/744 745/745/745 
f 743/743/743 745/745/745 746/746/746 
f 747/747/747 744/744/744 743/743/743 
f 747/747/747 743/743/743 748/748/748 
f 749/749/749 750/750/750 751/751/751 
f 749/749/749 751/751/751 752/752/752 
f 753/753/753 754/754/754 755/755/755 
f 753/753/753 755/755/755 756/756/756 
f 757/757/757 753/753/753 756/756/756 
f 757/757/757 756/756/756 758/758/758 
f 759/759/759 757/757/757 758/758/758 
f 759/759/759 758/758/758 760/760/760 
f 761/761/761 762/762/762 763/763/763 
f 761/761/761 763/763/763 764/764/764 
f 765/765/765 746/746/746 739/739/739 
f 765/765/765 739/739/739 766/766/766 
f 767/767/767 740/740/740 745/745/745 
f 767/767/767 745/745/745 768/768/768 
f 769/769/769 743/743/743 746/746/746 
f 769/769/769 746/746/746 765/765/765 
f 768/768/768 745/745/745 744/744/744 
f 768/768/768 744/744/744 770/770/770 
f 771/771/771 748/748/748 743/743/743 
f 771/771/771 743/743/743 769/769/769 
f 770/770/770 744/744/744 747/747/747 
f 770/770/770 747/747/747 772/772/772 
f 749/749/749 752/752/752 773/773/773 
f 749/749/749 773/773/773 774/774/774 
f 750/750/750 775/775/775 776/776/776 
f 750/750/750 776/776/776 751/751/751 
f 777/777/777 778/778/778 779/779/779 
f 777/777/777 779/779/779 780/780/780 
f 746/746/746 745/745/745 740/740/740 
f 746/746/746 740/740/740 739/739/739 
f 775/775/775 750/750/750 748/748/748 
f 775/775/775 748/748/748 781/781/781 
f 764/764/764 759/759/759 760/760/760 
f 764/764/764 760/760/760 761/761/761 
f 747/747/747 749/749/749 774/774/774 
f 747/747/747 774/774/774 782/782/782 
f 750/750/750 749/749/749 747/747/747 
f 750/750/750 747/747/747 748/748/748 
f 751/751/751 776/776/776 783/783/783 
f 751/751/751 783/783/783 779/779/779 
f 762/762/762 784/784/784 785/785/785 
f 762/762/762 785/785/785 763/763/763 
f 752/752/752 778/778/778 786/786/786 
f 752/752/752 786/786/786 773/773/773 
f 751/751/751 779/779/779 778/778/778 
f 751/751/751 778/778/778 752/752/752 
f 787/787/787 788/788/788 789/789/789 
f 787/787/787 789/789/789 790/790/790 
f 791/791/791 792/792/792 793/793/793 
f 791/791/791 793/793/793 794/794/794 
f 795/795/795 796/796/796 791/791/791 
f 795/795/795 791/791/791 794/794/794 
f 797/797/797 798/798/798 799/799/799 
f 797/797/797 799/799/799 800/800/800 
f 801/801/801 802/802/802 803/803/803 
f 801/801/801 803/803/803 804/804/804 
f 805/805/805 788/788/788 787/787/787 
f 805/805/805 787/787/787 806/806/806 
f 787/787/787 790/790/790 807/807/807 
f 787/787/787 807/807/807 808/808/808 
f 788/788/788 809/809/809 810/810/810 
f 788/788/788 810/810/810 789/789/789 
f 794/794/794 793/793/793 811/811/811 
f 794/794/794 811/811/811 812/812/812 
f 813/813/813 795/795/795 794/794/794 
f 813/813/813 794/794/794 814/814/814 
f 815/815/815 791/791/791 796/796/796 
f 815/815/815 796/796/796 816/816/816 
f 817/817/817 818/818/818 796/796/796 
f 817/817/817 796/796/796 795/795/795 
f 803/803/803 802/802/802 819/819/819 
f 803/803/803 819/819/819 820/820/820 
f 791/791/791 815/815/815 821/821/821 
f 791/791/791 821/821/821 792/792/792 
f 822/822/822 823/823/823 824/824/824 
f 822/822/822 824/824/824 825/825/825 
f 826/826/826 827/827/827 828/828/828 
f 826/826/826 828/828/828 829/829/829 
f 830/830/830 831/831/831 832/832/832 
f 830/830/830 832/832/832 833/833/833 
f 822/822/822 825/825/825 831/831/831 
f 822/822/822 831/831/831 830/830/830 
f 825/825/825 824/824/824 834/834/834 
f 825/825/825 834/834/834 793/793/793 
f 827/827/827 820/820/820 819/819/819 
f 827/827/827 819/819/819 828/828/828 
f 831/831/831 792/792/792 835/835/835 
f 831/831/831 835/835/835 832/832/832 
f 825/825/825 793/793/793 792/792/792 
f 825/825/825 792/792/792 831/831/831 
f 789/789/789 810/810/810 823/823/823 
f 789/789/789 823/823/823 822/822/822 
f 798/798/798 826/826/826 829/829/829 
f 798/798/798 829/829/829 799/799/799 
f 790/790/790 830/830/830 833/833/833 
f 790/790/790 833/833/833 807/807/807 
f 789/789/789 822/822/822 830/830/830 
f 789/789/789 830/830/830 790/790/790 
f 836/836/836 837/837/837 838/838/838 
f 836/836/836 838/838/838 839/839/839 
f 840/840/840 841/841/841 842/842/842 
f 840/840/840 842/842/842 843/843/843 
f 844/844/844 845/845/845 846/846/846 
f 844/844/844 846/846/846 847/847/847 
f 848/848/848 849/849/849 850/850/850 
f 848/848/848 850/850/850 851/851/851 
f 837/837/837 846/846/846 845/845/845 
f 837/837/837 845/845/845 838/838/838 
f 848/848/848 851/851/851 852/852/852 
f 848/848/848 852/852/852 853/853/853 
f 839/839/839 838/838/838 854/854/854 
f 839/839/839 854/854/854 855/855/855 
f 853/853/853 852/852/852 856/856/856 
f 853/853/853 856/856/856 857/857/857 
f 858/858/858 859/859/859 845/845/845 
f 858/858/858 845/845/845 844/844/844 
f 838/838/838 845/845/845 859/859/859 
f 838/838/838 859/859/859 854/854/854 
f 860/860/860 861/861/861 862/862/862 
f 860/860/860 862/862/862 863/863/863 
f 864/864/864 865/865/865 866/866/866 
f 864/864/864 866/866/866 867/867/867 
f 868/868/868 869/869/869 870/870/870 
f 868/868/868 870/870/870 871/871/871 
f 861/861/861 870/870/870 869/869/869 
f 861/861/861 869/869/869 862/862/862 
f 872/872/872 854/854/854 861/861/861 
f 872/872/872 861/861/861 860/860/860 
f 857/857/857 856/856/856 865/865/865 
f 857/857/857 865/865/865 864/864/864 
f 871/871/871 870/870/870 859/859/859 
f 871/871/871 859/859/859 873/873/873 
f 854/854/854 859/859/859 870/870/870 
f 854/854/854 870/870/870 861/861/861 
f 863/863/863 862/862/862 841/841/841 
f 863/863/863 841/841/841 874/874/874 
f 867/867/867 866/866/866 875/875/875 
f 867/867/867 875/875/875 876/876/876 
f 877/877/877 842/842/842 869/869/869 
f 877/877/877 869/869/869 868/868/868 
f 862/862/862 869/869/869 842/842/842 
f 862/862/862 842/842/842 841/841/841 
f 878/878/878 879/879/879 880/880/880 
f 878/878/878 880/880/880 881/881/881 
f 882/882/882 883/883/883 884/884/884 
f 882/882/882 884/884/884 885/885/885 
f 886/886/886 887/887/887 888/888/888 
f 886/886/886 888/888/888 889/889/889 
f 890/890/890 891/891/891 892/892/892 
f 890/890/890 892/892/892 893/893/893 
f 894/894/894 895/895/895 884/884/884 
f 894/894/894 884/884/884 883/883/883 
f 896/896/896 897/897/897 882/882/882 
f 896/896/896 882/882/882 885/885/885 
f 893/893/893 892/892/892 898/898/898 
f 893/893/893 898/898/898 899/899/899 
f 900/900/900 883/883/883 901/901/901 
f 900/900/900 901/901/901 902/902/902 
f 883/883/883 882/882/882 903/903/903 
f 883/883/883 903/903/903 901/901/901 
f 882/882/882 904/904/904 905/905/905 
f 882/882/882 905/905/905 903/903/903 
f 906/906/906 907/907/907 908/908/908 
f 906/906/906 908/908/908 909/909/909 
f 910/910/910 911/911/911 912/912/912 
f 910/910/910 912/912/912 913/913/913 
f 911/911/911 914/914/914 915/915/915 
f 911/911/911 915/915/915 912/912/912 
f 914/914/914 916/916/916 917/917/917 
f 914/914/914 917/917/917 915/915/915 
f 918/918/918 919/919/919 881/881/881 
f 918/918/918 881/881/881 880/880/880 
f 920/920/920 918/918/918 880/880/880 
f 920/920/920 880/880/880 921/921/921 
f 922/922/922 923/923/923 924/924/924 
f 922/922/922 924/924/924 925/925/925 
f 919/919/919 926/926/926 927/927/927 
f 919/919/919 927/927/927 881/881/881 
f 901/901/901 903/903/903 914/914/914 
f 901/901/901 914/914/914 911/911/911 
f 902/902/902 901/901/901 911/911/911 
f 902/902/902 911/911/911 910/910/910 
f 899/899/899 898/898/898 907/907/907 
f 899/899/899 907/907/907 906/906/906 
f 903/903/903 905/905/905 916/916/916 
f 903/903/903 916/916/916 914/914/914 
f 928/928/928 896/896/896 885/885/885 
f 928/928/928 885/885/885 886/886/886 
f 929/929/929 930/930/930 891/891/891 
f 929/929/929 891/891/891 890/890/890 
f 884/884/884 895/895/895 931/931/931 
f 884/884/884 931/931/931 887/887/887 
f 885/885/885 884/884/884 887/887/887 
f 885/885/885 887/887/887 886/886/886 
f 912/912/912 915/915/915 919/919/919 
f 912/912/912 919/919/919 918/918/918 
f 913/913/913 912/912/912 918/918/918 
f 913/913/913 918/918/918 920/920/920 
f 909/909/909 908/908/908 923/923/923 
f 909/909/909 923/923/923 922/922/922 
f 915/915/915 917/917/917 926/926/926 
f 915/915/915 926/926/926 919/919/919 
f 932/932/932 933/933/933 934/934/934 
f 932/932/932 934/934/934 935/935/935 
f 936/936/936 937/937/937 938/938/938 
f 936/936/936 938/938/938 939/939/939 
f 940/940/940 941/941/941 942/942/942 
f 940/940/940 942/942/942 943/943/943 
f 944/944/944 945/945/945 946/946/946 
f 944/944/944 946/946/946 947/947/947 
f 937/937/937 946/946/946 945/945/945 
f 937/937/937 945/945/945 938/938/938 
f 948/948/948 949/949/949 937/937/937 
f 948/948/948 937/937/937 936/936/936 
f 950/950/950 951/951/951 941/941/941 
f 950/950/950 941/941/941 940/940/940 
f 947/947/947 946/946/946 952/952/952 
f 947/947/947 952/952/952 953/953/953 
f 949/949/949 952/952/952 946/946/946 
f 949/949/949 946/946/946 937/937/937 
f 939/939/939 938/938/938 933/933/933 
f 939/939/939 933/933/933 954/954/954 
f 943/943/943 942/942/942 955/955/955 
f 943/943/943 955/955/955 956/956/956 
f 957/957/957 934/934/934 945/945/945 
f 957/957/957 945/945/945 944/944/944 
f 938/938/938 945/945/945 934/934/934 
f 938/938/938 934/934/934 933/933/933 
f 958/958/958 959/959/959 960/960/960 
f 958/958/958 960/960/960 961/961/961 
f 962/962/962 963/963/963 964/964/964 
f 962/962/962 964/964/964 965/965/965 
f 966/966/966 967/967/967 968/968/968 
f 966/966/966 968/968/968 969/969/969 
f 961/961/961 960/960/960 969/969/969 
f 961/961/961 969/969/969 968/968/968 
f 970/970/970 971/971/971 972/972/972 
f 970/970/970 972/972/972 973/973/973 
f 959/959/959 974/974/974 975/975/975 
f 959/959/959 975/975/975 960/960/960 
f 971/971/971 976/976/976 977/977/977 
f 971/971/971 977/977/977 972/972/972 
f 978/978/978 966/966/966 969/969/969 
f 978/978/978 969/969/969 979/979/979 
f 960/960/960 975/975/975 979/979/979 
f 960/960/960 979/979/979 969/969/969 
f 980/980/980 981/981/981 982/982/982 
f 980/980/980 982/982/982 983/983/983 
f 984/984/984 985/985/985 986/986/986 
f 984/984/984 986/986/986 987/987/987 
f 988/988/988 989/989/989 990/990/990 
f 988/988/988 990/990/990 991/991/991 
f 983/983/983 982/982/982 991/991/991 
f 983/983/983 991/991/991 990/990/990 
f 992/992/992 980/980/980 983/983/983 
f 992/992/992 983/983/983 975/975/975 
f 976/976/976 984/984/984 987/987/987 
f 976/976/976 987/987/987 977/977/977 
f 989/989/989 993/993/993 979/979/979 
f 989/989/989 979/979/979 990/990/990 
f 975/975/975 983/983/983 990/990/990 
f 975/975/975 990/990/990 979/979/979 
f 981/981/981 994/994/994 965/965/965 
f 981/981/981 965/965/965 982/982/982 
f 985/985/985 995/995/995 996/996/996 
f 985/985/985 996/996/996 986/986/986 
f 997/997/997 988/988/988 991/991/991 
f 997/997/997 991/991/991 964/964/964 
f 982/982/982 965/965/965 964/964/964 
f 982/982/982 964/964/964 991/991/991 
f 998/998/998 999/999/999 1000/1000/1000 
f 998/998/998 1001/1001/1001 999/999/999 
f 998/998/998 1002/1002/1002 1001/1001/1001 
f 998/998/998 1003/1003/1003 1002/1002/1002 
f 998/998/998 1004/1004/1004 1005/1005/1005 
f 1004/1004/1004 998/998/998 1006/1006/1006 
f 998/998/998 1007/1007/1007 1008/1008/1008 
f 998/998/998 1009/1009/1009 1007/1007/1007 
f 1000/1000/1000 1010/1010/1010 1011/1011/1011 
f 1000/1000/1000 1011/1011/1011 1009/1009/1009 
f 1001/1001/1001 1012/1012/1012 1013/1013/1013 
f 1001/1001/1001 1013/1013/1013 999/999/999 
f 1002/1002/1002 1014/1014/1014 1012/1012/1012 
f 1002/1002/1002 1012/1012/1012 1001/1001/1001 
f 1003/1003/1003 1015/1015/1015 1014/1014/1014 
f 1003/1003/1003 1014/1014/1014 1002/1002/1002 
f 1004/1004/1004 1016/1016/1016 1017/1017/1017 
f 1004/1004/1004 1017/1017/1017 1005/1005/1005 
f 1004/1004/1004 1006/1006/1006 1018/1018/1018 
f 1004/1004/1004 1018/1018/1018 1016/1016/1016 
f 1007/1007/1007 1019/1019/1019 1020/1020/1020 
f 1007/1007/1007 1020/1020/1020 1008/1008/1008 
f 1009/1009/1009 1011/1011/1011 1019/1019/1019 
f 1009/1009/1009 1019/1019/1019 1007/1007/1007 
f 1010/1010/1010 1021/1021/1021 1022/1022/1022 
f 1010/1010/1010 1022/1022/1022 1011/1011/1011 
f 1012/1012/1012 1023/1023/1023 1024/1024/1024 
f 1012/1012/1012 1024/1024/1024 1013/1013/1013 
f 1014/1014/1014 1025/1025/1025 1023/1023/1023 
f 1014/1014/1014 1023/1023/1023 1012/1012/1012 
f 1015/1015/1015 1026/1026/1026 1025/1025/1025 
f 1015/1015/1015 1025/1025/1025 1014/1014/1014 
f 1016/1016/1016 1018/1018/1018 1027/1027/1027 
f 1019/1019/1019 1028/1028/1028 1029/1029/1029 
f 1019/1019/1019 1029/1029/1029 1020/1020/1020 
f 1011/1011/1011 1022/1022/1022 1028/1028/1028 
f 1011/1011/1011 1028/1028/1028 1019/1019/1019 
f 1030/1030/1030 1031/1031/1031 1032/1032/1032 
f 1030/1030/1030 1032/1032/1032 1033/1033/1033 
f 1034/1034/1034 1035/1035/1035 1036/1036/1036 
f 1034/1034/1034 1036/1036/1036 1037/1037/1037 
f 1025/1025/1025 1038/1038/1038 1039/1039/1039 
f 1025/1025/1025 1039/1039/1039 1023/1023/1023 
f 1040/1040/1040 1041/1041/1041 1042/1042/1042 
f 1040/1040/1040 1042/1042/1042 1043/1043/1043 
f 1044/1044/1044 1045/1045/1045 1032/1032/1032 
f 1044/1044/1044 1032/1032/1032 1031/1031/1031 
f 1018/1018/1018 1006/1006/1006 1008/1008/1008 
f 1018/1018/1018 1008/1008/1008 1020/1020/1020 
f 1027/1027/1027 1018/1018/1018 1020/1020/1020 
f 1027/1027/1027 1020/1020/1020 1029/1029/1029 
f 1006/1006/1006 998/998/998 1008/1008/1008 
f 1046/1046/1046 1047/1047/1047 1048/1048/1048 
f 1046/1046/1046 1048/1048/1048 1049/1049/1049 
f 1044/1044/1044 1050/1050/1050 1051/1051/1051 
f 1044/1044/1044 1051/1051/1051 1045/1045/1045 
f 1052/1052/1052 1053/1053/1053 1051/1051/1051 
f 1052/1052/1052 1051/1051/1051 1050/1050/1050 
f 1016/1016/1016 1027/1027/1027 1053/1053/1053 
f 1016/1016/1016 1053/1053/1053 1052/1052/1052 
f 1035/1035/1035 1054/1054/1054 1055/1055/1055 
f 1035/1035/1035 1055/1055/1055 1036/1036/1036 
f 1042/1042/1042 1056/1056/1056 1054/1054/1054 
f 1042/1042/1042 1054/1054/1054 1035/1035/1035 
f 1041/1041/1041 1057/1057/1057 1056/1056/1056 
f 1041/1041/1041 1056/1056/1056 1042/1042/1042 
f 1058/1058/1058 1044/1044/1044 1031/1031/1031 
f 1058/1058/1058 1031/1031/1031 1059/1059/1059 
f 1054/1054/1054 1060/1060/1060 1061/1061/1061 
f 1054/1054/1054 1061/1061/1061 1055/1055/1055 
f 1056/1056/1056 1062/1062/1062 1060/1060/1060 
f 1056/1056/1056 1060/1060/1060 1054/1054/1054 
f 1057/1057/1057 1063/1063/1063 1062/1062/1062 
f 1057/1057/1057 1062/1062/1062 1056/1056/1056 
f 1047/1047/1047 1058/1058/1058 1059/1059/1059 
f 1047/1047/1047 1059/1059/1059 1048/1048/1048 
f 1064/1064/1064 1065/1065/1065 1066/1066/1066 
f 1064/1064/1064 1067/1067/1067 1068/1068/1068 
f 1064/1064/1064 1068/1068/1068 1069/1069/1069 
f 1064/1064/1064 1069/1069/1069 1070/1070/1070 
f 1064/1064/1064 1071/1071/1071 1072/1072/1072 
f 1072/1072/1072 1073/1073/1073 1064/1064/1064 
f 1064/1064/1064 1074/1074/1074 1075/1075/1075 
f 1064/1064/1064 1075/1075/1075 1065/1065/1065 
f 1066/1066/1066 1065/1065/1065 1076/1076/1076 
f 1066/1066/1066 1076/1076/1076 1077/1077/1077 
f 1068/1068/1068 1067/1067/1067 1078/1078/1078 
f 1068/1068/1068 1078/1078/1078 1079/1079/1079 
f 1069/1069/1069 1068/1068/1068 1079/1079/1079 
f 1069/1069/1069 1079/1079/1079 1080/1080/1080 
f 1070/1070/1070 1069/1069/1069 1080/1080/1080 
f 1070/1070/1070 1080/1080/1080 1081/1081/1081 
f 1072/1072/1072 1071/1071/1071 1082/1082/1082 
f 1072/1072/1072 1082/1082/1082 1083/1083/1083 
f 1072/1072/1072 1083/1083/1083 1084/1084/1084 
f 1072/1072/1072 1084/1084/1084 1073/1073/1073 
f 1075/1075/1075 1074/1074/1074 1085/1085/1085 
f 1075/1075/1075 1085/1085/1085 1086/1086/1086 
f 1065/1065/1065 1075/1075/1075 1086/1086/1086 
f 1065/1065/1065 1086/1086/1086 1076/1076/1076 
f 1077/1077/1077 1076/1076/1076 1087/1087/1087 
f 1077/1077/1077 1087/1087/1087 1088/1088/1088 
f 1079/1079/1079 1078/1078/1078 1089/1089/1089 
f 1079/1079/1079 1089/1089/1089 1090/1090/1090 
f 1080/1080/1080 1079/1079/1079 1090/1090/1090 
f 1080/1080/1080 1090/1090/1090 1091/1091/1091 
f 1081/1081/1081 1080/1080/1080 1092/1092/1092 
f 1081/1081/1081 1092/1092/1092 1093/1093/1093 
f 1083/1083/1083 1094/1094/1094 1084/1084/1084 
f 1086/1086/1086 1085/1085/1085 1095/1095/1095 
f 1086/1086/1086 1095/1095/1095 1096/1096/1096 
f 1076/1076/1076 1086/1086/1086 1096/1096/1096 
f 1076/1076/1076 1096/1096/1096 1087/1087/1087 
f 1097/1097/1097 1098/1098/1098 1099/1099/1099 
f 1097/1097/1097 1099/1099/1099 1100/1100/1100 
f 1101/1101/1101 1102/1102/1102 1103/1103/1103 
f 1101/1101/1101 1103/1103/1103 1104/1104/1104 
f 1105/1105/1105 1101/1101/1101 1104/1104/1104 
f 1105/1105/1105 1104/1104/1104 1106/1106/1106 
f 1107/1107/1107 1108/1108/1108 1109/1109/1109 
f 1107/1107/1107 1109/1109/1109 1110/1110/1110 
f 1111/1111/1111 1100/1100/1100 1099/1099/1099 
f 1111/1111/1111 1099/1099/1099 1112/1112/1112 
f 1084/1084/1084 1085/1085/1085 1074/1074/1074 
f 1084/1084/1084 1074/1074/1074 1073/1073/1073 
f 1094/1094/1094 1095/1095/1095 1085/1085/1085 
f 1094/1094/1094 1085/1085/1085 1084/1084/1084 
f 1073/1073/1073 1074/1074/1074 1064/1064/1064 
f 1113/1113/1113 1114/1114/1114 1115/1115/1115 
f 1113/1113/1113 1115/1115/1115 1116/1116/1116 
f 1111/1111/1111 1112/1112/1112 1117/1117/1117 
f 1111/1111/1111 1117/1117/1117 1118/1118/1118 
f 1119/1119/1119 1118/1118/1118 1117/1117/1117 
f 1119/1119/1119 1117/1117/1117 1120/1120/1120 
f 1083/1083/1083 1119/1119/1119 1120/1120/1120 
f 1083/1083/1083 1120/1120/1120 1094/1094/1094 
f 1104/1104/1104 1103/1103/1103 1121/1121/1121 
f 1104/1104/1104 1121/1121/1121 1122/1122/1122 
f 1106/1106/1106 1104/1104/1104 1122/1122/1122 
f 1106/1106/1106 1122/1122/1122 1123/1123/1123 
f 1110/1110/1110 1109/1109/1109 1124/1124/1124 
f 1110/1110/1110 1124/1124/1124 1125/1125/1125 
f 1126/1126/1126 1127/1127/1127 1100/1100/1100 
f 1126/1126/1126 1100/1100/1100 1111/1111/1111 
f 1122/1122/1122 1121/1121/1121 1128/1128/1128 
f 1122/1122/1122 1128/1128/1128 1129/1129/1129 
f 1123/1123/1123 1122/1122/1122 1129/1129/1129 
f 1123/1123/1123 1129/1129/1129 1130/1130/1130 
f 1131/1131/1131 1123/1123/1123 1130/1130/1130 
f 1131/1131/1131 1130/1130/1130 1132/1132/1132 
f 1116/1116/1116 1115/1115/1115 1127/1127/1127 
f 1116/1116/1116 1127/1127/1127 1126/1126/1126 
f 1049/1049/1049 1048/1048/1048 1133/1133/1133 
f 1049/1049/1049 1133/1133/1133 1134/1134/1134 
f 1055/1055/1055 1061/1061/1061 1135/1135/1135 
f 1055/1055/1055 1135/1135/1135 1136/1136/1136 
f 1061/1061/1061 1060/1060/1060 1137/1137/1137 
f 1061/1061/1061 1137/1137/1137 1138/1138/1138 
f 1060/1060/1060 1062/1062/1062 1139/1139/1139 
f 1060/1060/1060 1139/1139/1139 1137/1137/1137 
f 1140/1140/1140 1063/1063/1063 1141/1141/1141 
f 1140/1140/1140 1141/1141/1141 1142/1142/1142 
f 1058/1058/1058 1047/1047/1047 1143/1143/1143 
f 1058/1058/1058 1143/1143/1143 1144/1144/1144 
f 1047/1047/1047 1046/1046/1046 1145/1145/1145 
f 1047/1047/1047 1145/1145/1145 1143/1143/1143 
f 1046/1046/1046 1049/1049/1049 1146/1146/1146 
f 1046/1046/1046 1146/1146/1146 1147/1147/1147 
f 1050/1050/1050 1044/1044/1044 1148/1148/1148 
f 1050/1050/1050 1148/1148/1148 1149/1149/1149 
f 1052/1052/1052 1050/1050/1050 1149/1149/1149 
f 1052/1052/1052 1149/1149/1149 1150/1150/1150 
f 1016/1016/1016 1052/1052/1052 1150/1150/1150 
f 1016/1016/1016 1150/1150/1150 1151/1151/1151 
f 1059/1059/1059 1031/1031/1031 1152/1152/1152 
f 1059/1059/1059 1152/1152/1152 1153/1153/1153 
f 1031/1031/1031 1030/1030/1030 1154/1154/1154 
f 1031/1031/1031 1154/1154/1154 1152/1152/1152 
f 1036/1036/1036 1055/1055/1055 1136/1136/1136 
f 1036/1036/1036 1136/1136/1136 1155/1155/1155 
f 1044/1044/1044 1058/1058/1058 1144/1144/1144 
f 1044/1044/1044 1144/1144/1144 1148/1148/1148 
f 1048/1048/1048 1059/1059/1059 1153/1153/1153 
f 1048/1048/1048 1153/1153/1153 1133/1133/1133 
f 1115/1115/1115 1114/1114/1114 1156/1156/1156 
f 1115/1115/1115 1156/1156/1156 1157/1157/1157 
f 1128/1128/1128 1121/1121/1121 1158/1158/1158 
f 1128/1128/1128 1158/1158/1158 1159/1159/1159 
f 1129/1129/1129 1160/1160/1160 1161/1161/1161 
f 1129/1129/1129 1161/1161/1161 1162/1162/1162 
f 1130/1130/1130 1129/1129/1129 1162/1162/1162 
f 1130/1130/1130 1162/1162/1162 1163/1163/1163 
f 1132/1132/1132 1130/1130/1130 1163/1163/1163 
f 1132/1132/1132 1163/1163/1163 1164/1164/1164 
f 1116/1116/1116 1126/1126/1126 1165/1165/1165 
f 1116/1116/1116 1165/1165/1165 1166/1166/1166 
f 1113/1113/1113 1116/1116/1116 1166/1166/1166 
f 1113/1113/1113 1166/1166/1166 1167/1167/1167 
f 1114/1114/1114 1113/1113/1113 1168/1168/1168 
f 1114/1114/1114 1168/1168/1168 1169/1169/1169 
f 1111/1111/1111 1118/1118/1118 1170/1170/1170 
f 1111/1111/1111 1170/1170/1170 1171/1171/1171 
f 1118/1118/1118 1119/1119/1119 1172/1172/1172 
f 1118/1118/1118 1172/1172/1172 1170/1170/1170 
f 1119/1119/1119 1083/1083/1083 1173/1173/1173 
f 1119/1119/1119 1173/1173/1173 1172/1172/1172 
f 1100/1100/1100 1127/1127/1127 1174/1174/1174 
f 1100/1100/1100 1174/1174/1174 1175/1175/1175 
f 1097/1097/1097 1100/1100/1100 1175/1175/1175 
f 1097/1097/1097 1175/1175/1175 1176/1176/1176 
f 1121/1121/1121 1103/1103/1103 1177/1177/1177 
f 1121/1121/1121 1177/1177/1177 1158/1158/1158 
f 1126/1126/1126 1111/1111/1111 1171/1171/1171 
f 1126/1126/1126 1171/1171/1171 1165/1165/1165 
f 1127/1127/1127 1115/1115/1115 1157/1157/1157 
f 1127/1127/1127 1157/1157/1157 1174/1174/1174 
f 1103/1103/1103 1097/1097/1097 1176/1176/1176 
f 1103/1103/1103 1176/1176/1176 1177/1177/1177 
f 1103/1103/1103 1102/1102/1102 1098/1098/1098 
f 1103/1103/1103 1098/1098/1098 1097/1097/1097 
f 1078/1078/1078 1077/1077/1077 1088/1088/1088 
f 1078/1078/1078 1088/1088/1088 1089/1089/1089 
f 1067/1067/1067 1066/1066/1066 1077/1077/1077 
f 1067/1067/1067 1077/1077/1077 1078/1078/1078 
f 999/999/999 1013/1013/1013 1010/1010/1010 
f 999/999/999 1010/1010/1010 1000/1000/1000 
f 1013/1013/1013 1024/1024/1024 1021/1021/1021 
f 1013/1013/1013 1021/1021/1021 1010/1010/1010 
f 1036/1036/1036 1030/1030/1030 1033/1033/1033 
f 1036/1036/1036 1033/1033/1033 1037/1037/1037 
f 1154/1154/1154 1030/1030/1030 1036/1036/1036 
f 1154/1154/1154 1036/1036/1036 1155/1155/1155 
f 998/998/998 1000/1000/1000 1009/1009/1009 
f 1064/1064/1064 1066/1066/1066 1067/1067/1067 
f 1017/1017/1017 1016/1016/1016 1151/1151/1151 
f 1017/1017/1017 1151/1151/1151 1178/1178/1178 
f 1083/1083/1083 1082/1082/1082 1179/1179/1179 
f 1083/1083/1083 1179/1179/1179 1173/1173/1173 
f 1080/1080/1080 1091/1091/1091 1092/1092/1092 
f 1180/1180/1180 1081/1081/1081 1093/1093/1093 
f 1105/1105/1105 1106/1106/1106 1109/1109/1109 
f 1105/1105/1105 1109/1109/1109 1108/1108/1108 
f 1181/1181/1181 1182/1182/1182 1107/1107/1107 
f 1181/1181/1181 1107/1107/1107 1110/1110/1110 
f 1106/1106/1106 1123/1123/1123 1124/1124/1124 
f 1106/1106/1106 1124/1124/1124 1109/1109/1109 
f 1123/1123/1123 1131/1131/1131 1125/1125/1125 
f 1123/1123/1123 1125/1125/1125 1124/1124/1124 
f 1131/1131/1131 1181/1181/1181 1110/1110/1110 
f 1131/1131/1131 1110/1110/1110 1125/1125/1125 
f 1025/1025/1025 1043/1043/1043 1038/1038/1038 
f 1042/1042/1042 1035/1035/1035 1183/1183/1183 
f 1042/1042/1042 1183/1183/1183 1184/1184/1184 
f 1039/1039/1039 1034/1034/1034 1023/1023/1023 
f 1026/1026/1026 1040/1040/1040 1043/1043/1043 
f 1026/1026/1026 1043/1043/1043 1025/1025/1025 
f 1107/1107/1107 1182/1182/1182 1180/1180/1180 
f 1107/1107/1107 1180/1180/1180 1093/1093/1093 
f 1093/1093/1093 1092/1092/1092 1108/1108/1108 
f 1093/1093/1093 1108/1108/1108 1107/1107/1107 
f 1091/1091/1091 1105/1105/1105 1108/1108/1108 
f 1091/1091/1091 1108/1108/1108 1092/1092/1092 
f 1091/1091/1091 1090/1090/1090 1101/1101/1101 
f 1091/1091/1091 1101/1101/1101 1105/1105/1105 
f 1090/1090/1090 1089/1089/1089 1102/1102/1102 
f 1090/1090/1090 1102/1102/1102 1101/1101/1101 
f 1098/1098/1098 1102/1102/1102 1089/1089/1089 
f 1098/1098/1098 1089/1089/1089 1088/1088/1088 
f 1099/1099/1099 1098/1098/1098 1088/1088/1088 
f 1099/1099/1099 1088/1088/1088 1087/1087/1087 
f 1112/1112/1112 1099/1099/1099 1087/1087/1087 
f 1112/1112/1112 1087/1087/1087 1096/1096/1096 
f 1117/1117/1117 1112/1112/1112 1096/1096/1096 
f 1117/1117/1117 1096/1096/1096 1095/1095/1095 
f 1120/1120/1120 1117/1117/1117 1095/1095/1095 
f 1120/1120/1120 1095/1095/1095 1094/1094/1094 
f 1053/1053/1053 1027/1027/1027 1029/1029/1029 
f 1053/1053/1053 1029/1029/1029 1051/1051/1051 
f 1045/1045/1045 1051/1051/1051 1029/1029/1029 
f 1045/1045/1045 1029/1029/1029 1028/1028/1028 
f 1032/1032/1032 1045/1045/1045 1028/1028/1028 
f 1032/1032/1032 1028/1028/1028 1022/1022/1022 
f 1033/1033/1033 1032/1032/1032 1022/1022/1022 
f 1033/1033/1033 1022/1022/1022 1021/1021/1021 
f 1037/1037/1037 1033/1033/1033 1021/1021/1021 
f 1037/1037/1037 1021/1021/1021 1024/1024/1024 
f 1023/1023/1023 1034/1034/1034 1037/1037/1037 
f 1023/1023/1023 1037/1037/1037 1024/1024/1024 
f 1038/1038/1038 1043/1043/1043 1042/1042/1042 
f 1038/1038/1038 1042/1042/1042 1184/1184/1184 
f 1039/1039/1039 1038/1038/1038 1184/1184/1184 
f 1039/1039/1039 1184/1184/1184 1183/1183/1183 
f 1035/1035/1035 1034/1034/1034 1039/1039/1039 
f 1035/1035/1035 1039/1039/1039 1183/1183/1183 
f 1062/1062/1062 1063/1063/1063 1140/1140/1140 
f 1185/1185/1185 1186/1186/1186 1187/1187/1187 
f 1139/1139/1139 1062/1062/1062 1140/1140/1140 
f 1139/1139/1139 1140/1140/1140 1188/1188/1188 
f 1129/1129/1129 1128/1128/1128 1160/1160/1160 
f 1128/1128/1128 1159/1159/1159 1189/1189/1189 
f 1128/1128/1128 1189/1189/1189 1160/1160/1160 
f 1159/1159/1159 1190/1190/1190 1189/1189/1189 
f 1191/1191/1191 1192/1192/1192 1193/1193/1193 
f 1191/1191/1191 1193/1193/1193 1194/1194/1194 
f 1195/1195/1195 1196/1196/1196 1197/1197/1197 
f 1195/1195/1195 1197/1197/1197 1198/1198/1198 
f 1196/1196/1196 1199/1199/1199 1200/1200/1200 
f 1196/1196/1196 1200/1200/1200 1197/1197/1197 
f 1199/1199/1199 1186/1186/1186 1201/1201/1201 
f 1199/1199/1199 1201/1201/1201 1200/1200/1200 
f 1186/1186/1186 1185/1185/1185 1202/1202/1202 
f 1186/1186/1186 1202/1202/1202 1201/1201/1201 
f 1203/1203/1203 1204/1204/1204 1205/1205/1205 
f 1203/1203/1203 1205/1205/1205 1206/1206/1206 
f 1204/1204/1204 1207/1207/1207 1208/1208/1208 
f 1204/1204/1204 1208/1208/1208 1205/1205/1205 
f 1207/1207/1207 1191/1191/1191 1194/1194/1194 
f 1207/1207/1207 1194/1194/1194 1208/1208/1208 
f 1209/1209/1209 1210/1210/1210 1211/1211/1211 
f 1209/1209/1209 1211/1211/1211 1212/1212/1212 
f 1213/1213/1213 1209/1209/1209 1212/1212/1212 
f 1213/1213/1213 1212/1212/1212 1214/1214/1214 
f 1215/1215/1215 1213/1213/1213 1214/1214/1214 
f 1215/1215/1215 1214/1214/1214 1216/1216/1216 
f 1217/1217/1217 1218/1218/1218 1219/1219/1219 
f 1217/1217/1217 1219/1219/1219 1220/1220/1220 
f 1218/1218/1218 1221/1221/1221 1222/1222/1222 
f 1218/1218/1218 1222/1222/1222 1219/1219/1219 
f 1223/1223/1223 1195/1195/1195 1198/1198/1198 
f 1223/1223/1223 1198/1198/1198 1224/1224/1224 
f 1210/1210/1210 1203/1203/1203 1206/1206/1206 
f 1210/1210/1210 1206/1206/1206 1211/1211/1211 
f 1192/1192/1192 1217/1217/1217 1220/1220/1220 
f 1192/1192/1192 1220/1220/1220 1193/1193/1193 
f 1225/1225/1225 1226/1226/1226 1227/1227/1227 
f 1225/1225/1225 1227/1227/1227 1228/1228/1228 
f 1229/1229/1229 1230/1230/1230 1231/1231/1231 
f 1229/1229/1229 1231/1231/1231 1232/1232/1232 
f 1233/1233/1233 1229/1229/1229 1232/1232/1232 
f 1233/1233/1233 1232/1232/1232 1234/1234/1234 
f 1235/1235/1235 1233/1233/1233 1234/1234/1234 
f 1235/1235/1235 1234/1234/1234 1236/1236/1236 
f 1237/1237/1237 1235/1235/1235 1236/1236/1236 
f 1237/1237/1237 1236/1236/1236 1238/1238/1238 
f 1239/1239/1239 1240/1240/1240 1241/1241/1241 
f 1239/1239/1239 1241/1241/1241 1242/1242/1242 
f 1243/1243/1243 1239/1239/1239 1242/1242/1242 
f 1243/1243/1243 1242/1242/1242 1244/1244/1244 
f 1226/1226/1226 1243/1243/1243 1244/1244/1244 
f 1226/1226/1226 1244/1244/1244 1227/1227/1227 
f 1245/1245/1245 1246/1246/1246 1247/1247/1247 
f 1245/1245/1245 1247/1247/1247 1248/1248/1248 
f 1246/1246/1246 1249/1249/1249 1250/1250/1250 
f 1246/1246/1246 1250/1250/1250 1247/1247/1247 
f 1249/1249/1249 1251/1251/1251 1252/1252/1252 
f 1249/1249/1249 1252/1252/1252 1250/1250/1250 
f 1253/1253/1253 1254/1254/1254 1255/1255/1255 
f 1253/1253/1253 1255/1255/1255 1256/1256/1256 
f 1257/1257/1257 1253/1253/1253 1256/1256/1256 
f 1257/1257/1257 1256/1256/1256 1258/1258/1258 
f 1230/1230/1230 1259/1259/1259 1260/1260/1260 
f 1230/1230/1230 1260/1260/1260 1231/1231/1231 
f 1240/1240/1240 1245/1245/1245 1248/1248/1248 
f 1240/1240/1240 1248/1248/1248 1241/1241/1241 
f 1254/1254/1254 1225/1225/1225 1228/1228/1228 
f 1254/1254/1254 1228/1228/1228 1255/1255/1255 
f 1259/1259/1259 1257/1257/1257 1258/1258/1258 
f 1259/1259/1259 1258/1258/1258 1260/1260/1260 
f 1221/1221/1221 1223/1223/1223 1224/1224/1224 
f 1221/1221/1221 1224/1224/1224 1222/1222/1222 
f 1261/1261/1261 1215/1215/1215 1216/1216/1216 
f 1261/1261/1261 1216/1216/1216 1262/1262/1262 
f 1251/1251/1251 1263/1263/1263 1264/1264/1264 
f 1251/1251/1251 1264/1264/1264 1252/1252/1252 
f 1212/1212/1212 1211/1211/1211 1265/1265/1265 
f 1212/1212/1212 1265/1265/1265 1266/1266/1266 
f 1214/1214/1214 1212/1212/1212 1266/1266/1266 
f 1214/1214/1214 1266/1266/1266 1267/1267/1267 
f 1216/1216/1216 1214/1214/1214 1267/1267/1267 
f 1216/1216/1216 1267/1267/1267 1268/1268/1268 
f 1262/1262/1262 1216/1216/1216 1268/1268/1268 
f 1262/1262/1262 1268/1268/1268 1269/1269/1269 
f 1252/1252/1252 1264/1264/1264 1270/1270/1270 
f 1252/1252/1252 1270/1270/1270 1271/1271/1271 
f 1250/1250/1250 1252/1252/1252 1271/1271/1271 
f 1250/1250/1250 1271/1271/1271 1272/1272/1272 
f 1247/1247/1247 1250/1250/1250 1272/1272/1272 
f 1247/1247/1247 1272/1272/1272 1273/1273/1273 
f 1248/1248/1248 1247/1247/1247 1273/1273/1273 
f 1248/1248/1248 1273/1273/1273 1274/1274/1274 
f 1241/1241/1241 1248/1248/1248 1274/1274/1274 
f 1241/1241/1241 1274/1274/1274 1275/1275/1275 
f 1242/1242/1242 1241/1241/1241 1275/1275/1275 
f 1242/1242/1242 1275/1275/1275 1276/1276/1276 
f 1244/1244/1244 1242/1242/1242 1276/1276/1276 
f 1244/1244/1244 1276/1276/1276 1277/1277/1277 
f 1227/1227/1227 1244/1244/1244 1277/1277/1277 
f 1227/1227/1227 1277/1277/1277 1278/1278/1278 
f 1228/1228/1228 1227/1227/1227 1278/1278/1278 
f 1228/1228/1228 1278/1278/1278 1279/1279/1279 
f 1255/1255/1255 1228/1228/1228 1279/1279/1279 
f 1255/1255/1255 1279/1279/1279 1280/1280/1280 
f 1256/1256/1256 1255/1255/1255 1280/1280/1280 
f 1256/1256/1256 1280/1280/1280 1281/1281/1281 
f 1258/1258/1258 1256/1256/1256 1281/1281/1281 
f 1258/1258/1258 1281/1281/1281 1282/1282/1282 
f 1260/1260/1260 1258/1258/1258 1282/1282/1282 
f 1260/1260/1260 1282/1282/1282 1283/1283/1283 
f 1231/1231/1231 1260/1260/1260 1283/1283/1283 
f 1231/1231/1231 1283/1283/1283 1284/1284/1284 
f 1232/1232/1232 1231/1231/1231 1284/1284/1284 
f 1232/1232/1232 1284/1284/1284 1285/1285/1285 
f 1234/1234/1234 1232/1232/1232 1285/1285/1285 
f 1234/1234/1234 1285/1285/1285 1286/1286/1286 
f 1236/1236/1236 1234/1234/1234 1286/1286/1286 
f 1236/1236/1236 1286/1286/1286 1287/1287/1287 
f 1238/1238/1238 1236/1236/1236 1287/1287/1287 
f 1238/1238/1238 1287/1287/1287 1288/1288/1288 
f 1201/1201/1201 1202/1202/1202 1289/1289/1289 
f 1201/1201/1201 1289/1289/1289 1290/1290/1290 
f 1200/1200/1200 1201/1201/1201 1290/1290/1290 
f 1200/1200/1200 1290/1290/1290 1291/1291/1291 
f 1197/1197/1197 1200/1200/1200 1291/1291/1291 
f 1197/1197/1197 1291/1291/1291 1292/1292/1292 
f 1198/1198/1198 1197/1197/1197 1292/1292/1292 
f 1198/1198/1198 1292/1292/1292 1293/1293/1293 
f 1224/1224/1224 1198/1198/1198 1293/1293/1293 
f 1224/1224/1224 1293/1293/1293 1294/1294/1294 
f 1222/1222/1222 1224/1224/1224 1294/1294/1294 
f 1222/1222/1222 1294/1294/1294 1295/1295/1295 
f 1219/1219/1219 1222/1222/1222 1295/1295/1295 
f 1219/1219/1219 1295/1295/1295 1296/1296/1296 
f 1220/1220/1220 1219/1219/1219 1296/1296/1296 
f 1220/1220/1220 1296/1296/1296 1297/1297/1297 
f 1193/1193/1193 1220/1220/1220 1297/1297/1297 
f 1193/1193/1193 1297/1297/1297 1298/1298/1298 
f 1194/1194/1194 1193/1193/1193 1298/1298/1298 
f 1194/1194/1194 1298/1298/1298 1299/1299/1299 
f 1208/1208/1208 1194/1194/1194 1299/1299/1299 
f 1208/1208/1208 1299/1299/1299 1300/1300/1300 
f 1205/1205/1205 1208/1208/1208 1300/1300/1300 
f 1205/1205/1205 1300/1300/1300 1301/1301/1301 
f 1206/1206/1206 1205/1205/1205 1301/1301/1301 
f 1206/1206/1206 1301/1301/1301 1302/1302/1302 
f 1211/1211/1211 1206/1206/1206 1302/1302/1302 
f 1211/1211/1211 1302/1302/1302 1265/1265/1265 
f 1303/1303/1303 1304/1304/1304 1305/1305/1305 
f 1303/1303/1303 1305/1305/1305 1306/1306/1306 
f 1306/1306/1306 1305/1305/1305 1307/1307/1307 
f 1306/1306/1306 1307/1307/1307 1308/1308/1308 
f 1309/1309/1309 1310/1310/1310 1311/1311/1311 
f 1309/1309/1309 1311/1311/1311 1312/1312/1312 
f 1310/1310/1310 1313/1313/1313 1314/1314/1314 
f 1310/1310/1310 1314/1314/1314 1311/1311/1311 
f 1315/1315/1315 1316/1316/1316 1304/1304/1304 
f 1315/1315/1315 1304/1304/1304 1303/1303/1303 
f 1317/1317/1317 1318/1318/1318 1305/1305/1305 
f 1317/1317/1317 1305/1305/1305 1304/1304/1304 
f 1319/1319/1319 1320/1320/1320 1303/1303/1303 
f 1319/1319/1319 1303/1303/1303 1306/1306/1306 
f 1318/1318/1318 1321/1321/1321 1307/1307/1307 
f 1318/1318/1318 1307/1307/1307 1305/1305/1305 
f 1322/1322/1322 1319/1319/1319 1306/1306/1306 
f 1322/1322/1322 1306/1306/1306 1308/1308/1308 
f 1323/1323/1323 1324/1324/1324 1325/1325/1325 
f 1323/1323/1323 1325/1325/1325 1326/1326/1326 
f 1324/1324/1324 1327/1327/1327 1328/1328/1328 
f 1324/1324/1324 1328/1328/1328 1325/1325/1325 
f 1329/1329/1329 1330/1330/1330 1331/1331/1331 
f 1329/1329/1329 1331/1331/1331 1332/1332/1332 
f 1332/1332/1332 1331/1331/1331 1333/1333/1333 
f 1332/1332/1332 1333/1333/1333 1334/1334/1334 
f 1335/1335/1335 1323/1323/1323 1326/1326/1326 
f 1335/1335/1335 1326/1326/1326 1336/1336/1336 
f 1337/1337/1337 1326/1326/1326 1325/1325/1325 
f 1337/1337/1337 1325/1325/1325 1338/1338/1338 
f 1339/1339/1339 1324/1324/1324 1323/1323/1323 
f 1339/1339/1339 1323/1323/1323 1340/1340/1340 
f 1338/1338/1338 1325/1325/1325 1328/1328/1328 
f 1338/1338/1338 1328/1328/1328 1341/1341/1341 
f 1342/1342/1342 1327/1327/1327 1324/1324/1324 
f 1342/1342/1342 1324/1324/1324 1339/1339/1339 

g R15Bacon1

v -5.13877 0.0355225 16.4657 
v -5.17197 0.0355211 16.4929 
v -5.17191 0.00200152 16.4657 
v -5.82653 0.0355211 16.4929 
v -5.86016 0.0355227 16.4657 
v -5.82655 0.00200152 16.4656 
v -5.82653 0.0355211 16.4929 
v -5.82654 0.473819 16.4929 
v -5.86016 0.0355227 16.4657 
v -5.86016 0.473821 16.4658 
v -5.13877 0.0355225 16.4657 
v -5.17195 0.473819 16.4929 
v -5.17197 0.0355211 16.4929 
v -5.13877 0.473821 16.4657 
v -5.17197 0.0355211 16.4929 
v -5.82654 0.473819 16.4929 
v -5.82653 0.0355211 16.4929 
v -5.17195 0.473819 16.4929 
v -5.17197 0.0355211 16.4929 
v -5.82655 0.00200152 16.4656 
v -5.17191 0.00200152 16.4657 
v -5.82653 0.0355211 16.4929 
v -5.22595 0.613901 16.41 
v -5.82654 0.473819 16.4929 
v -5.17195 0.473819 16.4929 
v -5.77258 0.613901 16.41 
v -5.26524 0.71939 16.3354 
v -5.73333 0.71939 16.3354 
v -5.29238 0.798404 16.2121 
v -5.70622 0.798404 16.2121 
v -5.29928 0.822074 16.0746 
v -5.69932 0.822074 16.0746 
v -5.70622 0.799652 15.9196 
v -5.29238 0.799652 15.9196 
v -5.73333 0.720264 15.7908 
v -5.26523 0.720264 15.7908 
v -5.13877 0.0356672 15.6673 
v -5.17191 0.00200152 16.4657 
v -5.17197 0.00204575 15.6393 
v -5.13877 0.0355225 16.4657 
v -5.86016 0.0355663 15.6673 
v -5.82655 0.00200152 16.4656 
v -5.86016 0.0355227 16.4657 
v -5.82653 0.0020467 15.6393 
v -5.81105 0.604834 16.3882 
v -5.86016 0.473821 16.4658 
v -5.77258 0.613901 16.41 
v -5.77548 0.701828 16.3164 
v -5.73333 0.71939 16.3354 
v -5.70622 0.798404 16.2121 
v -5.74903 0.777326 16.2025 
v -5.69932 0.822074 16.0746 
v -5.74071 0.797508 16.0742 
v -5.74903 0.778515 15.9276 
v -5.70622 0.799652 15.9196 
v -5.77548 0.703075 15.8083 
v -5.73333 0.720264 15.7908 
v -5.77258 0.61431 15.7151 
v -5.81105 0.605473 15.7358 
v -5.82654 0.473136 15.6393 
v -5.86016 0.47381 15.6673 
v -5.81105 0.604834 16.3882 
v -5.81105 0.605473 15.7358 
v -5.22342 0.703075 15.8083 
v -5.25819 0.797507 16.0742 
v -5.22342 0.701828 16.3164 
v -5.24987 0.778515 15.9277 
v -5.24987 0.777325 16.2025 
v -5.18785 0.605473 15.7358 
v -5.18785 0.604833 16.3882 
v -5.77548 0.703075 15.8083 
v -5.74071 0.797508 16.0742 
v -5.74903 0.778515 15.9276 
v -5.77548 0.701828 16.3164 
v -5.74903 0.777326 16.2025 
v -5.81105 0.605473 15.7358 
v -5.81105 0.604834 16.3882 
v -5.20306 0.00205517 15.4723 
v -5.13878 0.035573 15.5454 
v -5.17303 0.00205028 15.5574 
v -5.17303 0.00204575 15.6393 
v -5.13877 0.0355663 15.6673 
v -5.17197 0.0355779 15.4565 
v -5.24961 0.00205922 15.3929 
v -5.2234 0.0355825 15.372 
v -5.28099 0.0355855 15.3182 
v -5.30173 0.00206208 15.3419 
v -5.35004 0.0355875 15.2816 
v -5.36423 0.00206387 15.3079 
v -5.42541 0.0355885 15.2594 
v -5.43244 0.00206506 15.2868 
v -5.49942 0.0355892 15.2499 
v -5.49942 0.00206554 15.2781 
v -5.56641 0.00206506 15.2868 
v -5.57344 0.0355885 15.2594 
v -5.63462 0.00206387 15.3079 
v -5.64881 0.0355875 15.2816 
v -5.69712 0.00206208 15.3419 
v -5.71786 0.0355855 15.3182 
v -5.74924 0.00205922 15.3929 
v -5.77545 0.0355825 15.372 
v -5.82689 0.0355779 15.4565 
v -5.79579 0.00205517 15.4723 
v -5.86007 0.035573 15.5454 
v -5.82582 0.00205028 15.5574 
v -5.82582 0.00204575 15.6393 
v -5.86008 0.0355663 15.6673 
v -5.86016 0.47381 15.6673 
v -5.86016 0.0355227 16.4657 
v -5.86016 0.473821 16.4658 
v -5.86016 0.0355663 15.6673 
v -5.13877 0.0356672 15.6673 
v -5.13877 0.473821 16.4657 
v -5.13877 0.0355225 16.4657 
v -5.13877 0.473812 15.6673 
v -5.13878 0.0806333 15.5563 
v -5.13877 0.0355663 15.6673 
v -5.13878 0.035573 15.5454 
v -5.13878 0.114647 15.5799 
v -5.13878 0.142537 15.6211 
v -5.13877 0.148172 15.6673 
v -5.86007 0.0806333 15.5563 
v -5.86007 0.035573 15.5454 
v -5.86008 0.0355663 15.6673 
v -5.86007 0.114647 15.5799 
v -5.86007 0.142537 15.6211 
v -5.86008 0.148172 15.6673 
v -5.82653 0.0020467 15.6393 
v -5.17197 0.00204575 15.6393 
v -5.82655 0.00200152 16.4656 
v -5.17191 0.00200152 16.4657 
v -5.17303 0.00205028 15.5574 
v -5.49942 0.00204575 15.6393 
v -5.20306 0.00205517 15.4723 
v -5.17303 0.00204575 15.6393 
v -5.24961 0.00205922 15.3929 
v -5.30173 0.00206208 15.3419 
v -5.36423 0.00206387 15.3079 
v -5.43244 0.00206506 15.2868 
v -5.49942 0.00206554 15.2781 
v -5.56641 0.00206506 15.2868 
v -5.63462 0.00206387 15.3079 
v -5.69712 0.00206208 15.3419 
v -5.74924 0.00205922 15.3929 
v -5.79579 0.00205517 15.4723 
v -5.82582 0.00205028 15.5574 
v -5.82582 0.00204575 15.6393 
v -5.13877 0.473812 15.6673 
v -5.13877 0.0356672 15.6673 
v -5.17196 0.473136 15.6393 
v -5.17197 0.00204575 15.6393 
v -5.82654 0.473136 15.6393 
v -5.86016 0.0355663 15.6673 
v -5.86016 0.47381 15.6673 
v -5.82653 0.0020467 15.6393 
v -5.77258 0.61431 15.7151 
v -5.22593 0.61431 15.7151 
v -5.17196 0.473136 15.6393 
v -5.18785 0.605473 15.7358 
v -5.13877 0.473812 15.6673 
v -5.22593 0.61431 15.7151 
v -5.22342 0.703075 15.8083 
v -5.26523 0.720264 15.7908 
v -5.29238 0.799652 15.9196 
v -5.24987 0.778515 15.9277 
v -5.29928 0.822074 16.0746 
v -5.25819 0.797507 16.0742 
v -5.24987 0.777325 16.2025 
v -5.29238 0.798404 16.2121 
v -5.22342 0.701828 16.3164 
v -5.26524 0.71939 16.3354 
v -5.18785 0.604833 16.3882 
v -5.22595 0.613901 16.41 
v -5.13877 0.473821 16.4657 
v -5.18785 0.604833 16.3882 
v -5.18785 0.605473 15.7358 
v -5.17197 0.116078 15.4725 
v -5.13878 0.035573 15.5454 
v -5.17197 0.0355779 15.4565 
v -5.13878 0.0806333 15.5563 
v -5.2234 0.0355825 15.372 
v -5.13878 0.114647 15.5799 
v -5.2234 0.148411 15.3944 
v -5.28099 0.0355855 15.3182 
v -5.17197 0.184321 15.5181 
v -5.13878 0.142537 15.6211 
v -5.2234 0.244061 15.4584 
v -5.28099 0.168052 15.3455 
v -5.35004 0.0355875 15.2816 
v -5.28099 0.280944 15.4203 
v -5.35004 0.183006 15.3109 
v -5.42541 0.0355885 15.2594 
v -5.17197 0.229918 15.5863 
v -5.17197 0.245925 15.6673 
v -5.13877 0.148172 15.6673 
v -5.2234 0.330406 15.6673 
v -5.2234 0.307968 15.554 
v -5.28099 0.382452 15.6673 
v -5.28099 0.356887 15.5332 
v -5.35004 0.420792 15.6673 
v -5.35004 0.391477 15.5194 
v -5.42541 0.442777 15.6673 
v -5.35004 0.307977 15.3945 
v -5.42541 0.413933 15.5103 
v -5.49942 0.452532 15.6673 
v -5.42541 0.191986 15.2902 
v -5.49942 0.0355892 15.2499 
v -5.42541 0.323246 15.3775 
v -5.49942 0.195153 15.2816 
v -5.49942 0.330422 15.372 
v -5.49942 0.420801 15.5073 
v -5.57344 0.323246 15.3775 
v -5.57344 0.191986 15.2902 
v -5.57344 0.0355885 15.2594 
v -5.57344 0.413933 15.5103 
v -5.57344 0.442777 15.6673 
v -5.64881 0.307977 15.3945 
v -5.64881 0.183006 15.3109 
v -5.64881 0.0355875 15.2816 
v -5.64881 0.391477 15.5194 
v -5.64881 0.420792 15.6673 
v -5.71786 0.280944 15.4203 
v -5.71786 0.168052 15.3455 
v -5.71786 0.0355855 15.3182 
v -5.71786 0.356887 15.5332 
v -5.71786 0.382452 15.6673 
v -5.77545 0.148411 15.3944 
v -5.77545 0.0355825 15.372 
v -5.77545 0.244061 15.4584 
v -5.77545 0.307968 15.554 
v -5.77545 0.330406 15.6673 
v -5.82689 0.116078 15.4725 
v -5.82689 0.0355779 15.4565 
v -5.86007 0.035573 15.5454 
v -5.86007 0.0806333 15.5563 
v -5.86007 0.114647 15.5799 
v -5.82689 0.184321 15.5181 
v -5.86007 0.142537 15.6211 
v -5.82689 0.229918 15.5863 
v -5.82689 0.245925 15.6673 
v -5.86008 0.148172 15.6673 
v -5.82654 0.473136 15.6393 
v -5.17196 0.473136 15.6393 
v -5.17197 0.00204575 15.6393 
v -5.82653 0.0020467 15.6393 

vn 0.535433 -0.527559 0.653543 
vn 0.535433 -0.527559 0.653543 
vn 0.535433 -0.527559 0.653543 
vn -0.527559 -0.535433 0.661417 
vn -0.527559 -0.535433 0.661417 
vn -0.527559 -0.535433 0.661417 
vn -0.629921 0 0.779528 
vn -0.629921 0 0.779528 
vn -0.629921 0 0.779528 
vn -0.629921 0 0.779528 
vn 0.629921 0 0.771654 
vn 0.629921 0 0.771654 
vn 0.629921 0 0.771654 
vn 0.629921 0 0.771654 
vn 0 0 1 
vn 0 0 1 
vn 0 0 1 
vn 0 0 1 
vn 0 -0.629921 0.779528 
vn 0 -0.629921 0.779528 
vn 0 -0.629921 0.779528 
vn 0 -0.629921 0.779528 
vn 0 0.433071 0.905512 
vn -0.173228 0.905512 0.393701 
vn 0.181102 0.905512 0.393701 
vn 0 0.433071 0.905512 
vn 0 0.724409 0.692913 
vn 0 0.724409 0.692913 
vn 0 0.929134 0.362205 
vn 0 0.929134 0.362205 
vn 0 1 0.015748 
vn 0 1 0.015748 
vn 0 0.937008 -0.338583 
vn 0 0.937008 -0.338583 
vn 0 0.732283 -0.685039 
vn 0 0.732283 -0.685039 
vn 0.708661 -0.700787 0 
vn 0.708661 -0.700787 0 
vn 0.708661 -0.700787 0 
vn 0.708661 -0.700787 0 
vn -0.708661 -0.708661 0 
vn -0.708661 -0.708661 0 
vn -0.708661 -0.708661 0 
vn -0.708661 -0.708661 0 
vn -0.653543 0.330709 0.685039 
vn -0.370079 0.905512 0.19685 
vn -0.653543 0.322835 0.685039 
vn -0.653543 0.551181 0.519685 
vn -0.653543 0.543307 0.527559 
vn -0.645669 0.708661 0.275591 
vn -0.645669 0.716535 0.275591 
vn -0.637795 0.771654 0.00787402 
vn -0.637795 0.771654 0.00787402 
vn -0.637795 0.724409 -0.259843 
vn -0.637795 0.724409 -0.259843 
vn -0.637795 0.566929 -0.527559 
vn -0.637795 0.566929 -0.527559 
vn -0.629921 0.322835 -0.700787 
vn -0.629921 0.330709 -0.700787 
vn -0.181102 0.889764 -0.417323 
vn -0.377953 0.905512 -0.204724 
vn -1 0 0 
vn -1 0 0 
vn 1 0 0 
vn 1 0 0 
vn 1 0 0 
vn 1 0 0 
vn 1 0 0 
vn 1 0 0 
vn 1 0 0 
vn -1 0 0 
vn -1 0 0 
vn -1 0 0 
vn -1 0 0 
vn -1 0 0 
vn -1 0 0 
vn -1 0 0 
vn 0.622047 -0.724409 -0.299213 
vn 0.677165 -0.724409 -0.125984 
vn 0.677165 -0.724409 -0.110236 
vn 0.700787 -0.716535 0 
vn 0.700787 -0.716535 0 
vn 0.622047 -0.724409 -0.299213 
vn 0.551181 -0.708661 -0.440945 
vn 0.551181 -0.708661 -0.440945 
vn 0.433071 -0.685039 -0.590551 
vn 0.425197 -0.685039 -0.590551 
vn 0.291339 -0.661417 -0.692913 
vn 0.283465 -0.661417 -0.692913 
vn 0.15748 -0.645669 -0.748031 
vn 0.15748 -0.645669 -0.748031 
vn 0 -0.645669 -0.76378 
vn 0 -0.645669 -0.76378 
vn -0.15748 -0.645669 -0.748031 
vn -0.15748 -0.645669 -0.748031 
vn -0.283465 -0.661417 -0.692913 
vn -0.291339 -0.661417 -0.692913 
vn -0.425197 -0.685039 -0.590551 
vn -0.433071 -0.685039 -0.590551 
vn -0.551181 -0.708661 -0.440945 
vn -0.551181 -0.708661 -0.440945 
vn -0.622047 -0.724409 -0.299213 
vn -0.622047 -0.724409 -0.299213 
vn -0.677165 -0.724409 -0.125984 
vn -0.677165 -0.724409 -0.110236 
vn -0.700787 -0.716535 0 
vn -0.700787 -0.716535 0 
vn -1 0 0 
vn -1 0 0 
vn -1 0 0 
vn -1 0 0 
vn 1 0 0 
vn 1 0 0 
vn 1 0 0 
vn 1 0 0 
vn 0.984252 0.0787402 -0.181102 
vn 1 0 0 
vn 0.976378 0.0472441 -0.204724 
vn 0.984252 0.133858 -0.133858 
vn 0.984252 0.181102 -0.0708661 
vn 0.984252 0.181102 -0.0314961 
vn -0.984252 0.0787402 -0.181102 
vn -0.976378 0.0472441 -0.204724 
vn -1 0 0 
vn -0.984252 0.133858 -0.133858 
vn -0.984252 0.181102 -0.0708661 
vn -0.984252 0.181102 -0.0314961 
vn 0 -1 0 
vn 0 -1 0 
vn 0 -1 0 
vn 0 -1 0 
vn 0 -1 0 
vn 0 -1 0 
vn 0 -1 0 
vn 0 -1 0 
vn 0 -1 0 
vn 0 -1 0 
vn 0 -1 0 
vn 0 -1 0 
vn 0 -1 0 
vn 0 -1 0 
vn 0 -1 0 
vn 0 -1 0 
vn 0 -1 0 
vn 0 -1 0 
vn 0 -1 0 
vn 0 -1 0 
vn 0.645669 0 -0.76378 
vn 0.645669 0 -0.76378 
vn 0.645669 0 -0.76378 
vn 0.645669 0 -0.76378 
vn -0.637795 0 -0.771654 
vn -0.637795 0 -0.771654 
vn -0.637795 0 -0.771654 
vn -0.637795 0 -0.771654 
vn 0 0.417323 -0.905512 
vn 0 0.417323 -0.905512 
vn 0.181102 0.889764 -0.417323 
vn 0.637795 0.322835 -0.692913 
vn 0.377953 0.905512 -0.204724 
vn 0.637795 0.322835 -0.700787 
vn 0.637795 0.566929 -0.519685 
vn 0.637795 0.559055 -0.527559 
vn 0.645669 0.716535 -0.259843 
vn 0.645669 0.724409 -0.259843 
vn 0.637795 0.771654 0.00787402 
vn 0.637795 0.771654 0.00787402 
vn 0.653543 0.708661 0.267717 
vn 0.653543 0.708661 0.275591 
vn 0.653543 0.551181 0.519685 
vn 0.661417 0.543307 0.519685 
vn 0.653543 0.330709 0.677165 
vn 0.653543 0.322835 0.685039 
vn 0.370079 0.905512 0.19685 
vn 1 0 0 
vn 1 0 0 
vn 0.897638 0.173228 -0.409449 
vn 0.976378 0.0472441 -0.204724 
vn 0.889764 0.0866142 -0.440945 
vn 0.984252 0.0787402 -0.181102 
vn 0.755906 0.125984 -0.637795 
vn 0.984252 0.133858 -0.133858 
vn 0.76378 0.244094 -0.598425 
vn 0.566929 0.165354 -0.811024 
vn 0.897638 0.314961 -0.314961 
vn 0.984252 0.181102 -0.0708661 
vn 0.76378 0.456693 -0.456693 
vn 0.574803 0.314961 -0.755906 
vn 0.370079 0.181102 -0.913386 
vn 0.574803 0.574803 -0.582677 
vn 0.377953 0.354331 -0.858268 
vn 0.19685 0.188976 -0.96063 
vn 0.897638 0.401575 -0.165354 
vn 0.897638 0.433071 -0.0787402 
vn 0.984252 0.181102 -0.0314961 
vn 0.755906 0.637795 -0.125984 
vn 0.76378 0.598425 -0.244094 
vn 0.566929 0.811024 -0.15748 
vn 0.574803 0.755906 -0.314961 
vn 0.377953 0.905512 -0.173228 
vn 0.385827 0.850394 -0.354331 
vn 0.19685 0.96063 -0.181102 
vn 0.385827 0.653543 -0.653543 
vn 0.204724 0.905512 -0.370079 
vn 0 0.984252 -0.188976 
vn 0.204724 0.377953 -0.905512 
vn 0 0.19685 -0.984252 
vn 0.204724 0.692913 -0.692913 
vn 0 0.377953 -0.92126 
vn 0 0.708661 -0.708661 
vn 0 0.92126 -0.377953 
vn -0.204724 0.692913 -0.692913 
vn -0.204724 0.377953 -0.905512 
vn -0.19685 0.188976 -0.96063 
vn -0.204724 0.905512 -0.370079 
vn -0.19685 0.96063 -0.181102 
vn -0.385827 0.653543 -0.653543 
vn -0.377953 0.354331 -0.858268 
vn -0.370079 0.181102 -0.913386 
vn -0.385827 0.850394 -0.354331 
vn -0.377953 0.905512 -0.173228 
vn -0.574803 0.574803 -0.582677 
vn -0.574803 0.314961 -0.755906 
vn -0.566929 0.165354 -0.811024 
vn -0.574803 0.755906 -0.314961 
vn -0.566929 0.811024 -0.15748 
vn -0.76378 0.244094 -0.598425 
vn -0.755906 0.125984 -0.637795 
vn -0.76378 0.456693 -0.456693 
vn -0.76378 0.598425 -0.244094 
vn -0.755906 0.637795 -0.125984 
vn -0.897638 0.173228 -0.409449 
vn -0.889764 0.0866142 -0.440945 
vn -0.976378 0.0472441 -0.204724 
vn -0.984252 0.0787402 -0.181102 
vn -0.984252 0.133858 -0.133858 
vn -0.897638 0.314961 -0.314961 
vn -0.984252 0.181102 -0.0708661 
vn -0.897638 0.401575 -0.165354 
vn -0.897638 0.433071 -0.0787402 
vn -0.984252 0.181102 -0.0314961 
vn 0 0 -1 
vn 0 0 -1 
vn 0 0 -1 
vn 0 0 -1 

vt 0.997359 0.0077799 
vt 0.997359 0.00398934 
vt 0.993307 0.0077799 
vt 0.92869 0.00398934 
vt 0.92869 0.0077799 
vt 0.932641 0.0077799 
vt 0.780073 0.0531733 
vt 0.780073 0.0804041 
vt 0.78358 0.0531733 
vt 0.78358 0.0804041 
vt 0.714282 0.0531733 
vt 0.718219 0.0804041 
vt 0.718219 0.0531733 
vt 0.714282 0.0804041 
vt 0.718219 0.0531733 
vt 0.780073 0.0804041 
vt 0.780073 0.0531733 
vt 0.718219 0.0804041 
vt 0.997359 0.00398934 
vt 0.932641 0.0077799 
vt 0.993307 0.0077799 
vt 0.92869 0.00398934 
vt 0.919382 0.0750502 
vt 0.890476 0.0804086 
vt 0.921749 0.0804085 
vt 0.892841 0.0750502 
vt 0.919382 0.0702246 
vt 0.892841 0.0702246 
vt 0.919382 0.0622567 
vt 0.892841 0.0622567 
vt 0.919383 0.0533652 
vt 0.892841 0.0533652 
vt 0.892841 0.0433474 
vt 0.919383 0.0433474 
vt 0.892841 0.0350202 
vt 0.919383 0.0350202 
vt 0.997359 0.0790311 
vt 0.993307 0.0077799 
vt 0.993307 0.0790311 
vt 0.997359 0.0077799 
vt 0.928624 0.0790311 
vt 0.932641 0.0077799 
vt 0.92869 0.0077799 
vt 0.932641 0.0790311 
vt 0.891478 0.0736397 
vt 0.888869 0.0786545 
vt 0.892841 0.0750502 
vt 0.891478 0.068996 
vt 0.892841 0.0702246 
vt 0.892841 0.0622567 
vt 0.891478 0.0616355 
vt 0.892841 0.0533652 
vt 0.891478 0.0533413 
vt 0.891478 0.0438682 
vt 0.892841 0.0433474 
vt 0.891478 0.0361539 
vt 0.892841 0.0350202 
vt 0.892841 0.0301292 
vt 0.891478 0.0314672 
vt 0.890476 0.0252309 
vt 0.888869 0.0270406 
vt 0.891478 0.0736397 
vt 0.891478 0.0314672 
vt 0.920728 0.0361559 
vt 0.920728 0.0533413 
vt 0.920728 0.0689959 
vt 0.920728 0.0438691 
vt 0.920728 0.0616355 
vt 0.920728 0.0314702 
vt 0.920728 0.0736396 
vt 0.891478 0.0361539 
vt 0.891478 0.0533413 
vt 0.891478 0.0438682 
vt 0.891478 0.068996 
vt 0.891478 0.0616355 
vt 0.891478 0.0314672 
vt 0.891478 0.0736397 
vt 0.993137 0.0983604 
vt 0.997359 0.0900827 
vt 0.993137 0.0887353 
vt 0.993252 0.0790311 
vt 0.997359 0.0790311 
vt 0.997359 0.101512 
vt 0.993137 0.111869 
vt 0.997359 0.115539 
vt 0.98832 0.115539 
vt 0.985293 0.111869 
vt 0.980332 0.115539 
vt 0.978266 0.111869 
vt 0.971566 0.115539 
vt 0.970598 0.111869 
vt 0.963004 0.115539 
vt 0.963141 0.111869 
vt 0.955454 0.111869 
vt 0.954441 0.115539 
vt 0.947621 0.111869 
vt 0.945581 0.115539 
vt 0.940639 0.111869 
vt 0.937647 0.115539 
vt 0.932757 0.111869 
vt 0.928624 0.115539 
vt 0.928624 0.101603 
vt 0.932757 0.0983703 
vt 0.928624 0.0901618 
vt 0.932757 0.0888278 
vt 0.932634 0.0790311 
vt 0.928624 0.0790311 
vt 0.783922 0.114997 
vt 0.714684 0.088975 
vt 0.714684 0.114997 
vt 0.783922 0.088975 
vt 0.853539 0.088975 
vt 0.922888 0.114997 
vt 0.922888 0.0889751 
vt 0.853539 0.114997 
vt 0.849531 0.0914476 
vt 0.853539 0.088975 
vt 0.849531 0.088975 
vt 0.85059 0.0937641 
vt 0.852322 0.0957381 
vt 0.853539 0.0958895 
vt 0.787646 0.0914476 
vt 0.787646 0.088975 
vt 0.783922 0.088975 
vt 0.78722 0.0937641 
vt 0.786152 0.0957381 
vt 0.783922 0.0958895 
vt 0.932641 0.0790311 
vt 0.993307 0.0790311 
vt 0.932641 0.0077799 
vt 0.993307 0.0077799 
vt 0.993137 0.0887353 
vt 0.962938 0.0790311 
vt 0.993137 0.0983604 
vt 0.993252 0.0790311 
vt 0.993137 0.111869 
vt 0.985293 0.111869 
vt 0.978266 0.111869 
vt 0.970598 0.111869 
vt 0.963141 0.111869 
vt 0.955454 0.111869 
vt 0.947621 0.111869 
vt 0.940639 0.111869 
vt 0.932757 0.111869 
vt 0.932757 0.0983703 
vt 0.932757 0.0888278 
vt 0.932634 0.0790311 
vt 0.853539 0.114997 
vt 0.853539 0.088975 
vt 0.849531 0.114997 
vt 0.849531 0.088975 
vt 0.787646 0.114997 
vt 0.783922 0.088975 
vt 0.783922 0.114997 
vt 0.787646 0.088975 
vt 0.892841 0.0301292 
vt 0.919383 0.0301292 
vt 0.921749 0.0252308 
vt 0.920728 0.0314702 
vt 0.923335 0.0270419 
vt 0.919383 0.0301292 
vt 0.920728 0.0361559 
vt 0.919383 0.0350202 
vt 0.919383 0.0433474 
vt 0.920728 0.0438691 
vt 0.919383 0.0533652 
vt 0.920728 0.0533413 
vt 0.920728 0.0616355 
vt 0.919382 0.0622567 
vt 0.920728 0.0689959 
vt 0.919382 0.0702246 
vt 0.920728 0.0736396 
vt 0.919382 0.0750502 
vt 0.923335 0.0786523 
vt 0.920728 0.0736396 
vt 0.920728 0.0314702 
vt 0.844763 0.0932356 
vt 0.849531 0.088975 
vt 0.844763 0.088975 
vt 0.849531 0.0914476 
vt 0.839358 0.088975 
vt 0.85059 0.0937641 
vt 0.839358 0.0937833 
vt 0.834472 0.088975 
vt 0.844763 0.0970428 
vt 0.852322 0.0957381 
vt 0.839358 0.0979059 
vt 0.834472 0.0942433 
vt 0.829502 0.088975 
vt 0.834472 0.0984102 
vt 0.829502 0.0945481 
vt 0.824219 0.088975 
vt 0.844763 0.101063 
vt 0.844763 0.105949 
vt 0.853539 0.0958895 
vt 0.839358 0.110841 
vt 0.839358 0.10401 
vt 0.834472 0.112843 
vt 0.834472 0.104929 
vt 0.829502 0.113878 
vt 0.829502 0.105635 
vt 0.824219 0.114555 
vt 0.829502 0.0988973 
vt 0.824219 0.105972 
vt 0.819181 0.114729 
vt 0.824219 0.0945953 
vt 0.819181 0.088975 
vt 0.824219 0.0993226 
vt 0.819181 0.0946194 
vt 0.819181 0.0993419 
vt 0.819181 0.106101 
vt 0.813705 0.0992936 
vt 0.813705 0.094602 
vt 0.813705 0.088975 
vt 0.813705 0.105915 
vt 0.813705 0.11451 
vt 0.808452 0.0988365 
vt 0.808452 0.0945673 
vt 0.808452 0.088975 
vt 0.808452 0.105505 
vt 0.808452 0.113786 
vt 0.803289 0.0983158 
vt 0.803289 0.0942732 
vt 0.803289 0.088975 
vt 0.803289 0.104741 
vt 0.803289 0.112701 
vt 0.798065 0.0938247 
vt 0.798065 0.088975 
vt 0.798065 0.0977806 
vt 0.798065 0.103728 
vt 0.798065 0.110617 
vt 0.792805 0.092978 
vt 0.792805 0.088975 
vt 0.787646 0.088975 
vt 0.787646 0.0914476 
vt 0.78722 0.0937641 
vt 0.792805 0.0968692 
vt 0.786152 0.0957381 
vt 0.792805 0.100583 
vt 0.792805 0.105601 
vt 0.783922 0.0958895 
vt 0.787646 0.114997 
vt 0.849531 0.114997 
vt 0.849531 0.088975 
vt 0.787646 0.088975 

usemtl R15Bacon1Mtl

f 1343/1343/1343 1344/1344/1344 1345/1345/1345 
f 1346/1346/1346 1347/1347/1347 1348/1348/1348 
f 1349/1349/1349 1350/1350/1350 1351/1351/1351 
f 1351/1351/1351 1350/1350/1350 1352/1352/1352 
f 1353/1353/1353 1354/1354/1354 1355/1355/1355 
f 1354/1354/1354 1353/1353/1353 1356/1356/1356 
f 1357/1357/1357 1358/1358/1358 1359/1359/1359 
f 1358/1358/1358 1357/1357/1357 1360/1360/1360 
f 1361/1361/1361 1362/1362/1362 1363/1363/1363 
f 1362/1362/1362 1361/1361/1361 1364/1364/1364 
f 1365/1365/1365 1366/1366/1366 1367/1367/1367 
f 1366/1366/1366 1365/1365/1365 1368/1368/1368 
f 1369/1369/1369 1368/1368/1368 1365/1365/1365 
f 1368/1368/1368 1369/1369/1369 1370/1370/1370 
f 1371/1371/1371 1370/1370/1370 1369/1369/1369 
f 1371/1371/1371 1372/1372/1372 1370/1370/1370 
f 1373/1373/1373 1372/1372/1372 1371/1371/1371 
f 1373/1373/1373 1374/1374/1374 1372/1372/1372 
f 1373/1373/1373 1375/1375/1375 1374/1374/1374 
f 1375/1375/1375 1373/1373/1373 1376/1376/1376 
f 1376/1376/1376 1377/1377/1377 1375/1375/1375 
f 1377/1377/1377 1376/1376/1376 1378/1378/1378 
f 1379/1379/1379 1380/1380/1380 1381/1381/1381 
f 1380/1380/1380 1379/1379/1379 1382/1382/1382 
f 1383/1383/1383 1384/1384/1384 1385/1385/1385 
f 1384/1384/1384 1383/1383/1383 1386/1386/1386 
f 1387/1387/1387 1388/1388/1388 1366/1366/1366 
f 1366/1366/1366 1389/1389/1389 1387/1387/1387 
f 1389/1389/1389 1390/1390/1390 1387/1387/1387 
f 1390/1390/1390 1389/1389/1389 1391/1391/1391 
f 1392/1392/1392 1390/1390/1390 1391/1391/1391 
f 1390/1390/1390 1392/1392/1392 1393/1393/1393 
f 1394/1394/1394 1393/1393/1393 1392/1392/1392 
f 1393/1393/1393 1394/1394/1394 1395/1395/1395 
f 1394/1394/1394 1396/1396/1396 1395/1395/1395 
f 1396/1396/1396 1394/1394/1394 1397/1397/1397 
f 1398/1398/1398 1396/1396/1396 1397/1397/1397 
f 1398/1398/1398 1397/1397/1397 1399/1399/1399 
f 1400/1400/1400 1398/1398/1398 1399/1399/1399 
f 1398/1398/1398 1400/1400/1400 1401/1401/1401 
f 1402/1402/1402 1401/1401/1401 1400/1400/1400 
f 1401/1401/1401 1402/1402/1402 1403/1403/1403 
f 1403/1403/1403 1404/1404/1404 1405/1405/1405 
f 1404/1404/1404 1403/1403/1403 1388/1388/1388 
f 1406/1406/1406 1407/1407/1407 1408/1408/1408 
f 1407/1407/1407 1406/1406/1406 1409/1409/1409 
f 1408/1408/1408 1407/1407/1407 1410/1410/1410 
f 1408/1408/1408 1411/1411/1411 1406/1406/1406 
f 1412/1412/1412 1411/1411/1411 1408/1408/1408 
f 1413/1413/1413 1414/1414/1414 1415/1415/1415 
f 1414/1414/1414 1413/1413/1413 1416/1416/1416 
f 1414/1414/1414 1416/1416/1416 1417/1417/1417 
f 1416/1416/1416 1413/1413/1413 1418/1418/1418 
f 1418/1418/1418 1419/1419/1419 1416/1416/1416 
f 1420/1420/1420 1421/1421/1421 1422/1422/1422 
f 1421/1421/1421 1423/1423/1423 1422/1422/1422 
f 1423/1423/1423 1421/1421/1421 1424/1424/1424 
f 1421/1421/1421 1420/1420/1420 1425/1425/1425 
f 1420/1420/1420 1426/1426/1426 1425/1425/1425 
f 1427/1427/1427 1425/1425/1425 1426/1426/1426 
f 1426/1426/1426 1428/1428/1428 1427/1427/1427 
f 1428/1428/1428 1426/1426/1426 1429/1429/1429 
f 1429/1429/1429 1430/1430/1430 1428/1428/1428 
f 1430/1430/1430 1429/1429/1429 1431/1431/1431 
f 1432/1432/1432 1430/1430/1430 1431/1431/1431 
f 1432/1432/1432 1431/1431/1431 1433/1433/1433 
f 1434/1434/1434 1432/1432/1432 1433/1433/1433 
f 1434/1434/1434 1433/1433/1433 1435/1435/1435 
f 1436/1436/1436 1434/1434/1434 1435/1435/1435 
f 1434/1434/1434 1436/1436/1436 1437/1437/1437 
f 1438/1438/1438 1437/1437/1437 1436/1436/1436 
f 1437/1437/1437 1438/1438/1438 1439/1439/1439 
f 1440/1440/1440 1439/1439/1439 1438/1438/1438 
f 1441/1441/1441 1439/1439/1439 1440/1440/1440 
f 1442/1442/1442 1441/1441/1441 1440/1440/1440 
f 1441/1441/1441 1442/1442/1442 1443/1443/1443 
f 1442/1442/1442 1444/1444/1444 1443/1443/1443 
f 1444/1444/1444 1442/1442/1442 1445/1445/1445 
f 1445/1445/1445 1446/1446/1446 1444/1444/1444 
f 1446/1446/1446 1445/1445/1445 1447/1447/1447 
f 1448/1448/1448 1446/1446/1446 1447/1447/1447 
f 1446/1446/1446 1448/1448/1448 1449/1449/1449 
f 1450/1450/1450 1451/1451/1451 1452/1452/1452 
f 1451/1451/1451 1450/1450/1450 1453/1453/1453 
f 1454/1454/1454 1455/1455/1455 1456/1456/1456 
f 1455/1455/1455 1454/1454/1454 1457/1457/1457 
f 1458/1458/1458 1459/1459/1459 1460/1460/1460 
f 1461/1461/1461 1459/1459/1459 1458/1458/1458 
f 1462/1462/1462 1459/1459/1459 1461/1461/1461 
f 1463/1463/1463 1459/1459/1459 1462/1462/1462 
f 1464/1464/1464 1465/1465/1465 1466/1466/1466 
f 1467/1467/1467 1464/1464/1464 1466/1466/1466 
f 1468/1468/1468 1467/1467/1467 1466/1466/1466 
f 1469/1469/1469 1468/1468/1468 1466/1466/1466 
f 1470/1470/1470 1471/1471/1471 1472/1472/1472 
f 1471/1471/1471 1473/1473/1473 1472/1472/1472 
f 1474/1474/1474 1475/1475/1475 1476/1476/1476 
f 1477/1477/1477 1475/1475/1475 1474/1474/1474 
f 1476/1476/1476 1475/1475/1475 1478/1478/1478 
f 1478/1478/1478 1475/1475/1475 1479/1479/1479 
f 1479/1479/1479 1475/1475/1475 1480/1480/1480 
f 1480/1480/1480 1475/1475/1475 1481/1481/1481 
f 1481/1481/1481 1475/1475/1475 1482/1482/1482 
f 1482/1482/1482 1475/1475/1475 1483/1483/1483 
f 1483/1483/1483 1475/1475/1475 1484/1484/1484 
f 1484/1484/1484 1475/1475/1475 1485/1485/1485 
f 1485/1485/1485 1475/1475/1475 1486/1486/1486 
f 1486/1486/1486 1475/1475/1475 1487/1487/1487 
f 1487/1487/1487 1475/1475/1475 1488/1488/1488 
f 1488/1488/1488 1475/1475/1475 1489/1489/1489 
f 1490/1490/1490 1491/1491/1491 1492/1492/1492 
f 1492/1492/1492 1491/1491/1491 1493/1493/1493 
f 1494/1494/1494 1495/1495/1495 1496/1496/1496 
f 1495/1495/1495 1494/1494/1494 1497/1497/1497 
f 1378/1378/1378 1498/1498/1498 1377/1377/1377 
f 1498/1498/1498 1378/1378/1378 1499/1499/1499 
f 1499/1499/1499 1402/1402/1402 1498/1498/1498 
f 1402/1402/1402 1499/1499/1499 1500/1500/1500 
f 1500/1500/1500 1501/1501/1501 1502/1502/1502 
f 1501/1501/1501 1500/1500/1500 1503/1503/1503 
f 1504/1504/1504 1501/1501/1501 1503/1503/1503 
f 1504/1504/1504 1503/1503/1503 1505/1505/1505 
f 1505/1505/1505 1506/1506/1506 1504/1504/1504 
f 1504/1504/1504 1506/1506/1506 1507/1507/1507 
f 1508/1508/1508 1507/1507/1507 1506/1506/1506 
f 1507/1507/1507 1508/1508/1508 1509/1509/1509 
f 1508/1508/1508 1510/1510/1510 1509/1509/1509 
f 1510/1510/1510 1508/1508/1508 1511/1511/1511 
f 1511/1511/1511 1512/1512/1512 1510/1510/1510 
f 1511/1511/1511 1513/1513/1513 1512/1512/1512 
f 1513/1513/1513 1514/1514/1514 1512/1512/1512 
f 1514/1514/1514 1513/1513/1513 1515/1515/1515 
f 1367/1367/1367 1514/1514/1514 1515/1515/1515 
f 1514/1514/1514 1367/1367/1367 1516/1516/1516 
f 1516/1516/1516 1502/1502/1502 1517/1517/1517 
f 1517/1517/1517 1502/1502/1502 1518/1518/1518 
f 1519/1519/1519 1520/1520/1520 1521/1521/1521 
f 1520/1520/1520 1519/1519/1519 1522/1522/1522 
f 1523/1523/1523 1519/1519/1519 1521/1521/1521 
f 1519/1519/1519 1524/1524/1524 1522/1522/1522 
f 1519/1519/1519 1523/1523/1523 1525/1525/1525 
f 1526/1526/1526 1525/1525/1525 1523/1523/1523 
f 1524/1524/1524 1519/1519/1519 1527/1527/1527 
f 1527/1527/1527 1528/1528/1528 1524/1524/1524 
f 1529/1529/1529 1519/1519/1519 1525/1525/1525 
f 1519/1519/1519 1529/1529/1529 1527/1527/1527 
f 1525/1525/1525 1526/1526/1526 1530/1530/1530 
f 1530/1530/1530 1526/1526/1526 1531/1531/1531 
f 1525/1525/1525 1530/1530/1530 1532/1532/1532 
f 1529/1529/1529 1525/1525/1525 1532/1532/1532 
f 1531/1531/1531 1533/1533/1533 1530/1530/1530 
f 1533/1533/1533 1532/1532/1532 1530/1530/1530 
f 1534/1534/1534 1533/1533/1533 1531/1531/1531 
f 1528/1528/1528 1527/1527/1527 1535/1535/1535 
f 1529/1529/1529 1535/1535/1535 1527/1527/1527 
f 1528/1528/1528 1535/1535/1535 1536/1536/1536 
f 1528/1528/1528 1536/1536/1536 1537/1537/1537 
f 1535/1535/1535 1538/1538/1538 1536/1536/1536 
f 1538/1538/1538 1535/1535/1535 1539/1539/1539 
f 1535/1535/1535 1529/1529/1529 1539/1539/1539 
f 1539/1539/1539 1540/1540/1540 1538/1538/1538 
f 1539/1539/1539 1529/1529/1529 1541/1541/1541 
f 1540/1540/1540 1539/1539/1539 1541/1541/1541 
f 1532/1532/1532 1541/1541/1541 1529/1529/1529 
f 1541/1541/1541 1542/1542/1542 1540/1540/1540 
f 1543/1543/1543 1542/1542/1542 1541/1541/1541 
f 1532/1532/1532 1543/1543/1543 1541/1541/1541 
f 1543/1543/1543 1544/1544/1544 1542/1542/1542 
f 1545/1545/1545 1543/1543/1543 1532/1532/1532 
f 1532/1532/1532 1533/1533/1533 1545/1545/1545 
f 1546/1546/1546 1544/1544/1544 1543/1543/1543 
f 1545/1545/1545 1546/1546/1546 1543/1543/1543 
f 1546/1546/1546 1547/1547/1547 1544/1544/1544 
f 1548/1548/1548 1545/1545/1545 1533/1533/1533 
f 1533/1533/1533 1534/1534/1534 1548/1548/1548 
f 1549/1549/1549 1548/1548/1548 1534/1534/1534 
f 1545/1545/1545 1548/1548/1548 1550/1550/1550 
f 1550/1550/1550 1546/1546/1546 1545/1545/1545 
f 1548/1548/1548 1549/1549/1549 1551/1551/1551 
f 1551/1551/1551 1550/1550/1550 1548/1548/1548 
f 1550/1550/1550 1551/1551/1551 1552/1552/1552 
f 1550/1550/1550 1553/1553/1553 1546/1546/1546 
f 1552/1552/1552 1553/1553/1553 1550/1550/1550 
f 1553/1553/1553 1547/1547/1547 1546/1546/1546 
f 1551/1551/1551 1554/1554/1554 1552/1552/1552 
f 1554/1554/1554 1553/1553/1553 1552/1552/1552 
f 1549/1549/1549 1555/1555/1555 1551/1551/1551 
f 1554/1554/1554 1551/1551/1551 1555/1555/1555 
f 1555/1555/1555 1549/1549/1549 1556/1556/1556 
f 1557/1557/1557 1547/1547/1547 1553/1553/1553 
f 1553/1553/1553 1554/1554/1554 1557/1557/1557 
f 1547/1547/1547 1557/1557/1557 1558/1558/1558 
f 1554/1554/1554 1555/1555/1555 1559/1559/1559 
f 1559/1559/1559 1557/1557/1557 1554/1554/1554 
f 1555/1555/1555 1556/1556/1556 1560/1560/1560 
f 1559/1559/1559 1555/1555/1555 1560/1560/1560 
f 1560/1560/1560 1556/1556/1556 1561/1561/1561 
f 1562/1562/1562 1558/1558/1558 1557/1557/1557 
f 1557/1557/1557 1559/1559/1559 1562/1562/1562 
f 1558/1558/1558 1562/1562/1562 1563/1563/1563 
f 1564/1564/1564 1559/1559/1559 1560/1560/1560 
f 1564/1564/1564 1562/1562/1562 1559/1559/1559 
f 1560/1560/1560 1561/1561/1561 1565/1565/1565 
f 1564/1564/1564 1560/1560/1560 1565/1565/1565 
f 1565/1565/1565 1561/1561/1561 1566/1566/1566 
f 1563/1563/1563 1562/1562/1562 1567/1567/1567 
f 1562/1562/1562 1564/1564/1564 1567/1567/1567 
f 1567/1567/1567 1568/1568/1568 1563/1563/1563 
f 1565/1565/1565 1566/1566/1566 1569/1569/1569 
f 1569/1569/1569 1564/1564/1564 1565/1565/1565 
f 1569/1569/1569 1566/1566/1566 1570/1570/1570 
f 1571/1571/1571 1567/1567/1567 1564/1564/1564 
f 1564/1564/1564 1569/1569/1569 1571/1571/1571 
f 1572/1572/1572 1568/1568/1568 1567/1567/1567 
f 1567/1567/1567 1571/1571/1571 1572/1572/1572 
f 1568/1568/1568 1572/1572/1572 1573/1573/1573 
f 1570/1570/1570 1574/1574/1574 1569/1569/1569 
f 1571/1571/1571 1569/1569/1569 1574/1574/1574 
f 1574/1574/1574 1570/1570/1570 1575/1575/1575 
f 1576/1576/1576 1574/1574/1574 1575/1575/1575 
f 1574/1574/1574 1576/1576/1576 1577/1577/1577 
f 1578/1578/1578 1574/1574/1574 1577/1577/1577 
f 1579/1579/1579 1574/1574/1574 1578/1578/1578 
f 1579/1579/1579 1571/1571/1571 1574/1574/1574 
f 1580/1580/1580 1579/1579/1579 1578/1578/1578 
f 1581/1581/1581 1571/1571/1571 1579/1579/1579 
f 1579/1579/1579 1580/1580/1580 1581/1581/1581 
f 1581/1581/1581 1572/1572/1572 1571/1571/1571 
f 1581/1581/1581 1573/1573/1573 1572/1572/1572 
f 1581/1581/1581 1582/1582/1582 1573/1573/1573 
f 1580/1580/1580 1582/1582/1582 1581/1581/1581 
f 1582/1582/1582 1580/1580/1580 1583/1583/1583 
f 1584/1584/1584 1585/1585/1585 1586/1586/1586 
f 1584/1584/1584 1586/1586/1586 1587/1587/1587 

g R15Bacon2

v -5.17195 0.473792 16.4929 
v -5.13877 1.04163 16.4658 
v -5.17195 1.04163 16.4929 
v -5.13877 0.473794 16.4657 
v -5.86016 0.473794 16.4658 
v -5.82654 1.04163 16.4929 
v -5.86016 1.04163 16.4658 
v -5.82654 0.473792 16.4929 
v -5.86016 0.473837 15.6673 
v -5.86016 1.04156 15.6673 
v -5.82654 1.04081 15.6393 
v -5.82654 0.473238 15.6393 
v -5.17195 1.04081 15.6393 
v -5.13877 0.473839 15.6673 
v -5.17196 0.473238 15.6393 
v -5.13877 1.04156 15.6674 
v -5.79572 0.22913 15.7942 
v -5.21841 0.150116 15.9175 
v -5.78012 0.150116 15.9175 
v -5.22149 0.126446 16.055 
v -5.2028 0.22913 15.7942 
v -5.18993 0.170005 16.2019 
v -5.2184 0.148868 16.21 
v -5.17274 0.245445 16.3213 
v -5.18993 0.171195 15.9271 
v -5.19333 0.151014 16.0554 
v -5.17274 0.246693 15.8132 
v -5.15844 0.343687 15.7414 
v -5.15844 0.343047 16.3938 
v -5.1898 0.334211 16.4145 
v -5.18055 0.442231 16.4745 
v -5.14827 0.442232 16.4484 
v -5.17195 0.473792 16.4929 
v -5.13877 0.473794 16.4657 
v -5.14827 0.442276 15.6834 
v -5.18059 0.441432 15.6566 
v -5.17196 0.473238 15.6393 
v -5.13877 0.473839 15.6673 
v -5.13877 0.473839 15.6673 
v -5.13877 0.473794 16.4657 
v -5.82654 1.04163 16.4929 
v -5.17195 1.04163 16.4929 
v -5.19461 1.07488 16.4766 
v -5.16371 1.07402 16.4495 
v -5.13877 1.04163 16.4658 
v -5.13877 1.04156 15.6674 
v -5.17946 1.17261 16.3882 
v -5.16371 1.07406 15.6779 
v -5.17195 1.04081 15.6393 
v -5.19457 1.07406 15.6516 
v -5.8039 1.07406 15.6516 
v -5.17946 1.17325 15.7359 
v -5.82654 1.04081 15.6393 
v -5.20888 1.18209 15.7151 
v -5.19333 1.26961 16.3164 
v -5.8352 1.07406 15.6778 
v -5.86016 1.04156 15.6673 
v -5.78962 1.18209 15.7151 
v -5.81945 1.17325 15.7358 
v -5.8352 1.07402 16.4495 
v -5.86016 1.04163 16.4658 
v -5.81945 1.17261 16.3882 
v -5.8039 1.07488 16.4766 
v -5.2089 1.18168 16.41 
v -5.78962 1.18168 16.41 
v -5.2215 1.28717 16.3354 
v -5.77704 1.28717 16.3354 
v -5.80557 1.26961 16.3164 
v -5.77704 1.36618 16.2121 
v -5.22149 1.36618 16.2121 
v -5.80557 1.34511 16.2025 
v -5.77704 1.38985 16.0746 
v -5.19333 1.34511 16.2025 
v -5.80557 1.36529 16.0742 
v -5.22149 1.38985 16.0746 
v -5.80557 1.3463 15.9277 
v -5.80557 1.27086 15.8083 
v -5.77704 1.36743 15.9196 
v -5.77704 1.28804 15.7908 
v -5.22149 1.36743 15.9196 
v -5.19333 1.3463 15.9277 
v -5.22148 1.28804 15.7908 
v -5.19333 1.27086 15.8084 
v -5.19333 1.36529 16.0742 
v -5.17196 0.473238 15.6393 
v -5.8179 0.441432 15.6566 
v -5.82654 0.473238 15.6393 
v -5.18982 0.334619 15.7196 
v -5.80868 0.334619 15.7196 
v -5.84046 0.343687 15.7414 
v -5.85064 0.442274 15.6834 
v -5.82654 0.473238 15.6393 
v -5.86016 0.473837 15.6673 
v -5.85064 0.442232 16.4485 
v -5.86016 0.473837 15.6673 
v -5.86016 0.473794 16.4658 
v -5.82617 0.246693 15.8132 
v -5.82654 0.473792 16.4929 
v -5.86016 0.473794 16.4658 
v -5.8179 0.442231 16.4745 
v -5.84046 0.343047 16.3938 
v -5.17195 0.473792 16.4929 
v -5.82654 0.473792 16.4929 
v -5.80868 0.334211 16.4145 
v -5.82617 0.245445 16.3213 
v -5.20278 0.228256 16.3388 
v -5.79572 0.228256 16.3388 
v -5.78012 0.148868 16.21 
v -5.80897 0.170005 16.202 
v -5.80557 0.151012 16.0554 
v -5.77704 0.126446 16.055 
v -5.80897 0.171195 15.9271 
v -5.82654 0.473792 16.4929 
v -5.17195 1.04163 16.4929 
v -5.82654 1.04163 16.4929 
v -5.17195 0.473792 16.4929 
v -5.82654 1.04081 15.6393 
v -5.17196 0.473238 15.6393 
v -5.82654 0.473238 15.6393 
v -5.17195 1.04081 15.6393 
v -5.85064 0.442232 16.4485 
v -5.84046 0.343687 15.7414 
v -5.84046 0.343047 16.3938 
v -5.86016 1.04156 15.6673 
v -5.86016 0.473837 15.6673 
v -5.86016 0.473794 16.4658 
v -5.86016 1.04163 16.4658 
v -5.13877 1.04156 15.6674 
v -5.13877 0.473794 16.4657 
v -5.13877 0.473839 15.6673 
v -5.13877 1.04163 16.4658 

vn 0.629921 0 0.771654 
vn 0.629921 0 0.771654 
vn 0.629921 0 0.771654 
vn 0.629921 0 0.771654 
vn -0.629921 0 0.779528 
vn -0.629921 0 0.779528 
vn -0.629921 0 0.779528 
vn -0.629921 0 0.779528 
vn -0.637795 0 -0.771654 
vn -0.637795 0 -0.771654 
vn -0.637795 0 -0.771654 
vn -0.637795 0 -0.771654 
vn 0.645669 0 -0.76378 
vn 0.645669 0 -0.76378 
vn 0.645669 0 -0.76378 
vn 0.645669 0 -0.76378 
vn -0.0393701 -0.724409 -0.692913 
vn 0.0314961 -0.929134 -0.370079 
vn -0.0314961 -0.929134 -0.370079 
vn 0.0393701 -1 -0.00787402 
vn 0.0393701 -0.724409 -0.692913 
vn 0.944882 -0.322835 0.0393701 
vn 0.0314961 -0.937008 0.346457 
vn 0.976378 -0.212598 0.0551181 
vn 0.952756 -0.314961 -0.0393701 
vn 0.952756 -0.314961 0 
vn 0.976378 -0.212598 -0.0551181 
vn 0.992126 -0.141732 -0.0472441 
vn 0.992126 -0.141732 0.0472441 
vn 0.0314961 -0.535433 0.84252 
vn 0.0314961 -0.496063 0.866142 
vn 0.976378 -0.204724 0.0551181 
vn 0.535433 -0.527559 0.661417 
vn 0.535433 -0.527559 0.661417 
vn 0.976378 -0.212598 -0.0551181 
vn 0.0314961 -0.503937 -0.866142 
vn 0.559055 -0.503937 -0.653543 
vn 0.559055 -0.503937 -0.653543 
vn 0.96063 -0.291339 0 
vn 0.96063 -0.291339 0 
vn -0.0629921 0.472441 0.88189 
vn 0.0629921 0.472441 0.88189 
vn 0.0314961 0.511811 0.858268 
vn 0.913386 0.401575 0.0551181 
vn 0.787402 0.622047 0.0393701 
vn 0.787402 0.614173 -0.0314961 
vn 0.984252 0.181102 0.0393701 
vn 0.92126 0.385827 -0.0551181 
vn 0.0629921 0.385827 -0.92126 
vn 0.0314961 0.464567 -0.88189 
vn -0.0314961 0.464567 -0.88189 
vn 0.984252 0.181102 -0.0472441 
vn -0.0629921 0.385827 -0.92126 
vn 0.0314961 0.543307 -0.834646 
vn 0.984252 0.173228 0.0551181 
vn -0.92126 0.385827 -0.0551181 
vn -0.787402 0.614173 -0.0314961 
vn -0.0314961 0.543307 -0.834646 
vn -0.984252 0.181102 -0.0472441 
vn -0.913386 0.401575 0.0551181 
vn -0.787402 0.622047 0.0393701 
vn -0.984252 0.181102 0.0472441 
vn -0.0314961 0.511811 0.858268 
vn 0.0393701 0.551181 0.834646 
vn -0.0393701 0.551181 0.834646 
vn 0.0393701 0.724409 0.685039 
vn -0.0393701 0.724409 0.685039 
vn -0.984252 0.173228 0.0551181 
vn -0.0393701 0.929134 0.362205 
vn 0.0393701 0.929134 0.362205 
vn -0.992126 0.125984 0.0472441 
vn -0.0393701 1 0.00787402 
vn 0.992126 0.11811 0.0472441 
vn -0.992126 0.125984 0 
vn 0.0393701 1 0.00787402 
vn -0.992126 0.133858 -0.0472441 
vn -0.984252 0.181102 -0.0551181 
vn -0.0393701 0.937008 -0.338583 
vn -0.0314961 0.732283 -0.677165 
vn 0.0393701 0.937008 -0.338583 
vn 0.992126 0.133858 -0.0472441 
vn 0.0314961 0.732283 -0.677165 
vn 0.984252 0.181102 -0.0551181 
vn 0.992126 0.125984 0 
vn 0 -0.480315 -0.88189 
vn -0.0314961 -0.503937 -0.866142 
vn 0 -0.480315 -0.88189 
vn 0.0393701 -0.543307 -0.834646 
vn -0.0393701 -0.543307 -0.834646 
vn -0.992126 -0.141732 -0.0472441 
vn -0.976378 -0.212598 -0.0551181 
vn -0.559055 -0.503937 -0.661417 
vn -0.559055 -0.503937 -0.661417 
vn -0.976378 -0.204724 0.0551181 
vn -0.96063 -0.291339 0 
vn -0.96063 -0.291339 0 
vn -0.976378 -0.212598 -0.0551181 
vn -0.527559 -0.527559 0.661417 
vn -0.527559 -0.527559 0.661417 
vn -0.0314961 -0.496063 0.866142 
vn -0.992126 -0.141732 0.0472441 
vn 0 -0.503937 0.866142 
vn 0 -0.503937 0.866142 
vn -0.0314961 -0.535433 0.84252 
vn -0.976378 -0.212598 0.0551181 
vn 0.0314961 -0.732283 0.677165 
vn -0.0314961 -0.732283 0.677165 
vn -0.0314961 -0.937008 0.346457 
vn -0.944882 -0.322835 0.0393701 
vn -0.952756 -0.314961 0 
vn -0.0393701 -1 -0.00787402 
vn -0.944882 -0.314961 -0.0472441 
vn 0 0 1 
vn 0 0 1 
vn 0 0 1 
vn 0 0 1 
vn 0 0 -1 
vn 0 0 -1 
vn 0 0 -1 
vn 0 0 -1 
vn -0.976378 -0.204724 0.0551181 
vn -0.992126 -0.141732 -0.0472441 
vn -0.992126 -0.141732 0.0472441 
vn -1 0 0 
vn -1 0 0 
vn -1 0 0 
vn -1 0 0 
vn 1 0 0 
vn 1 0 0 
vn 1 0 0 
vn 1 0 0 

vt 0.989236 0.187905 
vt 0.99257 0.270524 
vt 0.989236 0.270524 
vt 0.99257 0.187905 
vt 0.923497 0.187905 
vt 0.927103 0.270524 
vt 0.923497 0.270524 
vt 0.927103 0.187905 
vt 0.854375 0.187905 
vt 0.854375 0.270586 
vt 0.850706 0.270669 
vt 0.850706 0.187905 
vt 0.788697 0.270524 
vt 0.784452 0.187905 
vt 0.788697 0.187905 
vt 0.784452 0.270524 
vt 0.784073 0.168966 
vt 0.757799 0.160965 
vt 0.784073 0.160965 
vt 0.757799 0.152036 
vt 0.757799 0.168966 
vt 0.756467 0.142499 
vt 0.757799 0.141975 
vt 0.756467 0.134753 
vt 0.756467 0.160341 
vt 0.756467 0.152012 
vt 0.756467 0.167732 
vt 0.756467 0.172396 
vt 0.756467 0.130048 
vt 0.757799 0.128701 
vt 0.757798 0.126942 
vt 0.756467 0.128498 
vt 0.755456 0.123613 
vt 0.753887 0.125376 
vt 0.756467 0.174165 
vt 0.7578 0.175768 
vt 0.755457 0.179024 
vt 0.753887 0.177205 
vt 0.753887 0.177205 
vt 0.753887 0.125376 
vt 0.747026 0.179145 
vt 0.716006 0.179145 
vt 0.718354 0.175702 
vt 0.717019 0.174092 
vt 0.714433 0.177372 
vt 0.714433 0.125285 
vt 0.717019 0.172313 
vt 0.717019 0.128196 
vt 0.716006 0.123457 
vt 0.718352 0.126632 
vt 0.74468 0.126632 
vt 0.717019 0.129754 
vt 0.747026 0.123457 
vt 0.718352 0.128401 
vt 0.717019 0.167626 
vt 0.746032 0.128192 
vt 0.748619 0.125283 
vt 0.74468 0.128401 
vt 0.746032 0.129751 
vt 0.746032 0.174092 
vt 0.748619 0.177374 
vt 0.746032 0.172313 
vt 0.74468 0.175702 
vt 0.718354 0.173737 
vt 0.74468 0.173737 
vt 0.718353 0.168867 
vt 0.74468 0.168867 
vt 0.746032 0.167627 
vt 0.74468 0.160825 
vt 0.718353 0.160825 
vt 0.746032 0.160198 
vt 0.74468 0.151851 
vt 0.717019 0.160198 
vt 0.746032 0.151827 
vt 0.718353 0.151851 
vt 0.746032 0.142267 
vt 0.746032 0.134481 
vt 0.74468 0.141741 
vt 0.74468 0.133337 
vt 0.718353 0.141741 
vt 0.717019 0.142268 
vt 0.718353 0.133337 
vt 0.717019 0.134483 
vt 0.717019 0.151827 
vt 0.755457 0.179024 
vt 0.784073 0.175768 
vt 0.786414 0.179024 
vt 0.7578 0.173812 
vt 0.784073 0.173812 
vt 0.785422 0.172396 
vt 0.785422 0.174165 
vt 0.786414 0.179024 
vt 0.788004 0.177206 
vt 0.785422 0.128494 
vt 0.788004 0.177206 
vt 0.788004 0.125373 
vt 0.785422 0.167732 
vt 0.786414 0.123613 
vt 0.788004 0.125373 
vt 0.784073 0.126942 
vt 0.785422 0.130045 
vt 0.755456 0.123613 
vt 0.786414 0.123613 
vt 0.784073 0.128701 
vt 0.785422 0.134751 
vt 0.757799 0.133613 
vt 0.784073 0.133613 
vt 0.784073 0.141975 
vt 0.785422 0.142498 
vt 0.785422 0.152012 
vt 0.784073 0.152036 
vt 0.785422 0.160341 
vt 0.927103 0.187905 
vt 0.989236 0.270524 
vt 0.927103 0.270524 
vt 0.989236 0.187905 
vt 0.850706 0.270669 
vt 0.788697 0.187905 
vt 0.850706 0.187905 
vt 0.788697 0.270524 
vt 0.785422 0.128494 
vt 0.785422 0.172396 
vt 0.785422 0.130045 
vt 0.854375 0.270524 
vt 0.854375 0.187905 
vt 0.92348 0.187905 
vt 0.92348 0.270524 
vt 0.784452 0.270524 
vt 0.714573 0.187905 
vt 0.784452 0.187905 
vt 0.714573 0.270524 

usemtl R15Bacon1Mtl

f 1588/1588/1588 1589/1589/1589 1590/1590/1590 
f 1589/1589/1589 1588/1588/1588 1591/1591/1591 
f 1592/1592/1592 1593/1593/1593 1594/1594/1594 
f 1593/1593/1593 1592/1592/1592 1595/1595/1595 
f 1596/1596/1596 1597/1597/1597 1598/1598/1598 
f 1598/1598/1598 1599/1599/1599 1596/1596/1596 
f 1600/1600/1600 1601/1601/1601 1602/1602/1602 
f 1601/1601/1601 1600/1600/1600 1603/1603/1603 
f 1604/1604/1604 1605/1605/1605 1606/1606/1606 
f 1606/1606/1606 1605/1605/1605 1607/1607/1607 
f 1604/1604/1604 1608/1608/1608 1605/1605/1605 
f 1607/1607/1607 1609/1609/1609 1610/1610/1610 
f 1609/1609/1609 1611/1611/1611 1610/1610/1610 
f 1612/1612/1612 1607/1607/1607 1605/1605/1605 
f 1609/1609/1609 1607/1607/1607 1613/1613/1613 
f 1607/1607/1607 1612/1612/1612 1613/1613/1613 
f 1613/1613/1613 1611/1611/1611 1609/1609/1609 
f 1614/1614/1614 1612/1612/1612 1605/1605/1605 
f 1614/1614/1614 1613/1613/1613 1612/1612/1612 
f 1605/1605/1605 1608/1608/1608 1614/1614/1614 
f 1611/1611/1611 1613/1613/1613 1614/1614/1614 
f 1608/1608/1608 1615/1615/1615 1614/1614/1614 
f 1614/1614/1614 1616/1616/1616 1611/1611/1611 
f 1615/1615/1615 1616/1616/1616 1614/1614/1614 
f 1617/1617/1617 1611/1611/1611 1616/1616/1616 
f 1616/1616/1616 1618/1618/1618 1617/1617/1617 
f 1618/1618/1618 1616/1616/1616 1619/1619/1619 
f 1615/1615/1615 1619/1619/1619 1616/1616/1616 
f 1619/1619/1619 1620/1620/1620 1618/1618/1618 
f 1620/1620/1620 1619/1619/1619 1621/1621/1621 
f 1622/1622/1622 1619/1619/1619 1615/1615/1615 
f 1615/1615/1615 1623/1623/1623 1622/1622/1622 
f 1624/1624/1624 1622/1622/1622 1623/1623/1623 
f 1625/1625/1625 1622/1622/1622 1624/1624/1624 
f 1619/1619/1619 1622/1622/1622 1626/1626/1626 
f 1626/1626/1626 1627/1627/1627 1619/1619/1619 
f 1628/1628/1628 1629/1629/1629 1630/1630/1630 
f 1629/1629/1629 1631/1631/1631 1630/1630/1630 
f 1629/1629/1629 1632/1632/1632 1631/1631/1631 
f 1633/1633/1633 1631/1631/1631 1632/1632/1632 
f 1634/1634/1634 1630/1630/1630 1631/1631/1631 
f 1631/1631/1631 1633/1633/1633 1635/1635/1635 
f 1635/1635/1635 1634/1634/1634 1631/1631/1631 
f 1636/1636/1636 1635/1635/1635 1633/1633/1633 
f 1635/1635/1635 1636/1636/1636 1637/1637/1637 
f 1636/1636/1636 1638/1638/1638 1637/1637/1637 
f 1637/1637/1637 1639/1639/1639 1635/1635/1635 
f 1639/1639/1639 1634/1634/1634 1635/1635/1635 
f 1636/1636/1636 1640/1640/1640 1638/1638/1638 
f 1639/1639/1639 1637/1637/1637 1641/1641/1641 
f 1637/1637/1637 1638/1638/1638 1641/1641/1641 
f 1634/1634/1634 1639/1639/1639 1642/1642/1642 
f 1638/1638/1638 1640/1640/1640 1643/1643/1643 
f 1640/1640/1640 1644/1644/1644 1643/1643/1643 
f 1645/1645/1645 1641/1641/1641 1638/1638/1638 
f 1646/1646/1646 1638/1638/1638 1643/1643/1643 
f 1638/1638/1638 1646/1646/1646 1645/1645/1645 
f 1647/1647/1647 1643/1643/1643 1644/1644/1644 
f 1644/1644/1644 1648/1648/1648 1647/1647/1647 
f 1628/1628/1628 1647/1647/1647 1648/1648/1648 
f 1649/1649/1649 1643/1643/1643 1647/1647/1647 
f 1643/1643/1643 1649/1649/1649 1646/1646/1646 
f 1647/1647/1647 1628/1628/1628 1650/1650/1650 
f 1650/1650/1650 1649/1649/1649 1647/1647/1647 
f 1628/1628/1628 1630/1630/1630 1650/1650/1650 
f 1651/1651/1651 1650/1650/1650 1630/1630/1630 
f 1630/1630/1630 1634/1634/1634 1651/1651/1651 
f 1649/1649/1649 1650/1650/1650 1652/1652/1652 
f 1650/1650/1650 1651/1651/1651 1652/1652/1652 
f 1634/1634/1634 1653/1653/1653 1651/1651/1651 
f 1652/1652/1652 1651/1651/1651 1653/1653/1653 
f 1653/1653/1653 1634/1634/1634 1642/1642/1642 
f 1654/1654/1654 1649/1649/1649 1652/1652/1652 
f 1652/1652/1652 1653/1653/1653 1654/1654/1654 
f 1649/1649/1649 1654/1654/1654 1655/1655/1655 
f 1646/1646/1646 1649/1649/1649 1655/1655/1655 
f 1653/1653/1653 1656/1656/1656 1654/1654/1654 
f 1656/1656/1656 1655/1655/1655 1654/1654/1654 
f 1656/1656/1656 1653/1653/1653 1657/1657/1657 
f 1657/1657/1657 1653/1653/1653 1642/1642/1642 
f 1655/1655/1655 1656/1656/1656 1658/1658/1658 
f 1657/1657/1657 1659/1659/1659 1656/1656/1656 
f 1659/1659/1659 1658/1658/1658 1656/1656/1656 
f 1657/1657/1657 1642/1642/1642 1660/1660/1660 
f 1661/1661/1661 1655/1655/1655 1658/1658/1658 
f 1658/1658/1658 1659/1659/1659 1661/1661/1661 
f 1659/1659/1659 1657/1657/1657 1662/1662/1662 
f 1660/1660/1660 1662/1662/1662 1657/1657/1657 
f 1659/1659/1659 1663/1663/1663 1661/1661/1661 
f 1661/1661/1661 1664/1664/1664 1655/1655/1655 
f 1664/1664/1664 1661/1661/1661 1663/1663/1663 
f 1655/1655/1655 1664/1664/1664 1646/1646/1646 
f 1663/1663/1663 1659/1659/1659 1665/1665/1665 
f 1664/1664/1664 1663/1663/1663 1665/1665/1665 
f 1662/1662/1662 1665/1665/1665 1659/1659/1659 
f 1666/1666/1666 1646/1646/1646 1664/1664/1664 
f 1665/1665/1665 1666/1666/1666 1664/1664/1664 
f 1646/1646/1646 1666/1666/1666 1645/1645/1645 
f 1665/1665/1665 1662/1662/1662 1667/1667/1667 
f 1667/1667/1667 1666/1666/1666 1665/1665/1665 
f 1662/1662/1662 1668/1668/1668 1667/1667/1667 
f 1669/1669/1669 1645/1645/1645 1666/1666/1666 
f 1666/1666/1666 1667/1667/1667 1669/1669/1669 
f 1645/1645/1645 1669/1669/1669 1641/1641/1641 
f 1669/1669/1669 1639/1639/1639 1641/1641/1641 
f 1669/1669/1669 1667/1667/1667 1670/1670/1670 
f 1639/1639/1639 1669/1669/1669 1670/1670/1670 
f 1670/1670/1670 1667/1667/1667 1668/1668/1668 
f 1642/1642/1642 1639/1639/1639 1670/1670/1670 
f 1668/1668/1668 1662/1662/1662 1671/1671/1671 
f 1671/1671/1671 1670/1670/1670 1668/1668/1668 
f 1670/1670/1670 1671/1671/1671 1642/1642/1642 
f 1662/1662/1662 1660/1660/1660 1671/1671/1671 
f 1642/1642/1642 1671/1671/1671 1660/1660/1660 
f 1672/1672/1672 1673/1673/1673 1674/1674/1674 
f 1673/1673/1673 1672/1672/1672 1623/1623/1623 
f 1675/1675/1675 1673/1673/1673 1623/1623/1623 
f 1623/1623/1623 1615/1615/1615 1675/1675/1675 
f 1673/1673/1673 1675/1675/1675 1676/1676/1676 
f 1608/1608/1608 1676/1676/1676 1675/1675/1675 
f 1615/1615/1615 1608/1608/1608 1675/1675/1675 
f 1677/1677/1677 1673/1673/1673 1676/1676/1676 
f 1676/1676/1676 1608/1608/1608 1604/1604/1604 
f 1604/1604/1604 1677/1677/1677 1676/1676/1676 
f 1673/1673/1673 1677/1677/1677 1678/1678/1678 
f 1678/1678/1678 1679/1679/1679 1673/1673/1673 
f 1679/1679/1679 1678/1678/1678 1680/1680/1680 
f 1677/1677/1677 1681/1681/1681 1678/1678/1678 
f 1681/1681/1681 1682/1682/1682 1678/1678/1678 
f 1682/1682/1682 1681/1681/1681 1683/1683/1683 
f 1677/1677/1677 1604/1604/1604 1684/1684/1684 
f 1685/1685/1685 1686/1686/1686 1681/1681/1681 
f 1681/1681/1681 1687/1687/1687 1685/1685/1685 
f 1684/1684/1684 1688/1688/1688 1677/1677/1677 
f 1688/1688/1688 1687/1687/1687 1681/1681/1681 
f 1689/1689/1689 1690/1690/1690 1687/1687/1687 
f 1689/1689/1689 1687/1687/1687 1618/1618/1618 
f 1687/1687/1687 1688/1688/1688 1691/1691/1691 
f 1618/1618/1618 1687/1687/1687 1617/1617/1617 
f 1691/1691/1691 1617/1617/1617 1687/1687/1687 
f 1691/1691/1691 1688/1688/1688 1692/1692/1692 
f 1688/1688/1688 1684/1684/1684 1692/1692/1692 
f 1691/1691/1691 1693/1693/1693 1617/1617/1617 
f 1693/1693/1693 1691/1691/1691 1694/1694/1694 
f 1694/1694/1694 1691/1691/1691 1692/1692/1692 
f 1611/1611/1611 1617/1617/1617 1693/1693/1693 
f 1694/1694/1694 1610/1610/1610 1693/1693/1693 
f 1610/1610/1610 1611/1611/1611 1693/1693/1693 
f 1695/1695/1695 1694/1694/1694 1692/1692/1692 
f 1610/1610/1610 1694/1694/1694 1695/1695/1695 
f 1695/1695/1695 1692/1692/1692 1696/1696/1696 
f 1692/1692/1692 1697/1697/1697 1696/1696/1696 
f 1697/1697/1697 1692/1692/1692 1684/1684/1684 
f 1696/1696/1696 1698/1698/1698 1695/1695/1695 
f 1698/1698/1698 1696/1696/1696 1697/1697/1697 
f 1699/1699/1699 1698/1698/1698 1697/1697/1697 
f 1697/1697/1697 1684/1684/1684 1699/1699/1699 
f 1699/1699/1699 1684/1684/1684 1606/1606/1606 
f 1698/1698/1698 1699/1699/1699 1606/1606/1606 
f 1604/1604/1604 1606/1606/1606 1684/1684/1684 
f 1607/1607/1607 1695/1695/1695 1698/1698/1698 
f 1606/1606/1606 1607/1607/1607 1698/1698/1698 
f 1695/1695/1695 1607/1607/1607 1610/1610/1610 
f 1700/1700/1700 1701/1701/1701 1702/1702/1702 
f 1701/1701/1701 1700/1700/1700 1703/1703/1703 
f 1704/1704/1704 1705/1705/1705 1706/1706/1706 
f 1705/1705/1705 1704/1704/1704 1707/1707/1707 
f 1708/1708/1708 1709/1709/1709 1710/1710/1710 
f 1711/1711/1711 1712/1712/1712 1713/1713/1713 
f 1711/1711/1711 1713/1713/1713 1714/1714/1714 
f 1715/1715/1715 1716/1716/1716 1717/1717/1717 
f 1716/1716/1716 1715/1715/1715 1718/1718/1718 

g R15Bacon3

v -5.91954 2.38771 16.2084 
v -5.91954 2.3114 16.3336 
v -5.88473 2.40718 16.2169 
v -5.88473 2.32642 16.3499 
v -5.88473 2.43554 16.0647 
v -5.88473 2.20554 16.4361 
v -5.91954 2.4145 16.0647 
v -5.91954 2.19735 16.4148 
v -5.88469 2.06296 16.4669 
v -5.91954 2.06294 16.4414 
v -5.91954 2.38767 15.9213 
v -5.88473 2.40719 15.9126 
v -5.91954 2.31141 15.8033 
v -5.88473 2.32645 15.7876 
v -5.88473 2.20558 15.7014 
v -5.91954 2.1974 15.7221 
v -5.88469 2.06301 15.6662 
v -5.91954 2.06298 15.6918 
v -5.14571 1.00898 16.4577 
v -5.17194 1.04163 16.4929 
v -5.17824 1.00898 16.4817 
v -5.13877 1.04163 16.4657 
v -5.16272 0.909828 16.412 
v -5.19368 0.900992 16.4328 
v -5.2059 0.795038 16.3395 
v -5.17617 0.812227 16.3219 
v -5.21861 0.71565 16.2106 
v -5.19016 0.736787 16.2026 
v -5.22149 0.693228 16.0556 
v -5.19333 0.717795 16.056 
v -5.18672 0.737977 15.9277 
v -5.21549 0.716898 15.9181 
v -5.17617 0.813475 15.8138 
v -5.20592 0.795911 15.7948 
v -5.16272 0.910469 15.7248 
v -5.19371 0.901402 15.703 
v -5.17827 1.00824 15.6538 
v -5.14571 1.00903 15.6785 
v -5.17197 1.04081 15.6393 
v -5.13877 1.04167 15.6673 
v -5.19227 2.40718 16.2169 
v -5.16268 2.3114 16.3336 
v -5.16268 2.38771 16.2084 
v -5.19227 2.32642 16.3499 
v -5.19227 2.43554 16.0647 
v -5.19227 2.20554 16.4361 
v -5.16268 2.4145 16.0647 
v -5.16268 2.19735 16.4148 
v -5.19231 2.06296 16.4669 
v -5.16268 2.06294 16.4413 
v -5.16268 2.38767 15.9213 
v -5.19227 2.40719 15.9126 
v -5.16268 2.31141 15.8033 
v -5.19227 2.32645 15.7876 
v -5.19227 2.20558 15.7014 
v -5.16268 2.1974 15.7221 
v -5.19231 2.06301 15.6662 
v -5.16268 2.06298 15.6918 
v -5.19227 2.40718 16.2169 
v -5.88473 2.40718 16.2169 
v -5.88473 2.32642 16.3499 
v -5.88473 2.43554 16.0647 
v -5.19227 2.32642 16.3499 
v -5.19227 2.43554 16.0647 
v -5.19227 2.20554 16.4361 
v -5.88473 2.40719 15.9126 
v -5.88473 2.20554 16.4361 
v -5.88469 2.06296 16.4669 
v -5.19231 2.06296 16.4669 
v -5.19227 2.40719 15.9126 
v -5.88473 2.32645 15.7876 
v -5.19227 2.32645 15.7876 
v -5.19227 2.20558 15.7014 
v -5.88473 2.20558 15.7014 
v -5.88469 2.06301 15.6662 
v -5.19231 2.06301 15.6662 
v -5.17197 1.04081 15.6393 
v -5.82022 1.00824 15.6538 
v -5.82654 1.04081 15.6393 
v -5.17827 1.00824 15.6538 
v -5.19371 0.901402 15.703 
v -5.8048 0.901402 15.703 
v -5.20592 0.795911 15.7948 
v -5.7926 0.795912 15.7948 
v -5.21549 0.716898 15.9181 
v -5.78303 0.716898 15.9181 
v -5.22149 0.693228 16.0556 
v -5.77704 0.693228 16.0556 
v -5.77992 0.71565 16.2106 
v -5.21861 0.71565 16.2106 
v -5.7926 0.795038 16.3395 
v -5.2059 0.795038 16.3395 
v -5.8048 0.900992 16.4328 
v -5.19368 0.900992 16.4328 
v -5.82022 1.00898 16.4817 
v -5.17824 1.00898 16.4817 
v -5.17194 1.04163 16.4929 
v -5.82654 1.04163 16.4929 
v -5.88469 2.06301 15.6662 
v -5.88469 2.03059 15.6394 
v -5.91954 2.06298 15.6918 
v -5.91954 2.03058 15.6674 
v -5.88468 2.03053 16.493 
v -5.91954 2.06294 16.4414 
v -5.91954 2.03054 16.4659 
v -5.88469 2.06296 16.4669 
v -5.82654 1.04081 15.6393 
v -5.85319 1.00903 15.6785 
v -5.86016 1.04167 15.6673 
v -5.82022 1.00824 15.6538 
v -5.83618 0.910469 15.7248 
v -5.8048 0.901402 15.703 
v -5.7926 0.795912 15.7948 
v -5.82273 0.813474 15.8138 
v -5.78303 0.716898 15.9181 
v -5.81218 0.737977 15.9277 
v -5.77704 0.693228 16.0556 
v -5.80557 0.717794 16.056 
v -5.80875 0.736787 16.2026 
v -5.77992 0.71565 16.2106 
v -5.82273 0.812227 16.3219 
v -5.7926 0.795038 16.3395 
v -5.83618 0.909828 16.4121 
v -5.8048 0.900992 16.4328 
v -5.82022 1.00898 16.4817 
v -5.85319 1.00898 16.4578 
v -5.82654 1.04163 16.4929 
v -5.86016 1.04163 16.4658 
v -5.16268 2.06298 15.6918 
v -5.17194 2.03059 15.6394 
v -5.19231 2.06301 15.6662 
v -5.13877 2.03058 15.6674 
v -5.16268 2.06294 16.4413 
v -5.17192 2.03053 16.493 
v -5.13877 2.03054 16.4658 
v -5.19231 2.06296 16.4669 
v -5.17194 2.03059 15.6394 
v -5.88469 2.03059 15.6394 
v -5.19231 2.06301 15.6662 
v -5.88469 2.06301 15.6662 
v -5.88468 2.03053 16.493 
v -5.19231 2.06296 16.4669 
v -5.88469 2.06296 16.4669 
v -5.17192 2.03053 16.493 
v -5.16268 2.06296 16.0647 
v -5.13877 2.03058 15.6674 
v -5.16268 2.06298 15.6918 
v -5.13877 2.03054 16.4658 
v -5.16268 2.06296 16.0647 
v -5.16268 2.06294 16.4413 
v -5.13877 2.03054 16.4658 
v -5.88468 1.80482 15.6394 
v -5.91954 1.47137 15.6674 
v -5.91954 1.80482 15.6674 
v -5.88468 1.47137 15.6394 
v -5.91954 2.03058 15.6674 
v -5.88468 1.80482 15.6394 
v -5.91954 1.80482 15.6674 
v -5.88469 2.03059 15.6394 
v -5.88468 1.47133 16.493 
v -5.88468 1.80473 16.493 
v -5.91954 1.47133 16.4659 
v -5.91954 1.80473 16.4659 
v -5.88468 1.80473 16.493 
v -5.88468 2.03053 16.493 
v -5.91954 1.80473 16.4659 
v -5.91954 2.03054 16.4659 
v -5.17197 1.47137 15.6394 
v -5.13877 1.47137 15.6674 
v -5.13877 1.42251 15.6674 
v -5.17197 1.42251 15.6394 
v -5.13877 1.80487 15.6674 
v -5.13877 1.47137 15.6674 
v -5.17196 1.80487 15.6394 
v -5.17197 1.47137 15.6394 
v -5.17196 1.80487 15.6394 
v -5.17194 2.03059 15.6394 
v -5.13877 2.03058 15.6674 
v -5.13877 1.80487 15.6674 
v -5.13877 1.04167 15.6673 
v -5.17197 1.42251 15.6394 
v -5.13877 1.42251 15.6674 
v -5.17197 1.04081 15.6393 
v -5.13877 1.42246 16.4657 
v -5.17192 1.47133 16.493 
v -5.17192 1.42246 16.493 
v -5.13877 1.47133 16.4657 
v -5.13877 1.80473 16.4657 
v -5.17192 1.47133 16.493 
v -5.13877 1.47133 16.4657 
v -5.17192 1.80473 16.493 
v -5.13877 1.80473 16.4657 
v -5.17192 2.03053 16.493 
v -5.17192 1.80473 16.493 
v -5.13877 2.03054 16.4658 
v -5.13877 1.04163 16.4657 
v -5.17192 1.42246 16.493 
v -5.17194 1.04163 16.4929 
v -5.13877 1.42246 16.4657 
v -5.82655 1.42251 15.6394 
v -5.86016 1.04167 15.6673 
v -5.86016 1.42251 15.6674 
v -5.82654 1.04081 15.6393 
v -5.82654 1.04163 16.4929 
v -5.82655 1.42246 16.493 
v -5.86016 1.04163 16.4658 
v -5.86016 1.42246 16.4658 
v -5.88468 1.47133 16.493 
v -5.86016 1.42246 16.4658 
v -5.82655 1.42246 16.493 
v -5.91954 1.47133 16.4659 
v -5.86016 1.42251 15.6674 
v -5.91954 1.47137 15.6674 
v -5.88468 1.47137 15.6394 
v -5.82655 1.42251 15.6394 
v -5.14571 1.00903 15.6785 
v -5.13877 1.04163 16.4657 
v -5.14571 1.00898 16.4577 
v -5.13877 1.04167 15.6673 
v -5.16272 0.910469 15.7248 
v -5.16272 0.909828 16.412 
v -5.17617 0.813475 15.8138 
v -5.17617 0.812227 16.3219 
v -5.19333 0.717795 16.056 
v -5.18672 0.737977 15.9277 
v -5.19016 0.736787 16.2026 
v -5.17197 1.47137 15.6394 
v -5.88468 1.80482 15.6394 
v -5.17196 1.80487 15.6394 
v -5.88468 1.47137 15.6394 
v -5.82655 1.42251 15.6394 
v -5.17197 1.42251 15.6394 
v -5.88469 2.03059 15.6394 
v -5.17194 2.03059 15.6394 
v -5.17196 1.80487 15.6394 
v -5.88468 1.80482 15.6394 
v -5.17197 1.42251 15.6394 
v -5.82654 1.04081 15.6393 
v -5.82655 1.42251 15.6394 
v -5.17197 1.04081 15.6393 
v -5.17192 1.47133 16.493 
v -5.82655 1.42246 16.493 
v -5.17192 1.42246 16.493 
v -5.88468 1.47133 16.493 
v -5.17192 1.80473 16.493 
v -5.88468 1.47133 16.493 
v -5.17192 1.47133 16.493 
v -5.88468 1.80473 16.493 
v -5.17192 2.03053 16.493 
v -5.88468 1.80473 16.493 
v -5.17192 1.80473 16.493 
v -5.88468 2.03053 16.493 
v -5.17194 1.04163 16.4929 
v -5.82655 1.42246 16.493 
v -5.82654 1.04163 16.4929 
v -5.17192 1.42246 16.493 
v -5.85319 1.00903 15.6785 
v -5.86016 1.04163 16.4658 
v -5.86016 1.04167 15.6673 
v -5.85319 1.00898 16.4578 
v -5.83618 0.910469 15.7248 
v -5.83618 0.909828 16.4121 
v -5.82273 0.813474 15.8138 
v -5.82273 0.812227 16.3219 
v -5.80557 0.717794 16.056 
v -5.80875 0.736787 16.2026 
v -5.81218 0.737977 15.9277 
v -5.91954 1.80482 15.6674 
v -5.91954 2.03054 16.4659 
v -5.91954 2.03058 15.6674 
v -5.91954 1.80473 16.4659 
v -5.91954 1.47137 15.6674 
v -5.91954 1.80473 16.4659 
v -5.91954 1.80482 15.6674 
v -5.91954 1.47133 16.4659 
v -5.91954 2.03058 15.6674 
v -5.91954 2.06296 16.0647 
v -5.91954 2.06298 15.6918 
v -5.91954 2.03054 16.4659 
v -5.91954 2.38771 16.2084 
v -5.91954 2.06296 16.0647 
v -5.91954 2.3114 16.3336 
v -5.91954 2.19735 16.4148 
v -5.91954 2.06294 16.4414 
v -5.91954 2.4145 16.0647 
v -5.91954 2.38767 15.9213 
v -5.91954 2.31141 15.8033 
v -5.91954 2.1974 15.7221 
v -5.91954 2.06298 15.6918 
v -5.91954 2.03054 16.4659 
v -5.91954 2.06294 16.4414 
v -5.91954 2.06296 16.0647 
v -5.13877 1.47137 15.6674 
v -5.13877 1.80473 16.4657 
v -5.13877 1.47133 16.4657 
v -5.13877 1.80487 15.6674 
v -5.13877 1.47137 15.6674 
v -5.13877 1.42246 16.4657 
v -5.13877 1.42251 15.6674 
v -5.13877 1.47133 16.4657 
v -5.13877 1.80473 16.4657 
v -5.13877 1.80487 15.6674 
v -5.13877 2.03058 15.6674 
v -5.13877 2.03054 16.4658 
v -5.13877 1.04167 15.6673 
v -5.13877 1.42246 16.4657 
v -5.13877 1.04163 16.4657 
v -5.13877 1.42251 15.6674 
v -5.16268 2.3114 16.3336 
v -5.16268 2.06296 16.0647 
v -5.16268 2.38771 16.2084 
v -5.16268 2.4145 16.0647 
v -5.16268 2.19735 16.4148 
v -5.16268 2.06294 16.4413 
v -5.16268 2.38767 15.9213 
v -5.16268 2.31141 15.8033 
v -5.16268 2.1974 15.7221 
v -5.16268 2.06298 15.6918 
v -5.86016 1.42251 15.6674 
v -5.86016 1.04163 16.4658 
v -5.86016 1.42246 16.4658 
v -5.86016 1.04167 15.6673 
v -5.86016 1.42246 16.4658 
v -5.91954 1.47137 15.6674 
v -5.86016 1.42251 15.6674 
v -5.91954 1.47133 16.4659 

vn -0.519685 0.795276 0.307087 
vn -0.535433 0.622047 0.566929 
vn -0.519685 0.795276 0.307087 
vn -0.535433 0.614173 0.574803 
vn -0.519685 0.858268 0 
vn -0.559055 0.330709 0.76378 
vn -0.519685 0.858268 0 
vn -0.559055 0.338583 0.755906 
vn -0.559055 0.165354 0.811024 
vn -0.559055 0.165354 0.811024 
vn -0.519685 0.795276 -0.307087 
vn -0.519685 0.795276 -0.314961 
vn -0.527559 0.614173 -0.582677 
vn -0.527559 0.614173 -0.590551 
vn -0.551181 0.346457 -0.76378 
vn -0.551181 0.346457 -0.755906 
vn -0.559055 0.188976 -0.80315 
vn -0.559055 0.188976 -0.80315 
vn 0.566929 -0.393701 0.724409 
vn 0.582677 -0.338583 0.740157 
vn 0.566929 -0.393701 0.724409 
vn 0.582677 -0.338583 0.740157 
vn 0.582677 -0.503937 0.629921 
vn 0.582677 -0.503937 0.637795 
vn 0.614173 -0.637795 0.464567 
vn 0.614173 -0.637795 0.464567 
vn 0.629921 -0.740157 0.228346 
vn 0.629921 -0.740157 0.23622 
vn 0.637795 -0.771654 0.00787402 
vn 0.637795 -0.771654 0 
vn 0.637795 -0.724409 -0.251969 
vn 0.637795 -0.724409 -0.251969 
vn 0.629921 -0.622047 -0.464567 
vn 0.629921 -0.622047 -0.472441 
vn 0.598425 -0.503937 -0.622047 
vn 0.598425 -0.496063 -0.622047 
vn 0.582677 -0.409449 -0.700787 
vn 0.574803 -0.409449 -0.700787 
vn 0.582677 -0.393701 -0.708661 
vn 0.582677 -0.393701 -0.708661 
vn 0.582677 0.755906 0.291339 
vn 0.598425 0.590551 0.543307 
vn 0.582677 0.755906 0.291339 
vn 0.598425 0.582677 0.543307 
vn 0.582677 0.811024 0 
vn 0.622047 0.314961 0.716535 
vn 0.582677 0.811024 0 
vn 0.622047 0.314961 0.716535 
vn 0.622047 0.15748 0.76378 
vn 0.622047 0.15748 0.76378 
vn 0.582677 0.755906 -0.299213 
vn 0.582677 0.755906 -0.299213 
vn 0.590551 0.582677 -0.551181 
vn 0.590551 0.582677 -0.559055 
vn 0.614173 0.322835 -0.724409 
vn 0.614173 0.330709 -0.716535 
vn 0.622047 0.181102 -0.76378 
vn 0.622047 0.181102 -0.76378 
vn 0 0.937008 0.354331 
vn 0 0.937008 0.354331 
vn 0 0.740157 0.677165 
vn 0 1 0 
vn 0 0.740157 0.677165 
vn 0 1 0 
vn 0 0.409449 0.913386 
vn 0 0.929134 -0.362205 
vn 0 0.409449 0.913386 
vn 0 0.212598 0.976378 
vn 0 0.212598 0.976378 
vn 0 0.929134 -0.362205 
vn 0 0.724409 -0.692913 
vn 0 0.724409 -0.692913 
vn 0 0.417323 -0.905512 
vn 0 0.417323 -0.905512 
vn 0 0.23622 -0.968504 
vn 0 0.23622 -0.968504 
vn 0 -0.409449 -0.913386 
vn 0 -0.417323 -0.913386 
vn 0 -0.409449 -0.913386 
vn 0 -0.417323 -0.913386 
vn 0 -0.543307 -0.84252 
vn 0 -0.543307 -0.84252 
vn 0 -0.755906 -0.661417 
vn 0 -0.755906 -0.661417 
vn 0 -0.929134 -0.377953 
vn 0 -0.929134 -0.377953 
vn 0 -1 -0.00787402 
vn 0 -1 -0.00787402 
vn 0 -0.937008 0.346457 
vn 0 -0.937008 0.346457 
vn 0 -0.76378 0.645669 
vn 0 -0.76378 0.645669 
vn 0 -0.543307 0.84252 
vn 0 -0.543307 0.84252 
vn 0 -0.385827 0.92126 
vn 0 -0.385827 0.92126 
vn 0 -0.322835 0.944882 
vn 0 -0.322835 0.944882 
vn -0.519685 0.527559 -0.669291 
vn -0.519685 0.527559 -0.669291 
vn -0.519685 0.527559 -0.669291 
vn -0.519685 0.527559 -0.669291 
vn -0.511811 0.527559 0.677165 
vn -0.511811 0.527559 0.677165 
vn -0.511811 0.527559 0.677165 
vn -0.511811 0.527559 0.677165 
vn -0.574803 -0.401575 -0.716535 
vn -0.574803 -0.417323 -0.708661 
vn -0.574803 -0.401575 -0.716535 
vn -0.574803 -0.409449 -0.708661 
vn -0.598425 -0.503937 -0.622047 
vn -0.598425 -0.503937 -0.622047 
vn -0.622047 -0.622047 -0.472441 
vn -0.622047 -0.622047 -0.472441 
vn -0.637795 -0.732283 -0.251969 
vn -0.637795 -0.732283 -0.251969 
vn -0.629921 -0.779528 0.00787402 
vn -0.629921 -0.779528 0 
vn -0.629921 -0.740157 0.23622 
vn -0.629921 -0.740157 0.228346 
vn -0.606299 -0.645669 0.464567 
vn -0.606299 -0.645669 0.464567 
vn -0.582677 -0.503937 0.637795 
vn -0.582677 -0.503937 0.637795 
vn -0.559055 -0.393701 0.724409 
vn -0.559055 -0.401575 0.724409 
vn -0.574803 -0.338583 0.748031 
vn -0.574803 -0.338583 0.748031 
vn 0.448819 0.724409 -0.527559 
vn 0.448819 0.724409 -0.527559 
vn 0.448819 0.724409 -0.527559 
vn 0.448819 0.724409 -0.527559 
vn 0.448819 0.716535 0.535433 
vn 0.448819 0.716535 0.535433 
vn 0.448819 0.716535 0.535433 
vn 0.448819 0.716535 0.535433 
vn 0 0.637795 -0.771654 
vn 0 0.637795 -0.771654 
vn 0 0.637795 -0.771654 
vn 0 0.637795 -0.771654 
vn 0 0.629921 0.779528 
vn 0 0.629921 0.779528 
vn 0 0.629921 0.779528 
vn 0 0.629921 0.779528 
vn 0.80315 0.590551 0 
vn 0.80315 0.590551 0 
vn 0.80315 0.590551 0 
vn 0.80315 0.590551 0 
vn 0.80315 0.590551 0 
vn 0.80315 0.590551 0 
vn 0.80315 0.590551 0 
vn -0.629921 0 -0.779528 
vn -0.629921 0 -0.779528 
vn -0.629921 0 -0.779528 
vn -0.629921 0 -0.779528 
vn -0.629921 0 -0.779528 
vn -0.629921 0 -0.779528 
vn -0.629921 0 -0.779528 
vn -0.629921 0 -0.779528 
vn -0.614173 0 0.787402 
vn -0.614173 0 0.787402 
vn -0.614173 0 0.787402 
vn -0.614173 0 0.787402 
vn -0.614173 0 0.787402 
vn -0.614173 0 0.787402 
vn -0.614173 0 0.787402 
vn -0.614173 0 0.787402 
vn 0.645669 0 -0.76378 
vn 0.645669 0 -0.76378 
vn 0.645669 0 -0.76378 
vn 0.645669 0 -0.76378 
vn 0.645669 0 -0.76378 
vn 0.645669 0 -0.76378 
vn 0.645669 0 -0.76378 
vn 0.645669 0 -0.76378 
vn 0.645669 0 -0.76378 
vn 0.645669 0 -0.76378 
vn 0.645669 0 -0.76378 
vn 0.645669 0 -0.76378 
vn 0.645669 0 -0.76378 
vn 0.645669 0 -0.76378 
vn 0.645669 0 -0.76378 
vn 0.645669 0 -0.76378 
vn 0.637795 0 0.771654 
vn 0.637795 0 0.771654 
vn 0.637795 0 0.771654 
vn 0.637795 0 0.771654 
vn 0.637795 0 0.771654 
vn 0.637795 0 0.771654 
vn 0.637795 0 0.771654 
vn 0.637795 0 0.771654 
vn 0.637795 0 0.771654 
vn 0.637795 0 0.771654 
vn 0.637795 0 0.771654 
vn 0.637795 0 0.771654 
vn 0.637795 0 0.771654 
vn 0.637795 0 0.771654 
vn 0.637795 0 0.771654 
vn 0.637795 0 0.771654 
vn -0.637795 0 -0.771654 
vn -0.637795 0 -0.771654 
vn -0.637795 0 -0.771654 
vn -0.637795 0 -0.771654 
vn -0.629921 0 0.779528 
vn -0.629921 0 0.779528 
vn -0.629921 0 0.779528 
vn -0.629921 0 0.779528 
vn -0.496063 -0.598425 0.629921 
vn -0.496063 -0.598425 0.629921 
vn -0.496063 -0.598425 0.629921 
vn -0.496063 -0.598425 0.629921 
vn -0.503937 -0.606299 -0.614173 
vn -0.503937 -0.606299 -0.614173 
vn -0.503937 -0.606299 -0.614173 
vn -0.503937 -0.606299 -0.614173 
vn 0.984252 -0.181102 0 
vn 0.976378 -0.204724 0 
vn 0.984252 -0.181102 0 
vn 0.976378 -0.204724 0 
vn 0.984252 -0.165354 0 
vn 0.984252 -0.165354 0 
vn 0.992126 -0.141732 0 
vn 0.992126 -0.141732 0 
vn 0.984252 -0.165354 0.00787402 
vn 0.984252 -0.165354 0.00787402 
vn 0.984252 -0.165354 0.00787402 
vn 0 0 -1 
vn 0 0 -1 
vn 0 0 -1 
vn 0 0 -1 
vn 0 0 -1 
vn 0 0 -1 
vn 0 0 -1 
vn 0 0 -1 
vn 0 0 -1 
vn 0 0 -1 
vn 0 0 -1 
vn 0 0 -1 
vn 0 0 -1 
vn 0 0 -1 
vn 0 0 1 
vn 0 0 1 
vn 0 0 1 
vn 0 0 1 
vn 0 0 1 
vn 0 0 1 
vn 0 0 1 
vn 0 0 1 
vn 0 0 1 
vn 0 0 1 
vn 0 0 1 
vn 0 0 1 
vn 0 0 1 
vn 0 0 1 
vn 0 0 1 
vn 0 0 1 
vn -0.984252 -0.181102 0 
vn -0.976378 -0.212598 0 
vn -0.976378 -0.212598 0 
vn -0.984252 -0.181102 0 
vn -0.984252 -0.165354 0 
vn -0.984252 -0.165354 0 
vn -0.992126 -0.141732 0 
vn -0.992126 -0.141732 0 
vn -0.984252 -0.165354 0.00787402 
vn -0.984252 -0.165354 0.00787402 
vn -0.984252 -0.165354 0.00787402 
vn -1 0 0 
vn -1 0 0 
vn -1 0 0 
vn -1 0 0 
vn -1 0 0 
vn -1 0 0 
vn -1 0 0 
vn -1 0 0 
vn -1 0 0 
vn -1 0 0 
vn -1 0 0 
vn -1 0 0 
vn -1 0 0 
vn -1 0 0 
vn -1 0 0 
vn -1 0 0 
vn -1 0 0 
vn -1 0 0 
vn -1 0 0 
vn -1 0 0 
vn -1 0 0 
vn -1 0 0 
vn -1 0 0 
vn -1 0 0 
vn -1 0 0 
vn 1 0 0 
vn 1 0 0 
vn 1 0 0 
vn 1 0 0 
vn 1 0 0 
vn 1 0 0 
vn 1 0 0 
vn 1 0 0 
vn 1 0 0 
vn 1 0 0 
vn 1 0 0 
vn 1 0 0 
vn 1 0 0 
vn 1 0 0 
vn 1 0 0 
vn 1 0 0 
vn 1 0 0 
vn 1 0 0 
vn 1 0 0 
vn 1 0 0 
vn 1 0 0 
vn 1 0 0 
vn 1 0 0 
vn 1 0 0 
vn 1 0 0 
vn 1 0 0 
vn -1 0 0 
vn -1 0 0 
vn -1 0 0 
vn -1 0 0 
vn -0.637795 -0.771654 0 
vn -0.637795 -0.771654 0 
vn -0.637795 -0.771654 0 
vn -0.637795 -0.771654 0 

vt 0.740557 0.468911 
vt 0.731905 0.468911 
vt 0.740285 0.46594 
vt 0.731905 0.46594 
vt 0.748968 0.46594 
vt 0.72411 0.46594 
vt 0.749092 0.468911 
vt 0.72411 0.468911 
vt 0.71644 0.46594 
vt 0.71644 0.468911 
vt 0.757192 0.468911 
vt 0.75741 0.46594 
vt 0.765183 0.468911 
vt 0.765183 0.46594 
vt 0.773082 0.46594 
vt 0.773082 0.468911 
vt 0.781173 0.46594 
vt 0.781173 0.468911 
vt 0.79105 0.396024 
vt 0.790024 0.391171 
vt 0.7924 0.394466 
vt 0.788434 0.392939 
vt 0.79105 0.397576 
vt 0.7924 0.396228 
vt 0.7924 0.401146 
vt 0.79105 0.402288 
vt 0.7924 0.409519 
vt 0.79105 0.410044 
vt 0.7924 0.419593 
vt 0.79105 0.419569 
vt 0.79105 0.427909 
vt 0.792401 0.428534 
vt 0.79105 0.43531 
vt 0.792401 0.436546 
vt 0.79105 0.43998 
vt 0.792401 0.441398 
vt 0.792401 0.443356 
vt 0.79105 0.441752 
vt 0.790026 0.446655 
vt 0.788434 0.444834 
vt 0.739977 0.415284 
vt 0.731905 0.412486 
vt 0.740143 0.412486 
vt 0.731905 0.415284 
vt 0.748263 0.415284 
vt 0.72411 0.415284 
vt 0.748144 0.412486 
vt 0.72411 0.412486 
vt 0.71644 0.415284 
vt 0.71644 0.412486 
vt 0.756476 0.412486 
vt 0.756745 0.415284 
vt 0.765183 0.412486 
vt 0.765183 0.415284 
vt 0.773082 0.415284 
vt 0.773082 0.412486 
vt 0.781173 0.415284 
vt 0.781173 0.412486 
vt 0.739977 0.415284 
vt 0.740285 0.46594 
vt 0.731905 0.46594 
vt 0.748968 0.46594 
vt 0.731905 0.415284 
vt 0.748263 0.415284 
vt 0.72411 0.415284 
vt 0.75741 0.46594 
vt 0.72411 0.46594 
vt 0.71644 0.46594 
vt 0.71644 0.415284 
vt 0.756745 0.415284 
vt 0.765183 0.46594 
vt 0.765183 0.415284 
vt 0.773082 0.415284 
vt 0.773082 0.46594 
vt 0.781173 0.46594 
vt 0.781173 0.415284 
vt 0.790026 0.446655 
vt 0.819039 0.443356 
vt 0.821412 0.446655 
vt 0.792401 0.443356 
vt 0.792401 0.441398 
vt 0.819039 0.441398 
vt 0.792401 0.436546 
vt 0.819039 0.436546 
vt 0.792401 0.428534 
vt 0.819039 0.428534 
vt 0.7924 0.419593 
vt 0.819039 0.419593 
vt 0.819039 0.409519 
vt 0.7924 0.409519 
vt 0.819039 0.401146 
vt 0.7924 0.401146 
vt 0.819039 0.396228 
vt 0.7924 0.396228 
vt 0.819039 0.394466 
vt 0.7924 0.394466 
vt 0.790024 0.391171 
vt 0.821412 0.391171 
vt 0.781173 0.46594 
vt 0.783366 0.46594 
vt 0.781173 0.468911 
vt 0.783366 0.468911 
vt 0.714252 0.46594 
vt 0.71644 0.468911 
vt 0.714252 0.468911 
vt 0.71644 0.46594 
vt 0.821412 0.446655 
vt 0.820407 0.441752 
vt 0.823024 0.444834 
vt 0.819039 0.443356 
vt 0.820407 0.43998 
vt 0.819039 0.441398 
vt 0.819039 0.436546 
vt 0.820407 0.43531 
vt 0.819039 0.428534 
vt 0.820407 0.427909 
vt 0.819039 0.419593 
vt 0.820407 0.419569 
vt 0.820407 0.410043 
vt 0.819039 0.409519 
vt 0.820407 0.402286 
vt 0.819039 0.401146 
vt 0.820407 0.397573 
vt 0.819039 0.396228 
vt 0.819039 0.394466 
vt 0.820407 0.39602 
vt 0.821412 0.391171 
vt 0.823024 0.392934 
vt 0.781173 0.412486 
vt 0.783366 0.415284 
vt 0.781173 0.415284 
vt 0.783366 0.412486 
vt 0.71644 0.412486 
vt 0.714252 0.415284 
vt 0.714252 0.412486 
vt 0.71644 0.415284 
vt 0.783366 0.415284 
vt 0.783366 0.46594 
vt 0.781173 0.415284 
vt 0.781173 0.46594 
vt 0.714252 0.46594 
vt 0.71644 0.415284 
vt 0.71644 0.46594 
vt 0.714252 0.415284 
vt 0.748082 0.386886 
vt 0.769583 0.383932 
vt 0.768299 0.386886 
vt 0.726251 0.383932 
vt 0.748082 0.386886 
vt 0.727629 0.386886 
vt 0.726251 0.383932 
vt 0.850701 0.356713 
vt 0.85437 0.319644 
vt 0.85437 0.356713 
vt 0.850701 0.319644 
vt 0.85437 0.38256 
vt 0.850701 0.356713 
vt 0.85437 0.356713 
vt 0.850701 0.38256 
vt 0.927097 0.319644 
vt 0.927097 0.356713 
vt 0.923492 0.319644 
vt 0.923492 0.356713 
vt 0.927097 0.356713 
vt 0.927097 0.38256 
vt 0.923492 0.356713 
vt 0.923492 0.38256 
vt 0.788692 0.319644 
vt 0.784492 0.319644 
vt 0.784492 0.31285 
vt 0.788692 0.31285 
vt 0.784492 0.356713 
vt 0.784492 0.319644 
vt 0.788692 0.356713 
vt 0.788692 0.319644 
vt 0.788692 0.356713 
vt 0.788692 0.38256 
vt 0.784492 0.38256 
vt 0.784492 0.356713 
vt 0.784492 0.270524 
vt 0.788692 0.31285 
vt 0.784492 0.31285 
vt 0.788692 0.270524 
vt 0.992565 0.312851 
vt 0.989231 0.319644 
vt 0.989231 0.312851 
vt 0.992565 0.319644 
vt 0.992565 0.356713 
vt 0.989231 0.319644 
vt 0.992565 0.319644 
vt 0.989231 0.356713 
vt 0.992565 0.356713 
vt 0.989231 0.38256 
vt 0.989231 0.356713 
vt 0.992565 0.38256 
vt 0.992565 0.270524 
vt 0.989231 0.312851 
vt 0.989231 0.270524 
vt 0.992565 0.312851 
vt 0.850701 0.313715 
vt 0.85437 0.270586 
vt 0.85437 0.313219 
vt 0.850701 0.270669 
vt 0.927097 0.270524 
vt 0.927097 0.312851 
vt 0.923492 0.270524 
vt 0.923492 0.312851 
vt 0.927097 0.319644 
vt 0.923492 0.312851 
vt 0.927097 0.312851 
vt 0.923492 0.319644 
vt 0.85437 0.313219 
vt 0.85437 0.319644 
vt 0.850701 0.319644 
vt 0.850701 0.313715 
vt 0.79105 0.441752 
vt 0.788434 0.392939 
vt 0.79105 0.396024 
vt 0.788434 0.444834 
vt 0.79105 0.43998 
vt 0.79105 0.397576 
vt 0.79105 0.43531 
vt 0.79105 0.402288 
vt 0.79105 0.419569 
vt 0.79105 0.427909 
vt 0.79105 0.410044 
vt 0.788692 0.319644 
vt 0.850701 0.356713 
vt 0.788692 0.356713 
vt 0.850701 0.319644 
vt 0.850701 0.313715 
vt 0.788692 0.31285 
vt 0.850701 0.38256 
vt 0.788692 0.38256 
vt 0.788692 0.356713 
vt 0.850701 0.356713 
vt 0.788692 0.31285 
vt 0.850701 0.270669 
vt 0.850701 0.313715 
vt 0.788692 0.270524 
vt 0.989231 0.319644 
vt 0.927097 0.312851 
vt 0.989231 0.312851 
vt 0.927097 0.319644 
vt 0.989231 0.356713 
vt 0.927097 0.319644 
vt 0.989231 0.319644 
vt 0.927097 0.356713 
vt 0.989231 0.38256 
vt 0.927097 0.356713 
vt 0.989231 0.356713 
vt 0.927097 0.38256 
vt 0.989231 0.270524 
vt 0.927097 0.312851 
vt 0.927097 0.270524 
vt 0.989231 0.312851 
vt 0.820407 0.441752 
vt 0.823024 0.392934 
vt 0.823024 0.444834 
vt 0.820407 0.39602 
vt 0.820407 0.43998 
vt 0.820407 0.397573 
vt 0.820407 0.43531 
vt 0.820407 0.402286 
vt 0.820407 0.419569 
vt 0.820407 0.410043 
vt 0.820407 0.427909 
vt 0.85437 0.356713 
vt 0.923478 0.38256 
vt 0.85437 0.38256 
vt 0.92348 0.356713 
vt 0.85437 0.319644 
vt 0.92348 0.356713 
vt 0.85437 0.356713 
vt 0.923479 0.319644 
vt 0.770662 0.495618 
vt 0.748851 0.493401 
vt 0.769302 0.493401 
vt 0.72702 0.495618 
vt 0.740557 0.468911 
vt 0.748851 0.493401 
vt 0.733597 0.475417 
vt 0.729489 0.483842 
vt 0.728327 0.493401 
vt 0.749092 0.468911 
vt 0.757192 0.468911 
vt 0.763546 0.475024 
vt 0.767795 0.483422 
vt 0.769302 0.493401 
vt 0.72702 0.495618 
vt 0.728327 0.493401 
vt 0.748851 0.493401 
vt 0.784492 0.319644 
vt 0.714567 0.356713 
vt 0.714567 0.319644 
vt 0.784492 0.356713 
vt 0.784492 0.319644 
vt 0.714567 0.312851 
vt 0.784492 0.31285 
vt 0.714567 0.319644 
vt 0.714567 0.356713 
vt 0.784492 0.356713 
vt 0.784492 0.38256 
vt 0.714567 0.38256 
vt 0.784492 0.270524 
vt 0.714567 0.312851 
vt 0.714567 0.270524 
vt 0.784492 0.31285 
vt 0.733321 0.406583 
vt 0.748082 0.386886 
vt 0.740143 0.412486 
vt 0.748144 0.412486 
vt 0.728964 0.398257 
vt 0.727629 0.386886 
vt 0.756476 0.412486 
vt 0.762967 0.405622 
vt 0.767024 0.397141 
vt 0.768299 0.386886 
vt 0.85437 0.31285 
vt 0.923475 0.270524 
vt 0.923475 0.31285 
vt 0.85437 0.270524 
vt 0.923475 0.31285 
vt 0.85437 0.319644 
vt 0.85437 0.31285 
vt 0.923479 0.319644 

usemtl R15Bacon1Mtl

f 1719/1719/1719 1720/1720/1720 1721/1721/1721 
f 1721/1721/1721 1720/1720/1720 1722/1722/1722 
f 1723/1723/1723 1719/1719/1719 1721/1721/1721 
f 1720/1720/1720 1724/1724/1724 1722/1722/1722 
f 1719/1719/1719 1723/1723/1723 1725/1725/1725 
f 1724/1724/1724 1720/1720/1720 1726/1726/1726 
f 1727/1727/1727 1724/1724/1724 1726/1726/1726 
f 1726/1726/1726 1728/1728/1728 1727/1727/1727 
f 1723/1723/1723 1729/1729/1729 1725/1725/1725 
f 1729/1729/1729 1723/1723/1723 1730/1730/1730 
f 1730/1730/1730 1731/1731/1731 1729/1729/1729 
f 1731/1731/1731 1730/1730/1730 1732/1732/1732 
f 1732/1732/1732 1733/1733/1733 1731/1731/1731 
f 1731/1731/1731 1733/1733/1733 1734/1734/1734 
f 1735/1735/1735 1734/1734/1734 1733/1733/1733 
f 1734/1734/1734 1735/1735/1735 1736/1736/1736 
f 1737/1737/1737 1738/1738/1738 1739/1739/1739 
f 1738/1738/1738 1737/1737/1737 1740/1740/1740 
f 1739/1739/1739 1741/1741/1741 1737/1737/1737 
f 1741/1741/1741 1739/1739/1739 1742/1742/1742 
f 1743/1743/1743 1741/1741/1741 1742/1742/1742 
f 1741/1741/1741 1743/1743/1743 1744/1744/1744 
f 1745/1745/1745 1744/1744/1744 1743/1743/1743 
f 1746/1746/1746 1744/1744/1744 1745/1745/1745 
f 1747/1747/1747 1746/1746/1746 1745/1745/1745 
f 1746/1746/1746 1747/1747/1747 1748/1748/1748 
f 1747/1747/1747 1749/1749/1749 1748/1748/1748 
f 1749/1749/1749 1747/1747/1747 1750/1750/1750 
f 1751/1751/1751 1749/1749/1749 1750/1750/1750 
f 1750/1750/1750 1752/1752/1752 1751/1751/1751 
f 1752/1752/1752 1753/1753/1753 1751/1751/1751 
f 1753/1753/1753 1752/1752/1752 1754/1754/1754 
f 1755/1755/1755 1753/1753/1753 1754/1754/1754 
f 1753/1753/1753 1755/1755/1755 1756/1756/1756 
f 1757/1757/1757 1756/1756/1756 1755/1755/1755 
f 1758/1758/1758 1756/1756/1756 1757/1757/1757 
f 1759/1759/1759 1760/1760/1760 1761/1761/1761 
f 1759/1759/1759 1762/1762/1762 1760/1760/1760 
f 1761/1761/1761 1763/1763/1763 1759/1759/1759 
f 1764/1764/1764 1760/1760/1760 1762/1762/1762 
f 1763/1763/1763 1761/1761/1761 1765/1765/1765 
f 1766/1766/1766 1760/1760/1760 1764/1764/1764 
f 1767/1767/1767 1766/1766/1766 1764/1764/1764 
f 1768/1768/1768 1766/1766/1766 1767/1767/1767 
f 1769/1769/1769 1763/1763/1763 1765/1765/1765 
f 1770/1770/1770 1763/1763/1763 1769/1769/1769 
f 1771/1771/1771 1770/1770/1770 1769/1769/1769 
f 1772/1772/1772 1770/1770/1770 1771/1771/1771 
f 1771/1771/1771 1773/1773/1773 1772/1772/1772 
f 1773/1773/1773 1771/1771/1771 1774/1774/1774 
f 1774/1774/1774 1775/1775/1775 1773/1773/1773 
f 1775/1775/1775 1774/1774/1774 1776/1776/1776 
f 1777/1777/1777 1778/1778/1778 1779/1779/1779 
f 1777/1777/1777 1780/1780/1780 1778/1778/1778 
f 1777/1777/1777 1779/1779/1779 1781/1781/1781 
f 1780/1780/1780 1777/1777/1777 1782/1782/1782 
f 1779/1779/1779 1783/1783/1783 1781/1781/1781 
f 1780/1780/1780 1782/1782/1782 1784/1784/1784 
f 1783/1783/1783 1779/1779/1779 1785/1785/1785 
f 1786/1786/1786 1783/1783/1783 1785/1785/1785 
f 1783/1783/1783 1786/1786/1786 1787/1787/1787 
f 1788/1788/1788 1784/1784/1784 1782/1782/1782 
f 1784/1784/1784 1788/1788/1788 1789/1789/1789 
f 1790/1790/1790 1789/1789/1789 1788/1788/1788 
f 1789/1789/1789 1790/1790/1790 1791/1791/1791 
f 1789/1789/1789 1791/1791/1791 1792/1792/1792 
f 1791/1791/1791 1793/1793/1793 1792/1792/1792 
f 1793/1793/1793 1791/1791/1791 1794/1794/1794 
f 1795/1795/1795 1796/1796/1796 1797/1797/1797 
f 1796/1796/1796 1795/1795/1795 1798/1798/1798 
f 1799/1799/1799 1796/1796/1796 1798/1798/1798 
f 1796/1796/1796 1799/1799/1799 1800/1800/1800 
f 1800/1800/1800 1799/1799/1799 1801/1801/1801 
f 1800/1800/1800 1801/1801/1801 1802/1802/1802 
f 1802/1802/1802 1801/1801/1801 1803/1803/1803 
f 1802/1802/1802 1803/1803/1803 1804/1804/1804 
f 1804/1804/1804 1803/1803/1803 1805/1805/1805 
f 1804/1804/1804 1805/1805/1805 1806/1806/1806 
f 1805/1805/1805 1807/1807/1807 1806/1806/1806 
f 1807/1807/1807 1805/1805/1805 1808/1808/1808 
f 1808/1808/1808 1809/1809/1809 1807/1807/1807 
f 1809/1809/1809 1808/1808/1808 1810/1810/1810 
f 1810/1810/1810 1811/1811/1811 1809/1809/1809 
f 1811/1811/1811 1810/1810/1810 1812/1812/1812 
f 1811/1811/1811 1812/1812/1812 1813/1813/1813 
f 1814/1814/1814 1813/1813/1813 1812/1812/1812 
f 1813/1813/1813 1814/1814/1814 1815/1815/1815 
f 1813/1813/1813 1815/1815/1815 1816/1816/1816 
f 1817/1817/1817 1818/1818/1818 1819/1819/1819 
f 1819/1819/1819 1818/1818/1818 1820/1820/1820 
f 1821/1821/1821 1822/1822/1822 1823/1823/1823 
f 1822/1822/1822 1821/1821/1821 1824/1824/1824 
f 1825/1825/1825 1826/1826/1826 1827/1827/1827 
f 1826/1826/1826 1825/1825/1825 1828/1828/1828 
f 1828/1828/1828 1829/1829/1829 1826/1826/1826 
f 1829/1829/1829 1828/1828/1828 1830/1830/1830 
f 1831/1831/1831 1829/1829/1829 1830/1830/1830 
f 1829/1829/1829 1831/1831/1831 1832/1832/1832 
f 1831/1831/1831 1833/1833/1833 1832/1832/1832 
f 1834/1834/1834 1832/1832/1832 1833/1833/1833 
f 1835/1835/1835 1834/1834/1834 1833/1833/1833 
f 1834/1834/1834 1835/1835/1835 1836/1836/1836 
f 1835/1835/1835 1837/1837/1837 1836/1836/1836 
f 1837/1837/1837 1835/1835/1835 1838/1838/1838 
f 1838/1838/1838 1839/1839/1839 1837/1837/1837 
f 1838/1838/1838 1840/1840/1840 1839/1839/1839 
f 1840/1840/1840 1841/1841/1841 1839/1839/1839 
f 1841/1841/1841 1840/1840/1840 1842/1842/1842 
f 1843/1843/1843 1841/1841/1841 1842/1842/1842 
f 1841/1841/1841 1843/1843/1843 1844/1844/1844 
f 1844/1844/1844 1843/1843/1843 1845/1845/1845 
f 1845/1845/1845 1846/1846/1846 1844/1844/1844 
f 1847/1847/1847 1848/1848/1848 1849/1849/1849 
f 1848/1848/1848 1847/1847/1847 1850/1850/1850 
f 1851/1851/1851 1852/1852/1852 1853/1853/1853 
f 1852/1852/1852 1851/1851/1851 1854/1854/1854 
f 1855/1855/1855 1856/1856/1856 1857/1857/1857 
f 1858/1858/1858 1857/1857/1857 1856/1856/1856 
f 1859/1859/1859 1860/1860/1860 1861/1861/1861 
f 1860/1860/1860 1859/1859/1859 1862/1862/1862 
f 1863/1863/1863 1864/1864/1864 1865/1865/1865 
f 1866/1866/1866 1864/1864/1864 1863/1863/1863 
f 1867/1867/1867 1868/1868/1868 1869/1869/1869 
f 1870/1870/1870 1871/1871/1871 1872/1872/1872 
f 1871/1871/1871 1870/1870/1870 1873/1873/1873 
f 1874/1874/1874 1875/1875/1875 1876/1876/1876 
f 1875/1875/1875 1874/1874/1874 1877/1877/1877 
f 1878/1878/1878 1879/1879/1879 1880/1880/1880 
f 1880/1880/1880 1879/1879/1879 1881/1881/1881 
f 1882/1882/1882 1883/1883/1883 1884/1884/1884 
f 1884/1884/1884 1883/1883/1883 1885/1885/1885 
f 1886/1886/1886 1887/1887/1887 1888/1888/1888 
f 1886/1886/1886 1888/1888/1888 1889/1889/1889 
f 1890/1890/1890 1891/1891/1891 1892/1892/1892 
f 1892/1892/1892 1891/1891/1891 1893/1893/1893 
f 1894/1894/1894 1895/1895/1895 1896/1896/1896 
f 1896/1896/1896 1897/1897/1897 1894/1894/1894 
f 1898/1898/1898 1899/1899/1899 1900/1900/1900 
f 1899/1899/1899 1898/1898/1898 1901/1901/1901 
f 1902/1902/1902 1903/1903/1903 1904/1904/1904 
f 1903/1903/1903 1902/1902/1902 1905/1905/1905 
f 1906/1906/1906 1907/1907/1907 1908/1908/1908 
f 1907/1907/1907 1906/1906/1906 1909/1909/1909 
f 1910/1910/1910 1911/1911/1911 1912/1912/1912 
f 1911/1911/1911 1910/1910/1910 1913/1913/1913 
f 1914/1914/1914 1915/1915/1915 1916/1916/1916 
f 1915/1915/1915 1914/1914/1914 1917/1917/1917 
f 1918/1918/1918 1919/1919/1919 1920/1920/1920 
f 1919/1919/1919 1918/1918/1918 1921/1921/1921 
f 1922/1922/1922 1923/1923/1923 1924/1924/1924 
f 1924/1924/1924 1923/1923/1923 1925/1925/1925 
f 1926/1926/1926 1927/1927/1927 1928/1928/1928 
f 1927/1927/1927 1926/1926/1926 1929/1929/1929 
f 1930/1930/1930 1931/1931/1931 1932/1932/1932 
f 1930/1930/1930 1932/1932/1932 1933/1933/1933 
f 1934/1934/1934 1935/1935/1935 1936/1936/1936 
f 1935/1935/1935 1934/1934/1934 1937/1937/1937 
f 1934/1934/1934 1936/1936/1936 1938/1938/1938 
f 1938/1938/1938 1936/1936/1936 1939/1939/1939 
f 1938/1938/1938 1939/1939/1939 1940/1940/1940 
f 1940/1940/1940 1939/1939/1939 1941/1941/1941 
f 1941/1941/1941 1942/1942/1942 1940/1940/1940 
f 1940/1940/1940 1942/1942/1942 1943/1943/1943 
f 1942/1942/1942 1941/1941/1941 1944/1944/1944 
f 1945/1945/1945 1946/1946/1946 1947/1947/1947 
f 1946/1946/1946 1945/1945/1945 1948/1948/1948 
f 1948/1948/1948 1945/1945/1945 1949/1949/1949 
f 1949/1949/1949 1945/1945/1945 1950/1950/1950 
f 1951/1951/1951 1952/1952/1952 1953/1953/1953 
f 1951/1951/1951 1953/1953/1953 1954/1954/1954 
f 1955/1955/1955 1956/1956/1956 1957/1957/1957 
f 1956/1956/1956 1955/1955/1955 1958/1958/1958 
f 1959/1959/1959 1960/1960/1960 1961/1961/1961 
f 1960/1960/1960 1959/1959/1959 1962/1962/1962 
f 1963/1963/1963 1964/1964/1964 1965/1965/1965 
f 1964/1964/1964 1963/1963/1963 1966/1966/1966 
f 1967/1967/1967 1968/1968/1968 1969/1969/1969 
f 1968/1968/1968 1967/1967/1967 1970/1970/1970 
f 1971/1971/1971 1972/1972/1972 1973/1973/1973 
f 1972/1972/1972 1971/1971/1971 1974/1974/1974 
f 1975/1975/1975 1976/1976/1976 1977/1977/1977 
f 1976/1976/1976 1975/1975/1975 1978/1978/1978 
f 1979/1979/1979 1978/1978/1978 1975/1975/1975 
f 1978/1978/1978 1979/1979/1979 1980/1980/1980 
f 1980/1980/1980 1979/1979/1979 1981/1981/1981 
f 1980/1980/1980 1981/1981/1981 1982/1982/1982 
f 1983/1983/1983 1982/1982/1982 1981/1981/1981 
f 1982/1982/1982 1983/1983/1983 1984/1984/1984 
f 1983/1983/1983 1981/1981/1981 1985/1985/1985 
f 1986/1986/1986 1987/1987/1987 1988/1988/1988 
f 1987/1987/1987 1986/1986/1986 1989/1989/1989 
f 1990/1990/1990 1991/1991/1991 1992/1992/1992 
f 1991/1991/1991 1990/1990/1990 1993/1993/1993 
f 1994/1994/1994 1995/1995/1995 1996/1996/1996 
f 1994/1994/1994 1997/1997/1997 1995/1995/1995 
f 1998/1998/1998 1999/1999/1999 2000/2000/2000 
f 2000/2000/2000 1999/1999/1999 2001/2001/2001 
f 2001/2001/2001 1999/1999/1999 2002/2002/2002 
f 2003/2003/2003 1999/1999/1999 1998/1998/1998 
f 2004/2004/2004 1999/1999/1999 2003/2003/2003 
f 2005/2005/2005 1999/1999/1999 2004/2004/2004 
f 2006/2006/2006 1999/1999/1999 2005/2005/2005 
f 2007/2007/2007 1999/1999/1999 2006/2006/2006 
f 2008/2008/2008 2009/2009/2009 2010/2010/2010 
f 2011/2011/2011 2012/2012/2012 2013/2013/2013 
f 2012/2012/2012 2011/2011/2011 2014/2014/2014 
f 2015/2015/2015 2016/2016/2016 2017/2017/2017 
f 2016/2016/2016 2015/2015/2015 2018/2018/2018 
f 2019/2019/2019 2020/2020/2020 2021/2021/2021 
f 2021/2021/2021 2022/2022/2022 2019/2019/2019 
f 2023/2023/2023 2024/2024/2024 2025/2025/2025 
f 2024/2024/2024 2023/2023/2023 2026/2026/2026 
f 2027/2027/2027 2028/2028/2028 2029/2029/2029 
f 2029/2029/2029 2028/2028/2028 2030/2030/2030 
f 2031/2031/2031 2028/2028/2028 2027/2027/2027 
f 2032/2032/2032 2028/2028/2028 2031/2031/2031 
f 2030/2030/2030 2028/2028/2028 2033/2033/2033 
f 2033/2033/2033 2028/2028/2028 2034/2034/2034 
f 2034/2034/2034 2028/2028/2028 2035/2035/2035 
f 2035/2035/2035 2028/2028/2028 2036/2036/2036 
f 2037/2037/2037 2038/2038/2038 2039/2039/2039 
f 2038/2038/2038 2037/2037/2037 2040/2040/2040 
f 2041/2041/2041 2042/2042/2042 2043/2043/2043 
f 2042/2042/2042 2041/2041/2041 2044/2044/2044 

g R15Bacon4

v -6.7003 0.0355232 16.4658 
v -6.66717 0.00200191 16.4658 
v -6.66711 0.0355234 16.493 
v -6.01254 0.0355234 16.493 
v -6.01253 0.00200203 16.4657 
v -5.97891 0.0355236 16.4658 
v -6.01254 0.473826 16.493 
v -6.01254 0.0355234 16.493 
v -5.97891 0.0355236 16.4658 
v -5.97891 0.473827 16.4658 
v -6.7003 0.0355232 16.4658 
v -6.66712 0.473826 16.493 
v -6.7003 0.473826 16.4658 
v -6.66711 0.0355234 16.493 
v -6.66711 0.0355234 16.493 
v -6.01254 0.473826 16.493 
v -6.66712 0.473826 16.493 
v -6.01254 0.0355234 16.493 
v -6.01253 0.00200203 16.4657 
v -6.66711 0.0355234 16.493 
v -6.66717 0.00200191 16.4658 
v -6.01254 0.0355234 16.493 
v -6.01254 0.473826 16.493 
v -6.61313 0.613905 16.4101 
v -6.66712 0.473826 16.493 
v -6.06649 0.613905 16.4101 
v -6.57384 0.719391 16.3354 
v -6.10575 0.719391 16.3354 
v -6.5467 0.7984 16.2122 
v -6.13286 0.798399 16.2122 
v -6.5398 0.822062 16.0746 
v -6.13975 0.822062 16.0746 
v -6.13286 0.799631 15.9196 
v -6.5467 0.799631 15.9196 
v -6.10575 0.720235 15.7908 
v -6.57385 0.720235 15.7908 
v -6.06649 0.614276 15.7152 
v -6.66711 0.00200155 15.6394 
v -6.66717 0.00200191 16.4658 
v -6.7003 0.0356249 15.6674 
v -6.7003 0.0355232 16.4658 
v -5.97891 0.0355242 15.6674 
v -6.01253 0.00200203 16.4657 
v -6.01254 0.00200263 15.6394 
v -5.97891 0.0355236 16.4658 
v -5.97891 0.473827 16.4658 
v -6.02803 0.604836 16.3883 
v -6.06649 0.613905 16.4101 
v -6.0636 0.701828 16.3164 
v -6.10575 0.719391 16.3354 
v -6.13286 0.798399 16.2122 
v -6.09005 0.77732 16.2026 
v -6.13975 0.822062 16.0746 
v -6.09837 0.797496 16.0743 
v -6.09005 0.778495 15.9277 
v -6.13286 0.799631 15.9196 
v -6.0636 0.703047 15.8084 
v -6.10575 0.720235 15.7908 
v -6.06649 0.614276 15.7152 
v -6.02803 0.605441 15.7359 
v -6.01254 0.473097 15.6394 
v -5.97891 0.473772 15.6674 
v -6.02803 0.604836 16.3883 
v -6.02803 0.605441 15.7359 
v -6.0636 0.701828 16.3164 
v -6.0636 0.703047 15.8084 
v -6.09837 0.797496 16.0743 
v -6.09005 0.77732 16.2026 
v -6.09005 0.778495 15.9277 
v -6.63602 0.00200203 15.4724 
v -6.70029 0.0355242 15.5455 
v -6.66711 0.0355243 15.4566 
v -6.66605 0.00200167 15.5575 
v -6.66605 0.00200155 15.6394 
v -6.7003 0.035524 15.6674 
v -6.58947 0.00200179 15.393 
v -6.61567 0.0355243 15.3721 
v -6.55809 0.0355244 15.3184 
v -6.53735 0.00200191 15.342 
v -6.48903 0.0355244 15.2817 
v -6.47485 0.00200191 15.308 
v -6.41366 0.0355242 15.2595 
v -6.40664 0.00200191 15.2869 
v -6.33965 0.0355244 15.25 
v -6.33965 0.00200191 15.2782 
v -6.27267 0.00200191 15.2869 
v -6.26564 0.0355242 15.2595 
v -6.20445 0.00200191 15.308 
v -6.19027 0.0355244 15.2817 
v -6.14196 0.00200191 15.342 
v -6.12122 0.0355244 15.3184 
v -6.08984 0.00200191 15.393 
v -6.06363 0.0355244 15.3721 
v -6.01219 0.0355243 15.4566 
v -6.04328 0.00200203 15.4724 
v -5.97901 0.0355243 15.5455 
v -6.01325 0.00200179 15.5575 
v -6.01325 0.00200167 15.6394 
v -5.979 0.0355242 15.6674 
v -5.97891 0.473772 15.6674 
v -5.97891 0.0355236 16.4658 
v -5.97891 0.0355242 15.6674 
v -5.97891 0.473827 16.4658 
v -6.7003 0.0356249 15.6674 
v -6.7003 0.473826 16.4658 
v -6.7003 0.473774 15.6674 
v -6.7003 0.0355232 16.4658 
v -6.70029 0.0805855 15.5564 
v -6.70029 0.0355242 15.5455 
v -6.7003 0.035524 15.6674 
v -6.70029 0.114601 15.58 
v -6.70029 0.142493 15.6212 
v -6.7003 0.148131 15.6674 
v -5.97901 0.0805856 15.5564 
v -5.979 0.0355242 15.6674 
v -5.97901 0.0355243 15.5455 
v -5.97901 0.114601 15.58 
v -5.97901 0.142493 15.6212 
v -5.979 0.148131 15.6674 
v -6.01254 0.00200263 15.6394 
v -6.01253 0.00200203 16.4657 
v -6.66711 0.00200155 15.6394 
v -6.66717 0.00200191 16.4658 
v -6.66605 0.00200167 15.5575 
v -6.63602 0.00200203 15.4724 
v -6.33965 0.00200167 15.6394 
v -6.66605 0.00200155 15.6394 
v -6.58947 0.00200179 15.393 
v -6.53735 0.00200191 15.342 
v -6.47485 0.00200191 15.308 
v -6.40664 0.00200191 15.2869 
v -6.33965 0.00200191 15.2782 
v -6.27267 0.00200191 15.2869 
v -6.20445 0.00200191 15.308 
v -6.14196 0.00200191 15.342 
v -6.08984 0.00200191 15.393 
v -6.04328 0.00200203 15.4724 
v -6.01325 0.00200179 15.5575 
v -6.01325 0.00200167 15.6394 
v -6.66711 0.473096 15.6394 
v -6.7003 0.0356249 15.6674 
v -6.7003 0.473774 15.6674 
v -6.66711 0.00200155 15.6394 
v -6.01254 0.473097 15.6394 
v -5.97891 0.0355242 15.6674 
v -6.01254 0.00200263 15.6394 
v -5.97891 0.473772 15.6674 
v -6.61315 0.614276 15.7152 
v -6.66711 0.473096 15.6394 
v -6.61315 0.614276 15.7152 
v -6.65122 0.605441 15.7359 
v -6.7003 0.473774 15.6674 
v -6.61565 0.703047 15.8084 
v -6.57385 0.720235 15.7908 
v -6.5467 0.799631 15.9196 
v -6.5892 0.778495 15.9277 
v -6.5398 0.822062 16.0746 
v -6.58088 0.797494 16.0743 
v -6.5892 0.77732 16.2026 
v -6.5467 0.7984 16.2122 
v -6.61565 0.701827 16.3164 
v -6.57384 0.719391 16.3354 
v -6.65122 0.604836 16.3883 
v -6.61313 0.613905 16.4101 
v -6.7003 0.473826 16.4658 
v -6.65122 0.604836 16.3883 
v -6.65122 0.605441 15.7359 
v -6.61565 0.701827 16.3164 
v -6.61565 0.703047 15.8084 
v -6.58088 0.797494 16.0743 
v -6.5892 0.778495 15.9277 
v -6.5892 0.77732 16.2026 
v -6.66711 0.116026 15.4726 
v -6.66711 0.0355243 15.4566 
v -6.70029 0.0355242 15.5455 
v -6.70029 0.0805855 15.5564 
v -6.61567 0.0355243 15.3721 
v -6.70029 0.114601 15.58 
v -6.61567 0.148355 15.3945 
v -6.55809 0.0355244 15.3184 
v -6.66711 0.184272 15.5182 
v -6.70029 0.142493 15.6212 
v -6.61567 0.24401 15.4585 
v -6.55809 0.167994 15.3456 
v -6.48903 0.0355244 15.2817 
v -6.55809 0.280891 15.4204 
v -6.48903 0.182946 15.311 
v -6.41366 0.0355242 15.2595 
v -6.66711 0.229873 15.5864 
v -6.66711 0.245885 15.6674 
v -6.7003 0.148131 15.6674 
v -6.61567 0.330367 15.6674 
v -6.61567 0.307923 15.5541 
v -6.55809 0.382413 15.6674 
v -6.55809 0.356841 15.5333 
v -6.48903 0.420754 15.6674 
v -6.48903 0.39143 15.5195 
v -6.41366 0.442739 15.6674 
v -6.48903 0.307923 15.3945 
v -6.41366 0.413886 15.5104 
v -6.33965 0.452494 15.6674 
v -6.41366 0.191925 15.2902 
v -6.33965 0.0355244 15.25 
v -6.41366 0.323191 15.3776 
v -6.33965 0.195092 15.2817 
v -6.26564 0.191925 15.2902 
v -6.26564 0.0355242 15.2595 
v -6.33965 0.330367 15.3721 
v -6.33965 0.420754 15.5074 
v -6.26564 0.323191 15.3776 
v -6.26564 0.413886 15.5104 
v -6.26564 0.442739 15.6674 
v -6.19027 0.307923 15.3945 
v -6.19027 0.182946 15.311 
v -6.19027 0.0355244 15.2817 
v -6.19027 0.391431 15.5195 
v -6.19027 0.420754 15.6674 
v -6.12122 0.280891 15.4204 
v -6.12122 0.167994 15.3456 
v -6.12122 0.0355244 15.3184 
v -6.12122 0.356841 15.5333 
v -6.12122 0.382413 15.6674 
v -6.06363 0.148356 15.3945 
v -6.06363 0.0355244 15.3721 
v -6.06363 0.24401 15.4585 
v -6.06363 0.307923 15.5541 
v -6.06363 0.330367 15.6674 
v -6.01219 0.116026 15.4726 
v -6.01219 0.0355243 15.4566 
v -5.97901 0.0355243 15.5455 
v -5.97901 0.0805856 15.5564 
v -5.97901 0.114601 15.58 
v -6.01219 0.229873 15.5864 
v -6.01219 0.245885 15.6674 
v -6.01219 0.184272 15.5182 
v -5.97901 0.142493 15.6212 
v -5.979 0.148131 15.6674 
v -6.01254 0.473097 15.6394 
v -6.66711 0.00200155 15.6394 
v -6.66711 0.473096 15.6394 
v -6.01254 0.00200263 15.6394 

vn -0.535433 -0.527559 0.653543 
vn -0.535433 -0.527559 0.653543 
vn -0.535433 -0.527559 0.653543 
vn 0.527559 -0.535433 0.661417 
vn 0.527559 -0.535433 0.661417 
vn 0.527559 -0.535433 0.661417 
vn 0.629921 0 0.779528 
vn 0.629921 0 0.779528 
vn 0.629921 0 0.779528 
vn 0.629921 0 0.779528 
vn -0.629921 0 0.771654 
vn -0.629921 0 0.771654 
vn -0.629921 0 0.771654 
vn -0.629921 0 0.771654 
vn 0 0 1 
vn 0 0 1 
vn 0 0 1 
vn 0 0 1 
vn 0 -0.629921 0.779528 
vn 0 -0.629921 0.779528 
vn 0 -0.629921 0.779528 
vn 0 -0.629921 0.779528 
vn 0.173228 0.905512 0.393701 
vn 0 0.433071 0.905512 
vn -0.181102 0.905512 0.393701 
vn 0 0.433071 0.905512 
vn 0 0.724409 0.692913 
vn 0 0.724409 0.692913 
vn 0 0.929134 0.362205 
vn 0 0.929134 0.362205 
vn 0 1 0.015748 
vn 0 1 0.015748 
vn 0 0.937008 -0.338583 
vn 0 0.937008 -0.338583 
vn 0 0.732283 -0.685039 
vn 0 0.732283 -0.685039 
vn 0 0.417323 -0.905512 
vn -0.708661 -0.700787 0 
vn -0.708661 -0.700787 0 
vn -0.708661 -0.700787 0 
vn -0.708661 -0.700787 0 
vn 0.708661 -0.708661 0 
vn 0.708661 -0.708661 0 
vn 0.708661 -0.708661 0 
vn 0.708661 -0.708661 0 
vn 0.370079 0.905512 0.19685 
vn 0.653543 0.330709 0.685039 
vn 0.653543 0.322835 0.685039 
vn 0.653543 0.551181 0.519685 
vn 0.653543 0.543307 0.527559 
vn 0.645669 0.708661 0.275591 
vn 0.645669 0.716535 0.275591 
vn 0.637795 0.771654 0.00787402 
vn 0.637795 0.771654 0.00787402 
vn 0.637795 0.724409 -0.259843 
vn 0.637795 0.724409 -0.259843 
vn 0.637795 0.566929 -0.527559 
vn 0.637795 0.566929 -0.527559 
vn 0.629921 0.322835 -0.700787 
vn 0.629921 0.330709 -0.700787 
vn 0.181102 0.889764 -0.417323 
vn 0.377953 0.905512 -0.204724 
vn 1 0 0 
vn 1 0 0 
vn 1 0 0 
vn 1 0 0 
vn 1 0 0 
vn 1 0 0 
vn 1 0 0 
vn -0.622047 -0.724409 -0.299213 
vn -0.677165 -0.724409 -0.125984 
vn -0.622047 -0.724409 -0.299213 
vn -0.677165 -0.724409 -0.110236 
vn -0.700787 -0.716535 0 
vn -0.700787 -0.716535 0 
vn -0.551181 -0.708661 -0.440945 
vn -0.551181 -0.708661 -0.440945 
vn -0.433071 -0.685039 -0.590551 
vn -0.425197 -0.685039 -0.590551 
vn -0.291339 -0.661417 -0.692913 
vn -0.283465 -0.661417 -0.692913 
vn -0.15748 -0.645669 -0.748031 
vn -0.15748 -0.645669 -0.748031 
vn 0 -0.645669 -0.76378 
vn 0 -0.645669 -0.76378 
vn 0.15748 -0.645669 -0.748031 
vn 0.15748 -0.645669 -0.748031 
vn 0.283465 -0.661417 -0.692913 
vn 0.291339 -0.661417 -0.692913 
vn 0.425197 -0.685039 -0.590551 
vn 0.433071 -0.685039 -0.590551 
vn 0.551181 -0.708661 -0.440945 
vn 0.551181 -0.708661 -0.440945 
vn 0.622047 -0.724409 -0.299213 
vn 0.622047 -0.724409 -0.299213 
vn 0.677165 -0.724409 -0.125984 
vn 0.677165 -0.724409 -0.110236 
vn 0.700787 -0.716535 0 
vn 0.700787 -0.716535 0 
vn 1 0 0 
vn 1 0 0 
vn 1 0 0 
vn 1 0 0 
vn -1 0 0 
vn -1 0 0 
vn -1 0 0 
vn -1 0 0 
vn -0.984252 0.0787402 -0.181102 
vn -0.976378 0.0472441 -0.204724 
vn -1 0 0 
vn -0.984252 0.133858 -0.133858 
vn -0.984252 0.181102 -0.0708661 
vn -0.984252 0.181102 -0.0314961 
vn 0.984252 0.0787402 -0.181102 
vn 1 0 0 
vn 0.976378 0.0472441 -0.204724 
vn 0.984252 0.133858 -0.133858 
vn 0.984252 0.181102 -0.0708661 
vn 0.984252 0.181102 -0.0314961 
vn 0 -1 0 
vn 0 -1 0 
vn 0 -1 0 
vn 0 -1 0 
vn 0 -1 0 
vn 0 -1 0 
vn 0 -1 0 
vn 0 -1 0 
vn 0 -1 0 
vn 0 -1 0 
vn 0 -1 0 
vn 0 -1 0 
vn 0 -1 0 
vn 0 -1 0 
vn 0 -1 0 
vn 0 -1 0 
vn 0 -1 0 
vn 0 -1 0 
vn 0 -1 0 
vn 0 -1 0 
vn -0.645669 0 -0.76378 
vn -0.645669 0 -0.76378 
vn -0.645669 0 -0.76378 
vn -0.645669 0 -0.76378 
vn 0.637795 0 -0.771654 
vn 0.637795 0 -0.771654 
vn 0.637795 0 -0.771654 
vn 0.637795 0 -0.771654 
vn 0 0.417323 -0.905512 
vn -0.181102 0.889764 -0.417323 
vn -0.637795 0.322835 -0.700787 
vn -0.637795 0.322835 -0.692913 
vn -0.377953 0.905512 -0.204724 
vn -0.637795 0.566929 -0.519685 
vn -0.637795 0.559055 -0.527559 
vn -0.645669 0.716535 -0.259843 
vn -0.645669 0.724409 -0.259843 
vn -0.637795 0.771654 0.00787402 
vn -0.637795 0.771654 0.00787402 
vn -0.653543 0.708661 0.267717 
vn -0.653543 0.708661 0.275591 
vn -0.653543 0.551181 0.519685 
vn -0.661417 0.543307 0.519685 
vn -0.653543 0.330709 0.677165 
vn -0.653543 0.322835 0.685039 
vn -0.370079 0.905512 0.19685 
vn -1 0 0 
vn -1 0 0 
vn -1 0 0 
vn -1 0 0 
vn -1 0 0 
vn -1 0 0 
vn -1 0 0 
vn -0.897638 0.173228 -0.409449 
vn -0.889764 0.0866142 -0.440945 
vn -0.976378 0.0472441 -0.204724 
vn -0.984252 0.0787402 -0.181102 
vn -0.755906 0.125984 -0.637795 
vn -0.984252 0.133858 -0.133858 
vn -0.76378 0.244094 -0.598425 
vn -0.566929 0.165354 -0.811024 
vn -0.897638 0.314961 -0.314961 
vn -0.984252 0.181102 -0.0708661 
vn -0.76378 0.456693 -0.456693 
vn -0.574803 0.314961 -0.755906 
vn -0.370079 0.181102 -0.913386 
vn -0.574803 0.574803 -0.582677 
vn -0.377953 0.354331 -0.858268 
vn -0.19685 0.188976 -0.96063 
vn -0.897638 0.401575 -0.165354 
vn -0.897638 0.433071 -0.0787402 
vn -0.984252 0.181102 -0.0314961 
vn -0.755906 0.637795 -0.125984 
vn -0.76378 0.598425 -0.244094 
vn -0.566929 0.811024 -0.15748 
vn -0.574803 0.755906 -0.314961 
vn -0.377953 0.905512 -0.173228 
vn -0.385827 0.850394 -0.354331 
vn -0.19685 0.96063 -0.181102 
vn -0.385827 0.653543 -0.653543 
vn -0.204724 0.905512 -0.370079 
vn 0 0.984252 -0.188976 
vn -0.204724 0.370079 -0.905512 
vn 0 0.19685 -0.984252 
vn -0.204724 0.692913 -0.692913 
vn 0 0.377953 -0.92126 
vn 0.204724 0.370079 -0.905512 
vn 0.19685 0.188976 -0.96063 
vn 0 0.708661 -0.708661 
vn 0 0.92126 -0.377953 
vn 0.204724 0.692913 -0.692913 
vn 0.204724 0.905512 -0.370079 
vn 0.19685 0.96063 -0.181102 
vn 0.385827 0.653543 -0.653543 
vn 0.377953 0.354331 -0.858268 
vn 0.370079 0.181102 -0.913386 
vn 0.385827 0.850394 -0.354331 
vn 0.377953 0.905512 -0.173228 
vn 0.574803 0.574803 -0.582677 
vn 0.574803 0.314961 -0.755906 
vn 0.566929 0.165354 -0.811024 
vn 0.574803 0.755906 -0.314961 
vn 0.566929 0.811024 -0.15748 
vn 0.76378 0.244094 -0.598425 
vn 0.755906 0.125984 -0.637795 
vn 0.76378 0.456693 -0.456693 
vn 0.76378 0.598425 -0.244094 
vn 0.755906 0.637795 -0.125984 
vn 0.897638 0.173228 -0.409449 
vn 0.889764 0.0866142 -0.440945 
vn 0.976378 0.0472441 -0.204724 
vn 0.984252 0.0787402 -0.181102 
vn 0.984252 0.133858 -0.133858 
vn 0.897638 0.401575 -0.165354 
vn 0.897638 0.433071 -0.0787402 
vn 0.897638 0.314961 -0.314961 
vn 0.984252 0.181102 -0.0708661 
vn 0.984252 0.181102 -0.0314961 
vn 0 0 -1 
vn 0 0 -1 
vn 0 0 -1 
vn 0 0 -1 

vt 0.709149 0.0077799 
vt 0.705098 0.0077799 
vt 0.709149 0.00398934 
vt 0.64048 0.00398934 
vt 0.644432 0.0077799 
vt 0.64048 0.0077799 
vt 0.491863 0.0804041 
vt 0.491863 0.0531733 
vt 0.495371 0.0531733 
vt 0.495371 0.0804041 
vt 0.426072 0.0531733 
vt 0.430009 0.0804041 
vt 0.426072 0.0804041 
vt 0.430009 0.0531733 
vt 0.430009 0.0531733 
vt 0.491863 0.0804041 
vt 0.430009 0.0804041 
vt 0.491863 0.0531733 
vt 0.644432 0.0077799 
vt 0.709149 0.00398934 
vt 0.705098 0.0077799 
vt 0.64048 0.00398934 
vt 0.602266 0.0804086 
vt 0.631173 0.0750502 
vt 0.63354 0.0804085 
vt 0.604631 0.0750502 
vt 0.631173 0.0702246 
vt 0.604631 0.0702246 
vt 0.631173 0.0622567 
vt 0.604631 0.0622567 
vt 0.631173 0.0533652 
vt 0.604631 0.0533652 
vt 0.604631 0.0433474 
vt 0.631173 0.0433474 
vt 0.604631 0.0350202 
vt 0.631173 0.0350202 
vt 0.604631 0.0301292 
vt 0.705098 0.0790311 
vt 0.705098 0.0077799 
vt 0.709149 0.0790311 
vt 0.709149 0.0077799 
vt 0.640415 0.0790311 
vt 0.644432 0.0077799 
vt 0.644432 0.0790311 
vt 0.64048 0.0077799 
vt 0.60066 0.0786545 
vt 0.603268 0.0736397 
vt 0.604631 0.0750502 
vt 0.603268 0.068996 
vt 0.604631 0.0702246 
vt 0.604631 0.0622567 
vt 0.603268 0.0616355 
vt 0.604631 0.0533652 
vt 0.603268 0.0533413 
vt 0.603268 0.0438682 
vt 0.604631 0.0433474 
vt 0.603268 0.0361539 
vt 0.604631 0.0350202 
vt 0.604631 0.0301292 
vt 0.603268 0.0314672 
vt 0.602266 0.0252309 
vt 0.60066 0.0270406 
vt 0.603268 0.0736397 
vt 0.603268 0.0314672 
vt 0.603268 0.068996 
vt 0.603268 0.0361539 
vt 0.603268 0.0533413 
vt 0.603268 0.0616355 
vt 0.603268 0.0438682 
vt 0.704927 0.0983604 
vt 0.709149 0.0900827 
vt 0.709149 0.101512 
vt 0.704927 0.0887353 
vt 0.705042 0.0790311 
vt 0.709149 0.0790311 
vt 0.704927 0.111869 
vt 0.709149 0.115539 
vt 0.700111 0.115539 
vt 0.697083 0.111869 
vt 0.692123 0.115539 
vt 0.690056 0.111869 
vt 0.683357 0.115539 
vt 0.682388 0.111869 
vt 0.674795 0.115539 
vt 0.674931 0.111869 
vt 0.667245 0.111869 
vt 0.666232 0.115539 
vt 0.659411 0.111869 
vt 0.657371 0.115539 
vt 0.65243 0.111869 
vt 0.649438 0.115539 
vt 0.644547 0.111869 
vt 0.640415 0.115539 
vt 0.640415 0.101603 
vt 0.644547 0.0983703 
vt 0.640415 0.0901618 
vt 0.644547 0.0888278 
vt 0.644424 0.0790311 
vt 0.640415 0.0790311 
vt 0.495713 0.114997 
vt 0.426474 0.088975 
vt 0.495713 0.088975 
vt 0.426474 0.114997 
vt 0.565329 0.088975 
vt 0.634679 0.114997 
vt 0.565329 0.114997 
vt 0.634679 0.0889751 
vt 0.561322 0.0914476 
vt 0.561322 0.088975 
vt 0.565329 0.088975 
vt 0.56238 0.0937641 
vt 0.564113 0.0957381 
vt 0.565329 0.0958895 
vt 0.499437 0.0914476 
vt 0.495713 0.088975 
vt 0.499437 0.088975 
vt 0.49901 0.0937641 
vt 0.497943 0.0957381 
vt 0.495713 0.0958895 
vt 0.644432 0.0790311 
vt 0.644432 0.0077799 
vt 0.705098 0.0790311 
vt 0.705098 0.0077799 
vt 0.704927 0.0887353 
vt 0.704927 0.0983604 
vt 0.674728 0.0790311 
vt 0.705042 0.0790311 
vt 0.704927 0.111869 
vt 0.697083 0.111869 
vt 0.690056 0.111869 
vt 0.682388 0.111869 
vt 0.674931 0.111869 
vt 0.667245 0.111869 
vt 0.659411 0.111869 
vt 0.65243 0.111869 
vt 0.644547 0.111869 
vt 0.644547 0.0983703 
vt 0.644547 0.0888278 
vt 0.644424 0.0790311 
vt 0.561322 0.114997 
vt 0.565329 0.088975 
vt 0.565329 0.114997 
vt 0.561322 0.088975 
vt 0.499437 0.114997 
vt 0.495713 0.088975 
vt 0.499437 0.088975 
vt 0.495713 0.114997 
vt 0.631174 0.0301292 
vt 0.633539 0.0252308 
vt 0.631174 0.0301292 
vt 0.632518 0.0314702 
vt 0.635125 0.0270419 
vt 0.632518 0.0361559 
vt 0.631173 0.0350202 
vt 0.631173 0.0433474 
vt 0.632518 0.0438691 
vt 0.631173 0.0533652 
vt 0.632518 0.0533413 
vt 0.632518 0.0616355 
vt 0.631173 0.0622567 
vt 0.632518 0.0689959 
vt 0.631173 0.0702246 
vt 0.632518 0.0736396 
vt 0.631173 0.0750502 
vt 0.635125 0.0786523 
vt 0.632518 0.0736396 
vt 0.632518 0.0314702 
vt 0.632518 0.0689959 
vt 0.632518 0.0361559 
vt 0.632518 0.0533413 
vt 0.632518 0.0438691 
vt 0.632518 0.0616355 
vt 0.556554 0.0932356 
vt 0.556554 0.088975 
vt 0.561322 0.088975 
vt 0.561322 0.0914476 
vt 0.551149 0.088975 
vt 0.56238 0.0937641 
vt 0.551149 0.0937833 
vt 0.546262 0.088975 
vt 0.556554 0.0970428 
vt 0.564113 0.0957381 
vt 0.551149 0.0979059 
vt 0.546262 0.0942433 
vt 0.541293 0.088975 
vt 0.546262 0.0984102 
vt 0.541293 0.0945481 
vt 0.53601 0.088975 
vt 0.556554 0.101063 
vt 0.556554 0.105949 
vt 0.565329 0.0958895 
vt 0.551149 0.110841 
vt 0.551149 0.10401 
vt 0.546262 0.112843 
vt 0.546262 0.104929 
vt 0.541293 0.113878 
vt 0.541293 0.105635 
vt 0.53601 0.114555 
vt 0.541293 0.0988973 
vt 0.53601 0.105972 
vt 0.530971 0.114729 
vt 0.53601 0.0945953 
vt 0.530971 0.088975 
vt 0.53601 0.0993226 
vt 0.530971 0.0946194 
vt 0.525495 0.094602 
vt 0.525495 0.088975 
vt 0.530971 0.0993419 
vt 0.530971 0.106101 
vt 0.525495 0.0992936 
vt 0.525495 0.105915 
vt 0.525495 0.11451 
vt 0.520242 0.0988365 
vt 0.520242 0.0945673 
vt 0.520242 0.088975 
vt 0.520242 0.105505 
vt 0.520242 0.113786 
vt 0.51508 0.0983158 
vt 0.51508 0.0942732 
vt 0.51508 0.088975 
vt 0.51508 0.104741 
vt 0.51508 0.112701 
vt 0.509856 0.0938247 
vt 0.509856 0.088975 
vt 0.509856 0.0977806 
vt 0.509856 0.103728 
vt 0.509856 0.110617 
vt 0.504595 0.092978 
vt 0.504595 0.088975 
vt 0.499437 0.088975 
vt 0.499437 0.0914476 
vt 0.49901 0.0937641 
vt 0.504595 0.100583 
vt 0.504595 0.105601 
vt 0.504595 0.0968692 
vt 0.497943 0.0957381 
vt 0.495713 0.0958895 
vt 0.499437 0.114997 
vt 0.561322 0.088975 
vt 0.561322 0.114997 
vt 0.499437 0.088975 

usemtl R15Bacon1Mtl

f 2045/2045/2045 2046/2046/2046 2047/2047/2047 
f 2048/2048/2048 2049/2049/2049 2050/2050/2050 
f 2051/2051/2051 2052/2052/2052 2053/2053/2053 
f 2053/2053/2053 2054/2054/2054 2051/2051/2051 
f 2055/2055/2055 2056/2056/2056 2057/2057/2057 
f 2056/2056/2056 2055/2055/2055 2058/2058/2058 
f 2059/2059/2059 2060/2060/2060 2061/2061/2061 
f 2060/2060/2060 2059/2059/2059 2062/2062/2062 
f 2063/2063/2063 2064/2064/2064 2065/2065/2065 
f 2064/2064/2064 2063/2063/2063 2066/2066/2066 
f 2067/2067/2067 2068/2068/2068 2069/2069/2069 
f 2068/2068/2068 2067/2067/2067 2070/2070/2070 
f 2068/2068/2068 2070/2070/2070 2071/2071/2071 
f 2072/2072/2072 2071/2071/2071 2070/2070/2070 
f 2072/2072/2072 2073/2073/2073 2071/2071/2071 
f 2073/2073/2073 2072/2072/2072 2074/2074/2074 
f 2074/2074/2074 2075/2075/2075 2073/2073/2073 
f 2075/2075/2075 2074/2074/2074 2076/2076/2076 
f 2077/2077/2077 2075/2075/2075 2076/2076/2076 
f 2075/2075/2075 2077/2077/2077 2078/2078/2078 
f 2079/2079/2079 2078/2078/2078 2077/2077/2077 
f 2078/2078/2078 2079/2079/2079 2080/2080/2080 
f 2081/2081/2081 2080/2080/2080 2079/2079/2079 
f 2082/2082/2082 2083/2083/2083 2084/2084/2084 
f 2084/2084/2084 2083/2083/2083 2085/2085/2085 
f 2086/2086/2086 2087/2087/2087 2088/2088/2088 
f 2087/2087/2087 2086/2086/2086 2089/2089/2089 
f 2090/2090/2090 2091/2091/2091 2067/2067/2067 
f 2067/2067/2067 2091/2091/2091 2092/2092/2092 
f 2092/2092/2092 2091/2091/2091 2093/2093/2093 
f 2094/2094/2094 2092/2092/2092 2093/2093/2093 
f 2095/2095/2095 2094/2094/2094 2093/2093/2093 
f 2095/2095/2095 2093/2093/2093 2096/2096/2096 
f 2096/2096/2096 2097/2097/2097 2095/2095/2095 
f 2097/2097/2097 2096/2096/2096 2098/2098/2098 
f 2099/2099/2099 2097/2097/2097 2098/2098/2098 
f 2097/2097/2097 2099/2099/2099 2100/2100/2100 
f 2101/2101/2101 2100/2100/2100 2099/2099/2099 
f 2102/2102/2102 2100/2100/2100 2101/2101/2101 
f 2101/2101/2101 2103/2103/2103 2102/2102/2102 
f 2101/2101/2101 2104/2104/2104 2103/2103/2103 
f 2104/2104/2104 2105/2105/2105 2103/2103/2103 
f 2105/2105/2105 2104/2104/2104 2106/2106/2106 
f 2106/2106/2106 2107/2107/2107 2090/2090/2090 
f 2107/2107/2107 2106/2106/2106 2108/2108/2108 
f 2107/2107/2107 2108/2108/2108 2109/2109/2109 
f 2109/2109/2109 2108/2108/2108 2110/2110/2110 
f 2110/2110/2110 2111/2111/2111 2109/2109/2109 
f 2109/2109/2109 2111/2111/2111 2112/2112/2112 
f 2111/2111/2111 2110/2110/2110 2113/2113/2113 
f 2114/2114/2114 2115/2115/2115 2116/2116/2116 
f 2115/2115/2115 2114/2114/2114 2117/2117/2117 
f 2118/2118/2118 2115/2115/2115 2117/2117/2117 
f 2115/2115/2115 2118/2118/2118 2119/2119/2119 
f 2116/2116/2116 2120/2120/2120 2114/2114/2114 
f 2120/2120/2120 2116/2116/2116 2121/2121/2121 
f 2122/2122/2122 2120/2120/2120 2121/2121/2121 
f 2120/2120/2120 2122/2122/2122 2123/2123/2123 
f 2124/2124/2124 2123/2123/2123 2122/2122/2122 
f 2123/2123/2123 2124/2124/2124 2125/2125/2125 
f 2124/2124/2124 2126/2126/2126 2125/2125/2125 
f 2127/2127/2127 2125/2125/2125 2126/2126/2126 
f 2128/2128/2128 2127/2127/2127 2126/2126/2126 
f 2127/2127/2127 2128/2128/2128 2129/2129/2129 
f 2128/2128/2128 2130/2130/2130 2129/2129/2129 
f 2130/2130/2130 2128/2128/2128 2131/2131/2131 
f 2131/2131/2131 2132/2132/2132 2130/2130/2130 
f 2132/2132/2132 2131/2131/2131 2133/2133/2133 
f 2133/2133/2133 2134/2134/2134 2132/2132/2132 
f 2134/2134/2134 2133/2133/2133 2135/2135/2135 
f 2135/2135/2135 2136/2136/2136 2134/2134/2134 
f 2136/2136/2136 2135/2135/2135 2137/2137/2137 
f 2138/2138/2138 2136/2136/2136 2137/2137/2137 
f 2136/2136/2136 2138/2138/2138 2139/2139/2139 
f 2140/2140/2140 2139/2139/2139 2138/2138/2138 
f 2139/2139/2139 2140/2140/2140 2141/2141/2141 
f 2140/2140/2140 2142/2142/2142 2141/2141/2141 
f 2142/2142/2142 2140/2140/2140 2143/2143/2143 
f 2144/2144/2144 2145/2145/2145 2146/2146/2146 
f 2145/2145/2145 2144/2144/2144 2147/2147/2147 
f 2148/2148/2148 2149/2149/2149 2150/2150/2150 
f 2149/2149/2149 2148/2148/2148 2151/2151/2151 
f 2152/2152/2152 2153/2153/2153 2154/2154/2154 
f 2155/2155/2155 2152/2152/2152 2154/2154/2154 
f 2156/2156/2156 2155/2155/2155 2154/2154/2154 
f 2157/2157/2157 2156/2156/2156 2154/2154/2154 
f 2158/2158/2158 2159/2159/2159 2160/2160/2160 
f 2161/2161/2161 2159/2159/2159 2158/2158/2158 
f 2162/2162/2162 2159/2159/2159 2161/2161/2161 
f 2163/2163/2163 2159/2159/2159 2162/2162/2162 
f 2164/2164/2164 2165/2165/2165 2166/2166/2166 
f 2166/2166/2166 2165/2165/2165 2167/2167/2167 
f 2168/2168/2168 2169/2169/2169 2170/2170/2170 
f 2171/2171/2171 2168/2168/2168 2170/2170/2170 
f 2169/2169/2169 2172/2172/2172 2170/2170/2170 
f 2172/2172/2172 2173/2173/2173 2170/2170/2170 
f 2173/2173/2173 2174/2174/2174 2170/2170/2170 
f 2174/2174/2174 2175/2175/2175 2170/2170/2170 
f 2175/2175/2175 2176/2176/2176 2170/2170/2170 
f 2176/2176/2176 2177/2177/2177 2170/2170/2170 
f 2177/2177/2177 2178/2178/2178 2170/2170/2170 
f 2178/2178/2178 2179/2179/2179 2170/2170/2170 
f 2179/2179/2179 2180/2180/2180 2170/2170/2170 
f 2180/2180/2180 2181/2181/2181 2170/2170/2170 
f 2181/2181/2181 2182/2182/2182 2170/2170/2170 
f 2182/2182/2182 2183/2183/2183 2170/2170/2170 
f 2184/2184/2184 2185/2185/2185 2186/2186/2186 
f 2184/2184/2184 2187/2187/2187 2185/2185/2185 
f 2188/2188/2188 2189/2189/2189 2190/2190/2190 
f 2189/2189/2189 2188/2188/2188 2191/2191/2191 
f 2080/2080/2080 2081/2081/2081 2192/2192/2192 
f 2105/2105/2105 2192/2192/2192 2081/2081/2081 
f 2105/2105/2105 2193/2193/2193 2192/2192/2192 
f 2194/2194/2194 2193/2193/2193 2195/2195/2195 
f 2196/2196/2196 2195/2195/2195 2193/2193/2193 
f 2197/2197/2197 2194/2194/2194 2195/2195/2195 
f 2194/2194/2194 2197/2197/2197 2198/2198/2198 
f 2197/2197/2197 2199/2199/2199 2198/2198/2198 
f 2197/2197/2197 2200/2200/2200 2199/2199/2199 
f 2200/2200/2200 2201/2201/2201 2199/2199/2199 
f 2201/2201/2201 2200/2200/2200 2202/2202/2202 
f 2203/2203/2203 2201/2201/2201 2202/2202/2202 
f 2201/2201/2201 2203/2203/2203 2204/2204/2204 
f 2205/2205/2205 2204/2204/2204 2203/2203/2203 
f 2204/2204/2204 2205/2205/2205 2206/2206/2206 
f 2207/2207/2207 2206/2206/2206 2205/2205/2205 
f 2206/2206/2206 2207/2207/2207 2208/2208/2208 
f 2207/2207/2207 2069/2069/2069 2208/2208/2208 
f 2069/2069/2069 2207/2207/2207 2209/2209/2209 
f 2196/2196/2196 2209/2209/2209 2210/2210/2210 
f 2210/2210/2210 2211/2211/2211 2196/2196/2196 
f 2211/2211/2211 2210/2210/2210 2212/2212/2212 
f 2212/2212/2212 2213/2213/2213 2211/2211/2211 
f 2214/2214/2214 2213/2213/2213 2212/2212/2212 
f 2213/2213/2213 2214/2214/2214 2215/2215/2215 
f 2214/2214/2214 2212/2212/2212 2216/2216/2216 
f 2217/2217/2217 2218/2218/2218 2219/2219/2219 
f 2217/2217/2217 2219/2219/2219 2220/2220/2220 
f 2217/2217/2217 2221/2221/2221 2218/2218/2218 
f 2222/2222/2222 2217/2217/2217 2220/2220/2220 
f 2221/2221/2221 2217/2217/2217 2223/2223/2223 
f 2223/2223/2223 2224/2224/2224 2221/2221/2221 
f 2217/2217/2217 2222/2222/2222 2225/2225/2225 
f 2226/2226/2226 2225/2225/2225 2222/2222/2222 
f 2217/2217/2217 2227/2227/2227 2223/2223/2223 
f 2227/2227/2227 2217/2217/2217 2225/2225/2225 
f 2224/2224/2224 2223/2223/2223 2228/2228/2228 
f 2228/2228/2228 2229/2229/2229 2224/2224/2224 
f 2223/2223/2223 2230/2230/2230 2228/2228/2228 
f 2230/2230/2230 2223/2223/2223 2227/2227/2227 
f 2231/2231/2231 2229/2229/2229 2228/2228/2228 
f 2230/2230/2230 2231/2231/2231 2228/2228/2228 
f 2231/2231/2231 2232/2232/2232 2229/2229/2229 
f 2233/2233/2233 2227/2227/2227 2225/2225/2225 
f 2225/2225/2225 2226/2226/2226 2233/2233/2233 
f 2226/2226/2226 2234/2234/2234 2233/2233/2233 
f 2235/2235/2235 2234/2234/2234 2226/2226/2226 
f 2236/2236/2236 2233/2233/2233 2234/2234/2234 
f 2233/2233/2233 2236/2236/2236 2237/2237/2237 
f 2227/2227/2227 2233/2233/2233 2237/2237/2237 
f 2238/2238/2238 2237/2237/2237 2236/2236/2236 
f 2239/2239/2239 2227/2227/2227 2237/2237/2237 
f 2237/2237/2237 2238/2238/2238 2239/2239/2239 
f 2227/2227/2227 2239/2239/2239 2230/2230/2230 
f 2240/2240/2240 2239/2239/2239 2238/2238/2238 
f 2239/2239/2239 2240/2240/2240 2241/2241/2241 
f 2230/2230/2230 2239/2239/2239 2241/2241/2241 
f 2241/2241/2241 2240/2240/2240 2242/2242/2242 
f 2243/2243/2243 2230/2230/2230 2241/2241/2241 
f 2231/2231/2231 2230/2230/2230 2243/2243/2243 
f 2242/2242/2242 2244/2244/2244 2241/2241/2241 
f 2243/2243/2243 2241/2241/2241 2244/2244/2244 
f 2245/2245/2245 2244/2244/2244 2242/2242/2242 
f 2243/2243/2243 2246/2246/2246 2231/2231/2231 
f 2232/2232/2232 2231/2231/2231 2246/2246/2246 
f 2246/2246/2246 2247/2247/2247 2232/2232/2232 
f 2246/2246/2246 2243/2243/2243 2248/2248/2248 
f 2248/2248/2248 2243/2243/2243 2244/2244/2244 
f 2247/2247/2247 2246/2246/2246 2249/2249/2249 
f 2248/2248/2248 2249/2249/2249 2246/2246/2246 
f 2250/2250/2250 2247/2247/2247 2249/2249/2249 
f 2247/2247/2247 2250/2250/2250 2251/2251/2251 
f 2252/2252/2252 2249/2249/2249 2248/2248/2248 
f 2248/2248/2248 2244/2244/2244 2253/2253/2253 
f 2253/2253/2253 2252/2252/2252 2248/2248/2248 
f 2244/2244/2244 2245/2245/2245 2253/2253/2253 
f 2254/2254/2254 2249/2249/2249 2252/2252/2252 
f 2249/2249/2249 2254/2254/2254 2250/2250/2250 
f 2253/2253/2253 2254/2254/2254 2252/2252/2252 
f 2245/2245/2245 2255/2255/2255 2253/2253/2253 
f 2254/2254/2254 2253/2253/2253 2255/2255/2255 
f 2255/2255/2255 2245/2245/2245 2256/2256/2256 
f 2254/2254/2254 2257/2257/2257 2250/2250/2250 
f 2255/2255/2255 2257/2257/2257 2254/2254/2254 
f 2251/2251/2251 2250/2250/2250 2258/2258/2258 
f 2257/2257/2257 2258/2258/2258 2250/2250/2250 
f 2258/2258/2258 2259/2259/2259 2251/2251/2251 
f 2256/2256/2256 2260/2260/2260 2255/2255/2255 
f 2257/2257/2257 2255/2255/2255 2260/2260/2260 
f 2260/2260/2260 2256/2256/2256 2261/2261/2261 
f 2262/2262/2262 2258/2258/2258 2257/2257/2257 
f 2260/2260/2260 2262/2262/2262 2257/2257/2257 
f 2259/2259/2259 2258/2258/2258 2263/2263/2263 
f 2258/2258/2258 2262/2262/2262 2263/2263/2263 
f 2263/2263/2263 2264/2264/2264 2259/2259/2259 
f 2260/2260/2260 2261/2261/2261 2265/2265/2265 
f 2262/2262/2262 2260/2260/2260 2265/2265/2265 
f 2265/2265/2265 2261/2261/2261 2266/2266/2266 
f 2264/2264/2264 2263/2263/2263 2267/2267/2267 
f 2267/2267/2267 2263/2263/2263 2262/2262/2262 
f 2267/2267/2267 2268/2268/2268 2264/2264/2264 
f 2265/2265/2265 2269/2269/2269 2262/2262/2262 
f 2269/2269/2269 2267/2267/2267 2262/2262/2262 
f 2266/2266/2266 2270/2270/2270 2265/2265/2265 
f 2269/2269/2269 2265/2265/2265 2270/2270/2270 
f 2270/2270/2270 2266/2266/2266 2271/2271/2271 
f 2268/2268/2268 2267/2267/2267 2272/2272/2272 
f 2269/2269/2269 2272/2272/2272 2267/2267/2267 
f 2268/2268/2268 2272/2272/2272 2273/2273/2273 
f 2272/2272/2272 2274/2274/2274 2273/2273/2273 
f 2274/2274/2274 2272/2272/2272 2275/2275/2275 
f 2276/2276/2276 2275/2275/2275 2272/2272/2272 
f 2270/2270/2270 2271/2271/2271 2277/2277/2277 
f 2277/2277/2277 2269/2269/2269 2270/2270/2270 
f 2277/2277/2277 2271/2271/2271 2278/2278/2278 
f 2272/2272/2272 2269/2269/2269 2279/2279/2279 
f 2279/2279/2279 2276/2276/2276 2272/2272/2272 
f 2279/2279/2279 2269/2269/2269 2277/2277/2277 
f 2279/2279/2279 2280/2280/2280 2276/2276/2276 
f 2280/2280/2280 2279/2279/2279 2277/2277/2277 
f 2278/2278/2278 2280/2280/2280 2277/2277/2277 
f 2280/2280/2280 2278/2278/2278 2281/2281/2281 
f 2282/2282/2282 2283/2283/2283 2284/2284/2284 
f 2283/2283/2283 2282/2282/2282 2285/2285/2285 

g R15Bacon5

v -6.66712 0.473799 16.493 
v -6.7003 1.04164 16.4658 
v -6.7003 0.473799 16.4658 
v -6.66712 1.04164 16.493 
v -5.97891 0.4738 16.4659 
v -6.01253 1.04164 16.493 
v -6.01254 0.473799 16.493 
v -5.97891 1.04164 16.4658 
v -5.97891 1.04153 15.6674 
v -5.97891 0.4738 15.6674 
v -6.01253 1.04078 15.6394 
v -6.01254 0.473199 15.6394 
v -6.66712 1.04078 15.6394 
v -6.7003 0.473801 15.6674 
v -6.7003 1.04153 15.6674 
v -6.66711 0.473199 15.6394 
v -6.02117 0.441393 15.6567 
v -6.66711 0.473199 15.6394 
v -6.01254 0.473199 15.6394 
v -6.65849 0.441393 15.6567 
v -6.64925 0.334583 15.7197 
v -6.68063 0.343652 15.7415 
v -6.0304 0.334583 15.7197 
v -6.63628 0.229096 15.7943 
v -5.99862 0.343652 15.7415 
v -6.04336 0.229097 15.7943 
v -5.98844 0.442237 15.6835 
v -6.01254 0.473199 15.6394 
v -5.97891 0.4738 15.6674 
v -5.98844 0.442236 16.4486 
v -5.97891 0.4738 15.6674 
v -5.97891 0.4738 16.4659 
v -6.01291 0.246661 15.8133 
v -6.01254 0.473799 16.493 
v -5.97891 0.4738 16.4659 
v -6.02117 0.442236 16.4746 
v -5.99862 0.343047 16.3939 
v -6.66712 0.473799 16.493 
v -6.01254 0.473799 16.493 
v -6.65852 0.442236 16.4746 
v -6.0304 0.334212 16.4146 
v -6.64928 0.334212 16.4146 
v -6.01291 0.245441 16.3214 
v -6.6363 0.228252 16.3389 
v -6.04336 0.228253 16.3389 
v -6.66634 0.245441 16.3214 
v -6.68063 0.343047 16.3938 
v -6.69081 0.442236 16.4485 
v -6.66712 0.473799 16.493 
v -6.7003 0.473799 16.4658 
v -6.7003 0.473799 16.4658 
v -6.7003 0.473801 15.6674 
v -6.69081 0.442239 15.6835 
v -6.7003 0.473801 15.6674 
v -6.66711 0.473199 15.6394 
v -6.66634 0.246661 15.8133 
v -6.62067 0.150088 15.9176 
v -6.64915 0.171168 15.9272 
v -6.64574 0.150993 16.0555 
v -6.64915 0.169993 16.202 
v -6.61759 0.126426 16.0551 
v -6.62068 0.148856 16.2101 
v -6.05895 0.148856 16.2101 
v -6.05895 0.150088 15.9176 
v -6.06204 0.126426 16.0551 
v -6.0301 0.171168 15.9272 
v -6.0301 0.169993 16.2021 
v -6.03351 0.150992 16.0555 
v -6.64447 1.07489 16.4766 
v -6.01253 1.04164 16.493 
v -6.03517 1.07489 16.4766 
v -6.66712 1.04164 16.493 
v -6.67537 1.07403 16.4495 
v -6.7003 1.04164 16.4658 
v -6.7003 1.04153 15.6674 
v -6.65962 1.17262 16.3883 
v -6.67537 1.07403 15.678 
v -6.66712 1.04078 15.6394 
v -6.6445 1.07403 15.6517 
v -6.65962 1.17323 15.7359 
v -6.03517 1.07403 15.6517 
v -6.01253 1.04078 15.6394 
v -6.63017 1.18169 16.4101 
v -6.61758 1.28718 16.3354 
v -6.04946 1.18169 16.4101 
v -6.01963 1.17262 16.3883 
v -6.64574 1.26961 16.3164 
v -6.06204 1.28718 16.3354 
v -6.06204 1.36619 16.2122 
v -6.03351 1.26961 16.3164 
v -6.00388 1.07403 16.4495 
v -5.97891 1.04164 16.4658 
v -5.97891 1.04153 15.6674 
v -6.00388 1.07403 15.6779 
v -6.01963 1.17323 15.7359 
v -6.04946 1.18206 15.7152 
v -6.6302 1.18206 15.7152 
v -6.61759 1.28802 15.7908 
v -6.06204 1.28802 15.7908 
v -6.64574 1.27083 15.8084 
v -6.03351 1.27083 15.8084 
v -6.61759 1.36742 15.9196 
v -6.06204 1.36742 15.9196 
v -6.64574 1.34628 15.9277 
v -6.61759 1.38985 16.0746 
v -6.64574 1.36528 16.0743 
v -6.64574 1.34511 16.2026 
v -6.61758 1.36619 16.2122 
v -6.06204 1.38985 16.0746 
v -6.03351 1.34511 16.2026 
v -6.03351 1.34628 15.9277 
v -6.03351 1.36528 16.0743 
v -6.01254 0.473799 16.493 
v -6.66712 1.04164 16.493 
v -6.66712 0.473799 16.493 
v -6.01253 1.04164 16.493 
v -6.01253 1.04078 15.6394 
v -6.66711 0.473199 15.6394 
v -6.66712 1.04078 15.6394 
v -6.01254 0.473199 15.6394 
v -5.99862 0.343652 15.7415 
v -5.98844 0.442236 16.4486 
v -5.99862 0.343047 16.3939 
v -5.97891 1.04153 15.6674 
v -5.97891 0.4738 16.4659 
v -5.97891 0.4738 15.6674 
v -5.97891 1.04164 16.4658 
v -6.7003 1.04153 15.6674 
v -6.7003 0.473799 16.4658 
v -6.7003 1.04164 16.4658 
v -6.7003 0.473801 15.6674 

vn -0.629921 0 0.771654 
vn -0.629921 0 0.771654 
vn -0.629921 0 0.771654 
vn -0.629921 0 0.771654 
vn 0.629921 0 0.779528 
vn 0.629921 0 0.779528 
vn 0.629921 0 0.779528 
vn 0.629921 0 0.779528 
vn 0.637795 0 -0.771654 
vn 0.637795 0 -0.771654 
vn 0.637795 0 -0.771654 
vn 0.637795 0 -0.771654 
vn -0.645669 0 -0.76378 
vn -0.645669 0 -0.76378 
vn -0.645669 0 -0.76378 
vn -0.645669 0 -0.76378 
vn 0.0314961 -0.503937 -0.866142 
vn 0 -0.480315 -0.88189 
vn 0 -0.480315 -0.88189 
vn -0.0314961 -0.503937 -0.866142 
vn -0.0393701 -0.543307 -0.834646 
vn -0.992126 -0.141732 -0.0472441 
vn 0.0393701 -0.543307 -0.834646 
vn -0.0393701 -0.724409 -0.692913 
vn 0.992126 -0.141732 -0.0472441 
vn 0.0393701 -0.724409 -0.692913 
vn 0.976378 -0.212598 -0.0551181 
vn 0.559055 -0.503937 -0.661417 
vn 0.559055 -0.503937 -0.661417 
vn 0.976378 -0.204724 0.0551181 
vn 0.96063 -0.291339 0 
vn 0.96063 -0.291339 0 
vn 0.976378 -0.212598 -0.0551181 
vn 0.527559 -0.527559 0.661417 
vn 0.527559 -0.527559 0.661417 
vn 0.0314961 -0.496063 0.866142 
vn 0.992126 -0.141732 0.0472441 
vn 0 -0.503937 0.866142 
vn 0 -0.503937 0.866142 
vn -0.0314961 -0.496063 0.866142 
vn 0.0314961 -0.535433 0.84252 
vn -0.0314961 -0.535433 0.84252 
vn 0.976378 -0.212598 0.0551181 
vn -0.0314961 -0.732283 0.677165 
vn 0.0314961 -0.732283 0.677165 
vn -0.976378 -0.212598 0.0551181 
vn -0.992126 -0.141732 0.0472441 
vn -0.976378 -0.204724 0.0551181 
vn -0.535433 -0.527559 0.661417 
vn -0.535433 -0.527559 0.661417 
vn -0.96063 -0.291339 0 
vn -0.96063 -0.291339 0 
vn -0.976378 -0.212598 -0.0551181 
vn -0.559055 -0.503937 -0.653543 
vn -0.559055 -0.503937 -0.653543 
vn -0.976378 -0.212598 -0.0551181 
vn -0.0314961 -0.929134 -0.370079 
vn -0.952756 -0.314961 -0.0393701 
vn -0.952756 -0.314961 0 
vn -0.944882 -0.322835 0.0393701 
vn -0.0393701 -1 -0.00787402 
vn -0.0314961 -0.937008 0.346457 
vn 0.0314961 -0.937008 0.346457 
vn 0.0314961 -0.929134 -0.370079 
vn 0.0393701 -1 -0.00787402 
vn 0.944882 -0.314961 -0.0472441 
vn 0.944882 -0.322835 0.0393701 
vn 0.952756 -0.314961 0 
vn -0.0314961 0.511811 0.858268 
vn 0.0629921 0.472441 0.88189 
vn 0.0314961 0.511811 0.858268 
vn -0.0629921 0.472441 0.88189 
vn -0.913386 0.401575 0.0551181 
vn -0.787402 0.622047 0.0393701 
vn -0.787402 0.614173 -0.0314961 
vn -0.984252 0.181102 0.0393701 
vn -0.92126 0.385827 -0.0551181 
vn -0.0629921 0.385827 -0.92126 
vn -0.0314961 0.464567 -0.88189 
vn -0.984252 0.181102 -0.0472441 
vn 0.0314961 0.464567 -0.88189 
vn 0.0629921 0.385827 -0.92126 
vn -0.0393701 0.551181 0.834646 
vn -0.0393701 0.724409 0.685039 
vn 0.0393701 0.551181 0.834646 
vn 0.984252 0.181102 0.0472441 
vn -0.984252 0.173228 0.0551181 
vn 0.0393701 0.724409 0.685039 
vn 0.0393701 0.929134 0.362205 
vn 0.984252 0.173228 0.0551181 
vn 0.913386 0.401575 0.0551181 
vn 0.787402 0.622047 0.0393701 
vn 0.787402 0.614173 -0.0314961 
vn 0.92126 0.385827 -0.0551181 
vn 0.984252 0.181102 -0.0472441 
vn 0.0314961 0.543307 -0.834646 
vn -0.0314961 0.543307 -0.834646 
vn -0.0314961 0.732283 -0.677165 
vn 0.0314961 0.732283 -0.677165 
vn -0.984252 0.181102 -0.0551181 
vn 0.984252 0.181102 -0.0551181 
vn -0.0393701 0.937008 -0.338583 
vn 0.0393701 0.937008 -0.338583 
vn -0.992126 0.133858 -0.0472441 
vn -0.0393701 1 0.00787402 
vn -0.992126 0.125984 0 
vn -0.992126 0.11811 0.0472441 
vn -0.0393701 0.929134 0.362205 
vn 0.0393701 1 0.00787402 
vn 0.992126 0.125984 0.0472441 
vn 0.992126 0.133858 -0.0472441 
vn 0.992126 0.125984 0 
vn 0 0 1 
vn 0 0 1 
vn 0 0 1 
vn 0 0 1 
vn 0 0 -1 
vn 0 0 -1 
vn 0 0 -1 
vn 0 0 -1 
vn 0.992126 -0.141732 -0.0472441 
vn 0.976378 -0.204724 0.0551181 
vn 0.992126 -0.141732 0.0472441 
vn 1 0 0 
vn 1 0 0 
vn 1 0 0 
vn 1 0 0 
vn -1 0 0 
vn -1 0 0 
vn -1 0 0 
vn -1 0 0 

vt 0.638793 0.187905 
vt 0.635458 0.270524 
vt 0.635458 0.187905 
vt 0.638793 0.270524 
vt 0.704532 0.187905 
vt 0.700926 0.270524 
vt 0.700926 0.187905 
vt 0.704532 0.270524 
vt 0.495656 0.270586 
vt 0.495656 0.187905 
vt 0.499325 0.270669 
vt 0.499325 0.187905 
vt 0.561334 0.270524 
vt 0.565788 0.187905 
vt 0.565788 0.270524 
vt 0.561334 0.187905 
vt 0.469609 0.175768 
vt 0.498225 0.179024 
vt 0.467268 0.179024 
vt 0.495881 0.175768 
vt 0.495882 0.173812 
vt 0.497214 0.172396 
vt 0.469609 0.173812 
vt 0.495882 0.168966 
vt 0.468259 0.172396 
vt 0.469609 0.168966 
vt 0.468259 0.174165 
vt 0.467268 0.179024 
vt 0.465678 0.177206 
vt 0.468259 0.128494 
vt 0.465678 0.177206 
vt 0.465678 0.125373 
vt 0.468259 0.167732 
vt 0.467268 0.123613 
vt 0.465678 0.125373 
vt 0.469609 0.126942 
vt 0.468259 0.130045 
vt 0.498225 0.123613 
vt 0.467268 0.123613 
vt 0.495883 0.126942 
vt 0.469609 0.128701 
vt 0.495883 0.128701 
vt 0.468259 0.134751 
vt 0.495883 0.133613 
vt 0.469609 0.133613 
vt 0.497214 0.134753 
vt 0.497214 0.130048 
vt 0.497214 0.128498 
vt 0.498225 0.123613 
vt 0.499794 0.125376 
vt 0.499794 0.125376 
vt 0.499794 0.177205 
vt 0.497214 0.174165 
vt 0.499794 0.177205 
vt 0.498225 0.179024 
vt 0.497214 0.167732 
vt 0.495882 0.160965 
vt 0.497214 0.160341 
vt 0.497214 0.152012 
vt 0.497214 0.142499 
vt 0.495882 0.152036 
vt 0.495882 0.141975 
vt 0.469609 0.141975 
vt 0.469609 0.160965 
vt 0.469609 0.152036 
vt 0.468259 0.160341 
vt 0.468259 0.142498 
vt 0.468259 0.152012 
vt 0.456489 0.175702 
vt 0.427817 0.179145 
vt 0.430163 0.175702 
vt 0.458837 0.179145 
vt 0.457824 0.174092 
vt 0.460409 0.177372 
vt 0.460409 0.125285 
vt 0.457824 0.172313 
vt 0.457824 0.128196 
vt 0.458837 0.123457 
vt 0.45649 0.126632 
vt 0.457824 0.129754 
vt 0.430163 0.126632 
vt 0.427817 0.123457 
vt 0.456489 0.173737 
vt 0.456489 0.168867 
vt 0.430163 0.173737 
vt 0.428811 0.172313 
vt 0.457824 0.167626 
vt 0.430163 0.168867 
vt 0.430163 0.160825 
vt 0.428811 0.167627 
vt 0.428811 0.174092 
vt 0.426224 0.177374 
vt 0.426224 0.125283 
vt 0.428811 0.128192 
vt 0.428811 0.129751 
vt 0.430163 0.128401 
vt 0.45649 0.128401 
vt 0.45649 0.133337 
vt 0.430163 0.133337 
vt 0.457824 0.134483 
vt 0.428811 0.134481 
vt 0.45649 0.141741 
vt 0.430163 0.141741 
vt 0.457824 0.142268 
vt 0.45649 0.151851 
vt 0.457824 0.151827 
vt 0.457824 0.160198 
vt 0.456489 0.160825 
vt 0.430163 0.151851 
vt 0.428811 0.160198 
vt 0.428811 0.142267 
vt 0.428811 0.151827 
vt 0.700926 0.187905 
vt 0.638793 0.270524 
vt 0.638793 0.187905 
vt 0.700926 0.270524 
vt 0.499325 0.270669 
vt 0.561334 0.187905 
vt 0.561334 0.270524 
vt 0.499325 0.187905 
vt 0.468259 0.172396 
vt 0.468259 0.128494 
vt 0.468259 0.130045 
vt 0.495656 0.270524 
vt 0.426551 0.187905 
vt 0.495656 0.187905 
vt 0.426551 0.270524 
vt 0.565788 0.270524 
vt 0.635458 0.187905 
vt 0.635458 0.270524 
vt 0.565788 0.187905 

usemtl R15Bacon1Mtl

f 2286/2286/2286 2287/2287/2287 2288/2288/2288 
f 2287/2287/2287 2286/2286/2286 2289/2289/2289 
f 2290/2290/2290 2291/2291/2291 2292/2292/2292 
f 2291/2291/2291 2290/2290/2290 2293/2293/2293 
f 2294/2294/2294 2295/2295/2295 2296/2296/2296 
f 2296/2296/2296 2295/2295/2295 2297/2297/2297 
f 2298/2298/2298 2299/2299/2299 2300/2300/2300 
f 2299/2299/2299 2298/2298/2298 2301/2301/2301 
f 2302/2302/2302 2303/2303/2303 2304/2304/2304 
f 2303/2303/2303 2302/2302/2302 2305/2305/2305 
f 2302/2302/2302 2306/2306/2306 2305/2305/2305 
f 2307/2307/2307 2305/2305/2305 2306/2306/2306 
f 2306/2306/2306 2302/2302/2302 2308/2308/2308 
f 2306/2306/2306 2308/2308/2308 2309/2309/2309 
f 2309/2309/2309 2307/2307/2307 2306/2306/2306 
f 2302/2302/2302 2310/2310/2310 2308/2308/2308 
f 2311/2311/2311 2309/2309/2309 2308/2308/2308 
f 2310/2310/2310 2311/2311/2311 2308/2308/2308 
f 2310/2310/2310 2302/2302/2302 2312/2312/2312 
f 2313/2313/2313 2312/2312/2312 2302/2302/2302 
f 2312/2312/2312 2313/2313/2313 2314/2314/2314 
f 2315/2315/2315 2310/2310/2310 2312/2312/2312 
f 2316/2316/2316 2315/2315/2315 2312/2312/2312 
f 2315/2315/2315 2316/2316/2316 2317/2317/2317 
f 2311/2311/2311 2310/2310/2310 2318/2318/2318 
f 2319/2319/2319 2315/2315/2315 2320/2320/2320 
f 2315/2315/2315 2319/2319/2319 2321/2321/2321 
f 2310/2310/2310 2322/2322/2322 2318/2318/2318 
f 2321/2321/2321 2322/2322/2322 2315/2315/2315 
f 2323/2323/2323 2321/2321/2321 2324/2324/2324 
f 2321/2321/2321 2323/2323/2323 2325/2325/2325 
f 2322/2322/2322 2321/2321/2321 2326/2326/2326 
f 2327/2327/2327 2321/2321/2321 2325/2325/2325 
f 2327/2327/2327 2326/2326/2326 2321/2321/2321 
f 2326/2326/2326 2328/2328/2328 2322/2322/2322 
f 2318/2318/2318 2322/2322/2322 2328/2328/2328 
f 2329/2329/2329 2326/2326/2326 2327/2327/2327 
f 2326/2326/2326 2329/2329/2329 2330/2330/2330 
f 2328/2328/2328 2326/2326/2326 2330/2330/2330 
f 2329/2329/2329 2327/2327/2327 2331/2331/2331 
f 2325/2325/2325 2332/2332/2332 2327/2327/2327 
f 2327/2327/2327 2332/2332/2332 2331/2331/2331 
f 2332/2332/2332 2325/2325/2325 2333/2333/2333 
f 2334/2334/2334 2333/2333/2333 2325/2325/2325 
f 2333/2333/2333 2334/2334/2334 2335/2335/2335 
f 2336/2336/2336 2337/2337/2337 2333/2333/2333 
f 2333/2333/2333 2337/2337/2337 2338/2338/2338 
f 2339/2339/2339 2340/2340/2340 2338/2338/2338 
f 2340/2340/2340 2305/2305/2305 2338/2338/2338 
f 2305/2305/2305 2307/2307/2307 2338/2338/2338 
f 2333/2333/2333 2338/2338/2338 2307/2307/2307 
f 2333/2333/2333 2307/2307/2307 2332/2332/2332 
f 2341/2341/2341 2332/2332/2332 2307/2307/2307 
f 2332/2332/2332 2341/2341/2341 2331/2331/2331 
f 2307/2307/2307 2309/2309/2309 2341/2341/2341 
f 2309/2309/2309 2342/2342/2342 2341/2341/2341 
f 2309/2309/2309 2311/2311/2311 2342/2342/2342 
f 2343/2343/2343 2341/2341/2341 2342/2342/2342 
f 2344/2344/2344 2331/2331/2331 2341/2341/2341 
f 2344/2344/2344 2341/2341/2341 2343/2343/2343 
f 2331/2331/2331 2344/2344/2344 2345/2345/2345 
f 2343/2343/2343 2346/2346/2346 2344/2344/2344 
f 2346/2346/2346 2345/2345/2345 2344/2344/2344 
f 2346/2346/2346 2343/2343/2343 2342/2342/2342 
f 2347/2347/2347 2331/2331/2331 2345/2345/2345 
f 2345/2345/2345 2346/2346/2346 2347/2347/2347 
f 2347/2347/2347 2329/2329/2329 2331/2331/2331 
f 2347/2347/2347 2330/2330/2330 2329/2329/2329 
f 2330/2330/2330 2347/2347/2347 2348/2348/2348 
f 2346/2346/2346 2348/2348/2348 2347/2347/2347 
f 2348/2348/2348 2328/2328/2328 2330/2330/2330 
f 2342/2342/2342 2349/2349/2349 2346/2346/2346 
f 2349/2349/2349 2342/2342/2342 2311/2311/2311 
f 2349/2349/2349 2311/2311/2311 2318/2318/2318 
f 2350/2350/2350 2346/2346/2346 2349/2349/2349 
f 2348/2348/2348 2346/2346/2346 2350/2350/2350 
f 2318/2318/2318 2351/2351/2351 2349/2349/2349 
f 2351/2351/2351 2350/2350/2350 2349/2349/2349 
f 2350/2350/2350 2352/2352/2352 2348/2348/2348 
f 2352/2352/2352 2328/2328/2328 2348/2348/2348 
f 2350/2350/2350 2351/2351/2351 2353/2353/2353 
f 2352/2352/2352 2350/2350/2350 2353/2353/2353 
f 2318/2318/2318 2353/2353/2353 2351/2351/2351 
f 2353/2353/2353 2328/2328/2328 2352/2352/2352 
f 2328/2328/2328 2353/2353/2353 2318/2318/2318 
f 2354/2354/2354 2355/2355/2355 2356/2356/2356 
f 2357/2357/2357 2355/2355/2355 2354/2354/2354 
f 2354/2354/2354 2358/2358/2358 2357/2357/2357 
f 2359/2359/2359 2357/2357/2357 2358/2358/2358 
f 2358/2358/2358 2360/2360/2360 2359/2359/2359 
f 2354/2354/2354 2361/2361/2361 2358/2358/2358 
f 2360/2360/2360 2358/2358/2358 2362/2362/2362 
f 2362/2362/2362 2358/2358/2358 2361/2361/2361 
f 2362/2362/2362 2363/2363/2363 2360/2360/2360 
f 2363/2363/2363 2362/2362/2362 2364/2364/2364 
f 2365/2365/2365 2364/2364/2364 2362/2362/2362 
f 2362/2362/2362 2361/2361/2361 2365/2365/2365 
f 2366/2366/2366 2363/2363/2363 2364/2364/2364 
f 2363/2363/2363 2366/2366/2366 2367/2367/2367 
f 2361/2361/2361 2354/2354/2354 2368/2368/2368 
f 2356/2356/2356 2368/2368/2368 2354/2354/2354 
f 2369/2369/2369 2361/2361/2361 2368/2368/2368 
f 2368/2368/2368 2356/2356/2356 2370/2370/2370 
f 2368/2368/2368 2370/2370/2370 2369/2369/2369 
f 2356/2356/2356 2371/2371/2371 2370/2370/2370 
f 2361/2361/2361 2369/2369/2369 2372/2372/2372 
f 2365/2365/2365 2361/2361/2361 2372/2372/2372 
f 2373/2373/2373 2369/2369/2369 2370/2370/2370 
f 2371/2371/2371 2373/2373/2373 2370/2370/2370 
f 2374/2374/2374 2369/2369/2369 2373/2373/2373 
f 2373/2373/2373 2371/2371/2371 2375/2375/2375 
f 2374/2374/2374 2373/2373/2373 2375/2375/2375 
f 2371/2371/2371 2356/2356/2356 2376/2376/2376 
f 2355/2355/2355 2376/2376/2376 2356/2356/2356 
f 2376/2376/2376 2355/2355/2355 2377/2377/2377 
f 2377/2377/2377 2378/2378/2378 2376/2376/2376 
f 2376/2376/2376 2378/2378/2378 2379/2379/2379 
f 2379/2379/2379 2371/2371/2371 2376/2376/2376 
f 2367/2367/2367 2379/2379/2379 2378/2378/2378 
f 2371/2371/2371 2379/2379/2379 2380/2380/2380 
f 2366/2366/2366 2379/2379/2379 2367/2367/2367 
f 2366/2366/2366 2380/2380/2380 2379/2379/2379 
f 2371/2371/2371 2380/2380/2380 2375/2375/2375 
f 2380/2380/2380 2366/2366/2366 2381/2381/2381 
f 2382/2382/2382 2381/2381/2381 2366/2366/2366 
f 2382/2382/2382 2366/2366/2366 2364/2364/2364 
f 2364/2364/2364 2365/2365/2365 2382/2382/2382 
f 2383/2383/2383 2381/2381/2381 2382/2382/2382 
f 2365/2365/2365 2383/2383/2383 2382/2382/2382 
f 2384/2384/2384 2380/2380/2380 2381/2381/2381 
f 2381/2381/2381 2383/2383/2383 2384/2384/2384 
f 2383/2383/2383 2365/2365/2365 2385/2385/2385 
f 2380/2380/2380 2384/2384/2384 2386/2386/2386 
f 2375/2375/2375 2380/2380/2380 2386/2386/2386 
f 2387/2387/2387 2384/2384/2384 2383/2383/2383 
f 2387/2387/2387 2383/2383/2383 2385/2385/2385 
f 2372/2372/2372 2385/2385/2385 2365/2365/2365 
f 2384/2384/2384 2387/2387/2387 2388/2388/2388 
f 2384/2384/2384 2388/2388/2388 2386/2386/2386 
f 2385/2385/2385 2389/2389/2389 2387/2387/2387 
f 2390/2390/2390 2388/2388/2388 2387/2387/2387 
f 2389/2389/2389 2390/2390/2390 2387/2387/2387 
f 2385/2385/2385 2391/2391/2391 2389/2389/2389 
f 2391/2391/2391 2385/2385/2385 2372/2372/2372 
f 2390/2390/2390 2389/2389/2389 2391/2391/2391 
f 2391/2391/2391 2372/2372/2372 2392/2392/2392 
f 2392/2392/2392 2390/2390/2390 2391/2391/2391 
f 2372/2372/2372 2393/2393/2393 2392/2392/2392 
f 2390/2390/2390 2392/2392/2392 2393/2393/2393 
f 2393/2393/2393 2372/2372/2372 2369/2369/2369 
f 2369/2369/2369 2374/2374/2374 2393/2393/2393 
f 2393/2393/2393 2394/2394/2394 2390/2390/2390 
f 2394/2394/2394 2393/2393/2393 2374/2374/2374 
f 2388/2388/2388 2390/2390/2390 2394/2394/2394 
f 2395/2395/2395 2394/2394/2394 2374/2374/2374 
f 2374/2374/2374 2375/2375/2375 2395/2395/2395 
f 2394/2394/2394 2396/2396/2396 2388/2388/2388 
f 2386/2386/2386 2388/2388/2388 2396/2396/2396 
f 2394/2394/2394 2395/2395/2395 2397/2397/2397 
f 2375/2375/2375 2397/2397/2397 2395/2395/2395 
f 2396/2396/2396 2394/2394/2394 2397/2397/2397 
f 2386/2386/2386 2397/2397/2397 2375/2375/2375 
f 2397/2397/2397 2386/2386/2386 2396/2396/2396 
f 2398/2398/2398 2399/2399/2399 2400/2400/2400 
f 2399/2399/2399 2398/2398/2398 2401/2401/2401 
f 2402/2402/2402 2403/2403/2403 2404/2404/2404 
f 2403/2403/2403 2402/2402/2402 2405/2405/2405 
f 2406/2406/2406 2407/2407/2407 2408/2408/2408 
f 2409/2409/2409 2410/2410/2410 2411/2411/2411 
f 2410/2410/2410 2409/2409/2409 2412/2412/2412 
f 2413/2413/2413 2414/2414/2414 2415/2415/2415 
f 2414/2414/2414 2413/2413/2413 2416/2416/2416 

g R15Bacon6

v -5.95435 2.40719 16.2169 
v -5.91954 2.31142 16.3336 
v -5.91954 2.38772 16.2084 
v -5.95435 2.32644 16.3499 
v -5.95435 2.43555 16.0647 
v -5.95435 2.20557 16.4361 
v -5.91954 2.41451 16.0647 
v -5.91954 2.19737 16.4148 
v -5.95439 2.06299 16.4669 
v -5.91954 2.06297 16.4414 
v -5.91954 2.38767 15.9212 
v -5.95435 2.40719 15.9125 
v -5.91954 2.3114 15.8033 
v -5.95435 2.32644 15.7876 
v -5.95435 2.20557 15.7014 
v -5.91954 2.19739 15.7221 
v -5.95439 2.06299 15.6662 
v -5.91954 2.06297 15.6918 
v -6.66714 1.04164 16.493 
v -6.69336 1.00899 16.4578 
v -6.66084 1.00899 16.4818 
v -6.7003 1.04164 16.4658 
v -6.67636 0.909835 16.4121 
v -6.64539 0.901 16.4328 
v -6.63317 0.795041 16.3395 
v -6.6629 0.812229 16.3219 
v -6.62047 0.715645 16.2107 
v -6.64892 0.736781 16.2026 
v -6.61759 0.693214 16.0557 
v -6.64575 0.717781 16.0561 
v -6.65236 0.737956 15.9278 
v -6.62359 0.716876 15.9182 
v -6.6629 0.813448 15.8139 
v -6.63316 0.795884 15.7949 
v -6.67636 0.91044 15.7249 
v -6.64537 0.901371 15.7031 
v -6.66081 1.00821 15.6539 
v -6.69336 1.009 15.6785 
v -6.66711 1.04078 15.6394 
v -6.7003 1.04164 15.6674 
v -6.67639 2.38772 16.2084 
v -6.67639 2.31142 16.3336 
v -6.64681 2.40719 16.2169 
v -6.64681 2.32644 16.3499 
v -6.64681 2.43555 16.0647 
v -6.64681 2.20557 16.4361 
v -6.67639 2.41451 16.0647 
v -6.67639 2.19737 16.4148 
v -6.64677 2.06299 16.4669 
v -6.67639 2.06297 16.4413 
v -6.67639 2.38767 15.9212 
v -6.64681 2.40719 15.9125 
v -6.67639 2.3114 15.8033 
v -6.64681 2.32644 15.7876 
v -6.64681 2.20557 15.7014 
v -6.67639 2.19739 15.7221 
v -6.64677 2.06299 15.6662 
v -6.67639 2.06297 15.6918 
v -6.64681 2.32644 16.3499 
v -5.95435 2.32644 16.3499 
v -6.64681 2.40719 16.2169 
v -6.64681 2.20557 16.4361 
v -5.95435 2.40719 16.2169 
v -5.95435 2.20557 16.4361 
v -5.95439 2.06299 16.4669 
v -6.64677 2.06299 16.4669 
v -5.95435 2.43555 16.0647 
v -6.64681 2.43555 16.0647 
v -5.95435 2.40719 15.9125 
v -6.64681 2.40719 15.9125 
v -5.95435 2.32644 15.7876 
v -6.64681 2.32644 15.7876 
v -6.64681 2.20557 15.7014 
v -5.95435 2.20557 15.7014 
v -5.95439 2.06299 15.6662 
v -6.64677 2.06299 15.6662 
v -6.01886 1.00821 15.6539 
v -6.66711 1.04078 15.6394 
v -6.01253 1.04078 15.6394 
v -6.66081 1.00821 15.6539 
v -6.64537 0.901371 15.7031 
v -6.03428 0.901371 15.7031 
v -6.63316 0.795884 15.7949 
v -6.04648 0.795884 15.7949 
v -6.62359 0.716876 15.9182 
v -6.05604 0.716876 15.9182 
v -6.61759 0.693214 16.0557 
v -6.06204 0.693214 16.0557 
v -6.05916 0.715645 16.2107 
v -6.62047 0.715645 16.2107 
v -6.04648 0.795041 16.3395 
v -6.63317 0.795041 16.3395 
v -6.03428 0.901 16.4328 
v -6.64539 0.901 16.4328 
v -6.01886 1.00899 16.4818 
v -6.66084 1.00899 16.4818 
v -6.66714 1.04164 16.493 
v -6.01253 1.04164 16.493 
v -5.95439 2.06299 15.6662 
v -5.91954 2.06297 15.6918 
v -5.95439 2.03057 15.6394 
v -5.91954 2.03056 15.6674 
v -5.95439 2.03056 16.493 
v -5.91954 2.03057 16.4659 
v -5.91954 2.06297 16.4414 
v -5.95439 2.06299 16.4669 
v -5.98589 1.00899 15.6785 
v -6.01253 1.04078 15.6394 
v -5.97891 1.04164 15.6674 
v -6.01886 1.00821 15.6539 
v -6.00289 0.910439 15.7249 
v -6.03428 0.901371 15.7031 
v -6.04648 0.795884 15.7949 
v -6.01635 0.813448 15.8139 
v -6.05604 0.716876 15.9182 
v -6.02689 0.737956 15.9278 
v -6.06204 0.693214 16.0557 
v -6.03351 0.71778 16.0561 
v -6.03033 0.736781 16.2026 
v -6.05916 0.715645 16.2107 
v -6.01635 0.812229 16.322 
v -6.04648 0.795041 16.3395 
v -6.00289 0.909835 16.4121 
v -6.03428 0.901 16.4328 
v -6.01886 1.00899 16.4818 
v -5.98589 1.00899 16.4579 
v -6.01253 1.04164 16.493 
v -5.97891 1.04164 16.4658 
v -6.67639 2.06297 15.6918 
v -6.66713 2.03057 15.6394 
v -6.7003 2.03056 15.6674 
v -6.64677 2.06299 15.6662 
v -6.67639 2.06297 16.4413 
v -6.66716 2.03056 16.493 
v -6.64677 2.06299 16.4669 
v -6.7003 2.03057 16.4658 
v -6.64677 2.06299 15.6662 
v -5.95439 2.06299 15.6662 
v -5.95439 2.03057 15.6394 
v -6.66713 2.03057 15.6394 
v -5.95439 2.03056 16.493 
v -6.64677 2.06299 16.4669 
v -6.66716 2.03056 16.493 
v -5.95439 2.06299 16.4669 
v -6.7003 2.03056 15.6674 
v -6.67639 2.06297 16.0647 
v -6.67639 2.06297 15.6918 
v -6.7003 2.03057 16.4658 
v -6.67639 2.06297 16.0647 
v -6.7003 2.03057 16.4658 
v -6.67639 2.06297 16.4413 
v -5.9544 1.80479 15.6394 
v -5.91954 1.47134 15.6674 
v -5.9544 1.47134 15.6394 
v -5.91954 1.80479 15.6674 
v -5.91954 2.03056 15.6674 
v -5.9544 1.80479 15.6394 
v -5.95439 2.03057 15.6394 
v -5.91954 1.80479 15.6674 
v -5.91954 1.47135 16.4659 
v -5.9544 1.80475 16.493 
v -5.9544 1.47135 16.493 
v -5.91954 1.80475 16.4659 
v -5.91954 1.80475 16.4659 
v -5.95439 2.03056 16.493 
v -5.9544 1.80475 16.493 
v -5.91954 2.03057 16.4659 
v -6.66711 1.47134 15.6394 
v -6.7003 1.42248 15.6674 
v -6.7003 1.47134 15.6674 
v -6.66711 1.42248 15.6394 
v -6.66712 1.80484 15.6394 
v -6.7003 1.47134 15.6674 
v -6.7003 1.80484 15.6674 
v -6.66711 1.47134 15.6394 
v -6.66713 2.03057 15.6394 
v -6.66712 1.80484 15.6394 
v -6.7003 2.03056 15.6674 
v -6.7003 1.80484 15.6674 
v -6.7003 1.04164 15.6674 
v -6.7003 1.42248 15.6674 
v -6.66711 1.42248 15.6394 
v -6.66711 1.04078 15.6394 
v -6.7003 1.42248 16.4658 
v -6.66716 1.47135 16.493 
v -6.7003 1.47135 16.4658 
v -6.66715 1.42248 16.493 
v -6.7003 1.80475 16.4658 
v -6.7003 1.47135 16.4658 
v -6.66716 1.47135 16.493 
v -6.66716 1.80475 16.493 
v -6.7003 1.80475 16.4658 
v -6.66716 2.03056 16.493 
v -6.7003 2.03057 16.4658 
v -6.66716 1.80475 16.493 
v -6.7003 1.04164 16.4658 
v -6.66715 1.42248 16.493 
v -6.7003 1.42248 16.4658 
v -6.66714 1.04164 16.493 
v -5.97891 1.42248 15.6674 
v -5.97891 1.04164 15.6674 
v -6.01253 1.42248 15.6394 
v -6.01253 1.04078 15.6394 
v -6.01253 1.42248 16.493 
v -6.01253 1.04164 16.493 
v -5.97891 1.04164 16.4658 
v -5.97891 1.42248 16.4658 
v -5.97891 1.42248 16.4658 
v -5.9544 1.47135 16.493 
v -6.01253 1.42248 16.493 
v -5.91954 1.47135 16.4659 
v -6.01253 1.42248 15.6394 
v -5.9544 1.47134 15.6394 
v -5.97891 1.42248 15.6674 
v -5.91954 1.47134 15.6674 
v -6.69336 1.009 15.6785 
v -6.7003 1.04164 16.4658 
v -6.7003 1.04164 15.6674 
v -6.69336 1.00899 16.4578 
v -6.67636 0.91044 15.7249 
v -6.67636 0.909835 16.4121 
v -6.6629 0.813448 15.8139 
v -6.6629 0.812229 16.3219 
v -6.64575 0.717781 16.0561 
v -6.64892 0.736781 16.2026 
v -6.65236 0.737956 15.9278 
v -5.9544 1.80479 15.6394 
v -6.66711 1.47134 15.6394 
v -6.66712 1.80484 15.6394 
v -5.9544 1.47134 15.6394 
v -6.01253 1.42248 15.6394 
v -6.66711 1.42248 15.6394 
v -5.95439 2.03057 15.6394 
v -6.66712 1.80484 15.6394 
v -6.66713 2.03057 15.6394 
v -5.9544 1.80479 15.6394 
v -6.66711 1.42248 15.6394 
v -6.01253 1.04078 15.6394 
v -6.66711 1.04078 15.6394 
v -6.01253 1.42248 15.6394 
v -6.01253 1.42248 16.493 
v -6.66716 1.47135 16.493 
v -6.66715 1.42248 16.493 
v -5.9544 1.47135 16.493 
v -5.9544 1.47135 16.493 
v -6.66716 1.80475 16.493 
v -6.66716 1.47135 16.493 
v -5.9544 1.80475 16.493 
v -5.9544 1.80475 16.493 
v -6.66716 2.03056 16.493 
v -6.66716 1.80475 16.493 
v -5.95439 2.03056 16.493 
v -6.66714 1.04164 16.493 
v -6.01253 1.42248 16.493 
v -6.66715 1.42248 16.493 
v -6.01253 1.04164 16.493 
v -5.97891 1.04164 15.6674 
v -5.97891 1.04164 16.4658 
v -5.98589 1.00899 15.6785 
v -5.98589 1.00899 16.4579 
v -6.00289 0.910439 15.7249 
v -6.00289 0.909835 16.4121 
v -6.01635 0.813448 15.8139 
v -6.01635 0.812229 16.322 
v -6.03351 0.71778 16.0561 
v -6.02689 0.737956 15.9278 
v -6.03033 0.736781 16.2026 
v -5.91954 2.03056 15.6674 
v -5.91954 2.03057 16.4659 
v -5.91954 1.80479 15.6674 
v -5.91954 1.80475 16.4659 
v -5.91954 1.80479 15.6674 
v -5.91954 1.80475 16.4659 
v -5.91954 1.47134 15.6674 
v -5.91954 1.47135 16.4659 
v -5.91954 2.06297 16.0647 
v -5.91954 2.03056 15.6674 
v -5.91954 2.06297 15.6918 
v -5.91954 2.03057 16.4659 
v -5.91954 2.38772 16.2084 
v -5.91954 2.31142 16.3336 
v -5.91954 2.06297 16.0647 
v -5.91954 2.19737 16.4148 
v -5.91954 2.06297 16.4414 
v -5.91954 2.41451 16.0647 
v -5.91954 2.38767 15.9212 
v -5.91954 2.3114 15.8033 
v -5.91954 2.19739 15.7221 
v -5.91954 2.06297 15.6918 
v -5.91954 2.03057 16.4659 
v -5.91954 2.06297 16.0647 
v -5.91954 2.06297 16.4414 
v -6.7003 1.47134 15.6674 
v -6.7003 1.80475 16.4658 
v -6.7003 1.80484 15.6674 
v -6.7003 1.47135 16.4658 
v -6.7003 1.47134 15.6674 
v -6.7003 1.42248 16.4658 
v -6.7003 1.47135 16.4658 
v -6.7003 1.42248 15.6674 
v -6.7003 1.80475 16.4658 
v -6.7003 2.03056 15.6674 
v -6.7003 1.80484 15.6674 
v -6.7003 2.03057 16.4658 
v -6.7003 1.04164 15.6674 
v -6.7003 1.42248 16.4658 
v -6.7003 1.42248 15.6674 
v -6.7003 1.04164 16.4658 
v -6.67639 2.31142 16.3336 
v -6.67639 2.38772 16.2084 
v -6.67639 2.06297 16.0647 
v -6.67639 2.41451 16.0647 
v -6.67639 2.19737 16.4148 
v -6.67639 2.06297 16.4413 
v -6.67639 2.38767 15.9212 
v -6.67639 2.3114 15.8033 
v -6.67639 2.19739 15.7221 
v -6.67639 2.06297 15.6918 
v -5.97891 1.42248 15.6674 
v -5.97891 1.04164 16.4658 
v -5.97891 1.04164 15.6674 
v -5.97891 1.42248 16.4658 
v -5.97891 1.42248 16.4658 
v -5.97891 1.42248 15.6674 
v -5.91954 1.47134 15.6674 
v -5.91954 1.47135 16.4659 

vn 0.519685 0.795276 0.307087 
vn 0.535433 0.622047 0.566929 
vn 0.519685 0.795276 0.307087 
vn 0.535433 0.614173 0.574803 
vn 0.519685 0.858268 0 
vn 0.559055 0.330709 0.76378 
vn 0.519685 0.858268 0 
vn 0.559055 0.338583 0.755906 
vn 0.559055 0.165354 0.811024 
vn 0.559055 0.165354 0.811024 
vn 0.519685 0.795276 -0.307087 
vn 0.519685 0.795276 -0.314961 
vn 0.527559 0.614173 -0.582677 
vn 0.527559 0.614173 -0.590551 
vn 0.551181 0.346457 -0.76378 
vn 0.551181 0.346457 -0.755906 
vn 0.559055 0.188976 -0.80315 
vn 0.559055 0.188976 -0.80315 
vn -0.582677 -0.338583 0.740157 
vn -0.566929 -0.393701 0.724409 
vn -0.566929 -0.393701 0.724409 
vn -0.582677 -0.338583 0.740157 
vn -0.582677 -0.503937 0.629921 
vn -0.582677 -0.503937 0.637795 
vn -0.614173 -0.637795 0.464567 
vn -0.614173 -0.637795 0.464567 
vn -0.629921 -0.740157 0.228346 
vn -0.629921 -0.740157 0.23622 
vn -0.637795 -0.771654 0.00787402 
vn -0.637795 -0.771654 0 
vn -0.637795 -0.724409 -0.251969 
vn -0.637795 -0.724409 -0.251969 
vn -0.629921 -0.622047 -0.464567 
vn -0.629921 -0.622047 -0.472441 
vn -0.598425 -0.503937 -0.622047 
vn -0.598425 -0.496063 -0.622047 
vn -0.582677 -0.409449 -0.700787 
vn -0.574803 -0.409449 -0.700787 
vn -0.582677 -0.393701 -0.708661 
vn -0.582677 -0.393701 -0.708661 
vn -0.582677 0.755906 0.291339 
vn -0.598425 0.590551 0.543307 
vn -0.582677 0.755906 0.291339 
vn -0.598425 0.590551 0.543307 
vn -0.582677 0.811024 0 
vn -0.622047 0.314961 0.716535 
vn -0.582677 0.811024 0 
vn -0.622047 0.314961 0.716535 
vn -0.622047 0.15748 0.76378 
vn -0.622047 0.15748 0.76378 
vn -0.582677 0.755906 -0.299213 
vn -0.582677 0.755906 -0.299213 
vn -0.590551 0.582677 -0.551181 
vn -0.590551 0.582677 -0.559055 
vn -0.614173 0.322835 -0.724409 
vn -0.614173 0.330709 -0.716535 
vn -0.622047 0.181102 -0.76378 
vn -0.622047 0.181102 -0.76378 
vn 0 0.740157 0.677165 
vn 0 0.740157 0.677165 
vn 0 0.937008 0.354331 
vn 0 0.409449 0.913386 
vn 0 0.937008 0.354331 
vn 0 0.409449 0.913386 
vn 0 0.212598 0.976378 
vn 0 0.212598 0.976378 
vn 0 1 0 
vn 0 1 0 
vn 0 0.929134 -0.362205 
vn 0 0.929134 -0.362205 
vn 0 0.724409 -0.692913 
vn 0 0.724409 -0.692913 
vn 0 0.417323 -0.905512 
vn 0 0.417323 -0.905512 
vn 0 0.23622 -0.968504 
vn 0 0.23622 -0.968504 
vn 0 -0.417323 -0.913386 
vn 0 -0.409449 -0.913386 
vn 0 -0.409449 -0.913386 
vn 0 -0.417323 -0.913386 
vn 0 -0.543307 -0.84252 
vn 0 -0.543307 -0.84252 
vn 0 -0.755906 -0.661417 
vn 0 -0.755906 -0.661417 
vn 0 -0.929134 -0.377953 
vn 0 -0.929134 -0.377953 
vn 0 -1 -0.00787402 
vn 0 -1 -0.00787402 
vn 0 -0.937008 0.346457 
vn 0 -0.937008 0.346457 
vn 0 -0.76378 0.645669 
vn 0 -0.76378 0.645669 
vn 0 -0.543307 0.84252 
vn 0 -0.543307 0.84252 
vn 0 -0.385827 0.92126 
vn 0 -0.385827 0.92126 
vn 0 -0.322835 0.944882 
vn 0 -0.322835 0.944882 
vn 0.519685 0.527559 -0.669291 
vn 0.519685 0.527559 -0.669291 
vn 0.519685 0.527559 -0.669291 
vn 0.519685 0.527559 -0.669291 
vn 0.511811 0.527559 0.677165 
vn 0.511811 0.527559 0.677165 
vn 0.511811 0.527559 0.677165 
vn 0.511811 0.527559 0.677165 
vn 0.574803 -0.417323 -0.708661 
vn 0.574803 -0.401575 -0.716535 
vn 0.574803 -0.401575 -0.716535 
vn 0.574803 -0.409449 -0.708661 
vn 0.598425 -0.503937 -0.622047 
vn 0.598425 -0.503937 -0.622047 
vn 0.622047 -0.622047 -0.472441 
vn 0.622047 -0.622047 -0.472441 
vn 0.637795 -0.732283 -0.251969 
vn 0.637795 -0.732283 -0.251969 
vn 0.629921 -0.779528 0.00787402 
vn 0.629921 -0.779528 0 
vn 0.629921 -0.740157 0.23622 
vn 0.629921 -0.740157 0.228346 
vn 0.606299 -0.645669 0.464567 
vn 0.606299 -0.645669 0.464567 
vn 0.582677 -0.503937 0.637795 
vn 0.582677 -0.503937 0.637795 
vn 0.559055 -0.393701 0.724409 
vn 0.559055 -0.401575 0.724409 
vn 0.574803 -0.338583 0.748031 
vn 0.574803 -0.338583 0.748031 
vn -0.448819 0.724409 -0.527559 
vn -0.448819 0.724409 -0.527559 
vn -0.448819 0.724409 -0.527559 
vn -0.448819 0.724409 -0.527559 
vn -0.448819 0.716535 0.535433 
vn -0.448819 0.716535 0.535433 
vn -0.448819 0.716535 0.535433 
vn -0.448819 0.716535 0.535433 
vn 0 0.637795 -0.771654 
vn 0 0.637795 -0.771654 
vn 0 0.637795 -0.771654 
vn 0 0.637795 -0.771654 
vn 0 0.629921 0.779528 
vn 0 0.629921 0.779528 
vn 0 0.629921 0.779528 
vn 0 0.629921 0.779528 
vn -0.80315 0.590551 0 
vn -0.80315 0.590551 0 
vn -0.80315 0.590551 0 
vn -0.80315 0.590551 0 
vn -0.80315 0.590551 0 
vn -0.80315 0.590551 0 
vn -0.80315 0.590551 0 
vn 0.629921 0 -0.779528 
vn 0.629921 0 -0.779528 
vn 0.629921 0 -0.779528 
vn 0.629921 0 -0.779528 
vn 0.629921 0 -0.779528 
vn 0.629921 0 -0.779528 
vn 0.629921 0 -0.779528 
vn 0.629921 0 -0.779528 
vn 0.614173 0 0.787402 
vn 0.614173 0 0.787402 
vn 0.614173 0 0.787402 
vn 0.614173 0 0.787402 
vn 0.614173 0 0.787402 
vn 0.614173 0 0.787402 
vn 0.614173 0 0.787402 
vn 0.614173 0 0.787402 
vn -0.645669 0 -0.76378 
vn -0.645669 0 -0.76378 
vn -0.645669 0 -0.76378 
vn -0.645669 0 -0.76378 
vn -0.645669 0 -0.76378 
vn -0.645669 0 -0.76378 
vn -0.645669 0 -0.76378 
vn -0.645669 0 -0.76378 
vn -0.645669 0 -0.76378 
vn -0.645669 0 -0.76378 
vn -0.645669 0 -0.76378 
vn -0.645669 0 -0.76378 
vn -0.645669 0 -0.76378 
vn -0.645669 0 -0.76378 
vn -0.645669 0 -0.76378 
vn -0.645669 0 -0.76378 
vn -0.637795 0 0.771654 
vn -0.637795 0 0.771654 
vn -0.637795 0 0.771654 
vn -0.637795 0 0.771654 
vn -0.637795 0 0.771654 
vn -0.637795 0 0.771654 
vn -0.637795 0 0.771654 
vn -0.637795 0 0.771654 
vn -0.637795 0 0.771654 
vn -0.637795 0 0.771654 
vn -0.637795 0 0.771654 
vn -0.637795 0 0.771654 
vn -0.637795 0 0.771654 
vn -0.637795 0 0.771654 
vn -0.637795 0 0.771654 
vn -0.637795 0 0.771654 
vn 0.637795 0 -0.771654 
vn 0.637795 0 -0.771654 
vn 0.637795 0 -0.771654 
vn 0.637795 0 -0.771654 
vn 0.629921 0 0.779528 
vn 0.629921 0 0.779528 
vn 0.629921 0 0.779528 
vn 0.629921 0 0.779528 
vn 0.496063 -0.598425 0.629921 
vn 0.496063 -0.598425 0.629921 
vn 0.496063 -0.598425 0.629921 
vn 0.496063 -0.598425 0.629921 
vn 0.503937 -0.606299 -0.614173 
vn 0.503937 -0.606299 -0.614173 
vn 0.503937 -0.606299 -0.614173 
vn 0.503937 -0.606299 -0.614173 
vn -0.984252 -0.181102 0 
vn -0.976378 -0.204724 0 
vn -0.976378 -0.204724 0 
vn -0.984252 -0.181102 0 
vn -0.984252 -0.165354 0 
vn -0.984252 -0.165354 0 
vn -0.992126 -0.141732 0 
vn -0.992126 -0.141732 0 
vn -0.984252 -0.165354 0.00787402 
vn -0.984252 -0.165354 0.00787402 
vn -0.984252 -0.165354 0.00787402 
vn 0 0 -1 
vn 0 0 -1 
vn 0 0 -1 
vn 0 0 -1 
vn 0 0 -1 
vn 0 0 -1 
vn 0 0 -1 
vn 0 0 -1 
vn 0 0 -1 
vn 0 0 -1 
vn 0 0 -1 
vn 0 0 -1 
vn 0 0 -1 
vn 0 0 -1 
vn 0 0 1 
vn 0 0 1 
vn 0 0 1 
vn 0 0 1 
vn 0 0 1 
vn 0 0 1 
vn 0 0 1 
vn 0 0 1 
vn 0 0 1 
vn 0 0 1 
vn 0 0 1 
vn 0 0 1 
vn 0 0 1 
vn 0 0 1 
vn 0 0 1 
vn 0 0 1 
vn 0.976378 -0.212598 0 
vn 0.976378 -0.212598 0 
vn 0.984252 -0.181102 0 
vn 0.984252 -0.181102 0 
vn 0.984252 -0.165354 0 
vn 0.984252 -0.165354 0 
vn 0.992126 -0.141732 0 
vn 0.992126 -0.141732 0 
vn 0.984252 -0.165354 0.00787402 
vn 0.984252 -0.165354 0.00787402 
vn 0.984252 -0.165354 0.00787402 
vn 1 0 0 
vn 1 0 0 
vn 1 0 0 
vn 1 0 0 
vn 1 0 0 
vn 1 0 0 
vn 1 0 0 
vn 1 0 0 
vn 1 0 0 
vn 1 0 0 
vn 1 0 0 
vn 1 0 0 
vn 1 0 0 
vn 1 0 0 
vn 1 0 0 
vn 1 0 0 
vn 1 0 0 
vn 1 0 0 
vn 1 0 0 
vn 1 0 0 
vn 1 0 0 
vn 1 0 0 
vn 1 0 0 
vn 1 0 0 
vn 1 0 0 
vn -1 0 0 
vn -1 0 0 
vn -1 0 0 
vn -1 0 0 
vn -1 0 0 
vn -1 0 0 
vn -1 0 0 
vn -1 0 0 
vn -1 0 0 
vn -1 0 0 
vn -1 0 0 
vn -1 0 0 
vn -1 0 0 
vn -1 0 0 
vn -1 0 0 
vn -1 0 0 
vn -1 0 0 
vn -1 0 0 
vn -1 0 0 
vn -1 0 0 
vn -1 0 0 
vn -1 0 0 
vn -1 0 0 
vn -1 0 0 
vn -1 0 0 
vn -1 0 0 
vn 1 0 0 
vn 1 0 0 
vn 1 0 0 
vn 1 0 0 
vn 0.637795 -0.771654 0 
vn 0.637795 -0.771654 0 
vn 0.637795 -0.771654 0 
vn 0.637795 -0.771654 0 

vt 0.452075 0.41361 
vt 0.443695 0.410639 
vt 0.452347 0.410639 
vt 0.443695 0.41361 
vt 0.460758 0.41361 
vt 0.4359 0.41361 
vt 0.460883 0.410639 
vt 0.4359 0.410639 
vt 0.42823 0.41361 
vt 0.42823 0.410639 
vt 0.468983 0.410639 
vt 0.469201 0.41361 
vt 0.476974 0.410639 
vt 0.476974 0.41361 
vt 0.484872 0.41361 
vt 0.484872 0.410639 
vt 0.492963 0.41361 
vt 0.492963 0.410639 
vt 0.533225 0.391171 
vt 0.532199 0.396024 
vt 0.530849 0.394466 
vt 0.534815 0.392939 
vt 0.532199 0.397576 
vt 0.530849 0.396228 
vt 0.530849 0.401146 
vt 0.532199 0.402288 
vt 0.530849 0.409519 
vt 0.532199 0.410044 
vt 0.530849 0.419593 
vt 0.532199 0.419569 
vt 0.532199 0.427909 
vt 0.530848 0.428534 
vt 0.532199 0.43531 
vt 0.530848 0.436546 
vt 0.532199 0.43998 
vt 0.530848 0.441398 
vt 0.530848 0.443356 
vt 0.532199 0.441752 
vt 0.533223 0.446655 
vt 0.534815 0.444834 
vt 0.451934 0.467063 
vt 0.443695 0.467063 
vt 0.451767 0.464266 
vt 0.443695 0.464266 
vt 0.460054 0.464266 
vt 0.4359 0.464266 
vt 0.459935 0.467063 
vt 0.4359 0.467063 
vt 0.42823 0.464266 
vt 0.42823 0.467063 
vt 0.468266 0.467063 
vt 0.468535 0.464266 
vt 0.476974 0.467063 
vt 0.476974 0.464266 
vt 0.484872 0.464266 
vt 0.484872 0.467063 
vt 0.492963 0.464266 
vt 0.492963 0.467064 
vt 0.443695 0.464266 
vt 0.443695 0.41361 
vt 0.451767 0.464266 
vt 0.4359 0.464266 
vt 0.452075 0.41361 
vt 0.4359 0.41361 
vt 0.42823 0.41361 
vt 0.42823 0.464266 
vt 0.460758 0.41361 
vt 0.460054 0.464266 
vt 0.469201 0.41361 
vt 0.468535 0.464266 
vt 0.476974 0.41361 
vt 0.476974 0.464266 
vt 0.484872 0.464266 
vt 0.484872 0.41361 
vt 0.492963 0.41361 
vt 0.492963 0.464266 
vt 0.50421 0.443356 
vt 0.533223 0.446655 
vt 0.501837 0.446655 
vt 0.530848 0.443356 
vt 0.530848 0.441398 
vt 0.50421 0.441398 
vt 0.530848 0.436546 
vt 0.50421 0.436546 
vt 0.530848 0.428534 
vt 0.50421 0.428534 
vt 0.530849 0.419593 
vt 0.50421 0.419593 
vt 0.50421 0.409519 
vt 0.530849 0.409519 
vt 0.50421 0.401146 
vt 0.530849 0.401146 
vt 0.50421 0.396228 
vt 0.530849 0.396228 
vt 0.50421 0.394466 
vt 0.530849 0.394466 
vt 0.533225 0.391171 
vt 0.501837 0.391171 
vt 0.492963 0.41361 
vt 0.492963 0.410639 
vt 0.495157 0.41361 
vt 0.495157 0.410639 
vt 0.426042 0.41361 
vt 0.426042 0.410639 
vt 0.42823 0.410639 
vt 0.42823 0.41361 
vt 0.502842 0.441752 
vt 0.501837 0.446655 
vt 0.500225 0.444834 
vt 0.50421 0.443356 
vt 0.502842 0.43998 
vt 0.50421 0.441398 
vt 0.50421 0.436546 
vt 0.502842 0.43531 
vt 0.50421 0.428534 
vt 0.502842 0.427909 
vt 0.50421 0.419593 
vt 0.502842 0.419569 
vt 0.502842 0.410043 
vt 0.50421 0.409519 
vt 0.502842 0.402286 
vt 0.50421 0.401146 
vt 0.502842 0.397573 
vt 0.50421 0.396228 
vt 0.50421 0.394466 
vt 0.502842 0.39602 
vt 0.501837 0.391171 
vt 0.500225 0.392934 
vt 0.492963 0.467064 
vt 0.495157 0.464266 
vt 0.495157 0.467064 
vt 0.492963 0.464266 
vt 0.42823 0.467063 
vt 0.426042 0.464266 
vt 0.42823 0.464266 
vt 0.426042 0.467063 
vt 0.492963 0.464266 
vt 0.492963 0.41361 
vt 0.495157 0.41361 
vt 0.495157 0.464266 
vt 0.426042 0.41361 
vt 0.42823 0.464266 
vt 0.426042 0.464266 
vt 0.42823 0.41361 
vt 0.481373 0.495618 
vt 0.459872 0.492663 
vt 0.480089 0.492663 
vt 0.438042 0.495618 
vt 0.459872 0.492663 
vt 0.438042 0.495618 
vt 0.439419 0.492663 
vt 0.499325 0.356713 
vt 0.495656 0.319644 
vt 0.499325 0.319644 
vt 0.495656 0.356713 
vt 0.495656 0.38256 
vt 0.499325 0.356713 
vt 0.499325 0.38256 
vt 0.495656 0.356713 
vt 0.704532 0.319644 
vt 0.700926 0.356713 
vt 0.700926 0.319644 
vt 0.704532 0.356713 
vt 0.704532 0.356713 
vt 0.700926 0.38256 
vt 0.700926 0.356713 
vt 0.704532 0.38256 
vt 0.561334 0.319644 
vt 0.565325 0.31285 
vt 0.565325 0.319644 
vt 0.561334 0.31285 
vt 0.561334 0.356713 
vt 0.565325 0.319644 
vt 0.565325 0.356713 
vt 0.561334 0.319644 
vt 0.561334 0.38256 
vt 0.561334 0.356713 
vt 0.565325 0.38256 
vt 0.565325 0.356713 
vt 0.565325 0.270524 
vt 0.565325 0.31285 
vt 0.561334 0.31285 
vt 0.561334 0.270524 
vt 0.635458 0.312851 
vt 0.638793 0.319644 
vt 0.635458 0.319644 
vt 0.638793 0.312851 
vt 0.635458 0.356713 
vt 0.635458 0.319644 
vt 0.638793 0.319644 
vt 0.638793 0.356713 
vt 0.635458 0.356713 
vt 0.638793 0.38256 
vt 0.635458 0.38256 
vt 0.638793 0.356713 
vt 0.635458 0.270524 
vt 0.638793 0.312851 
vt 0.635458 0.312851 
vt 0.638793 0.270524 
vt 0.495656 0.313219 
vt 0.495656 0.270586 
vt 0.499325 0.313715 
vt 0.499325 0.270669 
vt 0.700926 0.312851 
vt 0.700926 0.270524 
vt 0.704532 0.270524 
vt 0.704532 0.312851 
vt 0.704532 0.312851 
vt 0.700926 0.319644 
vt 0.700926 0.312851 
vt 0.704532 0.319644 
vt 0.499325 0.313715 
vt 0.499325 0.319644 
vt 0.495656 0.313219 
vt 0.495656 0.319644 
vt 0.532199 0.441752 
vt 0.534815 0.392939 
vt 0.534815 0.444834 
vt 0.532199 0.396024 
vt 0.532199 0.43998 
vt 0.532199 0.397576 
vt 0.532199 0.43531 
vt 0.532199 0.402288 
vt 0.532199 0.419569 
vt 0.532199 0.410044 
vt 0.532199 0.427909 
vt 0.499325 0.356713 
vt 0.561334 0.319644 
vt 0.561334 0.356713 
vt 0.499325 0.319644 
vt 0.499325 0.313715 
vt 0.561334 0.31285 
vt 0.499325 0.38256 
vt 0.561334 0.356713 
vt 0.561334 0.38256 
vt 0.499325 0.356713 
vt 0.561334 0.31285 
vt 0.499325 0.270669 
vt 0.561334 0.270524 
vt 0.499325 0.313715 
vt 0.700926 0.312851 
vt 0.638793 0.319644 
vt 0.638793 0.312851 
vt 0.700926 0.319644 
vt 0.700926 0.319644 
vt 0.638793 0.356713 
vt 0.638793 0.319644 
vt 0.700926 0.356713 
vt 0.700926 0.356713 
vt 0.638793 0.38256 
vt 0.638793 0.356713 
vt 0.700926 0.38256 
vt 0.638793 0.270524 
vt 0.700926 0.312851 
vt 0.638793 0.312851 
vt 0.700926 0.270524 
vt 0.500225 0.444834 
vt 0.500225 0.392934 
vt 0.502842 0.441752 
vt 0.502842 0.39602 
vt 0.502842 0.43998 
vt 0.502842 0.397573 
vt 0.502842 0.43531 
vt 0.502842 0.402286 
vt 0.502842 0.419569 
vt 0.502842 0.427909 
vt 0.502842 0.410043 
vt 0.495656 0.38256 
vt 0.426548 0.38256 
vt 0.495656 0.356713 
vt 0.426546 0.356713 
vt 0.495656 0.356713 
vt 0.426546 0.356713 
vt 0.495656 0.319644 
vt 0.426547 0.319644 
vt 0.460642 0.386148 
vt 0.482453 0.383932 
vt 0.481092 0.386148 
vt 0.43881 0.383932 
vt 0.452347 0.410639 
vt 0.445387 0.404133 
vt 0.460642 0.386148 
vt 0.441279 0.395708 
vt 0.440118 0.386148 
vt 0.460883 0.410639 
vt 0.468983 0.410639 
vt 0.475336 0.404526 
vt 0.479585 0.396127 
vt 0.481092 0.386148 
vt 0.43881 0.383932 
vt 0.460642 0.386148 
vt 0.440118 0.386148 
vt 0.565325 0.319644 
vt 0.635458 0.356713 
vt 0.565325 0.356713 
vt 0.635458 0.319644 
vt 0.565325 0.319644 
vt 0.635458 0.312851 
vt 0.635458 0.319644 
vt 0.565325 0.31285 
vt 0.635458 0.356713 
vt 0.565325 0.38256 
vt 0.565325 0.356713 
vt 0.635458 0.38256 
vt 0.565325 0.270524 
vt 0.635458 0.312851 
vt 0.565325 0.31285 
vt 0.635458 0.270524 
vt 0.445112 0.472966 
vt 0.451934 0.467063 
vt 0.459872 0.492663 
vt 0.459935 0.467063 
vt 0.440755 0.481293 
vt 0.439419 0.492663 
vt 0.468266 0.467063 
vt 0.474757 0.473928 
vt 0.478815 0.482409 
vt 0.480089 0.492663 
vt 0.495656 0.31285 
vt 0.426551 0.270524 
vt 0.495656 0.270524 
vt 0.426551 0.31285 
vt 0.426551 0.31285 
vt 0.495656 0.31285 
vt 0.495656 0.319644 
vt 0.426547 0.319644 

usemtl R15Bacon1Mtl

f 2417/2417/2417 2418/2418/2418 2419/2419/2419 
f 2417/2417/2417 2420/2420/2420 2418/2418/2418 
f 2419/2419/2419 2421/2421/2421 2417/2417/2417 
f 2422/2422/2422 2418/2418/2418 2420/2420/2420 
f 2421/2421/2421 2419/2419/2419 2423/2423/2423 
f 2418/2418/2418 2422/2422/2422 2424/2424/2424 
f 2425/2425/2425 2424/2424/2424 2422/2422/2422 
f 2426/2426/2426 2424/2424/2424 2425/2425/2425 
f 2427/2427/2427 2421/2421/2421 2423/2423/2423 
f 2421/2421/2421 2427/2427/2427 2428/2428/2428 
f 2429/2429/2429 2428/2428/2428 2427/2427/2427 
f 2428/2428/2428 2429/2429/2429 2430/2430/2430 
f 2429/2429/2429 2431/2431/2431 2430/2430/2430 
f 2431/2431/2431 2429/2429/2429 2432/2432/2432 
f 2432/2432/2432 2433/2433/2433 2431/2431/2431 
f 2433/2433/2433 2432/2432/2432 2434/2434/2434 
f 2435/2435/2435 2436/2436/2436 2437/2437/2437 
f 2436/2436/2436 2435/2435/2435 2438/2438/2438 
f 2439/2439/2439 2437/2437/2437 2436/2436/2436 
f 2437/2437/2437 2439/2439/2439 2440/2440/2440 
f 2439/2439/2439 2441/2441/2441 2440/2440/2440 
f 2441/2441/2441 2439/2439/2439 2442/2442/2442 
f 2443/2443/2443 2441/2441/2441 2442/2442/2442 
f 2443/2443/2443 2442/2442/2442 2444/2444/2444 
f 2444/2444/2444 2445/2445/2445 2443/2443/2443 
f 2445/2445/2445 2444/2444/2444 2446/2446/2446 
f 2447/2447/2447 2445/2445/2445 2446/2446/2446 
f 2445/2445/2445 2447/2447/2447 2448/2448/2448 
f 2447/2447/2447 2449/2449/2449 2448/2448/2448 
f 2450/2450/2450 2448/2448/2448 2449/2449/2449 
f 2451/2451/2451 2450/2450/2450 2449/2449/2449 
f 2450/2450/2450 2451/2451/2451 2452/2452/2452 
f 2451/2451/2451 2453/2453/2453 2452/2452/2452 
f 2453/2453/2453 2451/2451/2451 2454/2454/2454 
f 2455/2455/2455 2453/2453/2453 2454/2454/2454 
f 2456/2456/2456 2455/2455/2455 2454/2454/2454 
f 2457/2457/2457 2458/2458/2458 2459/2459/2459 
f 2459/2459/2459 2458/2458/2458 2460/2460/2460 
f 2461/2461/2461 2457/2457/2457 2459/2459/2459 
f 2462/2462/2462 2460/2460/2460 2458/2458/2458 
f 2463/2463/2463 2457/2457/2457 2461/2461/2461 
f 2462/2462/2462 2458/2458/2458 2464/2464/2464 
f 2464/2464/2464 2465/2465/2465 2462/2462/2462 
f 2465/2465/2465 2464/2464/2464 2466/2466/2466 
f 2467/2467/2467 2463/2463/2463 2461/2461/2461 
f 2461/2461/2461 2468/2468/2468 2467/2467/2467 
f 2469/2469/2469 2467/2467/2467 2468/2468/2468 
f 2468/2468/2468 2470/2470/2470 2469/2469/2469 
f 2471/2471/2471 2469/2469/2469 2470/2470/2470 
f 2469/2469/2469 2471/2471/2471 2472/2472/2472 
f 2471/2471/2471 2473/2473/2473 2472/2472/2472 
f 2472/2472/2472 2473/2473/2473 2474/2474/2474 
f 2475/2475/2475 2476/2476/2476 2477/2477/2477 
f 2478/2478/2478 2476/2476/2476 2475/2475/2475 
f 2479/2479/2479 2477/2477/2477 2476/2476/2476 
f 2478/2478/2478 2480/2480/2480 2476/2476/2476 
f 2478/2478/2478 2481/2481/2481 2480/2480/2480 
f 2481/2481/2481 2478/2478/2478 2482/2482/2482 
f 2483/2483/2483 2477/2477/2477 2479/2479/2479 
f 2483/2483/2483 2484/2484/2484 2477/2477/2477 
f 2485/2485/2485 2484/2484/2484 2483/2483/2483 
f 2485/2485/2485 2486/2486/2486 2484/2484/2484 
f 2487/2487/2487 2486/2486/2486 2485/2485/2485 
f 2487/2487/2487 2488/2488/2488 2486/2486/2486 
f 2488/2488/2488 2487/2487/2487 2489/2489/2489 
f 2490/2490/2490 2489/2489/2489 2487/2487/2487 
f 2491/2491/2491 2489/2489/2489 2490/2490/2490 
f 2489/2489/2489 2491/2491/2491 2492/2492/2492 
f 2493/2493/2493 2494/2494/2494 2495/2495/2495 
f 2494/2494/2494 2493/2493/2493 2496/2496/2496 
f 2493/2493/2493 2497/2497/2497 2496/2496/2496 
f 2497/2497/2497 2493/2493/2493 2498/2498/2498 
f 2497/2497/2497 2498/2498/2498 2499/2499/2499 
f 2500/2500/2500 2499/2499/2499 2498/2498/2498 
f 2499/2499/2499 2500/2500/2500 2501/2501/2501 
f 2502/2502/2502 2501/2501/2501 2500/2500/2500 
f 2501/2501/2501 2502/2502/2502 2503/2503/2503 
f 2504/2504/2504 2503/2503/2503 2502/2502/2502 
f 2505/2505/2505 2503/2503/2503 2504/2504/2504 
f 2503/2503/2503 2505/2505/2505 2506/2506/2506 
f 2507/2507/2507 2506/2506/2506 2505/2505/2505 
f 2506/2506/2506 2507/2507/2507 2508/2508/2508 
f 2509/2509/2509 2508/2508/2508 2507/2507/2507 
f 2508/2508/2508 2509/2509/2509 2510/2510/2510 
f 2510/2510/2510 2509/2509/2509 2511/2511/2511 
f 2510/2510/2510 2511/2511/2511 2512/2512/2512 
f 2511/2511/2511 2513/2513/2513 2512/2512/2512 
f 2513/2513/2513 2511/2511/2511 2514/2514/2514 
f 2515/2515/2515 2516/2516/2516 2517/2517/2517 
f 2516/2516/2516 2518/2518/2518 2517/2517/2517 
f 2519/2519/2519 2520/2520/2520 2521/2521/2521 
f 2519/2519/2519 2521/2521/2521 2522/2522/2522 
f 2523/2523/2523 2524/2524/2524 2525/2525/2525 
f 2524/2524/2524 2523/2523/2523 2526/2526/2526 
f 2527/2527/2527 2526/2526/2526 2523/2523/2523 
f 2526/2526/2526 2527/2527/2527 2528/2528/2528 
f 2527/2527/2527 2529/2529/2529 2528/2528/2528 
f 2529/2529/2529 2527/2527/2527 2530/2530/2530 
f 2531/2531/2531 2529/2529/2529 2530/2530/2530 
f 2530/2530/2530 2532/2532/2532 2531/2531/2531 
f 2532/2532/2532 2533/2533/2533 2531/2531/2531 
f 2533/2533/2533 2532/2532/2532 2534/2534/2534 
f 2535/2535/2535 2533/2533/2533 2534/2534/2534 
f 2533/2533/2533 2535/2535/2535 2536/2536/2536 
f 2535/2535/2535 2537/2537/2537 2536/2536/2536 
f 2536/2536/2536 2537/2537/2537 2538/2538/2538 
f 2539/2539/2539 2538/2538/2538 2537/2537/2537 
f 2538/2538/2538 2539/2539/2539 2540/2540/2540 
f 2539/2539/2539 2541/2541/2541 2540/2540/2540 
f 2541/2541/2541 2539/2539/2539 2542/2542/2542 
f 2542/2542/2542 2543/2543/2543 2541/2541/2541 
f 2543/2543/2543 2542/2542/2542 2544/2544/2544 
f 2545/2545/2545 2546/2546/2546 2547/2547/2547 
f 2546/2546/2546 2545/2545/2545 2548/2548/2548 
f 2549/2549/2549 2550/2550/2550 2551/2551/2551 
f 2550/2550/2550 2549/2549/2549 2552/2552/2552 
f 2553/2553/2553 2554/2554/2554 2555/2555/2555 
f 2553/2553/2553 2555/2555/2555 2556/2556/2556 
f 2557/2557/2557 2558/2558/2558 2559/2559/2559 
f 2558/2558/2558 2557/2557/2557 2560/2560/2560 
f 2561/2561/2561 2562/2562/2562 2563/2563/2563 
f 2561/2561/2561 2564/2564/2564 2562/2562/2562 
f 2565/2565/2565 2566/2566/2566 2567/2567/2567 
f 2568/2568/2568 2569/2569/2569 2570/2570/2570 
f 2569/2569/2569 2568/2568/2568 2571/2571/2571 
f 2572/2572/2572 2573/2573/2573 2574/2574/2574 
f 2573/2573/2573 2572/2572/2572 2575/2575/2575 
f 2576/2576/2576 2577/2577/2577 2578/2578/2578 
f 2577/2577/2577 2576/2576/2576 2579/2579/2579 
f 2580/2580/2580 2581/2581/2581 2582/2582/2582 
f 2581/2581/2581 2580/2580/2580 2583/2583/2583 
f 2584/2584/2584 2585/2585/2585 2586/2586/2586 
f 2585/2585/2585 2584/2584/2584 2587/2587/2587 
f 2588/2588/2588 2589/2589/2589 2590/2590/2590 
f 2589/2589/2589 2588/2588/2588 2591/2591/2591 
f 2592/2592/2592 2593/2593/2593 2594/2594/2594 
f 2594/2594/2594 2593/2593/2593 2595/2595/2595 
f 2596/2596/2596 2597/2597/2597 2598/2598/2598 
f 2598/2598/2598 2599/2599/2599 2596/2596/2596 
f 2600/2600/2600 2601/2601/2601 2602/2602/2602 
f 2601/2601/2601 2600/2600/2600 2603/2603/2603 
f 2604/2604/2604 2605/2605/2605 2606/2606/2606 
f 2606/2606/2606 2607/2607/2607 2604/2604/2604 
f 2608/2608/2608 2609/2609/2609 2610/2610/2610 
f 2609/2609/2609 2608/2608/2608 2611/2611/2611 
f 2612/2612/2612 2613/2613/2613 2614/2614/2614 
f 2613/2613/2613 2612/2612/2612 2615/2615/2615 
f 2616/2616/2616 2617/2617/2617 2618/2618/2618 
f 2618/2618/2618 2617/2617/2617 2619/2619/2619 
f 2620/2620/2620 2621/2621/2621 2622/2622/2622 
f 2622/2622/2622 2623/2623/2623 2620/2620/2620 
f 2624/2624/2624 2625/2625/2625 2626/2626/2626 
f 2625/2625/2625 2624/2624/2624 2627/2627/2627 
f 2628/2628/2628 2629/2629/2629 2630/2630/2630 
f 2631/2631/2631 2630/2630/2630 2629/2629/2629 
f 2632/2632/2632 2633/2633/2633 2634/2634/2634 
f 2633/2633/2633 2632/2632/2632 2635/2635/2635 
f 2635/2635/2635 2632/2632/2632 2636/2636/2636 
f 2635/2635/2635 2636/2636/2636 2637/2637/2637 
f 2637/2637/2637 2636/2636/2636 2638/2638/2638 
f 2637/2637/2637 2638/2638/2638 2639/2639/2639 
f 2640/2640/2640 2639/2639/2639 2638/2638/2638 
f 2639/2639/2639 2640/2640/2640 2641/2641/2641 
f 2640/2640/2640 2638/2638/2638 2642/2642/2642 
f 2643/2643/2643 2644/2644/2644 2645/2645/2645 
f 2644/2644/2644 2643/2643/2643 2646/2646/2646 
f 2644/2644/2644 2646/2646/2646 2647/2647/2647 
f 2644/2644/2644 2647/2647/2647 2648/2648/2648 
f 2649/2649/2649 2650/2650/2650 2651/2651/2651 
f 2650/2650/2650 2649/2649/2649 2652/2652/2652 
f 2653/2653/2653 2654/2654/2654 2655/2655/2655 
f 2654/2654/2654 2653/2653/2653 2656/2656/2656 
f 2657/2657/2657 2658/2658/2658 2659/2659/2659 
f 2658/2658/2658 2657/2657/2657 2660/2660/2660 
f 2661/2661/2661 2662/2662/2662 2663/2663/2663 
f 2662/2662/2662 2661/2661/2661 2664/2664/2664 
f 2665/2665/2665 2666/2666/2666 2667/2667/2667 
f 2666/2666/2666 2665/2665/2665 2668/2668/2668 
f 2669/2669/2669 2670/2670/2670 2671/2671/2671 
f 2670/2670/2670 2669/2669/2669 2672/2672/2672 
f 2673/2673/2673 2674/2674/2674 2675/2675/2675 
f 2675/2675/2675 2674/2674/2674 2676/2676/2676 
f 2676/2676/2676 2677/2677/2677 2675/2675/2675 
f 2677/2677/2677 2676/2676/2676 2678/2678/2678 
f 2677/2677/2677 2678/2678/2678 2679/2679/2679 
f 2679/2679/2679 2678/2678/2678 2680/2680/2680 
f 2680/2680/2680 2681/2681/2681 2679/2679/2679 
f 2679/2679/2679 2681/2681/2681 2682/2682/2682 
f 2681/2681/2681 2680/2680/2680 2683/2683/2683 
f 2684/2684/2684 2685/2685/2685 2686/2686/2686 
f 2686/2686/2686 2685/2685/2685 2687/2687/2687 
f 2688/2688/2688 2689/2689/2689 2690/2690/2690 
f 2690/2690/2690 2689/2689/2689 2691/2691/2691 
f 2692/2692/2692 2693/2693/2693 2694/2694/2694 
f 2695/2695/2695 2693/2693/2693 2692/2692/2692 
f 2696/2696/2696 2697/2697/2697 2698/2698/2698 
f 2697/2697/2697 2699/2699/2699 2698/2698/2698 
f 2699/2699/2699 2700/2700/2700 2698/2698/2698 
f 2701/2701/2701 2696/2696/2696 2698/2698/2698 
f 2702/2702/2702 2701/2701/2701 2698/2698/2698 
f 2703/2703/2703 2702/2702/2702 2698/2698/2698 
f 2704/2704/2704 2703/2703/2703 2698/2698/2698 
f 2705/2705/2705 2704/2704/2704 2698/2698/2698 
f 2706/2706/2706 2707/2707/2707 2708/2708/2708 
f 2709/2709/2709 2710/2710/2710 2711/2711/2711 
f 2710/2710/2710 2709/2709/2709 2712/2712/2712 
f 2713/2713/2713 2714/2714/2714 2715/2715/2715 
f 2714/2714/2714 2713/2713/2713 2716/2716/2716 
f 2717/2717/2717 2718/2718/2718 2719/2719/2719 
f 2718/2718/2718 2717/2717/2717 2720/2720/2720 
f 2721/2721/2721 2722/2722/2722 2723/2723/2723 
f 2722/2722/2722 2721/2721/2721 2724/2724/2724 
f 2725/2725/2725 2726/2726/2726 2727/2727/2727 
f 2726/2726/2726 2728/2728/2728 2727/2727/2727 
f 2729/2729/2729 2725/2725/2725 2727/2727/2727 
f 2730/2730/2730 2729/2729/2729 2727/2727/2727 
f 2728/2728/2728 2731/2731/2731 2727/2727/2727 
f 2731/2731/2731 2732/2732/2732 2727/2727/2727 
f 2732/2732/2732 2733/2733/2733 2727/2727/2727 
f 2733/2733/2733 2734/2734/2734 2727/2727/2727 
f 2735/2735/2735 2736/2736/2736 2737/2737/2737 
f 2736/2736/2736 2735/2735/2735 2738/2738/2738 
f 2739/2739/2739 2740/2740/2740 2741/2741/2741 
f 2741/2741/2741 2742/2742/2742 2739/2739/2739 

g R15Bacon7

v -7.52029 2.54153 15.7318 
v -7.39531 2.45199 15.9209 
v -7.21299 2.49989 15.7665 
v -7.18699 2.4842 15.7986 
v -7.55579 2.53429 15.757 
v -7.23479 2.36973 16.0849 
v -7.60359 2.41979 16.0434 
v -7.27039 2.36239 16.11 
v -7.57769 2.40404 16.0754 
v -7.51515 1.90504 15.3403 
v -7.5874 2.16087 15.4387 
v -7.47337 1.91994 15.3539 
v -7.57964 1.94334 15.3458 
v -7.62442 1.99046 15.3585 
v -7.6738 2.09217 15.3941 
v -7.68038 2.19199 15.4362 
v -7.64263 2.28953 15.485 
v -7.42304 2.2203 15.4927 
v -7.54358 2.35856 15.5319 
v -7.44185 2.39091 15.5634 
v -7.32623 2.39072 15.5831 
v -7.25802 2.27998 15.5469 
v -7.21733 2.35833 15.5878 
v -7.14746 2.31818 15.5824 
v -7.19816 2.15628 15.5036 
v -7.08954 2.20096 15.5416 
v -7.08648 2.12173 15.5078 
v -7.16823 2.09443 15.4819 
v -7.10412 2.0451 15.4716 
v -7.14009 2.03259 15.46 
v -7.60516 1.67725 15.8655 
v -7.56337 1.69216 15.8792 
v -7.67745 1.93295 15.9642 
v -7.66966 1.71552 15.8711 
v -7.71445 1.7626 15.8839 
v -7.76385 1.86426 15.9196 
v -7.77044 1.96406 15.9618 
v -7.73214 2.05341 16.0071 
v -7.51309 1.99241 16.0181 
v -7.63365 2.13061 16.0575 
v -7.53191 2.16296 16.089 
v -7.41628 2.1628 16.1087 
v -7.34863 2.0538 16.0757 
v -7.30737 2.13045 16.1132 
v -7.23787 2.08937 16.11 
v -7.27621 1.95894 15.9592 
v -7.17173 1.99382 16.0212 
v -7.15138 1.91653 15.9015 
v -7.22833 1.90306 15.8761 
v -7.15905 1.87295 15.7912 
v -7.18513 1.86776 15.7736 
v -7.62426 2.16881 15.9287 
v -7.57769 2.40404 16.0754 
v -7.60359 2.41979 16.0434 
v -7.59966 2.14926 15.9597 
v -7.25506 2.10363 15.9687 
v -7.27039 2.36239 16.11 
v -7.29176 2.08915 15.9886 
v -7.23479 2.36973 16.0849 
v -7.18863 2.12264 16.0797 
v -7.17173 1.99382 16.0212 
v -7.1225 2.02513 15.9836 
v -7.15138 1.91653 15.9015 
v -7.23787 2.08937 16.11 
v -7.10451 1.95378 15.8743 
v -7.27942 2.17817 16.0883 
v -7.15905 1.87295 15.7912 
v -7.11983 1.89204 15.748 
v -7.30737 2.13045 16.1132 
v -7.40373 2.21725 16.084 
v -7.41628 2.1628 16.1087 
v -7.53474 2.21848 16.0621 
v -7.53191 2.16296 16.089 
v -7.65018 2.1812 16.0261 
v -7.63365 2.13061 16.0575 
v -7.7593 2.10199 15.9731 
v -7.73214 2.05341 16.0071 
v -7.80243 1.98999 15.9171 
v -7.77044 1.96406 15.9618 
v -7.76385 1.86426 15.9196 
v -7.79649 1.86987 15.866 
v -7.71445 1.7626 15.8839 
v -7.74555 1.76305 15.8284 
v -7.68543 1.6984 15.8106 
v -7.66966 1.71552 15.8711 
v -7.60516 1.67725 15.8655 
v -7.59273 1.651 15.8059 
v -7.59273 1.651 15.8059 
v -7.56337 1.69216 15.8792 
v -7.52845 1.67436 15.827 
v -7.51309 1.7034 15.8422 
v -7.61757 1.92188 15.9192 
v -7.67745 1.93295 15.9642 
v -7.14746 2.31818 15.5824 
v -7.05584 2.19381 15.5947 
v -7.08954 2.20096 15.5416 
v -7.112 2.31461 15.6374 
v -7.04928 2.09343 15.5523 
v -7.20358 2.37011 15.6457 
v -7.08648 2.12173 15.5078 
v -7.21733 2.35833 15.5878 
v -7.10412 2.0451 15.4716 
v -7.07823 1.99719 15.5056 
v -7.32788 2.40921 15.6413 
v -7.32623 2.39072 15.5831 
v -7.45888 2.41046 15.6194 
v -7.44185 2.39091 15.5634 
v -7.54358 2.35856 15.5319 
v -7.57432 2.3732 15.5834 
v -7.64263 2.28953 15.485 
v -7.68344 2.29398 15.5304 
v -7.72657 2.18197 15.4744 
v -7.68038 2.19199 15.4362 
v -7.6738 2.09217 15.3941 
v -7.72064 2.06183 15.4234 
v -7.62442 1.99046 15.3585 
v -7.66972 1.95498 15.3858 
v -7.57964 1.94334 15.3458 
v -7.60961 1.8903 15.3681 
v -7.51515 1.90504 15.3403 
v -7.51692 1.84288 15.3635 
v -7.45264 1.86623 15.3846 
v -7.51692 1.84288 15.3635 
v -7.47337 1.91994 15.3539 
v -7.43728 1.89527 15.3998 
v -7.54173 2.11382 15.4766 
v -7.5874 2.16087 15.4387 
v -7.21936 2.29294 15.6829 
v -7.21299 2.49989 15.7665 
v -7.18699 2.4842 15.7986 
v -7.19476 2.27339 15.714 
v -7.52029 2.54153 15.7318 
v -7.52716 2.35296 15.654 
v -7.55579 2.53429 15.757 
v -7.56386 2.33857 15.674 
v -7.18513 1.86776 15.7736 
v -7.21474 1.88212 15.7275 
v -7.17408 1.87288 15.7304 
v -7.22951 1.87589 15.779 
v -7.11983 1.89204 15.748 
v -7.59966 2.14926 15.9597 
v -7.27039 2.36239 16.11 
v -7.57769 2.40404 16.0754 
v -7.29176 2.08915 15.9886 
v -7.23479 2.36973 16.0849 
v -7.19476 2.27339 15.714 
v -7.18699 2.4842 15.7986 
v -7.25506 2.10363 15.9687 
v -7.56386 2.33857 15.674 
v -7.60359 2.41979 16.0434 
v -7.55579 2.53429 15.757 
v -7.62426 2.16881 15.9287 
v -7.51309 1.99241 16.0181 
v -7.35527 2.01609 16.005 
v -7.34863 2.0538 16.0757 
v -7.48669 1.96884 15.962 
v -7.61757 1.92188 15.9192 
v -7.67745 1.93295 15.9642 
v -7.42304 2.2203 15.4927 
v -7.27944 2.20801 15.5624 
v -7.41085 2.16077 15.5194 
v -7.25802 2.27998 15.5469 
v -7.54173 2.11382 15.4766 
v -7.5874 2.16087 15.4387 
v -7.21299 2.49989 15.7665 
v -7.52716 2.35296 15.654 
v -7.52029 2.54153 15.7318 
v -7.21936 2.29294 15.6829 
v -7.35527 2.01609 16.005 
v -7.27621 1.95894 15.9592 
v -7.34863 2.0538 16.0757 
v -7.30199 1.95076 15.9277 
v -7.22833 1.90306 15.8761 
v -7.26337 1.90399 15.8572 
v -7.22951 1.87589 15.779 
v -7.18513 1.86776 15.7736 
v -7.13241 1.97788 15.4879 
v -7.17321 1.98719 15.485 
v -7.14009 2.03259 15.46 
v -7.07823 1.99719 15.5056 
v -7.2037 2.0549 15.5091 
v -7.16823 2.09443 15.4819 
v -7.23419 2.12261 15.5332 
v -7.19816 2.15628 15.5036 
v -7.27944 2.20801 15.5624 
v -7.25802 2.27998 15.5469 
v -7.15421 2.20937 15.8798 
v -7.1225 2.02513 15.9836 
v -7.09752 2.08866 15.8371 
v -7.10451 1.95378 15.8743 
v -7.18863 2.12264 16.0797 
v -7.09088 1.9883 15.7947 
v -7.11983 1.89204 15.748 
v -7.04928 2.09343 15.5523 
v -7.05584 2.19381 15.5947 
v -7.07823 1.99719 15.5056 
v -7.112 2.31461 15.6374 
v -7.17408 1.87288 15.7304 
v -7.13241 1.97788 15.4879 
v -7.17321 1.98719 15.485 
v -7.21474 1.88212 15.7275 
v -7.20358 2.37011 15.6457 
v -7.24586 2.26572 15.8885 
v -7.32788 2.40921 15.6413 
v -7.27942 2.17817 16.0883 
v -7.37016 2.30481 15.8842 
v -7.45888 2.41046 15.6194 
v -7.40373 2.21725 16.084 
v -7.50117 2.30614 15.8623 
v -7.53474 2.21848 16.0621 
v -7.65018 2.1812 16.0261 
v -7.61659 2.26879 15.8263 
v -7.57432 2.3732 15.5834 
v -7.7593 2.10199 15.9731 
v -7.72572 2.18946 15.7732 
v -7.68344 2.29398 15.5304 
v -7.80243 1.98999 15.9171 
v -7.76884 2.07757 15.7173 
v -7.72657 2.18197 15.4744 
v -7.72064 2.06183 15.4234 
v -7.76293 1.95752 15.6662 
v -7.79649 1.86987 15.866 
v -7.66972 1.95498 15.3858 
v -7.71197 1.8506 15.6286 
v -7.74555 1.76305 15.8284 
v -7.60961 1.8903 15.3681 
v -7.65187 1.78592 15.6108 
v -7.68543 1.6984 15.8106 
v -7.59273 1.651 15.8059 
v -7.5592 1.7386 15.6062 
v -7.51692 1.84288 15.3635 
v -7.45264 1.86623 15.3846 
v -7.49488 1.76188 15.6273 
v -7.43728 1.89527 15.3998 
v -7.52845 1.67436 15.827 
v -7.47951 1.79083 15.6425 
v -7.51309 1.7034 15.8422 
v -7.32114 2.10282 15.805 
v -7.35527 2.01609 16.005 
v -7.48669 1.96884 15.962 
v -7.45253 2.05571 15.762 
v -7.61757 1.92188 15.9192 
v -7.27944 2.20801 15.5624 
v -7.5834 2.00869 15.7192 
v -7.41085 2.16077 15.5194 
v -7.54173 2.11382 15.4766 
v -7.32114 2.10282 15.805 
v -7.30199 1.95076 15.9277 
v -7.35527 2.01609 16.005 
v -7.2758 2.01748 15.7757 
v -7.26337 1.90399 15.8572 
v -7.23419 2.12261 15.5332 
v -7.27944 2.20801 15.5624 
v -7.2037 2.0549 15.5091 
v -7.24527 1.9498 15.7516 
v -7.22951 1.87589 15.779 
v -7.17321 1.98719 15.485 
v -7.21474 1.88212 15.7275 
v -7.5834 2.00869 15.7192 
v -7.61757 1.92188 15.9192 
v -7.47951 1.79083 15.6425 
v -7.51309 1.7034 15.8422 
v -7.43728 1.89527 15.3998 
v -7.54173 2.11382 15.4766 

vn 0.0787402 0.92126 0.377953 
vn 0.0787402 0.92126 0.377953 
vn 0.0787402 0.92126 0.385827 
vn 0.0787402 0.92126 0.385827 
vn 0.0787402 0.92126 0.377953 
vn 0.0787402 0.92126 0.385827 
vn 0.0866142 0.92126 0.385827 
vn 0.0787402 0.92126 0.385827 
vn 0.0866142 0.92126 0.385827 
vn 0.15748 0.393701 -0.905512 
vn 0.15748 0.393701 -0.905512 
vn 0.15748 0.393701 -0.905512 
vn 0.15748 0.393701 -0.905512 
vn 0.15748 0.393701 -0.905512 
vn 0.15748 0.393701 -0.905512 
vn 0.15748 0.393701 -0.905512 
vn 0.15748 0.393701 -0.905512 
vn 0.15748 0.393701 -0.905512 
vn 0.15748 0.393701 -0.905512 
vn 0.15748 0.393701 -0.905512 
vn 0.15748 0.393701 -0.905512 
vn 0.15748 0.393701 -0.905512 
vn 0.15748 0.393701 -0.905512 
vn 0.15748 0.393701 -0.905512 
vn 0.15748 0.393701 -0.905512 
vn 0.15748 0.393701 -0.905512 
vn 0.15748 0.393701 -0.905512 
vn 0.15748 0.393701 -0.905512 
vn 0.15748 0.393701 -0.905512 
vn 0.15748 0.393701 -0.905512 
vn -0.15748 -0.393701 0.905512 
vn -0.15748 -0.393701 0.905512 
vn -0.15748 -0.393701 0.905512 
vn -0.15748 -0.393701 0.905512 
vn -0.15748 -0.393701 0.905512 
vn -0.15748 -0.393701 0.905512 
vn -0.15748 -0.393701 0.905512 
vn -0.15748 -0.393701 0.905512 
vn -0.15748 -0.393701 0.905512 
vn -0.15748 -0.393701 0.905512 
vn -0.15748 -0.393701 0.905512 
vn -0.165354 -0.385827 0.905512 
vn -0.133858 -0.511811 0.850394 
vn -0.165354 -0.370079 0.913386 
vn -0.0944882 -0.629921 0.771654 
vn -0.0393701 -0.80315 0.598425 
vn -0.0472441 -0.787402 0.614173 
vn -0.015748 -0.88189 0.472441 
vn -0.00787402 -0.889764 0.448819 
vn 0.023622 -0.937008 0.354331 
vn 0.023622 -0.937008 0.354331 
vn -0.818898 -0.181102 0.551181 
vn -0.818898 -0.181102 0.551181 
vn -0.818898 -0.181102 0.551181 
vn -0.818898 -0.181102 0.551181 
vn 0.566929 -0.370079 0.732283 
vn 0.566929 -0.370079 0.732283 
vn 0.566929 -0.370079 0.732283 
vn 0.566929 -0.370079 0.732283 
vn 0.543307 -0.015748 0.84252 
vn 0.685039 -0.362205 0.629921 
vn 0.692913 -0.433071 0.574803 
vn 0.692913 -0.622047 0.370079 
vn 0.456693 0.125984 0.88189 
vn 0.685039 -0.629921 0.354331 
vn 0.188976 0.377953 0.905512 
vn 0.527559 -0.84252 0.102362 
vn 0.511811 -0.850394 0.0944882 
vn 0.181102 0.377953 0.905512 
vn -0.023622 0.425197 0.905512 
vn -0.0314961 0.425197 0.905512 
vn -0.267717 0.409449 0.866142 
vn -0.267717 0.409449 0.874016 
vn -0.488189 0.322835 0.811024 
vn -0.480315 0.322835 0.811024 
vn -0.692913 0.141732 0.708661 
vn -0.700787 0.133858 0.700787 
vn -0.826772 -0.11811 0.551181 
vn -0.826772 -0.11811 0.551181 
vn -0.811024 -0.377953 0.448819 
vn -0.80315 -0.393701 0.448819 
vn -0.692913 -0.606299 0.385827 
vn -0.700787 -0.598425 0.385827 
vn -0.535433 -0.779528 0.338583 
vn -0.543307 -0.76378 0.338583 
vn -0.15748 -0.905512 0.385827 
vn -0.11811 -0.913386 0.393701 
vn -0.11811 -0.913386 0.393701 
vn 0.488189 -0.511811 0.708661 
vn 0.370079 -0.779528 0.511811 
vn 0.606299 -0.330709 0.724409 
vn 0.724409 -0.488189 0.488189 
vn 0.598425 0 0.80315 
vn 0.606299 0.716535 -0.346457 
vn 0.787402 0.393701 -0.472441 
vn 0.795276 0.385827 -0.472441 
vn 0.653543 0.661417 -0.370079 
vn 0.818898 0.15748 -0.551181 
vn 0.393701 0.88189 -0.267717 
vn 0.818898 0.165354 -0.551181 
vn 0.377953 0.88189 -0.267717 
vn 0.645669 -0.15748 -0.748031 
vn 0.637795 -0.165354 -0.755906 
vn 0.181102 0.937008 -0.291339 
vn 0.173228 0.944882 -0.291339 
vn -0.0629921 0.937008 -0.338583 
vn -0.0629921 0.937008 -0.338583 
vn -0.275591 0.874016 -0.401575 
vn -0.283465 0.866142 -0.409449 
vn -0.496063 0.692913 -0.527559 
vn -0.503937 0.685039 -0.527559 
vn -0.629921 0.401575 -0.661417 
vn -0.629921 0.401575 -0.661417 
vn -0.598425 0.15748 -0.787402 
vn -0.590551 0.141732 -0.795276 
vn -0.480315 -0.0629921 -0.874016 
vn -0.480315 -0.0551181 -0.874016 
vn -0.330709 -0.220472 -0.92126 
vn -0.314961 -0.228346 -0.92126 
vn 0.0708661 -0.330709 -0.937008 
vn 0.110236 -0.338583 -0.937008 
vn 0.590551 -0.212598 -0.779528 
vn 0.110236 -0.338583 -0.937008 
vn 0.724409 0.0944882 -0.685039 
vn 0.818898 0.212598 -0.527559 
vn 0.795276 0.496063 -0.346457 
vn 0.795276 0.496063 -0.346457 
vn 0.818898 0.188976 -0.543307 
vn 0.818898 0.188976 -0.543307 
vn 0.818898 0.188976 -0.543307 
vn 0.818898 0.188976 -0.543307 
vn -0.566929 0.338583 -0.748031 
vn -0.566929 0.338583 -0.748031 
vn -0.566929 0.338583 -0.748031 
vn -0.566929 0.338583 -0.748031 
vn 0.0629921 -0.992126 -0.125984 
vn -0.204724 -0.96063 -0.173228 
vn 0.0708661 -0.992126 -0.125984 
vn -0.204724 -0.96063 -0.173228 
vn 0.511811 -0.850394 0.0944882 
vn -0.15748 -0.393701 0.905512 
vn -0.15748 -0.393701 0.905512 
vn -0.15748 -0.393701 0.905512 
vn -0.15748 -0.393701 0.905512 
vn 0.984252 -0.11811 0.133858 
vn 0.984252 -0.11811 0.133858 
vn 0.984252 -0.11811 0.133858 
vn 0.984252 -0.11811 0.133858 
vn -0.984252 0.125984 -0.133858 
vn -0.984252 0.125984 -0.133858 
vn -0.984252 0.125984 -0.133858 
vn -0.984252 0.125984 -0.133858 
vn 0.173228 -0.874016 0.448819 
vn 0.165354 -0.874016 0.448819 
vn 0.165354 -0.874016 0.448819 
vn 0.173228 -0.874016 0.448819 
vn 0.173228 -0.88189 0.448819 
vn 0.173228 -0.88189 0.448819 
vn 0.393701 -0.307087 -0.866142 
vn 0.393701 -0.307087 -0.866142 
vn 0.393701 -0.307087 -0.866142 
vn 0.393701 -0.307087 -0.866142 
vn 0.393701 -0.307087 -0.866142 
vn 0.393701 -0.307087 -0.866142 
vn 0.15748 0.370079 -0.913386 
vn 0.15748 0.370079 -0.913386 
vn 0.15748 0.370079 -0.913386 
vn 0.15748 0.370079 -0.913386 
vn -0.322835 -0.818898 0.472441 
vn -0.299213 -0.834646 0.456693 
vn -0.322835 -0.818898 0.472441 
vn -0.283465 -0.850394 0.448819 
vn -0.204724 -0.913386 0.354331 
vn -0.204724 -0.913386 0.354331 
vn -0.15748 -0.952756 0.267717 
vn -0.15748 -0.952756 0.267717 
vn 0.212598 -0.425197 -0.88189 
vn -0.354331 -0.244094 -0.905512 
vn -0.149606 -0.251969 -0.96063 
vn 0.637795 -0.165354 -0.755906 
vn -0.614173 0 -0.787402 
vn -0.614173 0 -0.787402 
vn -0.606299 -0.015748 -0.795276 
vn -0.606299 -0.015748 -0.795276 
vn -0.598425 -0.023622 -0.80315 
vn -0.598425 -0.023622 -0.80315 
vn 0.732283 0.566929 0.370079 
vn 0.944882 0.212598 0.251969 
vn 0.96063 0.15748 0.23622 
vn 0.984252 -0.0944882 0.125984 
vn 0.708661 0.598425 0.377953 
vn 0.984252 -0.15748 0.102362 
vn 0.80315 -0.590551 -0.11811 
vn 0.984252 -0.15748 0.102362 
vn 0.96063 0.15748 0.23622 
vn 0.748031 -0.645669 -0.149606 
vn 0.740157 0.566929 0.370079 
vn 0.11811 -0.92126 -0.377953 
vn 0.11811 -0.92126 -0.377953 
vn -0.173228 -0.889764 -0.417323 
vn -0.173228 -0.889764 -0.417323 
vn 0.385827 0.818898 0.417323 
vn 0.385827 0.818898 0.425197 
vn 0.102362 0.905512 0.409449 
vn 0.385827 0.818898 0.425197 
vn 0.102362 0.905512 0.409449 
vn -0.220472 0.913386 0.354331 
vn 0.102362 0.905512 0.409449 
vn -0.220472 0.905512 0.354331 
vn -0.220472 0.905512 0.362205 
vn -0.519685 0.811024 0.267717 
vn -0.519685 0.811024 0.267717 
vn -0.511811 0.818898 0.259843 
vn -0.818898 0.566929 0.110236 
vn -0.811024 0.566929 0.110236 
vn -0.811024 0.574803 0.102362 
vn -0.976378 0.188976 -0.0787402 
vn -0.976378 0.19685 -0.0866142 
vn -0.976378 0.19685 -0.0866142 
vn -0.96063 -0.15748 -0.23622 
vn -0.96063 -0.15748 -0.228346 
vn -0.96063 -0.15748 -0.228346 
vn -0.826772 -0.456693 -0.338583 
vn -0.826772 -0.456693 -0.338583 
vn -0.826772 -0.456693 -0.338583 
vn -0.590551 -0.700787 -0.401575 
vn -0.590551 -0.700787 -0.401575 
vn -0.590551 -0.700787 -0.401575 
vn -0.00787402 -0.913386 -0.401575 
vn -0.00787402 -0.913386 -0.401575 
vn -0.00787402 -0.92126 -0.393701 
vn 0.692913 -0.700787 -0.181102 
vn 0.692913 -0.692913 -0.181102 
vn 0.889764 -0.448819 -0.0393701 
vn 0.692913 -0.692913 -0.188976 
vn 0.889764 -0.448819 -0.0393701 
vn 0.889764 -0.448819 -0.0472441 
vn 0.409449 -0.858268 -0.299213 
vn 0.409449 -0.858268 -0.307087 
vn 0.409449 -0.858268 -0.307087 
vn 0.409449 -0.858268 -0.307087 
vn 0.724409 -0.488189 0.488189 
vn 0.409449 -0.858268 -0.299213 
vn 0.409449 -0.858268 -0.307087 
vn 0.409449 -0.858268 -0.299213 
vn 0.409449 -0.858268 -0.299213 
vn -0.88189 -0.362205 -0.307087 
vn -0.889764 -0.346457 -0.299213 
vn -0.88189 -0.362205 -0.307087 
vn -0.897638 -0.330709 -0.299213 
vn -0.905512 -0.307087 -0.291339 
vn -0.897638 -0.330709 -0.299213 
vn -0.88189 -0.362205 -0.307087 
vn -0.905512 -0.307087 -0.291339 
vn -0.905512 -0.307087 -0.291339 
vn -0.905512 -0.299213 -0.291339 
vn -0.905512 -0.307087 -0.291339 
vn -0.905512 -0.307087 -0.291339 
vn 0.897638 0.322835 0.291339 
vn 0.897638 0.322835 0.291339 
vn 0.897638 0.322835 0.291339 
vn 0.897638 0.322835 0.291339 
vn 0.897638 0.322835 0.299213 
vn 0.897638 0.322835 0.299213 

vt 0.539858 0.52363 
vt 0.53568 0.518169 
vt 0.532103 0.523651 
vt 0.531319 0.522594 
vt 0.540639 0.522947 
vt 0.531319 0.513337 
vt 0.540639 0.513687 
vt 0.532103 0.512654 
vt 0.539858 0.512633 
vt 0.573697 0.518284 
vt 0.569477 0.53098 
vt 0.572213 0.518025 
vt 0.574467 0.521794 
vt 0.574535 0.524952 
vt 0.573593 0.530405 
vt 0.571733 0.534828 
vt 0.568902 0.538418 
vt 0.56315 0.530808 
vt 0.564813 0.539854 
vt 0.561156 0.539554 
vt 0.557523 0.53763 
vt 0.556825 0.530855 
vt 0.554494 0.534516 
vt 0.55271 0.531725 
vt 0.555464 0.523835 
vt 0.551675 0.525555 
vt 0.552015 0.521442 
vt 0.554787 0.520381 
vt 0.552911 0.517488 
vt 0.554182 0.517185 
vt 0.525959 0.518961 
vt 0.527446 0.518748 
vt 0.529954 0.531826 
vt 0.525154 0.522426 
vt 0.525014 0.525603 
vt 0.525862 0.531164 
vt 0.527666 0.535607 
vt 0.530333 0.538956 
vt 0.536239 0.531783 
vt 0.534598 0.540842 
vt 0.538285 0.540628 
vt 0.541928 0.538708 
vt 0.5425 0.532266 
vt 0.544865 0.535409 
vt 0.546344 0.532458 
vt 0.543121 0.523989 
vt 0.547004 0.525902 
vt 0.546436 0.519116 
vt 0.5438 0.518608 
vt 0.545338 0.513507 
vt 0.544334 0.512952 
vt 0.539974 0.575131 
vt 0.538263 0.562341 
vt 0.539721 0.562341 
vt 0.538519 0.575341 
vt 0.526692 0.576349 
vt 0.527943 0.562341 
vt 0.528137 0.576692 
vt 0.526483 0.562341 
vt 0.548504 0.532441 
vt 0.547004 0.525902 
vt 0.549163 0.524708 
vt 0.546436 0.519116 
vt 0.546344 0.532458 
vt 0.548491 0.518072 
vt 0.546488 0.537226 
vt 0.545338 0.513507 
vt 0.5468 0.511364 
vt 0.544865 0.535409 
vt 0.542967 0.541372 
vt 0.541928 0.538708 
vt 0.538657 0.543755 
vt 0.538285 0.540628 
vt 0.534256 0.543931 
vt 0.534598 0.540842 
vt 0.529486 0.541954 
vt 0.530333 0.538956 
vt 0.526123 0.537579 
vt 0.527666 0.535607 
vt 0.525862 0.531164 
vt 0.523858 0.532005 
vt 0.525014 0.525603 
vt 0.522941 0.525961 
vt 0.523109 0.521497 
vt 0.525154 0.522426 
vt 0.525959 0.518961 
vt 0.52437 0.516663 
vt 0.525386 0.51572 
vt 0.527446 0.518748 
vt 0.527786 0.51564 
vt 0.52889 0.516616 
vt 0.531349 0.528413 
vt 0.529954 0.531826 
vt 0.55271 0.531725 
vt 0.549655 0.525861 
vt 0.551675 0.525555 
vt 0.55063 0.532493 
vt 0.549951 0.520537 
vt 0.55298 0.536528 
vt 0.552015 0.521442 
vt 0.554494 0.534516 
vt 0.552911 0.517488 
vt 0.551248 0.515426 
vt 0.556521 0.540323 
vt 0.557523 0.53763 
vt 0.560783 0.54268 
vt 0.561156 0.539554 
vt 0.564813 0.539854 
vt 0.565127 0.542952 
vt 0.568902 0.538418 
vt 0.56986 0.541097 
vt 0.57327 0.536854 
vt 0.571733 0.534828 
vt 0.573593 0.530405 
vt 0.575583 0.531334 
vt 0.574535 0.524952 
vt 0.57658 0.525347 
vt 0.574467 0.521794 
vt 0.576505 0.520881 
vt 0.573697 0.518284 
vt 0.575293 0.516041 
vt 0.571898 0.514876 
vt 0.57428 0.515083 
vt 0.572213 0.518025 
vt 0.57077 0.515804 
vt 0.568137 0.527589 
vt 0.569477 0.53098 
vt 0.561897 0.573348 
vt 0.561816 0.562342 
vt 0.563278 0.562342 
vt 0.563348 0.573612 
vt 0.551503 0.562342 
vt 0.551535 0.571731 
vt 0.550045 0.562341 
vt 0.550092 0.572085 
vt 0.544334 0.512952 
vt 0.542941 0.511052 
vt 0.544351 0.510753 
vt 0.542931 0.513775 
vt 0.546364 0.510898 
vt 0.538519 0.575341 
vt 0.527943 0.562341 
vt 0.538263 0.562341 
vt 0.528137 0.576692 
vt 0.573599 0.562341 
vt 0.563348 0.573612 
vt 0.563278 0.562342 
vt 0.573461 0.576692 
vt 0.550092 0.572085 
vt 0.539721 0.562341 
vt 0.550045 0.562341 
vt 0.539974 0.575131 
vt 0.536239 0.531783 
vt 0.541256 0.528581 
vt 0.5425 0.532266 
vt 0.536247 0.528385 
vt 0.531349 0.528413 
vt 0.529954 0.531826 
vt 0.56315 0.530808 
vt 0.558273 0.527474 
vt 0.563202 0.527472 
vt 0.556825 0.530855 
vt 0.568137 0.527589 
vt 0.569477 0.53098 
vt 0.561816 0.562342 
vt 0.551535 0.571731 
vt 0.551503 0.562342 
vt 0.561897 0.573348 
vt 0.541256 0.528581 
vt 0.543121 0.523989 
vt 0.5425 0.532266 
vt 0.541932 0.522917 
vt 0.5438 0.518608 
vt 0.542476 0.518262 
vt 0.542931 0.513775 
vt 0.544334 0.512952 
vt 0.554187 0.514261 
vt 0.555551 0.515206 
vt 0.554182 0.517185 
vt 0.552163 0.514458 
vt 0.556536 0.518913 
vt 0.554787 0.520381 
vt 0.557264 0.522729 
vt 0.555464 0.523835 
vt 0.558273 0.527474 
vt 0.556825 0.530855 
vt 0.529119 0.553556 
vt 0.526083 0.558814 
vt 0.526082 0.553557 
vt 0.523714 0.556412 
vt 0.529124 0.560732 
vt 0.523714 0.553558 
vt 0.521309 0.553559 
vt 0.523713 0.544855 
vt 0.526081 0.544853 
vt 0.521308 0.544857 
vt 0.529116 0.544851 
vt 0.520003 0.55356 
vt 0.520002 0.544857 
vt 0.519092 0.544858 
vt 0.519097 0.553561 
vt 0.531446 0.544853 
vt 0.53146 0.553558 
vt 0.534275 0.544856 
vt 0.531441 0.560733 
vt 0.534287 0.553559 
vt 0.537159 0.544859 
vt 0.53427 0.560735 
vt 0.537165 0.553562 
vt 0.537154 0.560737 
vt 0.539901 0.56074 
vt 0.539907 0.553563 
vt 0.539905 0.544859 
vt 0.543048 0.560741 
vt 0.543048 0.553564 
vt 0.543051 0.54486 
vt 0.545924 0.560742 
vt 0.545915 0.553566 
vt 0.545927 0.54486 
vt 0.548763 0.54486 
vt 0.548747 0.553566 
vt 0.548762 0.560744 
vt 0.551459 0.544858 
vt 0.551444 0.553567 
vt 0.551457 0.560747 
vt 0.553413 0.544855 
vt 0.5534 0.553567 
vt 0.553412 0.560751 
vt 0.555672 0.560757 
vt 0.555663 0.553568 
vt 0.555675 0.544851 
vt 0.557228 0.544852 
vt 0.557218 0.553569 
vt 0.558014 0.544855 
vt 0.557226 0.560757 
vt 0.558003 0.553569 
vt 0.558012 0.560753 
vt 0.570237 0.553744 
vt 0.570238 0.560922 
vt 0.567068 0.560922 
vt 0.567068 0.553743 
vt 0.563911 0.560921 
vt 0.570239 0.545038 
vt 0.563912 0.553743 
vt 0.567068 0.545038 
vt 0.563911 0.545038 
vt 0.570237 0.553744 
vt 0.572442 0.559209 
vt 0.570238 0.560922 
vt 0.572428 0.553744 
vt 0.574121 0.557536 
vt 0.57243 0.54504 
vt 0.570239 0.545038 
vt 0.574124 0.545041 
vt 0.574122 0.553744 
vt 0.575462 0.555418 
vt 0.575818 0.545042 
vt 0.575816 0.553745 
vt 0.563912 0.553743 
vt 0.563911 0.560921 
vt 0.558417 0.553743 
vt 0.558397 0.560919 
vt 0.558397 0.545039 
vt 0.563911 0.545038 

usemtl R15Bacon1Mtl

f 2743/2743/2743 2744/2744/2744 2745/2745/2745 
f 2745/2745/2745 2744/2744/2744 2746/2746/2746 
f 2747/2747/2747 2744/2744/2744 2743/2743/2743 
f 2746/2746/2746 2744/2744/2744 2748/2748/2748 
f 2749/2749/2749 2744/2744/2744 2747/2747/2747 
f 2748/2748/2748 2744/2744/2744 2750/2750/2750 
f 2751/2751/2751 2744/2744/2744 2749/2749/2749 
f 2750/2750/2750 2744/2744/2744 2751/2751/2751 
f 2752/2752/2752 2753/2753/2753 2754/2754/2754 
f 2755/2755/2755 2753/2753/2753 2752/2752/2752 
f 2756/2756/2756 2753/2753/2753 2755/2755/2755 
f 2753/2753/2753 2756/2756/2756 2757/2757/2757 
f 2757/2757/2757 2758/2758/2758 2753/2753/2753 
f 2753/2753/2753 2758/2758/2758 2759/2759/2759 
f 2760/2760/2760 2753/2753/2753 2759/2759/2759 
f 2760/2760/2760 2759/2759/2759 2761/2761/2761 
f 2762/2762/2762 2760/2760/2760 2761/2761/2761 
f 2763/2763/2763 2760/2760/2760 2762/2762/2762 
f 2763/2763/2763 2764/2764/2764 2760/2760/2760 
f 2764/2764/2764 2763/2763/2763 2765/2765/2765 
f 2764/2764/2764 2765/2765/2765 2766/2766/2766 
f 2767/2767/2767 2764/2764/2764 2766/2766/2766 
f 2767/2767/2767 2766/2766/2766 2768/2768/2768 
f 2769/2769/2769 2767/2767/2767 2768/2768/2768 
f 2767/2767/2767 2769/2769/2769 2770/2770/2770 
f 2770/2770/2770 2769/2769/2769 2771/2771/2771 
f 2770/2770/2770 2771/2771/2771 2772/2772/2772 
f 2773/2773/2773 2774/2774/2774 2775/2775/2775 
f 2776/2776/2776 2773/2773/2773 2775/2775/2775 
f 2775/2775/2775 2777/2777/2777 2776/2776/2776 
f 2777/2777/2777 2775/2775/2775 2778/2778/2778 
f 2778/2778/2778 2775/2775/2775 2779/2779/2779 
f 2780/2780/2780 2779/2779/2779 2775/2775/2775 
f 2775/2775/2775 2781/2781/2781 2780/2780/2780 
f 2780/2780/2780 2781/2781/2781 2782/2782/2782 
f 2783/2783/2783 2782/2782/2782 2781/2781/2781 
f 2781/2781/2781 2784/2784/2784 2783/2783/2783 
f 2781/2781/2781 2785/2785/2785 2784/2784/2784 
f 2785/2785/2785 2786/2786/2786 2784/2784/2784 
f 2785/2785/2785 2787/2787/2787 2786/2786/2786 
f 2788/2788/2788 2787/2787/2787 2785/2785/2785 
f 2787/2787/2787 2788/2788/2788 2789/2789/2789 
f 2790/2790/2790 2789/2789/2789 2788/2788/2788 
f 2790/2790/2790 2788/2788/2788 2791/2791/2791 
f 2792/2792/2792 2790/2790/2790 2791/2791/2791 
f 2792/2792/2792 2791/2791/2791 2793/2793/2793 
f 2794/2794/2794 2795/2795/2795 2796/2796/2796 
f 2795/2795/2795 2794/2794/2794 2797/2797/2797 
f 2798/2798/2798 2799/2799/2799 2800/2800/2800 
f 2799/2799/2799 2798/2798/2798 2801/2801/2801 
f 2802/2802/2802 2803/2803/2803 2804/2804/2804 
f 2803/2803/2803 2805/2805/2805 2804/2804/2804 
f 2803/2803/2803 2802/2802/2802 2806/2806/2806 
f 2807/2807/2807 2804/2804/2804 2805/2805/2805 
f 2808/2808/2808 2806/2806/2806 2802/2802/2802 
f 2809/2809/2809 2807/2807/2807 2805/2805/2805 
f 2807/2807/2807 2809/2809/2809 2810/2810/2810 
f 2806/2806/2806 2808/2808/2808 2811/2811/2811 
f 2812/2812/2812 2811/2811/2811 2808/2808/2808 
f 2811/2811/2811 2812/2812/2812 2813/2813/2813 
f 2814/2814/2814 2813/2813/2813 2812/2812/2812 
f 2813/2813/2813 2814/2814/2814 2815/2815/2815 
f 2814/2814/2814 2816/2816/2816 2815/2815/2815 
f 2815/2815/2815 2816/2816/2816 2817/2817/2817 
f 2816/2816/2816 2818/2818/2818 2817/2817/2817 
f 2817/2817/2817 2818/2818/2818 2819/2819/2819 
f 2818/2818/2818 2820/2820/2820 2819/2819/2819 
f 2819/2819/2819 2820/2820/2820 2821/2821/2821 
f 2820/2820/2820 2822/2822/2822 2821/2821/2821 
f 2822/2822/2822 2820/2820/2820 2823/2823/2823 
f 2823/2823/2823 2824/2824/2824 2822/2822/2822 
f 2824/2824/2824 2823/2823/2823 2825/2825/2825 
f 2824/2824/2824 2825/2825/2825 2826/2826/2826 
f 2826/2826/2826 2827/2827/2827 2824/2824/2824 
f 2826/2826/2826 2828/2828/2828 2827/2827/2827 
f 2828/2828/2828 2826/2826/2826 2829/2829/2829 
f 2830/2830/2830 2831/2831/2831 2828/2828/2828 
f 2831/2831/2831 2830/2830/2830 2832/2832/2832 
f 2833/2833/2833 2831/2831/2831 2832/2832/2832 
f 2833/2833/2833 2834/2834/2834 2831/2831/2831 
f 2835/2835/2835 2831/2831/2831 2834/2834/2834 
f 2836/2836/2836 2837/2837/2837 2838/2838/2838 
f 2837/2837/2837 2836/2836/2836 2839/2839/2839 
f 2840/2840/2840 2838/2838/2838 2837/2837/2837 
f 2841/2841/2841 2839/2839/2839 2836/2836/2836 
f 2838/2838/2838 2840/2840/2840 2842/2842/2842 
f 2836/2836/2836 2843/2843/2843 2841/2841/2841 
f 2840/2840/2840 2844/2844/2844 2842/2842/2842 
f 2840/2840/2840 2845/2845/2845 2844/2844/2844 
f 2846/2846/2846 2841/2841/2841 2843/2843/2843 
f 2843/2843/2843 2847/2847/2847 2846/2846/2846 
f 2847/2847/2847 2848/2848/2848 2846/2846/2846 
f 2847/2847/2847 2849/2849/2849 2848/2848/2848 
f 2849/2849/2849 2850/2850/2850 2848/2848/2848 
f 2850/2850/2850 2851/2851/2851 2848/2848/2848 
f 2852/2852/2852 2851/2851/2851 2850/2850/2850 
f 2851/2851/2851 2852/2852/2852 2853/2853/2853 
f 2854/2854/2854 2853/2853/2853 2852/2852/2852 
f 2852/2852/2852 2855/2855/2855 2854/2854/2854 
f 2854/2854/2854 2855/2855/2855 2856/2856/2856 
f 2854/2854/2854 2856/2856/2856 2857/2857/2857 
f 2858/2858/2858 2857/2857/2857 2856/2856/2856 
f 2857/2857/2857 2858/2858/2858 2859/2859/2859 
f 2860/2860/2860 2859/2859/2859 2858/2858/2858 
f 2859/2859/2859 2860/2860/2860 2861/2861/2861 
f 2862/2862/2862 2861/2861/2861 2860/2860/2860 
f 2861/2861/2861 2862/2862/2862 2863/2863/2863 
f 2862/2862/2862 2864/2864/2864 2865/2865/2865 
f 2864/2864/2864 2862/2862/2862 2866/2866/2866 
f 2867/2867/2867 2864/2864/2864 2866/2866/2866 
f 2866/2866/2866 2868/2868/2868 2867/2867/2867 
f 2868/2868/2868 2866/2866/2866 2869/2869/2869 
f 2870/2870/2870 2871/2871/2871 2872/2872/2872 
f 2872/2872/2872 2873/2873/2873 2870/2870/2870 
f 2874/2874/2874 2875/2875/2875 2876/2876/2876 
f 2877/2877/2877 2876/2876/2876 2875/2875/2875 
f 2878/2878/2878 2879/2879/2879 2880/2880/2880 
f 2879/2879/2879 2878/2878/2878 2881/2881/2881 
f 2880/2880/2880 2809/2809/2809 2878/2878/2878 
f 2809/2809/2809 2880/2880/2880 2882/2882/2882 
f 2883/2883/2883 2884/2884/2884 2885/2885/2885 
f 2884/2884/2884 2883/2883/2883 2886/2886/2886 
f 2887/2887/2887 2888/2888/2888 2889/2889/2889 
f 2888/2888/2888 2887/2887/2887 2890/2890/2890 
f 2891/2891/2891 2892/2892/2892 2893/2893/2893 
f 2892/2892/2892 2891/2891/2891 2894/2894/2894 
f 2895/2895/2895 2896/2896/2896 2897/2897/2897 
f 2896/2896/2896 2895/2895/2895 2898/2898/2898 
f 2899/2899/2899 2898/2898/2898 2895/2895/2895 
f 2895/2895/2895 2900/2900/2900 2899/2899/2899 
f 2901/2901/2901 2902/2902/2902 2903/2903/2903 
f 2902/2902/2902 2901/2901/2901 2904/2904/2904 
f 2905/2905/2905 2901/2901/2901 2903/2903/2903 
f 2901/2901/2901 2905/2905/2905 2906/2906/2906 
f 2907/2907/2907 2908/2908/2908 2909/2909/2909 
f 2908/2908/2908 2907/2907/2907 2910/2910/2910 
f 2911/2911/2911 2912/2912/2912 2913/2913/2913 
f 2912/2912/2912 2911/2911/2911 2914/2914/2914 
f 2914/2914/2914 2915/2915/2915 2912/2912/2912 
f 2915/2915/2915 2914/2914/2914 2916/2916/2916 
f 2917/2917/2917 2915/2915/2915 2916/2916/2916 
f 2915/2915/2915 2917/2917/2917 2918/2918/2918 
f 2919/2919/2919 2920/2920/2920 2921/2921/2921 
f 2921/2921/2921 2922/2922/2922 2919/2919/2919 
f 2922/2922/2922 2921/2921/2921 2844/2844/2844 
f 2923/2923/2923 2921/2921/2921 2920/2920/2920 
f 2921/2921/2921 2923/2923/2923 2924/2924/2924 
f 2925/2925/2925 2924/2924/2924 2923/2923/2923 
f 2924/2924/2924 2925/2925/2925 2926/2926/2926 
f 2927/2927/2927 2926/2926/2926 2925/2925/2925 
f 2926/2926/2926 2927/2927/2927 2928/2928/2928 
f 2929/2929/2929 2930/2930/2930 2931/2931/2931 
f 2930/2930/2930 2932/2932/2932 2931/2931/2931 
f 2930/2930/2930 2929/2929/2929 2933/2933/2933 
f 2931/2931/2931 2932/2932/2932 2934/2934/2934 
f 2935/2935/2935 2934/2934/2934 2932/2932/2932 
f 2936/2936/2936 2931/2931/2931 2934/2934/2934 
f 2936/2936/2936 2934/2934/2934 2935/2935/2935 
f 2931/2931/2931 2936/2936/2936 2937/2937/2937 
f 2937/2937/2937 2929/2929/2929 2931/2931/2931 
f 2936/2936/2936 2935/2935/2935 2938/2938/2938 
f 2929/2929/2929 2937/2937/2937 2939/2939/2939 
f 2938/2938/2938 2935/2935/2935 2940/2940/2940 
f 2940/2940/2940 2941/2941/2941 2938/2938/2938 
f 2940/2940/2940 2942/2942/2942 2941/2941/2941 
f 2942/2942/2942 2940/2940/2940 2943/2943/2943 
f 2944/2944/2944 2929/2929/2929 2939/2939/2939 
f 2929/2929/2929 2944/2944/2944 2945/2945/2945 
f 2945/2945/2945 2933/2933/2933 2929/2929/2929 
f 2946/2946/2946 2945/2945/2945 2944/2944/2944 
f 2933/2933/2933 2945/2945/2945 2947/2947/2947 
f 2945/2945/2945 2946/2946/2946 2948/2948/2948 
f 2948/2948/2948 2947/2947/2947 2945/2945/2945 
f 2949/2949/2949 2948/2948/2948 2946/2946/2946 
f 2947/2947/2947 2948/2948/2948 2950/2950/2950 
f 2950/2950/2950 2948/2948/2948 2951/2951/2951 
f 2948/2948/2948 2949/2949/2949 2951/2951/2951 
f 2951/2951/2951 2952/2952/2952 2950/2950/2950 
f 2951/2951/2951 2953/2953/2953 2952/2952/2952 
f 2949/2949/2949 2954/2954/2954 2951/2951/2951 
f 2953/2953/2953 2951/2951/2951 2954/2954/2954 
f 2955/2955/2955 2954/2954/2954 2949/2949/2949 
f 2954/2954/2954 2956/2956/2956 2953/2953/2953 
f 2955/2955/2955 2957/2957/2957 2954/2954/2954 
f 2956/2956/2956 2954/2954/2954 2957/2957/2957 
f 2957/2957/2957 2955/2955/2955 2958/2958/2958 
f 2957/2957/2957 2959/2959/2959 2956/2956/2956 
f 2958/2958/2958 2960/2960/2960 2957/2957/2957 
f 2959/2959/2959 2957/2957/2957 2960/2960/2960 
f 2960/2960/2960 2958/2958/2958 2961/2961/2961 
f 2962/2962/2962 2960/2960/2960 2961/2961/2961 
f 2963/2963/2963 2959/2959/2959 2960/2960/2960 
f 2960/2960/2960 2962/2962/2962 2963/2963/2963 
f 2959/2959/2959 2963/2963/2963 2964/2964/2964 
f 2965/2965/2965 2963/2963/2963 2962/2962/2962 
f 2966/2966/2966 2964/2964/2964 2963/2963/2963 
f 2963/2963/2963 2965/2965/2965 2966/2966/2966 
f 2964/2964/2964 2966/2966/2966 2967/2967/2967 
f 2966/2966/2966 2965/2965/2965 2968/2968/2968 
f 2969/2969/2969 2967/2967/2967 2966/2966/2966 
f 2968/2968/2968 2969/2969/2969 2966/2966/2966 
f 2967/2967/2967 2969/2969/2969 2970/2970/2970 
f 2969/2969/2969 2971/2971/2971 2970/2970/2970 
f 2968/2968/2968 2972/2972/2972 2969/2969/2969 
f 2971/2971/2971 2969/2969/2969 2972/2972/2972 
f 2972/2972/2972 2968/2968/2968 2973/2973/2973 
f 2972/2972/2972 2973/2973/2973 2974/2974/2974 
f 2975/2975/2975 2971/2971/2971 2972/2972/2972 
f 2974/2974/2974 2975/2975/2975 2972/2972/2972 
f 2976/2976/2976 2975/2975/2975 2974/2974/2974 
f 2971/2971/2971 2975/2975/2975 2977/2977/2977 
f 2976/2976/2976 2978/2978/2978 2975/2975/2975 
f 2978/2978/2978 2977/2977/2977 2975/2975/2975 
f 2978/2978/2978 2979/2979/2979 2977/2977/2977 
f 2980/2980/2980 2981/2981/2981 2982/2982/2982 
f 2980/2980/2980 2982/2982/2982 2983/2983/2983 
f 2984/2984/2984 2983/2983/2983 2982/2982/2982 
f 2983/2983/2983 2985/2985/2985 2980/2980/2980 
f 2983/2983/2983 2984/2984/2984 2986/2986/2986 
f 2985/2985/2985 2983/2983/2983 2987/2987/2987 
f 2986/2986/2986 2987/2987/2987 2983/2983/2983 
f 2987/2987/2987 2986/2986/2986 2988/2988/2988 
f 2989/2989/2989 2990/2990/2990 2991/2991/2991 
f 2990/2990/2990 2989/2989/2989 2992/2992/2992 
f 2992/2992/2992 2993/2993/2993 2990/2990/2990 
f 2989/2989/2989 2994/2994/2994 2992/2992/2992 
f 2994/2994/2994 2989/2989/2989 2995/2995/2995 
f 2996/2996/2996 2992/2992/2992 2994/2994/2994 
f 2993/2993/2993 2992/2992/2992 2997/2997/2997 
f 2992/2992/2992 2996/2996/2996 2997/2997/2997 
f 2997/2997/2997 2998/2998/2998 2993/2993/2993 
f 2999/2999/2999 2997/2997/2997 2996/2996/2996 
f 2998/2998/2998 2997/2997/2997 3000/3000/3000 
f 2997/2997/2997 2999/2999/2999 3000/3000/3000 
f 3001/3001/3001 3002/3002/3002 3003/3003/3003 
f 3002/3002/3002 3004/3004/3004 3003/3003/3003 
f 3001/3001/3001 3003/3003/3003 3005/3005/3005 
f 3006/3006/3006 3001/3001/3001 3005/3005/3005 

g R15Bacon8

v -7.71151 2.35561 15.9861 
v -7.69196 2.35524 15.8492 
v -7.68444 2.30998 15.9636 
v -7.59655 2.26332 16.0691 
v -7.61489 2.30233 16.1033 
v -7.71917 2.40593 15.8594 
v -7.65179 2.40433 15.7433 
v -7.67422 2.45912 15.7421 
v -7.54598 2.49357 15.6524 
v -7.53622 2.43765 15.6622 
v -7.45719 2.25893 16.193 
v -7.61489 2.30233 16.1033 
v -7.45355 2.22661 16.1498 
v -7.59655 2.26332 16.0691 
v -7.1704 2.20008 16.2043 
v -7.14044 2.22284 16.2541 
v -7.10166 2.23468 16.2252 
v -7.12718 2.21222 16.1753 
v -7.59655 2.26332 16.0691 
v -7.68444 2.30998 15.9636 
v -7.13295 2.32213 15.918 
v -7.69196 2.35524 15.8492 
v -7.45355 2.22661 16.1498 
v -7.65179 2.40433 15.7433 
v -7.1704 2.20008 16.2043 
v -7.53622 2.43765 15.6622 
v -7.12718 2.21222 16.1753 
v -7.37473 2.45438 15.6181 
v -7.08942 2.31891 15.9227 
v -7.09061 2.44333 15.6326 
v -7.0515 2.42684 15.6669 
v -7.0515 2.42684 15.6669 
v -7.05696 2.492 15.6205 
v -7.01068 2.47726 15.6566 
v -7.09061 2.44333 15.6326 
v -7.36716 2.5088 15.6039 
v -7.37473 2.45438 15.6181 
v -7.54598 2.49357 15.6524 
v -7.53622 2.43765 15.6622 
v -7.05728 2.35522 15.9424 
v -7.10166 2.23468 16.2252 
v -7.12718 2.21222 16.1753 
v -7.08942 2.31891 15.9227 
v -7.0515 2.42684 15.6669 
v -7.01068 2.47726 15.6566 
v -7.0239 2.55746 16.3464 
v -6.97524 2.89614 16.5062 
v -7.0586 2.55643 16.379 
v -6.94471 2.88615 16.4697 
v -7.10166 2.23468 16.2252 
v -7.14044 2.22284 16.2541 
v -7.35862 2.6205 16.3352 
v -7.45719 2.25893 16.193 
v -7.61489 2.30233 16.1033 
v -7.25823 2.98871 16.4799 
v -7.51021 2.67107 16.2547 
v -7.4036 3.04657 16.4089 
v -7.60542 2.72164 16.1438 
v -7.4036 3.04657 16.4089 
v -7.49738 3.09437 16.3045 
v -7.51021 2.67107 16.2547 
v -7.51315 3.12047 16.1828 
v -7.71151 2.35561 15.9861 
v -7.61489 2.30233 16.1033 
v -7.61709 2.75995 16.0196 
v -7.48307 3.13334 16.0619 
v -7.71917 2.40593 15.8594 
v -7.57951 2.79315 15.9005 
v -7.67422 2.45912 15.7421 
v -7.54598 2.49357 15.6524 
v -7.46234 2.80323 15.8051 
v -7.37716 3.11857 15.9606 
v -6.90731 2.98798 15.9109 
v -6.99225 2.6435 16.0661 
v -6.95947 2.7303 15.7826 
v -6.92601 2.93707 16.1921 
v -7.05728 2.35522 15.9424 
v -7.01068 2.47726 15.6566 
v -7.10166 2.23468 16.2252 
v -7.0239 2.55746 16.3464 
v -6.94471 2.88615 16.4697 
v -7.42364 3.18245 16.2892 
v -7.49738 3.09437 16.3045 
v -7.4036 3.04657 16.4089 
v -7.51315 3.12047 16.1828 
v -7.34208 3.14088 16.38 
v -7.43736 3.20515 16.1834 
v -7.25823 2.98871 16.4799 
v -7.48307 3.13334 16.0619 
v -7.39961 3.23184 16.2839 
v -7.41119 3.21634 16.0782 
v -7.37716 3.11857 15.9606 
v -7.4071 3.24898 16.1845 
v -7.31908 3.2035 15.9902 
v -7.39118 3.25886 16.0914 
v -7.22368 3.08278 15.8943 
v -7.36227 3.30581 16.1125 
v -7.30098 3.24899 16.0093 
v -7.1856 3.17238 15.9325 
v -7.28097 3.29923 16.0497 
v -6.94742 3.101 15.9181 
v -6.94982 3.00072 15.8777 
v -7.16875 3.22046 15.9629 
v -6.94329 3.14637 15.949 
v -6.91045 3.08992 15.9469 
v -6.90731 2.98798 15.9109 
v -6.91043 3.13213 15.9708 
v -6.93872 3.19649 16.0025 
v -6.92671 3.04564 16.1915 
v -6.92601 2.93707 16.1921 
v -6.94298 3.00137 16.433 
v -6.94471 2.88615 16.4697 
v -6.96953 3.01006 16.4647 
v -6.97524 2.89614 16.5062 
v -6.93461 3.06448 16.4119 
v -7.21565 3.09056 16.4418 
v -6.95955 3.07708 16.4354 
v -6.921 3.11117 16.1901 
v -6.92536 3.1342 16.3663 
v -6.91041 3.17876 16.0164 
v -6.94853 3.15111 16.3808 
v -6.91704 3.15655 16.1891 
v -6.91795 3.18307 16.3047 
v -6.91039 3.20669 16.0799 
v -6.93457 3.2276 16.0732 
v -6.91038 3.23298 16.1875 
v -6.93969 3.20343 16.312 
v -6.93067 3.25687 16.1875 
v -7.11358 3.34092 16.1874 
v -7.13131 3.30826 16.0796 
v -7.13954 3.28085 16.3067 
v -7.24568 3.35984 16.1874 
v -7.15014 3.27356 16.0158 
v -7.26279 3.33046 16.096 
v -7.34302 3.33405 16.1327 
v -7.32412 3.36062 16.1874 
v -7.37364 3.29746 16.1858 
v -7.26806 3.31287 16.2831 
v -7.35178 3.32312 16.2488 
v -7.37306 3.2864 16.2711 
v -7.28998 3.26688 16.3235 
v -7.16496 3.22204 16.3703 
v -7.31732 3.20075 16.3638 
v -7.19156 3.15304 16.4185 
v -7.00387 2.74405 15.7479 
v -6.90731 2.98798 15.9109 
v -6.95947 2.7303 15.7826 
v -6.94982 3.00072 15.8777 
v -7.05696 2.492 15.6205 
v -7.01068 2.47726 15.6566 
v -7.29607 2.79317 15.7478 
v -7.22368 3.08278 15.8943 
v -7.37716 3.11857 15.9606 
v -7.36716 2.5088 15.6039 
v -7.46234 2.80323 15.8051 
v -7.54598 2.49357 15.6524 

vn -0.834646 -0.543307 0.0866142 
vn -0.866142 -0.409449 -0.291339 
vn -0.826772 -0.551181 0.11811 
vn -0.606299 -0.669291 0.433071 
vn -0.614173 -0.661417 0.425197 
vn -0.858268 -0.401575 -0.314961 
vn -0.692913 -0.299213 -0.653543 
vn -0.677165 -0.291339 -0.677165 
vn -0.377953 -0.220472 -0.897638 
vn -0.385827 -0.228346 -0.897638 
vn -0.330709 -0.779528 0.535433 
vn -0.614173 -0.661417 0.425197 
vn -0.346457 -0.771654 0.535433 
vn -0.606299 -0.669291 0.433071 
vn 0.0551181 -0.905512 0.417323 
vn 0.181102 -0.92126 0.338583 
vn 0.566929 -0.818898 0.0708661 
vn 0.645669 -0.76378 0 
vn -0.015748 -0.92126 -0.393701 
vn -0.00787402 -0.929134 -0.377953 
vn -0.015748 -0.92126 -0.393701 
vn -0.00787402 -0.92126 -0.393701 
vn -0.015748 -0.92126 -0.393701 
vn -0.00787402 -0.913386 -0.409449 
vn -0.015748 -0.92126 -0.393701 
vn -0.015748 -0.92126 -0.393701 
vn -0.015748 -0.92126 -0.393701 
vn -0.015748 -0.92126 -0.393701 
vn -0.023622 -0.92126 -0.393701 
vn -0.023622 -0.92126 -0.393701 
vn -0.0314961 -0.92126 -0.393701 
vn 0.661417 -0.606299 -0.440945 
vn 0.291339 -0.417323 -0.858268 
vn 0.614173 -0.590551 -0.527559 
vn 0.212598 -0.370079 -0.905512 
vn -0.0866142 -0.244094 -0.968504 
vn -0.11811 -0.23622 -0.968504 
vn -0.377953 -0.220472 -0.897638 
vn -0.385827 -0.228346 -0.897638 
vn 0.771654 -0.614173 -0.141732 
vn 0.566929 -0.818898 0.0708661 
vn 0.645669 -0.76378 0 
vn 0.771654 -0.614173 -0.141732 
vn 0.661417 -0.606299 -0.440945 
vn 0.614173 -0.590551 -0.527559 
vn 0.858268 -0.346457 0.370079 
vn 0.188976 -0.385827 0.905512 
vn 0.244094 -0.393701 0.889764 
vn 0.834646 -0.354331 0.417323 
vn 0.84252 -0.354331 0.409449 
vn 0.181102 -0.385827 0.905512 
vn -0.362205 -0.251969 0.897638 
vn -0.385827 -0.244094 0.889764 
vn -0.669291 -0.110236 0.732283 
vn -0.354331 -0.259843 0.897638 
vn -0.645669 -0.125984 0.748031 
vn -0.629921 -0.133858 0.76378 
vn -0.905512 0.0866142 0.417323 
vn -0.629921 -0.133858 0.76378 
vn -0.889764 0.0629921 0.448819 
vn -0.645669 -0.125984 0.748031 
vn -0.96063 0.275591 0.015748 
vn -0.913386 0.0944882 0.393701 
vn -0.669291 -0.110236 0.732283 
vn -0.96063 0.283465 -0.015748 
vn -0.80315 0.425197 -0.409449 
vn -0.96063 0.283465 -0.023622 
vn -0.779528 0.433071 -0.448819 
vn -0.795276 0.425197 -0.425197 
vn -0.448819 0.488189 -0.748031 
vn -0.425197 0.488189 -0.76378 
vn -0.440945 0.488189 -0.755906 
vn 0.944882 -0.0314961 -0.330709 
vn 0.968504 -0.23622 0.0393701 
vn 0.92126 0 -0.393701 
vn 0.968504 -0.23622 0.0314961 
vn 0.968504 -0.23622 0.0472441 
vn 0.905512 0.015748 -0.417323 
vn 0.84252 -0.354331 0.409449 
vn 0.858268 -0.346457 0.370079 
vn 0.834646 -0.354331 0.417323 
vn -0.685039 0.543307 0.488189 
vn -0.622047 0.606299 0.488189 
vn -0.377953 0.488189 0.787402 
vn -0.740157 0.661417 0.0787402 
vn -0.393701 0.448819 0.80315 
vn -0.80315 0.598425 0.0472441 
vn -0.110236 0.385827 0.913386 
vn -0.669291 0.653543 -0.354331 
vn -0.716535 0.511811 0.480315 
vn -0.692913 0.590551 -0.417323 
vn -0.409449 0.535433 -0.740157 
vn -0.850394 0.527559 0.023622 
vn -0.385827 0.519685 -0.76378 
vn -0.716535 0.574803 -0.401575 
vn -0.102362 0.425197 -0.897638 
vn -0.629921 0.692913 -0.354331 
vn -0.330709 0.590551 -0.732283 
vn -0.0708661 0.480315 -0.874016 
vn -0.204724 0.755906 -0.622047 
vn 0.362205 0.401575 -0.834646 
vn 0.393701 0.338583 -0.858268 
vn 0.00787402 0.614173 -0.787402 
vn 0.393701 0.551181 -0.732283 
vn 0.905512 0.181102 -0.377953 
vn 0.913386 0.165354 -0.377953 
vn 0.905512 0.251969 -0.346457 
vn 0.440945 0.708661 -0.543307 
vn 1 -0.0393701 0.0551181 
vn 1 0.00787402 0.0708661 
vn 0.929134 0.0708661 0.362205 
vn 0.905512 0.11811 0.409449 
vn 0.425197 0.283465 0.858268 
vn 0.472441 0.283465 0.834646 
vn 0.913386 0.0866142 0.385827 
vn -0.110236 0.385827 0.913386 
vn 0.425197 0.370079 0.826772 
vn 0.992126 -0.0787402 0.0393701 
vn 0.913386 0.212598 0.354331 
vn 0.897638 0.354331 -0.259843 
vn 0.448819 0.559055 0.692913 
vn 0.992126 -0.0866142 0.0314961 
vn 0.92126 0.291339 0.259843 
vn 0.92126 0.362205 -0.133858 
vn 0.511811 0.795276 -0.322835 
vn 0.92126 0.385827 0.0629921 
vn 0.503937 0.700787 0.503937 
vn 0.559055 0.826772 0.0787402 
vn 0.267717 0.96063 0.0787402 
vn 0.220472 0.889764 -0.401575 
vn 0.181102 0.795276 0.582677 
vn 0.0551181 0.992126 0.0708661 
vn 0.11811 0.779528 -0.622047 
vn -0.0393701 0.889764 -0.448819 
vn -0.488189 0.818898 -0.299213 
vn -0.354331 0.937008 0.0472441 
vn -0.826772 0.566929 0.00787402 
vn -0.0314961 0.795276 0.606299 
vn -0.503937 0.771654 0.385827 
vn -0.629921 0.622047 0.464567 
vn -0.19685 0.622047 0.755906 
vn 0.0629921 0.637795 0.76378 
vn -0.346457 0.480315 0.80315 
vn -0.0551181 0.472441 0.88189 
vn 0.377953 0.354331 -0.858268 
vn 0.944882 -0.0314961 -0.330709 
vn 0.92126 0 -0.393701 
vn 0.385827 0.346457 -0.850394 
vn 0.338583 0.362205 -0.866142 
vn 0.905512 0.015748 -0.417323 
vn -0.0944882 0.464567 -0.88189 
vn -0.102362 0.464567 -0.874016 
vn -0.440945 0.488189 -0.755906 
vn -0.11811 0.472441 -0.874016 
vn -0.425197 0.488189 -0.76378 
vn -0.448819 0.488189 -0.748031 

vt 0.616567 0.694608 
vt 0.600717 0.687576 
vt 0.616567 0.687576 
vt 0.635233 0.687576 
vt 0.635233 0.694608 
vt 0.600717 0.694608 
vt 0.584799 0.687576 
vt 0.584799 0.694608 
vt 0.565849 0.694608 
vt 0.565849 0.687576 
vt 0.658922 0.694608 
vt 0.635233 0.694608 
vt 0.658922 0.687576 
vt 0.635233 0.687576 
vt 0.698359 0.687576 
vt 0.698359 0.694608 
vt 0.704821 0.694608 
vt 0.704821 0.687576 
vt 0.492517 0.623655 
vt 0.499685 0.623655 
vt 0.467847 0.651383 
vt 0.499685 0.651316 
vt 0.48384 0.623655 
vt 0.499685 0.679062 
vt 0.467543 0.623655 
vt 0.492552 0.679062 
vt 0.465369 0.623655 
vt 0.483886 0.679062 
vt 0.465369 0.651414 
vt 0.467866 0.679062 
vt 0.465385 0.679062 
vt 0.496025 0.687576 
vt 0.50389 0.694608 
vt 0.496025 0.694608 
vt 0.50389 0.687576 
vt 0.542952 0.694608 
vt 0.542952 0.687576 
vt 0.565849 0.694608 
vt 0.565849 0.687576 
vt 0.459821 0.694608 
vt 0.426629 0.694608 
vt 0.426629 0.687576 
vt 0.459821 0.687576 
vt 0.496029 0.687576 
vt 0.496029 0.694608 
vt 0.704821 0.734922 
vt 0.698359 0.772736 
vt 0.698359 0.734922 
vt 0.704821 0.772736 
vt 0.704821 0.694608 
vt 0.698359 0.694608 
vt 0.658922 0.734922 
vt 0.658922 0.694608 
vt 0.635233 0.694608 
vt 0.658922 0.772736 
vt 0.635233 0.734922 
vt 0.635233 0.772736 
vt 0.616567 0.734922 
vt 0.635233 0.772736 
vt 0.616567 0.772736 
vt 0.635233 0.734922 
vt 0.600717 0.772736 
vt 0.616567 0.694608 
vt 0.635233 0.694608 
vt 0.600717 0.734922 
vt 0.584799 0.772736 
vt 0.600717 0.694608 
vt 0.584799 0.734922 
vt 0.584799 0.694608 
vt 0.565849 0.694608 
vt 0.565849 0.734922 
vt 0.565849 0.772736 
vt 0.496029 0.772736 
vt 0.459821 0.734922 
vt 0.496029 0.734922 
vt 0.459821 0.772736 
vt 0.459821 0.694608 
vt 0.496029 0.694608 
vt 0.426629 0.694608 
vt 0.426629 0.734922 
vt 0.426629 0.772736 
vt 0.456263 0.659316 
vt 0.459407 0.661211 
vt 0.453463 0.67055 
vt 0.460811 0.650382 
vt 0.451093 0.667439 
vt 0.457484 0.649899 
vt 0.444608 0.676955 
vt 0.45952 0.639645 
vt 0.455457 0.658554 
vt 0.45636 0.64056 
vt 0.453671 0.630703 
vt 0.45626 0.649731 
vt 0.451274 0.632783 
vt 0.455668 0.64147 
vt 0.444879 0.624892 
vt 0.454511 0.643044 
vt 0.450707 0.634199 
vt 0.443627 0.627729 
vt 0.450042 0.63746 
vt 0.429633 0.626586 
vt 0.428789 0.623577 
vt 0.443135 0.630129 
vt 0.42982 0.62906 
vt 0.427398 0.629145 
vt 0.426218 0.62652 
vt 0.427794 0.631015 
vt 0.429986 0.63349 
vt 0.427334 0.650914 
vt 0.426145 0.65155 
vt 0.427276 0.672414 
vt 0.426078 0.676271 
vt 0.428782 0.675185 
vt 0.42781 0.679456 
vt 0.427521 0.670211 
vt 0.443391 0.67301 
vt 0.428995 0.672243 
vt 0.427711 0.650432 
vt 0.427837 0.665813 
vt 0.428193 0.634776 
vt 0.429276 0.667029 
vt 0.427973 0.650098 
vt 0.428067 0.660126 
vt 0.428357 0.640214 
vt 0.429939 0.639536 
vt 0.428414 0.649536 
vt 0.429479 0.660688 
vt 0.429797 0.649429 
vt 0.440876 0.649176 
vt 0.441738 0.639883 
vt 0.441442 0.660021 
vt 0.448434 0.649217 
vt 0.442551 0.634476 
vt 0.449264 0.641351 
vt 0.453696 0.644644 
vt 0.452812 0.649298 
vt 0.454906 0.649546 
vt 0.448988 0.657906 
vt 0.453831 0.654926 
vt 0.454582 0.657109 
vt 0.44964 0.661732 
vt 0.442105 0.665959 
vt 0.450381 0.665661 
vt 0.442758 0.670593 
vt 0.50389 0.734922 
vt 0.496025 0.772736 
vt 0.496025 0.734922 
vt 0.50389 0.772736 
vt 0.50389 0.694608 
vt 0.496025 0.694608 
vt 0.542952 0.734922 
vt 0.542952 0.772736 
vt 0.565849 0.772736 
vt 0.542952 0.694608 
vt 0.565849 0.734922 
vt 0.565849 0.694608 

usemtl R15Bacon1Mtl

f 3007/3007/3007 3008/3008/3008 3009/3009/3009 
f 3010/3010/3010 3007/3007/3007 3009/3009/3009 
f 3007/3007/3007 3010/3010/3010 3011/3011/3011 
f 3008/3008/3008 3007/3007/3007 3012/3012/3012 
f 3013/3013/3013 3008/3008/3008 3012/3012/3012 
f 3012/3012/3012 3014/3014/3014 3013/3013/3013 
f 3015/3015/3015 3013/3013/3013 3014/3014/3014 
f 3013/3013/3013 3015/3015/3015 3016/3016/3016 
f 3017/3017/3017 3018/3018/3018 3019/3019/3019 
f 3019/3019/3019 3018/3018/3018 3020/3020/3020 
f 3021/3021/3021 3017/3017/3017 3019/3019/3019 
f 3017/3017/3017 3021/3021/3021 3022/3022/3022 
f 3021/3021/3021 3023/3023/3023 3022/3022/3022 
f 3023/3023/3023 3021/3021/3021 3024/3024/3024 
f 3025/3025/3025 3026/3026/3026 3027/3027/3027 
f 3026/3026/3026 3028/3028/3028 3027/3027/3027 
f 3029/3029/3029 3025/3025/3025 3027/3027/3027 
f 3028/3028/3028 3030/3030/3030 3027/3027/3027 
f 3027/3027/3027 3031/3031/3031 3029/3029/3029 
f 3030/3030/3030 3032/3032/3032 3027/3027/3027 
f 3027/3027/3027 3033/3033/3033 3031/3031/3031 
f 3032/3032/3032 3034/3034/3034 3027/3027/3027 
f 3033/3033/3033 3027/3027/3027 3035/3035/3035 
f 3034/3034/3034 3036/3036/3036 3027/3027/3027 
f 3027/3027/3027 3037/3037/3037 3035/3035/3035 
f 3037/3037/3037 3027/3027/3027 3036/3036/3036 
f 3038/3038/3038 3039/3039/3039 3040/3040/3040 
f 3039/3039/3039 3038/3038/3038 3041/3041/3041 
f 3041/3041/3041 3042/3042/3042 3039/3039/3039 
f 3042/3042/3042 3041/3041/3041 3043/3043/3043 
f 3043/3043/3043 3044/3044/3044 3042/3042/3042 
f 3044/3044/3044 3043/3043/3043 3045/3045/3045 
f 3046/3046/3046 3047/3047/3047 3048/3048/3048 
f 3046/3046/3046 3048/3048/3048 3049/3049/3049 
f 3050/3050/3050 3046/3046/3046 3049/3049/3049 
f 3046/3046/3046 3050/3050/3050 3051/3051/3051 
f 3052/3052/3052 3053/3053/3053 3054/3054/3054 
f 3053/3053/3053 3052/3052/3052 3055/3055/3055 
f 3054/3054/3054 3056/3056/3056 3052/3052/3052 
f 3056/3056/3056 3054/3054/3054 3057/3057/3057 
f 3053/3053/3053 3058/3058/3058 3054/3054/3054 
f 3058/3058/3058 3057/3057/3057 3054/3054/3054 
f 3057/3057/3057 3058/3058/3058 3059/3059/3059 
f 3058/3058/3058 3060/3060/3060 3059/3059/3059 
f 3058/3058/3058 3053/3053/3053 3061/3061/3061 
f 3060/3060/3060 3058/3058/3058 3062/3062/3062 
f 3061/3061/3061 3062/3062/3062 3058/3058/3058 
f 3062/3062/3062 3061/3061/3061 3063/3063/3063 
f 3064/3064/3064 3065/3065/3065 3066/3066/3066 
f 3065/3065/3065 3064/3064/3064 3067/3067/3067 
f 3064/3064/3064 3066/3066/3066 3068/3068/3068 
f 3064/3064/3064 3069/3069/3069 3067/3067/3067 
f 3069/3069/3069 3070/3070/3070 3067/3067/3067 
f 3068/3068/3068 3071/3071/3071 3064/3064/3064 
f 3071/3071/3071 3069/3069/3069 3064/3064/3064 
f 3072/3072/3072 3071/3071/3071 3068/3068/3068 
f 3069/3069/3069 3071/3071/3071 3073/3073/3073 
f 3074/3074/3074 3073/3073/3073 3071/3071/3071 
f 3071/3071/3071 3072/3072/3072 3074/3074/3074 
f 3073/3073/3073 3074/3074/3074 3075/3075/3075 
f 3076/3076/3076 3075/3075/3075 3074/3074/3074 
f 3077/3077/3077 3076/3076/3076 3074/3074/3074 
f 3077/3077/3077 3074/3074/3074 3072/3072/3072 
f 3078/3078/3078 3077/3077/3077 3072/3072/3072 
f 3079/3079/3079 3080/3080/3080 3081/3081/3081 
f 3080/3080/3080 3079/3079/3079 3082/3082/3082 
f 3081/3081/3081 3080/3080/3080 3083/3083/3083 
f 3081/3081/3081 3083/3083/3083 3084/3084/3084 
f 3080/3080/3080 3085/3085/3085 3083/3083/3083 
f 3085/3085/3085 3080/3080/3080 3086/3086/3086 
f 3082/3082/3082 3086/3086/3086 3080/3080/3080 
f 3086/3086/3086 3082/3082/3082 3087/3087/3087 
f 3088/3088/3088 3089/3089/3089 3090/3090/3090 
f 3088/3088/3088 3091/3091/3091 3089/3089/3089 
f 3088/3088/3088 3090/3090/3090 3092/3092/3092 
f 3091/3091/3091 3088/3088/3088 3093/3093/3093 
f 3092/3092/3092 3090/3090/3090 3094/3094/3094 
f 3093/3093/3093 3095/3095/3095 3091/3091/3091 
f 3092/3092/3092 3096/3096/3096 3088/3088/3088 
f 3096/3096/3096 3093/3093/3093 3088/3088/3088 
f 3095/3095/3095 3093/3093/3093 3097/3097/3097 
f 3097/3097/3097 3098/3098/3098 3095/3095/3095 
f 3093/3093/3093 3096/3096/3096 3099/3099/3099 
f 3098/3098/3098 3097/3097/3097 3100/3100/3100 
f 3097/3097/3097 3093/3093/3093 3101/3101/3101 
f 3101/3101/3101 3093/3093/3093 3099/3099/3099 
f 3101/3101/3101 3100/3100/3100 3097/3097/3097 
f 3100/3100/3100 3102/3102/3102 3098/3098/3098 
f 3103/3103/3103 3101/3101/3101 3099/3099/3099 
f 3100/3100/3100 3101/3101/3101 3104/3104/3104 
f 3103/3103/3103 3104/3104/3104 3101/3101/3101 
f 3104/3104/3104 3105/3105/3105 3100/3100/3100 
f 3102/3102/3102 3100/3100/3100 3105/3105/3105 
f 3104/3104/3104 3103/3103/3103 3106/3106/3106 
f 3107/3107/3107 3102/3102/3102 3105/3105/3105 
f 3102/3102/3102 3107/3107/3107 3108/3108/3108 
f 3105/3105/3105 3104/3104/3104 3109/3109/3109 
f 3106/3106/3106 3109/3109/3109 3104/3104/3104 
f 3107/3107/3107 3105/3105/3105 3110/3110/3110 
f 3110/3110/3110 3105/3105/3105 3109/3109/3109 
f 3111/3111/3111 3108/3108/3108 3107/3107/3107 
f 3108/3108/3108 3111/3111/3111 3112/3112/3112 
f 3113/3113/3113 3107/3107/3107 3110/3110/3110 
f 3107/3107/3107 3113/3113/3113 3111/3111/3111 
f 3110/3110/3110 3109/3109/3109 3114/3114/3114 
f 3113/3113/3113 3110/3110/3110 3114/3114/3114 
f 3115/3115/3115 3112/3112/3112 3111/3111/3111 
f 3115/3115/3115 3111/3111/3111 3113/3113/3113 
f 3112/3112/3112 3115/3115/3115 3116/3116/3116 
f 3115/3115/3115 3117/3117/3117 3116/3116/3116 
f 3116/3116/3116 3117/3117/3117 3118/3118/3118 
f 3118/3118/3118 3117/3117/3117 3119/3119/3119 
f 3119/3119/3119 3120/3120/3120 3118/3118/3118 
f 3119/3119/3119 3094/3094/3094 3120/3120/3120 
f 3121/3121/3121 3119/3119/3119 3117/3117/3117 
f 3115/3115/3115 3121/3121/3121 3117/3117/3117 
f 3094/3094/3094 3119/3119/3119 3122/3122/3122 
f 3094/3094/3094 3122/3122/3122 3092/3092/3092 
f 3119/3119/3119 3121/3121/3121 3123/3123/3123 
f 3122/3122/3122 3119/3119/3119 3123/3123/3123 
f 3124/3124/3124 3121/3121/3121 3115/3115/3115 
f 3113/3113/3113 3124/3124/3124 3115/3115/3115 
f 3125/3125/3125 3123/3123/3123 3121/3121/3121 
f 3125/3125/3125 3121/3121/3121 3124/3124/3124 
f 3124/3124/3124 3113/3113/3113 3126/3126/3126 
f 3127/3127/3127 3123/3123/3123 3125/3125/3125 
f 3128/3128/3128 3125/3125/3125 3124/3124/3124 
f 3126/3126/3126 3128/3128/3128 3124/3124/3124 
f 3126/3126/3126 3113/3113/3113 3114/3114/3114 
f 3125/3125/3125 3128/3128/3128 3129/3129/3129 
f 3129/3129/3129 3127/3127/3127 3125/3125/3125 
f 3128/3128/3128 3126/3126/3126 3130/3130/3130 
f 3114/3114/3114 3131/3131/3131 3126/3126/3126 
f 3126/3126/3126 3131/3131/3131 3130/3130/3130 
f 3128/3128/3128 3130/3130/3130 3132/3132/3132 
f 3132/3132/3132 3129/3129/3129 3128/3128/3128 
f 3132/3132/3132 3130/3130/3130 3131/3131/3131 
f 3129/3129/3129 3132/3132/3132 3133/3133/3133 
f 3127/3127/3127 3129/3129/3129 3133/3133/3133 
f 3131/3131/3131 3134/3134/3134 3132/3132/3132 
f 3134/3134/3134 3133/3133/3133 3132/3132/3132 
f 3131/3131/3131 3135/3135/3135 3134/3134/3134 
f 3135/3135/3135 3133/3133/3133 3134/3134/3134 
f 3135/3135/3135 3131/3131/3131 3136/3136/3136 
f 3114/3114/3114 3136/3136/3136 3131/3131/3131 
f 3133/3133/3133 3135/3135/3135 3137/3137/3137 
f 3137/3137/3137 3127/3127/3127 3133/3133/3133 
f 3136/3136/3136 3138/3138/3138 3135/3135/3135 
f 3138/3138/3138 3137/3137/3137 3135/3135/3135 
f 3136/3136/3136 3114/3114/3114 3139/3139/3139 
f 3114/3114/3114 3109/3109/3109 3139/3139/3139 
f 3109/3109/3109 3106/3106/3106 3139/3139/3139 
f 3139/3139/3139 3140/3140/3140 3136/3136/3136 
f 3140/3140/3140 3139/3139/3139 3106/3106/3106 
f 3138/3138/3138 3136/3136/3136 3140/3140/3140 
f 3106/3106/3106 3141/3141/3141 3140/3140/3140 
f 3141/3141/3141 3106/3106/3106 3103/3103/3103 
f 3140/3140/3140 3142/3142/3142 3138/3138/3138 
f 3142/3142/3142 3140/3140/3140 3141/3141/3141 
f 3141/3141/3141 3103/3103/3103 3143/3143/3143 
f 3143/3143/3143 3142/3142/3142 3141/3141/3141 
f 3103/3103/3103 3099/3099/3099 3143/3143/3143 
f 3142/3142/3142 3144/3144/3144 3138/3138/3138 
f 3137/3137/3137 3138/3138/3138 3144/3144/3144 
f 3145/3145/3145 3142/3142/3142 3143/3143/3143 
f 3144/3144/3144 3142/3142/3142 3145/3145/3145 
f 3146/3146/3146 3143/3143/3143 3099/3099/3099 
f 3143/3143/3143 3146/3146/3146 3145/3145/3145 
f 3099/3099/3099 3096/3096/3096 3146/3146/3146 
f 3145/3145/3145 3147/3147/3147 3144/3144/3144 
f 3147/3147/3147 3145/3145/3145 3146/3146/3146 
f 3144/3144/3144 3148/3148/3148 3137/3137/3137 
f 3148/3148/3148 3144/3144/3144 3147/3147/3147 
f 3127/3127/3127 3137/3137/3137 3148/3148/3148 
f 3149/3149/3149 3146/3146/3146 3096/3096/3096 
f 3146/3146/3146 3149/3149/3149 3147/3147/3147 
f 3096/3096/3096 3092/3092/3092 3149/3149/3149 
f 3122/3122/3122 3149/3149/3149 3092/3092/3092 
f 3127/3127/3127 3148/3148/3148 3150/3150/3150 
f 3147/3147/3147 3150/3150/3150 3148/3148/3148 
f 3150/3150/3150 3147/3147/3147 3149/3149/3149 
f 3149/3149/3149 3122/3122/3122 3150/3150/3150 
f 3150/3150/3150 3123/3123/3123 3127/3127/3127 
f 3122/3122/3122 3123/3123/3123 3150/3150/3150 
f 3151/3151/3151 3152/3152/3152 3153/3153/3153 
f 3152/3152/3152 3151/3151/3151 3154/3154/3154 
f 3153/3153/3153 3155/3155/3155 3151/3151/3151 
f 3155/3155/3155 3153/3153/3153 3156/3156/3156 
f 3157/3157/3157 3154/3154/3154 3151/3151/3151 
f 3155/3155/3155 3157/3157/3157 3151/3151/3151 
f 3154/3154/3154 3157/3157/3157 3158/3158/3158 
f 3158/3158/3158 3157/3157/3157 3159/3159/3159 
f 3157/3157/3157 3155/3155/3155 3160/3160/3160 
f 3157/3157/3157 3161/3161/3161 3159/3159/3159 
f 3160/3160/3160 3161/3161/3161 3157/3157/3157 
f 3161/3161/3161 3160/3160/3160 3162/3162/3162 

g R15Bacon9

v -7.09636 3.91263 16.173 
v -7.0109 3.87732 16.2653 
v -6.61341 3.71311 16.0641 
v -6.88299 3.82448 16.327 
v -7.11568 3.92119 16.0642 
v -7.09636 3.91263 15.9552 
v -7.0109 3.87732 15.8629 
v -6.88299 3.82448 15.8013 
v -6.63967 3.72395 16.3465 
v -6.61341 3.71311 15.8154 
v -6.64963 3.72807 15.7825 
v -6.59642 3.66246 16.0701 
v -6.59599 3.66372 15.7835 
v -6.63716 3.68054 15.7511 
v -6.90237 3.78891 15.7723 
v -6.88299 3.82448 15.8013 
v -7.0109 3.87732 15.8629 
v -7.04782 3.84808 15.8423 
v -7.09636 3.91263 15.9552 
v -7.14508 3.88739 15.9471 
v -7.11568 3.92119 16.0642 
v -7.1672 3.89649 16.0707 
v -7.09636 3.91263 16.173 
v -7.1454 3.88642 16.1942 
v -7.04842 3.84629 16.2989 
v -7.0109 3.87732 16.2653 
v -6.90315 3.78657 16.3689 
v -6.88299 3.82448 16.327 
v -6.62667 3.6734 16.3911 
v -6.61341 3.71311 16.3487 
v -6.59684 3.6612 16.3542 
v -7.51292 2.93805 16.1159 
v -7.53843 3.01392 16.1719 
v -7.50864 3.03103 16.0763 
v -7.51315 3.12046 16.1828 
v -7.48307 3.13333 16.0619 
v -7.37716 3.11856 15.9606 
v -7.51869 3.00529 16.2733 
v -7.49738 3.09436 16.3045 
v -7.4036 3.04656 16.4089 
v -7.43352 2.93438 16.3494 
v -7.25823 2.98871 16.4799 
v -7.51714 2.92705 16.2255 
v -7.53115 2.92033 16.1666 
v -7.45376 2.85918 16.2598 
v -7.46776 2.83558 16.1679 
v -7.44338 2.87554 16.0874 
v -7.41216 2.97925 16.0038 
v -7.35541 2.77906 16.1698 
v -7.32579 2.8299 16.0534 
v -7.27824 2.93564 15.9533 
v -7.22368 3.08278 15.8943 
v -7.34034 2.80706 16.2765 
v -7.13231 2.70854 16.1736 
v -7.11017 2.75503 16.0503 
v -7.03697 2.85581 15.947 
v -6.94982 3.00072 15.8777 
v -7.3059 2.87724 16.3956 
v -7.1174 2.73655 16.2849 
v -7.05509 2.79455 16.4157 
v -6.97524 2.89614 16.5062 
v -6.94471 2.88615 16.4697 
v -7.0068 2.81563 16.3877 
v -6.92601 2.93706 16.1921 
v -7.07291 2.76775 16.2765 
v -7.08276 2.75425 16.1728 
v -6.99919 2.83653 16.1824 
v -7.0637 2.79167 16.0803 
v -6.9799 2.88062 15.989 
v -6.90731 2.98797 15.9109 
v -7.23024 3.06676 16.4879 
v -7.20393 3.50387 16.3553 
v -7.37743 3.12183 16.4181 
v -7.4036 3.04656 16.4089 
v -7.25823 2.98871 16.4799 
v -6.97524 2.89614 16.5062 
v -7.05775 3.44634 16.4251 
v -7.04842 3.84629 16.2989 
v -6.90315 3.78657 16.3689 
v -6.9474 2.97045 16.51 
v -6.77826 3.34115 16.4473 
v -6.62667 3.6734 16.3911 
v -6.59684 3.6612 16.3542 
v -6.74811 3.32979 16.4104 
v -6.91688 2.96006 16.4731 
v -6.94471 2.88615 16.4697 
v -6.90731 2.98797 15.9109 
v -6.90865 2.98473 16.1906 
v -6.92601 2.93706 16.1921 
v -6.90041 3.0094 15.9045 
v -6.91688 2.96006 16.4731 
v -6.94471 2.88615 16.4697 
v -6.59642 3.66246 16.0701 
v -6.73988 3.35445 15.8407 
v -6.59599 3.66372 15.7835 
v -6.74811 3.32979 16.4104 
v -6.59684 3.6612 16.3542 
v -7.30086 3.54452 16.2507 
v -7.47429 3.16307 16.3137 
v -7.37743 3.12183 16.4181 
v -7.49738 3.09436 16.3045 
v -7.4036 3.04656 16.4089 
v -7.51315 3.12046 16.1828 
v -7.20393 3.50387 16.3553 
v -7.1454 3.88642 16.1942 
v -7.04842 3.84629 16.2989 
v -7.49396 3.17982 16.1907 
v -7.32165 3.55774 16.1274 
v -7.1672 3.89649 16.0707 
v -7.46799 3.18196 16.0674 
v -7.48307 3.13333 16.0619 
v -7.37716 3.11856 15.9606 
v -7.36578 3.15672 15.963 
v -7.29771 3.55397 16.0039 
v -7.14508 3.88739 15.9471 
v -7.19811 3.5213 15.8994 
v -7.04782 3.84808 15.8423 
v -7.22368 3.08278 15.8943 
v -7.36578 3.15672 15.963 
v -7.21502 3.11234 15.8932 
v -7.19811 3.5213 15.8994 
v -6.94268 3.02324 15.872 
v -6.94982 3.00072 15.8777 
v -7.05015 3.46913 15.8295 
v -7.04782 3.84808 15.8423 
v -6.90731 2.98797 15.9109 
v -6.90237 3.78891 15.7723 
v -6.90041 3.0094 15.9045 
v -6.78156 3.36985 15.8082 
v -6.63716 3.68054 15.7511 
v -6.73988 3.35445 15.8407 
v -6.59599 3.66372 15.7835 

vn 0.385827 0.92126 0 
vn 0.385827 0.92126 0 
vn 0.590551 0.80315 0 
vn 0.385827 0.92126 0 
vn 0.385827 0.92126 0 
vn 0.385827 0.92126 0 
vn 0.385827 0.92126 0 
vn 0.385827 0.92126 0 
vn 0.370079 0.913386 0.165354 
vn 0.566929 0.826772 -0.023622 
vn 0.377953 0.905512 -0.212598 
vn 0.944882 0.314961 0 
vn 0.913386 0.393701 -0.125984 
vn 0.322835 0.582677 -0.748031 
vn 0.0787402 0.606299 -0.795276 
vn 0.0708661 0.606299 -0.787402 
vn -0.181102 0.708661 -0.677165 
vn -0.204724 0.724409 -0.661417 
vn -0.370079 0.84252 -0.393701 
vn -0.385827 0.858268 -0.346457 
vn -0.433071 0.905512 -0.00787402 
vn -0.433071 0.905512 0.015748 
vn -0.314961 0.88189 0.354331 
vn -0.314961 0.88189 0.362205 
vn -0.110236 0.787402 0.606299 
vn -0.110236 0.787402 0.606299 
vn 0.141732 0.700787 0.700787 
vn 0.125984 0.708661 0.700787 
vn 0.275591 0.653543 0.708661 
vn 0.598425 0.795276 0.0314961 
vn 0.937008 0.338583 0.0629921 
vn -0.771654 -0.314961 -0.559055 
vn -0.992126 0.0944882 -0.0393701 
vn -0.811024 -0.023622 -0.582677 
vn -0.976378 0.212598 -0.0393701 
vn -0.787402 0.0708661 -0.606299 
vn -0.503937 -0.133858 -0.850394 
vn -0.88189 -0.0866142 0.464567 
vn -0.866142 0.00787402 0.496063 
vn -0.590551 -0.259843 0.76378 
vn -0.598425 -0.401575 0.692913 
vn -0.314961 -0.480315 0.818898 
vn -0.850394 -0.377953 0.370079 
vn -0.913386 -0.385827 -0.0944882 
vn -0.582677 -0.669291 0.464567 
vn -0.582677 -0.80315 -0.110236 
vn -0.519685 -0.566929 -0.637795 
vn -0.519685 -0.267717 -0.811024 
vn -0.362205 -0.929134 -0.102362 
vn -0.314961 -0.708661 -0.629921 
vn -0.267717 -0.417323 -0.866142 
vn -0.228346 -0.291339 -0.929134 
vn -0.354331 -0.826772 0.440945 
vn -0.15748 -0.984252 -0.0944882 
vn -0.110236 -0.795276 -0.598425 
vn -0.0393701 -0.535433 -0.84252 
vn -0.015748 -0.425197 -0.905512 
vn -0.346457 -0.614173 0.708661 
vn -0.165354 -0.897638 0.401575 
vn -0.15748 -0.708661 0.692913 
vn -0.141732 -0.590551 0.795276 
vn 0.716535 -0.692913 0.102362 
vn 0.716535 -0.692913 0.0393701 
vn 0.80315 -0.590551 -0.0472441 
vn 0.629921 -0.779528 0.023622 
vn 0.669291 -0.740157 -0.0629921 
vn 0.755906 -0.653543 -0.0551181 
vn 0.661417 -0.732283 -0.15748 
vn 0.740157 -0.645669 -0.173228 
vn 0.716535 -0.637795 -0.275591 
vn -0.149606 0.181102 0.968504 
vn -0.456693 0.338583 0.826772 
vn -0.464567 0.299213 0.834646 
vn -0.551181 0.0944882 0.826772 
vn -0.220472 -0.00787402 0.976378 
vn 0.00787402 -0.0787402 1 
vn -0.125984 0.220472 0.968504 
vn -0.456693 0.346457 0.818898 
vn -0.125984 0.220472 0.968504 
vn 0.0629921 0.102362 0.992126 
vn 0.0944882 0.125984 0.984252 
vn 0.102362 0.11811 0.984252 
vn 0.913386 -0.401575 0.0787402 
vn 0.913386 -0.401575 0.102362 
vn 0.913386 -0.385827 0.125984 
vn 0.929134 -0.354331 0.125984 
vn 0.937008 -0.346457 -0.0629921 
vn 0.913386 -0.409449 -0.00787402 
vn 0.937008 -0.346457 0 
vn 0.889764 -0.433071 -0.133858 
vn 0.913386 -0.385827 0.125984 
vn 0.929134 -0.354331 0.125984 
vn 0.905512 -0.417323 0 
vn 0.889764 -0.440945 -0.141732 
vn 0.88189 -0.440945 -0.149606 
vn 0.913386 -0.401575 0.102362 
vn 0.913386 -0.401575 0.0787402 
vn -0.755906 0.425197 0.496063 
vn -0.755906 0.393701 0.519685 
vn -0.464567 0.299213 0.834646 
vn -0.834646 0.212598 0.503937 
vn -0.551181 0.0944882 0.826772 
vn -0.952756 0.307087 0.015748 
vn -0.456693 0.338583 0.826772 
vn -0.771654 0.425197 0.472441 
vn -0.456693 0.346457 0.818898 
vn -0.913386 0.401575 0.0314961 
vn -0.913386 0.417323 0.00787402 
vn -0.913386 0.409449 -0.015748 
vn -0.84252 0.307087 -0.448819 
vn -0.834646 0.307087 -0.456693 
vn -0.535433 0.204724 -0.818898 
vn -0.566929 0.125984 -0.818898 
vn -0.818898 0.291339 -0.488189 
vn -0.811024 0.283465 -0.511811 
vn -0.551181 0.110236 -0.826772 
vn -0.543307 0.102362 -0.834646 
vn -0.228346 0 -0.976378 
vn -0.566929 0.125984 -0.818898 
vn -0.244094 -0.0551181 -0.968504 
vn -0.551181 0.110236 -0.826772 
vn -0.0314961 -0.165354 -0.984252 
vn -0.00787402 -0.141732 -0.992126 
vn -0.23622 -0.0629921 -0.968504 
vn -0.543307 0.102362 -0.834646 
vn 0.937008 -0.346457 -0.0629921 
vn -0.23622 -0.0708661 -0.968504 
vn 0.889764 -0.433071 -0.133858 
vn -0.023622 -0.165354 -0.984252 
vn -0.0314961 -0.165354 -0.984252 
vn 0.889764 -0.440945 -0.141732 
vn 0.88189 -0.440945 -0.149606 

vt 0.448755 0.985983 
vt 0.432664 0.985983 
vt 0.460173 0.892526 
vt 0.432664 0.94254 
vt 0.459406 0.985983 
vt 0.470148 0.985983 
vt 0.488082 0.985983 
vt 0.488082 0.94254 
vt 0.432664 0.898627 
vt 0.488082 0.892526 
vt 0.488082 0.898627 
vt 0.459716 0.884201 
vt 0.4952 0.884201 
vt 0.4952 0.895774 
vt 0.4952 0.952257 
vt 0.488082 0.94254 
vt 0.488082 0.985983 
vt 0.4952 0.9957 
vt 0.470148 0.985983 
vt 0.471755 0.9957 
vt 0.459406 0.985983 
vt 0.458604 0.9957 
vt 0.448755 0.985983 
vt 0.445981 0.9957 
vt 0.426118 0.9957 
vt 0.432664 0.985983 
vt 0.426118 0.952257 
vt 0.432664 0.94254 
vt 0.426118 0.884201 
vt 0.432664 0.892526 
vt 0.430784 0.884201 
vt 0.530636 0.925284 
vt 0.532974 0.920965 
vt 0.532036 0.928443 
vt 0.534891 0.921244 
vt 0.533553 0.931861 
vt 0.527686 0.940568 
vt 0.532064 0.913175 
vt 0.533564 0.910466 
vt 0.527708 0.901034 
vt 0.526755 0.906791 
vt 0.518939 0.894433 
vt 0.530677 0.915677 
vt 0.531203 0.920708 
vt 0.525876 0.912109 
vt 0.525989 0.919825 
vt 0.525595 0.927199 
vt 0.526599 0.933619 
vt 0.518903 0.919206 
vt 0.518464 0.929795 
vt 0.518678 0.937618 
vt 0.51891 0.946086 
vt 0.518846 0.910243 
vt 0.505791 0.918367 
vt 0.505633 0.929505 
vt 0.504322 0.937877 
vt 0.502904 0.94694 
vt 0.518891 0.902651 
vt 0.505746 0.909002 
vt 0.504068 0.900588 
vt 0.502251 0.891481 
vt 0.500423 0.894565 
vt 0.502369 0.902624 
vt 0.500435 0.919117 
vt 0.504166 0.910071 
vt 0.50429 0.918914 
vt 0.502438 0.919012 
vt 0.504104 0.927293 
vt 0.502347 0.935304 
vt 0.500445 0.943974 
vt 0.658922 0.779106 
vt 0.635233 0.830904 
vt 0.635233 0.779106 
vt 0.635233 0.772736 
vt 0.658922 0.772736 
vt 0.698359 0.772736 
vt 0.658922 0.830904 
vt 0.635233 0.882569 
vt 0.658922 0.882569 
vt 0.698359 0.779106 
vt 0.698359 0.830904 
vt 0.698359 0.882569 
vt 0.704821 0.882569 
vt 0.704821 0.830904 
vt 0.704821 0.779106 
vt 0.704821 0.772736 
vt 0.496029 0.772736 
vt 0.459821 0.779106 
vt 0.459821 0.772736 
vt 0.496029 0.779106 
vt 0.426629 0.779106 
vt 0.426629 0.772736 
vt 0.459821 0.882569 
vt 0.496029 0.826544 
vt 0.496029 0.882569 
vt 0.426629 0.830098 
vt 0.426629 0.882569 
vt 0.616567 0.830904 
vt 0.616567 0.779106 
vt 0.635233 0.779106 
vt 0.616567 0.772736 
vt 0.635233 0.772736 
vt 0.600717 0.772736 
vt 0.635233 0.830904 
vt 0.616567 0.882569 
vt 0.635233 0.882569 
vt 0.600717 0.779106 
vt 0.600717 0.830904 
vt 0.600717 0.882569 
vt 0.584799 0.779106 
vt 0.584799 0.772736 
vt 0.565849 0.772736 
vt 0.565849 0.779106 
vt 0.584799 0.830904 
vt 0.584799 0.882569 
vt 0.565849 0.830904 
vt 0.565849 0.882569 
vt 0.542952 0.772736 
vt 0.565849 0.779106 
vt 0.542952 0.779106 
vt 0.565849 0.830904 
vt 0.50389 0.779106 
vt 0.50389 0.772736 
vt 0.542952 0.830904 
vt 0.565849 0.882569 
vt 0.496025 0.772736 
vt 0.542952 0.882569 
vt 0.496025 0.779106 
vt 0.50389 0.830904 
vt 0.50389 0.882569 
vt 0.496025 0.830904 
vt 0.496025 0.882569 

usemtl R15Bacon1Mtl

f 3163/3163/3163 3164/3164/3164 3165/3165/3165 
f 3164/3164/3164 3166/3166/3166 3165/3165/3165 
f 3167/3167/3167 3163/3163/3163 3165/3165/3165 
f 3168/3168/3168 3167/3167/3167 3165/3165/3165 
f 3169/3169/3169 3168/3168/3168 3165/3165/3165 
f 3170/3170/3170 3169/3169/3169 3165/3165/3165 
f 3171/3171/3171 3165/3165/3165 3166/3166/3166 
f 3172/3172/3172 3170/3170/3170 3165/3165/3165 
f 3170/3170/3170 3172/3172/3172 3173/3173/3173 
f 3172/3172/3172 3165/3165/3165 3174/3174/3174 
f 3173/3173/3173 3172/3172/3172 3175/3175/3175 
f 3174/3174/3174 3175/3175/3175 3172/3172/3172 
f 3173/3173/3173 3175/3175/3175 3176/3176/3176 
f 3177/3177/3177 3173/3173/3173 3176/3176/3176 
f 3173/3173/3173 3177/3177/3177 3178/3178/3178 
f 3177/3177/3177 3179/3179/3179 3178/3178/3178 
f 3177/3177/3177 3180/3180/3180 3179/3179/3179 
f 3181/3181/3181 3179/3179/3179 3180/3180/3180 
f 3181/3181/3181 3180/3180/3180 3182/3182/3182 
f 3183/3183/3183 3181/3181/3181 3182/3182/3182 
f 3182/3182/3182 3184/3184/3184 3183/3183/3183 
f 3184/3184/3184 3185/3185/3185 3183/3183/3183 
f 3184/3184/3184 3186/3186/3186 3185/3185/3185 
f 3187/3187/3187 3185/3185/3185 3186/3186/3186 
f 3185/3185/3185 3187/3187/3187 3188/3188/3188 
f 3189/3189/3189 3188/3188/3188 3187/3187/3187 
f 3188/3188/3188 3189/3189/3189 3190/3190/3190 
f 3189/3189/3189 3171/3171/3171 3190/3190/3190 
f 3171/3171/3171 3189/3189/3189 3191/3191/3191 
f 3191/3191/3191 3192/3192/3192 3171/3171/3171 
f 3165/3165/3165 3171/3171/3171 3192/3192/3192 
f 3192/3192/3192 3191/3191/3191 3193/3193/3193 
f 3165/3165/3165 3192/3192/3192 3174/3174/3174 
f 3174/3174/3174 3192/3192/3192 3193/3193/3193 
f 3194/3194/3194 3195/3195/3195 3196/3196/3196 
f 3197/3197/3197 3196/3196/3196 3195/3195/3195 
f 3196/3196/3196 3197/3197/3197 3198/3198/3198 
f 3199/3199/3199 3196/3196/3196 3198/3198/3198 
f 3200/3200/3200 3197/3197/3197 3195/3195/3195 
f 3197/3197/3197 3200/3200/3200 3201/3201/3201 
f 3202/3202/3202 3201/3201/3201 3200/3200/3200 
f 3202/3202/3202 3200/3200/3200 3203/3203/3203 
f 3203/3203/3203 3204/3204/3204 3202/3202/3202 
f 3195/3195/3195 3205/3205/3205 3200/3200/3200 
f 3203/3203/3203 3200/3200/3200 3205/3205/3205 
f 3195/3195/3195 3206/3206/3206 3205/3205/3205 
f 3195/3195/3195 3194/3194/3194 3206/3206/3206 
f 3203/3203/3203 3205/3205/3205 3207/3207/3207 
f 3208/3208/3208 3205/3205/3205 3206/3206/3206 
f 3208/3208/3208 3207/3207/3207 3205/3205/3205 
f 3206/3206/3206 3194/3194/3194 3209/3209/3209 
f 3209/3209/3209 3208/3208/3208 3206/3206/3206 
f 3194/3194/3194 3210/3210/3210 3209/3209/3209 
f 3210/3210/3210 3194/3194/3194 3196/3196/3196 
f 3196/3196/3196 3199/3199/3199 3210/3210/3210 
f 3209/3209/3209 3211/3211/3211 3208/3208/3208 
f 3211/3211/3211 3207/3207/3207 3208/3208/3208 
f 3212/3212/3212 3209/3209/3209 3210/3210/3210 
f 3212/3212/3212 3211/3211/3211 3209/3209/3209 
f 3213/3213/3213 3210/3210/3210 3199/3199/3199 
f 3210/3210/3210 3213/3213/3213 3212/3212/3212 
f 3214/3214/3214 3213/3213/3213 3199/3199/3199 
f 3207/3207/3207 3211/3211/3211 3215/3215/3215 
f 3215/3215/3215 3203/3203/3203 3207/3207/3207 
f 3212/3212/3212 3216/3216/3216 3211/3211/3211 
f 3216/3216/3216 3215/3215/3215 3211/3211/3211 
f 3217/3217/3217 3212/3212/3212 3213/3213/3213 
f 3217/3217/3217 3216/3216/3216 3212/3212/3212 
f 3218/3218/3218 3213/3213/3213 3214/3214/3214 
f 3213/3213/3213 3218/3218/3218 3217/3217/3217 
f 3214/3214/3214 3219/3219/3219 3218/3218/3218 
f 3203/3203/3203 3215/3215/3215 3220/3220/3220 
f 3203/3203/3203 3220/3220/3220 3204/3204/3204 
f 3215/3215/3215 3216/3216/3216 3221/3221/3221 
f 3221/3221/3221 3220/3220/3220 3215/3215/3215 
f 3222/3222/3222 3204/3204/3204 3220/3220/3220 
f 3220/3220/3220 3221/3221/3221 3222/3222/3222 
f 3204/3204/3204 3222/3222/3222 3223/3223/3223 
f 3223/3223/3223 3222/3222/3222 3224/3224/3224 
f 3222/3222/3222 3225/3225/3225 3224/3224/3224 
f 3226/3226/3226 3224/3224/3224 3225/3225/3225 
f 3227/3227/3227 3222/3222/3222 3221/3221/3221 
f 3222/3222/3222 3227/3227/3227 3225/3225/3225 
f 3221/3221/3221 3228/3228/3228 3227/3227/3227 
f 3228/3228/3228 3221/3221/3221 3216/3216/3216 
f 3229/3229/3229 3225/3225/3225 3227/3227/3227 
f 3228/3228/3228 3229/3229/3229 3227/3227/3227 
f 3226/3226/3226 3225/3225/3225 3229/3229/3229 
f 3216/3216/3216 3230/3230/3230 3228/3228/3228 
f 3230/3230/3230 3229/3229/3229 3228/3228/3228 
f 3230/3230/3230 3216/3216/3216 3217/3217/3217 
f 3217/3217/3217 3218/3218/3218 3230/3230/3230 
f 3231/3231/3231 3229/3229/3229 3230/3230/3230 
f 3231/3231/3231 3226/3226/3226 3229/3229/3229 
f 3231/3231/3231 3230/3230/3230 3218/3218/3218 
f 3226/3226/3226 3231/3231/3231 3232/3232/3232 
f 3218/3218/3218 3219/3219/3219 3231/3231/3231 
f 3232/3232/3232 3231/3231/3231 3219/3219/3219 
f 3233/3233/3233 3234/3234/3234 3235/3235/3235 
f 3236/3236/3236 3233/3233/3233 3235/3235/3235 
f 3236/3236/3236 3237/3237/3237 3233/3233/3233 
f 3238/3238/3238 3233/3233/3233 3237/3237/3237 
f 3234/3234/3234 3233/3233/3233 3239/3239/3239 
f 3239/3239/3239 3240/3240/3240 3234/3234/3234 
f 3240/3240/3240 3239/3239/3239 3241/3241/3241 
f 3239/3239/3239 3233/3233/3233 3242/3242/3242 
f 3233/3233/3233 3238/3238/3238 3242/3242/3242 
f 3243/3243/3243 3241/3241/3241 3239/3239/3239 
f 3242/3242/3242 3243/3243/3243 3239/3239/3239 
f 3241/3241/3241 3243/3243/3243 3244/3244/3244 
f 3243/3243/3243 3245/3245/3245 3244/3244/3244 
f 3245/3245/3245 3243/3243/3243 3246/3246/3246 
f 3243/3243/3243 3242/3242/3242 3246/3246/3246 
f 3247/3247/3247 3246/3246/3246 3242/3242/3242 
f 3238/3238/3238 3247/3247/3247 3242/3242/3242 
f 3247/3247/3247 3238/3238/3238 3248/3248/3248 
f 3249/3249/3249 3250/3250/3250 3251/3251/3251 
f 3250/3250/3250 3249/3249/3249 3252/3252/3252 
f 3253/3253/3253 3251/3251/3251 3250/3250/3250 
f 3251/3251/3251 3253/3253/3253 3254/3254/3254 
f 3255/3255/3255 3250/3250/3250 3252/3252/3252 
f 3255/3255/3255 3253/3253/3253 3250/3250/3250 
f 3252/3252/3252 3256/3256/3256 3255/3255/3255 
f 3257/3257/3257 3255/3255/3255 3256/3256/3256 
f 3253/3253/3253 3255/3255/3255 3258/3258/3258 
f 3258/3258/3258 3255/3255/3255 3259/3259/3259 
f 3260/3260/3260 3261/3261/3261 3262/3262/3262 
f 3263/3263/3263 3262/3262/3262 3261/3261/3261 
f 3262/3262/3262 3263/3263/3263 3264/3264/3264 
f 3265/3265/3265 3263/3263/3263 3261/3261/3261 
f 3260/3260/3260 3262/3262/3262 3266/3266/3266 
f 3266/3266/3266 3267/3267/3267 3260/3260/3260 
f 3267/3267/3267 3266/3266/3266 3268/3268/3268 
f 3260/3260/3260 3269/3269/3269 3261/3261/3261 
f 3261/3261/3261 3269/3269/3269 3265/3265/3265 
f 3260/3260/3260 3267/3267/3267 3270/3270/3270 
f 3269/3269/3269 3260/3260/3260 3270/3270/3270 
f 3271/3271/3271 3270/3270/3270 3267/3267/3267 
f 3272/3272/3272 3265/3265/3265 3269/3269/3269 
f 3270/3270/3270 3272/3272/3272 3269/3269/3269 
f 3273/3273/3273 3265/3265/3265 3272/3272/3272 
f 3272/3272/3272 3274/3274/3274 3273/3273/3273 
f 3274/3274/3274 3272/3272/3272 3275/3275/3275 
f 3272/3272/3272 3270/3270/3270 3276/3276/3276 
f 3270/3270/3270 3271/3271/3271 3276/3276/3276 
f 3272/3272/3272 3276/3276/3276 3275/3275/3275 
f 3277/3277/3277 3276/3276/3276 3271/3271/3271 
f 3278/3278/3278 3275/3275/3275 3276/3276/3276 
f 3277/3277/3277 3278/3278/3278 3276/3276/3276 
f 3278/3278/3278 3277/3277/3277 3279/3279/3279 
f 3280/3280/3280 3274/3274/3274 3281/3281/3281 
f 3281/3281/3281 3282/3282/3282 3280/3280/3280 
f 3283/3283/3283 3282/3282/3282 3281/3281/3281 
f 3284/3284/3284 3280/3280/3280 3282/3282/3282 
f 3280/3280/3280 3284/3284/3284 3285/3285/3285 
f 3282/3282/3282 3283/3283/3283 3286/3286/3286 
f 3286/3286/3286 3284/3284/3284 3282/3282/3282 
f 3287/3287/3287 3286/3286/3286 3283/3283/3283 
f 3284/3284/3284 3288/3288/3288 3285/3285/3285 
f 3286/3286/3286 3287/3287/3287 3289/3289/3289 
f 3288/3288/3288 3284/3284/3284 3290/3290/3290 
f 3284/3284/3284 3286/3286/3286 3291/3291/3291 
f 3289/3289/3289 3291/3291/3291 3286/3286/3286 
f 3291/3291/3291 3290/3290/3290 3284/3284/3284 
f 3291/3291/3291 3289/3289/3289 3292/3292/3292 
f 3290/3290/3290 3291/3291/3291 3293/3293/3293 
f 3292/3292/3292 3293/3293/3293 3291/3291/3291 
f 3293/3293/3293 3292/3292/3292 3294/3294/3294 

g R15Bacon10

v -6.08767 4.23912 15.4896 
v -6.08793 4.22594 15.4906 
v -6.125 4.22962 15.5035 
v -6.06275 4.23597 15.4818 
v -6.08263 4.20401 15.4916 
v -6.05684 4.22252 15.4804 
v -6.0982 4.24553 15.4939 
v -6.12543 4.20809 15.5068 
v -6.07899 4.17204 15.4985 
v -6.13683 4.17934 15.5207 
v -6.13819 4.24824 15.5083 
v -6.07955 4.25797 15.4867 
v -6.0982 4.24553 15.4939 
v -6.08167 4.25791 15.4874 
v -6.07467 4.25808 15.4851 
v -6.08767 4.23912 15.4896 
v -6.06275 4.23597 15.4818 
v -6.10355 4.25746 15.496 
v -6.10355 4.25746 15.496 
v -6.0418 4.20054 15.4798 
v -6.01889 4.2215 15.4703 
v -6.03418 4.23508 15.4732 
v -6.02036 4.16493 15.4834 
v -6.03719 4.14013 15.4975 
v -6.05381 4.25818 15.4787 
v -6.03418 4.23508 15.4732 
v -6.02612 4.25818 15.4706 
v -6.05381 4.25818 15.4787 
v -6.02884 4.25886 15.4899 
v -6.02612 4.25818 15.4706 
v -6.02884 4.25887 15.4899 
v -6.05381 4.25818 15.4787 
v -6.02612 4.25818 15.4706 
v -6.05613 4.18679 15.5259 
v -6.02884 4.25886 15.4899 
v -6.05475 4.25973 15.4979 
v -6.11236 4.14692 15.5196 
v -6.18588 4.19348 15.5429 
v -6.19081 4.15678 15.5528 
v -6.1233 4.11011 15.5483 
v -6.1802 4.23251 15.5295 
v -6.19943 4.26256 15.5352 
v -6.22889 4.23167 15.5543 
v -6.25475 4.27201 15.5625 
v -6.11617 4.19376 15.5471 
v -6.08213 4.26084 15.5074 
v -6.12726 4.21839 15.5502 
v -6.04168 4.10667 15.5212 
v -6.04307 4.20852 15.561 
v -6.02381 4.18393 15.5174 
v -6.07471 4.2101 15.5679 
v -6.09005 4.19019 15.5364 
v -6.09968 4.21133 15.5733 
v -6.11617 4.19376 15.5471 
v -6.04868 4.05992 15.5661 
v -6.0772 4.26086 15.5054 
v -6.0772 4.26086 15.5054 
v -6.08487 4.26098 15.5086 
v -6.07467 4.25808 15.4851 
v -6.05475 4.25973 15.4979 
v -6.10355 4.25746 15.496 
v -6.09907 4.27105 15.4948 
v -6.07955 4.25797 15.4867 
v -6.08167 4.25791 15.4874 
v -6.08213 4.26084 15.5074 
v -6.07955 4.25797 15.4867 
v -6.08213 4.26084 15.5074 
v -6.07955 4.25797 15.4867 
v -6.0772 4.26086 15.5054 
v -6.0772 4.26086 15.5054 
v -6.08876 4.27872 15.4902 
v -6.07467 4.25808 15.4851 
v -6.08876 4.27872 15.4902 
v -6.11501 4.34048 15.4985 
v -6.06431 4.2838 15.4823 
v -6.07885 4.34883 15.4851 
v -6.1218 4.42472 15.4949 
v -6.1333 4.31743 15.5067 
v -6.09907 4.27105 15.4948 
v -6.13963 4.29582 15.5101 
v -6.05475 4.25973 15.4979 
v -6.07467 4.25808 15.4851 
v -6.06431 4.2838 15.4823 
v -6.05381 4.25818 15.4787 
v -6.05773 4.43026 15.4741 
v -6.0331 4.35135 15.4704 
v -6.03521 4.28536 15.4732 
v -6.03521 4.28536 15.4732 
v -6.02612 4.25818 15.4706 
v -6.146 4.27045 15.5119 
v -6.21515 4.30555 15.5409 
v -6.20911 4.33491 15.5349 
v -6.19045 4.38122 15.524 
v -6.16385 4.40799 15.513 
v -6.26491 4.31173 15.5671 
v -6.25849 4.36063 15.5597 
v -6.0772 4.26086 15.5054 
v -6.12757 4.35416 15.5435 
v -6.08213 4.26084 15.5074 
v -6.08487 4.26098 15.5086 
v -6.08167 4.25791 15.4874 
v -6.08213 4.26084 15.5074 
v -6.08487 4.26098 15.5086 
v -6.13838 4.29701 15.5482 
v -6.05791 4.40352 15.5178 
v -6.05475 4.25973 15.4979 
v -6.02884 4.25887 15.4899 
v -6.09145 4.40327 15.5282 
v -6.02204 4.40383 15.509 
v -6.11671 4.40213 15.5392 
v -6.09968 4.38059 15.5661 
v -6.04307 4.29644 15.5581 
v -6.04307 4.37823 15.5538 
v -6.01175 4.37704 15.5485 
v -5.99789 4.20154 15.4695 
v -5.98503 4.22069 15.4638 
v -5.95478 4.19959 15.4632 
v -5.96279 4.16202 15.4735 
v -5.96895 4.13976 15.4868 
v -5.9986 4.25818 15.4641 
v -5.97705 4.23483 15.461 
v -6.00488 4.23483 15.466 
v -6.00488 4.23483 15.466 
v -5.97705 4.23483 15.461 
v -5.95091 4.22408 15.4592 
v -5.97354 4.25818 15.4598 
v -5.94814 4.23479 15.458 
v -5.91954 4.20035 15.4617 
v -5.91954 4.16158 15.4716 
v -5.91954 4.13988 15.4855 
v -5.91954 4.22372 15.458 
v -5.94814 4.23479 15.458 
v -5.94699 4.25818 15.4574 
v -5.91954 4.23468 15.4565 
v -5.91954 4.23468 15.4565 
v -5.96134 4.18231 15.5112 
v -5.95037 4.25753 15.4777 
v -5.97818 4.2578 15.4803 
v -5.91954 4.18221 15.5108 
v -5.91954 4.25746 15.4773 
v -6.00374 4.2582 15.4838 
v -5.99214 4.18261 15.5123 
v -5.97348 4.10651 15.5087 
v -5.98328 4.20646 15.5518 
v -5.9765 4.0592 15.5521 
v -6.01175 4.20733 15.5558 
v -5.98328 4.22293 15.5531 
v -5.98328 4.29436 15.5489 
v -6.01175 4.22381 15.5571 
v -5.95607 4.22239 15.5508 
v -5.91954 4.10802 15.5067 
v -5.9194 4.05978 15.5478 
v -5.95607 4.20592 15.5495 
v -5.91955 4.20579 15.5489 
v -5.91955 4.22227 15.5502 
v -5.91947 4.2937 15.546 
v -5.95607 4.29382 15.5465 
v -5.91954 4.25818 15.4558 
v -6.00451 4.28586 15.4652 
v -5.9986 4.25818 15.4641 
v -5.97651 4.28587 15.4602 
v -5.97354 4.25818 15.4598 
v -5.97354 4.25818 15.4598 
v -5.9986 4.25818 15.4641 
v -5.97818 4.2578 15.4803 
v -5.97818 4.25781 15.4803 
v -5.9986 4.25818 15.4641 
v -5.97354 4.25818 15.4598 
v -6.00451 4.28586 15.4652 
v -5.99121 4.35156 15.462 
v -5.97651 4.28587 15.4602 
v -5.95297 4.35169 15.4574 
v -6.00099 4.4319 15.4631 
v -5.95734 4.43259 15.4576 
v -5.91954 4.28591 15.4558 
v -5.91954 4.25818 15.4558 
v -5.94699 4.25818 15.4574 
v -5.94699 4.25818 15.4574 
v -5.91954 4.25746 15.4773 
v -5.91954 4.25818 15.4558 
v -5.91954 4.25748 15.4773 
v -5.94699 4.25818 15.4574 
v -5.91954 4.25818 15.4558 
v -5.95037 4.25753 15.4777 
v -5.95037 4.25753 15.4777 
v -5.94796 4.28596 15.4574 
v -5.91954 4.43268 15.4558 
v -5.91954 4.35135 15.4559 
v -5.94796 4.28596 15.4574 
v -5.91954 4.28591 15.4558 
v -6.00374 4.2582 15.4838 
v -6.00374 4.2582 15.4838 
v -6.01175 4.29524 15.5528 
v -6.00374 4.2582 15.4838 
v -5.98994 4.40248 15.5038 
v -5.97818 4.25781 15.4803 
v -5.98328 4.37615 15.5446 
v -5.91954 4.40197 15.5019 
v -5.95037 4.25753 15.4777 
v -5.91954 4.25748 15.4773 
v -5.95438 4.40212 15.5025 
v -5.91955 4.37549 15.5417 
v -5.95607 4.37561 15.5422 
v -6.32831 4.07243 15.7491 
v -6.43142 4.12353 15.8505 
v -6.3577 4.12316 15.7215 
v -6.25927 4.06942 15.6766 
v -6.32831 4.07243 15.7491 
v -6.3577 4.12316 15.7215 
v -6.28165 4.1185 15.6415 
v -6.39425 4.07252 15.8643 
v -6.43146 4.07252 16.0058 
v -6.47106 4.12353 16.0032 
v -6.30235 4.00934 15.8952 
v -6.33567 4.00934 16.0135 
v -6.45349 4.16957 15.8411 
v -6.37397 4.16897 15.7029 
v -6.37397 4.16897 15.7029 
v -6.28409 4.16232 15.611 
v -6.49481 4.16957 16.0018 
v -6.25014 4.00934 15.8052 
v -6.16735 3.99407 15.8136 
v -6.19838 3.99554 15.8392 
v -6.19778 4.00864 15.7487 
v -6.25927 4.06942 15.6766 
v -6.15361 4.00698 15.7138 
v -6.24565 3.99035 16.0193 
v -6.22466 3.99151 15.9203 
v -6.20666 4.11389 15.5878 
v -6.19551 4.06556 15.6297 
v -6.4129 4.07252 16.2012 
v -6.31955 4.00934 16.1755 
v -6.45057 4.12353 16.2129 
v -6.34785 4.07252 16.3414 
v -6.38064 4.12353 16.3624 
v -6.47303 4.16957 16.2205 
v -6.39927 4.16957 16.3773 
v -6.24094 4.12353 16.5098 
v -6.26884 4.00934 16.2919 
v -6.2356 3.9908 16.1535 
v -6.18485 3.9847 16.0231 
v -6.2356 3.9908 16.1535 
v -6.24565 3.99035 16.0193 
v -6.22466 3.99151 15.9203 
v -6.17705 3.9847 16.1455 
v -6.19962 3.99204 16.2443 
v -6.19962 3.99204 16.2443 
v -6.14503 3.99199 16.3064 
v -6.21343 4.07252 16.4776 
v -6.16153 4.00934 16.3979 
v -6.25229 4.16957 16.5283 
v -6.32028 4.21874 15.618 
v -6.39803 4.27201 15.6967 
v -6.47071 4.22698 15.8342 
v -6.47428 4.282 15.832 
v -6.39373 4.22552 15.6978 
v -6.51722 4.2834 15.9998 
v -6.51298 4.22853 15.9999 
v -6.39956 4.33181 15.6974 
v -6.47483 4.34139 15.8316 
v -6.40032 4.40157 15.6983 
v -6.32358 4.3163 15.6143 
v -6.39803 4.27201 15.6967 
v -6.39956 4.33181 15.6974 
v -6.31993 4.38747 15.6113 
v -6.40032 4.40157 15.6983 
v -6.51757 4.41095 15.9997 
v -6.51761 4.34154 15.9999 
v -6.32388 4.2657 15.6159 
v -6.39373 4.22552 15.6978 
v -6.4907 4.22593 16.2229 
v -6.4154 4.22648 16.385 
v -6.49516 4.28202 16.2249 
v -6.49487 4.34111 16.2276 
v -6.41919 4.28202 16.3882 
v -6.418 4.3412 16.3916 
v -6.49424 4.41109 16.2293 
v -6.26477 4.22569 16.5415 
v -6.09496 4.28131 16.6298 
v -6.26764 4.28132 16.5459 
v -6.09351 4.2249 16.6245 
v -6.2657 4.34128 16.5485 
v -6.41716 4.41108 16.393 
v -6.09433 4.3409 16.6309 
v -6.26415 4.41109 16.5498 
v -6.19551 4.06556 15.6297 
v -6.09843 3.99278 15.7627 
v -6.05354 3.9847 15.8582 
v -6.13777 3.99408 15.7864 
v -6.09886 4.00484 15.686 
v -6.04892 3.98987 15.7516 
v -6.09843 3.99278 15.7627 
v -6.02212 3.98458 15.7963 
v -6.16735 3.99407 15.8136 
v -6.15719 3.9847 15.9328 
v -6.19838 3.99554 15.8392 
v -6.13777 3.99408 15.7864 
v -6.12588 4.0621 15.593 
v -6.03717 4.00312 15.663 
v -6.04892 3.98987 15.7516 
v -5.99329 3.98816 15.7409 
v -5.97525 4.00232 15.6484 
v -5.91954 3.98827 15.7327 
v -5.99329 3.98816 15.7409 
v -5.91955 3.98456 15.7836 
v -5.91954 3.98827 15.7327 
v -5.91955 3.9847 15.8409 
v -6.04868 4.05992 15.5661 
v -5.9765 4.0592 15.5521 
v -5.91953 4.00264 15.6421 
v -5.9194 4.05978 15.5478 
v -6.05339 3.9847 16.0225 
v -6.05478 3.9847 16.1494 
v -6.14658 3.9847 16.2375 
v -6.14503 3.99199 16.3064 
v -6.05465 3.9847 16.2764 
v -6.05119 3.98957 16.3538 
v -6.0332 4.00934 16.4598 
v -6.06272 4.07252 16.5484 
v -5.91955 3.9847 16.0177 
v -5.91955 3.9847 16.1581 
v -5.91955 3.9847 16.2913 
v -6.05119 3.98957 16.3538 
v -5.91955 3.98847 16.3754 
v -5.91955 3.98847 16.3754 
v -5.91955 4.07252 16.569 
v -5.91955 4.00934 16.4764 
v -6.09968 4.21133 15.5733 
v -6.10969 4.22655 15.577 
v -6.11968 4.28779 15.5754 
v -6.12588 4.0621 15.593 
v -6.10969 4.32756 15.5712 
v -6.09968 4.29891 15.5704 
v -6.0732 4.37852 15.5607 
v -6.10969 4.32756 15.5712 
v -6.09968 4.22759 15.5747 
v -6.0732 4.29674 15.5649 
v -6.07471 4.22656 15.5692 
v -6.04307 4.22501 15.5624 
v -6.11968 4.28779 15.5754 
v -6.0775 4.12353 16.5893 
v -6.0845 4.16957 16.6098 
v -6.10969 4.22655 15.577 
v -5.91955 4.12353 16.612 
v -5.91954 4.16957 16.6331 
v -5.91954 4.22585 16.6499 
v -5.91954 4.28199 16.6554 
v -5.91954 4.34102 16.656 
v -6.09364 4.41011 16.6311 
v -6.47463 4.41096 15.8311 
v -6.16318 4.52611 15.5084 
v -6.08491 4.60082 15.4799 
v -6.07932 4.52572 15.4778 
v -6.16404 4.70474 15.5087 
v -6.08401 4.70474 15.4796 
v -6.1663 4.60156 15.5096 
v -6.01745 4.70474 15.4662 
v -6.06863 4.80706 15.472 
v -6.06162 4.77764 15.4747 
v -6.06985 4.80696 15.4762 
v -6.06116 4.77768 15.4707 
v -6.0593 4.80722 15.4703 
v -6.07177 4.83861 15.4766 
v -6.15752 4.81655 15.5074 
v -6.0799 4.81656 15.4778 
v -6.04432 4.75473 15.4676 
v -6.05154 4.76025 15.4728 
v -6.05207 4.76031 15.469 
v -6.04642 4.76031 15.468 
v -6.03344 4.76031 15.4656 
v -6.04281 4.75369 15.4713 
v -6.01659 4.60033 15.466 
v -6.00944 4.52589 15.4647 
v -6.05377 4.77768 15.4694 
v -6.03345 4.80731 15.4656 
v -6.03345 4.77769 15.4656 
v -6.23656 4.44294 15.5467 
v -6.31011 4.46168 15.603 
v -6.22969 4.52623 15.5446 
v -6.30215 4.60198 15.5963 
v -6.30248 4.5251 15.5966 
v -6.22904 4.60198 15.5442 
v -6.30019 4.81655 15.5947 
v -6.23158 4.70474 15.5457 
v -6.30162 4.70474 15.5959 
v -6.23183 4.81655 15.5458 
v -6.39564 4.70474 15.6927 
v -6.39277 4.81655 15.6893 
v -6.06088 4.83884 15.4706 
v -6.0709 4.83872 15.4724 
v -6.06862 4.8704 15.472 
v -6.0593 4.87047 15.4703 
v -6.06939 4.8703 15.4761 
v -6.0632 4.8977 15.4751 
v -6.06183 4.89772 15.4709 
v -6.05442 4.89774 15.4695 
v -6.05092 4.91727 15.4728 
v -6.08371 4.96705 15.4866 
v -6.02267 4.96702 15.4743 
v -6.08252 4.93761 15.4788 
v -6.02237 4.93757 15.4672 
v -6.05 4.91727 15.4686 
v -6.03345 4.87052 15.4656 
v -6.03345 4.83892 15.4656 
v -6.0208 4.81656 15.4663 
v -6.03345 4.89775 15.4656 
v -6.04537 4.91726 15.4678 
v -6.04344 4.92164 15.4674 
v -6.04203 4.92392 15.4712 
v -6.02355 5.003 15.4908 
v -6.29279 4.94258 15.6038 
v -6.22567 4.94258 15.5551 
v -6.1565 4.94258 15.5191 
v -6.28376 5.003 15.6128 
v -6.21752 5.003 15.5642 
v -6.17397 5.10013 15.6174 
v -6.15354 5.003 15.5294 
v -6.12163 5.10013 15.5907 
v -6.23042 5.10013 15.6594 
v -6.13122 4.93737 15.4977 
v -6.12162 4.96524 15.5032 
v -6.0872 5.003 15.505 
v -6.06584 5.10013 15.5697 
v -6.12163 5.10013 15.5907 
v -6.04768 5.16389 15.6686 
v -6.06584 5.10013 15.5697 
v -6.01485 4.76037 15.4622 
v -6.01292 4.7777 15.4619 
v -6.00558 4.77772 15.4606 
v -6.00268 4.77771 15.464 
v -5.96182 4.52587 15.4581 
v -6.02047 4.76032 15.4632 
v -6.02257 4.75474 15.4636 
v -5.96719 4.70474 15.4581 
v -5.96567 4.60012 15.4581 
v -5.99418 4.80698 15.4624 
v -6.00712 4.80722 15.4607 
v -5.99784 4.80708 15.4591 
v -6.00554 4.83884 15.4605 
v -5.99559 4.83871 15.4587 
v -5.96808 4.81656 15.458 
v -5.91954 4.52601 15.4558 
v -5.91954 4.60009 15.4558 
v -5.91954 4.70474 15.4558 
v -5.91954 4.81655 15.457 
v -6.03344 4.75362 15.4656 
v -6.03219 4.75253 15.4693 
v -6.0216 4.75374 15.4674 
v -6.01292 4.76034 15.4658 
v -5.99218 4.83853 15.4619 
v -6.00712 4.87047 15.4607 
v -6.00566 4.89767 15.4606 
v -6.01301 4.89773 15.4618 
v -5.96888 4.93757 15.4588 
v -6.01351 4.91713 15.4654 
v -6.00177 4.89757 15.4635 
v -6.01694 4.91719 15.4627 
v -6.02152 4.91725 15.4634 
v -6.02348 4.9216 15.4638 
v -6.03344 4.91726 15.4656 
v -5.99786 4.87038 15.4592 
v -5.99427 4.87018 15.4622 
v -5.96878 4.96702 15.4659 
v -5.91954 4.93844 15.4568 
v -5.91954 4.96793 15.4639 
v -6.03345 4.92258 15.4656 
v -6.02239 4.92381 15.4678 
v -6.03222 4.92527 15.4695 
v -6.01094 5.10013 15.5568 
v -6.00374 5.16389 15.6545 
v -6.01094 5.10013 15.5568 
v -5.96851 5.003 15.4821 
v -5.91954 5.003 15.4803 
v -5.95825 5.10013 15.5486 
v -5.91963 5.10013 15.547 
v -5.95825 5.10013 15.5486 
v -5.91953 5.16389 15.6422 
v -5.91963 5.10013 15.547 
v -5.96055 5.16389 15.6462 
v -6.39844 4.60198 15.6961 
v -6.51755 4.48496 15.9996 
v -6.47444 4.485 15.8306 
v -6.40065 4.47564 15.6987 
v -6.51754 4.5325 15.9995 
v -6.49353 4.48496 16.2313 
v -6.39991 4.52472 15.6979 
v -6.47427 4.53408 15.8301 
v -6.51753 4.60198 15.9995 
v -6.47411 4.60198 15.8296 
v -6.51756 4.70474 15.9996 
v -6.47388 4.70474 15.829 
v -6.51764 4.81655 16 
v -6.39844 4.60198 15.6961 
v -6.40065 4.47564 15.6987 
v -6.39991 4.52472 15.6979 
v -6.39564 4.70474 15.6927 
v -6.47248 4.81655 15.8252 
v -6.49298 4.5325 16.2328 
v -6.41646 4.48501 16.3942 
v -6.49247 4.60198 16.2342 
v -6.49271 4.81655 16.2335 
v -6.49201 4.70474 16.2354 
v -6.41612 4.53252 16.3948 
v -6.41571 4.60198 16.3955 
v -6.26335 4.48508 16.5502 
v -6.2631 4.53258 16.5504 
v -6.41636 4.81655 16.3944 
v -6.4153 4.70474 16.3963 
v -6.26294 4.60198 16.5505 
v -6.2654 4.81655 16.5488 
v -6.26316 4.70474 16.5503 
v -6.38448 4.94258 15.6976 
v -6.46126 4.94258 15.8285 
v -6.39277 4.81655 15.6893 
v -6.50681 4.94258 16.0019 
v -6.44924 5.003 15.8323 
v -6.37407 5.003 15.7047 
v -6.31755 5.10013 15.7408 
v -6.39058 5.10013 15.8587 
v -6.49491 5.003 16.0033 
v -6.43053 5.10013 16.008 
v -6.33398 5.16389 16.0143 
v -6.38448 4.94258 15.6976 
v -6.31755 5.10013 15.7408 
v -6.37407 5.003 15.7047 
v -6.29859 5.16389 15.8886 
v -6.23013 5.16389 15.7811 
v -6.23042 5.10013 15.6594 
v -6.21865 5.18746 16.0226 
v -6.19247 5.18746 15.9284 
v -6.20757 5.18746 16.1485 
v -6.32068 5.16389 16.1795 
v -6.48323 4.94258 16.2276 
v -6.47202 5.003 16.2237 
v -6.40892 4.94258 16.3849 
v -6.39882 5.003 16.378 
v -6.41223 5.10013 16.2029 
v -6.34713 5.10013 16.3408 
v -6.26072 4.94258 16.5371 
v -6.25398 5.003 16.526 
v -6.21487 5.10013 16.4746 
v -6.17694 5.18746 16.2351 
v -6.26996 5.16389 16.2965 
v -6.15306 5.18746 15.8478 
v -6.09235 4.94258 16.6194 
v -6.16607 5.16389 15.7264 
v -6.17397 5.10013 15.6174 
v -6.08944 5.003 16.6072 
v -6.09406 4.81655 16.631 
v -6.06581 5.10013 16.5457 
v -6.16235 5.16389 16.4025 
v -6.12714 5.16389 15.7026 
v -6.08891 5.16389 15.6852 
v -6.11191 5.18746 15.8082 
v -6.08774 5.18746 15.794 
v -6.0419 5.16389 16.459 
v -5.91954 5.16389 16.4767 
v -5.91954 5.10013 16.568 
v -6.02341 5.18746 15.7721 
v -5.96108 5.18746 15.7617 
v -5.91955 5.18746 15.7579 
v -6.01343 5.18746 16.3434 
v -5.91955 5.18746 16.3533 
v -6.09303 4.48437 16.6313 
v -6.09287 4.53259 16.6314 
v -6.09283 4.60198 16.6314 
v -5.91954 4.41015 16.656 
v -6.09313 4.70474 16.6313 
v -5.91954 4.81655 16.656 
v -5.91954 4.70474 16.656 
v -5.91954 4.48441 16.656 
v -5.91954 4.53261 16.656 
v -5.91954 4.60198 16.656 
v -5.91954 4.94258 16.6449 
v -5.91954 5.003 16.6328 
v -6.12193 5.18746 15.8507 
v -6.0659 5.1871 15.9329 
v -6.05525 5.1871 15.8236 
v -6.14312 5.1871 15.9296 
v -6.07425 5.1871 16.0261 
v -6.19247 5.18746 15.9284 
v -6.1574 5.1871 16.0251 
v -6.11191 5.18746 15.8082 
v -6.15306 5.18746 15.8478 
v -6.08774 5.18746 15.794 
v -6.21865 5.18746 16.0226 
v -5.98856 5.1871 15.936 
v -5.97653 5.1871 15.8057 
v -5.91955 5.1871 15.9354 
v -5.99083 5.1871 16.0249 
v -5.91955 5.1871 16.0266 
v -5.96108 5.18746 15.7617 
v -6.02341 5.18746 15.7721 
v -5.91955 5.1871 15.8027 
v -5.91955 5.18746 15.7579 
v -6.07899 5.1871 16.1361 
v -6.16553 5.1871 16.1372 
v -6.152 5.1871 16.2151 
v -6.09444 5.1871 16.2597 
v -6.09976 5.18746 16.3075 
v -6.20757 5.18746 16.1485 
v -6.17694 5.18746 16.2351 
v -6.09976 5.18746 16.3075 
v -6.0074 5.1871 16.2952 
v -5.99217 5.1871 16.1346 
v -5.91955 5.1871 16.1352 
v -5.91955 5.1871 16.3074 
v -6.01343 5.18746 16.3434 
v -5.91955 5.18746 16.3533 
v -5.8921 4.25818 15.4574 
v -5.88817 4.22407 15.4591 
v -5.88428 4.19958 15.4631 
v -5.85405 4.22069 15.4638 
v -5.87625 4.16199 15.4735 
v -5.87019 4.13976 15.4869 
v -5.89094 4.23479 15.4579 
v -5.8921 4.25818 15.4574 
v -5.89094 4.23479 15.4579 
v -5.86203 4.23483 15.461 
v -5.86555 4.25818 15.4598 
v -5.86203 4.23483 15.461 
v -5.88871 4.25753 15.4777 
v -5.87774 4.18229 15.5112 
v -5.8609 4.25779 15.4803 
v -5.84119 4.20154 15.4695 
v -5.81898 4.16503 15.4834 
v -5.79728 4.20054 15.4798 
v -5.80207 4.14013 15.4978 
v -5.8202 4.2215 15.4703 
v -5.83421 4.23483 15.466 
v -5.84048 4.25818 15.4641 
v -5.83421 4.23483 15.466 
v -5.80491 4.23508 15.4732 
v -5.81297 4.25818 15.4706 
v -5.80491 4.23508 15.4732 
v -5.84694 4.18259 15.5123 
v -5.83535 4.2582 15.4838 
v -5.86551 4.10651 15.5088 
v -5.88301 4.2059 15.5495 
v -5.86249 4.0592 15.5516 
v -5.8558 4.20644 15.5518 
v -5.88301 4.22238 15.5508 
v -5.88301 4.29382 15.5465 
v -5.8558 4.22292 15.5531 
v -5.79723 4.10667 15.5212 
v -5.82733 4.20734 15.5558 
v -5.81527 4.18396 15.5174 
v -5.79033 4.05992 15.566 
v -5.81024 4.25886 15.4899 
v -5.79601 4.20854 15.561 
v -5.8558 4.29435 15.5489 
v -5.82733 4.22382 15.5571 
v -5.8921 4.25818 15.4574 
v -5.8921 4.25818 15.4574 
v -5.86555 4.25818 15.4598 
v -5.88871 4.25762 15.4777 
v -5.86555 4.25818 15.4598 
v -5.88871 4.25753 15.4777 
v -5.89116 4.28596 15.4574 
v -5.86555 4.25818 15.4598 
v -5.89116 4.28596 15.4574 
v -5.88633 4.35171 15.4574 
v -5.8626 4.28587 15.4602 
v -5.8626 4.28587 15.4602 
v -5.88209 4.4326 15.4576 
v -5.84802 4.35157 15.4619 
v -5.84048 4.25818 15.4641 
v -5.83457 4.28586 15.4652 
v -5.81297 4.25818 15.4706 
v -5.84048 4.25818 15.4641 
v -5.8609 4.25781 15.4803 
v -5.8609 4.25779 15.4803 
v -5.84048 4.25818 15.4641 
v -5.80387 4.28536 15.4732 
v -5.83457 4.28586 15.4652 
v -5.83833 4.43191 15.463 
v -5.80598 4.35135 15.4704 
v -5.80387 4.28536 15.4732 
v -5.88871 4.25762 15.4777 
v -5.8609 4.25781 15.4803 
v -5.88471 4.40212 15.5025 
v -5.88301 4.37561 15.5422 
v -5.84915 4.40248 15.5038 
v -5.8558 4.37615 15.5446 
v -5.83535 4.2582 15.4838 
v -5.83535 4.2582 15.4838 
v -5.83535 4.2582 15.4838 
v -5.81297 4.25818 15.4706 
v -5.81297 4.25818 15.4706 
v -5.81024 4.25886 15.4899 
v -5.81024 4.25887 15.4899 
v -5.82733 4.29525 15.5528 
v -5.82733 4.37704 15.5485 
v -5.81705 4.40383 15.509 
v -5.81024 4.25887 15.4899 
v -5.79601 4.29645 15.5581 
v -5.79601 4.37823 15.5538 
v -5.78527 4.25818 15.4787 
v -5.78225 4.22251 15.4804 
v -5.75645 4.20401 15.4916 
v -5.77633 4.23597 15.4818 
v -5.75116 4.22593 15.4906 
v -5.76016 4.17204 15.4986 
v -5.78527 4.25818 15.4787 
v -5.78527 4.25818 15.4787 
v -5.77633 4.23597 15.4818 
v -5.76441 4.25808 15.4851 
v -5.78293 4.18681 15.5259 
v -5.78433 4.25973 15.4979 
v -5.76441 4.25808 15.4851 
v -5.78433 4.25973 15.4979 
v -5.75141 4.23912 15.4896 
v -5.75141 4.23912 15.4896 
v -5.71408 4.22962 15.5035 
v -5.71365 4.20809 15.5068 
v -5.70216 4.17944 15.5208 
v -5.74088 4.24553 15.494 
v -5.75954 4.25797 15.4866 
v -5.74088 4.24553 15.494 
v -5.75741 4.25791 15.4875 
v -5.73553 4.25746 15.4961 
v -5.73553 4.25746 15.4961 
v -5.70088 4.24824 15.5083 
v -5.72707 4.14692 15.5201 
v -5.71595 4.11011 15.5482 
v -5.76438 4.2101 15.5679 
v -5.749 4.19018 15.5364 
v -5.73941 4.21131 15.5733 
v -5.72291 4.19373 15.5471 
v -5.76188 4.26086 15.5054 
v -5.72291 4.19373 15.5471 
v -5.75695 4.26084 15.5074 
v -5.76188 4.26086 15.5054 
v -5.71182 4.21838 15.5502 
v -5.75421 4.26098 15.5086 
v -5.65313 4.19348 15.543 
v -5.64777 4.15678 15.5531 
v -5.65889 4.23251 15.5295 
v -5.63966 4.26256 15.5352 
v -5.6102 4.23167 15.5543 
v -5.58434 4.27201 15.5625 
v -5.76441 4.25808 15.4851 
v -5.78433 4.25973 15.4979 
v -5.76188 4.26086 15.5054 
v -5.75954 4.25797 15.4866 
v -5.75954 4.25797 15.4866 
v -5.76188 4.26086 15.5054 
v -5.76441 4.25808 15.4851 
v -5.78527 4.25818 15.4787 
v -5.77477 4.2838 15.4823 
v -5.76023 4.34884 15.4851 
v -5.78135 4.43026 15.4741 
v -5.77477 4.2838 15.4823 
v -5.75032 4.27872 15.4902 
v -5.75695 4.26084 15.5074 
v -5.75954 4.25797 15.4866 
v -5.74001 4.27105 15.4949 
v -5.73553 4.25746 15.4961 
v -5.75741 4.25791 15.4875 
v -5.75695 4.26084 15.5074 
v -5.74001 4.27105 15.4949 
v -5.69309 4.27045 15.5119 
v -5.72407 4.34048 15.4985 
v -5.75032 4.27872 15.4902 
v -5.71728 4.42472 15.4949 
v -5.69945 4.29582 15.5101 
v -5.70578 4.31743 15.5067 
v -5.75421 4.26098 15.5086 
v -5.71146 4.3546 15.5435 
v -5.76188 4.26086 15.5054 
v -5.75695 4.26084 15.5074 
v -5.70071 4.29702 15.5482 
v -5.78433 4.25973 15.4979 
v -5.78118 4.40352 15.5178 
v -5.74764 4.40327 15.5282 
v -5.72238 4.40213 15.5392 
v -5.73941 4.38059 15.5661 
v -5.62394 4.30555 15.5409 
v -5.62998 4.33491 15.5349 
v -5.64863 4.38122 15.524 
v -5.67523 4.40799 15.513 
v -5.5806 4.36063 15.5597 
v -5.57417 4.31173 15.5671 
v -5.72939 4.32795 15.5712 
v -5.84581 3.98829 15.7409 
v -5.86375 4.00232 15.6482 
v -5.84581 3.98829 15.7409 
v -5.79018 3.99012 15.7517 
v -5.81695 3.98458 15.7963 
v -5.74072 3.99307 15.7627 
v -5.78552 3.9847 15.8582 
v -5.80179 4.00312 15.6625 
v -5.79018 3.99012 15.7517 
v -5.86249 4.0592 15.5516 
v -5.79033 4.05992 15.566 
v -5.73994 4.00484 15.6857 
v -5.74072 3.99307 15.7627 
v -5.70129 3.99415 15.7864 
v -5.68531 4.00698 15.7139 
v -5.70129 3.99415 15.7864 
v -5.67171 3.99408 15.8136 
v -5.68187 3.9847 15.9328 
v -5.64068 3.99555 15.8392 
v -5.64114 4.00864 15.7484 
v -5.67171 3.99408 15.8136 
v -5.71307 4.0621 15.5928 
v -5.64334 4.06556 15.6295 
v -5.61439 3.99151 15.9203 
v -5.78567 3.9847 16.0225 
v -5.78362 3.9847 16.1494 
v -5.78408 3.9847 16.2764 
v -5.78788 3.98956 16.3537 
v -5.80554 4.00934 16.4601 
v -5.91955 3.98847 16.3754 
v -5.78788 3.98956 16.3537 
v -5.69404 3.99199 16.3064 
v -5.67756 4.00934 16.3981 
v -5.91955 4.07252 16.569 
v -5.91955 4.00934 16.4764 
v -5.69247 3.9847 16.2375 
v -5.6542 3.9847 16.0231 
v -5.66201 3.9847 16.1455 
v -5.60349 3.9908 16.1535 
v -5.63942 3.99204 16.2443 
v -5.69404 3.99199 16.3064 
v -5.56977 4.00934 16.2919 
v -5.77606 4.07252 16.5487 
v -5.79601 4.22502 15.5623 
v -5.76438 4.22657 15.5692 
v -5.76588 4.29677 15.5649 
v -5.76588 4.37852 15.5607 
v -5.73941 4.29949 15.5704 
v -5.73941 4.22792 15.5746 
v -5.73941 4.21131 15.5733 
v -5.6324 4.11389 15.5878 
v -5.72939 4.22655 15.577 
v -5.71307 4.0621 15.5928 
v -5.7194 4.2878 15.5754 
v -5.72939 4.32795 15.5712 
v -5.7194 4.2878 15.5754 
v -5.91955 4.12353 16.612 
v -5.76153 4.12353 16.5894 
v -5.75455 4.16957 16.6098 
v -5.91954 4.16957 16.6331 
v -5.91954 4.22585 16.6499 
v -5.74557 4.22485 16.6245 
v -5.74412 4.28128 16.6298 
v -5.91954 4.28199 16.6554 
v -5.74475 4.3409 16.6309 
v -5.72939 4.22655 15.577 
v -5.91954 4.34102 16.656 
v -5.74545 4.41011 16.6311 
v -5.64334 4.06556 15.6295 
v -5.57983 4.06942 15.6765 
v -5.62554 4.07252 16.4777 
v -5.59798 4.12353 16.5097 
v -5.58679 4.16957 16.5283 
v -5.57413 4.22569 16.5414 
v -5.5733 4.34128 16.5485 
v -5.58905 4.00934 15.8051 
v -5.64068 3.99555 15.8392 
v -5.53613 4.00934 15.895 
v -5.61439 3.99151 15.9203 
v -5.59343 3.99035 16.0193 
v -5.5107 4.07243 15.7492 
v -5.55459 4.16232 15.6115 
v -5.55747 4.1185 15.6415 
v -5.57983 4.06942 15.6765 
v -5.48131 4.12316 15.7217 
v -5.5107 4.07243 15.7492 
v -5.48131 4.12316 15.7217 
v -5.4077 4.12353 15.8503 
v -5.44471 4.07252 15.8643 
v -5.50317 4.00934 16.0135 
v -5.36798 4.12353 16.0032 
v -5.40752 4.07252 16.0058 
v -5.46474 4.16897 15.7035 
v -5.46474 4.16897 15.7035 
v -5.38552 4.16957 15.8412 
v -5.34435 4.16957 16.0014 
v -5.59343 3.99035 16.0193 
v -5.60349 3.9908 16.1535 
v -5.63942 3.99204 16.2443 
v -5.51971 4.00934 16.1757 
v -5.49112 4.07252 16.3415 
v -5.43978 4.16957 16.3773 
v -5.42626 4.07252 16.2011 
v -5.4584 4.12353 16.3625 
v -5.38858 4.12353 16.2129 
v -5.36611 4.16957 16.2205 
v -5.51841 4.21878 15.6183 
v -5.5152 4.2657 15.6159 
v -5.4453 4.22544 15.6979 
v -5.51555 4.31633 15.6143 
v -5.51915 4.38747 15.6113 
v -5.43943 4.33178 15.6975 
v -5.44101 4.27191 15.6968 
v -5.4453 4.22544 15.6979 
v -5.36825 4.22702 15.8345 
v -5.44101 4.27191 15.6968 
v -5.36477 4.28192 15.8322 
v -5.32563 4.22848 16 
v -5.32188 4.28334 15.9998 
v -5.43943 4.33178 15.6975 
v -5.43899 4.40157 15.698 
v -5.43899 4.40157 15.698 
v -5.36427 4.34135 15.8316 
v -5.36445 4.41096 15.8311 
v -5.3215 4.41096 15.9998 
v -5.32147 4.34153 15.9999 
v -5.42359 4.22648 16.3848 
v -5.41982 4.282 16.3881 
v -5.34834 4.22595 16.2228 
v -5.57132 4.28131 16.5458 
v -5.34389 4.28205 16.2248 
v -5.42186 4.41109 16.3929 
v -5.42102 4.3412 16.3915 
v -5.3442 4.34111 16.2275 
v -5.57441 4.41109 16.5494 
v -5.34486 4.4111 16.2293 
v -5.87728 4.52586 15.4581 
v -5.87342 4.60012 15.4581 
v -5.82965 4.52589 15.4647 
v -5.8719 4.70474 15.4581 
v -5.87094 4.81656 15.458 
v -5.82249 4.60033 15.466 
v -5.82164 4.70474 15.4662 
v -5.8241 4.76031 15.4615 
v -5.8364 4.77764 15.4632 
v -5.8334 4.77768 15.4599 
v -5.82602 4.77768 15.4612 
v -5.81846 4.76031 15.4626 
v -5.81637 4.75473 15.463 
v -5.8055 4.77769 15.465 
v -5.84115 4.80706 15.4584 
v -5.84491 4.80696 15.4616 
v -5.8434 4.83872 15.4579 
v -5.8334 4.83884 15.4598 
v -5.83182 4.80722 15.4601 
v -5.8055 4.80731 15.465 
v -5.82611 4.76024 15.4651 
v -5.81814 4.81656 15.4663 
v -5.8055 4.83892 15.465 
v -5.80549 4.76031 15.465 
v -5.81739 4.75369 15.4668 
v -5.80679 4.75253 15.4688 
v -5.80549 4.75362 15.465 
v -5.79622 4.75374 15.4708 
v -5.75978 4.52572 15.4778 
v -5.75419 4.60082 15.4799 
v -5.79463 4.75474 15.4671 
v -5.79252 4.76032 15.4674 
v -5.75919 4.81656 15.4778 
v -5.78519 4.7777 15.4689 
v -5.8469 4.83853 15.4619 
v -5.87033 4.93758 15.4588 
v -5.84114 4.8704 15.4584 
v -5.84482 4.87018 15.4622 
v -5.83181 4.87047 15.4601 
v -5.87034 4.96702 15.4659 
v -5.83332 4.89772 15.4598 
v -5.83731 4.89757 15.4635 
v -5.81679 4.93757 15.4671 
v -5.82592 4.89774 15.4612 
v -5.8055 4.87052 15.465 
v -5.80549 4.89775 15.465 
v -5.82558 4.91713 15.4654 
v -5.82204 4.91727 15.4619 
v -5.81741 4.91726 15.4628 
v -5.81548 4.92164 15.4632 
v -5.80549 4.91726 15.465 
v -5.81663 4.92393 15.467 
v -5.87034 5.003 15.4821 
v -5.81664 4.96702 15.4743 
v -5.88091 5.10013 15.5486 
v -5.82823 5.10013 15.5568 
v -5.81623 5.003 15.4907 
v -5.88091 5.10013 15.5486 
v -5.87856 5.16389 15.6462 
v -5.82823 5.10013 15.5568 
v -5.83538 5.16389 15.6545 
v -5.79554 4.92159 15.467 
v -5.8055 4.92259 15.4651 
v -5.79358 4.91725 15.4672 
v -5.78453 4.89773 15.469 
v -5.80681 4.92534 15.4688 
v -5.797 4.92388 15.4706 
v -5.77328 5.10013 15.5697 
v -5.77328 5.10013 15.5697 
v -5.78693 4.76037 15.4686 
v -5.78755 4.76034 15.4724 
v -5.77967 4.80722 15.4698 
v -5.77788 4.77772 15.4703 
v -5.77752 4.77771 15.4743 
v -5.75508 4.70474 15.4796 
v -5.67594 4.52611 15.5084 
v -5.67283 4.60156 15.5095 
v -5.67505 4.70474 15.5087 
v -5.77042 4.80708 15.4717 
v -5.7693 4.80698 15.4758 
v -5.68151 4.81655 15.5074 
v -5.60252 4.44294 15.5467 
v -5.60942 4.52622 15.5446 
v -5.60725 4.81655 15.5458 
v -5.61008 4.60198 15.5442 
v -5.60752 4.70474 15.5457 
v -5.52895 4.46167 15.603 
v -5.53692 4.60198 15.5963 
v -5.53658 4.52508 15.5966 
v -5.53888 4.81655 15.5947 
v -5.53746 4.70474 15.5959 
v -5.44632 4.81655 15.6893 
v -5.44344 4.70474 15.6927 
v -5.76722 4.83853 15.4755 
v -5.77967 4.87047 15.4698 
v -5.77809 4.83884 15.4701 
v -5.78902 4.91719 15.4682 
v -5.77722 4.89767 15.4705 
v -5.78806 4.91713 15.472 
v -5.75638 4.93761 15.4788 
v -5.77044 4.87038 15.4717 
v -5.76816 4.83871 15.4721 
v -5.7696 4.87018 15.4751 
v -5.77578 4.89757 15.4742 
v -5.75514 4.96705 15.4867 
v -5.71729 4.96527 15.5032 
v -5.70781 4.93738 15.4977 
v -5.68253 4.94258 15.5192 
v -5.68546 5.003 15.5294 
v -5.75151 5.003 15.5051 
v -5.71745 5.10013 15.5907 
v -5.79144 5.16389 15.6686 
v -5.71745 5.10013 15.5907 
v -5.61337 4.94258 15.5551 
v -5.54632 4.94258 15.6038 
v -5.55538 5.003 15.6127 
v -5.62148 5.003 15.5643 
v -5.66502 5.10013 15.6175 
v -5.6084 5.10013 15.6596 
v -5.4406 4.60198 15.6961 
v -5.75022 5.16389 15.6852 
v -5.77329 5.10013 16.5457 
v -5.67674 5.16389 16.4025 
v -5.79724 5.16389 16.459 
v -5.91954 5.16389 16.4767 
v -5.91954 5.10013 16.568 
v -5.74976 5.003 16.6073 
v -5.62414 5.10013 16.4745 
v -5.91955 5.18746 16.3533 
v -5.87799 5.18746 15.7617 
v -5.81571 5.18746 15.772 
v -5.75138 5.18746 15.794 
v -5.71199 5.16389 15.7026 
v -5.82577 5.18746 16.3434 
v -5.67305 5.16389 15.7264 
v -5.66502 5.10013 15.6175 
v -5.58521 5.003 16.526 
v -5.74679 4.94258 16.6194 
v -5.57842 4.94258 16.5371 
v -5.74503 4.81655 16.631 
v -5.57369 4.81655 16.5488 
v -5.57574 4.48507 16.5502 
v -5.57593 4.70474 16.5503 
v -5.6084 5.10013 15.6596 
v -5.60897 5.16389 15.781 
v -5.7272 5.18746 15.8083 
v -5.56915 5.16389 16.2965 
v -5.66222 5.18746 16.2351 
v -5.57599 4.53258 16.5504 
v -5.74606 4.48437 16.6313 
v -5.91954 4.41015 16.656 
v -5.74626 4.60198 16.6314 
v -5.91954 4.53261 16.656 
v -5.74622 4.53259 16.6314 
v -5.91954 4.48441 16.656 
v -5.91954 4.60198 16.656 
v -5.91954 4.70474 16.656 
v -5.91954 5.003 16.6328 
v -5.91954 4.94258 16.6449 
v -5.91954 4.81655 16.656 
v -5.74595 4.70474 16.6313 
v -5.57615 4.60198 16.5505 
v -5.68606 5.18746 15.8478 
v -5.54055 5.16389 15.8886 
v -5.86259 5.1871 15.8057 
v -5.85056 5.1871 15.936 
v -5.78387 5.1871 15.8236 
v -5.77322 5.1871 15.9329 
v -5.84829 5.1871 16.0249 
v -5.87799 5.18746 15.7617 
v -5.81571 5.18746 15.772 
v -5.75138 5.18746 15.794 
v -5.71716 5.1875 15.8507 
v -5.64668 5.18746 15.9282 
v -5.76487 5.1871 16.0261 
v -5.696 5.1871 15.9296 
v -5.68172 5.1871 16.0251 
v -5.64668 5.18746 15.9282 
v -5.7272 5.18746 15.8083 
v -5.68606 5.18746 15.8478 
v -5.62048 5.18746 16.0227 
v -5.84696 5.1871 16.1346 
v -5.83172 5.1871 16.2952 
v -5.74468 5.1871 16.2597 
v -5.76013 5.1871 16.1361 
v -5.82577 5.18746 16.3434 
v -5.73932 5.18746 16.3075 
v -5.68712 5.1871 16.2151 
v -5.67359 5.1871 16.1372 
v -5.73932 5.18746 16.3075 
v -5.63154 5.18746 16.1485 
v -5.66222 5.18746 16.2351 
v -5.51843 5.16389 16.1795 
v -5.63154 5.18746 16.1485 
v -5.43835 4.47563 15.6988 
v -5.4391 4.5247 15.698 
v -5.4391 4.5247 15.698 
v -5.36464 4.485 15.8306 
v -5.43835 4.47563 15.6988 
v -5.4406 4.60198 15.6961 
v -5.44344 4.70474 15.6927 
v -5.36519 4.70474 15.8291 
v -5.36484 4.53407 15.83 
v -5.36661 4.81655 15.8252 
v -5.36504 4.60198 15.8295 
v -5.32152 4.48497 15.9997 
v -5.32153 4.53248 15.9996 
v -5.32152 4.70474 15.9996 
v -5.32154 4.60198 15.9995 
v -5.32144 4.81655 16.0001 
v -5.34559 4.48497 16.2313 
v -5.42289 4.53252 16.3947 
v -5.42254 4.48503 16.3941 
v -5.34612 4.5325 16.2328 
v -5.4233 4.60198 16.3954 
v -5.42376 4.70474 16.3962 
v -5.34709 4.70474 16.2355 
v -5.34662 4.60198 16.2342 
v -5.34639 4.81655 16.2335 
v -5.42275 4.81655 16.3945 
v -5.52077 5.10013 15.7416 
v -5.45444 4.94258 15.6977 
v -5.46464 5.003 15.7051 
v -5.52077 5.10013 15.7416 
v -5.38982 5.003 15.8323 
v -5.46464 5.003 15.7051 
v -5.44849 5.10013 15.8587 
v -5.50508 5.16389 16.0143 
v -5.62048 5.18746 16.0227 
v -5.40852 5.10013 16.008 
v -5.45444 4.94258 15.6977 
v -5.44632 4.81655 15.6893 
v -5.37782 4.94258 15.8285 
v -5.33226 4.94258 16.002 
v -5.34416 5.003 16.0033 
v -5.43014 4.94258 16.3848 
v -5.44023 5.003 16.3779 
v -5.49186 5.10013 16.3407 
v -5.42688 5.10013 16.2029 
v -5.36707 5.003 16.2237 
v -5.35586 4.94258 16.2277 

vn -0.322835 -0.0314961 -0.944882 
vn -0.338583 -0.102362 -0.937008 
vn -0.385827 -0.0944882 -0.913386 
vn -0.299213 -0.023622 -0.952756 
vn -0.338583 -0.204724 -0.92126 
vn -0.291339 -0.11811 -0.952756 
vn -0.346457 0.015748 -0.937008 
vn -0.409449 -0.212598 -0.889764 
vn -0.314961 -0.283465 -0.905512 
vn -0.409449 -0.244094 -0.874016 
vn -0.393701 -0.0393701 -0.913386 
vn -0.354331 0 -0.937008 
vn -0.346457 0.015748 -0.937008 
vn -0.362205 0.023622 -0.929134 
vn -0.307087 -0.015748 -0.952756 
vn -0.322835 -0.0314961 -0.944882 
vn -0.299213 -0.023622 -0.952756 
vn -0.346457 0.023622 -0.937008 
vn -0.346457 0.023622 -0.937008 
vn -0.267717 -0.220472 -0.937008 
vn -0.228346 -0.141732 -0.96063 
vn -0.259843 -0.0393701 -0.96063 
vn -0.212598 -0.322835 -0.92126 
vn -0.228346 -0.480315 -0.850394 
vn -0.291339 -0.015748 -0.96063 
vn -0.259843 -0.0393701 -0.96063 
vn -0.251969 -0.023622 -0.968504 
vn -0.00787402 1 -0.0787402 
vn 0.259843 0.377953 0.889764 
vn 0.00787402 1 -0.0314961 
vn 0.259843 -0.149606 0.952756 
vn 0.00787402 -1 0.0787402 
vn -0.00787402 -1 0.0314961 
vn 0.228346 0.80315 0.559055 
vn 0.259843 0.377953 0.889764 
vn 0.307087 0.362205 0.88189 
vn -0.346457 -0.433071 -0.834646 
vn -0.488189 -0.212598 -0.84252 
vn -0.464567 -0.362205 -0.811024 
vn -0.330709 -0.582677 -0.740157 
vn -0.440945 -0.173228 -0.88189 
vn -0.433071 -0.0629921 -0.897638 
vn -0.511811 -0.212598 -0.834646 
vn -0.551181 -0.0866142 -0.826772 
vn 0.535433 0.76378 0.362205 
vn 0.456693 0.149606 0.874016 
vn 0.96063 0.23622 0.133858 
vn -0.212598 -0.614173 -0.76378 
vn -0.0708661 0.811024 -0.582677 
vn 0.165354 0.811024 0.559055 
vn -0.0866142 0.811024 -0.582677 
vn 0.275591 0.771654 0.566929 
vn 0.291339 0.748031 -0.598425 
vn 0.535433 0.76378 0.362205 
vn -0.181102 -0.787402 -0.590551 
vn 0.370079 0.275591 0.889764 
vn 0.370079 0.275591 0.889764 
vn 0.448819 0.0472441 0.889764 
vn -0.015748 0.992126 -0.110236 
vn 0.307087 0.362205 0.88189 
vn -0.346457 0.023622 -0.937008 
vn -0.362205 -0.00787402 -0.929134 
vn -0.370079 0 -0.929134 
vn -0.511811 0.84252 -0.173228 
vn 0.456693 0.149606 0.874016 
vn -0.0629921 0.984252 -0.141732 
vn 0.409449 -0.0393701 0.913386 
vn 0.0629921 -0.984252 0.141732 
vn 0.370079 0.275591 0.889764 
vn 0.370079 -0.0866142 0.92126 
vn -0.346457 -0.015748 -0.937008 
vn -0.314961 0.015748 -0.952756 
vn -0.346457 -0.015748 -0.937008 
vn -0.346457 -0.0472441 -0.937008 
vn -0.322835 -0.015748 -0.944882 
vn -0.314961 -0.0472441 -0.944882 
vn -0.362205 -0.0393701 -0.929134 
vn -0.354331 -0.0472441 -0.937008 
vn -0.362205 -0.00787402 -0.929134 
vn -0.370079 -0.0393701 -0.929134 
vn 0.314961 -0.133858 0.937008 
vn 0.015748 -0.992126 0.110236 
vn -0.322835 -0.015748 -0.944882 
vn -0.291339 0.00787402 -0.952756 
vn -0.259843 -0.023622 -0.968504 
vn -0.244094 -0.0314961 -0.968504 
vn -0.291339 -0.023622 -0.96063 
vn -0.291339 -0.023622 -0.96063 
vn -0.259843 0.00787402 -0.968504 
vn -0.377953 -0.015748 -0.92126 
vn -0.433071 -0.0472441 -0.897638 
vn -0.425197 -0.0472441 -0.905512 
vn -0.409449 -0.023622 -0.913386 
vn -0.409449 -0.023622 -0.913386 
vn -0.582677 -0.0314961 -0.811024 
vn -0.574803 -0.00787402 -0.818898 
vn 0.370079 -0.0866142 0.92126 
vn 0.944882 -0.181102 0.267717 
vn 0.409449 -0.0393701 0.913386 
vn 0.448819 0.0472441 0.889764 
vn -0.511811 0.84252 -0.173228 
vn 0.409449 -0.0393701 0.913386 
vn 0.448819 0.0472441 0.889764 
vn 0.984252 -0.023622 0.181102 
vn 0.244094 -0.456693 0.850394 
vn 0.314961 -0.133858 0.937008 
vn 0.259843 -0.149606 0.952756 
vn 0.307087 -0.425197 0.850394 
vn 0.165354 -0.480315 0.858268 
vn 0.692913 -0.464567 0.551181 
vn 0.362205 -0.433071 -0.826772 
vn -0.19685 -0.0551181 -0.976378 
vn -0.181102 -0.496063 -0.850394 
vn -0.149606 -0.496063 -0.858268 
vn -0.188976 -0.220472 -0.952756 
vn -0.15748 -0.149606 -0.976378 
vn -0.102362 -0.220472 -0.968504 
vn -0.110236 -0.354331 -0.929134 
vn -0.0944882 -0.519685 -0.850394 
vn -0.19685 -0.023622 -0.976378 
vn -0.141732 -0.0629921 -0.992126 
vn -0.204724 -0.0551181 -0.976378 
vn -0.204724 -0.0551181 -0.976378 
vn -0.141732 -0.0629921 -0.992126 
vn -0.0866142 -0.149606 -0.984252 
vn -0.133858 -0.023622 -0.992126 
vn -0.0787402 -0.0551181 -0.992126 
vn 0 -0.220472 -0.976378 
vn 0 -0.377953 -0.929134 
vn 0 -0.543307 -0.84252 
vn 0 -0.141732 -0.992126 
vn -0.0787402 -0.0551181 -0.992126 
vn -0.0708661 -0.023622 -1 
vn 0 -0.0551181 -1 
vn 0 -0.0551181 -1 
vn 0.0314961 0.818898 0.566929 
vn 0.0314961 0.433071 0.905512 
vn 0.0944882 0.417323 0.905512 
vn 0 0.834646 0.551181 
vn 0 0.433071 0.905512 
vn 0.181102 0.393701 0.897638 
vn 0.0866142 0.80315 0.590551 
vn -0.0944882 -0.622047 -0.779528 
vn -0.0393701 0.818898 -0.574803 
vn -0.0866142 -0.795276 -0.598425 
vn -0.0551181 0.811024 -0.574803 
vn -0.110236 -0.0314961 -0.992126 
vn -0.110236 -0.0551181 -0.992126 
vn -0.149606 -0.0314961 -0.984252 
vn -0.0472441 -0.0314961 -1 
vn 0 -0.622047 -0.787402 
vn 0 -0.795276 -0.606299 
vn -0.015748 0.811024 -0.582677 
vn 0 0.811024 -0.582677 
vn 0 -0.0314961 -1 
vn 0 -0.0551181 -1 
vn -0.0472441 -0.0551181 -1 
vn 0 -0.023622 -1 
vn -0.220472 -0.015748 -0.976378 
vn -0.204724 0 -0.976378 
vn -0.141732 -0.00787402 -0.992126 
vn -0.133858 0 -0.992126 
vn 0.00787402 1 0.023622 
vn 0.00787402 1 0 
vn 0.0944882 0.417323 0.905512 
vn 0.0944882 -0.173228 0.976378 
vn -0.00787402 -1 0 
vn -0.00787402 -1 -0.023622 
vn -0.220472 -0.015748 -0.976378 
vn -0.15748 -0.00787402 -0.984252 
vn -0.141732 -0.00787402 -0.992126 
vn -0.0866142 0 -1 
vn -0.165354 0 -0.984252 
vn -0.0944882 0 -0.992126 
vn 0 0 -1 
vn 0 0 -1 
vn -0.0787402 0 -1 
vn 0.00787402 1 0.0314961 
vn 0 0.433071 0.905512 
vn 0 1 0.0314961 
vn 0 -0.19685 0.976378 
vn -0.00787402 -1 -0.0314961 
vn 0 -1 -0.0314961 
vn 0.0314961 0.433071 0.905512 
vn 0.0393701 -0.188976 0.984252 
vn -0.0787402 0 -1 
vn 0 0 -1 
vn 0 0 -1 
vn -0.0787402 0 -1 
vn 0 0 -1 
vn 0.181102 0.393701 0.897638 
vn 0.188976 -0.165354 0.968504 
vn -0.15748 -0.0551181 -0.984252 
vn 0.188976 -0.165354 0.968504 
vn 0.0787402 -0.464567 0.88189 
vn 0.0944882 -0.173228 0.976378 
vn -0.110236 -0.503937 -0.858268 
vn 0 -0.503937 0.858268 
vn 0.0393701 -0.188976 0.984252 
vn 0 -0.19685 0.976378 
vn 0.0314961 -0.488189 0.874016 
vn 0 -0.472441 -0.88189 
vn -0.0393701 -0.488189 -0.874016 
vn -0.543307 -0.755906 -0.377953 
vn -0.779528 -0.543307 -0.314961 
vn -0.685039 -0.543307 -0.480315 
vn -0.456693 -0.755906 -0.464567 
vn -0.543307 -0.755906 -0.377953 
vn -0.685039 -0.543307 -0.480315 
vn -0.574803 -0.551181 -0.606299 
vn -0.614173 -0.748031 -0.244094 
vn -0.661417 -0.755906 -0.0393701 
vn -0.84252 -0.543307 -0.0472441 
vn -0.409449 -0.897638 -0.165354 
vn -0.433071 -0.897638 -0.023622 
vn -0.858268 -0.377953 -0.346457 
vn -0.748031 -0.385827 -0.535433 
vn -0.748031 -0.385827 -0.535433 
vn -0.582677 -0.370079 -0.724409 
vn -0.929134 -0.370079 -0.0472441 
vn -0.377953 -0.889764 -0.259843 
vn -0.0944882 -0.992126 -0.0944882 
vn -0.149606 -0.984252 -0.102362 
vn -0.330709 -0.889764 -0.322835 
vn -0.456693 -0.755906 -0.464567 
vn -0.259843 -0.897638 -0.354331 
vn -0.173228 -0.984252 -0.00787402 
vn -0.15748 -0.984252 -0.0629921 
vn -0.448819 -0.566929 -0.692913 
vn -0.362205 -0.76378 -0.527559 
vn -0.645669 -0.748031 0.15748 
vn -0.425197 -0.897638 0.102362 
vn -0.818898 -0.535433 0.204724 
vn -0.543307 -0.748031 0.385827 
vn -0.685039 -0.535433 0.488189 
vn -0.897638 -0.370079 0.228346 
vn -0.755906 -0.362205 0.543307 
vn -0.503937 -0.543307 0.669291 
vn -0.370079 -0.889764 0.267717 
vn -0.173228 -0.984252 0.0393701 
vn -0.0314961 -1 0 
vn -0.173228 -0.984252 0.0393701 
vn -0.173228 -0.984252 -0.00787402 
vn -0.15748 -0.984252 -0.0629921 
vn -0.0393701 -1 0.00787402 
vn -0.15748 -0.984252 0.102362 
vn -0.15748 -0.984252 0.102362 
vn -0.110236 -0.984252 0.141732 
vn -0.385827 -0.748031 0.535433 
vn -0.259843 -0.889764 0.370079 
vn -0.551181 -0.362205 0.748031 
vn -0.653543 -0.23622 -0.724409 
vn -0.826772 -0.0472441 -0.566929 
vn -0.913386 -0.204724 -0.354331 
vn -0.929134 -0.0393701 -0.362205 
vn -0.80315 -0.220472 -0.551181 
vn -1 -0.0393701 -0.0551181 
vn -0.976378 -0.188976 -0.0551181 
vn -0.818898 -0.00787402 -0.574803 
vn -0.929134 -0.00787402 -0.362205 
vn -0.818898 0 -0.574803 
vn -0.700787 -0.015748 -0.716535 
vn -0.826772 -0.0472441 -0.566929 
vn -0.818898 -0.00787402 -0.574803 
vn -0.692913 0.00787402 -0.724409 
vn -0.818898 0 -0.574803 
vn -1 0 -0.0472441 
vn -1 0 -0.0472441 
vn -0.685039 -0.0708661 -0.732283 
vn -0.80315 -0.220472 -0.551181 
vn -0.952756 -0.19685 0.23622 
vn -0.80315 -0.19685 0.566929 
vn -0.968504 -0.0472441 0.244094 
vn -0.968504 0 0.244094 
vn -0.818898 -0.0472441 0.574803 
vn -0.811024 -0.00787402 0.582677 
vn -0.968504 0 0.244094 
vn -0.590551 -0.19685 0.787402 
vn -0.299213 -0.0551181 0.952756 
vn -0.598425 -0.0551181 0.80315 
vn -0.299213 -0.19685 0.937008 
vn -0.590551 -0.00787402 0.80315 
vn -0.811024 0 0.582677 
vn -0.299213 -0.00787402 0.952756 
vn -0.590551 0 0.80315 
vn -0.362205 -0.76378 -0.527559 
vn -0.0944882 -0.992126 -0.102362 
vn -0.015748 -1 -0.015748 
vn -0.0866142 -0.992126 -0.0944882 
vn -0.188976 -0.913386 -0.362205 
vn -0.0708661 -0.992126 -0.133858 
vn -0.0944882 -0.992126 -0.102362 
vn -0.0314961 -1 -0.0314961 
vn -0.0944882 -0.992126 -0.0944882 
vn -0.0314961 -1 -0.023622 
vn -0.149606 -0.984252 -0.102362 
vn -0.0866142 -0.992126 -0.0944882 
vn -0.275591 -0.779528 -0.566929 
vn -0.125984 -0.92126 -0.370079 
vn -0.0708661 -0.992126 -0.133858 
vn -0.0314961 -0.992126 -0.125984 
vn -0.0629921 -0.929134 -0.362205 
vn 0 -0.992126 -0.11811 
vn -0.0314961 -0.992126 -0.125984 
vn 0 -1 -0.0314961 
vn 0 -0.992126 -0.11811 
vn 0 -1 0 
vn -0.181102 -0.787402 -0.590551 
vn -0.0866142 -0.795276 -0.598425 
vn 0 -0.937008 -0.354331 
vn 0 -0.795276 -0.606299 
vn 0 -1 0 
vn 0 -1 0 
vn -0.0393701 -1 0.0314961 
vn -0.110236 -0.984252 0.141732 
vn -0.015748 -1 0.0314961 
vn -0.0551181 -0.992126 0.141732 
vn -0.125984 -0.905512 0.409449 
vn -0.19685 -0.755906 0.622047 
vn 0 -1 0 
vn 0 -1 0 
vn 0 -1 0.023622 
vn -0.0551181 -0.992126 0.141732 
vn 0 -0.992126 0.141732 
vn 0 -0.992126 0.141732 
vn 0 -0.755906 0.661417 
vn 0 -0.913386 0.417323 
vn 0.291339 0.748031 -0.598425 
vn 0.76378 0.181102 -0.622047 
vn 0.779528 -0.00787402 -0.622047 
vn -0.275591 -0.779528 -0.566929 
vn 0.76378 -0.220472 -0.614173 
vn -0.212598 -0.0551181 -0.976378 
vn -0.204724 -0.456693 -0.866142 
vn 0.76378 -0.220472 -0.614173 
vn -0.212598 -0.0393701 -0.976378 
vn -0.212598 -0.0551181 -0.976378 
vn -0.212598 -0.0314961 -0.976378 
vn -0.188976 -0.0314961 -0.984252 
vn 0.779528 -0.00787402 -0.622047 
vn -0.251969 -0.543307 0.80315 
vn -0.275591 -0.346457 0.897638 
vn 0.76378 0.181102 -0.622047 
vn 0 -0.543307 0.84252 
vn 0 -0.346457 0.937008 
vn 0 -0.188976 0.984252 
vn 0 -0.0551181 1 
vn 0 -0.00787402 1 
vn -0.299213 0 0.952756 
vn -0.929134 0 -0.362205 
vn -0.401575 -0.015748 -0.913386 
vn -0.283465 0 -0.96063 
vn -0.275591 -0.00787402 -0.96063 
vn -0.409449 0 -0.913386 
vn -0.283465 0 -0.96063 
vn -0.409449 0 -0.913386 
vn -0.181102 0 -0.984252 
vn -0.511811 -0.0629921 -0.858268 
vn -0.937008 -0.330709 -0.133858 
vn -0.96063 -0.149606 -0.228346 
vn -0.543307 -0.149606 -0.826772 
vn -0.181102 0 -0.984252 
vn -0.976378 0 -0.220472 
vn -0.417323 0.0314961 -0.905512 
vn -0.283465 0 -0.96063 
vn -0.370079 -0.535433 -0.755906 
vn -0.795276 -0.606299 0.015748 
vn -0.582677 -0.338583 -0.740157 
vn -0.181102 0 -0.984252 
vn -0.181102 0 -0.984252 
vn -0.322835 -0.937008 -0.125984 
vn -0.181102 0 -0.984252 
vn -0.165354 0 -0.984252 
vn -0.181102 0 -0.984252 
vn -0.181102 0 -0.984252 
vn -0.181102 0 -0.984252 
vn -0.527559 0.015748 -0.850394 
vn -0.677165 0.015748 -0.740157 
vn -0.527559 0 -0.850394 
vn -0.669291 0 -0.748031 
vn -0.661417 0.00787402 -0.748031 
vn -0.535433 0 -0.84252 
vn -0.669291 0.0472441 -0.748031 
vn -0.535433 0 -0.84252 
vn -0.669291 0 -0.748031 
vn -0.527559 0.0472441 -0.850394 
vn -0.80315 0 -0.598425 
vn -0.80315 0.0472441 -0.598425 
vn -0.181102 0 -0.984252 
vn -0.496063 0 -0.866142 
vn -0.511811 0.0551181 -0.858268 
vn -0.181102 0 -0.984252 
vn -0.968504 0.133858 -0.212598 
vn -0.913386 0.322835 -0.23622 
vn -0.551181 0.165354 -0.818898 
vn -0.181102 0 -0.984252 
vn -0.795276 0.566929 -0.220472 
vn -0.259843 0.338583 -0.905512 
vn -0.165354 0.338583 -0.929134 
vn -0.275591 0.0472441 -0.96063 
vn -0.173228 0.0551181 -0.984252 
vn -0.527559 0.322835 -0.787402 
vn -0.181102 0 -0.984252 
vn -0.181102 0 -0.984252 
vn -0.173228 0 -0.984252 
vn -0.181102 0 -0.984252 
vn -0.181102 0 -0.984252 
vn -0.370079 0.543307 -0.755906 
vn -0.338583 0.850394 -0.401575 
vn -0.15748 0.527559 -0.834646 
vn -0.661417 0.125984 -0.740157 
vn -0.527559 0.11811 -0.84252 
vn -0.480315 0.125984 -0.866142 
vn -0.590551 0.448819 -0.669291 
vn -0.480315 0.440945 -0.755906 
vn -0.377953 0.692913 -0.614173 
vn -0.377953 0.472441 -0.795276 
vn -0.291339 0.700787 -0.653543 
vn -0.472441 0.692913 -0.551181 
vn -0.425197 0.0629921 -0.905512 
vn -0.409449 0.291339 -0.866142 
vn -0.244094 0.527559 -0.811024 
vn -0.212598 0.700787 -0.677165 
vn -0.291339 0.700787 -0.653543 
vn -0.133858 0.913386 -0.385827 
vn -0.212598 0.700787 -0.677165 
vn 0.23622 -0.322835 -0.913386 
vn -0.181102 0 -0.984252 
vn 0.188976 -0.149606 -0.968504 
vn 0.708661 -0.307087 -0.637795 
vn -0.0944882 0 -0.992126 
vn -0.181102 0 -0.984252 
vn 0.0472441 -0.527559 -0.850394 
vn -0.102362 0 -0.992126 
vn -0.102362 0 -0.992126 
vn 0.685039 -0.133858 -0.716535 
vn -0.181102 0 -0.984252 
vn 0.15748 -0.0629921 -0.984252 
vn -0.181102 0 -0.984252 
vn 0.125984 0 -0.992126 
vn -0.0944882 0 -0.992126 
vn 0 0 -1 
vn 0 0 -1 
vn 0 0 -1 
vn 0 0 -1 
vn -0.165354 -0.472441 -0.866142 
vn -0.0393701 -0.968504 -0.251969 
vn 0.291339 -0.905512 -0.307087 
vn 0.685039 -0.559055 -0.464567 
vn 0.669291 0 -0.740157 
vn -0.181102 0 -0.984252 
vn 0.149606 0.141732 -0.976378 
vn -0.181102 0 -0.984252 
vn -0.0944882 0.0472441 -0.992126 
vn 0.543307 0.472441 -0.692913 
vn 0.598425 0.275591 -0.748031 
vn 0.15748 0.291339 -0.944882 
vn -0.181102 0 -0.984252 
vn 0.0472441 0.527559 -0.850394 
vn -0.181102 0 -0.984252 
vn 0.133858 0.0551181 -0.992126 
vn 0.645669 0.11811 -0.755906 
vn -0.0944882 0.330709 -0.937008 
vn 0 0.0472441 -1 
vn 0 0.338583 -0.937008 
vn -0.15748 0.488189 -0.858268 
vn 0.181102 0.826772 -0.535433 
vn -0.0787402 0.850394 -0.519685 
vn -0.141732 0.700787 -0.692913 
vn -0.0866142 0.92126 -0.377953 
vn -0.141732 0.700787 -0.692913 
vn -0.0866142 0.527559 -0.84252 
vn 0 0.527559 -0.850394 
vn -0.0787402 0.700787 -0.708661 
vn 0 0.700787 -0.708661 
vn -0.0787402 0.700787 -0.708661 
vn 0 0.92126 -0.385827 
vn 0 0.700787 -0.708661 
vn -0.0472441 0.92126 -0.377953 
vn -0.80315 0 -0.590551 
vn -1 0 -0.0472441 
vn -0.929134 0 -0.362205 
vn -0.811024 0.00787402 -0.582677 
vn -1 0 -0.0472441 
vn -0.968504 0 0.251969 
vn -0.80315 0 -0.598425 
vn -0.929134 0 -0.370079 
vn -1 0 -0.0472441 
vn -0.929134 0 -0.370079 
vn -1 0 -0.0472441 
vn -0.929134 0 -0.370079 
vn -1 0.0472441 -0.0472441 
vn -0.80315 0 -0.590551 
vn -0.811024 0.00787402 -0.582677 
vn -0.80315 0 -0.598425 
vn -0.80315 0 -0.598425 
vn -0.929134 0.0472441 -0.370079 
vn -0.968504 0 0.251969 
vn -0.811024 0 0.582677 
vn -0.968504 0 0.251969 
vn -0.968504 0.0472441 0.251969 
vn -0.968504 0 0.251969 
vn -0.811024 0 0.582677 
vn -0.811024 0 0.590551 
vn -0.590551 0 0.80315 
vn -0.590551 0 0.811024 
vn -0.811024 0.0472441 0.582677 
vn -0.811024 0 0.590551 
vn -0.590551 0 0.811024 
vn -0.590551 0.0472441 0.80315 
vn -0.590551 0 0.811024 
vn -0.795276 0.125984 -0.598425 
vn -0.92126 0.125984 -0.370079 
vn -0.80315 0.0472441 -0.598425 
vn -0.992126 0.11811 -0.0551181 
vn -0.834646 0.433071 -0.338583 
vn -0.716535 0.440945 -0.543307 
vn -0.566929 0.692913 -0.440945 
vn -0.669291 0.692913 -0.275591 
vn -0.905512 0.425197 -0.0551181 
vn -0.724409 0.685039 -0.0472441 
vn -0.417323 0.905512 -0.0314961 
vn -0.795276 0.125984 -0.598425 
vn -0.566929 0.692913 -0.440945 
vn -0.716535 0.440945 -0.543307 
vn -0.385827 0.905512 -0.165354 
vn -0.338583 0.897638 -0.283465 
vn -0.472441 0.692913 -0.551181 
vn -0.149606 0.992126 -0.00787402 
vn -0.141732 0.984252 -0.0629921 
vn -0.15748 0.984252 0.0314961 
vn -0.409449 0.905512 0.0944882 
vn -0.96063 0.11811 0.244094 
vn -0.88189 0.417323 0.228346 
vn -0.80315 0.125984 0.574803 
vn -0.732283 0.425197 0.527559 
vn -0.716535 0.677165 0.173228 
vn -0.598425 0.669291 0.433071 
vn -0.590551 0.125984 0.795276 
vn -0.535433 0.433071 0.724409 
vn -0.440945 0.669291 0.598425 
vn -0.141732 0.984252 0.0944882 
vn -0.354331 0.897638 0.259843 
vn -0.141732 0.984252 -0.110236 
vn -0.299213 0.125984 0.944882 
vn -0.283465 0.889764 -0.354331 
vn -0.377953 0.692913 -0.614173 
vn -0.275591 0.433071 0.858268 
vn -0.299213 0.0472441 0.952756 
vn -0.220472 0.677165 0.700787 
vn -0.251969 0.897638 0.362205 
vn -0.204724 0.905512 -0.370079 
vn -0.15748 0.913386 -0.370079 
vn -0.125984 0.976378 -0.15748 
vn -0.0629921 0.984252 -0.141732 
vn -0.125984 0.905512 0.409449 
vn 0 0.905512 0.417323 
vn 0 0.677165 0.740157 
vn -0.0393701 0.992126 -0.141732 
vn -0.023622 0.992126 -0.141732 
vn 0 0.992126 -0.141732 
vn -0.0393701 0.992126 0.149606 
vn 0 0.992126 0.149606 
vn -0.291339 0 0.952756 
vn -0.291339 0 0.952756 
vn -0.291339 0 0.952756 
vn 0 0 1 
vn -0.291339 0 0.952756 
vn 0 0.0472441 1 
vn 0 0 1 
vn 0 0 1 
vn 0 0 1 
vn 0 0 1 
vn 0 0.125984 0.992126 
vn 0 0.425197 0.905512 
vn 0 1 0 
vn 0 1 0 
vn 0 1 0 
vn 0 1 0 
vn 0 1 0 
vn -0.141732 0.984252 -0.0629921 
vn 0 1 0 
vn -0.125984 0.976378 -0.15748 
vn -0.141732 0.984252 -0.110236 
vn -0.0629921 0.984252 -0.141732 
vn -0.149606 0.992126 -0.00787402 
vn 0 1 0 
vn 0 1 0 
vn 0 1 0 
vn 0 1 0 
vn 0 1 0 
vn -0.023622 0.992126 -0.141732 
vn -0.0393701 0.992126 -0.141732 
vn 0 1 0 
vn 0 0.992126 -0.141732 
vn 0 1 0 
vn 0 1 0 
vn 0 1 0 
vn 0 1 0 
vn -0.0944882 0.984252 0.133858 
vn -0.15748 0.984252 0.0314961 
vn -0.141732 0.984252 0.0944882 
vn -0.0944882 0.984252 0.133858 
vn 0 1 0 
vn 0 1 0 
vn 0 1 0 
vn 0 1 0 
vn -0.0393701 0.992126 0.149606 
vn 0 0.992126 0.149606 
vn 0.00787402 -1 -0.0314961 
vn 0.0866142 -0.141732 -0.984252 
vn 0.102362 -0.220472 -0.968504 
vn 0.15748 -0.149606 -0.976378 
vn 0.110236 -0.354331 -0.929134 
vn 0.0944882 -0.519685 -0.850394 
vn 0.0787402 -0.0551181 -0.992126 
vn 0.0708661 -0.023622 -1 
vn 0.0787402 -0.0551181 -0.992126 
vn 0.141732 -0.0629921 -0.992126 
vn 0.133858 -0.023622 -0.992126 
vn 0.141732 -0.0629921 -0.992126 
vn -0.0314961 0.433071 0.905512 
vn -0.0314961 0.818898 0.566929 
vn -0.0944882 0.417323 0.905512 
vn 0.188976 -0.220472 -0.952756 
vn 0.212598 -0.330709 -0.92126 
vn 0.259843 -0.220472 -0.937008 
vn 0.228346 -0.472441 -0.850394 
vn 0.228346 -0.141732 -0.96063 
vn 0.204724 -0.0551181 -0.976378 
vn 0.19685 -0.023622 -0.976378 
vn 0.204724 -0.0551181 -0.976378 
vn 0.259843 -0.0393701 -0.96063 
vn 0.251969 -0.023622 -0.968504 
vn 0.259843 -0.0393701 -0.96063 
vn -0.0866142 0.80315 0.590551 
vn -0.181102 0.393701 0.897638 
vn 0.0944882 -0.622047 -0.779528 
vn 0.015748 0.811024 -0.582677 
vn 0.0866142 -0.795276 -0.598425 
vn 0.0393701 0.818898 -0.574803 
vn 0.0472441 -0.0314961 -1 
vn 0.0472441 -0.0551181 -1 
vn 0.110236 -0.0314961 -0.992126 
vn 0.212598 -0.606299 -0.76378 
vn 0.0551181 0.811024 -0.574803 
vn -0.165354 0.811024 0.559055 
vn 0.181102 -0.787402 -0.590551 
vn -0.259843 0.377953 0.889764 
vn 0.0708661 0.811024 -0.582677 
vn 0.110236 -0.0551181 -0.992126 
vn 0.149606 -0.0314961 -0.984252 
vn 0.0708661 0 -1 
vn -0.00787402 1 0.0314961 
vn 0.00787402 -1 -0.015748 
vn -0.0393701 -0.188976 0.984252 
vn -0.00787402 1 0.023622 
vn -0.0314961 0.433071 0.905512 
vn 0.0787402 0 -1 
vn 0.133858 0 -0.992126 
vn 0.0787402 0 -1 
vn 0.0866142 0 -1 
vn 0.141732 -0.00787402 -0.992126 
vn 0.141732 -0.00787402 -0.992126 
vn 0.0866142 0 -0.992126 
vn 0.15748 -0.00787402 -0.984252 
vn 0.204724 0 -0.976378 
vn 0.220472 -0.015748 -0.976378 
vn 0.259843 0.00787402 -0.968504 
vn 0.00787402 -1 0 
vn -0.0944882 -0.173228 0.976378 
vn -0.0944882 0.417323 0.905512 
vn -0.00787402 1 0 
vn 0.291339 -0.023622 -0.96063 
vn 0.220472 -0.015748 -0.976378 
vn 0.165354 0 -0.984252 
vn 0.244094 -0.0314961 -0.968504 
vn 0.291339 -0.023622 -0.96063 
vn -0.0393701 -0.188976 0.984252 
vn -0.0944882 -0.173228 0.976378 
vn -0.0314961 -0.488189 0.874016 
vn 0.0393701 -0.488189 -0.866142 
vn -0.0787402 -0.464567 0.88189 
vn 0.110236 -0.503937 -0.858268 
vn -0.188976 -0.165354 0.968504 
vn -0.188976 -0.165354 0.968504 
vn -0.181102 0.393701 0.897638 
vn -0.00787402 1 -0.0314961 
vn 0.00787402 -1 0.0314961 
vn -0.259843 0.377953 0.889764 
vn -0.259843 -0.149606 0.952756 
vn 0.15748 -0.0551181 -0.984252 
vn 0.149606 -0.496063 -0.858268 
vn -0.165354 -0.480315 0.858268 
vn -0.259843 -0.149606 0.952756 
vn 0.19685 -0.0551181 -0.976378 
vn 0.181102 -0.496063 -0.850394 
vn 0.00787402 1 -0.0787402 
vn 0.291339 -0.11811 -0.952756 
vn 0.338583 -0.204724 -0.92126 
vn 0.299213 -0.023622 -0.952756 
vn 0.338583 -0.102362 -0.937008 
vn 0.314961 -0.291339 -0.905512 
vn -0.00787402 -1 0.0787402 
vn 0.291339 -0.015748 -0.96063 
vn 0.299213 -0.023622 -0.952756 
vn 0.307087 -0.015748 -0.952756 
vn -0.228346 0.80315 0.559055 
vn -0.307087 0.362205 0.88189 
vn 0.015748 0.992126 -0.110236 
vn -0.307087 0.362205 0.88189 
vn 0.322835 -0.0314961 -0.944882 
vn 0.322835 -0.0314961 -0.944882 
vn 0.385827 -0.0944882 -0.913386 
vn 0.409449 -0.212598 -0.889764 
vn 0.409449 -0.251969 -0.874016 
vn 0.346457 0.015748 -0.937008 
vn 0.354331 0.00787402 -0.937008 
vn 0.346457 0.015748 -0.937008 
vn 0.370079 0.023622 -0.929134 
vn 0.338583 0.023622 -0.937008 
vn 0.338583 0.023622 -0.937008 
vn 0.393701 -0.0393701 -0.92126 
vn 0.346457 -0.433071 -0.834646 
vn 0.330709 -0.582677 -0.740157 
vn 0.0866142 0.80315 -0.582677 
vn -0.275591 0.771654 0.566929 
vn -0.291339 0.740157 -0.606299 
vn -0.535433 0.76378 0.362205 
vn -0.370079 0.275591 0.889764 
vn -0.535433 0.76378 0.362205 
vn -0.456693 0.149606 0.874016 
vn -0.370079 0.275591 0.889764 
vn -0.96063 0.23622 0.133858 
vn -0.448819 0.0472441 0.889764 
vn 0.488189 -0.212598 -0.84252 
vn 0.464567 -0.354331 -0.811024 
vn 0.440945 -0.173228 -0.88189 
vn 0.433071 -0.0629921 -0.897638 
vn 0.511811 -0.212598 -0.834646 
vn 0.551181 -0.0866142 -0.826772 
vn -0.015748 -0.992126 0.110236 
vn -0.314961 -0.133858 0.937008 
vn -0.370079 0.275591 0.889764 
vn 0.0629921 0.984252 -0.141732 
vn -0.0629921 -0.984252 0.141732 
vn -0.370079 -0.0866142 0.92126 
vn 0.314961 0.015748 -0.952756 
vn 0.291339 0.00787402 -0.952756 
vn 0.322835 -0.015748 -0.944882 
vn 0.314961 -0.0472441 -0.944882 
vn 0.259843 -0.023622 -0.968504 
vn 0.322835 -0.015748 -0.944882 
vn 0.346457 -0.015748 -0.937008 
vn -0.456693 0.149606 0.874016 
vn 0.377953 0 -0.929134 
vn 0.362205 -0.00787402 -0.929134 
vn 0.338583 0.023622 -0.937008 
vn -0.944882 0.283465 -0.173228 
vn -0.409449 -0.0393701 0.913386 
vn 0.362205 -0.00787402 -0.929134 
vn 0.377953 -0.015748 -0.92126 
vn 0.346457 -0.0472441 -0.937008 
vn 0.346457 -0.015748 -0.937008 
vn 0.362205 -0.0393701 -0.929134 
vn 0.370079 -0.0472441 -0.929134 
vn 0.354331 -0.0472441 -0.937008 
vn -0.448819 0.0472441 0.889764 
vn -0.944882 -0.181102 0.267717 
vn -0.370079 -0.0866142 0.92126 
vn -0.409449 -0.0393701 0.913386 
vn -0.984252 -0.023622 0.181102 
vn -0.314961 -0.133858 0.937008 
vn -0.244094 -0.456693 0.850394 
vn -0.307087 -0.425197 0.850394 
vn -0.692913 -0.464567 0.551181 
vn -0.362205 -0.433071 -0.826772 
vn 0.433071 -0.0472441 -0.897638 
vn 0.425197 -0.0472441 -0.905512 
vn 0.409449 -0.023622 -0.913386 
vn 0.409449 -0.023622 -0.913386 
vn 0.574803 -0.00787402 -0.818898 
vn 0.582677 -0.0314961 -0.811024 
vn -0.76378 -0.220472 -0.606299 
vn 0.0314961 -0.992126 -0.125984 
vn 0.0629921 -0.929134 -0.362205 
vn 0.0314961 -0.992126 -0.125984 
vn 0.0708661 -0.992126 -0.133858 
vn 0.0314961 -1 -0.0314961 
vn 0.0866142 -0.992126 -0.102362 
vn 0.015748 -1 -0.015748 
vn 0.125984 -0.92126 -0.370079 
vn 0.0708661 -0.992126 -0.133858 
vn 0.0866142 -0.795276 -0.598425 
vn 0.181102 -0.787402 -0.590551 
vn 0.188976 -0.913386 -0.362205 
vn 0.0866142 -0.992126 -0.102362 
vn 0.0866142 -0.992126 -0.0944882 
vn 0.259843 -0.897638 -0.346457 
vn 0.0866142 -0.992126 -0.0944882 
vn 0.0944882 -0.992126 -0.0944882 
vn 0.0314961 -1 -0.023622 
vn 0.149606 -0.984252 -0.102362 
vn 0.330709 -0.889764 -0.322835 
vn 0.0944882 -0.992126 -0.0944882 
vn 0.275591 -0.779528 -0.566929 
vn 0.370079 -0.76378 -0.527559 
vn 0.15748 -0.984252 -0.0629921 
vn 0 -1 0 
vn 0 -1 0 
vn 0.015748 -1 0.0314961 
vn 0.0551181 -0.992126 0.141732 
vn 0.125984 -0.905512 0.409449 
vn 0 -0.992126 0.141732 
vn 0.0551181 -0.992126 0.141732 
vn 0.110236 -0.984252 0.141732 
vn 0.259843 -0.889764 0.370079 
vn 0 -0.755906 0.661417 
vn 0 -0.913386 0.417323 
vn 0.0393701 -1 0.0314961 
vn 0.0314961 -1 0 
vn 0.0393701 -1 0.00787402 
vn 0.173228 -0.984252 0.0393701 
vn 0.15748 -0.984252 0.102362 
vn 0.110236 -0.984252 0.141732 
vn 0.370079 -0.889764 0.267717 
vn 0.19685 -0.755906 0.622047 
vn 0.188976 -0.0314961 -0.984252 
vn 0.212598 -0.0314961 -0.976378 
vn 0.212598 -0.0551181 -0.976378 
vn 0.204724 -0.456693 -0.866142 
vn 0.212598 -0.0551181 -0.976378 
vn 0.212598 -0.0393701 -0.976378 
vn -0.291339 0.740157 -0.606299 
vn 0.448819 -0.559055 -0.692913 
vn -0.76378 0.181102 -0.622047 
vn 0.275591 -0.779528 -0.566929 
vn -0.779528 -0.00787402 -0.629921 
vn -0.76378 -0.220472 -0.606299 
vn -0.779528 -0.00787402 -0.629921 
vn 0 -0.543307 0.84252 
vn 0.251969 -0.543307 0.80315 
vn 0.275591 -0.346457 0.897638 
vn 0 -0.346457 0.937008 
vn 0 -0.188976 0.984252 
vn 0.299213 -0.19685 0.937008 
vn 0.299213 -0.0551181 0.952756 
vn 0 -0.0551181 1 
vn 0.299213 -0.00787402 0.952756 
vn -0.76378 0.181102 -0.622047 
vn 0 -0.00787402 1 
vn 0.299213 0 0.952756 
vn 0.370079 -0.76378 -0.527559 
vn 0.456693 -0.755906 -0.464567 
vn 0.385827 -0.748031 0.535433 
vn 0.503937 -0.543307 0.677165 
vn 0.551181 -0.362205 0.748031 
vn 0.590551 -0.19685 0.787402 
vn 0.590551 -0.00787402 0.80315 
vn 0.377953 -0.889764 -0.259843 
vn 0.149606 -0.984252 -0.102362 
vn 0.409449 -0.897638 -0.165354 
vn 0.15748 -0.984252 -0.0629921 
vn 0.173228 -0.984252 -0.00787402 
vn 0.543307 -0.748031 -0.377953 
vn 0.582677 -0.370079 -0.724409 
vn 0.574803 -0.551181 -0.606299 
vn 0.456693 -0.755906 -0.464567 
vn 0.685039 -0.543307 -0.480315 
vn 0.543307 -0.748031 -0.377953 
vn 0.685039 -0.543307 -0.480315 
vn 0.779528 -0.543307 -0.314961 
vn 0.614173 -0.748031 -0.244094 
vn 0.433071 -0.897638 -0.023622 
vn 0.84252 -0.543307 -0.0472441 
vn 0.661417 -0.748031 -0.0393701 
vn 0.748031 -0.385827 -0.535433 
vn 0.748031 -0.385827 -0.535433 
vn 0.858268 -0.377953 -0.346457 
vn 0.929134 -0.370079 -0.0472441 
vn 0.173228 -0.984252 -0.00787402 
vn 0.173228 -0.984252 0.0393701 
vn 0.15748 -0.984252 0.102362 
vn 0.425197 -0.897638 0.102362 
vn 0.543307 -0.748031 0.385827 
vn 0.755906 -0.362205 0.543307 
vn 0.645669 -0.748031 0.15748 
vn 0.685039 -0.535433 0.488189 
vn 0.818898 -0.535433 0.204724 
vn 0.897638 -0.370079 0.228346 
vn 0.653543 -0.23622 -0.724409 
vn 0.685039 -0.0708661 -0.732283 
vn 0.80315 -0.220472 -0.551181 
vn 0.700787 -0.015748 -0.716535 
vn 0.692913 0.00787402 -0.724409 
vn 0.818898 -0.00787402 -0.574803 
vn 0.826772 -0.0472441 -0.566929 
vn 0.80315 -0.220472 -0.551181 
vn 0.913386 -0.204724 -0.354331 
vn 0.826772 -0.0472441 -0.566929 
vn 0.929134 -0.0393701 -0.362205 
vn 0.976378 -0.188976 -0.0551181 
vn 1 -0.0393701 -0.0551181 
vn 0.818898 -0.00787402 -0.574803 
vn 0.818898 0 -0.582677 
vn 0.818898 0 -0.582677 
vn 0.929134 -0.00787402 -0.362205 
vn 0.929134 0 -0.362205 
vn 1 0 -0.0472441 
vn 1 0 -0.0472441 
vn 0.80315 -0.19685 0.566929 
vn 0.818898 -0.0472441 0.574803 
vn 0.952756 -0.19685 0.23622 
vn 0.598425 -0.0551181 0.80315 
vn 0.968504 -0.0393701 0.244094 
vn 0.811024 0 0.582677 
vn 0.811024 -0.00787402 0.582677 
vn 0.968504 0 0.244094 
vn 0.590551 0 0.80315 
vn 0.968504 0 0.244094 
vn 0.0944882 0 -0.992126 
vn 0.102362 0 -0.992126 
vn 0.165354 0 -0.984252 
vn 0.102362 0 -0.992126 
vn 0.0944882 0 -0.992126 
vn 0.181102 0 -0.984252 
vn 0.181102 0 -0.984252 
vn -0.220472 -0.314961 -0.92126 
vn -0.692913 -0.299213 -0.653543 
vn -0.173228 -0.141732 -0.976378 
vn 0.181102 0 -0.984252 
vn 0.181102 0 -0.984252 
vn -0.0393701 -0.527559 -0.850394 
vn 0.181102 0 -0.984252 
vn -0.15748 -0.0551181 -0.984252 
vn -0.692913 -0.125984 -0.708661 
vn -0.165354 0 -0.984252 
vn 0.181102 0 -0.984252 
vn 0.181102 0 -0.984252 
vn 0.181102 0 -0.984252 
vn -0.677165 -0.559055 -0.480315 
vn 0.173228 0 -0.984252 
vn 0.181102 0 -0.984252 
vn 0.181102 0 -0.984252 
vn -0.275591 -0.905512 -0.314961 
vn 0.0393701 -0.968504 -0.251969 
vn 0.165354 -0.480315 -0.866142 
vn 0.330709 -0.937008 -0.110236 
vn 0.275591 -0.00787402 -0.96063 
vn 0.283465 0 -0.96063 
vn 0.377953 -0.543307 -0.748031 
vn 0.188976 0 -0.984252 
vn 0.283465 0 -0.96063 
vn 0.188976 0 -0.984252 
vn -0.724409 0.00787402 -0.692913 
vn 0.0944882 0.0472441 -0.992126 
vn -0.188976 0.0629921 -0.984252 
vn -0.716535 0.133858 -0.685039 
vn 0.181102 0 -0.984252 
vn 0.0944882 0.330709 -0.937008 
vn -0.204724 0.165354 -0.968504 
vn -0.669291 0.299213 -0.677165 
vn 0.173228 0.0551181 -0.984252 
vn 0.181102 0 -0.984252 
vn 0.181102 0 -0.984252 
vn 0.188976 0 -0.984252 
vn -0.598425 0.496063 -0.622047 
vn -0.19685 0.307087 -0.929134 
vn 0.181102 0 -0.984252 
vn -0.0472441 0.519685 -0.850394 
vn 0.188976 0 -0.984252 
vn -0.19685 0.811024 -0.543307 
vn 0.0866142 0.527559 -0.84252 
vn 0.165354 0.338583 -0.929134 
vn 0.0787402 0.700787 -0.708661 
vn 0.141732 0.700787 -0.692913 
vn 0.15748 0.527559 -0.834646 
vn 0.0787402 0.700787 -0.708661 
vn 0.0472441 0.92126 -0.377953 
vn 0.141732 0.700787 -0.692913 
vn 0.0866142 0.92126 -0.377953 
vn 0.370079 0.535433 -0.755906 
vn 0.165354 0.472441 -0.866142 
vn 0.188976 0 -0.984252 
vn 0.188976 0 -0.984252 
vn 0.0944882 0.84252 -0.535433 
vn 0.338583 0.84252 -0.409449 
vn 0.212598 0.700787 -0.677165 
vn 0.212598 0.700787 -0.677165 
vn 0.598425 -0.346457 -0.724409 
vn 0.795276 -0.606299 0.0393701 
vn 0.188976 0 -0.984252 
vn 0.559055 -0.15748 -0.818898 
vn 0.937008 -0.330709 -0.102362 
vn 0.283465 0 -0.96063 
vn 0.401575 -0.015748 -0.913386 
vn 0.409449 0 -0.913386 
vn 0.409449 0 -0.913386 
vn 0.511811 -0.0629921 -0.858268 
vn 0.96063 -0.15748 -0.220472 
vn 0.417323 0.0314961 -0.905512 
vn 0.527559 0.015748 -0.850394 
vn 0.527559 0 -0.850394 
vn 0.527559 0.0472441 -0.850394 
vn 0.535433 0 -0.84252 
vn 0.535433 0 -0.84252 
vn 0.677165 0.015748 -0.740157 
vn 0.669291 0 -0.748031 
vn 0.661417 0.00787402 -0.748031 
vn 0.669291 0.0472441 -0.748031 
vn 0.669291 0 -0.748031 
vn 0.80315 0.0472441 -0.598425 
vn 0.80315 0 -0.598425 
vn 0.968504 -0.00787402 -0.251969 
vn 0.188976 0 -0.984252 
vn 0.188976 0 -0.984252 
vn 0.519685 0.307087 -0.795276 
vn 0.519685 0.15748 -0.834646 
vn 0.787402 0.559055 -0.244094 
vn 0.275591 0.0472441 -0.96063 
vn 0.480315 0.0472441 -0.874016 
vn 0.480315 0 -0.88189 
vn 0.952756 0.133858 -0.267717 
vn 0.905512 0.322835 -0.283465 
vn 0.259843 0.338583 -0.905512 
vn 0.409449 0.291339 -0.866142 
vn 0.425197 0.0629921 -0.905512 
vn 0.488189 0.125984 -0.866142 
vn 0.377953 0.472441 -0.795276 
vn 0.244094 0.527559 -0.811024 
vn 0.291339 0.700787 -0.653543 
vn 0.133858 0.913386 -0.385827 
vn 0.291339 0.700787 -0.653543 
vn 0.527559 0.11811 -0.84252 
vn 0.661417 0.125984 -0.740157 
vn 0.590551 0.448819 -0.669291 
vn 0.480315 0.440945 -0.755906 
vn 0.377953 0.692913 -0.614173 
vn 0.472441 0.692913 -0.551181 
vn 0.80315 0 -0.590551 
vn 0.15748 0.913386 -0.370079 
vn 0.220472 0.677165 0.700787 
vn 0.251969 0.897638 0.362205 
vn 0.125984 0.905512 0.409449 
vn 0 0.905512 0.417323 
vn 0 0.677165 0.740157 
vn 0.275591 0.433071 0.858268 
vn 0.440945 0.669291 0.598425 
vn 0 0.992126 0.149606 
vn 0.023622 0.992126 -0.141732 
vn 0.0393701 0.992126 -0.141732 
vn 0.0629921 0.984252 -0.141732 
vn 0.204724 0.905512 -0.370079 
vn 0.0393701 0.992126 0.149606 
vn 0.283465 0.889764 -0.354331 
vn 0.377953 0.692913 -0.614173 
vn 0.535433 0.433071 0.724409 
vn 0.299213 0.125984 0.944882 
vn 0.590551 0.125984 0.795276 
vn 0.299213 0.0472441 0.952756 
vn 0.590551 0.0472441 0.80315 
vn 0.590551 0 0.811024 
vn 0.590551 0 0.811024 
vn 0.472441 0.692913 -0.551181 
vn 0.338583 0.897638 -0.283465 
vn 0.125984 0.976378 -0.15748 
vn 0.354331 0.897638 0.259843 
vn 0.141732 0.984252 0.0944882 
vn 0.590551 0 0.811024 
vn 0.291339 0 0.952756 
vn 0 0 1 
vn 0.291339 0 0.952756 
vn 0 0 1 
vn 0.291339 0 0.952756 
vn 0 0 1 
vn 0 0 1 
vn 0 0 1 
vn 0 0.425197 0.905512 
vn 0 0.125984 0.992126 
vn 0 0.0472441 1 
vn 0.291339 0 0.952756 
vn 0.590551 0 0.811024 
vn 0.141732 0.984252 -0.110236 
vn 0.385827 0.905512 -0.165354 
vn 0 1 0 
vn 0 1 0 
vn 0 1 0 
vn 0 1 0 
vn 0 1 0 
vn 0.023622 0.992126 -0.141732 
vn 0.0393701 0.992126 -0.141732 
vn 0.0629921 0.984252 -0.141732 
vn 0 1 0 
vn 0.141732 0.984252 -0.0629921 
vn 0 1 0 
vn 0 1 0 
vn 0 1 0 
vn 0.141732 0.984252 -0.0629921 
vn 0.125984 0.976378 -0.15748 
vn 0.141732 0.984252 -0.110236 
vn 0.149606 0.992126 -0.00787402 
vn 0 1 0 
vn 0 1 0 
vn 0 1 0 
vn 0 1 0 
vn 0.0393701 0.992126 0.149606 
vn 0.0944882 0.984252 0.133858 
vn 0 1 0 
vn 0 1 0 
vn 0.0944882 0.984252 0.133858 
vn 0.15748 0.984252 0.0314961 
vn 0.141732 0.984252 0.0944882 
vn 0.409449 0.905512 0.0944882 
vn 0.15748 0.984252 0.0314961 
vn 0.811024 0.00787402 -0.582677 
vn 0.80315 0 -0.598425 
vn 0.80315 0 -0.598425 
vn 0.929134 0 -0.362205 
vn 0.811024 0.00787402 -0.582677 
vn 0.80315 0 -0.590551 
vn 0.80315 0 -0.598425 
vn 0.929134 0 -0.370079 
vn 0.929134 0 -0.370079 
vn 0.929134 0.0472441 -0.370079 
vn 0.929134 0 -0.370079 
vn 1 0 -0.0472441 
vn 1 0 -0.0472441 
vn 1 0 -0.0472441 
vn 1 0 -0.0472441 
vn 1 0.0472441 -0.0472441 
vn 0.968504 0 0.251969 
vn 0.811024 0 0.582677 
vn 0.811024 0 0.582677 
vn 0.968504 0 0.251969 
vn 0.811024 0 0.590551 
vn 0.811024 0 0.590551 
vn 0.968504 0 0.251969 
vn 0.968504 0 0.251969 
vn 0.968504 0.0472441 0.251969 
vn 0.811024 0.0472441 0.582677 
vn 0.566929 0.692913 -0.440945 
vn 0.795276 0.125984 -0.598425 
vn 0.708661 0.440945 -0.543307 
vn 0.566929 0.692913 -0.440945 
vn 0.834646 0.433071 -0.346457 
vn 0.708661 0.440945 -0.543307 
vn 0.669291 0.692913 -0.275591 
vn 0.417323 0.905512 -0.0314961 
vn 0.149606 0.992126 -0.00787402 
vn 0.724409 0.685039 -0.0472441 
vn 0.795276 0.125984 -0.598425 
vn 0.80315 0.0472441 -0.598425 
vn 0.92126 0.125984 -0.370079 
vn 0.992126 0.11811 -0.0551181 
vn 0.905512 0.425197 -0.0551181 
vn 0.80315 0.125984 0.574803 
vn 0.732283 0.425197 0.527559 
vn 0.598425 0.669291 0.433071 
vn 0.716535 0.677165 0.173228 
vn 0.88189 0.417323 0.228346 
vn 0.96063 0.11811 0.244094 

vt 0.204402 0.06998 
vt 0.199174 0.0622703 
vt 0.197297 0.0649473 
vt 0.206336 0.0700281 
vt 0.192484 0.0470568 
vt 0.201898 0.059835 
vt 0.202662 0.0712103 
vt 0.188168 0.0508426 
vt 0.192952 0.0330799 
vt 0.185446 0.0360292 
vt 0.195375 0.068392 
vt 0.290489 0.356741 
vt 0.289336 0.358181 
vt 0.29026 0.356584 
vt 0.290889 0.357031 
vt 0.289751 0.358628 
vt 0.291617 0.360395 
vt 0.201826 0.0742947 
vt 0.28884 0.357912 
vt 0.19819 0.0448378 
vt 0.206011 0.0584223 
vt 0.208144 0.0700457 
vt 0.201155 0.0315369 
vt 0.19935 0.0237443 
vt 0.29234 0.358125 
vt 0.293937 0.361814 
vt 0.294553 0.359389 
vt 0.343583 0.417268 
vt 0.34793 0.4215 
vt 0.348293 0.417268 
vt 0.347654 0.424192 
vt 0.342924 0.428714 
vt 0.347915 0.428714 
vt 0.299797 0.285413 
vt 0.30057 0.282599 
vt 0.300441 0.282624 
vt 0.188903 0.0237443 
vt 0.180364 0.0397902 
vt 0.178683 0.0237443 
vt 0.187351 0.0124766 
vt 0.184754 0.0559679 
vt 0.182601 0.0624022 
vt 0.174822 0.0474584 
vt 0.172767 0.0575398 
vt 0.297607 0.302656 
vt 0.300059 0.302995 
vt 0.298086 0.301788 
vt 0.198657 0.0124766 
vt 0.299557 0.29063 
vt 0.300146 0.285287 
vt 0.299142 0.290772 
vt 0.29941 0.285581 
vt 0.298816 0.290913 
vt 0.299089 0.285729 
vt 0.196636 0.00308257 
vt 0.300141 0.303138 
vt 0.30035 0.282645 
vt 0.300021 0.302945 
vt 0.339906 0.417268 
vt 0.343632 0.4215 
vt 0.288789 0.35543 
vt 0.289243 0.355124 
vt 0.290487 0.356426 
vt 0.335585 0.422852 
vt 0.339106 0.422209 
vt 0.336297 0.417268 
vt 0.338988 0.423684 
vt 0.336206 0.428714 
vt 0.340889 0.4215 
vt 0.340615 0.424192 
vt 0.289762 0.354423 
vt 0.29087 0.356137 
vt 0.204247 0.0788605 
vt 0.201078 0.0864213 
vt 0.206155 0.0790624 
vt 0.204255 0.0885185 
vt 0.19556 0.106867 
vt 0.198111 0.0832281 
vt 0.202632 0.0777462 
vt 0.195637 0.0787146 
vt 0.343175 0.424192 
vt 0.339416 0.428714 
vt 0.291529 0.35259 
vt 0.29231 0.355052 
vt 0.20171 0.108116 
vt 0.207407 0.0895827 
vt 0.208076 0.0791463 
vt 0.293863 0.351116 
vt 0.294515 0.35379 
vt 0.194529 0.0730737 
vt 0.18152 0.0706084 
vt 0.181971 0.0826365 
vt 0.185272 0.0951082 
vt 0.189439 0.102416 
vt 0.171228 0.0703501 
vt 0.17267 0.0865402 
vt 0.300147 0.303026 
vt 0.298958 0.300439 
vt 0.300053 0.302976 
vt 0.338752 0.423058 
vt 0.335585 0.422852 
vt 0.338988 0.423684 
vt 0.338752 0.423058 
vt 0.2985 0.30096 
vt 0.299948 0.30034 
vt 0.300244 0.303072 
vt 0.300399 0.303139 
vt 0.299634 0.300124 
vt 0.300272 0.300527 
vt 0.299384 0.299944 
vt 0.298742 0.295279 
vt 0.299681 0.293656 
vt 0.299536 0.295399 
vt 0.299981 0.295443 
vt 0.203988 0.0429237 
vt 0.209236 0.0575891 
vt 0.210396 0.0414723 
vt 0.209464 0.0309318 
vt 0.208687 0.0237443 
vt 0.296776 0.360477 
vt 0.298436 0.363805 
vt 0.296321 0.36298 
vt 0.209898 0.0700773 
vt 0.211772 0.0701042 
vt 0.212773 0.05706 
vt 0.298843 0.361299 
vt 0.300581 0.364244 
vt 0.21452 0.0409734 
vt 0.21452 0.0307196 
vt 0.21452 0.0237443 
vt 0.21452 0.056854 
vt 0.213719 0.0701508 
vt 0.30072 0.361628 
vt 0.302654 0.364406 
vt 0.21452 0.0701814 
vt 0.30078 0.285134 
vt 0.301036 0.282548 
vt 0.300873 0.282558 
vt 0.301194 0.285121 
vt 0.301188 0.282548 
vt 0.300715 0.282576 
vt 0.300473 0.285162 
vt 0.208671 0.0124766 
vt 0.300329 0.290433 
vt 0.207293 0.00308257 
vt 0.299949 0.290537 
vt 0.300399 0.29181 
vt 0.300412 0.293662 
vt 0.300055 0.291849 
vt 0.300733 0.291792 
vt 0.21452 0.0124766 
vt 0.21452 0.00308257 
vt 0.300693 0.290427 
vt 0.301184 0.290434 
vt 0.301182 0.291791 
vt 0.30118 0.293669 
vt 0.300739 0.293664 
vt 0.302653 0.361759 
vt 0.296265 0.349955 
vt 0.296748 0.352701 
vt 0.298498 0.349119 
vt 0.298827 0.351883 
vt 0.358942 0.417268 
vt 0.353412 0.417268 
vt 0.358606 0.4215 
vt 0.358756 0.424192 
vt 0.35342 0.428714 
vt 0.359045 0.428714 
vt 0.209926 0.0791737 
vt 0.210327 0.0902593 
vt 0.211812 0.0791748 
vt 0.213349 0.0906687 
vt 0.206593 0.108832 
vt 0.211029 0.10929 
vt 0.30266 0.348573 
vt 0.302661 0.351433 
vt 0.300715 0.35156 
vt 0.364648 0.417268 
vt 0.370497 0.4215 
vt 0.370497 0.417268 
vt 0.370497 0.424192 
vt 0.364834 0.428714 
vt 0.370497 0.428714 
vt 0.364463 0.4215 
vt 0.364716 0.424192 
vt 0.300566 0.348699 
vt 0.21452 0.109487 
vt 0.21452 0.0907878 
vt 0.213751 0.0791571 
vt 0.21452 0.0791411 
vt 0.352994 0.4215 
vt 0.353075 0.424192 
vt 0.300066 0.293659 
vt 0.300582 0.303203 
vt 0.300556 0.300694 
vt 0.300773 0.303251 
vt 0.300366 0.295522 
vt 0.301167 0.300791 
vt 0.300973 0.303277 
vt 0.301154 0.303279 
vt 0.300863 0.300759 
vt 0.301176 0.295521 
vt 0.300716 0.295521 
vt 0.331734 0.0863834 
vt 0.32613 0.0896153 
vt 0.331734 0.0896153 
vt 0.161599 0.00308257 
vt 0.152226 0.00308257 
vt 0.152226 0.0124766 
vt 0.165136 0.0122737 
vt 0.32613 0.0863834 
vt 0.319731 0.0863834 
vt 0.319721 0.0896153 
vt 0.32613 0.0798424 
vt 0.319691 0.0798424 
vt 0.32613 0.0934917 
vt 0.331734 0.0934917 
vt 0.152226 0.0237443 
vt 0.166269 0.0237314 
vt 0.319712 0.0934917 
vt 0.331734 0.0798424 
vt 0.334895 0.0760758 
vt 0.331734 0.0760758 
vt 0.334915 0.0798424 
vt 0.334959 0.0863834 
vt 0.338494 0.0798424 
vt 0.319725 0.0760758 
vt 0.32613 0.0760758 
vt 0.17634 0.0124766 
vt 0.173308 0.00308257 
vt 0.311636 0.0863834 
vt 0.311636 0.0798424 
vt 0.311636 0.0896153 
vt 0.305255 0.0863834 
vt 0.305255 0.0896153 
vt 0.311636 0.0934917 
vt 0.305255 0.0934917 
vt 0.297676 0.0896153 
vt 0.305255 0.0798424 
vt 0.311636 0.0760758 
vt 0.307673 0.036684 
vt 0.305519 0.0267993 
vt 0.305171 0.0370209 
vt 0.306089 0.0445439 
vt 0.307935 0.0273459 
vt 0.306951 0.0198375 
vt 0.305255 0.0760758 
vt 0.297676 0.0760758 
vt 0.297676 0.0863834 
vt 0.297676 0.0798424 
vt 0.297676 0.0934917 
vt 0.162457 0.0389811 
vt 0.331734 0.103909 
vt 0.32613 0.0989504 
vt 0.32613 0.103902 
vt 0.331734 0.0988784 
vt 0.319762 0.103969 
vt 0.319751 0.0990518 
vt 0.331734 0.109272 
vt 0.32613 0.109214 
vt 0.331734 0.115533 
vt 0.16208 0.0697812 
vt 0.152226 0.0540233 
vt 0.152226 0.069612 
vt 0.162378 0.088104 
vt 0.152226 0.0878094 
vt 0.319825 0.115326 
vt 0.319786 0.109148 
vt 0.162186 0.0537246 
vt 0.152226 0.0394003 
vt 0.311636 0.0987889 
vt 0.305255 0.0988867 
vt 0.311636 0.103811 
vt 0.311636 0.109071 
vt 0.305255 0.103875 
vt 0.305255 0.10914 
vt 0.311636 0.115279 
vt 0.297676 0.0988805 
vt 0.291437 0.103833 
vt 0.297676 0.103891 
vt 0.291437 0.0987547 
vt 0.297676 0.109231 
vt 0.305255 0.115319 
vt 0.291437 0.109056 
vt 0.297676 0.115379 
vt 0.338987 0.0863834 
vt 0.311344 0.0565502 
vt 0.31313 0.0492054 
vt 0.30973 0.0547473 
vt 0.342343 0.0798424 
vt 0.346334 0.0760758 
vt 0.34225 0.0760758 
vt 0.314446 0.0539037 
vt 0.308509 0.0526764 
vt 0.308852 0.0435542 
vt 0.307221 0.050739 
vt 0.338348 0.0760758 
vt 0.34295 0.0863834 
vt 0.346382 0.0798424 
vt 0.313367 0.057368 
vt 0.315647 0.0581486 
vt 0.350186 0.0798424 
vt 0.353166 0.0760758 
vt 0.350105 0.0760758 
vt 0.318647 0.0547867 
vt 0.318675 0.058705 
vt 0.31861 0.0504057 
vt 0.347013 0.0863834 
vt 0.350679 0.0863834 
vt 0.353166 0.0798424 
vt 0.353166 0.0863834 
vt 0.313037 0.0366518 
vt 0.312909 0.0269638 
vt 0.30914 0.0203121 
vt 0.309152 0.0150258 
vt 0.312856 0.0172562 
vt 0.291437 0.0760758 
vt 0.291437 0.0798424 
vt 0.291437 0.0863834 
vt 0.318508 0.0369034 
vt 0.318427 0.0261662 
vt 0.318347 0.0159725 
vt 0.312949 0.0113167 
vt 0.286147 0.0760758 
vt 0.318293 0.00951695 
vt 0.286147 0.0863834 
vt 0.286147 0.0798424 
vt 0.296185 0.29747 
vt 0.296787 0.296786 
vt 0.297429 0.29611 
vt 0.184827 0.00308257 
vt 0.298067 0.295653 
vt 0.298993 0.293638 
vt 0.299095 0.295343 
vt 0.298636 0.294242 
vt 0.298999 0.292049 
vt 0.299295 0.293652 
vt 0.299302 0.291988 
vt 0.299677 0.291913 
vt 0.298532 0.293173 
vt 0.291437 0.0896153 
vt 0.291437 0.0934917 
vt 0.298635 0.292002 
vt 0.286147 0.0896153 
vt 0.286147 0.0934917 
vt 0.286147 0.098735 
vt 0.286147 0.103902 
vt 0.286147 0.10902 
vt 0.291437 0.11513 
vt 0.32613 0.115427 
vt 0.184725 0.121391 
vt 0.194798 0.137897 
vt 0.19551 0.121391 
vt 0.184709 0.164249 
vt 0.19501 0.164249 
vt 0.184319 0.137897 
vt 0.203219 0.164249 
vt 0.162075 0.405732 
vt 0.161979 0.378719 
vt 0.157216 0.404026 
vt 0.166358 0.382542 
vt 0.166733 0.406161 
vt 0.155977 0.430989 
vt 0.185648 0.192528 
vt 0.195636 0.192528 
vt 0.174666 0.365998 
vt 0.167905 0.363269 
vt 0.171117 0.369998 
vt 0.173699 0.370233 
vt 0.179735 0.37012 
vt 0.173513 0.3577 
vt 0.203251 0.137897 
vt 0.204161 0.121391 
vt 0.169995 0.383188 
vt 0.179734 0.406675 
vt 0.179739 0.383689 
vt 0.174963 0.103998 
vt 0.163697 0.107381 
vt 0.175611 0.121391 
vt 0.164845 0.137897 
vt 0.164793 0.121003 
vt 0.175681 0.137897 
vt 0.165726 0.192528 
vt 0.175465 0.164249 
vt 0.165161 0.164249 
vt 0.175665 0.192528 
vt 0.152226 0.164166 
vt 0.152226 0.192675 
vt 0.165879 0.431201 
vt 0.16085 0.431087 
vt 0.162134 0.456423 
vt 0.166779 0.45626 
vt 0.157318 0.458 
vt 0.161697 0.481466 
vt 0.166277 0.477989 
vt 0.169937 0.47757 
vt 0.168384 0.498405 
vt 0.194862 0.218262 
vt 0.202407 0.218725 
vt 0.195198 0.210175 
vt 0.202699 0.210175 
vt 0.171979 0.49255 
vt 0.179746 0.455979 
vt 0.179736 0.431309 
vt 0.202929 0.192528 
vt 0.179757 0.47715 
vt 0.174149 0.492287 
vt 0.175098 0.495551 
vt 0.173941 0.504396 
vt 0.201537 0.239875 
vt 0.165827 0.210175 
vt 0.175578 0.210175 
vt 0.185377 0.210175 
vt 0.16625 0.239875 
vt 0.175636 0.239875 
vt 0.176015 0.257082 
vt 0.184354 0.239875 
vt 0.184387 0.257082 
vt 0.166872 0.257082 
vt 0.188986 0.210175 
vt 0.189775 0.217757 
vt 0.193077 0.239875 
vt 0.192955 0.257082 
vt 0.342799 0.173771 
vt 0.34545 0.179093 
vt 0.345747 0.173771 
vt 0.188354 0.369981 
vt 0.18949 0.383172 
vt 0.193131 0.382526 
vt 0.197501 0.37864 
vt 0.210013 0.121391 
vt 0.185771 0.370223 
vt 0.184801 0.365989 
vt 0.209356 0.164249 
vt 0.209498 0.137897 
vt 0.202473 0.403977 
vt 0.19297 0.406147 
vt 0.197621 0.405727 
vt 0.193836 0.431182 
vt 0.198867 0.431058 
vt 0.20938 0.192528 
vt 0.21452 0.121391 
vt 0.21452 0.137897 
vt 0.21452 0.164249 
vt 0.21452 0.192528 
vt 0.179733 0.364779 
vt 0.179729 0.356363 
vt 0.185946 0.357687 
vt 0.191555 0.36324 
vt 0.203739 0.430946 
vt 0.192951 0.456239 
vt 0.193247 0.477979 
vt 0.189582 0.477564 
vt 0.209386 0.210175 
vt 0.191121 0.49841 
vt 0.19782 0.481508 
vt 0.187532 0.49255 
vt 0.185362 0.492285 
vt 0.184412 0.49555 
vt 0.179755 0.492398 
vt 0.197591 0.456381 
vt 0.202438 0.457951 
vt 0.20935 0.218899 
vt 0.21452 0.210175 
vt 0.21452 0.219086 
vt 0.179755 0.496732 
vt 0.185565 0.504397 
vt 0.179754 0.505534 
vt 0.200932 0.257082 
vt 0.348237 0.179093 
vt 0.348491 0.173771 
vt 0.209491 0.239875 
vt 0.21452 0.239875 
vt 0.209682 0.257082 
vt 0.21452 0.257082 
vt 0.351502 0.173771 
vt 0.353166 0.179093 
vt 0.353166 0.173771 
vt 0.350909 0.179093 
vt 0.152226 0.13763 
vt 0.31986 0.1219 
vt 0.32613 0.122025 
vt 0.331734 0.122187 
vt 0.319882 0.126117 
vt 0.311636 0.121814 
vt 0.331734 0.126596 
vt 0.32613 0.12639 
vt 0.319918 0.132268 
vt 0.32613 0.132415 
vt 0.31995 0.141336 
vt 0.32613 0.141492 
vt 0.319946 0.151181 
vt 0.331734 0.132673 
vt 0.152226 0.10715 
vt 0.152226 0.119965 
vt 0.331734 0.141804 
vt 0.32613 0.151309 
vt 0.311636 0.126011 
vt 0.305255 0.121824 
vt 0.311636 0.132133 
vt 0.311636 0.151039 
vt 0.311636 0.141175 
vt 0.305255 0.12599 
vt 0.305255 0.132074 
vt 0.297676 0.12185 
vt 0.297676 0.12599 
vt 0.305255 0.150932 
vt 0.305255 0.141077 
vt 0.297676 0.132027 
vt 0.297676 0.150824 
vt 0.297676 0.141007 
vt 0.331734 0.157698 
vt 0.32613 0.157466 
vt 0.331734 0.151612 
vt 0.319928 0.157392 
vt 0.32613 0.16785 
vt 0.331734 0.16785 
vt 0.331734 0.173771 
vt 0.32613 0.173771 
vt 0.319863 0.16785 
vt 0.319861 0.173771 
vt 0.319838 0.179093 
vt 0.152226 0.210366 
vt 0.152226 0.257082 
vt 0.152226 0.239875 
vt 0.32613 0.179093 
vt 0.331734 0.179093 
vt 0.336773 0.173771 
vt 0.319725 0.184071 
vt 0.32613 0.184071 
vt 0.311636 0.184071 
vt 0.311636 0.179093 
vt 0.311636 0.157278 
vt 0.311636 0.16785 
vt 0.305255 0.157189 
vt 0.305255 0.16785 
vt 0.311636 0.173771 
vt 0.305255 0.173771 
vt 0.297676 0.157076 
vt 0.297676 0.16785 
vt 0.297676 0.173771 
vt 0.305255 0.184071 
vt 0.305255 0.179093 
vt 0.331734 0.184071 
vt 0.291437 0.157231 
vt 0.337651 0.179093 
vt 0.339919 0.173771 
vt 0.291437 0.16785 
vt 0.291437 0.151063 
vt 0.291437 0.173771 
vt 0.297676 0.179093 
vt 0.340336 0.179093 
vt 0.342817 0.179093 
vt 0.337096 0.184071 
vt 0.340195 0.184071 
vt 0.291437 0.179093 
vt 0.286147 0.179093 
vt 0.286147 0.173771 
vt 0.344976 0.184071 
vt 0.350047 0.184071 
vt 0.353166 0.184071 
vt 0.291437 0.184071 
vt 0.286147 0.184071 
vt 0.291437 0.121687 
vt 0.291437 0.125952 
vt 0.291437 0.132118 
vt 0.286147 0.115077 
vt 0.291437 0.141241 
vt 0.286147 0.151069 
vt 0.286147 0.14119 
vt 0.286147 0.121667 
vt 0.286147 0.125841 
vt 0.286147 0.13217 
vt 0.286147 0.156974 
vt 0.286147 0.16785 
vt 0.360331 0.0154694 
vt 0.363186 0.0234224 
vt 0.363722 0.0155781 
vt 0.359302 0.0230777 
vt 0.362817 0.0323381 
vt 0.356803 0.0228624 
vt 0.35868 0.0322082 
vt 0.360831 0.0113441 
vt 0.358753 0.015134 
vt 0.362059 0.0099802 
vt 0.355634 0.0319158 
vt 0.367068 0.0237578 
vt 0.367714 0.0151159 
vt 0.370532 0.0237371 
vt 0.366963 0.0322694 
vt 0.370496 0.0324639 
vt 0.368511 0.00695425 
vt 0.365349 0.0078963 
vt 0.37058 0.0148607 
vt 0.370598 0.00661987 
vt 0.362655 0.0422529 
vt 0.35842 0.0423119 
vt 0.359146 0.0491692 
vt 0.361942 0.0519466 
vt 0.297676 0.184071 
vt 0.356389 0.0433254 
vt 0.35796 0.0509859 
vt 0.361697 0.057411 
vt 0.366152 0.0535098 
vt 0.366905 0.042168 
vt 0.37046 0.0422596 
vt 0.370391 0.0539777 
vt 0.365851 0.0606512 
vt 0.370376 0.061602 
vt 0.375522 0.428714 
vt 0.216266 0.05706 
vt 0.218643 0.0414723 
vt 0.219803 0.0575891 
vt 0.219576 0.0309318 
vt 0.220353 0.0237443 
vt 0.215321 0.0701508 
vt 0.304587 0.361632 
vt 0.304726 0.364249 
vt 0.217267 0.0701042 
vt 0.306464 0.36131 
vt 0.306872 0.363816 
vt 0.30134 0.28255 
vt 0.301608 0.28514 
vt 0.301504 0.282562 
vt 0.225051 0.0429237 
vt 0.227884 0.0315369 
vt 0.230849 0.0448378 
vt 0.22969 0.0237443 
vt 0.223028 0.0584223 
vt 0.219142 0.0700773 
vt 0.308532 0.360492 
vt 0.308989 0.362994 
vt 0.220895 0.0700457 
vt 0.310759 0.359406 
vt 0.311375 0.361831 
vt 0.301914 0.285172 
vt 0.301663 0.282581 
vt 0.220368 0.0124766 
vt 0.301675 0.290433 
vt 0.221746 0.00308257 
vt 0.302039 0.290443 
vt 0.301632 0.291798 
vt 0.301618 0.293669 
vt 0.301966 0.29182 
vt 0.230383 0.0124766 
vt 0.302418 0.290551 
vt 0.30224 0.285301 
vt 0.232404 0.00308257 
vt 0.301818 0.282609 
vt 0.30281 0.290649 
vt 0.301946 0.29367 
vt 0.30231 0.291864 
vt 0.304606 0.351563 
vt 0.375287 0.417268 
vt 0.381235 0.428714 
vt 0.375764 0.424192 
vt 0.381036 0.417268 
vt 0.375471 0.4215 
vt 0.304753 0.348702 
vt 0.306494 0.351891 
vt 0.215288 0.0791571 
vt 0.21569 0.0906687 
vt 0.217228 0.0791748 
vt 0.306821 0.349127 
vt 0.21801 0.10929 
vt 0.218712 0.0902593 
vt 0.308574 0.352712 
vt 0.309055 0.349964 
vt 0.310804 0.3538 
vt 0.386796 0.428714 
vt 0.381518 0.424192 
vt 0.381366 0.4215 
vt 0.386614 0.417268 
vt 0.311455 0.351128 
vt 0.219114 0.0791737 
vt 0.222447 0.108832 
vt 0.221633 0.0895827 
vt 0.220963 0.0791463 
vt 0.301342 0.30328 
vt 0.301535 0.303258 
vt 0.30147 0.300761 
vt 0.301637 0.295527 
vt 0.301778 0.300701 
vt 0.301987 0.295532 
vt 0.301723 0.303213 
vt 0.387128 0.424192 
vt 0.387027 0.4215 
vt 0.392106 0.417268 
vt 0.392701 0.428714 
vt 0.392469 0.4215 
vt 0.392943 0.424192 
vt 0.302291 0.293672 
vt 0.302372 0.295457 
vt 0.302063 0.300538 
vt 0.301918 0.303147 
vt 0.302679 0.293675 
vt 0.302818 0.295418 
vt 0.396968 0.417268 
vt 0.227141 0.059835 
vt 0.236556 0.0470568 
vt 0.222703 0.0700281 
vt 0.229866 0.0622703 
vt 0.236087 0.0330799 
vt 0.397795 0.428714 
vt 0.312976 0.358146 
vt 0.3137 0.360417 
vt 0.31443 0.357057 
vt 0.30259 0.285432 
vt 0.301951 0.282636 
vt 0.400754 0.417268 
vt 0.396906 0.4215 
vt 0.315572 0.358652 
vt 0.224638 0.06998 
vt 0.231742 0.0649473 
vt 0.240871 0.0508426 
vt 0.243593 0.0360292 
vt 0.226378 0.0712103 
vt 0.314831 0.356782 
vt 0.315986 0.358199 
vt 0.315059 0.356611 
vt 0.316481 0.357922 
vt 0.227214 0.0742947 
vt 0.233664 0.068392 
vt 0.240136 0.0237443 
vt 0.241688 0.0124766 
vt 0.303223 0.290795 
vt 0.302976 0.285605 
vt 0.303549 0.29094 
vt 0.303296 0.285757 
vt 0.302045 0.282658 
vt 0.304721 0.3027 
vt 0.30227 0.30301 
vt 0.302185 0.303159 
vt 0.304246 0.301826 
vt 0.30231 0.302962 
vt 0.248675 0.0397902 
vt 0.250356 0.0237443 
vt 0.244285 0.0559679 
vt 0.246438 0.0624022 
vt 0.254217 0.0474584 
vt 0.256272 0.0575398 
vt 0.401341 0.428714 
vt 0.397569 0.424192 
vt 0.399707 0.4215 
vt 0.404553 0.417268 
vt 0.404828 0.428714 
vt 0.400277 0.424192 
vt 0.314439 0.356163 
vt 0.313007 0.355069 
vt 0.313787 0.352609 
vt 0.224784 0.0885185 
vt 0.227329 0.108116 
vt 0.222884 0.0790624 
vt 0.315552 0.354442 
vt 0.401751 0.422206 
vt 0.314833 0.356453 
vt 0.316072 0.355138 
vt 0.316527 0.355438 
vt 0.405298 0.422847 
vt 0.401371 0.42344 
vt 0.226407 0.0777462 
vt 0.234511 0.0730737 
vt 0.227961 0.0864213 
vt 0.224792 0.0788605 
vt 0.233479 0.106867 
vt 0.233402 0.0787146 
vt 0.230928 0.0832281 
vt 0.401783 0.423107 
vt 0.303375 0.300463 
vt 0.302177 0.303037 
vt 0.302279 0.302985 
vt 0.303834 0.300993 
vt 0.302077 0.303082 
vt 0.302387 0.300354 
vt 0.302702 0.300143 
vt 0.302953 0.299967 
vt 0.303613 0.295308 
vt 0.24752 0.0706084 
vt 0.247069 0.0826365 
vt 0.243768 0.0951082 
vt 0.2396 0.102416 
vt 0.256369 0.0865402 
vt 0.257811 0.0703501 
vt 0.304282 0.295687 
vt 0.321695 0.0579849 
vt 0.356146 0.0798424 
vt 0.356227 0.0760758 
vt 0.323963 0.0570756 
vt 0.32283 0.053677 
vt 0.325971 0.0561521 
vt 0.324076 0.0489124 
vt 0.35995 0.0798424 
vt 0.359998 0.0760758 
vt 0.355652 0.0863834 
vt 0.359319 0.0863834 
vt 0.363989 0.0798424 
vt 0.364082 0.0760758 
vt 0.327559 0.0542619 
vt 0.367838 0.0798424 
vt 0.367984 0.0760758 
vt 0.328747 0.0521303 
vt 0.328261 0.043035 
vt 0.330004 0.0501246 
vt 0.371417 0.0798424 
vt 0.371437 0.0760758 
vt 0.363382 0.0863834 
vt 0.367344 0.0863834 
vt 0.331039 0.043874 
vt 0.323976 0.0363605 
vt 0.323976 0.0266693 
vt 0.323868 0.0169627 
vt 0.323674 0.0110283 
vt 0.414895 0.0798424 
vt 0.420185 0.0760758 
vt 0.414895 0.0760758 
vt 0.327523 0.0145299 
vt 0.408656 0.0798424 
vt 0.420185 0.0863834 
vt 0.420185 0.0798424 
vt 0.327619 0.0198188 
vt 0.329335 0.0361074 
vt 0.328928 0.0267863 
vt 0.331332 0.0261098 
vt 0.329792 0.0192199 
vt 0.408656 0.0760758 
vt 0.401077 0.0798424 
vt 0.414895 0.0863834 
vt 0.302685 0.29193 
vt 0.303061 0.292009 
vt 0.303064 0.293675 
vt 0.30326 0.295367 
vt 0.303369 0.293674 
vt 0.30336 0.29208 
vt 0.306163 0.297533 
vt 0.2527 0.0124766 
vt 0.305562 0.296841 
vt 0.244213 0.00308257 
vt 0.304923 0.296156 
vt 0.303724 0.294277 
vt 0.30383 0.293197 
vt 0.420185 0.0896153 
vt 0.414895 0.0896153 
vt 0.414895 0.0934917 
vt 0.420185 0.0934917 
vt 0.420185 0.098735 
vt 0.414895 0.0987547 
vt 0.414895 0.103833 
vt 0.420185 0.103902 
vt 0.414895 0.109056 
vt 0.303724 0.292028 
vt 0.420185 0.10902 
vt 0.414895 0.11513 
vt 0.255731 0.00308257 
vt 0.371373 0.0863834 
vt 0.408656 0.0863834 
vt 0.408656 0.0896153 
vt 0.408656 0.0934917 
vt 0.408656 0.0988805 
vt 0.408656 0.109231 
vt 0.374598 0.0798424 
vt 0.374598 0.0760758 
vt 0.380201 0.0798424 
vt 0.380201 0.0760758 
vt 0.386607 0.0760758 
vt 0.374598 0.0863834 
vt 0.26277 0.0237314 
vt 0.263903 0.0122737 
vt 0.26744 0.00308257 
vt 0.276814 0.0124766 
vt 0.276814 0.00308257 
vt 0.374598 0.0896153 
vt 0.380201 0.0896153 
vt 0.380201 0.0863834 
vt 0.386641 0.0798424 
vt 0.386611 0.0896153 
vt 0.386601 0.0863834 
vt 0.276814 0.0237443 
vt 0.374598 0.0934917 
vt 0.380201 0.0934917 
vt 0.38662 0.0934917 
vt 0.331838 0.0363087 
vt 0.394696 0.0760758 
vt 0.401077 0.0760758 
vt 0.394696 0.0798424 
vt 0.401077 0.0863834 
vt 0.401077 0.0934917 
vt 0.394696 0.0863834 
vt 0.401077 0.0896153 
vt 0.394696 0.0896153 
vt 0.394696 0.0934917 
vt 0.266582 0.0389811 
vt 0.266853 0.0537246 
vt 0.276814 0.0394003 
vt 0.266959 0.0697812 
vt 0.266661 0.088104 
vt 0.276814 0.069612 
vt 0.276814 0.0540233 
vt 0.374598 0.0988784 
vt 0.380201 0.0989504 
vt 0.374598 0.103909 
vt 0.380201 0.103902 
vt 0.386581 0.0990518 
vt 0.38657 0.103969 
vt 0.374598 0.109272 
vt 0.276814 0.0878094 
vt 0.374598 0.115533 
vt 0.380201 0.109214 
vt 0.380201 0.115427 
vt 0.386507 0.115326 
vt 0.386546 0.109148 
vt 0.401077 0.0988867 
vt 0.401077 0.103875 
vt 0.394696 0.0987889 
vt 0.408656 0.103891 
vt 0.394696 0.103811 
vt 0.401077 0.115319 
vt 0.401077 0.10914 
vt 0.394696 0.109071 
vt 0.408656 0.115379 
vt 0.394696 0.115279 
vt 0.219026 0.121391 
vt 0.219541 0.137897 
vt 0.224878 0.121391 
vt 0.219684 0.164249 
vt 0.219659 0.192528 
vt 0.225788 0.137897 
vt 0.22582 0.164249 
vt 0.240686 0.369724 
vt 0.231539 0.378382 
vt 0.235908 0.382269 
vt 0.239549 0.382915 
vt 0.243268 0.369966 
vt 0.244239 0.365732 
vt 0.2493 0.383432 
vt 0.231419 0.40547 
vt 0.226566 0.40372 
vt 0.230172 0.430801 
vt 0.235203 0.430924 
vt 0.23607 0.40589 
vt 0.249306 0.406418 
vt 0.237484 0.362983 
vt 0.22611 0.192528 
vt 0.249304 0.431051 
vt 0.249304 0.369863 
vt 0.243093 0.35743 
vt 0.24931 0.356106 
vt 0.249306 0.364522 
vt 0.255527 0.357443 
vt 0.23353 0.121391 
vt 0.234241 0.137897 
vt 0.254373 0.365741 
vt 0.25534 0.369975 
vt 0.233403 0.192528 
vt 0.259045 0.382931 
vt 0.2253 0.430689 
vt 0.219653 0.210175 
vt 0.231448 0.456124 
vt 0.226601 0.457694 
vt 0.236088 0.455982 
vt 0.21969 0.218899 
vt 0.235793 0.477722 
vt 0.231219 0.481251 
vt 0.22634 0.210175 
vt 0.239457 0.477307 
vt 0.249293 0.455722 
vt 0.249282 0.476893 
vt 0.237918 0.498154 
vt 0.241507 0.492293 
vt 0.243677 0.492028 
vt 0.244627 0.495293 
vt 0.249284 0.492142 
vt 0.243474 0.50414 
vt 0.219549 0.239875 
vt 0.226633 0.218725 
vt 0.219357 0.257082 
vt 0.228107 0.257082 
vt 0.227502 0.239875 
vt 0.35483 0.173771 
vt 0.355423 0.179093 
vt 0.357841 0.173771 
vt 0.358095 0.179093 
vt 0.253941 0.495294 
vt 0.249284 0.496475 
vt 0.25489 0.492029 
vt 0.259102 0.477313 
vt 0.249286 0.505276 
vt 0.255098 0.504139 
vt 0.360585 0.173771 
vt 0.236084 0.257082 
vt 0.257922 0.36974 
vt 0.261134 0.363012 
vt 0.262306 0.405903 
vt 0.262682 0.382285 
vt 0.26706 0.378462 
vt 0.23403 0.164249 
vt 0.244314 0.121391 
vt 0.244721 0.137897 
vt 0.24433 0.164249 
vt 0.266964 0.405475 
vt 0.271823 0.403768 
vt 0.243392 0.192528 
vt 0.254076 0.103998 
vt 0.253429 0.121391 
vt 0.253374 0.192528 
vt 0.253359 0.137897 
vt 0.253575 0.164249 
vt 0.265342 0.107381 
vt 0.264194 0.137897 
vt 0.264246 0.121003 
vt 0.263314 0.192528 
vt 0.263879 0.164249 
vt 0.276814 0.192675 
vt 0.276814 0.164166 
vt 0.273062 0.430731 
vt 0.26226 0.456003 
vt 0.26316 0.430945 
vt 0.25706 0.492293 
vt 0.262762 0.477733 
vt 0.260655 0.498149 
vt 0.233842 0.210175 
vt 0.266905 0.456166 
vt 0.268189 0.430831 
vt 0.271721 0.457743 
vt 0.267342 0.481208 
vt 0.234177 0.218262 
vt 0.239265 0.217757 
vt 0.240053 0.210175 
vt 0.243662 0.210175 
vt 0.244685 0.239875 
vt 0.235963 0.239875 
vt 0.244652 0.257082 
vt 0.360882 0.179093 
vt 0.363533 0.173771 
vt 0.253461 0.210175 
vt 0.263213 0.210175 
vt 0.262789 0.239875 
vt 0.253403 0.239875 
vt 0.253025 0.257082 
vt 0.262167 0.257082 
vt 0.276814 0.13763 
vt 0.363515 0.179093 
vt 0.414895 0.173771 
vt 0.408656 0.179093 
vt 0.414895 0.179093 
vt 0.420185 0.179093 
vt 0.420185 0.173771 
vt 0.414895 0.16785 
vt 0.408656 0.173771 
vt 0.420185 0.184071 
vt 0.356285 0.184071 
vt 0.361356 0.184071 
vt 0.366137 0.184071 
vt 0.365996 0.179093 
vt 0.414895 0.184071 
vt 0.368681 0.179093 
vt 0.366413 0.173771 
vt 0.408656 0.16785 
vt 0.414895 0.157231 
vt 0.408656 0.157076 
vt 0.414895 0.151063 
vt 0.408656 0.150824 
vt 0.408656 0.12185 
vt 0.408656 0.141007 
vt 0.369559 0.173771 
vt 0.374598 0.179093 
vt 0.369236 0.184071 
vt 0.401077 0.179093 
vt 0.401077 0.184071 
vt 0.408656 0.12599 
vt 0.414895 0.121687 
vt 0.420185 0.115077 
vt 0.414895 0.132118 
vt 0.420185 0.125841 
vt 0.414895 0.125952 
vt 0.420185 0.121667 
vt 0.420185 0.13217 
vt 0.420185 0.14119 
vt 0.420185 0.16785 
vt 0.420185 0.156974 
vt 0.420185 0.151069 
vt 0.414895 0.141241 
vt 0.408656 0.132027 
vt 0.374598 0.184071 
vt 0.380201 0.179093 
vt 0.373444 0.0151826 
vt 0.373991 0.0238391 
vt 0.377421 0.0157391 
vt 0.377877 0.0235943 
vt 0.374035 0.0323532 
vt 0.372683 0.00701225 
vt 0.375834 0.00804126 
vt 0.379106 0.0102152 
vt 0.380793 0.0157106 
vt 0.380201 0.184071 
vt 0.378174 0.0325209 
vt 0.381762 0.0233427 
vt 0.382313 0.0324882 
vt 0.38426 0.0232397 
vt 0.380325 0.0116122 
vt 0.382374 0.0154591 
vt 0.38536 0.0323273 
vt 0.374002 0.0422529 
vt 0.374644 0.0536128 
vt 0.378878 0.0521531 
vt 0.378259 0.0424412 
vt 0.374902 0.0607816 
vt 0.379091 0.0576605 
vt 0.381709 0.0494429 
vt 0.38249 0.0426023 
vt 0.408656 0.184071 
vt 0.384516 0.0437219 
vt 0.382878 0.0513415 
vt 0.394696 0.179093 
vt 0.394696 0.184071 
vt 0.276814 0.10715 
vt 0.276814 0.119965 
vt 0.374598 0.126596 
vt 0.380201 0.122025 
vt 0.374598 0.122187 
vt 0.374598 0.132673 
vt 0.374598 0.141804 
vt 0.380201 0.141492 
vt 0.380201 0.12639 
vt 0.380201 0.151309 
vt 0.380201 0.132415 
vt 0.386472 0.1219 
vt 0.38645 0.126117 
vt 0.386382 0.141336 
vt 0.386414 0.132268 
vt 0.386386 0.151181 
vt 0.394696 0.121814 
vt 0.401077 0.12599 
vt 0.401077 0.121824 
vt 0.394696 0.126011 
vt 0.401077 0.132074 
vt 0.401077 0.141077 
vt 0.394696 0.141175 
vt 0.394696 0.132133 
vt 0.394696 0.151039 
vt 0.401077 0.150932 
vt 0.276814 0.257082 
vt 0.276814 0.210366 
vt 0.276814 0.239875 
vt 0.374598 0.173771 
vt 0.380201 0.16785 
vt 0.374598 0.16785 
vt 0.380201 0.173771 
vt 0.386494 0.179093 
vt 0.386607 0.184071 
vt 0.386471 0.173771 
vt 0.374598 0.157698 
vt 0.374598 0.151612 
vt 0.380201 0.157466 
vt 0.386404 0.157392 
vt 0.386469 0.16785 
vt 0.401077 0.157189 
vt 0.401077 0.16785 
vt 0.401077 0.173771 
vt 0.394696 0.173771 
vt 0.394696 0.16785 
vt 0.394696 0.157278 

usemtl R15Bacon1Mtl

f 4336/4336/4336 4337/4337/4337 4338/4338/4338 
f 4338/4338/4338 4337/4337/4337 4348/4348/4348 
f 4343/4343/4343 4338/4338/4338 4348/4348/4348 
f 4338/4338/4338 4343/4343/4343 4339/4339/4339 
f 4339/4339/4339 4336/4336/4336 4338/4338/4338 
f 4348/4348/4348 4337/4337/4337 4404/4404/4404 
f 4336/4336/4336 4339/4339/4339 4340/4340/4340 
f 4337/4337/4337 4362/4362/4362 4404/4404/4404 
f 4372/4372/4372 4336/4336/4336 4340/4340/4340 
f 4337/4337/4337 4361/4361/4361 4362/4362/4362 
f 4407/4407/4407 4362/4362/4362 4361/4361/4361 
f 4337/4337/4337 4336/4336/4336 4342/4342/4342 
f 4342/4342/4342 4361/4361/4361 4337/4337/4337 
f 4336/4336/4336 4372/4372/4372 4341/4341/4341 
f 4341/4341/4341 4342/4342/4342 4336/4336/4336 
f 4373/4373/4373 4341/4341/4341 4372/4372/4372 
f 4452/4452/4452 4407/4407/4407 4361/4361/4361 
f 4361/4361/4361 4342/4342/4342 4452/4452/4452 
f 4407/4407/4407 4452/4452/4452 4453/4453/4453 
f 4454/4454/4454 4453/4453/4453 4452/4452/4452 
f 4454/4454/4454 4452/4452/4452 4451/4451/4451 
f 4451/4451/4451 4452/4452/4452 4342/4342/4342 
f 4451/4451/4451 4455/4455/4455 4454/4454/4454 
f 4341/4341/4341 4373/4373/4373 4352/4352/4352 
f 4342/4342/4342 4341/4341/4341 4351/4351/4351 
f 4451/4451/4451 4342/4342/4342 4351/4351/4351 
f 4352/4352/4352 4351/4351/4351 4341/4341/4341 
f 4374/4374/4374 4352/4352/4352 4373/4373/4373 
f 4351/4351/4351 4450/4450/4450 4451/4451/4451 
f 4455/4455/4455 4451/4451/4451 4450/4450/4450 
f 4351/4351/4351 4352/4352/4352 4353/4353/4353 
f 4450/4450/4450 4351/4351/4351 4353/4353/4353 
f 4352/4352/4352 4374/4374/4374 4354/4354/4354 
f 4354/4354/4354 4353/4353/4353 4352/4352/4352 
f 4375/4375/4375 4354/4354/4354 4374/4374/4374 
f 4371/4371/4371 4375/4375/4375 4374/4374/4374 
f 4353/4353/4353 4354/4354/4354 4355/4355/4355 
f 4371/4371/4371 4366/4366/4366 4375/4375/4375 
f 4366/4366/4366 4371/4371/4371 4370/4370/4370 
f 4367/4367/4367 4366/4366/4366 4370/4370/4370 
f 4375/4375/4375 4357/4357/4357 4354/4354/4354 
f 4357/4357/4357 4355/4355/4355 4354/4354/4354 
f 4376/4376/4376 4375/4375/4375 4366/4366/4366 
f 4375/4375/4375 4376/4376/4376 4357/4357/4357 
f 4366/4366/4366 4367/4367/4367 4368/4368/4368 
f 4368/4368/4368 4376/4376/4376 4366/4366/4366 
f 4369/4369/4369 4368/4368/4368 4367/4367/4367 
f 4369/4369/4369 4364/4364/4364 4368/4368/4368 
f 4364/4364/4364 4363/4363/4363 4368/4368/4368 
f 4376/4376/4376 4368/4368/4368 4363/4363/4363 
f 4363/4363/4363 4364/4364/4364 4356/4356/4356 
f 4356/4356/4356 4426/4426/4426 4363/4363/4363 
f 4429/4429/4429 4363/4363/4363 4426/4426/4426 
f 4363/4363/4363 4429/4429/4429 4376/4376/4376 
f 4426/4426/4426 4432/4432/4432 4429/4429/4429 
f 4376/4376/4376 4430/4430/4430 4357/4357/4357 
f 4430/4430/4430 4376/4376/4376 4429/4429/4429 
f 4430/4430/4430 4355/4355/4355 4357/4357/4357 
f 4431/4431/4431 4429/4429/4429 4432/4432/4432 
f 4429/4429/4429 4431/4431/4431 4430/4430/4430 
f 4432/4432/4432 4422/4422/4422 4431/4431/4431 
f 4434/4434/4434 4355/4355/4355 4430/4430/4430 
f 4431/4431/4431 4434/4434/4434 4430/4430/4430 
f 4434/4434/4434 4353/4353/4353 4355/4355/4355 
f 4450/4450/4450 4353/4353/4353 4434/4434/4434 
f 4433/4433/4433 4434/4434/4434 4431/4431/4431 
f 4433/4433/4433 4450/4450/4450 4434/4434/4434 
f 4422/4422/4422 4433/4433/4433 4431/4431/4431 
f 4455/4455/4455 4450/4450/4450 4433/4433/4433 
f 4433/4433/4433 4422/4422/4422 4424/4424/4424 
f 4424/4424/4424 4455/4455/4455 4433/4433/4433 
f 3779/3779/3779 3793/3793/3793 3792/3792/3792 
f 3578/3578/3578 3642/3642/3642 3643/3643/3643 
f 3579/3579/3579 3578/3578/3578 3643/3643/3643 
f 3861/3861/3861 3643/3643/3643 3642/3642/3642 
f 3793/3793/3793 3579/3579/3579 3799/3799/3799 
f 3643/3643/3643 3799/3799/3799 3579/3579/3579 
f 3643/3643/3643 3861/3861/3861 3858/3858/3858 
f 3799/3799/3799 3643/3643/3643 3858/3858/3858 
f 3865/3865/3865 3858/3858/3858 3861/3861/3861 
f 3793/3793/3793 3799/3799/3799 3797/3797/3797 
f 3792/3792/3792 3793/3793/3793 3797/3797/3797 
f 3858/3858/3858 3800/3800/3800 3799/3799/3799 
f 3797/3797/3797 3799/3799/3799 3800/3800/3800 
f 3858/3858/3858 3865/3865/3865 3859/3859/3859 
f 3800/3800/3800 3858/3858/3858 3859/3859/3859 
f 3866/3866/3866 3859/3859/3859 3865/3865/3865 
f 3859/3859/3859 3803/3803/3803 3800/3800/3800 
f 3866/3866/3866 3860/3860/3860 3859/3859/3859 
f 3803/3803/3803 3859/3859/3859 3860/3860/3860 
f 3860/3860/3860 3866/3866/3866 3867/3867/3867 
f 3864/3864/3864 3860/3860/3860 3867/3867/3867 
f 3860/3860/3860 3864/3864/3864 3862/3862/3862 
f 3862/3862/3862 3803/3803/3803 3860/3860/3860 
f 3863/3863/3863 3862/3862/3862 3864/3864/3864 
f 3798/3798/3798 3800/3800/3800 3803/3803/3803 
f 3797/3797/3797 3800/3800/3800 3798/3798/3798 
f 3803/3803/3803 3862/3862/3862 3805/3805/3805 
f 3794/3794/3794 3797/3797/3797 3798/3798/3798 
f 3792/3792/3792 3797/3797/3797 3794/3794/3794 
f 3782/3782/3782 3792/3792/3792 3794/3794/3794 
f 3782/3782/3782 3794/3794/3794 3784/3784/3784 
f 3784/3784/3784 3794/3794/3794 3796/3796/3796 
f 3794/3794/3794 3798/3798/3798 3796/3796/3796 
f 3798/3798/3798 3803/3803/3803 3802/3802/3802 
f 3796/3796/3796 3798/3798/3798 3802/3802/3802 
f 3802/3802/3802 3803/3803/3803 3805/3805/3805 
f 3801/3801/3801 3796/3796/3796 3802/3802/3802 
f 3796/3796/3796 3801/3801/3801 3795/3795/3795 
f 3804/3804/3804 3802/3802/3802 3805/3805/3805 
f 3802/3802/3802 3804/3804/3804 3801/3801/3801 
f 3843/3843/3843 3805/3805/3805 3862/3862/3862 
f 3805/3805/3805 3843/3843/3843 3804/3804/3804 
f 3862/3862/3862 3863/3863/3863 3843/3843/3843 
f 3829/3829/3829 3795/3795/3795 3801/3801/3801 
f 3833/3833/3833 3801/3801/3801 3804/3804/3804 
f 3843/3843/3843 3833/3833/3833 3804/3804/3804 
f 3801/3801/3801 3833/3833/3833 3829/3829/3829 
f 3795/3795/3795 3829/3829/3829 3827/3827/3827 
f 3843/3843/3843 3863/3863/3863 3839/3839/3839 
f 3833/3833/3833 3843/3843/3843 3839/3839/3839 
f 3863/3863/3863 3868/3868/3868 3839/3839/3839 
f 3834/3834/3834 3829/3829/3829 3833/3833/3833 
f 3839/3839/3839 3834/3834/3834 3833/3833/3833 
f 3830/3830/3830 3827/3827/3827 3829/3829/3829 
f 3829/3829/3829 3834/3834/3834 3830/3830/3830 
f 3827/3827/3827 3830/3830/3830 3828/3828/3828 
f 3832/3832/3832 3828/3828/3828 3830/3830/3830 
f 3839/3839/3839 3868/3868/3868 3842/3842/3842 
f 3834/3834/3834 3839/3839/3839 3842/3842/3842 
f 3869/3869/3869 3842/3842/3842 3868/3868/3868 
f 3835/3835/3835 3830/3830/3830 3834/3834/3834 
f 3830/3830/3830 3835/3835/3835 3832/3832/3832 
f 3842/3842/3842 3835/3835/3835 3834/3834/3834 
f 3869/3869/3869 3844/3844/3844 3842/3842/3842 
f 3835/3835/3835 3842/3842/3842 3844/3844/3844 
f 3844/3844/3844 3869/3869/3869 3852/3852/3852 
f 3851/3851/3851 3844/3844/3844 3852/3852/3852 
f 3835/3835/3835 3837/3837/3837 3832/3832/3832 
f 3826/3826/3826 3832/3832/3832 3837/3837/3837 
f 3836/3836/3836 3826/3826/3826 3837/3837/3837 
f 3837/3837/3837 3835/3835/3835 3845/3845/3845 
f 3837/3837/3837 3845/3845/3845 3836/3836/3836 
f 3844/3844/3844 3845/3845/3845 3835/3835/3835 
f 3894/3894/3894 3836/3836/3836 3845/3845/3845 
f 3856/3856/3856 3894/3894/3894 3845/3845/3845 
f 3850/3850/3850 3845/3845/3845 3844/3844/3844 
f 3850/3850/3850 3856/3856/3856 3845/3845/3845 
f 3844/3844/3844 3851/3851/3851 3850/3850/3850 
f 3850/3850/3850 3857/3857/3857 3856/3856/3856 
f 3857/3857/3857 3850/3850/3850 3851/3851/3851 
f 3526/3526/3526 3541/3541/3541 3533/3533/3533 
f 3528/3528/3528 3526/3526/3526 3533/3533/3533 
f 3542/3542/3542 3533/3533/3533 3541/3541/3541 
f 3514/3514/3514 3527/3527/3527 3530/3530/3530 
f 3565/3565/3565 3514/3514/3514 3530/3530/3530 
f 3527/3527/3527 3528/3528/3528 3529/3529/3529 
f 3529/3529/3529 3530/3530/3530 3527/3527/3527 
f 3531/3531/3531 3565/3565/3565 3530/3530/3530 
f 3530/3530/3530 3529/3529/3529 3531/3531/3531 
f 3533/3533/3533 3542/3542/3542 3544/3544/3544 
f 3611/3611/3611 3544/3544/3544 3542/3542/3542 
f 3533/3533/3533 3543/3543/3543 3528/3528/3528 
f 3543/3543/3543 3533/3533/3533 3544/3544/3544 
f 3532/3532/3532 3529/3529/3529 3528/3528/3528 
f 3532/3532/3532 3528/3528/3528 3543/3543/3543 
f 3529/3529/3529 3532/3532/3532 3531/3531/3531 
f 3544/3544/3544 3611/3611/3611 3612/3612/3612 
f 3618/3618/3618 3612/3612/3612 3611/3611/3611 
f 3612/3612/3612 3618/3618/3618 3621/3621/3621 
f 3620/3620/3620 3612/3612/3612 3621/3621/3621 
f 3544/3544/3544 3612/3612/3612 3613/3613/3613 
f 3612/3612/3612 3620/3620/3620 3613/3613/3613 
f 3613/3613/3613 3543/3543/3543 3544/3544/3544 
f 3613/3613/3613 3620/3620/3620 3638/3638/3638 
f 3635/3635/3635 3543/3543/3543 3613/3613/3613 
f 3613/3613/3613 3638/3638/3638 3635/3635/3635 
f 3543/3543/3543 3635/3635/3635 3532/3532/3532 
f 3635/3635/3635 3638/3638/3638 3639/3639/3639 
f 3635/3635/3635 3639/3639/3639 3636/3636/3636 
f 3636/3636/3636 3532/3532/3532 3635/3635/3635 
f 3636/3636/3636 3639/3639/3639 3640/3640/3640 
f 3532/3532/3532 3636/3636/3636 3545/3545/3545 
f 3545/3545/3545 3531/3531/3531 3532/3532/3532 
f 3636/3636/3636 3640/3640/3640 3575/3575/3575 
f 3575/3575/3575 3545/3545/3545 3636/3636/3636 
f 3641/3641/3641 3575/3575/3575 3640/3640/3640 
f 3545/3545/3545 3566/3566/3566 3531/3531/3531 
f 3565/3565/3565 3531/3531/3531 3566/3566/3566 
f 3566/3566/3566 3567/3567/3567 3565/3565/3565 
f 3566/3566/3566 3545/3545/3545 3572/3572/3572 
f 3545/3545/3545 3575/3575/3575 3572/3572/3572 
f 3567/3567/3567 3566/3566/3566 3569/3569/3569 
f 3572/3572/3572 3569/3569/3569 3566/3566/3566 
f 3567/3567/3567 3569/3569/3569 3568/3568/3568 
f 3573/3573/3573 3572/3572/3572 3575/3575/3575 
f 3575/3575/3575 3641/3641/3641 3573/3573/3573 
f 3569/3569/3569 3572/3572/3572 3574/3574/3574 
f 3572/3572/3572 3573/3573/3573 3574/3574/3574 
f 3568/3568/3568 3569/3569/3569 3570/3570/3570 
f 3569/3569/3569 3574/3574/3574 3570/3570/3570 
f 3568/3568/3568 3570/3570/3570 3571/3571/3571 
f 3573/3573/3573 3641/3641/3641 3578/3578/3578 
f 3573/3573/3573 3576/3576/3576 3574/3574/3574 
f 3570/3570/3570 3574/3574/3574 3576/3576/3576 
f 3576/3576/3576 3573/3573/3573 3578/3578/3578 
f 3642/3642/3642 3578/3578/3578 3641/3641/3641 
f 3570/3570/3570 3576/3576/3576 3577/3577/3577 
f 3571/3571/3571 3570/3570/3570 3577/3577/3577 
f 3571/3571/3571 3577/3577/3577 3779/3779/3779 
f 3577/3577/3577 3576/3576/3576 3579/3579/3579 
f 3578/3578/3578 3579/3579/3579 3576/3576/3576 
f 3779/3779/3779 3577/3577/3577 3793/3793/3793 
f 3577/3577/3577 3579/3579/3579 3793/3793/3793 
f 3870/3870/3870 3871/3871/3871 3872/3872/3872 
f 3879/3879/3879 3870/3870/3870 3872/3872/3872 
f 3870/3870/3870 3879/3879/3879 3877/3877/3877 
f 3887/3887/3887 3879/3879/3879 3872/3872/3872 
f 3877/3877/3877 3878/3878/3878 3870/3870/3870 
f 3873/3873/3873 3870/3870/3870 3878/3878/3878 
f 3871/3871/3871 3870/3870/3870 3873/3873/3873 
f 3878/3878/3878 3875/3875/3875 3873/3873/3873 
f 3887/3887/3887 3872/3872/3872 3882/3882/3882 
f 3886/3886/3886 3887/3887/3887 3882/3882/3882 
f 3881/3881/3881 3872/3872/3872 3871/3871/3871 
f 3872/3872/3872 3881/3881/3881 3882/3882/3882 
f 3886/3886/3886 3882/3882/3882 3888/3888/3888 
f 3889/3889/3889 3886/3886/3886 3888/3888/3888 
f 3889/3889/3889 3888/3888/3888 4384/4384/4384 
f 3883/3883/3883 3888/3888/3888 3882/3882/3882 
f 3882/3882/3882 3881/3881/3881 3883/3883/3883 
f 4384/4384/4384 3888/3888/3888 4379/4379/4379 
f 3888/3888/3888 3883/3883/3883 4379/4379/4379 
f 4379/4379/4379 4385/4385/4385 4384/4384/4384 
f 4385/4385/4385 4379/4379/4379 4381/4381/4381 
f 4386/4386/4386 4385/4385/4385 4381/4381/4381 
f 4379/4379/4379 3883/3883/3883 4380/4380/4380 
f 4379/4379/4379 4380/4380/4380 4381/4381/4381 
f 3881/3881/3881 3885/3885/3885 3883/3883/3883 
f 3885/3885/3885 4380/4380/4380 3883/3883/3883 
f 4381/4381/4381 4387/4387/4387 4386/4386/4386 
f 4386/4386/4386 4387/4387/4387 4393/4393/4393 
f 4394/4394/4394 4393/4393/4393 4387/4387/4387 
f 4381/4381/4381 4382/4382/4382 4387/4387/4387 
f 4381/4381/4381 4380/4380/4380 4382/4382/4382 
f 4390/4390/4390 4394/4394/4394 4387/4387/4387 
f 4387/4387/4387 4382/4382/4382 4390/4390/4390 
f 4394/4394/4394 4390/4390/4390 4392/4392/4392 
f 4382/4382/4382 4380/4380/4380 4383/4383/4383 
f 4380/4380/4380 3885/3885/3885 4383/4383/4383 
f 4389/4389/4389 4390/4390/4390 4382/4382/4382 
f 4382/4382/4382 4383/4383/4383 4389/4389/4389 
f 4390/4390/4390 4391/4391/4391 4392/4392/4392 
f 4390/4390/4390 4389/4389/4389 4391/4391/4391 
f 4392/4392/4392 4391/4391/4391 4395/4395/4395 
f 4396/4396/4396 4389/4389/4389 4383/4383/4383 
f 3885/3885/3885 4396/4396/4396 4383/4383/4383 
f 4399/4399/4399 4391/4391/4391 4389/4389/4389 
f 4389/4389/4389 4396/4396/4396 4399/4399/4399 
f 4391/4391/4391 4403/4403/4403 4395/4395/4395 
f 4391/4391/4391 4399/4399/4399 4403/4403/4403 
f 4395/4395/4395 4403/4403/4403 4405/4405/4405 
f 4402/4402/4402 4405/4405/4405 4403/4403/4403 
f 4399/4399/4399 4402/4402/4402 4403/4403/4403 
f 4405/4405/4405 4402/4402/4402 4406/4406/4406 
f 4402/4402/4402 4399/4399/4399 4398/4398/4398 
f 4398/4398/4398 4406/4406/4406 4402/4402/4402 
f 4396/4396/4396 4398/4398/4398 4399/4399/4399 
f 4406/4406/4406 4398/4398/4398 4401/4401/4401 
f 4397/4397/4397 4401/4401/4401 4398/4398/4398 
f 4398/4398/4398 4396/4396/4396 4397/4397/4397 
f 4401/4401/4401 4397/4397/4397 4400/4400/4400 
f 3900/3900/3900 4397/4397/4397 4396/4396/4396 
f 4396/4396/4396 3885/3885/3885 3900/3900/3900 
f 3901/3901/3901 4400/4400/4400 4397/4397/4397 
f 4397/4397/4397 3900/3900/3900 3901/3901/3901 
f 4400/4400/4400 3901/3901/3901 3903/3903/3903 
f 3901/3901/3901 3902/3902/3902 3903/3903/3903 
f 3901/3901/3901 3898/3898/3898 3902/3902/3902 
f 3900/3900/3900 3898/3898/3898 3901/3901/3901 
f 3898/3898/3898 3897/3897/3897 3902/3902/3902 
f 3885/3885/3885 3899/3899/3899 3900/3900/3900 
f 3899/3899/3899 3898/3898/3898 3900/3900/3900 
f 3897/3897/3897 3898/3898/3898 3893/3893/3893 
f 3899/3899/3899 3893/3893/3893 3898/3898/3898 
f 3896/3896/3896 3897/3897/3897 3893/3893/3893 
f 3899/3899/3899 3885/3885/3885 3884/3884/3884 
f 3885/3885/3885 3881/3881/3881 3884/3884/3884 
f 3881/3881/3881 3871/3871/3871 3884/3884/3884 
f 3871/3871/3871 3874/3874/3874 3884/3884/3884 
f 3884/3884/3884 3874/3874/3874 3899/3899/3899 
f 3873/3873/3873 3874/3874/3874 3871/3871/3871 
f 3896/3896/3896 3893/3893/3893 3892/3892/3892 
f 3895/3895/3895 3896/3896/3896 3892/3892/3892 
f 3893/3893/3893 3899/3899/3899 3890/3890/3890 
f 3874/3874/3874 3890/3890/3890 3899/3899/3899 
f 3890/3890/3890 3892/3892/3892 3893/3893/3893 
f 3874/3874/3874 3873/3873/3873 3876/3876/3876 
f 3876/3876/3876 3890/3890/3890 3874/3874/3874 
f 3875/3875/3875 3876/3876/3876 3873/3873/3873 
f 3876/3876/3876 3875/3875/3875 3880/3880/3880 
f 3890/3890/3890 3876/3876/3876 3891/3891/3891 
f 3890/3890/3890 3891/3891/3891 3892/3892/3892 
f 3880/3880/3880 3891/3891/3891 3876/3876/3876 
f 3895/3895/3895 3892/3892/3892 3891/3891/3891 
f 3891/3891/3891 3880/3880/3880 3895/3895/3895 
f 3535/3535/3535 3536/3536/3536 3537/3537/3537 
f 3535/3535/3535 3537/3537/3537 3538/3538/3538 
f 3536/3536/3536 3535/3535/3535 3539/3539/3539 
f 3539/3539/3539 3540/3540/3540 3536/3536/3536 
f 3589/3589/3589 3535/3535/3535 3538/3538/3538 
f 3590/3590/3590 3589/3589/3589 3538/3538/3538 
f 3589/3589/3589 3590/3590/3590 3588/3588/3588 
f 3589/3589/3589 3606/3606/3606 3535/3535/3535 
f 3535/3535/3535 3606/3606/3606 3539/3539/3539 
f 3588/3588/3588 3582/3582/3582 3589/3589/3589 
f 3582/3582/3582 3606/3606/3606 3589/3589/3589 
f 3582/3582/3582 3588/3588/3588 3583/3583/3583 
f 3581/3581/3581 3582/3582/3582 3583/3583/3583 
f 3540/3540/3540 3539/3539/3539 3608/3608/3608 
f 3608/3608/3608 3609/3609/3609 3540/3540/3540 
f 3606/3606/3606 3607/3607/3607 3539/3539/3539 
f 3607/3607/3607 3608/3608/3608 3539/3539/3539 
f 3608/3608/3608 3610/3610/3610 3609/3609/3609 
f 3608/3608/3608 3607/3607/3607 3610/3610/3610 
f 3617/3617/3617 3609/3609/3609 3610/3610/3610 
f 3606/3606/3606 3614/3614/3614 3607/3607/3607 
f 3582/3582/3582 3614/3614/3614 3606/3606/3606 
f 3615/3615/3615 3610/3610/3610 3607/3607/3607 
f 3614/3614/3614 3615/3615/3615 3607/3607/3607 
f 3616/3616/3616 3617/3617/3617 3610/3610/3610 
f 3610/3610/3610 3615/3615/3615 3616/3616/3616 
f 3617/3617/3617 3616/3616/3616 3619/3619/3619 
f 3616/3616/3616 4106/4106/4106 3619/3619/3619 
f 4106/4106/4106 3616/3616/3616 4105/4105/4105 
f 3615/3615/3615 4105/4105/4105 3616/3616/3616 
f 4105/4105/4105 4110/4110/4110 4106/4106/4106 
f 4105/4105/4105 3615/3615/3615 4104/4104/4104 
f 3614/3614/3614 4104/4104/4104 3615/3615/3615 
f 4110/4110/4110 4105/4105/4105 4114/4114/4114 
f 4104/4104/4104 4114/4114/4114 4105/4105/4105 
f 4114/4114/4114 4118/4118/4118 4110/4110/4110 
f 4116/4116/4116 4118/4118/4118 4114/4114/4114 
f 4114/4114/4114 4104/4104/4104 4116/4116/4116 
f 4118/4118/4118 4116/4116/4116 4117/4117/4117 
f 3614/3614/3614 4103/4103/4103 4104/4104/4104 
f 4103/4103/4103 4116/4116/4116 4104/4104/4104 
f 4115/4115/4115 4117/4117/4117 4116/4116/4116 
f 4103/4103/4103 4115/4115/4115 4116/4116/4116 
f 4117/4117/4117 4115/4115/4115 4175/4175/4175 
f 4115/4115/4115 4102/4102/4102 4175/4175/4175 
f 4102/4102/4102 4115/4115/4115 4096/4096/4096 
f 4103/4103/4103 4096/4096/4096 4115/4115/4115 
f 4096/4096/4096 4097/4097/4097 4102/4102/4102 
f 4097/4097/4097 4096/4096/4096 4095/4095/4095 
f 4096/4096/4096 4103/4103/4103 4085/4085/4085 
f 4096/4096/4096 4085/4085/4085 4095/4095/4095 
f 3614/3614/3614 4085/4085/4085 4103/4103/4103 
f 4095/4095/4095 4085/4085/4085 4092/4092/4092 
f 4092/4092/4092 4085/4085/4085 4084/4084/4084 
f 4085/4085/4085 3614/3614/3614 3601/3601/3601 
f 3614/3614/3614 3582/3582/3582 3601/3601/3601 
f 4084/4084/4084 4085/4085/4085 4083/4083/4083 
f 4085/4085/4085 3601/3601/3601 4083/4083/4083 
f 4084/4084/4084 4083/4083/4083 4082/4082/4082 
f 4079/4079/4079 4082/4082/4082 4083/4083/4083 
f 4083/4083/4083 3599/3599/3599 4079/4079/4079 
f 3599/3599/3599 4083/4083/4083 3601/3601/3601 
f 3600/3600/3600 4079/4079/4079 3599/3599/3599 
f 3599/3599/3599 3595/3595/3595 3600/3600/3600 
f 3601/3601/3601 3587/3587/3587 3599/3599/3599 
f 3595/3595/3595 3599/3599/3599 3587/3587/3587 
f 3587/3587/3587 3601/3601/3601 3582/3582/3582 
f 3595/3595/3595 3587/3587/3587 3594/3594/3594 
f 3582/3582/3582 3581/3581/3581 3587/3587/3587 
f 3587/3587/3587 3581/3581/3581 3594/3594/3594 
f 4214/4214/4214 4420/4420/4420 4425/4425/4425 
f 4420/4420/4420 4214/4214/4214 4203/4203/4203 
f 4195/4195/4195 4198/4198/4198 4201/4201/4201 
f 4198/4198/4198 4195/4195/4195 4194/4194/4194 
f 4193/4193/4193 4194/4194/4194 4195/4195/4195 
f 4194/4194/4194 4193/4193/4193 4192/4192/4192 
f 4201/4201/4201 4197/4197/4197 4195/4195/4195 
f 4195/4195/4195 4197/4197/4197 4193/4193/4193 
f 4192/4192/4192 4193/4193/4193 4172/4172/4172 
f 4172/4172/4172 4193/4193/4193 4173/4173/4173 
f 4172/4172/4172 4173/4173/4173 4165/4165/4165 
f 4193/4193/4193 4196/4196/4196 4173/4173/4173 
f 4193/4193/4193 4197/4197/4197 4196/4196/4196 
f 4165/4165/4165 4173/4173/4173 4166/4166/4166 
f 4197/4197/4197 4201/4201/4201 4204/4204/4204 
f 4201/4201/4201 4203/4203/4203 4204/4204/4204 
f 4165/4165/4165 4166/4166/4166 4159/4159/4159 
f 4173/4173/4173 4196/4196/4196 4174/4174/4174 
f 4174/4174/4174 4166/4166/4166 4173/4173/4173 
f 4203/4203/4203 4212/4212/4212 4204/4204/4204 
f 4212/4212/4212 4203/4203/4203 4214/4214/4214 
f 4204/4204/4204 4212/4212/4212 4209/4209/4209 
f 4209/4209/4209 4197/4197/4197 4204/4204/4204 
f 4197/4197/4197 4207/4207/4207 4196/4196/4196 
f 4207/4207/4207 4197/4197/4197 4209/4209/4209 
f 4184/4184/4184 4174/4174/4174 4196/4196/4196 
f 4196/4196/4196 4207/4207/4207 4184/4184/4184 
f 4183/4183/4183 4174/4174/4174 4184/4184/4184 
f 4212/4212/4212 4206/4206/4206 4209/4209/4209 
f 4209/4209/4209 4205/4205/4205 4207/4207/4207 
f 4205/4205/4205 4209/4209/4209 4206/4206/4206 
f 4207/4207/4207 4180/4180/4180 4184/4184/4184 
f 4180/4180/4180 4207/4207/4207 4205/4205/4205 
f 4182/4182/4182 4184/4184/4184 4180/4180/4180 
f 4184/4184/4184 4182/4182/4182 4183/4183/4183 
f 4206/4206/4206 4212/4212/4212 4211/4211/4211 
f 4214/4214/4214 4211/4211/4211 4212/4212/4212 
f 4206/4206/4206 4152/4152/4152 4205/4205/4205 
f 4211/4211/4211 4214/4214/4214 4210/4210/4210 
f 4425/4425/4425 4210/4210/4210 4214/4214/4214 
f 4211/4211/4211 4208/4208/4208 4206/4206/4206 
f 4152/4152/4152 4206/4206/4206 4208/4208/4208 
f 4210/4210/4210 4153/4153/4153 4211/4211/4211 
f 4208/4208/4208 4211/4211/4211 4153/4153/4153 
f 4210/4210/4210 4425/4425/4425 4427/4427/4427 
f 4428/4428/4428 4427/4427/4427 4425/4425/4425 
f 4153/4153/4153 4210/4210/4210 4213/4213/4213 
f 4427/4427/4427 4213/4213/4213 4210/4210/4210 
f 4141/4141/4141 4208/4208/4208 4153/4153/4153 
f 4141/4141/4141 4152/4152/4152 4208/4208/4208 
f 4213/4213/4213 4143/4143/4143 4153/4153/4153 
f 4141/4141/4141 4153/4153/4153 4143/4143/4143 
f 4427/4427/4427 4428/4428/4428 4426/4426/4426 
f 4432/4432/4432 4426/4426/4426 4428/4428/4428 
f 4213/4213/4213 4427/4427/4427 4356/4356/4356 
f 4426/4426/4426 4356/4356/4356 4427/4427/4427 
f 4143/4143/4143 4142/4142/4142 4141/4141/4141 
f 4356/4356/4356 4146/4146/4146 4213/4213/4213 
f 4143/4143/4143 4213/4213/4213 4146/4146/4146 
f 4142/4142/4142 4143/4143/4143 4145/4145/4145 
f 4145/4145/4145 4143/4143/4143 4146/4146/4146 
f 4145/4145/4145 4146/4146/4146 4365/4365/4365 
f 4141/4141/4141 4142/4142/4142 4140/4140/4140 
f 4152/4152/4152 4141/4141/4141 4140/4140/4140 
f 4139/4139/4139 4140/4140/4140 4142/4142/4142 
f 4364/4364/4364 4365/4365/4365 4146/4146/4146 
f 4146/4146/4146 4356/4356/4356 4364/4364/4364 
f 4365/4365/4365 4364/4364/4364 4369/4369/4369 
f 4140/4140/4140 4151/4151/4151 4152/4152/4152 
f 4151/4151/4151 4205/4205/4205 4152/4152/4152 
f 4205/4205/4205 4151/4151/4151 4180/4180/4180 
f 4140/4140/4140 4139/4139/4139 4137/4137/4137 
f 4151/4151/4151 4140/4140/4140 4137/4137/4137 
f 4138/4138/4138 4137/4137/4137 4139/4139/4139 
f 4150/4150/4150 4180/4180/4180 4151/4151/4151 
f 4137/4137/4137 4150/4150/4150 4151/4151/4151 
f 4180/4180/4180 4150/4150/4150 4182/4182/4182 
f 4137/4137/4137 4138/4138/4138 4136/4136/4136 
f 4150/4150/4150 4137/4137/4137 4136/4136/4136 
f 4135/4135/4135 4136/4136/4136 4138/4138/4138 
f 4150/4150/4150 4179/4179/4179 4182/4182/4182 
f 4136/4136/4136 4135/4135/4135 4121/4121/4121 
f 4136/4136/4136 4149/4149/4149 4150/4150/4150 
f 4149/4149/4149 4136/4136/4136 4121/4121/4121 
f 4149/4149/4149 4179/4179/4179 4150/4150/4150 
f 4112/4112/4112 4121/4121/4121 4135/4135/4135 
f 4179/4179/4179 4183/4183/4183 4182/4182/4182 
f 4112/4112/4112 4107/4107/4107 4121/4121/4121 
f 4107/4107/4107 4112/4112/4112 4113/4113/4113 
f 4108/4108/4108 4107/4107/4107 4113/4113/4113 
f 4107/4107/4107 4108/4108/4108 4109/4109/4109 
f 4111/4111/4111 4121/4121/4121 4107/4107/4107 
f 4111/4111/4111 4107/4107/4107 4109/4109/4109 
f 4121/4121/4121 4111/4111/4111 4149/4149/4149 
f 4111/4111/4111 4109/4109/4109 4119/4119/4119 
f 4120/4120/4120 4149/4149/4149 4111/4111/4111 
f 4119/4119/4119 4120/4120/4120 4111/4111/4111 
f 4149/4149/4149 4120/4120/4120 4179/4179/4179 
f 4120/4120/4120 4119/4119/4119 4177/4177/4177 
f 4120/4120/4120 4177/4177/4177 4178/4178/4178 
f 4178/4178/4178 4179/4179/4179 4120/4120/4120 
f 4178/4178/4178 4177/4177/4177 4176/4176/4176 
f 4179/4179/4179 4178/4178/4178 4181/4181/4181 
f 4183/4183/4183 4179/4179/4179 4181/4181/4181 
f 4176/4176/4176 4168/4168/4168 4178/4178/4178 
f 4168/4168/4168 4181/4181/4181 4178/4178/4178 
f 4168/4168/4168 4176/4176/4176 4158/4158/4158 
f 4170/4170/4170 4181/4181/4181 4168/4168/4168 
f 4169/4169/4169 4183/4183/4183 4181/4181/4181 
f 4181/4181/4181 4170/4170/4170 4169/4169/4169 
f 4174/4174/4174 4183/4183/4183 4169/4169/4169 
f 4166/4166/4166 4174/4174/4174 4169/4169/4169 
f 4167/4167/4167 4169/4169/4169 4170/4170/4170 
f 4166/4166/4166 4169/4169/4169 4167/4167/4167 
f 4168/4168/4168 4167/4167/4167 4170/4170/4170 
f 4159/4159/4159 4166/4166/4166 4167/4167/4167 
f 4156/4156/4156 4168/4168/4168 4158/4158/4158 
f 4167/4167/4167 4168/4168/4168 4156/4156/4156 
f 4156/4156/4156 4159/4159/4159 4167/4167/4167 
f 4158/4158/4158 4157/4157/4157 4156/4156/4156 
f 4155/4155/4155 4156/4156/4156 4157/4157/4157 
f 4159/4159/4159 4156/4156/4156 4154/4154/4154 
f 4156/4156/4156 4155/4155/4155 4154/4154/4154 
f 4154/4154/4154 4148/4148/4148 4159/4159/4159 
f 4099/4099/4099 4154/4154/4154 4155/4155/4155 
f 4154/4154/4154 4099/4099/4099 4098/4098/4098 
f 4098/4098/4098 4148/4148/4148 4154/4154/4154 
f 4094/4094/4094 4098/4098/4098 4099/4099/4099 
f 4093/4093/4093 4148/4148/4148 4098/4098/4098 
f 4098/4098/4098 4094/4094/4094 4093/4093/4093 
f 4148/4148/4148 4093/4093/4093 4101/4101/4101 
f 4091/4091/4091 4093/4093/4093 4094/4094/4094 
f 4090/4090/4090 4101/4101/4101 4093/4093/4093 
f 4093/4093/4093 4091/4091/4091 4090/4090/4090 
f 4101/4101/4101 4090/4090/4090 4100/4100/4100 
f 4087/4087/4087 4090/4090/4090 4091/4091/4091 
f 4086/4086/4086 4100/4100/4100 4090/4090/4090 
f 4090/4090/4090 4087/4087/4087 4086/4086/4086 
f 4100/4100/4100 4086/4086/4086 4089/4089/4089 
f 4081/4081/4081 4086/4086/4086 4087/4087/4087 
f 4080/4080/4080 4089/4089/4089 4086/4086/4086 
f 4086/4086/4086 4081/4081/4081 4080/4080/4080 
f 4089/4089/4089 4080/4080/4080 4088/4088/4088 
f 3597/3597/3597 4080/4080/4080 4081/4081/4081 
f 3604/3604/3604 4088/4088/4088 4080/4080/4080 
f 4080/4080/4080 3597/3597/3597 3604/3604/3604 
f 4088/4088/4088 3604/3604/3604 3605/3605/3605 
f 3604/3604/3604 3603/3603/3603 3605/3605/3605 
f 3597/3597/3597 3596/3596/3596 3604/3604/3604 
f 3603/3603/3603 3604/3604/3604 3596/3596/3596 
f 3596/3596/3596 3597/3597/3597 3598/3598/3598 
f 3602/3602/3602 3603/3603/3603 3596/3596/3596 
f 3596/3596/3596 3598/3598/3598 3593/3593/3593 
f 3602/3602/3602 3596/3596/3596 3593/3593/3593 
f 3598/3598/3598 3585/3585/3585 3593/3593/3593 
f 3592/3592/3592 3602/3602/3602 3593/3593/3593 
f 3584/3584/3584 3593/3593/3593 3585/3585/3585 
f 3592/3592/3592 3593/3593/3593 3584/3584/3584 
f 3584/3584/3584 3585/3585/3585 3586/3586/3586 
f 3584/3584/3584 3580/3580/3580 3592/3592/3592 
f 3520/3520/3520 3584/3584/3584 3586/3586/3586 
f 3580/3580/3580 3584/3584/3584 3520/3520/3520 
f 3520/3520/3520 3586/3586/3586 3591/3591/3591 
f 3519/3519/3519 3580/3580/3580 3520/3520/3520 
f 3591/3591/3591 3518/3518/3518 3520/3520/3520 
f 3518/3518/3518 3519/3519/3519 3520/3520/3520 
f 3518/3518/3518 3591/3591/3591 3516/3516/3516 
f 3515/3515/3515 3519/3519/3519 3518/3518/3518 
f 3516/3516/3516 3515/3515/3515 3518/3518/3518 
f 3519/3519/3519 3515/3515/3515 3498/3498/3498 
f 3515/3515/3515 3516/3516/3516 3517/3517/3517 
f 3517/3517/3517 3508/3508/3508 3515/3515/3515 
f 3508/3508/3508 3498/3498/3498 3515/3515/3515 
f 3508/3508/3508 3517/3517/3517 3522/3522/3522 
f 3521/3521/3521 3508/3508/3508 3522/3522/3522 
f 3498/3498/3498 3508/3508/3508 3505/3505/3505 
f 3508/3508/3508 3521/3521/3521 3509/3509/3509 
f 3508/3508/3508 3509/3509/3509 3505/3505/3505 
f 3499/3499/3499 3498/3498/3498 3505/3505/3505 
f 3534/3534/3534 3509/3509/3509 3521/3521/3521 
f 3507/3507/3507 3499/3499/3499 3505/3505/3505 
f 3509/3509/3509 3506/3506/3506 3505/3505/3505 
f 3505/3505/3505 3506/3506/3506 3507/3507/3507 
f 3514/3514/3514 3499/3499/3499 3507/3507/3507 
f 3509/3509/3509 3525/3525/3525 3506/3506/3506 
f 3525/3525/3525 3507/3507/3507 3506/3506/3506 
f 3509/3509/3509 3534/3534/3534 3526/3526/3526 
f 3525/3525/3525 3509/3509/3509 3526/3526/3526 
f 3541/3541/3541 3526/3526/3526 3534/3534/3534 
f 3507/3507/3507 3525/3525/3525 3527/3527/3527 
f 3527/3527/3527 3514/3514/3514 3507/3507/3507 
f 3526/3526/3526 3528/3528/3528 3525/3525/3525 
f 3528/3528/3528 3527/3527/3527 3525/3525/3525 
f 4409/4409/4409 4303/4303/4303 4410/4410/4410 
f 4303/4303/4303 4334/4334/4334 4410/4410/4410 
f 4303/4303/4303 4302/4302/4302 4334/4334/4334 
f 4302/4302/4302 4303/4303/4303 4297/4297/4297 
f 4302/4302/4302 4307/4307/4307 4334/4334/4334 
f 4075/4075/4075 4290/4290/4290 4297/4297/4297 
f 4290/4290/4290 4075/4075/4075 4059/4059/4059 
f 4059/4059/4059 4243/4243/4243 4290/4290/4290 
f 4244/4244/4244 4290/4290/4290 4243/4243/4243 
f 4220/4220/4220 4244/4244/4244 4243/4243/4243 
f 4291/4291/4291 4297/4297/4297 4290/4290/4290 
f 4244/4244/4244 4291/4291/4291 4290/4290/4290 
f 4299/4299/4299 4302/4302/4302 4297/4297/4297 
f 4297/4297/4297 4291/4291/4291 4299/4299/4299 
f 4244/4244/4244 4292/4292/4292 4291/4291/4291 
f 4292/4292/4292 4299/4299/4299 4291/4291/4291 
f 4221/4221/4221 4244/4244/4244 4220/4220/4220 
f 4300/4300/4300 4302/4302/4302 4299/4299/4299 
f 4292/4292/4292 4300/4300/4300 4299/4299/4299 
f 4302/4302/4302 4305/4305/4305 4307/4307/4307 
f 4305/4305/4305 4302/4302/4302 4300/4300/4300 
f 4305/4305/4305 4306/4306/4306 4307/4307/4307 
f 4300/4300/4300 4304/4304/4304 4305/4305/4305 
f 4306/4306/4306 4305/4305/4305 4304/4304/4304 
f 4292/4292/4292 4298/4298/4298 4300/4300/4300 
f 4304/4304/4304 4300/4300/4300 4298/4298/4298 
f 4329/4329/4329 4306/4306/4306 4304/4304/4304 
f 4298/4298/4298 4329/4329/4329 4304/4304/4304 
f 4306/4306/4306 4329/4329/4329 4436/4436/4436 
f 4330/4330/4330 4436/4436/4436 4329/4329/4329 
f 4436/4436/4436 4330/4330/4330 4437/4437/4437 
f 4435/4435/4435 4437/4437/4437 4330/4330/4330 
f 4330/4330/4330 4333/4333/4333 4435/4435/4435 
f 4330/4330/4330 4329/4329/4329 4328/4328/4328 
f 4329/4329/4329 4298/4298/4298 4328/4328/4328 
f 4333/4333/4333 4330/4330/4330 4331/4331/4331 
f 4331/4331/4331 4330/4330/4330 4328/4328/4328 
f 4331/4331/4331 4332/4332/4332 4333/4333/4333 
f 4328/4328/4328 4298/4298/4298 4295/4295/4295 
f 4298/4298/4298 4292/4292/4292 4295/4295/4295 
f 4322/4322/4322 4331/4331/4331 4328/4328/4328 
f 4295/4295/4295 4322/4322/4322 4328/4328/4328 
f 4332/4332/4332 4331/4331/4331 4323/4323/4323 
f 4331/4331/4331 4322/4322/4322 4323/4323/4323 
f 4323/4323/4323 4325/4325/4325 4332/4332/4332 
f 4289/4289/4289 4295/4295/4295 4292/4292/4292 
f 4292/4292/4292 4244/4244/4244 4289/4289/4289 
f 4244/4244/4244 4221/4221/4221 4289/4289/4289 
f 4295/4295/4295 4289/4289/4289 4247/4247/4247 
f 4221/4221/4221 4247/4247/4247 4289/4289/4289 
f 4325/4325/4325 4323/4323/4323 4324/4324/4324 
f 4324/4324/4324 4283/4283/4283 4325/4325/4325 
f 4323/4323/4323 4320/4320/4320 4324/4324/4324 
f 4320/4320/4320 4323/4323/4323 4322/4322/4322 
f 4321/4321/4321 4322/4322/4322 4295/4295/4295 
f 4320/4320/4320 4322/4322/4322 4321/4321/4321 
f 4247/4247/4247 4321/4321/4321 4295/4295/4295 
f 4314/4314/4314 4320/4320/4320 4321/4321/4321 
f 4321/4321/4321 4247/4247/4247 4314/4314/4314 
f 4324/4324/4324 4320/4320/4320 4319/4319/4319 
f 4320/4320/4320 4314/4314/4314 4319/4319/4319 
f 4283/4283/4283 4324/4324/4324 4271/4271/4271 
f 4319/4319/4319 4271/4271/4271 4324/4324/4324 
f 4271/4271/4271 4270/4270/4270 4283/4283/4283 
f 4314/4314/4314 4268/4268/4268 4319/4319/4319 
f 4271/4271/4271 4319/4319/4319 4268/4268/4268 
f 4270/4270/4270 4271/4271/4271 4267/4267/4267 
f 4271/4271/4271 4268/4268/4268 4267/4267/4267 
f 4267/4267/4267 4269/4269/4269 4270/4270/4270 
f 4268/4268/4268 4314/4314/4314 4257/4257/4257 
f 4247/4247/4247 4257/4257/4257 4314/4314/4314 
f 4267/4267/4267 4268/4268/4268 4254/4254/4254 
f 4257/4257/4257 4254/4254/4254 4268/4268/4268 
f 4269/4269/4269 4267/4267/4267 3767/3767/3767 
f 3767/3767/3767 3769/3769/3769 4269/4269/4269 
f 3767/3767/3767 3768/3768/3768 3769/3769/3769 
f 4267/4267/4267 3759/3759/3759 3767/3767/3767 
f 3759/3759/3759 4267/4267/4267 4254/4254/4254 
f 3768/3768/3768 3767/3767/3767 3766/3766/3766 
f 3759/3759/3759 3766/3766/3766 3767/3767/3767 
f 3766/3766/3766 3763/3763/3763 3768/3768/3768 
f 4254/4254/4254 3758/3758/3758 3759/3759/3759 
f 3763/3763/3763 3766/3766/3766 3704/3704/3704 
f 3704/3704/3704 3717/3717/3717 3763/3763/3763 
f 3766/3766/3766 3759/3759/3759 3757/3757/3757 
f 3758/3758/3758 3757/3757/3757 3759/3759/3759 
f 3766/3766/3766 3693/3693/3693 3704/3704/3704 
f 3693/3693/3693 3766/3766/3766 3757/3757/3757 
f 3717/3717/3717 3704/3704/3704 3716/3716/3716 
f 3716/3716/3716 3712/3712/3712 3717/3717/3717 
f 3692/3692/3692 3704/3704/3704 3693/3693/3693 
f 3704/3704/3704 3692/3692/3692 3716/3716/3716 
f 3712/3712/3712 3716/3716/3716 3711/3711/3711 
f 3711/3711/3711 3710/3710/3710 3712/3712/3712 
f 3715/3715/3715 3716/3716/3716 3692/3692/3692 
f 3716/3716/3716 3715/3715/3715 3711/3711/3711 
f 3692/3692/3692 3693/3693/3693 3694/3694/3694 
f 3694/3694/3694 3715/3715/3715 3692/3692/3692 
f 3695/3695/3695 3694/3694/3694 3693/3693/3693 
f 3693/3693/3693 3757/3757/3757 3695/3695/3695 
f 3710/3710/3710 3711/3711/3711 3709/3709/3709 
f 3709/3709/3709 3713/3713/3713 3710/3710/3710 
f 3715/3715/3715 3707/3707/3707 3711/3711/3711 
f 3707/3707/3707 3709/3709/3709 3711/3711/3711 
f 3715/3715/3715 3694/3694/3694 3714/3714/3714 
f 3707/3707/3707 3715/3715/3715 3714/3714/3714 
f 3659/3659/3659 3714/3714/3714 3694/3694/3694 
f 3695/3695/3695 3659/3659/3659 3694/3694/3694 
f 3658/3658/3658 3707/3707/3707 3714/3714/3714 
f 3714/3714/3714 3659/3659/3659 3658/3658/3658 
f 3709/3709/3709 3707/3707/3707 3706/3706/3706 
f 3707/3707/3707 3658/3658/3658 3706/3706/3706 
f 3713/3713/3713 3709/3709/3709 3708/3708/3708 
f 3708/3708/3708 3709/3709/3709 3706/3706/3706 
f 3708/3708/3708 3818/3818/3818 3713/3713/3713 
f 3818/3818/3818 3708/3708/3708 3819/3819/3819 
f 3708/3708/3708 3817/3817/3817 3819/3819/3819 
f 3705/3705/3705 3817/3817/3817 3708/3708/3708 
f 3708/3708/3708 3706/3706/3706 3705/3705/3705 
f 3705/3705/3705 3682/3682/3682 3817/3817/3817 
f 3682/3682/3682 3705/3705/3705 3677/3677/3677 
f 3680/3680/3680 3705/3705/3705 3706/3706/3706 
f 3705/3705/3705 3680/3680/3680 3677/3677/3677 
f 3706/3706/3706 3658/3658/3658 3680/3680/3680 
f 3680/3680/3680 3678/3678/3678 3677/3677/3677 
f 3680/3680/3680 3648/3648/3648 3678/3678/3678 
f 3648/3648/3648 3680/3680/3680 3658/3658/3658 
f 3658/3658/3658 3649/3649/3649 3648/3648/3648 
f 3646/3646/3646 3648/3648/3648 3649/3649/3649 
f 3649/3649/3649 3658/3658/3658 3659/3659/3659 
f 3649/3649/3649 3651/3651/3651 3646/3646/3646 
f 3659/3659/3659 3651/3651/3651 3649/3649/3649 
f 3651/3651/3651 3666/3666/3666 3646/3646/3646 
f 3699/3699/3699 3651/3651/3651 3659/3659/3659 
f 3659/3659/3659 3695/3695/3695 3699/3699/3699 
f 3666/3666/3666 3651/3651/3651 3728/3728/3728 
f 3728/3728/3728 3729/3729/3729 3666/3666/3666 
f 3651/3651/3651 3699/3699/3699 3735/3735/3735 
f 3735/3735/3735 3728/3728/3728 3651/3651/3651 
f 3748/3748/3748 3699/3699/3699 3695/3695/3695 
f 3699/3699/3699 3748/3748/3748 3735/3735/3735 
f 3748/3748/3748 3695/3695/3695 3757/3757/3757 
f 3757/3757/3757 3758/3758/3758 3748/3748/3748 
f 3748/3748/3748 3739/3739/3739 3735/3735/3735 
f 3728/3728/3728 3735/3735/3735 3739/3739/3739 
f 3739/3739/3739 3748/3748/3748 3758/3758/3758 
f 3729/3729/3729 3728/3728/3728 3738/3738/3738 
f 3739/3739/3739 3738/3738/3738 3728/3728/3728 
f 3738/3738/3738 3737/3737/3737 3729/3729/3729 
f 3738/3738/3738 4216/4216/4216 3737/3737/3737 
f 4216/4216/4216 3738/3738/3738 4218/4218/4218 
f 3739/3739/3739 4218/4218/4218 3738/3738/3738 
f 4218/4218/4218 4220/4220/4220 4216/4216/4216 
f 4220/4220/4220 4218/4218/4218 4221/4221/4221 
f 4219/4219/4219 4218/4218/4218 3739/3739/3739 
f 4219/4219/4219 4221/4221/4221 4218/4218/4218 
f 4250/4250/4250 3739/3739/3739 3758/3758/3758 
f 3739/3739/3739 4250/4250/4250 4219/4219/4219 
f 3758/3758/3758 4254/4254/4254 4250/4250/4250 
f 4254/4254/4254 4257/4257/4257 4250/4250/4250 
f 4250/4250/4250 4236/4236/4236 4219/4219/4219 
f 4221/4221/4221 4219/4219/4219 4236/4236/4236 
f 4236/4236/4236 4250/4250/4250 4257/4257/4257 
f 4247/4247/4247 4221/4221/4221 4236/4236/4236 
f 4257/4257/4257 4247/4247/4247 4236/4236/4236 
f 3295/3295/3295 3296/3296/3296 3297/3297/3297 
f 3296/3296/3296 3295/3295/3295 3298/3298/3298 
f 3301/3301/3301 3295/3295/3295 3297/3297/3297 
f 3298/3298/3298 3300/3300/3300 3296/3296/3296 
f 3300/3300/3300 3298/3298/3298 3316/3316/3316 
f 3305/3305/3305 3301/3301/3301 3297/3297/3297 
f 3305/3305/3305 3312/3312/3312 3301/3301/3301 
f 3316/3316/3316 3315/3315/3315 3300/3300/3300 
f 3315/3315/3315 3316/3316/3316 3417/3417/3417 
f 3312/3312/3312 3305/3305/3305 3384/3384/3384 
f 3384/3384/3384 3373/3373/3373 3312/3312/3312 
f 3417/3417/3417 3410/3410/3410 3315/3315/3315 
f 3410/3410/3410 3417/3417/3417 3418/3418/3418 
f 3373/3373/3373 3384/3384/3384 3374/3374/3374 
f 3373/3373/3373 3374/3374/3374 3367/3367/3367 
f 3418/3418/3418 3419/3419/3419 3410/3410/3410 
f 3419/3419/3419 3418/3418/3418 3426/3426/3426 
f 3409/3409/3409 3315/3315/3315 3410/3410/3410 
f 3426/3426/3426 3425/3425/3425 3419/3419/3419 
f 3425/3425/3425 3426/3426/3426 3429/3429/3429 
f 3910/3910/3910 3425/3425/3425 3429/3429/3429 
f 3411/3411/3411 3410/3410/3410 3419/3419/3419 
f 3410/3410/3410 3411/3411/3411 3409/3409/3409 
f 3422/3422/3422 3419/3419/3419 3425/3425/3425 
f 3419/3419/3419 3422/3422/3422 3411/3411/3411 
f 3425/3425/3425 3910/3910/3910 3905/3905/3905 
f 3905/3905/3905 3422/3422/3422 3425/3425/3425 
f 3913/3913/3913 3905/3905/3905 3910/3910/3910 
f 3905/3905/3905 3913/3913/3913 3907/3907/3907 
f 3924/3924/3924 3907/3907/3907 3913/3913/3913 
f 3422/3422/3422 3905/3905/3905 3906/3906/3906 
f 3907/3907/3907 3906/3906/3906 3905/3905/3905 
f 3423/3423/3423 3411/3411/3411 3422/3422/3422 
f 3422/3422/3422 3906/3906/3906 3423/3423/3423 
f 3411/3411/3411 3423/3423/3423 3412/3412/3412 
f 3412/3412/3412 3409/3409/3409 3411/3411/3411 
f 3907/3907/3907 3924/3924/3924 3923/3923/3923 
f 3927/3927/3927 3923/3923/3923 3924/3924/3924 
f 3906/3906/3906 3907/3907/3907 3919/3919/3919 
f 3923/3923/3923 3919/3919/3919 3907/3907/3907 
f 3906/3906/3906 3908/3908/3908 3423/3423/3423 
f 3906/3906/3906 3919/3919/3919 3908/3908/3908 
f 3412/3412/3412 3423/3423/3423 3424/3424/3424 
f 3423/3423/3423 3908/3908/3908 3424/3424/3424 
f 3923/3923/3923 3927/3927/3927 3993/3993/3993 
f 3995/3995/3995 3993/3993/3993 3927/3927/3927 
f 3919/3919/3919 3923/3923/3923 3921/3921/3921 
f 3993/3993/3993 3921/3921/3921 3923/3923/3923 
f 3919/3919/3919 3920/3920/3920 3908/3908/3908 
f 3919/3919/3919 3921/3921/3921 3920/3920/3920 
f 3909/3909/3909 3424/3424/3424 3908/3908/3908 
f 3920/3920/3920 3909/3909/3909 3908/3908/3908 
f 3993/3993/3993 3995/3995/3995 3996/3996/3996 
f 3996/3996/3996 3995/3995/3995 4007/4007/4007 
f 3921/3921/3921 3993/3993/3993 3994/3994/3994 
f 3996/3996/3996 3994/3994/3994 3993/3993/3993 
f 3921/3921/3921 3997/3997/3997 3920/3920/3920 
f 3997/3997/3997 3921/3921/3921 3994/3994/3994 
f 3909/3909/3909 3920/3920/3920 3922/3922/3922 
f 3920/3920/3920 3997/3997/3997 3922/3922/3922 
f 4007/4007/4007 4008/4008/4008 3996/3996/3996 
f 4011/4011/4011 4008/4008/4008 4007/4007/4007 
f 3994/3994/3994 3996/3996/3996 4009/4009/4009 
f 4009/4009/4009 3996/3996/3996 4008/4008/4008 
f 3994/3994/3994 4010/4010/4010 3997/3997/3997 
f 4010/4010/4010 3994/3994/3994 4009/4009/4009 
f 3922/3922/3922 3997/3997/3997 4018/4018/4018 
f 4010/4010/4010 4018/4018/4018 3997/3997/3997 
f 4008/4008/4008 4011/4011/4011 4017/4017/4017 
f 4016/4016/4016 4017/4017/4017 4011/4011/4011 
f 4032/4032/4032 4009/4009/4009 4008/4008/4008 
f 4032/4032/4032 4008/4008/4008 4017/4017/4017 
f 4009/4009/4009 4030/4030/4030 4010/4010/4010 
f 4030/4030/4030 4009/4009/4009 4032/4032/4032 
f 4018/4018/4018 4010/4010/4010 4031/4031/4031 
f 4031/4031/4031 4010/4010/4010 4030/4030/4030 
f 4017/4017/4017 4016/4016/4016 4056/4056/4056 
f 4055/4055/4055 4056/4056/4056 4016/4016/4016 
f 4017/4017/4017 4033/4033/4033 4032/4032/4032 
f 4056/4056/4056 4033/4033/4033 4017/4017/4017 
f 4034/4034/4034 4030/4030/4030 4032/4032/4032 
f 4033/4033/4033 4034/4034/4034 4032/4032/4032 
f 4160/4160/4160 4031/4031/4031 4030/4030/4030 
f 4160/4160/4160 4030/4030/4030 4034/4034/4034 
f 4056/4056/4056 4055/4055/4055 4060/4060/4060 
f 4058/4058/4058 4060/4060/4060 4055/4055/4055 
f 4033/4033/4033 4056/4056/4056 4072/4072/4072 
f 4060/4060/4060 4072/4072/4072 4056/4056/4056 
f 4034/4034/4034 4033/4033/4033 4035/4035/4035 
f 4072/4072/4072 4035/4035/4035 4033/4033/4033 
f 4035/4035/4035 4185/4185/4185 4034/4034/4034 
f 4034/4034/4034 4185/4185/4185 4160/4160/4160 
f 4317/4317/4317 4316/4316/4316 4315/4315/4315 
f 4310/4310/4310 4315/4315/4315 4316/4316/4316 
f 4315/4315/4315 4318/4318/4318 4317/4317/4317 
f 4237/4237/4237 4309/4309/4309 4310/4310/4310 
f 4315/4315/4315 4310/4310/4310 4309/4309/4309 
f 4318/4318/4318 4315/4315/4315 4312/4312/4312 
f 4309/4309/4309 4312/4312/4312 4315/4315/4315 
f 4312/4312/4312 4313/4313/4313 4318/4318/4318 
f 4312/4312/4312 4311/4311/4311 4313/4313/4313 
f 4311/4311/4311 4281/4281/4281 4313/4313/4313 
f 4312/4312/4312 4309/4309/4309 4279/4279/4279 
f 4279/4279/4279 4311/4311/4311 4312/4312/4312 
f 4309/4309/4309 4237/4237/4237 4259/4259/4259 
f 4259/4259/4259 4279/4279/4279 4309/4309/4309 
f 4259/4259/4259 4237/4237/4237 4253/4253/4253 
f 4253/4253/4253 4237/4237/4237 4232/4232/4232 
f 4253/4253/4253 4232/4232/4232 4251/4251/4251 
f 4255/4255/4255 4253/4253/4253 4251/4251/4251 
f 4255/4255/4255 4251/4251/4251 4256/4256/4256 
f 4261/4261/4261 4255/4255/4255 4256/4256/4256 
f 4253/4253/4253 4255/4255/4255 4258/4258/4258 
f 4258/4258/4258 4259/4259/4259 4253/4253/4253 
f 4255/4255/4255 4261/4261/4261 4262/4262/4262 
f 4262/4262/4262 4258/4258/4258 4255/4255/4255 
f 4266/4266/4266 4262/4262/4262 4261/4261/4261 
f 4259/4259/4259 4258/4258/4258 4260/4260/4260 
f 4279/4279/4279 4259/4259/4259 4260/4260/4260 
f 4258/4258/4258 4262/4262/4262 4263/4263/4263 
f 4263/4263/4263 4260/4260/4260 4258/4258/4258 
f 4262/4262/4262 4266/4266/4266 4264/4264/4264 
f 4262/4262/4262 4264/4264/4264 4263/4263/4263 
f 4280/4280/4280 4264/4264/4264 4266/4266/4266 
f 4260/4260/4260 4263/4263/4263 4265/4265/4265 
f 4264/4264/4264 4265/4265/4265 4263/4263/4263 
f 4260/4260/4260 4278/4278/4278 4279/4279/4279 
f 4278/4278/4278 4260/4260/4260 4265/4265/4265 
f 4311/4311/4311 4279/4279/4279 4278/4278/4278 
f 4264/4264/4264 4280/4280/4280 4277/4277/4277 
f 4265/4265/4265 4264/4264/4264 4277/4277/4277 
f 4281/4281/4281 4277/4277/4277 4280/4280/4280 
f 4265/4265/4265 4276/4276/4276 4278/4278/4278 
f 4278/4278/4278 4276/4276/4276 4311/4311/4311 
f 4276/4276/4276 4265/4265/4265 4277/4277/4277 
f 4311/4311/4311 4276/4276/4276 4281/4281/4281 
f 4277/4277/4277 4281/4281/4281 4276/4276/4276 
f 3652/3652/3652 3653/3653/3653 3654/3654/3654 
f 3657/3657/3657 3652/3652/3652 3654/3654/3654 
f 3652/3652/3652 3655/3655/3655 3653/3653/3653 
f 3655/3655/3655 3661/3661/3661 3653/3653/3653 
f 3652/3652/3652 3657/3657/3657 3684/3684/3684 
f 3687/3687/3687 3684/3684/3684 3657/3657/3657 
f 3656/3656/3656 3655/3655/3655 3652/3652/3652 
f 3684/3684/3684 3687/3687/3687 3685/3685/3685 
f 3688/3688/3688 3685/3685/3685 3687/3687/3687 
f 3683/3683/3683 3652/3652/3652 3684/3684/3684 
f 3685/3685/3685 3683/3683/3683 3684/3684/3684 
f 3652/3652/3652 3683/3683/3683 3656/3656/3656 
f 3685/3685/3685 3688/3688/3688 3689/3689/3689 
f 3688/3688/3688 3691/3691/3691 3689/3689/3689 
f 3683/3683/3683 3685/3685/3685 3686/3686/3686 
f 3686/3686/3686 3685/3685/3685 3689/3689/3689 
f 3698/3698/3698 3656/3656/3656 3683/3683/3683 
f 3686/3686/3686 3698/3698/3698 3683/3683/3683 
f 3696/3696/3696 3689/3689/3689 3691/3691/3691 
f 3691/3691/3691 3703/3703/3703 3696/3696/3696 
f 3690/3690/3690 3686/3686/3686 3689/3689/3689 
f 3689/3689/3689 3696/3696/3696 3690/3690/3690 
f 3697/3697/3697 3686/3686/3686 3690/3690/3690 
f 3698/3698/3698 3686/3686/3686 3697/3697/3697 
f 3701/3701/3701 3690/3690/3690 3696/3696/3696 
f 3696/3696/3696 3703/3703/3703 3702/3702/3702 
f 3701/3701/3701 3696/3696/3696 3702/3702/3702 
f 3703/3703/3703 3760/3760/3760 3702/3702/3702 
f 3760/3760/3760 3703/3703/3703 3762/3762/3762 
f 3754/3754/3754 3701/3701/3701 3702/3702/3702 
f 3702/3702/3702 3760/3760/3760 3754/3754/3754 
f 3700/3700/3700 3690/3690/3690 3701/3701/3701 
f 3754/3754/3754 3700/3700/3700 3701/3701/3701 
f 3690/3690/3690 3700/3700/3700 3697/3697/3697 
f 3762/3762/3762 3753/3753/3753 3760/3760/3760 
f 3753/3753/3753 3754/3754/3754 3760/3760/3760 
f 3753/3753/3753 3762/3762/3762 3761/3761/3761 
f 3752/3752/3752 3700/3700/3700 3754/3754/3754 
f 3754/3754/3754 3753/3753/3753 3752/3752/3752 
f 3747/3747/3747 3697/3697/3697 3700/3700/3700 
f 3700/3700/3700 3752/3752/3752 3747/3747/3747 
f 3751/3751/3751 3752/3752/3752 3753/3753/3753 
f 3761/3761/3761 3751/3751/3751 3753/3753/3753 
f 3751/3751/3751 3747/3747/3747 3752/3752/3752 
f 3751/3751/3751 3761/3761/3761 3749/3749/3749 
f 3697/3697/3697 3747/3747/3747 3745/3745/3745 
f 3747/3747/3747 3751/3751/3751 3746/3746/3746 
f 3749/3749/3749 3746/3746/3746 3751/3751/3751 
f 3746/3746/3746 3745/3745/3745 3747/3747/3747 
f 3746/3746/3746 3749/3749/3749 3750/3750/3750 
f 3697/3697/3697 3745/3745/3745 3698/3698/3698 
f 3750/3750/3750 3755/3755/3755 3746/3746/3746 
f 3745/3745/3745 3746/3746/3746 3755/3755/3755 
f 3755/3755/3755 3750/3750/3750 3756/3756/3756 
f 3745/3745/3745 3733/3733/3733 3698/3698/3698 
f 3733/3733/3733 3745/3745/3745 3755/3755/3755 
f 3756/3756/3756 3734/3734/3734 3755/3755/3755 
f 3755/3755/3755 3734/3734/3734 3733/3733/3733 
f 3306/3306/3306 3307/3307/3307 3308/3308/3308 
f 3307/3307/3307 3313/3313/3313 3308/3308/3308 
f 3310/3310/3310 3307/3307/3307 3306/3306/3306 
f 3309/3309/3309 3310/3310/3310 3306/3306/3306 
f 3309/3309/3309 3311/3311/3311 3310/3310/3310 
f 3319/3319/3319 3311/3311/3311 3309/3309/3309 
f 3319/3319/3319 3320/3320/3320 3311/3311/3311 
f 3320/3320/3320 3319/3319/3319 3321/3321/3321 
f 3321/3321/3321 3416/3416/3416 3320/3320/3320 
f 3416/3416/3416 3321/3321/3321 3414/3414/3414 
f 3414/3414/3414 3415/3415/3415 3416/3416/3416 
f 3420/3420/3420 3415/3415/3415 3414/3414/3414 
f 3420/3420/3420 3421/3421/3421 3415/3415/3415 
f 3421/3421/3421 3420/3420/3420 3427/3427/3427 
f 3427/3427/3427 3428/3428/3428 3421/3421/3421 
f 3428/3428/3428 3427/3427/3427 3452/3452/3452 
f 3911/3911/3911 3428/3428/3428 3452/3452/3452 
f 3428/3428/3428 3911/3911/3911 3912/3912/3912 
f 3914/3914/3914 3912/3912/3912 3911/3911/3911 
f 3912/3912/3912 3914/3914/3914 3915/3915/3915 
f 3925/3925/3925 3915/3915/3915 3914/3914/3914 
f 3482/3482/3482 3483/3483/3483 3466/3466/3466 
f 3483/3483/3483 3482/3482/3482 3484/3484/3484 
f 3482/3482/3482 3955/3955/3955 3484/3484/3484 
f 3466/3466/3466 3481/3481/3481 3482/3482/3482 
f 3481/3481/3481 3466/3466/3466 3468/3468/3468 
f 3956/3956/3956 3955/3955/3955 3482/3482/3482 
f 3481/3481/3481 3956/3956/3956 3482/3482/3482 
f 3956/3956/3956 3957/3957/3957 3955/3955/3955 
f 3736/3736/3736 3481/3481/3481 3468/3468/3468 
f 3468/3468/3468 3725/3725/3725 3736/3736/3736 
f 3959/3959/3959 3956/3956/3956 3481/3481/3481 
f 3736/3736/3736 3959/3959/3959 3481/3481/3481 
f 3960/3960/3960 3957/3957/3957 3956/3956/3956 
f 3959/3959/3959 3960/3960/3960 3956/3956/3956 
f 3969/3969/3969 3957/3957/3957 3960/3960/3960 
f 3725/3725/3725 3737/3737/3737 3736/3736/3736 
f 3737/3737/3737 3725/3725/3725 3729/3729/3729 
f 4215/4215/4215 3959/3959/3959 3736/3736/3736 
f 3737/3737/3737 4215/4215/4215 3736/3736/3736 
f 3960/3960/3960 3959/3959/3959 3970/3970/3970 
f 4215/4215/4215 3970/3970/3970 3959/3959/3959 
f 3971/3971/3971 3969/3969/3969 3960/3960/3960 
f 3970/3970/3970 3971/3971/3971 3960/3960/3960 
f 3972/3972/3972 3969/3969/3969 3971/3971/3971 
f 4045/4045/4045 3972/3972/3972 3971/3971/3971 
f 4045/4045/4045 4047/4047/4047 3972/3972/3972 
f 4046/4046/4046 3971/3971/3971 3970/3970/3970 
f 4045/4045/4045 3971/3971/3971 4046/4046/4046 
f 3970/3970/3970 4215/4215/4215 4217/4217/4217 
f 4217/4217/4217 4046/4046/4046 3970/3970/3970 
f 4047/4047/4047 4045/4045/4045 4057/4057/4057 
f 4216/4216/4216 4217/4217/4217 4215/4215/4215 
f 4215/4215/4215 3737/3737/3737 4216/4216/4216 
f 4057/4057/4057 4058/4058/4058 4047/4047/4047 
f 4059/4059/4059 4045/4045/4045 4046/4046/4046 
f 4059/4059/4059 4057/4057/4057 4045/4045/4045 
f 4046/4046/4046 4217/4217/4217 4243/4243/4243 
f 4243/4243/4243 4059/4059/4059 4046/4046/4046 
f 4220/4220/4220 4243/4243/4243 4217/4217/4217 
f 4217/4217/4217 4216/4216/4216 4220/4220/4220 
f 4058/4058/4058 4057/4057/4057 4061/4061/4061 
f 4060/4060/4060 4058/4058/4058 4061/4061/4061 
f 4057/4057/4057 4059/4059/4059 4075/4075/4075 
f 4061/4061/4061 4073/4073/4073 4060/4060/4060 
f 4072/4072/4072 4060/4060/4060 4073/4073/4073 
f 4073/4073/4073 4077/4077/4077 4072/4072/4072 
f 4057/4057/4057 4074/4074/4074 4061/4061/4061 
f 4073/4073/4073 4061/4061/4061 4074/4074/4074 
f 4074/4074/4074 4057/4057/4057 4075/4075/4075 
f 4077/4077/4077 4073/4073/4073 4076/4076/4076 
f 4073/4073/4073 4074/4074/4074 4076/4076/4076 
f 4076/4076/4076 4188/4188/4188 4077/4077/4077 
f 4296/4296/4296 4074/4074/4074 4075/4075/4075 
f 4074/4074/4074 4296/4296/4296 4076/4076/4076 
f 4188/4188/4188 4076/4076/4076 4189/4189/4189 
f 4076/4076/4076 4296/4296/4296 4189/4189/4189 
f 4189/4189/4189 4190/4190/4190 4188/4188/4188 
f 4190/4190/4190 4189/4189/4189 4199/4199/4199 
f 4189/4189/4189 4301/4301/4301 4199/4199/4199 
f 4301/4301/4301 4189/4189/4189 4296/4296/4296 
f 4301/4301/4301 4409/4409/4409 4199/4199/4199 
f 4075/4075/4075 4297/4297/4297 4296/4296/4296 
f 4297/4297/4297 4301/4301/4301 4296/4296/4296 
f 4303/4303/4303 4409/4409/4409 4301/4301/4301 
f 4301/4301/4301 4297/4297/4297 4303/4303/4303 
f 4222/4222/4222 4223/4223/4223 4224/4224/4224 
f 4223/4223/4223 4222/4222/4222 4235/4235/4235 
f 4239/4239/4239 4235/4235/4235 4222/4222/4222 
f 4223/4223/4223 4229/4229/4229 4224/4224/4224 
f 4229/4229/4229 4223/4223/4223 4230/4230/4230 
f 4222/4222/4222 4227/4227/4227 4239/4239/4239 
f 4227/4227/4227 4240/4240/4240 4239/4239/4239 
f 4230/4230/4230 4231/4231/4231 4229/4229/4229 
f 4231/4231/4231 4230/4230/4230 4249/4249/4249 
f 4249/4249/4249 4252/4252/4252 4231/4231/4231 
f 4240/4240/4240 4227/4227/4227 4241/4241/4241 
f 4241/4241/4241 4242/4242/4242 4240/4240/4240 
f 4251/4251/4251 4231/4231/4231 4252/4252/4252 
f 4252/4252/4252 4256/4256/4256 4251/4251/4251 
f 4232/4232/4232 4229/4229/4229 4231/4231/4231 
f 4251/4251/4251 4232/4232/4232 4231/4231/4231 
f 4242/4242/4242 4241/4241/4241 4245/4245/4245 
f 4285/4285/4285 4242/4242/4242 4245/4245/4245 
f 4238/4238/4238 4245/4245/4245 4241/4241/4241 
f 4227/4227/4227 4238/4238/4238 4241/4241/4241 
f 4245/4245/4245 4284/4284/4284 4285/4285/4285 
f 4238/4238/4238 4227/4227/4227 4226/4226/4226 
f 4227/4227/4227 4222/4222/4222 4226/4226/4226 
f 4238/4238/4238 4246/4246/4246 4245/4245/4245 
f 4284/4284/4284 4245/4245/4245 4246/4246/4246 
f 4226/4226/4226 4228/4228/4228 4238/4238/4238 
f 4228/4228/4228 4246/4246/4246 4238/4238/4238 
f 4222/4222/4222 4225/4225/4225 4226/4226/4226 
f 4228/4228/4228 4226/4226/4226 4225/4225/4225 
f 4225/4225/4225 4222/4222/4222 4224/4224/4224 
f 4248/4248/4248 4246/4246/4246 4228/4228/4228 
f 4248/4248/4248 4284/4284/4284 4246/4246/4246 
f 4225/4225/4225 4234/4234/4234 4228/4228/4228 
f 4234/4234/4234 4248/4248/4248 4228/4228/4228 
f 4224/4224/4224 4233/4233/4233 4225/4225/4225 
f 4234/4234/4234 4225/4225/4225 4233/4233/4233 
f 4233/4233/4233 4224/4224/4224 4229/4229/4229 
f 4229/4229/4229 4232/4232/4232 4233/4233/4233 
f 4233/4233/4233 4237/4237/4237 4234/4234/4234 
f 4237/4237/4237 4233/4233/4233 4232/4232/4232 
f 4234/4234/4234 4286/4286/4286 4248/4248/4248 
f 4237/4237/4237 4286/4286/4286 4234/4234/4234 
f 4287/4287/4287 4284/4284/4284 4248/4248/4248 
f 4286/4286/4286 4287/4287/4287 4248/4248/4248 
f 4287/4287/4287 4285/4285/4285 4284/4284/4284 
f 4285/4285/4285 4287/4287/4287 4288/4288/4288 
f 4287/4287/4287 4293/4293/4293 4288/4288/4288 
f 4287/4287/4287 4286/4286/4286 4293/4293/4293 
f 4294/4294/4294 4288/4288/4288 4293/4293/4293 
f 4293/4293/4293 4308/4308/4308 4294/4294/4294 
f 4308/4308/4308 4293/4293/4293 4316/4316/4316 
f 4316/4316/4316 4317/4317/4317 4308/4308/4308 
f 4310/4310/4310 4293/4293/4293 4286/4286/4286 
f 4316/4316/4316 4293/4293/4293 4310/4310/4310 
f 4237/4237/4237 4310/4310/4310 4286/4286/4286 
f 3915/3915/3915 3925/3925/3925 3926/3926/3926 
f 3925/3925/3925 3928/3928/3928 3926/3926/3926 
f 3928/3928/3928 3929/3929/3929 3926/3926/3926 
f 3999/3999/3999 3929/3929/3929 3928/3928/3928 
f 3929/3929/3929 3999/3999/3999 4000/4000/4000 
f 4001/4001/4001 4000/4000/4000 3999/3999/3999 
f 4000/4000/4000 4001/4001/4001 4006/4006/4006 
f 4006/4006/4006 4001/4001/4001 4012/4012/4012 
f 4006/4006/4006 4012/4012/4012 4013/4013/4013 
f 4013/4013/4013 4012/4012/4012 4014/4014/4014 
f 4015/4015/4015 4013/4013/4013 4014/4014/4014 
f 4014/4014/4014 4051/4051/4051 4052/4052/4052 
f 4051/4051/4051 4014/4014/4014 4050/4050/4050 
f 4051/4051/4051 4050/4050/4050 4048/4048/4048 
f 4042/4042/4042 4048/4048/4048 4050/4050/4050 
f 4048/4048/4048 4042/4042/4042 4044/4044/4044 
f 4042/4042/4042 4043/4043/4043 4044/4044/4044 
f 4043/4043/4043 3968/3968/3968 4044/4044/4044 
f 3968/3968/3968 4043/4043/4043 3963/3963/3963 
f 3963/3963/3963 3962/3962/3962 3968/3968/3968 
f 3962/3962/3962 3963/3963/3963 3961/3961/3961 
f 3958/3958/3958 3962/3962/3962 3961/3961/3961 
f 3958/3958/3958 3961/3961/3961 3954/3954/3954 
f 3953/3953/3953 3958/3958/3958 3954/3954/3954 
f 3953/3953/3953 3954/3954/3954 3947/3947/3947 
f 3947/3947/3947 3469/3469/3469 3953/3953/3953 
f 3469/3469/3469 3947/3947/3947 3470/3470/3470 
f 3469/3469/3469 3470/3470/3470 3471/3471/3471 
f 3480/3480/3480 3469/3469/3469 3471/3471/3471 
f 3456/3456/3456 3480/3480/3480 3471/3471/3471 
f 3480/3480/3480 3456/3456/3456 3455/3455/3455 
f 3455/3455/3455 3456/3456/3456 3454/3454/3454 
f 3453/3453/3453 3455/3455/3455 3454/3454/3454 
f 3383/3383/3383 3453/3453/3453 3454/3454/3454 
f 3453/3453/3453 3383/3383/3383 3382/3382/3382 
f 3382/3382/3382 3383/3383/3383 3378/3378/3378 
f 3377/3377/3377 3382/3382/3382 3378/3378/3378 
f 3366/3366/3366 3377/3377/3377 3378/3378/3378 
f 3377/3377/3377 3366/3366/3366 3365/3365/3365 
f 3357/3357/3357 3365/3365/3365 3366/3366/3366 
f 3357/3357/3357 3356/3356/3356 3365/3365/3365 
f 3356/3356/3356 3357/3357/3357 3308/3308/3308 
f 3308/3308/3308 3355/3355/3355 3356/3356/3356 
f 3734/3734/3734 3756/3756/3756 3744/3744/3744 
f 3730/3730/3730 3734/3734/3734 3744/3744/3744 
f 3732/3732/3732 3733/3733/3733 3734/3734/3734 
f 3734/3734/3734 3730/3730/3730 3732/3732/3732 
f 3731/3731/3731 3698/3698/3698 3733/3733/3733 
f 3733/3733/3733 3732/3732/3732 3731/3731/3731 
f 3723/3723/3723 3732/3732/3732 3730/3730/3730 
f 3723/3723/3723 3731/3731/3731 3732/3732/3732 
f 3723/3723/3723 3730/3730/3730 3724/3724/3724 
f 3698/3698/3698 3731/3731/3731 3669/3669/3669 
f 3724/3724/3724 3721/3721/3721 3723/3723/3723 
f 3721/3721/3721 3724/3724/3724 3743/3743/3743 
f 3731/3731/3731 3723/3723/3723 3722/3722/3722 
f 3721/3721/3721 3722/3722/3722 3723/3723/3723 
f 3722/3722/3722 3669/3669/3669 3731/3731/3731 
f 3742/3742/3742 3721/3721/3721 3743/3743/3743 
f 3656/3656/3656 3698/3698/3698 3669/3669/3669 
f 3721/3721/3721 3742/3742/3742 3727/3727/3727 
f 3741/3741/3741 3727/3727/3727 3742/3742/3742 
f 3722/3722/3722 3721/3721/3721 3726/3726/3726 
f 3727/3727/3727 3726/3726/3726 3721/3721/3721 
f 3669/3669/3669 3722/3722/3722 3670/3670/3670 
f 3726/3726/3726 3670/3670/3670 3722/3722/3722 
f 3669/3669/3669 3668/3668/3668 3656/3656/3656 
f 3668/3668/3668 3669/3669/3669 3670/3670/3670 
f 3655/3655/3655 3656/3656/3656 3668/3668/3668 
f 3727/3727/3727 3741/3741/3741 3740/3740/3740 
f 3665/3665/3665 3740/3740/3740 3741/3741/3741 
f 3727/3727/3727 3664/3664/3664 3726/3726/3726 
f 3670/3670/3670 3726/3726/3726 3664/3664/3664 
f 3664/3664/3664 3727/3727/3727 3740/3740/3740 
f 3740/3740/3740 3665/3665/3665 3660/3660/3660 
f 3660/3660/3660 3664/3664/3664 3740/3740/3740 
f 3661/3661/3661 3660/3660/3660 3665/3665/3665 
f 3670/3670/3670 3664/3664/3664 3663/3663/3663 
f 3664/3664/3664 3660/3660/3660 3663/3663/3663 
f 3668/3668/3668 3670/3670/3670 3663/3663/3663 
f 3660/3660/3660 3661/3661/3661 3662/3662/3662 
f 3662/3662/3662 3663/3663/3663 3660/3660/3660 
f 3668/3668/3668 3663/3663/3663 3662/3662/3662 
f 3661/3661/3661 3655/3655/3655 3662/3662/3662 
f 3662/3662/3662 3655/3655/3655 3668/3668/3668 
f 4077/4077/4077 4035/4035/4035 4072/4072/4072 
f 4171/4171/4171 4160/4160/4160 4185/4185/4185 
f 4185/4185/4185 4187/4187/4187 4171/4171/4171 
f 4185/4185/4185 4035/4035/4035 4186/4186/4186 
f 4186/4186/4186 4187/4187/4187 4185/4185/4185 
f 4077/4077/4077 4186/4186/4186 4035/4035/4035 
f 4187/4187/4187 4186/4186/4186 4191/4191/4191 
f 4191/4191/4191 4186/4186/4186 4188/4188/4188 
f 4188/4188/4188 4186/4186/4186 4077/4077/4077 
f 4188/4188/4188 4190/4190/4190 4191/4191/4191 
f 4160/4160/4160 4171/4171/4171 4161/4161/4161 
f 4163/4163/4163 4161/4161/4161 4171/4171/4171 
f 4163/4163/4163 4162/4162/4162 4161/4161/4161 
f 4162/4162/4162 4163/4163/4163 4164/4164/4164 
f 4162/4162/4162 4147/4147/4147 4161/4161/4161 
f 4129/4129/4129 4160/4160/4160 4161/4161/4161 
f 4147/4147/4147 4129/4129/4129 4161/4161/4161 
f 4160/4160/4160 4129/4129/4129 4031/4031/4031 
f 4147/4147/4147 4019/4019/4019 4129/4129/4129 
f 4019/4019/4019 4031/4031/4031 4129/4129/4129 
f 4019/4019/4019 4147/4147/4147 4131/4131/4131 
f 4031/4031/4031 4019/4019/4019 4018/4018/4018 
f 4019/4019/4019 4131/4131/4131 3942/3942/3942 
f 3939/3939/3939 4018/4018/4018 4019/4019/4019 
f 3939/3939/3939 4019/4019/4019 3942/3942/3942 
f 4018/4018/4018 3939/3939/3939 3922/3922/3922 
f 3939/3939/3939 3942/3942/3942 3934/3934/3934 
f 3932/3932/3932 3922/3922/3922 3939/3939/3939 
f 3932/3932/3932 3939/3939/3939 3934/3934/3934 
f 3922/3922/3922 3932/3932/3932 3909/3909/3909 
f 3446/3446/3446 3932/3932/3932 3934/3934/3934 
f 3445/3445/3445 3909/3909/3909 3932/3932/3932 
f 3932/3932/3932 3446/3446/3446 3445/3445/3445 
f 3909/3909/3909 3445/3445/3445 3424/3424/3424 
f 3446/3446/3446 3437/3437/3437 3445/3445/3445 
f 3437/3437/3437 3446/3446/3446 3439/3439/3439 
f 3445/3445/3445 3413/3413/3413 3424/3424/3424 
f 3413/3413/3413 3445/3445/3445 3437/3437/3437 
f 3424/3424/3424 3413/3413/3413 3412/3412/3412 
f 3342/3342/3342 3437/3437/3437 3439/3439/3439 
f 3342/3342/3342 3439/3439/3439 3349/3349/3349 
f 3437/3437/3437 3318/3318/3318 3413/3413/3413 
f 3318/3318/3318 3437/3437/3437 3342/3342/3342 
f 3413/3413/3413 3317/3317/3317 3412/3412/3412 
f 3317/3317/3317 3413/3413/3413 3318/3318/3318 
f 3409/3409/3409 3412/3412/3412 3317/3317/3317 
f 3349/3349/3349 3334/3334/3334 3342/3342/3342 
f 3334/3334/3334 3349/3349/3349 3625/3625/3625 
f 3342/3342/3342 3331/3331/3331 3318/3318/3318 
f 3331/3331/3331 3342/3342/3342 3334/3334/3334 
f 3524/3524/3524 3334/3334/3334 3625/3625/3625 
f 3303/3303/3303 3318/3318/3318 3331/3331/3331 
f 3318/3318/3318 3303/3303/3303 3317/3317/3317 
f 3317/3317/3317 3314/3314/3314 3409/3409/3409 
f 3314/3314/3314 3317/3317/3317 3303/3303/3303 
f 3315/3315/3315 3409/3409/3409 3314/3314/3314 
f 3314/3314/3314 3300/3300/3300 3315/3315/3315 
f 3300/3300/3300 3314/3314/3314 3299/3299/3299 
f 3314/3314/3314 3303/3303/3303 3299/3299/3299 
f 3299/3299/3299 3296/3296/3296 3300/3300/3300 
f 3331/3331/3331 3304/3304/3304 3303/3303/3303 
f 3303/3303/3303 3304/3304/3304 3299/3299/3299 
f 3296/3296/3296 3299/3299/3299 3302/3302/3302 
f 3304/3304/3304 3302/3302/3302 3299/3299/3299 
f 3302/3302/3302 3297/3297/3297 3296/3296/3296 
f 3304/3304/3304 3331/3331/3331 3333/3333/3333 
f 3334/3334/3334 3333/3333/3333 3331/3331/3331 
f 3302/3302/3302 3304/3304/3304 3332/3332/3332 
f 3333/3333/3333 3332/3332/3332 3304/3304/3304 
f 3297/3297/3297 3302/3302/3302 3335/3335/3335 
f 3332/3332/3332 3335/3335/3335 3302/3302/3302 
f 3335/3335/3335 3305/3305/3305 3297/3297/3297 
f 3332/3332/3332 3333/3333/3333 3513/3513/3513 
f 3333/3333/3333 3334/3334/3334 3523/3523/3523 
f 3523/3523/3523 3513/3513/3513 3333/3333/3333 
f 3334/3334/3334 3524/3524/3524 3523/3523/3523 
f 3524/3524/3524 3504/3504/3504 3523/3523/3523 
f 3513/3513/3513 3523/3523/3523 3504/3504/3504 
f 3504/3504/3504 3524/3524/3524 3501/3501/3501 
f 3503/3503/3503 3504/3504/3504 3501/3501/3501 
f 3501/3501/3501 3502/3502/3502 3503/3503/3503 
f 3512/3512/3512 3504/3504/3504 3503/3503/3503 
f 3504/3504/3504 3512/3512/3512 3513/3513/3513 
f 3513/3513/3513 3512/3512/3512 3546/3546/3546 
f 3546/3546/3546 3512/3512/3512 3564/3564/3564 
f 3513/3513/3513 3337/3337/3337 3332/3332/3332 
f 3546/3546/3546 3337/3337/3337 3513/3513/3513 
f 3335/3335/3335 3332/3332/3332 3337/3337/3337 
f 3564/3564/3564 3563/3563/3563 3546/3546/3546 
f 3563/3563/3563 3564/3564/3564 3557/3557/3557 
f 3546/3546/3546 3338/3338/3338 3337/3337/3337 
f 3338/3338/3338 3546/3546/3546 3563/3563/3563 
f 3337/3337/3337 3336/3336/3336 3335/3335/3335 
f 3336/3336/3336 3337/3337/3337 3338/3338/3338 
f 3336/3336/3336 3305/3305/3305 3335/3335/3335 
f 3336/3336/3336 3384/3384/3384 3305/3305/3305 
f 3384/3384/3384 3336/3336/3336 3385/3385/3385 
f 3338/3338/3338 3385/3385/3385 3336/3336/3336 
f 3385/3385/3385 3374/3374/3374 3384/3384/3384 
f 3563/3563/3563 3389/3389/3389 3338/3338/3338 
f 3385/3385/3385 3338/3338/3338 3389/3389/3389 
f 3563/3563/3563 3557/3557/3557 3556/3556/3556 
f 3389/3389/3389 3563/3563/3563 3556/3556/3556 
f 3556/3556/3556 3557/3557/3557 3558/3558/3558 
f 3389/3389/3389 3386/3386/3386 3385/3385/3385 
f 3374/3374/3374 3385/3385/3385 3386/3386/3386 
f 3556/3556/3556 3390/3390/3390 3389/3389/3389 
f 3386/3386/3386 3389/3389/3389 3390/3390/3390 
f 3558/3558/3558 3559/3559/3559 3556/3556/3556 
f 3390/3390/3390 3556/3556/3556 3559/3559/3559 
f 3559/3559/3559 3558/3558/3558 3560/3560/3560 
f 3374/3374/3374 3386/3386/3386 3372/3372/3372 
f 3374/3374/3374 3372/3372/3372 3367/3367/3367 
f 3387/3387/3387 3386/3386/3386 3390/3390/3390 
f 3386/3386/3386 3387/3387/3387 3372/3372/3372 
f 3368/3368/3368 3367/3367/3367 3372/3372/3372 
f 3372/3372/3372 3387/3387/3387 3368/3368/3368 
f 3367/3367/3367 3368/3368/3368 3369/3369/3369 
f 3671/3671/3671 3390/3390/3390 3559/3559/3559 
f 3390/3390/3390 3671/3671/3671 3387/3387/3387 
f 3560/3560/3560 3672/3672/3672 3559/3559/3559 
f 3671/3671/3671 3559/3559/3559 3672/3672/3672 
f 3672/3672/3672 3560/3560/3560 3788/3788/3788 
f 3671/3671/3671 3388/3388/3388 3387/3387/3387 
f 3387/3387/3387 3388/3388/3388 3368/3368/3368 
f 3672/3672/3672 3673/3673/3673 3671/3671/3671 
f 3388/3388/3388 3671/3671/3671 3673/3673/3673 
f 3788/3788/3788 3675/3675/3675 3672/3672/3672 
f 3673/3673/3673 3672/3672/3672 3675/3675/3675 
f 3675/3675/3675 3788/3788/3788 3789/3789/3789 
f 3675/3675/3675 3789/3789/3789 3774/3774/3774 
f 3674/3674/3674 3675/3675/3675 3774/3774/3774 
f 3674/3674/3674 3673/3673/3673 3675/3675/3675 
f 3674/3674/3674 3774/3774/3774 3681/3681/3681 
f 3679/3679/3679 3674/3674/3674 3681/3681/3681 
f 3682/3682/3682 3679/3679/3679 3681/3681/3681 
f 3673/3673/3673 3674/3674/3674 3676/3676/3676 
f 3678/3678/3678 3674/3674/3674 3679/3679/3679 
f 3674/3674/3674 3678/3678/3678 3676/3676/3676 
f 3677/3677/3677 3678/3678/3678 3679/3679/3679 
f 3679/3679/3679 3682/3682/3682 3677/3677/3677 
f 3648/3648/3648 3676/3676/3676 3678/3678/3678 
f 3650/3650/3650 3673/3673/3673 3676/3676/3676 
f 3676/3676/3676 3648/3648/3648 3650/3650/3650 
f 3673/3673/3673 3650/3650/3650 3645/3645/3645 
f 3673/3673/3673 3645/3645/3645 3388/3388/3388 
f 3646/3646/3646 3645/3645/3645 3650/3650/3650 
f 3648/3648/3648 3646/3646/3646 3650/3650/3650 
f 3388/3388/3388 3645/3645/3645 3371/3371/3371 
f 3371/3371/3371 3368/3368/3368 3388/3388/3388 
f 3371/3371/3371 3645/3645/3645 3647/3647/3647 
f 3645/3645/3645 3646/3646/3646 3647/3647/3647 
f 3368/3368/3368 3371/3371/3371 3370/3370/3370 
f 3369/3369/3369 3368/3368/3368 3370/3370/3370 
f 3370/3370/3370 3381/3381/3381 3369/3369/3369 
f 3371/3371/3371 3379/3379/3379 3370/3370/3370 
f 3647/3647/3647 3379/3379/3379 3371/3371/3371 
f 3370/3370/3370 3380/3380/3380 3381/3381/3381 
f 3370/3370/3370 3379/3379/3379 3380/3380/3380 
f 3381/3381/3381 3380/3380/3380 3463/3463/3463 
f 3464/3464/3464 3463/3463/3463 3380/3380/3380 
f 3463/3463/3463 3464/3464/3464 3465/3465/3465 
f 3467/3467/3467 3380/3380/3380 3379/3379/3379 
f 3380/3380/3380 3467/3467/3467 3464/3464/3464 
f 3379/3379/3379 3647/3647/3647 3667/3667/3667 
f 3667/3667/3667 3467/3467/3467 3379/3379/3379 
f 3647/3647/3647 3666/3666/3666 3667/3667/3667 
f 3666/3666/3666 3647/3647/3647 3646/3646/3646 
f 3465/3465/3465 3464/3464/3464 3466/3466/3466 
f 3466/3466/3466 3483/3483/3483 3465/3465/3465 
f 3468/3468/3468 3464/3464/3464 3467/3467/3467 
f 3464/3464/3464 3468/3468/3468 3466/3466/3466 
f 3725/3725/3725 3467/3467/3467 3667/3667/3667 
f 3467/3467/3467 3725/3725/3725 3468/3468/3468 
f 3729/3729/3729 3667/3667/3667 3666/3666/3666 
f 3667/3667/3667 3729/3729/3729 3725/3725/3725 
f 3940/3940/3940 3938/3938/3938 3946/3946/3946 
f 3946/3946/3946 3944/3944/3944 3940/3940/3940 
f 3938/3938/3938 3937/3937/3937 3945/3945/3945 
f 3945/3945/3945 3946/3946/3946 3938/3938/3938 
f 4003/4003/4003 4002/4002/4002 4021/4021/4021 
f 4021/4021/4021 4024/4024/4024 4003/4003/4003 
f 4024/4024/4024 4021/4021/4021 4023/4023/4023 
f 4022/4022/4022 4023/4023/4023 4021/4021/4021 
f 4020/4020/4020 4021/4021/4021 4002/4002/4002 
f 4021/4021/4021 4020/4020/4020 4022/4022/4022 
f 4002/4002/4002 3944/3944/3944 4020/4020/4020 
f 3944/3944/3944 3946/3946/3946 4122/4122/4122 
f 4122/4122/4122 4020/4020/4020 3944/3944/3944 
f 3986/3986/3986 4122/4122/4122 3946/3946/3946 
f 3946/3946/3946 3945/3945/3945 3986/3986/3986 
f 4020/4020/4020 4122/4122/4122 4123/4123/4123 
f 4123/4123/4123 4022/4022/4022 4020/4020/4020 
f 4122/4122/4122 3986/3986/3986 3990/3990/3990 
f 3990/3990/3990 4123/4123/4123 4122/4122/4122 
f 3978/3978/3978 3986/3986/3986 3945/3945/3945 
f 3987/3987/3987 3990/3990/3990 3986/3986/3986 
f 3986/3986/3986 3978/3978/3978 3987/3987/3987 
f 3945/3945/3945 3976/3976/3976 3978/3978/3978 
f 3976/3976/3976 3945/3945/3945 3937/3937/3937 
f 3977/3977/3977 3987/3987/3987 3978/3978/3978 
f 3977/3977/3977 3978/3978/3978 3976/3976/3976 
f 3990/3990/3990 3987/3987/3987 3991/3991/3991 
f 4123/4123/4123 3990/3990/3990 4124/4124/4124 
f 3991/3991/3991 4124/4124/4124 3990/3990/3990 
f 4022/4022/4022 4123/4123/4123 4127/4127/4127 
f 4124/4124/4124 4127/4127/4127 4123/4123/4123 
f 4144/4144/4144 4022/4022/4022 4127/4127/4127 
f 4127/4127/4127 4134/4134/4134 4144/4144/4144 
f 4134/4134/4134 4127/4127/4127 4126/4126/4126 
f 4127/4127/4127 4124/4124/4124 4126/4126/4126 
f 4133/4133/4133 4134/4134/4134 4126/4126/4126 
f 4071/4071/4071 4133/4133/4133 4126/4126/4126 
f 4125/4125/4125 4126/4126/4126 4124/4124/4124 
f 4124/4124/4124 3991/3991/3991 4125/4125/4125 
f 4126/4126/4126 4125/4125/4125 4071/4071/4071 
f 3988/3988/3988 3991/3991/3991 3987/3987/3987 
f 3987/3987/3987 3977/3977/3977 3988/3988/3988 
f 4068/4068/4068 4125/4125/4125 3991/3991/3991 
f 3991/3991/3991 3988/3988/3988 4068/4068/4068 
f 4069/4069/4069 4071/4071/4071 4125/4125/4125 
f 4125/4125/4125 4068/4068/4068 4069/4069/4069 
f 4071/4071/4071 4069/4069/4069 4070/4070/4070 
f 3988/3988/3988 3989/3989/3989 4068/4068/4068 
f 4067/4067/4067 4068/4068/4068 3989/3989/3989 
f 4068/4068/4068 4067/4067/4067 4069/4069/4069 
f 3989/3989/3989 3988/3988/3988 3979/3979/3979 
f 3977/3977/3977 3979/3979/3979 3988/3988/3988 
f 4064/4064/4064 4069/4069/4069 4067/4067/4067 
f 4069/4069/4069 4064/4064/4064 4070/4070/4070 
f 3979/3979/3979 3977/3977/3977 3974/3974/3974 
f 4070/4070/4070 4064/4064/4064 4063/4063/4063 
f 4063/4063/4063 4071/4071/4071 4070/4070/4070 
f 4063/4063/4063 4064/4064/4064 4065/4065/4065 
f 4071/4071/4071 4063/4063/4063 4078/4078/4078 
f 4029/4029/4029 4063/4063/4063 4065/4065/4065 
f 3975/3975/3975 3974/3974/3974 3977/3977/3977 
f 4063/4063/4063 4066/4066/4066 4078/4078/4078 
f 4063/4063/4063 4029/4029/4029 4066/4066/4066 
f 4066/4066/4066 4132/4132/4132 4078/4078/4078 
f 4028/4028/4028 4066/4066/4066 4029/4029/4029 
f 4028/4028/4028 4132/4132/4132 4066/4066/4066 
f 4132/4132/4132 4028/4028/4028 4130/4130/4130 
f 4028/4028/4028 4128/4128/4128 4130/4130/4130 
f 4026/4026/4026 4028/4028/4028 4029/4029/4029 
f 4128/4128/4128 4028/4028/4028 4025/4025/4025 
f 4026/4026/4026 4025/4025/4025 4028/4028/4028 
f 4025/4025/4025 4026/4026/4026 4027/4027/4027 
f 3974/3974/3974 3975/3975/3975 3973/3973/3973 
f 3975/3975/3975 3977/3977/3977 3976/3976/3976 
f 3492/3492/3492 3973/3973/3973 3975/3975/3975 
f 3973/3973/3973 3492/3492/3492 3494/3494/3494 
f 3492/3492/3492 3493/3493/3493 3494/3494/3494 
f 3975/3975/3975 3976/3976/3976 3496/3496/3496 
f 3492/3492/3492 3975/3975/3975 3496/3496/3496 
f 3937/3937/3937 3496/3496/3496 3976/3976/3976 
f 3493/3493/3493 3492/3492/3492 3495/3495/3495 
f 3496/3496/3496 3495/3495/3495 3492/3492/3492 
f 3495/3495/3495 3490/3490/3490 3493/3493/3493 
f 3496/3496/3496 3937/3937/3937 3450/3450/3450 
f 3490/3490/3490 3495/3495/3495 3489/3489/3489 
f 3489/3489/3489 3488/3488/3488 3490/3490/3490 
f 3495/3495/3495 3496/3496/3496 3497/3497/3497 
f 3497/3497/3497 3489/3489/3489 3495/3495/3495 
f 3496/3496/3496 3450/3450/3450 3451/3451/3451 
f 3451/3451/3451 3497/3497/3497 3496/3496/3496 
f 3444/3444/3444 3451/3451/3451 3450/3450/3450 
f 3451/3451/3451 3444/3444/3444 3441/3441/3441 
f 3441/3441/3441 3444/3444/3444 3438/3438/3438 
f 3438/3438/3438 3440/3440/3440 3441/3441/3441 
f 3441/3441/3441 3442/3442/3442 3451/3451/3451 
f 3497/3497/3497 3451/3451/3451 3442/3442/3442 
f 3443/3443/3443 3441/3441/3441 3440/3440/3440 
f 3442/3442/3442 3441/3441/3441 3443/3443/3443 
f 3440/3440/3440 3343/3343/3343 3443/3443/3443 
f 3442/3442/3442 3491/3491/3491 3497/3497/3497 
f 3489/3489/3489 3497/3497/3497 3491/3491/3491 
f 3443/3443/3443 3487/3487/3487 3442/3442/3442 
f 3491/3491/3491 3442/3442/3442 3487/3487/3487 
f 3633/3633/3633 3443/3443/3443 3343/3343/3343 
f 3487/3487/3487 3443/3443/3443 3633/3633/3633 
f 3343/3343/3343 3345/3345/3345 3633/3633/3633 
f 3487/3487/3487 3408/3408/3408 3491/3491/3491 
f 3489/3489/3489 3491/3491/3491 3408/3408/3408 
f 3633/3633/3633 3406/3406/3406 3487/3487/3487 
f 3408/3408/3408 3487/3487/3487 3406/3406/3406 
f 3632/3632/3632 3633/3633/3633 3345/3345/3345 
f 3406/3406/3406 3633/3633/3633 3632/3632/3632 
f 3632/3632/3632 3345/3345/3345 3347/3347/3347 
f 3408/3408/3408 3403/3403/3403 3489/3489/3489 
f 3488/3488/3488 3489/3489/3489 3403/3403/3403 
f 3403/3403/3403 3401/3401/3401 3488/3488/3488 
f 3403/3403/3403 3408/3408/3408 3407/3407/3407 
f 3406/3406/3406 3407/3407/3407 3408/3408/3408 
f 3401/3401/3401 3403/3403/3403 3399/3399/3399 
f 3407/3407/3407 3399/3399/3399 3403/3403/3403 
f 3399/3399/3399 3400/3400/3400 3401/3401/3401 
f 3407/3407/3407 3406/3406/3406 3631/3631/3631 
f 3632/3632/3632 3631/3631/3631 3406/3406/3406 
f 3399/3399/3399 3407/3407/3407 3628/3628/3628 
f 3631/3631/3631 3628/3628/3628 3407/3407/3407 
f 3400/3400/3400 3399/3399/3399 3402/3402/3402 
f 3628/3628/3628 3402/3402/3402 3399/3399/3399 
f 3402/3402/3402 3391/3391/3391 3400/3400/3400 
f 3391/3391/3391 3402/3402/3402 3404/3404/3404 
f 3402/3402/3402 3628/3628/3628 3405/3405/3405 
f 3405/3405/3405 3404/3404/3404 3402/3402/3402 
f 3391/3391/3391 3404/3404/3404 3392/3392/3392 
f 3405/3405/3405 3392/3392/3392 3404/3404/3404 
f 3391/3391/3391 3392/3392/3392 3393/3393/3393 
f 3392/3392/3392 3352/3352/3352 3393/3393/3393 
f 3392/3392/3392 3405/3405/3405 3626/3626/3626 
f 3627/3627/3627 3405/3405/3405 3628/3628/3628 
f 3628/3628/3628 3631/3631/3631 3627/3627/3627 
f 3629/3629/3629 3405/3405/3405 3627/3627/3627 
f 3627/3627/3627 3634/3634/3634 3629/3629/3629 
f 3398/3398/3398 3392/3392/3392 3626/3626/3626 
f 3352/3352/3352 3392/3392/3392 3398/3398/3398 
f 3626/3626/3626 3624/3624/3624 3398/3398/3398 
f 3352/3352/3352 3398/3398/3398 3341/3341/3341 
f 3624/3624/3624 3341/3341/3341 3398/3398/3398 
f 3341/3341/3341 3624/3624/3624 3623/3623/3623 
f 3622/3622/3622 3341/3341/3341 3623/3623/3623 
f 3341/3341/3341 3340/3340/3340 3352/3352/3352 
f 3341/3341/3341 3622/3622/3622 3339/3339/3339 
f 3339/3339/3339 3340/3340/3340 3341/3341/3341 
f 3339/3339/3339 3350/3350/3350 3340/3340/3340 
f 3630/3630/3630 3634/3634/3634 3627/3627/3627 
f 3634/3634/3634 3630/3630/3630 3637/3637/3637 
f 3630/3630/3630 3627/3627/3627 3631/3631/3631 
f 3347/3347/3347 3637/3637/3637 3630/3630/3630 
f 3631/3631/3631 3632/3632/3632 3630/3630/3630 
f 3630/3630/3630 3632/3632/3632 3347/3347/3347 
f 3992/3992/3992 3984/3984/3984 4005/4005/4005 
f 4004/4004/4004 3992/3992/3992 4005/4005/4005 
f 4004/4004/4004 4005/4005/4005 4038/4038/4038 
f 4004/4004/4004 4038/4038/4038 4039/4039/4039 
f 4038/4038/4038 4049/4049/4049 4039/4039/4039 
f 4039/4039/4039 4049/4049/4049 4053/4053/4053 
f 4062/4062/4062 4053/4053/4053 4049/4049/4049 
f 4054/4054/4054 4053/4053/4053 4062/4062/4062 
f 4053/4053/4053 4054/4054/4054 4040/4040/4040 
f 4041/4041/4041 4040/4040/4040 4054/4054/4054 
f 4040/4040/4040 4041/4041/4041 4036/4036/4036 
f 4037/4037/4037 4036/4036/4036 4041/4041/4041 
f 4036/4036/4036 4037/4037/4037 3998/3998/3998 
f 3985/3985/3985 3998/3998/3998 4037/4037/4037 
f 3998/3998/3998 3985/3985/3985 3983/3983/3983 
f 3980/3980/3980 3983/3983/3983 3985/3985/3985 
f 3983/3983/3983 3980/3980/3980 3964/3964/3964 
f 3965/3965/3965 3964/3964/3964 3980/3980/3980 
f 3964/3964/3964 3965/3965/3965 3949/3949/3949 
f 3950/3950/3950 3949/3949/3949 3965/3965/3965 
f 3949/3949/3949 3950/3950/3950 3904/3904/3904 
f 3475/3475/3475 3904/3904/3904 3950/3950/3950 
f 3904/3904/3904 3475/3475/3475 3477/3477/3477 
f 3475/3475/3475 3476/3476/3476 3477/3477/3477 
f 3476/3476/3476 3475/3475/3475 3479/3479/3479 
f 3479/3479/3479 3462/3462/3462 3476/3476/3476 
f 3462/3462/3462 3479/3479/3479 3460/3460/3460 
f 3460/3460/3460 3461/3461/3461 3462/3462/3462 
f 3461/3461/3461 3460/3460/3460 3486/3486/3486 
f 3486/3486/3486 3327/3327/3327 3461/3461/3461 
f 3327/3327/3327 3486/3486/3486 3325/3325/3325 
f 3325/3325/3325 3326/3326/3326 3327/3327/3327 
f 3326/3326/3326 3325/3325/3325 3375/3375/3375 
f 3375/3375/3375 3376/3376/3376 3326/3326/3326 
f 3376/3376/3376 3375/3375/3375 3364/3364/3364 
f 3376/3376/3376 3364/3364/3364 3362/3362/3362 
f 3361/3361/3361 3362/3362/3362 3364/3364/3364 
f 3361/3361/3361 3358/3358/3358 3362/3362/3362 
f 3395/3395/3395 3396/3396/3396 3397/3397/3397 
f 3498/3498/3498 3499/3499/3499 3500/3500/3500 
f 3510/3510/3510 3500/3500/3500 3499/3499/3499 
f 3500/3500/3500 3510/3510/3510 3511/3511/3511 
f 3548/3548/3548 3511/3511/3511 3510/3510/3510 
f 3511/3511/3511 3548/3548/3548 3550/3550/3550 
f 3550/3550/3550 3548/3548/3548 3547/3547/3547 
f 3547/3547/3547 3548/3548/3548 3549/3549/3549 
f 3547/3547/3547 3549/3549/3549 3553/3553/3553 
f 3553/3553/3553 3549/3549/3549 3554/3554/3554 
f 3551/3551/3551 3549/3549/3549 3548/3548/3548 
f 3549/3549/3549 3551/3551/3551 3554/3554/3554 
f 3553/3553/3553 3554/3554/3554 3555/3555/3555 
f 3552/3552/3552 3548/3548/3548 3510/3510/3510 
f 3548/3548/3548 3552/3552/3552 3551/3551/3551 
f 3510/3510/3510 3514/3514/3514 3552/3552/3552 
f 3499/3499/3499 3514/3514/3514 3510/3510/3510 
f 3565/3565/3565 3551/3551/3551 3552/3552/3552 
f 3514/3514/3514 3565/3565/3565 3552/3552/3552 
f 3555/3555/3555 3554/3554/3554 3644/3644/3644 
f 3555/3555/3555 3644/3644/3644 3777/3777/3777 
f 3554/3554/3554 3551/3551/3551 3562/3562/3562 
f 3777/3777/3777 3644/3644/3644 3776/3776/3776 
f 3777/3777/3777 3776/3776/3776 3780/3780/3780 
f 3554/3554/3554 3561/3561/3561 3644/3644/3644 
f 3561/3561/3561 3554/3554/3554 3562/3562/3562 
f 3644/3644/3644 3775/3775/3775 3776/3776/3776 
f 3775/3775/3775 3644/3644/3644 3561/3561/3561 
f 3780/3780/3780 3776/3776/3776 3781/3781/3781 
f 3781/3781/3781 3787/3787/3787 3780/3780/3780 
f 3778/3778/3778 3776/3776/3776 3775/3775/3775 
f 3776/3776/3776 3778/3778/3778 3781/3781/3781 
f 3571/3571/3571 3775/3775/3775 3561/3561/3561 
f 3779/3779/3779 3778/3778/3778 3775/3775/3775 
f 3775/3775/3775 3571/3571/3571 3779/3779/3779 
f 3561/3561/3561 3568/3568/3568 3571/3571/3571 
f 3568/3568/3568 3561/3561/3561 3562/3562/3562 
f 3787/3787/3787 3781/3781/3781 3783/3783/3783 
f 3562/3562/3562 3567/3567/3567 3568/3568/3568 
f 3567/3567/3567 3562/3562/3562 3551/3551/3551 
f 3551/3551/3551 3565/3565/3565 3567/3567/3567 
f 3781/3781/3781 3782/3782/3782 3783/3783/3783 
f 3782/3782/3782 3781/3781/3781 3778/3778/3778 
f 3785/3785/3785 3787/3787/3787 3783/3783/3783 
f 3787/3787/3787 3785/3785/3785 3790/3790/3790 
f 3784/3784/3784 3783/3783/3783 3782/3782/3782 
f 3783/3783/3783 3784/3784/3784 3785/3785/3785 
f 3792/3792/3792 3782/3782/3782 3778/3778/3778 
f 3778/3778/3778 3779/3779/3779 3792/3792/3792 
f 3791/3791/3791 3790/3790/3790 3785/3785/3785 
f 3790/3790/3790 3791/3791/3791 3808/3808/3808 
f 3806/3806/3806 3808/3808/3808 3791/3791/3791 
f 3785/3785/3785 3786/3786/3786 3791/3791/3791 
f 3786/3786/3786 3785/3785/3785 3784/3784/3784 
f 3806/3806/3806 3791/3791/3791 3807/3807/3807 
f 3791/3791/3791 3786/3786/3786 3807/3807/3807 
f 3807/3807/3807 3811/3811/3811 3806/3806/3806 
f 3811/3811/3811 3807/3807/3807 3810/3810/3810 
f 3807/3807/3807 3786/3786/3786 3809/3809/3809 
f 3807/3807/3807 3809/3809/3809 3810/3810/3810 
f 3811/3811/3811 3810/3810/3810 3812/3812/3812 
f 3786/3786/3786 3827/3827/3827 3809/3809/3809 
f 3784/3784/3784 3795/3795/3795 3786/3786/3786 
f 3827/3827/3827 3786/3786/3786 3795/3795/3795 
f 3795/3795/3795 3784/3784/3784 3796/3796/3796 
f 3828/3828/3828 3809/3809/3809 3827/3827/3827 
f 3810/3810/3810 3809/3809/3809 3814/3814/3814 
f 3809/3809/3809 3828/3828/3828 3814/3814/3814 
f 3810/3810/3810 3814/3814/3814 3813/3813/3813 
f 3812/3812/3812 3810/3810/3810 3813/3813/3813 
f 3831/3831/3831 3814/3814/3814 3828/3828/3828 
f 3820/3820/3820 3812/3812/3812 3813/3813/3813 
f 3814/3814/3814 3831/3831/3831 3815/3815/3815 
f 3813/3813/3813 3814/3814/3814 3815/3815/3815 
f 3826/3826/3826 3815/3815/3815 3831/3831/3831 
f 3816/3816/3816 3813/3813/3813 3815/3815/3815 
f 3815/3815/3815 3826/3826/3826 3816/3816/3816 
f 3813/3813/3813 3816/3816/3816 3820/3820/3820 
f 3828/3828/3828 3832/3832/3832 3831/3831/3831 
f 3832/3832/3832 3826/3826/3826 3831/3831/3831 
f 3825/3825/3825 3816/3816/3816 3826/3826/3826 
f 3816/3816/3816 3825/3825/3825 3823/3823/3823 
f 3823/3823/3823 3820/3820/3820 3816/3816/3816 
f 3826/3826/3826 3836/3836/3836 3825/3825/3825 
f 3820/3820/3820 3823/3823/3823 3824/3824/3824 
f 3838/3838/3838 3820/3820/3820 3824/3824/3824 
f 3820/3820/3820 3838/3838/3838 3821/3821/3821 
f 3812/3812/3812 3820/3820/3820 3821/3821/3821 
f 3848/3848/3848 3821/3821/3821 3838/3838/3838 
f 3821/3821/3821 3822/3822/3822 3812/3812/3812 
f 3821/3821/3821 3848/3848/3848 3840/3840/3840 
f 3821/3821/3821 3840/3840/3840 3822/3822/3822 
f 3840/3840/3840 3848/3848/3848 3849/3849/3849 
f 3822/3822/3822 3840/3840/3840 3841/3841/3841 
f 3840/3840/3840 3849/3849/3849 3846/3846/3846 
f 3846/3846/3846 3841/3841/3841 3840/3840/3840 
f 3849/3849/3849 3847/3847/3847 3846/3846/3846 
f 3847/3847/3847 3841/3841/3841 3846/3846/3846 
f 3847/3847/3847 3849/3849/3849 3853/3853/3853 
f 3841/3841/3841 3847/3847/3847 3718/3718/3718 
f 3719/3719/3719 3718/3718/3718 3847/3847/3847 
f 3847/3847/3847 3853/3853/3853 3719/3719/3719 
f 3718/3718/3718 3719/3719/3719 3720/3720/3720 
f 3719/3719/3719 3853/3853/3853 3764/3764/3764 
f 3764/3764/3764 3720/3720/3720 3719/3719/3719 
f 3854/3854/3854 3764/3764/3764 3853/3853/3853 
f 3720/3720/3720 3764/3764/3764 3765/3765/3765 
f 3764/3764/3764 3854/3854/3854 3773/3773/3773 
f 3773/3773/3773 3765/3765/3765 3764/3764/3764 
f 3855/3855/3855 3773/3773/3773 3854/3854/3854 
f 3765/3765/3765 3773/3773/3773 3770/3770/3770 
f 3771/3771/3771 3770/3770/3770 3773/3773/3773 
f 3773/3773/3773 3855/3855/3855 3771/3771/3771 
f 3770/3770/3770 3771/3771/3771 3772/3772/3772 
f 3772/3772/3772 3771/3771/3771 4272/4272/4272 
f 3771/3771/3771 3855/3855/3855 4273/4273/4273 
f 4272/4272/4272 3771/3771/3771 4273/4273/4273 
f 4273/4273/4273 3855/3855/3855 4344/4344/4344 
f 4272/4272/4272 4273/4273/4273 4274/4274/4274 
f 4273/4273/4273 4344/4344/4344 4275/4275/4275 
f 4274/4274/4274 4273/4273/4273 4275/4275/4275 
f 4344/4344/4344 4345/4345/4345 4275/4275/4275 
f 4275/4275/4275 4282/4282/4282 4274/4274/4274 
f 4282/4282/4282 4275/4275/4275 4326/4326/4326 
f 4275/4275/4275 4345/4345/4345 4326/4326/4326 
f 4326/4326/4326 4327/4327/4327 4282/4282/4282 
f 4345/4345/4345 4335/4335/4335 4326/4326/4326 
f 4327/4327/4327 4326/4326/4326 4335/4335/4335 
f 4346/4346/4346 4335/4335/4335 4345/4345/4345 
f 4335/4335/4335 4350/4350/4350 4327/4327/4327 
f 4335/4335/4335 4346/4346/4346 4347/4347/4347 
f 4350/4350/4350 4335/4335/4335 4347/4347/4347 
f 4346/4346/4346 4349/4349/4349 4347/4347/4347 
f 4349/4349/4349 4350/4350/4350 4347/4347/4347 
f 4349/4349/4349 4346/4346/4346 4360/4360/4360 
f 4350/4350/4350 4349/4349/4349 4358/4358/4358 
f 4360/4360/4360 4359/4359/4359 4349/4349/4349 
f 4359/4359/4359 4358/4358/4358 4349/4349/4349 
f 4359/4359/4359 4360/4360/4360 4377/4377/4377 
f 4438/4438/4438 4358/4358/4358 4359/4359/4359 
f 4377/4377/4377 4378/4378/4378 4359/4359/4359 
f 4378/4378/4378 4438/4438/4438 4359/4359/4359 
f 4378/4378/4378 4377/4377/4377 4388/4388/4388 
f 4443/4443/4443 4378/4378/4378 4388/4388/4388 
f 4378/4378/4378 4443/4443/4443 4442/4442/4442 
f 4442/4442/4442 4443/4443/4443 4408/4408/4408 
f 4438/4438/4438 4378/4378/4378 4441/4441/4441 
f 4378/4378/4378 4442/4442/4442 4441/4441/4441 
f 4439/4439/4439 4438/4438/4438 4441/4441/4441 
f 4438/4438/4438 4439/4439/4439 4440/4440/4440 
f 4442/4442/4442 4408/4408/4408 4407/4407/4407 
f 4362/4362/4362 4407/4407/4407 4408/4408/4408 
f 4442/4442/4442 4444/4444/4444 4441/4441/4441 
f 4407/4407/4407 4444/4444/4444 4442/4442/4442 
f 4441/4441/4441 4449/4449/4449 4439/4439/4439 
f 4449/4449/4449 4441/4441/4441 4444/4444/4444 
f 4447/4447/4447 4440/4440/4440 4439/4439/4439 
f 4440/4440/4440 4447/4447/4447 4445/4445/4445 
f 4439/4439/4439 4449/4449/4449 4448/4448/4448 
f 4448/4448/4448 4447/4447/4447 4439/4439/4439 
f 4444/4444/4444 4453/4453/4453 4449/4449/4449 
f 4444/4444/4444 4407/4407/4407 4453/4453/4453 
f 4449/4449/4449 4454/4454/4454 4448/4448/4448 
f 4449/4449/4449 4453/4453/4453 4454/4454/4454 
f 4424/4424/4424 4447/4447/4447 4448/4448/4448 
f 4418/4418/4418 4445/4445/4445 4447/4447/4447 
f 4447/4447/4447 4424/4424/4424 4418/4418/4418 
f 4445/4445/4445 4418/4418/4418 4446/4446/4446 
f 4446/4446/4446 4418/4418/4418 4415/4415/4415 
f 4415/4415/4415 4418/4418/4418 4416/4416/4416 
f 4418/4418/4418 4424/4424/4424 4416/4416/4416 
f 4414/4414/4414 4415/4415/4415 4416/4416/4416 
f 4448/4448/4448 4455/4455/4455 4424/4424/4424 
f 4448/4448/4448 4454/4454/4454 4455/4455/4455 
f 4416/4416/4416 4424/4424/4424 4422/4422/4422 
f 4414/4414/4414 4416/4416/4416 4419/4419/4419 
f 4419/4419/4419 4416/4416/4416 4422/4422/4422 
f 4417/4417/4417 4414/4414/4414 4419/4419/4419 
f 4414/4414/4414 4417/4417/4417 4411/4411/4411 
f 4419/4419/4419 4423/4423/4423 4417/4417/4417 
f 4419/4419/4419 4422/4422/4422 4423/4423/4423 
f 4412/4412/4412 4411/4411/4411 4417/4417/4417 
f 4411/4411/4411 4412/4412/4412 4413/4413/4413 
f 4417/4417/4417 4423/4423/4423 4421/4421/4421 
f 4421/4421/4421 4412/4412/4412 4417/4417/4417 
f 4422/4422/4422 4432/4432/4432 4423/4423/4423 
f 4202/4202/4202 4413/4413/4413 4412/4412/4412 
f 4413/4413/4413 4202/4202/4202 4200/4200/4200 
f 4412/4412/4412 4421/4421/4421 4420/4420/4420 
f 4412/4412/4412 4420/4420/4420 4202/4202/4202 
f 4423/4423/4423 4428/4428/4428 4421/4421/4421 
f 4428/4428/4428 4423/4423/4423 4432/4432/4432 
f 4201/4201/4201 4200/4200/4200 4202/4202/4202 
f 4425/4425/4425 4421/4421/4421 4428/4428/4428 
f 4421/4421/4421 4425/4425/4425 4420/4420/4420 
f 4200/4200/4200 4201/4201/4201 4198/4198/4198 
f 4202/4202/4202 4420/4420/4420 4203/4203/4203 
f 4203/4203/4203 4201/4201/4201 4202/4202/4202 
f 3322/3322/3322 3323/3323/3323 3324/3324/3324 
f 3324/3324/3324 3323/3323/3323 3485/3485/3485 
f 3323/3323/3323 3322/3322/3322 3354/3354/3354 
f 3458/3458/3458 3324/3324/3324 3485/3485/3485 
f 3353/3353/3353 3354/3354/3354 3322/3322/3322 
f 3458/3458/3458 3485/3485/3485 3459/3459/3459 
f 3354/3354/3354 3353/3353/3353 3363/3363/3363 
f 3457/3457/3457 3458/3458/3458 3459/3459/3459 
f 3360/3360/3360 3363/3363/3363 3353/3353/3353 
f 3478/3478/3478 3457/3457/3457 3459/3459/3459 
f 3360/3360/3360 3359/3359/3359 3363/3363/3363 
f 3457/3457/3457 3478/3478/3478 3472/3472/3472 
f 3358/3358/3358 3359/3359/3359 3360/3360/3360 
f 3359/3359/3359 3358/3358/3358 3394/3394/3394 
f 3473/3473/3473 3472/3472/3472 3478/3478/3478 
f 3472/3472/3472 3473/3473/3473 3474/3474/3474 
f 3948/3948/3948 3474/3474/3474 3473/3473/3473 
f 3948/3948/3948 3473/3473/3473 3952/3952/3952 
f 3951/3951/3951 3948/3948/3948 3952/3952/3952 
f 3952/3952/3952 3966/3966/3966 3951/3951/3951 
f 3951/3951/3951 3966/3966/3966 3967/3967/3967 
f 3967/3967/3967 3966/3966/3966 3981/3981/3981 
f 3967/3967/3967 3981/3981/3981 3982/3982/3982 
f 3982/3982/3982 3981/3981/3981 3984/3984/3984 
f 3992/3992/3992 3982/3982/3982 3984/3984/3984 
f 3328/3328/3328 3329/3329/3329 3330/3330/3330 
f 3344/3344/3344 3329/3329/3329 3328/3328/3328 
f 3329/3329/3329 3344/3344/3344 3435/3435/3435 
f 3330/3330/3330 3346/3346/3346 3328/3328/3328 
f 3346/3346/3346 3330/3330/3330 3351/3351/3351 
f 3351/3351/3351 3348/3348/3348 3346/3346/3346 
f 3347/3347/3347 3346/3346/3346 3348/3348/3348 
f 3436/3436/3436 3435/3435/3435 3344/3344/3344 
f 3435/3435/3435 3436/3436/3436 3432/3432/3432 
f 3346/3346/3346 3347/3347/3347 3345/3345/3345 
f 3345/3345/3345 3328/3328/3328 3346/3346/3346 
f 3343/3343/3343 3344/3344/3344 3328/3328/3328 
f 3328/3328/3328 3345/3345/3345 3343/3343/3343 
f 3440/3440/3440 3436/3436/3436 3344/3344/3344 
f 3344/3344/3344 3343/3343/3343 3440/3440/3440 
f 3432/3432/3432 3436/3436/3436 3430/3430/3430 
f 3430/3430/3430 3431/3431/3431 3432/3432/3432 
f 3436/3436/3436 3440/3440/3440 3438/3438/3438 
f 3438/3438/3438 3430/3430/3430 3436/3436/3436 
f 3431/3431/3431 3430/3430/3430 3433/3433/3433 
f 3433/3433/3433 3434/3434/3434 3431/3431/3431 
f 3430/3430/3430 3438/3438/3438 3447/3447/3447 
f 3447/3447/3447 3433/3433/3433 3430/3430/3430 
f 3433/3433/3433 3916/3916/3916 3434/3434/3434 
f 3433/3433/3433 3447/3447/3447 3448/3448/3448 
f 3916/3916/3916 3433/3433/3433 3917/3917/3917 
f 3917/3917/3917 3918/3918/3918 3916/3916/3916 
f 3433/3433/3433 3448/3448/3448 3933/3933/3933 
f 3917/3917/3917 3433/3433/3433 3933/3933/3933 
f 3448/3448/3448 3447/3447/3447 3449/3449/3449 
f 3449/3449/3449 3933/3933/3933 3448/3448/3448 
f 3444/3444/3444 3449/3449/3449 3447/3447/3447 
f 3444/3444/3444 3447/3447/3447 3438/3438/3438 
f 3930/3930/3930 3918/3918/3918 3917/3917/3917 
f 3930/3930/3930 3931/3931/3931 3918/3918/3918 
f 3917/3917/3917 3933/3933/3933 3935/3935/3935 
f 3935/3935/3935 3930/3930/3930 3917/3917/3917 
f 3933/3933/3933 3449/3449/3449 3936/3936/3936 
f 3936/3936/3936 3935/3935/3935 3933/3933/3933 
f 3450/3450/3450 3449/3449/3449 3444/3444/3444 
f 3450/3450/3450 3936/3936/3936 3449/3449/3449 
f 3931/3931/3931 3930/3930/3930 3941/3941/3941 
f 3941/3941/3941 3943/3943/3943 3931/3931/3931 
f 3930/3930/3930 3935/3935/3935 3940/3940/3940 
f 3940/3940/3940 3941/3941/3941 3930/3930/3930 
f 3935/3935/3935 3936/3936/3936 3938/3938/3938 
f 3938/3938/3938 3940/3940/3940 3935/3935/3935 
f 3936/3936/3936 3450/3450/3450 3937/3937/3937 
f 3937/3937/3937 3938/3938/3938 3936/3936/3936 
f 3943/3943/3943 3941/3941/3941 4002/4002/4002 
f 4002/4002/4002 4003/4003/4003 3943/3943/3943 
f 3941/3941/3941 3940/3940/3940 3944/3944/3944 
f 3944/3944/3944 4002/4002/4002 3941/3941/3941 

g R15Bacon11

v -4.31879 2.54153 15.7318 
v -4.62609 2.49989 15.7665 
v -4.44376 2.45199 15.9209 
v -4.65209 2.4842 15.7986 
v -4.28329 2.53429 15.757 
v -4.60429 2.36973 16.0849 
v -4.23549 2.41979 16.0434 
v -4.56869 2.36239 16.11 
v -4.26139 2.40404 16.0754 
v -4.32393 1.90504 15.3403 
v -4.36571 1.91994 15.3539 
v -4.25168 2.16087 15.4387 
v -4.25944 1.94334 15.3458 
v -4.21466 1.99046 15.3585 
v -4.16528 2.09217 15.3941 
v -4.1587 2.19199 15.4362 
v -4.19645 2.28953 15.485 
v -4.41604 2.2203 15.4927 
v -4.2955 2.35856 15.5319 
v -4.39723 2.39091 15.5634 
v -4.51285 2.39072 15.5831 
v -4.58106 2.27998 15.5469 
v -4.62175 2.35833 15.5878 
v -4.69162 2.31818 15.5824 
v -4.64092 2.15628 15.5036 
v -4.74954 2.20096 15.5416 
v -4.7526 2.12173 15.5078 
v -4.67085 2.09443 15.4819 
v -4.73496 2.0451 15.4716 
v -4.69899 2.03259 15.46 
v -4.23392 1.67725 15.8655 
v -4.16163 1.93295 15.9642 
v -4.27571 1.69216 15.8792 
v -4.16942 1.71552 15.8711 
v -4.12463 1.7626 15.8839 
v -4.07523 1.86426 15.9196 
v -4.06864 1.96406 15.9618 
v -4.10694 2.05341 16.0071 
v -4.32599 1.99241 16.0181 
v -4.20543 2.13061 16.0575 
v -4.30717 2.16296 16.089 
v -4.4228 2.1628 16.1087 
v -4.49045 2.0538 16.0757 
v -4.53171 2.13045 16.1132 
v -4.60121 2.08937 16.11 
v -4.56287 1.95894 15.9592 
v -4.66735 1.99382 16.0212 
v -4.6877 1.91653 15.9015 
v -4.61075 1.90306 15.8761 
v -4.68003 1.87295 15.7912 
v -4.65395 1.86776 15.7736 
v -4.21482 2.16881 15.9287 
v -4.23549 2.41979 16.0434 
v -4.26139 2.40404 16.0754 
v -4.23942 2.14926 15.9597 
v -4.56869 2.36239 16.11 
v -4.58402 2.10363 15.9687 
v -4.54732 2.08915 15.9886 
v -4.60429 2.36973 16.0849 
v -4.65045 2.12264 16.0797 
v -4.66735 1.99382 16.0212 
v -4.60121 2.08937 16.11 
v -4.71658 2.02513 15.9836 
v -4.55966 2.17817 16.0883 
v -4.6877 1.91653 15.9015 
v -4.53171 2.13045 16.1132 
v -4.73457 1.95378 15.8743 
v -4.43535 2.21725 16.084 
v -4.68003 1.87295 15.7912 
v -4.71925 1.89204 15.748 
v -4.4228 2.1628 16.1087 
v -4.30434 2.21848 16.0621 
v -4.30717 2.16296 16.089 
v -4.1889 2.1812 16.0261 
v -4.20543 2.13061 16.0575 
v -4.07978 2.10199 15.9731 
v -4.10694 2.05341 16.0071 
v -4.03665 1.98999 15.9171 
v -4.06864 1.96406 15.9618 
v -4.07523 1.86426 15.9196 
v -4.04259 1.86987 15.866 
v -4.12463 1.7626 15.8839 
v -4.09353 1.76305 15.8284 
v -4.15365 1.6984 15.8106 
v -4.16942 1.71552 15.8711 
v -4.23392 1.67725 15.8655 
v -4.24635 1.651 15.8059 
v -4.24635 1.651 15.8059 
v -4.27571 1.69216 15.8792 
v -4.31063 1.67436 15.827 
v -4.32599 1.7034 15.8422 
v -4.22151 1.92188 15.9192 
v -4.16163 1.93295 15.9642 
v -4.69162 2.31818 15.5824 
v -4.78324 2.19381 15.5947 
v -4.72708 2.31461 15.6374 
v -4.6355 2.37011 15.6457 
v -4.74954 2.20096 15.5416 
v -4.62175 2.35833 15.5878 
v -4.7898 2.09343 15.5523 
v -4.5112 2.40921 15.6413 
v -4.7526 2.12173 15.5078 
v -4.51285 2.39072 15.5831 
v -4.73496 2.0451 15.4716 
v -4.76085 1.99719 15.5056 
v -4.3802 2.41046 15.6194 
v -4.39723 2.39091 15.5634 
v -4.2955 2.35856 15.5319 
v -4.26476 2.3732 15.5834 
v -4.19645 2.28953 15.485 
v -4.15564 2.29398 15.5304 
v -4.11251 2.18197 15.4744 
v -4.1587 2.19199 15.4362 
v -4.16528 2.09217 15.3941 
v -4.11844 2.06183 15.4234 
v -4.21466 1.99046 15.3585 
v -4.16936 1.95498 15.3858 
v -4.25944 1.94334 15.3458 
v -4.22947 1.8903 15.3681 
v -4.32393 1.90504 15.3403 
v -4.32216 1.84288 15.3635 
v -4.38644 1.86623 15.3846 
v -4.32216 1.84288 15.3635 
v -4.36571 1.91994 15.3539 
v -4.4018 1.89527 15.3998 
v -4.29735 2.11382 15.4766 
v -4.25168 2.16087 15.4387 
v -4.61972 2.29294 15.6829 
v -4.65209 2.4842 15.7986 
v -4.62609 2.49989 15.7665 
v -4.64432 2.27339 15.714 
v -4.31192 2.35296 15.654 
v -4.31879 2.54153 15.7318 
v -4.28329 2.53429 15.757 
v -4.27522 2.33857 15.674 
v -4.62434 1.88212 15.7275 
v -4.65395 1.86776 15.7736 
v -4.665 1.87288 15.7304 
v -4.60957 1.87589 15.779 
v -4.71925 1.89204 15.748 
v -4.23942 2.14926 15.9597 
v -4.56869 2.36239 16.11 
v -4.54732 2.08915 15.9886 
v -4.26139 2.40404 16.0754 
v -4.60429 2.36973 16.0849 
v -4.64432 2.27339 15.714 
v -4.58402 2.10363 15.9687 
v -4.65209 2.4842 15.7986 
v -4.28329 2.53429 15.757 
v -4.23549 2.41979 16.0434 
v -4.27522 2.33857 15.674 
v -4.21482 2.16881 15.9287 
v -4.32599 1.99241 16.0181 
v -4.48381 2.01609 16.005 
v -4.35239 1.96884 15.962 
v -4.49045 2.0538 16.0757 
v -4.22151 1.92188 15.9192 
v -4.16163 1.93295 15.9642 
v -4.41604 2.2203 15.4927 
v -4.55964 2.20801 15.5624 
v -4.58106 2.27998 15.5469 
v -4.42823 2.16077 15.5194 
v -4.29735 2.11382 15.4766 
v -4.25168 2.16087 15.4387 
v -4.62609 2.49989 15.7665 
v -4.31192 2.35296 15.654 
v -4.61972 2.29294 15.6829 
v -4.31879 2.54153 15.7318 
v -4.56287 1.95894 15.9592 
v -4.48381 2.01609 16.005 
v -4.49045 2.0538 16.0757 
v -4.53709 1.95076 15.9277 
v -4.61075 1.90306 15.8761 
v -4.57571 1.90399 15.8572 
v -4.60957 1.87589 15.779 
v -4.65395 1.86776 15.7736 
v -4.70667 1.97788 15.4879 
v -4.69899 2.03259 15.46 
v -4.66587 1.98719 15.485 
v -4.76085 1.99719 15.5056 
v -4.63538 2.0549 15.5091 
v -4.67085 2.09443 15.4819 
v -4.60489 2.12261 15.5332 
v -4.64092 2.15628 15.5036 
v -4.55964 2.20801 15.5624 
v -4.58106 2.27998 15.5469 
v -4.68487 2.20937 15.8798 
v -4.71658 2.02513 15.9836 
v -4.65045 2.12264 16.0797 
v -4.74156 2.08866 15.8371 
v -4.73457 1.95378 15.8743 
v -4.7482 1.9883 15.7947 
v -4.71925 1.89204 15.748 
v -4.7898 2.09343 15.5523 
v -4.78324 2.19381 15.5947 
v -4.76085 1.99719 15.5056 
v -4.72708 2.31461 15.6374 
v -4.665 1.87288 15.7304 
v -4.70667 1.97788 15.4879 
v -4.66587 1.98719 15.485 
v -4.62434 1.88212 15.7275 
v -4.6355 2.37011 15.6457 
v -4.59322 2.26572 15.8885 
v -4.5112 2.40921 15.6413 
v -4.55966 2.17817 16.0883 
v -4.46892 2.30481 15.8842 
v -4.3802 2.41046 15.6194 
v -4.43535 2.21725 16.084 
v -4.33791 2.30614 15.8623 
v -4.30434 2.21848 16.0621 
v -4.1889 2.1812 16.0261 
v -4.22249 2.26879 15.8263 
v -4.26476 2.3732 15.5834 
v -4.07978 2.10199 15.9731 
v -4.11336 2.18946 15.7732 
v -4.15564 2.29398 15.5304 
v -4.03665 1.98999 15.9171 
v -4.07024 2.07757 15.7173 
v -4.11251 2.18197 15.4744 
v -4.11844 2.06183 15.4234 
v -4.07615 1.95752 15.6662 
v -4.04259 1.86987 15.866 
v -4.16936 1.95498 15.3858 
v -4.12711 1.8506 15.6286 
v -4.09353 1.76305 15.8284 
v -4.22947 1.8903 15.3681 
v -4.18721 1.78592 15.6108 
v -4.15365 1.6984 15.8106 
v -4.24635 1.651 15.8059 
v -4.27988 1.7386 15.6062 
v -4.32216 1.84288 15.3635 
v -4.38644 1.86623 15.3846 
v -4.3442 1.76188 15.6273 
v -4.4018 1.89527 15.3998 
v -4.31063 1.67436 15.827 
v -4.35957 1.79083 15.6425 
v -4.32599 1.7034 15.8422 
v -4.38655 2.05571 15.762 
v -4.35239 1.96884 15.962 
v -4.51794 2.10282 15.805 
v -4.48381 2.01609 16.005 
v -4.22151 1.92188 15.9192 
v -4.55964 2.20801 15.5624 
v -4.25568 2.00869 15.7192 
v -4.42823 2.16077 15.5194 
v -4.29735 2.11382 15.4766 
v -4.51794 2.10282 15.805 
v -4.53709 1.95076 15.9277 
v -4.56328 2.01748 15.7757 
v -4.48381 2.01609 16.005 
v -4.57571 1.90399 15.8572 
v -4.60489 2.12261 15.5332 
v -4.55964 2.20801 15.5624 
v -4.63538 2.0549 15.5091 
v -4.59381 1.9498 15.7516 
v -4.60957 1.87589 15.779 
v -4.66587 1.98719 15.485 
v -4.62434 1.88212 15.7275 
v -4.35957 1.79083 15.6425 
v -4.22151 1.92188 15.9192 
v -4.25568 2.00869 15.7192 
v -4.32599 1.7034 15.8422 
v -4.4018 1.89527 15.3998 
v -4.29735 2.11382 15.4766 

vn -0.0787402 0.92126 0.377953 
vn -0.0787402 0.92126 0.385827 
vn -0.0787402 0.92126 0.377953 
vn -0.0787402 0.92126 0.385827 
vn -0.0787402 0.92126 0.377953 
vn -0.0787402 0.92126 0.385827 
vn -0.0866142 0.92126 0.385827 
vn -0.0787402 0.92126 0.385827 
vn -0.0866142 0.92126 0.385827 
vn -0.15748 0.393701 -0.905512 
vn -0.15748 0.393701 -0.905512 
vn -0.15748 0.393701 -0.905512 
vn -0.15748 0.393701 -0.905512 
vn -0.15748 0.393701 -0.905512 
vn -0.15748 0.393701 -0.905512 
vn -0.15748 0.393701 -0.905512 
vn -0.15748 0.393701 -0.905512 
vn -0.15748 0.393701 -0.905512 
vn -0.15748 0.393701 -0.905512 
vn -0.15748 0.393701 -0.905512 
vn -0.15748 0.393701 -0.905512 
vn -0.15748 0.393701 -0.905512 
vn -0.15748 0.393701 -0.905512 
vn -0.15748 0.393701 -0.905512 
vn -0.15748 0.393701 -0.905512 
vn -0.15748 0.393701 -0.905512 
vn -0.15748 0.393701 -0.905512 
vn -0.15748 0.393701 -0.905512 
vn -0.15748 0.393701 -0.905512 
vn -0.15748 0.393701 -0.905512 
vn 0.15748 -0.393701 0.905512 
vn 0.15748 -0.393701 0.905512 
vn 0.15748 -0.393701 0.905512 
vn 0.15748 -0.393701 0.905512 
vn 0.15748 -0.393701 0.905512 
vn 0.15748 -0.393701 0.905512 
vn 0.15748 -0.393701 0.905512 
vn 0.15748 -0.393701 0.905512 
vn 0.15748 -0.393701 0.905512 
vn 0.15748 -0.393701 0.905512 
vn 0.15748 -0.393701 0.905512 
vn 0.165354 -0.385827 0.905512 
vn 0.133858 -0.511811 0.850394 
vn 0.165354 -0.370079 0.913386 
vn 0.0944882 -0.629921 0.771654 
vn 0.0393701 -0.80315 0.598425 
vn 0.0472441 -0.787402 0.614173 
vn 0.015748 -0.88189 0.472441 
vn 0.00787402 -0.889764 0.448819 
vn -0.023622 -0.937008 0.354331 
vn -0.023622 -0.937008 0.354331 
vn 0.818898 -0.181102 0.551181 
vn 0.818898 -0.181102 0.551181 
vn 0.818898 -0.181102 0.551181 
vn 0.818898 -0.181102 0.551181 
vn -0.566929 -0.370079 0.732283 
vn -0.566929 -0.370079 0.732283 
vn -0.566929 -0.370079 0.732283 
vn -0.566929 -0.370079 0.732283 
vn -0.543307 -0.015748 0.84252 
vn -0.685039 -0.362205 0.629921 
vn -0.456693 0.125984 0.88189 
vn -0.692913 -0.433071 0.574803 
vn -0.188976 0.377953 0.905512 
vn -0.692913 -0.622047 0.370079 
vn -0.181102 0.377953 0.905512 
vn -0.685039 -0.629921 0.354331 
vn 0.023622 0.425197 0.905512 
vn -0.527559 -0.84252 0.102362 
vn -0.511811 -0.850394 0.0944882 
vn 0.0314961 0.425197 0.905512 
vn 0.267717 0.409449 0.866142 
vn 0.267717 0.409449 0.874016 
vn 0.488189 0.322835 0.811024 
vn 0.480315 0.322835 0.811024 
vn 0.692913 0.141732 0.708661 
vn 0.700787 0.133858 0.700787 
vn 0.826772 -0.11811 0.551181 
vn 0.826772 -0.11811 0.551181 
vn 0.811024 -0.377953 0.448819 
vn 0.80315 -0.393701 0.448819 
vn 0.692913 -0.606299 0.385827 
vn 0.700787 -0.598425 0.385827 
vn 0.535433 -0.779528 0.338583 
vn 0.543307 -0.76378 0.338583 
vn 0.15748 -0.905512 0.385827 
vn 0.11811 -0.913386 0.393701 
vn 0.11811 -0.913386 0.393701 
vn -0.488189 -0.511811 0.708661 
vn -0.370079 -0.779528 0.511811 
vn -0.606299 -0.330709 0.724409 
vn -0.724409 -0.488189 0.488189 
vn -0.598425 0 0.80315 
vn -0.606299 0.716535 -0.346457 
vn -0.787402 0.393701 -0.472441 
vn -0.653543 0.661417 -0.370079 
vn -0.393701 0.88189 -0.267717 
vn -0.795276 0.385827 -0.472441 
vn -0.377953 0.88189 -0.267717 
vn -0.818898 0.15748 -0.551181 
vn -0.181102 0.937008 -0.291339 
vn -0.818898 0.165354 -0.551181 
vn -0.173228 0.944882 -0.291339 
vn -0.645669 -0.15748 -0.748031 
vn -0.637795 -0.165354 -0.755906 
vn 0.0629921 0.937008 -0.338583 
vn 0.0629921 0.937008 -0.338583 
vn 0.275591 0.874016 -0.401575 
vn 0.283465 0.866142 -0.409449 
vn 0.496063 0.692913 -0.527559 
vn 0.503937 0.685039 -0.527559 
vn 0.629921 0.401575 -0.661417 
vn 0.629921 0.401575 -0.661417 
vn 0.598425 0.15748 -0.787402 
vn 0.590551 0.141732 -0.795276 
vn 0.480315 -0.0629921 -0.874016 
vn 0.480315 -0.0551181 -0.874016 
vn 0.330709 -0.220472 -0.92126 
vn 0.314961 -0.228346 -0.92126 
vn -0.0708661 -0.330709 -0.937008 
vn -0.110236 -0.338583 -0.937008 
vn -0.590551 -0.212598 -0.779528 
vn -0.110236 -0.338583 -0.937008 
vn -0.724409 0.0944882 -0.685039 
vn -0.818898 0.212598 -0.527559 
vn -0.795276 0.496063 -0.346457 
vn -0.795276 0.496063 -0.346457 
vn -0.818898 0.188976 -0.543307 
vn -0.818898 0.188976 -0.543307 
vn -0.818898 0.188976 -0.543307 
vn -0.818898 0.188976 -0.543307 
vn 0.566929 0.338583 -0.748031 
vn 0.566929 0.338583 -0.748031 
vn 0.566929 0.338583 -0.748031 
vn 0.566929 0.338583 -0.748031 
vn 0.204724 -0.96063 -0.173228 
vn -0.0629921 -0.992126 -0.125984 
vn -0.0708661 -0.992126 -0.125984 
vn 0.204724 -0.96063 -0.173228 
vn -0.511811 -0.850394 0.0944882 
vn 0.15748 -0.393701 0.905512 
vn 0.15748 -0.393701 0.905512 
vn 0.15748 -0.393701 0.905512 
vn 0.15748 -0.393701 0.905512 
vn -0.984252 -0.11811 0.133858 
vn -0.984252 -0.11811 0.133858 
vn -0.984252 -0.11811 0.133858 
vn -0.984252 -0.11811 0.133858 
vn 0.984252 0.125984 -0.133858 
vn 0.984252 0.125984 -0.133858 
vn 0.984252 0.125984 -0.133858 
vn 0.984252 0.125984 -0.133858 
vn -0.173228 -0.874016 0.448819 
vn -0.165354 -0.874016 0.448819 
vn -0.173228 -0.874016 0.448819 
vn -0.165354 -0.874016 0.448819 
vn -0.173228 -0.88189 0.448819 
vn -0.173228 -0.88189 0.448819 
vn -0.393701 -0.307087 -0.866142 
vn -0.393701 -0.307087 -0.866142 
vn -0.393701 -0.307087 -0.866142 
vn -0.393701 -0.307087 -0.866142 
vn -0.393701 -0.307087 -0.866142 
vn -0.393701 -0.307087 -0.866142 
vn -0.15748 0.370079 -0.913386 
vn -0.15748 0.370079 -0.913386 
vn -0.15748 0.370079 -0.913386 
vn -0.15748 0.370079 -0.913386 
vn 0.299213 -0.834646 0.456693 
vn 0.322835 -0.818898 0.472441 
vn 0.322835 -0.818898 0.472441 
vn 0.283465 -0.850394 0.448819 
vn 0.204724 -0.913386 0.354331 
vn 0.204724 -0.913386 0.354331 
vn 0.15748 -0.952756 0.267717 
vn 0.15748 -0.952756 0.267717 
vn -0.212598 -0.425197 -0.88189 
vn 0.149606 -0.251969 -0.96063 
vn 0.354331 -0.244094 -0.905512 
vn -0.637795 -0.165354 -0.755906 
vn 0.614173 0 -0.787402 
vn 0.614173 0 -0.787402 
vn 0.606299 -0.015748 -0.795276 
vn 0.606299 -0.015748 -0.795276 
vn 0.598425 -0.023622 -0.80315 
vn 0.598425 -0.023622 -0.80315 
vn -0.732283 0.566929 0.370079 
vn -0.944882 0.212598 0.251969 
vn -0.708661 0.598425 0.377953 
vn -0.96063 0.15748 0.23622 
vn -0.984252 -0.0944882 0.125984 
vn -0.984252 -0.15748 0.102362 
vn -0.80315 -0.590551 -0.11811 
vn -0.984252 -0.15748 0.102362 
vn -0.96063 0.15748 0.23622 
vn -0.748031 -0.645669 -0.149606 
vn -0.740157 0.566929 0.370079 
vn -0.11811 -0.92126 -0.377953 
vn -0.11811 -0.92126 -0.377953 
vn 0.173228 -0.889764 -0.417323 
vn 0.173228 -0.889764 -0.417323 
vn -0.385827 0.818898 0.417323 
vn -0.385827 0.818898 0.425197 
vn -0.102362 0.905512 0.409449 
vn -0.385827 0.818898 0.425197 
vn -0.102362 0.905512 0.409449 
vn 0.220472 0.913386 0.354331 
vn -0.102362 0.905512 0.409449 
vn 0.220472 0.905512 0.354331 
vn 0.220472 0.905512 0.362205 
vn 0.519685 0.811024 0.267717 
vn 0.519685 0.811024 0.267717 
vn 0.511811 0.818898 0.259843 
vn 0.818898 0.566929 0.110236 
vn 0.811024 0.566929 0.110236 
vn 0.811024 0.574803 0.102362 
vn 0.976378 0.188976 -0.0787402 
vn 0.976378 0.19685 -0.0866142 
vn 0.976378 0.19685 -0.0866142 
vn 0.96063 -0.15748 -0.23622 
vn 0.96063 -0.15748 -0.228346 
vn 0.96063 -0.15748 -0.228346 
vn 0.826772 -0.456693 -0.338583 
vn 0.826772 -0.456693 -0.338583 
vn 0.826772 -0.456693 -0.338583 
vn 0.590551 -0.700787 -0.401575 
vn 0.590551 -0.700787 -0.401575 
vn 0.590551 -0.700787 -0.401575 
vn 0.00787402 -0.913386 -0.401575 
vn 0.00787402 -0.913386 -0.401575 
vn 0.00787402 -0.92126 -0.393701 
vn -0.692913 -0.700787 -0.181102 
vn -0.692913 -0.692913 -0.181102 
vn -0.889764 -0.448819 -0.0393701 
vn -0.692913 -0.692913 -0.188976 
vn -0.889764 -0.448819 -0.0393701 
vn -0.889764 -0.448819 -0.0472441 
vn -0.409449 -0.858268 -0.307087 
vn -0.409449 -0.858268 -0.307087 
vn -0.409449 -0.858268 -0.299213 
vn -0.409449 -0.858268 -0.307087 
vn -0.724409 -0.488189 0.488189 
vn -0.409449 -0.858268 -0.299213 
vn -0.409449 -0.858268 -0.307087 
vn -0.409449 -0.858268 -0.299213 
vn -0.409449 -0.858268 -0.299213 
vn 0.88189 -0.362205 -0.307087 
vn 0.889764 -0.346457 -0.299213 
vn 0.897638 -0.330709 -0.299213 
vn 0.88189 -0.362205 -0.307087 
vn 0.905512 -0.307087 -0.291339 
vn 0.897638 -0.330709 -0.299213 
vn 0.88189 -0.362205 -0.307087 
vn 0.905512 -0.307087 -0.291339 
vn 0.905512 -0.307087 -0.291339 
vn 0.905512 -0.299213 -0.291339 
vn 0.905512 -0.307087 -0.291339 
vn 0.905512 -0.307087 -0.291339 
vn -0.897638 0.322835 0.291339 
vn -0.897638 0.322835 0.291339 
vn -0.897638 0.322835 0.291339 
vn -0.897638 0.322835 0.291339 
vn -0.897638 0.322835 0.299213 
vn -0.897638 0.322835 0.299213 

vt 0.828067 0.52363 
vt 0.820312 0.523651 
vt 0.82389 0.518169 
vt 0.819529 0.522594 
vt 0.828848 0.522947 
vt 0.819529 0.513337 
vt 0.828848 0.513687 
vt 0.820312 0.512654 
vt 0.828067 0.512633 
vt 0.861906 0.518284 
vt 0.860422 0.518025 
vt 0.857686 0.53098 
vt 0.862677 0.521794 
vt 0.862744 0.524952 
vt 0.861803 0.530405 
vt 0.859942 0.534828 
vt 0.857111 0.538418 
vt 0.85136 0.530808 
vt 0.853022 0.539854 
vt 0.849366 0.539554 
vt 0.845732 0.53763 
vt 0.845035 0.530855 
vt 0.842704 0.534516 
vt 0.840919 0.531725 
vt 0.843674 0.523835 
vt 0.839885 0.525555 
vt 0.840225 0.521442 
vt 0.842996 0.520381 
vt 0.84112 0.517488 
vt 0.842392 0.517185 
vt 0.814169 0.518961 
vt 0.818164 0.531826 
vt 0.815656 0.518748 
vt 0.813363 0.522426 
vt 0.813223 0.525603 
vt 0.814071 0.531164 
vt 0.815876 0.535607 
vt 0.818543 0.538956 
vt 0.824448 0.531783 
vt 0.822808 0.540842 
vt 0.826494 0.540628 
vt 0.830137 0.538708 
vt 0.83071 0.532266 
vt 0.833075 0.535409 
vt 0.834553 0.532458 
vt 0.831331 0.523989 
vt 0.835214 0.525902 
vt 0.834645 0.519116 
vt 0.83201 0.518608 
vt 0.833548 0.513507 
vt 0.832544 0.512952 
vt 0.828183 0.575131 
vt 0.827931 0.562341 
vt 0.826472 0.562341 
vt 0.826729 0.575341 
vt 0.816153 0.562341 
vt 0.814902 0.576349 
vt 0.816346 0.576692 
vt 0.814693 0.562341 
vt 0.836714 0.532441 
vt 0.835214 0.525902 
vt 0.834553 0.532458 
vt 0.837373 0.524708 
vt 0.834698 0.537226 
vt 0.834645 0.519116 
vt 0.833075 0.535409 
vt 0.836701 0.518072 
vt 0.831177 0.541372 
vt 0.833548 0.513507 
vt 0.835009 0.511364 
vt 0.830137 0.538708 
vt 0.826866 0.543755 
vt 0.826494 0.540628 
vt 0.822465 0.543931 
vt 0.822808 0.540842 
vt 0.817695 0.541954 
vt 0.818543 0.538956 
vt 0.814332 0.537579 
vt 0.815876 0.535607 
vt 0.814071 0.531164 
vt 0.812068 0.532005 
vt 0.813223 0.525603 
vt 0.81115 0.525961 
vt 0.811319 0.521497 
vt 0.813363 0.522426 
vt 0.814169 0.518961 
vt 0.81258 0.516663 
vt 0.813595 0.51572 
vt 0.815656 0.518748 
vt 0.815996 0.51564 
vt 0.817099 0.516616 
vt 0.819559 0.528413 
vt 0.818164 0.531826 
vt 0.840919 0.531725 
vt 0.837864 0.525861 
vt 0.83884 0.532493 
vt 0.84119 0.536528 
vt 0.839885 0.525555 
vt 0.842704 0.534516 
vt 0.838161 0.520537 
vt 0.84473 0.540323 
vt 0.840225 0.521442 
vt 0.845732 0.53763 
vt 0.84112 0.517488 
vt 0.839457 0.515426 
vt 0.848993 0.54268 
vt 0.849366 0.539554 
vt 0.853022 0.539854 
vt 0.853337 0.542952 
vt 0.857111 0.538418 
vt 0.858069 0.541097 
vt 0.861479 0.536854 
vt 0.859942 0.534828 
vt 0.861803 0.530405 
vt 0.863793 0.531334 
vt 0.862744 0.524952 
vt 0.864789 0.525347 
vt 0.862677 0.521794 
vt 0.864715 0.520881 
vt 0.861906 0.518284 
vt 0.863503 0.516041 
vt 0.860108 0.514876 
vt 0.86249 0.515083 
vt 0.860422 0.518025 
vt 0.85898 0.515804 
vt 0.856347 0.527589 
vt 0.857686 0.53098 
vt 0.850107 0.573348 
vt 0.851488 0.562342 
vt 0.850025 0.562342 
vt 0.851557 0.573612 
vt 0.839744 0.571731 
vt 0.839713 0.562342 
vt 0.838255 0.562341 
vt 0.838302 0.572085 
vt 0.831151 0.511052 
vt 0.832544 0.512952 
vt 0.832561 0.510753 
vt 0.83114 0.513775 
vt 0.834574 0.510898 
vt 0.826729 0.575341 
vt 0.816153 0.562341 
vt 0.816346 0.576692 
vt 0.826472 0.562341 
vt 0.861809 0.562341 
vt 0.851557 0.573612 
vt 0.861671 0.576692 
vt 0.851488 0.562342 
vt 0.838255 0.562341 
vt 0.827931 0.562341 
vt 0.838302 0.572085 
vt 0.828183 0.575131 
vt 0.824448 0.531783 
vt 0.829466 0.528581 
vt 0.824457 0.528385 
vt 0.83071 0.532266 
vt 0.819559 0.528413 
vt 0.818164 0.531826 
vt 0.85136 0.530808 
vt 0.846483 0.527474 
vt 0.845035 0.530855 
vt 0.851411 0.527472 
vt 0.856347 0.527589 
vt 0.857686 0.53098 
vt 0.850025 0.562342 
vt 0.839744 0.571731 
vt 0.850107 0.573348 
vt 0.839713 0.562342 
vt 0.831331 0.523989 
vt 0.829466 0.528581 
vt 0.83071 0.532266 
vt 0.830141 0.522917 
vt 0.83201 0.518608 
vt 0.830686 0.518262 
vt 0.83114 0.513775 
vt 0.832544 0.512952 
vt 0.842396 0.514261 
vt 0.842392 0.517185 
vt 0.843761 0.515206 
vt 0.840372 0.514458 
vt 0.844745 0.518913 
vt 0.842996 0.520381 
vt 0.845474 0.522729 
vt 0.843674 0.523835 
vt 0.846483 0.527474 
vt 0.845035 0.530855 
vt 0.817329 0.553556 
vt 0.814292 0.558814 
vt 0.817333 0.560732 
vt 0.814291 0.553557 
vt 0.811923 0.556412 
vt 0.811923 0.553558 
vt 0.809519 0.553559 
vt 0.811922 0.544855 
vt 0.814291 0.544853 
vt 0.809518 0.544857 
vt 0.817326 0.544851 
vt 0.808213 0.55356 
vt 0.808212 0.544857 
vt 0.807302 0.544858 
vt 0.807306 0.553561 
vt 0.819656 0.544853 
vt 0.81967 0.553558 
vt 0.822485 0.544856 
vt 0.81965 0.560733 
vt 0.822496 0.553559 
vt 0.825368 0.544859 
vt 0.82248 0.560735 
vt 0.825375 0.553562 
vt 0.825363 0.560737 
vt 0.828111 0.56074 
vt 0.828116 0.553563 
vt 0.828115 0.544859 
vt 0.831258 0.560741 
vt 0.831257 0.553564 
vt 0.831261 0.54486 
vt 0.834134 0.560742 
vt 0.834125 0.553566 
vt 0.834136 0.54486 
vt 0.836973 0.54486 
vt 0.836957 0.553566 
vt 0.836972 0.560744 
vt 0.839669 0.544858 
vt 0.839654 0.553567 
vt 0.839667 0.560747 
vt 0.841623 0.544855 
vt 0.841609 0.553567 
vt 0.841622 0.560751 
vt 0.843881 0.560757 
vt 0.843872 0.553568 
vt 0.843885 0.544851 
vt 0.845437 0.544852 
vt 0.845428 0.553569 
vt 0.846224 0.544855 
vt 0.845435 0.560757 
vt 0.846212 0.553569 
vt 0.846222 0.560753 
vt 0.855278 0.553743 
vt 0.855277 0.560922 
vt 0.858446 0.553744 
vt 0.858448 0.560922 
vt 0.852121 0.560921 
vt 0.858449 0.545038 
vt 0.852121 0.553743 
vt 0.855278 0.545038 
vt 0.852121 0.545038 
vt 0.858446 0.553744 
vt 0.860651 0.559209 
vt 0.860637 0.553744 
vt 0.858448 0.560922 
vt 0.862331 0.557536 
vt 0.860639 0.54504 
vt 0.858449 0.545038 
vt 0.862333 0.545041 
vt 0.862331 0.553744 
vt 0.863672 0.555418 
vt 0.864027 0.545042 
vt 0.864025 0.553745 
vt 0.846627 0.553743 
vt 0.852121 0.560921 
vt 0.852121 0.553743 
vt 0.846606 0.560919 
vt 0.846607 0.545039 
vt 0.852121 0.545038 

usemtl R15Bacon1Mtl

f 4456/4456/4456 4457/4457/4457 4458/4458/4458 
f 4457/4457/4457 4459/4459/4459 4458/4458/4458 
f 4460/4460/4460 4456/4456/4456 4458/4458/4458 
f 4459/4459/4459 4461/4461/4461 4458/4458/4458 
f 4462/4462/4462 4460/4460/4460 4458/4458/4458 
f 4461/4461/4461 4463/4463/4463 4458/4458/4458 
f 4464/4464/4464 4462/4462/4462 4458/4458/4458 
f 4463/4463/4463 4464/4464/4464 4458/4458/4458 
f 4465/4465/4465 4466/4466/4466 4467/4467/4467 
f 4468/4468/4468 4465/4465/4465 4467/4467/4467 
f 4467/4467/4467 4469/4469/4469 4468/4468/4468 
f 4469/4469/4469 4467/4467/4467 4470/4470/4470 
f 4470/4470/4470 4467/4467/4467 4471/4471/4471 
f 4467/4467/4467 4472/4472/4472 4471/4471/4471 
f 4473/4473/4473 4472/4472/4472 4467/4467/4467 
f 4473/4473/4473 4474/4474/4474 4472/4472/4472 
f 4475/4475/4475 4474/4474/4474 4473/4473/4473 
f 4476/4476/4476 4475/4475/4475 4473/4473/4473 
f 4477/4477/4477 4476/4476/4476 4473/4473/4473 
f 4476/4476/4476 4477/4477/4477 4478/4478/4478 
f 4477/4477/4477 4479/4479/4479 4478/4478/4478 
f 4480/4480/4480 4479/4479/4479 4477/4477/4477 
f 4479/4479/4479 4480/4480/4480 4481/4481/4481 
f 4480/4480/4480 4482/4482/4482 4481/4481/4481 
f 4482/4482/4482 4480/4480/4480 4483/4483/4483 
f 4483/4483/4483 4484/4484/4484 4482/4482/4482 
f 4484/4484/4484 4483/4483/4483 4485/4485/4485 
f 4486/4486/4486 4487/4487/4487 4488/4488/4488 
f 4489/4489/4489 4487/4487/4487 4486/4486/4486 
f 4487/4487/4487 4489/4489/4489 4490/4490/4490 
f 4487/4487/4487 4490/4490/4490 4491/4491/4491 
f 4491/4491/4491 4492/4492/4492 4487/4487/4487 
f 4493/4493/4493 4487/4487/4487 4492/4492/4492 
f 4493/4493/4493 4494/4494/4494 4487/4487/4487 
f 4493/4493/4493 4495/4495/4495 4494/4494/4494 
f 4496/4496/4496 4494/4494/4494 4495/4495/4495 
f 4494/4494/4494 4496/4496/4496 4497/4497/4497 
f 4494/4494/4494 4497/4497/4497 4498/4498/4498 
f 4498/4498/4498 4497/4497/4497 4499/4499/4499 
f 4498/4498/4498 4499/4499/4499 4500/4500/4500 
f 4500/4500/4500 4501/4501/4501 4498/4498/4498 
f 4501/4501/4501 4500/4500/4500 4502/4502/4502 
f 4503/4503/4503 4501/4501/4501 4502/4502/4502 
f 4501/4501/4501 4503/4503/4503 4504/4504/4504 
f 4505/4505/4505 4504/4504/4504 4503/4503/4503 
f 4506/4506/4506 4504/4504/4504 4505/4505/4505 
f 4507/4507/4507 4508/4508/4508 4509/4509/4509 
f 4509/4509/4509 4510/4510/4510 4507/4507/4507 
f 4511/4511/4511 4512/4512/4512 4513/4513/4513 
f 4512/4512/4512 4511/4511/4511 4514/4514/4514 
f 4515/4515/4515 4516/4516/4516 4517/4517/4517 
f 4516/4516/4516 4515/4515/4515 4518/4518/4518 
f 4517/4517/4517 4519/4519/4519 4515/4515/4515 
f 4518/4518/4518 4520/4520/4520 4516/4516/4516 
f 4519/4519/4519 4517/4517/4517 4521/4521/4521 
f 4520/4520/4520 4518/4518/4518 4522/4522/4522 
f 4521/4521/4521 4523/4523/4523 4519/4519/4519 
f 4522/4522/4522 4524/4524/4524 4520/4520/4520 
f 4524/4524/4524 4522/4522/4522 4525/4525/4525 
f 4523/4523/4523 4521/4521/4521 4526/4526/4526 
f 4526/4526/4526 4527/4527/4527 4523/4523/4523 
f 4527/4527/4527 4526/4526/4526 4528/4528/4528 
f 4528/4528/4528 4529/4529/4529 4527/4527/4527 
f 4528/4528/4528 4530/4530/4530 4529/4529/4529 
f 4531/4531/4531 4529/4529/4529 4530/4530/4530 
f 4530/4530/4530 4532/4532/4532 4531/4531/4531 
f 4532/4532/4532 4533/4533/4533 4531/4531/4531 
f 4533/4533/4533 4532/4532/4532 4534/4534/4534 
f 4535/4535/4535 4533/4533/4533 4534/4534/4534 
f 4533/4533/4533 4535/4535/4535 4536/4536/4536 
f 4537/4537/4537 4536/4536/4536 4535/4535/4535 
f 4536/4536/4536 4537/4537/4537 4538/4538/4538 
f 4537/4537/4537 4539/4539/4539 4538/4538/4538 
f 4539/4539/4539 4537/4537/4537 4540/4540/4540 
f 4541/4541/4541 4539/4539/4539 4540/4540/4540 
f 4539/4539/4539 4541/4541/4541 4542/4542/4542 
f 4543/4543/4543 4541/4541/4541 4544/4544/4544 
f 4544/4544/4544 4545/4545/4545 4543/4543/4543 
f 4546/4546/4546 4545/4545/4545 4544/4544/4544 
f 4544/4544/4544 4547/4547/4547 4546/4546/4546 
f 4547/4547/4547 4544/4544/4544 4548/4548/4548 
f 4549/4549/4549 4550/4550/4550 4551/4551/4551 
f 4552/4552/4552 4549/4549/4549 4551/4551/4551 
f 4550/4550/4550 4549/4549/4549 4553/4553/4553 
f 4549/4549/4549 4552/4552/4552 4554/4554/4554 
f 4553/4553/4553 4555/4555/4555 4550/4550/4550 
f 4556/4556/4556 4554/4554/4554 4552/4552/4552 
f 4555/4555/4555 4553/4553/4553 4557/4557/4557 
f 4554/4554/4554 4556/4556/4556 4558/4558/4558 
f 4555/4555/4555 4557/4557/4557 4559/4559/4559 
f 4555/4555/4555 4559/4559/4559 4560/4560/4560 
f 4556/4556/4556 4561/4561/4561 4558/4558/4558 
f 4558/4558/4558 4561/4561/4561 4562/4562/4562 
f 4561/4561/4561 4563/4563/4563 4562/4562/4562 
f 4563/4563/4563 4561/4561/4561 4564/4564/4564 
f 4564/4564/4564 4565/4565/4565 4563/4563/4563 
f 4565/4565/4565 4564/4564/4564 4566/4566/4566 
f 4566/4566/4566 4567/4567/4567 4565/4565/4565 
f 4565/4565/4565 4567/4567/4567 4568/4568/4568 
f 4567/4567/4567 4569/4569/4569 4568/4568/4568 
f 4567/4567/4567 4570/4570/4570 4569/4569/4569 
f 4570/4570/4570 4571/4571/4571 4569/4569/4569 
f 4571/4571/4571 4570/4570/4570 4572/4572/4572 
f 4572/4572/4572 4573/4573/4573 4571/4571/4571 
f 4573/4573/4573 4572/4572/4572 4574/4574/4574 
f 4574/4574/4574 4575/4575/4575 4573/4573/4573 
f 4575/4575/4575 4574/4574/4574 4576/4576/4576 
f 4577/4577/4577 4575/4575/4575 4578/4578/4578 
f 4575/4575/4575 4577/4577/4577 4579/4579/4579 
f 4580/4580/4580 4579/4579/4579 4577/4577/4577 
f 4579/4579/4579 4580/4580/4580 4581/4581/4581 
f 4582/4582/4582 4579/4579/4579 4581/4581/4581 
f 4583/4583/4583 4584/4584/4584 4585/4585/4585 
f 4584/4584/4584 4583/4583/4583 4586/4586/4586 
f 4587/4587/4587 4588/4588/4588 4589/4589/4589 
f 4589/4589/4589 4590/4590/4590 4587/4587/4587 
f 4591/4591/4591 4592/4592/4592 4593/4593/4593 
f 4592/4592/4592 4591/4591/4591 4594/4594/4594 
f 4524/4524/4524 4593/4593/4593 4592/4592/4592 
f 4593/4593/4593 4524/4524/4524 4595/4595/4595 
f 4596/4596/4596 4597/4597/4597 4598/4598/4598 
f 4597/4597/4597 4596/4596/4596 4599/4599/4599 
f 4600/4600/4600 4601/4601/4601 4602/4602/4602 
f 4601/4601/4601 4600/4600/4600 4603/4603/4603 
f 4604/4604/4604 4605/4605/4605 4606/4606/4606 
f 4605/4605/4605 4607/4607/4607 4606/4606/4606 
f 4608/4608/4608 4609/4609/4609 4610/4610/4610 
f 4609/4609/4609 4608/4608/4608 4611/4611/4611 
f 4612/4612/4612 4608/4608/4608 4610/4610/4610 
f 4613/4613/4613 4608/4608/4608 4612/4612/4612 
f 4614/4614/4614 4615/4615/4615 4616/4616/4616 
f 4615/4615/4615 4614/4614/4614 4617/4617/4617 
f 4614/4614/4614 4618/4618/4618 4617/4617/4617 
f 4618/4618/4618 4614/4614/4614 4619/4619/4619 
f 4620/4620/4620 4621/4621/4621 4622/4622/4622 
f 4621/4621/4621 4620/4620/4620 4623/4623/4623 
f 4624/4624/4624 4625/4625/4625 4626/4626/4626 
f 4625/4625/4625 4624/4624/4624 4627/4627/4627 
f 4628/4628/4628 4627/4627/4627 4624/4624/4624 
f 4627/4627/4627 4628/4628/4628 4629/4629/4629 
f 4628/4628/4628 4630/4630/4630 4629/4629/4629 
f 4630/4630/4630 4628/4628/4628 4631/4631/4631 
f 4632/4632/4632 4633/4633/4633 4634/4634/4634 
f 4635/4635/4635 4633/4633/4633 4632/4632/4632 
f 4633/4633/4633 4635/4635/4635 4559/4559/4559 
f 4633/4633/4633 4636/4636/4636 4634/4634/4634 
f 4636/4636/4636 4633/4633/4633 4637/4637/4637 
f 4638/4638/4638 4636/4636/4636 4637/4637/4637 
f 4637/4637/4637 4639/4639/4639 4638/4638/4638 
f 4639/4639/4639 4640/4640/4640 4638/4638/4638 
f 4640/4640/4640 4639/4639/4639 4641/4641/4641 
f 4642/4642/4642 4643/4643/4643 4644/4644/4644 
f 4643/4643/4643 4642/4642/4642 4645/4645/4645 
f 4643/4643/4643 4645/4645/4645 4646/4646/4646 
f 4645/4645/4645 4647/4647/4647 4646/4646/4646 
f 4648/4648/4648 4646/4646/4646 4647/4647/4647 
f 4645/4645/4645 4649/4649/4649 4647/4647/4647 
f 4649/4649/4649 4648/4648/4648 4647/4647/4647 
f 4645/4645/4645 4650/4650/4650 4649/4649/4649 
f 4642/4642/4642 4650/4650/4650 4645/4645/4645 
f 4648/4648/4648 4649/4649/4649 4651/4651/4651 
f 4650/4650/4650 4642/4642/4642 4652/4652/4652 
f 4648/4648/4648 4651/4651/4651 4653/4653/4653 
f 4654/4654/4654 4653/4653/4653 4651/4651/4651 
f 4653/4653/4653 4654/4654/4654 4655/4655/4655 
f 4655/4655/4655 4656/4656/4656 4653/4653/4653 
f 4652/4652/4652 4642/4642/4642 4657/4657/4657 
f 4642/4642/4642 4658/4658/4658 4657/4657/4657 
f 4642/4642/4642 4644/4644/4644 4658/4658/4658 
f 4657/4657/4657 4658/4658/4658 4659/4659/4659 
f 4644/4644/4644 4660/4660/4660 4658/4658/4658 
f 4658/4658/4658 4661/4661/4661 4659/4659/4659 
f 4660/4660/4660 4661/4661/4661 4658/4658/4658 
f 4661/4661/4661 4662/4662/4662 4659/4659/4659 
f 4661/4661/4661 4660/4660/4660 4663/4663/4663 
f 4663/4663/4663 4664/4664/4664 4661/4661/4661 
f 4662/4662/4662 4661/4661/4661 4664/4664/4664 
f 4664/4664/4664 4663/4663/4663 4665/4665/4665 
f 4666/4666/4666 4664/4664/4664 4665/4665/4665 
f 4662/4662/4662 4664/4664/4664 4667/4667/4667 
f 4664/4664/4664 4666/4666/4666 4667/4667/4667 
f 4662/4662/4662 4667/4667/4667 4668/4668/4668 
f 4667/4667/4667 4666/4666/4666 4669/4669/4669 
f 4670/4670/4670 4668/4668/4668 4667/4667/4667 
f 4667/4667/4667 4669/4669/4669 4670/4670/4670 
f 4668/4668/4668 4670/4670/4670 4671/4671/4671 
f 4670/4670/4670 4669/4669/4669 4672/4672/4672 
f 4673/4673/4673 4671/4671/4671 4670/4670/4670 
f 4670/4670/4670 4672/4672/4672 4673/4673/4673 
f 4671/4671/4671 4673/4673/4673 4674/4674/4674 
f 4673/4673/4673 4675/4675/4675 4674/4674/4674 
f 4673/4673/4673 4672/4672/4672 4676/4676/4676 
f 4675/4675/4675 4673/4673/4673 4676/4676/4676 
f 4672/4672/4672 4677/4677/4677 4676/4676/4676 
f 4676/4676/4676 4678/4678/4678 4675/4675/4675 
f 4677/4677/4677 4679/4679/4679 4676/4676/4676 
f 4678/4678/4678 4676/4676/4676 4679/4679/4679 
f 4679/4679/4679 4677/4677/4677 4680/4680/4680 
f 4679/4679/4679 4681/4681/4681 4678/4678/4678 
f 4680/4680/4680 4682/4682/4682 4679/4679/4679 
f 4681/4681/4681 4679/4679/4679 4682/4682/4682 
f 4682/4682/4682 4680/4680/4680 4683/4683/4683 
f 4684/4684/4684 4682/4682/4682 4683/4683/4683 
f 4685/4685/4685 4681/4681/4681 4682/4682/4682 
f 4682/4682/4682 4684/4684/4684 4685/4685/4685 
f 4681/4681/4681 4685/4685/4685 4686/4686/4686 
f 4686/4686/4686 4685/4685/4685 4687/4687/4687 
f 4684/4684/4684 4688/4688/4688 4685/4685/4685 
f 4688/4688/4688 4687/4687/4687 4685/4685/4685 
f 4687/4687/4687 4688/4688/4688 4689/4689/4689 
f 4688/4688/4688 4684/4684/4684 4690/4690/4690 
f 4691/4691/4691 4689/4689/4689 4688/4688/4688 
f 4688/4688/4688 4690/4690/4690 4691/4691/4691 
f 4692/4692/4692 4691/4691/4691 4690/4690/4690 
f 4693/4693/4693 4694/4694/4694 4695/4695/4695 
f 4695/4695/4695 4694/4694/4694 4696/4696/4696 
f 4693/4693/4693 4697/4697/4697 4694/4694/4694 
f 4698/4698/4698 4693/4693/4693 4695/4695/4695 
f 4697/4697/4697 4693/4693/4693 4699/4699/4699 
f 4693/4693/4693 4698/4698/4698 4700/4700/4700 
f 4700/4700/4700 4699/4699/4699 4693/4693/4693 
f 4699/4699/4699 4700/4700/4700 4701/4701/4701 
f 4702/4702/4702 4703/4703/4703 4704/4704/4704 
f 4703/4703/4703 4702/4702/4702 4705/4705/4705 
f 4706/4706/4706 4704/4704/4704 4703/4703/4703 
f 4707/4707/4707 4702/4702/4702 4704/4704/4704 
f 4702/4702/4702 4707/4707/4707 4708/4708/4708 
f 4704/4704/4704 4709/4709/4709 4707/4707/4707 
f 4704/4704/4704 4706/4706/4706 4710/4710/4710 
f 4709/4709/4709 4704/4704/4704 4710/4710/4710 
f 4711/4711/4711 4710/4710/4710 4706/4706/4706 
f 4710/4710/4710 4712/4712/4712 4709/4709/4709 
f 4710/4710/4710 4711/4711/4711 4713/4713/4713 
f 4712/4712/4712 4710/4710/4710 4713/4713/4713 
f 4714/4714/4714 4715/4715/4715 4716/4716/4716 
f 4715/4715/4715 4714/4714/4714 4717/4717/4717 
f 4716/4716/4716 4718/4718/4718 4714/4714/4714 
f 4718/4718/4718 4716/4716/4716 4719/4719/4719 

g R15Bacon12

v -4.12757 2.35561 15.9861 
v -4.14712 2.35524 15.8492 
v -4.11991 2.40593 15.8594 
v -4.15464 2.30998 15.9636 
v -4.24253 2.26332 16.0691 
v -4.22419 2.30233 16.1033 
v -4.18729 2.40433 15.7433 
v -4.16486 2.45912 15.7421 
v -4.2931 2.49357 15.6524 
v -4.30286 2.43765 15.6622 
v -4.22419 2.30233 16.1033 
v -4.38189 2.25893 16.193 
v -4.38553 2.22661 16.1498 
v -4.24253 2.26332 16.0691 
v -4.66868 2.20008 16.2043 
v -4.69864 2.22284 16.2541 
v -4.73742 2.23468 16.2252 
v -4.7119 2.21222 16.1753 
v -4.24253 2.26332 16.0691 
v -4.70613 2.32213 15.918 
v -4.15464 2.30998 15.9636 
v -4.14712 2.35524 15.8492 
v -4.38553 2.22661 16.1498 
v -4.18729 2.40433 15.7433 
v -4.66868 2.20008 16.2043 
v -4.30286 2.43765 15.6622 
v -4.7119 2.21222 16.1753 
v -4.46435 2.45438 15.6181 
v -4.74966 2.31891 15.9227 
v -4.74847 2.44333 15.6326 
v -4.78758 2.42684 15.6669 
v -4.78758 2.42684 15.6669 
v -4.78212 2.492 15.6205 
v -4.74847 2.44333 15.6326 
v -4.8284 2.47726 15.6566 
v -4.47192 2.5088 15.6039 
v -4.46435 2.45438 15.6181 
v -4.2931 2.49357 15.6524 
v -4.30286 2.43765 15.6622 
v -4.73742 2.23468 16.2252 
v -4.7818 2.35522 15.9424 
v -4.7119 2.21222 16.1753 
v -4.74966 2.31891 15.9227 
v -4.78758 2.42684 15.6669 
v -4.8284 2.47726 15.6566 
v -4.86384 2.89615 16.5062 
v -4.81518 2.55746 16.3464 
v -4.78048 2.55643 16.379 
v -4.89437 2.88615 16.4697 
v -4.73742 2.23468 16.2252 
v -4.69864 2.22284 16.2541 
v -4.48046 2.6205 16.3352 
v -4.38189 2.25893 16.193 
v -4.22419 2.30233 16.1033 
v -4.58085 2.98871 16.4799 
v -4.32887 2.67107 16.2547 
v -4.43548 3.04657 16.4089 
v -4.23366 2.72164 16.1438 
v -4.3417 3.09437 16.3045 
v -4.43548 3.04657 16.4089 
v -4.32593 3.12047 16.1828 
v -4.32887 2.67107 16.2547 
v -4.12757 2.35561 15.9861 
v -4.22419 2.30233 16.1033 
v -4.22199 2.75995 16.0196 
v -4.35601 3.13334 16.0619 
v -4.11991 2.40593 15.8594 
v -4.25957 2.79315 15.9005 
v -4.16486 2.45912 15.7421 
v -4.2931 2.49357 15.6524 
v -4.37674 2.80323 15.8051 
v -4.46192 3.11857 15.9606 
v -4.93176 2.98798 15.9109 
v -4.84683 2.6435 16.0661 
v -4.91307 2.93707 16.1921 
v -4.87961 2.7303 15.7826 
v -4.81518 2.55746 16.3464 
v -4.89437 2.88615 16.4697 
v -4.73742 2.23468 16.2252 
v -4.7818 2.35522 15.9424 
v -4.8284 2.47726 15.6566 
v -4.41544 3.18245 16.2892 
v -4.43548 3.04657 16.4089 
v -4.3417 3.09437 16.3045 
v -4.32593 3.12047 16.1828 
v -4.497 3.14088 16.38 
v -4.40172 3.20515 16.1834 
v -4.58085 2.98871 16.4799 
v -4.35601 3.13334 16.0619 
v -4.43947 3.23184 16.2839 
v -4.42788 3.21634 16.0782 
v -4.46192 3.11857 15.9606 
v -4.43198 3.24898 16.1845 
v -4.51999 3.2035 15.9902 
v -4.6154 3.08278 15.8943 
v -4.4479 3.25886 16.0914 
v -4.65348 3.17238 15.9325 
v -4.5381 3.24899 16.0093 
v -4.47681 3.30581 16.1125 
v -4.89166 3.101 15.9181 
v -4.88926 3.00072 15.8777 
v -4.67033 3.22046 15.9629 
v -4.89579 3.14637 15.949 
v -4.92862 3.08992 15.9469 
v -4.93176 2.98798 15.9109 
v -4.92864 3.13213 15.9708 
v -4.90035 3.19649 16.0025 
v -4.91236 3.04564 16.1915 
v -4.91307 2.93707 16.1921 
v -4.8961 3.00137 16.433 
v -4.89437 2.88615 16.4697 
v -4.86955 3.01006 16.4647 
v -4.86384 2.89615 16.5062 
v -4.90447 3.06448 16.4119 
v -4.62343 3.09056 16.4418 
v -4.87953 3.07708 16.4354 
v -4.91808 3.11117 16.1901 
v -4.91372 3.1342 16.3663 
v -4.92866 3.17876 16.0164 
v -4.52175 3.20075 16.3638 
v -4.64751 3.15304 16.4185 
v -4.89055 3.15111 16.3808 
v -4.92204 3.15655 16.1891 
v -4.92113 3.18307 16.3047 
v -4.92868 3.20669 16.0799 
v -4.9287 3.23298 16.1875 
v -4.9045 3.2276 16.0732 
v -4.90841 3.25687 16.1875 
v -4.89939 3.20343 16.312 
v -4.7255 3.34092 16.1874 
v -4.70777 3.30826 16.0796 
v -4.68894 3.27356 16.0158 
v -4.69954 3.28085 16.3067 
v -4.67412 3.22204 16.3703 
v -4.5934 3.35984 16.1874 
v -4.57101 3.31287 16.2831 
v -4.54909 3.26688 16.3235 
v -4.57629 3.33046 16.096 
v -4.51496 3.36062 16.1874 
v -4.4873 3.32312 16.2488 
v -4.46602 3.2864 16.2711 
v -4.46543 3.29746 16.1858 
v -4.49605 3.33405 16.1327 
v -4.5581 3.29923 16.0497 
v -4.93176 2.98798 15.9109 
v -4.83521 2.74405 15.7479 
v -4.87961 2.7303 15.7826 
v -4.88926 3.00072 15.8777 
v -4.78212 2.492 15.6205 
v -4.8284 2.47726 15.6566 
v -4.54301 2.79317 15.7478 
v -4.6154 3.08278 15.8943 
v -4.46192 3.11857 15.9606 
v -4.47192 2.5088 15.6039 
v -4.37674 2.80323 15.8051 
v -4.2931 2.49357 15.6524 

vn 0.834646 -0.543307 0.0866142 
vn 0.866142 -0.409449 -0.291339 
vn 0.858268 -0.401575 -0.314961 
vn 0.826772 -0.551181 0.11811 
vn 0.606299 -0.669291 0.433071 
vn 0.614173 -0.661417 0.425197 
vn 0.692913 -0.299213 -0.653543 
vn 0.677165 -0.291339 -0.677165 
vn 0.377953 -0.220472 -0.897638 
vn 0.385827 -0.228346 -0.897638 
vn 0.614173 -0.661417 0.425197 
vn 0.330709 -0.779528 0.535433 
vn 0.346457 -0.771654 0.535433 
vn 0.606299 -0.669291 0.433071 
vn -0.0551181 -0.905512 0.417323 
vn -0.181102 -0.92126 0.338583 
vn -0.566929 -0.818898 0.0708661 
vn -0.645669 -0.76378 0 
vn 0.015748 -0.92126 -0.393701 
vn 0.015748 -0.92126 -0.393701 
vn 0.00787402 -0.929134 -0.377953 
vn 0.00787402 -0.92126 -0.393701 
vn 0.015748 -0.92126 -0.393701 
vn 0.00787402 -0.913386 -0.409449 
vn 0.015748 -0.92126 -0.393701 
vn 0.015748 -0.92126 -0.393701 
vn 0.015748 -0.92126 -0.393701 
vn 0.015748 -0.92126 -0.393701 
vn 0.023622 -0.92126 -0.393701 
vn 0.023622 -0.92126 -0.393701 
vn 0.0314961 -0.92126 -0.393701 
vn -0.661417 -0.606299 -0.440945 
vn -0.291339 -0.417323 -0.858268 
vn -0.212598 -0.370079 -0.905512 
vn -0.614173 -0.590551 -0.527559 
vn 0.0866142 -0.244094 -0.968504 
vn 0.11811 -0.23622 -0.968504 
vn 0.377953 -0.220472 -0.897638 
vn 0.385827 -0.228346 -0.897638 
vn -0.566929 -0.818898 0.0708661 
vn -0.771654 -0.614173 -0.141732 
vn -0.645669 -0.76378 0 
vn -0.771654 -0.614173 -0.141732 
vn -0.661417 -0.606299 -0.440945 
vn -0.614173 -0.590551 -0.527559 
vn -0.188976 -0.385827 0.905512 
vn -0.858268 -0.346457 0.370079 
vn -0.244094 -0.393701 0.889764 
vn -0.834646 -0.354331 0.417323 
vn -0.84252 -0.354331 0.409449 
vn -0.181102 -0.385827 0.905512 
vn 0.362205 -0.251969 0.897638 
vn 0.385827 -0.244094 0.889764 
vn 0.669291 -0.110236 0.732283 
vn 0.354331 -0.259843 0.897638 
vn 0.645669 -0.125984 0.748031 
vn 0.629921 -0.133858 0.76378 
vn 0.905512 0.0866142 0.417323 
vn 0.889764 0.0629921 0.448819 
vn 0.629921 -0.133858 0.76378 
vn 0.96063 0.275591 0.015748 
vn 0.645669 -0.125984 0.748031 
vn 0.913386 0.0944882 0.393701 
vn 0.669291 -0.110236 0.732283 
vn 0.96063 0.283465 -0.015748 
vn 0.80315 0.425197 -0.409449 
vn 0.96063 0.283465 -0.023622 
vn 0.779528 0.433071 -0.448819 
vn 0.795276 0.425197 -0.425197 
vn 0.448819 0.488189 -0.748031 
vn 0.425197 0.488189 -0.76378 
vn 0.440945 0.488189 -0.755906 
vn -0.944882 -0.0314961 -0.330709 
vn -0.968504 -0.23622 0.0393701 
vn -0.968504 -0.23622 0.0314961 
vn -0.92126 0 -0.393701 
vn -0.858268 -0.346457 0.370079 
vn -0.834646 -0.354331 0.417323 
vn -0.84252 -0.354331 0.409449 
vn -0.968504 -0.23622 0.0472441 
vn -0.905512 0.015748 -0.417323 
vn 0.685039 0.543307 0.488189 
vn 0.377953 0.488189 0.787402 
vn 0.622047 0.606299 0.488189 
vn 0.740157 0.661417 0.0787402 
vn 0.393701 0.448819 0.80315 
vn 0.80315 0.598425 0.0472441 
vn 0.110236 0.385827 0.913386 
vn 0.669291 0.653543 -0.354331 
vn 0.716535 0.511811 0.480315 
vn 0.692913 0.590551 -0.417323 
vn 0.409449 0.535433 -0.740157 
vn 0.850394 0.527559 0.023622 
vn 0.385827 0.519685 -0.76378 
vn 0.102362 0.425197 -0.897638 
vn 0.716535 0.574803 -0.401575 
vn 0.0708661 0.480315 -0.874016 
vn 0.330709 0.590551 -0.732283 
vn 0.629921 0.692913 -0.354331 
vn -0.362205 0.401575 -0.834646 
vn -0.393701 0.338583 -0.858268 
vn -0.00787402 0.614173 -0.787402 
vn -0.393701 0.551181 -0.732283 
vn -0.905512 0.181102 -0.377953 
vn -0.913386 0.165354 -0.377953 
vn -0.905512 0.251969 -0.346457 
vn -0.440945 0.708661 -0.543307 
vn -1 -0.0393701 0.0551181 
vn -1 0.00787402 0.0708661 
vn -0.929134 0.0708661 0.362205 
vn -0.905512 0.11811 0.409449 
vn -0.425197 0.283465 0.858268 
vn -0.472441 0.283465 0.834646 
vn -0.913386 0.0866142 0.385827 
vn 0.110236 0.385827 0.913386 
vn -0.425197 0.370079 0.826772 
vn -0.992126 -0.0787402 0.0393701 
vn -0.913386 0.212598 0.354331 
vn -0.897638 0.354331 -0.259843 
vn 0.346457 0.480315 0.80315 
vn 0.0551181 0.472441 0.88189 
vn -0.448819 0.559055 0.692913 
vn -0.992126 -0.0866142 0.0314961 
vn -0.92126 0.291339 0.259843 
vn -0.92126 0.362205 -0.133858 
vn -0.92126 0.385827 0.0629921 
vn -0.511811 0.795276 -0.322835 
vn -0.559055 0.826772 0.0787402 
vn -0.503937 0.700787 0.503937 
vn -0.267717 0.96063 0.0787402 
vn -0.220472 0.889764 -0.401575 
vn -0.11811 0.779528 -0.622047 
vn -0.181102 0.795276 0.582677 
vn -0.0629921 0.637795 0.76378 
vn -0.0551181 0.992126 0.0708661 
vn 0.0314961 0.795276 0.606299 
vn 0.19685 0.622047 0.755906 
vn 0.0393701 0.889764 -0.448819 
vn 0.354331 0.937008 0.0472441 
vn 0.503937 0.771654 0.385827 
vn 0.629921 0.622047 0.464567 
vn 0.826772 0.566929 0.00787402 
vn 0.488189 0.818898 -0.299213 
vn 0.204724 0.755906 -0.622047 
vn -0.944882 -0.0314961 -0.330709 
vn -0.377953 0.354331 -0.858268 
vn -0.92126 0 -0.393701 
vn -0.385827 0.346457 -0.850394 
vn -0.338583 0.362205 -0.866142 
vn -0.905512 0.015748 -0.417323 
vn 0.0944882 0.464567 -0.88189 
vn 0.102362 0.464567 -0.874016 
vn 0.440945 0.488189 -0.755906 
vn 0.11811 0.472441 -0.874016 
vn 0.425197 0.488189 -0.76378 
vn 0.448819 0.488189 -0.748031 

vt 0.733432 0.694608 
vt 0.749283 0.687576 
vt 0.749283 0.694608 
vt 0.733432 0.687576 
vt 0.714767 0.687576 
vt 0.714767 0.694608 
vt 0.765201 0.687576 
vt 0.765201 0.694608 
vt 0.78415 0.694608 
vt 0.78415 0.687576 
vt 0.992997 0.694608 
vt 0.969308 0.694608 
vt 0.969308 0.687576 
vt 0.992997 0.687576 
vt 0.929871 0.687576 
vt 0.929871 0.694608 
vt 0.923409 0.694608 
vt 0.923409 0.687576 
vt 0.760747 0.623655 
vt 0.785416 0.651383 
vt 0.753579 0.623655 
vt 0.753579 0.651316 
vt 0.769424 0.623655 
vt 0.753579 0.679062 
vt 0.78572 0.623655 
vt 0.760711 0.679062 
vt 0.787894 0.623655 
vt 0.769377 0.679062 
vt 0.787894 0.651414 
vt 0.785398 0.679062 
vt 0.787879 0.679062 
vt 0.853974 0.687576 
vt 0.846109 0.694608 
vt 0.846109 0.687576 
vt 0.853974 0.694608 
vt 0.807048 0.694608 
vt 0.807048 0.687576 
vt 0.78415 0.694608 
vt 0.78415 0.687576 
vt 0.923371 0.694608 
vt 0.890179 0.694608 
vt 0.923371 0.687576 
vt 0.890179 0.687576 
vt 0.853971 0.687576 
vt 0.853971 0.694608 
vt 0.929871 0.772736 
vt 0.923409 0.734922 
vt 0.929871 0.734922 
vt 0.923409 0.772736 
vt 0.923409 0.694608 
vt 0.929871 0.694608 
vt 0.969308 0.734922 
vt 0.969308 0.694608 
vt 0.992997 0.694608 
vt 0.969308 0.772736 
vt 0.992997 0.734922 
vt 0.992997 0.772736 
vt 0.733432 0.734922 
vt 0.733432 0.772736 
vt 0.714767 0.772736 
vt 0.749283 0.772736 
vt 0.714767 0.734922 
vt 0.733432 0.694608 
vt 0.714767 0.694608 
vt 0.749283 0.734922 
vt 0.765201 0.772736 
vt 0.749283 0.694608 
vt 0.765201 0.734922 
vt 0.765201 0.694608 
vt 0.78415 0.694608 
vt 0.78415 0.734922 
vt 0.78415 0.772736 
vt 0.853971 0.772736 
vt 0.890179 0.734922 
vt 0.890179 0.772736 
vt 0.853971 0.734922 
vt 0.923371 0.734922 
vt 0.923371 0.772736 
vt 0.923371 0.694608 
vt 0.890179 0.694608 
vt 0.853971 0.694608 
vt 0.718837 0.659316 
vt 0.721636 0.67055 
vt 0.715692 0.661211 
vt 0.714288 0.650382 
vt 0.724006 0.667439 
vt 0.717616 0.649899 
vt 0.730492 0.676955 
vt 0.71558 0.639645 
vt 0.719642 0.658554 
vt 0.718739 0.64056 
vt 0.721428 0.630703 
vt 0.71884 0.649731 
vt 0.723826 0.632783 
vt 0.730221 0.624892 
vt 0.719431 0.64147 
vt 0.731472 0.627729 
vt 0.724392 0.634199 
vt 0.720588 0.643044 
vt 0.745466 0.626586 
vt 0.746311 0.623577 
vt 0.731965 0.630129 
vt 0.74528 0.62906 
vt 0.747702 0.629145 
vt 0.748881 0.62652 
vt 0.747305 0.631015 
vt 0.745113 0.63349 
vt 0.747766 0.650914 
vt 0.748955 0.65155 
vt 0.747823 0.672414 
vt 0.749021 0.676271 
vt 0.746317 0.675185 
vt 0.747289 0.679456 
vt 0.747578 0.670211 
vt 0.731708 0.67301 
vt 0.746104 0.672243 
vt 0.747388 0.650432 
vt 0.747262 0.665813 
vt 0.746906 0.634776 
vt 0.724718 0.665661 
vt 0.732341 0.670593 
vt 0.745823 0.667029 
vt 0.747126 0.650098 
vt 0.747032 0.660126 
vt 0.746742 0.640214 
vt 0.746686 0.649536 
vt 0.74516 0.639536 
vt 0.745302 0.649429 
vt 0.74562 0.660688 
vt 0.734224 0.649176 
vt 0.733361 0.639883 
vt 0.732548 0.634476 
vt 0.733658 0.660021 
vt 0.732994 0.665959 
vt 0.726665 0.649217 
vt 0.726111 0.657906 
vt 0.725459 0.661732 
vt 0.725835 0.641351 
vt 0.722287 0.649298 
vt 0.721269 0.654926 
vt 0.720517 0.657109 
vt 0.720193 0.649546 
vt 0.721403 0.644644 
vt 0.725058 0.63746 
vt 0.853974 0.772736 
vt 0.846109 0.734922 
vt 0.853974 0.734922 
vt 0.846109 0.772736 
vt 0.846109 0.694608 
vt 0.853974 0.694608 
vt 0.807048 0.734922 
vt 0.807048 0.772736 
vt 0.78415 0.772736 
vt 0.807048 0.694608 
vt 0.78415 0.734922 
vt 0.78415 0.694608 

usemtl R15Bacon1Mtl

f 4720/4720/4720 4721/4721/4721 4722/4722/4722 
f 4721/4721/4721 4720/4720/4720 4723/4723/4723 
f 4720/4720/4720 4724/4724/4724 4723/4723/4723 
f 4724/4724/4724 4720/4720/4720 4725/4725/4725 
f 4726/4726/4726 4722/4722/4722 4721/4721/4721 
f 4727/4727/4727 4722/4722/4722 4726/4726/4726 
f 4726/4726/4726 4728/4728/4728 4727/4727/4727 
f 4728/4728/4728 4726/4726/4726 4729/4729/4729 
f 4730/4730/4730 4731/4731/4731 4732/4732/4732 
f 4732/4732/4732 4733/4733/4733 4730/4730/4730 
f 4731/4731/4731 4734/4734/4734 4732/4732/4732 
f 4734/4734/4734 4731/4731/4731 4735/4735/4735 
f 4734/4734/4734 4735/4735/4735 4736/4736/4736 
f 4734/4734/4734 4736/4736/4736 4737/4737/4737 
f 4738/4738/4738 4739/4739/4739 4740/4740/4740 
f 4740/4740/4740 4739/4739/4739 4741/4741/4741 
f 4742/4742/4742 4739/4739/4739 4738/4738/4738 
f 4741/4741/4741 4739/4739/4739 4743/4743/4743 
f 4739/4739/4739 4742/4742/4742 4744/4744/4744 
f 4743/4743/4743 4739/4739/4739 4745/4745/4745 
f 4746/4746/4746 4739/4739/4739 4744/4744/4744 
f 4745/4745/4745 4739/4739/4739 4747/4747/4747 
f 4739/4739/4739 4746/4746/4746 4748/4748/4748 
f 4747/4747/4747 4739/4739/4739 4749/4749/4749 
f 4750/4750/4750 4739/4739/4739 4748/4748/4748 
f 4739/4739/4739 4750/4750/4750 4749/4749/4749 
f 4751/4751/4751 4752/4752/4752 4753/4753/4753 
f 4752/4752/4752 4751/4751/4751 4754/4754/4754 
f 4752/4752/4752 4755/4755/4755 4753/4753/4753 
f 4756/4756/4756 4753/4753/4753 4755/4755/4755 
f 4757/4757/4757 4756/4756/4756 4755/4755/4755 
f 4756/4756/4756 4757/4757/4757 4758/4758/4758 
f 4759/4759/4759 4760/4760/4760 4761/4761/4761 
f 4761/4761/4761 4760/4760/4760 4762/4762/4762 
f 4760/4760/4760 4763/4763/4763 4762/4762/4762 
f 4763/4763/4763 4760/4760/4760 4764/4764/4764 
f 4765/4765/4765 4766/4766/4766 4767/4767/4767 
f 4766/4766/4766 4765/4765/4765 4768/4768/4768 
f 4769/4769/4769 4767/4767/4767 4766/4766/4766 
f 4767/4767/4767 4769/4769/4769 4770/4770/4770 
f 4771/4771/4771 4765/4765/4765 4767/4767/4767 
f 4770/4770/4770 4771/4771/4771 4767/4767/4767 
f 4771/4771/4771 4770/4770/4770 4772/4772/4772 
f 4773/4773/4773 4771/4771/4771 4772/4772/4772 
f 4765/4765/4765 4771/4771/4771 4774/4774/4774 
f 4771/4771/4771 4773/4773/4773 4775/4775/4775 
f 4775/4775/4775 4774/4774/4774 4771/4771/4771 
f 4775/4775/4775 4776/4776/4776 4774/4774/4774 
f 4777/4777/4777 4778/4778/4778 4779/4779/4779 
f 4778/4778/4778 4777/4777/4777 4780/4780/4780 
f 4779/4779/4779 4781/4781/4781 4777/4777/4777 
f 4781/4781/4781 4782/4782/4782 4777/4777/4777 
f 4782/4782/4782 4781/4781/4781 4783/4783/4783 
f 4780/4780/4780 4777/4777/4777 4784/4784/4784 
f 4782/4782/4782 4784/4784/4784 4777/4777/4777 
f 4784/4784/4784 4785/4785/4785 4780/4780/4780 
f 4784/4784/4784 4782/4782/4782 4786/4786/4786 
f 4786/4786/4786 4787/4787/4787 4784/4784/4784 
f 4785/4785/4785 4784/4784/4784 4787/4787/4787 
f 4787/4787/4787 4786/4786/4786 4788/4788/4788 
f 4789/4789/4789 4787/4787/4787 4788/4788/4788 
f 4787/4787/4787 4789/4789/4789 4790/4790/4790 
f 4790/4790/4790 4785/4785/4785 4787/4787/4787 
f 4785/4785/4785 4790/4790/4790 4791/4791/4791 
f 4792/4792/4792 4793/4793/4793 4794/4794/4794 
f 4793/4793/4793 4792/4792/4792 4795/4795/4795 
f 4796/4796/4796 4794/4794/4794 4793/4793/4793 
f 4794/4794/4794 4796/4796/4796 4797/4797/4797 
f 4793/4793/4793 4798/4798/4798 4796/4796/4796 
f 4798/4798/4798 4793/4793/4793 4799/4799/4799 
f 4795/4795/4795 4799/4799/4799 4793/4793/4793 
f 4799/4799/4799 4795/4795/4795 4800/4800/4800 
f 4801/4801/4801 4802/4802/4802 4803/4803/4803 
f 4804/4804/4804 4801/4801/4801 4803/4803/4803 
f 4802/4802/4802 4801/4801/4801 4805/4805/4805 
f 4801/4801/4801 4804/4804/4804 4806/4806/4806 
f 4805/4805/4805 4807/4807/4807 4802/4802/4802 
f 4808/4808/4808 4806/4806/4806 4804/4804/4804 
f 4809/4809/4809 4805/4805/4805 4801/4801/4801 
f 4806/4806/4806 4809/4809/4809 4801/4801/4801 
f 4806/4806/4806 4808/4808/4808 4810/4810/4810 
f 4811/4811/4811 4810/4810/4810 4808/4808/4808 
f 4812/4812/4812 4809/4809/4809 4806/4806/4806 
f 4810/4810/4810 4811/4811/4811 4813/4813/4813 
f 4814/4814/4814 4813/4813/4813 4811/4811/4811 
f 4815/4815/4815 4806/4806/4806 4810/4810/4810 
f 4813/4813/4813 4815/4815/4815 4810/4810/4810 
f 4806/4806/4806 4815/4815/4815 4812/4812/4812 
f 4813/4813/4813 4814/4814/4814 4816/4816/4816 
f 4815/4815/4815 4813/4813/4813 4817/4817/4817 
f 4816/4816/4816 4817/4817/4817 4813/4813/4813 
f 4815/4815/4815 4818/4818/4818 4812/4812/4812 
f 4817/4817/4817 4818/4818/4818 4815/4815/4815 
f 4814/4814/4814 4819/4819/4819 4816/4816/4816 
f 4819/4819/4819 4814/4814/4814 4820/4820/4820 
f 4817/4817/4817 4816/4816/4816 4821/4821/4821 
f 4822/4822/4822 4816/4816/4816 4819/4819/4819 
f 4816/4816/4816 4822/4822/4822 4821/4821/4821 
f 4819/4819/4819 4820/4820/4820 4823/4823/4823 
f 4823/4823/4823 4820/4820/4820 4824/4824/4824 
f 4819/4819/4819 4825/4825/4825 4822/4822/4822 
f 4825/4825/4825 4819/4819/4819 4823/4823/4823 
f 4821/4821/4821 4822/4822/4822 4826/4826/4826 
f 4825/4825/4825 4826/4826/4826 4822/4822/4822 
f 4827/4827/4827 4823/4823/4823 4824/4824/4824 
f 4823/4823/4823 4827/4827/4827 4825/4825/4825 
f 4824/4824/4824 4828/4828/4828 4827/4827/4827 
f 4829/4829/4829 4827/4827/4827 4828/4828/4828 
f 4828/4828/4828 4830/4830/4830 4829/4829/4829 
f 4830/4830/4830 4831/4831/4831 4829/4829/4829 
f 4832/4832/4832 4831/4831/4831 4830/4830/4830 
f 4807/4807/4807 4831/4831/4831 4832/4832/4832 
f 4831/4831/4831 4833/4833/4833 4829/4829/4829 
f 4827/4827/4827 4829/4829/4829 4833/4833/4833 
f 4831/4831/4831 4807/4807/4807 4834/4834/4834 
f 4807/4807/4807 4805/4805/4805 4834/4834/4834 
f 4833/4833/4833 4831/4831/4831 4835/4835/4835 
f 4831/4831/4831 4834/4834/4834 4835/4835/4835 
f 4833/4833/4833 4836/4836/4836 4827/4827/4827 
f 4825/4825/4825 4827/4827/4827 4836/4836/4836 
f 4837/4837/4837 4833/4833/4833 4835/4835/4835 
f 4836/4836/4836 4833/4833/4833 4837/4837/4837 
f 4825/4825/4825 4836/4836/4836 4838/4838/4838 
f 4839/4839/4839 4834/4834/4834 4805/4805/4805 
f 4805/4805/4805 4809/4809/4809 4839/4839/4839 
f 4840/4840/4840 4835/4835/4835 4834/4834/4834 
f 4834/4834/4834 4839/4839/4839 4840/4840/4840 
f 4835/4835/4835 4840/4840/4840 4841/4841/4841 
f 4835/4835/4835 4841/4841/4841 4837/4837/4837 
f 4837/4837/4837 4842/4842/4842 4836/4836/4836 
f 4838/4838/4838 4836/4836/4836 4842/4842/4842 
f 4842/4842/4842 4837/4837/4837 4843/4843/4843 
f 4841/4841/4841 4843/4843/4843 4837/4837/4837 
f 4838/4838/4838 4842/4842/4842 4844/4844/4844 
f 4826/4826/4826 4825/4825/4825 4838/4838/4838 
f 4842/4842/4842 4843/4843/4843 4845/4845/4845 
f 4842/4842/4842 4845/4845/4845 4844/4844/4844 
f 4838/4838/4838 4844/4844/4844 4846/4846/4846 
f 4844/4844/4844 4845/4845/4845 4846/4846/4846 
f 4846/4846/4846 4826/4826/4826 4838/4838/4838 
f 4847/4847/4847 4846/4846/4846 4845/4845/4845 
f 4848/4848/4848 4845/4845/4845 4843/4843/4843 
f 4845/4845/4845 4848/4848/4848 4847/4847/4847 
f 4843/4843/4843 4841/4841/4841 4848/4848/4848 
f 4849/4849/4849 4846/4846/4846 4847/4847/4847 
f 4848/4848/4848 4849/4849/4849 4847/4847/4847 
f 4850/4850/4850 4826/4826/4826 4846/4846/4846 
f 4846/4846/4846 4849/4849/4849 4850/4850/4850 
f 4826/4826/4826 4850/4850/4850 4851/4851/4851 
f 4826/4826/4826 4851/4851/4851 4821/4821/4821 
f 4841/4841/4841 4852/4852/4852 4848/4848/4848 
f 4849/4849/4849 4848/4848/4848 4852/4852/4852 
f 4852/4852/4852 4841/4841/4841 4853/4853/4853 
f 4853/4853/4853 4841/4841/4841 4840/4840/4840 
f 4849/4849/4849 4852/4852/4852 4854/4854/4854 
f 4850/4850/4850 4849/4849/4849 4854/4854/4854 
f 4853/4853/4853 4855/4855/4855 4852/4852/4852 
f 4854/4854/4854 4852/4852/4852 4855/4855/4855 
f 4840/4840/4840 4856/4856/4856 4853/4853/4853 
f 4855/4855/4855 4853/4853/4853 4856/4856/4856 
f 4856/4856/4856 4840/4840/4840 4839/4839/4839 
f 4857/4857/4857 4850/4850/4850 4854/4854/4854 
f 4857/4857/4857 4851/4851/4851 4850/4850/4850 
f 4854/4854/4854 4855/4855/4855 4858/4858/4858 
f 4857/4857/4857 4854/4854/4854 4858/4858/4858 
f 4856/4856/4856 4859/4859/4859 4855/4855/4855 
f 4858/4858/4858 4855/4855/4855 4859/4859/4859 
f 4839/4839/4839 4860/4860/4860 4856/4856/4856 
f 4859/4859/4859 4856/4856/4856 4860/4860/4860 
f 4860/4860/4860 4839/4839/4839 4809/4809/4809 
f 4812/4812/4812 4860/4860/4860 4809/4809/4809 
f 4860/4860/4860 4861/4861/4861 4859/4859/4859 
f 4861/4861/4861 4860/4860/4860 4812/4812/4812 
f 4858/4858/4858 4859/4859/4859 4861/4861/4861 
f 4818/4818/4818 4861/4861/4861 4812/4812/4812 
f 4862/4862/4862 4858/4858/4858 4861/4861/4861 
f 4818/4818/4818 4862/4862/4862 4861/4861/4861 
f 4862/4862/4862 4857/4857/4857 4858/4858/4858 
f 4863/4863/4863 4862/4862/4862 4818/4818/4818 
f 4862/4862/4862 4863/4863/4863 4857/4857/4857 
f 4851/4851/4851 4857/4857/4857 4863/4863/4863 
f 4818/4818/4818 4817/4817/4817 4863/4863/4863 
f 4863/4863/4863 4821/4821/4821 4851/4851/4851 
f 4821/4821/4821 4863/4863/4863 4817/4817/4817 
f 4864/4864/4864 4865/4865/4865 4866/4866/4866 
f 4865/4865/4865 4864/4864/4864 4867/4867/4867 
f 4868/4868/4868 4866/4866/4866 4865/4865/4865 
f 4866/4866/4866 4868/4868/4868 4869/4869/4869 
f 4867/4867/4867 4870/4870/4870 4865/4865/4865 
f 4865/4865/4865 4870/4870/4870 4868/4868/4868 
f 4870/4870/4870 4867/4867/4867 4871/4871/4871 
f 4872/4872/4872 4870/4870/4870 4871/4871/4871 
f 4870/4870/4870 4873/4873/4873 4868/4868/4868 
f 4870/4870/4870 4872/4872/4872 4874/4874/4874 
f 4874/4874/4874 4873/4873/4873 4870/4870/4870 
f 4873/4873/4873 4874/4874/4874 4875/4875/4875 

g R15Bacon13

v -4.74272 3.91263 16.173 
v -5.22566 3.71311 16.0641 
v -4.82818 3.87732 16.2653 
v -4.95609 3.82448 16.327 
v -4.7234 3.92119 16.0642 
v -4.74272 3.91263 15.9552 
v -4.82818 3.87732 15.8629 
v -4.95609 3.82448 15.8013 
v -5.19941 3.72395 16.3465 
v -5.22566 3.71311 15.8154 
v -5.18945 3.72807 15.7825 
v -5.24266 3.66246 16.0701 
v -5.24308 3.66372 15.7835 
v -5.20192 3.68054 15.7511 
v -4.9367 3.78891 15.7723 
v -4.95609 3.82448 15.8013 
v -4.82818 3.87732 15.8629 
v -4.79126 3.84808 15.8423 
v -4.74272 3.91263 15.9552 
v -4.694 3.88739 15.9471 
v -4.7234 3.92119 16.0642 
v -4.67188 3.89649 16.0707 
v -4.74272 3.91263 16.173 
v -4.69368 3.88642 16.1942 
v -4.79066 3.84629 16.2989 
v -4.82818 3.87732 16.2653 
v -4.93592 3.78657 16.3689 
v -4.95609 3.82448 16.327 
v -5.21241 3.6734 16.3911 
v -5.22566 3.71311 16.3487 
v -5.24224 3.6612 16.3542 
v -4.35601 3.13333 16.0619 
v -4.32593 3.12046 16.1828 
v -4.33007 3.02841 16.077 
v -4.46192 3.11856 15.9606 
v -4.30045 3.01123 16.1717 
v -4.42603 2.97602 16.0056 
v -4.32015 3.00304 16.2722 
v -4.3417 3.09436 16.3045 
v -4.43548 3.04656 16.4089 
v -4.40489 2.9319 16.3473 
v -4.58085 2.98871 16.4799 
v -4.32194 2.92705 16.2255 
v -4.32616 2.93805 16.1159 
v -4.30793 2.92033 16.1666 
v -4.3957 2.87554 16.0874 
v -4.37131 2.83558 16.1679 
v -4.38532 2.85918 16.2598 
v -4.48366 2.77906 16.1698 
v -4.49873 2.80706 16.2765 
v -4.53208 2.87484 16.3929 
v -4.70676 2.70854 16.1736 
v -4.51329 2.8299 16.0534 
v -4.7821 2.79246 16.4127 
v -4.86384 2.89614 16.5062 
v -4.72168 2.73655 16.2849 
v -4.89437 2.88615 16.4697 
v -4.55947 2.93228 15.9556 
v -4.6154 3.08278 15.8943 
v -4.72891 2.75503 16.0503 
v -4.79996 2.85256 15.9494 
v -4.88926 3.00072 15.8777 
v -4.77538 2.79167 16.0803 
v -4.85705 2.87799 15.9913 
v -4.93176 2.98797 15.9109 
v -4.91307 2.93706 16.1921 
v -4.75632 2.75425 16.1728 
v -4.83776 2.83409 16.1822 
v -4.76616 2.76775 16.2765 
v -4.83055 2.81406 16.385 
v -4.63515 3.50387 16.3553 
v -4.60884 3.06676 16.4879 
v -4.46165 3.12183 16.4181 
v -4.43548 3.04656 16.4089 
v -4.58085 2.98871 16.4799 
v -4.86384 2.89614 16.5062 
v -4.78133 3.44634 16.4251 
v -4.79066 3.84629 16.2989 
v -4.93592 3.78657 16.3689 
v -4.89168 2.97045 16.51 
v -5.06081 3.34115 16.4473 
v -5.21241 3.6734 16.3911 
v -5.24224 3.6612 16.3542 
v -5.09097 3.32979 16.4104 
v -4.9222 2.96006 16.4731 
v -4.89437 2.88615 16.4697 
v -4.93176 2.98797 15.9109 
v -4.93043 2.98473 16.1906 
v -4.93867 3.0094 15.9045 
v -4.91307 2.93706 16.1921 
v -4.9222 2.96006 16.4731 
v -4.89437 2.88615 16.4697 
v -5.24266 3.66246 16.0701 
v -5.0992 3.35445 15.8407 
v -5.24308 3.66372 15.7835 
v -5.09097 3.32979 16.4104 
v -5.24224 3.6612 16.3542 
v -4.53822 3.54452 16.2507 
v -4.46165 3.12183 16.4181 
v -4.36479 3.16307 16.3137 
v -4.3417 3.09436 16.3045 
v -4.43548 3.04656 16.4089 
v -4.32593 3.12046 16.1828 
v -4.63515 3.50387 16.3553 
v -4.69368 3.88642 16.1942 
v -4.79066 3.84629 16.2989 
v -4.34512 3.17981 16.1907 
v -4.51743 3.55774 16.1274 
v -4.67188 3.89649 16.0707 
v -4.37109 3.18195 16.0674 
v -4.35601 3.13333 16.0619 
v -4.46192 3.11856 15.9606 
v -4.4733 3.15672 15.963 
v -4.54137 3.55396 16.0039 
v -4.694 3.88739 15.9471 
v -4.64097 3.5213 15.8994 
v -4.79126 3.84808 15.8423 
v -4.6154 3.08278 15.8943 
v -4.4733 3.15672 15.963 
v -4.62406 3.11234 15.8932 
v -4.64097 3.5213 15.8994 
v -4.8964 3.02324 15.872 
v -4.88926 3.00072 15.8777 
v -4.78893 3.46912 15.8295 
v -4.79126 3.84808 15.8423 
v -4.93176 2.98797 15.9109 
v -4.9367 3.78891 15.7723 
v -4.93867 3.0094 15.9045 
v -5.05751 3.36985 15.8082 
v -5.0992 3.35445 15.8407 
v -5.20192 3.68054 15.7511 
v -5.24308 3.66372 15.7835 

vn -0.385827 0.92126 0 
vn -0.590551 0.80315 0 
vn -0.377953 0.92126 0 
vn -0.377953 0.92126 0 
vn -0.385827 0.92126 0 
vn -0.385827 0.92126 0 
vn -0.377953 0.92126 0 
vn -0.377953 0.92126 0 
vn -0.370079 0.913386 0.165354 
vn -0.566929 0.826772 -0.023622 
vn -0.377953 0.905512 -0.212598 
vn -0.944882 0.314961 0 
vn -0.913386 0.393701 -0.125984 
vn -0.322835 0.582677 -0.748031 
vn -0.0787402 0.606299 -0.795276 
vn -0.0708661 0.606299 -0.787402 
vn 0.181102 0.708661 -0.677165 
vn 0.204724 0.724409 -0.661417 
vn 0.370079 0.84252 -0.393701 
vn 0.385827 0.858268 -0.346457 
vn 0.433071 0.905512 -0.00787402 
vn 0.433071 0.905512 0.015748 
vn 0.314961 0.88189 0.354331 
vn 0.314961 0.88189 0.362205 
vn 0.110236 0.787402 0.606299 
vn 0.110236 0.787402 0.606299 
vn -0.141732 0.700787 0.700787 
vn -0.125984 0.708661 0.700787 
vn -0.275591 0.653543 0.708661 
vn -0.598425 0.80315 0.0314961 
vn -0.937008 0.338583 0.0629921 
vn 0.787402 0.0629921 -0.614173 
vn 0.976378 0.212598 -0.0393701 
vn 0.811024 -0.023622 -0.582677 
vn 0.503937 -0.133858 -0.850394 
vn 0.992126 0.0944882 -0.0393701 
vn 0.519685 -0.267717 -0.811024 
vn 0.88189 -0.0866142 0.464567 
vn 0.866142 0 0.496063 
vn 0.590551 -0.267717 0.76378 
vn 0.598425 -0.401575 0.692913 
vn 0.314961 -0.480315 0.818898 
vn 0.850394 -0.377953 0.370079 
vn 0.76378 -0.322835 -0.551181 
vn 0.913386 -0.393701 -0.0944882 
vn 0.519685 -0.574803 -0.629921 
vn 0.582677 -0.80315 -0.110236 
vn 0.582677 -0.677165 0.456693 
vn 0.362205 -0.929134 -0.102362 
vn 0.346457 -0.826772 0.433071 
vn 0.346457 -0.614173 0.708661 
vn 0.15748 -0.984252 -0.0944882 
vn 0.322835 -0.708661 -0.629921 
vn 0.165354 -0.708661 0.692913 
vn 0.141732 -0.598425 0.787402 
vn 0.165354 -0.905512 0.401575 
vn -0.716535 -0.692913 0.102362 
vn 0.267717 -0.417323 -0.866142 
vn 0.228346 -0.299213 -0.929134 
vn 0.110236 -0.795276 -0.598425 
vn 0.0393701 -0.535433 -0.84252 
vn 0.015748 -0.425197 -0.905512 
vn -0.661417 -0.732283 -0.15748 
vn -0.740157 -0.645669 -0.173228 
vn -0.716535 -0.645669 -0.275591 
vn -0.80315 -0.598425 -0.0472441 
vn -0.669291 -0.740157 -0.0629921 
vn -0.755906 -0.645669 -0.0551181 
vn -0.629921 -0.779528 0.023622 
vn -0.716535 -0.692913 0.0393701 
vn 0.456693 0.338583 0.826772 
vn 0.149606 0.181102 0.968504 
vn 0.464567 0.299213 0.834646 
vn 0.551181 0.0944882 0.826772 
vn 0.220472 -0.00787402 0.976378 
vn -0.00787402 -0.0787402 1 
vn 0.125984 0.220472 0.968504 
vn 0.456693 0.346457 0.818898 
vn 0.125984 0.220472 0.968504 
vn -0.0629921 0.102362 0.992126 
vn -0.0944882 0.125984 0.984252 
vn -0.102362 0.11811 0.984252 
vn -0.913386 -0.401575 0.0787402 
vn -0.913386 -0.401575 0.102362 
vn -0.913386 -0.385827 0.125984 
vn -0.929134 -0.354331 0.125984 
vn -0.937008 -0.346457 -0.0629921 
vn -0.913386 -0.409449 -0.00787402 
vn -0.889764 -0.433071 -0.133858 
vn -0.937008 -0.346457 0 
vn -0.913386 -0.385827 0.125984 
vn -0.929134 -0.354331 0.125984 
vn -0.905512 -0.417323 0 
vn -0.889764 -0.440945 -0.141732 
vn -0.88189 -0.440945 -0.149606 
vn -0.913386 -0.401575 0.102362 
vn -0.913386 -0.401575 0.0787402 
vn 0.755906 0.425197 0.496063 
vn 0.464567 0.299213 0.834646 
vn 0.755906 0.393701 0.519685 
vn 0.834646 0.212598 0.503937 
vn 0.551181 0.0944882 0.826772 
vn 0.952756 0.307087 0.015748 
vn 0.456693 0.338583 0.826772 
vn 0.771654 0.425197 0.472441 
vn 0.456693 0.346457 0.818898 
vn 0.913386 0.401575 0.0314961 
vn 0.913386 0.417323 0.00787402 
vn 0.913386 0.409449 -0.015748 
vn 0.84252 0.307087 -0.448819 
vn 0.834646 0.307087 -0.456693 
vn 0.535433 0.204724 -0.818898 
vn 0.566929 0.125984 -0.818898 
vn 0.818898 0.291339 -0.488189 
vn 0.811024 0.283465 -0.511811 
vn 0.551181 0.110236 -0.826772 
vn 0.543307 0.102362 -0.834646 
vn 0.228346 0 -0.976378 
vn 0.566929 0.125984 -0.818898 
vn 0.251969 -0.0551181 -0.968504 
vn 0.551181 0.110236 -0.826772 
vn 0.0314961 -0.165354 -0.984252 
vn 0.00787402 -0.141732 -0.992126 
vn 0.23622 -0.0629921 -0.968504 
vn 0.543307 0.102362 -0.834646 
vn -0.937008 -0.346457 -0.0629921 
vn 0.23622 -0.0708661 -0.968504 
vn -0.889764 -0.433071 -0.133858 
vn 0.023622 -0.165354 -0.984252 
vn -0.889764 -0.440945 -0.141732 
vn 0.0314961 -0.165354 -0.984252 
vn -0.88189 -0.440945 -0.149606 

vt 0.736965 0.893918 
vt 0.748382 0.987375 
vt 0.720873 0.893918 
vt 0.720873 0.937362 
vt 0.747616 0.893918 
vt 0.758358 0.893918 
vt 0.776291 0.893918 
vt 0.776291 0.937362 
vt 0.720873 0.981274 
vt 0.776291 0.987375 
vt 0.776291 0.981274 
vt 0.747926 0.9957 
vt 0.783409 0.9957 
vt 0.783409 0.984127 
vt 0.783409 0.927645 
vt 0.776291 0.937362 
vt 0.776291 0.893918 
vt 0.783409 0.884201 
vt 0.758358 0.893918 
vt 0.759964 0.884201 
vt 0.747616 0.893918 
vt 0.746813 0.884201 
vt 0.736965 0.893918 
vt 0.73419 0.884201 
vt 0.714327 0.884201 
vt 0.720873 0.893918 
vt 0.714327 0.927645 
vt 0.720873 0.937362 
vt 0.714327 0.9957 
vt 0.720873 0.987375 
vt 0.718993 0.9957 
vt 0.789971 0.931861 
vt 0.788633 0.921244 
vt 0.791527 0.928354 
vt 0.795838 0.940568 
vt 0.790599 0.920958 
vt 0.796953 0.933439 
vt 0.791499 0.913245 
vt 0.789959 0.910466 
vt 0.795816 0.901034 
vt 0.796793 0.906939 
vt 0.804585 0.894433 
vt 0.792847 0.915677 
vt 0.792888 0.925284 
vt 0.792321 0.920708 
vt 0.797928 0.927199 
vt 0.797535 0.919825 
vt 0.797648 0.912109 
vt 0.804621 0.919206 
vt 0.804678 0.910243 
vt 0.804634 0.902863 
vt 0.817733 0.918367 
vt 0.80506 0.929795 
vt 0.819409 0.900824 
vt 0.821273 0.891481 
vt 0.817778 0.909002 
vt 0.823101 0.894565 
vt 0.804852 0.9374 
vt 0.804614 0.946086 
vt 0.817891 0.929505 
vt 0.819165 0.937643 
vt 0.82062 0.94694 
vt 0.81942 0.927293 
vt 0.821128 0.935079 
vt 0.823079 0.943974 
vt 0.823089 0.919117 
vt 0.819234 0.918914 
vt 0.821034 0.919009 
vt 0.819358 0.910071 
vt 0.821105 0.902833 
vt 0.992997 0.830904 
vt 0.969308 0.779106 
vt 0.992997 0.779106 
vt 0.992997 0.772736 
vt 0.969308 0.772736 
vt 0.929871 0.772736 
vt 0.969308 0.830904 
vt 0.992997 0.882569 
vt 0.969308 0.882569 
vt 0.929871 0.779106 
vt 0.929871 0.830904 
vt 0.929871 0.882569 
vt 0.923409 0.882569 
vt 0.923409 0.830904 
vt 0.923409 0.779106 
vt 0.923409 0.772736 
vt 0.853971 0.772736 
vt 0.890179 0.779106 
vt 0.853971 0.779106 
vt 0.890179 0.772736 
vt 0.923371 0.779106 
vt 0.923371 0.772736 
vt 0.890179 0.882569 
vt 0.853971 0.826544 
vt 0.853971 0.882569 
vt 0.923371 0.830098 
vt 0.923371 0.882569 
vt 0.733432 0.830904 
vt 0.714767 0.779106 
vt 0.733432 0.779106 
vt 0.733432 0.772736 
vt 0.714767 0.772736 
vt 0.749283 0.772736 
vt 0.714767 0.830904 
vt 0.733432 0.882569 
vt 0.714767 0.882569 
vt 0.749283 0.779106 
vt 0.749283 0.830904 
vt 0.749283 0.882569 
vt 0.765201 0.779106 
vt 0.765201 0.772736 
vt 0.78415 0.772736 
vt 0.78415 0.779106 
vt 0.765201 0.830904 
vt 0.765201 0.882569 
vt 0.78415 0.830904 
vt 0.78415 0.882569 
vt 0.807048 0.772736 
vt 0.78415 0.779106 
vt 0.807048 0.779106 
vt 0.78415 0.830904 
vt 0.846109 0.779106 
vt 0.846109 0.772736 
vt 0.807048 0.830904 
vt 0.78415 0.882569 
vt 0.853974 0.772736 
vt 0.807048 0.882569 
vt 0.853974 0.779106 
vt 0.846109 0.830904 
vt 0.853974 0.830904 
vt 0.846109 0.882569 
vt 0.853974 0.882569 

usemtl R15Bacon1Mtl

f 4876/4876/4876 4877/4877/4877 4878/4878/4878 
f 4878/4878/4878 4877/4877/4877 4879/4879/4879 
f 4880/4880/4880 4877/4877/4877 4876/4876/4876 
f 4881/4881/4881 4877/4877/4877 4880/4880/4880 
f 4882/4882/4882 4877/4877/4877 4881/4881/4881 
f 4883/4883/4883 4877/4877/4877 4882/4882/4882 
f 4879/4879/4879 4877/4877/4877 4884/4884/4884 
f 4877/4877/4877 4883/4883/4883 4885/4885/4885 
f 4885/4885/4885 4883/4883/4883 4886/4886/4886 
f 4885/4885/4885 4887/4887/4887 4877/4877/4877 
f 4886/4886/4886 4888/4888/4888 4885/4885/4885 
f 4888/4888/4888 4887/4887/4887 4885/4885/4885 
f 4888/4888/4888 4886/4886/4886 4889/4889/4889 
f 4886/4886/4886 4890/4890/4890 4889/4889/4889 
f 4890/4890/4890 4886/4886/4886 4891/4891/4891 
f 4891/4891/4891 4892/4892/4892 4890/4890/4890 
f 4892/4892/4892 4893/4893/4893 4890/4890/4890 
f 4892/4892/4892 4894/4894/4894 4893/4893/4893 
f 4895/4895/4895 4893/4893/4893 4894/4894/4894 
f 4896/4896/4896 4895/4895/4895 4894/4894/4894 
f 4895/4895/4895 4896/4896/4896 4897/4897/4897 
f 4896/4896/4896 4898/4898/4898 4897/4897/4897 
f 4899/4899/4899 4897/4897/4897 4898/4898/4898 
f 4898/4898/4898 4900/4900/4900 4899/4899/4899 
f 4900/4900/4900 4898/4898/4898 4901/4901/4901 
f 4901/4901/4901 4902/4902/4902 4900/4900/4900 
f 4902/4902/4902 4901/4901/4901 4903/4903/4903 
f 4884/4884/4884 4902/4902/4902 4903/4903/4903 
f 4902/4902/4902 4884/4884/4884 4904/4904/4904 
f 4905/4905/4905 4904/4904/4904 4884/4884/4884 
f 4904/4904/4904 4905/4905/4905 4906/4906/4906 
f 4884/4884/4884 4877/4877/4877 4905/4905/4905 
f 4887/4887/4887 4906/4906/4906 4905/4905/4905 
f 4905/4905/4905 4877/4877/4877 4887/4887/4887 
f 4907/4907/4907 4908/4908/4908 4909/4909/4909 
f 4909/4909/4909 4910/4910/4910 4907/4907/4907 
f 4909/4909/4909 4908/4908/4908 4911/4911/4911 
f 4910/4910/4910 4909/4909/4909 4912/4912/4912 
f 4911/4911/4911 4908/4908/4908 4913/4913/4913 
f 4908/4908/4908 4914/4914/4914 4913/4913/4913 
f 4915/4915/4915 4913/4913/4913 4914/4914/4914 
f 4913/4913/4913 4915/4915/4915 4916/4916/4916 
f 4917/4917/4917 4916/4916/4916 4915/4915/4915 
f 4913/4913/4913 4918/4918/4918 4911/4911/4911 
f 4916/4916/4916 4918/4918/4918 4913/4913/4913 
f 4909/4909/4909 4911/4911/4911 4919/4919/4919 
f 4912/4912/4912 4909/4909/4909 4919/4919/4919 
f 4920/4920/4920 4911/4911/4911 4918/4918/4918 
f 4919/4919/4919 4911/4911/4911 4920/4920/4920 
f 4912/4912/4912 4919/4919/4919 4921/4921/4921 
f 4919/4919/4919 4920/4920/4920 4921/4921/4921 
f 4920/4920/4920 4922/4922/4922 4921/4921/4921 
f 4922/4922/4922 4920/4920/4920 4918/4918/4918 
f 4918/4918/4918 4916/4916/4916 4923/4923/4923 
f 4923/4923/4923 4922/4922/4922 4918/4918/4918 
f 4922/4922/4922 4923/4923/4923 4924/4924/4924 
f 4921/4921/4921 4922/4922/4922 4924/4924/4924 
f 4923/4923/4923 4916/4916/4916 4925/4925/4925 
f 4924/4924/4924 4923/4923/4923 4925/4925/4925 
f 4925/4925/4925 4916/4916/4916 4926/4926/4926 
f 4916/4916/4916 4917/4917/4917 4926/4926/4926 
f 4927/4927/4927 4924/4924/4924 4925/4925/4925 
f 4928/4928/4928 4921/4921/4921 4924/4924/4924 
f 4928/4928/4928 4912/4912/4912 4921/4921/4921 
f 4928/4928/4928 4924/4924/4924 4927/4927/4927 
f 4917/4917/4917 4929/4929/4929 4926/4926/4926 
f 4929/4929/4929 4917/4917/4917 4930/4930/4930 
f 4931/4931/4931 4925/4925/4925 4926/4926/4926 
f 4931/4931/4931 4926/4926/4926 4929/4929/4929 
f 4927/4927/4927 4925/4925/4925 4931/4931/4931 
f 4932/4932/4932 4929/4929/4929 4930/4930/4930 
f 4912/4912/4912 4928/4928/4928 4933/4933/4933 
f 4933/4933/4933 4910/4910/4910 4912/4912/4912 
f 4910/4910/4910 4933/4933/4933 4934/4934/4934 
f 4935/4935/4935 4933/4933/4933 4928/4928/4928 
f 4935/4935/4935 4928/4928/4928 4927/4927/4927 
f 4936/4936/4936 4934/4934/4934 4933/4933/4933 
f 4933/4933/4933 4935/4935/4935 4936/4936/4936 
f 4934/4934/4934 4936/4936/4936 4937/4937/4937 
f 4927/4927/4927 4938/4938/4938 4935/4935/4935 
f 4938/4938/4938 4936/4936/4936 4935/4935/4935 
f 4939/4939/4939 4937/4937/4937 4936/4936/4936 
f 4936/4936/4936 4938/4938/4938 4939/4939/4939 
f 4937/4937/4937 4939/4939/4939 4940/4940/4940 
f 4941/4941/4941 4940/4940/4940 4939/4939/4939 
f 4938/4938/4938 4927/4927/4927 4942/4942/4942 
f 4927/4927/4927 4931/4931/4931 4942/4942/4942 
f 4943/4943/4943 4939/4939/4939 4938/4938/4938 
f 4941/4941/4941 4939/4939/4939 4943/4943/4943 
f 4943/4943/4943 4938/4938/4938 4942/4942/4942 
f 4942/4942/4942 4931/4931/4931 4944/4944/4944 
f 4943/4943/4943 4942/4942/4942 4944/4944/4944 
f 4929/4929/4929 4944/4944/4944 4931/4931/4931 
f 4945/4945/4945 4941/4941/4941 4943/4943/4943 
f 4945/4945/4945 4943/4943/4943 4944/4944/4944 
f 4944/4944/4944 4929/4929/4929 4945/4945/4945 
f 4941/4941/4941 4945/4945/4945 4932/4932/4932 
f 4929/4929/4929 4932/4932/4932 4945/4945/4945 
f 4946/4946/4946 4947/4947/4947 4948/4948/4948 
f 4948/4948/4948 4947/4947/4947 4949/4949/4949 
f 4949/4949/4949 4947/4947/4947 4950/4950/4950 
f 4947/4947/4947 4951/4951/4951 4950/4950/4950 
f 4947/4947/4947 4946/4946/4946 4952/4952/4952 
f 4953/4953/4953 4952/4952/4952 4946/4946/4946 
f 4952/4952/4952 4953/4953/4953 4954/4954/4954 
f 4952/4952/4952 4955/4955/4955 4947/4947/4947 
f 4951/4951/4951 4947/4947/4947 4955/4955/4955 
f 4954/4954/4954 4956/4956/4956 4952/4952/4952 
f 4955/4955/4955 4952/4952/4952 4956/4956/4956 
f 4956/4956/4956 4954/4954/4954 4957/4957/4957 
f 4956/4956/4956 4957/4957/4957 4958/4958/4958 
f 4958/4958/4958 4959/4959/4959 4956/4956/4956 
f 4959/4959/4959 4955/4955/4955 4956/4956/4956 
f 4955/4955/4955 4959/4959/4959 4960/4960/4960 
f 4960/4960/4960 4951/4951/4951 4955/4955/4955 
f 4951/4951/4951 4960/4960/4960 4961/4961/4961 
f 4962/4962/4962 4963/4963/4963 4964/4964/4964 
f 4963/4963/4963 4962/4962/4962 4965/4965/4965 
f 4965/4965/4965 4966/4966/4966 4963/4963/4963 
f 4966/4966/4966 4965/4965/4965 4967/4967/4967 
f 4968/4968/4968 4964/4964/4964 4963/4963/4963 
f 4968/4968/4968 4963/4963/4963 4966/4966/4966 
f 4964/4964/4964 4968/4968/4968 4969/4969/4969 
f 4968/4968/4968 4970/4970/4970 4969/4969/4969 
f 4968/4968/4968 4966/4966/4966 4971/4971/4971 
f 4968/4968/4968 4971/4971/4971 4972/4972/4972 
f 4973/4973/4973 4974/4974/4974 4975/4975/4975 
f 4974/4974/4974 4976/4976/4976 4975/4975/4975 
f 4976/4976/4976 4974/4974/4974 4977/4977/4977 
f 4978/4978/4978 4975/4975/4975 4976/4976/4976 
f 4974/4974/4974 4973/4973/4973 4979/4979/4979 
f 4980/4980/4980 4979/4979/4979 4973/4973/4973 
f 4979/4979/4979 4980/4980/4980 4981/4981/4981 
f 4982/4982/4982 4973/4973/4973 4975/4975/4975 
f 4975/4975/4975 4978/4978/4978 4982/4982/4982 
f 4983/4983/4983 4980/4980/4980 4973/4973/4973 
f 4973/4973/4973 4982/4982/4982 4983/4983/4983 
f 4983/4983/4983 4984/4984/4984 4980/4980/4980 
f 4985/4985/4985 4982/4982/4982 4978/4978/4978 
f 4985/4985/4985 4983/4983/4983 4982/4982/4982 
f 4978/4978/4978 4986/4986/4986 4985/4985/4985 
f 4987/4987/4987 4985/4985/4985 4986/4986/4986 
f 4985/4985/4985 4987/4987/4987 4988/4988/4988 
f 4985/4985/4985 4989/4989/4989 4983/4983/4983 
f 4989/4989/4989 4984/4984/4984 4983/4983/4983 
f 4988/4988/4988 4989/4989/4989 4985/4985/4985 
f 4989/4989/4989 4990/4990/4990 4984/4984/4984 
f 4989/4989/4989 4988/4988/4988 4991/4991/4991 
f 4990/4990/4990 4989/4989/4989 4991/4991/4991 
f 4991/4991/4991 4992/4992/4992 4990/4990/4990 
f 4993/4993/4993 4994/4994/4994 4987/4987/4987 
f 4994/4994/4994 4993/4993/4993 4995/4995/4995 
f 4995/4995/4995 4996/4996/4996 4994/4994/4994 
f 4993/4993/4993 4997/4997/4997 4995/4995/4995 
f 4997/4997/4997 4993/4993/4993 4998/4998/4998 
f 4996/4996/4996 4995/4995/4995 4999/4999/4999 
f 4999/4999/4999 4995/4995/4995 4997/4997/4997 
f 4999/4999/4999 5000/5000/5000 4996/4996/4996 
f 4997/4997/4997 4998/4998/4998 5001/5001/5001 
f 5000/5000/5000 4999/4999/4999 5002/5002/5002 
f 5003/5003/5003 4997/4997/4997 5001/5001/5001 
f 4997/4997/4997 5004/5004/5004 4999/4999/4999 
f 5003/5003/5003 5004/5004/5004 4997/4997/4997 
f 5004/5004/5004 5002/5002/5002 4999/4999/4999 
f 5004/5004/5004 5003/5003/5003 5005/5005/5005 
f 5002/5002/5002 5004/5004/5004 5006/5006/5006 
f 5005/5005/5005 5006/5006/5006 5004/5004/5004 
f 5005/5005/5005 5007/5007/5007 5006/5006/5006 

g R15Bacon14

v -5.12304 2.01215 16.5946 
v -5.08388 2.01217 16.562 
v -5.08377 2.2863 16.5621 
v -5.123 2.2863 16.5946 
v -6.75531 2.2863 16.5621 
v -6.7552 2.01217 16.562 
v -6.71603 2.01215 16.5946 
v -6.71607 2.2863 16.5946 
v -5.08342 2.01221 15.5897 
v -5.12293 2.01218 15.5573 
v -5.12293 2.2863 15.5573 
v -5.08392 2.2863 15.5895 
v -6.71615 2.2863 15.5573 
v -6.71615 2.01218 15.5573 
v -6.75566 2.01221 15.5897 
v -6.75515 2.2863 15.5895 
v -5.11199 2.35786 16.5111 
v -5.11199 2.38697 16.5111 
v -5.14994 2.38696 16.5457 
v -5.14994 2.35786 16.5457 
v -6.68914 2.38678 16.5457 
v -6.72709 2.38677 16.5111 
v -6.72709 2.35786 16.5111 
v -6.68914 2.35786 16.5457 
v -5.14994 2.38696 15.5811 
v -5.11199 2.38697 15.6132 
v -5.11199 2.35787 15.6132 
v -5.14994 2.35787 15.5811 
v -6.72708 2.35787 15.6132 
v -6.72708 2.38677 15.6132 
v -6.68914 2.38678 15.5811 
v -6.68914 2.35787 15.5811 
v -5.08377 2.2863 16.5621 
v -5.08388 2.01217 16.562 
v -5.08342 2.01221 15.5897 
v -5.08392 2.2863 15.5895 
v -6.75566 2.01221 15.5897 
v -6.7552 2.01217 16.562 
v -6.75531 2.2863 16.5621 
v -6.75515 2.2863 15.5895 
v -5.11199 2.38697 15.6132 
v -5.11199 2.38697 16.5111 
v -5.11199 2.35786 16.5111 
v -5.11199 2.35787 15.6132 
v -6.72709 2.38677 16.5111 
v -6.72708 2.38677 15.6132 
v -6.72708 2.35787 15.6132 
v -6.72709 2.35786 16.5111 
v -5.08392 2.2863 15.5895 
v -5.11199 2.35787 15.6132 
v -5.11199 2.35786 16.5111 
v -5.08377 2.2863 16.5621 
v -6.72709 2.35786 16.5111 
v -6.72708 2.35787 15.6132 
v -6.75515 2.2863 15.5895 
v -6.75531 2.2863 16.5621 
v -5.21474 2.6071 15.9105 
v -5.21474 2.61201 16.0535 
v -5.21474 2.60212 16.2072 
v -5.21474 2.56751 16.3412 
v -5.21474 2.56319 15.7736 
v -5.21474 2.4987 15.7178 
v -5.21474 2.50112 16.4099 
v -5.21474 2.44403 15.6971 
v -5.21473 2.44403 16.4276 
v -6.62434 2.60136 16.2072 
v -6.62434 2.61152 16.0535 
v -6.62434 2.60636 15.9105 
v -6.62434 2.5665 16.3412 
v -6.62434 2.56222 15.7736 
v -6.62434 2.49723 15.7178 
v -6.62434 2.49965 16.4099 
v -6.62434 2.44167 15.6971 
v -6.62434 2.44167 16.4276 
v -5.21474 2.44403 15.6971 
v -5.24785 2.44398 15.671 
v -5.24785 2.51243 15.6929 
v -5.21474 2.4987 15.7178 
v -5.21474 2.56319 15.7736 
v -5.24785 2.58706 15.7588 
v -5.24785 2.63515 15.9036 
v -5.21474 2.6071 15.9105 
v -5.21474 2.61201 16.0535 
v -5.24785 2.64425 16.0546 
v -6.62434 2.44167 15.6971 
v -6.62434 2.49723 15.7178 
v -6.59122 2.51099 15.6929 
v -6.59122 2.44172 15.671 
v -6.62434 2.56222 15.7736 
v -6.59122 2.58606 15.7588 
v -6.59122 2.63437 15.9036 
v -6.62434 2.60636 15.9105 
v -6.62434 2.61152 16.0535 
v -6.59122 2.64369 16.0546 
v -5.21473 2.44403 16.4276 
v -5.21474 2.50112 16.4099 
v -5.24785 2.5103 16.4339 
v -5.24785 2.44398 16.4558 
v -5.24785 2.59065 16.3541 
v -5.21474 2.56751 16.3412 
v -5.24785 2.62954 16.2145 
v -5.21474 2.60212 16.2072 
v -5.21474 2.61201 16.0535 
v -5.24785 2.64425 16.0546 
v -6.62434 2.44167 16.4276 
v -6.59122 2.44172 16.4558 
v -6.59122 2.50885 16.4339 
v -6.62434 2.49965 16.4099 
v -6.59122 2.58962 16.3541 
v -6.62434 2.5665 16.3412 
v -6.59122 2.62874 16.2145 
v -6.62434 2.60136 16.2072 
v -6.62434 2.61152 16.0535 
v -6.59122 2.64369 16.0546 
v -5.91954 2.01217 16.5947 
v -5.63158 2.01217 16.5947 
v -5.63158 2.28631 16.5947 
v -5.39457 2.28631 16.5947 
v -5.91954 2.28631 16.5947 
v -5.39457 2.01217 16.5947 
v -6.2075 2.28631 16.5947 
v -5.20609 2.28631 16.5947 
v -6.2075 2.01217 16.5947 
v -5.20609 2.01216 16.5947 
v -5.123 2.2863 16.5946 
v -5.12304 2.01215 16.5946 
v -6.44451 2.28631 16.5947 
v -6.44451 2.01217 16.5947 
v -6.63299 2.28631 16.5947 
v -6.63299 2.01216 16.5947 
v -6.71607 2.2863 16.5946 
v -6.71603 2.01215 16.5946 
v -5.12293 2.01218 15.5573 
v -5.20604 2.01218 15.5573 
v -5.20604 2.2863 15.5573 
v -5.12293 2.2863 15.5573 
v -5.39458 2.28631 15.5573 
v -5.39458 2.01219 15.5573 
v -5.63158 2.28631 15.5573 
v -5.63158 2.01219 15.5573 
v -5.91954 2.28631 15.5573 
v -5.91954 2.01219 15.5573 
v -6.20749 2.01219 15.5573 
v -6.20749 2.28631 15.5573 
v -6.4445 2.01219 15.5573 
v -6.4445 2.28631 15.5573 
v -6.63304 2.01218 15.5573 
v -6.63304 2.2863 15.5573 
v -6.71615 2.01218 15.5573 
v -6.71615 2.2863 15.5573 
v -5.91954 2.38687 15.5811 
v -5.63158 2.38691 15.5811 
v -5.63158 2.35787 15.5811 
v -5.39458 2.35787 15.5811 
v -5.91954 2.35787 15.5811 
v -5.39458 2.38693 15.5811 
v -6.20749 2.38684 15.5811 
v -5.20604 2.35787 15.5811 
v -6.20749 2.35787 15.5811 
v -5.20604 2.38696 15.5811 
v -5.14994 2.35787 15.5811 
v -5.14994 2.38696 15.5811 
v -6.4445 2.38681 15.5811 
v -6.4445 2.35787 15.5811 
v -6.63304 2.35787 15.5811 
v -6.63304 2.38679 15.5811 
v -6.68914 2.35787 15.5811 
v -6.68914 2.38678 15.5811 
v -5.14994 2.38696 16.5457 
v -5.20609 2.38696 16.5457 
v -5.20609 2.35786 16.5457 
v -5.14994 2.35786 16.5457 
v -5.39457 2.35786 16.5457 
v -5.39457 2.38693 16.5457 
v -5.63158 2.35786 16.5457 
v -5.63158 2.38691 16.5457 
v -5.91954 2.35786 16.5457 
v -5.91954 2.38687 16.5457 
v -6.2075 2.35786 16.5457 
v -6.2075 2.38684 16.5457 
v -6.44451 2.35786 16.5457 
v -6.44451 2.38681 16.5457 
v -6.63299 2.35786 16.5457 
v -6.63299 2.38679 16.5457 
v -6.68914 2.35786 16.5457 
v -6.68914 2.38678 16.5457 
v -5.20604 2.2863 15.5573 
v -5.20604 2.35787 15.5811 
v -5.14994 2.35787 15.5811 
v -5.39458 2.28631 15.5573 
v -5.12293 2.2863 15.5573 
v -5.11199 2.35787 15.6132 
v -5.08392 2.2863 15.5895 
v -5.39458 2.35787 15.5811 
v -5.63158 2.28631 15.5573 
v -5.63158 2.35787 15.5811 
v -5.91954 2.28631 15.5573 
v -5.91954 2.35787 15.5811 
v -6.20749 2.35787 15.5811 
v -6.20749 2.28631 15.5573 
v -6.4445 2.35787 15.5811 
v -6.4445 2.28631 15.5573 
v -6.63304 2.35787 15.5811 
v -6.63304 2.2863 15.5573 
v -6.68914 2.35787 15.5811 
v -6.71615 2.2863 15.5573 
v -6.72708 2.35787 15.6132 
v -6.75515 2.2863 15.5895 
v -5.20604 2.01218 15.5573 
v -5.12293 2.01218 15.5573 
v -5.91954 2.01218 16.076 
v -5.08342 2.01221 15.5897 
v -5.39458 2.01219 15.5573 
v -5.08388 2.01217 16.562 
v -5.63158 2.01219 15.5573 
v -5.12304 2.01215 16.5946 
v -5.91954 2.01219 15.5573 
v -5.20609 2.01216 16.5947 
v -6.20749 2.01219 15.5573 
v -5.39457 2.01217 16.5947 
v -6.4445 2.01219 15.5573 
v -6.63304 2.01218 15.5573 
v -5.63158 2.01217 16.5947 
v -5.91954 2.01217 16.5947 
v -6.2075 2.01217 16.5947 
v -6.44451 2.01217 16.5947 
v -6.63299 2.01216 16.5947 
v -6.71603 2.01215 16.5946 
v -6.7552 2.01217 16.562 
v -6.75566 2.01221 15.5897 
v -6.71615 2.01218 15.5573 
v -6.71615 2.01218 15.5573 
v -6.63304 2.01218 15.5573 
v -5.91954 2.01218 16.076 
v -5.11199 2.38697 16.5111 
v -5.11199 2.38697 15.6132 
v -5.21474 2.44403 15.6971 
v -5.21473 2.44403 16.4276 
v -5.63158 2.28631 16.5947 
v -5.63158 2.35786 16.5457 
v -5.91954 2.35786 16.5457 
v -5.39457 2.28631 16.5947 
v -5.91954 2.28631 16.5947 
v -5.39457 2.35786 16.5457 
v -6.2075 2.28631 16.5947 
v -5.20609 2.28631 16.5947 
v -6.2075 2.35786 16.5457 
v -5.20609 2.35786 16.5457 
v -6.44451 2.28631 16.5947 
v -5.14994 2.35786 16.5457 
v -6.44451 2.35786 16.5457 
v -5.123 2.2863 16.5946 
v -5.08377 2.2863 16.5621 
v -5.11199 2.35786 16.5111 
v -6.63299 2.28631 16.5947 
v -6.63299 2.35786 16.5457 
v -6.68914 2.35786 16.5457 
v -6.71607 2.2863 16.5946 
v -6.75531 2.2863 16.5621 
v -6.72709 2.35786 16.5111 
v -6.72708 2.38677 15.6132 
v -6.72709 2.38677 16.5111 
v -6.62434 2.44167 16.4276 
v -6.62434 2.44167 15.6971 
v -5.66822 2.44327 15.671 
v -5.91954 2.44285 15.671 
v -5.91954 2.51171 15.6929 
v -6.17086 2.51144 15.6929 
v -6.17086 2.44243 15.671 
v -5.66822 2.51198 15.6929 
v -5.46137 2.44362 15.671 
v -6.37771 2.51122 15.6929 
v -6.37771 2.44208 15.671 
v -5.46137 2.5122 15.6929 
v -5.29682 2.4439 15.671 
v -5.91954 2.58656 15.7588 
v -5.29683 2.51238 15.6929 
v -5.24785 2.44398 15.671 
v -5.24785 2.51243 15.6929 
v -5.66822 2.58675 15.7588 
v -5.46137 2.5869 15.7588 
v -5.29683 2.58702 15.7588 
v -5.24785 2.58706 15.7588 
v -5.29684 2.63512 15.9036 
v -5.24785 2.63515 15.9036 
v -5.29684 2.64423 16.0546 
v -5.24785 2.64425 16.0546 
v -5.46136 2.64416 16.0546 
v -5.46136 2.63502 15.9036 
v -5.66822 2.64407 16.0546 
v -5.66822 2.6349 15.9036 
v -5.91954 2.64397 16.0546 
v -5.91954 2.63476 15.9036 
v -6.17086 2.64386 16.0546 
v -6.17086 2.63461 15.9036 
v -6.37771 2.64378 16.0546 
v -6.17086 2.58637 15.7588 
v -6.37771 2.63449 15.9036 
v -6.54224 2.64371 16.0546 
v -6.37771 2.58622 15.7588 
v -6.54224 2.6344 15.9036 
v -6.59122 2.64369 16.0546 
v -6.59122 2.63437 15.9036 
v -6.54224 2.5861 15.7588 
v -6.59122 2.58606 15.7588 
v -6.54225 2.51104 15.6929 
v -6.59122 2.51099 15.6929 
v -6.54226 2.44181 15.671 
v -6.59122 2.44172 15.671 
v -5.24785 2.44398 16.4558 
v -5.24785 2.5103 16.4339 
v -5.29685 2.51025 16.4339 
v -5.24785 2.59065 16.3541 
v -5.29686 2.4439 16.4558 
v -5.29684 2.59061 16.3541 
v -5.46136 2.51007 16.4339 
v -5.24785 2.62954 16.2145 
v -5.46136 2.44362 16.4558 
v -5.29684 2.62951 16.2145 
v -5.24785 2.64425 16.0546 
v -5.29684 2.64423 16.0546 
v -5.46136 2.59048 16.3541 
v -5.46136 2.62942 16.2145 
v -5.46136 2.64416 16.0546 
v -5.66822 2.50985 16.4339 
v -5.66821 2.44327 16.4558 
v -5.66822 2.62929 16.2145 
v -5.66822 2.59033 16.3541 
v -5.66822 2.64407 16.0546 
v -5.91954 2.50958 16.4339 
v -5.91954 2.44285 16.4558 
v -5.91954 2.62914 16.2145 
v -5.91954 2.59014 16.3541 
v -5.91954 2.64397 16.0546 
v -6.17086 2.50931 16.4339 
v -6.17086 2.44243 16.4558 
v -6.17086 2.62899 16.2145 
v -6.17086 2.58994 16.3541 
v -6.17086 2.64386 16.0546 
v -6.37771 2.50908 16.4339 
v -6.37772 2.44208 16.4558 
v -6.37771 2.62887 16.2145 
v -6.37771 2.58979 16.3541 
v -6.37771 2.64378 16.0546 
v -6.54223 2.50891 16.4339 
v -6.54222 2.44181 16.4558 
v -6.59122 2.50885 16.4339 
v -6.59122 2.44172 16.4558 
v -6.54223 2.58966 16.3541 
v -6.59122 2.58962 16.3541 
v -6.54224 2.62877 16.2145 
v -6.59122 2.62874 16.2145 
v -6.54224 2.64371 16.0546 
v -6.59122 2.64369 16.0546 
v -5.63158 2.38691 15.5811 
v -5.91954 2.38687 15.5811 
v -5.91954 2.44285 15.671 
v -6.17086 2.44243 15.671 
v -5.66822 2.44327 15.671 
v -6.20749 2.38684 15.5811 
v -5.39458 2.38693 15.5811 
v -6.37771 2.44208 15.671 
v -5.46137 2.44362 15.671 
v -6.4445 2.38681 15.5811 
v -5.20604 2.38696 15.5811 
v -6.54226 2.44181 15.671 
v -5.29682 2.4439 15.671 
v -6.63304 2.38679 15.5811 
v -5.14994 2.38696 15.5811 
v -6.59122 2.44172 15.671 
v -5.24785 2.44398 15.671 
v -5.11199 2.38697 15.6132 
v -5.21474 2.44403 15.6971 
v -6.68914 2.38678 15.5811 
v -6.62434 2.44167 15.6971 
v -6.72708 2.38677 15.6132 
v -5.20609 2.38696 16.5457 
v -5.14994 2.38696 16.5457 
v -5.24785 2.44398 16.4558 
v -5.21473 2.44403 16.4276 
v -5.11199 2.38697 16.5111 
v -5.29686 2.4439 16.4558 
v -5.39457 2.38693 16.5457 
v -5.46136 2.44362 16.4558 
v -5.63158 2.38691 16.5457 
v -5.66821 2.44327 16.4558 
v -5.91954 2.38687 16.5457 
v -5.91954 2.44285 16.4558 
v -6.2075 2.38684 16.5457 
v -6.17086 2.44243 16.4558 
v -6.44451 2.38681 16.5457 
v -6.37772 2.44208 16.4558 
v -6.63299 2.38679 16.5457 
v -6.54222 2.44181 16.4558 
v -6.68914 2.38678 16.5457 
v -6.59122 2.44172 16.4558 
v -6.72709 2.38677 16.5111 
v -6.62434 2.44167 16.4276 

vn 0.637795 0 0.771654 
vn 0.637795 0 0.771654 
vn 0.637795 0 0.771654 
vn 0.637795 0 0.771654 
vn -0.637795 0 0.771654 
vn -0.637795 0 0.771654 
vn -0.637795 0 0.771654 
vn -0.637795 0 0.771654 
vn 0.629921 0 -0.771654 
vn 0.629921 0 -0.771654 
vn 0.637795 0 -0.771654 
vn 0.637795 0 -0.771654 
vn -0.637795 0 -0.771654 
vn -0.629921 0 -0.771654 
vn -0.629921 0 -0.771654 
vn -0.637795 0 -0.771654 
vn 0.677165 0 0.740157 
vn 0.677165 0 0.740157 
vn 0.677165 0 0.740157 
vn 0.677165 0 0.740157 
vn -0.677165 0 0.740157 
vn -0.677165 0 0.740157 
vn -0.677165 0 0.740157 
vn -0.677165 0 0.740157 
vn 0.645669 0 -0.76378 
vn 0.645669 0 -0.76378 
vn 0.645669 0 -0.76378 
vn 0.645669 0 -0.76378 
vn -0.645669 0 -0.76378 
vn -0.645669 0 -0.76378 
vn -0.645669 0 -0.76378 
vn -0.645669 0 -0.76378 
vn 1 0 0 
vn 1 0 0 
vn 1 0 0 
vn 1 0 0 
vn -1 0 0 
vn -1 0 0 
vn -1 0 0 
vn -1 0 0 
vn 1 0 0 
vn 1 0 0 
vn 1 0 0 
vn 1 0 0 
vn -1 0 0 
vn -1 0 0 
vn -1 0 0 
vn -1 0 0 
vn 0.795276 0.448819 -0.401575 
vn 0.826772 0.440945 -0.346457 
vn 0.826772 0.503937 0.244094 
vn 0.716535 0.559055 0.409449 
vn -0.826772 0.503937 0.244094 
vn -0.826772 0.440945 -0.346457 
vn -0.795276 0.448819 -0.401575 
vn -0.716535 0.559055 0.409449 
vn 1 0 0 
vn 1 0 0 
vn 1 0 0 
vn 1 0 0 
vn 1 0 0 
vn 1 0 0 
vn 1 0 0 
vn 1 0 0 
vn 1 0 0 
vn -1 0 0 
vn -1 0 0 
vn -1 0 0 
vn -1 0 0 
vn -1 0 0 
vn -1 0 0 
vn -1 0 0 
vn -1 0 0 
vn -1 0 0 
vn 0.614173 0.251969 -0.748031 
vn 0.598425 0.244094 -0.76378 
vn 0.637795 0.385827 -0.661417 
vn 0.653543 0.393701 -0.653543 
vn 0.653543 0.629921 -0.425197 
vn 0.645669 0.637795 -0.417323 
vn 0.661417 0.740157 -0.133858 
vn 0.653543 0.740157 -0.125984 
vn 0.692913 0.724409 0.00787402 
vn 0.700787 0.716535 0.00787402 
vn -0.614173 0.251969 -0.748031 
vn -0.653543 0.385827 -0.653543 
vn -0.637795 0.385827 -0.661417 
vn -0.598425 0.244094 -0.76378 
vn -0.653543 0.629921 -0.425197 
vn -0.645669 0.637795 -0.417323 
vn -0.661417 0.740157 -0.133858 
vn -0.653543 0.740157 -0.125984 
vn -0.685039 0.724409 0.00787402 
vn -0.700787 0.716535 0.00787402 
vn 0.622047 0.23622 0.748031 
vn 0.614173 0.425197 0.669291 
vn 0.614173 0.401575 0.685039 
vn 0.629921 0.244094 0.740157 
vn 0.622047 0.677165 0.393701 
vn 0.629921 0.677165 0.385827 
vn 0.653543 0.748031 0.125984 
vn 0.645669 0.755906 0.11811 
vn 0.692913 0.724409 0.00787402 
vn 0.700787 0.716535 0.00787402 
vn -0.622047 0.23622 0.748031 
vn -0.629921 0.23622 0.740157 
vn -0.614173 0.401575 0.685039 
vn -0.614173 0.417323 0.669291 
vn -0.622047 0.677165 0.393701 
vn -0.629921 0.677165 0.385827 
vn -0.653543 0.748031 0.125984 
vn -0.645669 0.755906 0.11811 
vn -0.685039 0.724409 0.00787402 
vn -0.700787 0.716535 0.00787402 
vn 0 0 1 
vn 0 0 1 
vn 0 0 1 
vn 0 0 1 
vn 0 0 1 
vn 0 0 1 
vn 0 0 1 
vn 0 0 1 
vn 0 0 1 
vn 0 0 1 
vn 0 0 1 
vn 0 0 1 
vn 0 0 1 
vn 0 0 1 
vn 0 0 1 
vn 0 0 1 
vn 0 0 1 
vn 0 0 1 
vn 0 0 -1 
vn 0 0 -1 
vn 0 0 -1 
vn 0 0 -1 
vn 0 0 -1 
vn 0 0 -1 
vn 0 0 -1 
vn 0 0 -1 
vn 0 0 -1 
vn 0 0 -1 
vn 0 0 -1 
vn 0 0 -1 
vn 0 0 -1 
vn 0 0 -1 
vn 0 0 -1 
vn 0 0 -1 
vn 0 0 -1 
vn 0 0 -1 
vn 0 0 -1 
vn 0 0 -1 
vn 0 0 -1 
vn 0 0 -1 
vn 0 0 -1 
vn 0 0 -1 
vn 0 0 -1 
vn 0 0 -1 
vn 0 0 -1 
vn 0 0 -1 
vn 0 0 -1 
vn 0 0 -1 
vn 0 0 -1 
vn 0 0 -1 
vn 0 0 -1 
vn 0 0 -1 
vn 0 0 -1 
vn 0 0 -1 
vn 0 0 1 
vn 0 0 1 
vn 0 0 1 
vn 0 0 1 
vn 0 0 1 
vn 0 0 1 
vn 0 0 1 
vn 0 0 1 
vn 0 0 1 
vn 0 0 1 
vn 0 0 1 
vn 0 0 1 
vn 0 0 1 
vn 0 0 1 
vn 0 0 1 
vn 0 0 1 
vn 0 0 1 
vn 0 0 1 
vn 0 0.314961 -0.944882 
vn 0 0.314961 -0.944882 
vn 0.267717 0.393701 -0.88189 
vn 0 0.314961 -0.944882 
vn 0.346457 0.417323 -0.84252 
vn 0.826772 0.440945 -0.346457 
vn 0.795276 0.448819 -0.401575 
vn 0 0.314961 -0.944882 
vn 0 0.314961 -0.944882 
vn 0 0.314961 -0.944882 
vn 0 0.314961 -0.944882 
vn 0 0.314961 -0.944882 
vn 0 0.314961 -0.944882 
vn 0 0.314961 -0.944882 
vn 0 0.314961 -0.944882 
vn 0 0.314961 -0.944882 
vn 0 0.314961 -0.944882 
vn 0 0.314961 -0.944882 
vn -0.267717 0.393701 -0.88189 
vn -0.346457 0.417323 -0.84252 
vn -0.826772 0.440945 -0.346457 
vn -0.795276 0.448819 -0.401575 
vn 0 -1 0 
vn 0 -1 0 
vn 0 -1 0 
vn 0 -1 0 
vn 0 -1 0 
vn 0 -1 0 
vn 0 -1 0 
vn 0 -1 0 
vn 0 -1 0 
vn 0 -1 0 
vn 0 -1 0 
vn 0 -1 0 
vn 0 -1 0 
vn 0 -1 0 
vn 0 -1 0 
vn 0 -1 0 
vn 0 -1 0 
vn 0 -1 0 
vn 0 -1 0 
vn 0 -1 0 
vn 0 -1 0 
vn 0 -1 0 
vn 0 -1 0 
vn 0 -1 0 
vn 0 -1 0 
vn 0 -1 0 
vn 0.362205 0.913386 0.181102 
vn 0.354331 0.913386 -0.188976 
vn 0.385827 0.913386 -0.141732 
vn 0.393701 0.913386 0.133858 
vn 0 0.566929 0.826772 
vn 0 0.566929 0.826772 
vn 0 0.566929 0.826772 
vn 0 0.566929 0.826772 
vn 0 0.566929 0.826772 
vn 0 0.566929 0.826772 
vn 0 0.566929 0.826772 
vn 0 0.566929 0.826772 
vn 0 0.566929 0.826772 
vn 0 0.566929 0.826772 
vn 0 0.566929 0.826772 
vn 0.259843 0.614173 0.740157 
vn 0 0.566929 0.826772 
vn 0.283465 0.614173 0.740157 
vn 0.716535 0.559055 0.409449 
vn 0.826772 0.503937 0.244094 
vn 0 0.566929 0.826772 
vn 0 0.566929 0.826772 
vn -0.259843 0.614173 0.740157 
vn -0.283465 0.614173 0.740157 
vn -0.716535 0.559055 0.409449 
vn -0.826772 0.503937 0.244094 
vn -0.346457 0.92126 -0.181102 
vn -0.346457 0.92126 0.173228 
vn -0.377953 0.913386 0.133858 
vn -0.377953 0.913386 -0.133858 
vn 0 0.307087 -0.952756 
vn 0 0.307087 -0.952756 
vn 0 0.496063 -0.866142 
vn 0 0.488189 -0.874016 
vn 0 0.299213 -0.952756 
vn 0 0.496063 -0.866142 
vn 0 0.307087 -0.952756 
vn 0 0.488189 -0.874016 
vn 0 0.299213 -0.952756 
vn 0 0.496063 -0.866142 
vn 0 0.307087 -0.952756 
vn 0 0.834646 -0.551181 
vn 0 0.496063 -0.866142 
vn 0 0.307087 -0.952756 
vn 0 0.496063 -0.866142 
vn 0 0.834646 -0.551181 
vn 0 0.834646 -0.551181 
vn 0 0.834646 -0.551181 
vn 0 0.834646 -0.551181 
vn 0 0.984252 -0.188976 
vn 0 0.984252 -0.188976 
vn 0 1 0.015748 
vn 0 1 0.015748 
vn 0 1 0.015748 
vn 0 0.984252 -0.188976 
vn 0 1 0.015748 
vn 0 0.984252 -0.188976 
vn 0 1 0.015748 
vn 0 0.984252 -0.188976 
vn 0 1 0.015748 
vn 0 0.984252 -0.188976 
vn 0 1 0.015748 
vn 0 0.834646 -0.551181 
vn 0 0.984252 -0.188976 
vn 0 1 0.015748 
vn 0 0.834646 -0.551181 
vn 0 0.984252 -0.188976 
vn 0 1 0.015748 
vn 0 0.984252 -0.188976 
vn 0 0.834646 -0.551181 
vn 0 0.834646 -0.551181 
vn 0 0.488189 -0.874016 
vn 0 0.488189 -0.874016 
vn 0 0.299213 -0.952756 
vn 0 0.299213 -0.952756 
vn 0 0.314961 0.952756 
vn 0 0.519685 0.850394 
vn 0 0.519685 0.850394 
vn 0 0.866142 0.503937 
vn 0 0.314961 0.952756 
vn 0 0.866142 0.503937 
vn 0 0.519685 0.850394 
vn 0 0.984252 0.181102 
vn 0 0.314961 0.952756 
vn 0 0.984252 0.181102 
vn 0 1 0.015748 
vn 0 1 0.015748 
vn 0 0.866142 0.503937 
vn 0 0.984252 0.181102 
vn 0 1 0.015748 
vn 0 0.519685 0.850394 
vn 0 0.314961 0.952756 
vn 0 0.984252 0.181102 
vn 0 0.858268 0.503937 
vn 0 1 0.015748 
vn 0 0.519685 0.850394 
vn 0 0.314961 0.952756 
vn 0 0.984252 0.181102 
vn 0 0.858268 0.503937 
vn 0 1 0.015748 
vn 0 0.519685 0.850394 
vn 0 0.307087 0.952756 
vn 0 0.984252 0.181102 
vn 0 0.858268 0.503937 
vn 0 1 0.015748 
vn 0 0.519685 0.850394 
vn 0 0.307087 0.952756 
vn 0 0.984252 0.181102 
vn 0 0.858268 0.503937 
vn 0 1 0.015748 
vn 0 0.519685 0.850394 
vn 0 0.307087 0.952756 
vn 0 0.519685 0.850394 
vn 0 0.307087 0.952756 
vn 0 0.858268 0.503937 
vn 0 0.858268 0.503937 
vn 0 0.984252 0.181102 
vn 0 0.984252 0.181102 
vn 0 1 0.015748 
vn 0 1 0.015748 
vn 0 0.850394 -0.527559 
vn 0 0.850394 -0.527559 
vn 0 0.850394 -0.527559 
vn 0 0.850394 -0.527559 
vn 0 0.850394 -0.535433 
vn 0 0.850394 -0.527559 
vn 0 0.84252 -0.535433 
vn 0 0.850394 -0.527559 
vn 0 0.84252 -0.535433 
vn 0 0.850394 -0.519685 
vn 0 0.84252 -0.535433 
vn 0 0.850394 -0.519685 
vn 0 0.84252 -0.535433 
vn 0 0.850394 -0.519685 
vn 0.173228 0.905512 -0.385827 
vn -0.0944882 0.889764 -0.440945 
vn 0.0944882 0.88189 -0.456693 
vn 0.354331 0.913386 -0.188976 
vn 0.385827 0.913386 -0.141732 
vn -0.173228 0.913386 -0.377953 
vn -0.377953 0.913386 -0.133858 
vn -0.346457 0.92126 -0.181102 
vn 0 0.84252 0.535433 
vn 0.181102 0.905512 0.385827 
vn 0.102362 0.889764 0.456693 
vn 0.393701 0.913386 0.133858 
vn 0.362205 0.913386 0.181102 
vn 0 0.84252 0.535433 
vn 0 0.84252 0.535433 
vn 0 0.84252 0.535433 
vn 0 0.850394 0.535433 
vn 0 0.850394 0.527559 
vn 0 0.850394 0.527559 
vn 0 0.850394 0.527559 
vn 0 0.850394 0.527559 
vn 0 0.850394 0.527559 
vn 0 0.850394 0.519685 
vn 0 0.850394 0.519685 
vn 0 0.850394 0.519685 
vn 0 0.850394 0.519685 
vn -0.173228 0.913386 0.370079 
vn -0.102362 0.889764 0.440945 
vn -0.346457 0.92126 0.173228 
vn -0.377953 0.913386 0.133858 

vt 0.346658 0.645145 
vt 0.351244 0.645145 
vt 0.351244 0.682578 
vt 0.34665 0.682578 
vt 0.212072 0.682578 
vt 0.212072 0.645145 
vt 0.217845 0.645145 
vt 0.217708 0.682578 
vt 0.00278207 0.645145 
vt 0.0101491 0.645145 
vt 0.0102416 0.682578 
vt 0.00278207 0.682578 
vt 0.136618 0.682578 
vt 0.136882 0.645145 
vt 0.142109 0.645145 
vt 0.142109 0.682578 
vt 0.351244 0.695353 
vt 0.351244 0.699623 
vt 0.346228 0.699481 
vt 0.346232 0.695353 
vt 0.218008 0.699453 
vt 0.212072 0.699591 
vt 0.212072 0.695353 
vt 0.218026 0.695353 
vt 0.0110195 0.699621 
vt 0.00278207 0.699623 
vt 0.00278207 0.695353 
vt 0.0110203 0.695353 
vt 0.142109 0.695353 
vt 0.142109 0.699591 
vt 0.13598 0.699733 
vt 0.136003 0.695353 
vt 0.351259 0.682578 
vt 0.351259 0.645145 
vt 0.420795 0.645145 
vt 0.420795 0.682578 
vt 0.142109 0.645145 
vt 0.212072 0.645145 
vt 0.212072 0.682578 
vt 0.142109 0.682578 
vt 0.420795 0.699623 
vt 0.351259 0.699623 
vt 0.351259 0.695353 
vt 0.420795 0.695353 
vt 0.212072 0.699591 
vt 0.142109 0.699591 
vt 0.142109 0.695353 
vt 0.212072 0.695353 
vt 0.420795 0.682578 
vt 0.420795 0.695353 
vt 0.351259 0.695353 
vt 0.351259 0.682578 
vt 0.212072 0.695353 
vt 0.142109 0.695353 
vt 0.142109 0.682578 
vt 0.212072 0.682578 
vt 0.152049 0.599562 
vt 0.152169 0.6083 
vt 0.151928 0.617687 
vt 0.151081 0.62587 
vt 0.150976 0.591204 
vt 0.149399 0.587791 
vt 0.149458 0.630065 
vt 0.148062 0.586529 
vt 0.148062 0.631146 
vt 0.210523 0.600315 
vt 0.210276 0.609653 
vt 0.210402 0.618348 
vt 0.211371 0.592174 
vt 0.211475 0.626663 
vt 0.213056 0.630058 
vt 0.212997 0.587999 
vt 0.214408 0.631313 
vt 0.214408 0.586924 
vt 0.146669 0.58607 
vt 0.148294 0.586102 
vt 0.148294 0.587176 
vt 0.146669 0.587156 
vt 0.146669 0.590092 
vt 0.148294 0.590401 
vt 0.148294 0.597488 
vt 0.146669 0.597281 
vt 0.146669 0.604799 
vt 0.148294 0.604881 
vt 0.215829 0.586057 
vt 0.215829 0.587143 
vt 0.214204 0.587176 
vt 0.214204 0.586102 
vt 0.215829 0.590081 
vt 0.214204 0.590401 
vt 0.214204 0.597488 
vt 0.215829 0.597276 
vt 0.215829 0.604799 
vt 0.214204 0.604881 
vt 0.146681 0.630733 
vt 0.146681 0.629512 
vt 0.148306 0.62942 
vt 0.148306 0.630823 
vt 0.148306 0.624287 
vt 0.146681 0.624772 
vt 0.148306 0.615315 
vt 0.146681 0.615528 
vt 0.146681 0.604925 
vt 0.148306 0.605032 
vt 0.215842 0.630751 
vt 0.214217 0.630823 
vt 0.214217 0.62942 
vt 0.215842 0.629529 
vt 0.214217 0.624287 
vt 0.215842 0.624786 
vt 0.214217 0.615315 
vt 0.215842 0.615535 
vt 0.215842 0.604924 
vt 0.214217 0.605032 
vt 0.282316 0.645145 
vt 0.303637 0.645145 
vt 0.303663 0.682578 
vt 0.321355 0.682578 
vt 0.282152 0.682578 
vt 0.32118 0.645145 
vt 0.260662 0.682578 
vt 0.335289 0.682578 
vt 0.261011 0.645145 
vt 0.335064 0.645145 
vt 0.34665 0.682578 
vt 0.346658 0.645145 
vt 0.243002 0.682578 
vt 0.243525 0.645145 
vt 0.229163 0.682578 
vt 0.229704 0.645145 
vt 0.217708 0.682578 
vt 0.217845 0.645145 
vt 0.0101491 0.645145 
vt 0.0197017 0.645145 
vt 0.0194024 0.682578 
vt 0.0102416 0.682578 
vt 0.0335316 0.682578 
vt 0.0338555 0.645145 
vt 0.0514591 0.682578 
vt 0.0517166 0.645145 
vt 0.073238 0.682578 
vt 0.0734727 0.645145 
vt 0.0952494 0.645145 
vt 0.0950248 0.682578 
vt 0.113133 0.645145 
vt 0.112951 0.682578 
vt 0.127313 0.645145 
vt 0.12709 0.682578 
vt 0.136882 0.645145 
vt 0.136618 0.682578 
vt 0.0731468 0.699597 
vt 0.0513589 0.699583 
vt 0.0513749 0.695353 
vt 0.0334113 0.695353 
vt 0.0731722 0.695353 
vt 0.0334053 0.699581 
vt 0.0949354 0.699621 
vt 0.0190584 0.695353 
vt 0.0949712 0.695353 
vt 0.0190582 0.699602 
vt 0.0110203 0.695353 
vt 0.0110195 0.699621 
vt 0.112886 0.69965 
vt 0.112932 0.695353 
vt 0.127302 0.695353 
vt 0.127251 0.699703 
vt 0.136003 0.695353 
vt 0.13598 0.699733 
vt 0.346228 0.699481 
vt 0.335829 0.69948 
vt 0.335837 0.695353 
vt 0.346232 0.695353 
vt 0.321471 0.695353 
vt 0.321462 0.699477 
vt 0.303672 0.695353 
vt 0.303659 0.699472 
vt 0.282097 0.695353 
vt 0.282081 0.699467 
vt 0.260543 0.695353 
vt 0.260523 0.699462 
vt 0.242775 0.695353 
vt 0.242749 0.699457 
vt 0.228499 0.695353 
vt 0.228463 0.699453 
vt 0.218026 0.695353 
vt 0.218008 0.699453 
vt 0.0194024 0.682578 
vt 0.0190584 0.695353 
vt 0.0110203 0.695353 
vt 0.0335316 0.682578 
vt 0.0102416 0.682578 
vt 0.00278207 0.695353 
vt 0.00278207 0.682578 
vt 0.0334113 0.695353 
vt 0.0514591 0.682578 
vt 0.0513749 0.695353 
vt 0.073238 0.682578 
vt 0.0731722 0.695353 
vt 0.0949712 0.695353 
vt 0.0950248 0.682578 
vt 0.112932 0.695353 
vt 0.112951 0.682578 
vt 0.127302 0.695353 
vt 0.12709 0.682578 
vt 0.136003 0.695353 
vt 0.136618 0.682578 
vt 0.142109 0.695353 
vt 0.142109 0.682578 
vt 0.0133639 0.643229 
vt 0.0032445 0.643229 
vt 0.0722538 0.587955 
vt 0.0032445 0.639784 
vt 0.0289256 0.643229 
vt 0.0032445 0.536167 
vt 0.0484871 0.643229 
vt 0.0032445 0.532691 
vt 0.0722538 0.643228 
vt 0.0133684 0.53268 
vt 0.0960205 0.643228 
vt 0.0289245 0.53268 
vt 0.115582 0.643228 
vt 0.141264 0.643229 
vt 0.0484871 0.53268 
vt 0.0722538 0.53268 
vt 0.0960205 0.53268 
vt 0.115582 0.53268 
vt 0.131139 0.53268 
vt 0.141264 0.532691 
vt 0.141264 0.536166 
vt 0.141264 0.639784 
vt 0.141264 0.643229 
vt 0.141264 0.643229 
vt 0.141264 0.643229 
vt 0.0722538 0.587955 
vt 0.146695 0.636245 
vt 0.146695 0.581407 
vt 0.148062 0.586529 
vt 0.148062 0.631146 
vt 0.303663 0.682578 
vt 0.303672 0.695353 
vt 0.282097 0.695353 
vt 0.321355 0.682578 
vt 0.282152 0.682578 
vt 0.321471 0.695353 
vt 0.260662 0.682578 
vt 0.335289 0.682578 
vt 0.260543 0.695353 
vt 0.335837 0.695353 
vt 0.243002 0.682578 
vt 0.346232 0.695353 
vt 0.242775 0.695353 
vt 0.34665 0.682578 
vt 0.351244 0.682578 
vt 0.351244 0.695353 
vt 0.229163 0.682578 
vt 0.228499 0.695353 
vt 0.218026 0.695353 
vt 0.217708 0.682578 
vt 0.212072 0.682578 
vt 0.212072 0.695353 
vt 0.215768 0.63641 
vt 0.215768 0.581851 
vt 0.214408 0.586924 
vt 0.214408 0.631313 
vt 0.168918 0.586102 
vt 0.181249 0.586102 
vt 0.181249 0.587176 
vt 0.19358 0.587176 
vt 0.19358 0.586102 
vt 0.168918 0.587176 
vt 0.158769 0.586102 
vt 0.203729 0.587176 
vt 0.203729 0.586102 
vt 0.158769 0.587176 
vt 0.150697 0.586102 
vt 0.181249 0.590401 
vt 0.150697 0.587176 
vt 0.148294 0.586102 
vt 0.148294 0.587176 
vt 0.168918 0.590401 
vt 0.158769 0.590401 
vt 0.150697 0.590401 
vt 0.148294 0.590401 
vt 0.150697 0.597488 
vt 0.148294 0.597488 
vt 0.150697 0.604881 
vt 0.148294 0.604881 
vt 0.158769 0.604881 
vt 0.158769 0.597488 
vt 0.168918 0.604881 
vt 0.168918 0.597488 
vt 0.181249 0.604881 
vt 0.181249 0.597488 
vt 0.19358 0.604881 
vt 0.19358 0.597488 
vt 0.203729 0.604881 
vt 0.19358 0.590401 
vt 0.203729 0.597488 
vt 0.211801 0.604881 
vt 0.203729 0.590401 
vt 0.211801 0.597488 
vt 0.214204 0.604881 
vt 0.214204 0.597488 
vt 0.211801 0.590401 
vt 0.214204 0.590401 
vt 0.211801 0.587176 
vt 0.214204 0.587176 
vt 0.211801 0.586102 
vt 0.214204 0.586102 
vt 0.148306 0.630823 
vt 0.148306 0.62942 
vt 0.15071 0.62942 
vt 0.148306 0.624287 
vt 0.15071 0.630823 
vt 0.15071 0.624287 
vt 0.158782 0.62942 
vt 0.148306 0.615315 
vt 0.158782 0.630823 
vt 0.15071 0.615315 
vt 0.148306 0.605032 
vt 0.15071 0.605032 
vt 0.158782 0.624287 
vt 0.158782 0.615315 
vt 0.158782 0.605032 
vt 0.168931 0.62942 
vt 0.168931 0.630823 
vt 0.168931 0.615315 
vt 0.168931 0.624287 
vt 0.168931 0.605032 
vt 0.181261 0.62942 
vt 0.181261 0.630823 
vt 0.181261 0.615315 
vt 0.181261 0.624287 
vt 0.181261 0.605032 
vt 0.193592 0.62942 
vt 0.193592 0.630823 
vt 0.193592 0.615315 
vt 0.193592 0.624287 
vt 0.193592 0.605032 
vt 0.203741 0.62942 
vt 0.203741 0.630823 
vt 0.203741 0.615315 
vt 0.203741 0.624287 
vt 0.203741 0.605032 
vt 0.211813 0.62942 
vt 0.211813 0.630823 
vt 0.214217 0.62942 
vt 0.214217 0.630823 
vt 0.211813 0.624287 
vt 0.214217 0.624287 
vt 0.211813 0.615315 
vt 0.214217 0.615315 
vt 0.211813 0.605032 
vt 0.214217 0.605032 
vt 0.168918 0.581704 
vt 0.181249 0.581704 
vt 0.181249 0.586102 
vt 0.19358 0.586102 
vt 0.168918 0.586102 
vt 0.19358 0.581704 
vt 0.158769 0.581704 
vt 0.203729 0.586102 
vt 0.158769 0.586102 
vt 0.203729 0.581704 
vt 0.150697 0.581704 
vt 0.211801 0.586102 
vt 0.150697 0.586102 
vt 0.211801 0.581704 
vt 0.148294 0.581704 
vt 0.214204 0.586102 
vt 0.148294 0.586102 
vt 0.146669 0.581663 
vt 0.146669 0.58607 
vt 0.214204 0.581704 
vt 0.215829 0.586057 
vt 0.215829 0.581647 
vt 0.15071 0.636605 
vt 0.148306 0.636605 
vt 0.148306 0.630823 
vt 0.146681 0.630733 
vt 0.146681 0.636493 
vt 0.15071 0.630823 
vt 0.158782 0.636605 
vt 0.158782 0.630823 
vt 0.168931 0.636605 
vt 0.168931 0.630823 
vt 0.181261 0.636604 
vt 0.181261 0.630823 
vt 0.193592 0.636604 
vt 0.193592 0.630823 
vt 0.203741 0.636604 
vt 0.203741 0.630823 
vt 0.211813 0.636604 
vt 0.211813 0.630823 
vt 0.214217 0.636604 
vt 0.214217 0.630823 
vt 0.215842 0.636515 
vt 0.215842 0.630751 

usemtl R15Bacon1Mtl

f 5008/5008/5008 5009/5009/5009 5010/5010/5010 
f 5010/5010/5010 5011/5011/5011 5008/5008/5008 
f 5012/5012/5012 5013/5013/5013 5014/5014/5014 
f 5014/5014/5014 5015/5015/5015 5012/5012/5012 
f 5016/5016/5016 5017/5017/5017 5018/5018/5018 
f 5018/5018/5018 5019/5019/5019 5016/5016/5016 
f 5020/5020/5020 5021/5021/5021 5022/5022/5022 
f 5022/5022/5022 5023/5023/5023 5020/5020/5020 
f 5024/5024/5024 5025/5025/5025 5026/5026/5026 
f 5026/5026/5026 5027/5027/5027 5024/5024/5024 
f 5028/5028/5028 5029/5029/5029 5030/5030/5030 
f 5030/5030/5030 5031/5031/5031 5028/5028/5028 
f 5032/5032/5032 5033/5033/5033 5034/5034/5034 
f 5034/5034/5034 5035/5035/5035 5032/5032/5032 
f 5036/5036/5036 5037/5037/5037 5038/5038/5038 
f 5038/5038/5038 5039/5039/5039 5036/5036/5036 
f 5040/5040/5040 5041/5041/5041 5042/5042/5042 
f 5042/5042/5042 5043/5043/5043 5040/5040/5040 
f 5044/5044/5044 5045/5045/5045 5046/5046/5046 
f 5046/5046/5046 5047/5047/5047 5044/5044/5044 
f 5048/5048/5048 5049/5049/5049 5050/5050/5050 
f 5050/5050/5050 5051/5051/5051 5048/5048/5048 
f 5052/5052/5052 5053/5053/5053 5054/5054/5054 
f 5054/5054/5054 5055/5055/5055 5052/5052/5052 
f 5056/5056/5056 5057/5057/5057 5058/5058/5058 
f 5058/5058/5058 5059/5059/5059 5056/5056/5056 
f 5060/5060/5060 5061/5061/5061 5062/5062/5062 
f 5062/5062/5062 5063/5063/5063 5060/5060/5060 
f 5064/5064/5064 5065/5065/5065 5066/5066/5066 
f 5064/5064/5064 5066/5066/5066 5067/5067/5067 
f 5068/5068/5068 5064/5064/5064 5067/5067/5067 
f 5069/5069/5069 5068/5068/5068 5067/5067/5067 
f 5069/5069/5069 5067/5067/5067 5070/5070/5070 
f 5071/5071/5071 5069/5069/5069 5070/5070/5070 
f 5070/5070/5070 5072/5072/5072 5071/5071/5071 
f 5073/5073/5073 5074/5074/5074 5075/5075/5075 
f 5076/5076/5076 5073/5073/5073 5075/5075/5075 
f 5076/5076/5076 5075/5075/5075 5077/5077/5077 
f 5076/5076/5076 5077/5077/5077 5078/5078/5078 
f 5079/5079/5079 5076/5076/5076 5078/5078/5078 
f 5079/5079/5079 5078/5078/5078 5080/5080/5080 
f 5080/5080/5080 5081/5081/5081 5079/5079/5079 
f 5082/5082/5082 5083/5083/5083 5084/5084/5084 
f 5084/5084/5084 5085/5085/5085 5082/5082/5082 
f 5086/5086/5086 5085/5085/5085 5084/5084/5084 
f 5084/5084/5084 5087/5087/5087 5086/5086/5086 
f 5086/5086/5086 5087/5087/5087 5088/5088/5088 
f 5088/5088/5088 5089/5089/5089 5086/5086/5086 
f 5090/5090/5090 5089/5089/5089 5088/5088/5088 
f 5088/5088/5088 5091/5091/5091 5090/5090/5090 
f 5092/5092/5092 5093/5093/5093 5094/5094/5094 
f 5094/5094/5094 5095/5095/5095 5092/5092/5092 
f 5094/5094/5094 5093/5093/5093 5096/5096/5096 
f 5096/5096/5096 5097/5097/5097 5094/5094/5094 
f 5098/5098/5098 5097/5097/5097 5096/5096/5096 
f 5096/5096/5096 5099/5099/5099 5098/5098/5098 
f 5098/5098/5098 5099/5099/5099 5100/5100/5100 
f 5100/5100/5100 5101/5101/5101 5098/5098/5098 
f 5102/5102/5102 5103/5103/5103 5104/5104/5104 
f 5104/5104/5104 5105/5105/5105 5102/5102/5102 
f 5106/5106/5106 5104/5104/5104 5103/5103/5103 
f 5103/5103/5103 5107/5107/5107 5106/5106/5106 
f 5108/5108/5108 5106/5106/5106 5107/5107/5107 
f 5107/5107/5107 5109/5109/5109 5108/5108/5108 
f 5108/5108/5108 5109/5109/5109 5110/5110/5110 
f 5110/5110/5110 5111/5111/5111 5108/5108/5108 
f 5112/5112/5112 5113/5113/5113 5114/5114/5114 
f 5114/5114/5114 5115/5115/5115 5112/5112/5112 
f 5115/5115/5115 5114/5114/5114 5116/5116/5116 
f 5116/5116/5116 5117/5117/5117 5115/5115/5115 
f 5117/5117/5117 5116/5116/5116 5118/5118/5118 
f 5118/5118/5118 5119/5119/5119 5117/5117/5117 
f 5120/5120/5120 5119/5119/5119 5118/5118/5118 
f 5118/5118/5118 5121/5121/5121 5120/5120/5120 
f 5122/5122/5122 5123/5123/5123 5124/5124/5124 
f 5125/5125/5125 5124/5124/5124 5123/5123/5123 
f 5124/5124/5124 5126/5126/5126 5122/5122/5122 
f 5123/5123/5123 5127/5127/5127 5125/5125/5125 
f 5122/5122/5122 5126/5126/5126 5128/5128/5128 
f 5129/5129/5129 5125/5125/5125 5127/5127/5127 
f 5128/5128/5128 5130/5130/5130 5122/5122/5122 
f 5127/5127/5127 5131/5131/5131 5129/5129/5129 
f 5132/5132/5132 5129/5129/5129 5131/5131/5131 
f 5131/5131/5131 5133/5133/5133 5132/5132/5132 
f 5130/5130/5130 5128/5128/5128 5134/5134/5134 
f 5134/5134/5134 5135/5135/5135 5130/5130/5130 
f 5135/5135/5135 5134/5134/5134 5136/5136/5136 
f 5136/5136/5136 5137/5137/5137 5135/5135/5135 
f 5137/5137/5137 5136/5136/5136 5138/5138/5138 
f 5138/5138/5138 5139/5139/5139 5137/5137/5137 
f 5140/5140/5140 5141/5141/5141 5142/5142/5142 
f 5142/5142/5142 5143/5143/5143 5140/5140/5140 
f 5144/5144/5144 5142/5142/5142 5141/5141/5141 
f 5141/5141/5141 5145/5145/5145 5144/5144/5144 
f 5146/5146/5146 5144/5144/5144 5145/5145/5145 
f 5145/5145/5145 5147/5147/5147 5146/5146/5146 
f 5148/5148/5148 5146/5146/5146 5147/5147/5147 
f 5147/5147/5147 5149/5149/5149 5148/5148/5148 
f 5148/5148/5148 5149/5149/5149 5150/5150/5150 
f 5150/5150/5150 5151/5151/5151 5148/5148/5148 
f 5151/5151/5151 5150/5150/5150 5152/5152/5152 
f 5152/5152/5152 5153/5153/5153 5151/5151/5151 
f 5153/5153/5153 5152/5152/5152 5154/5154/5154 
f 5154/5154/5154 5155/5155/5155 5153/5153/5153 
f 5155/5155/5155 5154/5154/5154 5156/5156/5156 
f 5156/5156/5156 5157/5157/5157 5155/5155/5155 
f 5158/5158/5158 5159/5159/5159 5160/5160/5160 
f 5161/5161/5161 5160/5160/5160 5159/5159/5159 
f 5160/5160/5160 5162/5162/5162 5158/5158/5158 
f 5159/5159/5159 5163/5163/5163 5161/5161/5161 
f 5164/5164/5164 5158/5158/5158 5162/5162/5162 
f 5165/5165/5165 5161/5161/5161 5163/5163/5163 
f 5162/5162/5162 5166/5166/5166 5164/5164/5164 
f 5163/5163/5163 5167/5167/5167 5165/5165/5165 
f 5168/5168/5168 5165/5165/5165 5167/5167/5167 
f 5167/5167/5167 5169/5169/5169 5168/5168/5168 
f 5170/5170/5170 5164/5164/5164 5166/5166/5166 
f 5166/5166/5166 5171/5171/5171 5170/5170/5170 
f 5170/5170/5170 5171/5171/5171 5172/5172/5172 
f 5172/5172/5172 5173/5173/5173 5170/5170/5170 
f 5173/5173/5173 5172/5172/5172 5174/5174/5174 
f 5174/5174/5174 5175/5175/5175 5173/5173/5173 
f 5176/5176/5176 5177/5177/5177 5178/5178/5178 
f 5178/5178/5178 5179/5179/5179 5176/5176/5176 
f 5180/5180/5180 5178/5178/5178 5177/5177/5177 
f 5177/5177/5177 5181/5181/5181 5180/5180/5180 
f 5182/5182/5182 5180/5180/5180 5181/5181/5181 
f 5181/5181/5181 5183/5183/5183 5182/5182/5182 
f 5184/5184/5184 5182/5182/5182 5183/5183/5183 
f 5183/5183/5183 5185/5185/5185 5184/5184/5184 
f 5186/5186/5186 5184/5184/5184 5185/5185/5185 
f 5185/5185/5185 5187/5187/5187 5186/5186/5186 
f 5188/5188/5188 5186/5186/5186 5187/5187/5187 
f 5187/5187/5187 5189/5189/5189 5188/5188/5188 
f 5190/5190/5190 5188/5188/5188 5189/5189/5189 
f 5189/5189/5189 5191/5191/5191 5190/5190/5190 
f 5192/5192/5192 5190/5190/5190 5191/5191/5191 
f 5191/5191/5191 5193/5193/5193 5192/5192/5192 
f 5194/5194/5194 5195/5195/5195 5196/5196/5196 
f 5195/5195/5195 5194/5194/5194 5197/5197/5197 
f 5196/5196/5196 5198/5198/5198 5194/5194/5194 
f 5198/5198/5198 5196/5196/5196 5199/5199/5199 
f 5199/5199/5199 5200/5200/5200 5198/5198/5198 
f 5197/5197/5197 5201/5201/5201 5195/5195/5195 
f 5201/5201/5201 5197/5197/5197 5202/5202/5202 
f 5202/5202/5202 5203/5203/5203 5201/5201/5201 
f 5203/5203/5203 5202/5202/5202 5204/5204/5204 
f 5204/5204/5204 5205/5205/5205 5203/5203/5203 
f 5206/5206/5206 5205/5205/5205 5204/5204/5204 
f 5204/5204/5204 5207/5207/5207 5206/5206/5206 
f 5208/5208/5208 5206/5206/5206 5207/5207/5207 
f 5207/5207/5207 5209/5209/5209 5208/5208/5208 
f 5210/5210/5210 5208/5208/5208 5209/5209/5209 
f 5209/5209/5209 5211/5211/5211 5210/5210/5210 
f 5212/5212/5212 5210/5210/5210 5211/5211/5211 
f 5211/5211/5211 5213/5213/5213 5212/5212/5212 
f 5214/5214/5214 5212/5212/5212 5213/5213/5213 
f 5213/5213/5213 5215/5215/5215 5214/5214/5214 
f 5216/5216/5216 5217/5217/5217 5218/5218/5218 
f 5217/5217/5217 5219/5219/5219 5218/5218/5218 
f 5220/5220/5220 5216/5216/5216 5218/5218/5218 
f 5219/5219/5219 5221/5221/5221 5218/5218/5218 
f 5222/5222/5222 5220/5220/5220 5218/5218/5218 
f 5221/5221/5221 5223/5223/5223 5218/5218/5218 
f 5224/5224/5224 5222/5222/5222 5218/5218/5218 
f 5223/5223/5223 5225/5225/5225 5218/5218/5218 
f 5226/5226/5226 5224/5224/5224 5218/5218/5218 
f 5225/5225/5225 5227/5227/5227 5218/5218/5218 
f 5228/5228/5228 5226/5226/5226 5218/5218/5218 
f 5229/5229/5229 5228/5228/5228 5218/5218/5218 
f 5227/5227/5227 5230/5230/5230 5218/5218/5218 
f 5230/5230/5230 5231/5231/5231 5218/5218/5218 
f 5231/5231/5231 5232/5232/5232 5218/5218/5218 
f 5232/5232/5232 5233/5233/5233 5218/5218/5218 
f 5233/5233/5233 5234/5234/5234 5218/5218/5218 
f 5234/5234/5234 5235/5235/5235 5218/5218/5218 
f 5235/5235/5235 5236/5236/5236 5218/5218/5218 
f 5236/5236/5236 5237/5237/5237 5218/5218/5218 
f 5237/5237/5237 5238/5238/5238 5218/5218/5218 
f 5239/5239/5239 5240/5240/5240 5241/5241/5241 
f 5242/5242/5242 5243/5243/5243 5244/5244/5244 
f 5244/5244/5244 5245/5245/5245 5242/5242/5242 
f 5246/5246/5246 5247/5247/5247 5248/5248/5248 
f 5247/5247/5247 5246/5246/5246 5249/5249/5249 
f 5248/5248/5248 5250/5250/5250 5246/5246/5246 
f 5249/5249/5249 5251/5251/5251 5247/5247/5247 
f 5252/5252/5252 5250/5250/5250 5248/5248/5248 
f 5251/5251/5251 5249/5249/5249 5253/5253/5253 
f 5248/5248/5248 5254/5254/5254 5252/5252/5252 
f 5253/5253/5253 5255/5255/5255 5251/5251/5251 
f 5256/5256/5256 5252/5252/5252 5254/5254/5254 
f 5257/5257/5257 5255/5255/5255 5253/5253/5253 
f 5254/5254/5254 5258/5258/5258 5256/5256/5256 
f 5253/5253/5253 5259/5259/5259 5257/5257/5257 
f 5257/5257/5257 5259/5259/5259 5260/5260/5260 
f 5260/5260/5260 5261/5261/5261 5257/5257/5257 
f 5262/5262/5262 5256/5256/5256 5258/5258/5258 
f 5258/5258/5258 5263/5263/5263 5262/5262/5262 
f 5262/5262/5262 5263/5263/5263 5264/5264/5264 
f 5264/5264/5264 5265/5265/5265 5262/5262/5262 
f 5266/5266/5266 5265/5265/5265 5264/5264/5264 
f 5264/5264/5264 5267/5267/5267 5266/5266/5266 
f 5268/5268/5268 5269/5269/5269 5270/5270/5270 
f 5270/5270/5270 5271/5271/5271 5268/5268/5268 
f 5272/5272/5272 5273/5273/5273 5274/5274/5274 
f 5275/5275/5275 5274/5274/5274 5273/5273/5273 
f 5273/5273/5273 5276/5276/5276 5275/5275/5275 
f 5274/5274/5274 5277/5277/5277 5272/5272/5272 
f 5278/5278/5278 5272/5272/5272 5277/5277/5277 
f 5279/5279/5279 5275/5275/5275 5276/5276/5276 
f 5276/5276/5276 5280/5280/5280 5279/5279/5279 
f 5277/5277/5277 5281/5281/5281 5278/5278/5278 
f 5282/5282/5282 5278/5278/5278 5281/5281/5281 
f 5277/5277/5277 5274/5274/5274 5283/5283/5283 
f 5281/5281/5281 5284/5284/5284 5282/5282/5282 
f 5285/5285/5285 5282/5282/5282 5284/5284/5284 
f 5284/5284/5284 5286/5286/5286 5285/5285/5285 
f 5281/5281/5281 5277/5277/5277 5287/5287/5287 
f 5283/5283/5283 5287/5287/5287 5277/5277/5277 
f 5284/5284/5284 5281/5281/5281 5288/5288/5288 
f 5287/5287/5287 5288/5288/5288 5281/5281/5281 
f 5286/5286/5286 5284/5284/5284 5289/5289/5289 
f 5288/5288/5288 5289/5289/5289 5284/5284/5284 
f 5289/5289/5289 5290/5290/5290 5286/5286/5286 
f 5290/5290/5290 5289/5289/5289 5291/5291/5291 
f 5291/5291/5291 5292/5292/5292 5290/5290/5290 
f 5292/5292/5292 5291/5291/5291 5293/5293/5293 
f 5293/5293/5293 5294/5294/5294 5292/5292/5292 
f 5295/5295/5295 5293/5293/5293 5291/5291/5291 
f 5296/5296/5296 5291/5291/5291 5289/5289/5289 
f 5291/5291/5291 5296/5296/5296 5295/5295/5295 
f 5289/5289/5289 5288/5288/5288 5296/5296/5296 
f 5297/5297/5297 5295/5295/5295 5296/5296/5296 
f 5298/5298/5298 5296/5296/5296 5288/5288/5288 
f 5296/5296/5296 5298/5298/5298 5297/5297/5297 
f 5288/5288/5288 5287/5287/5287 5298/5298/5298 
f 5299/5299/5299 5297/5297/5297 5298/5298/5298 
f 5300/5300/5300 5298/5298/5298 5287/5287/5287 
f 5298/5298/5298 5300/5300/5300 5299/5299/5299 
f 5287/5287/5287 5283/5283/5283 5300/5300/5300 
f 5301/5301/5301 5299/5299/5299 5300/5300/5300 
f 5300/5300/5300 5302/5302/5302 5301/5301/5301 
f 5302/5302/5302 5300/5300/5300 5283/5283/5283 
f 5303/5303/5303 5301/5301/5301 5302/5302/5302 
f 5283/5283/5283 5304/5304/5304 5302/5302/5302 
f 5304/5304/5304 5283/5283/5283 5274/5274/5274 
f 5274/5274/5274 5275/5275/5275 5304/5304/5304 
f 5302/5302/5302 5305/5305/5305 5303/5303/5303 
f 5305/5305/5305 5302/5302/5302 5304/5304/5304 
f 5306/5306/5306 5303/5303/5303 5305/5305/5305 
f 5307/5307/5307 5304/5304/5304 5275/5275/5275 
f 5304/5304/5304 5307/5307/5307 5305/5305/5305 
f 5275/5275/5275 5279/5279/5279 5307/5307/5307 
f 5305/5305/5305 5308/5308/5308 5306/5306/5306 
f 5308/5308/5308 5305/5305/5305 5307/5307/5307 
f 5309/5309/5309 5306/5306/5306 5308/5308/5308 
f 5308/5308/5308 5310/5310/5310 5309/5309/5309 
f 5307/5307/5307 5311/5311/5311 5308/5308/5308 
f 5310/5310/5310 5308/5308/5308 5311/5311/5311 
f 5311/5311/5311 5307/5307/5307 5279/5279/5279 
f 5311/5311/5311 5312/5312/5312 5310/5310/5310 
f 5279/5279/5279 5313/5313/5313 5311/5311/5311 
f 5312/5312/5312 5311/5311/5311 5313/5313/5313 
f 5313/5313/5313 5279/5279/5279 5280/5280/5280 
f 5313/5313/5313 5314/5314/5314 5312/5312/5312 
f 5280/5280/5280 5315/5315/5315 5313/5313/5313 
f 5314/5314/5314 5313/5313/5313 5315/5315/5315 
f 5315/5315/5315 5316/5316/5316 5314/5314/5314 
f 5317/5317/5317 5318/5318/5318 5319/5319/5319 
f 5319/5319/5319 5318/5318/5318 5320/5320/5320 
f 5319/5319/5319 5321/5321/5321 5317/5317/5317 
f 5320/5320/5320 5322/5322/5322 5319/5319/5319 
f 5321/5321/5321 5319/5319/5319 5323/5323/5323 
f 5323/5323/5323 5319/5319/5319 5322/5322/5322 
f 5322/5322/5322 5320/5320/5320 5324/5324/5324 
f 5323/5323/5323 5325/5325/5325 5321/5321/5321 
f 5324/5324/5324 5326/5326/5326 5322/5322/5322 
f 5326/5326/5326 5324/5324/5324 5327/5327/5327 
f 5327/5327/5327 5328/5328/5328 5326/5326/5326 
f 5329/5329/5329 5322/5322/5322 5326/5326/5326 
f 5322/5322/5322 5329/5329/5329 5323/5323/5323 
f 5330/5330/5330 5326/5326/5326 5328/5328/5328 
f 5326/5326/5326 5330/5330/5330 5329/5329/5329 
f 5328/5328/5328 5331/5331/5331 5330/5330/5330 
f 5325/5325/5325 5323/5323/5323 5332/5332/5332 
f 5332/5332/5332 5323/5323/5323 5329/5329/5329 
f 5332/5332/5332 5333/5333/5333 5325/5325/5325 
f 5334/5334/5334 5330/5330/5330 5331/5331/5331 
f 5335/5335/5335 5329/5329/5329 5330/5330/5330 
f 5329/5329/5329 5335/5335/5335 5332/5332/5332 
f 5330/5330/5330 5334/5334/5334 5335/5335/5335 
f 5331/5331/5331 5336/5336/5336 5334/5334/5334 
f 5333/5333/5333 5332/5332/5332 5337/5337/5337 
f 5337/5337/5337 5332/5332/5332 5335/5335/5335 
f 5337/5337/5337 5338/5338/5338 5333/5333/5333 
f 5339/5339/5339 5334/5334/5334 5336/5336/5336 
f 5340/5340/5340 5335/5335/5335 5334/5334/5334 
f 5335/5335/5335 5340/5340/5340 5337/5337/5337 
f 5334/5334/5334 5339/5339/5339 5340/5340/5340 
f 5336/5336/5336 5341/5341/5341 5339/5339/5339 
f 5338/5338/5338 5337/5337/5337 5342/5342/5342 
f 5342/5342/5342 5337/5337/5337 5340/5340/5340 
f 5342/5342/5342 5343/5343/5343 5338/5338/5338 
f 5344/5344/5344 5339/5339/5339 5341/5341/5341 
f 5345/5345/5345 5340/5340/5340 5339/5339/5339 
f 5340/5340/5340 5345/5345/5345 5342/5342/5342 
f 5339/5339/5339 5344/5344/5344 5345/5345/5345 
f 5341/5341/5341 5346/5346/5346 5344/5344/5344 
f 5343/5343/5343 5342/5342/5342 5347/5347/5347 
f 5347/5347/5347 5342/5342/5342 5345/5345/5345 
f 5347/5347/5347 5348/5348/5348 5343/5343/5343 
f 5349/5349/5349 5344/5344/5344 5346/5346/5346 
f 5350/5350/5350 5345/5345/5345 5344/5344/5344 
f 5345/5345/5345 5350/5350/5350 5347/5347/5347 
f 5344/5344/5344 5349/5349/5349 5350/5350/5350 
f 5346/5346/5346 5351/5351/5351 5349/5349/5349 
f 5348/5348/5348 5347/5347/5347 5352/5352/5352 
f 5352/5352/5352 5347/5347/5347 5350/5350/5350 
f 5352/5352/5352 5353/5353/5353 5348/5348/5348 
f 5353/5353/5353 5352/5352/5352 5354/5354/5354 
f 5354/5354/5354 5355/5355/5355 5353/5353/5353 
f 5350/5350/5350 5356/5356/5356 5352/5352/5352 
f 5354/5354/5354 5352/5352/5352 5356/5356/5356 
f 5356/5356/5356 5350/5350/5350 5349/5349/5349 
f 5356/5356/5356 5357/5357/5357 5354/5354/5354 
f 5349/5349/5349 5358/5358/5358 5356/5356/5356 
f 5357/5357/5357 5356/5356/5356 5358/5358/5358 
f 5358/5358/5358 5349/5349/5349 5351/5351/5351 
f 5358/5358/5358 5359/5359/5359 5357/5357/5357 
f 5351/5351/5351 5360/5360/5360 5358/5358/5358 
f 5359/5359/5359 5358/5358/5358 5360/5360/5360 
f 5360/5360/5360 5361/5361/5361 5359/5359/5359 
f 5362/5362/5362 5363/5363/5363 5364/5364/5364 
f 5365/5365/5365 5364/5364/5364 5363/5363/5363 
f 5364/5364/5364 5366/5366/5366 5362/5362/5362 
f 5363/5363/5363 5367/5367/5367 5365/5365/5365 
f 5368/5368/5368 5362/5362/5362 5366/5366/5366 
f 5369/5369/5369 5365/5365/5365 5367/5367/5367 
f 5366/5366/5366 5370/5370/5370 5368/5368/5368 
f 5367/5367/5367 5371/5371/5371 5369/5369/5369 
f 5372/5372/5372 5368/5368/5368 5370/5370/5370 
f 5373/5373/5373 5369/5369/5369 5371/5371/5371 
f 5370/5370/5370 5374/5374/5374 5372/5372/5372 
f 5371/5371/5371 5375/5375/5375 5373/5373/5373 
f 5376/5376/5376 5372/5372/5372 5374/5374/5374 
f 5377/5377/5377 5373/5373/5373 5375/5375/5375 
f 5374/5374/5374 5378/5378/5378 5376/5376/5376 
f 5379/5379/5379 5376/5376/5376 5378/5378/5378 
f 5378/5378/5378 5380/5380/5380 5379/5379/5379 
f 5375/5375/5375 5381/5381/5381 5377/5377/5377 
f 5382/5382/5382 5377/5377/5377 5381/5381/5381 
f 5381/5381/5381 5383/5383/5383 5382/5382/5382 
f 5384/5384/5384 5385/5385/5385 5386/5386/5386 
f 5387/5387/5387 5386/5386/5386 5385/5385/5385 
f 5385/5385/5385 5388/5388/5388 5387/5387/5387 
f 5386/5386/5386 5389/5389/5389 5384/5384/5384 
f 5390/5390/5390 5384/5384/5384 5389/5389/5389 
f 5389/5389/5389 5391/5391/5391 5390/5390/5390 
f 5392/5392/5392 5390/5390/5390 5391/5391/5391 
f 5391/5391/5391 5393/5393/5393 5392/5392/5392 
f 5394/5394/5394 5392/5392/5392 5393/5393/5393 
f 5393/5393/5393 5395/5395/5395 5394/5394/5394 
f 5396/5396/5396 5394/5394/5394 5395/5395/5395 
f 5395/5395/5395 5397/5397/5397 5396/5396/5396 
f 5398/5398/5398 5396/5396/5396 5397/5397/5397 
f 5397/5397/5397 5399/5399/5399 5398/5398/5398 
f 5400/5400/5400 5398/5398/5398 5399/5399/5399 
f 5399/5399/5399 5401/5401/5401 5400/5400/5400 
f 5402/5402/5402 5400/5400/5400 5401/5401/5401 
f 5401/5401/5401 5403/5403/5403 5402/5402/5402 
f 5404/5404/5404 5402/5402/5402 5403/5403/5403 
f 5403/5403/5403 5405/5405/5405 5404/5404/5404 

g R15Bacon15

v -5.21742 2.32819 16.4397 
v -5.25041 2.32814 16.4688 
v -5.25041 2.23639 16.4524 
v -5.21742 2.24898 16.4284 
v -5.25041 2.14939 16.3871 
v -5.21742 2.1701 16.3638 
v -5.25041 2.11924 16.2663 
v -5.21742 2.14403 16.2539 
v -5.25041 2.10204 16.0634 
v -5.21742 2.13111 16.0623 
v -5.25041 2.11591 15.9019 
v -5.21742 2.14183 15.9056 
v -5.21742 2.1691 15.7875 
v -5.25041 2.14715 15.7778 
v -5.21742 2.23731 15.7182 
v -5.25041 2.22288 15.6976 
v -5.21742 2.32819 15.6849 
v -5.25041 2.32814 15.6579 
v -6.62166 2.32583 16.4397 
v -6.62166 2.24738 16.4284 
v -6.58866 2.23414 16.4524 
v -6.58866 2.32588 16.4688 
v -6.58866 2.14714 16.3871 
v -6.62166 2.16899 16.3638 
v -6.58866 2.11698 16.2663 
v -6.62166 2.14317 16.2539 
v -6.58866 2.09979 16.0634 
v -6.62166 2.13051 16.0623 
v -6.58866 2.11365 15.9019 
v -6.62166 2.14104 15.9056 
v -6.62166 2.16807 15.7875 
v -6.58866 2.14489 15.7778 
v -6.62166 2.23582 15.7182 
v -6.58866 2.22063 15.6976 
v -6.62166 2.32583 15.6849 
v -6.58866 2.32588 15.6579 
v -5 3.1476 15.5359 
v -5 2.94185 15.5626 
v -5.03847 2.9816 15.5305 
v -5.03847 3.16739 15.5038 
v -5 3.35152 15.5321 
v -5.03847 3.35152 15.5 
v -5.03847 3.49265 15.5089 
v -5 3.49265 15.541 
v -5.03847 3.6244 15.5305 
v -5 3.6244 15.5626 
v -5.03847 3.7435 15.5862 
v -5 3.72756 15.6141 
v -5 3.83073 15.6876 
v -5.03847 3.8551 15.6668 
v -5.03847 3.93646 15.7792 
v -5 3.9116 15.7988 
v -6.83908 3.1476 15.5359 
v -6.80061 3.16739 15.5038 
v -6.80061 2.9816 15.5305 
v -6.83908 2.94185 15.5626 
v -6.83908 3.35152 15.5321 
v -6.80061 3.35152 15.5 
v -6.80061 3.49265 15.5089 
v -6.83908 3.49265 15.541 
v -6.80061 3.6244 15.5305 
v -6.83908 3.6244 15.5626 
v -6.80061 3.7435 15.5862 
v -6.83908 3.72756 15.6141 
v -6.83908 3.83073 15.6876 
v -6.80061 3.8551 15.6668 
v -6.80061 3.93646 15.7792 
v -6.83908 3.9116 15.7988 
v -6.83908 3.91161 16.4543 
v -6.80061 3.93637 16.4783 
v -6.80061 3.93646 15.7792 
v -6.83908 3.9116 15.7988 
v -6.63282 3.9696 16.4783 
v -6.63288 3.96969 15.7792 
v -6.44453 3.99115 16.4783 
v -6.44452 3.99125 15.7792 
v -6.20749 4.00094 16.4783 
v -6.20748 4.00102 15.7792 
v -5.91954 4.00094 16.4783 
v -5.91954 4.00102 15.7792 
v -5.63159 4.00094 16.4783 
v -5.63159 4.00102 15.7792 
v -5.39455 3.99115 16.4783 
v -5.39456 3.99125 15.7792 
v -5.20626 3.9696 16.4783 
v -5.2062 3.96969 15.7792 
v -5.03847 3.93637 16.4783 
v -5.03847 3.93646 15.7792 
v -5 3.91161 16.4543 
v -5 3.9116 15.7988 
v -5.03847 3.14759 16.5733 
v -5.03847 2.94184 16.5733 
v -5 2.94184 16.5387 
v -5 3.14759 16.5387 
v -5.03847 3.35152 16.5733 
v -5 3.35152 16.5387 
v -5.03847 3.49264 16.5733 
v -5 3.49264 16.5387 
v -5.03847 3.66504 16.5733 
v -5 3.66502 16.5387 
v -5.03847 3.78851 16.5624 
v -5 3.78851 16.5277 
v -5.03847 3.87594 16.5321 
v -5 3.86489 16.4975 
v -5.03847 3.93637 16.4783 
v -5 3.91161 16.4543 
v -6.83908 3.14759 16.5387 
v -6.83908 2.94184 16.5387 
v -6.80061 2.94184 16.5733 
v -6.80061 3.14759 16.5733 
v -6.83908 3.35152 16.5387 
v -6.80061 3.35152 16.5733 
v -6.83908 3.49264 16.5387 
v -6.80061 3.49264 16.5733 
v -6.83908 3.66502 16.5387 
v -6.80061 3.66504 16.5733 
v -6.80061 3.78851 16.5624 
v -6.83908 3.78851 16.5277 
v -6.80061 3.87594 16.5321 
v -6.83908 3.86489 16.4975 
v -6.80061 3.93637 16.4783 
v -6.83908 3.91161 16.4543 
v -5 3.14759 16.5387 
v -5 2.94184 16.5387 
v -5 2.94185 15.5626 
v -5 3.1476 15.5359 
v -5 3.35152 16.5387 
v -5 3.35152 15.5321 
v -5 3.49265 15.541 
v -5 3.49264 16.5387 
v -5 3.6244 15.5626 
v -5 3.66502 16.5387 
v -5 3.72756 15.6141 
v -5 3.78851 16.5277 
v -5 3.83073 15.6876 
v -5 3.86489 16.4975 
v -5 3.9116 15.7988 
v -5 3.91161 16.4543 
v -6.83908 3.14759 16.5387 
v -6.83908 3.1476 15.5359 
v -6.83908 2.94185 15.5626 
v -6.83908 2.94184 16.5387 
v -6.83908 3.35152 15.5321 
v -6.83908 3.35152 16.5387 
v -6.83908 3.49265 15.541 
v -6.83908 3.49264 16.5387 
v -6.83908 3.6244 15.5626 
v -6.83908 3.66502 16.5387 
v -6.83908 3.72756 15.6141 
v -6.83908 3.78851 16.5277 
v -6.83908 3.83073 15.6876 
v -6.83908 3.86489 16.4975 
v -6.83908 3.9116 15.7988 
v -6.83908 3.91161 16.4543 
v -5.11199 2.80178 16.5111 
v -5.14994 2.8169 16.5457 
v -5.14994 2.68144 16.5457 
v -5.11199 2.6815 16.5111 
v -6.68914 2.67919 16.5457 
v -6.68914 2.8169 16.5457 
v -6.72709 2.80178 16.5111 
v -6.72709 2.67913 16.5111 
v -5.11199 2.6815 16.5111 
v -5.14994 2.68144 16.5457 
v -5.14994 2.38698 16.5457 
v -5.11199 2.38699 16.5111 
v -6.68914 2.67919 16.5457 
v -6.72709 2.67913 16.5111 
v -6.72709 2.38675 16.5111 
v -6.68914 2.38676 16.5457 
v -5.14994 2.68144 15.5811 
v -5.14994 2.90369 15.5811 
v -5.11199 2.80178 15.6132 
v -5.11199 2.6815 15.6132 
v -6.72708 2.80178 15.6132 
v -6.68914 2.90369 15.5811 
v -6.68914 2.67919 15.5811 
v -6.72708 2.67913 15.6132 
v -5.14994 2.68144 15.5811 
v -5.11199 2.6815 15.6132 
v -5.11199 2.38699 15.6132 
v -5.14994 2.38698 15.5811 
v -6.72708 2.67913 15.6132 
v -6.68914 2.67919 15.5811 
v -6.68914 2.38676 15.5811 
v -6.72708 2.38676 15.6132 
v -6.53987 2.11373 15.9019 
v -6.58866 2.11365 15.9019 
v -6.58866 2.14489 15.7778 
v -6.1699 2.11436 15.9019 
v -5.91954 2.11478 15.9019 
v -5.91954 2.10091 16.0634 
v -5.66917 2.10134 16.0634 
v -6.37597 2.11401 15.9019 
v -6.1699 2.10049 16.0634 
v -6.37597 2.10014 16.0634 
v -6.53987 2.09987 16.0634 
v -6.58866 2.09979 16.0634 
v -5.66917 2.11853 16.2663 
v -5.46311 2.11888 16.2663 
v -5.91954 2.11811 16.2663 
v -6.1699 2.11769 16.2663 
v -6.37597 2.11734 16.2663 
v -6.53986 2.11706 16.2663 
v -6.58866 2.11698 16.2663 
v -6.53986 2.14722 16.3871 
v -6.58866 2.14714 16.3871 
v -6.37597 2.14749 16.3871 
v -6.1699 2.14784 16.3871 
v -5.91954 2.14826 16.3871 
v -6.53985 2.23422 16.4524 
v -6.58866 2.23414 16.4524 
v -6.58866 2.32588 16.4688 
v -6.53984 2.32596 16.4688 
v -6.37597 2.2345 16.4524 
v -6.37597 2.32624 16.4688 
v -6.1699 2.23484 16.4524 
v -6.1699 2.32659 16.4688 
v -5.91954 2.23527 16.4524 
v -5.91954 2.32701 16.4688 
v -5.66917 2.23569 16.4524 
v -5.66917 2.32743 16.4688 
v -5.66917 2.14868 16.3871 
v -5.46311 2.23603 16.4524 
v -5.46311 2.32778 16.4688 
v -5.46311 2.14903 16.3871 
v -5.29922 2.14931 16.3871 
v -5.29922 2.23631 16.4524 
v -5.25041 2.23639 16.4524 
v -5.29923 2.32805 16.4688 
v -5.25041 2.32814 16.4688 
v -5.91954 2.32701 15.6579 
v -5.66918 2.32743 15.6579 
v -5.66918 2.22218 15.6976 
v -5.46311 2.22252 15.6976 
v -5.46311 2.32778 15.6579 
v -5.91954 2.22175 15.6976 
v -6.1699 2.32659 15.6579 
v -5.2992 2.2228 15.6976 
v -5.29919 2.32805 15.6579 
v -5.25041 2.22288 15.6976 
v -5.25041 2.32814 15.6579 
v -5.25041 2.14715 15.7778 
v -5.29921 2.14707 15.7778 
v -5.25041 2.11591 15.9019 
v -5.46311 2.14679 15.7778 
v -5.29921 2.11582 15.9019 
v -5.25041 2.10204 16.0634 
v -5.66918 2.14644 15.7778 
v -5.46311 2.11555 15.9019 
v -5.29921 2.10196 16.0634 
v -5.25041 2.11924 16.2663 
v -5.29921 2.11916 16.2663 
v -5.25041 2.14939 16.3871 
v -5.46311 2.10168 16.0634 
v -5.66918 2.1152 15.9019 
v -5.91954 2.14602 15.7778 
v -6.1699 2.22133 15.6976 
v -6.37596 2.32624 15.6579 
v -6.1699 2.1456 15.7778 
v -6.37596 2.22098 15.6976 
v -6.53989 2.32596 15.6579 
v -6.53988 2.22071 15.6976 
v -6.58866 2.32588 15.6579 
v -6.58866 2.22063 15.6976 
v -6.37597 2.14525 15.7778 
v -6.53987 2.14498 15.7778 
v -5.11199 2.80178 15.6132 
v -5.11199 2.80178 16.5111 
v -5.11199 2.6815 16.5111 
v -5.11199 2.6815 15.6132 
v -6.72709 2.80178 16.5111 
v -6.72708 2.80178 15.6132 
v -6.72708 2.67913 15.6132 
v -6.72709 2.67913 16.5111 
v -5.11199 2.6815 15.6132 
v -5.11199 2.6815 16.5111 
v -5.11199 2.38699 16.5111 
v -5.11199 2.38699 15.6132 
v -6.72709 2.67913 16.5111 
v -6.72708 2.67913 15.6132 
v -6.72708 2.38676 15.6132 
v -6.72709 2.38675 16.5111 
v -5 2.94184 16.5387 
v -5.11199 2.80178 16.5111 
v -5.11199 2.80178 15.6132 
v -5 2.94185 15.5626 
v -6.83908 2.94184 16.5387 
v -6.83908 2.94185 15.5626 
v -6.72708 2.80178 15.6132 
v -6.72709 2.80178 16.5111 
v -5.21742 2.32819 15.6849 
v -5.21742 2.32819 16.4397 
v -5.21742 2.24898 16.4284 
v -5.21742 2.23731 15.7182 
v -5.21742 2.1701 16.3638 
v -5.21742 2.1691 15.7875 
v -5.21742 2.14183 15.9056 
v -5.21742 2.14403 16.2539 
v -5.21742 2.13111 16.0623 
v -6.62166 2.32583 15.6849 
v -6.62166 2.23582 15.7182 
v -6.62166 2.24738 16.4284 
v -6.62166 2.32583 16.4397 
v -6.62166 2.16899 16.3638 
v -6.62166 2.16807 15.7875 
v -6.62166 2.14104 15.9056 
v -6.62166 2.14317 16.2539 
v -6.62166 2.13051 16.0623 
v -6.62166 2.16807 15.7875 
v -6.62166 2.14104 15.9056 
v -6.62166 2.16899 16.3638 
v -5.63159 4.00102 15.7792 
v -5.63159 3.91968 15.6668 
v -5.91954 3.91968 15.6668 
v -5.91954 3.80807 15.5862 
v -5.91954 4.00102 15.7792 
v -5.91954 3.52604 15.5089 
v -5.91954 3.35152 15.5 
v -6.20748 3.35152 15.5 
v -6.20748 3.91968 15.6668 
v -6.20748 4.00102 15.7792 
v -6.44452 3.99125 15.7792 
v -6.20748 3.80807 15.5862 
v -6.44452 3.90988 15.6668 
v -6.63288 3.96969 15.7792 
v -6.20748 3.68897 15.5305 
v -5.91954 3.68897 15.5305 
v -6.44452 3.79829 15.5862 
v -6.63288 3.88833 15.6668 
v -6.80061 3.93646 15.7792 
v -6.80061 3.8551 15.6668 
v -6.63288 3.77674 15.5862 
v -6.80061 3.7435 15.5862 
v -6.44452 3.67918 15.5305 
v -6.63288 3.65762 15.5305 
v -6.80061 3.6244 15.5305 
v -6.20748 3.52604 15.5089 
v -6.44452 3.52097 15.5089 
v -6.63288 3.50982 15.5089 
v -6.80061 3.49265 15.5089 
v -6.44452 3.35152 15.5 
v -6.63288 3.35152 15.5 
v -6.80061 3.35152 15.5 
v -6.44452 3.17814 15.5038 
v -6.63288 3.17583 15.5038 
v -6.80061 3.16739 15.5038 
v -6.63288 2.99855 15.5305 
v -6.80061 2.9816 15.5305 
v -6.44452 3.00322 15.5305 
v -6.20748 3.00631 15.5305 
v -6.20748 3.17969 15.5038 
v -5.91954 3.17969 15.5038 
v -5.63159 3.17969 15.5038 
v -5.63159 3.00631 15.5305 
v -5.91954 3.00631 15.5305 
v -5.39456 3.17814 15.5038 
v -5.39456 3.00322 15.5305 
v -5.39456 3.35152 15.5 
v -5.63159 3.35152 15.5 
v -5.2062 3.17583 15.5038 
v -5.2062 2.99855 15.5305 
v -5.03847 3.16739 15.5038 
v -5.03847 2.9816 15.5305 
v -5.03847 3.35152 15.5 
v -5.2062 3.35152 15.5 
v -5.03847 3.49265 15.5089 
v -5.2062 3.50982 15.5089 
v -5.03847 3.6244 15.5305 
v -5.39456 3.52097 15.5089 
v -5.2062 3.65762 15.5305 
v -5.03847 3.7435 15.5862 
v -5.2062 3.77674 15.5862 
v -5.03847 3.8551 15.6668 
v -5.39456 3.67918 15.5305 
v -5.63159 3.52604 15.5089 
v -5.2062 3.88833 15.6668 
v -5.03847 3.93646 15.7792 
v -5.2062 3.96969 15.7792 
v -5.39456 3.79829 15.5862 
v -5.39456 3.90988 15.6668 
v -5.39456 3.99125 15.7792 
v -5.63159 3.68897 15.5305 
v -5.63159 3.80807 15.5862 
v -5.91954 2.38687 15.5811 
v -5.63158 2.38691 15.5811 
v -5.66918 2.32743 15.6579 
v -5.46311 2.32778 15.6579 
v -5.91954 2.32701 15.6579 
v -5.39458 2.38695 15.5811 
v -6.20749 2.38683 15.5811 
v -5.29919 2.32805 15.6579 
v -6.1699 2.32659 15.6579 
v -5.20604 2.38697 15.5811 
v -6.4445 2.3868 15.5811 
v -5.25041 2.32814 15.6579 
v -6.37596 2.32624 15.6579 
v -5.14994 2.38698 15.5811 
v -6.63304 2.38677 15.5811 
v -5.21742 2.32819 15.6849 
v -6.53989 2.32596 15.6579 
v -5.11199 2.38699 15.6132 
v -6.68914 2.38676 15.5811 
v -5.21742 2.32819 16.4397 
v -6.58866 2.32588 15.6579 
v -5.11199 2.38699 16.5111 
v -6.72708 2.38676 15.6132 
v -5.25041 2.32814 16.4688 
v -6.62166 2.32583 15.6849 
v -5.14994 2.38698 16.5457 
v -6.72709 2.38675 16.5111 
v -5.29923 2.32805 16.4688 
v -6.62166 2.32583 16.4397 
v -5.20609 2.38697 16.5457 
v -6.68914 2.38676 16.5457 
v -5.46311 2.32778 16.4688 
v -6.58866 2.32588 16.4688 
v -5.39457 2.38695 16.5457 
v -6.63299 2.38677 16.5457 
v -5.66917 2.32743 16.4688 
v -6.53984 2.32596 16.4688 
v -5.63158 2.38691 16.5457 
v -6.44451 2.3868 16.5457 
v -5.91954 2.32701 16.4688 
v -6.37597 2.32624 16.4688 
v -5.91954 2.38687 16.5457 
v -6.2075 2.38683 16.5457 
v -6.1699 2.32659 16.4688 
v -5.39455 3.99115 16.4783 
v -5.63159 4.00094 16.4783 
v -5.63159 3.9405 16.5321 
v -5.91954 4.00094 16.4783 
v -5.91954 3.9405 16.5321 
v -5.63159 3.85309 16.5624 
v -6.20749 4.00094 16.4783 
v -5.63159 3.7296 16.5733 
v -5.91954 3.85309 16.5624 
v -6.20749 3.9405 16.5321 
v -6.44453 3.99115 16.4783 
v -5.91954 3.7296 16.5733 
v -5.63159 3.52604 16.5733 
v -6.20749 3.85309 16.5624 
v -6.44453 3.93072 16.5321 
v -6.63282 3.9696 16.4783 
v -5.91954 3.52604 16.5733 
v -5.63159 3.35152 16.5733 
v -5.91954 3.35152 16.5733 
v -6.20749 3.7296 16.5733 
v -6.20749 3.52604 16.5733 
v -6.44453 3.8433 16.5624 
v -6.44453 3.71981 16.5733 
v -6.20749 3.35152 16.5733 
v -5.91954 3.14759 16.5733 
v -6.44453 3.52097 16.5733 
v -6.20749 3.14759 16.5733 
v -5.91954 2.94184 16.5733 
v -6.20749 2.94184 16.5733 
v -6.44453 3.35152 16.5733 
v -6.44453 3.14759 16.5733 
v -6.44453 2.94184 16.5733 
v -6.63282 3.14759 16.5733 
v -6.63282 2.94184 16.5733 
v -6.80061 3.14759 16.5733 
v -6.80061 2.94184 16.5733 
v -6.80061 3.35152 16.5733 
v -6.63282 3.35152 16.5733 
v -6.80061 3.49264 16.5733 
v -6.63282 3.50982 16.5733 
v -6.80061 3.66504 16.5733 
v -6.63282 3.69826 16.5733 
v -6.80061 3.78851 16.5624 
v -6.63282 3.82174 16.5624 
v -6.80061 3.87594 16.5321 
v -6.63282 3.90916 16.5321 
v -6.80061 3.93637 16.4783 
v -5.20626 3.14759 16.5733 
v -5.20626 2.94184 16.5733 
v -5.03847 2.94184 16.5733 
v -5.03847 3.14759 16.5733 
v -5.39455 3.14759 16.5733 
v -5.39455 2.94184 16.5733 
v -5.20626 3.35152 16.5733 
v -5.03847 3.35152 16.5733 
v -5.03847 3.49264 16.5733 
v -5.39455 3.35152 16.5733 
v -5.20626 3.50982 16.5733 
v -5.03847 3.66504 16.5733 
v -5.63159 3.14759 16.5733 
v -5.63159 2.94184 16.5733 
v -5.20626 3.69826 16.5733 
v -5.39455 3.52097 16.5733 
v -5.03847 3.78851 16.5624 
v -5.20626 3.82174 16.5624 
v -5.03847 3.87594 16.5321 
v -5.39455 3.71981 16.5733 
v -5.20626 3.90916 16.5321 
v -5.03847 3.93637 16.4783 
v -5.20626 3.9696 16.4783 
v -5.39455 3.8433 16.5624 
v -5.39455 3.93072 16.5321 
v -5.20626 2.94184 16.5733 
v -5.20609 2.8169 16.5457 
v -5.14994 2.8169 16.5457 
v -5.39455 2.94184 16.5733 
v -5.03847 2.94184 16.5733 
v -5.11199 2.80178 16.5111 
v -5 2.94184 16.5387 
v -5.39457 2.8169 16.5457 
v -5.63159 2.94184 16.5733 
v -5.63158 2.8169 16.5457 
v -5.91954 2.94184 16.5733 
v -5.91954 2.8169 16.5457 
v -6.20749 2.94184 16.5733 
v -6.2075 2.8169 16.5457 
v -6.44453 2.94184 16.5733 
v -6.44451 2.8169 16.5457 
v -6.63282 2.94184 16.5733 
v -6.63299 2.8169 16.5457 
v -6.68914 2.8169 16.5457 
v -6.80061 2.94184 16.5733 
v -6.72709 2.80178 16.5111 
v -6.83908 2.94184 16.5387 
v -5.91954 2.93281 15.5811 
v -5.63158 2.93281 15.5811 
v -5.63158 2.68074 15.5811 
v -5.91954 2.68032 15.5811 
v -5.39458 2.68109 15.5811 
v -6.20749 2.93281 15.5811 
v -5.39458 2.93281 15.5811 
v -6.20749 2.6799 15.5811 
v -5.20604 2.91972 15.5811 
v -6.4445 2.93281 15.5811 
v -5.20604 2.68136 15.5811 
v -5.14994 2.90369 15.5811 
v -5.14994 2.68144 15.5811 
v -6.4445 2.67955 15.5811 
v -6.63304 2.91972 15.5811 
v -6.63304 2.67927 15.5811 
v -6.68914 2.90369 15.5811 
v -6.68914 2.67919 15.5811 
v -5.91954 2.68032 15.5811 
v -5.63158 2.68074 15.5811 
v -5.63158 2.38691 15.5811 
v -5.39458 2.38695 15.5811 
v -5.91954 2.38687 15.5811 
v -5.39458 2.68109 15.5811 
v -6.20749 2.6799 15.5811 
v -5.20604 2.38697 15.5811 
v -6.20749 2.38683 15.5811 
v -5.20604 2.68136 15.5811 
v -5.14994 2.38698 15.5811 
v -5.14994 2.68144 15.5811 
v -6.4445 2.67955 15.5811 
v -6.4445 2.3868 15.5811 
v -6.63304 2.67927 15.5811 
v -6.63304 2.38677 15.5811 
v -6.68914 2.67919 15.5811 
v -6.68914 2.38676 15.5811 
v -5.14994 2.8169 16.5457 
v -5.20609 2.8169 16.5457 
v -5.20609 2.68136 16.5457 
v -5.14994 2.68144 16.5457 
v -5.20609 2.38697 16.5457 
v -5.14994 2.38698 16.5457 
v -5.39457 2.38695 16.5457 
v -5.39457 2.68109 16.5457 
v -5.39457 2.8169 16.5457 
v -5.63158 2.38691 16.5457 
v -5.63158 2.68074 16.5457 
v -5.63158 2.8169 16.5457 
v -5.91954 2.38687 16.5457 
v -5.91954 2.68032 16.5457 
v -5.91954 2.8169 16.5457 
v -6.2075 2.38683 16.5457 
v -6.2075 2.6799 16.5457 
v -6.2075 2.8169 16.5457 
v -6.44451 2.3868 16.5457 
v -6.44451 2.67955 16.5457 
v -6.44451 2.8169 16.5457 
v -6.63299 2.38677 16.5457 
v -6.63299 2.67927 16.5457 
v -6.68914 2.38676 16.5457 
v -6.63299 2.8169 16.5457 
v -6.68914 2.67919 16.5457 
v -6.68914 2.8169 16.5457 
v -5.63159 3.00631 15.5305 
v -5.63158 2.93281 15.5811 
v -5.91954 2.93281 15.5811 
v -5.39456 3.00322 15.5305 
v -5.91954 3.00631 15.5305 
v -5.39458 2.93281 15.5811 
v -6.20749 2.93281 15.5811 
v -5.2062 2.99855 15.5305 
v -6.20748 3.00631 15.5305 
v -5.20604 2.91972 15.5811 
v -6.4445 2.93281 15.5811 
v -5.14994 2.90369 15.5811 
v -6.44452 3.00322 15.5305 
v -5.03847 2.9816 15.5305 
v -5 2.94185 15.5626 
v -5.11199 2.80178 15.6132 
v -6.63288 2.99855 15.5305 
v -6.63304 2.91972 15.5811 
v -6.68914 2.90369 15.5811 
v -6.80061 2.9816 15.5305 
v -6.83908 2.94185 15.5626 
v -6.72708 2.80178 15.6132 

vn 0.645669 -0.125984 0.755906 
vn 0.653543 -0.133858 0.740157 
vn 0.637795 -0.307087 0.708661 
vn 0.637795 -0.291339 0.708661 
vn 0.669291 -0.614173 0.425197 
vn 0.669291 -0.645669 0.370079 
vn 0.622047 -0.771654 0.133858 
vn 0.629921 -0.771654 0.11811 
vn 0.661417 -0.755906 -0.00787402 
vn 0.661417 -0.755906 -0.00787402 
vn 0.622047 -0.771654 -0.11811 
vn 0.622047 -0.771654 -0.11811 
vn 0.590551 -0.700787 -0.401575 
vn 0.590551 -0.708661 -0.385827 
vn 0.606299 -0.433071 -0.669291 
vn 0.606299 -0.440945 -0.661417 
vn 0.606299 -0.275591 -0.748031 
vn 0.606299 -0.283465 -0.740157 
vn -0.645669 -0.125984 0.755906 
vn -0.645669 -0.291339 0.708661 
vn -0.645669 -0.307087 0.700787 
vn -0.653543 -0.133858 0.740157 
vn -0.677165 -0.606299 0.417323 
vn -0.685039 -0.637795 0.362205 
vn -0.645669 -0.755906 0.125984 
vn -0.645669 -0.755906 0.110236 
vn -0.677165 -0.732283 -0.00787402 
vn -0.677165 -0.732283 -0.00787402 
vn -0.637795 -0.755906 -0.11811 
vn -0.645669 -0.755906 -0.110236 
vn -0.606299 -0.692913 -0.393701 
vn -0.606299 -0.700787 -0.377953 
vn -0.606299 -0.433071 -0.661417 
vn -0.614173 -0.440945 -0.653543 
vn -0.606299 -0.283465 -0.748031 
vn -0.606299 -0.283465 -0.740157 
vn 0.614173 -0.0787402 -0.787402 
vn 0.566929 -0.102362 -0.811024 
vn 0.574803 -0.110236 -0.811024 
vn 0.622047 -0.0472441 -0.779528 
vn 0.637795 0.015748 -0.771654 
vn 0.637795 0.015748 -0.76378 
vn 0.637795 0.0866142 -0.76378 
vn 0.637795 0.0866142 -0.76378 
vn 0.622047 0.220472 -0.748031 
vn 0.622047 0.244094 -0.740157 
vn 0.637795 0.393701 -0.661417 
vn 0.637795 0.393701 -0.661417 
vn 0.637795 0.543307 -0.551181 
vn 0.637795 0.543307 -0.543307 
vn 0.480315 0.858268 -0.181102 
vn 0.606299 0.771654 -0.204724 
vn -0.614173 -0.0787402 -0.787402 
vn -0.622047 -0.0472441 -0.779528 
vn -0.574803 -0.110236 -0.811024 
vn -0.566929 -0.102362 -0.811024 
vn -0.637795 0.015748 -0.771654 
vn -0.637795 0.015748 -0.76378 
vn -0.637795 0.0866142 -0.76378 
vn -0.637795 0.0866142 -0.76378 
vn -0.622047 0.220472 -0.748031 
vn -0.622047 0.244094 -0.740157 
vn -0.637795 0.393701 -0.661417 
vn -0.637795 0.393701 -0.661417 
vn -0.637795 0.543307 -0.551181 
vn -0.637795 0.543307 -0.543307 
vn -0.480315 0.858268 -0.181102 
vn -0.606299 0.771654 -0.204724 
vn -0.543307 0.84252 0 
vn -0.338583 0.937008 0 
vn -0.480315 0.858268 -0.181102 
vn -0.606299 0.771654 -0.204724 
vn -0.15748 0.984252 0 
vn -0.15748 0.984252 0 
vn -0.0787402 1 0 
vn -0.0787402 1 0 
vn -0.023622 1 0 
vn -0.023622 1 0 
vn 0 1 0 
vn 0 1 0 
vn 0.023622 1 0 
vn 0.023622 1 0 
vn 0.0787402 1 0 
vn 0.0787402 1 0 
vn 0.15748 0.984252 0 
vn 0.15748 0.984252 0 
vn 0.338583 0.937008 0 
vn 0.480315 0.858268 -0.181102 
vn 0.543307 0.84252 0 
vn 0.606299 0.771654 -0.204724 
vn 0.669291 0 0.740157 
vn 0.669291 0 0.740157 
vn 0.669291 0 0.740157 
vn 0.669291 0 0.740157 
vn 0.669291 0 0.740157 
vn 0.669291 0 0.740157 
vn 0.669291 0 0.740157 
vn 0.669291 0 0.740157 
vn 0.669291 0.0314961 0.740157 
vn 0.669291 0.0314961 0.740157 
vn 0.661417 0.149606 0.732283 
vn 0.669291 0.173228 0.724409 
vn 0.669291 0.370079 0.637795 
vn 0.677165 0.401575 0.614173 
vn 0.661417 0.503937 0.559055 
vn 0.669291 0.503937 0.551181 
vn -0.669291 0 0.740157 
vn -0.669291 0 0.740157 
vn -0.669291 0 0.740157 
vn -0.669291 0 0.740157 
vn -0.669291 0 0.740157 
vn -0.669291 0 0.740157 
vn -0.669291 0 0.740157 
vn -0.669291 0 0.740157 
vn -0.669291 0.0314961 0.740157 
vn -0.669291 0.0314961 0.740157 
vn -0.661417 0.149606 0.732283 
vn -0.669291 0.173228 0.724409 
vn -0.669291 0.370079 0.637795 
vn -0.677165 0.401575 0.614173 
vn -0.661417 0.503937 0.559055 
vn -0.669291 0.503937 0.551181 
vn 1 0 0 
vn 1 0 0 
vn 1 0 0 
vn 1 0 0 
vn 1 0 0 
vn 1 0 0 
vn 1 0 0 
vn 1 0 0 
vn 1 0 0 
vn 1 0 0 
vn 1 0 0 
vn 1 0 0 
vn 1 0 0 
vn 1 0 0 
vn 1 0 0 
vn 1 0 0 
vn -1 0 0 
vn -1 0 0 
vn -1 0 0 
vn -1 0 0 
vn -1 0 0 
vn -1 0 0 
vn -1 0 0 
vn -1 0 0 
vn -1 0 0 
vn -1 0 0 
vn -1 0 0 
vn -1 0 0 
vn -1 0 0 
vn -1 0 0 
vn -1 0 0 
vn -1 0 0 
vn 0.677165 0 0.740157 
vn 0.677165 0 0.740157 
vn 0.677165 0 0.740157 
vn 0.677165 0 0.740157 
vn -0.677165 0 0.740157 
vn -0.677165 0 0.740157 
vn -0.677165 0 0.740157 
vn -0.677165 0 0.740157 
vn 0.677165 0 0.740157 
vn 0.677165 0 0.740157 
vn 0.677165 0 0.740157 
vn 0.677165 0 0.740157 
vn -0.677165 0 0.740157 
vn -0.677165 0 0.740157 
vn -0.677165 0 0.740157 
vn -0.677165 0 0.740157 
vn 0.645669 0 -0.76378 
vn 0.645669 0 -0.76378 
vn 0.645669 0 -0.76378 
vn 0.645669 0 -0.76378 
vn -0.645669 0 -0.76378 
vn -0.645669 0 -0.76378 
vn -0.645669 0 -0.76378 
vn -0.645669 0 -0.76378 
vn 0.346457 0 -0.937008 
vn 0.645669 0 -0.76378 
vn 0.645669 0 -0.76378 
vn 0.645669 0 -0.76378 
vn -0.645669 0 -0.76378 
vn -0.346457 0 -0.937008 
vn -0.645669 0 -0.76378 
vn -0.645669 0 -0.76378 
vn 0 -0.984252 -0.165354 
vn 0 -0.984252 -0.165354 
vn 0 -0.874016 -0.480315 
vn 0 -0.984252 -0.165354 
vn 0 -0.984252 -0.165354 
vn 0 -1 0 
vn 0 -1 0 
vn 0 -0.984252 -0.165354 
vn 0 -1 0 
vn 0 -1 0 
vn 0 -1 0 
vn 0 -1 0 
vn 0 -0.984252 0.165354 
vn 0 -0.984252 0.165354 
vn 0 -0.984252 0.165354 
vn 0 -0.984252 0.165354 
vn 0 -0.984252 0.165354 
vn 0 -0.984252 0.165354 
vn 0 -0.984252 0.165354 
vn 0 -0.834646 0.551181 
vn 0 -0.834646 0.551181 
vn 0 -0.834646 0.551181 
vn 0 -0.834646 0.551181 
vn 0 -0.834646 0.551181 
vn 0 -0.401575 0.913386 
vn 0 -0.401575 0.913386 
vn 0 -0.173228 0.984252 
vn 0 -0.173228 0.984252 
vn 0 -0.401575 0.913386 
vn 0 -0.173228 0.984252 
vn 0 -0.401575 0.913386 
vn 0 -0.173228 0.984252 
vn 0 -0.401575 0.913386 
vn 0 -0.173228 0.984252 
vn 0 -0.401575 0.913386 
vn 0 -0.173228 0.984252 
vn 0 -0.834646 0.551181 
vn 0 -0.401575 0.913386 
vn 0 -0.173228 0.984252 
vn 0 -0.834646 0.551181 
vn 0 -0.834646 0.551181 
vn 0 -0.401575 0.913386 
vn 0 -0.401575 0.913386 
vn 0 -0.173228 0.984252 
vn 0 -0.173228 0.984252 
vn 0 -0.354331 -0.937008 
vn 0 -0.354331 -0.937008 
vn 0 -0.551181 -0.834646 
vn 0 -0.551181 -0.834646 
vn 0 -0.354331 -0.937008 
vn 0 -0.551181 -0.834646 
vn 0 -0.354331 -0.937008 
vn 0 -0.551181 -0.834646 
vn 0 -0.354331 -0.937008 
vn 0 -0.551181 -0.834646 
vn 0 -0.354331 -0.937008 
vn 0 -0.874016 -0.480315 
vn 0 -0.874016 -0.480315 
vn 0 -0.984252 -0.165354 
vn 0 -0.874016 -0.480315 
vn 0 -0.984252 -0.165354 
vn 0 -1 0 
vn 0 -0.874016 -0.480315 
vn 0 -0.984252 -0.165354 
vn 0 -1 0 
vn 0 -0.984252 0.165354 
vn 0 -0.984252 0.165354 
vn 0 -0.834646 0.551181 
vn 0 -1 0 
vn 0 -0.984252 -0.165354 
vn 0 -0.874016 -0.480315 
vn 0 -0.551181 -0.834646 
vn 0 -0.354331 -0.937008 
vn 0 -0.874016 -0.480315 
vn 0 -0.551181 -0.834646 
vn 0 -0.354331 -0.937008 
vn 0 -0.551181 -0.834646 
vn 0 -0.354331 -0.937008 
vn 0 -0.551181 -0.834646 
vn 0 -0.874016 -0.480315 
vn 0 -0.874016 -0.480315 
vn 1 0 0 
vn 1 0 0 
vn 1 0 0 
vn 1 0 0 
vn -1 0 0 
vn -1 0 0 
vn -1 0 0 
vn -1 0 0 
vn 1 0 0 
vn 1 0 0 
vn 1 0 0 
vn 1 0 0 
vn -1 0 0 
vn -1 0 0 
vn -1 0 0 
vn -1 0 0 
vn 0.779528 -0.622047 0 
vn 0.779528 -0.622047 0 
vn 0.779528 -0.622047 0 
vn 0.779528 -0.622047 0 
vn -0.779528 -0.622047 0 
vn -0.779528 -0.622047 0 
vn -0.779528 -0.622047 0 
vn -0.779528 -0.622047 0 
vn 1 0 0 
vn 1 0 0 
vn 1 0 0 
vn 1 0 0 
vn 1 0 0 
vn 1 0 0 
vn 1 0 0 
vn 1 0 0 
vn 1 0 0 
vn -1 0 0 
vn -1 0 0 
vn -1 0 0 
vn -1 0 0 
vn -1 0 0 
vn -1 0 0 
vn -1 0 0 
vn -1 0 0 
vn -1 0 0 
vn -1 0 0 
vn -1 0 0 
vn -1 0 0 
vn 0.015748 0.811024 -0.582677 
vn 0.015748 0.708661 -0.708661 
vn 0 0.708661 -0.708661 
vn 0 0.503937 -0.858268 
vn 0 0.811024 -0.582677 
vn 0 0.0944882 -0.992126 
vn 0 0.015748 -1 
vn 0 0.015748 -1 
vn -0.015748 0.708661 -0.708661 
vn -0.015748 0.811024 -0.582677 
vn -0.0629921 0.811024 -0.582677 
vn -0.00787402 0.503937 -0.858268 
vn -0.0551181 0.708661 -0.700787 
vn -0.125984 0.80315 -0.582677 
vn -0.00787402 0.283465 -0.96063 
vn 0 0.283465 -0.96063 
vn -0.0393701 0.503937 -0.858268 
vn -0.110236 0.700787 -0.700787 
vn -0.15748 0.80315 -0.582677 
vn -0.133858 0.692913 -0.708661 
vn -0.0787402 0.503937 -0.858268 
vn -0.0944882 0.496063 -0.866142 
vn -0.023622 0.283465 -0.96063 
vn -0.0472441 0.291339 -0.952756 
vn -0.0472441 0.275591 -0.96063 
vn 0 0.0944882 -0.992126 
vn -0.00787402 0.0944882 -0.992126 
vn -0.00787402 0.102362 -0.992126 
vn -0.00787402 0.110236 -0.992126 
vn 0 0.015748 -1 
vn 0 0.015748 -1 
vn 0 0.023622 -1 
vn 0 -0.0866142 -1 
vn 0 -0.0866142 -1 
vn 0.00787402 -0.0866142 -1 
vn 0.00787402 -0.149606 -0.992126 
vn 0.015748 -0.141732 -0.992126 
vn 0 -0.149606 -0.992126 
vn 0 -0.149606 -0.992126 
vn 0 -0.0866142 -1 
vn 0 -0.0866142 -1 
vn 0 -0.0866142 -1 
vn 0 -0.149606 -0.992126 
vn 0 -0.149606 -0.992126 
vn 0 -0.0866142 -1 
vn 0 -0.149606 -0.992126 
vn 0 0.015748 -1 
vn 0 0.015748 -1 
vn 0 -0.0866142 -1 
vn -0.00787402 -0.149606 -0.992126 
vn -0.00787402 -0.0866142 -1 
vn -0.015748 -0.141732 -0.992126 
vn 0 0.023622 -1 
vn 0 0.015748 -1 
vn 0.00787402 0.110236 -0.992126 
vn 0.00787402 0.102362 -0.992126 
vn 0.0472441 0.275591 -0.96063 
vn 0.00787402 0.0944882 -0.992126 
vn 0.0472441 0.291339 -0.952756 
vn 0.0944882 0.496063 -0.866142 
vn 0.0787402 0.503937 -0.858268 
vn 0.133858 0.692913 -0.708661 
vn 0.023622 0.283465 -0.96063 
vn 0 0.0944882 -0.992126 
vn 0.110236 0.700787 -0.700787 
vn 0.15748 0.80315 -0.582677 
vn 0.125984 0.80315 -0.582677 
vn 0.0393701 0.503937 -0.858268 
vn 0.0551181 0.708661 -0.700787 
vn 0.0629921 0.811024 -0.582677 
vn 0.00787402 0.283465 -0.96063 
vn 0.00787402 0.503937 -0.858268 
vn 0 -0.787402 -0.614173 
vn 0 -0.787402 -0.614173 
vn 0 -0.787402 -0.614173 
vn 0 -0.795276 -0.614173 
vn 0 -0.787402 -0.614173 
vn 0 -0.795276 -0.606299 
vn 0 -0.787402 -0.614173 
vn 0 -0.795276 -0.606299 
vn 0 -0.787402 -0.614173 
vn 0 -0.795276 -0.606299 
vn 0 -0.787402 -0.622047 
vn 0.102362 -0.850394 -0.519685 
vn 0 -0.787402 -0.622047 
vn 0.19685 -0.88189 -0.425197 
vn 0 -0.787402 -0.622047 
vn 0.393701 -0.905512 -0.15748 
vn 0 -0.779528 -0.622047 
vn 0.377953 -0.905512 -0.188976 
vn -0.204724 -0.88189 -0.433071 
vn 0.401575 -0.905512 0.149606 
vn -0.102362 -0.84252 -0.527559 
vn 0.377953 -0.905512 0.181102 
vn -0.385827 -0.897638 -0.19685 
vn 0.110236 -0.850394 0.511811 
vn -0.409449 -0.897638 -0.165354 
vn 0.204724 -0.889764 0.409449 
vn -0.393701 -0.897638 0.188976 
vn 0 -0.795276 0.606299 
vn -0.409449 -0.897638 0.15748 
vn 0 -0.795276 0.606299 
vn -0.204724 -0.88189 0.425197 
vn 0 -0.795276 0.606299 
vn -0.110236 -0.84252 0.527559 
vn 0 -0.795276 0.606299 
vn 0 -0.787402 0.622047 
vn 0 -0.787402 0.614173 
vn 0 -0.787402 0.622047 
vn 0 -0.787402 0.614173 
vn 0 -0.787402 0.622047 
vn 0 -0.787402 0.614173 
vn 0 -0.787402 0.622047 
vn 0 -0.787402 0.614173 
vn 0 -0.787402 0.614173 
vn 0 -0.787402 0.614173 
vn 0.0472441 0.661417 0.748031 
vn 0.015748 0.661417 0.748031 
vn 0.00787402 0.503937 0.858268 
vn 0 0.661417 0.748031 
vn 0 0.503937 0.866142 
vn 0.00787402 0.212598 0.976378 
vn -0.015748 0.661417 0.748031 
vn 0 0.0472441 1 
vn 0 0.212598 0.976378 
vn -0.00787402 0.503937 0.858268 
vn -0.0472441 0.661417 0.748031 
vn 0 0.0472441 1 
vn 0 0 1 
vn -0.00787402 0.212598 0.976378 
vn -0.0393701 0.511811 0.858268 
vn -0.102362 0.661417 0.740157 
vn 0 0 1 
vn 0 0 1 
vn 0 0 1 
vn 0 0.0472441 1 
vn 0 0 1 
vn -0.015748 0.212598 0.976378 
vn 0 0.0472441 1 
vn 0 0 1 
vn 0 0 1 
vn 0 0 1 
vn 0 0 1 
vn 0 0 1 
vn 0 0 1 
vn 0 0 1 
vn 0 0 1 
vn 0 0 1 
vn 0 0 1 
vn 0 0 1 
vn 0 0 1 
vn 0 0 1 
vn 0 0 1 
vn 0 0 1 
vn 0 0 1 
vn 0 0 1 
vn -0.00787402 0.0393701 1 
vn -0.00787402 0.0472441 1 
vn -0.0393701 0.19685 0.976378 
vn -0.0314961 0.212598 0.976378 
vn -0.0944882 0.488189 0.866142 
vn -0.0787402 0.503937 0.858268 
vn -0.133858 0.661417 0.740157 
vn 0 0 1 
vn 0 0 1 
vn 0 0 1 
vn 0 0 1 
vn 0 0 1 
vn 0 0 1 
vn 0 0 1 
vn 0 0 1 
vn 0 0 1 
vn 0 0 1 
vn 0 0 1 
vn 0.00787402 0.0393701 1 
vn 0 0 1 
vn 0 0 1 
vn 0.00787402 0.0472441 1 
vn 0 0 1 
vn 0.0393701 0.19685 0.976378 
vn 0.0314961 0.212598 0.976378 
vn 0.0944882 0.488189 0.866142 
vn 0 0.0472441 1 
vn 0.0787402 0.503937 0.858268 
vn 0.133858 0.661417 0.740157 
vn 0.102362 0.661417 0.740157 
vn 0.015748 0.212598 0.976378 
vn 0.0393701 0.511811 0.858268 
vn 0 -0.212598 0.976378 
vn 0 -0.212598 0.976378 
vn 0.173228 -0.354331 0.913386 
vn 0 -0.212598 0.976378 
vn 0.393701 -0.480315 0.779528 
vn 0.456693 -0.551181 0.700787 
vn 0.551181 -0.566929 0.614173 
vn 0 -0.212598 0.976378 
vn 0 -0.212598 0.976378 
vn 0 -0.212598 0.976378 
vn 0 -0.212598 0.976378 
vn 0 -0.212598 0.976378 
vn 0 -0.212598 0.976378 
vn 0 -0.212598 0.976378 
vn 0 -0.212598 0.976378 
vn 0 -0.212598 0.976378 
vn 0 -0.212598 0.976378 
vn 0 -0.212598 0.976378 
vn -0.173228 -0.354331 0.913386 
vn -0.393701 -0.480315 0.779528 
vn -0.456693 -0.551181 0.700787 
vn -0.551181 -0.566929 0.614173 
vn 0 0 -1 
vn 0 0 -1 
vn 0 0 -1 
vn 0 0 -1 
vn 0 0 -1 
vn 0 0 -1 
vn 0 0 -1 
vn 0 0 -1 
vn 0 0 -1 
vn 0 0 -1 
vn 0 0 -1 
vn 0 0 -1 
vn 0.346457 0 -0.937008 
vn 0 0 -1 
vn 0 0 -1 
vn 0 0 -1 
vn 0 0 -1 
vn -0.346457 0 -0.937008 
vn 0 0 -1 
vn 0 0 -1 
vn 0 0 -1 
vn 0 0 -1 
vn 0 0 -1 
vn 0 0 -1 
vn 0 0 -1 
vn 0 0 -1 
vn 0 0 -1 
vn 0 0 -1 
vn 0 0 -1 
vn 0 0 -1 
vn 0 0 -1 
vn 0 0 -1 
vn 0 0 -1 
vn 0 0 -1 
vn 0 0 -1 
vn 0 0 -1 
vn 0 0 1 
vn 0 0 1 
vn 0 0 1 
vn 0 0 1 
vn 0 0 1 
vn 0 0 1 
vn 0 0 1 
vn 0 0 1 
vn 0 0 1 
vn 0 0 1 
vn 0 0 1 
vn 0 0 1 
vn 0 0 1 
vn 0 0 1 
vn 0 0 1 
vn 0 0 1 
vn 0 0 1 
vn 0 0 1 
vn 0 0 1 
vn 0 0 1 
vn 0 0 1 
vn 0 0 1 
vn 0 0 1 
vn 0 0 1 
vn 0 0 1 
vn 0 0 1 
vn 0 0 1 
vn 0 -0.566929 -0.826772 
vn 0 -0.566929 -0.818898 
vn 0 -0.566929 -0.826772 
vn -0.00787402 -0.582677 -0.811024 
vn 0 -0.566929 -0.826772 
vn -0.00787402 -0.574803 -0.818898 
vn 0 -0.566929 -0.826772 
vn -0.0551181 -0.527559 -0.84252 
vn 0 -0.566929 -0.818898 
vn -0.102362 -0.535433 -0.834646 
vn 0.015748 -0.574803 -0.818898 
vn -0.0551181 -0.448819 -0.889764 
vn 0.00787402 -0.582677 -0.811024 
vn 0.015748 -0.559055 -0.826772 
vn 0.023622 -0.503937 -0.866142 
vn -0.0393701 -0.314961 -0.952756 
vn 0.0551181 -0.527559 -0.84252 
vn 0.102362 -0.535433 -0.834646 
vn 0.0551181 -0.448819 -0.889764 
vn -0.015748 -0.559055 -0.826772 
vn -0.023622 -0.503937 -0.866142 
vn 0.0393701 -0.314961 -0.952756 

vt 0.151032 0.883388 
vt 0.152451 0.881722 
vt 0.152451 0.882661 
vt 0.151032 0.884033 
vt 0.152451 0.8864 
vt 0.151032 0.887732 
vt 0.152451 0.893309 
vt 0.151032 0.894021 
vt 0.152451 0.904919 
vt 0.151032 0.90498 
vt 0.152451 0.914159 
vt 0.151032 0.913947 
vt 0.151032 0.920703 
vt 0.152451 0.92126 
vt 0.151032 0.924667 
vt 0.152451 0.925846 
vt 0.151032 0.926572 
vt 0.152451 0.928115 
vt 0.211417 0.883388 
vt 0.211417 0.884033 
vt 0.209998 0.882661 
vt 0.209998 0.881722 
vt 0.209998 0.8864 
vt 0.211417 0.887732 
vt 0.209998 0.893309 
vt 0.211417 0.894021 
vt 0.209998 0.904919 
vt 0.211417 0.90498 
vt 0.209998 0.914159 
vt 0.211417 0.913947 
vt 0.211417 0.920703 
vt 0.209998 0.92126 
vt 0.211417 0.924667 
vt 0.209998 0.925846 
vt 0.211417 0.926572 
vt 0.209998 0.928115 
vt 0.00255646 0.782619 
vt 0.00255646 0.761853 
vt 0.00587313 0.766381 
vt 0.00600874 0.782619 
vt 0.00255646 0.802795 
vt 0.00607292 0.802795 
vt 0.00615439 0.817031 
vt 0.00255646 0.817031 
vt 0.00627383 0.830067 
vt 0.00255646 0.830067 
vt 0.0060891 0.842648 
vt 0.00255646 0.842648 
vt 0.00255646 0.855485 
vt 0.00581005 0.855485 
vt 0.00489426 0.869302 
vt 0.00255646 0.869302 
vt 0.142055 0.782619 
vt 0.138717 0.782619 
vt 0.13895 0.766381 
vt 0.142055 0.764118 
vt 0.142055 0.802795 
vt 0.138534 0.802795 
vt 0.138373 0.817032 
vt 0.142055 0.817032 
vt 0.138191 0.830067 
vt 0.142055 0.830067 
vt 0.138206 0.842648 
vt 0.142055 0.842648 
vt 0.142055 0.855485 
vt 0.138286 0.855485 
vt 0.138822 0.869302 
vt 0.142055 0.869302 
vt 0.141302 0.981497 
vt 0.13791 0.981497 
vt 0.13791 0.870631 
vt 0.141306 0.870631 
vt 0.125224 0.981497 
vt 0.12523 0.870631 
vt 0.11117 0.981497 
vt 0.111169 0.870631 
vt 0.0935762 0.981497 
vt 0.0935762 0.870631 
vt 0.0722214 0.981497 
vt 0.0722214 0.870631 
vt 0.0508666 0.981497 
vt 0.0508677 0.870631 
vt 0.0332736 0.981497 
vt 0.0332736 0.870631 
vt 0.0192185 0.981497 
vt 0.0192141 0.870631 
vt 0.00653268 0.981497 
vt 0.00653376 0.870631 
vt 0.00314114 0.981497 
vt 0.00313671 0.870631 
vt 0.349834 0.782619 
vt 0.349754 0.764118 
vt 0.351447 0.764118 
vt 0.351447 0.782619 
vt 0.349714 0.802795 
vt 0.351447 0.802795 
vt 0.349583 0.817032 
vt 0.351447 0.817032 
vt 0.349305 0.830067 
vt 0.351447 0.830067 
vt 0.349084 0.842648 
vt 0.351447 0.842648 
vt 0.34906 0.855485 
vt 0.351447 0.855485 
vt 0.349448 0.869302 
vt 0.351447 0.869302 
vt 0.212104 0.782619 
vt 0.212104 0.764118 
vt 0.214741 0.764118 
vt 0.214562 0.782619 
vt 0.212104 0.802795 
vt 0.214575 0.802795 
vt 0.212104 0.817032 
vt 0.214626 0.817032 
vt 0.212104 0.830067 
vt 0.214779 0.830067 
vt 0.214914 0.842648 
vt 0.212104 0.842648 
vt 0.214889 0.855485 
vt 0.212104 0.855485 
vt 0.214514 0.869302 
vt 0.212104 0.869302 
vt 0.351426 0.782619 
vt 0.351426 0.761853 
vt 0.421048 0.761853 
vt 0.421048 0.782619 
vt 0.351426 0.802795 
vt 0.421048 0.802795 
vt 0.421048 0.817031 
vt 0.351426 0.817031 
vt 0.421048 0.830067 
vt 0.351426 0.830067 
vt 0.421048 0.842648 
vt 0.351426 0.842648 
vt 0.421048 0.855485 
vt 0.351426 0.855485 
vt 0.421048 0.869302 
vt 0.351426 0.869302 
vt 0.212104 0.782619 
vt 0.142055 0.782619 
vt 0.142055 0.764118 
vt 0.212104 0.764118 
vt 0.142055 0.802795 
vt 0.212104 0.802795 
vt 0.142055 0.817032 
vt 0.212104 0.817032 
vt 0.142055 0.830067 
vt 0.212104 0.830067 
vt 0.142055 0.842648 
vt 0.212104 0.842648 
vt 0.142055 0.855485 
vt 0.212104 0.855485 
vt 0.142055 0.869302 
vt 0.212104 0.869302 
vt 0.351447 0.745573 
vt 0.34637 0.745573 
vt 0.346387 0.731841 
vt 0.351447 0.732963 
vt 0.217871 0.731612 
vt 0.217788 0.745573 
vt 0.212104 0.745573 
vt 0.212104 0.732715 
vt 0.351447 0.732963 
vt 0.346387 0.731841 
vt 0.346425 0.702009 
vt 0.351447 0.702111 
vt 0.217871 0.731612 
vt 0.212104 0.732715 
vt 0.212104 0.702089 
vt 0.218048 0.701989 
vt 0.0107962 0.732955 
vt 0.0107903 0.756253 
vt 0.00255646 0.745573 
vt 0.00255646 0.732963 
vt 0.142055 0.745573 
vt 0.13552 0.758161 
vt 0.135693 0.733842 
vt 0.142055 0.732715 
vt 0.0107962 0.732955 
vt 0.00255646 0.732963 
vt 0.00255646 0.702111 
vt 0.0108041 0.70211 
vt 0.142055 0.732715 
vt 0.135693 0.733842 
vt 0.135918 0.702191 
vt 0.142055 0.702088 
vt 0.2079 0.914159 
vt 0.209998 0.914159 
vt 0.209998 0.92126 
vt 0.19199 0.914159 
vt 0.181224 0.914159 
vt 0.181224 0.904919 
vt 0.170458 0.904919 
vt 0.200851 0.914159 
vt 0.19199 0.904919 
vt 0.200851 0.904919 
vt 0.207899 0.904919 
vt 0.209998 0.904919 
vt 0.170458 0.893309 
vt 0.161597 0.893309 
vt 0.181224 0.893309 
vt 0.19199 0.893309 
vt 0.200852 0.893309 
vt 0.207899 0.893309 
vt 0.209998 0.893309 
vt 0.207899 0.8864 
vt 0.209998 0.8864 
vt 0.200852 0.8864 
vt 0.19199 0.8864 
vt 0.181224 0.8864 
vt 0.207899 0.882661 
vt 0.209998 0.882661 
vt 0.209998 0.881722 
vt 0.207898 0.881722 
vt 0.200852 0.882661 
vt 0.200852 0.881722 
vt 0.19199 0.882661 
vt 0.19199 0.881722 
vt 0.181224 0.882661 
vt 0.181224 0.881722 
vt 0.170458 0.882661 
vt 0.170458 0.881722 
vt 0.170458 0.8864 
vt 0.161597 0.882661 
vt 0.161597 0.881722 
vt 0.161597 0.8864 
vt 0.154549 0.8864 
vt 0.15455 0.882661 
vt 0.152451 0.882661 
vt 0.15455 0.881722 
vt 0.152451 0.881722 
vt 0.181224 0.928115 
vt 0.170458 0.928115 
vt 0.170458 0.925846 
vt 0.161597 0.925846 
vt 0.161597 0.928115 
vt 0.181224 0.925846 
vt 0.19199 0.928115 
vt 0.154548 0.925846 
vt 0.154548 0.928115 
vt 0.152451 0.925846 
vt 0.152451 0.928115 
vt 0.152451 0.92126 
vt 0.154549 0.92126 
vt 0.152451 0.914159 
vt 0.161597 0.92126 
vt 0.154549 0.914159 
vt 0.152451 0.904919 
vt 0.170458 0.92126 
vt 0.161597 0.914159 
vt 0.154549 0.904919 
vt 0.152451 0.893309 
vt 0.154549 0.893309 
vt 0.152451 0.8864 
vt 0.161597 0.904919 
vt 0.170458 0.914159 
vt 0.181224 0.92126 
vt 0.19199 0.925846 
vt 0.200851 0.928115 
vt 0.19199 0.92126 
vt 0.200851 0.925846 
vt 0.2079 0.928115 
vt 0.2079 0.925846 
vt 0.209998 0.928115 
vt 0.209998 0.925846 
vt 0.200851 0.92126 
vt 0.2079 0.92126 
vt 0.421048 0.745573 
vt 0.351426 0.745573 
vt 0.351426 0.732963 
vt 0.421048 0.732963 
vt 0.212104 0.745573 
vt 0.142055 0.745573 
vt 0.142055 0.732715 
vt 0.212104 0.732715 
vt 0.421048 0.732963 
vt 0.351426 0.732963 
vt 0.351426 0.702111 
vt 0.421048 0.702111 
vt 0.212104 0.732715 
vt 0.142055 0.732715 
vt 0.142055 0.702088 
vt 0.212104 0.702089 
vt 0.351426 0.761853 
vt 0.351426 0.745573 
vt 0.421048 0.745573 
vt 0.421048 0.761853 
vt 0.212104 0.764118 
vt 0.142055 0.764118 
vt 0.142055 0.745573 
vt 0.212104 0.745573 
vt 0.151032 0.926572 
vt 0.151032 0.883388 
vt 0.151032 0.884033 
vt 0.151032 0.924667 
vt 0.151032 0.887732 
vt 0.151032 0.920703 
vt 0.151032 0.913947 
vt 0.151032 0.894021 
vt 0.151032 0.90498 
vt 0.211417 0.926572 
vt 0.211417 0.924667 
vt 0.211417 0.884033 
vt 0.211417 0.883388 
vt 0.211417 0.887732 
vt 0.211417 0.920703 
vt 0.211417 0.913947 
vt 0.211417 0.894021 
vt 0.211417 0.90498 
vt 0.211417 0.920703 
vt 0.211417 0.913947 
vt 0.211417 0.887732 
vt 0.0496889 0.869302 
vt 0.0500433 0.855485 
vt 0.0715594 0.855485 
vt 0.0716894 0.842648 
vt 0.0714288 0.869302 
vt 0.0719673 0.817032 
vt 0.072132 0.802795 
vt 0.0935253 0.802795 
vt 0.0930995 0.855485 
vt 0.0931882 0.869302 
vt 0.111096 0.869302 
vt 0.093095 0.842648 
vt 0.11075 0.855485 
vt 0.125367 0.869302 
vt 0.0931458 0.830067 
vt 0.0718122 0.830067 
vt 0.11063 0.842648 
vt 0.124687 0.855485 
vt 0.138822 0.869302 
vt 0.138286 0.855485 
vt 0.124454 0.842648 
vt 0.138206 0.842648 
vt 0.110647 0.830067 
vt 0.124477 0.830067 
vt 0.138191 0.830067 
vt 0.0933049 0.817032 
vt 0.110839 0.817032 
vt 0.124737 0.817032 
vt 0.138373 0.817032 
vt 0.111114 0.802795 
vt 0.125057 0.802795 
vt 0.138534 0.802795 
vt 0.111428 0.782619 
vt 0.125458 0.782619 
vt 0.138717 0.782619 
vt 0.125976 0.766381 
vt 0.13895 0.766381 
vt 0.111777 0.766381 
vt 0.0940253 0.766381 
vt 0.0937642 0.782619 
vt 0.0722893 0.782619 
vt 0.0508129 0.782619 
vt 0.0508625 0.766381 
vt 0.0724506 0.766381 
vt 0.0331726 0.782619 
vt 0.0331134 0.766381 
vt 0.0331821 0.802795 
vt 0.0507476 0.802795 
vt 0.019166 0.782619 
vt 0.018945 0.766381 
vt 0.00600874 0.782619 
vt 0.00587313 0.766381 
vt 0.00607292 0.802795 
vt 0.0192625 0.802795 
vt 0.00615439 0.817031 
vt 0.0193373 0.817032 
vt 0.00627383 0.830067 
vt 0.0331631 0.817032 
vt 0.01932 0.830067 
vt 0.0060891 0.842648 
vt 0.0190661 0.842648 
vt 0.00581005 0.855485 
vt 0.0330727 0.830067 
vt 0.0506477 0.817032 
vt 0.0185722 0.855485 
vt 0.00489426 0.869302 
vt 0.0176212 0.869302 
vt 0.0328405 0.842648 
vt 0.0324549 0.855485 
vt 0.0318365 0.869302 
vt 0.0505054 0.830067 
vt 0.05031 0.842648 
vt 0.181224 0.932509 
vt 0.168842 0.932509 
vt 0.170458 0.928115 
vt 0.161597 0.928115 
vt 0.181224 0.928115 
vt 0.15865 0.932509 
vt 0.193607 0.932509 
vt 0.154548 0.928115 
vt 0.19199 0.928115 
vt 0.150542 0.932509 
vt 0.203798 0.932509 
vt 0.152451 0.928115 
vt 0.200851 0.928115 
vt 0.14813 0.932509 
vt 0.211906 0.932509 
vt 0.151032 0.926572 
vt 0.2079 0.928115 
vt 0.146498 0.930673 
vt 0.214318 0.932509 
vt 0.151032 0.883388 
vt 0.209998 0.928115 
vt 0.146498 0.879306 
vt 0.21595 0.930673 
vt 0.152451 0.881722 
vt 0.211417 0.926572 
vt 0.14813 0.877324 
vt 0.21595 0.879306 
vt 0.15455 0.881722 
vt 0.211417 0.883388 
vt 0.150545 0.877324 
vt 0.214318 0.877324 
vt 0.161597 0.881722 
vt 0.209998 0.881722 
vt 0.15865 0.877324 
vt 0.211904 0.877324 
vt 0.170458 0.881722 
vt 0.207898 0.881722 
vt 0.168841 0.877324 
vt 0.203799 0.877324 
vt 0.181224 0.881722 
vt 0.200852 0.881722 
vt 0.181224 0.877324 
vt 0.193607 0.877324 
vt 0.19199 0.881722 
vt 0.32021 0.869302 
vt 0.302624 0.869302 
vt 0.302604 0.855485 
vt 0.28123 0.869302 
vt 0.281276 0.855485 
vt 0.302621 0.842648 
vt 0.259837 0.869302 
vt 0.302665 0.830067 
vt 0.281334 0.842648 
vt 0.259947 0.855485 
vt 0.242244 0.869302 
vt 0.281407 0.830067 
vt 0.302811 0.817032 
vt 0.260039 0.842648 
vt 0.242465 0.855485 
vt 0.228316 0.869302 
vt 0.281524 0.817032 
vt 0.302978 0.802795 
vt 0.281629 0.802795 
vt 0.260131 0.830067 
vt 0.260211 0.817032 
vt 0.242587 0.842648 
vt 0.242678 0.830067 
vt 0.260259 0.802795 
vt 0.281755 0.782619 
vt 0.242695 0.817032 
vt 0.260296 0.782619 
vt 0.281875 0.764118 
vt 0.260301 0.764118 
vt 0.242676 0.802795 
vt 0.242643 0.782619 
vt 0.242536 0.764118 
vt 0.22866 0.782619 
vt 0.22842 0.764118 
vt 0.214562 0.782619 
vt 0.214741 0.764118 
vt 0.214575 0.802795 
vt 0.228712 0.802795 
vt 0.214626 0.817032 
vt 0.2288 0.817032 
vt 0.214779 0.830067 
vt 0.228919 0.830067 
vt 0.214914 0.842648 
vt 0.228895 0.842648 
vt 0.214889 0.855485 
vt 0.228714 0.855485 
vt 0.214514 0.869302 
vt 0.334757 0.782619 
vt 0.335264 0.764118 
vt 0.349754 0.764118 
vt 0.349834 0.782619 
vt 0.320817 0.782619 
vt 0.32122 0.764118 
vt 0.334474 0.802795 
vt 0.349714 0.802795 
vt 0.349583 0.817032 
vt 0.320543 0.802795 
vt 0.334218 0.817032 
vt 0.349305 0.830067 
vt 0.303197 0.782619 
vt 0.303458 0.764118 
vt 0.333887 0.830067 
vt 0.320323 0.817032 
vt 0.349084 0.842648 
vt 0.333773 0.842648 
vt 0.34906 0.855485 
vt 0.320107 0.830067 
vt 0.333848 0.855485 
vt 0.349448 0.869302 
vt 0.334159 0.869302 
vt 0.32005 0.842648 
vt 0.320077 0.855485 
vt 0.335264 0.764118 
vt 0.3359 0.745573 
vt 0.34637 0.745573 
vt 0.32122 0.764118 
vt 0.349754 0.764118 
vt 0.351447 0.745573 
vt 0.351447 0.764118 
vt 0.321489 0.745573 
vt 0.303458 0.764118 
vt 0.303608 0.745573 
vt 0.281875 0.764118 
vt 0.281957 0.745573 
vt 0.260301 0.764118 
vt 0.260318 0.745573 
vt 0.242536 0.764118 
vt 0.242444 0.745573 
vt 0.22842 0.764118 
vt 0.227973 0.745573 
vt 0.217788 0.745573 
vt 0.214741 0.764118 
vt 0.212104 0.745573 
vt 0.212104 0.764118 
vt 0.0725327 0.759168 
vt 0.0508943 0.758891 
vt 0.0510323 0.732648 
vt 0.0727525 0.73276 
vt 0.0331572 0.732632 
vt 0.0941526 0.759589 
vt 0.0331056 0.758798 
vt 0.0944634 0.732952 
vt 0.0188478 0.757685 
vt 0.111936 0.760068 
vt 0.01885 0.732803 
vt 0.0107903 0.756253 
vt 0.0107962 0.732955 
vt 0.112335 0.733183 
vt 0.126259 0.759458 
vt 0.126674 0.733599 
vt 0.13552 0.758161 
vt 0.135693 0.733842 
vt 0.0727525 0.73276 
vt 0.0510323 0.732648 
vt 0.0511931 0.702083 
vt 0.0332174 0.702081 
vt 0.0730078 0.702093 
vt 0.0331572 0.732632 
vt 0.0944634 0.732952 
vt 0.0188526 0.702097 
vt 0.0948232 0.70211 
vt 0.01885 0.732803 
vt 0.0108041 0.70211 
vt 0.0107962 0.732955 
vt 0.112335 0.733183 
vt 0.112796 0.702131 
vt 0.126674 0.733599 
vt 0.127179 0.702169 
vt 0.135693 0.733842 
vt 0.135918 0.702191 
vt 0.34637 0.745573 
vt 0.3359 0.745573 
vt 0.335936 0.731833 
vt 0.346387 0.731841 
vt 0.336013 0.702009 
vt 0.346425 0.702009 
vt 0.321628 0.702006 
vt 0.321533 0.731805 
vt 0.321489 0.745573 
vt 0.303803 0.702003 
vt 0.30367 0.731769 
vt 0.303608 0.745573 
vt 0.282199 0.701999 
vt 0.282034 0.731727 
vt 0.281957 0.745573 
vt 0.260614 0.701995 
vt 0.260413 0.731684 
vt 0.260318 0.745573 
vt 0.242819 0.701992 
vt 0.242564 0.731649 
vt 0.242444 0.745573 
vt 0.228515 0.701989 
vt 0.228147 0.731621 
vt 0.218048 0.701989 
vt 0.227973 0.745573 
vt 0.217871 0.731612 
vt 0.217788 0.745573 
vt 0.0508625 0.766381 
vt 0.0508943 0.758891 
vt 0.0725327 0.759168 
vt 0.0331134 0.766381 
vt 0.0724506 0.766381 
vt 0.0331056 0.758798 
vt 0.0941526 0.759589 
vt 0.018945 0.766381 
vt 0.0940253 0.766381 
vt 0.0188478 0.757685 
vt 0.111936 0.760068 
vt 0.0107903 0.756253 
vt 0.111777 0.766381 
vt 0.00587313 0.766381 
vt 0.00255646 0.761853 
vt 0.00255646 0.745573 
vt 0.125976 0.766381 
vt 0.126259 0.759458 
vt 0.13552 0.758161 
vt 0.13895 0.766381 
vt 0.142055 0.764118 
vt 0.142055 0.745573 

usemtl R15Bacon1Mtl

f 5406/5406/5406 5407/5407/5407 5408/5408/5408 
f 5408/5408/5408 5409/5409/5409 5406/5406/5406 
f 5409/5409/5409 5408/5408/5408 5410/5410/5410 
f 5410/5410/5410 5411/5411/5411 5409/5409/5409 
f 5411/5411/5411 5410/5410/5410 5412/5412/5412 
f 5412/5412/5412 5413/5413/5413 5411/5411/5411 
f 5413/5413/5413 5412/5412/5412 5414/5414/5414 
f 5414/5414/5414 5415/5415/5415 5413/5413/5413 
f 5415/5415/5415 5414/5414/5414 5416/5416/5416 
f 5416/5416/5416 5417/5417/5417 5415/5415/5415 
f 5418/5418/5418 5417/5417/5417 5416/5416/5416 
f 5416/5416/5416 5419/5419/5419 5418/5418/5418 
f 5420/5420/5420 5418/5418/5418 5419/5419/5419 
f 5419/5419/5419 5421/5421/5421 5420/5420/5420 
f 5422/5422/5422 5420/5420/5420 5421/5421/5421 
f 5421/5421/5421 5423/5423/5423 5422/5422/5422 
f 5424/5424/5424 5425/5425/5425 5426/5426/5426 
f 5426/5426/5426 5427/5427/5427 5424/5424/5424 
f 5428/5428/5428 5426/5426/5426 5425/5425/5425 
f 5425/5425/5425 5429/5429/5429 5428/5428/5428 
f 5430/5430/5430 5428/5428/5428 5429/5429/5429 
f 5429/5429/5429 5431/5431/5431 5430/5430/5430 
f 5432/5432/5432 5430/5430/5430 5431/5431/5431 
f 5431/5431/5431 5433/5433/5433 5432/5432/5432 
f 5434/5434/5434 5432/5432/5432 5433/5433/5433 
f 5433/5433/5433 5435/5435/5435 5434/5434/5434 
f 5434/5434/5434 5435/5435/5435 5436/5436/5436 
f 5436/5436/5436 5437/5437/5437 5434/5434/5434 
f 5437/5437/5437 5436/5436/5436 5438/5438/5438 
f 5438/5438/5438 5439/5439/5439 5437/5437/5437 
f 5439/5439/5439 5438/5438/5438 5440/5440/5440 
f 5440/5440/5440 5441/5441/5441 5439/5439/5439 
f 5442/5442/5442 5443/5443/5443 5444/5444/5444 
f 5444/5444/5444 5445/5445/5445 5442/5442/5442 
f 5446/5446/5446 5442/5442/5442 5445/5445/5445 
f 5445/5445/5445 5447/5447/5447 5446/5446/5446 
f 5446/5446/5446 5447/5447/5447 5448/5448/5448 
f 5448/5448/5448 5449/5449/5449 5446/5446/5446 
f 5449/5449/5449 5448/5448/5448 5450/5450/5450 
f 5450/5450/5450 5451/5451/5451 5449/5449/5449 
f 5451/5451/5451 5450/5450/5450 5452/5452/5452 
f 5452/5452/5452 5453/5453/5453 5451/5451/5451 
f 5454/5454/5454 5453/5453/5453 5452/5452/5452 
f 5452/5452/5452 5455/5455/5455 5454/5454/5454 
f 5454/5454/5454 5455/5455/5455 5456/5456/5456 
f 5456/5456/5456 5457/5457/5457 5454/5454/5454 
f 5458/5458/5458 5459/5459/5459 5460/5460/5460 
f 5460/5460/5460 5461/5461/5461 5458/5458/5458 
f 5459/5459/5459 5458/5458/5458 5462/5462/5462 
f 5462/5462/5462 5463/5463/5463 5459/5459/5459 
f 5464/5464/5464 5463/5463/5463 5462/5462/5462 
f 5462/5462/5462 5465/5465/5465 5464/5464/5464 
f 5466/5466/5466 5464/5464/5464 5465/5465/5465 
f 5465/5465/5465 5467/5467/5467 5466/5466/5466 
f 5468/5468/5468 5466/5466/5466 5467/5467/5467 
f 5467/5467/5467 5469/5469/5469 5468/5468/5468 
f 5468/5468/5468 5469/5469/5469 5470/5470/5470 
f 5470/5470/5470 5471/5471/5471 5468/5468/5468 
f 5472/5472/5472 5471/5471/5471 5470/5470/5470 
f 5470/5470/5470 5473/5473/5473 5472/5472/5472 
f 5474/5474/5474 5475/5475/5475 5476/5476/5476 
f 5476/5476/5476 5477/5477/5477 5474/5474/5474 
f 5476/5476/5476 5475/5475/5475 5478/5478/5478 
f 5478/5478/5478 5479/5479/5479 5476/5476/5476 
f 5479/5479/5479 5478/5478/5478 5480/5480/5480 
f 5480/5480/5480 5481/5481/5481 5479/5479/5479 
f 5481/5481/5481 5480/5480/5480 5482/5482/5482 
f 5482/5482/5482 5483/5483/5483 5481/5481/5481 
f 5483/5483/5483 5482/5482/5482 5484/5484/5484 
f 5484/5484/5484 5485/5485/5485 5483/5483/5483 
f 5485/5485/5485 5484/5484/5484 5486/5486/5486 
f 5486/5486/5486 5487/5487/5487 5485/5485/5485 
f 5487/5487/5487 5486/5486/5486 5488/5488/5488 
f 5488/5488/5488 5489/5489/5489 5487/5487/5487 
f 5489/5489/5489 5488/5488/5488 5490/5490/5490 
f 5490/5490/5490 5491/5491/5491 5489/5489/5489 
f 5491/5491/5491 5490/5490/5490 5492/5492/5492 
f 5492/5492/5492 5493/5493/5493 5491/5491/5491 
f 5493/5493/5493 5492/5492/5492 5494/5494/5494 
f 5494/5494/5494 5495/5495/5495 5493/5493/5493 
f 5496/5496/5496 5497/5497/5497 5498/5498/5498 
f 5498/5498/5498 5499/5499/5499 5496/5496/5496 
f 5500/5500/5500 5496/5496/5496 5499/5499/5499 
f 5499/5499/5499 5501/5501/5501 5500/5500/5500 
f 5502/5502/5502 5500/5500/5500 5501/5501/5501 
f 5501/5501/5501 5503/5503/5503 5502/5502/5502 
f 5504/5504/5504 5502/5502/5502 5503/5503/5503 
f 5503/5503/5503 5505/5505/5505 5504/5504/5504 
f 5506/5506/5506 5504/5504/5504 5505/5505/5505 
f 5505/5505/5505 5507/5507/5507 5506/5506/5506 
f 5508/5508/5508 5506/5506/5506 5507/5507/5507 
f 5507/5507/5507 5509/5509/5509 5508/5508/5508 
f 5510/5510/5510 5508/5508/5508 5509/5509/5509 
f 5509/5509/5509 5511/5511/5511 5510/5510/5510 
f 5512/5512/5512 5513/5513/5513 5514/5514/5514 
f 5514/5514/5514 5515/5515/5515 5512/5512/5512 
f 5516/5516/5516 5512/5512/5512 5515/5515/5515 
f 5515/5515/5515 5517/5517/5517 5516/5516/5516 
f 5518/5518/5518 5516/5516/5516 5517/5517/5517 
f 5517/5517/5517 5519/5519/5519 5518/5518/5518 
f 5520/5520/5520 5518/5518/5518 5519/5519/5519 
f 5519/5519/5519 5521/5521/5521 5520/5520/5520 
f 5520/5520/5520 5521/5521/5521 5522/5522/5522 
f 5522/5522/5522 5523/5523/5523 5520/5520/5520 
f 5523/5523/5523 5522/5522/5522 5524/5524/5524 
f 5524/5524/5524 5525/5525/5525 5523/5523/5523 
f 5525/5525/5525 5524/5524/5524 5526/5526/5526 
f 5526/5526/5526 5527/5527/5527 5525/5525/5525 
f 5528/5528/5528 5529/5529/5529 5530/5530/5530 
f 5530/5530/5530 5531/5531/5531 5528/5528/5528 
f 5532/5532/5532 5528/5528/5528 5531/5531/5531 
f 5531/5531/5531 5533/5533/5533 5532/5532/5532 
f 5532/5532/5532 5533/5533/5533 5534/5534/5534 
f 5534/5534/5534 5535/5535/5535 5532/5532/5532 
f 5535/5535/5535 5534/5534/5534 5536/5536/5536 
f 5536/5536/5536 5537/5537/5537 5535/5535/5535 
f 5537/5537/5537 5536/5536/5536 5538/5538/5538 
f 5538/5538/5538 5539/5539/5539 5537/5537/5537 
f 5539/5539/5539 5538/5538/5538 5540/5540/5540 
f 5540/5540/5540 5541/5541/5541 5539/5539/5539 
f 5541/5541/5541 5540/5540/5540 5542/5542/5542 
f 5542/5542/5542 5543/5543/5543 5541/5541/5541 
f 5544/5544/5544 5545/5545/5545 5546/5546/5546 
f 5546/5546/5546 5547/5547/5547 5544/5544/5544 
f 5548/5548/5548 5545/5545/5545 5544/5544/5544 
f 5544/5544/5544 5549/5549/5549 5548/5548/5548 
f 5550/5550/5550 5548/5548/5548 5549/5549/5549 
f 5549/5549/5549 5551/5551/5551 5550/5550/5550 
f 5552/5552/5552 5550/5550/5550 5551/5551/5551 
f 5551/5551/5551 5553/5553/5553 5552/5552/5552 
f 5554/5554/5554 5552/5552/5552 5553/5553/5553 
f 5553/5553/5553 5555/5555/5555 5554/5554/5554 
f 5556/5556/5556 5554/5554/5554 5555/5555/5555 
f 5555/5555/5555 5557/5557/5557 5556/5556/5556 
f 5558/5558/5558 5556/5556/5556 5557/5557/5557 
f 5557/5557/5557 5559/5559/5559 5558/5558/5558 
f 5560/5560/5560 5561/5561/5561 5562/5562/5562 
f 5562/5562/5562 5563/5563/5563 5560/5560/5560 
f 5564/5564/5564 5565/5565/5565 5566/5566/5566 
f 5566/5566/5566 5567/5567/5567 5564/5564/5564 
f 5568/5568/5568 5569/5569/5569 5570/5570/5570 
f 5570/5570/5570 5571/5571/5571 5568/5568/5568 
f 5572/5572/5572 5573/5573/5573 5574/5574/5574 
f 5574/5574/5574 5575/5575/5575 5572/5572/5572 
f 5576/5576/5576 5577/5577/5577 5578/5578/5578 
f 5578/5578/5578 5579/5579/5579 5576/5576/5576 
f 5580/5580/5580 5581/5581/5581 5582/5582/5582 
f 5582/5582/5582 5583/5583/5583 5580/5580/5580 
f 5584/5584/5584 5585/5585/5585 5586/5586/5586 
f 5586/5586/5586 5587/5587/5587 5584/5584/5584 
f 5588/5588/5588 5589/5589/5589 5590/5590/5590 
f 5590/5590/5590 5591/5591/5591 5588/5588/5588 
f 5592/5592/5592 5593/5593/5593 5594/5594/5594 
f 5595/5595/5595 5596/5596/5596 5597/5597/5597 
f 5598/5598/5598 5597/5597/5597 5596/5596/5596 
f 5599/5599/5599 5595/5595/5595 5600/5600/5600 
f 5597/5597/5597 5600/5600/5600 5595/5595/5595 
f 5592/5592/5592 5599/5599/5599 5601/5601/5601 
f 5600/5600/5600 5601/5601/5601 5599/5599/5599 
f 5593/5593/5593 5592/5592/5592 5602/5602/5602 
f 5601/5601/5601 5602/5602/5602 5592/5592/5592 
f 5602/5602/5602 5603/5603/5603 5593/5593/5593 
f 5597/5597/5597 5598/5598/5598 5604/5604/5604 
f 5605/5605/5605 5604/5604/5604 5598/5598/5598 
f 5600/5600/5600 5597/5597/5597 5606/5606/5606 
f 5604/5604/5604 5606/5606/5606 5597/5597/5597 
f 5601/5601/5601 5600/5600/5600 5607/5607/5607 
f 5606/5606/5606 5607/5607/5607 5600/5600/5600 
f 5602/5602/5602 5601/5601/5601 5608/5608/5608 
f 5607/5607/5607 5608/5608/5608 5601/5601/5601 
f 5603/5603/5603 5602/5602/5602 5609/5609/5609 
f 5608/5608/5608 5609/5609/5609 5602/5602/5602 
f 5609/5609/5609 5610/5610/5610 5603/5603/5603 
f 5610/5610/5610 5609/5609/5609 5611/5611/5611 
f 5611/5611/5611 5612/5612/5612 5610/5610/5610 
f 5609/5609/5609 5608/5608/5608 5613/5613/5613 
f 5613/5613/5613 5611/5611/5611 5609/5609/5609 
f 5608/5608/5608 5607/5607/5607 5614/5614/5614 
f 5614/5614/5614 5613/5613/5613 5608/5608/5608 
f 5615/5615/5615 5614/5614/5614 5607/5607/5607 
f 5607/5607/5607 5606/5606/5606 5615/5615/5615 
f 5612/5612/5612 5611/5611/5611 5616/5616/5616 
f 5616/5616/5616 5617/5617/5617 5612/5612/5612 
f 5618/5618/5618 5617/5617/5617 5616/5616/5616 
f 5616/5616/5616 5619/5619/5619 5618/5618/5618 
f 5620/5620/5620 5616/5616/5616 5611/5611/5611 
f 5619/5619/5619 5616/5616/5616 5620/5620/5620 
f 5611/5611/5611 5613/5613/5613 5620/5620/5620 
f 5620/5620/5620 5621/5621/5621 5619/5619/5619 
f 5622/5622/5622 5620/5620/5620 5613/5613/5613 
f 5621/5621/5621 5620/5620/5620 5622/5622/5622 
f 5613/5613/5613 5614/5614/5614 5622/5622/5622 
f 5622/5622/5622 5623/5623/5623 5621/5621/5621 
f 5624/5624/5624 5622/5622/5622 5614/5614/5614 
f 5623/5623/5623 5622/5622/5622 5624/5624/5624 
f 5614/5614/5614 5615/5615/5615 5624/5624/5624 
f 5624/5624/5624 5625/5625/5625 5623/5623/5623 
f 5625/5625/5625 5624/5624/5624 5626/5626/5626 
f 5626/5626/5626 5624/5624/5624 5615/5615/5615 
f 5626/5626/5626 5627/5627/5627 5625/5625/5625 
f 5615/5615/5615 5628/5628/5628 5626/5626/5626 
f 5628/5628/5628 5615/5615/5615 5606/5606/5606 
f 5606/5606/5606 5604/5604/5604 5628/5628/5628 
f 5627/5627/5627 5626/5626/5626 5629/5629/5629 
f 5629/5629/5629 5626/5626/5626 5628/5628/5628 
f 5629/5629/5629 5630/5630/5630 5627/5627/5627 
f 5631/5631/5631 5628/5628/5628 5604/5604/5604 
f 5628/5628/5628 5631/5631/5631 5629/5629/5629 
f 5604/5604/5604 5605/5605/5605 5631/5631/5631 
f 5632/5632/5632 5631/5631/5631 5605/5605/5605 
f 5633/5633/5633 5629/5629/5629 5631/5631/5631 
f 5631/5631/5631 5632/5632/5632 5633/5633/5633 
f 5630/5630/5630 5629/5629/5629 5633/5633/5633 
f 5634/5634/5634 5633/5633/5633 5632/5632/5632 
f 5633/5633/5633 5635/5635/5635 5630/5630/5630 
f 5635/5635/5635 5633/5633/5633 5634/5634/5634 
f 5634/5634/5634 5636/5636/5636 5635/5635/5635 
f 5637/5637/5637 5638/5638/5638 5639/5639/5639 
f 5640/5640/5640 5639/5639/5639 5638/5638/5638 
f 5638/5638/5638 5641/5641/5641 5640/5640/5640 
f 5639/5639/5639 5642/5642/5642 5637/5637/5637 
f 5643/5643/5643 5637/5637/5637 5642/5642/5642 
f 5644/5644/5644 5640/5640/5640 5641/5641/5641 
f 5641/5641/5641 5645/5645/5645 5644/5644/5644 
f 5646/5646/5646 5644/5644/5644 5645/5645/5645 
f 5645/5645/5645 5647/5647/5647 5646/5646/5646 
f 5644/5644/5644 5646/5646/5646 5648/5648/5648 
f 5648/5648/5648 5649/5649/5649 5644/5644/5644 
f 5640/5640/5640 5644/5644/5644 5649/5649/5649 
f 5649/5649/5649 5648/5648/5648 5650/5650/5650 
f 5649/5649/5649 5651/5651/5651 5640/5640/5640 
f 5639/5639/5639 5640/5640/5640 5651/5651/5651 
f 5650/5650/5650 5652/5652/5652 5649/5649/5649 
f 5651/5651/5651 5649/5649/5649 5652/5652/5652 
f 5652/5652/5652 5650/5650/5650 5653/5653/5653 
f 5651/5651/5651 5654/5654/5654 5639/5639/5639 
f 5642/5642/5642 5639/5639/5639 5654/5654/5654 
f 5652/5652/5652 5655/5655/5655 5651/5651/5651 
f 5654/5654/5654 5651/5651/5651 5655/5655/5655 
f 5653/5653/5653 5656/5656/5656 5652/5652/5652 
f 5655/5655/5655 5652/5652/5652 5656/5656/5656 
f 5656/5656/5656 5653/5653/5653 5657/5657/5657 
f 5657/5657/5657 5658/5658/5658 5656/5656/5656 
f 5658/5658/5658 5657/5657/5657 5659/5659/5659 
f 5656/5656/5656 5660/5660/5660 5655/5655/5655 
f 5660/5660/5660 5656/5656/5656 5658/5658/5658 
f 5655/5655/5655 5661/5661/5661 5654/5654/5654 
f 5661/5661/5661 5655/5655/5655 5660/5660/5660 
f 5662/5662/5662 5654/5654/5654 5661/5661/5661 
f 5654/5654/5654 5662/5662/5662 5642/5642/5642 
f 5659/5659/5659 5632/5632/5632 5658/5658/5658 
f 5632/5632/5632 5659/5659/5659 5634/5634/5634 
f 5658/5658/5658 5605/5605/5605 5660/5660/5660 
f 5605/5605/5605 5658/5658/5658 5632/5632/5632 
f 5660/5660/5660 5598/5598/5598 5661/5661/5661 
f 5598/5598/5598 5660/5660/5660 5605/5605/5605 
f 5661/5661/5661 5596/5596/5596 5662/5662/5662 
f 5596/5596/5596 5661/5661/5661 5598/5598/5598 
f 5663/5663/5663 5642/5642/5642 5662/5662/5662 
f 5642/5642/5642 5663/5663/5663 5643/5643/5643 
f 5664/5664/5664 5643/5643/5643 5663/5663/5663 
f 5662/5662/5662 5665/5665/5665 5663/5663/5663 
f 5665/5665/5665 5662/5662/5662 5596/5596/5596 
f 5663/5663/5663 5666/5666/5666 5664/5664/5664 
f 5666/5666/5666 5663/5663/5663 5665/5665/5665 
f 5667/5667/5667 5664/5664/5664 5666/5666/5666 
f 5666/5666/5666 5668/5668/5668 5667/5667/5667 
f 5669/5669/5669 5667/5667/5667 5668/5668/5668 
f 5668/5668/5668 5670/5670/5670 5669/5669/5669 
f 5668/5668/5668 5666/5666/5666 5671/5671/5671 
f 5665/5665/5665 5671/5671/5671 5666/5666/5666 
f 5670/5670/5670 5668/5668/5668 5672/5672/5672 
f 5671/5671/5671 5672/5672/5672 5668/5668/5668 
f 5672/5672/5672 5594/5594/5594 5670/5670/5670 
f 5671/5671/5671 5665/5665/5665 5595/5595/5595 
f 5596/5596/5596 5595/5595/5595 5665/5665/5665 
f 5672/5672/5672 5671/5671/5671 5599/5599/5599 
f 5595/5595/5595 5599/5599/5599 5671/5671/5671 
f 5594/5594/5594 5672/5672/5672 5592/5592/5592 
f 5599/5599/5599 5592/5592/5592 5672/5672/5672 
f 5673/5673/5673 5674/5674/5674 5675/5675/5675 
f 5675/5675/5675 5676/5676/5676 5673/5673/5673 
f 5677/5677/5677 5678/5678/5678 5679/5679/5679 
f 5679/5679/5679 5680/5680/5680 5677/5677/5677 
f 5681/5681/5681 5682/5682/5682 5683/5683/5683 
f 5683/5683/5683 5684/5684/5684 5681/5681/5681 
f 5685/5685/5685 5686/5686/5686 5687/5687/5687 
f 5687/5687/5687 5688/5688/5688 5685/5685/5685 
f 5689/5689/5689 5690/5690/5690 5691/5691/5691 
f 5691/5691/5691 5692/5692/5692 5689/5689/5689 
f 5693/5693/5693 5694/5694/5694 5695/5695/5695 
f 5695/5695/5695 5696/5696/5696 5693/5693/5693 
f 5697/5697/5697 5698/5698/5698 5699/5699/5699 
f 5699/5699/5699 5700/5700/5700 5697/5697/5697 
f 5699/5699/5699 5701/5701/5701 5700/5700/5700 
f 5701/5701/5701 5702/5702/5702 5700/5700/5700 
f 5701/5701/5701 5703/5703/5703 5702/5702/5702 
f 5701/5701/5701 5704/5704/5704 5703/5703/5703 
f 5704/5704/5704 5705/5705/5705 5703/5703/5703 
f 5706/5706/5706 5707/5707/5707 5708/5708/5708 
f 5708/5708/5708 5709/5709/5709 5706/5706/5706 
f 5707/5707/5707 5710/5710/5710 5708/5708/5708 
f 5707/5707/5707 5711/5711/5711 5710/5710/5710 
f 5712/5712/5712 5713/5713/5713 5710/5710/5710 
f 5712/5712/5712 5714/5714/5714 5713/5713/5713 
f 5715/5715/5715 5716/5716/5716 5717/5717/5717 
f 5718/5718/5718 5719/5719/5719 5720/5720/5720 
f 5721/5721/5721 5720/5720/5720 5719/5719/5719 
f 5720/5720/5720 5722/5722/5722 5718/5718/5718 
f 5723/5723/5723 5724/5724/5724 5725/5725/5725 
f 5722/5722/5722 5720/5720/5720 5726/5726/5726 
f 5726/5726/5726 5727/5727/5727 5722/5722/5722 
f 5728/5728/5728 5727/5727/5727 5726/5726/5726 
f 5729/5729/5729 5726/5726/5726 5720/5720/5720 
f 5720/5720/5720 5721/5721/5721 5729/5729/5729 
f 5726/5726/5726 5730/5730/5730 5728/5728/5728 
f 5730/5730/5730 5726/5726/5726 5729/5729/5729 
f 5731/5731/5731 5728/5728/5728 5730/5730/5730 
f 5732/5732/5732 5729/5729/5729 5721/5721/5721 
f 5721/5721/5721 5733/5733/5733 5732/5732/5732 
f 5729/5729/5729 5734/5734/5734 5730/5730/5730 
f 5734/5734/5734 5729/5729/5729 5732/5732/5732 
f 5730/5730/5730 5735/5735/5735 5731/5731/5731 
f 5735/5735/5735 5730/5730/5730 5734/5734/5734 
f 5736/5736/5736 5731/5731/5731 5735/5735/5735 
f 5735/5735/5735 5737/5737/5737 5736/5736/5736 
f 5737/5737/5737 5735/5735/5735 5738/5738/5738 
f 5734/5734/5734 5738/5738/5738 5735/5735/5735 
f 5738/5738/5738 5739/5739/5739 5737/5737/5737 
f 5732/5732/5732 5740/5740/5740 5734/5734/5734 
f 5738/5738/5738 5734/5734/5734 5740/5740/5740 
f 5739/5739/5739 5738/5738/5738 5741/5741/5741 
f 5740/5740/5740 5741/5741/5741 5738/5738/5738 
f 5741/5741/5741 5742/5742/5742 5739/5739/5739 
f 5740/5740/5740 5732/5732/5732 5743/5743/5743 
f 5743/5743/5743 5732/5732/5732 5733/5733/5733 
f 5733/5733/5733 5723/5723/5723 5743/5743/5743 
f 5725/5725/5725 5743/5743/5743 5723/5723/5723 
f 5743/5743/5743 5744/5744/5744 5740/5740/5740 
f 5741/5741/5741 5740/5740/5740 5744/5744/5744 
f 5744/5744/5744 5743/5743/5743 5725/5725/5725 
f 5742/5742/5742 5741/5741/5741 5745/5745/5745 
f 5744/5744/5744 5745/5745/5745 5741/5741/5741 
f 5745/5745/5745 5746/5746/5746 5742/5742/5742 
f 5725/5725/5725 5747/5747/5747 5744/5744/5744 
f 5745/5745/5745 5744/5744/5744 5747/5747/5747 
f 5746/5746/5746 5745/5745/5745 5748/5748/5748 
f 5747/5747/5747 5748/5748/5748 5745/5745/5745 
f 5748/5748/5748 5749/5749/5749 5746/5746/5746 
f 5750/5750/5750 5747/5747/5747 5725/5725/5725 
f 5748/5748/5748 5747/5747/5747 5750/5750/5750 
f 5749/5749/5749 5748/5748/5748 5751/5751/5751 
f 5750/5750/5750 5751/5751/5751 5748/5748/5748 
f 5751/5751/5751 5752/5752/5752 5749/5749/5749 
f 5752/5752/5752 5751/5751/5751 5753/5753/5753 
f 5753/5753/5753 5754/5754/5754 5752/5752/5752 
f 5755/5755/5755 5753/5753/5753 5751/5751/5751 
f 5751/5751/5751 5750/5750/5750 5755/5755/5755 
f 5756/5756/5756 5755/5755/5755 5750/5750/5750 
f 5725/5725/5725 5757/5757/5757 5750/5750/5750 
f 5750/5750/5750 5757/5757/5757 5756/5756/5756 
f 5757/5757/5757 5725/5725/5725 5724/5724/5724 
f 5756/5756/5756 5757/5757/5757 5758/5758/5758 
f 5724/5724/5724 5758/5758/5758 5757/5757/5757 
f 5759/5759/5759 5760/5760/5760 5761/5761/5761 
f 5760/5760/5760 5759/5759/5759 5762/5762/5762 
f 5762/5762/5762 5763/5763/5763 5760/5760/5760 
f 5761/5761/5761 5758/5758/5758 5759/5759/5759 
f 5758/5758/5758 5761/5761/5761 5756/5756/5756 
f 5764/5764/5764 5762/5762/5762 5759/5759/5759 
f 5765/5765/5765 5759/5759/5759 5758/5758/5758 
f 5759/5759/5759 5765/5765/5765 5764/5764/5764 
f 5763/5763/5763 5762/5762/5762 5766/5766/5766 
f 5766/5766/5766 5767/5767/5767 5763/5763/5763 
f 5767/5767/5767 5766/5766/5766 5768/5768/5768 
f 5768/5768/5768 5769/5769/5769 5767/5767/5767 
f 5770/5770/5770 5768/5768/5768 5766/5766/5766 
f 5771/5771/5771 5766/5766/5766 5762/5762/5762 
f 5766/5766/5766 5771/5771/5771 5770/5770/5770 
f 5762/5762/5762 5764/5764/5764 5771/5771/5771 
f 5772/5772/5772 5770/5770/5770 5771/5771/5771 
f 5771/5771/5771 5773/5773/5773 5772/5772/5772 
f 5773/5773/5773 5771/5771/5771 5764/5764/5764 
f 5774/5774/5774 5772/5772/5772 5773/5773/5773 
f 5764/5764/5764 5775/5775/5775 5773/5773/5773 
f 5775/5775/5775 5764/5764/5764 5765/5765/5765 
f 5773/5773/5773 5776/5776/5776 5774/5774/5774 
f 5776/5776/5776 5773/5773/5773 5775/5775/5775 
f 5777/5777/5777 5774/5774/5774 5776/5776/5776 
f 5776/5776/5776 5778/5778/5778 5777/5777/5777 
f 5779/5779/5779 5777/5777/5777 5778/5778/5778 
f 5775/5775/5775 5780/5780/5780 5776/5776/5776 
f 5778/5778/5778 5776/5776/5776 5780/5780/5780 
f 5765/5765/5765 5781/5781/5781 5775/5775/5775 
f 5780/5780/5780 5775/5775/5775 5781/5781/5781 
f 5781/5781/5781 5765/5765/5765 5724/5724/5724 
f 5758/5758/5758 5724/5724/5724 5765/5765/5765 
f 5778/5778/5778 5782/5782/5782 5779/5779/5779 
f 5783/5783/5783 5779/5779/5779 5782/5782/5782 
f 5782/5782/5782 5784/5784/5784 5783/5783/5783 
f 5782/5782/5782 5778/5778/5778 5785/5785/5785 
f 5780/5780/5780 5785/5785/5785 5778/5778/5778 
f 5784/5784/5784 5782/5782/5782 5786/5786/5786 
f 5785/5785/5785 5786/5786/5786 5782/5782/5782 
f 5786/5786/5786 5787/5787/5787 5784/5784/5784 
f 5785/5785/5785 5780/5780/5780 5788/5788/5788 
f 5781/5781/5781 5788/5788/5788 5780/5780/5780 
f 5786/5786/5786 5785/5785/5785 5789/5789/5789 
f 5788/5788/5788 5789/5789/5789 5785/5785/5785 
f 5787/5787/5787 5786/5786/5786 5719/5719/5719 
f 5789/5789/5789 5719/5719/5719 5786/5786/5786 
f 5719/5719/5719 5718/5718/5718 5787/5787/5787 
f 5788/5788/5788 5781/5781/5781 5723/5723/5723 
f 5724/5724/5724 5723/5723/5723 5781/5781/5781 
f 5789/5789/5789 5788/5788/5788 5733/5733/5733 
f 5723/5723/5723 5733/5733/5733 5788/5788/5788 
f 5719/5719/5719 5789/5789/5789 5721/5721/5721 
f 5733/5733/5733 5721/5721/5721 5789/5789/5789 
f 5790/5790/5790 5791/5791/5791 5792/5792/5792 
f 5793/5793/5793 5792/5792/5792 5791/5791/5791 
f 5792/5792/5792 5794/5794/5794 5790/5790/5790 
f 5791/5791/5791 5795/5795/5795 5793/5793/5793 
f 5796/5796/5796 5790/5790/5790 5794/5794/5794 
f 5797/5797/5797 5793/5793/5793 5795/5795/5795 
f 5794/5794/5794 5798/5798/5798 5796/5796/5796 
f 5795/5795/5795 5799/5799/5799 5797/5797/5797 
f 5800/5800/5800 5796/5796/5796 5798/5798/5798 
f 5801/5801/5801 5797/5797/5797 5799/5799/5799 
f 5798/5798/5798 5802/5802/5802 5800/5800/5800 
f 5799/5799/5799 5803/5803/5803 5801/5801/5801 
f 5804/5804/5804 5800/5800/5800 5802/5802/5802 
f 5805/5805/5805 5801/5801/5801 5803/5803/5803 
f 5802/5802/5802 5806/5806/5806 5804/5804/5804 
f 5803/5803/5803 5807/5807/5807 5805/5805/5805 
f 5808/5808/5808 5804/5804/5804 5806/5806/5806 
f 5809/5809/5809 5805/5805/5805 5807/5807/5807 
f 5806/5806/5806 5810/5810/5810 5808/5808/5808 
f 5807/5807/5807 5811/5811/5811 5809/5809/5809 
f 5812/5812/5812 5808/5808/5808 5810/5810/5810 
f 5813/5813/5813 5809/5809/5809 5811/5811/5811 
f 5810/5810/5810 5814/5814/5814 5812/5812/5812 
f 5811/5811/5811 5815/5815/5815 5813/5813/5813 
f 5816/5816/5816 5812/5812/5812 5814/5814/5814 
f 5817/5817/5817 5813/5813/5813 5815/5815/5815 
f 5814/5814/5814 5818/5818/5818 5816/5816/5816 
f 5815/5815/5815 5819/5819/5819 5817/5817/5817 
f 5820/5820/5820 5816/5816/5816 5818/5818/5818 
f 5821/5821/5821 5817/5817/5817 5819/5819/5819 
f 5818/5818/5818 5822/5822/5822 5820/5820/5820 
f 5819/5819/5819 5823/5823/5823 5821/5821/5821 
f 5824/5824/5824 5820/5820/5820 5822/5822/5822 
f 5825/5825/5825 5821/5821/5821 5823/5823/5823 
f 5822/5822/5822 5826/5826/5826 5824/5824/5824 
f 5823/5823/5823 5827/5827/5827 5825/5825/5825 
f 5828/5828/5828 5824/5824/5824 5826/5826/5826 
f 5829/5829/5829 5825/5825/5825 5827/5827/5827 
f 5826/5826/5826 5830/5830/5830 5828/5828/5828 
f 5827/5827/5827 5831/5831/5831 5829/5829/5829 
f 5832/5832/5832 5828/5828/5828 5830/5830/5830 
f 5833/5833/5833 5829/5829/5829 5831/5831/5831 
f 5831/5831/5831 5832/5832/5832 5833/5833/5833 
f 5830/5830/5830 5833/5833/5833 5832/5832/5832 
f 5834/5834/5834 5835/5835/5835 5836/5836/5836 
f 5836/5836/5836 5835/5835/5835 5837/5837/5837 
f 5837/5837/5837 5838/5838/5838 5836/5836/5836 
f 5839/5839/5839 5836/5836/5836 5838/5838/5838 
f 5838/5838/5838 5837/5837/5837 5840/5840/5840 
f 5841/5841/5841 5839/5839/5839 5842/5842/5842 
f 5838/5838/5838 5842/5842/5842 5839/5839/5839 
f 5840/5840/5840 5843/5843/5843 5838/5838/5838 
f 5842/5842/5842 5838/5838/5838 5843/5843/5843 
f 5843/5843/5843 5840/5840/5840 5844/5844/5844 
f 5842/5842/5842 5845/5845/5845 5841/5841/5841 
f 5846/5846/5846 5841/5841/5841 5845/5845/5845 
f 5843/5843/5843 5847/5847/5847 5842/5842/5842 
f 5845/5845/5845 5842/5842/5842 5847/5847/5847 
f 5844/5844/5844 5848/5848/5848 5843/5843/5843 
f 5847/5847/5847 5843/5843/5843 5848/5848/5848 
f 5848/5848/5848 5844/5844/5844 5849/5849/5849 
f 5845/5845/5845 5850/5850/5850 5846/5846/5846 
f 5851/5851/5851 5846/5846/5846 5850/5850/5850 
f 5850/5850/5850 5852/5852/5852 5851/5851/5851 
f 5850/5850/5850 5845/5845/5845 5853/5853/5853 
f 5847/5847/5847 5853/5853/5853 5845/5845/5845 
f 5852/5852/5852 5850/5850/5850 5854/5854/5854 
f 5853/5853/5853 5854/5854/5854 5850/5850/5850 
f 5853/5853/5853 5847/5847/5847 5855/5855/5855 
f 5848/5848/5848 5855/5855/5855 5847/5847/5847 
f 5854/5854/5854 5853/5853/5853 5856/5856/5856 
f 5855/5855/5855 5856/5856/5856 5853/5853/5853 
f 5854/5854/5854 5857/5857/5857 5852/5852/5852 
f 5858/5858/5858 5852/5852/5852 5857/5857/5857 
f 5856/5856/5856 5859/5859/5859 5854/5854/5854 
f 5857/5857/5857 5854/5854/5854 5859/5859/5859 
f 5857/5857/5857 5860/5860/5860 5858/5858/5858 
f 5861/5861/5861 5858/5858/5858 5860/5860/5860 
f 5860/5860/5860 5862/5862/5862 5861/5861/5861 
f 5860/5860/5860 5857/5857/5857 5863/5863/5863 
f 5859/5859/5859 5863/5863/5863 5857/5857/5857 
f 5862/5862/5862 5860/5860/5860 5864/5864/5864 
f 5863/5863/5863 5864/5864/5864 5860/5860/5860 
f 5864/5864/5864 5865/5865/5865 5862/5862/5862 
f 5865/5865/5865 5864/5864/5864 5866/5866/5866 
f 5866/5866/5866 5867/5867/5867 5865/5865/5865 
f 5867/5867/5867 5866/5866/5866 5868/5868/5868 
f 5868/5868/5868 5869/5869/5869 5867/5867/5867 
f 5870/5870/5870 5868/5868/5868 5866/5866/5866 
f 5871/5871/5871 5866/5866/5866 5864/5864/5864 
f 5866/5866/5866 5871/5871/5871 5870/5870/5870 
f 5864/5864/5864 5863/5863/5863 5871/5871/5871 
f 5872/5872/5872 5870/5870/5870 5871/5871/5871 
f 5873/5873/5873 5871/5871/5871 5863/5863/5863 
f 5871/5871/5871 5873/5873/5873 5872/5872/5872 
f 5863/5863/5863 5859/5859/5859 5873/5873/5873 
f 5874/5874/5874 5872/5872/5872 5873/5873/5873 
f 5875/5875/5875 5873/5873/5873 5859/5859/5859 
f 5873/5873/5873 5875/5875/5875 5874/5874/5874 
f 5859/5859/5859 5856/5856/5856 5875/5875/5875 
f 5876/5876/5876 5874/5874/5874 5875/5875/5875 
f 5877/5877/5877 5875/5875/5875 5856/5856/5856 
f 5875/5875/5875 5877/5877/5877 5876/5876/5876 
f 5856/5856/5856 5855/5855/5855 5877/5877/5877 
f 5878/5878/5878 5876/5876/5876 5877/5877/5877 
f 5879/5879/5879 5877/5877/5877 5855/5855/5855 
f 5877/5877/5877 5879/5879/5879 5878/5878/5878 
f 5855/5855/5855 5848/5848/5848 5879/5879/5879 
f 5880/5880/5880 5878/5878/5878 5879/5879/5879 
f 5849/5849/5849 5879/5879/5879 5848/5848/5848 
f 5879/5879/5879 5849/5849/5849 5880/5880/5880 
f 5881/5881/5881 5882/5882/5882 5883/5883/5883 
f 5883/5883/5883 5884/5884/5884 5881/5881/5881 
f 5882/5882/5882 5881/5881/5881 5885/5885/5885 
f 5885/5885/5885 5886/5886/5886 5882/5882/5882 
f 5887/5887/5887 5881/5881/5881 5884/5884/5884 
f 5884/5884/5884 5888/5888/5888 5887/5887/5887 
f 5887/5887/5887 5888/5888/5888 5889/5889/5889 
f 5881/5881/5881 5887/5887/5887 5890/5890/5890 
f 5890/5890/5890 5885/5885/5885 5881/5881/5881 
f 5889/5889/5889 5891/5891/5891 5887/5887/5887 
f 5890/5890/5890 5887/5887/5887 5891/5891/5891 
f 5891/5891/5891 5889/5889/5889 5892/5892/5892 
f 5885/5885/5885 5890/5890/5890 5851/5851/5851 
f 5886/5886/5886 5885/5885/5885 5893/5893/5893 
f 5851/5851/5851 5893/5893/5893 5885/5885/5885 
f 5893/5893/5893 5894/5894/5894 5886/5886/5886 
f 5892/5892/5892 5895/5895/5895 5891/5891/5891 
f 5891/5891/5891 5896/5896/5896 5890/5890/5890 
f 5851/5851/5851 5890/5890/5890 5896/5896/5896 
f 5896/5896/5896 5891/5891/5891 5895/5895/5895 
f 5895/5895/5895 5892/5892/5892 5897/5897/5897 
f 5894/5894/5894 5893/5893/5893 5858/5858/5858 
f 5858/5858/5858 5861/5861/5861 5894/5894/5894 
f 5893/5893/5893 5851/5851/5851 5852/5852/5852 
f 5852/5852/5852 5858/5858/5858 5893/5893/5893 
f 5897/5897/5897 5898/5898/5898 5895/5895/5895 
f 5898/5898/5898 5897/5897/5897 5899/5899/5899 
f 5900/5900/5900 5895/5895/5895 5898/5898/5898 
f 5895/5895/5895 5900/5900/5900 5896/5896/5896 
f 5899/5899/5899 5901/5901/5901 5898/5898/5898 
f 5901/5901/5901 5899/5899/5899 5902/5902/5902 
f 5902/5902/5902 5903/5903/5903 5901/5901/5901 
f 5904/5904/5904 5898/5898/5898 5901/5901/5901 
f 5898/5898/5898 5904/5904/5904 5900/5900/5900 
f 5905/5905/5905 5901/5901/5901 5903/5903/5903 
f 5901/5901/5901 5905/5905/5905 5904/5904/5904 
f 5903/5903/5903 5834/5834/5834 5905/5905/5905 
f 5846/5846/5846 5896/5896/5896 5900/5900/5900 
f 5896/5896/5896 5846/5846/5846 5851/5851/5851 
f 5841/5841/5841 5900/5900/5900 5904/5904/5904 
f 5900/5900/5900 5841/5841/5841 5846/5846/5846 
f 5839/5839/5839 5904/5904/5904 5905/5905/5905 
f 5904/5904/5904 5839/5839/5839 5841/5841/5841 
f 5836/5836/5836 5905/5905/5905 5834/5834/5834 
f 5905/5905/5905 5836/5836/5836 5839/5839/5839 
f 5906/5906/5906 5907/5907/5907 5908/5908/5908 
f 5907/5907/5907 5906/5906/5906 5909/5909/5909 
f 5908/5908/5908 5910/5910/5910 5906/5906/5906 
f 5910/5910/5910 5908/5908/5908 5911/5911/5911 
f 5911/5911/5911 5912/5912/5912 5910/5910/5910 
f 5909/5909/5909 5913/5913/5913 5907/5907/5907 
f 5913/5913/5913 5909/5909/5909 5914/5914/5914 
f 5914/5914/5914 5915/5915/5915 5913/5913/5913 
f 5915/5915/5915 5914/5914/5914 5916/5916/5916 
f 5916/5916/5916 5917/5917/5917 5915/5915/5915 
f 5917/5917/5917 5916/5916/5916 5918/5918/5918 
f 5918/5918/5918 5919/5919/5919 5917/5917/5917 
f 5919/5919/5919 5918/5918/5918 5920/5920/5920 
f 5920/5920/5920 5921/5921/5921 5919/5919/5919 
f 5921/5921/5921 5920/5920/5920 5922/5922/5922 
f 5922/5922/5922 5923/5923/5923 5921/5921/5921 
f 5924/5924/5924 5923/5923/5923 5922/5922/5922 
f 5922/5922/5922 5925/5925/5925 5924/5924/5924 
f 5926/5926/5926 5924/5924/5924 5925/5925/5925 
f 5925/5925/5925 5927/5927/5927 5926/5926/5926 
f 5928/5928/5928 5929/5929/5929 5930/5930/5930 
f 5930/5930/5930 5931/5931/5931 5928/5928/5928 
f 5932/5932/5932 5930/5930/5930 5929/5929/5929 
f 5933/5933/5933 5928/5928/5928 5931/5931/5931 
f 5929/5929/5929 5934/5934/5934 5932/5932/5932 
f 5931/5931/5931 5935/5935/5935 5933/5933/5933 
f 5932/5932/5932 5934/5934/5934 5936/5936/5936 
f 5937/5937/5937 5933/5933/5933 5935/5935/5935 
f 5936/5936/5936 5938/5938/5938 5932/5932/5932 
f 5938/5938/5938 5936/5936/5936 5939/5939/5939 
f 5939/5939/5939 5940/5940/5940 5938/5938/5938 
f 5935/5935/5935 5941/5941/5941 5937/5937/5937 
f 5942/5942/5942 5937/5937/5937 5941/5941/5941 
f 5941/5941/5941 5943/5943/5943 5942/5942/5942 
f 5944/5944/5944 5942/5942/5942 5943/5943/5943 
f 5943/5943/5943 5945/5945/5945 5944/5944/5944 
f 5946/5946/5946 5947/5947/5947 5948/5948/5948 
f 5949/5949/5949 5948/5948/5948 5947/5947/5947 
f 5948/5948/5948 5950/5950/5950 5946/5946/5946 
f 5947/5947/5947 5951/5951/5951 5949/5949/5949 
f 5952/5952/5952 5946/5946/5946 5950/5950/5950 
f 5953/5953/5953 5949/5949/5949 5951/5951/5951 
f 5950/5950/5950 5954/5954/5954 5952/5952/5952 
f 5951/5951/5951 5955/5955/5955 5953/5953/5953 
f 5956/5956/5956 5953/5953/5953 5955/5955/5955 
f 5955/5955/5955 5957/5957/5957 5956/5956/5956 
f 5958/5958/5958 5952/5952/5952 5954/5954/5954 
f 5954/5954/5954 5959/5959/5959 5958/5958/5958 
f 5960/5960/5960 5958/5958/5958 5959/5959/5959 
f 5959/5959/5959 5961/5961/5961 5960/5960/5960 
f 5962/5962/5962 5960/5960/5960 5961/5961/5961 
f 5961/5961/5961 5963/5963/5963 5962/5962/5962 
f 5964/5964/5964 5965/5965/5965 5966/5966/5966 
f 5966/5966/5966 5967/5967/5967 5964/5964/5964 
f 5967/5967/5967 5966/5966/5966 5968/5968/5968 
f 5968/5968/5968 5969/5969/5969 5967/5967/5967 
f 5970/5970/5970 5968/5968/5968 5966/5966/5966 
f 5971/5971/5971 5966/5966/5966 5965/5965/5965 
f 5966/5966/5966 5971/5971/5971 5970/5970/5970 
f 5965/5965/5965 5972/5972/5972 5971/5971/5971 
f 5973/5973/5973 5970/5970/5970 5971/5971/5971 
f 5974/5974/5974 5971/5971/5971 5972/5972/5972 
f 5971/5971/5971 5974/5974/5974 5973/5973/5973 
f 5972/5972/5972 5975/5975/5975 5974/5974/5974 
f 5976/5976/5976 5973/5973/5973 5974/5974/5974 
f 5977/5977/5977 5974/5974/5974 5975/5975/5975 
f 5974/5974/5974 5977/5977/5977 5976/5976/5976 
f 5975/5975/5975 5978/5978/5978 5977/5977/5977 
f 5979/5979/5979 5976/5976/5976 5977/5977/5977 
f 5980/5980/5980 5977/5977/5977 5978/5978/5978 
f 5977/5977/5977 5980/5980/5980 5979/5979/5979 
f 5978/5978/5978 5981/5981/5981 5980/5980/5980 
f 5982/5982/5982 5979/5979/5979 5980/5980/5980 
f 5983/5983/5983 5980/5980/5980 5981/5981/5981 
f 5980/5980/5980 5983/5983/5983 5982/5982/5982 
f 5981/5981/5981 5984/5984/5984 5983/5983/5983 
f 5985/5985/5985 5982/5982/5982 5983/5983/5983 
f 5986/5986/5986 5983/5983/5983 5984/5984/5984 
f 5983/5983/5983 5986/5986/5986 5985/5985/5985 
f 5987/5987/5987 5985/5985/5985 5986/5986/5986 
f 5984/5984/5984 5988/5988/5988 5986/5986/5986 
f 5986/5986/5986 5989/5989/5989 5987/5987/5987 
f 5989/5989/5989 5986/5986/5986 5988/5988/5988 
f 5988/5988/5988 5990/5990/5990 5989/5989/5989 
f 5991/5991/5991 5992/5992/5992 5993/5993/5993 
f 5992/5992/5992 5991/5991/5991 5994/5994/5994 
f 5993/5993/5993 5995/5995/5995 5991/5991/5991 
f 5994/5994/5994 5996/5996/5996 5992/5992/5992 
f 5995/5995/5995 5993/5993/5993 5997/5997/5997 
f 5996/5996/5996 5994/5994/5994 5998/5998/5998 
f 5997/5997/5997 5999/5999/5999 5995/5995/5995 
f 5998/5998/5998 6000/6000/6000 5996/5996/5996 
f 5999/5999/5999 5997/5997/5997 6001/6001/6001 
f 6002/6002/6002 6000/6000/6000 5998/5998/5998 
f 6001/6001/6001 6003/6003/6003 5999/5999/5999 
f 5998/5998/5998 6004/6004/6004 6002/6002/6002 
f 6002/6002/6002 6004/6004/6004 6005/6005/6005 
f 6005/6005/6005 6006/6006/6006 6002/6002/6002 
f 6007/6007/6007 6003/6003/6003 6001/6001/6001 
f 6001/6001/6001 6008/6008/6008 6007/6007/6007 
f 6007/6007/6007 6008/6008/6008 6009/6009/6009 
f 6009/6009/6009 6010/6010/6010 6007/6007/6007 
f 6011/6011/6011 6010/6010/6010 6009/6009/6009 
f 6009/6009/6009 6012/6012/6012 6011/6011/6011 

